-165.283 25.484 -0.275163 0.322609 2.90348 80 2 25 10 46947 0 
-165.272 25.484 -0.270957 0.322609 2.90348 80 2 25 10 46948 0 
-165.261 25.4839 -0.266821 0.322609 2.90348 80 2 25 10 46949 0 
-165.251 25.4839 -0.262754 0.322609 2.90348 80 2 25 10 46950 0 
-165.24 25.4838 -0.258754 0.322609 2.90348 80 2 25 10 46951 0 
-165.229 25.4838 -0.254822 0.322609 2.90348 80 2 25 10 46952 0 
-165.218 25.4837 -0.250954 0.322609 2.90348 80 2 25 10 46953 0 
-165.208 25.4837 -0.247152 0.322609 2.90348 80 2 25 10 46954 0 
-165.197 25.4836 -0.243412 0.322609 2.90348 80 2 25 10 46955 0 
-165.186 25.4836 -0.239735 0.322609 2.90348 80 2 25 10 46956 0 
-165.175 25.4835 -0.236119 0.322609 2.90348 80 2 25 10 46957 0 
-165.165 25.4835 -0.232564 0.322609 2.90348 80 2 25 10 46958 0 
-165.154 25.4834 -0.229067 0.322609 2.90348 80 2 25 10 46959 0 
-165.143 25.4834 -0.225629 0.322609 2.90348 80 2 25 10 46960 0 
-165.132 25.4833 -0.222249 0.322609 2.90348 80 2 25 10 46961 0 
-165.122 25.4833 -0.218924 0.322609 2.90348 80 2 25 10 46962 0 
-165.111 25.4833 -0.215655 0.322609 2.90348 80 2 25 10 46963 0 
-165.1 25.4832 -0.21244 0.322609 2.90348 80 2 25 10 46964 0 
-165.089 25.4832 -0.209279 0.322609 2.90348 80 2 25 10 46965 0 
-165.079 25.4831 -0.206171 0.322609 2.90348 80 2 25 10 46966 0 
-165.068 25.4831 -0.203114 0.322609 2.90348 80 2 25 10 46967 0 
-165.057 25.4831 -0.200109 0.322609 2.90348 80 2 25 10 46968 0 
-165.046 25.483 -0.197153 0.322609 2.90348 80 2 25 10 46969 0 
-165.036 25.483 -0.194247 0.322609 2.90348 80 2 25 10 46970 0 
-165.025 25.483 -0.191389 0.322609 2.90348 80 2 25 10 46971 0 
-165.014 25.4829 -0.188579 0.322609 2.90348 80 2 25 10 46972 0 
-165.003 25.4829 -0.185815 0.322609 2.90348 80 2 25 10 46973 0 
-164.993 25.4828 -0.183098 0.322609 2.90348 80 2 25 10 46974 0 
-164.982 25.4828 -0.180426 0.322609 2.90348 80 2 25 10 46975 0 
-164.971 25.4828 -0.177798 0.322609 2.90348 80 2 25 10 46976 0 
-164.96 25.4827 -0.175214 0.322609 2.90348 80 2 25 10 46977 0 
-164.949 25.4827 -0.172674 0.322609 2.90348 80 2 25 10 46978 0 
-164.939 25.4827 -0.170175 0.322609 2.90348 80 2 25 10 46979 0 
-164.928 25.4827 -0.167718 0.322609 2.90348 80 2 25 10 46980 0 
-164.917 25.4826 -0.165303 0.322609 2.90348 80 2 25 10 46981 0 
-164.906 25.4826 -0.162927 0.322609 2.90348 80 2 25 10 46982 0 
-164.896 25.4826 -0.160591 0.322609 2.90348 80 2 25 10 46983 0 
-164.885 25.4825 -0.158294 0.322609 2.90348 80 2 25 10 46984 0 
-164.874 25.4825 -0.156035 0.322609 2.90348 80 2 25 10 46985 0 
-164.863 25.4825 -0.153814 0.322609 2.90348 80 2 25 10 46986 0 
-164.853 25.4824 -0.15163 0.322609 2.90348 80 2 25 10 46987 0 
-164.842 25.4824 -0.149482 0.322609 2.90348 80 2 25 10 46988 0 
-164.831 25.4824 -0.14737 0.322609 2.90348 80 2 25 10 46989 0 
-164.82 25.4824 -0.145293 0.322609 2.90348 80 2 25 10 46990 0 
-164.81 25.4823 -0.143251 0.322609 2.90348 80 2 25 10 46991 0 
-164.799 25.4823 -0.141243 0.322609 2.90348 80 2 25 10 46992 0 
-164.788 25.4823 -0.139268 0.322609 2.90348 80 2 25 10 46993 0 
-164.777 25.4822 -0.137326 0.322609 2.90348 80 2 25 10 46994 0 
-164.767 25.4822 -0.135417 0.322609 2.90348 80 2 25 10 46995 0 
-164.756 25.4822 -0.133539 0.322609 2.90348 80 2 25 10 46996 0 
-164.745 25.4822 -0.131693 0.322609 2.90348 80 2 25 10 46997 0 
-164.734 25.4821 -0.129878 0.322609 2.90348 80 2 25 10 46998 0 
-164.724 25.4821 -0.128092 0.322609 2.90348 80 2 25 10 46999 0 
-164.713 25.4821 -0.126337 0.322609 2.90348 80 2 25 10 47000 0 
-164.702 25.4821 -0.124611 0.322609 2.90348 80 2 25 10 47001 0 
-164.691 25.482 -0.122913 0.322609 2.90348 80 2 25 10 47002 0 
-164.681 25.482 -0.121244 0.322609 2.90348 80 2 25 10 47003 0 
-164.67 25.482 -0.119602 0.322609 2.90348 80 2 25 10 47004 0 
-164.659 25.482 -0.117988 0.322609 2.90348 80 2 25 10 47005 0 
-164.648 25.482 -0.116401 0.322609 2.90348 80 2 25 10 47006 0 
-164.638 25.4819 -0.114841 0.322609 2.90348 80 2 25 10 47007 0 
-164.627 25.4819 -0.113306 0.322609 2.90348 80 2 25 10 47008 0 
-164.616 25.4819 -0.111797 0.322609 2.90348 80 2 25 10 47009 0 
-164.605 25.4819 -0.110313 0.322609 2.90348 80 2 25 10 47010 0 
-164.594 25.4819 -0.108854 0.322609 2.90348 80 2 25 10 47011 0 
-164.584 25.4818 -0.107419 0.322609 2.90348 80 2 25 10 47012 0 
-164.573 25.4818 -0.106008 0.322609 2.90348 80 2 25 10 47013 0 
-164.562 25.4818 -0.10462 0.322609 2.90348 80 2 25 10 47014 0 
-164.551 25.4818 -0.103256 0.322609 2.90348 80 2 25 10 47015 0 
-164.541 25.4818 -0.101915 0.322609 2.90348 80 2 25 10 47016 0 
-164.53 25.4817 -0.100595 0.322609 2.90348 80 2 25 10 47017 0 
-164.519 25.4817 -0.0992981 0.322609 2.90348 80 2 25 10 47018 0 
-164.508 25.4817 -0.0980225 0.322609 2.90348 80 2 25 10 47019 0 
-164.498 25.4817 -0.0967681 0.322609 2.90348 80 2 25 10 47020 0 
-164.487 25.4817 -0.0955347 0.322609 2.90348 80 2 25 10 47021 0 
-164.476 25.4816 -0.0943218 0.322609 2.90348 80 2 25 10 47022 0 
-164.465 25.4816 -0.0931291 0.322609 2.90348 80 2 25 10 47023 0 
-164.455 25.4816 -0.0919563 0.322609 2.90348 80 2 25 10 47024 0 
-164.444 25.4816 -0.0908031 0.322609 2.90348 80 2 25 10 47025 0 
-164.433 25.4816 -0.0896691 0.322609 2.90348 80 2 25 10 47026 0 
-164.422 25.4816 -0.088554 0.322609 2.90348 80 2 25 10 47027 0 
-164.412 25.4815 -0.0874575 0.322609 2.90348 80 2 25 10 47028 0 
-164.401 25.4815 -0.0863792 0.322609 2.90348 80 2 25 10 47029 0 
-164.39 25.4815 -0.085319 0.322609 2.90348 80 2 25 10 47030 0 
-164.379 25.4815 -0.0842764 0.322609 2.90348 80 2 25 10 47031 0 
-164.369 25.4815 -0.0832512 0.322609 2.90348 80 2 25 10 47032 0 
-164.358 25.4815 -0.082243 0.322609 2.90348 80 2 25 10 47033 0 
-164.347 25.4814 -0.0812517 0.322609 2.90348 80 2 25 10 47034 0 
-164.336 25.4814 -0.080277 0.322609 2.90348 80 2 25 10 47035 0 
-164.326 25.4814 -0.0793184 0.322609 2.90348 80 2 25 10 47036 0 
-164.315 25.4814 -0.0783759 0.322609 2.90348 80 2 25 10 47037 0 
-164.304 25.4814 -0.077449 0.322609 2.90348 80 2 25 10 47038 0 
-164.293 25.4814 -0.0765376 0.322609 2.90348 80 2 25 10 47039 0 
-164.283 25.4814 -0.0756415 0.322609 2.90348 80 2 25 10 47040 0 
-164.272 25.4813 -0.0747602 0.322609 2.90348 80 2 25 10 47041 0 
-164.261 25.4813 -0.0738937 0.322609 2.90348 80 2 25 10 47042 0 
-164.25 25.4813 -0.0730415 0.322609 2.90348 80 2 25 10 47043 0 
-164.239 25.4813 -0.0722036 0.322609 2.90348 80 2 25 10 47044 0 
-164.229 25.4813 -0.0713797 0.322609 2.90348 80 2 25 10 47045 0 
-164.218 25.4813 -0.0705695 0.322609 2.90348 80 2 25 10 47046 0 
-164.207 25.4813 -0.0697728 0.322609 2.90348 80 2 25 10 47047 0 
-164.196 25.4812 -0.0689894 0.322609 2.90348 80 2 25 10 47048 0 
-164.186 25.4812 -0.0682191 0.322609 2.90348 80 2 25 10 47049 0 
-164.175 25.4812 -0.0674616 0.322609 2.90348 80 2 25 10 47050 0 
-164.164 25.4812 -0.0667168 0.322609 2.90348 80 2 25 10 47051 0 
-164.153 25.4812 -0.0659843 0.322609 2.90348 80 2 25 10 47052 0 
-164.143 25.4812 -0.0652641 0.322609 2.90348 80 2 25 10 47053 0 
-164.132 25.4812 -0.0645559 0.322609 2.90348 80 2 25 10 47054 0 
-164.121 25.4812 -0.0638595 0.322609 2.90348 80 2 25 10 47055 0 
-164.11 25.4811 -0.0631747 0.322609 2.90348 80 2 25 10 47056 0 
-164.1 25.4811 -0.0625014 0.322609 2.90348 80 2 25 10 47057 0 
-164.089 25.4811 -0.0618392 0.322609 2.90348 80 2 25 10 47058 0 
-164.078 25.4811 -0.0611881 0.322609 2.90348 80 2 25 10 47059 0 
-164.067 25.4811 -0.0605479 0.322609 2.90348 80 2 25 10 47060 0 
-164.057 25.4811 -0.0599183 0.322609 2.90348 80 2 25 10 47061 0 
-164.046 25.4811 -0.0592993 0.322609 2.90348 80 2 25 10 47062 0 
-164.035 25.4811 -0.0586906 0.322609 2.90348 80 2 25 10 47063 0 
-164.024 25.4811 -0.058092 0.322609 2.90348 80 2 25 10 47064 0 
-164.014 25.481 -0.0575034 0.322609 2.90348 80 2 25 10 47065 0 
-164.003 25.481 -0.0569246 0.322609 2.90348 80 2 25 10 47066 0 
-163.992 25.481 -0.0563555 0.322609 2.90348 80 2 25 10 47067 0 
-163.981 25.481 -0.0557959 0.322609 2.90348 80 2 25 10 47068 0 
-163.971 25.481 -0.0552456 0.322609 2.90348 80 2 25 10 47069 0 
-163.96 25.481 -0.0547045 0.322609 2.90348 80 2 25 10 47070 0 
-163.949 25.481 -0.0541724 0.322609 2.90348 80 2 25 10 47071 0 
-163.938 25.481 -0.0536492 0.322609 2.90348 80 2 25 10 47072 0 
-163.928 25.481 -0.0531347 0.322609 2.90348 80 2 25 10 47073 0 
-163.917 25.481 -0.0526288 0.322609 2.90348 80 2 25 10 47074 0 
-163.906 25.4809 -0.0521314 0.322609 2.90348 80 2 25 10 47075 0 
-163.895 25.4809 -0.0516423 0.322609 2.90348 80 2 25 10 47076 0 
-163.884 25.4809 -0.0511613 0.322609 2.90348 80 2 25 10 47077 0 
-163.874 25.4809 -0.0506883 0.322609 2.90348 80 2 25 10 47078 0 
-163.863 25.4809 -0.0502232 0.322609 2.90348 80 2 25 10 47079 0 
-163.852 25.4809 -0.0497659 0.322609 2.90348 80 2 25 10 47080 0 
-163.841 25.4809 -0.0493162 0.322609 2.90348 80 2 25 10 47081 0 
-163.831 25.4809 -0.0488741 0.322609 2.90348 80 2 25 10 47082 0 
-163.82 25.4809 -0.0484393 0.322609 2.90348 80 2 25 10 47083 0 
-163.809 25.4809 -0.0480117 0.322609 2.90348 80 2 25 10 47084 0 
-163.798 25.4808 -0.0475913 0.322609 2.90348 80 2 25 10 47085 0 
-163.788 25.4808 -0.0471779 0.322609 2.90348 80 2 25 10 47086 0 
-163.777 25.4808 -0.0467715 0.322609 2.90348 80 2 25 10 47087 0 
-163.766 25.4808 -0.0463718 0.322609 2.90348 80 2 25 10 47088 0 
-163.755 25.4808 -0.0459787 0.322609 2.90348 80 2 25 10 47089 0 
-163.745 25.4808 -0.0455922 0.322609 2.90348 80 2 25 10 47090 0 
-163.734 25.4808 -0.0452122 0.322609 2.90348 80 2 25 10 47091 0 
-163.723 25.4808 -0.0448385 0.322609 2.90348 80 2 25 10 47092 0 
-163.712 25.4808 -0.0444711 0.322609 2.90348 80 2 25 10 47093 0 
-163.702 25.4808 -0.0441098 0.322609 2.90348 80 2 25 10 47094 0 
-163.691 25.4808 -0.0437545 0.322609 2.90348 80 2 25 10 47095 0 
-163.68 25.4808 -0.0434052 0.322609 2.90348 80 2 25 10 47096 0 
-163.669 25.4807 -0.0430617 0.322609 2.90348 80 2 25 10 47097 0 
-163.659 25.4807 -0.0427239 0.322609 2.90348 80 2 25 10 47098 0 
-163.648 25.4807 -0.0423918 0.322609 2.90348 80 2 25 10 47099 0 
-163.637 25.4807 -0.0420652 0.322609 2.90348 80 2 25 10 47100 0 
-163.626 25.4807 -0.0417441 0.322609 2.90348 80 2 25 10 47101 0 
-163.616 25.4807 -0.0414283 0.322609 2.90348 80 2 25 10 47102 0 
-163.605 25.4807 -0.0411178 0.322609 2.90348 80 2 25 10 47103 0 
-163.594 25.4807 -0.0408125 0.322609 2.90348 80 2 25 10 47104 0 
-163.583 25.4807 -0.0405123 0.322609 2.90348 80 2 25 10 47105 0 
-163.573 25.4807 -0.0402171 0.322609 2.90348 80 2 25 10 47106 0 
-163.562 25.4807 -0.0399268 0.322609 2.90348 80 2 25 10 47107 0 
-163.551 25.4807 -0.0396414 0.322609 2.90348 80 2 25 10 47108 0 
-163.54 25.4807 -0.0393608 0.322609 2.90348 80 2 25 10 47109 0 
-163.529 25.4806 -0.0390848 0.322609 2.90348 80 2 25 10 47110 0 
-163.519 25.4806 -0.0388135 0.322609 2.90348 80 2 25 10 47111 0 
-163.508 25.4806 -0.0385466 0.322609 2.90348 80 2 25 10 47112 0 
-163.497 25.4806 -0.0382843 0.322609 2.90348 80 2 25 10 47113 0 
-163.486 25.4806 -0.0380263 0.322609 2.90348 80 2 25 10 47114 0 
-163.476 25.4806 -0.0377727 0.322609 2.90348 80 2 25 10 47115 0 
-163.465 25.4806 -0.0375232 0.322609 2.90348 80 2 25 10 47116 0 
-163.454 25.4806 -0.037278 0.322609 2.90348 80 2 25 10 47117 0 
-163.443 25.4806 -0.0370368 0.322609 2.90348 80 2 25 10 47118 0 
-163.433 25.4806 -0.0367997 0.322609 2.90348 80 2 25 10 47119 0 
-163.422 25.4806 -0.0365665 0.322609 2.90348 80 2 25 10 47120 0 
-163.411 25.4806 -0.0363373 0.322609 2.90348 80 2 25 10 47121 0 
-163.4 25.4806 -0.0361118 0.322609 2.90348 80 2 25 10 47122 0 
-163.39 25.4805 -0.0358902 0.322609 2.90348 80 2 25 10 47123 0 
-163.379 25.4805 -0.0356722 0.322609 2.90348 80 2 25 10 47124 0 
-163.368 25.4805 -0.0354579 0.322609 2.90348 80 2 25 10 47125 0 
-163.357 25.4805 -0.0352471 0.322609 2.90348 80 2 25 10 47126 0 
-163.347 25.4805 -0.0350399 0.322609 2.90348 80 2 25 10 47127 0 
-163.336 25.4805 -0.0348362 0.322609 2.90348 80 2 25 10 47128 0 
-163.325 25.4805 -0.0346358 0.322609 2.90348 80 2 25 10 47129 0 
-163.314 25.4805 -0.0344389 0.322609 2.90348 80 2 25 10 47130 0 
-163.304 25.4805 -0.0342452 0.322609 2.90348 80 2 25 10 47131 0 
-163.293 25.4805 -0.0340547 0.322609 2.90348 80 2 25 10 47132 0 
-163.282 25.4805 -0.0338675 0.322609 2.90348 80 2 25 10 47133 0 
-163.271 25.4805 -0.0336833 0.322609 2.90348 80 2 25 10 47134 0 
-163.261 25.4805 -0.0335023 0.322609 2.90348 80 2 25 10 47135 0 
-163.25 25.4805 -0.0333243 0.322609 2.90348 80 2 25 10 47136 0 
-163.239 25.4805 -0.0331492 0.322609 2.90348 80 2 25 10 47137 0 
-163.228 25.4805 -0.0329771 0.322609 2.90348 80 2 25 10 47138 0 
-163.218 25.4805 -0.0328079 0.322609 2.90348 80 2 25 10 47139 0 
-163.207 25.4804 -0.0326415 0.322609 2.90348 80 2 25 10 47140 0 
-163.196 25.4804 -0.0324779 0.322609 2.90348 80 2 25 10 47141 0 
-163.185 25.4804 -0.032317 0.322609 2.90348 80 2 25 10 47142 0 
-163.174 25.4804 -0.0321588 0.322609 2.90348 80 2 25 10 47143 0 
-163.164 25.4804 -0.0320033 0.322609 2.90348 80 2 25 10 47144 0 
-163.153 25.4804 -0.0318504 0.322609 2.90348 80 2 25 10 47145 0 
-163.142 25.4804 -0.0317 0.322609 2.90348 80 2 25 10 47146 0 
-163.131 25.4804 -0.0315522 0.322609 2.90348 80 2 25 10 47147 0 
-163.121 25.4804 -0.0314068 0.322609 2.90348 80 2 25 10 47148 0 
-163.11 25.4804 -0.0312639 0.322609 2.90348 80 2 25 10 47149 0 
-163.099 25.4804 -0.0311233 0.322609 2.90348 80 2 25 10 47150 0 
-163.088 25.4804 -0.0309852 0.322609 2.90348 80 2 25 10 47151 0 
-163.078 25.4804 -0.0308493 0.322609 2.90348 80 2 25 10 47152 0 
-163.067 25.4804 -0.0307157 0.322609 2.90348 80 2 25 10 47153 0 
-163.056 25.4804 -0.0305843 0.322609 2.90348 80 2 25 10 47154 0 
-163.045 25.4804 -0.0304552 0.322609 2.90348 80 2 25 10 47155 0 
-163.035 25.4804 -0.0303282 0.322609 2.90348 80 2 25 10 47156 0 
-163.024 25.4804 -0.0302034 0.322609 2.90348 80 2 25 10 47157 0 
-163.013 25.4803 -0.0300806 0.322609 2.90348 80 2 25 10 47158 0 
-163.002 25.4803 -0.0299599 0.322609 2.90348 80 2 25 10 47159 0 
-162.992 25.4803 -0.0298412 0.322609 2.90348 80 2 25 10 47160 0 
-162.981 25.4803 -0.0297245 0.322609 2.90348 80 2 25 10 47161 0 
-162.97 25.4803 -0.0296098 0.322609 2.90348 80 2 25 10 47162 0 
-162.959 25.4803 -0.029497 0.322609 2.90348 80 2 25 10 47163 0 
-162.949 25.4803 -0.0293861 0.322609 2.90348 80 2 25 10 47164 0 
-162.938 25.4803 -0.029277 0.322609 2.90348 80 2 25 10 47165 0 
-162.927 25.4803 -0.0291698 0.322609 2.90348 80 2 25 10 47166 0 
-162.916 25.4803 -0.0290644 0.322609 2.90348 80 2 25 10 47167 0 
-162.906 25.4803 -0.0289607 0.322609 2.90348 80 2 25 10 47168 0 
-162.895 25.4803 -0.0288588 0.322609 2.90348 80 2 25 10 47169 0 
-162.884 25.4803 -0.0287586 0.322609 2.90348 80 2 25 10 47170 0 
-162.873 25.4803 -0.0286601 0.322609 2.90348 80 2 25 10 47171 0 
-162.863 25.4803 -0.0285632 0.322609 2.90348 80 2 25 10 47172 0 
-162.852 25.4803 -0.028468 0.322609 2.90348 80 2 25 10 47173 0 
-162.841 25.4803 -0.0283743 0.322609 2.90348 80 2 25 10 47174 0 
-162.83 25.4802 -0.0282823 0.322609 2.90348 80 2 25 10 47175 0 
-162.82 25.4802 -0.0281917 0.322609 2.90348 80 2 25 10 47176 0 
-162.809 25.4802 -0.0281027 0.322609 2.90348 80 2 25 10 47177 0 
-162.798 25.4802 -0.0280152 0.322609 2.90348 80 2 25 10 47178 0 
-162.787 25.4802 -0.0279292 0.322609 2.90348 80 2 25 10 47179 0 
-162.776 25.4802 -0.0278446 0.322609 2.90348 80 2 25 10 47180 0 
-162.766 25.4802 -0.0277615 0.322609 2.90348 80 2 25 10 47181 0 
-162.755 25.4802 -0.0276797 0.322609 2.90348 80 2 25 10 47182 0 
-162.744 25.4802 -0.0275993 0.322609 2.90348 80 2 25 10 47183 0 
-162.733 25.4802 -0.0275203 0.322609 2.90348 80 2 25 10 47184 0 
-162.723 25.4802 -0.0274426 0.322609 2.90348 80 2 25 10 47185 0 
-162.712 25.4802 -0.0273662 0.322609 2.90348 80 2 25 10 47186 0 
-162.701 25.4802 -0.027291 0.322609 2.90348 80 2 25 10 47187 0 
-162.69 25.4802 -0.0272172 0.322609 2.90348 80 2 25 10 47188 0 
-162.68 25.4802 -0.0271446 0.322609 2.90348 80 2 25 10 47189 0 
-162.669 25.4802 -0.0270732 0.322609 2.90348 80 2 25 10 47190 0 
-162.658 25.4802 -0.027003 0.322609 2.90348 80 2 25 10 47191 0 
-162.647 25.4802 -0.026934 0.322609 2.90348 80 2 25 10 47192 0 
-162.637 25.4801 -0.0268662 0.322609 2.90348 80 2 25 10 47193 0 
-162.626 25.4801 -0.0267995 0.322609 2.90348 80 2 25 10 47194 0 
-162.615 25.4801 -0.0267339 0.322609 2.90348 80 2 25 10 47195 0 
-162.604 25.4801 -0.0266695 0.322609 2.90348 80 2 25 10 47196 0 
-162.594 25.4801 -0.0266061 0.322609 2.90348 80 2 25 10 47197 0 
-162.583 25.4801 -0.0265438 0.322609 2.90348 80 2 25 10 47198 0 
-162.572 25.4801 -0.0264825 0.322609 2.90348 80 2 25 10 47199 0 
-162.561 25.4801 -0.0264223 0.322609 2.90348 80 2 25 10 47200 0 
-162.551 25.4801 -0.0263631 0.322609 2.90348 80 2 25 10 47201 0 
-162.54 25.4801 -0.0263049 0.322609 2.90348 80 2 25 10 47202 0 
-162.529 25.4801 -0.0262476 0.322609 2.90348 80 2 25 10 47203 0 
-162.518 25.4801 -0.0261914 0.322609 2.90348 80 2 25 10 47204 0 
-162.508 25.4801 -0.0261361 0.322609 2.90348 80 2 25 10 47205 0 
-162.497 25.4801 -0.0260817 0.322609 2.90348 80 2 25 10 47206 0 
-162.486 25.4801 -0.0260282 0.322609 2.90348 80 2 25 10 47207 0 
-162.475 25.4801 -0.0259757 0.322609 2.90348 80 2 25 10 47208 0 
-162.465 25.4801 -0.025924 0.322609 2.90348 80 2 25 10 47209 0 
-162.454 25.48 -0.0258732 0.322609 2.90348 80 2 25 10 47210 0 
-162.443 25.48 -0.0258233 0.322609 2.90348 80 2 25 10 47211 0 
-162.432 25.48 -0.0257742 0.322609 2.90348 80 2 25 10 47212 0 
-162.421 25.48 -0.025726 0.322609 2.90348 80 2 25 10 47213 0 
-162.411 25.48 -0.0256785 0.322609 2.90348 80 2 25 10 47214 0 
-162.4 25.48 -0.0256319 0.322609 2.90348 80 2 25 10 47215 0 
-162.389 25.48 -0.025586 0.322609 2.90348 80 2 25 10 47216 0 
-162.378 25.48 -0.025541 0.322609 2.90348 80 2 25 10 47217 0 
-162.368 25.48 -0.0254967 0.322609 2.90348 80 2 25 10 47218 0 
-162.357 25.48 -0.0254531 0.322609 2.90348 80 2 25 10 47219 0 
-162.346 25.48 -0.0254103 0.322609 2.90348 80 2 25 10 47220 0 
-162.335 25.48 -0.0253682 0.322609 2.90348 80 2 25 10 47221 0 
-162.325 25.48 -0.0253268 0.322609 2.90348 80 2 25 10 47222 0 
-162.314 25.48 -0.0252861 0.322609 2.90348 80 2 25 10 47223 0 
-162.303 25.48 -0.0252462 0.322609 2.90348 80 2 25 10 47224 0 
-162.292 25.48 -0.0252069 0.322609 2.90348 80 2 25 10 47225 0 
-162.282 25.48 -0.0251682 0.322609 2.90348 80 2 25 10 47226 0 
-162.271 25.48 -0.0251303 0.322609 2.90348 80 2 25 10 47227 0 
-162.26 25.48 -0.0250929 0.322609 2.90348 80 2 25 10 47228 0 
-162.249 25.48 -0.0250562 0.322609 2.90348 80 2 25 10 47229 0 
-162.239 25.4799 -0.0250202 0.322609 2.90348 80 2 25 10 47230 0 
-162.228 25.4799 -0.0249847 0.322609 2.90348 80 2 25 10 47231 0 
-162.217 25.4799 -0.0249499 0.322609 2.90348 80 2 25 10 47232 0 
-162.206 25.4799 -0.0249156 0.322609 2.90348 80 2 25 10 47233 0 
-162.196 25.4799 -0.024882 0.322609 2.90348 80 2 25 10 47234 0 
-162.185 25.4799 -0.0248489 0.322609 2.90348 80 2 25 10 47235 0 
-162.174 25.4799 -0.0248164 0.322609 2.90348 80 2 25 10 47236 0 
-162.163 25.4799 -0.0247844 0.322609 2.90348 80 2 25 10 47237 0 
-162.153 25.4799 -0.024753 0.322609 2.90348 80 2 25 10 47238 0 
-162.142 25.4799 -0.0247221 0.322609 2.90348 80 2 25 10 47239 0 
-162.131 25.4799 -0.0246917 0.322609 2.90348 80 2 25 10 47240 0 
-162.12 25.4799 -0.0246619 0.322609 2.90348 80 2 25 10 47241 0 
-162.11 25.4799 -0.0246326 0.322609 2.90348 80 2 25 10 47242 0 
-162.099 25.4799 -0.0246037 0.322609 2.90348 80 2 25 10 47243 0 
-162.088 25.4799 -0.0245754 0.322609 2.90348 80 2 25 10 47244 0 
-162.077 25.4799 -0.0245476 0.322609 2.90348 80 2 25 10 47245 0 
-162.066 25.4799 -0.0245202 0.322609 2.90348 80 2 25 10 47246 0 
-162.056 25.4799 -0.0244933 0.322609 2.90348 80 2 25 10 47247 0 
-162.045 25.4799 -0.0244669 0.322609 2.90348 80 2 25 10 47248 0 
-162.034 25.4799 -0.0244409 0.322609 2.90348 80 2 25 10 47249 0 
-162.023 25.4799 -0.0244154 0.322609 2.90348 80 2 25 10 47250 0 
-162.013 25.4799 -0.0243903 0.322609 2.90348 80 2 25 10 47251 0 
-162.002 25.4799 -0.0243656 0.322609 2.90348 80 2 25 10 47252 0 
-161.991 25.4799 -0.0243414 0.322609 2.90348 80 2 25 10 47253 0 
-161.98 25.4799 -0.0243176 0.322609 2.90348 80 2 25 10 47254 0 
-161.97 25.4799 -0.0242942 0.322609 2.90348 80 2 25 10 47255 0 
-161.959 25.4799 -0.0242712 0.322609 2.90348 80 2 25 10 47256 0 
-161.948 25.4798 -0.0242486 0.322609 2.90348 80 2 25 10 47257 0 
-161.937 25.4798 -0.0242264 0.322609 2.90348 80 2 25 10 47258 0 
-161.927 25.4798 -0.0242046 0.322609 2.90348 80 2 25 10 47259 0 
-161.916 25.4798 -0.0241831 0.322609 2.90348 80 2 25 10 47260 0 
-161.905 25.4798 -0.024162 0.322609 2.90348 80 2 25 10 47261 0 
-161.894 25.4798 -0.0241413 0.322609 2.90348 80 2 25 10 47262 0 
-161.884 25.4798 -0.024121 0.322609 2.90348 80 2 25 10 47263 0 
-161.873 25.4798 -0.024101 0.322609 2.90348 80 2 25 10 47264 0 
-161.862 25.4798 -0.0240813 0.322609 2.90348 80 2 25 10 47265 0 
-161.851 25.4798 -0.024062 0.322609 2.90348 80 2 25 10 47266 0 
-161.841 25.4798 -0.024043 0.322609 2.90348 80 2 25 10 47267 0 
-161.83 25.4798 -0.0240244 0.322609 2.90348 80 2 25 10 47268 0 
-161.819 25.4798 -0.0240061 0.322609 2.90348 80 2 25 10 47269 0 
-161.808 25.4798 -0.0239881 0.322609 2.90348 80 2 25 10 47270 0 
-161.798 25.4798 -0.0239704 0.322609 2.90348 80 2 25 10 47271 0 
-161.787 25.4798 -0.023953 0.322609 2.90348 80 2 25 10 47272 0 
-161.776 25.4798 -0.0239359 0.322609 2.90348 80 2 25 10 47273 0 
-161.765 25.4798 -0.0239192 0.322609 2.90348 80 2 25 10 47274 0 
-161.755 25.4798 -0.0239027 0.322609 2.90348 80 2 25 10 47275 0 
-161.744 25.4798 -0.0238865 0.322609 2.90348 80 2 25 10 47276 0 
-161.733 25.4798 -0.0238706 0.322609 2.90348 80 2 25 10 47277 0 
-161.722 25.4798 -0.0238549 0.322609 2.90348 80 2 25 10 47278 0 
-161.711 25.4798 -0.0238396 0.322609 2.90348 80 2 25 10 47279 0 
-161.701 25.4798 -0.0238245 0.322609 2.90348 80 2 25 10 47280 0 
-161.69 25.4798 -0.0238097 0.322609 2.90348 80 2 25 10 47281 0 
-161.679 25.4798 -0.0237951 0.322609 2.90348 80 2 25 10 47282 0 
-161.668 25.4797 -0.0237808 0.322609 2.90348 80 2 25 10 47283 0 
-161.658 25.4797 -0.0237668 0.322609 2.90348 80 2 25 10 47284 0 
-161.647 25.4797 -0.023753 0.322609 2.90348 80 2 25 10 47285 0 
-161.636 25.4797 -0.0237394 0.322609 2.90348 80 2 25 10 47286 0 
-161.625 25.4797 -0.0237261 0.322609 2.90348 80 2 25 10 47287 0 
-161.615 25.4797 -0.023713 0.322609 2.90348 80 2 25 10 47288 0 
-161.604 25.4797 -0.0237002 0.322609 2.90348 80 2 25 10 47289 0 
-161.593 25.4797 -0.0236876 0.322609 2.90348 80 2 25 10 47290 0 
-161.582 25.4797 -0.0236752 0.322609 2.90348 80 2 25 10 47291 0 
-161.572 25.4797 -0.023663 0.322609 2.90348 80 2 25 10 47292 0 
-161.561 25.4797 -0.023651 0.322609 2.90348 80 2 25 10 47293 0 
-161.55 25.4797 -0.0236393 0.322609 2.90348 80 2 25 10 47294 0 
-161.539 25.4797 -0.0236278 0.322609 2.90348 80 2 25 10 47295 0 
-161.529 25.4797 -0.0236164 0.322609 2.90348 80 2 25 10 47296 0 
-161.518 25.4797 -0.0236053 0.322609 2.90348 80 2 25 10 47297 0 
-161.507 25.4797 -0.0235944 0.322609 2.90348 80 2 25 10 47298 0 
-161.496 25.4797 -0.0235837 0.322609 2.90348 80 2 25 10 47299 0 
-161.486 25.4797 -0.0235731 0.322609 2.90348 80 2 25 10 47300 0 
-161.475 25.4797 -0.0235628 0.322609 2.90348 80 2 25 10 47301 0 
-161.464 25.4797 -0.0235526 0.322609 2.90348 80 2 25 10 47302 0 
-161.453 25.4797 -0.0235426 0.322609 2.90348 80 2 25 10 47303 0 
-161.443 25.4797 -0.0235329 0.322609 2.90348 80 2 25 10 47304 0 
-161.432 25.4797 -0.0235232 0.322609 2.90348 80 2 25 10 47305 0 
-161.421 25.4797 -0.0235138 0.322609 2.90348 80 2 25 10 47306 0 
-161.41 25.4797 -0.0235045 0.322609 2.90348 80 2 25 10 47307 0 
-161.4 25.4797 -0.0234954 0.322609 2.90348 80 2 25 10 47308 0 
-161.389 25.4796 -0.0234865 0.322609 2.90348 80 2 25 10 47309 0 
-161.378 25.4796 -0.0234777 0.322609 2.90348 80 2 25 10 47310 0 
-161.367 25.4796 -0.0234691 0.322609 2.90348 80 2 25 10 47311 0 
-161.356 25.4796 -0.0234606 0.322609 2.90348 80 2 25 10 47312 0 
-161.346 25.4796 -0.0234523 0.322609 2.90348 80 2 25 10 47313 0 
-161.335 25.4796 -0.0234442 0.322609 2.90348 80 2 25 10 47314 0 
-161.324 25.4796 -0.0234362 0.322609 2.90348 80 2 25 10 47315 0 
-161.313 25.4796 -0.0234283 0.322609 2.90348 80 2 25 10 47316 0 
-161.303 25.4796 -0.0234206 0.322609 2.90348 80 2 25 10 47317 0 
-161.292 25.4796 -0.0234131 0.322609 2.90348 80 2 25 10 47318 0 
-161.281 25.4796 -0.0234056 0.322609 2.90348 80 2 25 10 47319 0 
-161.27 25.4796 -0.0233984 0.322609 2.90348 80 2 25 10 47320 0 
-161.26 25.4796 -0.0233912 0.322609 2.90348 80 2 25 10 47321 0 
-161.249 25.4796 -0.0233842 0.322609 2.90348 80 2 25 10 47322 0 
-161.238 25.4796 -0.0233773 0.322609 2.90348 80 2 25 10 47323 0 
-161.227 25.4796 -0.0233705 0.322609 2.90348 80 2 25 10 47324 0 
-161.217 25.4796 -0.0233639 0.322609 2.90348 80 2 25 10 47325 0 
-161.206 25.4796 -0.0233574 0.322609 2.90348 80 2 25 10 47326 0 
-161.195 25.4796 -0.023351 0.322609 2.90348 80 2 25 10 47327 0 
-161.184 25.4796 -0.0233448 0.322609 2.90348 80 2 25 10 47328 0 
-161.174 25.4796 -0.0233386 0.322609 2.90348 80 2 25 10 47329 0 
-161.163 25.4796 -0.0233326 0.322609 2.90348 80 2 25 10 47330 0 
-161.152 25.4796 -0.0233267 0.322609 2.90348 80 2 25 10 47331 0 
-161.141 25.4796 -0.0233209 0.322609 2.90348 80 2 25 10 47332 0 
-161.131 25.4796 -0.0233152 0.322609 2.90348 80 2 25 10 47333 0 
-161.12 25.4796 -0.0233096 0.322609 2.90348 80 2 25 10 47334 0 
-161.109 25.4795 -0.0233041 0.322609 2.90348 80 2 25 10 47335 0 
-161.098 25.4795 -0.0232988 0.322609 2.90348 80 2 25 10 47336 0 
-161.088 25.4795 -0.0232935 0.322609 2.90348 80 2 25 10 47337 0 
-161.077 25.4795 -0.0232883 0.322609 2.90348 80 2 25 10 47338 0 
-161.066 25.4795 -0.0232833 0.322609 2.90348 80 2 25 10 47339 0 
-161.055 25.4795 -0.0232783 0.322609 2.90348 80 2 25 10 47340 0 
-161.045 25.4795 -0.0232735 0.322609 2.90348 80 2 25 10 47341 0 
-161.034 25.4795 -0.0232687 0.322609 2.90348 80 2 25 10 47342 0 
-161.023 25.4795 -0.023264 0.322609 2.90348 80 2 25 10 47343 0 
-161.012 25.4795 -0.0232594 0.322609 2.90348 80 2 25 10 47344 0 
-161.001 25.4795 -0.0232549 0.322609 2.90348 80 2 25 10 47345 0 
-160.991 25.4795 -0.0232505 0.322609 2.90348 80 2 25 10 47346 0 
-160.98 25.4795 -0.0232462 0.322609 2.90348 80 2 25 10 47347 0 
-160.969 25.4795 -0.023242 0.322609 2.90348 80 2 25 10 47348 0 
-160.958 25.4795 -0.0232378 0.322609 2.90348 80 2 25 10 47349 0 
-160.948 25.4795 -0.0232338 0.322609 2.90348 80 2 25 10 47350 0 
-160.937 25.4795 -0.0232298 0.322609 2.90348 80 2 25 10 47351 0 
-160.926 25.4795 -0.0232259 0.322609 2.90348 80 2 25 10 47352 0 
-160.915 25.4795 -0.0232221 0.322609 2.90348 80 2 25 10 47353 0 
-160.905 25.4795 -0.0232183 0.322609 2.90348 80 2 25 10 47354 0 
-160.894 25.4795 -0.0232147 0.322609 2.90348 80 2 25 10 47355 0 
-160.883 25.4795 -0.0232111 0.322609 2.90348 80 2 25 10 47356 0 
-160.872 25.4795 -0.0232075 0.322609 2.90348 80 2 25 10 47357 0 
-160.862 25.4795 -0.0232041 0.322609 2.90348 80 2 25 10 47358 0 
-160.851 25.4795 -0.0232007 0.322609 2.90348 80 2 25 10 47359 0 
-160.84 25.4795 -0.0231974 0.322609 2.90348 80 2 25 10 47360 0 
-160.829 25.4795 -0.0231942 0.322609 2.90348 80 2 25 10 47361 0 
-160.819 25.4794 -0.023191 0.322609 2.90348 80 2 25 10 47362 0 
-160.808 25.4794 -0.0231879 0.322609 2.90348 80 2 25 10 47363 0 
-160.797 25.4794 -0.0231849 0.322609 2.90348 80 2 25 10 47364 0 
-160.786 25.4794 -0.0231819 0.322609 2.90348 80 2 25 10 47365 0 
-160.776 25.4794 -0.023179 0.322609 2.90348 80 2 25 10 47366 0 
-160.765 25.4794 -0.0231762 0.322609 2.90348 80 2 25 10 47367 0 
-160.754 25.4794 -0.0231734 0.322609 2.90348 80 2 25 10 47368 0 
-160.743 25.4794 -0.0231707 0.322609 2.90348 80 2 25 10 47369 0 
-160.733 25.4794 -0.023168 0.322609 2.90348 80 2 25 10 47370 0 
-160.722 25.4794 -0.0231654 0.322609 2.90348 80 2 25 10 47371 0 
-160.711 25.4794 -0.0231629 0.322609 2.90348 80 2 25 10 47372 0 
-160.7 25.4794 -0.0231604 0.322609 2.90348 80 2 25 10 47373 0 
-160.69 25.4794 -0.023158 0.322609 2.90348 80 2 25 10 47374 0 
-160.679 25.4794 -0.0231556 0.322609 2.90348 80 2 25 10 47375 0 
-160.668 25.4794 -0.0231533 0.322609 2.90348 80 2 25 10 47376 0 
-160.657 25.4794 -0.023151 0.322609 2.90348 80 2 25 10 47377 0 
-160.646 25.4794 -0.0231488 0.322609 2.90348 80 2 25 10 47378 0 
-160.636 25.4794 -0.0231466 0.322609 2.90348 80 2 25 10 47379 0 
-160.625 25.4794 -0.0231445 0.322609 2.90348 80 2 25 10 47380 0 
-160.614 25.4794 -0.0231424 0.322609 2.90348 80 2 25 10 47381 0 
-160.603 25.4794 -0.0231404 0.322609 2.90348 80 2 25 10 47382 0 
-160.593 25.4794 -0.0231384 0.322609 2.90348 80 2 25 10 47383 0 
-160.582 25.4794 -0.0231365 0.322609 2.90348 80 2 25 10 47384 0 
-160.571 25.4794 -0.0231346 0.322609 2.90348 80 2 25 10 47385 0 
-160.56 25.4794 -0.0231328 0.322609 2.90348 80 2 25 10 47386 0 
-160.55 25.4794 -0.023131 0.322609 2.90348 80 2 25 10 47387 0 
-160.539 25.4793 -0.0231293 0.322609 2.90348 80 2 25 10 47388 0 
-160.528 25.4793 -0.0231276 0.322609 2.90348 80 2 25 10 47389 0 
-160.517 25.4793 -0.0231259 0.322609 2.90348 80 2 25 10 47390 0 
-160.507 25.4793 -0.0231243 0.322609 2.90348 80 2 25 10 47391 0 
-160.496 25.4793 -0.0231227 0.322609 2.90348 80 2 25 10 47392 0 
-160.485 25.4793 -0.0231212 0.322609 2.90348 80 2 25 10 47393 0 
-160.474 25.4793 -0.0231197 0.322609 2.90348 80 2 25 10 47394 0 
-160.464 25.4793 -0.0231183 0.322609 2.90348 80 2 25 10 47395 0 
-160.453 25.4793 -0.0231168 0.322609 2.90348 80 2 25 10 47396 0 
-160.442 25.4793 -0.0231155 0.322609 2.90348 80 2 25 10 47397 0 
-160.431 25.4793 -0.0231141 0.322609 2.90348 80 2 25 10 47398 0 
-160.421 25.4793 -0.0231128 0.322609 2.90348 80 2 25 10 47399 0 
-160.41 25.4793 -0.0231115 0.322609 2.90348 80 2 25 10 47400 0 
-160.399 25.4793 -0.0231103 0.322609 2.90348 80 2 25 10 47401 0 
-160.388 25.4793 -0.0231091 0.322609 2.90348 80 2 25 10 47402 0 
-160.378 25.4793 -0.0231079 0.322609 2.90348 80 2 25 10 47403 0 
-160.367 25.4793 -0.0231068 0.322609 2.90348 80 2 25 10 47404 0 
-160.356 25.4793 -0.0231057 0.322609 2.90348 80 2 25 10 47405 0 
-160.345 25.4793 -0.0231047 0.322609 2.90348 80 2 25 10 47406 0 
-160.335 25.4793 -0.0231036 0.322609 2.90348 80 2 25 10 47407 0 
-160.324 25.4793 -0.0231026 0.322609 2.90348 80 2 25 10 47408 0 
-160.313 25.4793 -0.0231017 0.322609 2.90348 80 2 25 10 47409 0 
-160.302 25.4793 -0.0231007 0.322609 2.90348 80 2 25 10 47410 0 
-160.292 25.4793 -0.0230998 0.322609 2.90348 80 2 25 10 47411 0 
-160.281 25.4793 -0.0230989 0.322609 2.90348 80 2 25 10 47412 0 
-160.27 25.4793 -0.0230981 0.322609 2.90348 80 2 25 10 47413 0 
-160.259 25.4792 -0.0230973 0.322609 2.90348 80 2 25 10 47414 0 
-160.248 25.4792 -0.0230965 0.322609 2.90348 80 2 25 10 47415 0 
-160.238 25.4792 -0.0230957 0.322609 2.90348 80 2 25 10 47416 0 
-160.227 25.4792 -0.023095 0.322609 2.90348 80 2 25 10 47417 0 
-160.216 25.4792 -0.0230942 0.322609 2.90348 80 2 25 10 47418 0 
-160.205 25.4792 -0.0230936 0.322609 2.90348 80 2 25 10 47419 0 
-160.195 25.4792 -0.0230929 0.322609 2.90348 80 2 25 10 47420 0 
-160.184 25.4792 -0.0230923 0.322609 2.90348 80 2 25 10 47421 0 
-160.173 25.4792 -0.0230916 0.322609 2.90348 80 2 25 10 47422 0 
-160.162 25.4792 -0.0230911 0.322609 2.90348 80 2 25 10 47423 0 
-160.152 25.4792 -0.0230905 0.322609 2.90348 80 2 25 10 47424 0 
-160.141 25.4792 -0.02309 0.322609 2.90348 80 2 25 10 47425 0 
-160.13 25.4792 -0.0230894 0.322609 2.90348 80 2 25 10 47426 0 
-160.119 25.4792 -0.023089 0.322609 2.90348 80 2 25 10 47427 0 
-160.109 25.4792 -0.0230885 0.322609 2.90348 80 2 25 10 47428 0 
-160.098 25.4792 -0.023088 0.322609 2.90348 80 2 25 10 47429 0 
-160.087 25.4792 -0.0230876 0.322609 2.90348 80 2 25 10 47430 0 
-160.076 25.4792 -0.0230872 0.322609 2.90348 80 2 25 10 47431 0 
-160.066 25.4792 -0.0230868 0.322609 2.90348 80 2 25 10 47432 0 
-160.055 25.4792 -0.0230865 0.322609 2.90348 80 2 25 10 47433 0 
-160.044 25.4792 -0.0230861 0.322609 2.90348 80 2 25 10 47434 0 
-160.033 25.4792 -0.0230858 0.322609 2.90348 80 2 25 10 47435 0 
-160.023 25.4792 -0.0230855 0.322609 2.90348 80 2 25 10 47436 0 
-160.012 25.4792 -0.0230852 0.322609 2.90348 80 2 25 10 47437 0 
-160.001 25.4792 -0.0230849 0.322609 2.90348 80 2 25 10 47438 0 
-159.99 25.4792 -0.0230847 0.322609 2.90348 80 2 25 10 47439 0 
-159.98 25.4791 -0.0230845 0.322609 2.90348 80 2 25 10 47440 0 
-159.969 25.4791 -0.0230843 0.322609 2.90348 80 2 25 10 47441 0 
-159.958 25.4791 -0.0230841 0.322609 2.90348 80 2 25 10 47442 0 
-159.947 25.4791 -0.0230839 0.322609 2.90348 80 2 25 10 47443 0 
-159.937 25.4791 -0.0230837 0.322609 2.90348 80 2 25 10 47444 0 
-159.926 25.4791 -0.0230836 0.322609 2.90348 80 2 25 10 47445 0 
-159.915 25.4791 -0.0230835 0.322609 2.90348 80 2 25 10 47446 0 
-159.904 25.4791 -0.0230834 0.322609 2.90348 80 2 25 10 47447 0 
-159.893 25.4791 -0.0230833 0.322609 2.90348 80 2 25 10 47448 0 
-159.883 25.4791 -0.0230832 0.322609 2.90348 80 2 25 10 47449 0 
-159.872 25.4791 -0.0230831 0.322609 2.90348 80 2 25 10 47450 0 
-159.861 25.4791 -0.0230831 0.322609 2.90348 80 2 25 10 47451 0 
-159.85 25.4791 -0.0230831 0.322609 2.90348 80 2 25 10 47452 0 
-159.84 25.4791 -0.0230831 0.322609 2.90348 80 2 25 10 47453 0 
-159.829 25.4791 -0.0230831 0.322609 2.90348 80 2 25 10 47454 0 
-159.818 25.4791 -0.0230831 0.322609 2.90348 80 2 25 10 47455 0 
-159.807 25.4791 -0.0230831 0.322609 2.90348 80 2 25 10 47456 0 
-159.797 25.4791 -0.0230831 0.322609 2.90348 80 2 25 10 47457 0 
-159.786 25.4791 -0.0230832 0.322609 2.90348 80 2 25 10 47458 0 
-159.775 25.4791 -0.0230833 0.322609 2.90348 80 2 25 10 47459 0 
-159.764 25.4791 -0.0230833 0.322609 2.90348 80 2 25 10 47460 0 
-159.754 25.4791 -0.0230834 0.322609 2.90348 80 2 25 10 47461 0 
-159.743 25.4791 -0.0230836 0.322609 2.90348 80 2 25 10 47462 0 
-159.732 25.4791 -0.0230837 0.322609 2.90348 80 2 25 10 47463 0 
-159.721 25.4791 -0.0230838 0.322609 2.90348 80 2 25 10 47464 0 
-159.711 25.4791 -0.023084 0.322609 2.90348 80 2 25 10 47465 0 
-159.7 25.479 -0.0230841 0.322609 2.90348 80 2 25 10 47466 0 
-159.689 25.479 -0.0230843 0.322609 2.90348 80 2 25 10 47467 0 
-159.678 25.479 -0.0230845 0.322609 2.90348 80 2 25 10 47468 0 
-159.668 25.479 -0.0230847 0.322609 2.90348 80 2 25 10 47469 0 
-159.657 25.479 -0.0230849 0.322609 2.90348 80 2 25 10 47470 0 
-159.646 25.479 -0.0230851 0.322609 2.90348 80 2 25 10 47471 0 
-159.635 25.479 -0.0230853 0.322609 2.90348 80 2 25 10 47472 0 
-159.625 25.479 -0.0230855 0.322609 2.90348 80 2 25 10 47473 0 
-159.614 25.479 -0.0230858 0.322609 2.90348 80 2 25 10 47474 0 
-159.603 25.479 -0.023086 0.322609 2.90348 80 2 25 10 47475 0 
-159.592 25.479 -0.0230863 0.322609 2.90348 80 2 25 10 47476 0 
-159.582 25.479 -0.0230866 0.322609 2.90348 80 2 25 10 47477 0 
-159.571 25.479 -0.0230869 0.322609 2.90348 80 2 25 10 47478 0 
-159.56 25.479 -0.0230872 0.322609 2.90348 80 2 25 10 47479 0 
-159.549 25.479 -0.0230875 0.322609 2.90348 80 2 25 10 47480 0 
-159.538 25.479 -0.0230878 0.322609 2.90348 80 2 25 10 47481 0 
-159.528 25.479 -0.0230881 0.322609 2.90348 80 2 25 10 47482 0 
-159.517 25.479 -0.0230884 0.322609 2.90348 80 2 25 10 47483 0 
-159.506 25.479 -0.0230888 0.322609 2.90348 80 2 25 10 47484 0 
-159.495 25.479 -0.0230891 0.322609 2.90348 80 2 25 10 47485 0 
-159.485 25.479 -0.0230895 0.322609 2.90348 80 2 25 10 47486 0 
-159.474 25.479 -0.0230899 0.322609 2.90348 80 2 25 10 47487 0 
-159.463 25.479 -0.0230902 0.322609 2.90348 80 2 25 10 47488 0 
-159.452 25.479 -0.0230906 0.322609 2.90348 80 2 25 10 47489 0 
-159.442 25.479 -0.023091 0.322609 2.90348 80 2 25 10 47490 0 
-159.431 25.479 -0.0230914 0.322609 2.90348 80 2 25 10 47491 0 
-159.42 25.479 -0.0230918 0.322609 2.90348 80 2 25 10 47492 0 
-159.409 25.4789 -0.0230922 0.322609 2.90348 80 2 25 10 47493 0 
-159.399 25.4789 -0.0230926 0.322609 2.90348 80 2 25 10 47494 0 
-159.388 25.4789 -0.0230931 0.322609 2.90348 80 2 25 10 47495 0 
-159.377 25.4789 -0.0230935 0.322609 2.90348 80 2 25 10 47496 0 
-159.366 25.4789 -0.023094 0.322609 2.90348 80 2 25 10 47497 0 
-159.356 25.4789 -0.0230944 0.322609 2.90348 80 2 25 10 47498 0 
-159.345 25.4789 -0.0230949 0.322609 2.90348 80 2 25 10 47499 0 
-159.334 25.4789 -0.0230953 0.322609 2.90348 80 2 25 10 47500 0 
-159.323 25.4789 -0.0230958 0.322609 2.90348 80 2 25 10 47501 0 
-159.313 25.4789 -0.0230963 0.322609 2.90348 80 2 25 10 47502 0 
-159.302 25.4789 -0.0230968 0.322609 2.90348 80 2 25 10 47503 0 
-159.291 25.4789 -0.0230973 0.322609 2.90348 80 2 25 10 47504 0 
-159.28 25.4789 -0.0230978 0.322609 2.90348 80 2 25 10 47505 0 
-159.27 25.4789 -0.0230983 0.322609 2.90348 80 2 25 10 47506 0 
-159.259 25.4789 -0.0230988 0.322609 2.90348 80 2 25 10 47507 0 
-159.248 25.4789 -0.0230993 0.322609 2.90348 80 2 25 10 47508 0 
-159.237 25.4789 -0.0230998 0.322609 2.90348 80 2 25 10 47509 0 
-159.227 25.4789 -0.0231003 0.322609 2.90348 80 2 25 10 47510 0 
-159.216 25.4789 -0.0231009 0.322609 2.90348 80 2 25 10 47511 0 
-159.205 25.4789 -0.0231014 0.322609 2.90348 80 2 25 10 47512 0 
-159.194 25.4789 -0.0231019 0.322609 2.90348 80 2 25 10 47513 0 
-159.183 25.4789 -0.0231025 0.322609 2.90348 80 2 25 10 47514 0 
-159.173 25.4789 -0.023103 0.322609 2.90348 80 2 25 10 47515 0 
-159.162 25.4789 -0.0231036 0.322609 2.90348 80 2 25 10 47516 0 
-159.151 25.4789 -0.0231042 0.322609 2.90348 80 2 25 10 47517 0 
-159.14 25.4789 -0.0231047 0.322609 2.90348 80 2 25 10 47518 0 
-159.13 25.4788 -0.0231053 0.322609 2.90348 80 2 25 10 47519 0 
-159.119 25.4788 -0.0231059 0.322609 2.90348 80 2 25 10 47520 0 
-159.108 25.4788 -0.0231065 0.322609 2.90348 80 2 25 10 47521 0 
-159.097 25.4788 -0.0231071 0.322609 2.90348 80 2 25 10 47522 0 
-159.087 25.4788 -0.0231076 0.322609 2.90348 80 2 25 10 47523 0 
-159.076 25.4788 -0.0231082 0.322609 2.90348 80 2 25 10 47524 0 
-159.065 25.4788 -0.0231088 0.322609 2.90348 80 2 25 10 47525 0 
-159.054 25.4788 -0.0231095 0.322609 2.90348 80 2 25 10 47526 0 
-159.044 25.4788 -0.0231101 0.322609 2.90348 80 2 25 10 47527 0 
-159.033 25.4788 -0.0231107 0.322609 2.90348 80 2 25 10 47528 0 
-159.022 25.4788 -0.0231113 0.322609 2.90348 80 2 25 10 47529 0 
-159.011 25.4788 -0.0231119 0.322609 2.90348 80 2 25 10 47530 0 
-159.001 25.4788 -0.0231125 0.322609 2.90348 80 2 25 10 47531 0 
-158.99 25.4788 -0.0231132 0.322609 2.90348 80 2 25 10 47532 0 
-158.979 25.4788 -0.0231138 0.322609 2.90348 80 2 25 10 47533 0 
-158.968 25.4788 -0.0231145 0.322609 2.90348 80 2 25 10 47534 0 
-158.958 25.4788 -0.0231151 0.322609 2.90348 80 2 25 10 47535 0 
-158.947 25.4788 -0.0231157 0.322609 2.90348 80 2 25 10 47536 0 
-158.936 25.4788 -0.0231164 0.322609 2.90348 80 2 25 10 47537 0 
-158.925 25.4788 -0.023117 0.322609 2.90348 80 2 25 10 47538 0 
-158.915 25.4788 -0.0231177 0.322609 2.90348 80 2 25 10 47539 0 
-158.904 25.4788 -0.0231184 0.322609 2.90348 80 2 25 10 47540 0 
-158.893 25.4788 -0.023119 0.322609 2.90348 80 2 25 10 47541 0 
-158.882 25.4788 -0.0231197 0.322609 2.90348 80 2 25 10 47542 0 
-158.872 25.4788 -0.0231204 0.322609 2.90348 80 2 25 10 47543 0 
-158.861 25.4788 -0.023121 0.322609 2.90348 80 2 25 10 47544 0 
-158.85 25.4787 -0.0231217 0.322609 2.90348 80 2 25 10 47545 0 
-158.839 25.4787 -0.0231224 0.322609 2.90348 80 2 25 10 47546 0 
-158.828 25.4787 -0.0231231 0.322609 2.90348 80 2 25 10 47547 0 
-158.818 25.4787 -0.0231238 0.322609 2.90348 80 2 25 10 47548 0 
-158.807 25.4787 -0.0231245 0.322609 2.90348 80 2 25 10 47549 0 
-158.796 25.4787 -0.0231252 0.322609 2.90348 80 2 25 10 47550 0 
-158.785 25.4787 -0.0231258 0.322609 2.90348 80 2 25 10 47551 0 
-158.775 25.4787 -0.0231265 0.322609 2.90348 80 2 25 10 47552 0 
-158.764 25.4787 -0.0231272 0.322609 2.90348 80 2 25 10 47553 0 
-158.753 25.4787 -0.023128 0.322609 2.90348 80 2 25 10 47554 0 
-158.742 25.4787 -0.0231287 0.322609 2.90348 80 2 25 10 47555 0 
-158.732 25.4787 -0.0231294 0.322609 2.90348 80 2 25 10 47556 0 
-158.721 25.4787 -0.0231301 0.322609 2.90348 80 2 25 10 47557 0 
-158.71 25.4787 -0.0231308 0.322609 2.90348 80 2 25 10 47558 0 
-158.699 25.4787 -0.0231315 0.322609 2.90348 80 2 25 10 47559 0 
-158.689 25.4787 -0.0231322 0.322609 2.90348 80 2 25 10 47560 0 
-158.678 25.4787 -0.023133 0.322609 2.90348 80 2 25 10 47561 0 
-158.667 25.4787 -0.0231337 0.322609 2.90348 80 2 25 10 47562 0 
-158.656 25.4787 -0.0231344 0.322609 2.90348 80 2 25 10 47563 0 
-158.646 25.4787 -0.0231351 0.322609 2.90348 80 2 25 10 47564 0 
-158.635 25.4787 -0.0231359 0.322609 2.90348 80 2 25 10 47565 0 
-158.624 25.4787 -0.0231366 0.322609 2.90348 80 2 25 10 47566 0 
-158.613 25.4787 -0.0231373 0.322609 2.90348 80 2 25 10 47567 0 
-158.603 25.4787 -0.0231381 0.322609 2.90348 80 2 25 10 47568 0 
-158.592 25.4787 -0.0231388 0.322609 2.90348 80 2 25 10 47569 0 
-158.581 25.4787 -0.0231396 0.322609 2.90348 80 2 25 10 47570 0 
-158.57 25.4786 -0.0231403 0.322609 2.90348 80 2 25 10 47571 0 
-158.56 25.4786 -0.0231411 0.322609 2.90348 80 2 25 10 47572 0 
-158.549 25.4786 -0.0231418 0.322609 2.90348 80 2 25 10 47573 0 
-158.538 25.4786 -0.0231426 0.322609 2.90348 80 2 25 10 47574 0 
-158.527 25.4786 -0.0231433 0.322609 2.90348 80 2 25 10 47575 0 
-158.517 25.4786 -0.0231441 0.322609 2.90348 80 2 25 10 47576 0 
-158.506 25.4786 -0.0231448 0.322609 2.90348 80 2 25 10 47577 0 
-158.495 25.4786 -0.0231456 0.322609 2.90348 80 2 25 10 47578 0 
-158.484 25.4786 -0.0231463 0.322609 2.90348 80 2 25 10 47579 0 
-158.473 25.4786 -0.0231471 0.322609 2.90348 80 2 25 10 47580 0 
-158.463 25.4786 -0.0231479 0.322609 2.90348 80 2 25 10 47581 0 
-158.452 25.4786 -0.0231486 0.322609 2.90348 80 2 25 10 47582 0 
-158.441 25.4786 -0.0231494 0.322609 2.90348 80 2 25 10 47583 0 
-158.43 25.4786 -0.0231502 0.322609 2.90348 80 2 25 10 47584 0 
-158.42 25.4786 -0.0231509 0.322609 2.90348 80 2 25 10 47585 0 
-158.409 25.4786 -0.0231517 0.322609 2.90348 80 2 25 10 47586 0 
-158.398 25.4786 -0.0231525 0.322609 2.90348 80 2 25 10 47587 0 
-158.387 25.4786 -0.0231533 0.322609 2.90348 80 2 25 10 47588 0 
-158.377 25.4786 -0.023154 0.322609 2.90348 80 2 25 10 47589 0 
-158.366 25.4786 -0.0231548 0.322609 2.90348 80 2 25 10 47590 0 
-158.355 25.4786 -0.0231556 0.322609 2.90348 80 2 25 10 47591 0 
-158.344 25.4786 -0.0231564 0.322609 2.90348 80 2 25 10 47592 0 
-158.334 25.4786 -0.0231572 0.322609 2.90348 80 2 25 10 47593 0 
-158.323 25.4786 -0.0231579 0.322609 2.90348 80 2 25 10 47594 0 
-158.312 25.4786 -0.0231587 0.322609 2.90348 80 2 25 10 47595 0 
-158.301 25.4786 -0.0231595 0.322609 2.90348 80 2 25 10 47596 0 
-158.291 25.4785 -0.0231603 0.322609 2.90348 80 2 25 10 47597 0 
-158.28 25.4785 -0.0231611 0.322609 2.90348 80 2 25 10 47598 0 
-158.269 25.4785 -0.0231619 0.322609 2.90348 80 2 25 10 47599 0 
-158.258 25.4785 -0.0231627 0.322609 2.90348 80 2 25 10 47600 0 
-158.248 25.4785 -0.0231635 0.322609 2.90348 80 2 25 10 47601 0 
-158.237 25.4785 -0.0231643 0.322609 2.90348 80 2 25 10 47602 0 
-158.226 25.4785 -0.0231651 0.322609 2.90348 80 2 25 10 47603 0 
-158.215 25.4785 -0.0231659 0.322609 2.90348 80 2 25 10 47604 0 
-158.205 25.4785 -0.0231667 0.322609 2.90348 80 2 25 10 47605 0 
-158.194 25.4785 -0.0231675 0.322609 2.90348 80 2 25 10 47606 0 
-158.183 25.4785 -0.0231683 0.322609 2.90348 80 2 25 10 47607 0 
-158.172 25.4785 -0.0231691 0.322609 2.90348 80 2 25 10 47608 0 
-158.162 25.4785 -0.0231699 0.322609 2.90348 80 2 25 10 47609 0 
-158.151 25.4785 -0.0231707 0.322609 2.90348 80 2 25 10 47610 0 
-158.14 25.4785 -0.0231715 0.322609 2.90348 80 2 25 10 47611 0 
-158.129 25.4785 -0.0231723 0.322609 2.90348 80 2 25 10 47612 0 
-158.118 25.4785 -0.0231731 0.322609 2.90348 80 2 25 10 47613 0 
-158.108 25.4785 -0.0231739 0.322609 2.90348 80 2 25 10 47614 0 
-158.097 25.4785 -0.0231747 0.322609 2.90348 80 2 25 10 47615 0 
-158.086 25.4785 -0.0231756 0.322609 2.90348 80 2 25 10 47616 0 
-158.075 25.4785 -0.0231764 0.322609 2.90348 80 2 25 10 47617 0 
-158.065 25.4785 -0.0231772 0.322609 2.90348 80 2 25 10 47618 0 
-158.054 25.4785 -0.023178 0.322609 2.90348 80 2 25 10 47619 0 
-158.043 25.4785 -0.0231788 0.322609 2.90348 80 2 25 10 47620 0 
-158.032 25.4785 -0.0231796 0.322609 2.90348 80 2 25 10 47621 0 
-158.022 25.4785 -0.0231804 0.322609 2.90348 80 2 25 10 47622 0 
-158.011 25.4785 -0.0231813 0.322609 2.90348 80 2 25 10 47623 0 
-158 25.4784 -0.0231821 0.322609 2.90348 80 2 25 10 47624 0 
-157.989 25.4784 -0.0231829 0.322609 2.90348 80 2 25 10 47625 0 
-157.979 25.4784 -0.0231837 0.322609 2.90348 80 2 25 10 47626 0 
-157.968 25.4784 -0.0231846 0.322609 2.90348 80 2 25 10 47627 0 
-157.957 25.4784 -0.0231854 0.322609 2.90348 80 2 25 10 47628 0 
-157.946 25.4784 -0.0231862 0.322609 2.90348 80 2 25 10 47629 0 
-157.936 25.4784 -0.023187 0.322609 2.90348 80 2 25 10 47630 0 
-157.925 25.4784 -0.0231878 0.322609 2.90348 80 2 25 10 47631 0 
-157.914 25.4784 -0.0231887 0.322609 2.90348 80 2 25 10 47632 0 
-157.903 25.4784 -0.0231895 0.322609 2.90348 80 2 25 10 47633 0 
-157.893 25.4784 -0.0231903 0.322609 2.90348 80 2 25 10 47634 0 
-157.882 25.4784 -0.0231912 0.322609 2.90348 80 2 25 10 47635 0 
-157.871 25.4784 -0.023192 0.322609 2.90348 80 2 25 10 47636 0 
-157.86 25.4784 -0.0231928 0.322609 2.90348 80 2 25 10 47637 0 
-157.85 25.4784 -0.0231936 0.322609 2.90348 80 2 25 10 47638 0 
-157.839 25.4784 -0.0231945 0.322609 2.90348 80 2 25 10 47639 0 
-157.828 25.4784 -0.0231953 0.322609 2.90348 80 2 25 10 47640 0 
-157.817 25.4784 -0.0231961 0.322609 2.90348 80 2 25 10 47641 0 
-157.807 25.4784 -0.023197 0.322609 2.90348 80 2 25 10 47642 0 
-157.796 25.4784 -0.0231978 0.322609 2.90348 80 2 25 10 47643 0 
-157.785 25.4784 -0.0231987 0.322609 2.90348 80 2 25 10 47644 0 
-157.774 25.4784 -0.0231995 0.322609 2.90348 80 2 25 10 47645 0 
-157.764 25.4784 -0.0232003 0.322609 2.90348 80 2 25 10 47646 0 
-157.753 25.4784 -0.0232012 0.322609 2.90348 80 2 25 10 47647 0 
-157.742 25.4784 -0.023202 0.322609 2.90348 80 2 25 10 47648 0 
-157.731 25.4784 -0.0232028 0.322609 2.90348 80 2 25 10 47649 0 
-157.72 25.4783 -0.0232037 0.322609 2.90348 80 2 25 10 47650 0 
-157.71 25.4783 -0.0232045 0.322609 2.90348 80 2 25 10 47651 0 
-157.699 25.4783 -0.0232054 0.322609 2.90348 80 2 25 10 47652 0 
-157.688 25.4783 -0.0232062 0.322609 2.90348 80 2 25 10 47653 0 
-157.677 25.4783 -0.023207 0.322609 2.90348 80 2 25 10 47654 0 
-157.667 25.4783 -0.0232079 0.322609 2.90348 80 2 25 10 47655 0 
-157.656 25.4783 -0.0232087 0.322609 2.90348 80 2 25 10 47656 0 
-157.645 25.4783 -0.0232096 0.322609 2.90348 80 2 25 10 47657 0 
-157.634 25.4783 -0.0232104 0.322609 2.90348 80 2 25 10 47658 0 
-157.624 25.4783 -0.0232113 0.322609 2.90348 80 2 25 10 47659 0 
-157.613 25.4783 -0.0232121 0.322609 2.90348 80 2 25 10 47660 0 
-157.602 25.4783 -0.023213 0.322609 2.90348 80 2 25 10 47661 0 
-157.591 25.4783 -0.0232138 0.322609 2.90348 80 2 25 10 47662 0 
-157.581 25.4783 -0.0232146 0.322609 2.90348 80 2 25 10 47663 0 
-157.57 25.4783 -0.0232155 0.322609 2.90348 80 2 25 10 47664 0 
-157.559 25.4783 -0.0232163 0.322609 2.90348 80 2 25 10 47665 0 
-157.548 25.4783 -0.0232172 0.322609 2.90348 80 2 25 10 47666 0 
-157.538 25.4783 -0.023218 0.322609 2.90348 80 2 25 10 47667 0 
-157.527 25.4783 -0.0232189 0.322609 2.90348 80 2 25 10 47668 0 
-157.516 25.4783 -0.0232197 0.322609 2.90348 80 2 25 10 47669 0 
-157.505 25.4783 -0.0232206 0.322609 2.90348 80 2 25 10 47670 0 
-157.495 25.4783 -0.0232214 0.322609 2.90348 80 2 25 10 47671 0 
-157.484 25.4783 -0.0232223 0.322609 2.90348 80 2 25 10 47672 0 
-157.473 25.4783 -0.0232231 0.322609 2.90348 80 2 25 10 47673 0 
-157.462 25.4783 -0.023224 0.322609 2.90348 80 2 25 10 47674 0 
-157.452 25.4783 -0.0232248 0.322609 2.90348 80 2 25 10 47675 0 
-157.441 25.4782 -0.0232257 0.322609 2.90348 80 2 25 10 47676 0 
-157.43 25.4782 -0.0232265 0.322609 2.90348 80 2 25 10 47677 0 
-157.419 25.4782 -0.0232274 0.322609 2.90348 80 2 25 10 47678 0 
-157.409 25.4782 -0.0232283 0.322609 2.90348 80 2 25 10 47679 0 
-157.398 25.4782 -0.0232291 0.322609 2.90348 80 2 25 10 47680 0 
-157.387 25.4782 -0.02323 0.322609 2.90348 80 2 25 10 47681 0 
-157.376 25.4782 -0.0232308 0.322609 2.90348 80 2 25 10 47682 0 
-157.365 25.4782 -0.0232317 0.322609 2.90348 80 2 25 10 47683 0 
-157.355 25.4782 -0.0232325 0.322609 2.90348 80 2 25 10 47684 0 
-157.344 25.4782 -0.0232334 0.322609 2.90348 80 2 25 10 47685 0 
-157.333 25.4782 -0.0232342 0.322609 2.90348 80 2 25 10 47686 0 
-157.322 25.4782 -0.0232351 0.322609 2.90348 80 2 25 10 47687 0 
-157.312 25.4782 -0.023236 0.322609 2.90348 80 2 25 10 47688 0 
-157.301 25.4782 -0.0232368 0.322609 2.90348 80 2 25 10 47689 0 
-157.29 25.4782 -0.0232377 0.322609 2.90348 80 2 25 10 47690 0 
-157.279 25.4782 -0.0232385 0.322609 2.90348 80 2 25 10 47691 0 
-157.269 25.4782 -0.0232394 0.322609 2.90348 80 2 25 10 47692 0 
-157.258 25.4782 -0.0232402 0.322609 2.90348 80 2 25 10 47693 0 
-157.247 25.4782 -0.0232411 0.322609 2.90348 80 2 25 10 47694 0 
-157.236 25.4782 -0.023242 0.322609 2.90348 80 2 25 10 47695 0 
-157.226 25.4782 -0.0232428 0.322609 2.90348 80 2 25 10 47696 0 
-157.215 25.4782 -0.0232437 0.322609 2.90348 80 2 25 10 47697 0 
-157.204 25.4782 -0.0232445 0.322609 2.90348 80 2 25 10 47698 0 
-157.193 25.4782 -0.0232454 0.322609 2.90348 80 2 25 10 47699 0 
-157.183 25.4782 -0.0232463 0.322609 2.90348 80 2 25 10 47700 0 
-157.172 25.4782 -0.0232471 0.322609 2.90348 80 2 25 10 47701 0 
-157.161 25.4781 -0.023248 0.322609 2.90348 80 2 25 10 47702 0 
-157.15 25.4781 -0.0232489 0.322609 2.90348 80 2 25 10 47703 0 
-157.14 25.4781 -0.0232497 0.322609 2.90348 80 2 25 10 47704 0 
-157.129 25.4781 -0.0232506 0.322609 2.90348 80 2 25 10 47705 0 
-157.118 25.4781 -0.0232514 0.322609 2.90348 80 2 25 10 47706 0 
-157.107 25.4781 -0.0232523 0.322609 2.90348 80 2 25 10 47707 0 
-157.097 25.4781 -0.0232532 0.322609 2.90348 80 2 25 10 47708 0 
-157.086 25.4781 -0.023254 0.322609 2.90348 80 2 25 10 47709 0 
-157.075 25.4781 -0.0232549 0.322609 2.90348 80 2 25 10 47710 0 
-157.064 25.4781 -0.0232558 0.322609 2.90348 80 2 25 10 47711 0 
-157.054 25.4781 -0.0232566 0.322609 2.90348 80 2 25 10 47712 0 
-157.043 25.4781 -0.0232575 0.322609 2.90348 80 2 25 10 47713 0 
-157.032 25.4781 -0.0232584 0.322609 2.90348 80 2 25 10 47714 0 
-157.021 25.4781 -0.0232592 0.322609 2.90348 80 2 25 10 47715 0 
-157.01 25.4781 -0.0232601 0.322609 2.90348 80 2 25 10 47716 0 
-157 25.4781 -0.023261 0.322609 2.90348 80 2 25 10 47717 0 
-156.989 25.4781 -0.0232618 0.322609 2.90348 80 2 25 10 47718 0 
-156.978 25.4781 -0.0232627 0.322609 2.90348 80 2 25 10 47719 0 
-156.967 25.4781 -0.0232636 0.322609 2.90348 80 2 25 10 47720 0 
-156.957 25.4781 -0.0232644 0.322609 2.90348 80 2 25 10 47721 0 
-156.946 25.4781 -0.0232653 0.322609 2.90348 80 2 25 10 47722 0 
-156.935 25.4781 -0.0232662 0.322609 2.90348 80 2 25 10 47723 0 
-156.924 25.4781 -0.023267 0.322609 2.90348 80 2 25 10 47724 0 
-156.914 25.4781 -0.0232679 0.322609 2.90348 80 2 25 10 47725 0 
-156.903 25.4781 -0.0232688 0.322609 2.90348 80 2 25 10 47726 0 
-156.892 25.4781 -0.0232696 0.322609 2.90348 80 2 25 10 47727 0 
-156.881 25.4781 -0.0232705 0.322609 2.90348 80 2 25 10 47728 0 
-156.871 25.478 -0.0232714 0.322609 2.90348 80 2 25 10 47729 0 
-156.86 25.478 -0.0232722 0.322609 2.90348 80 2 25 10 47730 0 
-156.849 25.478 -0.0232731 0.322609 2.90348 80 2 25 10 47731 0 
-156.838 25.478 -0.023274 0.322609 2.90348 80 2 25 10 47732 0 
-156.828 25.478 -0.0232748 0.322609 2.90348 80 2 25 10 47733 0 
-156.817 25.478 -0.0232757 0.322609 2.90348 80 2 25 10 47734 0 
-156.806 25.478 -0.0232766 0.322609 2.90348 80 2 25 10 47735 0 
-156.795 25.478 -0.0232775 0.322609 2.90348 80 2 25 10 47736 0 
-156.785 25.478 -0.0232783 0.322609 2.90348 80 2 25 10 47737 0 
-156.774 25.478 -0.0232792 0.322609 2.90348 80 2 25 10 47738 0 
-156.763 25.478 -0.0232801 0.322609 2.90348 80 2 25 10 47739 0 
-156.752 25.478 -0.0232809 0.322609 2.90348 80 2 25 10 47740 0 
-156.742 25.478 -0.0232818 0.322609 2.90348 80 2 25 10 47741 0 
-156.731 25.478 -0.0232827 0.322609 2.90348 80 2 25 10 47742 0 
-156.72 25.478 -0.0232836 0.322609 2.90348 80 2 25 10 47743 0 
-156.709 25.478 -0.0232844 0.322609 2.90348 80 2 25 10 47744 0 
-156.699 25.478 -0.0232853 0.322609 2.90348 80 2 25 10 47745 0 
-156.688 25.478 -0.0232862 0.322609 2.90348 80 2 25 10 47746 0 
-156.677 25.478 -0.023287 0.322609 2.90348 80 2 25 10 47747 0 
-156.666 25.478 -0.0232879 0.322609 2.90348 80 2 25 10 47748 0 
-156.655 25.478 -0.0232888 0.322609 2.90348 80 2 25 10 47749 0 
-156.645 25.478 -0.0232897 0.322609 2.90348 80 2 25 10 47750 0 
-156.634 25.478 -0.0232905 0.322609 2.90348 80 2 25 10 47751 0 
-156.623 25.478 -0.0232914 0.322609 2.90348 80 2 25 10 47752 0 
-156.612 25.478 -0.0232923 0.322609 2.90348 80 2 25 10 47753 0 
-156.602 25.478 -0.0232932 0.322609 2.90348 80 2 25 10 47754 0 
-156.591 25.4779 -0.023294 0.322609 2.90348 80 2 25 10 47755 0 
-156.58 25.4779 -0.0232949 0.322609 2.90348 80 2 25 10 47756 0 
-156.569 25.4779 -0.0232958 0.322609 2.90348 80 2 25 10 47757 0 
-156.559 25.4779 -0.0232967 0.322609 2.90348 80 2 25 10 47758 0 
-156.548 25.4779 -0.0232975 0.322609 2.90348 80 2 25 10 47759 0 
-156.537 25.4779 -0.0232984 0.322609 2.90348 80 2 25 10 47760 0 
-156.526 25.4779 -0.0232993 0.322609 2.90348 80 2 25 10 47761 0 
-156.516 25.4779 -0.0233002 0.322609 2.90348 80 2 25 10 47762 0 
-156.505 25.4779 -0.023301 0.322609 2.90348 80 2 25 10 47763 0 
-156.494 25.4779 -0.0233019 0.322609 2.90348 80 2 25 10 47764 0 
-156.483 25.4779 -0.0233028 0.322609 2.90348 80 2 25 10 47765 0 
-156.473 25.4779 -0.0233037 0.322609 2.90348 80 2 25 10 47766 0 
-156.462 25.4779 -0.0233045 0.322609 2.90348 80 2 25 10 47767 0 
-156.451 25.4779 -0.0233054 0.322609 2.90348 80 2 25 10 47768 0 
-156.44 25.4779 -0.0233063 0.322609 2.90348 80 2 25 10 47769 0 
-156.43 25.4779 -0.0233072 0.322609 2.90348 80 2 25 10 47770 0 
-156.419 25.4779 -0.023308 0.322609 2.90348 80 2 25 10 47771 0 
-156.408 25.4779 -0.0233089 0.322609 2.90348 80 2 25 10 47772 0 
-156.397 25.4779 -0.0233098 0.322609 2.90348 80 2 25 10 47773 0 
-156.387 25.4779 -0.0233107 0.322609 2.90348 80 2 25 10 47774 0 
-156.376 25.4779 -0.0233115 0.322609 2.90348 80 2 25 10 47775 0 
-156.365 25.4779 -0.0233124 0.322609 2.90348 80 2 25 10 47776 0 
-156.354 25.4779 -0.0233133 0.322609 2.90348 80 2 25 10 47777 0 
-156.344 25.4779 -0.0233142 0.322609 2.90348 80 2 25 10 47778 0 
-156.333 25.4779 -0.0233151 0.322609 2.90348 80 2 25 10 47779 0 
-156.322 25.4779 -0.0233159 0.322609 2.90348 80 2 25 10 47780 0 
-156.311 25.4778 -0.0233168 0.322609 2.90348 80 2 25 10 47781 0 
-156.3 25.4778 -0.0233177 0.322609 2.90348 80 2 25 10 47782 0 
-156.29 25.4778 -0.0233186 0.322609 2.90348 80 2 25 10 47783 0 
-156.279 25.4778 -0.0233194 0.322609 2.90348 80 2 25 10 47784 0 
-156.268 25.4778 -0.0233203 0.322609 2.90348 80 2 25 10 47785 0 
-156.257 25.4778 -0.0233212 0.322609 2.90348 80 2 25 10 47786 0 
-156.247 25.4778 -0.0233221 0.322609 2.90348 80 2 25 10 47787 0 
-156.236 25.4778 -0.023323 0.322609 2.90348 80 2 25 10 47788 0 
-156.225 25.4778 -0.0233238 0.322609 2.90348 80 2 25 10 47789 0 
-156.214 25.4778 -0.0233247 0.322609 2.90348 80 2 25 10 47790 0 
-156.204 25.4778 -0.0233256 0.322609 2.90348 80 2 25 10 47791 0 
-156.193 25.4778 -0.0233265 0.322609 2.90348 80 2 25 10 47792 0 
-156.182 25.4778 -0.0233274 0.322609 2.90348 80 2 25 10 47793 0 
-156.171 25.4778 -0.0233282 0.322609 2.90348 80 2 25 10 47794 0 
-156.161 25.4778 -0.0233291 0.322609 2.90348 80 2 25 10 47795 0 
-156.15 25.4778 -0.02333 0.322609 2.90348 80 2 25 10 47796 0 
-156.139 25.4778 -0.0233309 0.322609 2.90348 80 2 25 10 47797 0 
-156.128 25.4778 -0.0233318 0.322609 2.90348 80 2 25 10 47798 0 
-156.118 25.4778 -0.0233326 0.322609 2.90348 80 2 25 10 47799 0 
-156.107 25.4778 -0.0233335 0.322609 2.90348 80 2 25 10 47800 0 
-156.096 25.4778 -0.0233344 0.322609 2.90348 80 2 25 10 47801 0 
-156.085 25.4778 -0.0233353 0.322609 2.90348 80 2 25 10 47802 0 
-156.075 25.4778 -0.0233362 0.322609 2.90348 80 2 25 10 47803 0 
-156.064 25.4778 -0.023337 0.322609 2.90348 80 2 25 10 47804 0 
-156.053 25.4778 -0.0233379 0.322609 2.90348 80 2 25 10 47805 0 
-156.042 25.4778 -0.0233388 0.322609 2.90348 80 2 25 10 47806 0 
-156.032 25.4777 -0.0233397 0.322609 2.90348 80 2 25 10 47807 0 
-156.021 25.4777 -0.0233406 0.322609 2.90348 80 2 25 10 47808 0 
-156.01 25.4777 -0.0233414 0.322609 2.90348 80 2 25 10 47809 0 
-155.999 25.4777 -0.0233423 0.322609 2.90348 80 2 25 10 47810 0 
-155.989 25.4777 -0.0233432 0.322609 2.90348 80 2 25 10 47811 0 
-155.978 25.4777 -0.0233441 0.322609 2.90348 80 2 25 10 47812 0 
-155.967 25.4777 -0.023345 0.322609 2.90348 80 2 25 10 47813 0 
-155.956 25.4777 -0.0233459 0.322609 2.90348 80 2 25 10 47814 0 
-155.945 25.4777 -0.0233467 0.322609 2.90348 80 2 25 10 47815 0 
-155.935 25.4777 -0.0233476 0.322609 2.90348 80 2 25 10 47816 0 
-155.924 25.4777 -0.0233485 0.322609 2.90348 80 2 25 10 47817 0 
-155.913 25.4777 -0.0233494 0.322609 2.90348 80 2 25 10 47818 0 
-155.902 25.4777 -0.0233503 0.322609 2.90348 80 2 25 10 47819 0 
-155.892 25.4777 -0.0233511 0.322609 2.90348 80 2 25 10 47820 0 
-155.881 25.4777 -0.023352 0.322609 2.90348 80 2 25 10 47821 0 
-155.87 25.4777 -0.0233529 0.322609 2.90348 80 2 25 10 47822 0 
-155.859 25.4777 -0.0233538 0.322609 2.90348 80 2 25 10 47823 0 
-155.849 25.4777 -0.0233547 0.322609 2.90348 80 2 25 10 47824 0 
-155.838 25.4777 -0.0233556 0.322609 2.90348 80 2 25 10 47825 0 
-155.827 25.4777 -0.0233564 0.322609 2.90348 80 2 25 10 47826 0 
-155.816 25.4777 -0.0233573 0.322609 2.90348 80 2 25 10 47827 0 
-155.806 25.4777 -0.0233582 0.322609 2.90348 80 2 25 10 47828 0 
-155.795 25.4777 -0.0233591 0.322609 2.90348 80 2 25 10 47829 0 
-155.784 25.4777 -0.02336 0.322609 2.90348 80 2 25 10 47830 0 
-155.773 25.4777 -0.0233609 0.322609 2.90348 80 2 25 10 47831 0 
-155.763 25.4777 -0.0233617 0.322609 2.90348 80 2 25 10 47832 0 
-155.752 25.4776 -0.0233626 0.322609 2.90348 80 2 25 10 47833 0 
-155.741 25.4776 -0.0233635 0.322609 2.90348 80 2 25 10 47834 0 
-155.73 25.4776 -0.0233644 0.322609 2.90348 80 2 25 10 47835 0 
-155.72 25.4776 -0.0233653 0.322609 2.90348 80 2 25 10 47836 0 
-155.709 25.4776 -0.0233662 0.322609 2.90348 80 2 25 10 47837 0 
-155.698 25.4776 -0.0233671 0.322609 2.90348 80 2 25 10 47838 0 
-155.687 25.4776 -0.0233679 0.322609 2.90348 80 2 25 10 47839 0 
-155.677 25.4776 -0.0233688 0.322609 2.90348 80 2 25 10 47840 0 
-155.666 25.4776 -0.0233697 0.322609 2.90348 80 2 25 10 47841 0 
-155.655 25.4776 -0.0233706 0.322609 2.90348 80 2 25 10 47842 0 
-155.644 25.4776 -0.0233715 0.322609 2.90348 80 2 25 10 47843 0 
-155.634 25.4776 -0.0233724 0.322609 2.90348 80 2 25 10 47844 0 
-155.623 25.4776 -0.0233733 0.322609 2.90348 80 2 25 10 47845 0 
-155.612 25.4776 -0.0233741 0.322609 2.90348 80 2 25 10 47846 0 
-155.601 25.4776 -0.023375 0.322609 2.90348 80 2 25 10 47847 0 
-155.59 25.4776 -0.0233759 0.322609 2.90348 80 2 25 10 47848 0 
-155.58 25.4776 -0.0233768 0.322609 2.90348 80 2 25 10 47849 0 
-155.569 25.4776 -0.0233777 0.322609 2.90348 80 2 25 10 47850 0 
-155.558 25.4776 -0.0233786 0.322609 2.90348 80 2 25 10 47851 0 
-155.547 25.4776 -0.0233795 0.322609 2.90348 80 2 25 10 47852 0 
-155.537 25.4776 -0.0233803 0.322609 2.90348 80 2 25 10 47853 0 
-155.526 25.4776 -0.0233812 0.322609 2.90348 80 2 25 10 47854 0 
-155.515 25.4776 -0.0233821 0.322609 2.90348 80 2 25 10 47855 0 
-155.504 25.4776 -0.023383 0.322609 2.90348 80 2 25 10 47856 0 
-155.494 25.4776 -0.0233839 0.322609 2.90348 80 2 25 10 47857 0 
-155.483 25.4776 -0.0233848 0.322609 2.90348 80 2 25 10 47858 0 
-155.472 25.4776 -0.0233857 0.322609 2.90348 80 2 25 10 47859 0 
-155.461 25.4775 -0.0233865 0.322609 2.90348 80 2 25 10 47860 0 
-155.451 25.4775 -0.0233874 0.322609 2.90348 80 2 25 10 47861 0 
-155.44 25.4775 -0.0233883 0.322609 2.90348 80 2 25 10 47862 0 
-155.429 25.4775 -0.0233892 0.322609 2.90348 80 2 25 10 47863 0 
-155.418 25.4775 -0.0233901 0.322609 2.90348 80 2 25 10 47864 0 
-155.408 25.4775 -0.023391 0.322609 2.90348 80 2 25 10 47865 0 
-155.397 25.4775 -0.0233919 0.322609 2.90348 80 2 25 10 47866 0 
-155.386 25.4775 -0.0233928 0.322609 2.90348 80 2 25 10 47867 0 
-155.375 25.4775 -0.0233936 0.322609 2.90348 80 2 25 10 47868 0 
-155.365 25.4775 -0.0233945 0.322609 2.90348 80 2 25 10 47869 0 
-155.354 25.4775 -0.0233954 0.322609 2.90348 80 2 25 10 47870 0 
-155.343 25.4775 -0.0233963 0.322609 2.90348 80 2 25 10 47871 0 
-155.332 25.4775 -0.0233972 0.322609 2.90348 80 2 25 10 47872 0 
-155.322 25.4775 -0.0233981 0.322609 2.90348 80 2 25 10 47873 0 
-155.311 25.4775 -0.023399 0.322609 2.90348 80 2 25 10 47874 0 
-155.3 25.4775 -0.0233999 0.322609 2.90348 80 2 25 10 47875 0 
-155.289 25.4775 -0.0234008 0.322609 2.90348 80 2 25 10 47876 0 
-155.279 25.4775 -0.0234016 0.322609 2.90348 80 2 25 10 47877 0 
-155.268 25.4775 -0.0234025 0.322609 2.90348 80 2 25 10 47878 0 
-155.257 25.4775 -0.0234034 0.322609 2.90348 80 2 25 10 47879 0 
-155.246 25.4775 -0.0234043 0.322609 2.90348 80 2 25 10 47880 0 
-155.236 25.4775 -0.0234052 0.322609 2.90348 80 2 25 10 47881 0 
-155.225 25.4775 -0.0234061 0.322609 2.90348 80 2 25 10 47882 0 
-155.214 25.4775 -0.023407 0.322609 2.90348 80 2 25 10 47883 0 
-155.203 25.4775 -0.0234079 0.322609 2.90348 80 2 25 10 47884 0 
-155.192 25.4775 -0.0234088 0.322609 2.90348 80 2 25 10 47885 0 
-155.182 25.4774 -0.0234096 0.322609 2.90348 80 2 25 10 47886 0 
-155.171 25.4774 -0.0234105 0.322609 2.90348 80 2 25 10 47887 0 
-155.16 25.4774 -0.0234114 0.322609 2.90348 80 2 25 10 47888 0 
-155.149 25.4774 -0.0234123 0.322609 2.90348 80 2 25 10 47889 0 
-155.139 25.4774 -0.0234132 0.322609 2.90348 80 2 25 10 47890 0 
-155.128 25.4774 -0.0234141 0.322609 2.90348 80 2 25 10 47891 0 
-155.117 25.4774 -0.023415 0.322609 2.90348 80 2 25 10 47892 0 
-155.106 25.4774 -0.0234159 0.322609 2.90348 80 2 25 10 47893 0 
-155.096 25.4774 -0.0234168 0.322609 2.90348 80 2 25 10 47894 0 
-155.085 25.4774 -0.0234177 0.322609 2.90348 80 2 25 10 47895 0 
-155.074 25.4774 -0.0234185 0.322609 2.90348 80 2 25 10 47896 0 
-155.063 25.4774 -0.0234194 0.322609 2.90348 80 2 25 10 47897 0 
-155.053 25.4774 -0.0234203 0.322609 2.90348 80 2 25 10 47898 0 
-155.042 25.4774 -0.0234212 0.322609 2.90348 80 2 25 10 47899 0 
-155.031 25.4774 -0.0234221 0.322609 2.90348 80 2 25 10 47900 0 
-155.02 25.4774 -0.023423 0.322609 2.90348 80 2 25 10 47901 0 
-155.01 25.4774 -0.0234239 0.322609 2.90348 80 2 25 10 47902 0 
-154.999 25.4774 -0.0234248 0.322609 2.90348 80 2 25 10 47903 0 
-154.988 25.4774 -0.0234257 0.322609 2.90348 80 2 25 10 47904 0 
-154.977 25.4774 -0.0234266 0.322609 2.90348 80 2 25 10 47905 0 
-154.967 25.4774 -0.0234274 0.322609 2.90348 80 2 25 10 47906 0 
-154.956 25.4774 -0.0234283 0.322609 2.90348 80 2 25 10 47907 0 
-154.945 25.4774 -0.0234292 0.322609 2.90348 80 2 25 10 47908 0 
-154.934 25.4774 -0.0234301 0.322609 2.90348 80 2 25 10 47909 0 
-154.924 25.4774 -0.023431 0.322609 2.90348 80 2 25 10 47910 0 
-154.913 25.4774 -0.0234319 0.322609 2.90348 80 2 25 10 47911 0 
-154.902 25.4773 -0.0234328 0.322609 2.90348 80 2 25 10 47912 0 
-154.891 25.4773 -0.0234337 0.322609 2.90348 80 2 25 10 47913 0 
-154.881 25.4773 -0.0234346 0.322609 2.90348 80 2 25 10 47914 0 
-154.87 25.4773 -0.0234355 0.322609 2.90348 80 2 25 10 47915 0 
-154.859 25.4773 -0.0234364 0.322609 2.90348 80 2 25 10 47916 0 
-154.848 25.4773 -0.0234373 0.322609 2.90348 80 2 25 10 47917 0 
-154.837 25.4773 -0.0234382 0.322609 2.90348 80 2 25 10 47918 0 
-154.827 25.4773 -0.023439 0.322609 2.90348 80 2 25 10 47919 0 
-154.816 25.4773 -0.0234399 0.322609 2.90348 80 2 25 10 47920 0 
-154.805 25.4773 -0.0234408 0.322609 2.90348 80 2 25 10 47921 0 
-154.794 25.4773 -0.0234417 0.322609 2.90348 80 2 25 10 47922 0 
-154.784 25.4773 -0.0234426 0.322609 2.90348 80 2 25 10 47923 0 
-154.773 25.4773 -0.0234435 0.322609 2.90348 80 2 25 10 47924 0 
-154.762 25.4773 -0.0234444 0.322609 2.90348 80 2 25 10 47925 0 
-154.751 25.4773 -0.0234453 0.322609 2.90348 80 2 25 10 47926 0 
-154.741 25.4773 -0.0234462 0.322609 2.90348 80 2 25 10 47927 0 
-154.73 25.4773 -0.0234471 0.322609 2.90348 80 2 25 10 47928 0 
-154.719 25.4773 -0.023448 0.322609 2.90348 80 2 25 10 47929 0 
-154.708 25.4773 -0.0234489 0.322609 2.90348 80 2 25 10 47930 0 
-154.698 25.4773 -0.0234498 0.322609 2.90348 80 2 25 10 47931 0 
-154.687 25.4773 -0.0234507 0.322609 2.90348 80 2 25 10 47932 0 
-154.676 25.4773 -0.0234515 0.322609 2.90348 80 2 25 10 47933 0 
-154.665 25.4773 -0.0234524 0.322609 2.90348 80 2 25 10 47934 0 
-154.655 25.4773 -0.0234533 0.322609 2.90348 80 2 25 10 47935 0 
-154.644 25.4773 -0.0234542 0.322609 2.90348 80 2 25 10 47936 0 
-154.633 25.4773 -0.0234551 0.322609 2.90348 80 2 25 10 47937 0 
-154.622 25.4772 -0.023456 0.322609 2.90348 80 2 25 10 47938 0 
-154.612 25.4772 -0.0234569 0.322609 2.90348 80 2 25 10 47939 0 
-154.601 25.4772 -0.0234578 0.322609 2.90348 80 2 25 10 47940 0 
-154.59 25.4772 -0.0234587 0.322609 2.90348 80 2 25 10 47941 0 
-154.579 25.4772 -0.0234596 0.322609 2.90348 80 2 25 10 47942 0 
-154.569 25.4772 -0.0234605 0.322609 2.90348 80 2 25 10 47943 0 
-154.558 25.4772 -0.0234614 0.322609 2.90348 80 2 25 10 47944 0 
-154.547 25.4772 -0.0234623 0.322609 2.90348 80 2 25 10 47945 0 
-154.536 25.4772 -0.0234632 0.322609 2.90348 80 2 25 10 47946 0 
-154.526 25.4772 -0.0234641 0.322609 2.90348 80 2 25 10 47947 0 
-154.515 25.4772 -0.023465 0.322609 2.90348 80 2 25 10 47948 0 
-154.504 25.4772 -0.0234659 0.322609 2.90348 80 2 25 10 47949 0 
-154.493 25.4772 -0.0234667 0.322609 2.90348 80 2 25 10 47950 0 
-154.482 25.4772 -0.0234676 0.322609 2.90348 80 2 25 10 47951 0 
-154.472 25.4772 -0.0234685 0.322609 2.90348 80 2 25 10 47952 0 
-154.461 25.4772 -0.0234694 0.322609 2.90348 80 2 25 10 47953 0 
-154.45 25.4772 -0.0234703 0.322609 2.90348 80 2 25 10 47954 0 
-154.439 25.4772 -0.0234712 0.322609 2.90348 80 2 25 10 47955 0 
-154.429 25.4772 -0.0234721 0.322609 2.90348 80 2 25 10 47956 0 
-154.418 25.4772 -0.023473 0.322609 2.90348 80 2 25 10 47957 0 
-154.407 25.4772 -0.0234739 0.322609 2.90348 80 2 25 10 47958 0 
-154.396 25.4772 -0.0234748 0.322609 2.90348 80 2 25 10 47959 0 
-154.386 25.4772 -0.0234757 0.322609 2.90348 80 2 25 10 47960 0 
-154.375 25.4772 -0.0234766 0.322609 2.90348 80 2 25 10 47961 0 
-154.364 25.4772 -0.0234775 0.322609 2.90348 80 2 25 10 47962 0 
-154.353 25.4772 -0.0234784 0.322609 2.90348 80 2 25 10 47963 0 
-154.343 25.4771 -0.0234793 0.322609 2.90348 80 2 25 10 47964 0 
-154.332 25.4771 -0.0234802 0.322609 2.90348 80 2 25 10 47965 0 
-154.321 25.4771 -0.0234811 0.322609 2.90348 80 2 25 10 47966 0 
-154.31 25.4771 -0.023482 0.322609 2.90348 80 2 25 10 47967 0 
-154.3 25.4771 -0.0234829 0.322609 2.90348 80 2 25 10 47968 0 
-154.289 25.4771 -0.0234838 0.322609 2.90348 80 2 25 10 47969 0 
-154.278 25.4771 -0.0234847 0.322609 2.90348 80 2 25 10 47970 0 
-154.267 25.4771 -0.0234856 0.322609 2.90348 80 2 25 10 47971 0 
-154.257 25.4771 -0.0234865 0.322609 2.90348 80 2 25 10 47972 0 
-154.246 25.4771 -0.0234874 0.322609 2.90348 80 2 25 10 47973 0 
-154.235 25.4771 -0.0234883 0.322609 2.90348 80 2 25 10 47974 0 
-154.224 25.4771 -0.0234892 0.322609 2.90348 80 2 25 10 47975 0 
-154.214 25.4771 -0.0234901 0.322609 2.90348 80 2 25 10 47976 0 
-154.203 25.4771 -0.023491 0.322609 2.90348 80 2 25 10 47977 0 
-154.192 25.4771 -0.0234919 0.322609 2.90348 80 2 25 10 47978 0 
-154.181 25.4771 -0.0234927 0.322609 2.90348 80 2 25 10 47979 0 
-154.171 25.4771 -0.0234936 0.322609 2.90348 80 2 25 10 47980 0 
-154.16 25.4771 -0.0234945 0.322609 2.90348 80 2 25 10 47981 0 
-154.149 25.4771 -0.0234954 0.322609 2.90348 80 2 25 10 47982 0 
-154.138 25.4771 -0.0234963 0.322609 2.90348 80 2 25 10 47983 0 
-154.127 25.4771 -0.0234972 0.322609 2.90348 80 2 25 10 47984 0 
-154.117 25.4771 -0.0234981 0.322609 2.90348 80 2 25 10 47985 0 
-154.106 25.4771 -0.023499 0.322609 2.90348 80 2 25 10 47986 0 
-154.095 25.4771 -0.0234999 0.322609 2.90348 80 2 25 10 47987 0 
-154.084 25.4771 -0.0235008 0.322609 2.90348 80 2 25 10 47988 0 
-154.074 25.4771 -0.0235017 0.322609 2.90348 80 2 25 10 47989 0 
-154.063 25.4771 -0.0235026 0.322609 2.90348 80 2 25 10 47990 0 
-154.052 25.477 -0.0235035 0.322609 2.90348 80 2 25 10 47991 0 
-154.041 25.477 -0.0235044 0.322609 2.90348 80 2 25 10 47992 0 
-154.031 25.477 -0.0235053 0.322609 2.90348 80 2 25 10 47993 0 
-154.02 25.477 -0.0235062 0.322609 2.90348 80 2 25 10 47994 0 
-154.009 25.477 -0.0235071 0.322609 2.90348 80 2 25 10 47995 0 
-153.998 25.477 -0.023508 0.322609 2.90348 80 2 25 10 47996 0 
-153.988 25.477 -0.0235089 0.322609 2.90348 80 2 25 10 47997 0 
-153.977 25.477 -0.0235098 0.322609 2.90348 80 2 25 10 47998 0 
-153.966 25.477 -0.0235107 0.322609 2.90348 80 2 25 10 47999 0 
-153.955 25.477 -0.0235116 0.322609 2.90348 80 2 25 10 48000 0 
-153.945 25.477 -0.0235125 0.322609 2.90348 80 2 25 10 48001 0 
-153.934 25.477 -0.0235134 0.322609 2.90348 80 2 25 10 48002 0 
-153.923 25.477 -0.0235143 0.322609 2.90348 80 2 25 10 48003 0 
-153.912 25.477 -0.0235152 0.322609 2.90348 80 2 25 10 48004 0 
-153.902 25.477 -0.0235161 0.322609 2.90348 80 2 25 10 48005 0 
-153.891 25.477 -0.023517 0.322609 2.90348 80 2 25 10 48006 0 
-153.88 25.477 -0.0235179 0.322609 2.90348 80 2 25 10 48007 0 
-153.869 25.477 -0.0235188 0.322609 2.90348 80 2 25 10 48008 0 
-153.859 25.477 -0.0235197 0.322609 2.90348 80 2 25 10 48009 0 
-153.848 25.477 -0.0235206 0.322609 2.90348 80 2 25 10 48010 0 
-153.837 25.477 -0.0235215 0.322609 2.90348 80 2 25 10 48011 0 
-153.826 25.477 -0.0235224 0.322609 2.90348 80 2 25 10 48012 0 
-153.816 25.477 -0.0235233 0.322609 2.90348 80 2 25 10 48013 0 
-153.805 25.477 -0.0235242 0.322609 2.90348 80 2 25 10 48014 0 
-153.794 25.477 -0.0235251 0.322609 2.90348 80 2 25 10 48015 0 
-153.783 25.477 -0.023526 0.322609 2.90348 80 2 25 10 48016 0 
-153.772 25.4769 -0.0235269 0.322609 2.90348 80 2 25 10 48017 0 
-153.762 25.4769 -0.0235278 0.322609 2.90348 80 2 25 10 48018 0 
-153.751 25.4769 -0.0235287 0.322609 2.90348 80 2 25 10 48019 0 
-153.74 25.4769 -0.0235296 0.322609 2.90348 80 2 25 10 48020 0 
-153.729 25.4769 -0.0235305 0.322609 2.90348 80 2 25 10 48021 0 
-153.719 25.4769 -0.0235314 0.322609 2.90348 80 2 25 10 48022 0 
-153.708 25.4769 -0.0235323 0.322609 2.90348 80 2 25 10 48023 0 
-153.697 25.4769 -0.0235332 0.322609 2.90348 80 2 25 10 48024 0 
-153.686 25.4769 -0.0235341 0.322609 2.90348 80 2 25 10 48025 0 
-153.676 25.4769 -0.023535 0.322609 2.90348 80 2 25 10 48026 0 
-153.665 25.4769 -0.0235359 0.322609 2.90348 80 2 25 10 48027 0 
-153.654 25.4769 -0.0235368 0.322609 2.90348 80 2 25 10 48028 0 
-153.643 25.4769 -0.0235377 0.322609 2.90348 80 2 25 10 48029 0 
-153.633 25.4769 -0.0235386 0.322609 2.90348 80 2 25 10 48030 0 
-153.622 25.4769 -0.0235395 0.322609 2.90348 80 2 25 10 48031 0 
-153.611 25.4769 -0.0235404 0.322609 2.90348 80 2 25 10 48032 0 
-153.6 25.4769 -0.0235413 0.322609 2.90348 80 2 25 10 48033 0 
-153.59 25.4769 -0.0235422 0.322609 2.90348 80 2 25 10 48034 0 
-153.579 25.4769 -0.0235431 0.322609 2.90348 80 2 25 10 48035 0 
-153.568 25.4769 -0.023544 0.322609 2.90348 80 2 25 10 48036 0 
-153.557 25.4769 -0.0235449 0.322609 2.90348 80 2 25 10 48037 0 
-153.547 25.4769 -0.0235459 0.322609 2.90348 80 2 25 10 48038 0 
-153.536 25.4769 -0.0235468 0.322609 2.90348 80 2 25 10 48039 0 
-153.525 25.4769 -0.0235477 0.322609 2.90348 80 2 25 10 48040 0 
-153.514 25.4769 -0.0235486 0.322609 2.90348 80 2 25 10 48041 0 
-153.504 25.4769 -0.0235495 0.322609 2.90348 80 2 25 10 48042 0 
-153.493 25.4768 -0.0235504 0.322609 2.90348 80 2 25 10 48043 0 
-153.482 25.4768 -0.0235513 0.322609 2.90348 80 2 25 10 48044 0 
-153.471 25.4768 -0.0235522 0.322609 2.90348 80 2 25 10 48045 0 
-153.461 25.4768 -0.0235531 0.322609 2.90348 80 2 25 10 48046 0 
-153.45 25.4768 -0.023554 0.322609 2.90348 80 2 25 10 48047 0 
-153.439 25.4768 -0.0235549 0.322609 2.90348 80 2 25 10 48048 0 
-153.428 25.4768 -0.0235558 0.322609 2.90348 80 2 25 10 48049 0 
-153.417 25.4768 -0.0235567 0.322609 2.90348 80 2 25 10 48050 0 
-153.407 25.4768 -0.0235576 0.322609 2.90348 80 2 25 10 48051 0 
-153.396 25.4768 -0.0235585 0.322609 2.90348 80 2 25 10 48052 0 
-153.385 25.4768 -0.0235594 0.322609 2.90348 80 2 25 10 48053 0 
-153.374 25.4768 -0.0235603 0.322609 2.90348 80 2 25 10 48054 0 
-153.364 25.4768 -0.0235612 0.322609 2.90348 80 2 25 10 48055 0 
-153.353 25.4768 -0.0235621 0.322609 2.90348 80 2 25 10 48056 0 
-153.342 25.4768 -0.023563 0.322609 2.90348 80 2 25 10 48057 0 
-153.331 25.4768 -0.0235639 0.322609 2.90348 80 2 25 10 48058 0 
-153.321 25.4768 -0.0235648 0.322609 2.90348 80 2 25 10 48059 0 
-153.31 25.4768 -0.0235657 0.322609 2.90348 80 2 25 10 48060 0 
-153.299 25.4768 -0.0235666 0.322609 2.90348 80 2 25 10 48061 0 
-153.288 25.4768 -0.0235675 0.322609 2.90348 80 2 25 10 48062 0 
-153.278 25.4768 -0.0235684 0.322609 2.90348 80 2 25 10 48063 0 
-153.267 25.4768 -0.0235693 0.322609 2.90348 80 2 25 10 48064 0 
-153.256 25.4768 -0.0235703 0.322609 2.90348 80 2 25 10 48065 0 
-153.245 25.4768 -0.0235712 0.322609 2.90348 80 2 25 10 48066 0 
-153.235 25.4768 -0.0235721 0.322609 2.90348 80 2 25 10 48067 0 
-153.224 25.4768 -0.023573 0.322609 2.90348 80 2 25 10 48068 0 
-153.213 25.4767 -0.0235739 0.322609 2.90348 80 2 25 10 48069 0 
-153.202 25.4767 -0.0235748 0.322609 2.90348 80 2 25 10 48070 0 
-153.192 25.4767 -0.0235757 0.322609 2.90348 80 2 25 10 48071 0 
-153.181 25.4767 -0.0235766 0.322609 2.90348 80 2 25 10 48072 0 
-153.17 25.4767 -0.0235775 0.322609 2.90348 80 2 25 10 48073 0 
-153.159 25.4767 -0.0235784 0.322609 2.90348 80 2 25 10 48074 0 
-153.149 25.4767 -0.0235793 0.322609 2.90348 80 2 25 10 48075 0 
-153.138 25.4767 -0.0235802 0.322609 2.90348 80 2 25 10 48076 0 
-153.127 25.4767 -0.0235811 0.322609 2.90348 80 2 25 10 48077 0 
-153.116 25.4767 -0.023582 0.322609 2.90348 80 2 25 10 48078 0 
-153.106 25.4767 -0.0235829 0.322609 2.90348 80 2 25 10 48079 0 
-153.095 25.4767 -0.0235838 0.322609 2.90348 80 2 25 10 48080 0 
-153.084 25.4767 -0.0235847 0.322609 2.90348 80 2 25 10 48081 0 
-153.073 25.4767 -0.0235856 0.322609 2.90348 80 2 25 10 48082 0 
-153.062 25.4767 -0.0235866 0.322609 2.90348 80 2 25 10 48083 0 
-153.052 25.4767 -0.0235875 0.322609 2.90348 80 2 25 10 48084 0 
-153.041 25.4767 -0.0235884 0.322609 2.90348 80 2 25 10 48085 0 
-153.03 25.4767 -0.0235893 0.322609 2.90348 80 2 25 10 48086 0 
-153.019 25.4767 -0.0235902 0.322609 2.90348 80 2 25 10 48087 0 
-153.009 25.4767 -0.0235911 0.322609 2.90348 80 2 25 10 48088 0 
-152.998 25.4767 -0.023592 0.322609 2.90348 80 2 25 10 48089 0 
-152.987 25.4767 -0.0235929 0.322609 2.90348 80 2 25 10 48090 0 
-152.976 25.4767 -0.0235938 0.322609 2.90348 80 2 25 10 48091 0 
-152.966 25.4767 -0.0235947 0.322609 2.90348 80 2 25 10 48092 0 
-152.955 25.4767 -0.0235956 0.322609 2.90348 80 2 25 10 48093 0 
-152.944 25.4767 -0.0235965 0.322609 2.90348 80 2 25 10 48094 0 
-152.933 25.4767 -0.0235974 0.322609 2.90348 80 2 25 10 48095 0 
-152.923 25.4766 -0.0235983 0.322609 2.90348 80 2 25 10 48096 0 
-152.912 25.4766 -0.0235993 0.322609 2.90348 80 2 25 10 48097 0 
-152.901 25.4766 -0.0236002 0.322609 2.90348 80 2 25 10 48098 0 
-152.89 25.4766 -0.0236011 0.322609 2.90348 80 2 25 10 48099 0 
-152.88 25.4766 -0.023602 0.322609 2.90348 80 2 25 10 48100 0 
-152.869 25.4766 -0.0236029 0.322609 2.90348 80 2 25 10 48101 0 
-152.858 25.4766 -0.0236038 0.322609 2.90348 80 2 25 10 48102 0 
-152.847 25.4766 -0.0236047 0.322609 2.90348 80 2 25 10 48103 0 
-152.837 25.4766 -0.0236056 0.322609 2.90348 80 2 25 10 48104 0 
-152.826 25.4766 -0.0236065 0.322609 2.90348 80 2 25 10 48105 0 
-152.815 25.4766 -0.0236074 0.322609 2.90348 80 2 25 10 48106 0 
-152.804 25.4766 -0.0236083 0.322609 2.90348 80 2 25 10 48107 0 
-152.794 25.4766 -0.0236092 0.322609 2.90348 80 2 25 10 48108 0 
-152.783 25.4766 -0.0236101 0.322609 2.90348 80 2 25 10 48109 0 
-152.772 25.4766 -0.0236111 0.322609 2.90348 80 2 25 10 48110 0 
-152.761 25.4766 -0.023612 0.322609 2.90348 80 2 25 10 48111 0 
-152.751 25.4766 -0.0236129 0.322609 2.90348 80 2 25 10 48112 0 
-152.74 25.4766 -0.0236138 0.322609 2.90348 80 2 25 10 48113 0 
-152.729 25.4766 -0.0236147 0.322609 2.90348 80 2 25 10 48114 0 
-152.718 25.4766 -0.0236156 0.322609 2.90348 80 2 25 10 48115 0 
-152.708 25.4766 -0.0236165 0.322609 2.90348 80 2 25 10 48116 0 
-152.697 25.4766 -0.0236174 0.322609 2.90348 80 2 25 10 48117 0 
-152.686 25.4766 -0.0236183 0.322609 2.90348 80 2 25 10 48118 0 
-152.675 25.4766 -0.0236192 0.322609 2.90348 80 2 25 10 48119 0 
-152.664 25.4766 -0.0236201 0.322609 2.90348 80 2 25 10 48120 0 
-152.654 25.4766 -0.0236211 0.322609 2.90348 80 2 25 10 48121 0 
-152.643 25.4765 -0.023622 0.322609 2.90348 80 2 25 10 48122 0 
-152.632 25.4765 -0.0236229 0.322609 2.90348 80 2 25 10 48123 0 
-152.621 25.4765 -0.0236238 0.322609 2.90348 80 2 25 10 48124 0 
-152.611 25.4765 -0.0236247 0.322609 2.90348 80 2 25 10 48125 0 
-152.6 25.4765 -0.0236256 0.322609 2.90348 80 2 25 10 48126 0 
-152.589 25.4765 -0.0236265 0.322609 2.90348 80 2 25 10 48127 0 
-152.578 25.4765 -0.0236274 0.322609 2.90348 80 2 25 10 48128 0 
-152.568 25.4765 -0.0236283 0.322609 2.90348 80 2 25 10 48129 0 
-152.557 25.4765 -0.0236292 0.322609 2.90348 80 2 25 10 48130 0 
-152.546 25.4765 -0.0236302 0.322609 2.90348 80 2 25 10 48131 0 
-152.535 25.4765 -0.0236311 0.322609 2.90348 80 2 25 10 48132 0 
-152.525 25.4765 -0.023632 0.322609 2.90348 80 2 25 10 48133 0 
-152.514 25.4765 -0.0236329 0.322609 2.90348 80 2 25 10 48134 0 
-152.503 25.4765 -0.0236338 0.322609 2.90348 80 2 25 10 48135 0 
-152.492 25.4765 -0.0236347 0.322609 2.90348 80 2 25 10 48136 0 
-152.482 25.4765 -0.0236356 0.322609 2.90348 80 2 25 10 48137 0 
-152.471 25.4765 -0.0236365 0.322609 2.90348 80 2 25 10 48138 0 
-152.46 25.4765 -0.0236374 0.322609 2.90348 80 2 25 10 48139 0 
-152.449 25.4765 -0.0236384 0.322609 2.90348 80 2 25 10 48140 0 
-152.439 25.4765 -0.0236393 0.322609 2.90348 80 2 25 10 48141 0 
-152.428 25.4765 -0.0236402 0.322609 2.90348 80 2 25 10 48142 0 
-152.417 25.4765 -0.0236411 0.322609 2.90348 80 2 25 10 48143 0 
-152.406 25.4765 -0.023642 0.322609 2.90348 80 2 25 10 48144 0 
-152.396 25.4765 -0.0236429 0.322609 2.90348 80 2 25 10 48145 0 
-152.385 25.4765 -0.0236438 0.322609 2.90348 80 2 25 10 48146 0 
-152.374 25.4765 -0.0236447 0.322609 2.90348 80 2 25 10 48147 0 
-152.363 25.4764 -0.0236456 0.322609 2.90348 80 2 25 10 48148 0 
-152.353 25.4764 -0.0236466 0.322609 2.90348 80 2 25 10 48149 0 
-152.342 25.4764 -0.0236475 0.322609 2.90348 80 2 25 10 48150 0 
-152.331 25.4764 -0.0236484 0.322609 2.90348 80 2 25 10 48151 0 
-152.32 25.4764 -0.0236493 0.322609 2.90348 80 2 25 10 48152 0 
-152.309 25.4764 -0.0236502 0.322609 2.90348 80 2 25 10 48153 0 
-152.299 25.4764 -0.0236511 0.322609 2.90348 80 2 25 10 48154 0 
-152.288 25.4764 -0.023652 0.322609 2.90348 80 2 25 10 48155 0 
-152.277 25.4764 -0.0236529 0.322609 2.90348 80 2 25 10 48156 0 
-152.266 25.4764 -0.0236539 0.322609 2.90348 80 2 25 10 48157 0 
-152.256 25.4764 -0.0236548 0.322609 2.90348 80 2 25 10 48158 0 
-152.245 25.4764 -0.0236557 0.322609 2.90348 80 2 25 10 48159 0 
-152.234 25.4764 -0.0236566 0.322609 2.90348 80 2 25 10 48160 0 
-152.223 25.4764 -0.0236575 0.322609 2.90348 80 2 25 10 48161 0 
-152.213 25.4764 -0.0236584 0.322609 2.90348 80 2 25 10 48162 0 
-152.202 25.4764 -0.0236593 0.322609 2.90348 80 2 25 10 48163 0 
-152.191 25.4764 -0.0236602 0.322609 2.90348 80 2 25 10 48164 0 
-152.18 25.4764 -0.0236612 0.322609 2.90348 80 2 25 10 48165 0 
-152.17 25.4764 -0.0236621 0.322609 2.90348 80 2 25 10 48166 0 
-152.159 25.4764 -0.023663 0.322609 2.90348 80 2 25 10 48167 0 
-152.148 25.4764 -0.0236639 0.322609 2.90348 80 2 25 10 48168 0 
-152.137 25.4764 -0.0236648 0.322609 2.90348 80 2 25 10 48169 0 
-152.127 25.4764 -0.0236657 0.322609 2.90348 80 2 25 10 48170 0 
-152.116 25.4764 -0.0236666 0.322609 2.90348 80 2 25 10 48171 0 
-152.105 25.4764 -0.0236676 0.322609 2.90348 80 2 25 10 48172 0 
-152.094 25.4764 -0.0236685 0.322609 2.90348 80 2 25 10 48173 0 
-152.084 25.4763 -0.0236694 0.322609 2.90348 80 2 25 10 48174 0 
-152.073 25.4763 -0.0236703 0.322609 2.90348 80 2 25 10 48175 0 
-152.062 25.4763 -0.0236712 0.322609 2.90348 80 2 25 10 48176 0 
-152.051 25.4763 -0.0236721 0.322609 2.90348 80 2 25 10 48177 0 
-152.041 25.4763 -0.023673 0.322609 2.90348 80 2 25 10 48178 0 
-152.03 25.4763 -0.023674 0.322609 2.90348 80 2 25 10 48179 0 
-152.019 25.4763 -0.0236749 0.322609 2.90348 80 2 25 10 48180 0 
-152.008 25.4763 -0.0236758 0.322609 2.90348 80 2 25 10 48181 0 
-151.998 25.4763 -0.0236767 0.322609 2.90348 80 2 25 10 48182 0 
-151.987 25.4763 -0.0236776 0.322609 2.90348 80 2 25 10 48183 0 
-151.976 25.4763 -0.0236785 0.322609 2.90348 80 2 25 10 48184 0 
-151.965 25.4763 -0.0236794 0.322609 2.90348 80 2 25 10 48185 0 
-151.954 25.4763 -0.0236804 0.322609 2.90348 80 2 25 10 48186 0 
-151.944 25.4763 -0.0236813 0.322609 2.90348 80 2 25 10 48187 0 
-151.933 25.4763 -0.0236822 0.322609 2.90348 80 2 25 10 48188 0 
-151.922 25.4763 -0.0236831 0.322609 2.90348 80 2 25 10 48189 0 
-151.911 25.4763 -0.023684 0.322609 2.90348 80 2 25 10 48190 0 
-151.901 25.4763 -0.0236849 0.322609 2.90348 80 2 25 10 48191 0 
-151.89 25.4763 -0.0236859 0.322609 2.90348 80 2 25 10 48192 0 
-151.879 25.4763 -0.0236868 0.322609 2.90348 80 2 25 10 48193 0 
-151.868 25.4763 -0.0236877 0.322609 2.90348 80 2 25 10 48194 0 
-151.858 25.4763 -0.0236886 0.322609 2.90348 80 2 25 10 48195 0 
-151.847 25.4763 -0.0236895 0.322609 2.90348 80 2 25 10 48196 0 
-151.836 25.4763 -0.0236904 0.322609 2.90348 80 2 25 10 48197 0 
-151.825 25.4763 -0.0236914 0.322609 2.90348 80 2 25 10 48198 0 
-151.815 25.4763 -0.0236923 0.322609 2.90348 80 2 25 10 48199 0 
-151.804 25.4762 -0.0236932 0.322609 2.90348 80 2 25 10 48200 0 
-151.793 25.4762 -0.0236941 0.322609 2.90348 80 2 25 10 48201 0 
-151.782 25.4762 -0.023695 0.322609 2.90348 80 2 25 10 48202 0 
-151.772 25.4762 -0.0236959 0.322609 2.90348 80 2 25 10 48203 0 
-151.761 25.4762 -0.0236968 0.322609 2.90348 80 2 25 10 48204 0 
-151.75 25.4762 -0.0236978 0.322609 2.90348 80 2 25 10 48205 0 
-151.739 25.4762 -0.0236987 0.322609 2.90348 80 2 25 10 48206 0 
-151.729 25.4762 -0.0236996 0.322609 2.90348 80 2 25 10 48207 0 
-151.718 25.4762 -0.0237005 0.322609 2.90348 80 2 25 10 48208 0 
-151.707 25.4762 -0.0237014 0.322609 2.90348 80 2 25 10 48209 0 
-151.696 25.4762 -0.0237023 0.322609 2.90348 80 2 25 10 48210 0 
-151.686 25.4762 -0.0237033 0.322609 2.90348 80 2 25 10 48211 0 
-151.675 25.4762 -0.0237042 0.322609 2.90348 80 2 25 10 48212 0 
-151.664 25.4762 -0.0237051 0.322609 2.90348 80 2 25 10 48213 0 
-151.653 25.4762 -0.023706 0.322609 2.90348 80 2 25 10 48214 0 
-151.643 25.4762 -0.0237069 0.322609 2.90348 80 2 25 10 48215 0 
-151.632 25.4762 -0.0237079 0.322609 2.90348 80 2 25 10 48216 0 
-151.621 25.4762 -0.0237088 0.322609 2.90348 80 2 25 10 48217 0 
-151.61 25.4762 -0.0237097 0.322609 2.90348 80 2 25 10 48218 0 
-151.599 25.4762 -0.0237106 0.322609 2.90348 80 2 25 10 48219 0 
-151.589 25.4762 -0.0237115 0.322609 2.90348 80 2 25 10 48220 0 
-151.578 25.4762 -0.0237124 0.322609 2.90348 80 2 25 10 48221 0 
-151.567 25.4762 -0.0237134 0.322609 2.90348 80 2 25 10 48222 0 
-151.556 25.4762 -0.0237143 0.322609 2.90348 80 2 25 10 48223 0 
-151.546 25.4762 -0.0237152 0.322609 2.90348 80 2 25 10 48224 0 
-151.535 25.4762 -0.0237161 0.322609 2.90348 80 2 25 10 48225 0 
-151.524 25.4762 -0.023717 0.322609 2.90348 80 2 25 10 48226 0 
-151.513 25.4761 -0.023718 0.322609 2.90348 80 2 25 10 48227 0 
-151.503 25.4761 -0.0237189 0.322609 2.90348 80 2 25 10 48228 0 
-151.492 25.4761 -0.0237198 0.322609 2.90348 80 2 25 10 48229 0 
-151.481 25.4761 -0.0237207 0.322609 2.90348 80 2 25 10 48230 0 
-151.47 25.4761 -0.0237216 0.322609 2.90348 80 2 25 10 48231 0 
-151.46 25.4761 -0.0237225 0.322609 2.90348 80 2 25 10 48232 0 
-151.449 25.4761 -0.0237235 0.322609 2.90348 80 2 25 10 48233 0 
-151.438 25.4761 -0.0237244 0.322609 2.90348 80 2 25 10 48234 0 
-151.427 25.4761 -0.0237253 0.322609 2.90348 80 2 25 10 48235 0 
-151.417 25.4761 -0.0237262 0.322609 2.90348 80 2 25 10 48236 0 
-151.406 25.4761 -0.0237271 0.322609 2.90348 80 2 25 10 48237 0 
-151.395 25.4761 -0.0237281 0.322609 2.90348 80 2 25 10 48238 0 
-151.384 25.4761 -0.023729 0.322609 2.90348 80 2 25 10 48239 0 
-151.374 25.4761 -0.0237299 0.322609 2.90348 80 2 25 10 48240 0 
-151.363 25.4761 -0.0237308 0.322609 2.90348 80 2 25 10 48241 0 
-151.352 25.4761 -0.0237317 0.322609 2.90348 80 2 25 10 48242 0 
-151.341 25.4761 -0.0237327 0.322609 2.90348 80 2 25 10 48243 0 
-151.331 25.4761 -0.0237336 0.322609 2.90348 80 2 25 10 48244 0 
-151.32 25.4761 -0.0237345 0.322609 2.90348 80 2 25 10 48245 0 
-151.309 25.4761 -0.0237354 0.322609 2.90348 80 2 25 10 48246 0 
-151.298 25.4761 -0.0237363 0.322609 2.90348 80 2 25 10 48247 0 
-151.288 25.4761 -0.0237373 0.322609 2.90348 80 2 25 10 48248 0 
-151.277 25.4761 -0.0237382 0.322609 2.90348 80 2 25 10 48249 0 
-151.266 25.4761 -0.0237391 0.322609 2.90348 80 2 25 10 48250 0 
-151.255 25.4761 -0.02374 0.322609 2.90348 80 2 25 10 48251 0 
-151.244 25.4761 -0.0237409 0.322609 2.90348 80 2 25 10 48252 0 
-151.234 25.476 -0.0237419 0.322609 2.90348 80 2 25 10 48253 0 
-151.223 25.476 -0.0237428 0.322609 2.90348 80 2 25 10 48254 0 
-151.212 25.476 -0.0237437 0.322609 2.90348 80 2 25 10 48255 0 
-151.201 25.476 -0.0237446 0.322609 2.90348 80 2 25 10 48256 0 
-151.191 25.476 -0.0237455 0.322609 2.90348 80 2 25 10 48257 0 
-151.18 25.476 -0.0237465 0.322609 2.90348 80 2 25 10 48258 0 
-151.169 25.476 -0.0237474 0.322609 2.90348 80 2 25 10 48259 0 
-151.158 25.476 -0.0237483 0.322609 2.90348 80 2 25 10 48260 0 
-151.148 25.476 -0.0237492 0.322609 2.90348 80 2 25 10 48261 0 
-151.137 25.476 -0.0237502 0.322609 2.90348 80 2 25 10 48262 0 
-151.126 25.476 -0.0237511 0.322609 2.90348 80 2 25 10 48263 0 
-151.115 25.476 -0.023752 0.322609 2.90348 80 2 25 10 48264 0 
-151.105 25.476 -0.0237529 0.322609 2.90348 80 2 25 10 48265 0 
-151.094 25.476 -0.0237538 0.322609 2.90348 80 2 25 10 48266 0 
-151.083 25.476 -0.0237548 0.322609 2.90348 80 2 25 10 48267 0 
-151.072 25.476 -0.0237557 0.322609 2.90348 80 2 25 10 48268 0 
-151.062 25.476 -0.0237566 0.322609 2.90348 80 2 25 10 48269 0 
-151.051 25.476 -0.0237575 0.322609 2.90348 80 2 25 10 48270 0 
-151.04 25.476 -0.0237585 0.322609 2.90348 80 2 25 10 48271 0 
-151.029 25.476 -0.0237594 0.322609 2.90348 80 2 25 10 48272 0 
-151.019 25.476 -0.0237603 0.322609 2.90348 80 2 25 10 48273 0 
-151.008 25.476 -0.0237612 0.322609 2.90348 80 2 25 10 48274 0 
-150.997 25.476 -0.0237621 0.322609 2.90348 80 2 25 10 48275 0 
-150.986 25.476 -0.0237631 0.322609 2.90348 80 2 25 10 48276 0 
-150.976 25.476 -0.023764 0.322609 2.90348 80 2 25 10 48277 0 
-150.965 25.476 -0.0237649 0.322609 2.90348 80 2 25 10 48278 0 
-150.954 25.4759 -0.0237658 0.322609 2.90348 80 2 25 10 48279 0 
-150.943 25.4759 -0.0237668 0.322609 2.90348 80 2 25 10 48280 0 
-150.933 25.4759 -0.0237677 0.322609 2.90348 80 2 25 10 48281 0 
-150.922 25.4759 -0.0237686 0.322609 2.90348 80 2 25 10 48282 0 
-150.911 25.4759 -0.0237695 0.322609 2.90348 80 2 25 10 48283 0 
-150.9 25.4759 -0.0237705 0.322609 2.90348 80 2 25 10 48284 0 
-150.889 25.4759 -0.0237714 0.322609 2.90348 80 2 25 10 48285 0 
-150.879 25.4759 -0.0237723 0.322609 2.90348 80 2 25 10 48286 0 
-150.868 25.4759 -0.0237732 0.322609 2.90348 80 2 25 10 48287 0 
-150.857 25.4759 -0.0237742 0.322609 2.90348 80 2 25 10 48288 0 
-150.846 25.4759 -0.0237751 0.322609 2.90348 80 2 25 10 48289 0 
-150.836 25.4759 -0.023776 0.322609 2.90348 80 2 25 10 48290 0 
-150.825 25.4759 -0.0237769 0.322609 2.90348 80 2 25 10 48291 0 
-150.814 25.4759 -0.0237778 0.322609 2.90348 80 2 25 10 48292 0 
-150.803 25.4759 -0.0237788 0.322609 2.90348 80 2 25 10 48293 0 
-150.793 25.4759 -0.0237797 0.322609 2.90348 80 2 25 10 48294 0 
-150.782 25.4759 -0.0237806 0.322609 2.90348 80 2 25 10 48295 0 
-150.771 25.4759 -0.0237815 0.322609 2.90348 80 2 25 10 48296 0 
-150.76 25.4759 -0.0237825 0.322609 2.90348 80 2 25 10 48297 0 
-150.75 25.4759 -0.0237834 0.322609 2.90348 80 2 25 10 48298 0 
-150.739 25.4759 -0.0237843 0.322609 2.90348 80 2 25 10 48299 0 
-150.728 25.4759 -0.0237852 0.322609 2.90348 80 2 25 10 48300 0 
-150.717 25.4759 -0.0237862 0.322609 2.90348 80 2 25 10 48301 0 
-150.707 25.4759 -0.0237871 0.322609 2.90348 80 2 25 10 48302 0 
-150.696 25.4759 -0.023788 0.322609 2.90348 80 2 25 10 48303 0 
-150.685 25.4759 -0.0237889 0.322609 2.90348 80 2 25 10 48304 0 
-150.674 25.4758 -0.0237899 0.322609 2.90348 80 2 25 10 48305 0 
-150.664 25.4758 -0.0237908 0.322609 2.90348 80 2 25 10 48306 0 
-150.653 25.4758 -0.0237917 0.322609 2.90348 80 2 25 10 48307 0 
-150.642 25.4758 -0.0237926 0.322609 2.90348 80 2 25 10 48308 0 
-150.631 25.4758 -0.0237936 0.322609 2.90348 80 2 25 10 48309 0 
-150.621 25.4758 -0.0237945 0.322609 2.90348 80 2 25 10 48310 0 
-150.61 25.4758 -0.0237954 0.322609 2.90348 80 2 25 10 48311 0 
-150.599 25.4758 -0.0237963 0.322609 2.90348 80 2 25 10 48312 0 
-150.588 25.4758 -0.0237973 0.322609 2.90348 80 2 25 10 48313 0 
-150.578 25.4758 -0.0237982 0.322609 2.90348 80 2 25 10 48314 0 
-150.567 25.4758 -0.0237991 0.322609 2.90348 80 2 25 10 48315 0 
-150.556 25.4758 -0.0238001 0.322609 2.90348 80 2 25 10 48316 0 
-150.545 25.4758 -0.023801 0.322609 2.90348 80 2 25 10 48317 0 
-150.535 25.4758 -0.0238019 0.322609 2.90348 80 2 25 10 48318 0 
-150.524 25.4758 -0.0238028 0.322609 2.90348 80 2 25 10 48319 0 
-150.513 25.4758 -0.0238038 0.322609 2.90348 80 2 25 10 48320 0 
-150.502 25.4758 -0.0238047 0.322609 2.90348 80 2 25 10 48321 0 
-150.491 25.4758 -0.0238056 0.322609 2.90348 80 2 25 10 48322 0 
-150.481 25.4758 -0.0238065 0.322609 2.90348 80 2 25 10 48323 0 
-150.47 25.4758 -0.0238075 0.322609 2.90348 80 2 25 10 48324 0 
-150.459 25.4758 -0.0238084 0.322609 2.90348 80 2 25 10 48325 0 
-150.448 25.4758 -0.0238093 0.322609 2.90348 80 2 25 10 48326 0 
-150.438 25.4758 -0.0238102 0.322609 2.90348 80 2 25 10 48327 0 
-150.427 25.4758 -0.0238112 0.322609 2.90348 80 2 25 10 48328 0 
-150.416 25.4758 -0.0238121 0.322609 2.90348 80 2 25 10 48329 0 
-150.405 25.4758 -0.023813 0.322609 2.90348 80 2 25 10 48330 0 
-150.395 25.4757 -0.023814 0.322609 2.90348 80 2 25 10 48331 0 
-150.384 25.4757 -0.0238149 0.322609 2.90348 80 2 25 10 48332 0 
-150.373 25.4757 -0.0238158 0.322609 2.90348 80 2 25 10 48333 0 
-150.362 25.4757 -0.0238167 0.322609 2.90348 80 2 25 10 48334 0 
-150.352 25.4757 -0.0238177 0.322609 2.90348 80 2 25 10 48335 0 
-150.341 25.4757 -0.0238186 0.322609 2.90348 80 2 25 10 48336 0 
-150.33 25.4757 -0.0238195 0.322609 2.90348 80 2 25 10 48337 0 
-150.319 25.4757 -0.0238205 0.322609 2.90348 80 2 25 10 48338 0 
-150.309 25.4757 -0.0238214 0.322609 2.90348 80 2 25 10 48339 0 
-150.298 25.4757 -0.0238223 0.322609 2.90348 80 2 25 10 48340 0 
-150.287 25.4757 -0.0238232 0.322609 2.90348 80 2 25 10 48341 0 
-150.276 25.4757 -0.0238242 0.322609 2.90348 80 2 25 10 48342 0 
-150.266 25.4757 -0.0238251 0.322609 2.90348 80 2 25 10 48343 0 
-150.255 25.4757 -0.023826 0.322609 2.90348 80 2 25 10 48344 0 
-150.244 25.4757 -0.023827 0.322609 2.90348 80 2 25 10 48345 0 
-150.233 25.4757 -0.0238279 0.322609 2.90348 80 2 25 10 48346 0 
-150.223 25.4757 -0.0238288 0.322609 2.90348 80 2 25 10 48347 0 
-150.212 25.4757 -0.0238297 0.322609 2.90348 80 2 25 10 48348 0 
-150.201 25.4757 -0.0238307 0.322609 2.90348 80 2 25 10 48349 0 
-150.19 25.4757 -0.0238316 0.322609 2.90348 80 2 25 10 48350 0 
-150.18 25.4757 -0.0238325 0.322609 2.90348 80 2 25 10 48351 0 
-150.169 25.4757 -0.0238335 0.322609 2.90348 80 2 25 10 48352 0 
-150.158 25.4757 -0.0238344 0.322609 2.90348 80 2 25 10 48353 0 
-150.147 25.4757 -0.0238353 0.322609 2.90348 80 2 25 10 48354 0 
-150.136 25.4757 -0.0238362 0.322609 2.90348 80 2 25 10 48355 0 
-150.126 25.4757 -0.0238372 0.322609 2.90348 80 2 25 10 48356 0 
-150.115 25.4757 -0.0238381 0.322609 2.90348 80 2 25 10 48357 0 
-150.104 25.4756 -0.023839 0.322609 2.90348 80 2 25 10 48358 0 
-150.093 25.4756 -0.02384 0.322609 2.90348 80 2 25 10 48359 0 
-150.083 25.4756 -0.0238409 0.322609 2.90348 80 2 25 10 48360 0 
-150.072 25.4756 -0.0238418 0.322609 2.90348 80 2 25 10 48361 0 
-150.061 25.4756 -0.0238428 0.322609 2.90348 80 2 25 10 48362 0 
-150.05 25.4756 -0.0238437 0.322609 2.90348 80 2 25 10 48363 0 
-150.04 25.4756 -0.0238446 0.322609 2.90348 80 2 25 10 48364 0 
-150.029 25.4756 -0.0238455 0.322609 2.90348 80 2 25 10 48365 0 
-150.018 25.4756 -0.0238465 0.322609 2.90348 80 2 25 10 48366 0 
-150.007 25.4756 -0.0238474 0.322609 2.90348 80 2 25 10 48367 0 
-149.997 25.4756 -0.0238483 0.322609 2.90348 80 2 25 10 48368 0 
-149.986 25.4756 -0.0238493 0.322609 2.90348 80 2 25 10 48369 0 
-149.975 25.4756 -0.0238502 0.322609 2.90348 80 2 25 10 48370 0 
-149.964 25.4756 -0.0238511 0.322609 2.90348 80 2 25 10 48371 0 
-149.954 25.4756 -0.0238521 0.322609 2.90348 80 2 25 10 48372 0 
-149.943 25.4756 -0.023853 0.322609 2.90348 80 2 25 10 48373 0 
-149.932 25.4756 -0.0238539 0.322609 2.90348 80 2 25 10 48374 0 
-149.921 25.4756 -0.0238549 0.322609 2.90348 80 2 25 10 48375 0 
-149.911 25.4756 -0.0238558 0.322609 2.90348 80 2 25 10 48376 0 
-149.9 25.4756 -0.0238567 0.322609 2.90348 80 2 25 10 48377 0 
-149.889 25.4756 -0.0238577 0.322609 2.90348 80 2 25 10 48378 0 
-149.878 25.4756 -0.0238586 0.322609 2.90348 80 2 25 10 48379 0 
-149.868 25.4756 -0.0238595 0.322609 2.90348 80 2 25 10 48380 0 
-149.857 25.4756 -0.0238604 0.322609 2.90348 80 2 25 10 48381 0 
-149.846 25.4756 -0.0238614 0.322609 2.90348 80 2 25 10 48382 0 
-149.835 25.4756 -0.0238623 0.322609 2.90348 80 2 25 10 48383 0 
-149.825 25.4755 -0.0238632 0.322609 2.90348 80 2 25 10 48384 0 
-149.814 25.4755 -0.0238642 0.322609 2.90348 80 2 25 10 48385 0 
-149.803 25.4755 -0.0238651 0.322609 2.90348 80 2 25 10 48386 0 
-149.792 25.4755 -0.023866 0.322609 2.90348 80 2 25 10 48387 0 
-149.781 25.4755 -0.023867 0.322609 2.90348 80 2 25 10 48388 0 
-149.771 25.4755 -0.0238679 0.322609 2.90348 80 2 25 10 48389 0 
-149.76 25.4755 -0.0238688 0.322609 2.90348 80 2 25 10 48390 0 
-149.749 25.4755 -0.0238698 0.322609 2.90348 80 2 25 10 48391 0 
-149.738 25.4755 -0.0238707 0.322609 2.90348 80 2 25 10 48392 0 
-149.728 25.4755 -0.0238716 0.322609 2.90348 80 2 25 10 48393 0 
-149.717 25.4755 -0.0238726 0.322609 2.90348 80 2 25 10 48394 0 
-149.706 25.4755 -0.0238735 0.322609 2.90348 80 2 25 10 48395 0 
-149.695 25.4755 -0.0238744 0.322609 2.90348 80 2 25 10 48396 0 
-149.685 25.4755 -0.0238754 0.322609 2.90348 80 2 25 10 48397 0 
-149.674 25.4755 -0.0238763 0.322609 2.90348 80 2 25 10 48398 0 
-149.663 25.4755 -0.0238772 0.322609 2.90348 80 2 25 10 48399 0 
-149.652 25.4755 -0.0238782 0.322609 2.90348 80 2 25 10 48400 0 
-149.642 25.4755 -0.0238791 0.322609 2.90348 80 2 25 10 48401 0 
-149.631 25.4755 -0.02388 0.322609 2.90348 80 2 25 10 48402 0 
-149.62 25.4755 -0.023881 0.322609 2.90348 80 2 25 10 48403 0 
-149.609 25.4755 -0.0238819 0.322609 2.90348 80 2 25 10 48404 0 
-149.599 25.4755 -0.0238828 0.322609 2.90348 80 2 25 10 48405 0 
-149.588 25.4755 -0.0238838 0.322609 2.90348 80 2 25 10 48406 0 
-149.577 25.4755 -0.0238847 0.322609 2.90348 80 2 25 10 48407 0 
-149.566 25.4755 -0.0238856 0.322609 2.90348 80 2 25 10 48408 0 
-149.556 25.4755 -0.0238866 0.322609 2.90348 80 2 25 10 48409 0 
-149.545 25.4754 -0.0238875 0.322609 2.90348 80 2 25 10 48410 0 
-149.534 25.4754 -0.0238885 0.322609 2.90348 80 2 25 10 48411 0 
-149.523 25.4754 -0.0238894 0.322609 2.90348 80 2 25 10 48412 0 
-149.513 25.4754 -0.0238903 0.322609 2.90348 80 2 25 10 48413 0 
-149.502 25.4754 -0.0238913 0.322609 2.90348 80 2 25 10 48414 0 
-149.491 25.4754 -0.0238922 0.322609 2.90348 80 2 25 10 48415 0 
-149.48 25.4754 -0.0238931 0.322609 2.90348 80 2 25 10 48416 0 
-149.47 25.4754 -0.0238941 0.322609 2.90348 80 2 25 10 48417 0 
-149.459 25.4754 -0.023895 0.322609 2.90348 80 2 25 10 48418 0 
-149.448 25.4754 -0.0238959 0.322609 2.90348 80 2 25 10 48419 0 
-149.437 25.4754 -0.0238969 0.322609 2.90348 80 2 25 10 48420 0 
-149.426 25.4754 -0.0238978 0.322609 2.90348 80 2 25 10 48421 0 
-149.416 25.4754 -0.0238987 0.322609 2.90348 80 2 25 10 48422 0 
-149.405 25.4754 -0.0238997 0.322609 2.90348 80 2 25 10 48423 0 
-149.394 25.4754 -0.0239006 0.322609 2.90348 80 2 25 10 48424 0 
-149.383 25.4754 -0.0239015 0.322609 2.90348 80 2 25 10 48425 0 
-149.373 25.4754 -0.0239025 0.322609 2.90348 80 2 25 10 48426 0 
-149.362 25.4754 -0.0239034 0.322609 2.90348 80 2 25 10 48427 0 
-149.351 25.4754 -0.0239043 0.322609 2.90348 80 2 25 10 48428 0 
-149.34 25.4754 -0.0239053 0.322609 2.90348 80 2 25 10 48429 0 
-149.33 25.4754 -0.0239062 0.322609 2.90348 80 2 25 10 48430 0 
-149.319 25.4754 -0.0239072 0.322609 2.90348 80 2 25 10 48431 0 
-149.308 25.4754 -0.0239081 0.322609 2.90348 80 2 25 10 48432 0 
-149.297 25.4754 -0.023909 0.322609 2.90348 80 2 25 10 48433 0 
-149.287 25.4754 -0.02391 0.322609 2.90348 80 2 25 10 48434 0 
-149.276 25.4754 -0.0239109 0.322609 2.90348 80 2 25 10 48435 0 
-149.265 25.4753 -0.0239118 0.322609 2.90348 80 2 25 10 48436 0 
-149.254 25.4753 -0.0239128 0.322609 2.90348 80 2 25 10 48437 0 
-149.244 25.4753 -0.0239137 0.322609 2.90348 80 2 25 10 48438 0 
-149.233 25.4753 -0.0239147 0.322609 2.90348 80 2 25 10 48439 0 
-149.222 25.4753 -0.0239156 0.322609 2.90348 80 2 25 10 48440 0 
-149.211 25.4753 -0.0239165 0.322609 2.90348 80 2 25 10 48441 0 
-149.201 25.4753 -0.0239175 0.322609 2.90348 80 2 25 10 48442 0 
-149.19 25.4753 -0.0239184 0.322609 2.90348 80 2 25 10 48443 0 
-149.179 25.4753 -0.0239193 0.322609 2.90348 80 2 25 10 48444 0 
-149.168 25.4753 -0.0239203 0.322609 2.90348 80 2 25 10 48445 0 
-149.158 25.4753 -0.0239212 0.322609 2.90348 80 2 25 10 48446 0 
-149.147 25.4753 -0.0239222 0.322609 2.90348 80 2 25 10 48447 0 
-149.136 25.4753 -0.0239231 0.322609 2.90348 80 2 25 10 48448 0 
-149.125 25.4753 -0.023924 0.322609 2.90348 80 2 25 10 48449 0 
-149.115 25.4753 -0.023925 0.322609 2.90348 80 2 25 10 48450 0 
-149.104 25.4753 -0.0239259 0.322609 2.90348 80 2 25 10 48451 0 
-149.093 25.4753 -0.0239268 0.322609 2.90348 80 2 25 10 48452 0 
-149.082 25.4753 -0.0239278 0.322609 2.90348 80 2 25 10 48453 0 
-149.071 25.4753 -0.0239287 0.322609 2.90348 80 2 25 10 48454 0 
-149.061 25.4753 -0.0239297 0.322609 2.90348 80 2 25 10 48455 0 
-149.05 25.4753 -0.0239306 0.322609 2.90348 80 2 25 10 48456 0 
-149.039 25.4753 -0.0239315 0.322609 2.90348 80 2 25 10 48457 0 
-149.028 25.4753 -0.0239325 0.322609 2.90348 80 2 25 10 48458 0 
-149.018 25.4753 -0.0239334 0.322609 2.90348 80 2 25 10 48459 0 
-149.007 25.4753 -0.0239344 0.322609 2.90348 80 2 25 10 48460 0 
-148.996 25.4753 -0.0239353 0.322609 2.90348 80 2 25 10 48461 0 
-148.985 25.4753 -0.0239362 0.322609 2.90348 80 2 25 10 48462 0 
-148.975 25.4752 -0.0239372 0.322609 2.90348 80 2 25 10 48463 0 
-148.964 25.4752 -0.0239381 0.322609 2.90348 80 2 25 10 48464 0 
-148.953 25.4752 -0.023939 0.322609 2.90348 80 2 25 10 48465 0 
-148.942 25.4752 -0.02394 0.322609 2.90348 80 2 25 10 48466 0 
-148.932 25.4752 -0.0239409 0.322609 2.90348 80 2 25 10 48467 0 
-148.921 25.4752 -0.0239419 0.322609 2.90348 80 2 25 10 48468 0 
-148.91 25.4752 -0.0239428 0.322609 2.90348 80 2 25 10 48469 0 
-148.899 25.4752 -0.0239437 0.322609 2.90348 80 2 25 10 48470 0 
-148.889 25.4752 -0.0239447 0.322609 2.90348 80 2 25 10 48471 0 
-148.878 25.4752 -0.0239456 0.322609 2.90348 80 2 25 10 48472 0 
-148.867 25.4752 -0.0239466 0.322609 2.90348 80 2 25 10 48473 0 
-148.856 25.4752 -0.0239475 0.322609 2.90348 80 2 25 10 48474 0 
-148.846 25.4752 -0.0239484 0.322609 2.90348 80 2 25 10 48475 0 
-148.835 25.4752 -0.0239494 0.322609 2.90348 80 2 25 10 48476 0 
-148.824 25.4752 -0.0239503 0.322609 2.90348 80 2 25 10 48477 0 
-148.813 25.4752 -0.0239513 0.322609 2.90348 80 2 25 10 48478 0 
-148.803 25.4752 -0.0239522 0.322609 2.90348 80 2 25 10 48479 0 
-148.792 25.4752 -0.0239532 0.322609 2.90348 80 2 25 10 48480 0 
-148.781 25.4752 -0.0239541 0.322609 2.90348 80 2 25 10 48481 0 
-148.77 25.4752 -0.023955 0.322609 2.90348 80 2 25 10 48482 0 
-148.76 25.4752 -0.023956 0.322609 2.90348 80 2 25 10 48483 0 
-148.749 25.4752 -0.0239569 0.322609 2.90348 80 2 25 10 48484 0 
-148.738 25.4752 -0.0239579 0.322609 2.90348 80 2 25 10 48485 0 
-148.727 25.4752 -0.0239588 0.322609 2.90348 80 2 25 10 48486 0 
-148.716 25.4752 -0.0239597 0.322609 2.90348 80 2 25 10 48487 0 
-148.706 25.4752 -0.0239607 0.322609 2.90348 80 2 25 10 48488 0 
-148.695 25.4751 -0.0239616 0.322609 2.90348 80 2 25 10 48489 0 
-148.684 25.4751 -0.0239626 0.322609 2.90348 80 2 25 10 48490 0 
-148.673 25.4751 -0.0239635 0.322609 2.90348 80 2 25 10 48491 0 
-148.663 25.4751 -0.0239644 0.322609 2.90348 80 2 25 10 48492 0 
-148.652 25.4751 -0.0239654 0.322609 2.90348 80 2 25 10 48493 0 
-148.641 25.4751 -0.0239663 0.322609 2.90348 80 2 25 10 48494 0 
-148.63 25.4751 -0.0239673 0.322609 2.90348 80 2 25 10 48495 0 
-148.62 25.4751 -0.0239682 0.322609 2.90348 80 2 25 10 48496 0 
-148.609 25.4751 -0.0239692 0.322609 2.90348 80 2 25 10 48497 0 
-148.598 25.4751 -0.0239701 0.322609 2.90348 80 2 25 10 48498 0 
-148.587 25.4751 -0.023971 0.322609 2.90348 80 2 25 10 48499 0 
-148.577 25.4751 -0.023972 0.322609 2.90348 80 2 25 10 48500 0 
-148.566 25.4751 -0.0239729 0.322609 2.90348 80 2 25 10 48501 0 
-148.555 25.4751 -0.0239739 0.322609 2.90348 80 2 25 10 48502 0 
-148.544 25.4751 -0.0239748 0.322609 2.90348 80 2 25 10 48503 0 
-148.534 25.4751 -0.0239758 0.322609 2.90348 80 2 25 10 48504 0 
-148.523 25.4751 -0.0239767 0.322609 2.90348 80 2 25 10 48505 0 
-148.512 25.4751 -0.0239776 0.322609 2.90348 80 2 25 10 48506 0 
-148.501 25.4751 -0.0239786 0.322609 2.90348 80 2 25 10 48507 0 
-148.491 25.4751 -0.0239795 0.322609 2.90348 80 2 25 10 48508 0 
-148.48 25.4751 -0.0239805 0.322609 2.90348 80 2 25 10 48509 0 
-148.469 25.4751 -0.0239814 0.322609 2.90348 80 2 25 10 48510 0 
-148.458 25.4751 -0.0239824 0.322609 2.90348 80 2 25 10 48511 0 
-148.448 25.4751 -0.0239833 0.322609 2.90348 80 2 25 10 48512 0 
-148.437 25.4751 -0.0239842 0.322609 2.90348 80 2 25 10 48513 0 
-148.426 25.4751 -0.0239852 0.322609 2.90348 80 2 25 10 48514 0 
-148.415 25.475 -0.0239861 0.322609 2.90348 80 2 25 10 48515 0 
-148.405 25.475 -0.0239871 0.322609 2.90348 80 2 25 10 48516 0 
-148.394 25.475 -0.023988 0.322609 2.90348 80 2 25 10 48517 0 
-148.383 25.475 -0.023989 0.322609 2.90348 80 2 25 10 48518 0 
-148.372 25.475 -0.0239899 0.322609 2.90348 80 2 25 10 48519 0 
-148.361 25.475 -0.0239909 0.322609 2.90348 80 2 25 10 48520 0 
-148.351 25.475 -0.0239918 0.322609 2.90348 80 2 25 10 48521 0 
-148.34 25.475 -0.0239927 0.322609 2.90348 80 2 25 10 48522 0 
-148.329 25.475 -0.0239937 0.322609 2.90348 80 2 25 10 48523 0 
-148.318 25.475 -0.0239946 0.322609 2.90348 80 2 25 10 48524 0 
-148.308 25.475 -0.0239956 0.322609 2.90348 80 2 25 10 48525 0 
-148.297 25.475 -0.0239965 0.322609 2.90348 80 2 25 10 48526 0 
-148.286 25.475 -0.0239975 0.322609 2.90348 80 2 25 10 48527 0 
-148.275 25.475 -0.0239984 0.322609 2.90348 80 2 25 10 48528 0 
-148.265 25.475 -0.0239994 0.322609 2.90348 80 2 25 10 48529 0 
-148.254 25.475 -0.0240003 0.322609 2.90348 80 2 25 10 48530 0 
-148.243 25.475 -0.0240012 0.322609 2.90348 80 2 25 10 48531 0 
-148.232 25.475 -0.0240022 0.322609 2.90348 80 2 25 10 48532 0 
-148.222 25.475 -0.0240031 0.322609 2.90348 80 2 25 10 48533 0 
-148.211 25.475 -0.0240041 0.322609 2.90348 80 2 25 10 48534 0 
-148.2 25.475 -0.024005 0.322609 2.90348 80 2 25 10 48535 0 
-148.189 25.475 -0.024006 0.322609 2.90348 80 2 25 10 48536 0 
-148.179 25.475 -0.0240069 0.322609 2.90348 80 2 25 10 48537 0 
-148.168 25.475 -0.0240079 0.322609 2.90348 80 2 25 10 48538 0 
-148.157 25.475 -0.0240088 0.322609 2.90348 80 2 25 10 48539 0 
-148.146 25.475 -0.0240098 0.322609 2.90348 80 2 25 10 48540 0 
-148.136 25.4749 -0.0240107 0.322609 2.90348 80 2 25 10 48541 0 
-148.125 25.4749 -0.0240117 0.322609 2.90348 80 2 25 10 48542 0 
-148.114 25.4749 -0.0240126 0.322609 2.90348 80 2 25 10 48543 0 
-148.103 25.4749 -0.0240135 0.322609 2.90348 80 2 25 10 48544 0 
-148.093 25.4749 -0.0240145 0.322609 2.90348 80 2 25 10 48545 0 
-148.082 25.4749 -0.0240154 0.322609 2.90348 80 2 25 10 48546 0 
-148.071 25.4749 -0.0240164 0.322609 2.90348 80 2 25 10 48547 0 
-148.06 25.4749 -0.0240173 0.322609 2.90348 80 2 25 10 48548 0 
-148.05 25.4749 -0.0240183 0.322609 2.90348 80 2 25 10 48549 0 
-148.039 25.4749 -0.0240192 0.322609 2.90348 80 2 25 10 48550 0 
-148.028 25.4749 -0.0240202 0.322609 2.90348 80 2 25 10 48551 0 
-148.017 25.4749 -0.0240211 0.322609 2.90348 80 2 25 10 48552 0 
-148.007 25.4749 -0.0240221 0.322609 2.90348 80 2 25 10 48553 0 
-147.996 25.4749 -0.024023 0.322609 2.90348 80 2 25 10 48554 0 
-147.985 25.4749 -0.024024 0.322609 2.90348 80 2 25 10 48555 0 
-147.974 25.4749 -0.0240249 0.322609 2.90348 80 2 25 10 48556 0 
-147.963 25.4749 -0.0240259 0.322609 2.90348 80 2 25 10 48557 0 
-147.953 25.4749 -0.0240268 0.322609 2.90348 80 2 25 10 48558 0 
-147.942 25.4749 -0.0240278 0.322609 2.90348 80 2 25 10 48559 0 
-147.931 25.4749 -0.0240287 0.322609 2.90348 80 2 25 10 48560 0 
-147.92 25.4749 -0.0240296 0.322609 2.90348 80 2 25 10 48561 0 
-147.91 25.4749 -0.0240306 0.322609 2.90348 80 2 25 10 48562 0 
-147.899 25.4749 -0.0240315 0.322609 2.90348 80 2 25 10 48563 0 
-147.888 25.4749 -0.0240325 0.322609 2.90348 80 2 25 10 48564 0 
-147.877 25.4749 -0.0240334 0.322609 2.90348 80 2 25 10 48565 0 
-147.867 25.4749 -0.0240344 0.322609 2.90348 80 2 25 10 48566 0 
-147.856 25.4748 -0.0240353 0.322609 2.90348 80 2 25 10 48567 0 
-147.845 25.4748 -0.0240363 0.322609 2.90348 80 2 25 10 48568 0 
-147.834 25.4748 -0.0240372 0.322609 2.90348 80 2 25 10 48569 0 
-147.824 25.4748 -0.0240382 0.322609 2.90348 80 2 25 10 48570 0 
-147.813 25.4748 -0.0240391 0.322609 2.90348 80 2 25 10 48571 0 
-147.802 25.4748 -0.0240401 0.322609 2.90348 80 2 25 10 48572 0 
-147.791 25.4748 -0.024041 0.322609 2.90348 80 2 25 10 48573 0 
-147.781 25.4748 -0.024042 0.322609 2.90348 80 2 25 10 48574 0 
-147.77 25.4748 -0.0240429 0.322609 2.90348 80 2 25 10 48575 0 
-147.759 25.4748 -0.0240439 0.322609 2.90348 80 2 25 10 48576 0 
-147.748 25.4748 -0.0240448 0.322609 2.90348 80 2 25 10 48577 0 
-147.738 25.4748 -0.0240458 0.322609 2.90348 80 2 25 10 48578 0 
-147.727 25.4748 -0.0240467 0.322609 2.90348 80 2 25 10 48579 0 
-147.716 25.4748 -0.0240477 0.322609 2.90348 80 2 25 10 48580 0 
-147.705 25.4748 -0.0240486 0.322609 2.90348 80 2 25 10 48581 0 
-147.695 25.4748 -0.0240496 0.322609 2.90348 80 2 25 10 48582 0 
-147.684 25.4748 -0.0240505 0.322609 2.90348 80 2 25 10 48583 0 
-147.673 25.4748 -0.0240515 0.322609 2.90348 80 2 25 10 48584 0 
-147.662 25.4748 -0.0240524 0.322609 2.90348 80 2 25 10 48585 0 
-147.652 25.4748 -0.0240534 0.322609 2.90348 80 2 25 10 48586 0 
-147.641 25.4748 -0.0240543 0.322609 2.90348 80 2 25 10 48587 0 
-147.63 25.4748 -0.0240553 0.322609 2.90348 80 2 25 10 48588 0 
-147.619 25.4748 -0.0240562 0.322609 2.90348 80 2 25 10 48589 0 
-147.608 25.4748 -0.0240572 0.322609 2.90348 80 2 25 10 48590 0 
-147.598 25.4748 -0.0240581 0.322609 2.90348 80 2 25 10 48591 0 
-147.587 25.4748 -0.0240591 0.322609 2.90348 80 2 25 10 48592 0 
-147.576 25.4748 -0.02406 0.322609 2.90348 80 2 25 10 48593 0 
-147.565 25.4747 -0.024061 0.322609 2.90348 80 2 25 10 48594 0 
-147.555 25.4747 -0.0240619 0.322609 2.90348 80 2 25 10 48595 0 
-147.544 25.4747 -0.0240629 0.322609 2.90348 80 2 25 10 48596 0 
-147.533 25.4747 -0.0240638 0.322609 2.90348 80 2 25 10 48597 0 
-147.522 25.4747 -0.0240648 0.322609 2.90348 80 2 25 10 48598 0 
-147.512 25.4747 -0.0240657 0.322609 2.90348 80 2 25 10 48599 0 
-147.501 25.4747 -0.0240667 0.322609 2.90348 80 2 25 10 48600 0 
-147.49 25.4747 -0.0240676 0.322609 2.90348 80 2 25 10 48601 0 
-147.479 25.4747 -0.0240686 0.322609 2.90348 80 2 25 10 48602 0 
-147.469 25.4747 -0.0240695 0.322609 2.90348 80 2 25 10 48603 0 
-147.458 25.4747 -0.0240705 0.322609 2.90348 80 2 25 10 48604 0 
-147.447 25.4747 -0.0240714 0.322609 2.90348 80 2 25 10 48605 0 
-147.436 25.4747 -0.0240724 0.322609 2.90348 80 2 25 10 48606 0 
-147.426 25.4747 -0.0240734 0.322609 2.90348 80 2 25 10 48607 0 
-147.415 25.4747 -0.0240743 0.322609 2.90348 80 2 25 10 48608 0 
-147.404 25.4747 -0.0240753 0.322609 2.90348 80 2 25 10 48609 0 
-147.393 25.4747 -0.0240762 0.322609 2.90348 80 2 25 10 48610 0 
-147.383 25.4747 -0.0240772 0.322609 2.90348 80 2 25 10 48611 0 
-147.372 25.4747 -0.0240781 0.322609 2.90348 80 2 25 10 48612 0 
-147.361 25.4747 -0.0240791 0.322609 2.90348 80 2 25 10 48613 0 
-147.35 25.4747 -0.02408 0.322609 2.90348 80 2 25 10 48614 0 
-147.34 25.4747 -0.024081 0.322609 2.90348 80 2 25 10 48615 0 
-147.329 25.4747 -0.0240819 0.322609 2.90348 80 2 25 10 48616 0 
-147.318 25.4747 -0.0240829 0.322609 2.90348 80 2 25 10 48617 0 
-147.307 25.4747 -0.0240838 0.322609 2.90348 80 2 25 10 48618 0 
-147.297 25.4747 -0.0240848 0.322609 2.90348 80 2 25 10 48619 0 
-147.286 25.4746 -0.0240857 0.322609 2.90348 80 2 25 10 48620 0 
-147.275 25.4746 -0.0240867 0.322609 2.90348 80 2 25 10 48621 0 
-147.264 25.4746 -0.0240876 0.322609 2.90348 80 2 25 10 48622 0 
-147.253 25.4746 -0.0240886 0.322609 2.90348 80 2 25 10 48623 0 
-147.243 25.4746 -0.0240896 0.322609 2.90348 80 2 25 10 48624 0 
-147.232 25.4746 -0.0240905 0.322609 2.90348 80 2 25 10 48625 0 
-147.221 25.4746 -0.0240915 0.322609 2.90348 80 2 25 10 48626 0 
-147.21 25.4746 -0.0240924 0.322609 2.90348 80 2 25 10 48627 0 
-147.2 25.4746 -0.0240934 0.322609 2.90348 80 2 25 10 48628 0 
-147.189 25.4746 -0.0240943 0.322609 2.90348 80 2 25 10 48629 0 
-147.178 25.4746 -0.0240953 0.322609 2.90348 80 2 25 10 48630 0 
-147.167 25.4746 -0.0240962 0.322609 2.90348 80 2 25 10 48631 0 
-147.157 25.4746 -0.0240972 0.322609 2.90348 80 2 25 10 48632 0 
-147.146 25.4746 -0.0240981 0.322609 2.90348 80 2 25 10 48633 0 
-147.135 25.4746 -0.0240991 0.322609 2.90348 80 2 25 10 48634 0 
-147.124 25.4746 -0.0241 0.322609 2.90348 80 2 25 10 48635 0 
-147.114 25.4746 -0.024101 0.322609 2.90348 80 2 25 10 48636 0 
-147.103 25.4746 -0.024102 0.322609 2.90348 80 2 25 10 48637 0 
-147.092 25.4746 -0.0241029 0.322609 2.90348 80 2 25 10 48638 0 
-147.081 25.4746 -0.0241039 0.322609 2.90348 80 2 25 10 48639 0 
-147.071 25.4746 -0.0241048 0.322609 2.90348 80 2 25 10 48640 0 
-147.06 25.4746 -0.0241058 0.322609 2.90348 80 2 25 10 48641 0 
-147.049 25.4746 -0.0241067 0.322609 2.90348 80 2 25 10 48642 0 
-147.038 25.4746 -0.0241077 0.322609 2.90348 80 2 25 10 48643 0 
-147.028 25.4746 -0.0241086 0.322609 2.90348 80 2 25 10 48644 0 
-147.017 25.4746 -0.0241096 0.322609 2.90348 80 2 25 10 48645 0 
-147.006 25.4745 -0.0241106 0.322609 2.90348 80 2 25 10 48646 0 
-146.995 25.4745 -0.0241115 0.322609 2.90348 80 2 25 10 48647 0 
-146.985 25.4745 -0.0241125 0.322609 2.90348 80 2 25 10 48648 0 
-146.974 25.4745 -0.0241134 0.322609 2.90348 80 2 25 10 48649 0 
-146.963 25.4745 -0.0241144 0.322609 2.90348 80 2 25 10 48650 0 
-146.952 25.4745 -0.0241153 0.322609 2.90348 80 2 25 10 48651 0 
-146.942 25.4745 -0.0241163 0.322609 2.90348 80 2 25 10 48652 0 
-146.931 25.4745 -0.0241172 0.322609 2.90348 80 2 25 10 48653 0 
-146.92 25.4745 -0.0241182 0.322609 2.90348 80 2 25 10 48654 0 
-146.909 25.4745 -0.0241192 0.322609 2.90348 80 2 25 10 48655 0 
-146.898 25.4745 -0.0241201 0.322609 2.90348 80 2 25 10 48656 0 
-146.888 25.4745 -0.0241211 0.322609 2.90348 80 2 25 10 48657 0 
-146.877 25.4745 -0.024122 0.322609 2.90348 80 2 25 10 48658 0 
-146.866 25.4745 -0.024123 0.322609 2.90348 80 2 25 10 48659 0 
-146.855 25.4745 -0.0241239 0.322609 2.90348 80 2 25 10 48660 0 
-146.845 25.4745 -0.0241249 0.322609 2.90348 80 2 25 10 48661 0 
-146.834 25.4745 -0.0241259 0.322609 2.90348 80 2 25 10 48662 0 
-146.823 25.4745 -0.0241268 0.322609 2.90348 80 2 25 10 48663 0 
-146.812 25.4745 -0.0241278 0.322609 2.90348 80 2 25 10 48664 0 
-146.802 25.4745 -0.0241287 0.322609 2.90348 80 2 25 10 48665 0 
-146.791 25.4745 -0.0241297 0.322609 2.90348 80 2 25 10 48666 0 
-146.78 25.4745 -0.0241306 0.322609 2.90348 80 2 25 10 48667 0 
-146.769 25.4745 -0.0241316 0.322609 2.90348 80 2 25 10 48668 0 
-146.759 25.4745 -0.0241326 0.322609 2.90348 80 2 25 10 48669 0 
-146.748 25.4745 -0.0241335 0.322609 2.90348 80 2 25 10 48670 0 
-146.737 25.4745 -0.0241345 0.322609 2.90348 80 2 25 10 48671 0 
-146.726 25.4744 -0.0241354 0.322609 2.90348 80 2 25 10 48672 0 
-146.716 25.4744 -0.0241364 0.322609 2.90348 80 2 25 10 48673 0 
-146.705 25.4744 -0.0241373 0.322609 2.90348 80 2 25 10 48674 0 
-146.694 25.4744 -0.0241383 0.322609 2.90348 80 2 25 10 48675 0 
-146.683 25.4744 -0.0241393 0.322609 2.90348 80 2 25 10 48676 0 
-146.673 25.4744 -0.0241402 0.322609 2.90348 80 2 25 10 48677 0 
-146.662 25.4744 -0.0241412 0.322609 2.90348 80 2 25 10 48678 0 
-146.651 25.4744 -0.0241421 0.322609 2.90348 80 2 25 10 48679 0 
-146.64 25.4744 -0.0241431 0.322609 2.90348 80 2 25 10 48680 0 
-146.63 25.4744 -0.0241441 0.322609 2.90348 80 2 25 10 48681 0 
-146.619 25.4744 -0.024145 0.322609 2.90348 80 2 25 10 48682 0 
-146.608 25.4744 -0.024146 0.322609 2.90348 80 2 25 10 48683 0 
-146.597 25.4744 -0.0241469 0.322609 2.90348 80 2 25 10 48684 0 
-146.587 25.4744 -0.0241479 0.322609 2.90348 80 2 25 10 48685 0 
-146.576 25.4744 -0.0241489 0.322609 2.90348 80 2 25 10 48686 0 
-146.565 25.4744 -0.0241498 0.322609 2.90348 80 2 25 10 48687 0 
-146.554 25.4744 -0.0241508 0.322609 2.90348 80 2 25 10 48688 0 
-146.543 25.4744 -0.0241517 0.322609 2.90348 80 2 25 10 48689 0 
-146.533 25.4744 -0.0241527 0.322609 2.90348 80 2 25 10 48690 0 
-146.522 25.4744 -0.0241537 0.322609 2.90348 80 2 25 10 48691 0 
-146.511 25.4744 -0.0241546 0.322609 2.90348 80 2 25 10 48692 0 
-146.5 25.4744 -0.0241556 0.322609 2.90348 80 2 25 10 48693 0 
-146.49 25.4744 -0.0241565 0.322609 2.90348 80 2 25 10 48694 0 
-146.479 25.4744 -0.0241575 0.322609 2.90348 80 2 25 10 48695 0 
-146.468 25.4744 -0.0241585 0.322609 2.90348 80 2 25 10 48696 0 
-146.457 25.4744 -0.0241594 0.322609 2.90348 80 2 25 10 48697 0 
-146.447 25.4743 -0.0241604 0.322609 2.90348 80 2 25 10 48698 0 
-146.436 25.4743 -0.0241613 0.322609 2.90348 80 2 25 10 48699 0 
-146.425 25.4743 -0.0241623 0.322609 2.90348 80 2 25 10 48700 0 
-146.414 25.4743 -0.0241633 0.322609 2.90348 80 2 25 10 48701 0 
-146.404 25.4743 -0.0241642 0.322609 2.90348 80 2 25 10 48702 0 
-146.393 25.4743 -0.0241652 0.322609 2.90348 80 2 25 10 48703 0 
-146.382 25.4743 -0.0241661 0.322609 2.90348 80 2 25 10 48704 0 
-146.371 25.4743 -0.0241671 0.322609 2.90348 80 2 25 10 48705 0 
-146.361 25.4743 -0.0241681 0.322609 2.90348 80 2 25 10 48706 0 
-146.35 25.4743 -0.024169 0.322609 2.90348 80 2 25 10 48707 0 
-146.339 25.4743 -0.02417 0.322609 2.90348 80 2 25 10 48708 0 
-146.328 25.4743 -0.0241709 0.322609 2.90348 80 2 25 10 48709 0 
-146.318 25.4743 -0.0241719 0.322609 2.90348 80 2 25 10 48710 0 
-146.307 25.4743 -0.0241729 0.322609 2.90348 80 2 25 10 48711 0 
-146.296 25.4743 -0.0241738 0.322609 2.90348 80 2 25 10 48712 0 
-146.285 25.4743 -0.0241748 0.322609 2.90348 80 2 25 10 48713 0 
-146.275 25.4743 -0.0241758 0.322609 2.90348 80 2 25 10 48714 0 
-146.264 25.4743 -0.0241767 0.322609 2.90348 80 2 25 10 48715 0 
-146.253 25.4743 -0.0241777 0.322609 2.90348 80 2 25 10 48716 0 
-146.242 25.4743 -0.0241786 0.322609 2.90348 80 2 25 10 48717 0 
-146.232 25.4743 -0.0241796 0.322609 2.90348 80 2 25 10 48718 0 
-146.221 25.4743 -0.0241806 0.322609 2.90348 80 2 25 10 48719 0 
-146.21 25.4743 -0.0241815 0.322609 2.90348 80 2 25 10 48720 0 
-146.199 25.4743 -0.0241825 0.322609 2.90348 80 2 25 10 48721 0 
-146.188 25.4743 -0.0241835 0.322609 2.90348 80 2 25 10 48722 0 
-146.178 25.4743 -0.0241844 0.322609 2.90348 80 2 25 10 48723 0 
-146.167 25.4743 -0.0241854 0.322609 2.90348 80 2 25 10 48724 0 
-146.156 25.4742 -0.0241863 0.322609 2.90348 80 2 25 10 48725 0 
-146.145 25.4742 -0.0241873 0.322609 2.90348 80 2 25 10 48726 0 
-146.135 25.4742 -0.0241883 0.322609 2.90348 80 2 25 10 48727 0 
-146.124 25.4742 -0.0241892 0.322609 2.90348 80 2 25 10 48728 0 
-146.113 25.4742 -0.0241902 0.322609 2.90348 80 2 25 10 48729 0 
-146.102 25.4742 -0.0241912 0.322609 2.90348 80 2 25 10 48730 0 
-146.092 25.4742 -0.0241921 0.322609 2.90348 80 2 25 10 48731 0 
-146.081 25.4742 -0.0241931 0.322609 2.90348 80 2 25 10 48732 0 
-146.07 25.4742 -0.024194 0.322609 2.90348 80 2 25 10 48733 0 
-146.059 25.4742 -0.024195 0.322609 2.90348 80 2 25 10 48734 0 
-146.049 25.4742 -0.024196 0.322609 2.90348 80 2 25 10 48735 0 
-146.038 25.4742 -0.0241969 0.322609 2.90348 80 2 25 10 48736 0 
-146.027 25.4742 -0.0241979 0.322609 2.90348 80 2 25 10 48737 0 
-146.016 25.4742 -0.0241989 0.322609 2.90348 80 2 25 10 48738 0 
-146.006 25.4742 -0.0241998 0.322609 2.90348 80 2 25 10 48739 0 
-145.995 25.4742 -0.0242008 0.322609 2.90348 80 2 25 10 48740 0 
-145.984 25.4742 -0.0242018 0.322609 2.90348 80 2 25 10 48741 0 
-145.973 25.4742 -0.0242027 0.322609 2.90348 80 2 25 10 48742 0 
-145.963 25.4742 -0.0242037 0.322609 2.90348 80 2 25 10 48743 0 
-145.952 25.4742 -0.0242047 0.322609 2.90348 80 2 25 10 48744 0 
-145.941 25.4742 -0.0242056 0.322609 2.90348 80 2 25 10 48745 0 
-145.93 25.4742 -0.0242066 0.322609 2.90348 80 2 25 10 48746 0 
-145.92 25.4742 -0.0242075 0.322609 2.90348 80 2 25 10 48747 0 
-145.909 25.4742 -0.0242085 0.322609 2.90348 80 2 25 10 48748 0 
-145.898 25.4742 -0.0242095 0.322609 2.90348 80 2 25 10 48749 0 
-145.887 25.4742 -0.0242104 0.322609 2.90348 80 2 25 10 48750 0 
-145.877 25.4741 -0.0242114 0.322609 2.90348 80 2 25 10 48751 0 
-145.866 25.4741 -0.0242124 0.322609 2.90348 80 2 25 10 48752 0 
-145.855 25.4741 -0.0242133 0.322609 2.90348 80 2 25 10 48753 0 
-145.844 25.4741 -0.0242143 0.322609 2.90348 80 2 25 10 48754 0 
-145.833 25.4741 -0.0242153 0.322609 2.90348 80 2 25 10 48755 0 
-145.823 25.4741 -0.0242162 0.322609 2.90348 80 2 25 10 48756 0 
-145.812 25.4741 -0.0242172 0.322609 2.90348 80 2 25 10 48757 0 
-145.801 25.4741 -0.0242182 0.322609 2.90348 80 2 25 10 48758 0 
-145.79 25.4741 -0.0242191 0.322609 2.90348 80 2 25 10 48759 0 
-145.78 25.4741 -0.0242201 0.322609 2.90348 80 2 25 10 48760 0 
-145.769 25.4741 -0.0242211 0.322609 2.90348 80 2 25 10 48761 0 
-145.758 25.4741 -0.024222 0.322609 2.90348 80 2 25 10 48762 0 
-145.747 25.4741 -0.024223 0.322609 2.90348 80 2 25 10 48763 0 
-145.737 25.4741 -0.024224 0.322609 2.90348 80 2 25 10 48764 0 
-145.726 25.4741 -0.0242249 0.322609 2.90348 80 2 25 10 48765 0 
-145.715 25.4741 -0.0242259 0.322609 2.90348 80 2 25 10 48766 0 
-145.704 25.4741 -0.0242269 0.322609 2.90348 80 2 25 10 48767 0 
-145.694 25.4741 -0.0242278 0.322609 2.90348 80 2 25 10 48768 0 
-145.683 25.4741 -0.0242288 0.322609 2.90348 80 2 25 10 48769 0 
-145.672 25.4741 -0.0242298 0.322609 2.90348 80 2 25 10 48770 0 
-145.661 25.4741 -0.0242307 0.322609 2.90348 80 2 25 10 48771 0 
-145.651 25.4741 -0.0242317 0.322609 2.90348 80 2 25 10 48772 0 
-145.64 25.4741 -0.0242327 0.322609 2.90348 80 2 25 10 48773 0 
-145.629 25.4741 -0.0242336 0.322609 2.90348 80 2 25 10 48774 0 
-145.618 25.4741 -0.0242346 0.322609 2.90348 80 2 25 10 48775 0 
-145.608 25.4741 -0.0242356 0.322609 2.90348 80 2 25 10 48776 0 
-145.597 25.474 -0.0242365 0.322609 2.90348 80 2 25 10 48777 0 
-145.586 25.474 -0.0242375 0.322609 2.90348 80 2 25 10 48778 0 
-145.575 25.474 -0.0242385 0.322609 2.90348 80 2 25 10 48779 0 
-145.565 25.474 -0.0242394 0.322609 2.90348 80 2 25 10 48780 0 
-145.554 25.474 -0.0242404 0.322609 2.90348 80 2 25 10 48781 0 
-145.543 25.474 -0.0242414 0.322609 2.90348 80 2 25 10 48782 0 
-145.532 25.474 -0.0242423 0.322609 2.90348 80 2 25 10 48783 0 
-145.522 25.474 -0.0242433 0.322609 2.90348 80 2 25 10 48784 0 
-145.511 25.474 -0.0242443 0.322609 2.90348 80 2 25 10 48785 0 
-145.5 25.474 -0.0242453 0.322609 2.90348 80 2 25 10 48786 0 
-145.489 25.474 -0.0242462 0.322609 2.90348 80 2 25 10 48787 0 
-145.479 25.474 -0.0242472 0.322609 2.90348 80 2 25 10 48788 0 
-145.468 25.474 -0.0242482 0.322609 2.90348 80 2 25 10 48789 0 
-145.457 25.474 -0.0242491 0.322609 2.90348 80 2 25 10 48790 0 
-145.446 25.474 -0.0242501 0.322609 2.90348 80 2 25 10 48791 0 
-145.435 25.474 -0.0242511 0.322609 2.90348 80 2 25 10 48792 0 
-145.425 25.474 -0.024252 0.322609 2.90348 80 2 25 10 48793 0 
-145.414 25.474 -0.024253 0.322609 2.90348 80 2 25 10 48794 0 
-145.403 25.474 -0.024254 0.322609 2.90348 80 2 25 10 48795 0 
-145.392 25.474 -0.0242549 0.322609 2.90348 80 2 25 10 48796 0 
-145.382 25.474 -0.0242559 0.322609 2.90348 80 2 25 10 48797 0 
-145.371 25.474 -0.0242569 0.322609 2.90348 80 2 25 10 48798 0 
-145.36 25.474 -0.0242578 0.322609 2.90348 80 2 25 10 48799 0 
-145.349 25.474 -0.0242588 0.322609 2.90348 80 2 25 10 48800 0 
-145.339 25.474 -0.0242598 0.322609 2.90348 80 2 25 10 48801 0 
-145.328 25.474 -0.0242608 0.322609 2.90348 80 2 25 10 48802 0 
-145.317 25.4739 -0.0242617 0.322609 2.90348 80 2 25 10 48803 0 
-145.306 25.4739 -0.0242627 0.322609 2.90348 80 2 25 10 48804 0 
-145.296 25.4739 -0.0242637 0.322609 2.90348 80 2 25 10 48805 0 
-145.285 25.4739 -0.0242646 0.322609 2.90348 80 2 25 10 48806 0 
-145.274 25.4739 -0.0242656 0.322609 2.90348 80 2 25 10 48807 0 
-145.263 25.4739 -0.0242666 0.322609 2.90348 80 2 25 10 48808 0 
-145.253 25.4739 -0.0242676 0.322609 2.90348 80 2 25 10 48809 0 
-145.242 25.4739 -0.0242685 0.322609 2.90348 80 2 25 10 48810 0 
-145.231 25.4739 -0.0242695 0.322609 2.90348 80 2 25 10 48811 0 
-145.22 25.4739 -0.0242705 0.322609 2.90348 80 2 25 10 48812 0 
-145.21 25.4739 -0.0242714 0.322609 2.90348 80 2 25 10 48813 0 
-145.199 25.4739 -0.0242724 0.322609 2.90348 80 2 25 10 48814 0 
-145.188 25.4739 -0.0242734 0.322609 2.90348 80 2 25 10 48815 0 
-145.177 25.4739 -0.0242743 0.322609 2.90348 80 2 25 10 48816 0 
-145.167 25.4739 -0.0242753 0.322609 2.90348 80 2 25 10 48817 0 
-145.156 25.4739 -0.0242763 0.322609 2.90348 80 2 25 10 48818 0 
-145.145 25.4739 -0.0242773 0.322609 2.90348 80 2 25 10 48819 0 
-145.134 25.4739 -0.0242782 0.322609 2.90348 80 2 25 10 48820 0 
-145.124 25.4739 -0.0242792 0.322609 2.90348 80 2 25 10 48821 0 
-145.113 25.4739 -0.0242802 0.322609 2.90348 80 2 25 10 48822 0 
-145.102 25.4739 -0.0242812 0.322609 2.90348 80 2 25 10 48823 0 
-145.091 25.4739 -0.0242821 0.322609 2.90348 80 2 25 10 48824 0 
-145.08 25.4739 -0.0242831 0.322609 2.90348 80 2 25 10 48825 0 
-145.07 25.4739 -0.0242841 0.322609 2.90348 80 2 25 10 48826 0 
-145.059 25.4739 -0.024285 0.322609 2.90348 80 2 25 10 48827 0 
-145.048 25.4739 -0.024286 0.322609 2.90348 80 2 25 10 48828 0 
-145.037 25.4739 -0.024287 0.322609 2.90348 80 2 25 10 48829 0 
-145.027 25.4738 -0.024288 0.322609 2.90348 80 2 25 10 48830 0 
-145.016 25.4738 -0.0242889 0.322609 2.90348 80 2 25 10 48831 0 
-145.005 25.4738 -0.0242899 0.322609 2.90348 80 2 25 10 48832 0 
-144.994 25.4738 -0.0242909 0.322609 2.90348 80 2 25 10 48833 0 
-144.984 25.4738 -0.0242919 0.322609 2.90348 80 2 25 10 48834 0 
-144.973 25.4738 -0.0242928 0.322609 2.90348 80 2 25 10 48835 0 
-144.962 25.4738 -0.0242938 0.322609 2.90348 80 2 25 10 48836 0 
-144.951 25.4738 -0.0242948 0.322609 2.90348 80 2 25 10 48837 0 
-144.941 25.4738 -0.0242957 0.322609 2.90348 80 2 25 10 48838 0 
-144.93 25.4738 -0.0242967 0.322609 2.90348 80 2 25 10 48839 0 
-144.919 25.4738 -0.0242977 0.322609 2.90348 80 2 25 10 48840 0 
-144.908 25.4738 -0.0242987 0.322609 2.90348 80 2 25 10 48841 0 
-144.898 25.4738 -0.0242996 0.322609 2.90348 80 2 25 10 48842 0 
-144.887 25.4738 -0.0243006 0.322609 2.90348 80 2 25 10 48843 0 
-144.876 25.4738 -0.0243016 0.322609 2.90348 80 2 25 10 48844 0 
-144.865 25.4738 -0.0243026 0.322609 2.90348 80 2 25 10 48845 0 
-144.855 25.4738 -0.0243035 0.322609 2.90348 80 2 25 10 48846 0 
-144.844 25.4738 -0.0243045 0.322609 2.90348 80 2 25 10 48847 0 
-144.833 25.4738 -0.0243055 0.322609 2.90348 80 2 25 10 48848 0 
-144.822 25.4738 -0.0243065 0.322609 2.90348 80 2 25 10 48849 0 
-144.812 25.4738 -0.0243074 0.322609 2.90348 80 2 25 10 48850 0 
-144.801 25.4738 -0.0243084 0.322609 2.90348 80 2 25 10 48851 0 
-144.79 25.4738 -0.0243094 0.322609 2.90348 80 2 25 10 48852 0 
-144.779 25.4738 -0.0243104 0.322609 2.90348 80 2 25 10 48853 0 
-144.769 25.4738 -0.0243113 0.322609 2.90348 80 2 25 10 48854 0 
-144.758 25.4738 -0.0243123 0.322609 2.90348 80 2 25 10 48855 0 
-144.747 25.4737 -0.0243133 0.322609 2.90348 80 2 25 10 48856 0 
-144.736 25.4737 -0.0243143 0.322609 2.90348 80 2 25 10 48857 0 
-144.725 25.4737 -0.0243152 0.322609 2.90348 80 2 25 10 48858 0 
-144.715 25.4737 -0.0243162 0.322609 2.90348 80 2 25 10 48859 0 
-144.704 25.4737 -0.0243172 0.322609 2.90348 80 2 25 10 48860 0 
-144.693 25.4737 -0.0243182 0.322609 2.90348 80 2 25 10 48861 0 
-144.682 25.4737 -0.0243191 0.322609 2.90348 80 2 25 10 48862 0 
-144.672 25.4737 -0.0243201 0.322609 2.90348 80 2 25 10 48863 0 
-144.661 25.4737 -0.0243211 0.322609 2.90348 80 2 25 10 48864 0 
-144.65 25.4737 -0.0243221 0.322609 2.90348 80 2 25 10 48865 0 
-144.639 25.4737 -0.024323 0.322609 2.90348 80 2 25 10 48866 0 
-144.629 25.4737 -0.024324 0.322609 2.90348 80 2 25 10 48867 0 
-144.618 25.4737 -0.024325 0.322609 2.90348 80 2 25 10 48868 0 
-144.607 25.4737 -0.024326 0.322609 2.90348 80 2 25 10 48869 0 
-144.596 25.4737 -0.0243269 0.322609 2.90348 80 2 25 10 48870 0 
-144.586 25.4737 -0.0243279 0.322609 2.90348 80 2 25 10 48871 0 
-144.575 25.4737 -0.0243289 0.322609 2.90348 80 2 25 10 48872 0 
-144.564 25.4737 -0.0243299 0.322609 2.90348 80 2 25 10 48873 0 
-144.553 25.4737 -0.0243308 0.322609 2.90348 80 2 25 10 48874 0 
-144.543 25.4737 -0.0243318 0.322609 2.90348 80 2 25 10 48875 0 
-144.532 25.4737 -0.0243328 0.322609 2.90348 80 2 25 10 48876 0 
-144.521 25.4737 -0.0243338 0.322609 2.90348 80 2 25 10 48877 0 
-144.51 25.4737 -0.0243348 0.322609 2.90348 80 2 25 10 48878 0 
-144.5 25.4737 -0.0243357 0.322609 2.90348 80 2 25 10 48879 0 
-144.489 25.4737 -0.0243367 0.322609 2.90348 80 2 25 10 48880 0 
-144.478 25.4737 -0.0243377 0.322609 2.90348 80 2 25 10 48881 0 
-144.467 25.4736 -0.0243387 0.322609 2.90348 80 2 25 10 48882 0 
-144.457 25.4736 -0.0243396 0.322609 2.90348 80 2 25 10 48883 0 
-144.446 25.4736 -0.0243406 0.322609 2.90348 80 2 25 10 48884 0 
-144.435 25.4736 -0.0243416 0.322609 2.90348 80 2 25 10 48885 0 
-144.424 25.4736 -0.0243426 0.322609 2.90348 80 2 25 10 48886 0 
-144.414 25.4736 -0.0243436 0.322609 2.90348 80 2 25 10 48887 0 
-144.403 25.4736 -0.0243445 0.322609 2.90348 80 2 25 10 48888 0 
-144.392 25.4736 -0.0243455 0.322609 2.90348 80 2 25 10 48889 0 
-144.381 25.4736 -0.0243465 0.322609 2.90348 80 2 25 10 48890 0 
-144.37 25.4736 -0.0243475 0.322609 2.90348 80 2 25 10 48891 0 
-144.36 25.4736 -0.0243484 0.322609 2.90348 80 2 25 10 48892 0 
-144.349 25.4736 -0.0243494 0.322609 2.90348 80 2 25 10 48893 0 
-144.338 25.4736 -0.0243504 0.322609 2.90348 80 2 25 10 48894 0 
-144.327 25.4736 -0.0243514 0.322609 2.90348 80 2 25 10 48895 0 
-144.317 25.4736 -0.0243524 0.322609 2.90348 80 2 25 10 48896 0 
-144.306 25.4736 -0.0243533 0.322609 2.90348 80 2 25 10 48897 0 
-144.295 25.4736 -0.0243543 0.322609 2.90348 80 2 25 10 48898 0 
-144.284 25.4736 -0.0243553 0.322609 2.90348 80 2 25 10 48899 0 
-144.274 25.4736 -0.0243563 0.322609 2.90348 80 2 25 10 48900 0 
-144.263 25.4736 -0.0243573 0.322609 2.90348 80 2 25 10 48901 0 
-144.252 25.4736 -0.0243582 0.322609 2.90348 80 2 25 10 48902 0 
-144.241 25.4736 -0.0243592 0.322609 2.90348 80 2 25 10 48903 0 
-144.231 25.4736 -0.0243602 0.322609 2.90348 80 2 25 10 48904 0 
-144.22 25.4736 -0.0243612 0.322609 2.90348 80 2 25 10 48905 0 
-144.209 25.4736 -0.0243622 0.322609 2.90348 80 2 25 10 48906 0 
-144.198 25.4736 -0.0243631 0.322609 2.90348 80 2 25 10 48907 0 
-144.188 25.4735 -0.0243641 0.322609 2.90348 80 2 25 10 48908 0 
-144.177 25.4735 -0.0243651 0.322609 2.90348 80 2 25 10 48909 0 
-144.166 25.4735 -0.0243661 0.322609 2.90348 80 2 25 10 48910 0 
-144.155 25.4735 -0.0243671 0.322609 2.90348 80 2 25 10 48911 0 
-144.145 25.4735 -0.024368 0.322609 2.90348 80 2 25 10 48912 0 
-144.134 25.4735 -0.024369 0.322609 2.90348 80 2 25 10 48913 0 
-144.123 25.4735 -0.02437 0.322609 2.90348 80 2 25 10 48914 0 
-144.112 25.4735 -0.024371 0.322609 2.90348 80 2 25 10 48915 0 
-144.102 25.4735 -0.024372 0.322609 2.90348 80 2 25 10 48916 0 
-144.091 25.4735 -0.0243729 0.322609 2.90348 80 2 25 10 48917 0 
-144.08 25.4735 -0.0243739 0.322609 2.90348 80 2 25 10 48918 0 
-144.069 25.4735 -0.0243749 0.322609 2.90348 80 2 25 10 48919 0 
-144.059 25.4735 -0.0243759 0.322609 2.90348 80 2 25 10 48920 0 
-144.048 25.4735 -0.0243769 0.322609 2.90348 80 2 25 10 48921 0 
-144.037 25.4735 -0.0243778 0.322609 2.90348 80 2 25 10 48922 0 
-144.026 25.4735 -0.0243788 0.322609 2.90348 80 2 25 10 48923 0 
-144.015 25.4735 -0.0243798 0.322609 2.90348 80 2 25 10 48924 0 
-144.005 25.4735 -0.0243808 0.322609 2.90348 80 2 25 10 48925 0 
-143.994 25.4735 -0.0243818 0.322609 2.90348 80 2 25 10 48926 0 
-143.983 25.4735 -0.0243828 0.322609 2.90348 80 2 25 10 48927 0 
-143.972 25.4735 -0.0243837 0.322609 2.90348 80 2 25 10 48928 0 
-143.962 25.4735 -0.0243847 0.322609 2.90348 80 2 25 10 48929 0 
-143.951 25.4735 -0.0243857 0.322609 2.90348 80 2 25 10 48930 0 
-143.94 25.4735 -0.0243867 0.322609 2.90348 80 2 25 10 48931 0 
-143.929 25.4735 -0.0243877 0.322609 2.90348 80 2 25 10 48932 0 
-143.919 25.4735 -0.0243886 0.322609 2.90348 80 2 25 10 48933 0 
-143.908 25.4734 -0.0243896 0.322609 2.90348 80 2 25 10 48934 0 
-143.897 25.4734 -0.0243906 0.322609 2.90348 80 2 25 10 48935 0 
-143.886 25.4734 -0.0243916 0.322609 2.90348 80 2 25 10 48936 0 
-143.876 25.4734 -0.0243926 0.322609 2.90348 80 2 25 10 48937 0 
-143.865 25.4734 -0.0243936 0.322609 2.90348 80 2 25 10 48938 0 
-143.854 25.4734 -0.0243945 0.322609 2.90348 80 2 25 10 48939 0 
-143.843 25.4734 -0.0243955 0.322609 2.90348 80 2 25 10 48940 0 
-143.833 25.4734 -0.0243965 0.322609 2.90348 80 2 25 10 48941 0 
-143.822 25.4734 -0.0243975 0.322609 2.90348 80 2 25 10 48942 0 
-143.811 25.4734 -0.0243985 0.322609 2.90348 80 2 25 10 48943 0 
-143.8 25.4734 -0.0243995 0.322609 2.90348 80 2 25 10 48944 0 
-143.79 25.4734 -0.0244004 0.322609 2.90348 80 2 25 10 48945 0 
-143.779 25.4734 -0.0244014 0.322609 2.90348 80 2 25 10 48946 0 
-143.768 25.4734 -0.0244024 0.322609 2.90348 80 2 25 10 48947 0 
-143.757 25.4734 -0.0244034 0.322609 2.90348 80 2 25 10 48948 0 
-143.747 25.4734 -0.0244044 0.322609 2.90348 80 2 25 10 48949 0 
-143.736 25.4734 -0.0244054 0.322609 2.90348 80 2 25 10 48950 0 
-143.725 25.4734 -0.0244063 0.322609 2.90348 80 2 25 10 48951 0 
-143.714 25.4734 -0.0244073 0.322609 2.90348 80 2 25 10 48952 0 
-143.704 25.4734 -0.0244083 0.322609 2.90348 80 2 25 10 48953 0 
-143.693 25.4734 -0.0244093 0.322609 2.90348 80 2 25 10 48954 0 
-143.682 25.4734 -0.0244103 0.322609 2.90348 80 2 25 10 48955 0 
-143.671 25.4734 -0.0244113 0.322609 2.90348 80 2 25 10 48956 0 
-143.66 25.4734 -0.0244123 0.322609 2.90348 80 2 25 10 48957 0 
-143.65 25.4734 -0.0244132 0.322609 2.90348 80 2 25 10 48958 0 
-143.639 25.4734 -0.0244142 0.322609 2.90348 80 2 25 10 48959 0 
-143.628 25.4734 -0.0244152 0.322609 2.90348 80 2 25 10 48960 0 
-143.617 25.4733 -0.0244162 0.322609 2.90348 80 2 25 10 48961 0 
-143.607 25.4733 -0.0244172 0.322609 2.90348 80 2 25 10 48962 0 
-143.596 25.4733 -0.0244182 0.322609 2.90348 80 2 25 10 48963 0 
-143.585 25.4733 -0.0244192 0.322609 2.90348 80 2 25 10 48964 0 
-143.574 25.4733 -0.0244201 0.322609 2.90348 80 2 25 10 48965 0 
-143.564 25.4733 -0.0244211 0.322609 2.90348 80 2 25 10 48966 0 
-143.553 25.4733 -0.0244221 0.322609 2.90348 80 2 25 10 48967 0 
-143.542 25.4733 -0.0244231 0.322609 2.90348 80 2 25 10 48968 0 
-143.531 25.4733 -0.0244241 0.322609 2.90348 80 2 25 10 48969 0 
-143.521 25.4733 -0.0244251 0.322609 2.90348 80 2 25 10 48970 0 
-143.51 25.4733 -0.024426 0.322609 2.90348 80 2 25 10 48971 0 
-143.499 25.4733 -0.024427 0.322609 2.90348 80 2 25 10 48972 0 
-143.488 25.4733 -0.024428 0.322609 2.90348 80 2 25 10 48973 0 
-143.478 25.4733 -0.024429 0.322609 2.90348 80 2 25 10 48974 0 
-143.467 25.4733 -0.02443 0.322609 2.90348 80 2 25 10 48975 0 
-143.456 25.4733 -0.024431 0.322609 2.90348 80 2 25 10 48976 0 
-143.445 25.4733 -0.024432 0.322609 2.90348 80 2 25 10 48977 0 
-143.435 25.4733 -0.024433 0.322609 2.90348 80 2 25 10 48978 0 
-143.424 25.4733 -0.0244339 0.322609 2.90348 80 2 25 10 48979 0 
-143.413 25.4733 -0.0244349 0.322609 2.90348 80 2 25 10 48980 0 
-143.402 25.4733 -0.0244359 0.322609 2.90348 80 2 25 10 48981 0 
-143.392 25.4733 -0.0244369 0.322609 2.90348 80 2 25 10 48982 0 
-143.381 25.4733 -0.0244379 0.322609 2.90348 80 2 25 10 48983 0 
-143.37 25.4733 -0.0244389 0.322609 2.90348 80 2 25 10 48984 0 
-143.359 25.4733 -0.0244399 0.322609 2.90348 80 2 25 10 48985 0 
-143.349 25.4733 -0.0244409 0.322609 2.90348 80 2 25 10 48986 0 
-143.338 25.4732 -0.0244418 0.322609 2.90348 80 2 25 10 48987 0 
-143.327 25.4732 -0.0244428 0.322609 2.90348 80 2 25 10 48988 0 
-143.316 25.4732 -0.0244438 0.322609 2.90348 80 2 25 10 48989 0 
-143.305 25.4732 -0.0244448 0.322609 2.90348 80 2 25 10 48990 0 
-143.295 25.4732 -0.0244458 0.322609 2.90348 80 2 25 10 48991 0 
-143.284 25.4732 -0.0244468 0.322609 2.90348 80 2 25 10 48992 0 
-143.273 25.4732 -0.0244478 0.322609 2.90348 80 2 25 10 48993 0 
-143.262 25.4732 -0.0244488 0.322609 2.90348 80 2 25 10 48994 0 
-143.252 25.4732 -0.0244497 0.322609 2.90348 80 2 25 10 48995 0 
-143.241 25.4732 -0.0244507 0.322609 2.90348 80 2 25 10 48996 0 
-143.23 25.4732 -0.0244517 0.322609 2.90348 80 2 25 10 48997 0 
-143.219 25.4732 -0.0244527 0.322609 2.90348 80 2 25 10 48998 0 
-143.209 25.4732 -0.0244537 0.322609 2.90348 80 2 25 10 48999 0 
-143.198 25.4732 -0.0244547 0.322609 2.90348 80 2 25 10 49000 0 
-143.187 25.4732 -0.0244557 0.322609 2.90348 80 2 25 10 49001 0 
-143.176 25.4732 -0.0244567 0.322609 2.90348 80 2 25 10 49002 0 
-143.166 25.4732 -0.0244577 0.322609 2.90348 80 2 25 10 49003 0 
-143.155 25.4732 -0.0244586 0.322609 2.90348 80 2 25 10 49004 0 
-143.144 25.4732 -0.0244596 0.322609 2.90348 80 2 25 10 49005 0 
-143.133 25.4732 -0.0244606 0.322609 2.90348 80 2 25 10 49006 0 
-143.123 25.4732 -0.0244616 0.322609 2.90348 80 2 25 10 49007 0 
-143.112 25.4732 -0.0244626 0.322609 2.90348 80 2 25 10 49008 0 
-143.101 25.4732 -0.0244636 0.322609 2.90348 80 2 25 10 49009 0 
-143.09 25.4732 -0.0244646 0.322609 2.90348 80 2 25 10 49010 0 
-143.08 25.4732 -0.0244656 0.322609 2.90348 80 2 25 10 49011 0 
-143.069 25.4732 -0.0244666 0.322609 2.90348 80 2 25 10 49012 0 
-143.058 25.4731 -0.0244675 0.322609 2.90348 80 2 25 10 49013 0 
-143.047 25.4731 -0.0244685 0.322609 2.90348 80 2 25 10 49014 0 
-143.037 25.4731 -0.0244695 0.322609 2.90348 80 2 25 10 49015 0 
-143.026 25.4731 -0.0244705 0.322609 2.90348 80 2 25 10 49016 0 
-143.015 25.4731 -0.0244715 0.322609 2.90348 80 2 25 10 49017 0 
-143.004 25.4731 -0.0244725 0.322609 2.90348 80 2 25 10 49018 0 
-142.994 25.4731 -0.0244735 0.322609 2.90348 80 2 25 10 49019 0 
-142.983 25.4731 -0.0244745 0.322609 2.90348 80 2 25 10 49020 0 
-142.972 25.4731 -0.0244755 0.322609 2.90348 80 2 25 10 49021 0 
-142.961 25.4731 -0.0244765 0.322609 2.90348 80 2 25 10 49022 0 
-142.951 25.4731 -0.0244775 0.322609 2.90348 80 2 25 10 49023 0 
-142.94 25.4731 -0.0244784 0.322609 2.90348 80 2 25 10 49024 0 
-142.929 25.4731 -0.0244794 0.322609 2.90348 80 2 25 10 49025 0 
-142.918 25.4731 -0.0244804 0.322609 2.90348 80 2 25 10 49026 0 
-142.907 25.4731 -0.0244814 0.322609 2.90348 80 2 25 10 49027 0 
-142.897 25.4731 -0.0244824 0.322609 2.90348 80 2 25 10 49028 0 
-142.886 25.4731 -0.0244834 0.322609 2.90348 80 2 25 10 49029 0 
-142.875 25.4731 -0.0244844 0.322609 2.90348 80 2 25 10 49030 0 
-142.864 25.4731 -0.0244854 0.322609 2.90348 80 2 25 10 49031 0 
-142.854 25.4731 -0.0244864 0.322609 2.90348 80 2 25 10 49032 0 
-142.843 25.4731 -0.0244874 0.322609 2.90348 80 2 25 10 49033 0 
-142.832 25.4731 -0.0244884 0.322609 2.90348 80 2 25 10 49034 0 
-142.821 25.4731 -0.0244894 0.322609 2.90348 80 2 25 10 49035 0 
-142.811 25.4731 -0.0244903 0.322609 2.90348 80 2 25 10 49036 0 
-142.8 25.4731 -0.0244913 0.322609 2.90348 80 2 25 10 49037 0 
-142.789 25.4731 -0.0244923 0.322609 2.90348 80 2 25 10 49038 0 
-142.778 25.473 -0.0244933 0.322609 2.90348 80 2 25 10 49039 0 
-142.768 25.473 -0.0244943 0.322609 2.90348 80 2 25 10 49040 0 
-142.757 25.473 -0.0244953 0.322609 2.90348 80 2 25 10 49041 0 
-142.746 25.473 -0.0244963 0.322609 2.90348 80 2 25 10 49042 0 
-142.735 25.473 -0.0244973 0.322609 2.90348 80 2 25 10 49043 0 
-142.725 25.473 -0.0244983 0.322609 2.90348 80 2 25 10 49044 0 
-142.714 25.473 -0.0244993 0.322609 2.90348 80 2 25 10 49045 0 
-142.703 25.473 -0.0245003 0.322609 2.90348 80 2 25 10 49046 0 
-142.692 25.473 -0.0245013 0.322609 2.90348 80 2 25 10 49047 0 
-142.682 25.473 -0.0245023 0.322609 2.90348 80 2 25 10 49048 0 
-142.671 25.473 -0.0245032 0.322609 2.90348 80 2 25 10 49049 0 
-142.66 25.473 -0.0245042 0.322609 2.90348 80 2 25 10 49050 0 
-142.649 25.473 -0.0245052 0.322609 2.90348 80 2 25 10 49051 0 
-142.639 25.473 -0.0245062 0.322609 2.90348 80 2 25 10 49052 0 
-142.628 25.473 -0.0245072 0.322609 2.90348 80 2 25 10 49053 0 
-142.617 25.473 -0.0245082 0.322609 2.90348 80 2 25 10 49054 0 
-142.606 25.473 -0.0245092 0.322609 2.90348 80 2 25 10 49055 0 
-142.596 25.473 -0.0245102 0.322609 2.90348 80 2 25 10 49056 0 
-142.585 25.473 -0.0245112 0.322609 2.90348 80 2 25 10 49057 0 
-142.574 25.473 -0.0245122 0.322609 2.90348 80 2 25 10 49058 0 
-142.563 25.473 -0.0245132 0.322609 2.90348 80 2 25 10 49059 0 
-142.552 25.473 -0.0245142 0.322609 2.90348 80 2 25 10 49060 0 
-142.542 25.473 -0.0245152 0.322609 2.90348 80 2 25 10 49061 0 
-142.531 25.473 -0.0245162 0.322609 2.90348 80 2 25 10 49062 0 
-142.52 25.473 -0.0245172 0.322609 2.90348 80 2 25 10 49063 0 
-142.509 25.473 -0.0245182 0.322609 2.90348 80 2 25 10 49064 0 
-142.499 25.4729 -0.0245192 0.322609 2.90348 80 2 25 10 49065 0 
-142.488 25.4729 -0.0245202 0.322609 2.90348 80 2 25 10 49066 0 
-142.477 25.4729 -0.0245211 0.322609 2.90348 80 2 25 10 49067 0 
-142.466 25.4729 -0.0245221 0.322609 2.90348 80 2 25 10 49068 0 
-142.456 25.4729 -0.0245231 0.322609 2.90348 80 2 25 10 49069 0 
-142.445 25.4729 -0.0245241 0.322609 2.90348 80 2 25 10 49070 0 
-142.434 25.4729 -0.0245251 0.322609 2.90348 80 2 25 10 49071 0 
-142.423 25.4729 -0.0245261 0.322609 2.90348 80 2 25 10 49072 0 
-142.413 25.4729 -0.0245271 0.322609 2.90348 80 2 25 10 49073 0 
-142.402 25.4729 -0.0245281 0.322609 2.90348 80 2 25 10 49074 0 
-142.391 25.4729 -0.0245291 0.322609 2.90348 80 2 25 10 49075 0 
-142.38 25.4729 -0.0245301 0.322609 2.90348 80 2 25 10 49076 0 
-142.37 25.4729 -0.0245311 0.322609 2.90348 80 2 25 10 49077 0 
-142.359 25.4729 -0.0245321 0.322609 2.90348 80 2 25 10 49078 0 
-142.348 25.4729 -0.0245331 0.322609 2.90348 80 2 25 10 49079 0 
-142.337 25.4729 -0.0245341 0.322609 2.90348 80 2 25 10 49080 0 
-142.327 25.4729 -0.0245351 0.322609 2.90348 80 2 25 10 49081 0 
-142.316 25.4729 -0.0245361 0.322609 2.90348 80 2 25 10 49082 0 
-142.305 25.4729 -0.0245371 0.322609 2.90348 80 2 25 10 49083 0 
-142.294 25.4729 -0.0245381 0.322609 2.90348 80 2 25 10 49084 0 
-142.284 25.4729 -0.0245391 0.322609 2.90348 80 2 25 10 49085 0 
-142.273 25.4729 -0.0245401 0.322609 2.90348 80 2 25 10 49086 0 
-142.262 25.4729 -0.0245411 0.322609 2.90348 80 2 25 10 49087 0 
-142.251 25.4729 -0.0245421 0.322609 2.90348 80 2 25 10 49088 0 
-142.241 25.4729 -0.0245431 0.322609 2.90348 80 2 25 10 49089 0 
-142.23 25.4729 -0.0245441 0.322609 2.90348 80 2 25 10 49090 0 
-142.219 25.4729 -0.0245451 0.322609 2.90348 80 2 25 10 49091 0 
-142.208 25.4728 -0.0245461 0.322609 2.90348 80 2 25 10 49092 0 
-142.197 25.4728 -0.0245471 0.322609 2.90348 80 2 25 10 49093 0 
-142.187 25.4728 -0.0245481 0.322609 2.90348 80 2 25 10 49094 0 
-142.176 25.4728 -0.0245491 0.322609 2.90348 80 2 25 10 49095 0 
-142.165 25.4728 -0.0245501 0.322609 2.90348 80 2 25 10 49096 0 
-142.154 25.4728 -0.0245511 0.322609 2.90348 80 2 25 10 49097 0 
-142.144 25.4728 -0.0245521 0.322609 2.90348 80 2 25 10 49098 0 
-142.133 25.4728 -0.024553 0.322609 2.90348 80 2 25 10 49099 0 
-142.122 25.4728 -0.024554 0.322609 2.90348 80 2 25 10 49100 0 
-142.111 25.4728 -0.024555 0.322609 2.90348 80 2 25 10 49101 0 
-142.101 25.4728 -0.024556 0.322609 2.90348 80 2 25 10 49102 0 
-142.09 25.4728 -0.024557 0.322609 2.90348 80 2 25 10 49103 0 
-142.079 25.4728 -0.024558 0.322609 2.90348 80 2 25 10 49104 0 
-142.068 25.4728 -0.024559 0.322609 2.90348 80 2 25 10 49105 0 
-142.058 25.4728 -0.02456 0.322609 2.90348 80 2 25 10 49106 0 
-142.047 25.4728 -0.024561 0.322609 2.90348 80 2 25 10 49107 0 
-142.036 25.4728 -0.024562 0.322609 2.90348 80 2 25 10 49108 0 
-142.025 25.4728 -0.024563 0.322609 2.90348 80 2 25 10 49109 0 
-142.015 25.4728 -0.024564 0.322609 2.90348 80 2 25 10 49110 0 
-142.004 25.4728 -0.024565 0.322609 2.90348 80 2 25 10 49111 0 
-141.993 25.4728 -0.024566 0.322609 2.90348 80 2 25 10 49112 0 
-141.982 25.4728 -0.024567 0.322609 2.90348 80 2 25 10 49113 0 
-141.972 25.4728 -0.024568 0.322609 2.90348 80 2 25 10 49114 0 
-141.961 25.4728 -0.024569 0.322609 2.90348 80 2 25 10 49115 0 
-141.95 25.4728 -0.02457 0.322609 2.90348 80 2 25 10 49116 0 
-141.939 25.4728 -0.024571 0.322609 2.90348 80 2 25 10 49117 0 
-141.929 25.4727 -0.024572 0.322609 2.90348 80 2 25 10 49118 0 
-141.918 25.4727 -0.024573 0.322609 2.90348 80 2 25 10 49119 0 
-141.907 25.4727 -0.024574 0.322609 2.90348 80 2 25 10 49120 0 
-141.896 25.4727 -0.024575 0.322609 2.90348 80 2 25 10 49121 0 
-141.886 25.4727 -0.024576 0.322609 2.90348 80 2 25 10 49122 0 
-141.875 25.4727 -0.024577 0.322609 2.90348 80 2 25 10 49123 0 
-141.864 25.4727 -0.024578 0.322609 2.90348 80 2 25 10 49124 0 
-141.853 25.4727 -0.024579 0.322609 2.90348 80 2 25 10 49125 0 
-141.842 25.4727 -0.02458 0.322609 2.90348 80 2 25 10 49126 0 
-141.832 25.4727 -0.024581 0.322609 2.90348 80 2 25 10 49127 0 
-141.821 25.4727 -0.024582 0.322609 2.90348 80 2 25 10 49128 0 
-141.81 25.4727 -0.024583 0.322609 2.90348 80 2 25 10 49129 0 
-141.799 25.4727 -0.024584 0.322609 2.90348 80 2 25 10 49130 0 
-141.789 25.4727 -0.024585 0.322609 2.90348 80 2 25 10 49131 0 
-141.778 25.4727 -0.024586 0.322609 2.90348 80 2 25 10 49132 0 
-141.767 25.4727 -0.024587 0.322609 2.90348 80 2 25 10 49133 0 
-141.756 25.4727 -0.0245881 0.322609 2.90348 80 2 25 10 49134 0 
-141.746 25.4727 -0.0245891 0.322609 2.90348 80 2 25 10 49135 0 
-141.735 25.4727 -0.0245901 0.322609 2.90348 80 2 25 10 49136 0 
-141.724 25.4727 -0.0245911 0.322609 2.90348 80 2 25 10 49137 0 
-141.713 25.4727 -0.0245921 0.322609 2.90348 80 2 25 10 49138 0 
-141.703 25.4727 -0.0245931 0.322609 2.90348 80 2 25 10 49139 0 
-141.692 25.4727 -0.0245941 0.322609 2.90348 80 2 25 10 49140 0 
-141.681 25.4727 -0.0245951 0.322609 2.90348 80 2 25 10 49141 0 
-141.67 25.4727 -0.0245961 0.322609 2.90348 80 2 25 10 49142 0 
-141.66 25.4727 -0.0245971 0.322609 2.90348 80 2 25 10 49143 0 
-141.649 25.4726 -0.0245981 0.322609 2.90348 80 2 25 10 49144 0 
-141.638 25.4726 -0.0245991 0.322609 2.90348 80 2 25 10 49145 0 
-141.627 25.4726 -0.0246001 0.322609 2.90348 80 2 25 10 49146 0 
-141.617 25.4726 -0.0246011 0.322609 2.90348 80 2 25 10 49147 0 
-141.606 25.4726 -0.0246021 0.322609 2.90348 80 2 25 10 49148 0 
-141.595 25.4726 -0.0246031 0.322609 2.90348 80 2 25 10 49149 0 
-141.584 25.4726 -0.0246041 0.322609 2.90348 80 2 25 10 49150 0 
-141.574 25.4726 -0.0246051 0.322609 2.90348 80 2 25 10 49151 0 
-141.563 25.4726 -0.0246061 0.322609 2.90348 80 2 25 10 49152 0 
-141.552 25.4726 -0.0246071 0.322609 2.90348 80 2 25 10 49153 0 
-141.541 25.4726 -0.0246081 0.322609 2.90348 80 2 25 10 49154 0 
-141.531 25.4726 -0.0246091 0.322609 2.90348 80 2 25 10 49155 0 
-141.52 25.4726 -0.0246101 0.322609 2.90348 80 2 25 10 49156 0 
-141.509 25.4726 -0.0246111 0.322609 2.90348 80 2 25 10 49157 0 
-141.498 25.4726 -0.0246121 0.322609 2.90348 80 2 25 10 49158 0 
-141.487 25.4726 -0.0246131 0.322609 2.90348 80 2 25 10 49159 0 
-141.477 25.4726 -0.0246141 0.322609 2.90348 80 2 25 10 49160 0 
-141.466 25.4726 -0.0246151 0.322609 2.90348 80 2 25 10 49161 0 
-141.455 25.4726 -0.0246161 0.322609 2.90348 80 2 25 10 49162 0 
-141.444 25.4726 -0.0246171 0.322609 2.90348 80 2 25 10 49163 0 
-141.434 25.4726 -0.0246181 0.322609 2.90348 80 2 25 10 49164 0 
-141.423 25.4726 -0.0246191 0.322609 2.90348 80 2 25 10 49165 0 
-141.412 25.4726 -0.0246202 0.322609 2.90348 80 2 25 10 49166 0 
-141.401 25.4726 -0.0246212 0.322609 2.90348 80 2 25 10 49167 0 
-141.391 25.4726 -0.0246222 0.322609 2.90348 80 2 25 10 49168 0 
-141.38 25.4726 -0.0246232 0.322609 2.90348 80 2 25 10 49169 0 
-141.369 25.4725 -0.0246242 0.322609 2.90348 80 2 25 10 49170 0 
-141.358 25.4725 -0.0246252 0.322609 2.90348 80 2 25 10 49171 0 
-141.348 25.4725 -0.0246262 0.322609 2.90348 80 2 25 10 49172 0 
-141.337 25.4725 -0.0246272 0.322609 2.90348 80 2 25 10 49173 0 
-141.326 25.4725 -0.0246282 0.322609 2.90348 80 2 25 10 49174 0 
-141.315 25.4725 -0.0246292 0.322609 2.90348 80 2 25 10 49175 0 
-141.305 25.4725 -0.0246302 0.322609 2.90348 80 2 25 10 49176 0 
-141.294 25.4725 -0.0246312 0.322609 2.90348 80 2 25 10 49177 0 
-141.283 25.4725 -0.0246322 0.322609 2.90348 80 2 25 10 49178 0 
-141.272 25.4725 -0.0246332 0.322609 2.90348 80 2 25 10 49179 0 
-141.262 25.4725 -0.0246342 0.322609 2.90348 80 2 25 10 49180 0 
-141.251 25.4725 -0.0246352 0.322609 2.90348 80 2 25 10 49181 0 
-141.24 25.4725 -0.0246362 0.322609 2.90348 80 2 25 10 49182 0 
-141.229 25.4725 -0.0246373 0.322609 2.90348 80 2 25 10 49183 0 
-141.219 25.4725 -0.0246383 0.322609 2.90348 80 2 25 10 49184 0 
-141.208 25.4725 -0.0246393 0.322609 2.90348 80 2 25 10 49185 0 
-141.197 25.4725 -0.0246403 0.322609 2.90348 80 2 25 10 49186 0 
-141.186 25.4725 -0.0246413 0.322609 2.90348 80 2 25 10 49187 0 
-141.176 25.4725 -0.0246423 0.322609 2.90348 80 2 25 10 49188 0 
-141.165 25.4725 -0.0246433 0.322609 2.90348 80 2 25 10 49189 0 
-141.154 25.4725 -0.0246443 0.322609 2.90348 80 2 25 10 49190 0 
-141.143 25.4725 -0.0246453 0.322609 2.90348 80 2 25 10 49191 0 
-141.132 25.4725 -0.0246463 0.322609 2.90348 80 2 25 10 49192 0 
-141.122 25.4725 -0.0246473 0.322609 2.90348 80 2 25 10 49193 0 
-141.111 25.4725 -0.0246483 0.322609 2.90348 80 2 25 10 49194 0 
-141.1 25.4725 -0.0246493 0.322609 2.90348 80 2 25 10 49195 0 
-141.089 25.4725 -0.0246504 0.322609 2.90348 80 2 25 10 49196 0 
-141.079 25.4724 -0.0246514 0.322609 2.90348 80 2 25 10 49197 0 
-141.068 25.4724 -0.0246524 0.322609 2.90348 80 2 25 10 49198 0 
-141.057 25.4724 -0.0246534 0.322609 2.90348 80 2 25 10 49199 0 
-141.046 25.4724 -0.0246544 0.322609 2.90348 80 2 25 10 49200 0 
-141.036 25.4724 -0.0246554 0.322609 2.90348 80 2 25 10 49201 0 
-141.025 25.4724 -0.0246564 0.322609 2.90348 80 2 25 10 49202 0 
-141.014 25.4724 -0.0246574 0.322609 2.90348 80 2 25 10 49203 0 
-141.003 25.4724 -0.0246584 0.322609 2.90348 80 2 25 10 49204 0 
-140.993 25.4724 -0.0246594 0.322609 2.90348 80 2 25 10 49205 0 
-140.982 25.4724 -0.0246604 0.322609 2.90348 80 2 25 10 49206 0 
-140.971 25.4724 -0.0246614 0.322609 2.90348 80 2 25 10 49207 0 
-140.96 25.4724 -0.0246625 0.322609 2.90348 80 2 25 10 49208 0 
-140.95 25.4724 -0.0246635 0.322609 2.90348 80 2 25 10 49209 0 
-140.939 25.4724 -0.0246645 0.322609 2.90348 80 2 25 10 49210 0 
-140.928 25.4724 -0.0246655 0.322609 2.90348 80 2 25 10 49211 0 
-140.917 25.4724 -0.0246665 0.322609 2.90348 80 2 25 10 49212 0 
-140.907 25.4724 -0.0246675 0.322609 2.90348 80 2 25 10 49213 0 
-140.896 25.4724 -0.0246685 0.322609 2.90348 80 2 25 10 49214 0 
-140.885 25.4724 -0.0246695 0.322609 2.90348 80 2 25 10 49215 0 
-140.874 25.4724 -0.0246705 0.322609 2.90348 80 2 25 10 49216 0 
-140.864 25.4724 -0.0246715 0.322609 2.90348 80 2 25 10 49217 0 
-140.853 25.4724 -0.0246725 0.322609 2.90348 80 2 25 10 49218 0 
-140.842 25.4724 -0.0246736 0.322609 2.90348 80 2 25 10 49219 0 
-140.831 25.4724 -0.0246746 0.322609 2.90348 80 2 25 10 49220 0 
-140.821 25.4724 -0.0246756 0.322609 2.90348 80 2 25 10 49221 0 
-140.81 25.4724 -0.0246766 0.322609 2.90348 80 2 25 10 49222 0 
-140.799 25.4723 -0.0246776 0.322609 2.90348 80 2 25 10 49223 0 
-140.788 25.4723 -0.0246786 0.322609 2.90348 80 2 25 10 49224 0 
-140.777 25.4723 -0.0246796 0.322609 2.90348 80 2 25 10 49225 0 
-140.767 25.4723 -0.0246806 0.322609 2.90348 80 2 25 10 49226 0 
-140.756 25.4723 -0.0246816 0.322609 2.90348 80 2 25 10 49227 0 
-140.745 25.4723 -0.0246827 0.322609 2.90348 80 2 25 10 49228 0 
-140.734 25.4723 -0.0246837 0.322609 2.90348 80 2 25 10 49229 0 
-140.724 25.4723 -0.0246847 0.322609 2.90348 80 2 25 10 49230 0 
-140.713 25.4723 -0.0246857 0.322609 2.90348 80 2 25 10 49231 0 
-140.702 25.4723 -0.0246867 0.322609 2.90348 80 2 25 10 49232 0 
-140.691 25.4723 -0.0246877 0.322609 2.90348 80 2 25 10 49233 0 
-140.681 25.4723 -0.0246887 0.322609 2.90348 80 2 25 10 49234 0 
-140.67 25.4723 -0.0246897 0.322609 2.90348 80 2 25 10 49235 0 
-140.659 25.4723 -0.0246907 0.322609 2.90348 80 2 25 10 49236 0 
-140.648 25.4723 -0.0246918 0.322609 2.90348 80 2 25 10 49237 0 
-140.638 25.4723 -0.0246928 0.322609 2.90348 80 2 25 10 49238 0 
-140.627 25.4723 -0.0246938 0.322609 2.90348 80 2 25 10 49239 0 
-140.616 25.4723 -0.0246948 0.322609 2.90348 80 2 25 10 49240 0 
-140.605 25.4723 -0.0246958 0.322609 2.90348 80 2 25 10 49241 0 
-140.595 25.4723 -0.0246968 0.322609 2.90348 80 2 25 10 49242 0 
-140.584 25.4723 -0.0246978 0.322609 2.90348 80 2 25 10 49243 0 
-140.573 25.4723 -0.0246988 0.322609 2.90348 80 2 25 10 49244 0 
-140.562 25.4723 -0.0246999 0.322609 2.90348 80 2 25 10 49245 0 
-140.552 25.4723 -0.0247009 0.322609 2.90348 80 2 25 10 49246 0 
-140.541 25.4723 -0.0247019 0.322609 2.90348 80 2 25 10 49247 0 
-140.53 25.4723 -0.0247029 0.322609 2.90348 80 2 25 10 49248 0 
-140.519 25.4722 -0.0247039 0.322609 2.90348 80 2 25 10 49249 0 
-140.509 25.4722 -0.0247049 0.322609 2.90348 80 2 25 10 49250 0 
-140.498 25.4722 -0.0247059 0.322609 2.90348 80 2 25 10 49251 0 
-140.487 25.4722 -0.0247069 0.322609 2.90348 80 2 25 10 49252 0 
-140.476 25.4722 -0.024708 0.322609 2.90348 80 2 25 10 49253 0 
-140.466 25.4722 -0.024709 0.322609 2.90348 80 2 25 10 49254 0 
-140.455 25.4722 -0.02471 0.322609 2.90348 80 2 25 10 49255 0 
-140.444 25.4722 -0.024711 0.322609 2.90348 80 2 25 10 49256 0 
-140.433 25.4722 -0.024712 0.322609 2.90348 80 2 25 10 49257 0 
-140.423 25.4722 -0.024713 0.322609 2.90348 80 2 25 10 49258 0 
-140.412 25.4722 -0.024714 0.322609 2.90348 80 2 25 10 49259 0 
-140.401 25.4722 -0.0247151 0.322609 2.90348 80 2 25 10 49260 0 
-140.39 25.4722 -0.0247161 0.322609 2.90348 80 2 25 10 49261 0 
-140.379 25.4722 -0.0247171 0.322609 2.90348 80 2 25 10 49262 0 
-140.369 25.4722 -0.0247181 0.322609 2.90348 80 2 25 10 49263 0 
-140.358 25.4722 -0.0247191 0.322609 2.90348 80 2 25 10 49264 0 
-140.347 25.4722 -0.0247201 0.322609 2.90348 80 2 25 10 49265 0 
-140.336 25.4722 -0.0247211 0.322609 2.90348 80 2 25 10 49266 0 
-140.326 25.4722 -0.0247222 0.322609 2.90348 80 2 25 10 49267 0 
-140.315 25.4722 -0.0247232 0.322609 2.90348 80 2 25 10 49268 0 
-140.304 25.4722 -0.0247242 0.322609 2.90348 80 2 25 10 49269 0 
-140.293 25.4722 -0.0247252 0.322609 2.90348 80 2 25 10 49270 0 
-140.283 25.4722 -0.0247262 0.322609 2.90348 80 2 25 10 49271 0 
-140.272 25.4722 -0.0247272 0.322609 2.90348 80 2 25 10 49272 0 
-140.261 25.4722 -0.0247283 0.322609 2.90348 80 2 25 10 49273 0 
-140.25 25.4722 -0.0247293 0.322609 2.90348 80 2 25 10 49274 0 
-140.24 25.4721 -0.0247303 0.322609 2.90348 80 2 25 10 49275 0 
-140.229 25.4721 -0.0247313 0.322609 2.90348 80 2 25 10 49276 0 
-140.218 25.4721 -0.0247323 0.322609 2.90348 80 2 25 10 49277 0 
-140.207 25.4721 -0.0247333 0.322609 2.90348 80 2 25 10 49278 0 
-140.197 25.4721 -0.0247343 0.322609 2.90348 80 2 25 10 49279 0 
-140.186 25.4721 -0.0247354 0.322609 2.90348 80 2 25 10 49280 0 
-140.175 25.4721 -0.0247364 0.322609 2.90348 80 2 25 10 49281 0 
-140.164 25.4721 -0.0247374 0.322609 2.90348 80 2 25 10 49282 0 
-140.154 25.4721 -0.0247384 0.322609 2.90348 80 2 25 10 49283 0 
-140.143 25.4721 -0.0247394 0.322609 2.90348 80 2 25 10 49284 0 
-140.132 25.4721 -0.0247404 0.322609 2.90348 80 2 25 10 49285 0 
-140.121 25.4721 -0.0247415 0.322609 2.90348 80 2 25 10 49286 0 
-140.111 25.4721 -0.0247425 0.322609 2.90348 80 2 25 10 49287 0 
-140.1 25.4721 -0.0247435 0.322609 2.90348 80 2 25 10 49288 0 
-140.089 25.4721 -0.0247445 0.322609 2.90348 80 2 25 10 49289 0 
-140.078 25.4721 -0.0247455 0.322609 2.90348 80 2 25 10 49290 0 
-140.068 25.4721 -0.0247465 0.322609 2.90348 80 2 25 10 49291 0 
-140.057 25.4721 -0.0247476 0.322609 2.90348 80 2 25 10 49292 0 
-140.046 25.4721 -0.0247486 0.322609 2.90348 80 2 25 10 49293 0 
-140.035 25.4721 -0.0247496 0.322609 2.90348 80 2 25 10 49294 0 
-140.024 25.4721 -0.0247506 0.322609 2.90348 80 2 25 10 49295 0 
-140.014 25.4721 -0.0247516 0.322609 2.90348 80 2 25 10 49296 0 
-140.003 25.4721 -0.0247526 0.322609 2.90348 80 2 25 10 49297 0 
-139.992 25.4721 -0.0247537 0.322609 2.90348 80 2 25 10 49298 0 
-139.981 25.4721 -0.0247547 0.322609 2.90348 80 2 25 10 49299 0 
-139.971 25.4721 -0.0247557 0.322609 2.90348 80 2 25 10 49300 0 
-139.96 25.472 -0.0247567 0.322609 2.90348 80 2 25 10 49301 0 
-139.949 25.472 -0.0247577 0.322609 2.90348 80 2 25 10 49302 0 
-139.938 25.472 -0.0247588 0.322609 2.90348 80 2 25 10 49303 0 
-139.928 25.472 -0.0247598 0.322609 2.90348 80 2 25 10 49304 0 
-139.917 25.472 -0.0247608 0.322609 2.90348 80 2 25 10 49305 0 
-139.906 25.472 -0.0247618 0.322609 2.90348 80 2 25 10 49306 0 
-139.895 25.472 -0.0247628 0.322609 2.90348 80 2 25 10 49307 0 
-139.885 25.472 -0.0247639 0.322609 2.90348 80 2 25 10 49308 0 
-139.874 25.472 -0.0247649 0.322609 2.90348 80 2 25 10 49309 0 
-139.863 25.472 -0.0247659 0.322609 2.90348 80 2 25 10 49310 0 
-139.852 25.472 -0.0247669 0.322609 2.90348 80 2 25 10 49311 0 
-139.842 25.472 -0.0247679 0.322609 2.90348 80 2 25 10 49312 0 
-139.831 25.472 -0.024769 0.322609 2.90348 80 2 25 10 49313 0 
-139.82 25.472 -0.02477 0.322609 2.90348 80 2 25 10 49314 0 
-139.809 25.472 -0.024771 0.322609 2.90348 80 2 25 10 49315 0 
-139.799 25.472 -0.024772 0.322609 2.90348 80 2 25 10 49316 0 
-139.788 25.472 -0.024773 0.322609 2.90348 80 2 25 10 49317 0 
-139.777 25.472 -0.024774 0.322609 2.90348 80 2 25 10 49318 0 
-139.766 25.472 -0.0247751 0.322609 2.90348 80 2 25 10 49319 0 
-139.756 25.472 -0.0247761 0.322609 2.90348 80 2 25 10 49320 0 
-139.745 25.472 -0.0247771 0.322609 2.90348 80 2 25 10 49321 0 
-139.734 25.472 -0.0247781 0.322609 2.90348 80 2 25 10 49322 0 
-139.723 25.472 -0.0247792 0.322609 2.90348 80 2 25 10 49323 0 
-139.713 25.472 -0.0247802 0.322609 2.90348 80 2 25 10 49324 0 
-139.702 25.472 -0.0247812 0.322609 2.90348 80 2 25 10 49325 0 
-139.691 25.472 -0.0247822 0.322609 2.90348 80 2 25 10 49326 0 
-139.68 25.472 -0.0247832 0.322609 2.90348 80 2 25 10 49327 0 
-139.669 25.4719 -0.0247843 0.322609 2.90348 80 2 25 10 49328 0 
-139.659 25.4719 -0.0247853 0.322609 2.90348 80 2 25 10 49329 0 
-139.648 25.4719 -0.0247863 0.322609 2.90348 80 2 25 10 49330 0 
-139.637 25.4719 -0.0247873 0.322609 2.90348 80 2 25 10 49331 0 
-139.626 25.4719 -0.0247883 0.322609 2.90348 80 2 25 10 49332 0 
-139.616 25.4719 -0.0247894 0.322609 2.90348 80 2 25 10 49333 0 
-139.605 25.4719 -0.0247904 0.322609 2.90348 80 2 25 10 49334 0 
-139.594 25.4719 -0.0247914 0.322609 2.90348 80 2 25 10 49335 0 
-139.583 25.4719 -0.0247924 0.322609 2.90348 80 2 25 10 49336 0 
-139.573 25.4719 -0.0247934 0.322609 2.90348 80 2 25 10 49337 0 
-139.562 25.4719 -0.0247945 0.322609 2.90348 80 2 25 10 49338 0 
-139.551 25.4719 -0.0247955 0.322609 2.90348 80 2 25 10 49339 0 
-139.54 25.4719 -0.0247965 0.322609 2.90348 80 2 25 10 49340 0 
-139.53 25.4719 -0.0247975 0.322609 2.90348 80 2 25 10 49341 0 
-139.519 25.4719 -0.0247986 0.322609 2.90348 80 2 25 10 49342 0 
-139.508 25.4719 -0.0247996 0.322609 2.90348 80 2 25 10 49343 0 
-139.497 25.4719 -0.0248006 0.322609 2.90348 80 2 25 10 49344 0 
-139.487 25.4719 -0.0248016 0.322609 2.90348 80 2 25 10 49345 0 
-139.476 25.4719 -0.0248027 0.322609 2.90348 80 2 25 10 49346 0 
-139.465 25.4719 -0.0248037 0.322609 2.90348 80 2 25 10 49347 0 
-139.454 25.4719 -0.0248047 0.322609 2.90348 80 2 25 10 49348 0 
-139.444 25.4719 -0.0248057 0.322609 2.90348 80 2 25 10 49349 0 
-139.433 25.4719 -0.0248067 0.322609 2.90348 80 2 25 10 49350 0 
-139.422 25.4719 -0.0248078 0.322609 2.90348 80 2 25 10 49351 0 
-139.411 25.4719 -0.0248088 0.322609 2.90348 80 2 25 10 49352 0 
-139.401 25.4719 -0.0248098 0.322609 2.90348 80 2 25 10 49353 0 
-139.39 25.4718 -0.0248108 0.322609 2.90348 80 2 25 10 49354 0 
-139.379 25.4718 -0.0248119 0.322609 2.90348 80 2 25 10 49355 0 
-139.368 25.4718 -0.0248129 0.322609 2.90348 80 2 25 10 49356 0 
-139.358 25.4718 -0.0248139 0.322609 2.90348 80 2 25 10 49357 0 
-139.347 25.4718 -0.0248149 0.322609 2.90348 80 2 25 10 49358 0 
-139.336 25.4718 -0.024816 0.322609 2.90348 80 2 25 10 49359 0 
-139.325 25.4718 -0.024817 0.322609 2.90348 80 2 25 10 49360 0 
-139.314 25.4718 -0.024818 0.322609 2.90348 80 2 25 10 49361 0 
-139.304 25.4718 -0.024819 0.322609 2.90348 80 2 25 10 49362 0 
-139.293 25.4718 -0.0248201 0.322609 2.90348 80 2 25 10 49363 0 
-139.282 25.4718 -0.0248211 0.322609 2.90348 80 2 25 10 49364 0 
-139.271 25.4718 -0.0248221 0.322609 2.90348 80 2 25 10 49365 0 
-139.261 25.4718 -0.0248231 0.322609 2.90348 80 2 25 10 49366 0 
-139.25 25.4718 -0.0248242 0.322609 2.90348 80 2 25 10 49367 0 
-139.239 25.4718 -0.0248252 0.322609 2.90348 80 2 25 10 49368 0 
-139.228 25.4718 -0.0248262 0.322609 2.90348 80 2 25 10 49369 0 
-139.218 25.4718 -0.0248272 0.322609 2.90348 80 2 25 10 49370 0 
-139.207 25.4718 -0.0248282 0.322609 2.90348 80 2 25 10 49371 0 
-139.196 25.4718 -0.0248293 0.322609 2.90348 80 2 25 10 49372 0 
-139.185 25.4718 -0.0248303 0.322609 2.90348 80 2 25 10 49373 0 
-139.175 25.4718 -0.0248313 0.322609 2.90348 80 2 25 10 49374 0 
-139.164 25.4718 -0.0248324 0.322609 2.90348 80 2 25 10 49375 0 
-139.153 25.4718 -0.0248334 0.322609 2.90348 80 2 25 10 49376 0 
-139.142 25.4718 -0.0248344 0.322609 2.90348 80 2 25 10 49377 0 
-139.132 25.4718 -0.0248354 0.322609 2.90348 80 2 25 10 49378 0 
-139.121 25.4718 -0.0248365 0.322609 2.90348 80 2 25 10 49379 0 
-139.11 25.4717 -0.0248375 0.322609 2.90348 80 2 25 10 49380 0 
-139.099 25.4717 -0.0248385 0.322609 2.90348 80 2 25 10 49381 0 
-139.089 25.4717 -0.0248395 0.322609 2.90348 80 2 25 10 49382 0 
-139.078 25.4717 -0.0248406 0.322609 2.90348 80 2 25 10 49383 0 
-139.067 25.4717 -0.0248416 0.322609 2.90348 80 2 25 10 49384 0 
-139.056 25.4717 -0.0248426 0.322609 2.90348 80 2 25 10 49385 0 
-139.046 25.4717 -0.0248436 0.322609 2.90348 80 2 25 10 49386 0 
-139.035 25.4717 -0.0248447 0.322609 2.90348 80 2 25 10 49387 0 
-139.024 25.4717 -0.0248457 0.322609 2.90348 80 2 25 10 49388 0 
-139.013 25.4717 -0.0248467 0.322609 2.90348 80 2 25 10 49389 0 
-139.003 25.4717 -0.0248477 0.322609 2.90348 80 2 25 10 49390 0 
-138.992 25.4717 -0.0248488 0.322609 2.90348 80 2 25 10 49391 0 
-138.981 25.4717 -0.0248498 0.322609 2.90348 80 2 25 10 49392 0 
-138.97 25.4717 -0.0248508 0.322609 2.90348 80 2 25 10 49393 0 
-138.959 25.4717 -0.0248519 0.322609 2.90348 80 2 25 10 49394 0 
-138.949 25.4717 -0.0248529 0.322609 2.90348 80 2 25 10 49395 0 
-138.938 25.4717 -0.0248539 0.322609 2.90348 80 2 25 10 49396 0 
-138.927 25.4717 -0.0248549 0.322609 2.90348 80 2 25 10 49397 0 
-138.916 25.4717 -0.024856 0.322609 2.90348 80 2 25 10 49398 0 
-138.906 25.4717 -0.024857 0.322609 2.90348 80 2 25 10 49399 0 
-138.895 25.4717 -0.024858 0.322609 2.90348 80 2 25 10 49400 0 
-138.884 25.4717 -0.0248591 0.322609 2.90348 80 2 25 10 49401 0 
-138.873 25.4717 -0.0248601 0.322609 2.90348 80 2 25 10 49402 0 
-138.863 25.4717 -0.0248611 0.322609 2.90348 80 2 25 10 49403 0 
-138.852 25.4717 -0.0248621 0.322609 2.90348 80 2 25 10 49404 0 
-138.841 25.4717 -0.0248632 0.322609 2.90348 80 2 25 10 49405 0 
-138.83 25.4716 -0.0248642 0.322609 2.90348 80 2 25 10 49406 0 
-138.82 25.4716 -0.0248652 0.322609 2.90348 80 2 25 10 49407 0 
-138.809 25.4716 -0.0248663 0.322609 2.90348 80 2 25 10 49408 0 
-138.798 25.4716 -0.0248673 0.322609 2.90348 80 2 25 10 49409 0 
-138.787 25.4716 -0.0248683 0.322609 2.90348 80 2 25 10 49410 0 
-138.777 25.4716 -0.0248693 0.322609 2.90348 80 2 25 10 49411 0 
-138.766 25.4716 -0.0248704 0.322609 2.90348 80 2 25 10 49412 0 
-138.755 25.4716 -0.0248714 0.322609 2.90348 80 2 25 10 49413 0 
-138.744 25.4716 -0.0248724 0.322609 2.90348 80 2 25 10 49414 0 
-138.734 25.4716 -0.0248735 0.322609 2.90348 80 2 25 10 49415 0 
-138.723 25.4716 -0.0248745 0.322609 2.90348 80 2 25 10 49416 0 
-138.712 25.4716 -0.0248755 0.322609 2.90348 80 2 25 10 49417 0 
-138.701 25.4716 -0.0248766 0.322609 2.90348 80 2 25 10 49418 0 
-138.691 25.4716 -0.0248776 0.322609 2.90348 80 2 25 10 49419 0 
-138.68 25.4716 -0.0248786 0.322609 2.90348 80 2 25 10 49420 0 
-138.669 25.4716 -0.0248796 0.322609 2.90348 80 2 25 10 49421 0 
-138.658 25.4716 -0.0248807 0.322609 2.90348 80 2 25 10 49422 0 
-138.648 25.4716 -0.0248817 0.322609 2.90348 80 2 25 10 49423 0 
-138.637 25.4716 -0.0248827 0.322609 2.90348 80 2 25 10 49424 0 
-138.626 25.4716 -0.0248838 0.322609 2.90348 80 2 25 10 49425 0 
-138.615 25.4716 -0.0248848 0.322609 2.90348 80 2 25 10 49426 0 
-138.604 25.4716 -0.0248858 0.322609 2.90348 80 2 25 10 49427 0 
-138.594 25.4716 -0.0248869 0.322609 2.90348 80 2 25 10 49428 0 
-138.583 25.4716 -0.0248879 0.322609 2.90348 80 2 25 10 49429 0 
-138.572 25.4716 -0.0248889 0.322609 2.90348 80 2 25 10 49430 0 
-138.561 25.4716 -0.02489 0.322609 2.90348 80 2 25 10 49431 0 
-138.551 25.4715 -0.024891 0.322609 2.90348 80 2 25 10 49432 0 
-138.54 25.4715 -0.024892 0.322609 2.90348 80 2 25 10 49433 0 
-138.529 25.4715 -0.0248931 0.322609 2.90348 80 2 25 10 49434 0 
-138.518 25.4715 -0.0248941 0.322609 2.90348 80 2 25 10 49435 0 
-138.508 25.4715 -0.0248951 0.322609 2.90348 80 2 25 10 49436 0 
-138.497 25.4715 -0.0248961 0.322609 2.90348 80 2 25 10 49437 0 
-138.486 25.4715 -0.0248972 0.322609 2.90348 80 2 25 10 49438 0 
-138.475 25.4715 -0.0248982 0.322609 2.90348 80 2 25 10 49439 0 
-138.465 25.4715 -0.0248992 0.322609 2.90348 80 2 25 10 49440 0 
-138.454 25.4715 -0.0249003 0.322609 2.90348 80 2 25 10 49441 0 
-138.443 25.4715 -0.0249013 0.322609 2.90348 80 2 25 10 49442 0 
-138.432 25.4715 -0.0249023 0.322609 2.90348 80 2 25 10 49443 0 
-138.422 25.4715 -0.0249034 0.322609 2.90348 80 2 25 10 49444 0 
-138.411 25.4715 -0.0249044 0.322609 2.90348 80 2 25 10 49445 0 
-138.4 25.4715 -0.0249054 0.322609 2.90348 80 2 25 10 49446 0 
-138.389 25.4715 -0.0249065 0.322609 2.90348 80 2 25 10 49447 0 
-138.379 25.4715 -0.0249075 0.322609 2.90348 80 2 25 10 49448 0 
-138.368 25.4715 -0.0249085 0.322609 2.90348 80 2 25 10 49449 0 
-138.357 25.4715 -0.0249096 0.322609 2.90348 80 2 25 10 49450 0 
-138.346 25.4715 -0.0249106 0.322609 2.90348 80 2 25 10 49451 0 
-138.336 25.4715 -0.0249116 0.322609 2.90348 80 2 25 10 49452 0 
-138.325 25.4715 -0.0249127 0.322609 2.90348 80 2 25 10 49453 0 
-138.314 25.4715 -0.0249137 0.322609 2.90348 80 2 25 10 49454 0 
-138.303 25.4715 -0.0249147 0.322609 2.90348 80 2 25 10 49455 0 
-138.293 25.4715 -0.0249158 0.322609 2.90348 80 2 25 10 49456 0 
-138.282 25.4715 -0.0249168 0.322609 2.90348 80 2 25 10 49457 0 
-138.271 25.4715 -0.0249178 0.322609 2.90348 80 2 25 10 49458 0 
-138.26 25.4714 -0.0249189 0.322609 2.90348 80 2 25 10 49459 0 
-138.249 25.4714 -0.0249199 0.322609 2.90348 80 2 25 10 49460 0 
-138.239 25.4714 -0.0249209 0.322609 2.90348 80 2 25 10 49461 0 
-138.228 25.4714 -0.024922 0.322609 2.90348 80 2 25 10 49462 0 
-138.217 25.4714 -0.024923 0.322609 2.90348 80 2 25 10 49463 0 
-138.206 25.4714 -0.024924 0.322609 2.90348 80 2 25 10 49464 0 
-138.196 25.4714 -0.0249251 0.322609 2.90348 80 2 25 10 49465 0 
-138.185 25.4714 -0.0249261 0.322609 2.90348 80 2 25 10 49466 0 
-138.174 25.4714 -0.0249272 0.322609 2.90348 80 2 25 10 49467 0 
-138.163 25.4714 -0.0249282 0.322609 2.90348 80 2 25 10 49468 0 
-138.153 25.4714 -0.0249292 0.322609 2.90348 80 2 25 10 49469 0 
-138.142 25.4714 -0.0249303 0.322609 2.90348 80 2 25 10 49470 0 
-138.131 25.4714 -0.0249313 0.322609 2.90348 80 2 25 10 49471 0 
-138.12 25.4714 -0.0249323 0.322609 2.90348 80 2 25 10 49472 0 
-138.11 25.4714 -0.0249334 0.322609 2.90348 80 2 25 10 49473 0 
-138.099 25.4714 -0.0249344 0.322609 2.90348 80 2 25 10 49474 0 
-138.088 25.4714 -0.0249354 0.322609 2.90348 80 2 25 10 49475 0 
-138.077 25.4714 -0.0249365 0.322609 2.90348 80 2 25 10 49476 0 
-138.067 25.4714 -0.0249375 0.322609 2.90348 80 2 25 10 49477 0 
-138.056 25.4714 -0.0249385 0.322609 2.90348 80 2 25 10 49478 0 
-138.045 25.4714 -0.0249396 0.322609 2.90348 80 2 25 10 49479 0 
-138.034 25.4714 -0.0249406 0.322609 2.90348 80 2 25 10 49480 0 
-138.024 25.4714 -0.0249417 0.322609 2.90348 80 2 25 10 49481 0 
-138.013 25.4714 -0.0249427 0.322609 2.90348 80 2 25 10 49482 0 
-138.002 25.4714 -0.0249437 0.322609 2.90348 80 2 25 10 49483 0 
-137.991 25.4714 -0.0249448 0.322609 2.90348 80 2 25 10 49484 0 
-137.981 25.4713 -0.0249458 0.322609 2.90348 80 2 25 10 49485 0 
-137.97 25.4713 -0.0249468 0.322609 2.90348 80 2 25 10 49486 0 
-137.959 25.4713 -0.0249479 0.322609 2.90348 80 2 25 10 49487 0 
-137.948 25.4713 -0.0249489 0.322609 2.90348 80 2 25 10 49488 0 
-137.938 25.4713 -0.02495 0.322609 2.90348 80 2 25 10 49489 0 
-137.927 25.4713 -0.024951 0.322609 2.90348 80 2 25 10 49490 0 
-137.916 25.4713 -0.024952 0.322609 2.90348 80 2 25 10 49491 0 
-137.905 25.4713 -0.0249531 0.322609 2.90348 80 2 25 10 49492 0 
-137.895 25.4713 -0.0249541 0.322609 2.90348 80 2 25 10 49493 0 
-137.884 25.4713 -0.0249551 0.322609 2.90348 80 2 25 10 49494 0 
-137.873 25.4713 -0.0249562 0.322609 2.90348 80 2 25 10 49495 0 
-137.862 25.4713 -0.0249572 0.322609 2.90348 80 2 25 10 49496 0 
-137.851 25.4713 -0.0249583 0.322609 2.90348 80 2 25 10 49497 0 
-137.841 25.4713 -0.0249593 0.322609 2.90348 80 2 25 10 49498 0 
-137.83 25.4713 -0.0249603 0.322609 2.90348 80 2 25 10 49499 0 
-137.819 25.4713 -0.0249614 0.322609 2.90348 80 2 25 10 49500 0 
-137.808 25.4713 -0.0249624 0.322609 2.90348 80 2 25 10 49501 0 
-137.798 25.4713 -0.0249634 0.322609 2.90348 80 2 25 10 49502 0 
-137.787 25.4713 -0.0249645 0.322609 2.90348 80 2 25 10 49503 0 
-137.776 25.4713 -0.0249655 0.322609 2.90348 80 2 25 10 49504 0 
-137.765 25.4713 -0.0249666 0.322609 2.90348 80 2 25 10 49505 0 
-137.755 25.4713 -0.0249676 0.322609 2.90348 80 2 25 10 49506 0 
-137.744 25.4713 -0.0249686 0.322609 2.90348 80 2 25 10 49507 0 
-137.733 25.4713 -0.0249697 0.322609 2.90348 80 2 25 10 49508 0 
-137.722 25.4713 -0.0249707 0.322609 2.90348 80 2 25 10 49509 0 
-137.712 25.4713 -0.0249718 0.322609 2.90348 80 2 25 10 49510 0 
-137.701 25.4712 -0.0249728 0.322609 2.90348 80 2 25 10 49511 0 
-137.69 25.4712 -0.0249738 0.322609 2.90348 80 2 25 10 49512 0 
-137.679 25.4712 -0.0249749 0.322609 2.90348 80 2 25 10 49513 0 
-137.669 25.4712 -0.0249759 0.322609 2.90348 80 2 25 10 49514 0 
-137.658 25.4712 -0.024977 0.322609 2.90348 80 2 25 10 49515 0 
-137.647 25.4712 -0.024978 0.322609 2.90348 80 2 25 10 49516 0 
-137.636 25.4712 -0.024979 0.322609 2.90348 80 2 25 10 49517 0 
-137.626 25.4712 -0.0249801 0.322609 2.90348 80 2 25 10 49518 0 
-137.615 25.4712 -0.0249811 0.322609 2.90348 80 2 25 10 49519 0 
-137.604 25.4712 -0.0249822 0.322609 2.90348 80 2 25 10 49520 0 
-137.593 25.4712 -0.0249832 0.322609 2.90348 80 2 25 10 49521 0 
-137.583 25.4712 -0.0249842 0.322609 2.90348 80 2 25 10 49522 0 
-137.572 25.4712 -0.0249853 0.322609 2.90348 80 2 25 10 49523 0 
-137.561 25.4712 -0.0249863 0.322609 2.90348 80 2 25 10 49524 0 
-137.55 25.4712 -0.0249874 0.322609 2.90348 80 2 25 10 49525 0 
-137.54 25.4712 -0.0249884 0.322609 2.90348 80 2 25 10 49526 0 
-137.529 25.4712 -0.0249895 0.322609 2.90348 80 2 25 10 49527 0 
-137.518 25.4712 -0.0249905 0.322609 2.90348 80 2 25 10 49528 0 
-137.507 25.4712 -0.0249915 0.322609 2.90348 80 2 25 10 49529 0 
-137.496 25.4712 -0.0249926 0.322609 2.90348 80 2 25 10 49530 0 
-137.486 25.4712 -0.0249936 0.322609 2.90348 80 2 25 10 49531 0 
-137.475 25.4712 -0.0249947 0.322609 2.90348 80 2 25 10 49532 0 
-137.464 25.4712 -0.0249957 0.322609 2.90348 80 2 25 10 49533 0 
-137.453 25.4712 -0.0249967 0.322609 2.90348 80 2 25 10 49534 0 
-137.443 25.4712 -0.0249978 0.322609 2.90348 80 2 25 10 49535 0 
-137.432 25.4712 -0.0249988 0.322609 2.90348 80 2 25 10 49536 0 
-137.421 25.4711 -0.0249999 0.322609 2.90348 80 2 25 10 49537 0 
-137.41 25.4711 -0.0250009 0.322609 2.90348 80 2 25 10 49538 0 
-137.4 25.4711 -0.025002 0.322609 2.90348 80 2 25 10 49539 0 
-137.389 25.4711 -0.025003 0.322609 2.90348 80 2 25 10 49540 0 
-137.378 25.4711 -0.025004 0.322609 2.90348 80 2 25 10 49541 0 
-137.367 25.4711 -0.0250051 0.322609 2.90348 80 2 25 10 49542 0 
-137.357 25.4711 -0.0250061 0.322609 2.90348 80 2 25 10 49543 0 
-137.346 25.4711 -0.0250072 0.322609 2.90348 80 2 25 10 49544 0 
-137.335 25.4711 -0.0250082 0.322609 2.90348 80 2 25 10 49545 0 
-137.324 25.4711 -0.0250093 0.322609 2.90348 80 2 25 10 49546 0 
-137.314 25.4711 -0.0250103 0.322609 2.90348 80 2 25 10 49547 0 
-137.303 25.4711 -0.0250113 0.322609 2.90348 80 2 25 10 49548 0 
-137.292 25.4711 -0.0250124 0.322609 2.90348 80 2 25 10 49549 0 
-137.281 25.4711 -0.0250134 0.322609 2.90348 80 2 25 10 49550 0 
-137.271 25.4711 -0.0250145 0.322609 2.90348 80 2 25 10 49551 0 
-137.26 25.4711 -0.0250155 0.322609 2.90348 80 2 25 10 49552 0 
-137.249 25.4711 -0.0250166 0.322609 2.90348 80 2 25 10 49553 0 
-137.238 25.4711 -0.0250176 0.322609 2.90348 80 2 25 10 49554 0 
-137.228 25.4711 -0.0250186 0.322609 2.90348 80 2 25 10 49555 0 
-137.217 25.4711 -0.0250197 0.322609 2.90348 80 2 25 10 49556 0 
-137.206 25.4711 -0.0250207 0.322609 2.90348 80 2 25 10 49557 0 
-137.195 25.4711 -0.0250218 0.322609 2.90348 80 2 25 10 49558 0 
-137.185 25.4711 -0.0250228 0.322609 2.90348 80 2 25 10 49559 0 
-137.174 25.4711 -0.0250239 0.322609 2.90348 80 2 25 10 49560 0 
-137.163 25.4711 -0.0250249 0.322609 2.90348 80 2 25 10 49561 0 
-137.152 25.4711 -0.025026 0.322609 2.90348 80 2 25 10 49562 0 
-137.141 25.4711 -0.025027 0.322609 2.90348 80 2 25 10 49563 0 
-137.131 25.471 -0.0250281 0.322609 2.90348 80 2 25 10 49564 0 
-137.12 25.471 -0.0250291 0.322609 2.90348 80 2 25 10 49565 0 
-137.109 25.471 -0.0250301 0.322609 2.90348 80 2 25 10 49566 0 
-137.098 25.471 -0.0250312 0.322609 2.90348 80 2 25 10 49567 0 
-137.088 25.471 -0.0250322 0.322609 2.90348 80 2 25 10 49568 0 
-137.077 25.471 -0.0250333 0.322609 2.90348 80 2 25 10 49569 0 
-137.066 25.471 -0.0250343 0.322609 2.90348 80 2 25 10 49570 0 
-137.055 25.471 -0.0250354 0.322609 2.90348 80 2 25 10 49571 0 
-137.045 25.471 -0.0250364 0.322609 2.90348 80 2 25 10 49572 0 
-137.034 25.471 -0.0250375 0.322609 2.90348 80 2 25 10 49573 0 
-137.023 25.471 -0.0250385 0.322609 2.90348 80 2 25 10 49574 0 
-137.012 25.471 -0.0250396 0.322609 2.90348 80 2 25 10 49575 0 
-137.002 25.471 -0.0250406 0.322609 2.90348 80 2 25 10 49576 0 
-136.991 25.471 -0.0250416 0.322609 2.90348 80 2 25 10 49577 0 
-136.98 25.471 -0.0250427 0.322609 2.90348 80 2 25 10 49578 0 
-136.969 25.471 -0.0250437 0.322609 2.90348 80 2 25 10 49579 0 
-136.959 25.471 -0.0250448 0.322609 2.90348 80 2 25 10 49580 0 
-136.948 25.471 -0.0250458 0.322609 2.90348 80 2 25 10 49581 0 
-136.937 25.471 -0.0250469 0.322609 2.90348 80 2 25 10 49582 0 
-136.926 25.471 -0.0250479 0.322609 2.90348 80 2 25 10 49583 0 
-136.916 25.471 -0.025049 0.322609 2.90348 80 2 25 10 49584 0 
-136.905 25.471 -0.02505 0.322609 2.90348 80 2 25 10 49585 0 
-136.894 25.471 -0.0250511 0.322609 2.90348 80 2 25 10 49586 0 
-136.883 25.471 -0.0250521 0.322609 2.90348 80 2 25 10 49587 0 
-136.873 25.471 -0.0250532 0.322609 2.90348 80 2 25 10 49588 0 
-136.862 25.471 -0.0250542 0.322609 2.90348 80 2 25 10 49589 0 
-136.851 25.4709 -0.0250553 0.322609 2.90348 80 2 25 10 49590 0 
-136.84 25.4709 -0.0250563 0.322609 2.90348 80 2 25 10 49591 0 
-136.83 25.4709 -0.0250574 0.322609 2.90348 80 2 25 10 49592 0 
-136.819 25.4709 -0.0250584 0.322609 2.90348 80 2 25 10 49593 0 
-136.808 25.4709 -0.0250595 0.322609 2.90348 80 2 25 10 49594 0 
-136.797 25.4709 -0.0250605 0.322609 2.90348 80 2 25 10 49595 0 
-136.786 25.4709 -0.0250616 0.322609 2.90348 80 2 25 10 49596 0 
-136.776 25.4709 -0.0250626 0.322609 2.90348 80 2 25 10 49597 0 
-136.765 25.4709 -0.0250637 0.322609 2.90348 80 2 25 10 49598 0 
-136.754 25.4709 -0.0250647 0.322609 2.90348 80 2 25 10 49599 0 
-136.743 25.4709 -0.0250657 0.322609 2.90348 80 2 25 10 49600 0 
-136.733 25.4709 -0.0250668 0.322609 2.90348 80 2 25 10 49601 0 
-136.722 25.4709 -0.0250678 0.322609 2.90348 80 2 25 10 49602 0 
-136.711 25.4709 -0.0250689 0.322609 2.90348 80 2 25 10 49603 0 
-136.7 25.4709 -0.0250699 0.322609 2.90348 80 2 25 10 49604 0 
-136.69 25.4709 -0.025071 0.322609 2.90348 80 2 25 10 49605 0 
-136.679 25.4709 -0.025072 0.322609 2.90348 80 2 25 10 49606 0 
-136.668 25.4709 -0.0250731 0.322609 2.90348 80 2 25 10 49607 0 
-136.657 25.4709 -0.0250741 0.322609 2.90348 80 2 25 10 49608 0 
-136.647 25.4709 -0.0250752 0.322609 2.90348 80 2 25 10 49609 0 
-136.636 25.4709 -0.0250762 0.322609 2.90348 80 2 25 10 49610 0 
-136.625 25.4709 -0.0250773 0.322609 2.90348 80 2 25 10 49611 0 
-136.614 25.4709 -0.0250783 0.322609 2.90348 80 2 25 10 49612 0 
-136.604 25.4709 -0.0250794 0.322609 2.90348 80 2 25 10 49613 0 
-136.593 25.4709 -0.0250804 0.322609 2.90348 80 2 25 10 49614 0 
-136.582 25.4709 -0.0250815 0.322609 2.90348 80 2 25 10 49615 0 
-136.571 25.4708 -0.0250825 0.322609 2.90348 80 2 25 10 49616 0 
-136.561 25.4708 -0.0250836 0.322609 2.90348 80 2 25 10 49617 0 
-136.55 25.4708 -0.0250846 0.322609 2.90348 80 2 25 10 49618 0 
-136.539 25.4708 -0.0250857 0.322609 2.90348 80 2 25 10 49619 0 
-136.528 25.4708 -0.0250867 0.322609 2.90348 80 2 25 10 49620 0 
-136.518 25.4708 -0.0250878 0.322609 2.90348 80 2 25 10 49621 0 
-136.507 25.4708 -0.0250888 0.322609 2.90348 80 2 25 10 49622 0 
-136.496 25.4708 -0.0250899 0.322609 2.90348 80 2 25 10 49623 0 
-136.485 25.4708 -0.0250909 0.322609 2.90348 80 2 25 10 49624 0 
-136.475 25.4708 -0.025092 0.322609 2.90348 80 2 25 10 49625 0 
-136.464 25.4708 -0.0250931 0.322609 2.90348 80 2 25 10 49626 0 
-136.453 25.4708 -0.0250941 0.322609 2.90348 80 2 25 10 49627 0 
-136.442 25.4708 -0.0250952 0.322609 2.90348 80 2 25 10 49628 0 
-136.431 25.4708 -0.0250962 0.322609 2.90348 80 2 25 10 49629 0 
-136.421 25.4708 -0.0250973 0.322609 2.90348 80 2 25 10 49630 0 
-136.41 25.4708 -0.0250983 0.322609 2.90348 80 2 25 10 49631 0 
-136.399 25.4708 -0.0250994 0.322609 2.90348 80 2 25 10 49632 0 
-136.388 25.4708 -0.0251004 0.322609 2.90348 80 2 25 10 49633 0 
-136.378 25.4708 -0.0251015 0.322609 2.90348 80 2 25 10 49634 0 
-136.367 25.4708 -0.0251025 0.322609 2.90348 80 2 25 10 49635 0 
-136.356 25.4708 -0.0251036 0.322609 2.90348 80 2 25 10 49636 0 
-136.345 25.4708 -0.0251046 0.322609 2.90348 80 2 25 10 49637 0 
-136.335 25.4708 -0.0251057 0.322609 2.90348 80 2 25 10 49638 0 
-136.324 25.4708 -0.0251067 0.322609 2.90348 80 2 25 10 49639 0 
-136.313 25.4708 -0.0251078 0.322609 2.90348 80 2 25 10 49640 0 
-136.302 25.4708 -0.0251088 0.322609 2.90348 80 2 25 10 49641 0 
-136.292 25.4707 -0.0251099 0.322609 2.90348 80 2 25 10 49642 0 
-136.281 25.4707 -0.0251109 0.322609 2.90348 80 2 25 10 49643 0 
-136.27 25.4707 -0.025112 0.322609 2.90348 80 2 25 10 49644 0 
-136.259 25.4707 -0.0251131 0.322609 2.90348 80 2 25 10 49645 0 
-136.249 25.4707 -0.0251141 0.322609 2.90348 80 2 25 10 49646 0 
-136.238 25.4707 -0.0251152 0.322609 2.90348 80 2 25 10 49647 0 
-136.227 25.4707 -0.0251162 0.322609 2.90348 80 2 25 10 49648 0 
-136.216 25.4707 -0.0251173 0.322609 2.90348 80 2 25 10 49649 0 
-136.206 25.4707 -0.0251183 0.322609 2.90348 80 2 25 10 49650 0 
-136.195 25.4707 -0.0251194 0.322609 2.90348 80 2 25 10 49651 0 
-136.184 25.4707 -0.0251204 0.322609 2.90348 80 2 25 10 49652 0 
-136.173 25.4707 -0.0251215 0.322609 2.90348 80 2 25 10 49653 0 
-136.163 25.4707 -0.0251225 0.322609 2.90348 80 2 25 10 49654 0 
-136.152 25.4707 -0.0251236 0.322609 2.90348 80 2 25 10 49655 0 
-136.141 25.4707 -0.0251247 0.322609 2.90348 80 2 25 10 49656 0 
-136.13 25.4707 -0.0251257 0.322609 2.90348 80 2 25 10 49657 0 
-136.12 25.4707 -0.0251268 0.322609 2.90348 80 2 25 10 49658 0 
-136.109 25.4707 -0.0251278 0.322609 2.90348 80 2 25 10 49659 0 
-136.098 25.4707 -0.0251289 0.322609 2.90348 80 2 25 10 49660 0 
-136.087 25.4707 -0.0251299 0.322609 2.90348 80 2 25 10 49661 0 
-136.076 25.4707 -0.025131 0.322609 2.90348 80 2 25 10 49662 0 
-136.066 25.4707 -0.025132 0.322609 2.90348 80 2 25 10 49663 0 
-136.055 25.4707 -0.0251331 0.322609 2.90348 80 2 25 10 49664 0 
-136.044 25.4707 -0.0251342 0.322609 2.90348 80 2 25 10 49665 0 
-136.033 25.4707 -0.0251352 0.322609 2.90348 80 2 25 10 49666 0 
-136.023 25.4707 -0.0251363 0.322609 2.90348 80 2 25 10 49667 0 
-136.012 25.4706 -0.0251373 0.322609 2.90348 80 2 25 10 49668 0 
-136.001 25.4706 -0.0251384 0.322609 2.90348 80 2 25 10 49669 0 
-135.99 25.4706 -0.0251394 0.322609 2.90348 80 2 25 10 49670 0 
-135.98 25.4706 -0.0251405 0.322609 2.90348 80 2 25 10 49671 0 
-135.969 25.4706 -0.0251415 0.322609 2.90348 80 2 25 10 49672 0 
-135.958 25.4706 -0.0251426 0.322609 2.90348 80 2 25 10 49673 0 
-135.947 25.4706 -0.0251437 0.322609 2.90348 80 2 25 10 49674 0 
-135.937 25.4706 -0.0251447 0.322609 2.90348 80 2 25 10 49675 0 
-135.926 25.4706 -0.0251458 0.322609 2.90348 80 2 25 10 49676 0 
-135.915 25.4706 -0.0251468 0.322609 2.90348 80 2 25 10 49677 0 
-135.904 25.4706 -0.0251479 0.322609 2.90348 80 2 25 10 49678 0 
-135.894 25.4706 -0.0251489 0.322609 2.90348 80 2 25 10 49679 0 
-135.883 25.4706 -0.02515 0.322609 2.90348 80 2 25 10 49680 0 
-135.872 25.4706 -0.0251511 0.322609 2.90348 80 2 25 10 49681 0 
-135.861 25.4706 -0.0251521 0.322609 2.90348 80 2 25 10 49682 0 
-135.851 25.4706 -0.0251532 0.322609 2.90348 80 2 25 10 49683 0 
-135.84 25.4706 -0.0251542 0.322609 2.90348 80 2 25 10 49684 0 
-135.829 25.4706 -0.0251553 0.322609 2.90348 80 2 25 10 49685 0 
-135.818 25.4706 -0.0251563 0.322609 2.90348 80 2 25 10 49686 0 
-135.808 25.4706 -0.0251574 0.322609 2.90348 80 2 25 10 49687 0 
-135.797 25.4706 -0.0251585 0.322609 2.90348 80 2 25 10 49688 0 
-135.786 25.4706 -0.0251595 0.322609 2.90348 80 2 25 10 49689 0 
-135.775 25.4706 -0.0251606 0.322609 2.90348 80 2 25 10 49690 0 
-135.765 25.4706 -0.0251616 0.322609 2.90348 80 2 25 10 49691 0 
-135.754 25.4706 -0.0251627 0.322609 2.90348 80 2 25 10 49692 0 
-135.743 25.4706 -0.0251638 0.322609 2.90348 80 2 25 10 49693 0 
-135.732 25.4706 -0.0251648 0.322609 2.90348 80 2 25 10 49694 0 
-135.721 25.4705 -0.0251659 0.322609 2.90348 80 2 25 10 49695 0 
-135.711 25.4705 -0.0251669 0.322609 2.90348 80 2 25 10 49696 0 
-135.7 25.4705 -0.025168 0.322609 2.90348 80 2 25 10 49697 0 
-135.689 25.4705 -0.0251691 0.322609 2.90348 80 2 25 10 49698 0 
-135.678 25.4705 -0.0251701 0.322609 2.90348 80 2 25 10 49699 0 
-135.668 25.4705 -0.0251712 0.322609 2.90348 80 2 25 10 49700 0 
-135.657 25.4705 -0.0251722 0.322609 2.90348 80 2 25 10 49701 0 
-135.646 25.4705 -0.0251733 0.322609 2.90348 80 2 25 10 49702 0 
-135.635 25.4705 -0.0251743 0.322609 2.90348 80 2 25 10 49703 0 
-135.625 25.4705 -0.0251754 0.322609 2.90348 80 2 25 10 49704 0 
-135.614 25.4705 -0.0251765 0.322609 2.90348 80 2 25 10 49705 0 
-135.603 25.4705 -0.0251775 0.322609 2.90348 80 2 25 10 49706 0 
-135.592 25.4705 -0.0251786 0.322609 2.90348 80 2 25 10 49707 0 
-135.582 25.4705 -0.0251796 0.322609 2.90348 80 2 25 10 49708 0 
-135.571 25.4705 -0.0251807 0.322609 2.90348 80 2 25 10 49709 0 
-135.56 25.4705 -0.0251818 0.322609 2.90348 80 2 25 10 49710 0 
-135.549 25.4705 -0.0251828 0.322609 2.90348 80 2 25 10 49711 0 
-135.539 25.4705 -0.0251839 0.322609 2.90348 80 2 25 10 49712 0 
-135.528 25.4705 -0.0251849 0.322609 2.90348 80 2 25 10 49713 0 
-135.517 25.4705 -0.025186 0.322609 2.90348 80 2 25 10 49714 0 
-135.506 25.4705 -0.0251871 0.322609 2.90348 80 2 25 10 49715 0 
-135.496 25.4705 -0.0251881 0.322609 2.90348 80 2 25 10 49716 0 
-135.485 25.4705 -0.0251892 0.322609 2.90348 80 2 25 10 49717 0 
-135.474 25.4705 -0.0251903 0.322609 2.90348 80 2 25 10 49718 0 
-135.463 25.4705 -0.0251913 0.322609 2.90348 80 2 25 10 49719 0 
-135.453 25.4705 -0.0251924 0.322609 2.90348 80 2 25 10 49720 0 
-135.442 25.4704 -0.0251934 0.322609 2.90348 80 2 25 10 49721 0 
-135.431 25.4704 -0.0251945 0.322609 2.90348 80 2 25 10 49722 0 
-135.42 25.4704 -0.0251956 0.322609 2.90348 80 2 25 10 49723 0 
-135.41 25.4704 -0.0251966 0.322609 2.90348 80 2 25 10 49724 0 
-135.399 25.4704 -0.0251977 0.322609 2.90348 80 2 25 10 49725 0 
-135.388 25.4704 -0.0251988 0.322609 2.90348 80 2 25 10 49726 0 
-135.377 25.4704 -0.0251998 0.322609 2.90348 80 2 25 10 49727 0 
-135.367 25.4704 -0.0252009 0.322609 2.90348 80 2 25 10 49728 0 
-135.356 25.4704 -0.0252019 0.322609 2.90348 80 2 25 10 49729 0 
-135.345 25.4704 -0.025203 0.322609 2.90348 80 2 25 10 49730 0 
-135.334 25.4704 -0.0252041 0.322609 2.90348 80 2 25 10 49731 0 
-135.323 25.4704 -0.0252051 0.322609 2.90348 80 2 25 10 49732 0 
-135.313 25.4704 -0.0252062 0.322609 2.90348 80 2 25 10 49733 0 
-135.302 25.4704 -0.0252073 0.322609 2.90348 80 2 25 10 49734 0 
-135.291 25.4704 -0.0252083 0.322609 2.90348 80 2 25 10 49735 0 
-135.28 25.4704 -0.0252094 0.322609 2.90348 80 2 25 10 49736 0 
-135.27 25.4704 -0.0252104 0.322609 2.90348 80 2 25 10 49737 0 
-135.259 25.4704 -0.0252115 0.322609 2.90348 80 2 25 10 49738 0 
-135.248 25.4704 -0.0252126 0.322609 2.90348 80 2 25 10 49739 0 
-135.237 25.4704 -0.0252136 0.322609 2.90348 80 2 25 10 49740 0 
-135.227 25.4704 -0.0252147 0.322609 2.90348 80 2 25 10 49741 0 
-135.216 25.4704 -0.0252158 0.322609 2.90348 80 2 25 10 49742 0 
-135.205 25.4704 -0.0252168 0.322609 2.90348 80 2 25 10 49743 0 
-135.194 25.4704 -0.0252179 0.322609 2.90348 80 2 25 10 49744 0 
-135.184 25.4704 -0.025219 0.322609 2.90348 80 2 25 10 49745 0 
-135.173 25.4704 -0.02522 0.322609 2.90348 80 2 25 10 49746 0 
-135.162 25.4703 -0.0252211 0.322609 2.90348 80 2 25 10 49747 0 
-135.151 25.4703 -0.0252221 0.322609 2.90348 80 2 25 10 49748 0 
-135.141 25.4703 -0.0252232 0.322609 2.90348 80 2 25 10 49749 0 
-135.13 25.4703 -0.0252243 0.322609 2.90348 80 2 25 10 49750 0 
-135.119 25.4703 -0.0252253 0.322609 2.90348 80 2 25 10 49751 0 
-135.108 25.4703 -0.0252264 0.322609 2.90348 80 2 25 10 49752 0 
-135.098 25.4703 -0.0252275 0.322609 2.90348 80 2 25 10 49753 0 
-135.087 25.4703 -0.0252285 0.322609 2.90348 80 2 25 10 49754 0 
-135.076 25.4703 -0.0252296 0.322609 2.90348 80 2 25 10 49755 0 
-135.065 25.4703 -0.0252307 0.322609 2.90348 80 2 25 10 49756 0 
-135.055 25.4703 -0.0252317 0.322609 2.90348 80 2 25 10 49757 0 
-135.044 25.4703 -0.0252328 0.322609 2.90348 80 2 25 10 49758 0 
-135.033 25.4703 -0.0252339 0.322609 2.90348 80 2 25 10 49759 0 
-135.022 25.4703 -0.0252349 0.322609 2.90348 80 2 25 10 49760 0 
-135.012 25.4703 -0.025236 0.322609 2.90348 80 2 25 10 49761 0 
-135.001 25.4703 -0.0252371 0.322609 2.90348 80 2 25 10 49762 0 
-134.99 25.4703 -0.0252381 0.322609 2.90348 80 2 25 10 49763 0 
-134.979 25.4703 -0.0252392 0.322609 2.90348 80 2 25 10 49764 0 
-134.968 25.4703 -0.0252403 0.322609 2.90348 80 2 25 10 49765 0 
-134.958 25.4703 -0.0252413 0.322609 2.90348 80 2 25 10 49766 0 
-134.947 25.4703 -0.0252424 0.322609 2.90348 80 2 25 10 49767 0 
-134.936 25.4703 -0.0252435 0.322609 2.90348 80 2 25 10 49768 0 
-134.925 25.4703 -0.0252445 0.322609 2.90348 80 2 25 10 49769 0 
-134.915 25.4703 -0.0252456 0.322609 2.90348 80 2 25 10 49770 0 
-134.904 25.4703 -0.0252467 0.322609 2.90348 80 2 25 10 49771 0 
-134.893 25.4703 -0.0252477 0.322609 2.90348 80 2 25 10 49772 0 
-134.882 25.4702 -0.0252488 0.322609 2.90348 80 2 25 10 49773 0 
-134.872 25.4702 -0.0252499 0.322609 2.90348 80 2 25 10 49774 0 
-134.861 25.4702 -0.0252509 0.322609 2.90348 80 2 25 10 49775 0 
-134.85 25.4702 -0.025252 0.322609 2.90348 80 2 25 10 49776 0 
-134.839 25.4702 -0.0252531 0.322609 2.90348 80 2 25 10 49777 0 
-134.829 25.4702 -0.0252541 0.322609 2.90348 80 2 25 10 49778 0 
-134.818 25.4702 -0.0252552 0.322609 2.90348 80 2 25 10 49779 0 
-134.807 25.4702 -0.0252563 0.322609 2.90348 80 2 25 10 49780 0 
-134.796 25.4702 -0.0252573 0.322609 2.90348 80 2 25 10 49781 0 
-134.786 25.4702 -0.0252584 0.322609 2.90348 80 2 25 10 49782 0 
-134.775 25.4702 -0.0252595 0.322609 2.90348 80 2 25 10 49783 0 
-134.764 25.4702 -0.0252605 0.322609 2.90348 80 2 25 10 49784 0 
-134.753 25.4702 -0.0252616 0.322609 2.90348 80 2 25 10 49785 0 
-134.743 25.4702 -0.0252627 0.322609 2.90348 80 2 25 10 49786 0 
-134.732 25.4702 -0.0252638 0.322609 2.90348 80 2 25 10 49787 0 
-134.721 25.4702 -0.0252648 0.322609 2.90348 80 2 25 10 49788 0 
-134.71 25.4702 -0.0252659 0.322609 2.90348 80 2 25 10 49789 0 
-134.7 25.4702 -0.025267 0.322609 2.90348 80 2 25 10 49790 0 
-134.689 25.4702 -0.025268 0.322609 2.90348 80 2 25 10 49791 0 
-134.678 25.4702 -0.0252691 0.322609 2.90348 80 2 25 10 49792 0 
-134.667 25.4702 -0.0252702 0.322609 2.90348 80 2 25 10 49793 0 
-134.657 25.4702 -0.0252712 0.322609 2.90348 80 2 25 10 49794 0 
-134.646 25.4702 -0.0252723 0.322609 2.90348 80 2 25 10 49795 0 
-134.635 25.4702 -0.0252734 0.322609 2.90348 80 2 25 10 49796 0 
-134.624 25.4702 -0.0252744 0.322609 2.90348 80 2 25 10 49797 0 
-134.613 25.4702 -0.0252755 0.322609 2.90348 80 2 25 10 49798 0 
-134.603 25.4701 -0.0252766 0.322609 2.90348 80 2 25 10 49799 0 
-134.592 25.4701 -0.0252777 0.322609 2.90348 80 2 25 10 49800 0 
-134.581 25.4701 -0.0252787 0.322609 2.90348 80 2 25 10 49801 0 
-134.57 25.4701 -0.0252798 0.322609 2.90348 80 2 25 10 49802 0 
-134.56 25.4701 -0.0252809 0.322609 2.90348 80 2 25 10 49803 0 
-134.549 25.4701 -0.0252819 0.322609 2.90348 80 2 25 10 49804 0 
-134.538 25.4701 -0.025283 0.322609 2.90348 80 2 25 10 49805 0 
-134.527 25.4701 -0.0252841 0.322609 2.90348 80 2 25 10 49806 0 
-134.517 25.4701 -0.0252852 0.322609 2.90348 80 2 25 10 49807 0 
-134.506 25.4701 -0.0252862 0.322609 2.90348 80 2 25 10 49808 0 
-134.495 25.4701 -0.0252873 0.322609 2.90348 80 2 25 10 49809 0 
-134.484 25.4701 -0.0252884 0.322609 2.90348 80 2 25 10 49810 0 
-134.474 25.4701 -0.0252894 0.322609 2.90348 80 2 25 10 49811 0 
-134.463 25.4701 -0.0252905 0.322609 2.90348 80 2 25 10 49812 0 
-134.452 25.4701 -0.0252916 0.322609 2.90348 80 2 25 10 49813 0 
-134.441 25.4701 -0.0252926 0.322609 2.90348 80 2 25 10 49814 0 
-134.431 25.4701 -0.0252937 0.322609 2.90348 80 2 25 10 49815 0 
-134.42 25.4701 -0.0252948 0.322609 2.90348 80 2 25 10 49816 0 
-134.409 25.4701 -0.0252959 0.322609 2.90348 80 2 25 10 49817 0 
-134.398 25.4701 -0.0252969 0.322609 2.90348 80 2 25 10 49818 0 
-134.388 25.4701 -0.025298 0.322609 2.90348 80 2 25 10 49819 0 
-134.377 25.4701 -0.0252991 0.322609 2.90348 80 2 25 10 49820 0 
-134.366 25.4701 -0.0253002 0.322609 2.90348 80 2 25 10 49821 0 
-134.355 25.4701 -0.0253012 0.322609 2.90348 80 2 25 10 49822 0 
-134.345 25.4701 -0.0253023 0.322609 2.90348 80 2 25 10 49823 0 
-134.334 25.4701 -0.0253034 0.322609 2.90348 80 2 25 10 49824 0 
-134.323 25.4701 -0.0253044 0.322609 2.90348 80 2 25 10 49825 0 
-134.312 25.47 -0.0253055 0.322609 2.90348 80 2 25 10 49826 0 
-134.302 25.47 -0.0253066 0.322609 2.90348 80 2 25 10 49827 0 
-134.291 25.47 -0.0253077 0.322609 2.90348 80 2 25 10 49828 0 
-134.28 25.47 -0.0253087 0.322609 2.90348 80 2 25 10 49829 0 
-134.269 25.47 -0.0253098 0.322609 2.90348 80 2 25 10 49830 0 
-134.258 25.47 -0.0253109 0.322609 2.90348 80 2 25 10 49831 0 
-134.248 25.47 -0.025312 0.322609 2.90348 80 2 25 10 49832 0 
-134.237 25.47 -0.025313 0.322609 2.90348 80 2 25 10 49833 0 
-134.226 25.47 -0.0253141 0.322609 2.90348 80 2 25 10 49834 0 
-134.215 25.47 -0.0253152 0.322609 2.90348 80 2 25 10 49835 0 
-134.205 25.47 -0.0253163 0.322609 2.90348 80 2 25 10 49836 0 
-134.194 25.47 -0.0253173 0.322609 2.90348 80 2 25 10 49837 0 
-134.183 25.47 -0.0253184 0.322609 2.90348 80 2 25 10 49838 0 
-134.172 25.47 -0.0253195 0.322609 2.90348 80 2 25 10 49839 0 
-134.162 25.47 -0.0253206 0.322609 2.90348 80 2 25 10 49840 0 
-134.151 25.47 -0.0253216 0.322609 2.90348 80 2 25 10 49841 0 
-134.14 25.47 -0.0253227 0.322609 2.90348 80 2 25 10 49842 0 
-134.129 25.47 -0.0253238 0.322609 2.90348 80 2 25 10 49843 0 
-134.119 25.47 -0.0253249 0.322609 2.90348 80 2 25 10 49844 0 
-134.108 25.47 -0.0253259 0.322609 2.90348 80 2 25 10 49845 0 
-134.097 25.47 -0.025327 0.322609 2.90348 80 2 25 10 49846 0 
-134.086 25.47 -0.0253281 0.322609 2.90348 80 2 25 10 49847 0 
-134.076 25.47 -0.0253292 0.322609 2.90348 80 2 25 10 49848 0 
-134.065 25.47 -0.0253302 0.322609 2.90348 80 2 25 10 49849 0 
-134.054 25.47 -0.0253313 0.322609 2.90348 80 2 25 10 49850 0 
-134.043 25.47 -0.0253324 0.322609 2.90348 80 2 25 10 49851 0 
-134.033 25.4699 -0.0253335 0.322609 2.90348 80 2 25 10 49852 0 
-134.022 25.4699 -0.0253345 0.322609 2.90348 80 2 25 10 49853 0 
-134.011 25.4699 -0.0253356 0.322609 2.90348 80 2 25 10 49854 0 
-134 25.4699 -0.0253367 0.322609 2.90348 80 2 25 10 49855 0 
-133.99 25.4699 -0.0253378 0.322609 2.90348 80 2 25 10 49856 0 
-133.979 25.4699 -0.0253388 0.322609 2.90348 80 2 25 10 49857 0 
-133.968 25.4699 -0.0253399 0.322609 2.90348 80 2 25 10 49858 0 
-133.957 25.4699 -0.025341 0.322609 2.90348 80 2 25 10 49859 0 
-133.947 25.4699 -0.0253421 0.322609 2.90348 80 2 25 10 49860 0 
-133.936 25.4699 -0.0253431 0.322609 2.90348 80 2 25 10 49861 0 
-133.925 25.4699 -0.0253442 0.322609 2.90348 80 2 25 10 49862 0 
-133.914 25.4699 -0.0253453 0.322609 2.90348 80 2 25 10 49863 0 
-133.903 25.4699 -0.0253464 0.322609 2.90348 80 2 25 10 49864 0 
-133.893 25.4699 -0.0253474 0.322609 2.90348 80 2 25 10 49865 0 
-133.882 25.4699 -0.0253485 0.322609 2.90348 80 2 25 10 49866 0 
-133.871 25.4699 -0.0253496 0.322609 2.90348 80 2 25 10 49867 0 
-133.86 25.4699 -0.0253507 0.322609 2.90348 80 2 25 10 49868 0 
-133.85 25.4699 -0.0253518 0.322609 2.90348 80 2 25 10 49869 0 
-133.839 25.4699 -0.0253528 0.322609 2.90348 80 2 25 10 49870 0 
-133.828 25.4699 -0.0253539 0.322609 2.90348 80 2 25 10 49871 0 
-133.817 25.4699 -0.025355 0.322609 2.90348 80 2 25 10 49872 0 
-133.807 25.4699 -0.0253561 0.322609 2.90348 80 2 25 10 49873 0 
-133.796 25.4699 -0.0253572 0.322609 2.90348 80 2 25 10 49874 0 
-133.785 25.4699 -0.0253582 0.322609 2.90348 80 2 25 10 49875 0 
-133.774 25.4699 -0.0253593 0.322609 2.90348 80 2 25 10 49876 0 
-133.764 25.4699 -0.0253604 0.322609 2.90348 80 2 25 10 49877 0 
-133.753 25.4698 -0.0253615 0.322609 2.90348 80 2 25 10 49878 0 
-133.742 25.4698 -0.0253625 0.322609 2.90348 80 2 25 10 49879 0 
-133.731 25.4698 -0.0253636 0.322609 2.90348 80 2 25 10 49880 0 
-133.721 25.4698 -0.0253647 0.322609 2.90348 80 2 25 10 49881 0 
-133.71 25.4698 -0.0253658 0.322609 2.90348 80 2 25 10 49882 0 
-133.699 25.4698 -0.0253669 0.322609 2.90348 80 2 25 10 49883 0 
-133.688 25.4698 -0.0253679 0.322609 2.90348 80 2 25 10 49884 0 
-133.678 25.4698 -0.025369 0.322609 2.90348 80 2 25 10 49885 0 
-133.667 25.4698 -0.0253701 0.322609 2.90348 80 2 25 10 49886 0 
-133.656 25.4698 -0.0253712 0.322609 2.90348 80 2 25 10 49887 0 
-133.645 25.4698 -0.0253723 0.322609 2.90348 80 2 25 10 49888 0 
-133.635 25.4698 -0.0253733 0.322609 2.90348 80 2 25 10 49889 0 
-133.624 25.4698 -0.0253744 0.322609 2.90348 80 2 25 10 49890 0 
-133.613 25.4698 -0.0253755 0.322609 2.90348 80 2 25 10 49891 0 
-133.602 25.4698 -0.0253766 0.322609 2.90348 80 2 25 10 49892 0 
-133.592 25.4698 -0.0253777 0.322609 2.90348 80 2 25 10 49893 0 
-133.581 25.4698 -0.0253787 0.322609 2.90348 80 2 25 10 49894 0 
-133.57 25.4698 -0.0253798 0.322609 2.90348 80 2 25 10 49895 0 
-133.559 25.4698 -0.0253809 0.322609 2.90348 80 2 25 10 49896 0 
-133.548 25.4698 -0.025382 0.322609 2.90348 80 2 25 10 49897 0 
-133.538 25.4698 -0.0253831 0.322609 2.90348 80 2 25 10 49898 0 
-133.527 25.4698 -0.0253841 0.322609 2.90348 80 2 25 10 49899 0 
-133.516 25.4698 -0.0253852 0.322609 2.90348 80 2 25 10 49900 0 
-133.505 25.4698 -0.0253863 0.322609 2.90348 80 2 25 10 49901 0 
-133.495 25.4698 -0.0253874 0.322609 2.90348 80 2 25 10 49902 0 
-133.484 25.4698 -0.0253885 0.322609 2.90348 80 2 25 10 49903 0 
-133.473 25.4697 -0.0253895 0.322609 2.90348 80 2 25 10 49904 0 
-133.462 25.4697 -0.0253906 0.322609 2.90348 80 2 25 10 49905 0 
-133.452 25.4697 -0.0253917 0.322609 2.90348 80 2 25 10 49906 0 
-133.441 25.4697 -0.0253928 0.322609 2.90348 80 2 25 10 49907 0 
-133.43 25.4697 -0.0253939 0.322609 2.90348 80 2 25 10 49908 0 
-133.419 25.4697 -0.025395 0.322609 2.90348 80 2 25 10 49909 0 
-133.409 25.4697 -0.025396 0.322609 2.90348 80 2 25 10 49910 0 
-133.398 25.4697 -0.0253971 0.322609 2.90348 80 2 25 10 49911 0 
-133.387 25.4697 -0.0253982 0.322609 2.90348 80 2 25 10 49912 0 
-133.376 25.4697 -0.0253993 0.322609 2.90348 80 2 25 10 49913 0 
-133.366 25.4697 -0.0254004 0.322609 2.90348 80 2 25 10 49914 0 
-133.355 25.4697 -0.0254015 0.322609 2.90348 80 2 25 10 49915 0 
-133.344 25.4697 -0.0254025 0.322609 2.90348 80 2 25 10 49916 0 
-133.333 25.4697 -0.0254036 0.322609 2.90348 80 2 25 10 49917 0 
-133.323 25.4697 -0.0254047 0.322609 2.90348 80 2 25 10 49918 0 
-133.312 25.4697 -0.0254058 0.322609 2.90348 80 2 25 10 49919 0 
-133.301 25.4697 -0.0254069 0.322609 2.90348 80 2 25 10 49920 0 
-133.29 25.4697 -0.0254079 0.322609 2.90348 80 2 25 10 49921 0 
-133.28 25.4697 -0.025409 0.322609 2.90348 80 2 25 10 49922 0 
-133.269 25.4697 -0.0254101 0.322609 2.90348 80 2 25 10 49923 0 
-133.258 25.4697 -0.0254112 0.322609 2.90348 80 2 25 10 49924 0 
-133.247 25.4697 -0.0254123 0.322609 2.90348 80 2 25 10 49925 0 
-133.237 25.4697 -0.0254133 0.322609 2.90348 80 2 25 10 49926 0 
-133.226 25.4696 -0.0254144 0.322609 2.90348 80 2 25 10 49927 0 
-133.215 25.4696 -0.0254155 0.322609 2.90348 80 2 25 10 49928 0 
-133.204 25.4696 -0.0254166 0.322609 2.90348 80 2 25 10 49929 0 
-133.193 25.4696 -0.0254176 0.322609 2.90348 80 2 25 10 49930 0 
-133.183 25.4696 -0.0254187 0.322609 2.90348 80 2 25 10 49931 0 
-133.172 25.4696 -0.0254198 0.322609 2.90348 80 2 25 10 49932 0 
-133.161 25.4696 -0.0254208 0.322609 2.90348 80 2 25 10 49933 0 
-133.15 25.4696 -0.0254219 0.322609 2.90348 80 2 25 10 49934 0 
-133.14 25.4696 -0.025423 0.322609 2.90348 80 2 25 10 49935 0 
-133.129 25.4696 -0.025424 0.322609 2.90348 80 2 25 10 49936 0 
-133.118 25.4696 -0.0254251 0.322609 2.90348 80 2 25 10 49937 0 
-133.107 25.4696 -0.0254261 0.322609 2.90348 80 2 25 10 49938 0 
-133.097 25.4696 -0.0254272 0.322609 2.90348 80 2 25 10 49939 0 
-133.086 25.4696 -0.0254283 0.322609 2.90348 80 2 25 10 49940 0 
-133.075 25.4696 -0.0254293 0.322609 2.90348 80 2 25 10 49941 0 
-133.064 25.4696 -0.0254304 0.322609 2.90348 80 2 25 10 49942 0 
-133.054 25.4696 -0.0254314 0.322609 2.90348 80 2 25 10 49943 0 
-133.043 25.4696 -0.0254325 0.322609 2.90348 80 2 25 10 49944 0 
-133.032 25.4695 -0.0254335 0.322609 2.90348 80 2 25 10 49945 0 
-133.021 25.4695 -0.0254346 0.322609 2.90348 80 2 25 10 49946 0 
-133.011 25.4695 -0.0254356 0.322609 2.90348 80 2 25 10 49947 0 
-133 25.4695 -0.0254367 0.322609 2.90348 80 2 25 10 49948 0 
-132.989 25.4695 -0.0254377 0.322609 2.90348 80 2 25 10 49949 0 
-132.978 25.4695 -0.0254388 0.322609 2.90348 80 2 25 10 49950 0 
-132.968 25.4695 -0.0254398 0.322609 2.90348 80 2 25 10 49951 0 
-132.957 25.4695 -0.0254409 0.322609 2.90348 80 2 25 10 49952 0 
-132.946 25.4695 -0.0254419 0.322609 2.90348 80 2 25 10 49953 0 
-132.935 25.4695 -0.0254429 0.322609 2.90348 80 2 25 10 49954 0 
-132.925 25.4695 -0.025444 0.322609 2.90348 80 2 25 10 49955 0 
-132.914 25.4695 -0.025445 0.322609 2.90348 80 2 25 10 49956 0 
-132.903 25.4695 -0.0254461 0.322609 2.90348 80 2 25 10 49957 0 
-132.892 25.4695 -0.0254471 0.322609 2.90348 80 2 25 10 49958 0 
-132.882 25.4695 -0.0254481 0.322609 2.90348 80 2 25 10 49959 0 
-132.871 25.4695 -0.0254492 0.322609 2.90348 80 2 25 10 49960 0 
-132.86 25.4695 -0.0254502 0.322609 2.90348 80 2 25 10 49961 0 
-132.849 25.4694 -0.0254513 0.322609 2.90348 80 2 25 10 49962 0 
-132.839 25.4694 -0.0254523 0.322609 2.90348 80 2 25 10 49963 0 
-132.828 25.4694 -0.0254533 0.322609 2.90348 80 2 25 10 49964 0 
-132.817 25.4694 -0.0254544 0.322609 2.90348 80 2 25 10 49965 0 
-132.806 25.4694 -0.0254554 0.322609 2.90348 80 2 25 10 49966 0 
-132.795 25.4694 -0.0254564 0.322609 2.90348 80 2 25 10 49967 0 
-132.785 25.4694 -0.0254575 0.322609 2.90348 80 2 25 10 49968 0 
-132.774 25.4694 -0.0254585 0.322609 2.90348 80 2 25 10 49969 0 
-132.763 25.4694 -0.0254595 0.322609 2.90348 80 2 25 10 49970 0 
-132.752 25.4694 -0.0254606 0.322609 2.90348 80 2 25 10 49971 0 
-132.742 25.4694 -0.0254616 0.322609 2.90348 80 2 25 10 49972 0 
-132.731 25.4694 -0.0254626 0.322609 2.90348 80 2 25 10 49973 0 
-132.72 25.4694 -0.0254636 0.322609 2.90348 80 2 25 10 49974 0 
-132.709 25.4694 -0.0254647 0.322609 2.90348 80 2 25 10 49975 0 
-132.699 25.4694 -0.0254657 0.322609 2.90348 80 2 25 10 49976 0 
-132.688 25.4694 -0.0254667 0.322609 2.90348 80 2 25 10 49977 0 
-132.677 25.4694 -0.0254677 0.322609 2.90348 80 2 25 10 49978 0 
-132.666 25.4694 -0.0254688 0.322609 2.90348 80 2 25 10 49979 0 
-132.656 25.4693 -0.0254698 0.322609 2.90348 80 2 25 10 49980 0 
-132.645 25.4693 -0.0254708 0.322609 2.90348 80 2 25 10 49981 0 
-132.634 25.4693 -0.0254718 0.322609 2.90348 80 2 25 10 49982 0 
-132.623 25.4693 -0.0254729 0.322609 2.90348 80 2 25 10 49983 0 
-132.613 25.4693 -0.0254739 0.322609 2.90348 80 2 25 10 49984 0 
-132.602 25.4693 -0.0254749 0.322609 2.90348 80 2 25 10 49985 0 
-132.591 25.4693 -0.0254759 0.322609 2.90348 80 2 25 10 49986 0 
-132.58 25.4693 -0.0254769 0.322609 2.90348 80 2 25 10 49987 0 
-132.57 25.4693 -0.025478 0.322609 2.90348 80 2 25 10 49988 0 
-132.559 25.4693 -0.025479 0.322609 2.90348 80 2 25 10 49989 0 
-132.548 25.4693 -0.02548 0.322609 2.90348 80 2 25 10 49990 0 
-132.537 25.4693 -0.025481 0.322609 2.90348 80 2 25 10 49991 0 
-132.527 25.4693 -0.025482 0.322609 2.90348 80 2 25 10 49992 0 
-132.516 25.4693 -0.0254831 0.322609 2.90348 80 2 25 10 49993 0 
-132.505 25.4693 -0.0254841 0.322609 2.90348 80 2 25 10 49994 0 
-132.494 25.4693 -0.0254851 0.322609 2.90348 80 2 25 10 49995 0 
-132.484 25.4693 -0.0254861 0.322609 2.90348 80 2 25 10 49996 0 
-132.473 25.4692 -0.0254871 0.322609 2.90348 80 2 25 10 49997 0 
-132.462 25.4692 -0.0254882 0.322609 2.90348 80 2 25 10 49998 0 
-132.451 25.4692 -0.0254892 0.322609 2.90348 80 2 25 10 49999 0 
