-161.658 21.1146 -0.215665 0.539892 4.85903 80 2 25 10 43558 0 
-161.64 21.1146 -0.208974 0.539892 4.85903 80 2 25 10 43559 0 
-161.622 21.1145 -0.202395 0.539892 4.85903 80 2 25 10 43560 0 
-161.604 21.1144 -0.195925 0.539892 4.85903 80 2 25 10 43561 0 
-161.586 21.1144 -0.189562 0.539892 4.85903 80 2 25 10 43562 0 
-161.568 21.1143 -0.183306 0.539892 4.85903 80 2 25 10 43563 0 
-161.55 21.1143 -0.177153 0.539892 4.85903 80 2 25 10 43564 0 
-161.532 21.1142 -0.171102 0.539892 4.85903 80 2 25 10 43565 0 
-161.514 21.1141 -0.165152 0.539892 4.85903 80 2 25 10 43566 0 
-161.496 21.1141 -0.159301 0.539892 4.85903 80 2 25 10 43567 0 
-161.478 21.114 -0.153547 0.539892 4.85903 80 2 25 10 43568 0 
-161.46 21.114 -0.147889 0.539892 4.85903 80 2 25 10 43569 0 
-161.442 21.114 -0.142325 0.539892 4.85903 80 2 25 10 43570 0 
-161.424 21.1139 -0.136853 0.539892 4.85903 80 2 25 10 43571 0 
-161.406 21.1139 -0.131473 0.539892 4.85903 80 2 25 10 43572 0 
-161.388 21.1138 -0.126181 0.539892 4.85903 80 2 25 10 43573 0 
-161.37 21.1138 -0.120978 0.539892 4.85903 80 2 25 10 43574 0 
-161.352 21.1137 -0.115861 0.539892 4.85903 80 2 25 10 43575 0 
-161.334 21.1137 -0.110829 0.539892 4.85903 80 2 25 10 43576 0 
-161.316 21.1137 -0.10588 0.539892 4.85903 80 2 25 10 43577 0 
-161.298 21.1136 -0.101014 0.539892 4.85903 80 2 25 10 43578 0 
-161.28 21.1136 -0.096229 0.539892 4.85903 80 2 25 10 43579 0 
-161.262 21.1136 -0.0915232 0.539892 4.85903 80 2 25 10 43580 0 
-161.244 21.1136 -0.0868956 0.539892 4.85903 80 2 25 10 43581 0 
-161.226 21.1135 -0.0823449 0.539892 4.85903 80 2 25 10 43582 0 
-161.208 21.1135 -0.0778697 0.539892 4.85903 80 2 25 10 43583 0 
-161.19 21.1135 -0.0734688 0.539892 4.85903 80 2 25 10 43584 0 
-161.172 21.1134 -0.0691411 0.539892 4.85903 80 2 25 10 43585 0 
-161.154 21.1134 -0.0648852 0.539892 4.85903 80 2 25 10 43586 0 
-161.136 21.1134 -0.0607001 0.539892 4.85903 80 2 25 10 43587 0 
-161.118 21.1134 -0.0565844 0.539892 4.85903 80 2 25 10 43588 0 
-161.1 21.1134 -0.052537 0.539892 4.85903 80 2 25 10 43589 0 
-161.082 21.1134 -0.0485569 0.539892 4.85903 80 2 25 10 43590 0 
-161.064 21.1133 -0.0446429 0.539892 4.85903 80 2 25 10 43591 0 
-161.046 21.1133 -0.0407938 0.539892 4.85903 80 2 25 10 43592 0 
-161.028 21.1133 -0.0370087 0.539892 4.85903 80 2 25 10 43593 0 
-161.01 21.1133 -0.0332864 0.539892 4.85903 80 2 25 10 43594 0 
-160.992 21.1133 -0.0296259 0.539892 4.85903 80 2 25 10 43595 0 
-160.974 21.1133 -0.0260261 0.539892 4.85903 80 2 25 10 43596 0 
-160.956 21.1133 -0.0224862 0.539892 4.85903 80 2 25 10 43597 0 
-160.938 21.1133 -0.0190049 0.539892 4.85903 80 2 25 10 43598 0 
-160.92 21.1133 -0.0155815 0.539892 4.85903 80 2 25 10 43599 0 
-160.902 21.1133 -0.0122149 0.539892 4.85903 80 2 25 10 43600 0 
-160.884 21.1133 -0.00890411 0.539892 4.85903 80 2 25 10 43601 0 
-160.866 21.1132 -0.00564829 0.539892 4.85903 80 2 25 10 43602 0 
-160.848 21.1132 -0.00244651 0.539892 4.85903 80 2 25 10 43603 0 
-160.83 21.1132 0.000702146 0.539892 4.85903 80 2 25 10 43604 0 
-160.812 21.1132 0.00379856 0.539892 4.85903 80 2 25 10 43605 0 
-160.794 21.1132 0.0068436 0.539892 4.85903 80 2 25 10 43606 0 
-160.776 21.1133 0.00983812 0.539892 4.85903 80 2 25 10 43607 0 
-160.758 21.1133 0.012783 0.539892 4.85903 80 2 25 10 43608 0 
-160.741 21.1133 0.015679 0.539892 4.85903 80 2 25 10 43609 0 
-160.723 21.1133 0.0185269 0.539892 4.85903 80 2 25 10 43610 0 
-160.705 21.1133 0.0213276 0.539892 4.85903 80 2 25 10 43611 0 
-160.687 21.1133 0.0240819 0.539892 4.85903 80 2 25 10 43612 0 
-160.669 21.1133 0.0267905 0.539892 4.85903 80 2 25 10 43613 0 
-160.651 21.1133 0.0294542 0.539892 4.85903 80 2 25 10 43614 0 
-160.633 21.1133 0.0320737 0.539892 4.85903 80 2 25 10 43615 0 
-160.615 21.1133 0.0346498 0.539892 4.85903 80 2 25 10 43616 0 
-160.597 21.1133 0.0371832 0.539892 4.85903 80 2 25 10 43617 0 
-160.579 21.1133 0.0396746 0.539892 4.85903 80 2 25 10 43618 0 
-160.561 21.1133 0.0421247 0.539892 4.85903 80 2 25 10 43619 0 
-160.543 21.1134 0.0445341 0.539892 4.85903 80 2 25 10 43620 0 
-160.525 21.1134 0.0469037 0.539892 4.85903 80 2 25 10 43621 0 
-160.507 21.1134 0.0492339 0.539892 4.85903 80 2 25 10 43622 0 
-160.489 21.1134 0.0515256 0.539892 4.85903 80 2 25 10 43623 0 
-160.471 21.1134 0.0537793 0.539892 4.85903 80 2 25 10 43624 0 
-160.453 21.1134 0.0559956 0.539892 4.85903 80 2 25 10 43625 0 
-160.435 21.1135 0.0581752 0.539892 4.85903 80 2 25 10 43626 0 
-160.417 21.1135 0.0603188 0.539892 4.85903 80 2 25 10 43627 0 
-160.399 21.1135 0.0624268 0.539892 4.85903 80 2 25 10 43628 0 
-160.381 21.1135 0.0644999 0.539892 4.85903 80 2 25 10 43629 0 
-160.363 21.1135 0.0665386 0.539892 4.85903 80 2 25 10 43630 0 
-160.345 21.1136 0.0685437 0.539892 4.85903 80 2 25 10 43631 0 
-160.327 21.1136 0.0705155 0.539892 4.85903 80 2 25 10 43632 0 
-160.309 21.1136 0.0724546 0.539892 4.85903 80 2 25 10 43633 0 
-160.291 21.1136 0.0743617 0.539892 4.85903 80 2 25 10 43634 0 
-160.273 21.1136 0.0762372 0.539892 4.85903 80 2 25 10 43635 0 
-160.255 21.1137 0.0780816 0.539892 4.85903 80 2 25 10 43636 0 
-160.237 21.1137 0.0798956 0.539892 4.85903 80 2 25 10 43637 0 
-160.219 21.1137 0.0816795 0.539892 4.85903 80 2 25 10 43638 0 
-160.201 21.1137 0.0834339 0.539892 4.85903 80 2 25 10 43639 0 
-160.183 21.1138 0.0851592 0.539892 4.85903 80 2 25 10 43640 0 
-160.165 21.1138 0.0868561 0.539892 4.85903 80 2 25 10 43641 0 
-160.147 21.1138 0.0885248 0.539892 4.85903 80 2 25 10 43642 0 
-160.129 21.1139 0.090166 0.539892 4.85903 80 2 25 10 43643 0 
-160.111 21.1139 0.09178 0.539892 4.85903 80 2 25 10 43644 0 
-160.093 21.1139 0.0933673 0.539892 4.85903 80 2 25 10 43645 0 
-160.075 21.1139 0.0949284 0.539892 4.85903 80 2 25 10 43646 0 
-160.057 21.114 0.0964637 0.539892 4.85903 80 2 25 10 43647 0 
-160.039 21.114 0.0979736 0.539892 4.85903 80 2 25 10 43648 0 
-160.021 21.114 0.0994586 0.539892 4.85903 80 2 25 10 43649 0 
-160.003 21.1141 0.100919 0.539892 4.85903 80 2 25 10 43650 0 
-159.985 21.1141 0.102355 0.539892 4.85903 80 2 25 10 43651 0 
-159.967 21.1141 0.103768 0.539892 4.85903 80 2 25 10 43652 0 
-159.949 21.1142 0.105157 0.539892 4.85903 80 2 25 10 43653 0 
-159.931 21.1142 0.106523 0.539892 4.85903 80 2 25 10 43654 0 
-159.913 21.1142 0.107867 0.539892 4.85903 80 2 25 10 43655 0 
-159.895 21.1143 0.109189 0.539892 4.85903 80 2 25 10 43656 0 
-159.877 21.1143 0.110488 0.539892 4.85903 80 2 25 10 43657 0 
-159.859 21.1143 0.111767 0.539892 4.85903 80 2 25 10 43658 0 
-159.841 21.1144 0.113024 0.539892 4.85903 80 2 25 10 43659 0 
-159.823 21.1144 0.11426 0.539892 4.85903 80 2 25 10 43660 0 
-159.805 21.1144 0.115476 0.539892 4.85903 80 2 25 10 43661 0 
-159.787 21.1145 0.116672 0.539892 4.85903 80 2 25 10 43662 0 
-159.769 21.1145 0.117848 0.539892 4.85903 80 2 25 10 43663 0 
-159.751 21.1145 0.119005 0.539892 4.85903 80 2 25 10 43664 0 
-159.733 21.1146 0.120143 0.539892 4.85903 80 2 25 10 43665 0 
-159.715 21.1146 0.121262 0.539892 4.85903 80 2 25 10 43666 0 
-159.697 21.1147 0.122363 0.539892 4.85903 80 2 25 10 43667 0 
-159.679 21.1147 0.123445 0.539892 4.85903 80 2 25 10 43668 0 
-159.661 21.1147 0.12451 0.539892 4.85903 80 2 25 10 43669 0 
-159.643 21.1148 0.125557 0.539892 4.85903 80 2 25 10 43670 0 
-159.625 21.1148 0.126586 0.539892 4.85903 80 2 25 10 43671 0 
-159.607 21.1149 0.127599 0.539892 4.85903 80 2 25 10 43672 0 
-159.589 21.1149 0.128595 0.539892 4.85903 80 2 25 10 43673 0 
-159.571 21.1149 0.129575 0.539892 4.85903 80 2 25 10 43674 0 
-159.553 21.115 0.130539 0.539892 4.85903 80 2 25 10 43675 0 
-159.535 21.115 0.131487 0.539892 4.85903 80 2 25 10 43676 0 
-159.517 21.1151 0.132419 0.539892 4.85903 80 2 25 10 43677 0 
-159.499 21.1151 0.133336 0.539892 4.85903 80 2 25 10 43678 0 
-159.481 21.1151 0.134237 0.539892 4.85903 80 2 25 10 43679 0 
-159.463 21.1152 0.135124 0.539892 4.85903 80 2 25 10 43680 0 
-159.445 21.1152 0.135997 0.539892 4.85903 80 2 25 10 43681 0 
-159.427 21.1153 0.136855 0.539892 4.85903 80 2 25 10 43682 0 
-159.409 21.1153 0.137699 0.539892 4.85903 80 2 25 10 43683 0 
-159.391 21.1154 0.138529 0.539892 4.85903 80 2 25 10 43684 0 
-159.373 21.1154 0.139345 0.539892 4.85903 80 2 25 10 43685 0 
-159.355 21.1154 0.140148 0.539892 4.85903 80 2 25 10 43686 0 
-159.337 21.1155 0.140938 0.539892 4.85903 80 2 25 10 43687 0 
-159.319 21.1155 0.141715 0.539892 4.85903 80 2 25 10 43688 0 
-159.301 21.1156 0.142479 0.539892 4.85903 80 2 25 10 43689 0 
-159.283 21.1156 0.143231 0.539892 4.85903 80 2 25 10 43690 0 
-159.265 21.1157 0.14397 0.539892 4.85903 80 2 25 10 43691 0 
-159.247 21.1157 0.144697 0.539892 4.85903 80 2 25 10 43692 0 
-159.229 21.1158 0.145413 0.539892 4.85903 80 2 25 10 43693 0 
-159.211 21.1158 0.146116 0.539892 4.85903 80 2 25 10 43694 0 
-159.193 21.1158 0.146808 0.539892 4.85903 80 2 25 10 43695 0 
-159.175 21.1159 0.147489 0.539892 4.85903 80 2 25 10 43696 0 
-159.157 21.1159 0.148158 0.539892 4.85903 80 2 25 10 43697 0 
-159.139 21.116 0.148817 0.539892 4.85903 80 2 25 10 43698 0 
-159.121 21.116 0.149465 0.539892 4.85903 80 2 25 10 43699 0 
-159.103 21.1161 0.150102 0.539892 4.85903 80 2 25 10 43700 0 
-159.085 21.1161 0.150729 0.539892 4.85903 80 2 25 10 43701 0 
-159.067 21.1162 0.151345 0.539892 4.85903 80 2 25 10 43702 0 
-159.049 21.1162 0.151952 0.539892 4.85903 80 2 25 10 43703 0 
-159.031 21.1163 0.152548 0.539892 4.85903 80 2 25 10 43704 0 
-159.013 21.1163 0.153135 0.539892 4.85903 80 2 25 10 43705 0 
-158.995 21.1164 0.153712 0.539892 4.85903 80 2 25 10 43706 0 
-158.977 21.1164 0.15428 0.539892 4.85903 80 2 25 10 43707 0 
-158.959 21.1165 0.154839 0.539892 4.85903 80 2 25 10 43708 0 
-158.941 21.1165 0.155388 0.539892 4.85903 80 2 25 10 43709 0 
-158.924 21.1166 0.155928 0.539892 4.85903 80 2 25 10 43710 0 
-158.906 21.1166 0.15646 0.539892 4.85903 80 2 25 10 43711 0 
-158.888 21.1167 0.156983 0.539892 4.85903 80 2 25 10 43712 0 
-158.87 21.1167 0.157498 0.539892 4.85903 80 2 25 10 43713 0 
-158.852 21.1168 0.158004 0.539892 4.85903 80 2 25 10 43714 0 
-158.834 21.1168 0.158502 0.539892 4.85903 80 2 25 10 43715 0 
-158.816 21.1169 0.158991 0.539892 4.85903 80 2 25 10 43716 0 
-158.798 21.1169 0.159473 0.539892 4.85903 80 2 25 10 43717 0 
-158.78 21.117 0.159947 0.539892 4.85903 80 2 25 10 43718 0 
-158.762 21.117 0.160413 0.539892 4.85903 80 2 25 10 43719 0 
-158.744 21.1171 0.160872 0.539892 4.85903 80 2 25 10 43720 0 
-158.726 21.1171 0.161323 0.539892 4.85903 80 2 25 10 43721 0 
-158.708 21.1172 0.161767 0.539892 4.85903 80 2 25 10 43722 0 
-158.69 21.1172 0.162204 0.539892 4.85903 80 2 25 10 43723 0 
-158.672 21.1173 0.162634 0.539892 4.85903 80 2 25 10 43724 0 
-158.654 21.1173 0.163056 0.539892 4.85903 80 2 25 10 43725 0 
-158.636 21.1174 0.163472 0.539892 4.85903 80 2 25 10 43726 0 
-158.618 21.1174 0.163881 0.539892 4.85903 80 2 25 10 43727 0 
-158.6 21.1175 0.164284 0.539892 4.85903 80 2 25 10 43728 0 
-158.582 21.1175 0.16468 0.539892 4.85903 80 2 25 10 43729 0 
-158.564 21.1176 0.165069 0.539892 4.85903 80 2 25 10 43730 0 
-158.546 21.1176 0.165452 0.539892 4.85903 80 2 25 10 43731 0 
-158.528 21.1177 0.165829 0.539892 4.85903 80 2 25 10 43732 0 
-158.51 21.1177 0.1662 0.539892 4.85903 80 2 25 10 43733 0 
-158.492 21.1178 0.166565 0.539892 4.85903 80 2 25 10 43734 0 
-158.474 21.1178 0.166924 0.539892 4.85903 80 2 25 10 43735 0 
-158.456 21.1179 0.167278 0.539892 4.85903 80 2 25 10 43736 0 
-158.438 21.1179 0.167625 0.539892 4.85903 80 2 25 10 43737 0 
-158.42 21.118 0.167967 0.539892 4.85903 80 2 25 10 43738 0 
-158.402 21.118 0.168304 0.539892 4.85903 80 2 25 10 43739 0 
-158.384 21.1181 0.168635 0.539892 4.85903 80 2 25 10 43740 0 
-158.366 21.1181 0.168961 0.539892 4.85903 80 2 25 10 43741 0 
-158.348 21.1182 0.169281 0.539892 4.85903 80 2 25 10 43742 0 
-158.33 21.1182 0.169597 0.539892 4.85903 80 2 25 10 43743 0 
-158.312 21.1183 0.169907 0.539892 4.85903 80 2 25 10 43744 0 
-158.294 21.1184 0.170213 0.539892 4.85903 80 2 25 10 43745 0 
-158.276 21.1184 0.170513 0.539892 4.85903 80 2 25 10 43746 0 
-158.258 21.1185 0.170809 0.539892 4.85903 80 2 25 10 43747 0 
-158.24 21.1185 0.1711 0.539892 4.85903 80 2 25 10 43748 0 
-158.222 21.1186 0.171386 0.539892 4.85903 80 2 25 10 43749 0 
-158.204 21.1186 0.171668 0.539892 4.85903 80 2 25 10 43750 0 
-158.186 21.1187 0.171945 0.539892 4.85903 80 2 25 10 43751 0 
-158.168 21.1187 0.172218 0.539892 4.85903 80 2 25 10 43752 0 
-158.15 21.1188 0.172486 0.539892 4.85903 80 2 25 10 43753 0 
-158.132 21.1188 0.17275 0.539892 4.85903 80 2 25 10 43754 0 
-158.114 21.1189 0.17301 0.539892 4.85903 80 2 25 10 43755 0 
-158.096 21.1189 0.173266 0.539892 4.85903 80 2 25 10 43756 0 
-158.078 21.119 0.173518 0.539892 4.85903 80 2 25 10 43757 0 
-158.06 21.1191 0.173765 0.539892 4.85903 80 2 25 10 43758 0 
-158.042 21.1191 0.174009 0.539892 4.85903 80 2 25 10 43759 0 
-158.024 21.1192 0.174249 0.539892 4.85903 80 2 25 10 43760 0 
-158.006 21.1192 0.174485 0.539892 4.85903 80 2 25 10 43761 0 
-157.988 21.1193 0.174718 0.539892 4.85903 80 2 25 10 43762 0 
-157.97 21.1193 0.174946 0.539892 4.85903 80 2 25 10 43763 0 
-157.952 21.1194 0.175172 0.539892 4.85903 80 2 25 10 43764 0 
-157.934 21.1194 0.175393 0.539892 4.85903 80 2 25 10 43765 0 
-157.916 21.1195 0.175611 0.539892 4.85903 80 2 25 10 43766 0 
-157.898 21.1196 0.175826 0.539892 4.85903 80 2 25 10 43767 0 
-157.88 21.1196 0.176037 0.539892 4.85903 80 2 25 10 43768 0 
-157.862 21.1197 0.176245 0.539892 4.85903 80 2 25 10 43769 0 
-157.844 21.1197 0.176449 0.539892 4.85903 80 2 25 10 43770 0 
-157.826 21.1198 0.176651 0.539892 4.85903 80 2 25 10 43771 0 
-157.808 21.1198 0.176849 0.539892 4.85903 80 2 25 10 43772 0 
-157.79 21.1199 0.177044 0.539892 4.85903 80 2 25 10 43773 0 
-157.772 21.1199 0.177236 0.539892 4.85903 80 2 25 10 43774 0 
-157.754 21.12 0.177425 0.539892 4.85903 80 2 25 10 43775 0 
-157.736 21.12 0.177611 0.539892 4.85903 80 2 25 10 43776 0 
-157.718 21.1201 0.177795 0.539892 4.85903 80 2 25 10 43777 0 
-157.7 21.1202 0.177975 0.539892 4.85903 80 2 25 10 43778 0 
-157.682 21.1202 0.178153 0.539892 4.85903 80 2 25 10 43779 0 
-157.664 21.1203 0.178327 0.539892 4.85903 80 2 25 10 43780 0 
-157.646 21.1203 0.178499 0.539892 4.85903 80 2 25 10 43781 0 
-157.628 21.1204 0.178669 0.539892 4.85903 80 2 25 10 43782 0 
-157.61 21.1204 0.178836 0.539892 4.85903 80 2 25 10 43783 0 
-157.592 21.1205 0.179 0.539892 4.85903 80 2 25 10 43784 0 
-157.574 21.1205 0.179161 0.539892 4.85903 80 2 25 10 43785 0 
-157.556 21.1206 0.179321 0.539892 4.85903 80 2 25 10 43786 0 
-157.538 21.1207 0.179477 0.539892 4.85903 80 2 25 10 43787 0 
-157.52 21.1207 0.179631 0.539892 4.85903 80 2 25 10 43788 0 
-157.502 21.1208 0.179783 0.539892 4.85903 80 2 25 10 43789 0 
-157.484 21.1208 0.179933 0.539892 4.85903 80 2 25 10 43790 0 
-157.466 21.1209 0.18008 0.539892 4.85903 80 2 25 10 43791 0 
-157.448 21.1209 0.180225 0.539892 4.85903 80 2 25 10 43792 0 
-157.43 21.121 0.180368 0.539892 4.85903 80 2 25 10 43793 0 
-157.412 21.1211 0.180508 0.539892 4.85903 80 2 25 10 43794 0 
-157.394 21.1211 0.180647 0.539892 4.85903 80 2 25 10 43795 0 
-157.376 21.1212 0.180783 0.539892 4.85903 80 2 25 10 43796 0 
-157.358 21.1212 0.180917 0.539892 4.85903 80 2 25 10 43797 0 
-157.34 21.1213 0.18105 0.539892 4.85903 80 2 25 10 43798 0 
-157.322 21.1213 0.18118 0.539892 4.85903 80 2 25 10 43799 0 
-157.304 21.1214 0.181308 0.539892 4.85903 80 2 25 10 43800 0 
-157.286 21.1215 0.181434 0.539892 4.85903 80 2 25 10 43801 0 
-157.268 21.1215 0.181559 0.539892 4.85903 80 2 25 10 43802 0 
-157.25 21.1216 0.181681 0.539892 4.85903 80 2 25 10 43803 0 
-157.232 21.1216 0.181802 0.539892 4.85903 80 2 25 10 43804 0 
-157.214 21.1217 0.181921 0.539892 4.85903 80 2 25 10 43805 0 
-157.196 21.1217 0.182038 0.539892 4.85903 80 2 25 10 43806 0 
-157.178 21.1218 0.182153 0.539892 4.85903 80 2 25 10 43807 0 
-157.16 21.1219 0.182266 0.539892 4.85903 80 2 25 10 43808 0 
-157.142 21.1219 0.182378 0.539892 4.85903 80 2 25 10 43809 0 
-157.124 21.122 0.182489 0.539892 4.85903 80 2 25 10 43810 0 
-157.107 21.122 0.182597 0.539892 4.85903 80 2 25 10 43811 0 
-157.089 21.1221 0.182704 0.539892 4.85903 80 2 25 10 43812 0 
-157.071 21.1221 0.182809 0.539892 4.85903 80 2 25 10 43813 0 
-157.053 21.1222 0.182913 0.539892 4.85903 80 2 25 10 43814 0 
-157.035 21.1223 0.183015 0.539892 4.85903 80 2 25 10 43815 0 
-157.017 21.1223 0.183116 0.539892 4.85903 80 2 25 10 43816 0 
-156.999 21.1224 0.183215 0.539892 4.85903 80 2 25 10 43817 0 
-156.981 21.1224 0.183313 0.539892 4.85903 80 2 25 10 43818 0 
-156.963 21.1225 0.183409 0.539892 4.85903 80 2 25 10 43819 0 
-156.945 21.1225 0.183504 0.539892 4.85903 80 2 25 10 43820 0 
-156.927 21.1226 0.183598 0.539892 4.85903 80 2 25 10 43821 0 
-156.909 21.1227 0.18369 0.539892 4.85903 80 2 25 10 43822 0 
-156.891 21.1227 0.183781 0.539892 4.85903 80 2 25 10 43823 0 
-156.873 21.1228 0.18387 0.539892 4.85903 80 2 25 10 43824 0 
-156.855 21.1228 0.183959 0.539892 4.85903 80 2 25 10 43825 0 
-156.837 21.1229 0.184046 0.539892 4.85903 80 2 25 10 43826 0 
-156.819 21.1229 0.184131 0.539892 4.85903 80 2 25 10 43827 0 
-156.801 21.123 0.184216 0.539892 4.85903 80 2 25 10 43828 0 
-156.783 21.1231 0.184299 0.539892 4.85903 80 2 25 10 43829 0 
-156.765 21.1231 0.184381 0.539892 4.85903 80 2 25 10 43830 0 
-156.747 21.1232 0.184462 0.539892 4.85903 80 2 25 10 43831 0 
-156.729 21.1232 0.184542 0.539892 4.85903 80 2 25 10 43832 0 
-156.711 21.1233 0.18462 0.539892 4.85903 80 2 25 10 43833 0 
-156.693 21.1234 0.184698 0.539892 4.85903 80 2 25 10 43834 0 
-156.675 21.1234 0.184774 0.539892 4.85903 80 2 25 10 43835 0 
-156.657 21.1235 0.18485 0.539892 4.85903 80 2 25 10 43836 0 
-156.639 21.1235 0.184924 0.539892 4.85903 80 2 25 10 43837 0 
-156.621 21.1236 0.184997 0.539892 4.85903 80 2 25 10 43838 0 
-156.603 21.1236 0.185069 0.539892 4.85903 80 2 25 10 43839 0 
-156.585 21.1237 0.18514 0.539892 4.85903 80 2 25 10 43840 0 
-156.567 21.1238 0.185211 0.539892 4.85903 80 2 25 10 43841 0 
-156.549 21.1238 0.18528 0.539892 4.85903 80 2 25 10 43842 0 
-156.531 21.1239 0.185348 0.539892 4.85903 80 2 25 10 43843 0 
-156.513 21.1239 0.185415 0.539892 4.85903 80 2 25 10 43844 0 
-156.495 21.124 0.185482 0.539892 4.85903 80 2 25 10 43845 0 
-156.477 21.124 0.185547 0.539892 4.85903 80 2 25 10 43846 0 
-156.459 21.1241 0.185612 0.539892 4.85903 80 2 25 10 43847 0 
-156.441 21.1242 0.185676 0.539892 4.85903 80 2 25 10 43848 0 
-156.423 21.1242 0.185738 0.539892 4.85903 80 2 25 10 43849 0 
-156.405 21.1243 0.1858 0.539892 4.85903 80 2 25 10 43850 0 
-156.387 21.1243 0.185861 0.539892 4.85903 80 2 25 10 43851 0 
-156.369 21.1244 0.185922 0.539892 4.85903 80 2 25 10 43852 0 
-156.351 21.1245 0.185981 0.539892 4.85903 80 2 25 10 43853 0 
-156.333 21.1245 0.18604 0.539892 4.85903 80 2 25 10 43854 0 
-156.315 21.1246 0.186098 0.539892 4.85903 80 2 25 10 43855 0 
-156.297 21.1246 0.186155 0.539892 4.85903 80 2 25 10 43856 0 
-156.279 21.1247 0.186211 0.539892 4.85903 80 2 25 10 43857 0 
-156.261 21.1248 0.186267 0.539892 4.85903 80 2 25 10 43858 0 
-156.243 21.1248 0.186322 0.539892 4.85903 80 2 25 10 43859 0 
-156.225 21.1249 0.186376 0.539892 4.85903 80 2 25 10 43860 0 
-156.207 21.1249 0.18643 0.539892 4.85903 80 2 25 10 43861 0 
-156.189 21.125 0.186482 0.539892 4.85903 80 2 25 10 43862 0 
-156.171 21.125 0.186534 0.539892 4.85903 80 2 25 10 43863 0 
-156.153 21.1251 0.186586 0.539892 4.85903 80 2 25 10 43864 0 
-156.135 21.1252 0.186637 0.539892 4.85903 80 2 25 10 43865 0 
-156.117 21.1252 0.186687 0.539892 4.85903 80 2 25 10 43866 0 
-156.099 21.1253 0.186736 0.539892 4.85903 80 2 25 10 43867 0 
-156.081 21.1253 0.186785 0.539892 4.85903 80 2 25 10 43868 0 
-156.063 21.1254 0.186833 0.539892 4.85903 80 2 25 10 43869 0 
-156.045 21.1255 0.186881 0.539892 4.85903 80 2 25 10 43870 0 
-156.027 21.1255 0.186928 0.539892 4.85903 80 2 25 10 43871 0 
-156.009 21.1256 0.186974 0.539892 4.85903 80 2 25 10 43872 0 
-155.991 21.1256 0.18702 0.539892 4.85903 80 2 25 10 43873 0 
-155.973 21.1257 0.187065 0.539892 4.85903 80 2 25 10 43874 0 
-155.955 21.1258 0.18711 0.539892 4.85903 80 2 25 10 43875 0 
-155.937 21.1258 0.187154 0.539892 4.85903 80 2 25 10 43876 0 
-155.919 21.1259 0.187198 0.539892 4.85903 80 2 25 10 43877 0 
-155.901 21.1259 0.187241 0.539892 4.85903 80 2 25 10 43878 0 
-155.883 21.126 0.187284 0.539892 4.85903 80 2 25 10 43879 0 
-155.865 21.1261 0.187326 0.539892 4.85903 80 2 25 10 43880 0 
-155.847 21.1261 0.187367 0.539892 4.85903 80 2 25 10 43881 0 
-155.829 21.1262 0.187408 0.539892 4.85903 80 2 25 10 43882 0 
-155.811 21.1262 0.187449 0.539892 4.85903 80 2 25 10 43883 0 
-155.793 21.1263 0.187489 0.539892 4.85903 80 2 25 10 43884 0 
-155.775 21.1264 0.187529 0.539892 4.85903 80 2 25 10 43885 0 
-155.757 21.1264 0.187568 0.539892 4.85903 80 2 25 10 43886 0 
-155.739 21.1265 0.187606 0.539892 4.85903 80 2 25 10 43887 0 
-155.721 21.1265 0.187645 0.539892 4.85903 80 2 25 10 43888 0 
-155.703 21.1266 0.187682 0.539892 4.85903 80 2 25 10 43889 0 
-155.685 21.1266 0.18772 0.539892 4.85903 80 2 25 10 43890 0 
-155.667 21.1267 0.187757 0.539892 4.85903 80 2 25 10 43891 0 
-155.649 21.1268 0.187793 0.539892 4.85903 80 2 25 10 43892 0 
-155.631 21.1268 0.187829 0.539892 4.85903 80 2 25 10 43893 0 
-155.613 21.1269 0.187865 0.539892 4.85903 80 2 25 10 43894 0 
-155.595 21.1269 0.1879 0.539892 4.85903 80 2 25 10 43895 0 
-155.577 21.127 0.187935 0.539892 4.85903 80 2 25 10 43896 0 
-155.559 21.1271 0.18797 0.539892 4.85903 80 2 25 10 43897 0 
-155.541 21.1271 0.188004 0.539892 4.85903 80 2 25 10 43898 0 
-155.523 21.1272 0.188038 0.539892 4.85903 80 2 25 10 43899 0 
-155.505 21.1272 0.188071 0.539892 4.85903 80 2 25 10 43900 0 
-155.487 21.1273 0.188104 0.539892 4.85903 80 2 25 10 43901 0 
-155.469 21.1274 0.188137 0.539892 4.85903 80 2 25 10 43902 0 
-155.451 21.1274 0.188169 0.539892 4.85903 80 2 25 10 43903 0 
-155.433 21.1275 0.188201 0.539892 4.85903 80 2 25 10 43904 0 
-155.415 21.1275 0.188233 0.539892 4.85903 80 2 25 10 43905 0 
-155.397 21.1276 0.188264 0.539892 4.85903 80 2 25 10 43906 0 
-155.379 21.1277 0.188295 0.539892 4.85903 80 2 25 10 43907 0 
-155.361 21.1277 0.188326 0.539892 4.85903 80 2 25 10 43908 0 
-155.343 21.1278 0.188356 0.539892 4.85903 80 2 25 10 43909 0 
-155.325 21.1278 0.188386 0.539892 4.85903 80 2 25 10 43910 0 
-155.307 21.1279 0.188416 0.539892 4.85903 80 2 25 10 43911 0 
-155.29 21.1279 0.188445 0.539892 4.85903 80 2 25 10 43912 0 
-155.272 21.128 0.188474 0.539892 4.85903 80 2 25 10 43913 0 
-155.254 21.1281 0.188503 0.539892 4.85903 80 2 25 10 43914 0 
-155.236 21.1281 0.188532 0.539892 4.85903 80 2 25 10 43915 0 
-155.218 21.1282 0.18856 0.539892 4.85903 80 2 25 10 43916 0 
-155.2 21.1282 0.188588 0.539892 4.85903 80 2 25 10 43917 0 
-155.182 21.1283 0.188616 0.539892 4.85903 80 2 25 10 43918 0 
-155.164 21.1284 0.188643 0.539892 4.85903 80 2 25 10 43919 0 
-155.146 21.1284 0.188671 0.539892 4.85903 80 2 25 10 43920 0 
-155.128 21.1285 0.188698 0.539892 4.85903 80 2 25 10 43921 0 
-155.11 21.1285 0.188724 0.539892 4.85903 80 2 25 10 43922 0 
-155.092 21.1286 0.188751 0.539892 4.85903 80 2 25 10 43923 0 
-155.074 21.1287 0.188777 0.539892 4.85903 80 2 25 10 43924 0 
-155.056 21.1287 0.188803 0.539892 4.85903 80 2 25 10 43925 0 
-155.038 21.1288 0.188829 0.539892 4.85903 80 2 25 10 43926 0 
-155.02 21.1288 0.188854 0.539892 4.85903 80 2 25 10 43927 0 
-155.002 21.1289 0.188879 0.539892 4.85903 80 2 25 10 43928 0 
-154.984 21.129 0.188905 0.539892 4.85903 80 2 25 10 43929 0 
-154.966 21.129 0.188929 0.539892 4.85903 80 2 25 10 43930 0 
-154.948 21.1291 0.188954 0.539892 4.85903 80 2 25 10 43931 0 
-154.93 21.1291 0.188978 0.539892 4.85903 80 2 25 10 43932 0 
-154.912 21.1292 0.189003 0.539892 4.85903 80 2 25 10 43933 0 
-154.894 21.1292 0.189027 0.539892 4.85903 80 2 25 10 43934 0 
-154.876 21.1293 0.18905 0.539892 4.85903 80 2 25 10 43935 0 
-154.858 21.1294 0.189074 0.539892 4.85903 80 2 25 10 43936 0 
-154.84 21.1294 0.189097 0.539892 4.85903 80 2 25 10 43937 0 
-154.822 21.1295 0.18912 0.539892 4.85903 80 2 25 10 43938 0 
-154.804 21.1295 0.189143 0.539892 4.85903 80 2 25 10 43939 0 
-154.786 21.1296 0.189166 0.539892 4.85903 80 2 25 10 43940 0 
-154.768 21.1297 0.189189 0.539892 4.85903 80 2 25 10 43941 0 
-154.75 21.1297 0.189211 0.539892 4.85903 80 2 25 10 43942 0 
-154.732 21.1298 0.189234 0.539892 4.85903 80 2 25 10 43943 0 
-154.714 21.1298 0.189256 0.539892 4.85903 80 2 25 10 43944 0 
-154.696 21.1299 0.189278 0.539892 4.85903 80 2 25 10 43945 0 
-154.678 21.13 0.189299 0.539892 4.85903 80 2 25 10 43946 0 
-154.66 21.13 0.189321 0.539892 4.85903 80 2 25 10 43947 0 
-154.642 21.1301 0.189342 0.539892 4.85903 80 2 25 10 43948 0 
-154.624 21.1301 0.189364 0.539892 4.85903 80 2 25 10 43949 0 
-154.606 21.1302 0.189385 0.539892 4.85903 80 2 25 10 43950 0 
-154.588 21.1303 0.189406 0.539892 4.85903 80 2 25 10 43951 0 
-154.57 21.1303 0.189427 0.539892 4.85903 80 2 25 10 43952 0 
-154.552 21.1304 0.189447 0.539892 4.85903 80 2 25 10 43953 0 
-154.534 21.1304 0.189468 0.539892 4.85903 80 2 25 10 43954 0 
-154.516 21.1305 0.189488 0.539892 4.85903 80 2 25 10 43955 0 
-154.498 21.1305 0.189508 0.539892 4.85903 80 2 25 10 43956 0 
-154.48 21.1306 0.189528 0.539892 4.85903 80 2 25 10 43957 0 
-154.462 21.1307 0.189548 0.539892 4.85903 80 2 25 10 43958 0 
-154.444 21.1307 0.189568 0.539892 4.85903 80 2 25 10 43959 0 
-154.426 21.1308 0.189588 0.539892 4.85903 80 2 25 10 43960 0 
-154.408 21.1308 0.189607 0.539892 4.85903 80 2 25 10 43961 0 
-154.39 21.1309 0.189627 0.539892 4.85903 80 2 25 10 43962 0 
-154.372 21.131 0.189646 0.539892 4.85903 80 2 25 10 43963 0 
-154.354 21.131 0.189665 0.539892 4.85903 80 2 25 10 43964 0 
-154.336 21.1311 0.189684 0.539892 4.85903 80 2 25 10 43965 0 
-154.318 21.1311 0.189703 0.539892 4.85903 80 2 25 10 43966 0 
-154.3 21.1312 0.189722 0.539892 4.85903 80 2 25 10 43967 0 
-154.282 21.1313 0.189741 0.539892 4.85903 80 2 25 10 43968 0 
-154.264 21.1313 0.189759 0.539892 4.85903 80 2 25 10 43969 0 
-154.246 21.1314 0.189778 0.539892 4.85903 80 2 25 10 43970 0 
-154.228 21.1314 0.189796 0.539892 4.85903 80 2 25 10 43971 0 
-154.21 21.1315 0.189814 0.539892 4.85903 80 2 25 10 43972 0 
-154.192 21.1316 0.189833 0.539892 4.85903 80 2 25 10 43973 0 
-154.174 21.1316 0.189851 0.539892 4.85903 80 2 25 10 43974 0 
-154.156 21.1317 0.189869 0.539892 4.85903 80 2 25 10 43975 0 
-154.138 21.1317 0.189886 0.539892 4.85903 80 2 25 10 43976 0 
-154.12 21.1318 0.189904 0.539892 4.85903 80 2 25 10 43977 0 
-154.102 21.1318 0.189922 0.539892 4.85903 80 2 25 10 43978 0 
-154.084 21.1319 0.189939 0.539892 4.85903 80 2 25 10 43979 0 
-154.066 21.132 0.189957 0.539892 4.85903 80 2 25 10 43980 0 
-154.048 21.132 0.189974 0.539892 4.85903 80 2 25 10 43981 0 
-154.03 21.1321 0.189991 0.539892 4.85903 80 2 25 10 43982 0 
-154.012 21.1321 0.190009 0.539892 4.85903 80 2 25 10 43983 0 
-153.994 21.1322 0.190026 0.539892 4.85903 80 2 25 10 43984 0 
-153.976 21.1323 0.190043 0.539892 4.85903 80 2 25 10 43985 0 
-153.958 21.1323 0.19006 0.539892 4.85903 80 2 25 10 43986 0 
-153.94 21.1324 0.190076 0.539892 4.85903 80 2 25 10 43987 0 
-153.922 21.1324 0.190093 0.539892 4.85903 80 2 25 10 43988 0 
-153.904 21.1325 0.19011 0.539892 4.85903 80 2 25 10 43989 0 
-153.886 21.1326 0.190126 0.539892 4.85903 80 2 25 10 43990 0 
-153.868 21.1326 0.190143 0.539892 4.85903 80 2 25 10 43991 0 
-153.85 21.1327 0.190159 0.539892 4.85903 80 2 25 10 43992 0 
-153.832 21.1327 0.190176 0.539892 4.85903 80 2 25 10 43993 0 
-153.814 21.1328 0.190192 0.539892 4.85903 80 2 25 10 43994 0 
-153.796 21.1329 0.190208 0.539892 4.85903 80 2 25 10 43995 0 
-153.778 21.1329 0.190224 0.539892 4.85903 80 2 25 10 43996 0 
-153.76 21.133 0.19024 0.539892 4.85903 80 2 25 10 43997 0 
-153.742 21.133 0.190256 0.539892 4.85903 80 2 25 10 43998 0 
-153.724 21.1331 0.190272 0.539892 4.85903 80 2 25 10 43999 0 
-153.706 21.1332 0.190288 0.539892 4.85903 80 2 25 10 44000 0 
-153.688 21.1332 0.190304 0.539892 4.85903 80 2 25 10 44001 0 
-153.67 21.1333 0.19032 0.539892 4.85903 80 2 25 10 44002 0 
-153.652 21.1333 0.190335 0.539892 4.85903 80 2 25 10 44003 0 
-153.634 21.1334 0.190351 0.539892 4.85903 80 2 25 10 44004 0 
-153.616 21.1334 0.190367 0.539892 4.85903 80 2 25 10 44005 0 
-153.598 21.1335 0.190382 0.539892 4.85903 80 2 25 10 44006 0 
-153.58 21.1336 0.190398 0.539892 4.85903 80 2 25 10 44007 0 
-153.562 21.1336 0.190413 0.539892 4.85903 80 2 25 10 44008 0 
-153.544 21.1337 0.190428 0.539892 4.85903 80 2 25 10 44009 0 
-153.526 21.1337 0.190444 0.539892 4.85903 80 2 25 10 44010 0 
-153.508 21.1338 0.190459 0.539892 4.85903 80 2 25 10 44011 0 
-153.49 21.1339 0.190474 0.539892 4.85903 80 2 25 10 44012 0 
-153.473 21.1339 0.190489 0.539892 4.85903 80 2 25 10 44013 0 
-153.455 21.134 0.190504 0.539892 4.85903 80 2 25 10 44014 0 
-153.437 21.134 0.190519 0.539892 4.85903 80 2 25 10 44015 0 
-153.419 21.1341 0.190534 0.539892 4.85903 80 2 25 10 44016 0 
-153.401 21.1342 0.190549 0.539892 4.85903 80 2 25 10 44017 0 
-153.383 21.1342 0.190564 0.539892 4.85903 80 2 25 10 44018 0 
-153.365 21.1343 0.190578 0.539892 4.85903 80 2 25 10 44019 0 
-153.347 21.1343 0.190593 0.539892 4.85903 80 2 25 10 44020 0 
-153.329 21.1344 0.190608 0.539892 4.85903 80 2 25 10 44021 0 
-153.311 21.1345 0.190623 0.539892 4.85903 80 2 25 10 44022 0 
-153.293 21.1345 0.190637 0.539892 4.85903 80 2 25 10 44023 0 
-153.275 21.1346 0.190652 0.539892 4.85903 80 2 25 10 44024 0 
-153.257 21.1346 0.190666 0.539892 4.85903 80 2 25 10 44025 0 
-153.239 21.1347 0.190681 0.539892 4.85903 80 2 25 10 44026 0 
-153.221 21.1347 0.190695 0.539892 4.85903 80 2 25 10 44027 0 
-153.203 21.1348 0.19071 0.539892 4.85903 80 2 25 10 44028 0 
-153.185 21.1349 0.190724 0.539892 4.85903 80 2 25 10 44029 0 
-153.167 21.1349 0.190738 0.539892 4.85903 80 2 25 10 44030 0 
-153.149 21.135 0.190752 0.539892 4.85903 80 2 25 10 44031 0 
-153.131 21.135 0.190767 0.539892 4.85903 80 2 25 10 44032 0 
-153.113 21.1351 0.190781 0.539892 4.85903 80 2 25 10 44033 0 
-153.095 21.1352 0.190795 0.539892 4.85903 80 2 25 10 44034 0 
-153.077 21.1352 0.190809 0.539892 4.85903 80 2 25 10 44035 0 
-153.059 21.1353 0.190823 0.539892 4.85903 80 2 25 10 44036 0 
-153.041 21.1353 0.190837 0.539892 4.85903 80 2 25 10 44037 0 
-153.023 21.1354 0.190851 0.539892 4.85903 80 2 25 10 44038 0 
-153.005 21.1355 0.190865 0.539892 4.85903 80 2 25 10 44039 0 
-152.987 21.1355 0.190879 0.539892 4.85903 80 2 25 10 44040 0 
-152.969 21.1356 0.190893 0.539892 4.85903 80 2 25 10 44041 0 
-152.951 21.1356 0.190907 0.539892 4.85903 80 2 25 10 44042 0 
-152.933 21.1357 0.190921 0.539892 4.85903 80 2 25 10 44043 0 
-152.915 21.1358 0.190935 0.539892 4.85903 80 2 25 10 44044 0 
-152.897 21.1358 0.190949 0.539892 4.85903 80 2 25 10 44045 0 
-152.879 21.1359 0.190962 0.539892 4.85903 80 2 25 10 44046 0 
-152.861 21.1359 0.190976 0.539892 4.85903 80 2 25 10 44047 0 
-152.843 21.136 0.19099 0.539892 4.85903 80 2 25 10 44048 0 
-152.825 21.136 0.191004 0.539892 4.85903 80 2 25 10 44049 0 
-152.807 21.1361 0.191017 0.539892 4.85903 80 2 25 10 44050 0 
-152.789 21.1362 0.191031 0.539892 4.85903 80 2 25 10 44051 0 
-152.771 21.1362 0.191044 0.539892 4.85903 80 2 25 10 44052 0 
-152.753 21.1363 0.191058 0.539892 4.85903 80 2 25 10 44053 0 
-152.735 21.1363 0.191072 0.539892 4.85903 80 2 25 10 44054 0 
-152.717 21.1364 0.191085 0.539892 4.85903 80 2 25 10 44055 0 
-152.699 21.1365 0.191099 0.539892 4.85903 80 2 25 10 44056 0 
-152.681 21.1365 0.191112 0.539892 4.85903 80 2 25 10 44057 0 
-152.663 21.1366 0.191125 0.539892 4.85903 80 2 25 10 44058 0 
-152.645 21.1366 0.191139 0.539892 4.85903 80 2 25 10 44059 0 
-152.627 21.1367 0.191152 0.539892 4.85903 80 2 25 10 44060 0 
-152.609 21.1368 0.191166 0.539892 4.85903 80 2 25 10 44061 0 
-152.591 21.1368 0.191179 0.539892 4.85903 80 2 25 10 44062 0 
-152.573 21.1369 0.191192 0.539892 4.85903 80 2 25 10 44063 0 
-152.555 21.1369 0.191206 0.539892 4.85903 80 2 25 10 44064 0 
-152.537 21.137 0.191219 0.539892 4.85903 80 2 25 10 44065 0 
-152.519 21.1371 0.191232 0.539892 4.85903 80 2 25 10 44066 0 
-152.501 21.1371 0.191245 0.539892 4.85903 80 2 25 10 44067 0 
-152.483 21.1372 0.191259 0.539892 4.85903 80 2 25 10 44068 0 
-152.465 21.1372 0.191272 0.539892 4.85903 80 2 25 10 44069 0 
-152.447 21.1373 0.191285 0.539892 4.85903 80 2 25 10 44070 0 
-152.429 21.1374 0.191298 0.539892 4.85903 80 2 25 10 44071 0 
-152.411 21.1374 0.191311 0.539892 4.85903 80 2 25 10 44072 0 
-152.393 21.1375 0.191325 0.539892 4.85903 80 2 25 10 44073 0 
-152.375 21.1375 0.191338 0.539892 4.85903 80 2 25 10 44074 0 
-152.357 21.1376 0.191351 0.539892 4.85903 80 2 25 10 44075 0 
-152.339 21.1377 0.191364 0.539892 4.85903 80 2 25 10 44076 0 
-152.321 21.1377 0.191377 0.539892 4.85903 80 2 25 10 44077 0 
-152.303 21.1378 0.19139 0.539892 4.85903 80 2 25 10 44078 0 
-152.285 21.1378 0.191403 0.539892 4.85903 80 2 25 10 44079 0 
-152.267 21.1379 0.191416 0.539892 4.85903 80 2 25 10 44080 0 
-152.249 21.138 0.191429 0.539892 4.85903 80 2 25 10 44081 0 
-152.231 21.138 0.191442 0.539892 4.85903 80 2 25 10 44082 0 
-152.213 21.1381 0.191455 0.539892 4.85903 80 2 25 10 44083 0 
-152.195 21.1381 0.191468 0.539892 4.85903 80 2 25 10 44084 0 
-152.177 21.1382 0.191481 0.539892 4.85903 80 2 25 10 44085 0 
-152.159 21.1383 0.191494 0.539892 4.85903 80 2 25 10 44086 0 
-152.141 21.1383 0.191507 0.539892 4.85903 80 2 25 10 44087 0 
-152.123 21.1384 0.191519 0.539892 4.85903 80 2 25 10 44088 0 
-152.105 21.1384 0.191532 0.539892 4.85903 80 2 25 10 44089 0 
-152.087 21.1385 0.191545 0.539892 4.85903 80 2 25 10 44090 0 
-152.069 21.1386 0.191558 0.539892 4.85903 80 2 25 10 44091 0 
-152.051 21.1386 0.191571 0.539892 4.85903 80 2 25 10 44092 0 
-152.033 21.1387 0.191584 0.539892 4.85903 80 2 25 10 44093 0 
-152.015 21.1388 0.191596 0.539892 4.85903 80 2 25 10 44094 0 
-151.997 21.1388 0.191609 0.539892 4.85903 80 2 25 10 44095 0 
-151.979 21.1389 0.191622 0.539892 4.85903 80 2 25 10 44096 0 
-151.961 21.1389 0.191635 0.539892 4.85903 80 2 25 10 44097 0 
-151.943 21.139 0.191647 0.539892 4.85903 80 2 25 10 44098 0 
-151.925 21.1391 0.19166 0.539892 4.85903 80 2 25 10 44099 0 
-151.907 21.1391 0.191673 0.539892 4.85903 80 2 25 10 44100 0 
-151.889 21.1392 0.191686 0.539892 4.85903 80 2 25 10 44101 0 
-151.871 21.1392 0.191698 0.539892 4.85903 80 2 25 10 44102 0 
-151.853 21.1393 0.191711 0.539892 4.85903 80 2 25 10 44103 0 
-151.835 21.1394 0.191724 0.539892 4.85903 80 2 25 10 44104 0 
-151.817 21.1394 0.191736 0.539892 4.85903 80 2 25 10 44105 0 
-151.799 21.1395 0.191749 0.539892 4.85903 80 2 25 10 44106 0 
-151.781 21.1395 0.191762 0.539892 4.85903 80 2 25 10 44107 0 
-151.763 21.1396 0.191774 0.539892 4.85903 80 2 25 10 44108 0 
-151.745 21.1397 0.191787 0.539892 4.85903 80 2 25 10 44109 0 
-151.727 21.1397 0.191799 0.539892 4.85903 80 2 25 10 44110 0 
-151.709 21.1398 0.191812 0.539892 4.85903 80 2 25 10 44111 0 
-151.691 21.1399 0.191825 0.539892 4.85903 80 2 25 10 44112 0 
-151.673 21.1399 0.191837 0.539892 4.85903 80 2 25 10 44113 0 
-151.656 21.14 0.19185 0.539892 4.85903 80 2 25 10 44114 0 
-151.638 21.14 0.191862 0.539892 4.85903 80 2 25 10 44115 0 
-151.62 21.1401 0.191875 0.539892 4.85903 80 2 25 10 44116 0 
-151.602 21.1402 0.191887 0.539892 4.85903 80 2 25 10 44117 0 
-151.584 21.1402 0.1919 0.539892 4.85903 80 2 25 10 44118 0 
-151.566 21.1403 0.191913 0.539892 4.85903 80 2 25 10 44119 0 
-151.548 21.1403 0.191925 0.539892 4.85903 80 2 25 10 44120 0 
-151.53 21.1404 0.191938 0.539892 4.85903 80 2 25 10 44121 0 
-151.512 21.1405 0.19195 0.539892 4.85903 80 2 25 10 44122 0 
-151.494 21.1405 0.191963 0.539892 4.85903 80 2 25 10 44123 0 
-151.476 21.1406 0.191975 0.539892 4.85903 80 2 25 10 44124 0 
-151.458 21.1406 0.191988 0.539892 4.85903 80 2 25 10 44125 0 
-151.44 21.1407 0.192 0.539892 4.85903 80 2 25 10 44126 0 
-151.422 21.1408 0.192012 0.539892 4.85903 80 2 25 10 44127 0 
-151.404 21.1408 0.192025 0.539892 4.85903 80 2 25 10 44128 0 
-151.386 21.1409 0.192037 0.539892 4.85903 80 2 25 10 44129 0 
-151.368 21.141 0.19205 0.539892 4.85903 80 2 25 10 44130 0 
-151.35 21.141 0.192062 0.539892 4.85903 80 2 25 10 44131 0 
-151.332 21.1411 0.192075 0.539892 4.85903 80 2 25 10 44132 0 
-151.314 21.1411 0.192087 0.539892 4.85903 80 2 25 10 44133 0 
-151.296 21.1412 0.1921 0.539892 4.85903 80 2 25 10 44134 0 
-151.278 21.1413 0.192112 0.539892 4.85903 80 2 25 10 44135 0 
-151.26 21.1413 0.192124 0.539892 4.85903 80 2 25 10 44136 0 
-151.242 21.1414 0.192137 0.539892 4.85903 80 2 25 10 44137 0 
-151.224 21.1414 0.192149 0.539892 4.85903 80 2 25 10 44138 0 
-151.206 21.1415 0.192162 0.539892 4.85903 80 2 25 10 44139 0 
-151.188 21.1416 0.192174 0.539892 4.85903 80 2 25 10 44140 0 
-151.17 21.1416 0.192186 0.539892 4.85903 80 2 25 10 44141 0 
-151.152 21.1417 0.192199 0.539892 4.85903 80 2 25 10 44142 0 
-151.134 21.1417 0.192211 0.539892 4.85903 80 2 25 10 44143 0 
-151.116 21.1418 0.192224 0.539892 4.85903 80 2 25 10 44144 0 
-151.098 21.1419 0.192236 0.539892 4.85903 80 2 25 10 44145 0 
-151.08 21.1419 0.192248 0.539892 4.85903 80 2 25 10 44146 0 
-151.062 21.142 0.192261 0.539892 4.85903 80 2 25 10 44147 0 
-151.044 21.142 0.192273 0.539892 4.85903 80 2 25 10 44148 0 
-151.026 21.1421 0.192285 0.539892 4.85903 80 2 25 10 44149 0 
-151.008 21.1422 0.192298 0.539892 4.85903 80 2 25 10 44150 0 
-150.99 21.1422 0.19231 0.539892 4.85903 80 2 25 10 44151 0 
-150.972 21.1423 0.192322 0.539892 4.85903 80 2 25 10 44152 0 
-150.954 21.1424 0.192335 0.539892 4.85903 80 2 25 10 44153 0 
-150.936 21.1424 0.192347 0.539892 4.85903 80 2 25 10 44154 0 
-150.918 21.1425 0.192359 0.539892 4.85903 80 2 25 10 44155 0 
-150.9 21.1425 0.192372 0.539892 4.85903 80 2 25 10 44156 0 
-150.882 21.1426 0.192384 0.539892 4.85903 80 2 25 10 44157 0 
-150.864 21.1427 0.192396 0.539892 4.85903 80 2 25 10 44158 0 
-150.846 21.1427 0.192409 0.539892 4.85903 80 2 25 10 44159 0 
-150.828 21.1428 0.192421 0.539892 4.85903 80 2 25 10 44160 0 
-150.81 21.1428 0.192433 0.539892 4.85903 80 2 25 10 44161 0 
-150.792 21.1429 0.192446 0.539892 4.85903 80 2 25 10 44162 0 
-150.774 21.143 0.192458 0.539892 4.85903 80 2 25 10 44163 0 
-150.756 21.143 0.19247 0.539892 4.85903 80 2 25 10 44164 0 
-150.738 21.1431 0.192482 0.539892 4.85903 80 2 25 10 44165 0 
-150.72 21.1431 0.192495 0.539892 4.85903 80 2 25 10 44166 0 
-150.702 21.1432 0.192507 0.539892 4.85903 80 2 25 10 44167 0 
-150.684 21.1433 0.192519 0.539892 4.85903 80 2 25 10 44168 0 
-150.666 21.1433 0.192532 0.539892 4.85903 80 2 25 10 44169 0 
-150.648 21.1434 0.192544 0.539892 4.85903 80 2 25 10 44170 0 
-150.63 21.1435 0.192556 0.539892 4.85903 80 2 25 10 44171 0 
-150.612 21.1435 0.192568 0.539892 4.85903 80 2 25 10 44172 0 
-150.594 21.1436 0.192581 0.539892 4.85903 80 2 25 10 44173 0 
-150.576 21.1436 0.192593 0.539892 4.85903 80 2 25 10 44174 0 
-150.558 21.1437 0.192605 0.539892 4.85903 80 2 25 10 44175 0 
-150.54 21.1438 0.192618 0.539892 4.85903 80 2 25 10 44176 0 
-150.522 21.1438 0.19263 0.539892 4.85903 80 2 25 10 44177 0 
-150.504 21.1439 0.192642 0.539892 4.85903 80 2 25 10 44178 0 
-150.486 21.1439 0.192654 0.539892 4.85903 80 2 25 10 44179 0 
-150.468 21.144 0.192667 0.539892 4.85903 80 2 25 10 44180 0 
-150.45 21.1441 0.192679 0.539892 4.85903 80 2 25 10 44181 0 
-150.432 21.1441 0.192691 0.539892 4.85903 80 2 25 10 44182 0 
-150.414 21.1442 0.192703 0.539892 4.85903 80 2 25 10 44183 0 
-150.396 21.1442 0.192716 0.539892 4.85903 80 2 25 10 44184 0 
-150.378 21.1443 0.192728 0.539892 4.85903 80 2 25 10 44185 0 
-150.36 21.1444 0.19274 0.539892 4.85903 80 2 25 10 44186 0 
-150.342 21.1444 0.192752 0.539892 4.85903 80 2 25 10 44187 0 
-150.324 21.1445 0.192765 0.539892 4.85903 80 2 25 10 44188 0 
-150.306 21.1446 0.192777 0.539892 4.85903 80 2 25 10 44189 0 
-150.288 21.1446 0.192789 0.539892 4.85903 80 2 25 10 44190 0 
-150.27 21.1447 0.192801 0.539892 4.85903 80 2 25 10 44191 0 
-150.252 21.1447 0.192814 0.539892 4.85903 80 2 25 10 44192 0 
-150.234 21.1448 0.192826 0.539892 4.85903 80 2 25 10 44193 0 
-150.216 21.1449 0.192838 0.539892 4.85903 80 2 25 10 44194 0 
-150.198 21.1449 0.19285 0.539892 4.85903 80 2 25 10 44195 0 
-150.18 21.145 0.192863 0.539892 4.85903 80 2 25 10 44196 0 
-150.162 21.145 0.192875 0.539892 4.85903 80 2 25 10 44197 0 
-150.144 21.1451 0.192887 0.539892 4.85903 80 2 25 10 44198 0 
-150.126 21.1452 0.192899 0.539892 4.85903 80 2 25 10 44199 0 
-150.108 21.1452 0.192912 0.539892 4.85903 80 2 25 10 44200 0 
-150.09 21.1453 0.192924 0.539892 4.85903 80 2 25 10 44201 0 
-150.072 21.1453 0.192936 0.539892 4.85903 80 2 25 10 44202 0 
-150.054 21.1454 0.192948 0.539892 4.85903 80 2 25 10 44203 0 
-150.036 21.1455 0.192961 0.539892 4.85903 80 2 25 10 44204 0 
-150.018 21.1455 0.192973 0.539892 4.85903 80 2 25 10 44205 0 
-150 21.1456 0.192985 0.539892 4.85903 80 2 25 10 44206 0 
-149.982 21.1457 0.192997 0.539892 4.85903 80 2 25 10 44207 0 
-149.964 21.1457 0.19301 0.539892 4.85903 80 2 25 10 44208 0 
-149.946 21.1458 0.193022 0.539892 4.85903 80 2 25 10 44209 0 
-149.928 21.1458 0.193034 0.539892 4.85903 80 2 25 10 44210 0 
-149.91 21.1459 0.193046 0.539892 4.85903 80 2 25 10 44211 0 
-149.892 21.146 0.193059 0.539892 4.85903 80 2 25 10 44212 0 
-149.874 21.146 0.193071 0.539892 4.85903 80 2 25 10 44213 0 
-149.856 21.1461 0.193083 0.539892 4.85903 80 2 25 10 44214 0 
-149.839 21.1461 0.193095 0.539892 4.85903 80 2 25 10 44215 0 
-149.821 21.1462 0.193107 0.539892 4.85903 80 2 25 10 44216 0 
-149.803 21.1463 0.19312 0.539892 4.85903 80 2 25 10 44217 0 
-149.785 21.1463 0.193132 0.539892 4.85903 80 2 25 10 44218 0 
-149.767 21.1464 0.193144 0.539892 4.85903 80 2 25 10 44219 0 
-149.749 21.1464 0.193156 0.539892 4.85903 80 2 25 10 44220 0 
-149.731 21.1465 0.193169 0.539892 4.85903 80 2 25 10 44221 0 
-149.713 21.1466 0.193181 0.539892 4.85903 80 2 25 10 44222 0 
-149.695 21.1466 0.193193 0.539892 4.85903 80 2 25 10 44223 0 
-149.677 21.1467 0.193205 0.539892 4.85903 80 2 25 10 44224 0 
-149.659 21.1467 0.193218 0.539892 4.85903 80 2 25 10 44225 0 
-149.641 21.1468 0.19323 0.539892 4.85903 80 2 25 10 44226 0 
-149.623 21.1469 0.193242 0.539892 4.85903 80 2 25 10 44227 0 
-149.605 21.1469 0.193254 0.539892 4.85903 80 2 25 10 44228 0 
-149.587 21.147 0.193266 0.539892 4.85903 80 2 25 10 44229 0 
-149.569 21.1471 0.193279 0.539892 4.85903 80 2 25 10 44230 0 
-149.551 21.1471 0.193291 0.539892 4.85903 80 2 25 10 44231 0 
-149.533 21.1472 0.193303 0.539892 4.85903 80 2 25 10 44232 0 
-149.515 21.1472 0.193315 0.539892 4.85903 80 2 25 10 44233 0 
-149.497 21.1473 0.193328 0.539892 4.85903 80 2 25 10 44234 0 
-149.479 21.1474 0.19334 0.539892 4.85903 80 2 25 10 44235 0 
-149.461 21.1474 0.193352 0.539892 4.85903 80 2 25 10 44236 0 
-149.443 21.1475 0.193364 0.539892 4.85903 80 2 25 10 44237 0 
-149.425 21.1475 0.193377 0.539892 4.85903 80 2 25 10 44238 0 
-149.407 21.1476 0.193389 0.539892 4.85903 80 2 25 10 44239 0 
-149.389 21.1477 0.193401 0.539892 4.85903 80 2 25 10 44240 0 
-149.371 21.1477 0.193413 0.539892 4.85903 80 2 25 10 44241 0 
-149.353 21.1478 0.193426 0.539892 4.85903 80 2 25 10 44242 0 
-149.335 21.1478 0.193438 0.539892 4.85903 80 2 25 10 44243 0 
-149.317 21.1479 0.19345 0.539892 4.85903 80 2 25 10 44244 0 
-149.299 21.148 0.193462 0.539892 4.85903 80 2 25 10 44245 0 
-149.281 21.148 0.193475 0.539892 4.85903 80 2 25 10 44246 0 
-149.263 21.1481 0.193487 0.539892 4.85903 80 2 25 10 44247 0 
-149.245 21.1482 0.193499 0.539892 4.85903 80 2 25 10 44248 0 
-149.227 21.1482 0.193511 0.539892 4.85903 80 2 25 10 44249 0 
-149.209 21.1483 0.193524 0.539892 4.85903 80 2 25 10 44250 0 
-149.191 21.1483 0.193536 0.539892 4.85903 80 2 25 10 44251 0 
-149.173 21.1484 0.193548 0.539892 4.85903 80 2 25 10 44252 0 
-149.155 21.1485 0.19356 0.539892 4.85903 80 2 25 10 44253 0 
-149.137 21.1485 0.193573 0.539892 4.85903 80 2 25 10 44254 0 
-149.119 21.1486 0.193585 0.539892 4.85903 80 2 25 10 44255 0 
-149.101 21.1486 0.193597 0.539892 4.85903 80 2 25 10 44256 0 
-149.083 21.1487 0.19361 0.539892 4.85903 80 2 25 10 44257 0 
-149.065 21.1488 0.193622 0.539892 4.85903 80 2 25 10 44258 0 
-149.047 21.1488 0.193634 0.539892 4.85903 80 2 25 10 44259 0 
-149.029 21.1489 0.193646 0.539892 4.85903 80 2 25 10 44260 0 
-149.011 21.1489 0.193659 0.539892 4.85903 80 2 25 10 44261 0 
-148.993 21.149 0.193671 0.539892 4.85903 80 2 25 10 44262 0 
-148.975 21.1491 0.193683 0.539892 4.85903 80 2 25 10 44263 0 
-148.957 21.1491 0.193695 0.539892 4.85903 80 2 25 10 44264 0 
-148.939 21.1492 0.193708 0.539892 4.85903 80 2 25 10 44265 0 
-148.921 21.1493 0.19372 0.539892 4.85903 80 2 25 10 44266 0 
-148.903 21.1493 0.193732 0.539892 4.85903 80 2 25 10 44267 0 
-148.885 21.1494 0.193744 0.539892 4.85903 80 2 25 10 44268 0 
-148.867 21.1494 0.193757 0.539892 4.85903 80 2 25 10 44269 0 
-148.849 21.1495 0.193769 0.539892 4.85903 80 2 25 10 44270 0 
-148.831 21.1496 0.193781 0.539892 4.85903 80 2 25 10 44271 0 
-148.813 21.1496 0.193794 0.539892 4.85903 80 2 25 10 44272 0 
-148.795 21.1497 0.193806 0.539892 4.85903 80 2 25 10 44273 0 
-148.777 21.1497 0.193818 0.539892 4.85903 80 2 25 10 44274 0 
-148.759 21.1498 0.19383 0.539892 4.85903 80 2 25 10 44275 0 
-148.741 21.1499 0.193843 0.539892 4.85903 80 2 25 10 44276 0 
-148.723 21.1499 0.193855 0.539892 4.85903 80 2 25 10 44277 0 
-148.705 21.15 0.193867 0.539892 4.85903 80 2 25 10 44278 0 
-148.687 21.15 0.193879 0.539892 4.85903 80 2 25 10 44279 0 
-148.669 21.1501 0.193892 0.539892 4.85903 80 2 25 10 44280 0 
-148.651 21.1502 0.193904 0.539892 4.85903 80 2 25 10 44281 0 
-148.633 21.1502 0.193916 0.539892 4.85903 80 2 25 10 44282 0 
-148.615 21.1503 0.193929 0.539892 4.85903 80 2 25 10 44283 0 
-148.597 21.1504 0.193941 0.539892 4.85903 80 2 25 10 44284 0 
-148.579 21.1504 0.193953 0.539892 4.85903 80 2 25 10 44285 0 
-148.561 21.1505 0.193965 0.539892 4.85903 80 2 25 10 44286 0 
-148.543 21.1505 0.193978 0.539892 4.85903 80 2 25 10 44287 0 
-148.525 21.1506 0.19399 0.539892 4.85903 80 2 25 10 44288 0 
-148.507 21.1507 0.194002 0.539892 4.85903 80 2 25 10 44289 0 
-148.489 21.1507 0.194015 0.539892 4.85903 80 2 25 10 44290 0 
-148.471 21.1508 0.194027 0.539892 4.85903 80 2 25 10 44291 0 
-148.453 21.1508 0.194039 0.539892 4.85903 80 2 25 10 44292 0 
-148.435 21.1509 0.194052 0.539892 4.85903 80 2 25 10 44293 0 
-148.417 21.151 0.194064 0.539892 4.85903 80 2 25 10 44294 0 
-148.399 21.151 0.194076 0.539892 4.85903 80 2 25 10 44295 0 
-148.381 21.1511 0.194088 0.539892 4.85903 80 2 25 10 44296 0 
-148.363 21.1511 0.194101 0.539892 4.85903 80 2 25 10 44297 0 
-148.345 21.1512 0.194113 0.539892 4.85903 80 2 25 10 44298 0 
-148.327 21.1513 0.194125 0.539892 4.85903 80 2 25 10 44299 0 
-148.309 21.1513 0.194138 0.539892 4.85903 80 2 25 10 44300 0 
-148.291 21.1514 0.19415 0.539892 4.85903 80 2 25 10 44301 0 
-148.273 21.1514 0.194162 0.539892 4.85903 80 2 25 10 44302 0 
-148.255 21.1515 0.194175 0.539892 4.85903 80 2 25 10 44303 0 
-148.237 21.1516 0.194187 0.539892 4.85903 80 2 25 10 44304 0 
-148.219 21.1516 0.194199 0.539892 4.85903 80 2 25 10 44305 0 
-148.201 21.1517 0.194212 0.539892 4.85903 80 2 25 10 44306 0 
-148.183 21.1518 0.194224 0.539892 4.85903 80 2 25 10 44307 0 
-148.165 21.1518 0.194236 0.539892 4.85903 80 2 25 10 44308 0 
-148.147 21.1519 0.194249 0.539892 4.85903 80 2 25 10 44309 0 
-148.129 21.1519 0.194261 0.539892 4.85903 80 2 25 10 44310 0 
-148.111 21.152 0.194273 0.539892 4.85903 80 2 25 10 44311 0 
-148.093 21.1521 0.194286 0.539892 4.85903 80 2 25 10 44312 0 
-148.075 21.1521 0.194298 0.539892 4.85903 80 2 25 10 44313 0 
-148.057 21.1522 0.19431 0.539892 4.85903 80 2 25 10 44314 0 
-148.039 21.1522 0.194323 0.539892 4.85903 80 2 25 10 44315 0 
-148.021 21.1523 0.194335 0.539892 4.85903 80 2 25 10 44316 0 
-148.004 21.1524 0.194347 0.539892 4.85903 80 2 25 10 44317 0 
-147.986 21.1524 0.19436 0.539892 4.85903 80 2 25 10 44318 0 
-147.968 21.1525 0.194372 0.539892 4.85903 80 2 25 10 44319 0 
-147.95 21.1525 0.194384 0.539892 4.85903 80 2 25 10 44320 0 
-147.932 21.1526 0.194397 0.539892 4.85903 80 2 25 10 44321 0 
-147.914 21.1527 0.194409 0.539892 4.85903 80 2 25 10 44322 0 
-147.896 21.1527 0.194421 0.539892 4.85903 80 2 25 10 44323 0 
-147.878 21.1528 0.194434 0.539892 4.85903 80 2 25 10 44324 0 
-147.86 21.1529 0.194446 0.539892 4.85903 80 2 25 10 44325 0 
-147.842 21.1529 0.194458 0.539892 4.85903 80 2 25 10 44326 0 
-147.824 21.153 0.194471 0.539892 4.85903 80 2 25 10 44327 0 
-147.806 21.153 0.194483 0.539892 4.85903 80 2 25 10 44328 0 
-147.788 21.1531 0.194495 0.539892 4.85903 80 2 25 10 44329 0 
-147.77 21.1532 0.194508 0.539892 4.85903 80 2 25 10 44330 0 
-147.752 21.1532 0.19452 0.539892 4.85903 80 2 25 10 44331 0 
-147.734 21.1533 0.194533 0.539892 4.85903 80 2 25 10 44332 0 
-147.716 21.1533 0.194545 0.539892 4.85903 80 2 25 10 44333 0 
-147.698 21.1534 0.194557 0.539892 4.85903 80 2 25 10 44334 0 
-147.68 21.1535 0.19457 0.539892 4.85903 80 2 25 10 44335 0 
-147.662 21.1535 0.194582 0.539892 4.85903 80 2 25 10 44336 0 
-147.644 21.1536 0.194594 0.539892 4.85903 80 2 25 10 44337 0 
-147.626 21.1536 0.194607 0.539892 4.85903 80 2 25 10 44338 0 
-147.608 21.1537 0.194619 0.539892 4.85903 80 2 25 10 44339 0 
-147.59 21.1538 0.194631 0.539892 4.85903 80 2 25 10 44340 0 
-147.572 21.1538 0.194644 0.539892 4.85903 80 2 25 10 44341 0 
-147.554 21.1539 0.194656 0.539892 4.85903 80 2 25 10 44342 0 
-147.536 21.154 0.194669 0.539892 4.85903 80 2 25 10 44343 0 
-147.518 21.154 0.194681 0.539892 4.85903 80 2 25 10 44344 0 
-147.5 21.1541 0.194693 0.539892 4.85903 80 2 25 10 44345 0 
-147.482 21.1541 0.194706 0.539892 4.85903 80 2 25 10 44346 0 
-147.464 21.1542 0.194718 0.539892 4.85903 80 2 25 10 44347 0 
-147.446 21.1543 0.194731 0.539892 4.85903 80 2 25 10 44348 0 
-147.428 21.1543 0.194743 0.539892 4.85903 80 2 25 10 44349 0 
-147.41 21.1544 0.194755 0.539892 4.85903 80 2 25 10 44350 0 
-147.392 21.1544 0.194768 0.539892 4.85903 80 2 25 10 44351 0 
-147.374 21.1545 0.19478 0.539892 4.85903 80 2 25 10 44352 0 
-147.356 21.1546 0.194793 0.539892 4.85903 80 2 25 10 44353 0 
-147.338 21.1546 0.194805 0.539892 4.85903 80 2 25 10 44354 0 
-147.32 21.1547 0.194817 0.539892 4.85903 80 2 25 10 44355 0 
-147.302 21.1547 0.19483 0.539892 4.85903 80 2 25 10 44356 0 
-147.284 21.1548 0.194842 0.539892 4.85903 80 2 25 10 44357 0 
-147.266 21.1549 0.194855 0.539892 4.85903 80 2 25 10 44358 0 
-147.248 21.1549 0.194867 0.539892 4.85903 80 2 25 10 44359 0 
-147.23 21.155 0.194879 0.539892 4.85903 80 2 25 10 44360 0 
-147.212 21.1551 0.194892 0.539892 4.85903 80 2 25 10 44361 0 
-147.194 21.1551 0.194904 0.539892 4.85903 80 2 25 10 44362 0 
-147.176 21.1552 0.194917 0.539892 4.85903 80 2 25 10 44363 0 
-147.158 21.1552 0.194929 0.539892 4.85903 80 2 25 10 44364 0 
-147.14 21.1553 0.194941 0.539892 4.85903 80 2 25 10 44365 0 
-147.122 21.1554 0.194954 0.539892 4.85903 80 2 25 10 44366 0 
-147.104 21.1554 0.194966 0.539892 4.85903 80 2 25 10 44367 0 
-147.086 21.1555 0.194979 0.539892 4.85903 80 2 25 10 44368 0 
-147.068 21.1555 0.194991 0.539892 4.85903 80 2 25 10 44369 0 
-147.05 21.1556 0.195004 0.539892 4.85903 80 2 25 10 44370 0 
-147.032 21.1557 0.195016 0.539892 4.85903 80 2 25 10 44371 0 
-147.014 21.1557 0.195028 0.539892 4.85903 80 2 25 10 44372 0 
-146.996 21.1558 0.195041 0.539892 4.85903 80 2 25 10 44373 0 
-146.978 21.1558 0.195053 0.539892 4.85903 80 2 25 10 44374 0 
-146.96 21.1559 0.195066 0.539892 4.85903 80 2 25 10 44375 0 
-146.942 21.156 0.195078 0.539892 4.85903 80 2 25 10 44376 0 
-146.924 21.156 0.195091 0.539892 4.85903 80 2 25 10 44377 0 
-146.906 21.1561 0.195103 0.539892 4.85903 80 2 25 10 44378 0 
-146.888 21.1561 0.195116 0.539892 4.85903 80 2 25 10 44379 0 
-146.87 21.1562 0.195128 0.539892 4.85903 80 2 25 10 44380 0 
-146.852 21.1563 0.19514 0.539892 4.85903 80 2 25 10 44381 0 
-146.834 21.1563 0.195153 0.539892 4.85903 80 2 25 10 44382 0 
-146.816 21.1564 0.195165 0.539892 4.85903 80 2 25 10 44383 0 
-146.798 21.1565 0.195178 0.539892 4.85903 80 2 25 10 44384 0 
-146.78 21.1565 0.19519 0.539892 4.85903 80 2 25 10 44385 0 
-146.762 21.1566 0.195203 0.539892 4.85903 80 2 25 10 44386 0 
-146.744 21.1566 0.195215 0.539892 4.85903 80 2 25 10 44387 0 
-146.726 21.1567 0.195228 0.539892 4.85903 80 2 25 10 44388 0 
-146.708 21.1568 0.19524 0.539892 4.85903 80 2 25 10 44389 0 
-146.69 21.1568 0.195253 0.539892 4.85903 80 2 25 10 44390 0 
-146.672 21.1569 0.195265 0.539892 4.85903 80 2 25 10 44391 0 
-146.654 21.1569 0.195277 0.539892 4.85903 80 2 25 10 44392 0 
-146.636 21.157 0.19529 0.539892 4.85903 80 2 25 10 44393 0 
-146.618 21.1571 0.195302 0.539892 4.85903 80 2 25 10 44394 0 
-146.6 21.1571 0.195315 0.539892 4.85903 80 2 25 10 44395 0 
-146.582 21.1572 0.195327 0.539892 4.85903 80 2 25 10 44396 0 
-146.564 21.1572 0.19534 0.539892 4.85903 80 2 25 10 44397 0 
-146.546 21.1573 0.195352 0.539892 4.85903 80 2 25 10 44398 0 
-146.528 21.1574 0.195365 0.539892 4.85903 80 2 25 10 44399 0 
-146.51 21.1574 0.195377 0.539892 4.85903 80 2 25 10 44400 0 
-146.492 21.1575 0.19539 0.539892 4.85903 80 2 25 10 44401 0 
-146.474 21.1576 0.195402 0.539892 4.85903 80 2 25 10 44402 0 
-146.456 21.1576 0.195415 0.539892 4.85903 80 2 25 10 44403 0 
-146.438 21.1577 0.195427 0.539892 4.85903 80 2 25 10 44404 0 
-146.42 21.1577 0.19544 0.539892 4.85903 80 2 25 10 44405 0 
-146.402 21.1578 0.195452 0.539892 4.85903 80 2 25 10 44406 0 
-146.384 21.1579 0.195465 0.539892 4.85903 80 2 25 10 44407 0 
-146.366 21.1579 0.195477 0.539892 4.85903 80 2 25 10 44408 0 
-146.348 21.158 0.19549 0.539892 4.85903 80 2 25 10 44409 0 
-146.33 21.158 0.195502 0.539892 4.85903 80 2 25 10 44410 0 
-146.312 21.1581 0.195515 0.539892 4.85903 80 2 25 10 44411 0 
-146.294 21.1582 0.195527 0.539892 4.85903 80 2 25 10 44412 0 
-146.276 21.1582 0.19554 0.539892 4.85903 80 2 25 10 44413 0 
-146.258 21.1583 0.195552 0.539892 4.85903 80 2 25 10 44414 0 
-146.24 21.1583 0.195565 0.539892 4.85903 80 2 25 10 44415 0 
-146.222 21.1584 0.195577 0.539892 4.85903 80 2 25 10 44416 0 
-146.204 21.1585 0.19559 0.539892 4.85903 80 2 25 10 44417 0 
-146.187 21.1585 0.195602 0.539892 4.85903 80 2 25 10 44418 0 
-146.169 21.1586 0.195615 0.539892 4.85903 80 2 25 10 44419 0 
-146.151 21.1587 0.195627 0.539892 4.85903 80 2 25 10 44420 0 
-146.133 21.1587 0.19564 0.539892 4.85903 80 2 25 10 44421 0 
-146.115 21.1588 0.195652 0.539892 4.85903 80 2 25 10 44422 0 
-146.097 21.1588 0.195665 0.539892 4.85903 80 2 25 10 44423 0 
-146.079 21.1589 0.195678 0.539892 4.85903 80 2 25 10 44424 0 
-146.061 21.159 0.19569 0.539892 4.85903 80 2 25 10 44425 0 
-146.043 21.159 0.195703 0.539892 4.85903 80 2 25 10 44426 0 
-146.025 21.1591 0.195715 0.539892 4.85903 80 2 25 10 44427 0 
-146.007 21.1591 0.195728 0.539892 4.85903 80 2 25 10 44428 0 
-145.989 21.1592 0.19574 0.539892 4.85903 80 2 25 10 44429 0 
-145.971 21.1593 0.195753 0.539892 4.85903 80 2 25 10 44430 0 
-145.953 21.1593 0.195765 0.539892 4.85903 80 2 25 10 44431 0 
-145.935 21.1594 0.195778 0.539892 4.85903 80 2 25 10 44432 0 
-145.917 21.1594 0.19579 0.539892 4.85903 80 2 25 10 44433 0 
-145.899 21.1595 0.195803 0.539892 4.85903 80 2 25 10 44434 0 
-145.881 21.1596 0.195815 0.539892 4.85903 80 2 25 10 44435 0 
-145.863 21.1596 0.195828 0.539892 4.85903 80 2 25 10 44436 0 
-145.845 21.1597 0.195841 0.539892 4.85903 80 2 25 10 44437 0 
-145.827 21.1597 0.195853 0.539892 4.85903 80 2 25 10 44438 0 
-145.809 21.1598 0.195866 0.539892 4.85903 80 2 25 10 44439 0 
-145.791 21.1599 0.195878 0.539892 4.85903 80 2 25 10 44440 0 
-145.773 21.1599 0.195891 0.539892 4.85903 80 2 25 10 44441 0 
-145.755 21.16 0.195903 0.539892 4.85903 80 2 25 10 44442 0 
-145.737 21.1601 0.195916 0.539892 4.85903 80 2 25 10 44443 0 
-145.719 21.1601 0.195929 0.539892 4.85903 80 2 25 10 44444 0 
-145.701 21.1602 0.195941 0.539892 4.85903 80 2 25 10 44445 0 
-145.683 21.1602 0.195954 0.539892 4.85903 80 2 25 10 44446 0 
-145.665 21.1603 0.195966 0.539892 4.85903 80 2 25 10 44447 0 
-145.647 21.1604 0.195979 0.539892 4.85903 80 2 25 10 44448 0 
-145.629 21.1604 0.195991 0.539892 4.85903 80 2 25 10 44449 0 
-145.611 21.1605 0.196004 0.539892 4.85903 80 2 25 10 44450 0 
-145.593 21.1605 0.196017 0.539892 4.85903 80 2 25 10 44451 0 
-145.575 21.1606 0.196029 0.539892 4.85903 80 2 25 10 44452 0 
-145.557 21.1607 0.196042 0.539892 4.85903 80 2 25 10 44453 0 
-145.539 21.1607 0.196054 0.539892 4.85903 80 2 25 10 44454 0 
-145.521 21.1608 0.196067 0.539892 4.85903 80 2 25 10 44455 0 
-145.503 21.1608 0.19608 0.539892 4.85903 80 2 25 10 44456 0 
-145.485 21.1609 0.196092 0.539892 4.85903 80 2 25 10 44457 0 
-145.467 21.161 0.196105 0.539892 4.85903 80 2 25 10 44458 0 
-145.449 21.161 0.196117 0.539892 4.85903 80 2 25 10 44459 0 
-145.431 21.1611 0.19613 0.539892 4.85903 80 2 25 10 44460 0 
-145.413 21.1612 0.196143 0.539892 4.85903 80 2 25 10 44461 0 
-145.395 21.1612 0.196155 0.539892 4.85903 80 2 25 10 44462 0 
-145.377 21.1613 0.196168 0.539892 4.85903 80 2 25 10 44463 0 
-145.359 21.1613 0.19618 0.539892 4.85903 80 2 25 10 44464 0 
-145.341 21.1614 0.196193 0.539892 4.85903 80 2 25 10 44465 0 
-145.323 21.1615 0.196206 0.539892 4.85903 80 2 25 10 44466 0 
-145.305 21.1615 0.196218 0.539892 4.85903 80 2 25 10 44467 0 
-145.287 21.1616 0.196231 0.539892 4.85903 80 2 25 10 44468 0 
-145.269 21.1616 0.196243 0.539892 4.85903 80 2 25 10 44469 0 
-145.251 21.1617 0.196256 0.539892 4.85903 80 2 25 10 44470 0 
-145.233 21.1618 0.196269 0.539892 4.85903 80 2 25 10 44471 0 
-145.215 21.1618 0.196281 0.539892 4.85903 80 2 25 10 44472 0 
-145.197 21.1619 0.196294 0.539892 4.85903 80 2 25 10 44473 0 
-145.179 21.1619 0.196307 0.539892 4.85903 80 2 25 10 44474 0 
-145.161 21.162 0.196319 0.539892 4.85903 80 2 25 10 44475 0 
-145.143 21.1621 0.196332 0.539892 4.85903 80 2 25 10 44476 0 
-145.125 21.1621 0.196344 0.539892 4.85903 80 2 25 10 44477 0 
-145.107 21.1622 0.196357 0.539892 4.85903 80 2 25 10 44478 0 
-145.089 21.1623 0.19637 0.539892 4.85903 80 2 25 10 44479 0 
-145.071 21.1623 0.196382 0.539892 4.85903 80 2 25 10 44480 0 
-145.053 21.1624 0.196395 0.539892 4.85903 80 2 25 10 44481 0 
-145.035 21.1624 0.196408 0.539892 4.85903 80 2 25 10 44482 0 
-145.017 21.1625 0.19642 0.539892 4.85903 80 2 25 10 44483 0 
-144.999 21.1626 0.196433 0.539892 4.85903 80 2 25 10 44484 0 
-144.981 21.1626 0.196446 0.539892 4.85903 80 2 25 10 44485 0 
-144.963 21.1627 0.196458 0.539892 4.85903 80 2 25 10 44486 0 
-144.945 21.1627 0.196471 0.539892 4.85903 80 2 25 10 44487 0 
-144.927 21.1628 0.196484 0.539892 4.85903 80 2 25 10 44488 0 
-144.909 21.1629 0.196496 0.539892 4.85903 80 2 25 10 44489 0 
-144.891 21.1629 0.196509 0.539892 4.85903 80 2 25 10 44490 0 
-144.873 21.163 0.196522 0.539892 4.85903 80 2 25 10 44491 0 
-144.855 21.163 0.196534 0.539892 4.85903 80 2 25 10 44492 0 
-144.837 21.1631 0.196547 0.539892 4.85903 80 2 25 10 44493 0 
-144.819 21.1632 0.19656 0.539892 4.85903 80 2 25 10 44494 0 
-144.801 21.1632 0.196572 0.539892 4.85903 80 2 25 10 44495 0 
-144.783 21.1633 0.196585 0.539892 4.85903 80 2 25 10 44496 0 
-144.765 21.1634 0.196598 0.539892 4.85903 80 2 25 10 44497 0 
-144.747 21.1634 0.19661 0.539892 4.85903 80 2 25 10 44498 0 
-144.729 21.1635 0.196623 0.539892 4.85903 80 2 25 10 44499 0 
-144.711 21.1635 0.196636 0.539892 4.85903 80 2 25 10 44500 0 
-144.693 21.1636 0.196648 0.539892 4.85903 80 2 25 10 44501 0 
-144.675 21.1637 0.196661 0.539892 4.85903 80 2 25 10 44502 0 
-144.657 21.1637 0.196674 0.539892 4.85903 80 2 25 10 44503 0 
-144.639 21.1638 0.196686 0.539892 4.85903 80 2 25 10 44504 0 
-144.621 21.1638 0.196699 0.539892 4.85903 80 2 25 10 44505 0 
-144.603 21.1639 0.196712 0.539892 4.85903 80 2 25 10 44506 0 
-144.585 21.164 0.196725 0.539892 4.85903 80 2 25 10 44507 0 
-144.567 21.164 0.196737 0.539892 4.85903 80 2 25 10 44508 0 
-144.549 21.1641 0.19675 0.539892 4.85903 80 2 25 10 44509 0 
-144.531 21.1641 0.196763 0.539892 4.85903 80 2 25 10 44510 0 
-144.513 21.1642 0.196775 0.539892 4.85903 80 2 25 10 44511 0 
-144.495 21.1643 0.196788 0.539892 4.85903 80 2 25 10 44512 0 
-144.477 21.1643 0.196801 0.539892 4.85903 80 2 25 10 44513 0 
-144.459 21.1644 0.196813 0.539892 4.85903 80 2 25 10 44514 0 
-144.441 21.1644 0.196826 0.539892 4.85903 80 2 25 10 44515 0 
-144.423 21.1645 0.196839 0.539892 4.85903 80 2 25 10 44516 0 
-144.405 21.1646 0.196852 0.539892 4.85903 80 2 25 10 44517 0 
-144.387 21.1646 0.196864 0.539892 4.85903 80 2 25 10 44518 0 
-144.37 21.1647 0.196877 0.539892 4.85903 80 2 25 10 44519 0 
-144.352 21.1648 0.19689 0.539892 4.85903 80 2 25 10 44520 0 
-144.334 21.1648 0.196902 0.539892 4.85903 80 2 25 10 44521 0 
-144.316 21.1649 0.196915 0.539892 4.85903 80 2 25 10 44522 0 
-144.298 21.1649 0.196928 0.539892 4.85903 80 2 25 10 44523 0 
-144.28 21.165 0.196941 0.539892 4.85903 80 2 25 10 44524 0 
-144.262 21.1651 0.196953 0.539892 4.85903 80 2 25 10 44525 0 
-144.244 21.1651 0.196966 0.539892 4.85903 80 2 25 10 44526 0 
-144.226 21.1652 0.196979 0.539892 4.85903 80 2 25 10 44527 0 
-144.208 21.1652 0.196992 0.539892 4.85903 80 2 25 10 44528 0 
-144.19 21.1653 0.197004 0.539892 4.85903 80 2 25 10 44529 0 
-144.172 21.1654 0.197017 0.539892 4.85903 80 2 25 10 44530 0 
-144.154 21.1654 0.19703 0.539892 4.85903 80 2 25 10 44531 0 
-144.136 21.1655 0.197043 0.539892 4.85903 80 2 25 10 44532 0 
-144.118 21.1655 0.197055 0.539892 4.85903 80 2 25 10 44533 0 
-144.1 21.1656 0.197068 0.539892 4.85903 80 2 25 10 44534 0 
-144.082 21.1657 0.197081 0.539892 4.85903 80 2 25 10 44535 0 
-144.064 21.1657 0.197094 0.539892 4.85903 80 2 25 10 44536 0 
-144.046 21.1658 0.197106 0.539892 4.85903 80 2 25 10 44537 0 
-144.028 21.1659 0.197119 0.539892 4.85903 80 2 25 10 44538 0 
-144.01 21.1659 0.197132 0.539892 4.85903 80 2 25 10 44539 0 
-143.992 21.166 0.197145 0.539892 4.85903 80 2 25 10 44540 0 
-143.974 21.166 0.197157 0.539892 4.85903 80 2 25 10 44541 0 
-143.956 21.1661 0.19717 0.539892 4.85903 80 2 25 10 44542 0 
-143.938 21.1662 0.197183 0.539892 4.85903 80 2 25 10 44543 0 
-143.92 21.1662 0.197196 0.539892 4.85903 80 2 25 10 44544 0 
-143.902 21.1663 0.197208 0.539892 4.85903 80 2 25 10 44545 0 
-143.884 21.1663 0.197221 0.539892 4.85903 80 2 25 10 44546 0 
-143.866 21.1664 0.197234 0.539892 4.85903 80 2 25 10 44547 0 
-143.848 21.1665 0.197247 0.539892 4.85903 80 2 25 10 44548 0 
-143.83 21.1665 0.19726 0.539892 4.85903 80 2 25 10 44549 0 
-143.812 21.1666 0.197272 0.539892 4.85903 80 2 25 10 44550 0 
-143.794 21.1666 0.197285 0.539892 4.85903 80 2 25 10 44551 0 
-143.776 21.1667 0.197298 0.539892 4.85903 80 2 25 10 44552 0 
-143.758 21.1668 0.197311 0.539892 4.85903 80 2 25 10 44553 0 
-143.74 21.1668 0.197324 0.539892 4.85903 80 2 25 10 44554 0 
-143.722 21.1669 0.197336 0.539892 4.85903 80 2 25 10 44555 0 
-143.704 21.167 0.197349 0.539892 4.85903 80 2 25 10 44556 0 
-143.686 21.167 0.197362 0.539892 4.85903 80 2 25 10 44557 0 
-143.668 21.1671 0.197375 0.539892 4.85903 80 2 25 10 44558 0 
-143.65 21.1671 0.197388 0.539892 4.85903 80 2 25 10 44559 0 
-143.632 21.1672 0.1974 0.539892 4.85903 80 2 25 10 44560 0 
-143.614 21.1673 0.197413 0.539892 4.85903 80 2 25 10 44561 0 
-143.596 21.1673 0.197426 0.539892 4.85903 80 2 25 10 44562 0 
-143.578 21.1674 0.197439 0.539892 4.85903 80 2 25 10 44563 0 
-143.56 21.1675 0.197452 0.539892 4.85903 80 2 25 10 44564 0 
-143.542 21.1675 0.197464 0.539892 4.85903 80 2 25 10 44565 0 
-143.524 21.1676 0.197477 0.539892 4.85903 80 2 25 10 44566 0 
-143.506 21.1676 0.19749 0.539892 4.85903 80 2 25 10 44567 0 
-143.488 21.1677 0.197503 0.539892 4.85903 80 2 25 10 44568 0 
-143.47 21.1678 0.197516 0.539892 4.85903 80 2 25 10 44569 0 
-143.452 21.1678 0.197528 0.539892 4.85903 80 2 25 10 44570 0 
-143.434 21.1679 0.197541 0.539892 4.85903 80 2 25 10 44571 0 
-143.416 21.168 0.197554 0.539892 4.85903 80 2 25 10 44572 0 
-143.398 21.168 0.197567 0.539892 4.85903 80 2 25 10 44573 0 
-143.38 21.1681 0.19758 0.539892 4.85903 80 2 25 10 44574 0 
-143.362 21.1681 0.197592 0.539892 4.85903 80 2 25 10 44575 0 
-143.344 21.1682 0.197605 0.539892 4.85903 80 2 25 10 44576 0 
-143.326 21.1683 0.197618 0.539892 4.85903 80 2 25 10 44577 0 
-143.308 21.1683 0.197631 0.539892 4.85903 80 2 25 10 44578 0 
-143.29 21.1684 0.197644 0.539892 4.85903 80 2 25 10 44579 0 
-143.272 21.1685 0.197656 0.539892 4.85903 80 2 25 10 44580 0 
-143.254 21.1685 0.197669 0.539892 4.85903 80 2 25 10 44581 0 
-143.236 21.1686 0.197682 0.539892 4.85903 80 2 25 10 44582 0 
-143.218 21.1686 0.197695 0.539892 4.85903 80 2 25 10 44583 0 
-143.2 21.1687 0.197708 0.539892 4.85903 80 2 25 10 44584 0 
-143.182 21.1688 0.197721 0.539892 4.85903 80 2 25 10 44585 0 
-143.164 21.1688 0.197733 0.539892 4.85903 80 2 25 10 44586 0 
-143.146 21.1689 0.197746 0.539892 4.85903 80 2 25 10 44587 0 
-143.128 21.169 0.197759 0.539892 4.85903 80 2 25 10 44588 0 
-143.11 21.169 0.197772 0.539892 4.85903 80 2 25 10 44589 0 
-143.092 21.1691 0.197785 0.539892 4.85903 80 2 25 10 44590 0 
-143.074 21.1692 0.197798 0.539892 4.85903 80 2 25 10 44591 0 
-143.056 21.1692 0.19781 0.539892 4.85903 80 2 25 10 44592 0 
-143.038 21.1693 0.197823 0.539892 4.85903 80 2 25 10 44593 0 
-143.02 21.1693 0.197836 0.539892 4.85903 80 2 25 10 44594 0 
-143.002 21.1694 0.197849 0.539892 4.85903 80 2 25 10 44595 0 
-142.984 21.1695 0.197862 0.539892 4.85903 80 2 25 10 44596 0 
-142.966 21.1695 0.197875 0.539892 4.85903 80 2 25 10 44597 0 
-142.948 21.1696 0.197887 0.539892 4.85903 80 2 25 10 44598 0 
-142.93 21.1697 0.1979 0.539892 4.85903 80 2 25 10 44599 0 
-142.912 21.1697 0.197913 0.539892 4.85903 80 2 25 10 44600 0 
-142.894 21.1698 0.197926 0.539892 4.85903 80 2 25 10 44601 0 
-142.876 21.1698 0.197939 0.539892 4.85903 80 2 25 10 44602 0 
-142.858 21.1699 0.197952 0.539892 4.85903 80 2 25 10 44603 0 
-142.84 21.17 0.197964 0.539892 4.85903 80 2 25 10 44604 0 
-142.822 21.17 0.197977 0.539892 4.85903 80 2 25 10 44605 0 
-142.804 21.1701 0.19799 0.539892 4.85903 80 2 25 10 44606 0 
-142.786 21.1702 0.198003 0.539892 4.85903 80 2 25 10 44607 0 
-142.768 21.1702 0.198016 0.539892 4.85903 80 2 25 10 44608 0 
-142.75 21.1703 0.198029 0.539892 4.85903 80 2 25 10 44609 0 
-142.732 21.1703 0.198041 0.539892 4.85903 80 2 25 10 44610 0 
-142.714 21.1704 0.198054 0.539892 4.85903 80 2 25 10 44611 0 
-142.696 21.1705 0.198067 0.539892 4.85903 80 2 25 10 44612 0 
-142.678 21.1705 0.19808 0.539892 4.85903 80 2 25 10 44613 0 
-142.66 21.1706 0.198093 0.539892 4.85903 80 2 25 10 44614 0 
-142.642 21.1707 0.198106 0.539892 4.85903 80 2 25 10 44615 0 
-142.624 21.1707 0.198119 0.539892 4.85903 80 2 25 10 44616 0 
-142.606 21.1708 0.198131 0.539892 4.85903 80 2 25 10 44617 0 
-142.588 21.1709 0.198144 0.539892 4.85903 80 2 25 10 44618 0 
-142.57 21.1709 0.198157 0.539892 4.85903 80 2 25 10 44619 0 
-142.553 21.171 0.19817 0.539892 4.85903 80 2 25 10 44620 0 
-142.535 21.171 0.198183 0.539892 4.85903 80 2 25 10 44621 0 
-142.517 21.1711 0.198196 0.539892 4.85903 80 2 25 10 44622 0 
-142.499 21.1712 0.198209 0.539892 4.85903 80 2 25 10 44623 0 
-142.481 21.1712 0.198222 0.539892 4.85903 80 2 25 10 44624 0 
-142.463 21.1713 0.198234 0.539892 4.85903 80 2 25 10 44625 0 
-142.445 21.1714 0.198247 0.539892 4.85903 80 2 25 10 44626 0 
-142.427 21.1714 0.19826 0.539892 4.85903 80 2 25 10 44627 0 
-142.409 21.1715 0.198273 0.539892 4.85903 80 2 25 10 44628 0 
-142.391 21.1715 0.198286 0.539892 4.85903 80 2 25 10 44629 0 
-142.373 21.1716 0.198299 0.539892 4.85903 80 2 25 10 44630 0 
-142.355 21.1717 0.198312 0.539892 4.85903 80 2 25 10 44631 0 
-142.337 21.1717 0.198325 0.539892 4.85903 80 2 25 10 44632 0 
-142.319 21.1718 0.198337 0.539892 4.85903 80 2 25 10 44633 0 
-142.301 21.1719 0.19835 0.539892 4.85903 80 2 25 10 44634 0 
-142.283 21.1719 0.198363 0.539892 4.85903 80 2 25 10 44635 0 
-142.265 21.172 0.198376 0.539892 4.85903 80 2 25 10 44636 0 
-142.247 21.172 0.198389 0.539892 4.85903 80 2 25 10 44637 0 
-142.229 21.1721 0.198402 0.539892 4.85903 80 2 25 10 44638 0 
-142.211 21.1722 0.198415 0.539892 4.85903 80 2 25 10 44639 0 
-142.193 21.1722 0.198428 0.539892 4.85903 80 2 25 10 44640 0 
-142.175 21.1723 0.198441 0.539892 4.85903 80 2 25 10 44641 0 
-142.157 21.1724 0.198454 0.539892 4.85903 80 2 25 10 44642 0 
-142.139 21.1724 0.198466 0.539892 4.85903 80 2 25 10 44643 0 
-142.121 21.1725 0.198479 0.539892 4.85903 80 2 25 10 44644 0 
-142.103 21.1726 0.198492 0.539892 4.85903 80 2 25 10 44645 0 
-142.085 21.1726 0.198505 0.539892 4.85903 80 2 25 10 44646 0 
-142.067 21.1727 0.198518 0.539892 4.85903 80 2 25 10 44647 0 
-142.049 21.1727 0.198531 0.539892 4.85903 80 2 25 10 44648 0 
-142.031 21.1728 0.198544 0.539892 4.85903 80 2 25 10 44649 0 
-142.013 21.1729 0.198557 0.539892 4.85903 80 2 25 10 44650 0 
-141.995 21.1729 0.19857 0.539892 4.85903 80 2 25 10 44651 0 
-141.977 21.173 0.198583 0.539892 4.85903 80 2 25 10 44652 0 
-141.959 21.1731 0.198596 0.539892 4.85903 80 2 25 10 44653 0 
-141.941 21.1731 0.198608 0.539892 4.85903 80 2 25 10 44654 0 
-141.923 21.1732 0.198621 0.539892 4.85903 80 2 25 10 44655 0 
-141.905 21.1732 0.198634 0.539892 4.85903 80 2 25 10 44656 0 
-141.887 21.1733 0.198647 0.539892 4.85903 80 2 25 10 44657 0 
-141.869 21.1734 0.19866 0.539892 4.85903 80 2 25 10 44658 0 
-141.851 21.1734 0.198673 0.539892 4.85903 80 2 25 10 44659 0 
-141.833 21.1735 0.198686 0.539892 4.85903 80 2 25 10 44660 0 
-141.815 21.1736 0.198699 0.539892 4.85903 80 2 25 10 44661 0 
-141.797 21.1736 0.198712 0.539892 4.85903 80 2 25 10 44662 0 
-141.779 21.1737 0.198725 0.539892 4.85903 80 2 25 10 44663 0 
-141.761 21.1737 0.198738 0.539892 4.85903 80 2 25 10 44664 0 
-141.743 21.1738 0.198751 0.539892 4.85903 80 2 25 10 44665 0 
-141.725 21.1739 0.198764 0.539892 4.85903 80 2 25 10 44666 0 
-141.707 21.1739 0.198777 0.539892 4.85903 80 2 25 10 44667 0 
-141.689 21.174 0.19879 0.539892 4.85903 80 2 25 10 44668 0 
-141.671 21.1741 0.198803 0.539892 4.85903 80 2 25 10 44669 0 
-141.653 21.1741 0.198815 0.539892 4.85903 80 2 25 10 44670 0 
-141.635 21.1742 0.198828 0.539892 4.85903 80 2 25 10 44671 0 
-141.617 21.1743 0.198841 0.539892 4.85903 80 2 25 10 44672 0 
-141.599 21.1743 0.198854 0.539892 4.85903 80 2 25 10 44673 0 
-141.581 21.1744 0.198867 0.539892 4.85903 80 2 25 10 44674 0 
-141.563 21.1744 0.19888 0.539892 4.85903 80 2 25 10 44675 0 
-141.545 21.1745 0.198893 0.539892 4.85903 80 2 25 10 44676 0 
-141.527 21.1746 0.198906 0.539892 4.85903 80 2 25 10 44677 0 
-141.509 21.1746 0.198919 0.539892 4.85903 80 2 25 10 44678 0 
-141.491 21.1747 0.198932 0.539892 4.85903 80 2 25 10 44679 0 
-141.473 21.1748 0.198945 0.539892 4.85903 80 2 25 10 44680 0 
-141.455 21.1748 0.198958 0.539892 4.85903 80 2 25 10 44681 0 
-141.437 21.1749 0.198971 0.539892 4.85903 80 2 25 10 44682 0 
-141.419 21.1749 0.198984 0.539892 4.85903 80 2 25 10 44683 0 
-141.401 21.175 0.198997 0.539892 4.85903 80 2 25 10 44684 0 
-141.383 21.1751 0.19901 0.539892 4.85903 80 2 25 10 44685 0 
-141.365 21.1751 0.199023 0.539892 4.85903 80 2 25 10 44686 0 
-141.347 21.1752 0.199036 0.539892 4.85903 80 2 25 10 44687 0 
-141.329 21.1753 0.199049 0.539892 4.85903 80 2 25 10 44688 0 
-141.311 21.1753 0.199062 0.539892 4.85903 80 2 25 10 44689 0 
-141.293 21.1754 0.199075 0.539892 4.85903 80 2 25 10 44690 0 
-141.275 21.1754 0.199088 0.539892 4.85903 80 2 25 10 44691 0 
-141.257 21.1755 0.199101 0.539892 4.85903 80 2 25 10 44692 0 
-141.239 21.1756 0.199114 0.539892 4.85903 80 2 25 10 44693 0 
-141.221 21.1756 0.199127 0.539892 4.85903 80 2 25 10 44694 0 
-141.203 21.1757 0.19914 0.539892 4.85903 80 2 25 10 44695 0 
-141.185 21.1758 0.199153 0.539892 4.85903 80 2 25 10 44696 0 
-141.167 21.1758 0.199166 0.539892 4.85903 80 2 25 10 44697 0 
-141.149 21.1759 0.199179 0.539892 4.85903 80 2 25 10 44698 0 
-141.131 21.176 0.199192 0.539892 4.85903 80 2 25 10 44699 0 
-141.113 21.176 0.199205 0.539892 4.85903 80 2 25 10 44700 0 
-141.095 21.1761 0.199218 0.539892 4.85903 80 2 25 10 44701 0 
-141.077 21.1761 0.199231 0.539892 4.85903 80 2 25 10 44702 0 
-141.059 21.1762 0.199244 0.539892 4.85903 80 2 25 10 44703 0 
-141.041 21.1763 0.199257 0.539892 4.85903 80 2 25 10 44704 0 
-141.023 21.1763 0.19927 0.539892 4.85903 80 2 25 10 44705 0 
-141.005 21.1764 0.199283 0.539892 4.85903 80 2 25 10 44706 0 
-140.987 21.1765 0.199296 0.539892 4.85903 80 2 25 10 44707 0 
-140.969 21.1765 0.199309 0.539892 4.85903 80 2 25 10 44708 0 
-140.951 21.1766 0.199322 0.539892 4.85903 80 2 25 10 44709 0 
-140.933 21.1766 0.199335 0.539892 4.85903 80 2 25 10 44710 0 
-140.915 21.1767 0.199348 0.539892 4.85903 80 2 25 10 44711 0 
-140.897 21.1768 0.199361 0.539892 4.85903 80 2 25 10 44712 0 
-140.879 21.1768 0.199374 0.539892 4.85903 80 2 25 10 44713 0 
-140.861 21.1769 0.199387 0.539892 4.85903 80 2 25 10 44714 0 
-140.843 21.177 0.1994 0.539892 4.85903 80 2 25 10 44715 0 
-140.825 21.177 0.199413 0.539892 4.85903 80 2 25 10 44716 0 
-140.807 21.1771 0.199426 0.539892 4.85903 80 2 25 10 44717 0 
-140.789 21.1771 0.199439 0.539892 4.85903 80 2 25 10 44718 0 
-140.771 21.1772 0.199452 0.539892 4.85903 80 2 25 10 44719 0 
-140.753 21.1773 0.199465 0.539892 4.85903 80 2 25 10 44720 0 
-140.736 21.1773 0.199478 0.539892 4.85903 80 2 25 10 44721 0 
-140.718 21.1774 0.199492 0.539892 4.85903 80 2 25 10 44722 0 
-140.7 21.1775 0.199505 0.539892 4.85903 80 2 25 10 44723 0 
-140.682 21.1775 0.199518 0.539892 4.85903 80 2 25 10 44724 0 
-140.664 21.1776 0.199531 0.539892 4.85903 80 2 25 10 44725 0 
-140.646 21.1777 0.199544 0.539892 4.85903 80 2 25 10 44726 0 
-140.628 21.1777 0.199557 0.539892 4.85903 80 2 25 10 44727 0 
-140.61 21.1778 0.19957 0.539892 4.85903 80 2 25 10 44728 0 
-140.592 21.1778 0.199583 0.539892 4.85903 80 2 25 10 44729 0 
-140.574 21.1779 0.199596 0.539892 4.85903 80 2 25 10 44730 0 
-140.556 21.178 0.199609 0.539892 4.85903 80 2 25 10 44731 0 
-140.538 21.178 0.199622 0.539892 4.85903 80 2 25 10 44732 0 
-140.52 21.1781 0.199635 0.539892 4.85903 80 2 25 10 44733 0 
-140.502 21.1782 0.199648 0.539892 4.85903 80 2 25 10 44734 0 
-140.484 21.1782 0.199661 0.539892 4.85903 80 2 25 10 44735 0 
-140.466 21.1783 0.199674 0.539892 4.85903 80 2 25 10 44736 0 
-140.448 21.1783 0.199688 0.539892 4.85903 80 2 25 10 44737 0 
-140.43 21.1784 0.199701 0.539892 4.85903 80 2 25 10 44738 0 
-140.412 21.1785 0.199714 0.539892 4.85903 80 2 25 10 44739 0 
-140.394 21.1785 0.199727 0.539892 4.85903 80 2 25 10 44740 0 
-140.376 21.1786 0.19974 0.539892 4.85903 80 2 25 10 44741 0 
-140.358 21.1787 0.199753 0.539892 4.85903 80 2 25 10 44742 0 
-140.34 21.1787 0.199766 0.539892 4.85903 80 2 25 10 44743 0 
-140.322 21.1788 0.199779 0.539892 4.85903 80 2 25 10 44744 0 
-140.304 21.1788 0.199792 0.539892 4.85903 80 2 25 10 44745 0 
-140.286 21.1789 0.199805 0.539892 4.85903 80 2 25 10 44746 0 
-140.268 21.179 0.199819 0.539892 4.85903 80 2 25 10 44747 0 
-140.25 21.179 0.199832 0.539892 4.85903 80 2 25 10 44748 0 
-140.232 21.1791 0.199845 0.539892 4.85903 80 2 25 10 44749 0 
-140.214 21.1792 0.199858 0.539892 4.85903 80 2 25 10 44750 0 
-140.196 21.1792 0.199871 0.539892 4.85903 80 2 25 10 44751 0 
-140.178 21.1793 0.199884 0.539892 4.85903 80 2 25 10 44752 0 
-140.16 21.1793 0.199897 0.539892 4.85903 80 2 25 10 44753 0 
-140.142 21.1794 0.19991 0.539892 4.85903 80 2 25 10 44754 0 
-140.124 21.1795 0.199923 0.539892 4.85903 80 2 25 10 44755 0 
-140.106 21.1795 0.199937 0.539892 4.85903 80 2 25 10 44756 0 
-140.088 21.1796 0.19995 0.539892 4.85903 80 2 25 10 44757 0 
-140.07 21.1797 0.199963 0.539892 4.85903 80 2 25 10 44758 0 
-140.052 21.1797 0.199976 0.539892 4.85903 80 2 25 10 44759 0 
-140.034 21.1798 0.199989 0.539892 4.85903 80 2 25 10 44760 0 
-140.016 21.1799 0.200002 0.539892 4.85903 80 2 25 10 44761 0 
-139.998 21.1799 0.200015 0.539892 4.85903 80 2 25 10 44762 0 
-139.98 21.18 0.200028 0.539892 4.85903 80 2 25 10 44763 0 
-139.962 21.18 0.200042 0.539892 4.85903 80 2 25 10 44764 0 
-139.944 21.1801 0.200055 0.539892 4.85903 80 2 25 10 44765 0 
-139.926 21.1802 0.200068 0.539892 4.85903 80 2 25 10 44766 0 
-139.908 21.1802 0.200081 0.539892 4.85903 80 2 25 10 44767 0 
-139.89 21.1803 0.200094 0.539892 4.85903 80 2 25 10 44768 0 
-139.872 21.1804 0.200107 0.539892 4.85903 80 2 25 10 44769 0 
-139.854 21.1804 0.20012 0.539892 4.85903 80 2 25 10 44770 0 
-139.836 21.1805 0.200134 0.539892 4.85903 80 2 25 10 44771 0 
-139.818 21.1805 0.200147 0.539892 4.85903 80 2 25 10 44772 0 
-139.8 21.1806 0.20016 0.539892 4.85903 80 2 25 10 44773 0 
-139.782 21.1807 0.200173 0.539892 4.85903 80 2 25 10 44774 0 
-139.764 21.1807 0.200186 0.539892 4.85903 80 2 25 10 44775 0 
-139.746 21.1808 0.200199 0.539892 4.85903 80 2 25 10 44776 0 
-139.728 21.1809 0.200213 0.539892 4.85903 80 2 25 10 44777 0 
-139.71 21.1809 0.200226 0.539892 4.85903 80 2 25 10 44778 0 
-139.692 21.181 0.200239 0.539892 4.85903 80 2 25 10 44779 0 
-139.674 21.181 0.200252 0.539892 4.85903 80 2 25 10 44780 0 
-139.656 21.1811 0.200265 0.539892 4.85903 80 2 25 10 44781 0 
-139.638 21.1812 0.200278 0.539892 4.85903 80 2 25 10 44782 0 
-139.62 21.1812 0.200292 0.539892 4.85903 80 2 25 10 44783 0 
-139.602 21.1813 0.200305 0.539892 4.85903 80 2 25 10 44784 0 
-139.584 21.1814 0.200318 0.539892 4.85903 80 2 25 10 44785 0 
-139.566 21.1814 0.200331 0.539892 4.85903 80 2 25 10 44786 0 
-139.548 21.1815 0.200344 0.539892 4.85903 80 2 25 10 44787 0 
-139.53 21.1816 0.200358 0.539892 4.85903 80 2 25 10 44788 0 
-139.512 21.1816 0.200371 0.539892 4.85903 80 2 25 10 44789 0 
-139.494 21.1817 0.200384 0.539892 4.85903 80 2 25 10 44790 0 
-139.476 21.1817 0.200397 0.539892 4.85903 80 2 25 10 44791 0 
-139.458 21.1818 0.20041 0.539892 4.85903 80 2 25 10 44792 0 
-139.44 21.1819 0.200424 0.539892 4.85903 80 2 25 10 44793 0 
-139.422 21.1819 0.200437 0.539892 4.85903 80 2 25 10 44794 0 
-139.404 21.182 0.20045 0.539892 4.85903 80 2 25 10 44795 0 
-139.386 21.1821 0.200463 0.539892 4.85903 80 2 25 10 44796 0 
-139.368 21.1821 0.200476 0.539892 4.85903 80 2 25 10 44797 0 
-139.35 21.1822 0.20049 0.539892 4.85903 80 2 25 10 44798 0 
-139.332 21.1822 0.200503 0.539892 4.85903 80 2 25 10 44799 0 
-139.314 21.1823 0.200516 0.539892 4.85903 80 2 25 10 44800 0 
-139.296 21.1824 0.200529 0.539892 4.85903 80 2 25 10 44801 0 
-139.278 21.1824 0.200542 0.539892 4.85903 80 2 25 10 44802 0 
-139.26 21.1825 0.200556 0.539892 4.85903 80 2 25 10 44803 0 
-139.242 21.1826 0.200569 0.539892 4.85903 80 2 25 10 44804 0 
-139.224 21.1826 0.200582 0.539892 4.85903 80 2 25 10 44805 0 
-139.206 21.1827 0.200595 0.539892 4.85903 80 2 25 10 44806 0 
-139.188 21.1827 0.200609 0.539892 4.85903 80 2 25 10 44807 0 
-139.17 21.1828 0.200622 0.539892 4.85903 80 2 25 10 44808 0 
-139.152 21.1829 0.200635 0.539892 4.85903 80 2 25 10 44809 0 
-139.134 21.1829 0.200648 0.539892 4.85903 80 2 25 10 44810 0 
-139.116 21.183 0.200662 0.539892 4.85903 80 2 25 10 44811 0 
-139.098 21.1831 0.200675 0.539892 4.85903 80 2 25 10 44812 0 
-139.08 21.1831 0.200688 0.539892 4.85903 80 2 25 10 44813 0 
-139.062 21.1832 0.200701 0.539892 4.85903 80 2 25 10 44814 0 
-139.044 21.1833 0.200715 0.539892 4.85903 80 2 25 10 44815 0 
-139.026 21.1833 0.200728 0.539892 4.85903 80 2 25 10 44816 0 
-139.008 21.1834 0.200741 0.539892 4.85903 80 2 25 10 44817 0 
-138.99 21.1834 0.200754 0.539892 4.85903 80 2 25 10 44818 0 
-138.972 21.1835 0.200768 0.539892 4.85903 80 2 25 10 44819 0 
-138.954 21.1836 0.200781 0.539892 4.85903 80 2 25 10 44820 0 
-138.936 21.1836 0.200794 0.539892 4.85903 80 2 25 10 44821 0 
-138.919 21.1837 0.200807 0.539892 4.85903 80 2 25 10 44822 0 
-138.901 21.1838 0.200821 0.539892 4.85903 80 2 25 10 44823 0 
-138.883 21.1838 0.200834 0.539892 4.85903 80 2 25 10 44824 0 
-138.865 21.1839 0.200847 0.539892 4.85903 80 2 25 10 44825 0 
-138.847 21.1839 0.20086 0.539892 4.85903 80 2 25 10 44826 0 
-138.829 21.184 0.200874 0.539892 4.85903 80 2 25 10 44827 0 
-138.811 21.1841 0.200887 0.539892 4.85903 80 2 25 10 44828 0 
-138.793 21.1841 0.2009 0.539892 4.85903 80 2 25 10 44829 0 
-138.775 21.1842 0.200914 0.539892 4.85903 80 2 25 10 44830 0 
-138.757 21.1843 0.200927 0.539892 4.85903 80 2 25 10 44831 0 
-138.739 21.1843 0.20094 0.539892 4.85903 80 2 25 10 44832 0 
-138.721 21.1844 0.200953 0.539892 4.85903 80 2 25 10 44833 0 
-138.703 21.1844 0.200967 0.539892 4.85903 80 2 25 10 44834 0 
-138.685 21.1845 0.20098 0.539892 4.85903 80 2 25 10 44835 0 
-138.667 21.1846 0.200993 0.539892 4.85903 80 2 25 10 44836 0 
-138.649 21.1846 0.201007 0.539892 4.85903 80 2 25 10 44837 0 
-138.631 21.1847 0.20102 0.539892 4.85903 80 2 25 10 44838 0 
-138.613 21.1848 0.201033 0.539892 4.85903 80 2 25 10 44839 0 
-138.595 21.1848 0.201046 0.539892 4.85903 80 2 25 10 44840 0 
-138.577 21.1849 0.20106 0.539892 4.85903 80 2 25 10 44841 0 
-138.559 21.185 0.201073 0.539892 4.85903 80 2 25 10 44842 0 
-138.541 21.185 0.201086 0.539892 4.85903 80 2 25 10 44843 0 
-138.523 21.1851 0.2011 0.539892 4.85903 80 2 25 10 44844 0 
-138.505 21.1851 0.201113 0.539892 4.85903 80 2 25 10 44845 0 
-138.487 21.1852 0.201126 0.539892 4.85903 80 2 25 10 44846 0 
-138.469 21.1853 0.20114 0.539892 4.85903 80 2 25 10 44847 0 
-138.451 21.1853 0.201153 0.539892 4.85903 80 2 25 10 44848 0 
-138.433 21.1854 0.201166 0.539892 4.85903 80 2 25 10 44849 0 
-138.415 21.1855 0.20118 0.539892 4.85903 80 2 25 10 44850 0 
-138.397 21.1855 0.201193 0.539892 4.85903 80 2 25 10 44851 0 
-138.379 21.1856 0.201206 0.539892 4.85903 80 2 25 10 44852 0 
-138.361 21.1856 0.20122 0.539892 4.85903 80 2 25 10 44853 0 
-138.343 21.1857 0.201233 0.539892 4.85903 80 2 25 10 44854 0 
-138.325 21.1858 0.201246 0.539892 4.85903 80 2 25 10 44855 0 
-138.307 21.1858 0.20126 0.539892 4.85903 80 2 25 10 44856 0 
-138.289 21.1859 0.201273 0.539892 4.85903 80 2 25 10 44857 0 
-138.271 21.186 0.201286 0.539892 4.85903 80 2 25 10 44858 0 
-138.253 21.186 0.2013 0.539892 4.85903 80 2 25 10 44859 0 
-138.235 21.1861 0.201313 0.539892 4.85903 80 2 25 10 44860 0 
-138.217 21.1861 0.201326 0.539892 4.85903 80 2 25 10 44861 0 
-138.199 21.1862 0.20134 0.539892 4.85903 80 2 25 10 44862 0 
-138.181 21.1863 0.201353 0.539892 4.85903 80 2 25 10 44863 0 
-138.163 21.1863 0.201366 0.539892 4.85903 80 2 25 10 44864 0 
-138.145 21.1864 0.20138 0.539892 4.85903 80 2 25 10 44865 0 
-138.127 21.1865 0.201393 0.539892 4.85903 80 2 25 10 44866 0 
-138.109 21.1865 0.201406 0.539892 4.85903 80 2 25 10 44867 0 
-138.091 21.1866 0.20142 0.539892 4.85903 80 2 25 10 44868 0 
-138.073 21.1867 0.201433 0.539892 4.85903 80 2 25 10 44869 0 
-138.055 21.1867 0.201447 0.539892 4.85903 80 2 25 10 44870 0 
-138.037 21.1868 0.20146 0.539892 4.85903 80 2 25 10 44871 0 
-138.019 21.1868 0.201473 0.539892 4.85903 80 2 25 10 44872 0 
-138.001 21.1869 0.201487 0.539892 4.85903 80 2 25 10 44873 0 
-137.983 21.187 0.2015 0.539892 4.85903 80 2 25 10 44874 0 
-137.965 21.187 0.201513 0.539892 4.85903 80 2 25 10 44875 0 
-137.947 21.1871 0.201527 0.539892 4.85903 80 2 25 10 44876 0 
-137.929 21.1872 0.20154 0.539892 4.85903 80 2 25 10 44877 0 
-137.911 21.1872 0.201554 0.539892 4.85903 80 2 25 10 44878 0 
-137.893 21.1873 0.201567 0.539892 4.85903 80 2 25 10 44879 0 
-137.875 21.1873 0.20158 0.539892 4.85903 80 2 25 10 44880 0 
-137.857 21.1874 0.201594 0.539892 4.85903 80 2 25 10 44881 0 
-137.839 21.1875 0.201607 0.539892 4.85903 80 2 25 10 44882 0 
-137.821 21.1875 0.201621 0.539892 4.85903 80 2 25 10 44883 0 
-137.803 21.1876 0.201634 0.539892 4.85903 80 2 25 10 44884 0 
-137.785 21.1877 0.201647 0.539892 4.85903 80 2 25 10 44885 0 
-137.767 21.1877 0.201661 0.539892 4.85903 80 2 25 10 44886 0 
-137.749 21.1878 0.201674 0.539892 4.85903 80 2 25 10 44887 0 
-137.731 21.1878 0.201688 0.539892 4.85903 80 2 25 10 44888 0 
-137.713 21.1879 0.201701 0.539892 4.85903 80 2 25 10 44889 0 
-137.695 21.188 0.201714 0.539892 4.85903 80 2 25 10 44890 0 
-137.677 21.188 0.201728 0.539892 4.85903 80 2 25 10 44891 0 
-137.659 21.1881 0.201741 0.539892 4.85903 80 2 25 10 44892 0 
-137.641 21.1882 0.201755 0.539892 4.85903 80 2 25 10 44893 0 
-137.623 21.1882 0.201768 0.539892 4.85903 80 2 25 10 44894 0 
-137.605 21.1883 0.201781 0.539892 4.85903 80 2 25 10 44895 0 
-137.587 21.1884 0.201795 0.539892 4.85903 80 2 25 10 44896 0 
-137.569 21.1884 0.201808 0.539892 4.85903 80 2 25 10 44897 0 
-137.551 21.1885 0.201822 0.539892 4.85903 80 2 25 10 44898 0 
-137.533 21.1885 0.201835 0.539892 4.85903 80 2 25 10 44899 0 
-137.515 21.1886 0.201849 0.539892 4.85903 80 2 25 10 44900 0 
-137.497 21.1887 0.201862 0.539892 4.85903 80 2 25 10 44901 0 
-137.479 21.1887 0.201876 0.539892 4.85903 80 2 25 10 44902 0 
-137.461 21.1888 0.201889 0.539892 4.85903 80 2 25 10 44903 0 
-137.443 21.1889 0.201902 0.539892 4.85903 80 2 25 10 44904 0 
-137.425 21.1889 0.201916 0.539892 4.85903 80 2 25 10 44905 0 
-137.407 21.189 0.201929 0.539892 4.85903 80 2 25 10 44906 0 
-137.389 21.189 0.201943 0.539892 4.85903 80 2 25 10 44907 0 
-137.371 21.1891 0.201956 0.539892 4.85903 80 2 25 10 44908 0 
-137.353 21.1892 0.20197 0.539892 4.85903 80 2 25 10 44909 0 
-137.335 21.1892 0.201983 0.539892 4.85903 80 2 25 10 44910 0 
-137.317 21.1893 0.201997 0.539892 4.85903 80 2 25 10 44911 0 
-137.299 21.1894 0.20201 0.539892 4.85903 80 2 25 10 44912 0 
-137.281 21.1894 0.202023 0.539892 4.85903 80 2 25 10 44913 0 
-137.263 21.1895 0.202037 0.539892 4.85903 80 2 25 10 44914 0 
-137.245 21.1895 0.20205 0.539892 4.85903 80 2 25 10 44915 0 
-137.227 21.1896 0.202064 0.539892 4.85903 80 2 25 10 44916 0 
-137.209 21.1897 0.202077 0.539892 4.85903 80 2 25 10 44917 0 
-137.191 21.1897 0.202091 0.539892 4.85903 80 2 25 10 44918 0 
-137.173 21.1898 0.202104 0.539892 4.85903 80 2 25 10 44919 0 
-137.155 21.1899 0.202118 0.539892 4.85903 80 2 25 10 44920 0 
-137.137 21.1899 0.202131 0.539892 4.85903 80 2 25 10 44921 0 
-137.119 21.19 0.202145 0.539892 4.85903 80 2 25 10 44922 0 
-137.102 21.1901 0.202158 0.539892 4.85903 80 2 25 10 44923 0 
-137.084 21.1901 0.202172 0.539892 4.85903 80 2 25 10 44924 0 
-137.066 21.1902 0.202185 0.539892 4.85903 80 2 25 10 44925 0 
-137.048 21.1902 0.202199 0.539892 4.85903 80 2 25 10 44926 0 
-137.03 21.1903 0.202212 0.539892 4.85903 80 2 25 10 44927 0 
-137.012 21.1904 0.202226 0.539892 4.85903 80 2 25 10 44928 0 
-136.994 21.1904 0.202239 0.539892 4.85903 80 2 25 10 44929 0 
-136.976 21.1905 0.202253 0.539892 4.85903 80 2 25 10 44930 0 
-136.958 21.1906 0.202266 0.539892 4.85903 80 2 25 10 44931 0 
-136.94 21.1906 0.20228 0.539892 4.85903 80 2 25 10 44932 0 
-136.922 21.1907 0.202293 0.539892 4.85903 80 2 25 10 44933 0 
-136.904 21.1907 0.202307 0.539892 4.85903 80 2 25 10 44934 0 
-136.886 21.1908 0.20232 0.539892 4.85903 80 2 25 10 44935 0 
-136.868 21.1909 0.202334 0.539892 4.85903 80 2 25 10 44936 0 
-136.85 21.1909 0.202347 0.539892 4.85903 80 2 25 10 44937 0 
-136.832 21.191 0.202361 0.539892 4.85903 80 2 25 10 44938 0 
-136.814 21.1911 0.202374 0.539892 4.85903 80 2 25 10 44939 0 
-136.796 21.1911 0.202388 0.539892 4.85903 80 2 25 10 44940 0 
-136.778 21.1912 0.202401 0.539892 4.85903 80 2 25 10 44941 0 
-136.76 21.1912 0.202415 0.539892 4.85903 80 2 25 10 44942 0 
-136.742 21.1913 0.202428 0.539892 4.85903 80 2 25 10 44943 0 
-136.724 21.1914 0.202442 0.539892 4.85903 80 2 25 10 44944 0 
-136.706 21.1914 0.202456 0.539892 4.85903 80 2 25 10 44945 0 
-136.688 21.1915 0.202469 0.539892 4.85903 80 2 25 10 44946 0 
-136.67 21.1916 0.202483 0.539892 4.85903 80 2 25 10 44947 0 
-136.652 21.1916 0.202496 0.539892 4.85903 80 2 25 10 44948 0 
-136.634 21.1917 0.20251 0.539892 4.85903 80 2 25 10 44949 0 
-136.616 21.1917 0.202523 0.539892 4.85903 80 2 25 10 44950 0 
-136.598 21.1918 0.202537 0.539892 4.85903 80 2 25 10 44951 0 
-136.58 21.1919 0.20255 0.539892 4.85903 80 2 25 10 44952 0 
-136.562 21.1919 0.202564 0.539892 4.85903 80 2 25 10 44953 0 
-136.544 21.192 0.202577 0.539892 4.85903 80 2 25 10 44954 0 
-136.526 21.1921 0.202591 0.539892 4.85903 80 2 25 10 44955 0 
-136.508 21.1921 0.202605 0.539892 4.85903 80 2 25 10 44956 0 
-136.49 21.1922 0.202618 0.539892 4.85903 80 2 25 10 44957 0 
-136.472 21.1923 0.202632 0.539892 4.85903 80 2 25 10 44958 0 
-136.454 21.1923 0.202645 0.539892 4.85903 80 2 25 10 44959 0 
-136.436 21.1924 0.202659 0.539892 4.85903 80 2 25 10 44960 0 
-136.418 21.1924 0.202672 0.539892 4.85903 80 2 25 10 44961 0 
-136.4 21.1925 0.202686 0.539892 4.85903 80 2 25 10 44962 0 
-136.382 21.1926 0.2027 0.539892 4.85903 80 2 25 10 44963 0 
-136.364 21.1926 0.202713 0.539892 4.85903 80 2 25 10 44964 0 
-136.346 21.1927 0.202727 0.539892 4.85903 80 2 25 10 44965 0 
-136.328 21.1928 0.20274 0.539892 4.85903 80 2 25 10 44966 0 
-136.31 21.1928 0.202754 0.539892 4.85903 80 2 25 10 44967 0 
-136.292 21.1929 0.202767 0.539892 4.85903 80 2 25 10 44968 0 
-136.274 21.1929 0.202781 0.539892 4.85903 80 2 25 10 44969 0 
-136.256 21.193 0.202795 0.539892 4.85903 80 2 25 10 44970 0 
-136.238 21.1931 0.202808 0.539892 4.85903 80 2 25 10 44971 0 
-136.22 21.1931 0.202822 0.539892 4.85903 80 2 25 10 44972 0 
-136.202 21.1932 0.202835 0.539892 4.85903 80 2 25 10 44973 0 
-136.184 21.1933 0.202849 0.539892 4.85903 80 2 25 10 44974 0 
-136.166 21.1933 0.202863 0.539892 4.85903 80 2 25 10 44975 0 
-136.148 21.1934 0.202876 0.539892 4.85903 80 2 25 10 44976 0 
-136.13 21.1934 0.20289 0.539892 4.85903 80 2 25 10 44977 0 
-136.112 21.1935 0.202903 0.539892 4.85903 80 2 25 10 44978 0 
-136.094 21.1936 0.202917 0.539892 4.85903 80 2 25 10 44979 0 
-136.076 21.1936 0.202931 0.539892 4.85903 80 2 25 10 44980 0 
-136.058 21.1937 0.202944 0.539892 4.85903 80 2 25 10 44981 0 
-136.04 21.1938 0.202958 0.539892 4.85903 80 2 25 10 44982 0 
-136.022 21.1938 0.202972 0.539892 4.85903 80 2 25 10 44983 0 
-136.004 21.1939 0.202985 0.539892 4.85903 80 2 25 10 44984 0 
-135.986 21.194 0.202999 0.539892 4.85903 80 2 25 10 44985 0 
-135.968 21.194 0.203012 0.539892 4.85903 80 2 25 10 44986 0 
-135.95 21.1941 0.203026 0.539892 4.85903 80 2 25 10 44987 0 
-135.932 21.1941 0.20304 0.539892 4.85903 80 2 25 10 44988 0 
-135.914 21.1942 0.203053 0.539892 4.85903 80 2 25 10 44989 0 
-135.896 21.1943 0.203067 0.539892 4.85903 80 2 25 10 44990 0 
-135.878 21.1943 0.203081 0.539892 4.85903 80 2 25 10 44991 0 
-135.86 21.1944 0.203094 0.539892 4.85903 80 2 25 10 44992 0 
-135.842 21.1945 0.203108 0.539892 4.85903 80 2 25 10 44993 0 
-135.824 21.1945 0.203122 0.539892 4.85903 80 2 25 10 44994 0 
-135.806 21.1946 0.203135 0.539892 4.85903 80 2 25 10 44995 0 
-135.788 21.1946 0.203149 0.539892 4.85903 80 2 25 10 44996 0 
-135.77 21.1947 0.203163 0.539892 4.85903 80 2 25 10 44997 0 
-135.752 21.1948 0.203176 0.539892 4.85903 80 2 25 10 44998 0 
-135.734 21.1948 0.20319 0.539892 4.85903 80 2 25 10 44999 0 
-135.716 21.1949 0.203203 0.539892 4.85903 80 2 25 10 45000 0 
-135.698 21.195 0.203217 0.539892 4.85903 80 2 25 10 45001 0 
-135.68 21.195 0.203231 0.539892 4.85903 80 2 25 10 45002 0 
-135.662 21.1951 0.203244 0.539892 4.85903 80 2 25 10 45003 0 
-135.644 21.1951 0.203258 0.539892 4.85903 80 2 25 10 45004 0 
-135.626 21.1952 0.203272 0.539892 4.85903 80 2 25 10 45005 0 
-135.608 21.1953 0.203286 0.539892 4.85903 80 2 25 10 45006 0 
-135.59 21.1953 0.203299 0.539892 4.85903 80 2 25 10 45007 0 
-135.572 21.1954 0.203313 0.539892 4.85903 80 2 25 10 45008 0 
-135.554 21.1955 0.203327 0.539892 4.85903 80 2 25 10 45009 0 
-135.536 21.1955 0.20334 0.539892 4.85903 80 2 25 10 45010 0 
-135.518 21.1956 0.203354 0.539892 4.85903 80 2 25 10 45011 0 
-135.5 21.1957 0.203368 0.539892 4.85903 80 2 25 10 45012 0 
-135.482 21.1957 0.203381 0.539892 4.85903 80 2 25 10 45013 0 
-135.464 21.1958 0.203395 0.539892 4.85903 80 2 25 10 45014 0 
-135.446 21.1958 0.203409 0.539892 4.85903 80 2 25 10 45015 0 
-135.428 21.1959 0.203422 0.539892 4.85903 80 2 25 10 45016 0 
-135.41 21.196 0.203436 0.539892 4.85903 80 2 25 10 45017 0 
-135.392 21.196 0.20345 0.539892 4.85903 80 2 25 10 45018 0 
-135.374 21.1961 0.203463 0.539892 4.85903 80 2 25 10 45019 0 
-135.356 21.1962 0.203477 0.539892 4.85903 80 2 25 10 45020 0 
-135.338 21.1962 0.203491 0.539892 4.85903 80 2 25 10 45021 0 
-135.32 21.1963 0.203505 0.539892 4.85903 80 2 25 10 45022 0 
-135.302 21.1964 0.203518 0.539892 4.85903 80 2 25 10 45023 0 
-135.285 21.1964 0.203532 0.539892 4.85903 80 2 25 10 45024 0 
-135.267 21.1965 0.203546 0.539892 4.85903 80 2 25 10 45025 0 
-135.249 21.1966 0.203559 0.539892 4.85903 80 2 25 10 45026 0 
-135.231 21.1966 0.203573 0.539892 4.85903 80 2 25 10 45027 0 
-135.213 21.1967 0.203587 0.539892 4.85903 80 2 25 10 45028 0 
-135.195 21.1967 0.203601 0.539892 4.85903 80 2 25 10 45029 0 
-135.177 21.1968 0.203614 0.539892 4.85903 80 2 25 10 45030 0 
-135.159 21.1969 0.203628 0.539892 4.85903 80 2 25 10 45031 0 
-135.141 21.1969 0.203642 0.539892 4.85903 80 2 25 10 45032 0 
-135.123 21.197 0.203655 0.539892 4.85903 80 2 25 10 45033 0 
-135.105 21.1971 0.203669 0.539892 4.85903 80 2 25 10 45034 0 
-135.087 21.1971 0.203683 0.539892 4.85903 80 2 25 10 45035 0 
-135.069 21.1972 0.203697 0.539892 4.85903 80 2 25 10 45036 0 
-135.051 21.1973 0.20371 0.539892 4.85903 80 2 25 10 45037 0 
-135.033 21.1973 0.203724 0.539892 4.85903 80 2 25 10 45038 0 
-135.015 21.1974 0.203738 0.539892 4.85903 80 2 25 10 45039 0 
-134.997 21.1975 0.203751 0.539892 4.85903 80 2 25 10 45040 0 
-134.979 21.1975 0.203765 0.539892 4.85903 80 2 25 10 45041 0 
-134.961 21.1976 0.203779 0.539892 4.85903 80 2 25 10 45042 0 
-134.943 21.1977 0.203793 0.539892 4.85903 80 2 25 10 45043 0 
-134.925 21.1977 0.203806 0.539892 4.85903 80 2 25 10 45044 0 
-134.907 21.1978 0.20382 0.539892 4.85903 80 2 25 10 45045 0 
-134.889 21.1978 0.203834 0.539892 4.85903 80 2 25 10 45046 0 
-134.871 21.1979 0.203847 0.539892 4.85903 80 2 25 10 45047 0 
-134.853 21.198 0.203861 0.539892 4.85903 80 2 25 10 45048 0 
-134.835 21.198 0.203875 0.539892 4.85903 80 2 25 10 45049 0 
-134.817 21.1981 0.203889 0.539892 4.85903 80 2 25 10 45050 0 
-134.799 21.1982 0.203902 0.539892 4.85903 80 2 25 10 45051 0 
-134.781 21.1982 0.203916 0.539892 4.85903 80 2 25 10 45052 0 
-134.763 21.1983 0.20393 0.539892 4.85903 80 2 25 10 45053 0 
-134.745 21.1984 0.203944 0.539892 4.85903 80 2 25 10 45054 0 
-134.727 21.1984 0.203957 0.539892 4.85903 80 2 25 10 45055 0 
-134.709 21.1985 0.203971 0.539892 4.85903 80 2 25 10 45056 0 
-134.691 21.1986 0.203985 0.539892 4.85903 80 2 25 10 45057 0 
-134.673 21.1986 0.203999 0.539892 4.85903 80 2 25 10 45058 0 
-134.655 21.1987 0.204012 0.539892 4.85903 80 2 25 10 45059 0 
-134.637 21.1988 0.204026 0.539892 4.85903 80 2 25 10 45060 0 
-134.619 21.1988 0.20404 0.539892 4.85903 80 2 25 10 45061 0 
-134.601 21.1989 0.204054 0.539892 4.85903 80 2 25 10 45062 0 
-134.583 21.1989 0.204067 0.539892 4.85903 80 2 25 10 45063 0 
-134.565 21.199 0.204081 0.539892 4.85903 80 2 25 10 45064 0 
-134.547 21.1991 0.204095 0.539892 4.85903 80 2 25 10 45065 0 
-134.529 21.1991 0.204109 0.539892 4.85903 80 2 25 10 45066 0 
-134.511 21.1992 0.204122 0.539892 4.85903 80 2 25 10 45067 0 
-134.493 21.1993 0.204136 0.539892 4.85903 80 2 25 10 45068 0 
-134.475 21.1993 0.20415 0.539892 4.85903 80 2 25 10 45069 0 
-134.457 21.1994 0.204164 0.539892 4.85903 80 2 25 10 45070 0 
-134.439 21.1995 0.204177 0.539892 4.85903 80 2 25 10 45071 0 
-134.421 21.1995 0.204191 0.539892 4.85903 80 2 25 10 45072 0 
-134.403 21.1996 0.204205 0.539892 4.85903 80 2 25 10 45073 0 
-134.385 21.1997 0.204219 0.539892 4.85903 80 2 25 10 45074 0 
-134.367 21.1997 0.204232 0.539892 4.85903 80 2 25 10 45075 0 
-134.349 21.1998 0.204246 0.539892 4.85903 80 2 25 10 45076 0 
-134.331 21.1999 0.20426 0.539892 4.85903 80 2 25 10 45077 0 
-134.313 21.1999 0.204274 0.539892 4.85903 80 2 25 10 45078 0 
-134.295 21.2 0.204288 0.539892 4.85903 80 2 25 10 45079 0 
-134.277 21.2001 0.204301 0.539892 4.85903 80 2 25 10 45080 0 
-134.259 21.2001 0.204315 0.539892 4.85903 80 2 25 10 45081 0 
-134.241 21.2002 0.204329 0.539892 4.85903 80 2 25 10 45082 0 
-134.223 21.2002 0.204343 0.539892 4.85903 80 2 25 10 45083 0 
-134.205 21.2003 0.204357 0.539892 4.85903 80 2 25 10 45084 0 
-134.187 21.2004 0.20437 0.539892 4.85903 80 2 25 10 45085 0 
-134.169 21.2004 0.204384 0.539892 4.85903 80 2 25 10 45086 0 
-134.151 21.2005 0.204398 0.539892 4.85903 80 2 25 10 45087 0 
-134.133 21.2006 0.204412 0.539892 4.85903 80 2 25 10 45088 0 
-134.115 21.2006 0.204425 0.539892 4.85903 80 2 25 10 45089 0 
-134.097 21.2007 0.204439 0.539892 4.85903 80 2 25 10 45090 0 
-134.079 21.2008 0.204453 0.539892 4.85903 80 2 25 10 45091 0 
-134.061 21.2008 0.204467 0.539892 4.85903 80 2 25 10 45092 0 
-134.043 21.2009 0.204481 0.539892 4.85903 80 2 25 10 45093 0 
-134.025 21.201 0.204494 0.539892 4.85903 80 2 25 10 45094 0 
-134.007 21.201 0.204508 0.539892 4.85903 80 2 25 10 45095 0 
-133.989 21.2011 0.204522 0.539892 4.85903 80 2 25 10 45096 0 
-133.971 21.2012 0.204536 0.539892 4.85903 80 2 25 10 45097 0 
-133.953 21.2012 0.20455 0.539892 4.85903 80 2 25 10 45098 0 
-133.935 21.2013 0.204563 0.539892 4.85903 80 2 25 10 45099 0 
-133.917 21.2013 0.204577 0.539892 4.85903 80 2 25 10 45100 0 
-133.899 21.2014 0.204591 0.539892 4.85903 80 2 25 10 45101 0 
-133.881 21.2015 0.204605 0.539892 4.85903 80 2 25 10 45102 0 
-133.863 21.2015 0.204619 0.539892 4.85903 80 2 25 10 45103 0 
-133.845 21.2016 0.204633 0.539892 4.85903 80 2 25 10 45104 0 
-133.827 21.2017 0.204646 0.539892 4.85903 80 2 25 10 45105 0 
-133.809 21.2017 0.20466 0.539892 4.85903 80 2 25 10 45106 0 
-133.791 21.2018 0.204674 0.539892 4.85903 80 2 25 10 45107 0 
-133.773 21.2019 0.204688 0.539892 4.85903 80 2 25 10 45108 0 
-133.755 21.2019 0.204702 0.539892 4.85903 80 2 25 10 45109 0 
-133.737 21.202 0.204716 0.539892 4.85903 80 2 25 10 45110 0 
-133.719 21.2021 0.204729 0.539892 4.85903 80 2 25 10 45111 0 
-133.701 21.2021 0.204743 0.539892 4.85903 80 2 25 10 45112 0 
-133.683 21.2022 0.204757 0.539892 4.85903 80 2 25 10 45113 0 
-133.665 21.2023 0.204771 0.539892 4.85903 80 2 25 10 45114 0 
-133.647 21.2023 0.204785 0.539892 4.85903 80 2 25 10 45115 0 
-133.629 21.2024 0.204799 0.539892 4.85903 80 2 25 10 45116 0 
-133.611 21.2025 0.204812 0.539892 4.85903 80 2 25 10 45117 0 
-133.593 21.2025 0.204826 0.539892 4.85903 80 2 25 10 45118 0 
-133.575 21.2026 0.20484 0.539892 4.85903 80 2 25 10 45119 0 
-133.557 21.2026 0.204854 0.539892 4.85903 80 2 25 10 45120 0 
-133.539 21.2027 0.204868 0.539892 4.85903 80 2 25 10 45121 0 
-133.521 21.2028 0.204882 0.539892 4.85903 80 2 25 10 45122 0 
-133.503 21.2028 0.204896 0.539892 4.85903 80 2 25 10 45123 0 
-133.485 21.2029 0.204909 0.539892 4.85903 80 2 25 10 45124 0 
-133.467 21.203 0.204923 0.539892 4.85903 80 2 25 10 45125 0 
-133.45 21.203 0.204937 0.539892 4.85903 80 2 25 10 45126 0 
-133.432 21.2031 0.204951 0.539892 4.85903 80 2 25 10 45127 0 
-133.414 21.2032 0.204965 0.539892 4.85903 80 2 25 10 45128 0 
-133.396 21.2032 0.204979 0.539892 4.85903 80 2 25 10 45129 0 
-133.378 21.2033 0.204993 0.539892 4.85903 80 2 25 10 45130 0 
-133.36 21.2034 0.205007 0.539892 4.85903 80 2 25 10 45131 0 
-133.342 21.2034 0.20502 0.539892 4.85903 80 2 25 10 45132 0 
-133.324 21.2035 0.205034 0.539892 4.85903 80 2 25 10 45133 0 
-133.306 21.2036 0.205048 0.539892 4.85903 80 2 25 10 45134 0 
-133.288 21.2036 0.205062 0.539892 4.85903 80 2 25 10 45135 0 
-133.27 21.2037 0.205076 0.539892 4.85903 80 2 25 10 45136 0 
-133.252 21.2037 0.20509 0.539892 4.85903 80 2 25 10 45137 0 
-133.234 21.2038 0.205104 0.539892 4.85903 80 2 25 10 45138 0 
-133.216 21.2039 0.205118 0.539892 4.85903 80 2 25 10 45139 0 
-133.198 21.2039 0.205132 0.539892 4.85903 80 2 25 10 45140 0 
-133.18 21.204 0.205145 0.539892 4.85903 80 2 25 10 45141 0 
-133.162 21.2041 0.205159 0.539892 4.85903 80 2 25 10 45142 0 
-133.144 21.2041 0.205173 0.539892 4.85903 80 2 25 10 45143 0 
-133.126 21.2042 0.205187 0.539892 4.85903 80 2 25 10 45144 0 
-133.108 21.2043 0.205201 0.539892 4.85903 80 2 25 10 45145 0 
-133.09 21.2043 0.205215 0.539892 4.85903 80 2 25 10 45146 0 
-133.072 21.2044 0.205229 0.539892 4.85903 80 2 25 10 45147 0 
-133.054 21.2045 0.205243 0.539892 4.85903 80 2 25 10 45148 0 
-133.036 21.2045 0.205257 0.539892 4.85903 80 2 25 10 45149 0 
-133.018 21.2046 0.205271 0.539892 4.85903 80 2 25 10 45150 0 
-133 21.2047 0.205285 0.539892 4.85903 80 2 25 10 45151 0 
-132.982 21.2047 0.205298 0.539892 4.85903 80 2 25 10 45152 0 
-132.964 21.2048 0.205312 0.539892 4.85903 80 2 25 10 45153 0 
-132.946 21.2049 0.205326 0.539892 4.85903 80 2 25 10 45154 0 
-132.928 21.2049 0.20534 0.539892 4.85903 80 2 25 10 45155 0 
-132.91 21.205 0.205354 0.539892 4.85903 80 2 25 10 45156 0 
-132.892 21.205 0.205368 0.539892 4.85903 80 2 25 10 45157 0 
-132.874 21.2051 0.205382 0.539892 4.85903 80 2 25 10 45158 0 
-132.856 21.2052 0.205396 0.539892 4.85903 80 2 25 10 45159 0 
-132.838 21.2052 0.20541 0.539892 4.85903 80 2 25 10 45160 0 
-132.82 21.2053 0.205424 0.539892 4.85903 80 2 25 10 45161 0 
-132.802 21.2054 0.205438 0.539892 4.85903 80 2 25 10 45162 0 
-132.784 21.2054 0.205452 0.539892 4.85903 80 2 25 10 45163 0 
-132.766 21.2055 0.205466 0.539892 4.85903 80 2 25 10 45164 0 
-132.748 21.2056 0.20548 0.539892 4.85903 80 2 25 10 45165 0 
-132.73 21.2056 0.205494 0.539892 4.85903 80 2 25 10 45166 0 
-132.712 21.2057 0.205508 0.539892 4.85903 80 2 25 10 45167 0 
-132.694 21.2058 0.205522 0.539892 4.85903 80 2 25 10 45168 0 
-132.676 21.2058 0.205535 0.539892 4.85903 80 2 25 10 45169 0 
-132.658 21.2059 0.205549 0.539892 4.85903 80 2 25 10 45170 0 
-132.64 21.206 0.205563 0.539892 4.85903 80 2 25 10 45171 0 
-132.622 21.206 0.205577 0.539892 4.85903 80 2 25 10 45172 0 
-132.604 21.2061 0.205591 0.539892 4.85903 80 2 25 10 45173 0 
-132.586 21.2061 0.205605 0.539892 4.85903 80 2 25 10 45174 0 
-132.568 21.2062 0.205619 0.539892 4.85903 80 2 25 10 45175 0 
-132.55 21.2063 0.205633 0.539892 4.85903 80 2 25 10 45176 0 
-132.532 21.2063 0.205647 0.539892 4.85903 80 2 25 10 45177 0 
-132.514 21.2064 0.205661 0.539892 4.85903 80 2 25 10 45178 0 
-132.496 21.2065 0.205675 0.539892 4.85903 80 2 25 10 45179 0 
-132.478 21.2065 0.205689 0.539892 4.85903 80 2 25 10 45180 0 
-132.46 21.2066 0.205703 0.539892 4.85903 80 2 25 10 45181 0 
-132.442 21.2067 0.205717 0.539892 4.85903 80 2 25 10 45182 0 
-132.424 21.2067 0.205731 0.539892 4.85903 80 2 25 10 45183 0 
-132.406 21.2068 0.205745 0.539892 4.85903 80 2 25 10 45184 0 
-132.388 21.2069 0.205759 0.539892 4.85903 80 2 25 10 45185 0 
-132.37 21.2069 0.205773 0.539892 4.85903 80 2 25 10 45186 0 
-132.352 21.207 0.205787 0.539892 4.85903 80 2 25 10 45187 0 
-132.334 21.2071 0.205801 0.539892 4.85903 80 2 25 10 45188 0 
-132.316 21.2071 0.205815 0.539892 4.85903 80 2 25 10 45189 0 
-132.298 21.2072 0.205829 0.539892 4.85903 80 2 25 10 45190 0 
-132.28 21.2073 0.205843 0.539892 4.85903 80 2 25 10 45191 0 
-132.262 21.2073 0.205857 0.539892 4.85903 80 2 25 10 45192 0 
-132.244 21.2074 0.205871 0.539892 4.85903 80 2 25 10 45193 0 
-132.226 21.2074 0.205885 0.539892 4.85903 80 2 25 10 45194 0 
-132.208 21.2075 0.205899 0.539892 4.85903 80 2 25 10 45195 0 
-132.19 21.2076 0.205913 0.539892 4.85903 80 2 25 10 45196 0 
-132.172 21.2076 0.205927 0.539892 4.85903 80 2 25 10 45197 0 
-132.154 21.2077 0.205941 0.539892 4.85903 80 2 25 10 45198 0 
-132.136 21.2078 0.205955 0.539892 4.85903 80 2 25 10 45199 0 
-132.118 21.2078 0.205969 0.539892 4.85903 80 2 25 10 45200 0 
-132.1 21.2079 0.205983 0.539892 4.85903 80 2 25 10 45201 0 
-132.082 21.208 0.205997 0.539892 4.85903 80 2 25 10 45202 0 
-132.064 21.208 0.206011 0.539892 4.85903 80 2 25 10 45203 0 
-132.046 21.2081 0.206025 0.539892 4.85903 80 2 25 10 45204 0 
-132.028 21.2082 0.20604 0.539892 4.85903 80 2 25 10 45205 0 
-132.01 21.2082 0.206054 0.539892 4.85903 80 2 25 10 45206 0 
-131.992 21.2083 0.206068 0.539892 4.85903 80 2 25 10 45207 0 
-131.974 21.2084 0.206082 0.539892 4.85903 80 2 25 10 45208 0 
-131.956 21.2084 0.206096 0.539892 4.85903 80 2 25 10 45209 0 
-131.938 21.2085 0.20611 0.539892 4.85903 80 2 25 10 45210 0 
-131.92 21.2085 0.206124 0.539892 4.85903 80 2 25 10 45211 0 
-131.902 21.2086 0.206138 0.539892 4.85903 80 2 25 10 45212 0 
-131.884 21.2087 0.206152 0.539892 4.85903 80 2 25 10 45213 0 
-131.866 21.2087 0.206166 0.539892 4.85903 80 2 25 10 45214 0 
-131.848 21.2088 0.20618 0.539892 4.85903 80 2 25 10 45215 0 
-131.83 21.2089 0.206194 0.539892 4.85903 80 2 25 10 45216 0 
-131.812 21.2089 0.206208 0.539892 4.85903 80 2 25 10 45217 0 
-131.794 21.209 0.206222 0.539892 4.85903 80 2 25 10 45218 0 
-131.776 21.2091 0.206236 0.539892 4.85903 80 2 25 10 45219 0 
-131.758 21.2091 0.20625 0.539892 4.85903 80 2 25 10 45220 0 
-131.74 21.2092 0.206265 0.539892 4.85903 80 2 25 10 45221 0 
-131.722 21.2093 0.206279 0.539892 4.85903 80 2 25 10 45222 0 
-131.704 21.2093 0.206293 0.539892 4.85903 80 2 25 10 45223 0 
-131.686 21.2094 0.206307 0.539892 4.85903 80 2 25 10 45224 0 
-131.668 21.2095 0.206321 0.539892 4.85903 80 2 25 10 45225 0 
-131.65 21.2095 0.206335 0.539892 4.85903 80 2 25 10 45226 0 
-131.633 21.2096 0.206349 0.539892 4.85903 80 2 25 10 45227 0 
-131.615 21.2097 0.206363 0.539892 4.85903 80 2 25 10 45228 0 
-131.597 21.2097 0.206377 0.539892 4.85903 80 2 25 10 45229 0 
-131.579 21.2098 0.206391 0.539892 4.85903 80 2 25 10 45230 0 
-131.561 21.2098 0.206405 0.539892 4.85903 80 2 25 10 45231 0 
-131.543 21.2099 0.20642 0.539892 4.85903 80 2 25 10 45232 0 
-131.525 21.21 0.206434 0.539892 4.85903 80 2 25 10 45233 0 
-131.507 21.21 0.206448 0.539892 4.85903 80 2 25 10 45234 0 
-131.489 21.2101 0.206462 0.539892 4.85903 80 2 25 10 45235 0 
-131.471 21.2102 0.206476 0.539892 4.85903 80 2 25 10 45236 0 
-131.453 21.2102 0.20649 0.539892 4.85903 80 2 25 10 45237 0 
-131.435 21.2103 0.206504 0.539892 4.85903 80 2 25 10 45238 0 
-131.417 21.2104 0.206518 0.539892 4.85903 80 2 25 10 45239 0 
-131.399 21.2104 0.206532 0.539892 4.85903 80 2 25 10 45240 0 
-131.381 21.2105 0.206547 0.539892 4.85903 80 2 25 10 45241 0 
-131.363 21.2106 0.206561 0.539892 4.85903 80 2 25 10 45242 0 
-131.345 21.2106 0.206575 0.539892 4.85903 80 2 25 10 45243 0 
-131.327 21.2107 0.206589 0.539892 4.85903 80 2 25 10 45244 0 
-131.309 21.2108 0.206603 0.539892 4.85903 80 2 25 10 45245 0 
-131.291 21.2108 0.206617 0.539892 4.85903 80 2 25 10 45246 0 
-131.273 21.2109 0.206631 0.539892 4.85903 80 2 25 10 45247 0 
-131.255 21.2109 0.206646 0.539892 4.85903 80 2 25 10 45248 0 
-131.237 21.211 0.20666 0.539892 4.85903 80 2 25 10 45249 0 
-131.219 21.2111 0.206674 0.539892 4.85903 80 2 25 10 45250 0 
-131.201 21.2111 0.206688 0.539892 4.85903 80 2 25 10 45251 0 
-131.183 21.2112 0.206702 0.539892 4.85903 80 2 25 10 45252 0 
-131.165 21.2113 0.206716 0.539892 4.85903 80 2 25 10 45253 0 
-131.147 21.2113 0.20673 0.539892 4.85903 80 2 25 10 45254 0 
-131.129 21.2114 0.206745 0.539892 4.85903 80 2 25 10 45255 0 
-131.111 21.2115 0.206759 0.539892 4.85903 80 2 25 10 45256 0 
-131.093 21.2115 0.206773 0.539892 4.85903 80 2 25 10 45257 0 
-131.075 21.2116 0.206787 0.539892 4.85903 80 2 25 10 45258 0 
-131.057 21.2117 0.206801 0.539892 4.85903 80 2 25 10 45259 0 
-131.039 21.2117 0.206815 0.539892 4.85903 80 2 25 10 45260 0 
-131.021 21.2118 0.20683 0.539892 4.85903 80 2 25 10 45261 0 
-131.003 21.2119 0.206844 0.539892 4.85903 80 2 25 10 45262 0 
-130.985 21.2119 0.206858 0.539892 4.85903 80 2 25 10 45263 0 
-130.967 21.212 0.206872 0.539892 4.85903 80 2 25 10 45264 0 
-130.949 21.212 0.206886 0.539892 4.85903 80 2 25 10 45265 0 
-130.931 21.2121 0.206901 0.539892 4.85903 80 2 25 10 45266 0 
-130.913 21.2122 0.206915 0.539892 4.85903 80 2 25 10 45267 0 
-130.895 21.2122 0.206929 0.539892 4.85903 80 2 25 10 45268 0 
-130.877 21.2123 0.206943 0.539892 4.85903 80 2 25 10 45269 0 
-130.859 21.2124 0.206957 0.539892 4.85903 80 2 25 10 45270 0 
-130.841 21.2124 0.206972 0.539892 4.85903 80 2 25 10 45271 0 
-130.823 21.2125 0.206986 0.539892 4.85903 80 2 25 10 45272 0 
-130.805 21.2126 0.207 0.539892 4.85903 80 2 25 10 45273 0 
-130.787 21.2126 0.207014 0.539892 4.85903 80 2 25 10 45274 0 
-130.769 21.2127 0.207028 0.539892 4.85903 80 2 25 10 45275 0 
-130.751 21.2128 0.207043 0.539892 4.85903 80 2 25 10 45276 0 
-130.733 21.2128 0.207057 0.539892 4.85903 80 2 25 10 45277 0 
-130.715 21.2129 0.207071 0.539892 4.85903 80 2 25 10 45278 0 
-130.697 21.213 0.207085 0.539892 4.85903 80 2 25 10 45279 0 
-130.679 21.213 0.207099 0.539892 4.85903 80 2 25 10 45280 0 
-130.661 21.2131 0.207114 0.539892 4.85903 80 2 25 10 45281 0 
-130.643 21.2132 0.207128 0.539892 4.85903 80 2 25 10 45282 0 
-130.625 21.2132 0.207142 0.539892 4.85903 80 2 25 10 45283 0 
-130.607 21.2133 0.207156 0.539892 4.85903 80 2 25 10 45284 0 
-130.589 21.2133 0.207171 0.539892 4.85903 80 2 25 10 45285 0 
-130.571 21.2134 0.207185 0.539892 4.85903 80 2 25 10 45286 0 
-130.553 21.2135 0.207199 0.539892 4.85903 80 2 25 10 45287 0 
-130.535 21.2135 0.207213 0.539892 4.85903 80 2 25 10 45288 0 
-130.517 21.2136 0.207227 0.539892 4.85903 80 2 25 10 45289 0 
-130.499 21.2137 0.207242 0.539892 4.85903 80 2 25 10 45290 0 
-130.481 21.2137 0.207256 0.539892 4.85903 80 2 25 10 45291 0 
-130.463 21.2138 0.20727 0.539892 4.85903 80 2 25 10 45292 0 
-130.445 21.2139 0.207284 0.539892 4.85903 80 2 25 10 45293 0 
-130.427 21.2139 0.207299 0.539892 4.85903 80 2 25 10 45294 0 
-130.409 21.214 0.207313 0.539892 4.85903 80 2 25 10 45295 0 
-130.391 21.2141 0.207327 0.539892 4.85903 80 2 25 10 45296 0 
-130.373 21.2141 0.207342 0.539892 4.85903 80 2 25 10 45297 0 
-130.355 21.2142 0.207356 0.539892 4.85903 80 2 25 10 45298 0 
-130.337 21.2143 0.20737 0.539892 4.85903 80 2 25 10 45299 0 
-130.319 21.2143 0.207384 0.539892 4.85903 80 2 25 10 45300 0 
-130.301 21.2144 0.207399 0.539892 4.85903 80 2 25 10 45301 0 
-130.283 21.2144 0.207413 0.539892 4.85903 80 2 25 10 45302 0 
-130.265 21.2145 0.207427 0.539892 4.85903 80 2 25 10 45303 0 
-130.247 21.2146 0.207441 0.539892 4.85903 80 2 25 10 45304 0 
-130.229 21.2146 0.207456 0.539892 4.85903 80 2 25 10 45305 0 
-130.211 21.2147 0.20747 0.539892 4.85903 80 2 25 10 45306 0 
-130.193 21.2148 0.207484 0.539892 4.85903 80 2 25 10 45307 0 
-130.175 21.2148 0.207499 0.539892 4.85903 80 2 25 10 45308 0 
-130.157 21.2149 0.207513 0.539892 4.85903 80 2 25 10 45309 0 
-130.139 21.215 0.207527 0.539892 4.85903 80 2 25 10 45310 0 
-130.121 21.215 0.207541 0.539892 4.85903 80 2 25 10 45311 0 
-130.103 21.2151 0.207556 0.539892 4.85903 80 2 25 10 45312 0 
-130.085 21.2152 0.20757 0.539892 4.85903 80 2 25 10 45313 0 
-130.067 21.2152 0.207584 0.539892 4.85903 80 2 25 10 45314 0 
-130.049 21.2153 0.207599 0.539892 4.85903 80 2 25 10 45315 0 
-130.031 21.2154 0.207613 0.539892 4.85903 80 2 25 10 45316 0 
-130.013 21.2154 0.207627 0.539892 4.85903 80 2 25 10 45317 0 
-129.995 21.2155 0.207642 0.539892 4.85903 80 2 25 10 45318 0 
-129.977 21.2156 0.207656 0.539892 4.85903 80 2 25 10 45319 0 
-129.959 21.2156 0.20767 0.539892 4.85903 80 2 25 10 45320 0 
-129.941 21.2157 0.207685 0.539892 4.85903 80 2 25 10 45321 0 
-129.923 21.2157 0.207699 0.539892 4.85903 80 2 25 10 45322 0 
-129.905 21.2158 0.207713 0.539892 4.85903 80 2 25 10 45323 0 
-129.887 21.2159 0.207727 0.539892 4.85903 80 2 25 10 45324 0 
-129.869 21.2159 0.207742 0.539892 4.85903 80 2 25 10 45325 0 
-129.851 21.216 0.207756 0.539892 4.85903 80 2 25 10 45326 0 
-129.833 21.2161 0.20777 0.539892 4.85903 80 2 25 10 45327 0 
-129.816 21.2161 0.207785 0.539892 4.85903 80 2 25 10 45328 0 
-129.798 21.2162 0.207799 0.539892 4.85903 80 2 25 10 45329 0 
-129.78 21.2163 0.207814 0.539892 4.85903 80 2 25 10 45330 0 
-129.762 21.2163 0.207828 0.539892 4.85903 80 2 25 10 45331 0 
-129.744 21.2164 0.207842 0.539892 4.85903 80 2 25 10 45332 0 
-129.726 21.2165 0.207857 0.539892 4.85903 80 2 25 10 45333 0 
-129.708 21.2165 0.207871 0.539892 4.85903 80 2 25 10 45334 0 
-129.69 21.2166 0.207885 0.539892 4.85903 80 2 25 10 45335 0 
-129.672 21.2167 0.2079 0.539892 4.85903 80 2 25 10 45336 0 
-129.654 21.2167 0.207914 0.539892 4.85903 80 2 25 10 45337 0 
-129.636 21.2168 0.207928 0.539892 4.85903 80 2 25 10 45338 0 
-129.618 21.2168 0.207943 0.539892 4.85903 80 2 25 10 45339 0 
-129.6 21.2169 0.207957 0.539892 4.85903 80 2 25 10 45340 0 
-129.582 21.217 0.207971 0.539892 4.85903 80 2 25 10 45341 0 
-129.564 21.217 0.207986 0.539892 4.85903 80 2 25 10 45342 0 
-129.546 21.2171 0.208 0.539892 4.85903 80 2 25 10 45343 0 
-129.528 21.2172 0.208015 0.539892 4.85903 80 2 25 10 45344 0 
-129.51 21.2172 0.208029 0.539892 4.85903 80 2 25 10 45345 0 
-129.492 21.2173 0.208043 0.539892 4.85903 80 2 25 10 45346 0 
-129.474 21.2174 0.208058 0.539892 4.85903 80 2 25 10 45347 0 
-129.456 21.2174 0.208072 0.539892 4.85903 80 2 25 10 45348 0 
-129.438 21.2175 0.208086 0.539892 4.85903 80 2 25 10 45349 0 
-129.42 21.2176 0.208101 0.539892 4.85903 80 2 25 10 45350 0 
-129.402 21.2176 0.208115 0.539892 4.85903 80 2 25 10 45351 0 
-129.384 21.2177 0.20813 0.539892 4.85903 80 2 25 10 45352 0 
-129.366 21.2178 0.208144 0.539892 4.85903 80 2 25 10 45353 0 
-129.348 21.2178 0.208158 0.539892 4.85903 80 2 25 10 45354 0 
-129.33 21.2179 0.208173 0.539892 4.85903 80 2 25 10 45355 0 
-129.312 21.218 0.208187 0.539892 4.85903 80 2 25 10 45356 0 
-129.294 21.218 0.208202 0.539892 4.85903 80 2 25 10 45357 0 
-129.276 21.2181 0.208216 0.539892 4.85903 80 2 25 10 45358 0 
-129.258 21.2181 0.20823 0.539892 4.85903 80 2 25 10 45359 0 
-129.24 21.2182 0.208245 0.539892 4.85903 80 2 25 10 45360 0 
-129.222 21.2183 0.208259 0.539892 4.85903 80 2 25 10 45361 0 
-129.204 21.2183 0.208274 0.539892 4.85903 80 2 25 10 45362 0 
-129.186 21.2184 0.208288 0.539892 4.85903 80 2 25 10 45363 0 
-129.168 21.2185 0.208303 0.539892 4.85903 80 2 25 10 45364 0 
-129.15 21.2185 0.208317 0.539892 4.85903 80 2 25 10 45365 0 
-129.132 21.2186 0.208331 0.539892 4.85903 80 2 25 10 45366 0 
-129.114 21.2187 0.208346 0.539892 4.85903 80 2 25 10 45367 0 
-129.096 21.2187 0.20836 0.539892 4.85903 80 2 25 10 45368 0 
-129.078 21.2188 0.208375 0.539892 4.85903 80 2 25 10 45369 0 
-129.06 21.2189 0.208389 0.539892 4.85903 80 2 25 10 45370 0 
-129.042 21.2189 0.208404 0.539892 4.85903 80 2 25 10 45371 0 
-129.024 21.219 0.208418 0.539892 4.85903 80 2 25 10 45372 0 
-129.006 21.2191 0.208433 0.539892 4.85903 80 2 25 10 45373 0 
-128.988 21.2191 0.208447 0.539892 4.85903 80 2 25 10 45374 0 
-128.97 21.2192 0.208461 0.539892 4.85903 80 2 25 10 45375 0 
-128.952 21.2192 0.208476 0.539892 4.85903 80 2 25 10 45376 0 
-128.934 21.2193 0.20849 0.539892 4.85903 80 2 25 10 45377 0 
-128.916 21.2194 0.208505 0.539892 4.85903 80 2 25 10 45378 0 
-128.898 21.2194 0.208519 0.539892 4.85903 80 2 25 10 45379 0 
-128.88 21.2195 0.208534 0.539892 4.85903 80 2 25 10 45380 0 
-128.862 21.2196 0.208548 0.539892 4.85903 80 2 25 10 45381 0 
-128.844 21.2196 0.208563 0.539892 4.85903 80 2 25 10 45382 0 
-128.826 21.2197 0.208577 0.539892 4.85903 80 2 25 10 45383 0 
-128.808 21.2198 0.208592 0.539892 4.85903 80 2 25 10 45384 0 
-128.79 21.2198 0.208606 0.539892 4.85903 80 2 25 10 45385 0 
-128.772 21.2199 0.208621 0.539892 4.85903 80 2 25 10 45386 0 
-128.754 21.22 0.208635 0.539892 4.85903 80 2 25 10 45387 0 
-128.736 21.22 0.20865 0.539892 4.85903 80 2 25 10 45388 0 
-128.718 21.2201 0.208664 0.539892 4.85903 80 2 25 10 45389 0 
-128.7 21.2202 0.208679 0.539892 4.85903 80 2 25 10 45390 0 
-128.682 21.2202 0.208693 0.539892 4.85903 80 2 25 10 45391 0 
-128.664 21.2203 0.208708 0.539892 4.85903 80 2 25 10 45392 0 
-128.646 21.2204 0.208722 0.539892 4.85903 80 2 25 10 45393 0 
-128.628 21.2204 0.208737 0.539892 4.85903 80 2 25 10 45394 0 
-128.61 21.2205 0.208751 0.539892 4.85903 80 2 25 10 45395 0 
-128.592 21.2205 0.208766 0.539892 4.85903 80 2 25 10 45396 0 
-128.574 21.2206 0.20878 0.539892 4.85903 80 2 25 10 45397 0 
-128.556 21.2207 0.208795 0.539892 4.85903 80 2 25 10 45398 0 
-128.538 21.2207 0.208809 0.539892 4.85903 80 2 25 10 45399 0 
-128.52 21.2208 0.208824 0.539892 4.85903 80 2 25 10 45400 0 
-128.502 21.2209 0.208838 0.539892 4.85903 80 2 25 10 45401 0 
-128.484 21.2209 0.208853 0.539892 4.85903 80 2 25 10 45402 0 
-128.466 21.221 0.208867 0.539892 4.85903 80 2 25 10 45403 0 
-128.448 21.2211 0.208882 0.539892 4.85903 80 2 25 10 45404 0 
-128.43 21.2211 0.208896 0.539892 4.85903 80 2 25 10 45405 0 
-128.412 21.2212 0.208911 0.539892 4.85903 80 2 25 10 45406 0 
-128.394 21.2213 0.208925 0.539892 4.85903 80 2 25 10 45407 0 
-128.376 21.2213 0.20894 0.539892 4.85903 80 2 25 10 45408 0 
-128.358 21.2214 0.208954 0.539892 4.85903 80 2 25 10 45409 0 
-128.34 21.2215 0.208969 0.539892 4.85903 80 2 25 10 45410 0 
-128.322 21.2215 0.208983 0.539892 4.85903 80 2 25 10 45411 0 
-128.304 21.2216 0.208998 0.539892 4.85903 80 2 25 10 45412 0 
-128.286 21.2216 0.209013 0.539892 4.85903 80 2 25 10 45413 0 
-128.268 21.2217 0.209027 0.539892 4.85903 80 2 25 10 45414 0 
-128.25 21.2218 0.209042 0.539892 4.85903 80 2 25 10 45415 0 
-128.232 21.2218 0.209056 0.539892 4.85903 80 2 25 10 45416 0 
-128.214 21.2219 0.209071 0.539892 4.85903 80 2 25 10 45417 0 
-128.196 21.222 0.209085 0.539892 4.85903 80 2 25 10 45418 0 
-128.178 21.222 0.2091 0.539892 4.85903 80 2 25 10 45419 0 
-128.16 21.2221 0.209114 0.539892 4.85903 80 2 25 10 45420 0 
-128.142 21.2222 0.209129 0.539892 4.85903 80 2 25 10 45421 0 
-128.124 21.2222 0.209144 0.539892 4.85903 80 2 25 10 45422 0 
-128.106 21.2223 0.209158 0.539892 4.85903 80 2 25 10 45423 0 
-128.088 21.2224 0.209173 0.539892 4.85903 80 2 25 10 45424 0 
-128.07 21.2224 0.209187 0.539892 4.85903 80 2 25 10 45425 0 
-128.052 21.2225 0.209202 0.539892 4.85903 80 2 25 10 45426 0 
-128.034 21.2226 0.209217 0.539892 4.85903 80 2 25 10 45427 0 
-128.016 21.2226 0.209231 0.539892 4.85903 80 2 25 10 45428 0 
-127.998 21.2227 0.209246 0.539892 4.85903 80 2 25 10 45429 0 
-127.98 21.2227 0.20926 0.539892 4.85903 80 2 25 10 45430 0 
-127.963 21.2228 0.209275 0.539892 4.85903 80 2 25 10 45431 0 
-127.945 21.2229 0.209289 0.539892 4.85903 80 2 25 10 45432 0 
-127.927 21.2229 0.209304 0.539892 4.85903 80 2 25 10 45433 0 
-127.909 21.223 0.209319 0.539892 4.85903 80 2 25 10 45434 0 
-127.891 21.2231 0.209333 0.539892 4.85903 80 2 25 10 45435 0 
-127.873 21.2231 0.209348 0.539892 4.85903 80 2 25 10 45436 0 
-127.855 21.2232 0.209362 0.539892 4.85903 80 2 25 10 45437 0 
-127.837 21.2233 0.209377 0.539892 4.85903 80 2 25 10 45438 0 
-127.819 21.2233 0.209392 0.539892 4.85903 80 2 25 10 45439 0 
-127.801 21.2234 0.209406 0.539892 4.85903 80 2 25 10 45440 0 
-127.783 21.2235 0.209421 0.539892 4.85903 80 2 25 10 45441 0 
-127.765 21.2235 0.209436 0.539892 4.85903 80 2 25 10 45442 0 
-127.747 21.2236 0.20945 0.539892 4.85903 80 2 25 10 45443 0 
-127.729 21.2237 0.209465 0.539892 4.85903 80 2 25 10 45444 0 
-127.711 21.2237 0.209479 0.539892 4.85903 80 2 25 10 45445 0 
-127.693 21.2238 0.209494 0.539892 4.85903 80 2 25 10 45446 0 
-127.675 21.2239 0.209509 0.539892 4.85903 80 2 25 10 45447 0 
-127.657 21.2239 0.209523 0.539892 4.85903 80 2 25 10 45448 0 
-127.639 21.224 0.209538 0.539892 4.85903 80 2 25 10 45449 0 
-127.621 21.2241 0.209553 0.539892 4.85903 80 2 25 10 45450 0 
-127.603 21.2241 0.209567 0.539892 4.85903 80 2 25 10 45451 0 
-127.585 21.2242 0.209582 0.539892 4.85903 80 2 25 10 45452 0 
-127.567 21.2243 0.209597 0.539892 4.85903 80 2 25 10 45453 0 
-127.549 21.2243 0.209611 0.539892 4.85903 80 2 25 10 45454 0 
-127.531 21.2244 0.209626 0.539892 4.85903 80 2 25 10 45455 0 
-127.513 21.2245 0.209641 0.539892 4.85903 80 2 25 10 45456 0 
-127.495 21.2245 0.209655 0.539892 4.85903 80 2 25 10 45457 0 
-127.477 21.2246 0.20967 0.539892 4.85903 80 2 25 10 45458 0 
-127.459 21.2247 0.209685 0.539892 4.85903 80 2 25 10 45459 0 
-127.441 21.2247 0.209699 0.539892 4.85903 80 2 25 10 45460 0 
-127.423 21.2248 0.209714 0.539892 4.85903 80 2 25 10 45461 0 
-127.405 21.2249 0.209728 0.539892 4.85903 80 2 25 10 45462 0 
-127.387 21.2249 0.209743 0.539892 4.85903 80 2 25 10 45463 0 
-127.369 21.225 0.209758 0.539892 4.85903 80 2 25 10 45464 0 
-127.351 21.2251 0.209772 0.539892 4.85903 80 2 25 10 45465 0 
-127.333 21.2251 0.209787 0.539892 4.85903 80 2 25 10 45466 0 
-127.315 21.2252 0.209802 0.539892 4.85903 80 2 25 10 45467 0 
-127.297 21.2253 0.209816 0.539892 4.85903 80 2 25 10 45468 0 
-127.279 21.2253 0.209831 0.539892 4.85903 80 2 25 10 45469 0 
-127.261 21.2254 0.209846 0.539892 4.85903 80 2 25 10 45470 0 
-127.243 21.2255 0.20986 0.539892 4.85903 80 2 25 10 45471 0 
-127.225 21.2255 0.209875 0.539892 4.85903 80 2 25 10 45472 0 
-127.207 21.2256 0.20989 0.539892 4.85903 80 2 25 10 45473 0 
-127.189 21.2257 0.209904 0.539892 4.85903 80 2 25 10 45474 0 
-127.171 21.2257 0.209919 0.539892 4.85903 80 2 25 10 45475 0 
-127.153 21.2258 0.209934 0.539892 4.85903 80 2 25 10 45476 0 
-127.135 21.2259 0.209948 0.539892 4.85903 80 2 25 10 45477 0 
-127.117 21.2259 0.209963 0.539892 4.85903 80 2 25 10 45478 0 
-127.099 21.226 0.209978 0.539892 4.85903 80 2 25 10 45479 0 
-127.081 21.2261 0.209992 0.539892 4.85903 80 2 25 10 45480 0 
-127.063 21.2261 0.210007 0.539892 4.85903 80 2 25 10 45481 0 
-127.045 21.2262 0.210022 0.539892 4.85903 80 2 25 10 45482 0 
-127.027 21.2263 0.210037 0.539892 4.85903 80 2 25 10 45483 0 
-127.009 21.2263 0.210051 0.539892 4.85903 80 2 25 10 45484 0 
-126.991 21.2264 0.210066 0.539892 4.85903 80 2 25 10 45485 0 
-126.973 21.2265 0.210081 0.539892 4.85903 80 2 25 10 45486 0 
-126.955 21.2265 0.210095 0.539892 4.85903 80 2 25 10 45487 0 
-126.937 21.2266 0.21011 0.539892 4.85903 80 2 25 10 45488 0 
-126.919 21.2267 0.210125 0.539892 4.85903 80 2 25 10 45489 0 
-126.901 21.2267 0.210139 0.539892 4.85903 80 2 25 10 45490 0 
-126.883 21.2268 0.210154 0.539892 4.85903 80 2 25 10 45491 0 
-126.865 21.2269 0.210169 0.539892 4.85903 80 2 25 10 45492 0 
-126.847 21.2269 0.210183 0.539892 4.85903 80 2 25 10 45493 0 
-126.829 21.227 0.210198 0.539892 4.85903 80 2 25 10 45494 0 
-126.811 21.2271 0.210213 0.539892 4.85903 80 2 25 10 45495 0 
-126.793 21.2271 0.210228 0.539892 4.85903 80 2 25 10 45496 0 
-126.775 21.2272 0.210242 0.539892 4.85903 80 2 25 10 45497 0 
-126.757 21.2273 0.210257 0.539892 4.85903 80 2 25 10 45498 0 
-126.739 21.2273 0.210272 0.539892 4.85903 80 2 25 10 45499 0 
-126.721 21.2274 0.210286 0.539892 4.85903 80 2 25 10 45500 0 
-126.703 21.2275 0.210301 0.539892 4.85903 80 2 25 10 45501 0 
-126.685 21.2275 0.210316 0.539892 4.85903 80 2 25 10 45502 0 
-126.667 21.2276 0.210331 0.539892 4.85903 80 2 25 10 45503 0 
-126.649 21.2277 0.210345 0.539892 4.85903 80 2 25 10 45504 0 
-126.631 21.2277 0.21036 0.539892 4.85903 80 2 25 10 45505 0 
-126.613 21.2278 0.210375 0.539892 4.85903 80 2 25 10 45506 0 
-126.595 21.2279 0.210389 0.539892 4.85903 80 2 25 10 45507 0 
-126.577 21.2279 0.210404 0.539892 4.85903 80 2 25 10 45508 0 
-126.559 21.228 0.210419 0.539892 4.85903 80 2 25 10 45509 0 
-126.541 21.2281 0.210434 0.539892 4.85903 80 2 25 10 45510 0 
-126.523 21.2281 0.210448 0.539892 4.85903 80 2 25 10 45511 0 
-126.505 21.2282 0.210463 0.539892 4.85903 80 2 25 10 45512 0 
-126.487 21.2283 0.210478 0.539892 4.85903 80 2 25 10 45513 0 
-126.469 21.2283 0.210493 0.539892 4.85903 80 2 25 10 45514 0 
-126.451 21.2284 0.210507 0.539892 4.85903 80 2 25 10 45515 0 
-126.433 21.2285 0.210522 0.539892 4.85903 80 2 25 10 45516 0 
-126.415 21.2285 0.210537 0.539892 4.85903 80 2 25 10 45517 0 
-126.397 21.2286 0.210552 0.539892 4.85903 80 2 25 10 45518 0 
-126.379 21.2287 0.210566 0.539892 4.85903 80 2 25 10 45519 0 
-126.361 21.2287 0.210581 0.539892 4.85903 80 2 25 10 45520 0 
-126.343 21.2288 0.210596 0.539892 4.85903 80 2 25 10 45521 0 
-126.325 21.2289 0.210611 0.539892 4.85903 80 2 25 10 45522 0 
-126.307 21.2289 0.210625 0.539892 4.85903 80 2 25 10 45523 0 
-126.289 21.229 0.21064 0.539892 4.85903 80 2 25 10 45524 0 
-126.271 21.2291 0.210655 0.539892 4.85903 80 2 25 10 45525 0 
-126.253 21.2291 0.21067 0.539892 4.85903 80 2 25 10 45526 0 
-126.235 21.2292 0.210684 0.539892 4.85903 80 2 25 10 45527 0 
-126.217 21.2293 0.210699 0.539892 4.85903 80 2 25 10 45528 0 
-126.199 21.2293 0.210714 0.539892 4.85903 80 2 25 10 45529 0 
-126.181 21.2294 0.210729 0.539892 4.85903 80 2 25 10 45530 0 
-126.163 21.2295 0.210744 0.539892 4.85903 80 2 25 10 45531 0 
-126.145 21.2295 0.210758 0.539892 4.85903 80 2 25 10 45532 0 
-126.127 21.2296 0.210773 0.539892 4.85903 80 2 25 10 45533 0 
-126.109 21.2297 0.210788 0.539892 4.85903 80 2 25 10 45534 0 
-126.091 21.2297 0.210803 0.539892 4.85903 80 2 25 10 45535 0 
-126.073 21.2298 0.210817 0.539892 4.85903 80 2 25 10 45536 0 
-126.055 21.2299 0.210832 0.539892 4.85903 80 2 25 10 45537 0 
-126.037 21.2299 0.210847 0.539892 4.85903 80 2 25 10 45538 0 
-126.019 21.23 0.210862 0.539892 4.85903 80 2 25 10 45539 0 
-126.001 21.2301 0.210877 0.539892 4.85903 80 2 25 10 45540 0 
-125.983 21.2301 0.210891 0.539892 4.85903 80 2 25 10 45541 0 
-125.965 21.2302 0.210906 0.539892 4.85903 80 2 25 10 45542 0 
-125.947 21.2303 0.210921 0.539892 4.85903 80 2 25 10 45543 0 
-125.929 21.2303 0.210936 0.539892 4.85903 80 2 25 10 45544 0 
-125.911 21.2304 0.210951 0.539892 4.85903 80 2 25 10 45545 0 
-125.893 21.2305 0.210965 0.539892 4.85903 80 2 25 10 45546 0 
-125.875 21.2305 0.21098 0.539892 4.85903 80 2 25 10 45547 0 
-125.857 21.2306 0.210995 0.539892 4.85903 80 2 25 10 45548 0 
-125.839 21.2307 0.21101 0.539892 4.85903 80 2 25 10 45549 0 
-125.821 21.2307 0.211025 0.539892 4.85903 80 2 25 10 45550 0 
-125.803 21.2308 0.21104 0.539892 4.85903 80 2 25 10 45551 0 
-125.785 21.2309 0.211054 0.539892 4.85903 80 2 25 10 45552 0 
-125.767 21.2309 0.211069 0.539892 4.85903 80 2 25 10 45553 0 
-125.749 21.231 0.211084 0.539892 4.85903 80 2 25 10 45554 0 
-125.731 21.2311 0.211099 0.539892 4.85903 80 2 25 10 45555 0 
-125.713 21.2311 0.211114 0.539892 4.85903 80 2 25 10 45556 0 
-125.695 21.2312 0.211129 0.539892 4.85903 80 2 25 10 45557 0 
-125.677 21.2313 0.211143 0.539892 4.85903 80 2 25 10 45558 0 
-125.659 21.2313 0.211158 0.539892 4.85903 80 2 25 10 45559 0 
-125.641 21.2314 0.211173 0.539892 4.85903 80 2 25 10 45560 0 
-125.623 21.2315 0.211188 0.539892 4.85903 80 2 25 10 45561 0 
-125.605 21.2315 0.211203 0.539892 4.85903 80 2 25 10 45562 0 
-125.587 21.2316 0.211218 0.539892 4.85903 80 2 25 10 45563 0 
-125.569 21.2317 0.211232 0.539892 4.85903 80 2 25 10 45564 0 
-125.551 21.2317 0.211247 0.539892 4.85903 80 2 25 10 45565 0 
-125.533 21.2318 0.211262 0.539892 4.85903 80 2 25 10 45566 0 
-125.515 21.2319 0.211277 0.539892 4.85903 80 2 25 10 45567 0 
-125.497 21.2319 0.211292 0.539892 4.85903 80 2 25 10 45568 0 
-125.479 21.232 0.211307 0.539892 4.85903 80 2 25 10 45569 0 
-125.461 21.2321 0.211322 0.539892 4.85903 80 2 25 10 45570 0 
-125.443 21.2321 0.211336 0.539892 4.85903 80 2 25 10 45571 0 
-125.425 21.2322 0.211351 0.539892 4.85903 80 2 25 10 45572 0 
-125.407 21.2323 0.211366 0.539892 4.85903 80 2 25 10 45573 0 
-125.389 21.2323 0.211381 0.539892 4.85903 80 2 25 10 45574 0 
-125.371 21.2324 0.211396 0.539892 4.85903 80 2 25 10 45575 0 
-125.353 21.2325 0.211411 0.539892 4.85903 80 2 25 10 45576 0 
-125.335 21.2325 0.211426 0.539892 4.85903 80 2 25 10 45577 0 
-125.317 21.2326 0.211441 0.539892 4.85903 80 2 25 10 45578 0 
-125.299 21.2327 0.211456 0.539892 4.85903 80 2 25 10 45579 0 
-125.281 21.2327 0.21147 0.539892 4.85903 80 2 25 10 45580 0 
-125.263 21.2328 0.211485 0.539892 4.85903 80 2 25 10 45581 0 
-125.245 21.2329 0.2115 0.539892 4.85903 80 2 25 10 45582 0 
-125.227 21.2329 0.211515 0.539892 4.85903 80 2 25 10 45583 0 
-125.209 21.233 0.21153 0.539892 4.85903 80 2 25 10 45584 0 
-125.191 21.2331 0.211545 0.539892 4.85903 80 2 25 10 45585 0 
-125.173 21.2331 0.21156 0.539892 4.85903 80 2 25 10 45586 0 
-125.155 21.2332 0.211575 0.539892 4.85903 80 2 25 10 45587 0 
-125.137 21.2333 0.21159 0.539892 4.85903 80 2 25 10 45588 0 
-125.119 21.2333 0.211605 0.539892 4.85903 80 2 25 10 45589 0 
-125.101 21.2334 0.211619 0.539892 4.85903 80 2 25 10 45590 0 
-125.083 21.2335 0.211634 0.539892 4.85903 80 2 25 10 45591 0 
-125.065 21.2335 0.211649 0.539892 4.85903 80 2 25 10 45592 0 
-125.047 21.2336 0.211664 0.539892 4.85903 80 2 25 10 45593 0 
-125.029 21.2337 0.211679 0.539892 4.85903 80 2 25 10 45594 0 
-125.011 21.2337 0.211694 0.539892 4.85903 80 2 25 10 45595 0 
-124.993 21.2338 0.211709 0.539892 4.85903 80 2 25 10 45596 0 
-124.975 21.2339 0.211724 0.539892 4.85903 80 2 25 10 45597 0 
-124.957 21.2339 0.211739 0.539892 4.85903 80 2 25 10 45598 0 
-124.939 21.234 0.211754 0.539892 4.85903 80 2 25 10 45599 0 
-124.921 21.2341 0.211769 0.539892 4.85903 80 2 25 10 45600 0 
-124.903 21.2341 0.211784 0.539892 4.85903 80 2 25 10 45601 0 
-124.885 21.2342 0.211799 0.539892 4.85903 80 2 25 10 45602 0 
-124.867 21.2343 0.211814 0.539892 4.85903 80 2 25 10 45603 0 
-124.849 21.2343 0.211829 0.539892 4.85903 80 2 25 10 45604 0 
-124.831 21.2344 0.211843 0.539892 4.85903 80 2 25 10 45605 0 
-124.813 21.2345 0.211858 0.539892 4.85903 80 2 25 10 45606 0 
-124.795 21.2345 0.211873 0.539892 4.85903 80 2 25 10 45607 0 
-124.777 21.2346 0.211888 0.539892 4.85903 80 2 25 10 45608 0 
-124.759 21.2347 0.211903 0.539892 4.85903 80 2 25 10 45609 0 
-124.741 21.2347 0.211918 0.539892 4.85903 80 2 25 10 45610 0 
-124.723 21.2348 0.211933 0.539892 4.85903 80 2 25 10 45611 0 
-124.705 21.2349 0.211948 0.539892 4.85903 80 2 25 10 45612 0 
-124.687 21.2349 0.211963 0.539892 4.85903 80 2 25 10 45613 0 
-124.669 21.235 0.211978 0.539892 4.85903 80 2 25 10 45614 0 
-124.651 21.2351 0.211993 0.539892 4.85903 80 2 25 10 45615 0 
-124.633 21.2351 0.212008 0.539892 4.85903 80 2 25 10 45616 0 
-124.615 21.2352 0.212023 0.539892 4.85903 80 2 25 10 45617 0 
-124.597 21.2353 0.212038 0.539892 4.85903 80 2 25 10 45618 0 
-124.579 21.2353 0.212053 0.539892 4.85903 80 2 25 10 45619 0 
-124.561 21.2354 0.212068 0.539892 4.85903 80 2 25 10 45620 0 
-124.543 21.2355 0.212083 0.539892 4.85903 80 2 25 10 45621 0 
-124.525 21.2355 0.212098 0.539892 4.85903 80 2 25 10 45622 0 
-124.507 21.2356 0.212113 0.539892 4.85903 80 2 25 10 45623 0 
-124.489 21.2357 0.212128 0.539892 4.85903 80 2 25 10 45624 0 
-124.471 21.2357 0.212143 0.539892 4.85903 80 2 25 10 45625 0 
-124.453 21.2358 0.212158 0.539892 4.85903 80 2 25 10 45626 0 
-124.435 21.2359 0.212173 0.539892 4.85903 80 2 25 10 45627 0 
-124.417 21.2359 0.212188 0.539892 4.85903 80 2 25 10 45628 0 
-124.399 21.236 0.212203 0.539892 4.85903 80 2 25 10 45629 0 
-124.381 21.2361 0.212218 0.539892 4.85903 80 2 25 10 45630 0 
-124.363 21.2361 0.212233 0.539892 4.85903 80 2 25 10 45631 0 
-124.345 21.2362 0.212248 0.539892 4.85903 80 2 25 10 45632 0 
-124.327 21.2363 0.212263 0.539892 4.85903 80 2 25 10 45633 0 
-124.309 21.2363 0.212278 0.539892 4.85903 80 2 25 10 45634 0 
-124.291 21.2364 0.212293 0.539892 4.85903 80 2 25 10 45635 0 
-124.273 21.2365 0.212308 0.539892 4.85903 80 2 25 10 45636 0 
-124.255 21.2365 0.212323 0.539892 4.85903 80 2 25 10 45637 0 
-124.237 21.2366 0.212338 0.539892 4.85903 80 2 25 10 45638 0 
-124.219 21.2367 0.212353 0.539892 4.85903 80 2 25 10 45639 0 
-124.201 21.2367 0.212368 0.539892 4.85903 80 2 25 10 45640 0 
-124.183 21.2368 0.212383 0.539892 4.85903 80 2 25 10 45641 0 
-124.165 21.2369 0.212398 0.539892 4.85903 80 2 25 10 45642 0 
-124.147 21.2369 0.212414 0.539892 4.85903 80 2 25 10 45643 0 
-124.129 21.237 0.212429 0.539892 4.85903 80 2 25 10 45644 0 
-124.111 21.2371 0.212444 0.539892 4.85903 80 2 25 10 45645 0 
-124.093 21.2371 0.212459 0.539892 4.85903 80 2 25 10 45646 0 
-124.075 21.2372 0.212474 0.539892 4.85903 80 2 25 10 45647 0 
-124.057 21.2373 0.212489 0.539892 4.85903 80 2 25 10 45648 0 
-124.039 21.2373 0.212504 0.539892 4.85903 80 2 25 10 45649 0 
-124.021 21.2374 0.212519 0.539892 4.85903 80 2 25 10 45650 0 
-124.003 21.2375 0.212534 0.539892 4.85903 80 2 25 10 45651 0 
-123.985 21.2375 0.212549 0.539892 4.85903 80 2 25 10 45652 0 
-123.967 21.2376 0.212564 0.539892 4.85903 80 2 25 10 45653 0 
-123.949 21.2377 0.212579 0.539892 4.85903 80 2 25 10 45654 0 
-123.931 21.2377 0.212594 0.539892 4.85903 80 2 25 10 45655 0 
-123.913 21.2378 0.212609 0.539892 4.85903 80 2 25 10 45656 0 
-123.895 21.2379 0.212625 0.539892 4.85903 80 2 25 10 45657 0 
-123.877 21.2379 0.21264 0.539892 4.85903 80 2 25 10 45658 0 
-123.859 21.238 0.212655 0.539892 4.85903 80 2 25 10 45659 0 
-123.841 21.2381 0.21267 0.539892 4.85903 80 2 25 10 45660 0 
-123.823 21.2381 0.212685 0.539892 4.85903 80 2 25 10 45661 0 
-123.805 21.2382 0.2127 0.539892 4.85903 80 2 25 10 45662 0 
-123.787 21.2383 0.212715 0.539892 4.85903 80 2 25 10 45663 0 
-123.769 21.2383 0.21273 0.539892 4.85903 80 2 25 10 45664 0 
-123.751 21.2384 0.212745 0.539892 4.85903 80 2 25 10 45665 0 
-123.733 21.2385 0.21276 0.539892 4.85903 80 2 25 10 45666 0 
-123.715 21.2385 0.212776 0.539892 4.85903 80 2 25 10 45667 0 
-123.697 21.2386 0.212791 0.539892 4.85903 80 2 25 10 45668 0 
-123.679 21.2387 0.212806 0.539892 4.85903 80 2 25 10 45669 0 
-123.661 21.2387 0.212821 0.539892 4.85903 80 2 25 10 45670 0 
-123.643 21.2388 0.212836 0.539892 4.85903 80 2 25 10 45671 0 
-123.625 21.2389 0.212851 0.539892 4.85903 80 2 25 10 45672 0 
-123.607 21.2389 0.212866 0.539892 4.85903 80 2 25 10 45673 0 
-123.589 21.239 0.212881 0.539892 4.85903 80 2 25 10 45674 0 
-123.571 21.2391 0.212897 0.539892 4.85903 80 2 25 10 45675 0 
-123.553 21.2391 0.212912 0.539892 4.85903 80 2 25 10 45676 0 
-123.535 21.2392 0.212927 0.539892 4.85903 80 2 25 10 45677 0 
-123.517 21.2393 0.212942 0.539892 4.85903 80 2 25 10 45678 0 
-123.499 21.2393 0.212957 0.539892 4.85903 80 2 25 10 45679 0 
-123.481 21.2394 0.212972 0.539892 4.85903 80 2 25 10 45680 0 
-123.463 21.2395 0.212987 0.539892 4.85903 80 2 25 10 45681 0 
-123.445 21.2395 0.213003 0.539892 4.85903 80 2 25 10 45682 0 
-123.427 21.2396 0.213018 0.539892 4.85903 80 2 25 10 45683 0 
-123.409 21.2397 0.213033 0.539892 4.85903 80 2 25 10 45684 0 
-123.391 21.2397 0.213048 0.539892 4.85903 80 2 25 10 45685 0 
-123.373 21.2398 0.213063 0.539892 4.85903 80 2 25 10 45686 0 
-123.355 21.2399 0.213078 0.539892 4.85903 80 2 25 10 45687 0 
-123.337 21.2399 0.213094 0.539892 4.85903 80 2 25 10 45688 0 
-123.319 21.24 0.213109 0.539892 4.85903 80 2 25 10 45689 0 
-123.301 21.2401 0.213124 0.539892 4.85903 80 2 25 10 45690 0 
-123.283 21.2401 0.213139 0.539892 4.85903 80 2 25 10 45691 0 
-123.265 21.2402 0.213154 0.539892 4.85903 80 2 25 10 45692 0 
-123.247 21.2403 0.213169 0.539892 4.85903 80 2 25 10 45693 0 
-123.229 21.2403 0.213185 0.539892 4.85903 80 2 25 10 45694 0 
-123.211 21.2404 0.2132 0.539892 4.85903 80 2 25 10 45695 0 
-123.193 21.2405 0.213215 0.539892 4.85903 80 2 25 10 45696 0 
-123.175 21.2405 0.21323 0.539892 4.85903 80 2 25 10 45697 0 
-123.157 21.2406 0.213245 0.539892 4.85903 80 2 25 10 45698 0 
-123.139 21.2407 0.213261 0.539892 4.85903 80 2 25 10 45699 0 
-123.121 21.2407 0.213276 0.539892 4.85903 80 2 25 10 45700 0 
-123.103 21.2408 0.213291 0.539892 4.85903 80 2 25 10 45701 0 
-123.085 21.2409 0.213306 0.539892 4.85903 80 2 25 10 45702 0 
-123.067 21.2409 0.213321 0.539892 4.85903 80 2 25 10 45703 0 
-123.049 21.241 0.213337 0.539892 4.85903 80 2 25 10 45704 0 
-123.031 21.2411 0.213352 0.539892 4.85903 80 2 25 10 45705 0 
-123.013 21.2411 0.213367 0.539892 4.85903 80 2 25 10 45706 0 
-122.995 21.2412 0.213382 0.539892 4.85903 80 2 25 10 45707 0 
-122.977 21.2413 0.213397 0.539892 4.85903 80 2 25 10 45708 0 
-122.959 21.2413 0.213413 0.539892 4.85903 80 2 25 10 45709 0 
-122.941 21.2414 0.213428 0.539892 4.85903 80 2 25 10 45710 0 
-122.923 21.2415 0.213443 0.539892 4.85903 80 2 25 10 45711 0 
-122.905 21.2415 0.213458 0.539892 4.85903 80 2 25 10 45712 0 
-122.887 21.2416 0.213474 0.539892 4.85903 80 2 25 10 45713 0 
-122.869 21.2417 0.213489 0.539892 4.85903 80 2 25 10 45714 0 
-122.851 21.2417 0.213504 0.539892 4.85903 80 2 25 10 45715 0 
-122.833 21.2418 0.213519 0.539892 4.85903 80 2 25 10 45716 0 
-122.815 21.2419 0.213535 0.539892 4.85903 80 2 25 10 45717 0 
-122.797 21.2419 0.21355 0.539892 4.85903 80 2 25 10 45718 0 
-122.779 21.242 0.213565 0.539892 4.85903 80 2 25 10 45719 0 
-122.761 21.2421 0.21358 0.539892 4.85903 80 2 25 10 45720 0 
-122.743 21.2421 0.213596 0.539892 4.85903 80 2 25 10 45721 0 
-122.725 21.2422 0.213611 0.539892 4.85903 80 2 25 10 45722 0 
-122.707 21.2423 0.213626 0.539892 4.85903 80 2 25 10 45723 0 
-122.689 21.2423 0.213641 0.539892 4.85903 80 2 25 10 45724 0 
-122.671 21.2424 0.213657 0.539892 4.85903 80 2 25 10 45725 0 
-122.653 21.2425 0.213672 0.539892 4.85903 80 2 25 10 45726 0 
-122.635 21.2425 0.213687 0.539892 4.85903 80 2 25 10 45727 0 
-122.617 21.2426 0.213702 0.539892 4.85903 80 2 25 10 45728 0 
-122.599 21.2427 0.213718 0.539892 4.85903 80 2 25 10 45729 0 
-122.581 21.2427 0.213733 0.539892 4.85903 80 2 25 10 45730 0 
-122.563 21.2428 0.213748 0.539892 4.85903 80 2 25 10 45731 0 
-122.545 21.2429 0.213764 0.539892 4.85903 80 2 25 10 45732 0 
-122.527 21.2429 0.213779 0.539892 4.85903 80 2 25 10 45733 0 
-122.509 21.243 0.213794 0.539892 4.85903 80 2 25 10 45734 0 
-122.491 21.2431 0.213809 0.539892 4.85903 80 2 25 10 45735 0 
-122.473 21.2431 0.213825 0.539892 4.85903 80 2 25 10 45736 0 
-122.455 21.2432 0.21384 0.539892 4.85903 80 2 25 10 45737 0 
-122.437 21.2433 0.213855 0.539892 4.85903 80 2 25 10 45738 0 
-122.419 21.2433 0.213871 0.539892 4.85903 80 2 25 10 45739 0 
-122.401 21.2434 0.213886 0.539892 4.85903 80 2 25 10 45740 0 
-122.383 21.2435 0.213901 0.539892 4.85903 80 2 25 10 45741 0 
-122.365 21.2435 0.213917 0.539892 4.85903 80 2 25 10 45742 0 
-122.347 21.2436 0.213932 0.539892 4.85903 80 2 25 10 45743 0 
-122.329 21.2437 0.213947 0.539892 4.85903 80 2 25 10 45744 0 
-122.311 21.2437 0.213963 0.539892 4.85903 80 2 25 10 45745 0 
-122.293 21.2438 0.213978 0.539892 4.85903 80 2 25 10 45746 0 
-122.275 21.2439 0.213993 0.539892 4.85903 80 2 25 10 45747 0 
-122.257 21.2439 0.214009 0.539892 4.85903 80 2 25 10 45748 0 
-122.239 21.244 0.214024 0.539892 4.85903 80 2 25 10 45749 0 
-122.221 21.2441 0.214039 0.539892 4.85903 80 2 25 10 45750 0 
-122.203 21.2441 0.214055 0.539892 4.85903 80 2 25 10 45751 0 
-122.185 21.2442 0.21407 0.539892 4.85903 80 2 25 10 45752 0 
-122.167 21.2443 0.214085 0.539892 4.85903 80 2 25 10 45753 0 
-122.149 21.2443 0.214101 0.539892 4.85903 80 2 25 10 45754 0 
-122.131 21.2444 0.214116 0.539892 4.85903 80 2 25 10 45755 0 
-122.113 21.2445 0.214131 0.539892 4.85903 80 2 25 10 45756 0 
-122.095 21.2445 0.214147 0.539892 4.85903 80 2 25 10 45757 0 
-122.077 21.2446 0.214162 0.539892 4.85903 80 2 25 10 45758 0 
-122.059 21.2447 0.214177 0.539892 4.85903 80 2 25 10 45759 0 
-122.041 21.2447 0.214193 0.539892 4.85903 80 2 25 10 45760 0 
-122.023 21.2448 0.214208 0.539892 4.85903 80 2 25 10 45761 0 
-122.005 21.2449 0.214224 0.539892 4.85903 80 2 25 10 45762 0 
-121.987 21.2449 0.214239 0.539892 4.85903 80 2 25 10 45763 0 
-121.969 21.245 0.214254 0.539892 4.85903 80 2 25 10 45764 0 
-121.951 21.2451 0.21427 0.539892 4.85903 80 2 25 10 45765 0 
-121.933 21.2451 0.214285 0.539892 4.85903 80 2 25 10 45766 0 
-121.915 21.2452 0.2143 0.539892 4.85903 80 2 25 10 45767 0 
-121.897 21.2453 0.214316 0.539892 4.85903 80 2 25 10 45768 0 
-121.879 21.2453 0.214331 0.539892 4.85903 80 2 25 10 45769 0 
-121.861 21.2454 0.214347 0.539892 4.85903 80 2 25 10 45770 0 
-121.843 21.2455 0.214362 0.539892 4.85903 80 2 25 10 45771 0 
-121.825 21.2455 0.214377 0.539892 4.85903 80 2 25 10 45772 0 
-121.807 21.2456 0.214393 0.539892 4.85903 80 2 25 10 45773 0 
-121.789 21.2457 0.214408 0.539892 4.85903 80 2 25 10 45774 0 
-121.771 21.2457 0.214424 0.539892 4.85903 80 2 25 10 45775 0 
-121.753 21.2458 0.214439 0.539892 4.85903 80 2 25 10 45776 0 
-121.735 21.2459 0.214454 0.539892 4.85903 80 2 25 10 45777 0 
-121.717 21.2459 0.21447 0.539892 4.85903 80 2 25 10 45778 0 
-121.699 21.246 0.214485 0.539892 4.85903 80 2 25 10 45779 0 
-121.681 21.2461 0.214501 0.539892 4.85903 80 2 25 10 45780 0 
-121.663 21.2461 0.214516 0.539892 4.85903 80 2 25 10 45781 0 
-121.645 21.2462 0.214531 0.539892 4.85903 80 2 25 10 45782 0 
-121.627 21.2463 0.214547 0.539892 4.85903 80 2 25 10 45783 0 
-121.609 21.2463 0.214562 0.539892 4.85903 80 2 25 10 45784 0 
-121.591 21.2464 0.214578 0.539892 4.85903 80 2 25 10 45785 0 
-121.573 21.2465 0.214593 0.539892 4.85903 80 2 25 10 45786 0 
-121.555 21.2465 0.214609 0.539892 4.85903 80 2 25 10 45787 0 
-121.537 21.2466 0.214624 0.539892 4.85903 80 2 25 10 45788 0 
-121.519 21.2467 0.21464 0.539892 4.85903 80 2 25 10 45789 0 
-121.501 21.2467 0.214655 0.539892 4.85903 80 2 25 10 45790 0 
-121.483 21.2468 0.21467 0.539892 4.85903 80 2 25 10 45791 0 
-121.465 21.2469 0.214686 0.539892 4.85903 80 2 25 10 45792 0 
-121.447 21.247 0.214701 0.539892 4.85903 80 2 25 10 45793 0 
-121.429 21.247 0.214717 0.539892 4.85903 80 2 25 10 45794 0 
-121.411 21.2471 0.214732 0.539892 4.85903 80 2 25 10 45795 0 
-121.393 21.2472 0.214748 0.539892 4.85903 80 2 25 10 45796 0 
-121.375 21.2472 0.214763 0.539892 4.85903 80 2 25 10 45797 0 
-121.357 21.2473 0.214779 0.539892 4.85903 80 2 25 10 45798 0 
-121.339 21.2474 0.214794 0.539892 4.85903 80 2 25 10 45799 0 
-121.321 21.2474 0.21481 0.539892 4.85903 80 2 25 10 45800 0 
-121.303 21.2475 0.214825 0.539892 4.85903 80 2 25 10 45801 0 
-121.285 21.2476 0.214841 0.539892 4.85903 80 2 25 10 45802 0 
-121.267 21.2476 0.214856 0.539892 4.85903 80 2 25 10 45803 0 
-121.249 21.2477 0.214872 0.539892 4.85903 80 2 25 10 45804 0 
-121.231 21.2478 0.214887 0.539892 4.85903 80 2 25 10 45805 0 
-121.213 21.2478 0.214902 0.539892 4.85903 80 2 25 10 45806 0 
-121.195 21.2479 0.214918 0.539892 4.85903 80 2 25 10 45807 0 
-121.177 21.248 0.214933 0.539892 4.85903 80 2 25 10 45808 0 
-121.159 21.248 0.214949 0.539892 4.85903 80 2 25 10 45809 0 
-121.141 21.2481 0.214964 0.539892 4.85903 80 2 25 10 45810 0 
-121.123 21.2482 0.21498 0.539892 4.85903 80 2 25 10 45811 0 
-121.105 21.2482 0.214995 0.539892 4.85903 80 2 25 10 45812 0 
-121.087 21.2483 0.215011 0.539892 4.85903 80 2 25 10 45813 0 
-121.069 21.2484 0.215027 0.539892 4.85903 80 2 25 10 45814 0 
-121.051 21.2484 0.215042 0.539892 4.85903 80 2 25 10 45815 0 
-121.033 21.2485 0.215058 0.539892 4.85903 80 2 25 10 45816 0 
-121.015 21.2486 0.215073 0.539892 4.85903 80 2 25 10 45817 0 
-120.997 21.2486 0.215089 0.539892 4.85903 80 2 25 10 45818 0 
-120.979 21.2487 0.215104 0.539892 4.85903 80 2 25 10 45819 0 
-120.961 21.2488 0.21512 0.539892 4.85903 80 2 25 10 45820 0 
-120.943 21.2488 0.215135 0.539892 4.85903 80 2 25 10 45821 0 
-120.925 21.2489 0.215151 0.539892 4.85903 80 2 25 10 45822 0 
-120.907 21.249 0.215166 0.539892 4.85903 80 2 25 10 45823 0 
-120.889 21.249 0.215182 0.539892 4.85903 80 2 25 10 45824 0 
-120.871 21.2491 0.215197 0.539892 4.85903 80 2 25 10 45825 0 
-120.853 21.2492 0.215213 0.539892 4.85903 80 2 25 10 45826 0 
-120.835 21.2492 0.215228 0.539892 4.85903 80 2 25 10 45827 0 
-120.817 21.2493 0.215244 0.539892 4.85903 80 2 25 10 45828 0 
-120.799 21.2494 0.21526 0.539892 4.85903 80 2 25 10 45829 0 
-120.781 21.2494 0.215275 0.539892 4.85903 80 2 25 10 45830 0 
-120.763 21.2495 0.215291 0.539892 4.85903 80 2 25 10 45831 0 
-120.745 21.2496 0.215306 0.539892 4.85903 80 2 25 10 45832 0 
-120.727 21.2496 0.215322 0.539892 4.85903 80 2 25 10 45833 0 
-120.709 21.2497 0.215337 0.539892 4.85903 80 2 25 10 45834 0 
-120.691 21.2498 0.215353 0.539892 4.85903 80 2 25 10 45835 0 
-120.673 21.2498 0.215369 0.539892 4.85903 80 2 25 10 45836 0 
-120.655 21.2499 0.215384 0.539892 4.85903 80 2 25 10 45837 0 
-120.637 21.25 0.2154 0.539892 4.85903 80 2 25 10 45838 0 
-120.619 21.25 0.215415 0.539892 4.85903 80 2 25 10 45839 0 
-120.601 21.2501 0.215431 0.539892 4.85903 80 2 25 10 45840 0 
-120.583 21.2502 0.215446 0.539892 4.85903 80 2 25 10 45841 0 
-120.565 21.2502 0.215462 0.539892 4.85903 80 2 25 10 45842 0 
-120.547 21.2503 0.215478 0.539892 4.85903 80 2 25 10 45843 0 
-120.529 21.2504 0.215493 0.539892 4.85903 80 2 25 10 45844 0 
-120.511 21.2504 0.215509 0.539892 4.85903 80 2 25 10 45845 0 
-120.493 21.2505 0.215524 0.539892 4.85903 80 2 25 10 45846 0 
-120.475 21.2506 0.21554 0.539892 4.85903 80 2 25 10 45847 0 
-120.457 21.2506 0.215556 0.539892 4.85903 80 2 25 10 45848 0 
-120.439 21.2507 0.215571 0.539892 4.85903 80 2 25 10 45849 0 
-120.421 21.2508 0.215587 0.539892 4.85903 80 2 25 10 45850 0 
-120.403 21.2508 0.215602 0.539892 4.85903 80 2 25 10 45851 0 
-120.385 21.2509 0.215618 0.539892 4.85903 80 2 25 10 45852 0 
-120.367 21.251 0.215634 0.539892 4.85903 80 2 25 10 45853 0 
-120.349 21.251 0.215649 0.539892 4.85903 80 2 25 10 45854 0 
-120.331 21.2511 0.215665 0.539892 4.85903 80 2 25 10 45855 0 
-120.313 21.2512 0.215681 0.539892 4.85903 80 2 25 10 45856 0 
-120.295 21.2512 0.215696 0.539892 4.85903 80 2 25 10 45857 0 
-120.277 21.2513 0.215712 0.539892 4.85903 80 2 25 10 45858 0 
-120.259 21.2514 0.215727 0.539892 4.85903 80 2 25 10 45859 0 
-120.241 21.2514 0.215743 0.539892 4.85903 80 2 25 10 45860 0 
-120.223 21.2515 0.215759 0.539892 4.85903 80 2 25 10 45861 0 
-120.205 21.2516 0.215774 0.539892 4.85903 80 2 25 10 45862 0 
-120.187 21.2516 0.21579 0.539892 4.85903 80 2 25 10 45863 0 
-120.169 21.2517 0.215806 0.539892 4.85903 80 2 25 10 45864 0 
-120.151 21.2518 0.215821 0.539892 4.85903 80 2 25 10 45865 0 
-120.133 21.2519 0.215837 0.539892 4.85903 80 2 25 10 45866 0 
-120.115 21.2519 0.215852 0.539892 4.85903 80 2 25 10 45867 0 
-120.097 21.252 0.215868 0.539892 4.85903 80 2 25 10 45868 0 
-120.079 21.2521 0.215884 0.539892 4.85903 80 2 25 10 45869 0 
-120.061 21.2521 0.215899 0.539892 4.85903 80 2 25 10 45870 0 
-120.043 21.2522 0.215915 0.539892 4.85903 80 2 25 10 45871 0 
-120.025 21.2523 0.215931 0.539892 4.85903 80 2 25 10 45872 0 
-120.007 21.2523 0.215946 0.539892 4.85903 80 2 25 10 45873 0 
-119.99 21.2524 0.215962 0.539892 4.85903 80 2 25 10 45874 0 
-119.972 21.2525 0.215978 0.539892 4.85903 80 2 25 10 45875 0 
-119.954 21.2525 0.215993 0.539892 4.85903 80 2 25 10 45876 0 
-119.936 21.2526 0.216009 0.539892 4.85903 80 2 25 10 45877 0 
-119.918 21.2527 0.216025 0.539892 4.85903 80 2 25 10 45878 0 
-119.9 21.2527 0.21604 0.539892 4.85903 80 2 25 10 45879 0 
-119.882 21.2528 0.216056 0.539892 4.85903 80 2 25 10 45880 0 
-119.864 21.2529 0.216072 0.539892 4.85903 80 2 25 10 45881 0 
-119.846 21.253 0.216087 0.539892 4.85903 80 2 25 10 45882 0 
-119.828 21.253 0.216103 0.539892 4.85903 80 2 25 10 45883 0 
-119.81 21.2531 0.216119 0.539892 4.85903 80 2 25 10 45884 0 
-119.792 21.2532 0.216134 0.539892 4.85903 80 2 25 10 45885 0 
-119.774 21.2532 0.21615 0.539892 4.85903 80 2 25 10 45886 0 
-119.756 21.2533 0.216166 0.539892 4.85903 80 2 25 10 45887 0 
-119.738 21.2534 0.216181 0.539892 4.85903 80 2 25 10 45888 0 
-119.72 21.2534 0.216197 0.539892 4.85903 80 2 25 10 45889 0 
-119.702 21.2535 0.216213 0.539892 4.85903 80 2 25 10 45890 0 
-119.684 21.2536 0.216228 0.539892 4.85903 80 2 25 10 45891 0 
-119.666 21.2536 0.216244 0.539892 4.85903 80 2 25 10 45892 0 
-119.648 21.2537 0.21626 0.539892 4.85903 80 2 25 10 45893 0 
-119.63 21.2538 0.216275 0.539892 4.85903 80 2 25 10 45894 0 
-119.612 21.2538 0.216291 0.539892 4.85903 80 2 25 10 45895 0 
-119.594 21.2539 0.216307 0.539892 4.85903 80 2 25 10 45896 0 
-119.576 21.254 0.216322 0.539892 4.85903 80 2 25 10 45897 0 
-119.558 21.2541 0.216338 0.539892 4.85903 80 2 25 10 45898 0 
-119.54 21.2541 0.216354 0.539892 4.85903 80 2 25 10 45899 0 
-119.522 21.2542 0.216369 0.539892 4.85903 80 2 25 10 45900 0 
-119.504 21.2543 0.216385 0.539892 4.85903 80 2 25 10 45901 0 
-119.486 21.2543 0.216401 0.539892 4.85903 80 2 25 10 45902 0 
-119.468 21.2544 0.216416 0.539892 4.85903 80 2 25 10 45903 0 
-119.45 21.2545 0.216432 0.539892 4.85903 80 2 25 10 45904 0 
-119.432 21.2545 0.216448 0.539892 4.85903 80 2 25 10 45905 0 
-119.414 21.2546 0.216464 0.539892 4.85903 80 2 25 10 45906 0 
-119.396 21.2547 0.216479 0.539892 4.85903 80 2 25 10 45907 0 
-119.378 21.2547 0.216495 0.539892 4.85903 80 2 25 10 45908 0 
-119.36 21.2548 0.216511 0.539892 4.85903 80 2 25 10 45909 0 
-119.342 21.2549 0.216526 0.539892 4.85903 80 2 25 10 45910 0 
-119.324 21.2549 0.216542 0.539892 4.85903 80 2 25 10 45911 0 
-119.306 21.255 0.216558 0.539892 4.85903 80 2 25 10 45912 0 
-119.288 21.2551 0.216574 0.539892 4.85903 80 2 25 10 45913 0 
-119.27 21.2551 0.216589 0.539892 4.85903 80 2 25 10 45914 0 
-119.252 21.2552 0.216605 0.539892 4.85903 80 2 25 10 45915 0 
-119.234 21.2553 0.216621 0.539892 4.85903 80 2 25 10 45916 0 
-119.225 21.2553 -0.319489 0.539892 4.85903 80 2 25 10 45917 0 
-119.207 21.2552 -0.310538 0.539892 4.85903 80 2 25 10 45918 0 
-119.198 21.2552 -0.842116 0.539892 4.85903 80 2 25 10 45919 0 
-119.19 21.255 -1.36938 0.539892 4.85903 80 2 25 10 45920 0 
-119.172 21.2546 -1.34293 0.539892 4.85903 80 2 25 10 45921 0 
-119.163 21.2544 -1.86584 0.539892 4.85903 80 2 25 10 45922 0 
-119.154 21.2541 -2.3845 0.539892 4.85903 80 2 25 10 45923 0 
-119.136 21.2534 -2.34113 0.539892 4.85903 80 2 25 10 45924 0 
-119.128 21.253 -2.85561 0.539892 4.85903 80 2 25 10 45925 0 
-119.119 21.2526 -3.36589 0.539892 4.85903 80 2 25 10 45926 0 
-119.101 21.2515 -3.30616 0.539892 4.85903 80 2 25 10 45927 0 
-119.092 21.251 -3.81244 0.539892 4.85903 80 2 25 10 45928 0 
-119.074 21.2498 -3.74526 0.539892 4.85903 80 2 25 10 45929 0 
-119.066 21.2493 -4.2476 0.539892 4.85903 80 2 25 10 45930 0 
-119.057 21.2486 -4.74584 0.539892 4.85903 80 2 25 10 45931 0 
-119.039 21.2471 -4.6631 0.539892 4.85903 80 2 25 10 45932 0 
-119.03 21.2464 -5.15757 0.539892 4.85903 80 2 25 10 45933 0 
-119.022 21.2457 -5.64797 0.539892 4.85903 80 2 25 10 45934 0 
-119.004 21.2439 -5.5502 0.539892 4.85903 80 2 25 10 45935 0 
-118.995 21.243 -6.03699 0.539892 4.85903 80 2 25 10 45936 0 
-118.977 21.2411 -5.93274 0.539892 4.85903 80 2 25 10 45937 0 
-118.969 21.2403 -6.41599 0.539892 4.85903 80 2 25 10 45938 0 
-118.96 21.2393 -6.89527 0.539892 4.85903 80 2 25 10 45939 0 
-118.942 21.2371 -6.7767 0.539892 4.85903 80 2 25 10 45940 0 
-118.934 21.2361 -7.25258 0.539892 4.85903 80 2 25 10 45941 0 
-118.916 21.2338 -7.12806 0.539892 4.85903 80 2 25 10 45942 0 
-118.907 21.2327 -7.60062 0.539892 4.85903 80 2 25 10 45943 0 
-118.898 21.2316 -8.06927 0.539892 4.85903 80 2 25 10 45944 0 
-118.881 21.2291 -7.93113 0.539892 4.85903 80 2 25 10 45945 0 
-118.872 21.2279 -8.39661 0.539892 4.85903 80 2 25 10 45946 0 
-118.854 21.2252 -8.253 0.539892 4.85903 80 2 25 10 45947 0 
-118.846 21.224 -8.71536 0.539892 4.85903 80 2 25 10 45948 0 
-118.828 21.2213 -8.56644 0.539892 4.85903 80 2 25 10 45949 0 
-118.819 21.22 -9.02573 0.539892 4.85903 80 2 25 10 45950 0 
-118.802 21.2172 -8.87164 0.539892 4.85903 80 2 25 10 45951 0 
-118.793 21.2158 -9.32793 0.539892 4.85903 80 2 25 10 45952 0 
-118.784 21.2144 -9.78043 0.539892 4.85903 80 2 25 10 45953 0 
-118.767 21.2114 -9.61375 0.539892 4.85903 80 2 25 10 45954 0 
-118.758 21.2099 -10.0634 0.539892 4.85903 80 2 25 10 45955 0 
-118.74 21.2068 -9.89198 0.539892 4.85903 80 2 25 10 45956 0 
-118.732 21.2053 -10.3388 0.539892 4.85903 80 2 25 10 45957 0 
-118.714 21.202 -10.1628 0.539892 4.85903 80 2 25 10 45958 0 
-118.706 21.2005 -10.6069 0.539892 4.85903 80 2 25 10 45959 0 
-118.688 21.1972 -10.4264 0.539892 4.85903 80 2 25 10 45960 0 
-118.679 21.1956 -10.8677 0.539892 4.85903 80 2 25 10 45961 0 
-118.662 21.1922 -10.6829 0.539892 4.85903 80 2 25 10 45962 0 
-118.653 21.1906 -11.1216 0.539892 4.85903 80 2 25 10 45963 0 
-118.635 21.1871 -10.9325 0.539892 4.85903 80 2 25 10 45964 0 
-118.627 21.1855 -11.3686 0.539892 4.85903 80 2 25 10 45965 0 
-118.609 21.182 -11.1754 0.539892 4.85903 80 2 25 10 45966 0 
-118.601 21.1803 -11.6089 0.539892 4.85903 80 2 25 10 45967 0 
-118.583 21.1767 -11.4117 0.539892 4.85903 80 2 25 10 45968 0 
-118.575 21.1749 -11.8427 0.539892 4.85903 80 2 25 10 45969 0 
-118.557 21.1712 -11.6416 0.539892 4.85903 80 2 25 10 45970 0 
-118.549 21.1695 -12.0701 0.539892 4.85903 80 2 25 10 45971 0 
-118.531 21.1657 -11.8653 0.539892 4.85903 80 2 25 10 45972 0 
-118.522 21.1639 -12.2913 0.539892 4.85903 80 2 25 10 45973 0 
-118.505 21.1601 -12.0828 0.539892 4.85903 80 2 25 10 45974 0 
-118.496 21.1583 -12.5065 0.539892 4.85903 80 2 25 10 45975 0 
-118.479 21.1544 -12.2943 0.539892 4.85903 80 2 25 10 45976 0 
-118.47 21.1525 -12.7156 0.539892 4.85903 80 2 25 10 45977 0 
-118.453 21.1486 -12.5 0.539892 4.85903 80 2 25 10 45978 0 
-118.444 21.1467 -12.919 0.539892 4.85903 80 2 25 10 45979 0 
-118.427 21.1427 -12.7 0.539892 4.85903 80 2 25 10 45980 0 
-118.418 21.1408 -13.1168 0.539892 4.85903 80 2 25 10 45981 0 
-118.401 21.1367 -12.8944 0.539892 4.85903 80 2 25 10 45982 0 
-118.392 21.1348 -13.309 0.539892 4.85903 80 2 25 10 45983 0 
-118.375 21.1306 -13.0834 0.539892 4.85903 80 2 25 10 45984 0 
-118.366 21.1286 -13.4958 0.539892 4.85903 80 2 25 10 45985 0 
-118.349 21.1244 -13.2671 0.539892 4.85903 80 2 25 10 45986 0 
-118.331 21.1203 -13.0422 0.539892 4.85903 80 2 25 10 45987 0 
-118.323 21.1184 -13.4538 0.539892 4.85903 80 2 25 10 45988 0 
-118.305 21.1142 -13.2258 0.539892 4.85903 80 2 25 10 45989 0 
-118.297 21.1122 -13.6352 0.539892 4.85903 80 2 25 10 45990 0 
-118.279 21.1079 -13.4041 0.539892 4.85903 80 2 25 10 45991 0 
-118.271 21.1059 -13.8114 0.539892 4.85903 80 2 25 10 45992 0 
-118.253 21.1016 -13.5775 0.539892 4.85903 80 2 25 10 45993 0 
-118.245 21.0996 -13.9827 0.539892 4.85903 80 2 25 10 45994 0 
-118.228 21.0952 -13.7459 0.539892 4.85903 80 2 25 10 45995 0 
-118.219 21.0932 -14.1491 0.539892 4.85903 80 2 25 10 45996 0 
-118.202 21.0888 -13.9095 0.539892 4.85903 80 2 25 10 45997 0 
-118.184 21.0845 -13.6738 0.539892 4.85903 80 2 25 10 45998 0 
-118.176 21.0824 -14.0764 0.539892 4.85903 80 2 25 10 45999 0 
-118.158 21.078 -13.838 0.539892 4.85903 80 2 25 10 46000 0 
-118.15 21.076 -14.2386 0.539892 4.85903 80 2 25 10 46001 0 
-118.132 21.0715 -13.9974 0.539892 4.85903 80 2 25 10 46002 0 
-118.124 21.0694 -14.3961 0.539892 4.85903 80 2 25 10 46003 0 
-118.107 21.065 -14.1523 0.539892 4.85903 80 2 25 10 46004 0 
-118.089 21.0606 -13.9126 0.539892 4.85903 80 2 25 10 46005 0 
-118.081 21.0585 -14.3107 0.539892 4.85903 80 2 25 10 46006 0 
-118.063 21.054 -14.0683 0.539892 4.85903 80 2 25 10 46007 0 
-118.055 21.0519 -14.4645 0.539892 4.85903 80 2 25 10 46008 0 
-118.037 21.0474 -14.2195 0.539892 4.85903 80 2 25 10 46009 0 
-118.029 21.0453 -14.6138 0.539892 4.85903 80 2 25 10 46010 0 
-118.012 21.0407 -14.3664 0.539892 4.85903 80 2 25 10 46011 0 
-117.994 21.0363 -14.1231 0.539892 4.85903 80 2 25 10 46012 0 
-117.986 21.0342 -14.5169 0.539892 4.85903 80 2 25 10 46013 0 
-117.968 21.0296 -14.2711 0.539892 4.85903 80 2 25 10 46014 0 
-117.96 21.0275 -14.663 0.539892 4.85903 80 2 25 10 46015 0 
-117.942 21.0229 -14.4147 0.539892 4.85903 80 2 25 10 46016 0 
-117.925 21.0185 -14.1706 0.539892 4.85903 80 2 25 10 46017 0 
-117.917 21.0163 -14.5621 0.539892 4.85903 80 2 25 10 46018 0 
-117.899 21.0118 -14.3155 0.539892 4.85903 80 2 25 10 46019 0 
-117.891 21.0097 -14.7052 0.539892 4.85903 80 2 25 10 46020 0 
-117.873 21.0051 -14.4562 0.539892 4.85903 80 2 25 10 46021 0 
-117.865 21.0029 -14.844 0.539892 4.85903 80 2 25 10 46022 0 
-117.848 20.9983 -14.5927 0.539892 4.85903 80 2 25 10 46023 0 
-117.83 20.9938 -14.3456 0.539892 4.85903 80 2 25 10 46024 0 
-117.822 20.9916 -14.7331 0.539892 4.85903 80 2 25 10 46025 0 
-117.804 20.9871 -14.4836 0.539892 4.85903 80 2 25 10 46026 0 
-117.796 20.9849 -14.8693 0.539892 4.85903 80 2 25 10 46027 0 
-117.779 20.9803 -14.6175 0.539892 4.85903 80 2 25 10 46028 0 
-117.761 20.9757 -14.37 0.539892 4.85903 80 2 25 10 46029 0 
-117.753 20.9736 -14.7554 0.539892 4.85903 80 2 25 10 46030 0 
-117.735 20.969 -14.5055 0.539892 4.85903 80 2 25 10 46031 0 
-117.727 20.9668 -14.8891 0.539892 4.85903 80 2 25 10 46032 0 
-117.71 20.9622 -14.637 0.539892 4.85903 80 2 25 10 46033 0 
-117.692 20.9577 -14.3891 0.539892 4.85903 80 2 25 10 46034 0 
-117.684 20.9555 -14.7724 0.539892 4.85903 80 2 25 10 46035 0 
-117.666 20.9509 -14.5222 0.539892 4.85903 80 2 25 10 46036 0 
-117.658 20.9487 -14.9037 0.539892 4.85903 80 2 25 10 46037 0 
-117.641 20.9441 -14.6514 0.539892 4.85903 80 2 25 10 46038 0 
-117.623 20.9396 -14.4032 0.539892 4.85903 80 2 25 10 46039 0 
-117.615 20.9374 -14.7845 0.539892 4.85903 80 2 25 10 46040 0 
-117.597 20.9328 -14.5341 0.539892 4.85903 80 2 25 10 46041 0 
-117.589 20.9306 -14.9136 0.539892 4.85903 80 2 25 10 46042 0 
-117.572 20.926 -14.661 0.539892 4.85903 80 2 25 10 46043 0 
-117.554 20.9214 -14.4127 0.539892 4.85903 80 2 25 10 46044 0 
-117.546 20.9193 -14.7919 0.539892 4.85903 80 2 25 10 46045 0 
-117.528 20.9147 -14.5414 0.539892 4.85903 80 2 25 10 46046 0 
-117.52 20.9125 -14.9189 0.539892 4.85903 80 2 25 10 46047 0 
-117.502 20.9079 -14.6663 0.539892 4.85903 80 2 25 10 46048 0 
-117.485 20.9033 -14.4178 0.539892 4.85903 80 2 25 10 46049 0 
-117.477 20.9011 -14.7951 0.539892 4.85903 80 2 25 10 46050 0 
-117.459 20.8966 -14.5445 0.539892 4.85903 80 2 25 10 46051 0 
-117.451 20.8944 -14.9201 0.539892 4.85903 80 2 25 10 46052 0 
-117.433 20.8897 -14.6674 0.539892 4.85903 80 2 25 10 46053 0 
-117.416 20.8852 -14.4189 0.539892 4.85903 80 2 25 10 46054 0 
-117.408 20.883 -14.7942 0.539892 4.85903 80 2 25 10 46055 0 
-117.39 20.8784 -14.5436 0.539892 4.85903 80 2 25 10 46056 0 
-117.373 20.8739 -14.2972 0.539892 4.85903 80 2 25 10 46057 0 
-117.364 20.8718 -14.6723 0.539892 4.85903 80 2 25 10 46058 0 
-117.347 20.8672 -14.4237 0.539892 4.85903 80 2 25 10 46059 0 
-117.33 20.8627 -14.1793 0.539892 4.85903 80 2 25 10 46060 0 
-117.312 20.8583 -13.9389 0.539892 4.85903 80 2 25 10 46061 0 
-117.304 20.8562 -14.3151 0.539892 4.85903 80 2 25 10 46062 0 
-117.286 20.8518 -14.0724 0.539892 4.85903 80 2 25 10 46063 0 
-117.269 20.8474 -13.8338 0.539892 4.85903 80 2 25 10 46064 0 
-117.26 20.8453 -14.2096 0.539892 4.85903 80 2 25 10 46065 0 
-117.243 20.8409 -13.9687 0.539892 4.85903 80 2 25 10 46066 0 
-117.226 20.8366 -13.7319 0.539892 4.85903 80 2 25 10 46067 0 
-117.217 20.8345 -14.1073 0.539892 4.85903 80 2 25 10 46068 0 
-117.2 20.8301 -13.8681 0.539892 4.85903 80 2 25 10 46069 0 
-117.182 20.8258 -13.6328 0.539892 4.85903 80 2 25 10 46070 0 
-117.165 20.8216 -13.4016 0.539892 4.85903 80 2 25 10 46071 0 
-117.156 20.8196 -13.7779 0.539892 4.85903 80 2 25 10 46072 0 
-117.139 20.8153 -13.5441 0.539892 4.85903 80 2 25 10 46073 0 
-117.121 20.8111 -13.3143 0.539892 4.85903 80 2 25 10 46074 0 
-117.113 20.8091 -13.6901 0.539892 4.85903 80 2 25 10 46075 0 
-117.095 20.8048 -13.4578 0.539892 4.85903 80 2 25 10 46076 0 
-117.078 20.8006 -13.2294 0.539892 4.85903 80 2 25 10 46077 0 
-117.069 20.7986 -13.6047 0.539892 4.85903 80 2 25 10 46078 0 
-117.052 20.7944 -13.3739 0.539892 4.85903 80 2 25 10 46079 0 
-117.034 20.7902 -13.1468 0.539892 4.85903 80 2 25 10 46080 0 
-117.017 20.7861 -12.9236 0.539892 4.85903 80 2 25 10 46081 0 
-117.008 20.7842 -13.2996 0.539892 4.85903 80 2 25 10 46082 0 
-116.991 20.7801 -13.0738 0.539892 4.85903 80 2 25 10 46083 0 
-116.973 20.776 -12.8518 0.539892 4.85903 80 2 25 10 46084 0 
-116.965 20.7741 -13.2272 0.539892 4.85903 80 2 25 10 46085 0 
-116.947 20.77 -13.0026 0.539892 4.85903 80 2 25 10 46086 0 
-116.93 20.7659 -12.7818 0.539892 4.85903 80 2 25 10 46087 0 
-116.912 20.7619 -12.5646 0.539892 4.85903 80 2 25 10 46088 0 
-116.904 20.7601 -12.9406 0.539892 4.85903 80 2 25 10 46089 0 
-116.886 20.756 -12.7208 0.539892 4.85903 80 2 25 10 46090 0 
-116.869 20.7521 -12.5046 0.539892 4.85903 80 2 25 10 46091 0 
-116.86 20.7502 -12.8799 0.539892 4.85903 80 2 25 10 46092 0 
-116.843 20.7462 -12.6611 0.539892 4.85903 80 2 25 10 46093 0 
-116.825 20.7422 -12.4459 0.539892 4.85903 80 2 25 10 46094 0 
-116.808 20.7384 -12.2343 0.539892 4.85903 80 2 25 10 46095 0 
-116.799 20.7365 -12.6101 0.539892 4.85903 80 2 25 10 46096 0 
-116.782 20.7326 -12.3957 0.539892 4.85903 80 2 25 10 46097 0 
-116.764 20.7287 -12.185 0.539892 4.85903 80 2 25 10 46098 0 
-116.756 20.7269 -12.56 0.539892 4.85903 80 2 25 10 46099 0 
-116.738 20.723 -12.3465 0.539892 4.85903 80 2 25 10 46100 0 
-116.721 20.7192 -12.1365 0.539892 4.85903 80 2 25 10 46101 0 
-116.703 20.7154 -11.93 0.539892 4.85903 80 2 25 10 46102 0 
-116.695 20.7136 -12.3054 0.539892 4.85903 80 2 25 10 46103 0 
-116.677 20.7098 -12.0961 0.539892 4.85903 80 2 25 10 46104 0 
-116.659 20.706 -11.8903 0.539892 4.85903 80 2 25 10 46105 0 
-116.642 20.7023 -11.6879 0.539892 4.85903 80 2 25 10 46106 0 
-116.633 20.7005 -12.0636 0.539892 4.85903 80 2 25 10 46107 0 
-116.616 20.6968 -11.8583 0.539892 4.85903 80 2 25 10 46108 0 
-116.598 20.6931 -11.6565 0.539892 4.85903 80 2 25 10 46109 0 
-116.581 20.6894 -11.458 0.539892 4.85903 80 2 25 10 46110 0 
-116.572 20.6877 -11.8338 0.539892 4.85903 80 2 25 10 46111 0 
-116.555 20.684 -11.6324 0.539892 4.85903 80 2 25 10 46112 0 
-116.537 20.6804 -11.4343 0.539892 4.85903 80 2 25 10 46113 0 
-116.519 20.6768 -11.2395 0.539892 4.85903 80 2 25 10 46114 0 
-116.511 20.6752 -11.6154 0.539892 4.85903 80 2 25 10 46115 0 
-116.493 20.6715 -11.4176 0.539892 4.85903 80 2 25 10 46116 0 
-116.476 20.668 -11.223 0.539892 4.85903 80 2 25 10 46117 0 
-116.458 20.6645 -11.0317 0.539892 4.85903 80 2 25 10 46118 0 
-116.449 20.6628 -11.4077 0.539892 4.85903 80 2 25 10 46119 0 
-116.432 20.6593 -11.2133 0.539892 4.85903 80 2 25 10 46120 0 
-116.414 20.6558 -11.0222 0.539892 4.85903 80 2 25 10 46121 0 
-116.397 20.6523 -10.8342 0.539892 4.85903 80 2 25 10 46122 0 
-116.388 20.6507 -11.2102 0.539892 4.85903 80 2 25 10 46123 0 
-116.37 20.6472 -11.0191 0.539892 4.85903 80 2 25 10 46124 0 
-116.353 20.6438 -10.8311 0.539892 4.85903 80 2 25 10 46125 0 
-116.335 20.6404 -10.6463 0.539892 4.85903 80 2 25 10 46126 0 
-116.327 20.6388 -11.0222 0.539892 4.85903 80 2 25 10 46127 0 
-116.309 20.6354 -10.8342 0.539892 4.85903 80 2 25 10 46128 0 
-116.291 20.632 -10.6493 0.539892 4.85903 80 2 25 10 46129 0 
-116.274 20.6287 -10.4675 0.539892 4.85903 80 2 25 10 46130 0 
-116.265 20.6271 -10.8432 0.539892 4.85903 80 2 25 10 46131 0 
-116.248 20.6237 -10.6582 0.539892 4.85903 80 2 25 10 46132 0 
-116.23 20.6204 -10.4762 0.539892 4.85903 80 2 25 10 46133 0 
-116.212 20.6171 -10.2973 0.539892 4.85903 80 2 25 10 46134 0 
-116.204 20.6156 -10.6727 0.539892 4.85903 80 2 25 10 46135 0 
-116.186 20.6123 -10.4905 0.539892 4.85903 80 2 25 10 46136 0 
-116.168 20.609 -10.3114 0.539892 4.85903 80 2 25 10 46137 0 
-116.151 20.6058 -10.1352 0.539892 4.85903 80 2 25 10 46138 0 
-116.142 20.6043 -10.5103 0.539892 4.85903 80 2 25 10 46139 0 
-116.125 20.601 -10.3308 0.539892 4.85903 80 2 25 10 46140 0 
-116.107 20.5978 -10.1543 0.539892 4.85903 80 2 25 10 46141 0 
-116.089 20.5946 -9.98071 0.539892 4.85903 80 2 25 10 46142 0 
-116.071 20.5915 -9.81003 0.539892 4.85903 80 2 25 10 46143 0 
-116.063 20.59 -10.1856 0.539892 4.85903 80 2 25 10 46144 0 
-116.045 20.5868 -10.0115 0.539892 4.85903 80 2 25 10 46145 0 
-116.028 20.5837 -9.84034 0.539892 4.85903 80 2 25 10 46146 0 
-116.01 20.5806 -9.67198 0.539892 4.85903 80 2 25 10 46147 0 
-116.001 20.5792 -10.0471 0.539892 4.85903 80 2 25 10 46148 0 
-115.984 20.5761 -9.87531 0.539892 4.85903 80 2 25 10 46149 0 
-115.966 20.573 -9.70637 0.539892 4.85903 80 2 25 10 46150 0 
-115.948 20.5699 -9.54023 0.539892 4.85903 80 2 25 10 46151 0 
-115.931 20.567 -9.37687 0.539892 4.85903 80 2 25 10 46152 0 
-115.922 20.5656 -9.75228 0.539892 4.85903 80 2 25 10 46153 0 
-115.904 20.5625 -9.58538 0.539892 4.85903 80 2 25 10 46154 0 
-115.887 20.5595 -9.42125 0.539892 4.85903 80 2 25 10 46155 0 
-115.869 20.5566 -9.25985 0.539892 4.85903 80 2 25 10 46156 0 
-115.851 20.5537 -9.10114 0.539892 4.85903 80 2 25 10 46157 0 
-115.843 20.5523 -9.4767 0.539892 4.85903 80 2 25 10 46158 0 
-115.825 20.5494 -9.31437 0.539892 4.85903 80 2 25 10 46159 0 
-115.807 20.5465 -9.15475 0.539892 4.85903 80 2 25 10 46160 0 
-115.79 20.5436 -8.99778 0.539892 4.85903 80 2 25 10 46161 0 
-115.772 20.5408 -8.84343 0.539892 4.85903 80 2 25 10 46162 0 
-115.763 20.5395 -9.21899 0.539892 4.85903 80 2 25 10 46163 0 
-115.746 20.5366 -9.06095 0.539892 4.85903 80 2 25 10 46164 0 
-115.728 20.5338 -8.90553 0.539892 4.85903 80 2 25 10 46165 0 
-115.71 20.531 -8.7527 0.539892 4.85903 80 2 25 10 46166 0 
-115.692 20.5282 -8.60242 0.539892 4.85903 80 2 25 10 46167 0 
-115.684 20.527 -8.97787 0.539892 4.85903 80 2 25 10 46168 0 
-115.666 20.5242 -8.82383 0.539892 4.85903 80 2 25 10 46169 0 
-115.648 20.5214 -8.67235 0.539892 4.85903 80 2 25 10 46170 0 
-115.631 20.5187 -8.5234 0.539892 4.85903 80 2 25 10 46171 0 
-115.613 20.516 -8.37692 0.539892 4.85903 80 2 25 10 46172 0 
-115.604 20.5148 -8.75215 0.539892 4.85903 80 2 25 10 46173 0 
-115.587 20.5121 -8.60185 0.539892 4.85903 80 2 25 10 46174 0 
-115.569 20.5094 -8.45406 0.539892 4.85903 80 2 25 10 46175 0 
-115.551 20.5067 -8.30873 0.539892 4.85903 80 2 25 10 46176 0 
-115.533 20.5041 -8.16582 0.539892 4.85903 80 2 25 10 46177 0 
-115.515 20.5016 -8.02528 0.539892 4.85903 80 2 25 10 46178 0 
-115.507 20.5004 -8.40081 0.539892 4.85903 80 2 25 10 46179 0 
-115.489 20.4978 -8.25636 0.539892 4.85903 80 2 25 10 46180 0 
-115.471 20.4952 -8.11431 0.539892 4.85903 80 2 25 10 46181 0 
-115.454 20.4926 -7.97462 0.539892 4.85903 80 2 25 10 46182 0 
-115.436 20.4902 -7.83726 0.539892 4.85903 80 2 25 10 46183 0 
-115.428 20.489 -8.21229 0.539892 4.85903 80 2 25 10 46184 0 
-115.41 20.4864 -8.07096 0.539892 4.85903 80 2 25 10 46185 0 
-115.392 20.4839 -7.93199 0.539892 4.85903 80 2 25 10 46186 0 
-115.374 20.4814 -7.79533 0.539892 4.85903 80 2 25 10 46187 0 
-115.356 20.479 -7.66094 0.539892 4.85903 80 2 25 10 46188 0 
-115.338 20.4766 -7.5288 0.539892 4.85903 80 2 25 10 46189 0 
-115.33 20.4755 -7.9038 0.539892 4.85903 80 2 25 10 46190 0 
-115.312 20.473 -7.7676 0.539892 4.85903 80 2 25 10 46191 0 
-115.294 20.4706 -7.63366 0.539892 4.85903 80 2 25 10 46192 0 
-115.277 20.4682 -7.50196 0.539892 4.85903 80 2 25 10 46193 0 
-115.259 20.4658 -7.37245 0.539892 4.85903 80 2 25 10 46194 0 
-115.241 20.4635 -7.2451 0.539892 4.85903 80 2 25 10 46195 0 
-115.223 20.4613 -7.11986 0.539892 4.85903 80 2 25 10 46196 0 
-115.215 20.4602 -7.49517 0.539892 4.85903 80 2 25 10 46197 0 
-115.197 20.4579 -7.36576 0.539892 4.85903 80 2 25 10 46198 0 
-115.179 20.4556 -7.23851 0.539892 4.85903 80 2 25 10 46199 0 
-115.161 20.4533 -7.11337 0.539892 4.85903 80 2 25 10 46200 0 
-115.143 20.4511 -6.99032 0.539892 4.85903 80 2 25 10 46201 0 
-115.126 20.4489 -6.86932 0.539892 4.85903 80 2 25 10 46202 0 
-115.108 20.4467 -6.75033 0.539892 4.85903 80 2 25 10 46203 0 
-115.099 20.4458 -7.12564 0.539892 4.85903 80 2 25 10 46204 0 
-115.082 20.4435 -7.00238 0.539892 4.85903 80 2 25 10 46205 0 
-115.064 20.4413 -6.88117 0.539892 4.85903 80 2 25 10 46206 0 
-115.046 20.4392 -6.76197 0.539892 4.85903 80 2 25 10 46207 0 
-115.028 20.4371 -6.64476 0.539892 4.85903 80 2 25 10 46208 0 
-115.01 20.435 -6.5295 0.539892 4.85903 80 2 25 10 46209 0 
-114.992 20.4329 -6.41616 0.539892 4.85903 80 2 25 10 46210 0 
-114.984 20.432 -6.79122 0.539892 4.85903 80 2 25 10 46211 0 
-114.966 20.4299 -6.67351 0.539892 4.85903 80 2 25 10 46212 0 
-114.948 20.4278 -6.55776 0.539892 4.85903 80 2 25 10 46213 0 
-114.93 20.4257 -6.44394 0.539892 4.85903 80 2 25 10 46214 0 
-114.912 20.4237 -6.33201 0.539892 4.85903 80 2 25 10 46215 0 
-114.895 20.4217 -6.22195 0.539892 4.85903 80 2 25 10 46216 0 
-114.877 20.4198 -6.11372 0.539892 4.85903 80 2 25 10 46217 0 
-114.859 20.4179 -6.00729 0.539892 4.85903 80 2 25 10 46218 0 
-114.841 20.416 -5.90263 0.539892 4.85903 80 2 25 10 46219 0 
-114.833 20.4151 -6.27792 0.539892 4.85903 80 2 25 10 46220 0 
-114.815 20.4132 -6.16874 0.539892 4.85903 80 2 25 10 46221 0 
-114.797 20.4112 -6.06139 0.539892 4.85903 80 2 25 10 46222 0 
-114.779 20.4093 -5.95582 0.539892 4.85903 80 2 25 10 46223 0 
-114.761 20.4075 -5.85201 0.539892 4.85903 80 2 25 10 46224 0 
-114.743 20.4056 -5.74992 0.539892 4.85903 80 2 25 10 46225 0 
-114.725 20.4038 -5.64954 0.539892 4.85903 80 2 25 10 46226 0 
-114.707 20.402 -5.55082 0.539892 4.85903 80 2 25 10 46227 0 
-114.689 20.4003 -5.45375 0.539892 4.85903 80 2 25 10 46228 0 
-114.681 20.3995 -5.82878 0.539892 4.85903 80 2 25 10 46229 0 
-114.663 20.3977 -5.72707 0.539892 4.85903 80 2 25 10 46230 0 
-114.645 20.3959 -5.62706 0.539892 4.85903 80 2 25 10 46231 0 
-114.628 20.3941 -5.52871 0.539892 4.85903 80 2 25 10 46232 0 
-114.61 20.3924 -5.432 0.539892 4.85903 80 2 25 10 46233 0 
-114.592 20.3907 -5.3369 0.539892 4.85903 80 2 25 10 46234 0 
-114.574 20.389 -5.24338 0.539892 4.85903 80 2 25 10 46235 0 
-114.556 20.3874 -5.15142 0.539892 4.85903 80 2 25 10 46236 0 
-114.538 20.3858 -5.06098 0.539892 4.85903 80 2 25 10 46237 0 
-114.52 20.3842 -4.97206 0.539892 4.85903 80 2 25 10 46238 0 
-114.502 20.3826 -4.88461 0.539892 4.85903 80 2 25 10 46239 0 
-114.484 20.3811 -4.79862 0.539892 4.85903 80 2 25 10 46240 0 
-114.466 20.3796 -4.71406 0.539892 4.85903 80 2 25 10 46241 0 
-114.458 20.3789 -5.08925 0.539892 4.85903 80 2 25 10 46242 0 
-114.44 20.3773 -4.99984 0.539892 4.85903 80 2 25 10 46243 0 
-114.422 20.3757 -4.91193 0.539892 4.85903 80 2 25 10 46244 0 
-114.404 20.3742 -4.82547 0.539892 4.85903 80 2 25 10 46245 0 
-114.386 20.3727 -4.74045 0.539892 4.85903 80 2 25 10 46246 0 
-114.368 20.3712 -4.65685 0.539892 4.85903 80 2 25 10 46247 0 
-114.351 20.3697 -4.57464 0.539892 4.85903 80 2 25 10 46248 0 
-114.333 20.3683 -4.4938 0.539892 4.85903 80 2 25 10 46249 0 
-114.315 20.3669 -4.41431 0.539892 4.85903 80 2 25 10 46250 0 
-114.297 20.3655 -4.33613 0.539892 4.85903 80 2 25 10 46251 0 
-114.279 20.3641 -4.25926 0.539892 4.85903 80 2 25 10 46252 0 
-114.261 20.3628 -4.18367 0.539892 4.85903 80 2 25 10 46253 0 
-114.243 20.3615 -4.10933 0.539892 4.85903 80 2 25 10 46254 0 
-114.225 20.3602 -4.03624 0.539892 4.85903 80 2 25 10 46255 0 
-114.207 20.3589 -3.96436 0.539892 4.85903 80 2 25 10 46256 0 
-114.189 20.3577 -3.89367 0.539892 4.85903 80 2 25 10 46257 0 
-114.171 20.3565 -3.82417 0.539892 4.85903 80 2 25 10 46258 0 
-114.153 20.3553 -3.75581 0.539892 4.85903 80 2 25 10 46259 0 
-114.135 20.3541 -3.6886 0.539892 4.85903 80 2 25 10 46260 0 
-114.117 20.3529 -3.62251 0.539892 4.85903 80 2 25 10 46261 0 
-114.099 20.3518 -3.55751 0.539892 4.85903 80 2 25 10 46262 0 
-114.081 20.3507 -3.4936 0.539892 4.85903 80 2 25 10 46263 0 
-114.063 20.3496 -3.43075 0.539892 4.85903 80 2 25 10 46264 0 
-114.045 20.3485 -3.36895 0.539892 4.85903 80 2 25 10 46265 0 
-114.037 20.348 -3.74396 0.539892 4.85903 80 2 25 10 46266 0 
-114.019 20.3469 -3.67693 0.539892 4.85903 80 2 25 10 46267 0 
-114.001 20.3457 -3.61102 0.539892 4.85903 80 2 25 10 46268 0 
-113.983 20.3446 -3.54621 0.539892 4.85903 80 2 25 10 46269 0 
-113.966 20.3435 -3.48247 0.539892 4.85903 80 2 25 10 46270 0 
-113.948 20.3424 -3.4198 0.539892 4.85903 80 2 25 10 46271 0 
-113.93 20.3413 -3.35817 0.539892 4.85903 80 2 25 10 46272 0 
-113.912 20.3402 -3.29756 0.539892 4.85903 80 2 25 10 46273 0 
-113.894 20.3392 -3.23797 0.539892 4.85903 80 2 25 10 46274 0 
-113.876 20.3382 -3.17936 0.539892 4.85903 80 2 25 10 46275 0 
-113.858 20.3372 -3.12173 0.539892 4.85903 80 2 25 10 46276 0 
-113.84 20.3362 -3.06506 0.539892 4.85903 80 2 25 10 46277 0 
-113.822 20.3353 -3.00933 0.539892 4.85903 80 2 25 10 46278 0 
-113.804 20.3343 -2.95453 0.539892 4.85903 80 2 25 10 46279 0 
-113.786 20.3334 -2.90065 0.539892 4.85903 80 2 25 10 46280 0 
-113.768 20.3325 -2.84765 0.539892 4.85903 80 2 25 10 46281 0 
-113.75 20.3316 -2.79555 0.539892 4.85903 80 2 25 10 46282 0 
-113.732 20.3307 -2.7443 0.539892 4.85903 80 2 25 10 46283 0 
-113.714 20.3298 -2.69391 0.539892 4.85903 80 2 25 10 46284 0 
-113.696 20.329 -2.64436 0.539892 4.85903 80 2 25 10 46285 0 
-113.678 20.3282 -2.59564 0.539892 4.85903 80 2 25 10 46286 0 
-113.66 20.3274 -2.54772 0.539892 4.85903 80 2 25 10 46287 0 
-113.642 20.3266 -2.5006 0.539892 4.85903 80 2 25 10 46288 0 
-113.624 20.3258 -2.45427 0.539892 4.85903 80 2 25 10 46289 0 
-113.606 20.325 -2.40871 0.539892 4.85903 80 2 25 10 46290 0 
-113.588 20.3242 -2.3639 0.539892 4.85903 80 2 25 10 46291 0 
-113.57 20.3235 -2.31984 0.539892 4.85903 80 2 25 10 46292 0 
-113.552 20.3228 -2.27652 0.539892 4.85903 80 2 25 10 46293 0 
-113.534 20.3221 -2.23391 0.539892 4.85903 80 2 25 10 46294 0 
-113.516 20.3214 -2.19201 0.539892 4.85903 80 2 25 10 46295 0 
-113.498 20.3207 -2.15081 0.539892 4.85903 80 2 25 10 46296 0 
-113.48 20.32 -2.1103 0.539892 4.85903 80 2 25 10 46297 0 
-113.462 20.3193 -2.07046 0.539892 4.85903 80 2 25 10 46298 0 
-113.444 20.3187 -2.03128 0.539892 4.85903 80 2 25 10 46299 0 
-113.426 20.318 -1.99276 0.539892 4.85903 80 2 25 10 46300 0 
-113.408 20.3174 -1.95488 0.539892 4.85903 80 2 25 10 46301 0 
-113.39 20.3168 -1.91762 0.539892 4.85903 80 2 25 10 46302 0 
-113.372 20.3162 -1.88099 0.539892 4.85903 80 2 25 10 46303 0 
-113.354 20.3156 -1.84496 0.539892 4.85903 80 2 25 10 46304 0 
-113.336 20.315 -1.80954 0.539892 4.85903 80 2 25 10 46305 0 
-113.318 20.3145 -1.7747 0.539892 4.85903 80 2 25 10 46306 0 
-113.3 20.3139 -1.74045 0.539892 4.85903 80 2 25 10 46307 0 
-113.282 20.3134 -1.70676 0.539892 4.85903 80 2 25 10 46308 0 
-113.264 20.3128 -1.67364 0.539892 4.85903 80 2 25 10 46309 0 
-113.246 20.3123 -1.64106 0.539892 4.85903 80 2 25 10 46310 0 
-113.228 20.3118 -1.60903 0.539892 4.85903 80 2 25 10 46311 0 
-113.21 20.3113 -1.57753 0.539892 4.85903 80 2 25 10 46312 0 
-113.192 20.3108 -1.54656 0.539892 4.85903 80 2 25 10 46313 0 
-113.174 20.3103 -1.5161 0.539892 4.85903 80 2 25 10 46314 0 
-113.156 20.3098 -1.48614 0.539892 4.85903 80 2 25 10 46315 0 
-113.138 20.3093 -1.45669 0.539892 4.85903 80 2 25 10 46316 0 
-113.12 20.3089 -1.42772 0.539892 4.85903 80 2 25 10 46317 0 
-113.102 20.3084 -1.39924 0.539892 4.85903 80 2 25 10 46318 0 
-113.084 20.308 -1.37123 0.539892 4.85903 80 2 25 10 46319 0 
-113.066 20.3076 -1.34369 0.539892 4.85903 80 2 25 10 46320 0 
-113.048 20.3071 -1.3166 0.539892 4.85903 80 2 25 10 46321 0 
-113.03 20.3067 -1.28997 0.539892 4.85903 80 2 25 10 46322 0 
-113.012 20.3063 -1.26378 0.539892 4.85903 80 2 25 10 46323 0 
-112.995 20.3059 -1.23802 0.539892 4.85903 80 2 25 10 46324 0 
-112.977 20.3055 -1.21269 0.539892 4.85903 80 2 25 10 46325 0 
-112.959 20.3052 -1.18779 0.539892 4.85903 80 2 25 10 46326 0 
-112.941 20.3048 -1.16329 0.539892 4.85903 80 2 25 10 46327 0 
-112.923 20.3044 -1.13921 0.539892 4.85903 80 2 25 10 46328 0 
-112.905 20.3041 -1.11553 0.539892 4.85903 80 2 25 10 46329 0 
-112.887 20.3037 -1.09224 0.539892 4.85903 80 2 25 10 46330 0 
-112.869 20.3034 -1.06933 0.539892 4.85903 80 2 25 10 46331 0 
-112.851 20.303 -1.04681 0.539892 4.85903 80 2 25 10 46332 0 
-112.833 20.3027 -1.02466 0.539892 4.85903 80 2 25 10 46333 0 
-112.815 20.3024 -1.00288 0.539892 4.85903 80 2 25 10 46334 0 
-112.797 20.3021 -0.981468 0.539892 4.85903 80 2 25 10 46335 0 
-112.779 20.3018 -0.960408 0.539892 4.85903 80 2 25 10 46336 0 
-112.761 20.3015 -0.939698 0.539892 4.85903 80 2 25 10 46337 0 
-112.743 20.3012 -0.919332 0.539892 4.85903 80 2 25 10 46338 0 
-112.725 20.3009 -0.899305 0.539892 4.85903 80 2 25 10 46339 0 
-112.707 20.3006 -0.879611 0.539892 4.85903 80 2 25 10 46340 0 
-112.689 20.3003 -0.860245 0.539892 4.85903 80 2 25 10 46341 0 
-112.671 20.3 -0.8412 0.539892 4.85903 80 2 25 10 46342 0 
-112.653 20.2998 -0.822473 0.539892 4.85903 80 2 25 10 46343 0 
-112.635 20.2995 -0.804056 0.539892 4.85903 80 2 25 10 46344 0 
-112.617 20.2993 -0.785946 0.539892 4.85903 80 2 25 10 46345 0 
-112.599 20.299 -0.768138 0.539892 4.85903 80 2 25 10 46346 0 
-112.581 20.2988 -0.750625 0.539892 4.85903 80 2 25 10 46347 0 
-112.563 20.2985 -0.733403 0.539892 4.85903 80 2 25 10 46348 0 
-112.545 20.2983 -0.716468 0.539892 4.85903 80 2 25 10 46349 0 
-112.527 20.2981 -0.699814 0.539892 4.85903 80 2 25 10 46350 0 
-112.509 20.2979 -0.683437 0.539892 4.85903 80 2 25 10 46351 0 
-112.491 20.2977 -0.667333 0.539892 4.85903 80 2 25 10 46352 0 
-112.473 20.2974 -0.651496 0.539892 4.85903 80 2 25 10 46353 0 
-112.455 20.2972 -0.635923 0.539892 4.85903 80 2 25 10 46354 0 
-112.437 20.297 -0.620608 0.539892 4.85903 80 2 25 10 46355 0 
-112.419 20.2968 -0.605548 0.539892 4.85903 80 2 25 10 46356 0 
-112.401 20.2967 -0.590739 0.539892 4.85903 80 2 25 10 46357 0 
-112.383 20.2965 -0.576175 0.539892 4.85903 80 2 25 10 46358 0 
-112.365 20.2963 -0.561854 0.539892 4.85903 80 2 25 10 46359 0 
-112.347 20.2961 -0.547771 0.539892 4.85903 80 2 25 10 46360 0 
-112.329 20.2959 -0.533921 0.539892 4.85903 80 2 25 10 46361 0 
-112.311 20.2958 -0.520303 0.539892 4.85903 80 2 25 10 46362 0 
-112.293 20.2956 -0.50691 0.539892 4.85903 80 2 25 10 46363 0 
-112.275 20.2954 -0.49374 0.539892 4.85903 80 2 25 10 46364 0 
-112.257 20.2953 -0.480789 0.539892 4.85903 80 2 25 10 46365 0 
-112.239 20.2951 -0.468053 0.539892 4.85903 80 2 25 10 46366 0 
-112.221 20.295 -0.455529 0.539892 4.85903 80 2 25 10 46367 0 
-112.203 20.2949 -0.443213 0.539892 4.85903 80 2 25 10 46368 0 
-112.185 20.2947 -0.431101 0.539892 4.85903 80 2 25 10 46369 0 
-112.167 20.2946 -0.419191 0.539892 4.85903 80 2 25 10 46370 0 
-112.149 20.2944 -0.407479 0.539892 4.85903 80 2 25 10 46371 0 
-112.131 20.2943 -0.395962 0.539892 4.85903 80 2 25 10 46372 0 
-112.113 20.2942 -0.384635 0.539892 4.85903 80 2 25 10 46373 0 
-112.095 20.2941 -0.373497 0.539892 4.85903 80 2 25 10 46374 0 
-112.077 20.294 -0.362545 0.539892 4.85903 80 2 25 10 46375 0 
-112.059 20.2938 -0.351774 0.539892 4.85903 80 2 25 10 46376 0 
-112.041 20.2937 -0.341182 0.539892 4.85903 80 2 25 10 46377 0 
-112.023 20.2936 -0.330766 0.539892 4.85903 80 2 25 10 46378 0 
-112.005 20.2935 -0.320523 0.539892 4.85903 80 2 25 10 46379 0 
-111.987 20.2934 -0.31045 0.539892 4.85903 80 2 25 10 46380 0 
-111.969 20.2933 -0.300544 0.539892 4.85903 80 2 25 10 46381 0 
-111.951 20.2932 -0.290804 0.539892 4.85903 80 2 25 10 46382 0 
-111.933 20.2931 -0.281224 0.539892 4.85903 80 2 25 10 46383 0 
-111.915 20.2931 -0.271804 0.539892 4.85903 80 2 25 10 46384 0 
-111.897 20.293 -0.262541 0.539892 4.85903 80 2 25 10 46385 0 
-111.879 20.2929 -0.253431 0.539892 4.85903 80 2 25 10 46386 0 
-111.861 20.2928 -0.244473 0.539892 4.85903 80 2 25 10 46387 0 
-111.843 20.2927 -0.235663 0.539892 4.85903 80 2 25 10 46388 0 
-111.825 20.2927 -0.227 0.539892 4.85903 80 2 25 10 46389 0 
-111.807 20.2926 -0.21848 0.539892 4.85903 80 2 25 10 46390 0 
-111.789 20.2925 -0.210102 0.539892 4.85903 80 2 25 10 46391 0 
-111.771 20.2924 -0.201864 0.539892 4.85903 80 2 25 10 46392 0 
-111.753 20.2924 -0.193762 0.539892 4.85903 80 2 25 10 46393 0 
-111.735 20.2923 -0.185794 0.539892 4.85903 80 2 25 10 46394 0 
-111.717 20.2923 -0.177959 0.539892 4.85903 80 2 25 10 46395 0 
-111.699 20.2922 -0.170254 0.539892 4.85903 80 2 25 10 46396 0 
-111.681 20.2922 -0.162676 0.539892 4.85903 80 2 25 10 46397 0 
-111.663 20.2921 -0.155225 0.539892 4.85903 80 2 25 10 46398 0 
-111.645 20.2921 -0.147897 0.539892 4.85903 80 2 25 10 46399 0 
-111.627 20.292 -0.140691 0.539892 4.85903 80 2 25 10 46400 0 
-111.609 20.292 -0.133604 0.539892 4.85903 80 2 25 10 46401 0 
-111.591 20.2919 -0.126635 0.539892 4.85903 80 2 25 10 46402 0 
-111.573 20.2919 -0.119782 0.539892 4.85903 80 2 25 10 46403 0 
-111.555 20.2918 -0.113043 0.539892 4.85903 80 2 25 10 46404 0 
-111.537 20.2918 -0.106415 0.539892 4.85903 80 2 25 10 46405 0 
-111.519 20.2918 -0.0998972 0.539892 4.85903 80 2 25 10 46406 0 
-111.501 20.2917 -0.0934876 0.539892 4.85903 80 2 25 10 46407 0 
-111.483 20.2917 -0.0871844 0.539892 4.85903 80 2 25 10 46408 0 
-111.465 20.2917 -0.0809857 0.539892 4.85903 80 2 25 10 46409 0 
-111.447 20.2917 -0.0748899 0.539892 4.85903 80 2 25 10 46410 0 
-111.429 20.2916 -0.0688952 0.539892 4.85903 80 2 25 10 46411 0 
-111.411 20.2916 -0.0629999 0.539892 4.85903 80 2 25 10 46412 0 
-111.393 20.2916 -0.0572024 0.539892 4.85903 80 2 25 10 46413 0 
-111.375 20.2916 -0.051501 0.539892 4.85903 80 2 25 10 46414 0 
-111.357 20.2916 -0.0458943 0.539892 4.85903 80 2 25 10 46415 0 
-111.339 20.2916 -0.0403805 0.539892 4.85903 80 2 25 10 46416 0 
-111.321 20.2915 -0.0349581 0.539892 4.85903 80 2 25 10 46417 0 
-111.303 20.2915 -0.0296256 0.539892 4.85903 80 2 25 10 46418 0 
-111.285 20.2915 -0.0243815 0.539892 4.85903 80 2 25 10 46419 0 
-111.267 20.2915 -0.0192244 0.539892 4.85903 80 2 25 10 46420 0 
-111.249 20.2915 -0.0141528 0.539892 4.85903 80 2 25 10 46421 0 
-111.231 20.2915 -0.00916525 0.539892 4.85903 80 2 25 10 46422 0 
-111.213 20.2915 -0.00426036 0.539892 4.85903 80 2 25 10 46423 0 
-111.195 20.2915 0.000563233 0.539892 4.85903 80 2 25 10 46424 0 
-111.177 20.2915 0.00530689 0.539892 4.85903 80 2 25 10 46425 0 
-111.159 20.2915 0.00997193 0.539892 4.85903 80 2 25 10 46426 0 
-111.141 20.2915 0.0145597 0.539892 4.85903 80 2 25 10 46427 0 
-111.123 20.2915 0.0190714 0.539892 4.85903 80 2 25 10 46428 0 
-111.105 20.2915 0.0235084 0.539892 4.85903 80 2 25 10 46429 0 
-111.087 20.2915 0.0278719 0.539892 4.85903 80 2 25 10 46430 0 
-111.069 20.2915 0.0321631 0.539892 4.85903 80 2 25 10 46431 0 
-111.051 20.2915 0.0363832 0.539892 4.85903 80 2 25 10 46432 0 
-111.033 20.2915 0.0405334 0.539892 4.85903 80 2 25 10 46433 0 
-111.015 20.2916 0.0446149 0.539892 4.85903 80 2 25 10 46434 0 
-110.997 20.2916 0.0486289 0.539892 4.85903 80 2 25 10 46435 0 
-110.979 20.2916 0.0525763 0.539892 4.85903 80 2 25 10 46436 0 
-110.961 20.2916 0.0564584 0.539892 4.85903 80 2 25 10 46437 0 
-110.943 20.2916 0.0602763 0.539892 4.85903 80 2 25 10 46438 0 
-110.925 20.2916 0.0640309 0.539892 4.85903 80 2 25 10 46439 0 
-110.907 20.2917 0.0677234 0.539892 4.85903 80 2 25 10 46440 0 
-110.889 20.2917 0.0713548 0.539892 4.85903 80 2 25 10 46441 0 
-110.871 20.2917 0.0749261 0.539892 4.85903 80 2 25 10 46442 0 
-110.853 20.2917 0.0784383 0.539892 4.85903 80 2 25 10 46443 0 
-110.835 20.2918 0.0818924 0.539892 4.85903 80 2 25 10 46444 0 
-110.817 20.2918 0.0852894 0.539892 4.85903 80 2 25 10 46445 0 
-110.799 20.2918 0.0886302 0.539892 4.85903 80 2 25 10 46446 0 
-110.781 20.2918 0.0919157 0.539892 4.85903 80 2 25 10 46447 0 
-110.763 20.2919 0.0951469 0.539892 4.85903 80 2 25 10 46448 0 
-110.745 20.2919 0.0983246 0.539892 4.85903 80 2 25 10 46449 0 
-110.727 20.2919 0.10145 0.539892 4.85903 80 2 25 10 46450 0 
-110.709 20.292 0.104523 0.539892 4.85903 80 2 25 10 46451 0 
-110.691 20.292 0.107546 0.539892 4.85903 80 2 25 10 46452 0 
-110.673 20.292 0.110519 0.539892 4.85903 80 2 25 10 46453 0 
-110.655 20.2921 0.113443 0.539892 4.85903 80 2 25 10 46454 0 
-110.637 20.2921 0.116318 0.539892 4.85903 80 2 25 10 46455 0 
-110.619 20.2921 0.119146 0.539892 4.85903 80 2 25 10 46456 0 
-110.601 20.2922 0.121927 0.539892 4.85903 80 2 25 10 46457 0 
-110.583 20.2922 0.124662 0.539892 4.85903 80 2 25 10 46458 0 
-110.565 20.2922 0.127352 0.539892 4.85903 80 2 25 10 46459 0 
-110.547 20.2923 0.129998 0.539892 4.85903 80 2 25 10 46460 0 
-110.529 20.2923 0.1326 0.539892 4.85903 80 2 25 10 46461 0 
-110.511 20.2924 0.135159 0.539892 4.85903 80 2 25 10 46462 0 
-110.493 20.2924 0.137676 0.539892 4.85903 80 2 25 10 46463 0 
-110.475 20.2925 0.140151 0.539892 4.85903 80 2 25 10 46464 0 
-110.457 20.2925 0.142585 0.539892 4.85903 80 2 25 10 46465 0 
-110.439 20.2925 0.144979 0.539892 4.85903 80 2 25 10 46466 0 
-110.421 20.2926 0.147334 0.539892 4.85903 80 2 25 10 46467 0 
-110.403 20.2926 0.14965 0.539892 4.85903 80 2 25 10 46468 0 
-110.385 20.2927 0.151928 0.539892 4.85903 80 2 25 10 46469 0 
-110.367 20.2927 0.154168 0.539892 4.85903 80 2 25 10 46470 0 
-110.349 20.2928 0.156371 0.539892 4.85903 80 2 25 10 46471 0 
-110.331 20.2928 0.158538 0.539892 4.85903 80 2 25 10 46472 0 
-110.313 20.2929 0.160669 0.539892 4.85903 80 2 25 10 46473 0 
-110.295 20.2929 0.162765 0.539892 4.85903 80 2 25 10 46474 0 
-110.277 20.293 0.164827 0.539892 4.85903 80 2 25 10 46475 0 
-110.259 20.293 0.166854 0.539892 4.85903 80 2 25 10 46476 0 
-110.241 20.2931 0.168849 0.539892 4.85903 80 2 25 10 46477 0 
-110.223 20.2931 0.17081 0.539892 4.85903 80 2 25 10 46478 0 
-110.205 20.2932 0.172739 0.539892 4.85903 80 2 25 10 46479 0 
-110.187 20.2932 0.174636 0.539892 4.85903 80 2 25 10 46480 0 
-110.169 20.2933 0.176502 0.539892 4.85903 80 2 25 10 46481 0 
-110.151 20.2934 0.178338 0.539892 4.85903 80 2 25 10 46482 0 
-110.133 20.2934 0.180143 0.539892 4.85903 80 2 25 10 46483 0 
-110.115 20.2935 0.181919 0.539892 4.85903 80 2 25 10 46484 0 
-110.097 20.2935 0.183665 0.539892 4.85903 80 2 25 10 46485 0 
-110.079 20.2936 0.185383 0.539892 4.85903 80 2 25 10 46486 0 
-110.061 20.2936 0.187072 0.539892 4.85903 80 2 25 10 46487 0 
-110.043 20.2937 0.188734 0.539892 4.85903 80 2 25 10 46488 0 
-110.025 20.2938 0.190368 0.539892 4.85903 80 2 25 10 46489 0 
-110.007 20.2938 0.191976 0.539892 4.85903 80 2 25 10 46490 0 
-109.989 20.2939 0.193557 0.539892 4.85903 80 2 25 10 46491 0 
-109.971 20.2939 0.195112 0.539892 4.85903 80 2 25 10 46492 0 
-109.953 20.294 0.196641 0.539892 4.85903 80 2 25 10 46493 0 
-109.935 20.2941 0.198146 0.539892 4.85903 80 2 25 10 46494 0 
-109.917 20.2941 0.199626 0.539892 4.85903 80 2 25 10 46495 0 
-109.899 20.2942 0.201081 0.539892 4.85903 80 2 25 10 46496 0 
-109.881 20.2942 0.202513 0.539892 4.85903 80 2 25 10 46497 0 
-109.863 20.2943 0.203921 0.539892 4.85903 80 2 25 10 46498 0 
-109.845 20.2944 0.205307 0.539892 4.85903 80 2 25 10 46499 0 
-109.827 20.2944 0.206669 0.539892 4.85903 80 2 25 10 46500 0 
-109.809 20.2945 0.208009 0.539892 4.85903 80 2 25 10 46501 0 
-109.791 20.2946 0.209328 0.539892 4.85903 80 2 25 10 46502 0 
-109.773 20.2946 0.210624 0.539892 4.85903 80 2 25 10 46503 0 
-109.755 20.2947 0.2119 0.539892 4.85903 80 2 25 10 46504 0 
-109.737 20.2948 0.213154 0.539892 4.85903 80 2 25 10 46505 0 
-109.719 20.2948 0.214388 0.539892 4.85903 80 2 25 10 46506 0 
-109.701 20.2949 0.215602 0.539892 4.85903 80 2 25 10 46507 0 
-109.683 20.295 0.216796 0.539892 4.85903 80 2 25 10 46508 0 
-109.665 20.295 0.217971 0.539892 4.85903 80 2 25 10 46509 0 
-109.647 20.2951 0.219126 0.539892 4.85903 80 2 25 10 46510 0 
-109.629 20.2952 0.220262 0.539892 4.85903 80 2 25 10 46511 0 
-109.611 20.2952 0.22138 0.539892 4.85903 80 2 25 10 46512 0 
-109.593 20.2953 0.22248 0.539892 4.85903 80 2 25 10 46513 0 
-109.575 20.2954 0.223562 0.539892 4.85903 80 2 25 10 46514 0 
-109.557 20.2955 0.224626 0.539892 4.85903 80 2 25 10 46515 0 
-109.539 20.2955 0.225673 0.539892 4.85903 80 2 25 10 46516 0 
-109.521 20.2956 0.226702 0.539892 4.85903 80 2 25 10 46517 0 
-109.503 20.2957 0.227715 0.539892 4.85903 80 2 25 10 46518 0 
-109.485 20.2957 0.228712 0.539892 4.85903 80 2 25 10 46519 0 
-109.467 20.2958 0.229692 0.539892 4.85903 80 2 25 10 46520 0 
-109.449 20.2959 0.230656 0.539892 4.85903 80 2 25 10 46521 0 
-109.431 20.296 0.231605 0.539892 4.85903 80 2 25 10 46522 0 
-109.413 20.296 0.232538 0.539892 4.85903 80 2 25 10 46523 0 
-109.395 20.2961 0.233456 0.539892 4.85903 80 2 25 10 46524 0 
-109.377 20.2962 0.234359 0.539892 4.85903 80 2 25 10 46525 0 
-109.359 20.2962 0.235247 0.539892 4.85903 80 2 25 10 46526 0 
-109.341 20.2963 0.236121 0.539892 4.85903 80 2 25 10 46527 0 
-109.323 20.2964 0.236981 0.539892 4.85903 80 2 25 10 46528 0 
-109.305 20.2965 0.237827 0.539892 4.85903 80 2 25 10 46529 0 
-109.287 20.2965 0.238659 0.539892 4.85903 80 2 25 10 46530 0 
-109.269 20.2966 0.239478 0.539892 4.85903 80 2 25 10 46531 0 
-109.251 20.2967 0.240283 0.539892 4.85903 80 2 25 10 46532 0 
-109.233 20.2968 0.241075 0.539892 4.85903 80 2 25 10 46533 0 
-109.215 20.2968 0.241855 0.539892 4.85903 80 2 25 10 46534 0 
-109.197 20.2969 0.242622 0.539892 4.85903 80 2 25 10 46535 0 
-109.179 20.297 0.243376 0.539892 4.85903 80 2 25 10 46536 0 
-109.161 20.2971 0.244119 0.539892 4.85903 80 2 25 10 46537 0 
-109.143 20.2972 0.244849 0.539892 4.85903 80 2 25 10 46538 0 
-109.125 20.2972 0.245568 0.539892 4.85903 80 2 25 10 46539 0 
-109.107 20.2973 0.246275 0.539892 4.85903 80 2 25 10 46540 0 
-109.089 20.2974 0.24697 0.539892 4.85903 80 2 25 10 46541 0 
-109.071 20.2975 0.247655 0.539892 4.85903 80 2 25 10 46542 0 
-109.053 20.2975 0.248328 0.539892 4.85903 80 2 25 10 46543 0 
-109.035 20.2976 0.24899 0.539892 4.85903 80 2 25 10 46544 0 
-109.017 20.2977 0.249642 0.539892 4.85903 80 2 25 10 46545 0 
-108.999 20.2978 0.250284 0.539892 4.85903 80 2 25 10 46546 0 
-108.981 20.2979 0.250915 0.539892 4.85903 80 2 25 10 46547 0 
-108.963 20.2979 0.251536 0.539892 4.85903 80 2 25 10 46548 0 
-108.945 20.298 0.252147 0.539892 4.85903 80 2 25 10 46549 0 
-108.927 20.2981 0.252748 0.539892 4.85903 80 2 25 10 46550 0 
-108.909 20.2982 0.253339 0.539892 4.85903 80 2 25 10 46551 0 
-108.891 20.2982 0.253921 0.539892 4.85903 80 2 25 10 46552 0 
-108.873 20.2983 0.254494 0.539892 4.85903 80 2 25 10 46553 0 
-108.855 20.2984 0.255057 0.539892 4.85903 80 2 25 10 46554 0 
-108.837 20.2985 0.255612 0.539892 4.85903 80 2 25 10 46555 0 
-108.819 20.2986 0.256158 0.539892 4.85903 80 2 25 10 46556 0 
-108.801 20.2986 0.256695 0.539892 4.85903 80 2 25 10 46557 0 
-108.783 20.2987 0.257223 0.539892 4.85903 80 2 25 10 46558 0 
-108.765 20.2988 0.257743 0.539892 4.85903 80 2 25 10 46559 0 
-108.747 20.2989 0.258255 0.539892 4.85903 80 2 25 10 46560 0 
-108.729 20.299 0.258758 0.539892 4.85903 80 2 25 10 46561 0 
-108.711 20.2991 0.259254 0.539892 4.85903 80 2 25 10 46562 0 
-108.693 20.2991 0.259741 0.539892 4.85903 80 2 25 10 46563 0 
-108.675 20.2992 0.260221 0.539892 4.85903 80 2 25 10 46564 0 
-108.657 20.2993 0.260694 0.539892 4.85903 80 2 25 10 46565 0 
-108.639 20.2994 0.261158 0.539892 4.85903 80 2 25 10 46566 0 
-108.621 20.2995 0.261616 0.539892 4.85903 80 2 25 10 46567 0 
-108.603 20.2995 0.262066 0.539892 4.85903 80 2 25 10 46568 0 
-108.585 20.2996 0.262509 0.539892 4.85903 80 2 25 10 46569 0 
-108.567 20.2997 0.262945 0.539892 4.85903 80 2 25 10 46570 0 
-108.549 20.2998 0.263374 0.539892 4.85903 80 2 25 10 46571 0 
-108.531 20.2999 0.263797 0.539892 4.85903 80 2 25 10 46572 0 
-108.513 20.3 0.264212 0.539892 4.85903 80 2 25 10 46573 0 
-108.495 20.3 0.264621 0.539892 4.85903 80 2 25 10 46574 0 
-108.477 20.3001 0.265024 0.539892 4.85903 80 2 25 10 46575 0 
-108.459 20.3002 0.265421 0.539892 4.85903 80 2 25 10 46576 0 
-108.441 20.3003 0.265811 0.539892 4.85903 80 2 25 10 46577 0 
-108.423 20.3004 0.266195 0.539892 4.85903 80 2 25 10 46578 0 
-108.405 20.3005 0.266573 0.539892 4.85903 80 2 25 10 46579 0 
-108.387 20.3005 0.266945 0.539892 4.85903 80 2 25 10 46580 0 
-108.369 20.3006 0.267311 0.539892 4.85903 80 2 25 10 46581 0 
-108.351 20.3007 0.267672 0.539892 4.85903 80 2 25 10 46582 0 
-108.333 20.3008 0.268027 0.539892 4.85903 80 2 25 10 46583 0 
-108.315 20.3009 0.268376 0.539892 4.85903 80 2 25 10 46584 0 
-108.297 20.301 0.26872 0.539892 4.85903 80 2 25 10 46585 0 
-108.279 20.301 0.269059 0.539892 4.85903 80 2 25 10 46586 0 
-108.261 20.3011 0.269392 0.539892 4.85903 80 2 25 10 46587 0 
-108.243 20.3012 0.26972 0.539892 4.85903 80 2 25 10 46588 0 
-108.225 20.3013 0.270043 0.539892 4.85903 80 2 25 10 46589 0 
-108.207 20.3014 0.270361 0.539892 4.85903 80 2 25 10 46590 0 
-108.189 20.3015 0.270674 0.539892 4.85903 80 2 25 10 46591 0 
-108.171 20.3016 0.270983 0.539892 4.85903 80 2 25 10 46592 0 
-108.153 20.3016 0.271286 0.539892 4.85903 80 2 25 10 46593 0 
-108.135 20.3017 0.271585 0.539892 4.85903 80 2 25 10 46594 0 
-108.117 20.3018 0.271879 0.539892 4.85903 80 2 25 10 46595 0 
-108.099 20.3019 0.272169 0.539892 4.85903 80 2 25 10 46596 0 
-108.081 20.302 0.272454 0.539892 4.85903 80 2 25 10 46597 0 
-108.063 20.3021 0.272735 0.539892 4.85903 80 2 25 10 46598 0 
-108.045 20.3022 0.273012 0.539892 4.85903 80 2 25 10 46599 0 
-108.027 20.3022 0.273284 0.539892 4.85903 80 2 25 10 46600 0 
-108.009 20.3023 0.273552 0.539892 4.85903 80 2 25 10 46601 0 
-107.991 20.3024 0.273816 0.539892 4.85903 80 2 25 10 46602 0 
-107.973 20.3025 0.274077 0.539892 4.85903 80 2 25 10 46603 0 
-107.955 20.3026 0.274333 0.539892 4.85903 80 2 25 10 46604 0 
-107.937 20.3027 0.274585 0.539892 4.85903 80 2 25 10 46605 0 
-107.919 20.3028 0.274833 0.539892 4.85903 80 2 25 10 46606 0 
-107.901 20.3028 0.275078 0.539892 4.85903 80 2 25 10 46607 0 
-107.883 20.3029 0.275319 0.539892 4.85903 80 2 25 10 46608 0 
-107.865 20.303 0.275556 0.539892 4.85903 80 2 25 10 46609 0 
-107.847 20.3031 0.27579 0.539892 4.85903 80 2 25 10 46610 0 
-107.829 20.3032 0.27602 0.539892 4.85903 80 2 25 10 46611 0 
-107.811 20.3033 0.276247 0.539892 4.85903 80 2 25 10 46612 0 
-107.793 20.3034 0.27647 0.539892 4.85903 80 2 25 10 46613 0 
-107.775 20.3034 0.27669 0.539892 4.85903 80 2 25 10 46614 0 
-107.757 20.3035 0.276907 0.539892 4.85903 80 2 25 10 46615 0 
-107.739 20.3036 0.277121 0.539892 4.85903 80 2 25 10 46616 0 
-107.721 20.3037 0.277331 0.539892 4.85903 80 2 25 10 46617 0 
-107.703 20.3038 0.277538 0.539892 4.85903 80 2 25 10 46618 0 
-107.685 20.3039 0.277742 0.539892 4.85903 80 2 25 10 46619 0 
-107.667 20.304 0.277943 0.539892 4.85903 80 2 25 10 46620 0 
-107.649 20.3041 0.278141 0.539892 4.85903 80 2 25 10 46621 0 
-107.631 20.3041 0.278337 0.539892 4.85903 80 2 25 10 46622 0 
-107.613 20.3042 0.278529 0.539892 4.85903 80 2 25 10 46623 0 
-107.595 20.3043 0.278719 0.539892 4.85903 80 2 25 10 46624 0 
-107.577 20.3044 0.278905 0.539892 4.85903 80 2 25 10 46625 0 
-107.559 20.3045 0.279089 0.539892 4.85903 80 2 25 10 46626 0 
-107.541 20.3046 0.27927 0.539892 4.85903 80 2 25 10 46627 0 
-107.523 20.3047 0.279449 0.539892 4.85903 80 2 25 10 46628 0 
-107.505 20.3048 0.279625 0.539892 4.85903 80 2 25 10 46629 0 
-107.487 20.3048 0.279799 0.539892 4.85903 80 2 25 10 46630 0 
-107.469 20.3049 0.27997 0.539892 4.85903 80 2 25 10 46631 0 
-107.451 20.305 0.280138 0.539892 4.85903 80 2 25 10 46632 0 
-107.433 20.3051 0.280304 0.539892 4.85903 80 2 25 10 46633 0 
-107.415 20.3052 0.280468 0.539892 4.85903 80 2 25 10 46634 0 
-107.397 20.3053 0.280629 0.539892 4.85903 80 2 25 10 46635 0 
-107.379 20.3054 0.280788 0.539892 4.85903 80 2 25 10 46636 0 
-107.361 20.3055 0.280945 0.539892 4.85903 80 2 25 10 46637 0 
-107.343 20.3055 0.2811 0.539892 4.85903 80 2 25 10 46638 0 
-107.325 20.3056 0.281252 0.539892 4.85903 80 2 25 10 46639 0 
-107.307 20.3057 0.281402 0.539892 4.85903 80 2 25 10 46640 0 
-107.289 20.3058 0.28155 0.539892 4.85903 80 2 25 10 46641 0 
-107.271 20.3059 0.281696 0.539892 4.85903 80 2 25 10 46642 0 
-107.253 20.306 0.28184 0.539892 4.85903 80 2 25 10 46643 0 
-107.235 20.3061 0.281982 0.539892 4.85903 80 2 25 10 46644 0 
-107.217 20.3062 0.282122 0.539892 4.85903 80 2 25 10 46645 0 
-107.199 20.3063 0.28226 0.539892 4.85903 80 2 25 10 46646 0 
-107.181 20.3063 0.282396 0.539892 4.85903 80 2 25 10 46647 0 
-107.163 20.3064 0.28253 0.539892 4.85903 80 2 25 10 46648 0 
-107.145 20.3065 0.282662 0.539892 4.85903 80 2 25 10 46649 0 
-107.127 20.3066 0.282793 0.539892 4.85903 80 2 25 10 46650 0 
-107.109 20.3067 0.282921 0.539892 4.85903 80 2 25 10 46651 0 
-107.091 20.3068 0.283048 0.539892 4.85903 80 2 25 10 46652 0 
-107.073 20.3069 0.283173 0.539892 4.85903 80 2 25 10 46653 0 
-107.055 20.307 0.283297 0.539892 4.85903 80 2 25 10 46654 0 
-107.037 20.3071 0.283419 0.539892 4.85903 80 2 25 10 46655 0 
-107.019 20.3071 0.283539 0.539892 4.85903 80 2 25 10 46656 0 
-107.001 20.3072 0.283657 0.539892 4.85903 80 2 25 10 46657 0 
-106.983 20.3073 0.283774 0.539892 4.85903 80 2 25 10 46658 0 
-106.965 20.3074 0.28389 0.539892 4.85903 80 2 25 10 46659 0 
-106.947 20.3075 0.284003 0.539892 4.85903 80 2 25 10 46660 0 
-106.929 20.3076 0.284116 0.539892 4.85903 80 2 25 10 46661 0 
-106.911 20.3077 0.284226 0.539892 4.85903 80 2 25 10 46662 0 
-106.893 20.3078 0.284336 0.539892 4.85903 80 2 25 10 46663 0 
-106.875 20.3079 0.284444 0.539892 4.85903 80 2 25 10 46664 0 
-106.857 20.308 0.28455 0.539892 4.85903 80 2 25 10 46665 0 
-106.839 20.308 0.284655 0.539892 4.85903 80 2 25 10 46666 0 
-106.821 20.3081 0.284759 0.539892 4.85903 80 2 25 10 46667 0 
-106.803 20.3082 0.284861 0.539892 4.85903 80 2 25 10 46668 0 
-106.785 20.3083 0.284962 0.539892 4.85903 80 2 25 10 46669 0 
-106.767 20.3084 0.285062 0.539892 4.85903 80 2 25 10 46670 0 
-106.749 20.3085 0.28516 0.539892 4.85903 80 2 25 10 46671 0 
-106.731 20.3086 0.285257 0.539892 4.85903 80 2 25 10 46672 0 
-106.713 20.3087 0.285353 0.539892 4.85903 80 2 25 10 46673 0 
-106.695 20.3088 0.285448 0.539892 4.85903 80 2 25 10 46674 0 
-106.677 20.3088 0.285542 0.539892 4.85903 80 2 25 10 46675 0 
-106.659 20.3089 0.285634 0.539892 4.85903 80 2 25 10 46676 0 
-106.641 20.309 0.285725 0.539892 4.85903 80 2 25 10 46677 0 
-106.623 20.3091 0.285815 0.539892 4.85903 80 2 25 10 46678 0 
-106.605 20.3092 0.285904 0.539892 4.85903 80 2 25 10 46679 0 
-106.587 20.3093 0.285992 0.539892 4.85903 80 2 25 10 46680 0 
-106.569 20.3094 0.286079 0.539892 4.85903 80 2 25 10 46681 0 
-106.551 20.3095 0.286164 0.539892 4.85903 80 2 25 10 46682 0 
-106.533 20.3096 0.286249 0.539892 4.85903 80 2 25 10 46683 0 
-106.515 20.3097 0.286332 0.539892 4.85903 80 2 25 10 46684 0 
-106.497 20.3097 0.286415 0.539892 4.85903 80 2 25 10 46685 0 
-106.479 20.3098 0.286497 0.539892 4.85903 80 2 25 10 46686 0 
-106.461 20.3099 0.286577 0.539892 4.85903 80 2 25 10 46687 0 
-106.443 20.31 0.286657 0.539892 4.85903 80 2 25 10 46688 0 
-106.425 20.3101 0.286735 0.539892 4.85903 80 2 25 10 46689 0 
-106.407 20.3102 0.286813 0.539892 4.85903 80 2 25 10 46690 0 
-106.389 20.3103 0.28689 0.539892 4.85903 80 2 25 10 46691 0 
-106.371 20.3104 0.286966 0.539892 4.85903 80 2 25 10 46692 0 
-106.353 20.3105 0.287041 0.539892 4.85903 80 2 25 10 46693 0 
-106.335 20.3106 0.287115 0.539892 4.85903 80 2 25 10 46694 0 
-106.317 20.3106 0.287189 0.539892 4.85903 80 2 25 10 46695 0 
-106.299 20.3107 0.287261 0.539892 4.85903 80 2 25 10 46696 0 
-106.281 20.3108 0.287333 0.539892 4.85903 80 2 25 10 46697 0 
-106.263 20.3109 0.287404 0.539892 4.85903 80 2 25 10 46698 0 
-106.245 20.311 0.287474 0.539892 4.85903 80 2 25 10 46699 0 
-106.227 20.3111 0.287543 0.539892 4.85903 80 2 25 10 46700 0 
-106.209 20.3112 0.287611 0.539892 4.85903 80 2 25 10 46701 0 
-106.191 20.3113 0.287679 0.539892 4.85903 80 2 25 10 46702 0 
-106.173 20.3114 0.287746 0.539892 4.85903 80 2 25 10 46703 0 
-106.155 20.3114 0.287812 0.539892 4.85903 80 2 25 10 46704 0 
-106.137 20.3115 0.287878 0.539892 4.85903 80 2 25 10 46705 0 
-106.119 20.3116 0.287943 0.539892 4.85903 80 2 25 10 46706 0 
-106.101 20.3117 0.288007 0.539892 4.85903 80 2 25 10 46707 0 
-106.083 20.3118 0.28807 0.539892 4.85903 80 2 25 10 46708 0 
-106.065 20.3119 0.288133 0.539892 4.85903 80 2 25 10 46709 0 
-106.047 20.312 0.288195 0.539892 4.85903 80 2 25 10 46710 0 
-106.029 20.3121 0.288257 0.539892 4.85903 80 2 25 10 46711 0 
-106.011 20.3122 0.288318 0.539892 4.85903 80 2 25 10 46712 0 
-105.993 20.3123 0.288378 0.539892 4.85903 80 2 25 10 46713 0 
-105.975 20.3123 0.288437 0.539892 4.85903 80 2 25 10 46714 0 
-105.957 20.3124 0.288496 0.539892 4.85903 80 2 25 10 46715 0 
-105.939 20.3125 0.288555 0.539892 4.85903 80 2 25 10 46716 0 
-105.921 20.3126 0.288612 0.539892 4.85903 80 2 25 10 46717 0 
-105.903 20.3127 0.288669 0.539892 4.85903 80 2 25 10 46718 0 
-105.885 20.3128 0.288726 0.539892 4.85903 80 2 25 10 46719 0 
-105.868 20.3129 0.288782 0.539892 4.85903 80 2 25 10 46720 0 
-105.85 20.313 0.288838 0.539892 4.85903 80 2 25 10 46721 0 
-105.832 20.3131 0.288893 0.539892 4.85903 80 2 25 10 46722 0 
-105.814 20.3132 0.288947 0.539892 4.85903 80 2 25 10 46723 0 
-105.796 20.3133 0.289001 0.539892 4.85903 80 2 25 10 46724 0 
-105.778 20.3134 0.289054 0.539892 4.85903 80 2 25 10 46725 0 
-105.76 20.3134 0.289107 0.539892 4.85903 80 2 25 10 46726 0 
-105.742 20.3135 0.28916 0.539892 4.85903 80 2 25 10 46727 0 
-105.724 20.3136 0.289211 0.539892 4.85903 80 2 25 10 46728 0 
-105.706 20.3137 0.289263 0.539892 4.85903 80 2 25 10 46729 0 
-105.688 20.3138 0.289314 0.539892 4.85903 80 2 25 10 46730 0 
-105.67 20.3139 0.289364 0.539892 4.85903 80 2 25 10 46731 0 
-105.652 20.314 0.289414 0.539892 4.85903 80 2 25 10 46732 0 
-105.634 20.3141 0.289464 0.539892 4.85903 80 2 25 10 46733 0 
-105.616 20.3142 0.289513 0.539892 4.85903 80 2 25 10 46734 0 
-105.598 20.3143 0.289561 0.539892 4.85903 80 2 25 10 46735 0 
-105.58 20.3144 0.28961 0.539892 4.85903 80 2 25 10 46736 0 
-105.562 20.3144 0.289657 0.539892 4.85903 80 2 25 10 46737 0 
-105.544 20.3145 0.289705 0.539892 4.85903 80 2 25 10 46738 0 
-105.526 20.3146 0.289752 0.539892 4.85903 80 2 25 10 46739 0 
-105.508 20.3147 0.289798 0.539892 4.85903 80 2 25 10 46740 0 
-105.49 20.3148 0.289845 0.539892 4.85903 80 2 25 10 46741 0 
-105.472 20.3149 0.28989 0.539892 4.85903 80 2 25 10 46742 0 
-105.454 20.315 0.289936 0.539892 4.85903 80 2 25 10 46743 0 
-105.436 20.3151 0.289981 0.539892 4.85903 80 2 25 10 46744 0 
-105.418 20.3152 0.290026 0.539892 4.85903 80 2 25 10 46745 0 
-105.4 20.3153 0.29007 0.539892 4.85903 80 2 25 10 46746 0 
-105.382 20.3154 0.290114 0.539892 4.85903 80 2 25 10 46747 0 
-105.364 20.3155 0.290157 0.539892 4.85903 80 2 25 10 46748 0 
-105.346 20.3155 0.290201 0.539892 4.85903 80 2 25 10 46749 0 
-105.328 20.3156 0.290244 0.539892 4.85903 80 2 25 10 46750 0 
-105.31 20.3157 0.290286 0.539892 4.85903 80 2 25 10 46751 0 
-105.292 20.3158 0.290329 0.539892 4.85903 80 2 25 10 46752 0 
-105.274 20.3159 0.290371 0.539892 4.85903 80 2 25 10 46753 0 
-105.256 20.316 0.290412 0.539892 4.85903 80 2 25 10 46754 0 
-105.238 20.3161 0.290453 0.539892 4.85903 80 2 25 10 46755 0 
-105.22 20.3162 0.290495 0.539892 4.85903 80 2 25 10 46756 0 
-105.202 20.3163 0.290535 0.539892 4.85903 80 2 25 10 46757 0 
-105.184 20.3164 0.290576 0.539892 4.85903 80 2 25 10 46758 0 
-105.166 20.3165 0.290616 0.539892 4.85903 80 2 25 10 46759 0 
-105.148 20.3166 0.290656 0.539892 4.85903 80 2 25 10 46760 0 
-105.13 20.3166 0.290695 0.539892 4.85903 80 2 25 10 46761 0 
-105.112 20.3167 0.290735 0.539892 4.85903 80 2 25 10 46762 0 
-105.094 20.3168 0.290774 0.539892 4.85903 80 2 25 10 46763 0 
-105.076 20.3169 0.290812 0.539892 4.85903 80 2 25 10 46764 0 
-105.058 20.317 0.290851 0.539892 4.85903 80 2 25 10 46765 0 
-105.04 20.3171 0.290889 0.539892 4.85903 80 2 25 10 46766 0 
-105.022 20.3172 0.290927 0.539892 4.85903 80 2 25 10 46767 0 
-105.004 20.3173 0.290965 0.539892 4.85903 80 2 25 10 46768 0 
-104.986 20.3174 0.291002 0.539892 4.85903 80 2 25 10 46769 0 
-104.968 20.3175 0.29104 0.539892 4.85903 80 2 25 10 46770 0 
-104.95 20.3176 0.291077 0.539892 4.85903 80 2 25 10 46771 0 
-104.932 20.3177 0.291114 0.539892 4.85903 80 2 25 10 46772 0 
-104.914 20.3177 0.29115 0.539892 4.85903 80 2 25 10 46773 0 
-104.896 20.3178 0.291187 0.539892 4.85903 80 2 25 10 46774 0 
-104.878 20.3179 0.291223 0.539892 4.85903 80 2 25 10 46775 0 
-104.86 20.318 0.291259 0.539892 4.85903 80 2 25 10 46776 0 
-104.842 20.3181 0.291294 0.539892 4.85903 80 2 25 10 46777 0 
-104.824 20.3182 0.29133 0.539892 4.85903 80 2 25 10 46778 0 
-104.806 20.3183 0.291365 0.539892 4.85903 80 2 25 10 46779 0 
-104.788 20.3184 0.2914 0.539892 4.85903 80 2 25 10 46780 0 
-104.77 20.3185 0.291435 0.539892 4.85903 80 2 25 10 46781 0 
-104.752 20.3186 0.29147 0.539892 4.85903 80 2 25 10 46782 0 
-104.734 20.3187 0.291504 0.539892 4.85903 80 2 25 10 46783 0 
-104.716 20.3188 0.291538 0.539892 4.85903 80 2 25 10 46784 0 
-104.698 20.3188 0.291573 0.539892 4.85903 80 2 25 10 46785 0 
-104.68 20.3189 0.291607 0.539892 4.85903 80 2 25 10 46786 0 
-104.662 20.319 0.29164 0.539892 4.85903 80 2 25 10 46787 0 
-104.644 20.3191 0.291674 0.539892 4.85903 80 2 25 10 46788 0 
-104.626 20.3192 0.291707 0.539892 4.85903 80 2 25 10 46789 0 
-104.608 20.3193 0.291741 0.539892 4.85903 80 2 25 10 46790 0 
-104.59 20.3194 0.291774 0.539892 4.85903 80 2 25 10 46791 0 
-104.572 20.3195 0.291806 0.539892 4.85903 80 2 25 10 46792 0 
-104.554 20.3196 0.291839 0.539892 4.85903 80 2 25 10 46793 0 
-104.536 20.3197 0.291872 0.539892 4.85903 80 2 25 10 46794 0 
-104.518 20.3198 0.291904 0.539892 4.85903 80 2 25 10 46795 0 
-104.5 20.3199 0.291937 0.539892 4.85903 80 2 25 10 46796 0 
-104.482 20.3199 0.291969 0.539892 4.85903 80 2 25 10 46797 0 
-104.464 20.32 0.292001 0.539892 4.85903 80 2 25 10 46798 0 
-104.446 20.3201 0.292032 0.539892 4.85903 80 2 25 10 46799 0 
-104.428 20.3202 0.292064 0.539892 4.85903 80 2 25 10 46800 0 
-104.41 20.3203 0.292096 0.539892 4.85903 80 2 25 10 46801 0 
-104.392 20.3204 0.292127 0.539892 4.85903 80 2 25 10 46802 0 
-104.374 20.3205 0.292158 0.539892 4.85903 80 2 25 10 46803 0 
-104.356 20.3206 0.29219 0.539892 4.85903 80 2 25 10 46804 0 
-104.338 20.3207 0.292221 0.539892 4.85903 80 2 25 10 46805 0 
-104.32 20.3208 0.292251 0.539892 4.85903 80 2 25 10 46806 0 
-104.302 20.3209 0.292282 0.539892 4.85903 80 2 25 10 46807 0 
-104.293 20.3209 -0.0917407 0.539892 4.85903 80 2 25 10 46808 0 
-104.285 20.3209 -0.472598 0.539892 4.85903 80 2 25 10 46809 0 
-104.276 20.3208 -0.850311 0.539892 4.85903 80 2 25 10 46810 0 
-104.258 20.3206 -0.831237 0.539892 4.85903 80 2 25 10 46811 0 
-104.24 20.3203 -0.812479 0.539892 4.85903 80 2 25 10 46812 0 
-104.222 20.32 -0.794034 0.539892 4.85903 80 2 25 10 46813 0 
-104.204 20.3198 -0.775895 0.539892 4.85903 80 2 25 10 46814 0 
-104.186 20.3195 -0.758058 0.539892 4.85903 80 2 25 10 46815 0 
-104.168 20.3193 -0.740517 0.539892 4.85903 80 2 25 10 46816 0 
-104.15 20.3191 -0.723268 0.539892 4.85903 80 2 25 10 46817 0 
-104.132 20.3188 -0.706305 0.539892 4.85903 80 2 25 10 46818 0 
-104.114 20.3186 -0.689625 0.539892 4.85903 80 2 25 10 46819 0 
-104.096 20.3184 -0.673222 0.539892 4.85903 80 2 25 10 46820 0 
-104.078 20.3182 -0.657091 0.539892 4.85903 80 2 25 10 46821 0 
-104.06 20.318 -0.641229 0.539892 4.85903 80 2 25 10 46822 0 
-104.042 20.3178 -0.62563 0.539892 4.85903 80 2 25 10 46823 0 
-104.024 20.3176 -0.610291 0.539892 4.85903 80 2 25 10 46824 0 
-104.006 20.3174 -0.595206 0.539892 4.85903 80 2 25 10 46825 0 
-103.988 20.3172 -0.580373 0.539892 4.85903 80 2 25 10 46826 0 
-103.97 20.317 -0.565786 0.539892 4.85903 80 2 25 10 46827 0 
-103.952 20.3168 -0.551441 0.539892 4.85903 80 2 25 10 46828 0 
-103.934 20.3167 -0.537335 0.539892 4.85903 80 2 25 10 46829 0 
-103.916 20.3165 -0.523463 0.539892 4.85903 80 2 25 10 46830 0 
-103.898 20.3163 -0.509821 0.539892 4.85903 80 2 25 10 46831 0 
-103.88 20.3162 -0.496407 0.539892 4.85903 80 2 25 10 46832 0 
-103.862 20.316 -0.483215 0.539892 4.85903 80 2 25 10 46833 0 
-103.844 20.3159 -0.470242 0.539892 4.85903 80 2 25 10 46834 0 
-103.826 20.3157 -0.457486 0.539892 4.85903 80 2 25 10 46835 0 
-103.808 20.3156 -0.444941 0.539892 4.85903 80 2 25 10 46836 0 
-103.79 20.3154 -0.432604 0.539892 4.85903 80 2 25 10 46837 0 
-103.772 20.3153 -0.420473 0.539892 4.85903 80 2 25 10 46838 0 
-103.754 20.3152 -0.408543 0.539892 4.85903 80 2 25 10 46839 0 
-103.736 20.3151 -0.396811 0.539892 4.85903 80 2 25 10 46840 0 
-103.718 20.3149 -0.385274 0.539892 4.85903 80 2 25 10 46841 0 
-103.7 20.3148 -0.373929 0.539892 4.85903 80 2 25 10 46842 0 
-103.682 20.3147 -0.362772 0.539892 4.85903 80 2 25 10 46843 0 
-103.664 20.3146 -0.351801 0.539892 4.85903 80 2 25 10 46844 0 
-103.646 20.3145 -0.341011 0.539892 4.85903 80 2 25 10 46845 0 
-103.628 20.3144 -0.330401 0.539892 4.85903 80 2 25 10 46846 0 
-103.61 20.3143 -0.319968 0.539892 4.85903 80 2 25 10 46847 0 
-103.592 20.3142 -0.309707 0.539892 4.85903 80 2 25 10 46848 0 
-103.574 20.3141 -0.299617 0.539892 4.85903 80 2 25 10 46849 0 
-103.556 20.314 -0.289695 0.539892 4.85903 80 2 25 10 46850 0 
-103.538 20.3139 -0.279937 0.539892 4.85903 80 2 25 10 46851 0 
-103.52 20.3138 -0.270342 0.539892 4.85903 80 2 25 10 46852 0 
-103.502 20.3137 -0.260905 0.539892 4.85903 80 2 25 10 46853 0 
-103.484 20.3136 -0.251626 0.539892 4.85903 80 2 25 10 46854 0 
-103.466 20.3135 -0.2425 0.539892 4.85903 80 2 25 10 46855 0 
-103.448 20.3135 -0.233526 0.539892 4.85903 80 2 25 10 46856 0 
-103.43 20.3134 -0.224702 0.539892 4.85903 80 2 25 10 46857 0 
-103.412 20.3133 -0.216023 0.539892 4.85903 80 2 25 10 46858 0 
-103.394 20.3132 -0.207489 0.539892 4.85903 80 2 25 10 46859 0 
-103.376 20.3132 -0.199096 0.539892 4.85903 80 2 25 10 46860 0 
-103.358 20.3131 -0.190843 0.539892 4.85903 80 2 25 10 46861 0 
-103.34 20.3131 -0.182726 0.539892 4.85903 80 2 25 10 46862 0 
-103.322 20.313 -0.174745 0.539892 4.85903 80 2 25 10 46863 0 
-103.304 20.3129 -0.166896 0.539892 4.85903 80 2 25 10 46864 0 
-103.286 20.3129 -0.159177 0.539892 4.85903 80 2 25 10 46865 0 
-103.268 20.3128 -0.151586 0.539892 4.85903 80 2 25 10 46866 0 
-103.25 20.3128 -0.144121 0.539892 4.85903 80 2 25 10 46867 0 
-103.232 20.3128 -0.13678 0.539892 4.85903 80 2 25 10 46868 0 
-103.214 20.3127 -0.129561 0.539892 4.85903 80 2 25 10 46869 0 
-103.196 20.3127 -0.122462 0.539892 4.85903 80 2 25 10 46870 0 
-103.178 20.3126 -0.11548 0.539892 4.85903 80 2 25 10 46871 0 
-103.16 20.3126 -0.108614 0.539892 4.85903 80 2 25 10 46872 0 
-103.142 20.3126 -0.101862 0.539892 4.85903 80 2 25 10 46873 0 
-103.124 20.3125 -0.0952227 0.539892 4.85903 80 2 25 10 46874 0 
-103.106 20.3125 -0.088693 0.539892 4.85903 80 2 25 10 46875 0 
-103.088 20.3125 -0.0822716 0.539892 4.85903 80 2 25 10 46876 0 
-103.07 20.3124 -0.0759567 0.539892 4.85903 80 2 25 10 46877 0 
-103.052 20.3124 -0.0697465 0.539892 4.85903 80 2 25 10 46878 0 
-103.034 20.3124 -0.0636394 0.539892 4.85903 80 2 25 10 46879 0 
-103.016 20.3124 -0.0576335 0.539892 4.85903 80 2 25 10 46880 0 
-102.998 20.3124 -0.0517271 0.539892 4.85903 80 2 25 10 46881 0 
-102.98 20.3123 -0.0459188 0.539892 4.85903 80 2 25 10 46882 0 
-102.962 20.3123 -0.0402067 0.539892 4.85903 80 2 25 10 46883 0 
-102.944 20.3123 -0.0345893 0.539892 4.85903 80 2 25 10 46884 0 
-102.926 20.3123 -0.029065 0.539892 4.85903 80 2 25 10 46885 0 
-102.908 20.3123 -0.0236323 0.539892 4.85903 80 2 25 10 46886 0 
-102.89 20.3123 -0.0182896 0.539892 4.85903 80 2 25 10 46887 0 
-102.872 20.3123 -0.0130355 0.539892 4.85903 80 2 25 10 46888 0 
-102.854 20.3123 -0.00786845 0.539892 4.85903 80 2 25 10 46889 0 
-102.836 20.3123 -0.00278701 0.539892 4.85903 80 2 25 10 46890 0 
-102.818 20.3123 0.00221022 0.539892 4.85903 80 2 25 10 46891 0 
-102.8 20.3123 0.00712466 0.539892 4.85903 80 2 25 10 46892 0 
-102.782 20.3123 0.0119577 0.539892 4.85903 80 2 25 10 46893 0 
-102.764 20.3123 0.0167107 0.539892 4.85903 80 2 25 10 46894 0 
-102.746 20.3123 0.0213849 0.539892 4.85903 80 2 25 10 46895 0 
-102.728 20.3123 0.0259817 0.539892 4.85903 80 2 25 10 46896 0 
-102.71 20.3123 0.0305024 0.539892 4.85903 80 2 25 10 46897 0 
-102.692 20.3123 0.0349483 0.539892 4.85903 80 2 25 10 46898 0 
-102.674 20.3123 0.0393205 0.539892 4.85903 80 2 25 10 46899 0 
-102.656 20.3123 0.0436203 0.539892 4.85903 80 2 25 10 46900 0 
-102.638 20.3123 0.047849 0.539892 4.85903 80 2 25 10 46901 0 
-102.62 20.3124 0.0520076 0.539892 4.85903 80 2 25 10 46902 0 
-102.602 20.3124 0.0560974 0.539892 4.85903 80 2 25 10 46903 0 
-102.584 20.3124 0.0601196 0.539892 4.85903 80 2 25 10 46904 0 
-102.566 20.3124 0.0640751 0.539892 4.85903 80 2 25 10 46905 0 
-102.548 20.3124 0.0679653 0.539892 4.85903 80 2 25 10 46906 0 
-102.53 20.3125 0.071791 0.539892 4.85903 80 2 25 10 46907 0 
-102.512 20.3125 0.0755535 0.539892 4.85903 80 2 25 10 46908 0 
-102.494 20.3125 0.0792537 0.539892 4.85903 80 2 25 10 46909 0 
-102.476 20.3125 0.0828927 0.539892 4.85903 80 2 25 10 46910 0 
-102.458 20.3126 0.0864716 0.539892 4.85903 80 2 25 10 46911 0 
-102.44 20.3126 0.0899912 0.539892 4.85903 80 2 25 10 46912 0 
-102.422 20.3126 0.0934527 0.539892 4.85903 80 2 25 10 46913 0 
-102.404 20.3126 0.096857 0.539892 4.85903 80 2 25 10 46914 0 
-102.386 20.3127 0.100205 0.539892 4.85903 80 2 25 10 46915 0 
-102.368 20.3127 0.103498 0.539892 4.85903 80 2 25 10 46916 0 
-102.35 20.3127 0.106736 0.539892 4.85903 80 2 25 10 46917 0 
-102.332 20.3128 0.10992 0.539892 4.85903 80 2 25 10 46918 0 
-102.314 20.3128 0.113053 0.539892 4.85903 80 2 25 10 46919 0 
-102.296 20.3128 0.116133 0.539892 4.85903 80 2 25 10 46920 0 
-102.278 20.3129 0.119162 0.539892 4.85903 80 2 25 10 46921 0 
-102.26 20.3129 0.122142 0.539892 4.85903 80 2 25 10 46922 0 
-102.242 20.313 0.125072 0.539892 4.85903 80 2 25 10 46923 0 
-102.224 20.313 0.127954 0.539892 4.85903 80 2 25 10 46924 0 
-102.206 20.313 0.130788 0.539892 4.85903 80 2 25 10 46925 0 
-102.188 20.3131 0.133576 0.539892 4.85903 80 2 25 10 46926 0 
-102.17 20.3131 0.136317 0.539892 4.85903 80 2 25 10 46927 0 
-102.152 20.3132 0.139013 0.539892 4.85903 80 2 25 10 46928 0 
-102.134 20.3132 0.141665 0.539892 4.85903 80 2 25 10 46929 0 
-102.116 20.3132 0.144273 0.539892 4.85903 80 2 25 10 46930 0 
-102.098 20.3133 0.146838 0.539892 4.85903 80 2 25 10 46931 0 
-102.08 20.3133 0.149361 0.539892 4.85903 80 2 25 10 46932 0 
-102.062 20.3134 0.151842 0.539892 4.85903 80 2 25 10 46933 0 
-102.044 20.3134 0.154282 0.539892 4.85903 80 2 25 10 46934 0 
-102.026 20.3135 0.156682 0.539892 4.85903 80 2 25 10 46935 0 
-102.008 20.3135 0.159042 0.539892 4.85903 80 2 25 10 46936 0 
-101.99 20.3136 0.161364 0.539892 4.85903 80 2 25 10 46937 0 
-101.972 20.3136 0.163647 0.539892 4.85903 80 2 25 10 46938 0 
-101.954 20.3137 0.165893 0.539892 4.85903 80 2 25 10 46939 0 
-101.936 20.3137 0.168102 0.539892 4.85903 80 2 25 10 46940 0 
-101.918 20.3138 0.170274 0.539892 4.85903 80 2 25 10 46941 0 
-101.9 20.3138 0.17241 0.539892 4.85903 80 2 25 10 46942 0 
-101.882 20.3139 0.174512 0.539892 4.85903 80 2 25 10 46943 0 
-101.864 20.3139 0.176579 0.539892 4.85903 80 2 25 10 46944 0 
-101.846 20.314 0.178611 0.539892 4.85903 80 2 25 10 46945 0 
-101.828 20.3141 0.180611 0.539892 4.85903 80 2 25 10 46946 0 
-101.81 20.3141 0.182577 0.539892 4.85903 80 2 25 10 46947 0 
-101.792 20.3142 0.184511 0.539892 4.85903 80 2 25 10 46948 0 
-101.774 20.3142 0.186414 0.539892 4.85903 80 2 25 10 46949 0 
-101.756 20.3143 0.188285 0.539892 4.85903 80 2 25 10 46950 0 
-101.738 20.3144 0.190125 0.539892 4.85903 80 2 25 10 46951 0 
-101.72 20.3144 0.191935 0.539892 4.85903 80 2 25 10 46952 0 
-101.702 20.3145 0.193715 0.539892 4.85903 80 2 25 10 46953 0 
-101.684 20.3145 0.195467 0.539892 4.85903 80 2 25 10 46954 0 
-101.666 20.3146 0.197189 0.539892 4.85903 80 2 25 10 46955 0 
-101.648 20.3147 0.198883 0.539892 4.85903 80 2 25 10 46956 0 
-101.63 20.3147 0.200549 0.539892 4.85903 80 2 25 10 46957 0 
-101.612 20.3148 0.202188 0.539892 4.85903 80 2 25 10 46958 0 
-101.594 20.3148 0.2038 0.539892 4.85903 80 2 25 10 46959 0 
-101.576 20.3149 0.205386 0.539892 4.85903 80 2 25 10 46960 0 
-101.558 20.315 0.206945 0.539892 4.85903 80 2 25 10 46961 0 
-101.54 20.315 0.20848 0.539892 4.85903 80 2 25 10 46962 0 
-101.522 20.3151 0.209988 0.539892 4.85903 80 2 25 10 46963 0 
-101.504 20.3152 0.211473 0.539892 4.85903 80 2 25 10 46964 0 
-101.486 20.3152 0.212933 0.539892 4.85903 80 2 25 10 46965 0 
-101.468 20.3153 0.214369 0.539892 4.85903 80 2 25 10 46966 0 
-101.45 20.3154 0.215781 0.539892 4.85903 80 2 25 10 46967 0 
-101.432 20.3154 0.21717 0.539892 4.85903 80 2 25 10 46968 0 
-101.414 20.3155 0.218537 0.539892 4.85903 80 2 25 10 46969 0 
-101.396 20.3156 0.219881 0.539892 4.85903 80 2 25 10 46970 0 
-101.378 20.3156 0.221204 0.539892 4.85903 80 2 25 10 46971 0 
-101.36 20.3157 0.222504 0.539892 4.85903 80 2 25 10 46972 0 
-101.342 20.3158 0.223784 0.539892 4.85903 80 2 25 10 46973 0 
-101.324 20.3159 0.225042 0.539892 4.85903 80 2 25 10 46974 0 
-101.306 20.3159 0.22628 0.539892 4.85903 80 2 25 10 46975 0 
-101.288 20.316 0.227498 0.539892 4.85903 80 2 25 10 46976 0 
-101.27 20.3161 0.228696 0.539892 4.85903 80 2 25 10 46977 0 
-101.252 20.3161 0.229874 0.539892 4.85903 80 2 25 10 46978 0 
-101.234 20.3162 0.231034 0.539892 4.85903 80 2 25 10 46979 0 
-101.216 20.3163 0.232174 0.539892 4.85903 80 2 25 10 46980 0 
-101.198 20.3164 0.233296 0.539892 4.85903 80 2 25 10 46981 0 
-101.18 20.3164 0.234399 0.539892 4.85903 80 2 25 10 46982 0 
-101.162 20.3165 0.235485 0.539892 4.85903 80 2 25 10 46983 0 
-101.144 20.3166 0.236552 0.539892 4.85903 80 2 25 10 46984 0 
-101.126 20.3167 0.237603 0.539892 4.85903 80 2 25 10 46985 0 
-101.108 20.3167 0.238636 0.539892 4.85903 80 2 25 10 46986 0 
-101.09 20.3168 0.239653 0.539892 4.85903 80 2 25 10 46987 0 
-101.072 20.3169 0.240653 0.539892 4.85903 80 2 25 10 46988 0 
-101.054 20.3169 0.241636 0.539892 4.85903 80 2 25 10 46989 0 
-101.036 20.317 0.242604 0.539892 4.85903 80 2 25 10 46990 0 
-101.018 20.3171 0.243556 0.539892 4.85903 80 2 25 10 46991 0 
-101 20.3172 0.244493 0.539892 4.85903 80 2 25 10 46992 0 
-100.982 20.3173 0.245414 0.539892 4.85903 80 2 25 10 46993 0 
-100.964 20.3173 0.246321 0.539892 4.85903 80 2 25 10 46994 0 
-100.946 20.3174 0.247213 0.539892 4.85903 80 2 25 10 46995 0 
-100.928 20.3175 0.24809 0.539892 4.85903 80 2 25 10 46996 0 
-100.91 20.3176 0.248953 0.539892 4.85903 80 2 25 10 46997 0 
-100.892 20.3176 0.249802 0.539892 4.85903 80 2 25 10 46998 0 
-100.874 20.3177 0.250638 0.539892 4.85903 80 2 25 10 46999 0 
-100.856 20.3178 0.25146 0.539892 4.85903 80 2 25 10 47000 0 
-100.838 20.3179 0.252269 0.539892 4.85903 80 2 25 10 47001 0 
-100.82 20.318 0.253064 0.539892 4.85903 80 2 25 10 47002 0 
-100.802 20.318 0.253847 0.539892 4.85903 80 2 25 10 47003 0 
-100.785 20.3181 0.254617 0.539892 4.85903 80 2 25 10 47004 0 
-100.767 20.3182 0.255375 0.539892 4.85903 80 2 25 10 47005 0 
-100.749 20.3183 0.25612 0.539892 4.85903 80 2 25 10 47006 0 
-100.731 20.3184 0.256854 0.539892 4.85903 80 2 25 10 47007 0 
-100.713 20.3184 0.257576 0.539892 4.85903 80 2 25 10 47008 0 
-100.695 20.3185 0.258286 0.539892 4.85903 80 2 25 10 47009 0 
-100.677 20.3186 0.258984 0.539892 4.85903 80 2 25 10 47010 0 
-100.659 20.3187 0.259672 0.539892 4.85903 80 2 25 10 47011 0 
-100.641 20.3188 0.260348 0.539892 4.85903 80 2 25 10 47012 0 
-100.623 20.3188 0.261014 0.539892 4.85903 80 2 25 10 47013 0 
-100.605 20.3189 0.261669 0.539892 4.85903 80 2 25 10 47014 0 
-100.587 20.319 0.262313 0.539892 4.85903 80 2 25 10 47015 0 
-100.569 20.3191 0.262947 0.539892 4.85903 80 2 25 10 47016 0 
-100.551 20.3192 0.263571 0.539892 4.85903 80 2 25 10 47017 0 
-100.533 20.3193 0.264185 0.539892 4.85903 80 2 25 10 47018 0 
-100.515 20.3193 0.264789 0.539892 4.85903 80 2 25 10 47019 0 
-100.497 20.3194 0.265384 0.539892 4.85903 80 2 25 10 47020 0 
-100.479 20.3195 0.265969 0.539892 4.85903 80 2 25 10 47021 0 
-100.461 20.3196 0.266544 0.539892 4.85903 80 2 25 10 47022 0 
-100.443 20.3197 0.267111 0.539892 4.85903 80 2 25 10 47023 0 
-100.425 20.3198 0.267668 0.539892 4.85903 80 2 25 10 47024 0 
-100.407 20.3198 0.268217 0.539892 4.85903 80 2 25 10 47025 0 
-100.389 20.3199 0.268756 0.539892 4.85903 80 2 25 10 47026 0 
-100.371 20.32 0.269288 0.539892 4.85903 80 2 25 10 47027 0 
-100.353 20.3201 0.269811 0.539892 4.85903 80 2 25 10 47028 0 
-100.335 20.3202 0.270325 0.539892 4.85903 80 2 25 10 47029 0 
-100.317 20.3203 0.270831 0.539892 4.85903 80 2 25 10 47030 0 
-100.299 20.3204 0.27133 0.539892 4.85903 80 2 25 10 47031 0 
-100.281 20.3204 0.27182 0.539892 4.85903 80 2 25 10 47032 0 
-100.263 20.3205 0.272303 0.539892 4.85903 80 2 25 10 47033 0 
-100.245 20.3206 0.272778 0.539892 4.85903 80 2 25 10 47034 0 
-100.227 20.3207 0.273245 0.539892 4.85903 80 2 25 10 47035 0 
-100.209 20.3208 0.273706 0.539892 4.85903 80 2 25 10 47036 0 
-100.191 20.3209 0.274158 0.539892 4.85903 80 2 25 10 47037 0 
-100.173 20.321 0.274604 0.539892 4.85903 80 2 25 10 47038 0 
-100.155 20.321 0.275043 0.539892 4.85903 80 2 25 10 47039 0 
-100.137 20.3211 0.275475 0.539892 4.85903 80 2 25 10 47040 0 
-100.119 20.3212 0.2759 0.539892 4.85903 80 2 25 10 47041 0 
-100.101 20.3213 0.276318 0.539892 4.85903 80 2 25 10 47042 0 
-100.083 20.3214 0.27673 0.539892 4.85903 80 2 25 10 47043 0 
-100.065 20.3215 0.277136 0.539892 4.85903 80 2 25 10 47044 0 
-100.047 20.3216 0.277535 0.539892 4.85903 80 2 25 10 47045 0 
-100.029 20.3216 0.277927 0.539892 4.85903 80 2 25 10 47046 0 
-100.011 20.3217 0.278314 0.539892 4.85903 80 2 25 10 47047 0 
-99.9926 20.3218 0.278695 0.539892 4.85903 80 2 25 10 47048 0 
-99.9746 20.3219 0.27907 0.539892 4.85903 80 2 25 10 47049 0 
-99.9566 20.322 0.279438 0.539892 4.85903 80 2 25 10 47050 0 
-99.9386 20.3221 0.279802 0.539892 4.85903 80 2 25 10 47051 0 
-99.9206 20.3222 0.280159 0.539892 4.85903 80 2 25 10 47052 0 
-99.9026 20.3223 0.280511 0.539892 4.85903 80 2 25 10 47053 0 
-99.8846 20.3223 0.280858 0.539892 4.85903 80 2 25 10 47054 0 
-99.8666 20.3224 0.281199 0.539892 4.85903 80 2 25 10 47055 0 
-99.8486 20.3225 0.281535 0.539892 4.85903 80 2 25 10 47056 0 
-99.8306 20.3226 0.281865 0.539892 4.85903 80 2 25 10 47057 0 
-99.8126 20.3227 0.282191 0.539892 4.85903 80 2 25 10 47058 0 
-99.7946 20.3228 0.282511 0.539892 4.85903 80 2 25 10 47059 0 
-99.7766 20.3229 0.282827 0.539892 4.85903 80 2 25 10 47060 0 
-99.7586 20.323 0.283138 0.539892 4.85903 80 2 25 10 47061 0 
-99.7406 20.3231 0.283444 0.539892 4.85903 80 2 25 10 47062 0 
-99.7226 20.3231 0.283745 0.539892 4.85903 80 2 25 10 47063 0 
-99.7046 20.3232 0.284042 0.539892 4.85903 80 2 25 10 47064 0 
-99.6866 20.3233 0.284334 0.539892 4.85903 80 2 25 10 47065 0 
-99.6686 20.3234 0.284622 0.539892 4.85903 80 2 25 10 47066 0 
-99.6506 20.3235 0.284905 0.539892 4.85903 80 2 25 10 47067 0 
-99.6326 20.3236 0.285184 0.539892 4.85903 80 2 25 10 47068 0 
-99.6146 20.3237 0.285459 0.539892 4.85903 80 2 25 10 47069 0 
-99.5966 20.3238 0.28573 0.539892 4.85903 80 2 25 10 47070 0 
-99.5787 20.3239 0.285997 0.539892 4.85903 80 2 25 10 47071 0 
-99.5607 20.324 0.286259 0.539892 4.85903 80 2 25 10 47072 0 
-99.5427 20.324 0.286518 0.539892 4.85903 80 2 25 10 47073 0 
-99.5247 20.3241 0.286772 0.539892 4.85903 80 2 25 10 47074 0 
-99.5067 20.3242 0.287023 0.539892 4.85903 80 2 25 10 47075 0 
-99.4887 20.3243 0.28727 0.539892 4.85903 80 2 25 10 47076 0 
-99.4707 20.3244 0.287514 0.539892 4.85903 80 2 25 10 47077 0 
-99.4527 20.3245 0.287753 0.539892 4.85903 80 2 25 10 47078 0 
-99.4347 20.3246 0.287989 0.539892 4.85903 80 2 25 10 47079 0 
-99.4167 20.3247 0.288222 0.539892 4.85903 80 2 25 10 47080 0 
-99.3987 20.3248 0.288451 0.539892 4.85903 80 2 25 10 47081 0 
-99.3807 20.3249 0.288677 0.539892 4.85903 80 2 25 10 47082 0 
-99.3627 20.3249 0.288899 0.539892 4.85903 80 2 25 10 47083 0 
-99.3447 20.325 0.289118 0.539892 4.85903 80 2 25 10 47084 0 
-99.3267 20.3251 0.289334 0.539892 4.85903 80 2 25 10 47085 0 
-99.3087 20.3252 0.289547 0.539892 4.85903 80 2 25 10 47086 0 
-99.2907 20.3253 0.289757 0.539892 4.85903 80 2 25 10 47087 0 
-99.2727 20.3254 0.289963 0.539892 4.85903 80 2 25 10 47088 0 
-99.2547 20.3255 0.290167 0.539892 4.85903 80 2 25 10 47089 0 
-99.2367 20.3256 0.290367 0.539892 4.85903 80 2 25 10 47090 0 
-99.2187 20.3257 0.290565 0.539892 4.85903 80 2 25 10 47091 0 
-99.2007 20.3258 0.290759 0.539892 4.85903 80 2 25 10 47092 0 
-99.1827 20.3259 0.290951 0.539892 4.85903 80 2 25 10 47093 0 
-99.1647 20.326 0.29114 0.539892 4.85903 80 2 25 10 47094 0 
-99.1467 20.326 0.291326 0.539892 4.85903 80 2 25 10 47095 0 
-99.1287 20.3261 0.29151 0.539892 4.85903 80 2 25 10 47096 0 
-99.1107 20.3262 0.291691 0.539892 4.85903 80 2 25 10 47097 0 
-99.0927 20.3263 0.291869 0.539892 4.85903 80 2 25 10 47098 0 
-99.0747 20.3264 0.292045 0.539892 4.85903 80 2 25 10 47099 0 
-99.0567 20.3265 0.292218 0.539892 4.85903 80 2 25 10 47100 0 
-99.0387 20.3266 0.292389 0.539892 4.85903 80 2 25 10 47101 0 
-99.0207 20.3267 0.292558 0.539892 4.85903 80 2 25 10 47102 0 
-99.0027 20.3268 0.292724 0.539892 4.85903 80 2 25 10 47103 0 
-98.9847 20.3269 0.292887 0.539892 4.85903 80 2 25 10 47104 0 
-98.9667 20.327 0.293049 0.539892 4.85903 80 2 25 10 47105 0 
-98.9487 20.327 0.293208 0.539892 4.85903 80 2 25 10 47106 0 
-98.9307 20.3271 0.293364 0.539892 4.85903 80 2 25 10 47107 0 
-98.9127 20.3272 0.293519 0.539892 4.85903 80 2 25 10 47108 0 
-98.8947 20.3273 0.293672 0.539892 4.85903 80 2 25 10 47109 0 
-98.8767 20.3274 0.293822 0.539892 4.85903 80 2 25 10 47110 0 
-98.8587 20.3275 0.29397 0.539892 4.85903 80 2 25 10 47111 0 
-98.8407 20.3276 0.294116 0.539892 4.85903 80 2 25 10 47112 0 
-98.8227 20.3277 0.29426 0.539892 4.85903 80 2 25 10 47113 0 
-98.8047 20.3278 0.294403 0.539892 4.85903 80 2 25 10 47114 0 
-98.7868 20.3279 0.294543 0.539892 4.85903 80 2 25 10 47115 0 
-98.7688 20.328 0.294681 0.539892 4.85903 80 2 25 10 47116 0 
-98.7508 20.3281 0.294817 0.539892 4.85903 80 2 25 10 47117 0 
-98.7328 20.3282 0.294952 0.539892 4.85903 80 2 25 10 47118 0 
-98.7148 20.3282 0.295085 0.539892 4.85903 80 2 25 10 47119 0 
-98.6968 20.3283 0.295216 0.539892 4.85903 80 2 25 10 47120 0 
-98.6788 20.3284 0.295345 0.539892 4.85903 80 2 25 10 47121 0 
-98.6608 20.3285 0.295472 0.539892 4.85903 80 2 25 10 47122 0 
-98.6428 20.3286 0.295598 0.539892 4.85903 80 2 25 10 47123 0 
-98.6248 20.3287 0.295722 0.539892 4.85903 80 2 25 10 47124 0 
-98.6068 20.3288 0.295844 0.539892 4.85903 80 2 25 10 47125 0 
-98.5888 20.3289 0.295965 0.539892 4.85903 80 2 25 10 47126 0 
-98.5708 20.329 0.296084 0.539892 4.85903 80 2 25 10 47127 0 
-98.5528 20.3291 0.296202 0.539892 4.85903 80 2 25 10 47128 0 
-98.5348 20.3292 0.296318 0.539892 4.85903 80 2 25 10 47129 0 
-98.5168 20.3293 0.296432 0.539892 4.85903 80 2 25 10 47130 0 
-98.4988 20.3294 0.296545 0.539892 4.85903 80 2 25 10 47131 0 
-98.4808 20.3295 0.296657 0.539892 4.85903 80 2 25 10 47132 0 
-98.4628 20.3296 0.296767 0.539892 4.85903 80 2 25 10 47133 0 
-98.4448 20.3296 0.296875 0.539892 4.85903 80 2 25 10 47134 0 
-98.4268 20.3297 0.296983 0.539892 4.85903 80 2 25 10 47135 0 
-98.4088 20.3298 0.297089 0.539892 4.85903 80 2 25 10 47136 0 
-98.3908 20.3299 0.297193 0.539892 4.85903 80 2 25 10 47137 0 
-98.3728 20.33 0.297296 0.539892 4.85903 80 2 25 10 47138 0 
-98.3548 20.3301 0.297398 0.539892 4.85903 80 2 25 10 47139 0 
-98.3368 20.3302 0.297499 0.539892 4.85903 80 2 25 10 47140 0 
-98.3188 20.3303 0.297598 0.539892 4.85903 80 2 25 10 47141 0 
-98.3008 20.3304 0.297696 0.539892 4.85903 80 2 25 10 47142 0 
-98.2828 20.3305 0.297793 0.539892 4.85903 80 2 25 10 47143 0 
-98.2648 20.3306 0.297889 0.539892 4.85903 80 2 25 10 47144 0 
-98.2468 20.3307 0.297984 0.539892 4.85903 80 2 25 10 47145 0 
-98.2288 20.3308 0.298077 0.539892 4.85903 80 2 25 10 47146 0 
-98.2108 20.3309 0.298169 0.539892 4.85903 80 2 25 10 47147 0 
-98.1928 20.331 0.29826 0.539892 4.85903 80 2 25 10 47148 0 
-98.1748 20.3311 0.29835 0.539892 4.85903 80 2 25 10 47149 0 
-98.1568 20.3311 0.298439 0.539892 4.85903 80 2 25 10 47150 0 
-98.1388 20.3312 0.298527 0.539892 4.85903 80 2 25 10 47151 0 
-98.1208 20.3313 0.298614 0.539892 4.85903 80 2 25 10 47152 0 
-98.1028 20.3314 0.2987 0.539892 4.85903 80 2 25 10 47153 0 
-98.0848 20.3315 0.298784 0.539892 4.85903 80 2 25 10 47154 0 
-98.0668 20.3316 0.298868 0.539892 4.85903 80 2 25 10 47155 0 
-98.0488 20.3317 0.298951 0.539892 4.85903 80 2 25 10 47156 0 
-98.0308 20.3318 0.299033 0.539892 4.85903 80 2 25 10 47157 0 
-98.0128 20.3319 0.299114 0.539892 4.85903 80 2 25 10 47158 0 
-97.9949 20.332 0.299194 0.539892 4.85903 80 2 25 10 47159 0 
-97.9769 20.3321 0.299273 0.539892 4.85903 80 2 25 10 47160 0 
-97.9589 20.3322 0.299351 0.539892 4.85903 80 2 25 10 47161 0 
-97.9409 20.3323 0.299428 0.539892 4.85903 80 2 25 10 47162 0 
-97.9229 20.3324 0.299504 0.539892 4.85903 80 2 25 10 47163 0 
-97.9049 20.3325 0.29958 0.539892 4.85903 80 2 25 10 47164 0 
-97.8869 20.3325 0.299655 0.539892 4.85903 80 2 25 10 47165 0 
-97.8689 20.3326 0.299728 0.539892 4.85903 80 2 25 10 47166 0 
-97.8509 20.3327 0.299801 0.539892 4.85903 80 2 25 10 47167 0 
-97.8329 20.3328 0.299874 0.539892 4.85903 80 2 25 10 47168 0 
-97.8149 20.3329 0.299945 0.539892 4.85903 80 2 25 10 47169 0 
-97.7969 20.333 0.300016 0.539892 4.85903 80 2 25 10 47170 0 
-97.7789 20.3331 0.300086 0.539892 4.85903 80 2 25 10 47171 0 
-97.7609 20.3332 0.300155 0.539892 4.85903 80 2 25 10 47172 0 
-97.7429 20.3333 0.300223 0.539892 4.85903 80 2 25 10 47173 0 
-97.7249 20.3334 0.300291 0.539892 4.85903 80 2 25 10 47174 0 
-97.7069 20.3335 0.300358 0.539892 4.85903 80 2 25 10 47175 0 
-97.6889 20.3336 0.300424 0.539892 4.85903 80 2 25 10 47176 0 
-97.6709 20.3337 0.30049 0.539892 4.85903 80 2 25 10 47177 0 
-97.6529 20.3338 0.300555 0.539892 4.85903 80 2 25 10 47178 0 
-97.6349 20.3339 0.300619 0.539892 4.85903 80 2 25 10 47179 0 
-97.6169 20.334 0.300683 0.539892 4.85903 80 2 25 10 47180 0 
-97.5989 20.334 0.300746 0.539892 4.85903 80 2 25 10 47181 0 
-97.5809 20.3341 0.300808 0.539892 4.85903 80 2 25 10 47182 0 
-97.5629 20.3342 0.30087 0.539892 4.85903 80 2 25 10 47183 0 
-97.5449 20.3343 0.300931 0.539892 4.85903 80 2 25 10 47184 0 
-97.5269 20.3344 0.300991 0.539892 4.85903 80 2 25 10 47185 0 
-97.5089 20.3345 0.301051 0.539892 4.85903 80 2 25 10 47186 0 
-97.4909 20.3346 0.301111 0.539892 4.85903 80 2 25 10 47187 0 
-97.4729 20.3347 0.301169 0.539892 4.85903 80 2 25 10 47188 0 
-97.4549 20.3348 0.301228 0.539892 4.85903 80 2 25 10 47189 0 
-97.4369 20.3349 0.301285 0.539892 4.85903 80 2 25 10 47190 0 
-97.4189 20.335 0.301342 0.539892 4.85903 80 2 25 10 47191 0 
-97.4009 20.3351 0.301399 0.539892 4.85903 80 2 25 10 47192 0 
-97.3829 20.3352 0.301455 0.539892 4.85903 80 2 25 10 47193 0 
-97.3649 20.3353 0.30151 0.539892 4.85903 80 2 25 10 47194 0 
-97.3469 20.3354 0.301565 0.539892 4.85903 80 2 25 10 47195 0 
-97.3289 20.3355 0.30162 0.539892 4.85903 80 2 25 10 47196 0 
-97.3109 20.3356 0.301674 0.539892 4.85903 80 2 25 10 47197 0 
-97.2929 20.3357 0.301728 0.539892 4.85903 80 2 25 10 47198 0 
-97.2749 20.3358 0.301781 0.539892 4.85903 80 2 25 10 47199 0 
-97.2569 20.3359 0.301833 0.539892 4.85903 80 2 25 10 47200 0 
-97.2389 20.336 0.301885 0.539892 4.85903 80 2 25 10 47201 0 
-97.2209 20.336 0.301937 0.539892 4.85903 80 2 25 10 47202 0 
-97.2029 20.3361 0.301988 0.539892 4.85903 80 2 25 10 47203 0 
-97.185 20.3362 0.302039 0.539892 4.85903 80 2 25 10 47204 0 
-97.167 20.3363 0.302089 0.539892 4.85903 80 2 25 10 47205 0 
-97.149 20.3364 0.302139 0.539892 4.85903 80 2 25 10 47206 0 
-97.131 20.3365 0.302189 0.539892 4.85903 80 2 25 10 47207 0 
-97.113 20.3366 0.302238 0.539892 4.85903 80 2 25 10 47208 0 
-97.095 20.3367 0.302287 0.539892 4.85903 80 2 25 10 47209 0 
-97.077 20.3368 0.302335 0.539892 4.85903 80 2 25 10 47210 0 
-97.059 20.3369 0.302383 0.539892 4.85903 80 2 25 10 47211 0 
-97.041 20.337 0.302431 0.539892 4.85903 80 2 25 10 47212 0 
-97.023 20.3371 0.302478 0.539892 4.85903 80 2 25 10 47213 0 
-97.005 20.3372 0.302525 0.539892 4.85903 80 2 25 10 47214 0 
-96.987 20.3373 0.302571 0.539892 4.85903 80 2 25 10 47215 0 
-96.969 20.3374 0.302617 0.539892 4.85903 80 2 25 10 47216 0 
-96.951 20.3375 0.302663 0.539892 4.85903 80 2 25 10 47217 0 
-96.933 20.3376 0.302709 0.539892 4.85903 80 2 25 10 47218 0 
-96.915 20.3377 0.302754 0.539892 4.85903 80 2 25 10 47219 0 
-96.897 20.3378 0.302798 0.539892 4.85903 80 2 25 10 47220 0 
-96.879 20.3379 0.302843 0.539892 4.85903 80 2 25 10 47221 0 
-96.861 20.338 0.302887 0.539892 4.85903 80 2 25 10 47222 0 
-96.843 20.3381 0.302931 0.539892 4.85903 80 2 25 10 47223 0 
-96.825 20.3381 0.302974 0.539892 4.85903 80 2 25 10 47224 0 
-96.807 20.3382 0.303017 0.539892 4.85903 80 2 25 10 47225 0 
-96.789 20.3383 0.30306 0.539892 4.85903 80 2 25 10 47226 0 
-96.771 20.3384 0.303103 0.539892 4.85903 80 2 25 10 47227 0 
-96.753 20.3385 0.303145 0.539892 4.85903 80 2 25 10 47228 0 
-96.735 20.3386 0.303187 0.539892 4.85903 80 2 25 10 47229 0 
-96.717 20.3387 0.303229 0.539892 4.85903 80 2 25 10 47230 0 
-96.699 20.3388 0.30327 0.539892 4.85903 80 2 25 10 47231 0 
-96.681 20.3389 0.303312 0.539892 4.85903 80 2 25 10 47232 0 
-96.663 20.339 0.303352 0.539892 4.85903 80 2 25 10 47233 0 
-96.645 20.3391 0.303393 0.539892 4.85903 80 2 25 10 47234 0 
-96.627 20.3392 0.303434 0.539892 4.85903 80 2 25 10 47235 0 
-96.609 20.3393 0.303474 0.539892 4.85903 80 2 25 10 47236 0 
-96.591 20.3394 0.303514 0.539892 4.85903 80 2 25 10 47237 0 
-96.573 20.3395 0.303553 0.539892 4.85903 80 2 25 10 47238 0 
-96.555 20.3396 0.303593 0.539892 4.85903 80 2 25 10 47239 0 
-96.537 20.3397 0.303632 0.539892 4.85903 80 2 25 10 47240 0 
-96.519 20.3398 0.303671 0.539892 4.85903 80 2 25 10 47241 0 
-96.501 20.3399 0.30371 0.539892 4.85903 80 2 25 10 47242 0 
-96.483 20.34 0.303748 0.539892 4.85903 80 2 25 10 47243 0 
-96.465 20.3401 0.303786 0.539892 4.85903 80 2 25 10 47244 0 
-96.447 20.3401 0.303824 0.539892 4.85903 80 2 25 10 47245 0 
-96.429 20.3402 0.303862 0.539892 4.85903 80 2 25 10 47246 0 
-96.411 20.3403 0.3039 0.539892 4.85903 80 2 25 10 47247 0 
-96.3931 20.3404 0.303937 0.539892 4.85903 80 2 25 10 47248 0 
-96.3751 20.3405 0.303975 0.539892 4.85903 80 2 25 10 47249 0 
-96.3571 20.3406 0.304012 0.539892 4.85903 80 2 25 10 47250 0 
-96.3391 20.3407 0.304048 0.539892 4.85903 80 2 25 10 47251 0 
-96.3211 20.3408 0.304085 0.539892 4.85903 80 2 25 10 47252 0 
-96.3031 20.3409 0.304121 0.539892 4.85903 80 2 25 10 47253 0 
-96.2851 20.341 0.304158 0.539892 4.85903 80 2 25 10 47254 0 
-96.2671 20.3411 0.304194 0.539892 4.85903 80 2 25 10 47255 0 
-96.2491 20.3412 0.30423 0.539892 4.85903 80 2 25 10 47256 0 
-96.2311 20.3413 0.304265 0.539892 4.85903 80 2 25 10 47257 0 
-96.2131 20.3414 0.304301 0.539892 4.85903 80 2 25 10 47258 0 
-96.1951 20.3415 0.304336 0.539892 4.85903 80 2 25 10 47259 0 
-96.1771 20.3416 0.304372 0.539892 4.85903 80 2 25 10 47260 0 
-96.1591 20.3417 0.304407 0.539892 4.85903 80 2 25 10 47261 0 
-96.1411 20.3418 0.304442 0.539892 4.85903 80 2 25 10 47262 0 
-96.1231 20.3419 0.304476 0.539892 4.85903 80 2 25 10 47263 0 
-96.1051 20.342 0.304511 0.539892 4.85903 80 2 25 10 47264 0 
-96.0871 20.3421 0.304545 0.539892 4.85903 80 2 25 10 47265 0 
-96.0691 20.3422 0.30458 0.539892 4.85903 80 2 25 10 47266 0 
-96.0511 20.3422 0.304614 0.539892 4.85903 80 2 25 10 47267 0 
-96.0331 20.3423 0.304648 0.539892 4.85903 80 2 25 10 47268 0 
-96.0151 20.3424 0.304682 0.539892 4.85903 80 2 25 10 47269 0 
-95.9971 20.3425 0.304715 0.539892 4.85903 80 2 25 10 47270 0 
-95.9791 20.3426 0.304749 0.539892 4.85903 80 2 25 10 47271 0 
-95.9611 20.3427 0.304783 0.539892 4.85903 80 2 25 10 47272 0 
-95.9431 20.3428 0.304816 0.539892 4.85903 80 2 25 10 47273 0 
-95.9251 20.3429 0.304849 0.539892 4.85903 80 2 25 10 47274 0 
-95.9071 20.343 0.304882 0.539892 4.85903 80 2 25 10 47275 0 
-95.8891 20.3431 0.304915 0.539892 4.85903 80 2 25 10 47276 0 
-95.8711 20.3432 0.304948 0.539892 4.85903 80 2 25 10 47277 0 
-95.8531 20.3433 0.30498 0.539892 4.85903 80 2 25 10 47278 0 
-95.8351 20.3434 0.305013 0.539892 4.85903 80 2 25 10 47279 0 
-95.8171 20.3435 0.305045 0.539892 4.85903 80 2 25 10 47280 0 
-95.7991 20.3436 0.305078 0.539892 4.85903 80 2 25 10 47281 0 
-95.7811 20.3437 0.30511 0.539892 4.85903 80 2 25 10 47282 0 
-95.7631 20.3438 0.305142 0.539892 4.85903 80 2 25 10 47283 0 
-95.7451 20.3439 0.305174 0.539892 4.85903 80 2 25 10 47284 0 
-95.7271 20.344 0.305206 0.539892 4.85903 80 2 25 10 47285 0 
-95.7091 20.3441 0.305238 0.539892 4.85903 80 2 25 10 47286 0 
-95.6911 20.3442 0.305269 0.539892 4.85903 80 2 25 10 47287 0 
-95.6731 20.3442 0.305301 0.539892 4.85903 80 2 25 10 47288 0 
-95.6551 20.3443 0.305332 0.539892 4.85903 80 2 25 10 47289 0 
-95.6371 20.3444 0.305364 0.539892 4.85903 80 2 25 10 47290 0 
-95.6191 20.3445 0.305395 0.539892 4.85903 80 2 25 10 47291 0 
-95.6012 20.3446 0.305426 0.539892 4.85903 80 2 25 10 47292 0 
-95.5832 20.3447 0.305457 0.539892 4.85903 80 2 25 10 47293 0 
-95.5652 20.3448 0.305488 0.539892 4.85903 80 2 25 10 47294 0 
-95.5472 20.3449 0.305519 0.539892 4.85903 80 2 25 10 47295 0 
-95.5292 20.345 0.30555 0.539892 4.85903 80 2 25 10 47296 0 
-95.5112 20.3451 0.305581 0.539892 4.85903 80 2 25 10 47297 0 
-95.4932 20.3452 0.305611 0.539892 4.85903 80 2 25 10 47298 0 
-95.4752 20.3453 0.305642 0.539892 4.85903 80 2 25 10 47299 0 
-95.4572 20.3454 0.305672 0.539892 4.85903 80 2 25 10 47300 0 
-95.4392 20.3455 0.305703 0.539892 4.85903 80 2 25 10 47301 0 
-95.4212 20.3456 0.305733 0.539892 4.85903 80 2 25 10 47302 0 
-95.4032 20.3457 0.305763 0.539892 4.85903 80 2 25 10 47303 0 
-95.3852 20.3458 0.305793 0.539892 4.85903 80 2 25 10 47304 0 
-95.3672 20.3459 0.305824 0.539892 4.85903 80 2 25 10 47305 0 
-95.3492 20.346 0.305854 0.539892 4.85903 80 2 25 10 47306 0 
-95.3312 20.3461 0.305883 0.539892 4.85903 80 2 25 10 47307 0 
-95.3132 20.3462 0.305913 0.539892 4.85903 80 2 25 10 47308 0 
-95.2952 20.3463 0.305943 0.539892 4.85903 80 2 25 10 47309 0 
-95.2772 20.3463 0.305973 0.539892 4.85903 80 2 25 10 47310 0 
-95.2592 20.3464 0.306002 0.539892 4.85903 80 2 25 10 47311 0 
-95.2412 20.3465 0.306032 0.539892 4.85903 80 2 25 10 47312 0 
-95.2232 20.3466 0.306062 0.539892 4.85903 80 2 25 10 47313 0 
-95.2052 20.3467 0.306091 0.539892 4.85903 80 2 25 10 47314 0 
-95.1872 20.3468 0.30612 0.539892 4.85903 80 2 25 10 47315 0 
-95.1692 20.3469 0.30615 0.539892 4.85903 80 2 25 10 47316 0 
-95.1512 20.347 0.306179 0.539892 4.85903 80 2 25 10 47317 0 
-95.1332 20.3471 0.306208 0.539892 4.85903 80 2 25 10 47318 0 
-95.1152 20.3472 0.306237 0.539892 4.85903 80 2 25 10 47319 0 
-95.0972 20.3473 0.306266 0.539892 4.85903 80 2 25 10 47320 0 
-95.0792 20.3474 0.306296 0.539892 4.85903 80 2 25 10 47321 0 
-95.0612 20.3475 0.306325 0.539892 4.85903 80 2 25 10 47322 0 
-95.0432 20.3476 0.306353 0.539892 4.85903 80 2 25 10 47323 0 
-95.0252 20.3477 0.306382 0.539892 4.85903 80 2 25 10 47324 0 
-95.0072 20.3478 0.306411 0.539892 4.85903 80 2 25 10 47325 0 
-94.9892 20.3479 0.30644 0.539892 4.85903 80 2 25 10 47326 0 
-94.9712 20.348 0.306469 0.539892 4.85903 80 2 25 10 47327 0 
-94.9532 20.3481 0.306497 0.539892 4.85903 80 2 25 10 47328 0 
-94.9352 20.3482 0.306526 0.539892 4.85903 80 2 25 10 47329 0 
-94.9172 20.3483 0.306554 0.539892 4.85903 80 2 25 10 47330 0 
-94.8992 20.3484 0.306583 0.539892 4.85903 80 2 25 10 47331 0 
-94.8812 20.3484 0.306612 0.539892 4.85903 80 2 25 10 47332 0 
-94.8632 20.3485 0.30664 0.539892 4.85903 80 2 25 10 47333 0 
-94.8452 20.3486 0.306668 0.539892 4.85903 80 2 25 10 47334 0 
-94.8272 20.3487 0.306697 0.539892 4.85903 80 2 25 10 47335 0 
-94.8092 20.3488 0.306725 0.539892 4.85903 80 2 25 10 47336 0 
-94.7913 20.3489 0.306753 0.539892 4.85903 80 2 25 10 47337 0 
-94.7733 20.349 0.306781 0.539892 4.85903 80 2 25 10 47338 0 
-94.7553 20.3491 0.30681 0.539892 4.85903 80 2 25 10 47339 0 
-94.7373 20.3492 0.306838 0.539892 4.85903 80 2 25 10 47340 0 
-94.7193 20.3493 0.306866 0.539892 4.85903 80 2 25 10 47341 0 
-94.7013 20.3494 0.306894 0.539892 4.85903 80 2 25 10 47342 0 
-94.6833 20.3495 0.306922 0.539892 4.85903 80 2 25 10 47343 0 
-94.6653 20.3496 0.30695 0.539892 4.85903 80 2 25 10 47344 0 
-94.6473 20.3497 0.306978 0.539892 4.85903 80 2 25 10 47345 0 
-94.6293 20.3498 0.307006 0.539892 4.85903 80 2 25 10 47346 0 
-94.6113 20.3499 0.307034 0.539892 4.85903 80 2 25 10 47347 0 
-94.5933 20.35 0.307061 0.539892 4.85903 80 2 25 10 47348 0 
-94.5753 20.3501 0.307089 0.539892 4.85903 80 2 25 10 47349 0 
-94.5573 20.3502 0.307117 0.539892 4.85903 80 2 25 10 47350 0 
-94.5393 20.3503 0.307145 0.539892 4.85903 80 2 25 10 47351 0 
-94.5213 20.3504 0.307172 0.539892 4.85903 80 2 25 10 47352 0 
-94.5033 20.3505 0.3072 0.539892 4.85903 80 2 25 10 47353 0 
-94.4853 20.3506 0.307228 0.539892 4.85903 80 2 25 10 47354 0 
-94.4673 20.3507 0.307255 0.539892 4.85903 80 2 25 10 47355 0 
-94.4493 20.3508 0.307283 0.539892 4.85903 80 2 25 10 47356 0 
-94.4313 20.3509 0.30731 0.539892 4.85903 80 2 25 10 47357 0 
-94.4133 20.351 0.307338 0.539892 4.85903 80 2 25 10 47358 0 
-94.3953 20.3511 0.307365 0.539892 4.85903 80 2 25 10 47359 0 
-94.3773 20.3512 0.307393 0.539892 4.85903 80 2 25 10 47360 0 
-94.3593 20.3513 0.30742 0.539892 4.85903 80 2 25 10 47361 0 
-94.3413 20.3514 0.307448 0.539892 4.85903 80 2 25 10 47362 0 
-94.3233 20.3515 0.307475 0.539892 4.85903 80 2 25 10 47363 0 
-94.3053 20.3516 0.307502 0.539892 4.85903 80 2 25 10 47364 0 
-94.2873 20.3517 0.30753 0.539892 4.85903 80 2 25 10 47365 0 
-94.2693 20.3517 0.307557 0.539892 4.85903 80 2 25 10 47366 0 
-94.2513 20.3518 0.307584 0.539892 4.85903 80 2 25 10 47367 0 
-94.2333 20.3519 0.307611 0.539892 4.85903 80 2 25 10 47368 0 
-94.2153 20.352 0.307639 0.539892 4.85903 80 2 25 10 47369 0 
-94.1973 20.3521 0.307666 0.539892 4.85903 80 2 25 10 47370 0 
-94.1793 20.3522 0.307693 0.539892 4.85903 80 2 25 10 47371 0 
-94.1613 20.3523 0.30772 0.539892 4.85903 80 2 25 10 47372 0 
-94.1433 20.3524 0.307747 0.539892 4.85903 80 2 25 10 47373 0 
-94.1253 20.3525 0.307774 0.539892 4.85903 80 2 25 10 47374 0 
-94.1073 20.3526 0.307802 0.539892 4.85903 80 2 25 10 47375 0 
-94.0893 20.3527 0.307829 0.539892 4.85903 80 2 25 10 47376 0 
-94.0713 20.3528 0.307856 0.539892 4.85903 80 2 25 10 47377 0 
-94.0533 20.3529 0.307883 0.539892 4.85903 80 2 25 10 47378 0 
-94.0353 20.353 0.30791 0.539892 4.85903 80 2 25 10 47379 0 
-94.0173 20.3531 0.307937 0.539892 4.85903 80 2 25 10 47380 0 
-93.9994 20.3532 0.307964 0.539892 4.85903 80 2 25 10 47381 0 
-93.9814 20.3533 0.307991 0.539892 4.85903 80 2 25 10 47382 0 
-93.9634 20.3534 0.308018 0.539892 4.85903 80 2 25 10 47383 0 
-93.9454 20.3535 0.308045 0.539892 4.85903 80 2 25 10 47384 0 
-93.9274 20.3536 0.308071 0.539892 4.85903 80 2 25 10 47385 0 
-93.9094 20.3537 0.308098 0.539892 4.85903 80 2 25 10 47386 0 
-93.8914 20.3538 0.308125 0.539892 4.85903 80 2 25 10 47387 0 
-93.8734 20.3539 0.308152 0.539892 4.85903 80 2 25 10 47388 0 
-93.8554 20.354 0.308179 0.539892 4.85903 80 2 25 10 47389 0 
-93.8374 20.3541 0.308206 0.539892 4.85903 80 2 25 10 47390 0 
-93.8194 20.3542 0.308233 0.539892 4.85903 80 2 25 10 47391 0 
-93.8014 20.3543 0.308259 0.539892 4.85903 80 2 25 10 47392 0 
-93.7834 20.3544 0.308286 0.539892 4.85903 80 2 25 10 47393 0 
-93.7654 20.3545 0.308313 0.539892 4.85903 80 2 25 10 47394 0 
-93.7474 20.3546 0.30834 0.539892 4.85903 80 2 25 10 47395 0 
-93.7294 20.3547 0.308366 0.539892 4.85903 80 2 25 10 47396 0 
-93.7114 20.3548 0.308393 0.539892 4.85903 80 2 25 10 47397 0 
-93.6934 20.3549 0.30842 0.539892 4.85903 80 2 25 10 47398 0 
-93.6754 20.355 0.308447 0.539892 4.85903 80 2 25 10 47399 0 
-93.6574 20.3551 0.308473 0.539892 4.85903 80 2 25 10 47400 0 
-93.6394 20.3552 0.3085 0.539892 4.85903 80 2 25 10 47401 0 
-93.6214 20.3553 0.308527 0.539892 4.85903 80 2 25 10 47402 0 
-93.6034 20.3553 0.308553 0.539892 4.85903 80 2 25 10 47403 0 
-93.5854 20.3554 0.30858 0.539892 4.85903 80 2 25 10 47404 0 
-93.5674 20.3555 0.308607 0.539892 4.85903 80 2 25 10 47405 0 
-93.5494 20.3556 0.308633 0.539892 4.85903 80 2 25 10 47406 0 
-93.5314 20.3557 0.30866 0.539892 4.85903 80 2 25 10 47407 0 
-93.5134 20.3558 0.308686 0.539892 4.85903 80 2 25 10 47408 0 
-93.4954 20.3559 0.308713 0.539892 4.85903 80 2 25 10 47409 0 
-93.4774 20.356 0.30874 0.539892 4.85903 80 2 25 10 47410 0 
-93.4594 20.3561 0.308766 0.539892 4.85903 80 2 25 10 47411 0 
-93.4414 20.3562 0.308793 0.539892 4.85903 80 2 25 10 47412 0 
-93.4234 20.3563 0.308819 0.539892 4.85903 80 2 25 10 47413 0 
-93.4054 20.3564 0.308846 0.539892 4.85903 80 2 25 10 47414 0 
-93.3874 20.3565 0.308873 0.539892 4.85903 80 2 25 10 47415 0 
-93.3694 20.3566 0.308899 0.539892 4.85903 80 2 25 10 47416 0 
-93.3514 20.3567 0.308926 0.539892 4.85903 80 2 25 10 47417 0 
-93.3334 20.3568 0.308952 0.539892 4.85903 80 2 25 10 47418 0 
-93.3154 20.3569 0.308979 0.539892 4.85903 80 2 25 10 47419 0 
-93.2974 20.357 0.309005 0.539892 4.85903 80 2 25 10 47420 0 
-93.2794 20.3571 0.309032 0.539892 4.85903 80 2 25 10 47421 0 
-93.2614 20.3572 0.309058 0.539892 4.85903 80 2 25 10 47422 0 
-93.2434 20.3573 0.309085 0.539892 4.85903 80 2 25 10 47423 0 
-93.2254 20.3574 0.309111 0.539892 4.85903 80 2 25 10 47424 0 
-93.2075 20.3575 0.309138 0.539892 4.85903 80 2 25 10 47425 0 
-93.1895 20.3576 0.309164 0.539892 4.85903 80 2 25 10 47426 0 
-93.1715 20.3577 0.309191 0.539892 4.85903 80 2 25 10 47427 0 
-93.1535 20.3578 0.309217 0.539892 4.85903 80 2 25 10 47428 0 
-93.1355 20.3579 0.309244 0.539892 4.85903 80 2 25 10 47429 0 
-93.1175 20.358 0.30927 0.539892 4.85903 80 2 25 10 47430 0 
-93.0995 20.3581 0.309297 0.539892 4.85903 80 2 25 10 47431 0 
-93.0815 20.3582 0.309323 0.539892 4.85903 80 2 25 10 47432 0 
-93.0635 20.3583 0.309349 0.539892 4.85903 80 2 25 10 47433 0 
-93.0455 20.3584 0.309376 0.539892 4.85903 80 2 25 10 47434 0 
-93.0275 20.3585 0.309402 0.539892 4.85903 80 2 25 10 47435 0 
-93.0095 20.3586 0.309429 0.539892 4.85903 80 2 25 10 47436 0 
-92.9915 20.3587 0.309455 0.539892 4.85903 80 2 25 10 47437 0 
-92.9735 20.3588 0.309482 0.539892 4.85903 80 2 25 10 47438 0 
-92.9555 20.3589 0.309508 0.539892 4.85903 80 2 25 10 47439 0 
-92.9375 20.3589 0.309535 0.539892 4.85903 80 2 25 10 47440 0 
-92.9195 20.359 0.309561 0.539892 4.85903 80 2 25 10 47441 0 
-92.9015 20.3591 0.309587 0.539892 4.85903 80 2 25 10 47442 0 
-92.8835 20.3592 0.309614 0.539892 4.85903 80 2 25 10 47443 0 
-92.8655 20.3593 0.30964 0.539892 4.85903 80 2 25 10 47444 0 
-92.8475 20.3594 0.309667 0.539892 4.85903 80 2 25 10 47445 0 
-92.8295 20.3595 0.309693 0.539892 4.85903 80 2 25 10 47446 0 
-92.8115 20.3596 0.309719 0.539892 4.85903 80 2 25 10 47447 0 
-92.7935 20.3597 0.309746 0.539892 4.85903 80 2 25 10 47448 0 
-92.7755 20.3598 0.309772 0.539892 4.85903 80 2 25 10 47449 0 
-92.7575 20.3599 0.309799 0.539892 4.85903 80 2 25 10 47450 0 
-92.7395 20.36 0.309825 0.539892 4.85903 80 2 25 10 47451 0 
-92.7215 20.3601 0.309851 0.539892 4.85903 80 2 25 10 47452 0 
-92.7035 20.3602 0.309878 0.539892 4.85903 80 2 25 10 47453 0 
-92.6855 20.3603 0.309904 0.539892 4.85903 80 2 25 10 47454 0 
-92.6675 20.3604 0.309931 0.539892 4.85903 80 2 25 10 47455 0 
-92.6495 20.3605 0.309957 0.539892 4.85903 80 2 25 10 47456 0 
-92.6315 20.3606 0.309983 0.539892 4.85903 80 2 25 10 47457 0 
-92.6135 20.3607 0.31001 0.539892 4.85903 80 2 25 10 47458 0 
-92.5955 20.3608 0.310036 0.539892 4.85903 80 2 25 10 47459 0 
-92.5775 20.3609 0.310062 0.539892 4.85903 80 2 25 10 47460 0 
-92.5595 20.361 0.310089 0.539892 4.85903 80 2 25 10 47461 0 
-92.5415 20.3611 0.310115 0.539892 4.85903 80 2 25 10 47462 0 
-92.5235 20.3612 0.310142 0.539892 4.85903 80 2 25 10 47463 0 
-92.5055 20.3613 0.310168 0.539892 4.85903 80 2 25 10 47464 0 
-92.4875 20.3614 0.310194 0.539892 4.85903 80 2 25 10 47465 0 
-92.4695 20.3615 0.310221 0.539892 4.85903 80 2 25 10 47466 0 
-92.4515 20.3616 0.310247 0.539892 4.85903 80 2 25 10 47467 0 
-92.4335 20.3617 0.310273 0.539892 4.85903 80 2 25 10 47468 0 
-92.4156 20.3618 0.3103 0.539892 4.85903 80 2 25 10 47469 0 
-92.3976 20.3619 0.310326 0.539892 4.85903 80 2 25 10 47470 0 
-92.3796 20.362 0.310353 0.539892 4.85903 80 2 25 10 47471 0 
-92.3616 20.3621 0.310379 0.539892 4.85903 80 2 25 10 47472 0 
-92.3436 20.3622 0.310405 0.539892 4.85903 80 2 25 10 47473 0 
-92.3256 20.3623 0.310432 0.539892 4.85903 80 2 25 10 47474 0 
-92.3076 20.3624 0.310458 0.539892 4.85903 80 2 25 10 47475 0 
-92.2896 20.3624 0.310484 0.539892 4.85903 80 2 25 10 47476 0 
-92.2716 20.3625 0.310511 0.539892 4.85903 80 2 25 10 47477 0 
-92.2536 20.3626 0.310537 0.539892 4.85903 80 2 25 10 47478 0 
-92.2356 20.3627 0.310564 0.539892 4.85903 80 2 25 10 47479 0 
-92.2176 20.3628 0.31059 0.539892 4.85903 80 2 25 10 47480 0 
-92.1996 20.3629 0.310616 0.539892 4.85903 80 2 25 10 47481 0 
-92.1816 20.363 0.310643 0.539892 4.85903 80 2 25 10 47482 0 
-92.1636 20.3631 0.310669 0.539892 4.85903 80 2 25 10 47483 0 
-92.1456 20.3632 0.310696 0.539892 4.85903 80 2 25 10 47484 0 
-92.1276 20.3633 0.310722 0.539892 4.85903 80 2 25 10 47485 0 
-92.1096 20.3634 0.310748 0.539892 4.85903 80 2 25 10 47486 0 
-92.0916 20.3635 0.310775 0.539892 4.85903 80 2 25 10 47487 0 
-92.0736 20.3636 0.310801 0.539892 4.85903 80 2 25 10 47488 0 
-92.0556 20.3637 0.310828 0.539892 4.85903 80 2 25 10 47489 0 
-92.0376 20.3638 0.310854 0.539892 4.85903 80 2 25 10 47490 0 
-92.0196 20.3639 0.31088 0.539892 4.85903 80 2 25 10 47491 0 
-92.0016 20.364 0.310907 0.539892 4.85903 80 2 25 10 47492 0 
-91.9836 20.3641 0.310933 0.539892 4.85903 80 2 25 10 47493 0 
-91.9656 20.3642 0.31096 0.539892 4.85903 80 2 25 10 47494 0 
-91.9476 20.3643 0.310986 0.539892 4.85903 80 2 25 10 47495 0 
-91.9296 20.3644 0.311013 0.539892 4.85903 80 2 25 10 47496 0 
-91.9116 20.3645 0.311039 0.539892 4.85903 80 2 25 10 47497 0 
-91.8936 20.3646 0.311065 0.539892 4.85903 80 2 25 10 47498 0 
-91.8756 20.3647 0.311092 0.539892 4.85903 80 2 25 10 47499 0 
-91.8576 20.3648 0.311118 0.539892 4.85903 80 2 25 10 47500 0 
-91.8396 20.3649 0.311145 0.539892 4.85903 80 2 25 10 47501 0 
-91.8216 20.365 0.311171 0.539892 4.85903 80 2 25 10 47502 0 
-91.8036 20.3651 0.311198 0.539892 4.85903 80 2 25 10 47503 0 
-91.7856 20.3652 0.311224 0.539892 4.85903 80 2 25 10 47504 0 
-91.7676 20.3653 0.31125 0.539892 4.85903 80 2 25 10 47505 0 
-91.7496 20.3654 0.311277 0.539892 4.85903 80 2 25 10 47506 0 
-91.7316 20.3655 0.311303 0.539892 4.85903 80 2 25 10 47507 0 
-91.7136 20.3656 0.31133 0.539892 4.85903 80 2 25 10 47508 0 
-91.6956 20.3657 0.311356 0.539892 4.85903 80 2 25 10 47509 0 
-91.6776 20.3658 0.311383 0.539892 4.85903 80 2 25 10 47510 0 
-91.6596 20.3659 0.311409 0.539892 4.85903 80 2 25 10 47511 0 
-91.6416 20.366 0.311436 0.539892 4.85903 80 2 25 10 47512 0 
-91.6236 20.366 0.311462 0.539892 4.85903 80 2 25 10 47513 0 
-91.6057 20.3661 0.311488 0.539892 4.85903 80 2 25 10 47514 0 
-91.5877 20.3662 0.311515 0.539892 4.85903 80 2 25 10 47515 0 
-91.5697 20.3663 0.311541 0.539892 4.85903 80 2 25 10 47516 0 
-91.5517 20.3664 0.311568 0.539892 4.85903 80 2 25 10 47517 0 
-91.5337 20.3665 0.311594 0.539892 4.85903 80 2 25 10 47518 0 
-91.5157 20.3666 0.311621 0.539892 4.85903 80 2 25 10 47519 0 
-91.4977 20.3667 0.311647 0.539892 4.85903 80 2 25 10 47520 0 
-91.4797 20.3668 0.311674 0.539892 4.85903 80 2 25 10 47521 0 
-91.4617 20.3669 0.3117 0.539892 4.85903 80 2 25 10 47522 0 
-91.4437 20.367 0.311727 0.539892 4.85903 80 2 25 10 47523 0 
-91.4257 20.3671 0.311753 0.539892 4.85903 80 2 25 10 47524 0 
-91.4077 20.3672 0.31178 0.539892 4.85903 80 2 25 10 47525 0 
-91.3897 20.3673 0.311806 0.539892 4.85903 80 2 25 10 47526 0 
-91.3717 20.3674 0.311833 0.539892 4.85903 80 2 25 10 47527 0 
-91.3537 20.3675 0.311859 0.539892 4.85903 80 2 25 10 47528 0 
-91.3357 20.3676 0.311886 0.539892 4.85903 80 2 25 10 47529 0 
-91.3177 20.3677 0.311912 0.539892 4.85903 80 2 25 10 47530 0 
-91.2997 20.3678 0.311939 0.539892 4.85903 80 2 25 10 47531 0 
-91.2817 20.3679 0.311965 0.539892 4.85903 80 2 25 10 47532 0 
-91.2637 20.368 0.311992 0.539892 4.85903 80 2 25 10 47533 0 
-91.2457 20.3681 0.312018 0.539892 4.85903 80 2 25 10 47534 0 
-91.2277 20.3682 0.312045 0.539892 4.85903 80 2 25 10 47535 0 
-91.2097 20.3683 0.312071 0.539892 4.85903 80 2 25 10 47536 0 
-91.1917 20.3684 0.312098 0.539892 4.85903 80 2 25 10 47537 0 
-91.1737 20.3685 0.312125 0.539892 4.85903 80 2 25 10 47538 0 
-91.1557 20.3686 0.312151 0.539892 4.85903 80 2 25 10 47539 0 
-91.1377 20.3687 0.312178 0.539892 4.85903 80 2 25 10 47540 0 
-91.1197 20.3688 0.312204 0.539892 4.85903 80 2 25 10 47541 0 
-91.1017 20.3689 0.312231 0.539892 4.85903 80 2 25 10 47542 0 
-91.0837 20.369 0.312257 0.539892 4.85903 80 2 25 10 47543 0 
-91.0657 20.3691 0.312284 0.539892 4.85903 80 2 25 10 47544 0 
-91.0477 20.3692 0.312311 0.539892 4.85903 80 2 25 10 47545 0 
-91.0297 20.3693 0.312337 0.539892 4.85903 80 2 25 10 47546 0 
-91.0117 20.3694 0.312364 0.539892 4.85903 80 2 25 10 47547 0 
-90.9937 20.3695 0.31239 0.539892 4.85903 80 2 25 10 47548 0 
-90.9757 20.3696 0.312417 0.539892 4.85903 80 2 25 10 47549 0 
-90.9577 20.3696 0.312443 0.539892 4.85903 80 2 25 10 47550 0 
-90.9397 20.3697 0.31247 0.539892 4.85903 80 2 25 10 47551 0 
-90.9217 20.3698 0.312497 0.539892 4.85903 80 2 25 10 47552 0 
-90.9037 20.3699 0.312523 0.539892 4.85903 80 2 25 10 47553 0 
-90.8857 20.37 0.31255 0.539892 4.85903 80 2 25 10 47554 0 
-90.8677 20.3701 0.312577 0.539892 4.85903 80 2 25 10 47555 0 
-90.8497 20.3702 0.312603 0.539892 4.85903 80 2 25 10 47556 0 
-90.8317 20.3703 0.31263 0.539892 4.85903 80 2 25 10 47557 0 
-90.8138 20.3704 0.312656 0.539892 4.85903 80 2 25 10 47558 0 
-90.7958 20.3705 0.312683 0.539892 4.85903 80 2 25 10 47559 0 
-90.7778 20.3706 0.31271 0.539892 4.85903 80 2 25 10 47560 0 
-90.7598 20.3707 0.312736 0.539892 4.85903 80 2 25 10 47561 0 
-90.7418 20.3708 0.312763 0.539892 4.85903 80 2 25 10 47562 0 
-90.7238 20.3709 0.31279 0.539892 4.85903 80 2 25 10 47563 0 
-90.7058 20.371 0.312816 0.539892 4.85903 80 2 25 10 47564 0 
-90.6878 20.3711 0.312843 0.539892 4.85903 80 2 25 10 47565 0 
-90.6698 20.3712 0.31287 0.539892 4.85903 80 2 25 10 47566 0 
-90.6518 20.3713 0.312896 0.539892 4.85903 80 2 25 10 47567 0 
-90.6338 20.3714 0.312923 0.539892 4.85903 80 2 25 10 47568 0 
-90.6158 20.3715 0.31295 0.539892 4.85903 80 2 25 10 47569 0 
-90.5978 20.3716 0.312976 0.539892 4.85903 80 2 25 10 47570 0 
-90.5798 20.3717 0.313003 0.539892 4.85903 80 2 25 10 47571 0 
-90.5618 20.3718 0.31303 0.539892 4.85903 80 2 25 10 47572 0 
-90.5438 20.3719 0.313056 0.539892 4.85903 80 2 25 10 47573 0 
-90.5258 20.372 0.313083 0.539892 4.85903 80 2 25 10 47574 0 
-90.5078 20.3721 0.31311 0.539892 4.85903 80 2 25 10 47575 0 
-90.4898 20.3722 0.313136 0.539892 4.85903 80 2 25 10 47576 0 
-90.4718 20.3723 0.313163 0.539892 4.85903 80 2 25 10 47577 0 
-90.4538 20.3724 0.31319 0.539892 4.85903 80 2 25 10 47578 0 
-90.4358 20.3725 0.313216 0.539892 4.85903 80 2 25 10 47579 0 
-90.4178 20.3726 0.313243 0.539892 4.85903 80 2 25 10 47580 0 
-90.3998 20.3727 0.31327 0.539892 4.85903 80 2 25 10 47581 0 
-90.3818 20.3728 0.313296 0.539892 4.85903 80 2 25 10 47582 0 
-90.3638 20.3729 0.313323 0.539892 4.85903 80 2 25 10 47583 0 
-90.3458 20.373 0.31335 0.539892 4.85903 80 2 25 10 47584 0 
-90.3278 20.3731 0.313377 0.539892 4.85903 80 2 25 10 47585 0 
-90.3098 20.3732 0.313403 0.539892 4.85903 80 2 25 10 47586 0 
-90.2918 20.3733 0.31343 0.539892 4.85903 80 2 25 10 47587 0 
-90.2738 20.3734 0.313457 0.539892 4.85903 80 2 25 10 47588 0 
-90.2558 20.3735 0.313484 0.539892 4.85903 80 2 25 10 47589 0 
-90.2378 20.3736 0.31351 0.539892 4.85903 80 2 25 10 47590 0 
-90.2198 20.3737 0.313537 0.539892 4.85903 80 2 25 10 47591 0 
-90.2018 20.3738 0.313564 0.539892 4.85903 80 2 25 10 47592 0 
-90.1838 20.3739 0.31359 0.539892 4.85903 80 2 25 10 47593 0 
-90.1658 20.374 0.313617 0.539892 4.85903 80 2 25 10 47594 0 
-90.1478 20.3741 0.313644 0.539892 4.85903 80 2 25 10 47595 0 
-90.1298 20.3742 0.313671 0.539892 4.85903 80 2 25 10 47596 0 
-90.1118 20.3743 0.313698 0.539892 4.85903 80 2 25 10 47597 0 
-90.0938 20.3744 0.313724 0.539892 4.85903 80 2 25 10 47598 0 
-90.0758 20.3745 0.313751 0.539892 4.85903 80 2 25 10 47599 0 
-90.0578 20.3746 0.313778 0.539892 4.85903 80 2 25 10 47600 0 
-90.0398 20.3747 0.313805 0.539892 4.85903 80 2 25 10 47601 0 
-90.0219 20.3748 0.313831 0.539892 4.85903 80 2 25 10 47602 0 
-90.0039 20.3749 0.313858 0.539892 4.85903 80 2 25 10 47603 0 
-89.9859 20.375 0.313885 0.539892 4.85903 80 2 25 10 47604 0 
-89.9679 20.3751 0.313912 0.539892 4.85903 80 2 25 10 47605 0 
-89.9499 20.3752 0.313939 0.539892 4.85903 80 2 25 10 47606 0 
-89.9319 20.3753 0.313965 0.539892 4.85903 80 2 25 10 47607 0 
-89.9139 20.3754 0.313992 0.539892 4.85903 80 2 25 10 47608 0 
-89.8959 20.3755 0.314019 0.539892 4.85903 80 2 25 10 47609 0 
-89.8779 20.3756 0.314046 0.539892 4.85903 80 2 25 10 47610 0 
-89.8599 20.3757 0.314073 0.539892 4.85903 80 2 25 10 47611 0 
-89.8419 20.3758 0.314099 0.539892 4.85903 80 2 25 10 47612 0 
-89.8239 20.3759 0.314126 0.539892 4.85903 80 2 25 10 47613 0 
-89.8059 20.376 0.314153 0.539892 4.85903 80 2 25 10 47614 0 
-89.7879 20.3761 0.31418 0.539892 4.85903 80 2 25 10 47615 0 
-89.7699 20.3762 0.314207 0.539892 4.85903 80 2 25 10 47616 0 
-89.7519 20.3763 0.314234 0.539892 4.85903 80 2 25 10 47617 0 
-89.7339 20.3764 0.31426 0.539892 4.85903 80 2 25 10 47618 0 
-89.7159 20.3765 0.314287 0.539892 4.85903 80 2 25 10 47619 0 
-89.6979 20.3766 0.314314 0.539892 4.85903 80 2 25 10 47620 0 
-89.6799 20.3767 0.314341 0.539892 4.85903 80 2 25 10 47621 0 
-89.6619 20.3768 0.314368 0.539892 4.85903 80 2 25 10 47622 0 
-89.6439 20.3769 0.314395 0.539892 4.85903 80 2 25 10 47623 0 
-89.6259 20.377 0.314422 0.539892 4.85903 80 2 25 10 47624 0 
-89.6079 20.3771 0.314448 0.539892 4.85903 80 2 25 10 47625 0 
-89.5899 20.3772 0.314475 0.539892 4.85903 80 2 25 10 47626 0 
-89.5719 20.3773 0.314502 0.539892 4.85903 80 2 25 10 47627 0 
-89.5539 20.3774 0.314529 0.539892 4.85903 80 2 25 10 47628 0 
-89.5359 20.3775 0.314556 0.539892 4.85903 80 2 25 10 47629 0 
-89.5179 20.3776 0.314583 0.539892 4.85903 80 2 25 10 47630 0 
-89.4999 20.3777 0.31461 0.539892 4.85903 80 2 25 10 47631 0 
-89.4819 20.3778 0.314637 0.539892 4.85903 80 2 25 10 47632 0 
-89.4639 20.3779 0.314664 0.539892 4.85903 80 2 25 10 47633 0 
-89.4459 20.378 0.314691 0.539892 4.85903 80 2 25 10 47634 0 
-89.4279 20.3781 0.314717 0.539892 4.85903 80 2 25 10 47635 0 
-89.4099 20.3782 0.314744 0.539892 4.85903 80 2 25 10 47636 0 
-89.3919 20.3783 0.314771 0.539892 4.85903 80 2 25 10 47637 0 
-89.3739 20.3784 0.314798 0.539892 4.85903 80 2 25 10 47638 0 
-89.3559 20.3785 0.314825 0.539892 4.85903 80 2 25 10 47639 0 
-89.3379 20.3786 0.314852 0.539892 4.85903 80 2 25 10 47640 0 
-89.3199 20.3787 0.314879 0.539892 4.85903 80 2 25 10 47641 0 
-89.3019 20.3788 0.314906 0.539892 4.85903 80 2 25 10 47642 0 
-89.2839 20.3789 0.314933 0.539892 4.85903 80 2 25 10 47643 0 
-89.2659 20.379 0.31496 0.539892 4.85903 80 2 25 10 47644 0 
-89.2479 20.379 0.314987 0.539892 4.85903 80 2 25 10 47645 0 
-89.2299 20.3791 0.315014 0.539892 4.85903 80 2 25 10 47646 0 
-89.212 20.3792 0.315041 0.539892 4.85903 80 2 25 10 47647 0 
-89.194 20.3793 0.315068 0.539892 4.85903 80 2 25 10 47648 0 
-89.176 20.3794 0.315095 0.539892 4.85903 80 2 25 10 47649 0 
-89.158 20.3795 0.315122 0.539892 4.85903 80 2 25 10 47650 0 
-89.14 20.3796 0.315149 0.539892 4.85903 80 2 25 10 47651 0 
-89.122 20.3797 0.315176 0.539892 4.85903 80 2 25 10 47652 0 
-89.104 20.3798 0.315203 0.539892 4.85903 80 2 25 10 47653 0 
-89.086 20.3799 0.31523 0.539892 4.85903 80 2 25 10 47654 0 
-89.068 20.38 0.315257 0.539892 4.85903 80 2 25 10 47655 0 
-89.05 20.3801 0.315284 0.539892 4.85903 80 2 25 10 47656 0 
-89.032 20.3802 0.315311 0.539892 4.85903 80 2 25 10 47657 0 
-89.014 20.3803 0.315338 0.539892 4.85903 80 2 25 10 47658 0 
-88.996 20.3804 0.315365 0.539892 4.85903 80 2 25 10 47659 0 
-88.978 20.3805 0.315392 0.539892 4.85903 80 2 25 10 47660 0 
-88.96 20.3806 0.315419 0.539892 4.85903 80 2 25 10 47661 0 
-88.942 20.3807 0.315446 0.539892 4.85903 80 2 25 10 47662 0 
-88.924 20.3808 0.315473 0.539892 4.85903 80 2 25 10 47663 0 
-88.906 20.3809 0.3155 0.539892 4.85903 80 2 25 10 47664 0 
-88.888 20.381 0.315528 0.539892 4.85903 80 2 25 10 47665 0 
-88.87 20.3811 0.315555 0.539892 4.85903 80 2 25 10 47666 0 
-88.852 20.3812 0.315582 0.539892 4.85903 80 2 25 10 47667 0 
-88.834 20.3813 0.315609 0.539892 4.85903 80 2 25 10 47668 0 
-88.816 20.3814 0.315636 0.539892 4.85903 80 2 25 10 47669 0 
-88.798 20.3815 0.315663 0.539892 4.85903 80 2 25 10 47670 0 
-88.78 20.3816 0.31569 0.539892 4.85903 80 2 25 10 47671 0 
-88.762 20.3817 0.315717 0.539892 4.85903 80 2 25 10 47672 0 
-88.744 20.3818 0.315744 0.539892 4.85903 80 2 25 10 47673 0 
-88.726 20.3819 0.315771 0.539892 4.85903 80 2 25 10 47674 0 
-88.708 20.382 0.315799 0.539892 4.85903 80 2 25 10 47675 0 
-88.69 20.3821 0.315826 0.539892 4.85903 80 2 25 10 47676 0 
-88.672 20.3822 0.315853 0.539892 4.85903 80 2 25 10 47677 0 
-88.654 20.3823 0.31588 0.539892 4.85903 80 2 25 10 47678 0 
-88.636 20.3824 0.315907 0.539892 4.85903 80 2 25 10 47679 0 
-88.618 20.3825 0.315934 0.539892 4.85903 80 2 25 10 47680 0 
-88.6 20.3826 0.315961 0.539892 4.85903 80 2 25 10 47681 0 
-88.582 20.3827 0.315989 0.539892 4.85903 80 2 25 10 47682 0 
-88.564 20.3828 0.316016 0.539892 4.85903 80 2 25 10 47683 0 
-88.546 20.3829 0.316043 0.539892 4.85903 80 2 25 10 47684 0 
-88.528 20.383 0.31607 0.539892 4.85903 80 2 25 10 47685 0 
-88.51 20.3831 0.316097 0.539892 4.85903 80 2 25 10 47686 0 
-88.492 20.3832 0.316125 0.539892 4.85903 80 2 25 10 47687 0 
-88.474 20.3833 0.316152 0.539892 4.85903 80 2 25 10 47688 0 
-88.456 20.3834 0.316179 0.539892 4.85903 80 2 25 10 47689 0 
-88.438 20.3835 0.316206 0.539892 4.85903 80 2 25 10 47690 0 
-88.4201 20.3836 0.316233 0.539892 4.85903 80 2 25 10 47691 0 
-88.4021 20.3837 0.316261 0.539892 4.85903 80 2 25 10 47692 0 
-88.3841 20.3838 0.316288 0.539892 4.85903 80 2 25 10 47693 0 
-88.3661 20.3839 0.316315 0.539892 4.85903 80 2 25 10 47694 0 
-88.3481 20.384 0.316342 0.539892 4.85903 80 2 25 10 47695 0 
-88.3301 20.3841 0.31637 0.539892 4.85903 80 2 25 10 47696 0 
-88.3121 20.3842 0.316397 0.539892 4.85903 80 2 25 10 47697 0 
-88.2941 20.3843 0.316424 0.539892 4.85903 80 2 25 10 47698 0 
-88.2761 20.3844 0.316451 0.539892 4.85903 80 2 25 10 47699 0 
-88.2581 20.3845 0.316479 0.539892 4.85903 80 2 25 10 47700 0 
-88.2401 20.3846 0.316506 0.539892 4.85903 80 2 25 10 47701 0 
-88.2221 20.3847 0.316533 0.539892 4.85903 80 2 25 10 47702 0 
-88.2041 20.3848 0.31656 0.539892 4.85903 80 2 25 10 47703 0 
-88.1861 20.3849 0.316588 0.539892 4.85903 80 2 25 10 47704 0 
-88.1681 20.385 0.316615 0.539892 4.85903 80 2 25 10 47705 0 
-88.1501 20.3851 0.316642 0.539892 4.85903 80 2 25 10 47706 0 
-88.1321 20.3852 0.31667 0.539892 4.85903 80 2 25 10 47707 0 
-88.1141 20.3853 0.316697 0.539892 4.85903 80 2 25 10 47708 0 
-88.0961 20.3854 0.316724 0.539892 4.85903 80 2 25 10 47709 0 
-88.0781 20.3855 0.316752 0.539892 4.85903 80 2 25 10 47710 0 
-88.0601 20.3856 0.316779 0.539892 4.85903 80 2 25 10 47711 0 
-88.0421 20.3857 0.316806 0.539892 4.85903 80 2 25 10 47712 0 
-88.0241 20.3858 0.316833 0.539892 4.85903 80 2 25 10 47713 0 
-88.0061 20.3859 0.316861 0.539892 4.85903 80 2 25 10 47714 0 
-87.9881 20.386 0.316888 0.539892 4.85903 80 2 25 10 47715 0 
-87.9701 20.3861 0.316916 0.539892 4.85903 80 2 25 10 47716 0 
-87.9521 20.3862 0.316943 0.539892 4.85903 80 2 25 10 47717 0 
-87.9341 20.3863 0.31697 0.539892 4.85903 80 2 25 10 47718 0 
-87.9161 20.3864 0.316998 0.539892 4.85903 80 2 25 10 47719 0 
-87.8981 20.3865 0.317025 0.539892 4.85903 80 2 25 10 47720 0 
-87.8801 20.3866 0.317052 0.539892 4.85903 80 2 25 10 47721 0 
-87.8621 20.3867 0.31708 0.539892 4.85903 80 2 25 10 47722 0 
-87.8441 20.3868 0.317107 0.539892 4.85903 80 2 25 10 47723 0 
-87.8261 20.3869 0.317135 0.539892 4.85903 80 2 25 10 47724 0 
-87.8081 20.387 0.317162 0.539892 4.85903 80 2 25 10 47725 0 
-87.7901 20.3871 0.317189 0.539892 4.85903 80 2 25 10 47726 0 
-87.7721 20.3872 0.317217 0.539892 4.85903 80 2 25 10 47727 0 
-87.7541 20.3873 0.317244 0.539892 4.85903 80 2 25 10 47728 0 
-87.7361 20.3874 0.317272 0.539892 4.85903 80 2 25 10 47729 0 
-87.7181 20.3875 0.317299 0.539892 4.85903 80 2 25 10 47730 0 
-87.7001 20.3876 0.317327 0.539892 4.85903 80 2 25 10 47731 0 
-87.6821 20.3877 0.317354 0.539892 4.85903 80 2 25 10 47732 0 
-87.6641 20.3878 0.317381 0.539892 4.85903 80 2 25 10 47733 0 
-87.6461 20.3879 0.317409 0.539892 4.85903 80 2 25 10 47734 0 
-87.6282 20.388 0.317436 0.539892 4.85903 80 2 25 10 47735 0 
-87.6102 20.3881 0.317464 0.539892 4.85903 80 2 25 10 47736 0 
-87.5922 20.3882 0.317491 0.539892 4.85903 80 2 25 10 47737 0 
-87.5742 20.3883 0.317519 0.539892 4.85903 80 2 25 10 47738 0 
-87.5562 20.3884 0.317546 0.539892 4.85903 80 2 25 10 47739 0 
-87.5382 20.3885 0.317574 0.539892 4.85903 80 2 25 10 47740 0 
-87.5202 20.3886 0.317601 0.539892 4.85903 80 2 25 10 47741 0 
-87.5022 20.3887 0.317629 0.539892 4.85903 80 2 25 10 47742 0 
-87.4842 20.3888 0.317656 0.539892 4.85903 80 2 25 10 47743 0 
-87.4662 20.3889 0.317684 0.539892 4.85903 80 2 25 10 47744 0 
-87.4482 20.389 0.317711 0.539892 4.85903 80 2 25 10 47745 0 
-87.4302 20.3891 0.317739 0.539892 4.85903 80 2 25 10 47746 0 
-87.4122 20.3892 0.317766 0.539892 4.85903 80 2 25 10 47747 0 
-87.3942 20.3893 0.317794 0.539892 4.85903 80 2 25 10 47748 0 
-87.3762 20.3894 0.317821 0.539892 4.85903 80 2 25 10 47749 0 
-87.3582 20.3895 0.317849 0.539892 4.85903 80 2 25 10 47750 0 
-87.3402 20.3896 0.317877 0.539892 4.85903 80 2 25 10 47751 0 
-87.3222 20.3897 0.317904 0.539892 4.85903 80 2 25 10 47752 0 
-87.3042 20.3898 0.317932 0.539892 4.85903 80 2 25 10 47753 0 
-87.2862 20.3899 0.317959 0.539892 4.85903 80 2 25 10 47754 0 
-87.2682 20.39 0.317987 0.539892 4.85903 80 2 25 10 47755 0 
-87.2502 20.3901 0.318014 0.539892 4.85903 80 2 25 10 47756 0 
-87.2322 20.3902 0.318042 0.539892 4.85903 80 2 25 10 47757 0 
-87.2142 20.3903 0.31807 0.539892 4.85903 80 2 25 10 47758 0 
-87.1962 20.3904 0.318097 0.539892 4.85903 80 2 25 10 47759 0 
-87.1782 20.3905 0.318125 0.539892 4.85903 80 2 25 10 47760 0 
-87.1602 20.3906 0.318152 0.539892 4.85903 80 2 25 10 47761 0 
-87.1422 20.3907 0.31818 0.539892 4.85903 80 2 25 10 47762 0 
-87.1242 20.3908 0.318208 0.539892 4.85903 80 2 25 10 47763 0 
-87.1062 20.3909 0.318235 0.539892 4.85903 80 2 25 10 47764 0 
-87.0882 20.391 0.318263 0.539892 4.85903 80 2 25 10 47765 0 
-87.0702 20.3911 0.318291 0.539892 4.85903 80 2 25 10 47766 0 
-87.0522 20.3911 0.318318 0.539892 4.85903 80 2 25 10 47767 0 
-87.0342 20.3912 0.318346 0.539892 4.85903 80 2 25 10 47768 0 
-87.0162 20.3913 0.318374 0.539892 4.85903 80 2 25 10 47769 0 
-86.9982 20.3914 0.318401 0.539892 4.85903 80 2 25 10 47770 0 
-86.9802 20.3915 0.318429 0.539892 4.85903 80 2 25 10 47771 0 
-86.9622 20.3916 0.318457 0.539892 4.85903 80 2 25 10 47772 0 
-86.9442 20.3917 0.318484 0.539892 4.85903 80 2 25 10 47773 0 
-86.9262 20.3918 0.318512 0.539892 4.85903 80 2 25 10 47774 0 
-86.9082 20.3919 0.31854 0.539892 4.85903 80 2 25 10 47775 0 
-86.8902 20.392 0.318567 0.539892 4.85903 80 2 25 10 47776 0 
-86.8722 20.3921 0.318595 0.539892 4.85903 80 2 25 10 47777 0 
-86.8542 20.3922 0.318623 0.539892 4.85903 80 2 25 10 47778 0 
-86.8363 20.3923 0.31865 0.539892 4.85903 80 2 25 10 47779 0 
-86.8183 20.3924 0.318678 0.539892 4.85903 80 2 25 10 47780 0 
-86.8003 20.3925 0.318706 0.539892 4.85903 80 2 25 10 47781 0 
-86.7823 20.3926 0.318734 0.539892 4.85903 80 2 25 10 47782 0 
-86.7643 20.3927 0.318761 0.539892 4.85903 80 2 25 10 47783 0 
-86.7463 20.3928 0.318789 0.539892 4.85903 80 2 25 10 47784 0 
-86.7283 20.3929 0.318817 0.539892 4.85903 80 2 25 10 47785 0 
-86.7103 20.393 0.318845 0.539892 4.85903 80 2 25 10 47786 0 
-86.6923 20.3931 0.318872 0.539892 4.85903 80 2 25 10 47787 0 
-86.6743 20.3932 0.3189 0.539892 4.85903 80 2 25 10 47788 0 
-86.6563 20.3933 0.318928 0.539892 4.85903 80 2 25 10 47789 0 
-86.6383 20.3934 0.318956 0.539892 4.85903 80 2 25 10 47790 0 
-86.6203 20.3935 0.318983 0.539892 4.85903 80 2 25 10 47791 0 
-86.6023 20.3936 0.319011 0.539892 4.85903 80 2 25 10 47792 0 
-86.5843 20.3937 0.319039 0.539892 4.85903 80 2 25 10 47793 0 
-86.5663 20.3938 0.319067 0.539892 4.85903 80 2 25 10 47794 0 
-86.5483 20.3939 0.319095 0.539892 4.85903 80 2 25 10 47795 0 
-86.5303 20.394 0.319122 0.539892 4.85903 80 2 25 10 47796 0 
-86.5123 20.3941 0.31915 0.539892 4.85903 80 2 25 10 47797 0 
-86.4943 20.3942 0.319178 0.539892 4.85903 80 2 25 10 47798 0 
-86.4763 20.3944 0.319206 0.539892 4.85903 80 2 25 10 47799 0 
-86.4583 20.3945 0.319234 0.539892 4.85903 80 2 25 10 47800 0 
-86.4403 20.3946 0.319262 0.539892 4.85903 80 2 25 10 47801 0 
-86.4223 20.3947 0.319289 0.539892 4.85903 80 2 25 10 47802 0 
-86.4043 20.3948 0.319317 0.539892 4.85903 80 2 25 10 47803 0 
-86.3863 20.3949 0.319345 0.539892 4.85903 80 2 25 10 47804 0 
-86.3683 20.395 0.319373 0.539892 4.85903 80 2 25 10 47805 0 
-86.3503 20.3951 0.319401 0.539892 4.85903 80 2 25 10 47806 0 
-86.3323 20.3952 0.319429 0.539892 4.85903 80 2 25 10 47807 0 
-86.3143 20.3953 0.319456 0.539892 4.85903 80 2 25 10 47808 0 
-86.2963 20.3954 0.319484 0.539892 4.85903 80 2 25 10 47809 0 
-86.2783 20.3955 0.319512 0.539892 4.85903 80 2 25 10 47810 0 
-86.2603 20.3956 0.31954 0.539892 4.85903 80 2 25 10 47811 0 
-86.2423 20.3957 0.319568 0.539892 4.85903 80 2 25 10 47812 0 
-86.2243 20.3958 0.319596 0.539892 4.85903 80 2 25 10 47813 0 
-86.2063 20.3959 0.319624 0.539892 4.85903 80 2 25 10 47814 0 
-86.1883 20.396 0.319651 0.539892 4.85903 80 2 25 10 47815 0 
-86.1703 20.3961 0.319679 0.539892 4.85903 80 2 25 10 47816 0 
-86.1523 20.3962 0.319707 0.539892 4.85903 80 2 25 10 47817 0 
-86.1343 20.3963 0.319735 0.539892 4.85903 80 2 25 10 47818 0 
-86.1163 20.3964 0.319763 0.539892 4.85903 80 2 25 10 47819 0 
-86.0983 20.3965 0.319791 0.539892 4.85903 80 2 25 10 47820 0 
-86.0803 20.3966 0.319819 0.539892 4.85903 80 2 25 10 47821 0 
-86.0623 20.3967 0.319847 0.539892 4.85903 80 2 25 10 47822 0 
-86.0443 20.3968 0.319875 0.539892 4.85903 80 2 25 10 47823 0 
-86.0264 20.3969 0.319903 0.539892 4.85903 80 2 25 10 47824 0 
-86.0084 20.397 0.319931 0.539892 4.85903 80 2 25 10 47825 0 
-85.9904 20.3971 0.319959 0.539892 4.85903 80 2 25 10 47826 0 
-85.9724 20.3972 0.319986 0.539892 4.85903 80 2 25 10 47827 0 
-85.9544 20.3973 0.320014 0.539892 4.85903 80 2 25 10 47828 0 
-85.9364 20.3974 0.320042 0.539892 4.85903 80 2 25 10 47829 0 
-85.9184 20.3975 0.32007 0.539892 4.85903 80 2 25 10 47830 0 
-85.9004 20.3976 0.320098 0.539892 4.85903 80 2 25 10 47831 0 
-85.8824 20.3977 0.320126 0.539892 4.85903 80 2 25 10 47832 0 
-85.8644 20.3978 0.320154 0.539892 4.85903 80 2 25 10 47833 0 
-85.8464 20.3979 0.320182 0.539892 4.85903 80 2 25 10 47834 0 
-85.8284 20.398 0.32021 0.539892 4.85903 80 2 25 10 47835 0 
-85.8104 20.3981 0.320238 0.539892 4.85903 80 2 25 10 47836 0 
-85.7924 20.3982 0.320266 0.539892 4.85903 80 2 25 10 47837 0 
-85.7744 20.3983 0.320294 0.539892 4.85903 80 2 25 10 47838 0 
-85.7564 20.3984 0.320322 0.539892 4.85903 80 2 25 10 47839 0 
-85.7384 20.3985 0.32035 0.539892 4.85903 80 2 25 10 47840 0 
-85.7204 20.3986 0.320378 0.539892 4.85903 80 2 25 10 47841 0 
-85.7024 20.3987 0.320406 0.539892 4.85903 80 2 25 10 47842 0 
-85.6844 20.3988 0.320434 0.539892 4.85903 80 2 25 10 47843 0 
-85.6664 20.3989 0.320462 0.539892 4.85903 80 2 25 10 47844 0 
-85.6484 20.399 0.32049 0.539892 4.85903 80 2 25 10 47845 0 
-85.6304 20.3991 0.320518 0.539892 4.85903 80 2 25 10 47846 0 
-85.6124 20.3992 0.320546 0.539892 4.85903 80 2 25 10 47847 0 
-85.5944 20.3993 0.320574 0.539892 4.85903 80 2 25 10 47848 0 
-85.5764 20.3994 0.320602 0.539892 4.85903 80 2 25 10 47849 0 
-85.5584 20.3995 0.320631 0.539892 4.85903 80 2 25 10 47850 0 
-85.5404 20.3996 0.320659 0.539892 4.85903 80 2 25 10 47851 0 
-85.5224 20.3997 0.320687 0.539892 4.85903 80 2 25 10 47852 0 
-85.5044 20.3998 0.320715 0.539892 4.85903 80 2 25 10 47853 0 
-85.4864 20.3999 0.320743 0.539892 4.85903 80 2 25 10 47854 0 
-85.4684 20.4 0.320771 0.539892 4.85903 80 2 25 10 47855 0 
-85.4504 20.4001 0.320799 0.539892 4.85903 80 2 25 10 47856 0 
-85.4324 20.4002 0.320827 0.539892 4.85903 80 2 25 10 47857 0 
-85.4144 20.4003 0.320855 0.539892 4.85903 80 2 25 10 47858 0 
-85.3964 20.4004 0.320883 0.539892 4.85903 80 2 25 10 47859 0 
-85.3784 20.4005 0.320911 0.539892 4.85903 80 2 25 10 47860 0 
-85.3604 20.4006 0.32094 0.539892 4.85903 80 2 25 10 47861 0 
-85.3424 20.4007 0.320968 0.539892 4.85903 80 2 25 10 47862 0 
-85.3244 20.4008 0.320996 0.539892 4.85903 80 2 25 10 47863 0 
-85.3064 20.4009 0.321024 0.539892 4.85903 80 2 25 10 47864 0 
-85.2884 20.401 0.321052 0.539892 4.85903 80 2 25 10 47865 0 
-85.2704 20.4011 0.32108 0.539892 4.85903 80 2 25 10 47866 0 
-85.2524 20.4012 0.321108 0.539892 4.85903 80 2 25 10 47867 0 
-85.2345 20.4013 0.321137 0.539892 4.85903 80 2 25 10 47868 0 
-85.2165 20.4014 0.321165 0.539892 4.85903 80 2 25 10 47869 0 
-85.1985 20.4015 0.321193 0.539892 4.85903 80 2 25 10 47870 0 
-85.1805 20.4016 0.321221 0.539892 4.85903 80 2 25 10 47871 0 
-85.1625 20.4017 0.321249 0.539892 4.85903 80 2 25 10 47872 0 
-85.1445 20.4018 0.321277 0.539892 4.85903 80 2 25 10 47873 0 
-85.1265 20.4019 0.321306 0.539892 4.85903 80 2 25 10 47874 0 
-85.1085 20.402 0.321334 0.539892 4.85903 80 2 25 10 47875 0 
-85.0905 20.4021 0.321362 0.539892 4.85903 80 2 25 10 47876 0 
-85.0725 20.4022 0.32139 0.539892 4.85903 80 2 25 10 47877 0 
-85.0545 20.4023 0.321418 0.539892 4.85903 80 2 25 10 47878 0 
-85.0365 20.4024 0.321447 0.539892 4.85903 80 2 25 10 47879 0 
-85.0185 20.4025 0.321475 0.539892 4.85903 80 2 25 10 47880 0 
-85.0005 20.4026 0.321503 0.539892 4.85903 80 2 25 10 47881 0 
-84.9825 20.4027 0.321531 0.539892 4.85903 80 2 25 10 47882 0 
-84.9645 20.4028 0.32156 0.539892 4.85903 80 2 25 10 47883 0 
-84.9465 20.4029 0.321588 0.539892 4.85903 80 2 25 10 47884 0 
-84.9285 20.403 0.321616 0.539892 4.85903 80 2 25 10 47885 0 
-84.9105 20.4031 0.321644 0.539892 4.85903 80 2 25 10 47886 0 
-84.8925 20.4032 0.321673 0.539892 4.85903 80 2 25 10 47887 0 
-84.8745 20.4033 0.321701 0.539892 4.85903 80 2 25 10 47888 0 
-84.8565 20.4034 0.321729 0.539892 4.85903 80 2 25 10 47889 0 
-84.8385 20.4035 0.321757 0.539892 4.85903 80 2 25 10 47890 0 
-84.8205 20.4037 0.321786 0.539892 4.85903 80 2 25 10 47891 0 
-84.8025 20.4038 0.321814 0.539892 4.85903 80 2 25 10 47892 0 
-84.7845 20.4039 0.321842 0.539892 4.85903 80 2 25 10 47893 0 
-84.7665 20.404 0.321871 0.539892 4.85903 80 2 25 10 47894 0 
-84.7485 20.4041 0.321899 0.539892 4.85903 80 2 25 10 47895 0 
-84.7305 20.4042 0.321927 0.539892 4.85903 80 2 25 10 47896 0 
-84.7125 20.4043 0.321956 0.539892 4.85903 80 2 25 10 47897 0 
-84.6945 20.4044 0.321984 0.539892 4.85903 80 2 25 10 47898 0 
-84.6765 20.4045 0.322012 0.539892 4.85903 80 2 25 10 47899 0 
-84.6585 20.4046 0.322041 0.539892 4.85903 80 2 25 10 47900 0 
-84.6405 20.4047 0.322069 0.539892 4.85903 80 2 25 10 47901 0 
-84.6225 20.4048 0.322097 0.539892 4.85903 80 2 25 10 47902 0 
-84.6045 20.4049 0.322126 0.539892 4.85903 80 2 25 10 47903 0 
-84.5865 20.405 0.322154 0.539892 4.85903 80 2 25 10 47904 0 
-84.5685 20.4051 0.322182 0.539892 4.85903 80 2 25 10 47905 0 
-84.5505 20.4052 0.322211 0.539892 4.85903 80 2 25 10 47906 0 
-84.5325 20.4053 0.322239 0.539892 4.85903 80 2 25 10 47907 0 
-84.5145 20.4054 0.322268 0.539892 4.85903 80 2 25 10 47908 0 
-84.4965 20.4055 0.322296 0.539892 4.85903 80 2 25 10 47909 0 
-84.4785 20.4056 0.322324 0.539892 4.85903 80 2 25 10 47910 0 
-84.4605 20.4057 0.322353 0.539892 4.85903 80 2 25 10 47911 0 
-84.4426 20.4058 0.322381 0.539892 4.85903 80 2 25 10 47912 0 
-84.4246 20.4059 0.32241 0.539892 4.85903 80 2 25 10 47913 0 
-84.4066 20.406 0.322438 0.539892 4.85903 80 2 25 10 47914 0 
-84.3886 20.4061 0.322466 0.539892 4.85903 80 2 25 10 47915 0 
-84.3706 20.4062 0.322495 0.539892 4.85903 80 2 25 10 47916 0 
-84.3526 20.4063 0.322523 0.539892 4.85903 80 2 25 10 47917 0 
-84.3346 20.4064 0.322552 0.539892 4.85903 80 2 25 10 47918 0 
-84.3166 20.4065 0.32258 0.539892 4.85903 80 2 25 10 47919 0 
-84.2986 20.4066 0.322609 0.539892 4.85903 80 2 25 10 47920 0 
-84.2806 20.4067 0.322637 0.539892 4.85903 80 2 25 10 47921 0 
-84.2626 20.4068 0.322666 0.539892 4.85903 80 2 25 10 47922 0 
-84.2446 20.4069 0.322694 0.539892 4.85903 80 2 25 10 47923 0 
-84.2266 20.407 0.322723 0.539892 4.85903 80 2 25 10 47924 0 
-84.2086 20.4071 0.322751 0.539892 4.85903 80 2 25 10 47925 0 
-84.1906 20.4072 0.32278 0.539892 4.85903 80 2 25 10 47926 0 
-84.1726 20.4073 0.322808 0.539892 4.85903 80 2 25 10 47927 0 
-84.1546 20.4074 0.322837 0.539892 4.85903 80 2 25 10 47928 0 
-84.1366 20.4075 0.322865 0.539892 4.85903 80 2 25 10 47929 0 
-84.1186 20.4076 0.322894 0.539892 4.85903 80 2 25 10 47930 0 
-84.1006 20.4077 0.322922 0.539892 4.85903 80 2 25 10 47931 0 
-84.0826 20.4078 0.322951 0.539892 4.85903 80 2 25 10 47932 0 
-84.0646 20.4079 0.322979 0.539892 4.85903 80 2 25 10 47933 0 
-84.0466 20.408 0.323008 0.539892 4.85903 80 2 25 10 47934 0 
-84.0286 20.4081 0.323036 0.539892 4.85903 80 2 25 10 47935 0 
-84.0106 20.4082 0.323065 0.539892 4.85903 80 2 25 10 47936 0 
-83.9926 20.4083 0.323093 0.539892 4.85903 80 2 25 10 47937 0 
-83.9746 20.4084 0.323122 0.539892 4.85903 80 2 25 10 47938 0 
-83.9566 20.4085 0.323151 0.539892 4.85903 80 2 25 10 47939 0 
-83.9386 20.4086 0.323179 0.539892 4.85903 80 2 25 10 47940 0 
-83.9206 20.4087 0.323208 0.539892 4.85903 80 2 25 10 47941 0 
-83.9026 20.4088 0.323236 0.539892 4.85903 80 2 25 10 47942 0 
-83.8846 20.4089 0.323265 0.539892 4.85903 80 2 25 10 47943 0 
-83.8666 20.409 0.323294 0.539892 4.85903 80 2 25 10 47944 0 
-83.8486 20.4091 0.323322 0.539892 4.85903 80 2 25 10 47945 0 
-83.8306 20.4092 0.323351 0.539892 4.85903 80 2 25 10 47946 0 
-83.8126 20.4093 0.323379 0.539892 4.85903 80 2 25 10 47947 0 
-83.7946 20.4094 0.323408 0.539892 4.85903 80 2 25 10 47948 0 
-83.7766 20.4095 0.323437 0.539892 4.85903 80 2 25 10 47949 0 
-83.7586 20.4096 0.323465 0.539892 4.85903 80 2 25 10 47950 0 
-83.7406 20.4097 0.323494 0.539892 4.85903 80 2 25 10 47951 0 
-83.7226 20.4098 0.323523 0.539892 4.85903 80 2 25 10 47952 0 
-83.7046 20.4099 0.323551 0.539892 4.85903 80 2 25 10 47953 0 
-83.6866 20.41 0.32358 0.539892 4.85903 80 2 25 10 47954 0 
-83.6686 20.4101 0.323609 0.539892 4.85903 80 2 25 10 47955 0 
-83.6507 20.4102 0.323637 0.539892 4.85903 80 2 25 10 47956 0 
-83.6327 20.4103 0.323666 0.539892 4.85903 80 2 25 10 47957 0 
-83.6147 20.4104 0.323695 0.539892 4.85903 80 2 25 10 47958 0 
-83.5967 20.4105 0.323723 0.539892 4.85903 80 2 25 10 47959 0 
-83.5787 20.4106 0.323752 0.539892 4.85903 80 2 25 10 47960 0 
-83.5607 20.4107 0.323781 0.539892 4.85903 80 2 25 10 47961 0 
-83.5427 20.4108 0.32381 0.539892 4.85903 80 2 25 10 47962 0 
-83.5247 20.4109 0.323838 0.539892 4.85903 80 2 25 10 47963 0 
-83.5067 20.411 0.323867 0.539892 4.85903 80 2 25 10 47964 0 
-83.4887 20.4111 0.323896 0.539892 4.85903 80 2 25 10 47965 0 
-83.4707 20.4112 0.323924 0.539892 4.85903 80 2 25 10 47966 0 
-83.4527 20.4113 0.323953 0.539892 4.85903 80 2 25 10 47967 0 
-83.4347 20.4114 0.323982 0.539892 4.85903 80 2 25 10 47968 0 
-83.4167 20.4115 0.324011 0.539892 4.85903 80 2 25 10 47969 0 
-83.3987 20.4116 0.324039 0.539892 4.85903 80 2 25 10 47970 0 
-83.3807 20.4117 0.324068 0.539892 4.85903 80 2 25 10 47971 0 
-83.3627 20.4118 0.324097 0.539892 4.85903 80 2 25 10 47972 0 
-83.3447 20.4119 0.324126 0.539892 4.85903 80 2 25 10 47973 0 
-83.3267 20.412 0.324155 0.539892 4.85903 80 2 25 10 47974 0 
-83.3087 20.4121 0.324183 0.539892 4.85903 80 2 25 10 47975 0 
-83.2907 20.4122 0.324212 0.539892 4.85903 80 2 25 10 47976 0 
-83.2727 20.4123 0.324241 0.539892 4.85903 80 2 25 10 47977 0 
-83.2547 20.4124 0.32427 0.539892 4.85903 80 2 25 10 47978 0 
-83.2367 20.4125 0.324299 0.539892 4.85903 80 2 25 10 47979 0 
-83.2187 20.4126 0.324328 0.539892 4.85903 80 2 25 10 47980 0 
-83.2007 20.4127 0.324356 0.539892 4.85903 80 2 25 10 47981 0 
-83.1827 20.4128 0.324385 0.539892 4.85903 80 2 25 10 47982 0 
-83.1647 20.413 0.324414 0.539892 4.85903 80 2 25 10 47983 0 
-83.1467 20.4131 0.324443 0.539892 4.85903 80 2 25 10 47984 0 
-83.1287 20.4132 0.324472 0.539892 4.85903 80 2 25 10 47985 0 
-83.1107 20.4133 0.324501 0.539892 4.85903 80 2 25 10 47986 0 
-83.0927 20.4134 0.32453 0.539892 4.85903 80 2 25 10 47987 0 
-83.0747 20.4135 0.324558 0.539892 4.85903 80 2 25 10 47988 0 
-83.0567 20.4136 0.324587 0.539892 4.85903 80 2 25 10 47989 0 
-83.0387 20.4137 0.324616 0.539892 4.85903 80 2 25 10 47990 0 
-83.0207 20.4138 0.324645 0.539892 4.85903 80 2 25 10 47991 0 
-83.0027 20.4139 0.324674 0.539892 4.85903 80 2 25 10 47992 0 
-82.9847 20.414 0.324703 0.539892 4.85903 80 2 25 10 47993 0 
-82.9667 20.4141 0.324732 0.539892 4.85903 80 2 25 10 47994 0 
-82.9487 20.4142 0.324761 0.539892 4.85903 80 2 25 10 47995 0 
-82.9307 20.4143 0.32479 0.539892 4.85903 80 2 25 10 47996 0 
-82.9127 20.4144 0.324819 0.539892 4.85903 80 2 25 10 47997 0 
-82.8947 20.4145 0.324848 0.539892 4.85903 80 2 25 10 47998 0 
-82.8767 20.4146 0.324877 0.539892 4.85903 80 2 25 10 47999 0 
-82.8587 20.4147 0.324906 0.539892 4.85903 80 2 25 10 48000 0 
-82.8408 20.4148 0.324934 0.539892 4.85903 80 2 25 10 48001 0 
-82.8228 20.4149 0.324963 0.539892 4.85903 80 2 25 10 48002 0 
-82.8048 20.415 0.324992 0.539892 4.85903 80 2 25 10 48003 0 
-82.7868 20.4151 0.325021 0.539892 4.85903 80 2 25 10 48004 0 
-82.7688 20.4152 0.32505 0.539892 4.85903 80 2 25 10 48005 0 
-82.7508 20.4153 0.325079 0.539892 4.85903 80 2 25 10 48006 0 
-82.7328 20.4154 0.325108 0.539892 4.85903 80 2 25 10 48007 0 
-82.7148 20.4155 0.325137 0.539892 4.85903 80 2 25 10 48008 0 
-82.6968 20.4156 0.325166 0.539892 4.85903 80 2 25 10 48009 0 
-82.6788 20.4157 0.325195 0.539892 4.85903 80 2 25 10 48010 0 
-82.6608 20.4158 0.325224 0.539892 4.85903 80 2 25 10 48011 0 
-82.6428 20.4159 0.325253 0.539892 4.85903 80 2 25 10 48012 0 
-82.6248 20.416 0.325282 0.539892 4.85903 80 2 25 10 48013 0 
-82.6068 20.4161 0.325311 0.539892 4.85903 80 2 25 10 48014 0 
-82.5888 20.4162 0.32534 0.539892 4.85903 80 2 25 10 48015 0 
-82.5708 20.4163 0.325369 0.539892 4.85903 80 2 25 10 48016 0 
-82.5528 20.4164 0.325399 0.539892 4.85903 80 2 25 10 48017 0 
-82.5348 20.4165 0.325428 0.539892 4.85903 80 2 25 10 48018 0 
-82.5168 20.4166 0.325457 0.539892 4.85903 80 2 25 10 48019 0 
-82.4988 20.4167 0.325486 0.539892 4.85903 80 2 25 10 48020 0 
-82.4808 20.4168 0.325515 0.539892 4.85903 80 2 25 10 48021 0 
-82.4628 20.4169 0.325544 0.539892 4.85903 80 2 25 10 48022 0 
-82.4448 20.417 0.325573 0.539892 4.85903 80 2 25 10 48023 0 
-82.4268 20.4171 0.325602 0.539892 4.85903 80 2 25 10 48024 0 
-82.4088 20.4172 0.325631 0.539892 4.85903 80 2 25 10 48025 0 
-82.3908 20.4173 0.32566 0.539892 4.85903 80 2 25 10 48026 0 
-82.3728 20.4174 0.325689 0.539892 4.85903 80 2 25 10 48027 0 
-82.3548 20.4176 0.325718 0.539892 4.85903 80 2 25 10 48028 0 
-82.3368 20.4177 0.325747 0.539892 4.85903 80 2 25 10 48029 0 
-82.3188 20.4178 0.325776 0.539892 4.85903 80 2 25 10 48030 0 
-82.3008 20.4179 0.325806 0.539892 4.85903 80 2 25 10 48031 0 
-82.2828 20.418 0.325835 0.539892 4.85903 80 2 25 10 48032 0 
-82.2648 20.4181 0.325864 0.539892 4.85903 80 2 25 10 48033 0 
-82.2468 20.4182 0.325893 0.539892 4.85903 80 2 25 10 48034 0 
-82.2288 20.4183 0.325922 0.539892 4.85903 80 2 25 10 48035 0 
-82.2108 20.4184 0.325951 0.539892 4.85903 80 2 25 10 48036 0 
-82.1928 20.4185 0.32598 0.539892 4.85903 80 2 25 10 48037 0 
-82.1748 20.4186 0.326009 0.539892 4.85903 80 2 25 10 48038 0 
-82.1568 20.4187 0.326039 0.539892 4.85903 80 2 25 10 48039 0 
-82.1388 20.4188 0.326068 0.539892 4.85903 80 2 25 10 48040 0 
-82.1208 20.4189 0.326097 0.539892 4.85903 80 2 25 10 48041 0 
-82.1028 20.419 0.326126 0.539892 4.85903 80 2 25 10 48042 0 
-82.0848 20.4191 0.326155 0.539892 4.85903 80 2 25 10 48043 0 
-82.0668 20.4192 0.326184 0.539892 4.85903 80 2 25 10 48044 0 
-82.0489 20.4193 0.326214 0.539892 4.85903 80 2 25 10 48045 0 
-82.0309 20.4194 0.326243 0.539892 4.85903 80 2 25 10 48046 0 
-82.0129 20.4195 0.326272 0.539892 4.85903 80 2 25 10 48047 0 
-81.9949 20.4196 0.326301 0.539892 4.85903 80 2 25 10 48048 0 
-81.9769 20.4197 0.32633 0.539892 4.85903 80 2 25 10 48049 0 
-81.9589 20.4198 0.326359 0.539892 4.85903 80 2 25 10 48050 0 
-81.9409 20.4199 0.326389 0.539892 4.85903 80 2 25 10 48051 0 
-81.9229 20.42 0.326418 0.539892 4.85903 80 2 25 10 48052 0 
-81.9049 20.4201 0.326447 0.539892 4.85903 80 2 25 10 48053 0 
-81.8869 20.4202 0.326476 0.539892 4.85903 80 2 25 10 48054 0 
-81.8689 20.4203 0.326506 0.539892 4.85903 80 2 25 10 48055 0 
-81.8509 20.4204 0.326535 0.539892 4.85903 80 2 25 10 48056 0 
-81.8329 20.4205 0.326564 0.539892 4.85903 80 2 25 10 48057 0 
-81.8149 20.4206 0.326593 0.539892 4.85903 80 2 25 10 48058 0 
-81.7969 20.4207 0.326623 0.539892 4.85903 80 2 25 10 48059 0 
-81.7789 20.4208 0.326652 0.539892 4.85903 80 2 25 10 48060 0 
-81.7609 20.421 0.326681 0.539892 4.85903 80 2 25 10 48061 0 
-81.7429 20.4211 0.32671 0.539892 4.85903 80 2 25 10 48062 0 
-81.7249 20.4212 0.32674 0.539892 4.85903 80 2 25 10 48063 0 
-81.7069 20.4213 0.326769 0.539892 4.85903 80 2 25 10 48064 0 
-81.6889 20.4214 0.326798 0.539892 4.85903 80 2 25 10 48065 0 
-81.6709 20.4215 0.326828 0.539892 4.85903 80 2 25 10 48066 0 
-81.6529 20.4216 0.326857 0.539892 4.85903 80 2 25 10 48067 0 
-81.6349 20.4217 0.326886 0.539892 4.85903 80 2 25 10 48068 0 
-81.6169 20.4218 0.326915 0.539892 4.85903 80 2 25 10 48069 0 
-81.5989 20.4219 0.326945 0.539892 4.85903 80 2 25 10 48070 0 
-81.5809 20.422 0.326974 0.539892 4.85903 80 2 25 10 48071 0 
-81.5629 20.4221 0.327003 0.539892 4.85903 80 2 25 10 48072 0 
-81.5449 20.4222 0.327033 0.539892 4.85903 80 2 25 10 48073 0 
-81.5269 20.4223 0.327062 0.539892 4.85903 80 2 25 10 48074 0 
-81.5089 20.4224 0.327091 0.539892 4.85903 80 2 25 10 48075 0 
-81.4909 20.4225 0.327121 0.539892 4.85903 80 2 25 10 48076 0 
-81.4729 20.4226 0.32715 0.539892 4.85903 80 2 25 10 48077 0 
-81.4549 20.4227 0.32718 0.539892 4.85903 80 2 25 10 48078 0 
-81.4369 20.4228 0.327209 0.539892 4.85903 80 2 25 10 48079 0 
-81.4189 20.4229 0.327238 0.539892 4.85903 80 2 25 10 48080 0 
-81.4009 20.423 0.327268 0.539892 4.85903 80 2 25 10 48081 0 
-81.3829 20.4231 0.327297 0.539892 4.85903 80 2 25 10 48082 0 
-81.3649 20.4232 0.327326 0.539892 4.85903 80 2 25 10 48083 0 
-81.3469 20.4233 0.327356 0.539892 4.85903 80 2 25 10 48084 0 
-81.3289 20.4234 0.327385 0.539892 4.85903 80 2 25 10 48085 0 
-81.3109 20.4235 0.327415 0.539892 4.85903 80 2 25 10 48086 0 
-81.2929 20.4236 0.327444 0.539892 4.85903 80 2 25 10 48087 0 
-81.2749 20.4237 0.327474 0.539892 4.85903 80 2 25 10 48088 0 
-81.257 20.4238 0.327503 0.539892 4.85903 80 2 25 10 48089 0 
-81.239 20.4239 0.327532 0.539892 4.85903 80 2 25 10 48090 0 
-81.221 20.424 0.327562 0.539892 4.85903 80 2 25 10 48091 0 
-81.203 20.4241 0.327591 0.539892 4.85903 80 2 25 10 48092 0 
-81.185 20.4242 0.327621 0.539892 4.85903 80 2 25 10 48093 0 
-81.167 20.4244 0.32765 0.539892 4.85903 80 2 25 10 48094 0 
-81.149 20.4245 0.32768 0.539892 4.85903 80 2 25 10 48095 0 
-81.131 20.4246 0.327709 0.539892 4.85903 80 2 25 10 48096 0 
-81.113 20.4247 0.327739 0.539892 4.85903 80 2 25 10 48097 0 
-81.095 20.4248 0.327768 0.539892 4.85903 80 2 25 10 48098 0 
-81.077 20.4249 0.327798 0.539892 4.85903 80 2 25 10 48099 0 
-81.059 20.425 0.327827 0.539892 4.85903 80 2 25 10 48100 0 
-81.041 20.4251 0.327857 0.539892 4.85903 80 2 25 10 48101 0 
-81.023 20.4252 0.327886 0.539892 4.85903 80 2 25 10 48102 0 
-81.005 20.4253 0.327916 0.539892 4.85903 80 2 25 10 48103 0 
-80.987 20.4254 0.327945 0.539892 4.85903 80 2 25 10 48104 0 
-80.969 20.4255 0.327975 0.539892 4.85903 80 2 25 10 48105 0 
-80.951 20.4256 0.328004 0.539892 4.85903 80 2 25 10 48106 0 
-80.933 20.4257 0.328034 0.539892 4.85903 80 2 25 10 48107 0 
-80.915 20.4258 0.328063 0.539892 4.85903 80 2 25 10 48108 0 
-80.897 20.4259 0.328093 0.539892 4.85903 80 2 25 10 48109 0 
-80.879 20.426 0.328122 0.539892 4.85903 80 2 25 10 48110 0 
-80.861 20.4261 0.328152 0.539892 4.85903 80 2 25 10 48111 0 
-80.843 20.4262 0.328182 0.539892 4.85903 80 2 25 10 48112 0 
-80.8345 20.4263 -0.307922 0.539892 4.85903 80 2 25 10 48113 0 
-80.8259 20.4262 -0.938739 0.539892 4.85903 80 2 25 10 48114 0 
-80.8174 20.4261 -1.56431 0.539892 4.85903 80 2 25 10 48115 0 
-80.8088 20.4258 -2.18466 0.539892 4.85903 80 2 25 10 48116 0 
-80.8003 20.4255 -2.79982 0.539892 4.85903 80 2 25 10 48117 0 
-80.7917 20.4251 -3.40985 0.539892 4.85903 80 2 25 10 48118 0 
-80.7832 20.4246 -4.01476 0.539892 4.85903 80 2 25 10 48119 0 
-80.7747 20.424 -4.61459 0.539892 4.85903 80 2 25 10 48120 0 
-80.7662 20.4233 -5.20939 0.539892 4.85903 80 2 25 10 48121 0 
-80.7576 20.4225 -5.79917 0.539892 4.85903 80 2 25 10 48122 0 
-80.7491 20.4217 -6.38398 0.539892 4.85903 80 2 25 10 48123 0 
-80.7312 20.4197 -6.27207 0.539892 4.85903 80 2 25 10 48124 0 
-80.7227 20.4187 -6.85249 0.539892 4.85903 80 2 25 10 48125 0 
-80.7143 20.4177 -7.428 0.539892 4.85903 80 2 25 10 48126 0 
-80.7058 20.4166 -7.99863 0.539892 4.85903 80 2 25 10 48127 0 
-80.6973 20.4154 -8.56442 0.539892 4.85903 80 2 25 10 48128 0 
-80.6889 20.4141 -9.1254 0.539892 4.85903 80 2 25 10 48129 0 
-80.6804 20.4128 -9.6816 0.539892 4.85903 80 2 25 10 48130 0 
-80.672 20.4113 -10.2331 0.539892 4.85903 80 2 25 10 48131 0 
-80.6636 20.4098 -10.7798 0.539892 4.85903 80 2 25 10 48132 0 
-80.6459 20.4065 -10.5946 0.539892 4.85903 80 2 25 10 48133 0 
-80.6375 20.4049 -11.1377 0.539892 4.85903 80 2 25 10 48134 0 
-80.6291 20.4032 -11.6762 0.539892 4.85903 80 2 25 10 48135 0 
-80.6208 20.4015 -12.21 0.539892 4.85903 80 2 25 10 48136 0 
-80.6124 20.3997 -12.7392 0.539892 4.85903 80 2 25 10 48137 0 
-80.6041 20.3978 -13.2639 0.539892 4.85903 80 2 25 10 48138 0 
-80.5957 20.3958 -13.7841 0.539892 4.85903 80 2 25 10 48139 0 
-80.5874 20.3938 -14.2997 0.539892 4.85903 80 2 25 10 48140 0 
-80.57 20.3894 -14.0558 0.539892 4.85903 80 2 25 10 48141 0 
-80.5617 20.3873 -14.5685 0.539892 4.85903 80 2 25 10 48142 0 
-80.5534 20.3851 -15.0766 0.539892 4.85903 80 2 25 10 48143 0 
-80.5452 20.3829 -15.5804 0.539892 4.85903 80 2 25 10 48144 0 
-80.5369 20.3806 -16.0798 0.539892 4.85903 80 2 25 10 48145 0 
-80.5287 20.3783 -16.5748 0.539892 4.85903 80 2 25 10 48146 0 
-80.5115 20.3731 -16.293 0.539892 4.85903 80 2 25 10 48147 0 
-80.5033 20.3707 -16.7854 0.539892 4.85903 80 2 25 10 48148 0 
-80.4951 20.3682 -17.2735 0.539892 4.85903 80 2 25 10 48149 0 
-80.4869 20.3657 -17.7574 0.539892 4.85903 80 2 25 10 48150 0 
-80.4788 20.3631 -18.237 0.539892 4.85903 80 2 25 10 48151 0 
-80.4617 20.3575 -17.9274 0.539892 4.85903 80 2 25 10 48152 0 
-80.4535 20.3548 -18.4047 0.539892 4.85903 80 2 25 10 48153 0 
-80.4454 20.3521 -18.8778 0.539892 4.85903 80 2 25 10 48154 0 
-80.4373 20.3494 -19.3467 0.539892 4.85903 80 2 25 10 48155 0 
-80.4203 20.3434 -19.0186 0.539892 4.85903 80 2 25 10 48156 0 
-80.4123 20.3406 -19.4854 0.539892 4.85903 80 2 25 10 48157 0 
-80.4042 20.3378 -19.9481 0.539892 4.85903 80 2 25 10 48158 0 
-80.3962 20.3349 -20.4066 0.539892 4.85903 80 2 25 10 48159 0 
-80.3881 20.3319 -20.8611 0.539892 4.85903 80 2 25 10 48160 0 
-80.3713 20.3255 -20.5078 0.539892 4.85903 80 2 25 10 48161 0 
-80.3633 20.3225 -20.9605 0.539892 4.85903 80 2 25 10 48162 0 
-80.3553 20.3194 -21.4091 0.539892 4.85903 80 2 25 10 48163 0 
-80.3474 20.3163 -21.8538 0.539892 4.85903 80 2 25 10 48164 0 
-80.3307 20.3096 -21.4839 0.539892 4.85903 80 2 25 10 48165 0 
-80.3227 20.3065 -21.9269 0.539892 4.85903 80 2 25 10 48166 0 
-80.3148 20.3033 -22.3659 0.539892 4.85903 80 2 25 10 48167 0 
-80.3069 20.3 -22.801 0.539892 4.85903 80 2 25 10 48168 0 
-80.2903 20.293 -22.4153 0.539892 4.85903 80 2 25 10 48169 0 
-80.2824 20.2898 -22.849 0.539892 4.85903 80 2 25 10 48170 0 
-80.2745 20.2865 -23.2787 0.539892 4.85903 80 2 25 10 48171 0 
-80.258 20.2793 -22.885 0.539892 4.85903 80 2 25 10 48172 0 
-80.2501 20.276 -23.3134 0.539892 4.85903 80 2 25 10 48173 0 
-80.2422 20.2726 -23.7379 0.539892 4.85903 80 2 25 10 48174 0 
-80.2344 20.2692 -24.1586 0.539892 4.85903 80 2 25 10 48175 0 
-80.218 20.2618 -23.7502 0.539892 4.85903 80 2 25 10 48176 0 
-80.2102 20.2584 -24.1697 0.539892 4.85903 80 2 25 10 48177 0 
-80.2024 20.2549 -24.5854 0.539892 4.85903 80 2 25 10 48178 0 
-80.186 20.2474 -24.1699 0.539892 4.85903 80 2 25 10 48179 0 
-80.1782 20.2439 -24.5845 0.539892 4.85903 80 2 25 10 48180 0 
-80.1704 20.2403 -24.9953 0.539892 4.85903 80 2 25 10 48181 0 
-80.1541 20.2327 -24.573 0.539892 4.85903 80 2 25 10 48182 0 
-80.1463 20.2292 -24.9827 0.539892 4.85903 80 2 25 10 48183 0 
-80.1386 20.2256 -25.3888 0.539892 4.85903 80 2 25 10 48184 0 
-80.1223 20.2178 -24.9599 0.539892 4.85903 80 2 25 10 48185 0 
-80.1146 20.2142 -25.3649 0.539892 4.85903 80 2 25 10 48186 0 
-80.1068 20.2106 -25.7664 0.539892 4.85903 80 2 25 10 48187 0 
-80.0906 20.2027 -25.3311 0.539892 4.85903 80 2 25 10 48188 0 
-80.0829 20.1991 -25.7317 0.539892 4.85903 80 2 25 10 48189 0 
-80.0752 20.1954 -26.1285 0.539892 4.85903 80 2 25 10 48190 0 
-80.059 20.1875 -25.6873 0.539892 4.85903 80 2 25 10 48191 0 
-80.0513 20.1837 -26.0833 0.539892 4.85903 80 2 25 10 48192 0 
-80.0437 20.18 -26.4758 0.539892 4.85903 80 2 25 10 48193 0 
-80.0275 20.172 -26.0287 0.539892 4.85903 80 2 25 10 48194 0 
-80.0199 20.1682 -26.4204 0.539892 4.85903 80 2 25 10 48195 0 
-80.0038 20.1602 -25.9742 0.539892 4.85903 80 2 25 10 48196 0 
-79.9961 20.1565 -26.3652 0.539892 4.85903 80 2 25 10 48197 0 
-79.9884 20.1527 -26.7526 0.539892 4.85903 80 2 25 10 48198 0 
-79.9723 20.1446 -26.3009 0.539892 4.85903 80 2 25 10 48199 0 
-79.9647 20.1408 -26.6876 0.539892 4.85903 80 2 25 10 48200 0 
-79.957 20.1369 -27.0708 0.539892 4.85903 80 2 25 10 48201 0 
-79.941 20.1287 -26.6138 0.539892 4.85903 80 2 25 10 48202 0 
-79.9334 20.1249 -26.9964 0.539892 4.85903 80 2 25 10 48203 0 
-79.9173 20.1167 -26.5405 0.539892 4.85903 80 2 25 10 48204 0 
-79.9097 20.1129 -26.9225 0.539892 4.85903 80 2 25 10 48205 0 
-79.902 20.109 -27.301 0.539892 4.85903 80 2 25 10 48206 0 
-79.8861 20.1008 -26.8401 0.539892 4.85903 80 2 25 10 48207 0 
-79.8784 20.0969 -27.218 0.539892 4.85903 80 2 25 10 48208 0 
-79.8624 20.0887 -26.7585 0.539892 4.85903 80 2 25 10 48209 0 
-79.8548 20.0848 -27.1359 0.539892 4.85903 80 2 25 10 48210 0 
-79.8388 20.0766 -26.6777 0.539892 4.85903 80 2 25 10 48211 0 
-79.8311 20.0728 -27.0545 0.539892 4.85903 80 2 25 10 48212 0 
-79.8151 20.0646 -26.5976 0.539892 4.85903 80 2 25 10 48213 0 
-79.8075 20.0608 -26.9739 0.539892 4.85903 80 2 25 10 48214 0 
-79.7914 20.0526 -26.5184 0.539892 4.85903 80 2 25 10 48215 0 
-79.7838 20.0488 -26.8941 0.539892 4.85903 80 2 25 10 48216 0 
-79.7677 20.0407 -26.4399 0.539892 4.85903 80 2 25 10 48217 0 
-79.7601 20.0369 -26.815 0.539892 4.85903 80 2 25 10 48218 0 
-79.744 20.0288 -26.3621 0.539892 4.85903 80 2 25 10 48219 0 
-79.7279 20.0208 -25.9167 0.539892 4.85903 80 2 25 10 48220 0 
-79.7202 20.017 -26.2941 0.539892 4.85903 80 2 25 10 48221 0 
-79.7041 20.0091 -25.8498 0.539892 4.85903 80 2 25 10 48222 0 
-79.6964 20.0053 -26.2266 0.539892 4.85903 80 2 25 10 48223 0 
-79.6803 19.9974 -25.7834 0.539892 4.85903 80 2 25 10 48224 0 
-79.6726 19.9937 -26.1595 0.539892 4.85903 80 2 25 10 48225 0 
-79.6564 19.9857 -25.7174 0.539892 4.85903 80 2 25 10 48226 0 
-79.6488 19.982 -26.0928 0.539892 4.85903 80 2 25 10 48227 0 
-79.6326 19.9741 -25.6519 0.539892 4.85903 80 2 25 10 48228 0 
-79.6164 19.9663 -25.2183 0.539892 4.85903 80 2 25 10 48229 0 
-79.6087 19.9627 -25.5957 0.539892 4.85903 80 2 25 10 48230 0 
-79.5924 19.9549 -25.163 0.539892 4.85903 80 2 25 10 48231 0 
-79.5847 19.9513 -25.5398 0.539892 4.85903 80 2 25 10 48232 0 
-79.5685 19.9436 -25.108 0.539892 4.85903 80 2 25 10 48233 0 
-79.5608 19.9399 -25.484 0.539892 4.85903 80 2 25 10 48234 0 
-79.5446 19.9322 -25.0531 0.539892 4.85903 80 2 25 10 48235 0 
-79.5368 19.9286 -25.4284 0.539892 4.85903 80 2 25 10 48236 0 
-79.5206 19.9209 -24.9985 0.539892 4.85903 80 2 25 10 48237 0 
-79.5043 19.9133 -24.5757 0.539892 4.85903 80 2 25 10 48238 0 
-79.4966 19.9097 -24.9528 0.539892 4.85903 80 2 25 10 48239 0 
-79.4802 19.9021 -24.5308 0.539892 4.85903 80 2 25 10 48240 0 
-79.4725 19.8986 -24.9072 0.539892 4.85903 80 2 25 10 48241 0 
-79.4562 19.891 -24.4859 0.539892 4.85903 80 2 25 10 48242 0 
-79.4485 19.8875 -24.8614 0.539892 4.85903 80 2 25 10 48243 0 
-79.4321 19.8799 -24.4409 0.539892 4.85903 80 2 25 10 48244 0 
-79.4158 19.8725 -24.0273 0.539892 4.85903 80 2 25 10 48245 0 
-79.408 19.869 -24.4047 0.539892 4.85903 80 2 25 10 48246 0 
-79.3916 19.8616 -23.9917 0.539892 4.85903 80 2 25 10 48247 0 
-79.3839 19.8582 -24.3682 0.539892 4.85903 80 2 25 10 48248 0 
-79.3675 19.8507 -23.9558 0.539892 4.85903 80 2 25 10 48249 0 
-79.3597 19.8473 -24.3314 0.539892 4.85903 80 2 25 10 48250 0 
-79.3433 19.8399 -23.9196 0.539892 4.85903 80 2 25 10 48251 0 
-79.3269 19.8326 -23.5147 0.539892 4.85903 80 2 25 10 48252 0 
-79.3191 19.8292 -23.892 0.539892 4.85903 80 2 25 10 48253 0 
-79.3027 19.8219 -23.4875 0.539892 4.85903 80 2 25 10 48254 0 
-79.2949 19.8185 -23.8638 0.539892 4.85903 80 2 25 10 48255 0 
-79.2784 19.8113 -23.4598 0.539892 4.85903 80 2 25 10 48256 0 
-79.2707 19.8079 -23.8352 0.539892 4.85903 80 2 25 10 48257 0 
-79.2542 19.8006 -23.4317 0.539892 4.85903 80 2 25 10 48258 0 
-79.2377 19.7935 -23.0348 0.539892 4.85903 80 2 25 10 48259 0 
-79.2299 19.7902 -23.4117 0.539892 4.85903 80 2 25 10 48260 0 
-79.2134 19.783 -23.0152 0.539892 4.85903 80 2 25 10 48261 0 
-79.2056 19.7797 -23.3912 0.539892 4.85903 80 2 25 10 48262 0 
-79.1891 19.7726 -22.995 0.539892 4.85903 80 2 25 10 48263 0 
-79.1813 19.7693 -23.37 0.539892 4.85903 80 2 25 10 48264 0 
-79.1648 19.7621 -22.9741 0.539892 4.85903 80 2 25 10 48265 0 
-79.1482 19.7551 -22.5849 0.539892 4.85903 80 2 25 10 48266 0 
-79.1404 19.7519 -22.9613 0.539892 4.85903 80 2 25 10 48267 0 
-79.1239 19.7448 -22.5722 0.539892 4.85903 80 2 25 10 48268 0 
-79.1161 19.7416 -22.9476 0.539892 4.85903 80 2 25 10 48269 0 
-79.0995 19.7346 -22.5587 0.539892 4.85903 80 2 25 10 48270 0 
-79.0829 19.7277 -22.1764 0.539892 4.85903 80 2 25 10 48271 0 
-79.0751 19.7245 -22.5531 0.539892 4.85903 80 2 25 10 48272 0 
-79.0585 19.7176 -22.1708 0.539892 4.85903 80 2 25 10 48273 0 
-79.0507 19.7144 -22.5464 0.539892 4.85903 80 2 25 10 48274 0 
-79.034 19.7075 -22.1642 0.539892 4.85903 80 2 25 10 48275 0 
-79.0174 19.7007 -21.7884 0.539892 4.85903 80 2 25 10 48276 0 
-79.0096 19.6976 -22.1652 0.539892 4.85903 80 2 25 10 48277 0 
-78.9929 19.6908 -21.7893 0.539892 4.85903 80 2 25 10 48278 0 
-78.9851 19.6877 -22.165 0.539892 4.85903 80 2 25 10 48279 0 
-78.9684 19.6809 -21.7892 0.539892 4.85903 80 2 25 10 48280 0 
-78.9517 19.6742 -21.4195 0.539892 4.85903 80 2 25 10 48281 0 
-78.9439 19.6711 -21.7964 0.539892 4.85903 80 2 25 10 48282 0 
-78.9272 19.6645 -21.4266 0.539892 4.85903 80 2 25 10 48283 0 
-78.9193 19.6614 -21.8023 0.539892 4.85903 80 2 25 10 48284 0 
-78.9026 19.6547 -21.4324 0.539892 4.85903 80 2 25 10 48285 0 
-78.8859 19.6481 -21.0687 0.539892 4.85903 80 2 25 10 48286 0 
-78.8781 19.6451 -21.4455 0.539892 4.85903 80 2 25 10 48287 0 
-78.8613 19.6385 -21.0815 0.539892 4.85903 80 2 25 10 48288 0 
-78.8535 19.6355 -21.457 0.539892 4.85903 80 2 25 10 48289 0 
-78.8367 19.6289 -21.0929 0.539892 4.85903 80 2 25 10 48290 0 
-78.8199 19.6225 -20.7348 0.539892 4.85903 80 2 25 10 48291 0 
-78.8121 19.6195 -21.1113 0.539892 4.85903 80 2 25 10 48292 0 
-78.7953 19.613 -20.7529 0.539892 4.85903 80 2 25 10 48293 0 
-78.7875 19.6101 -21.1281 0.539892 4.85903 80 2 25 10 48294 0 
-78.7707 19.6036 -20.7694 0.539892 4.85903 80 2 25 10 48295 0 
-78.7539 19.5972 -20.4167 0.539892 4.85903 80 2 25 10 48296 0 
-78.746 19.5943 -20.7928 0.539892 4.85903 80 2 25 10 48297 0 
-78.7292 19.5879 -20.4397 0.539892 4.85903 80 2 25 10 48298 0 
-78.7124 19.5816 -20.0924 0.539892 4.85903 80 2 25 10 48299 0 
-78.7045 19.5787 -20.4693 0.539892 4.85903 80 2 25 10 48300 0 
-78.6877 19.5724 -20.1216 0.539892 4.85903 80 2 25 10 48301 0 
-78.6798 19.5696 -20.4972 0.539892 4.85903 80 2 25 10 48302 0 
-78.663 19.5633 -20.1489 0.539892 4.85903 80 2 25 10 48303 0 
-78.6461 19.5571 -19.8065 0.539892 4.85903 80 2 25 10 48304 0 
-78.6382 19.5542 -20.1828 0.539892 4.85903 80 2 25 10 48305 0 
-78.6213 19.548 -19.8398 0.539892 4.85903 80 2 25 10 48306 0 
-78.6044 19.5419 -19.5025 0.539892 4.85903 80 2 25 10 48307 0 
-78.5966 19.5391 -19.8794 0.539892 4.85903 80 2 25 10 48308 0 
-78.5796 19.533 -19.5415 0.539892 4.85903 80 2 25 10 48309 0 
-78.5718 19.5302 -19.9171 0.539892 4.85903 80 2 25 10 48310 0 
-78.5549 19.5241 -19.5784 0.539892 4.85903 80 2 25 10 48311 0 
-78.5379 19.5181 -19.2454 0.539892 4.85903 80 2 25 10 48312 0 
-78.5301 19.5153 -19.6216 0.539892 4.85903 80 2 25 10 48313 0 
-78.5131 19.5093 -19.2879 0.539892 4.85903 80 2 25 10 48314 0 
-78.4961 19.5034 -18.9597 0.539892 4.85903 80 2 25 10 48315 0 
-78.4883 19.5007 -19.3364 0.539892 4.85903 80 2 25 10 48316 0 
-78.4713 19.4947 -19.0074 0.539892 4.85903 80 2 25 10 48317 0 
-78.4635 19.492 -19.3827 0.539892 4.85903 80 2 25 10 48318 0 
-78.4465 19.486 -19.0529 0.539892 4.85903 80 2 25 10 48319 0 
-78.4295 19.4801 -18.7286 0.539892 4.85903 80 2 25 10 48320 0 
-78.4216 19.4775 -19.1043 0.539892 4.85903 80 2 25 10 48321 0 
-78.4046 19.4716 -18.7792 0.539892 4.85903 80 2 25 10 48322 0 
-78.3876 19.4658 -18.4594 0.539892 4.85903 80 2 25 10 48323 0 
-78.3797 19.4632 -18.8355 0.539892 4.85903 80 2 25 10 48324 0 
-78.3627 19.4574 -18.5148 0.539892 4.85903 80 2 25 10 48325 0 
-78.3456 19.4517 -18.1995 0.539892 4.85903 80 2 25 10 48326 0 
-78.3378 19.4491 -18.5759 0.539892 4.85903 80 2 25 10 48327 0 
-78.3207 19.4433 -18.2595 0.539892 4.85903 80 2 25 10 48328 0 
-78.3036 19.4377 -17.9484 0.539892 4.85903 80 2 25 10 48329 0 
-78.2958 19.4352 -18.325 0.539892 4.85903 80 2 25 10 48330 0 
-78.2787 19.4295 -18.0128 0.539892 4.85903 80 2 25 10 48331 0 
-78.2708 19.427 -18.3879 0.539892 4.85903 80 2 25 10 48332 0 
-78.2538 19.4213 -18.0746 0.539892 4.85903 80 2 25 10 48333 0 
-78.2367 19.4157 -17.7666 0.539892 4.85903 80 2 25 10 48334 0 
-78.2288 19.4132 -18.1419 0.539892 4.85903 80 2 25 10 48335 0 
-78.2117 19.4076 -17.8327 0.539892 4.85903 80 2 25 10 48336 0 
-78.1946 19.4021 -17.5286 0.539892 4.85903 80 2 25 10 48337 0 
-78.1867 19.3996 -17.9041 0.539892 4.85903 80 2 25 10 48338 0 
-78.1696 19.3941 -17.5989 0.539892 4.85903 80 2 25 10 48339 0 
-78.1525 19.3886 -17.2987 0.539892 4.85903 80 2 25 10 48340 0 
-78.1446 19.3862 -17.6742 0.539892 4.85903 80 2 25 10 48341 0 
-78.1275 19.3807 -17.3728 0.539892 4.85903 80 2 25 10 48342 0 
-78.1103 19.3753 -17.0764 0.539892 4.85903 80 2 25 10 48343 0 
-78.1025 19.3729 -17.452 0.539892 4.85903 80 2 25 10 48344 0 
-78.0853 19.3675 -17.1542 0.539892 4.85903 80 2 25 10 48345 0 
-78.0681 19.3622 -16.8614 0.539892 4.85903 80 2 25 10 48346 0 
-78.0603 19.3598 -17.237 0.539892 4.85903 80 2 25 10 48347 0 
-78.0431 19.3545 -16.9428 0.539892 4.85903 80 2 25 10 48348 0 
-78.0259 19.3493 -16.6535 0.539892 4.85903 80 2 25 10 48349 0 
-78.018 19.3469 -17.0291 0.539892 4.85903 80 2 25 10 48350 0 
-78.0008 19.3417 -16.7383 0.539892 4.85903 80 2 25 10 48351 0 
-77.9836 19.3365 -16.4524 0.539892 4.85903 80 2 25 10 48352 0 
-77.9757 19.3342 -16.8278 0.539892 4.85903 80 2 25 10 48353 0 
-77.9585 19.3289 -16.5404 0.539892 4.85903 80 2 25 10 48354 0 
-77.9413 19.3238 -16.2578 0.539892 4.85903 80 2 25 10 48355 0 
-77.9334 19.3215 -16.633 0.539892 4.85903 80 2 25 10 48356 0 
-77.9162 19.3164 -16.3489 0.539892 4.85903 80 2 25 10 48357 0 
-77.8989 19.3113 -16.0694 0.539892 4.85903 80 2 25 10 48358 0 
-77.8911 19.3091 -16.4444 0.539892 4.85903 80 2 25 10 48359 0 
-77.8738 19.304 -16.1634 0.539892 4.85903 80 2 25 10 48360 0 
-77.8566 19.299 -15.887 0.539892 4.85903 80 2 25 10 48361 0 
-77.8392 19.294 -15.6153 0.539892 4.85903 80 2 25 10 48362 0 
-77.8314 19.2918 -15.9915 0.539892 4.85903 80 2 25 10 48363 0 
-77.8141 19.2869 -15.7179 0.539892 4.85903 80 2 25 10 48364 0 
-77.7968 19.282 -15.449 0.539892 4.85903 80 2 25 10 48365 0 
-77.789 19.2799 -15.8248 0.539892 4.85903 80 2 25 10 48366 0 
-77.7717 19.2749 -15.5541 0.539892 4.85903 80 2 25 10 48367 0 
-77.7543 19.2701 -15.2878 0.539892 4.85903 80 2 25 10 48368 0 
-77.7465 19.268 -15.6632 0.539892 4.85903 80 2 25 10 48369 0 
-77.7292 19.2631 -15.3952 0.539892 4.85903 80 2 25 10 48370 0 
-77.7118 19.2583 -15.1315 0.539892 4.85903 80 2 25 10 48371 0 
-77.6945 19.2536 -14.8723 0.539892 4.85903 80 2 25 10 48372 0 
-77.6866 19.2516 -15.2486 0.539892 4.85903 80 2 25 10 48373 0 
-77.6693 19.2468 -14.9874 0.539892 4.85903 80 2 25 10 48374 0 
-77.6519 19.2422 -14.7306 0.539892 4.85903 80 2 25 10 48375 0 
-77.6441 19.2401 -15.1064 0.539892 4.85903 80 2 25 10 48376 0 
-77.6267 19.2354 -14.8475 0.539892 4.85903 80 2 25 10 48377 0 
-77.6093 19.2308 -14.593 0.539892 4.85903 80 2 25 10 48378 0 
-77.6015 19.2288 -14.9682 0.539892 4.85903 80 2 25 10 48379 0 
-77.5841 19.2242 -14.7116 0.539892 4.85903 80 2 25 10 48380 0 
-77.5667 19.2196 -14.4594 0.539892 4.85903 80 2 25 10 48381 0 
-77.5493 19.2151 -14.2113 0.539892 4.85903 80 2 25 10 48382 0 
-77.5415 19.2131 -14.5871 0.539892 4.85903 80 2 25 10 48383 0 
-77.5241 19.2086 -14.3369 0.539892 4.85903 80 2 25 10 48384 0 
-77.5067 19.2041 -14.0908 0.539892 4.85903 80 2 25 10 48385 0 
-77.4989 19.2022 -14.466 0.539892 4.85903 80 2 25 10 48386 0 
-77.4815 19.1977 -14.2177 0.539892 4.85903 80 2 25 10 48387 0 
-77.464 19.1933 -13.9736 0.539892 4.85903 80 2 25 10 48388 0 
-77.4465 19.1889 -13.7336 0.539892 4.85903 80 2 25 10 48389 0 
-77.4388 19.187 -14.1092 0.539892 4.85903 80 2 25 10 48390 0 
-77.4213 19.1826 -13.8669 0.539892 4.85903 80 2 25 10 48391 0 
-77.4038 19.1783 -13.6287 0.539892 4.85903 80 2 25 10 48392 0 
-77.3864 19.1741 -13.3944 0.539892 4.85903 80 2 25 10 48393 0 
-77.3786 19.1722 -13.7703 0.539892 4.85903 80 2 25 10 48394 0 
-77.3611 19.1679 -13.5336 0.539892 4.85903 80 2 25 10 48395 0 
-77.3436 19.1637 -13.3009 0.539892 4.85903 80 2 25 10 48396 0 
-77.3359 19.1619 -13.6759 0.539892 4.85903 80 2 25 10 48397 0 
-77.3184 19.1576 -13.4408 0.539892 4.85903 80 2 25 10 48398 0 
-77.3009 19.1535 -13.2096 0.539892 4.85903 80 2 25 10 48399 0 
-77.2833 19.1493 -12.9822 0.539892 4.85903 80 2 25 10 48400 0 
-77.2756 19.1476 -13.3574 0.539892 4.85903 80 2 25 10 48401 0 
-77.2581 19.1434 -13.1276 0.539892 4.85903 80 2 25 10 48402 0 
-77.2406 19.1393 -12.9016 0.539892 4.85903 80 2 25 10 48403 0 
-77.223 19.1353 -12.6794 0.539892 4.85903 80 2 25 10 48404 0 
-77.2153 19.1335 -13.0546 0.539892 4.85903 80 2 25 10 48405 0 
-77.1978 19.1295 -12.8298 0.539892 4.85903 80 2 25 10 48406 0 
-77.1802 19.1255 -12.6088 0.539892 4.85903 80 2 25 10 48407 0 
-77.1626 19.1216 -12.3914 0.539892 4.85903 80 2 25 10 48408 0 
-77.1549 19.1199 -12.7666 0.539892 4.85903 80 2 25 10 48409 0 
-77.1374 19.1159 -12.5465 0.539892 4.85903 80 2 25 10 48410 0 
-77.1198 19.112 -12.3302 0.539892 4.85903 80 2 25 10 48411 0 
-77.1022 19.1081 -12.1174 0.539892 4.85903 80 2 25 10 48412 0 
-77.0945 19.1065 -12.4924 0.539892 4.85903 80 2 25 10 48413 0 
-77.0769 19.1026 -12.277 0.539892 4.85903 80 2 25 10 48414 0 
-77.0593 19.0988 -12.0651 0.539892 4.85903 80 2 25 10 48415 0 
-77.0417 19.095 -11.8567 0.539892 4.85903 80 2 25 10 48416 0 
-77.0241 19.0913 -11.6519 0.539892 4.85903 80 2 25 10 48417 0 
-77.0164 19.0897 -12.0275 0.539892 4.85903 80 2 25 10 48418 0 
-76.9988 19.086 -11.8198 0.539892 4.85903 80 2 25 10 48419 0 
-76.9812 19.0823 -11.6155 0.539892 4.85903 80 2 25 10 48420 0 
-76.9636 19.0786 -11.4146 0.539892 4.85903 80 2 25 10 48421 0 
-76.9559 19.0771 -11.7898 0.539892 4.85903 80 2 25 10 48422 0 
-76.9383 19.0734 -11.586 0.539892 4.85903 80 2 25 10 48423 0 
-76.9207 19.0698 -11.3856 0.539892 4.85903 80 2 25 10 48424 0 
-76.903 19.0663 -11.1885 0.539892 4.85903 80 2 25 10 48425 0 
-76.8854 19.0628 -10.9948 0.539892 4.85903 80 2 25 10 48426 0 
-76.8777 19.0613 -11.3703 0.539892 4.85903 80 2 25 10 48427 0 
-76.8601 19.0577 -11.1734 0.539892 4.85903 80 2 25 10 48428 0 
-76.8424 19.0542 -10.9799 0.539892 4.85903 80 2 25 10 48429 0 
-76.8247 19.0508 -10.7896 0.539892 4.85903 80 2 25 10 48430 0 
-76.8071 19.0474 -10.6024 0.539892 4.85903 80 2 25 10 48431 0 
-76.7994 19.046 -10.978 0.539892 4.85903 80 2 25 10 48432 0 
-76.7817 19.0426 -10.7877 0.539892 4.85903 80 2 25 10 48433 0 
-76.7641 19.0392 -10.6005 0.539892 4.85903 80 2 25 10 48434 0 
-76.7464 19.0359 -10.4165 0.539892 4.85903 80 2 25 10 48435 0 
-76.7287 19.0326 -10.2355 0.539892 4.85903 80 2 25 10 48436 0 
-76.721 19.0313 -10.611 0.539892 4.85903 80 2 25 10 48437 0 
-76.7034 19.028 -10.4268 0.539892 4.85903 80 2 25 10 48438 0 
-76.6857 19.0247 -10.2457 0.539892 4.85903 80 2 25 10 48439 0 
-76.668 19.0215 -10.0675 0.539892 4.85903 80 2 25 10 48440 0 
-76.6502 19.0184 -9.89234 0.539892 4.85903 80 2 25 10 48441 0 
-76.6426 19.017 -10.2675 0.539892 4.85903 80 2 25 10 48442 0 
-76.6249 19.0138 -10.089 0.539892 4.85903 80 2 25 10 48443 0 
-76.6072 19.0107 -9.91348 0.539892 4.85903 80 2 25 10 48444 0 
-76.5895 19.0076 -9.74086 0.539892 4.85903 80 2 25 10 48445 0 
-76.5717 19.0045 -9.57111 0.539892 4.85903 80 2 25 10 48446 0 
-76.554 19.0015 -9.40418 0.539892 4.85903 80 2 25 10 48447 0 
-76.5464 19.0003 -9.77954 0.539892 4.85903 80 2 25 10 48448 0 
-76.5287 18.9972 -9.60913 0.539892 4.85903 80 2 25 10 48449 0 
-76.5109 18.9942 -9.44156 0.539892 4.85903 80 2 25 10 48450 0 
-76.4932 18.9913 -9.27678 0.539892 4.85903 80 2 25 10 48451 0 
-76.4754 18.9884 -9.11474 0.539892 4.85903 80 2 25 10 48452 0 
-76.4576 18.9855 -8.95539 0.539892 4.85903 80 2 25 10 48453 0 
-76.4501 18.9843 -9.33059 0.539892 4.85903 80 2 25 10 48454 0 
-76.4323 18.9814 -9.16764 0.539892 4.85903 80 2 25 10 48455 0 
-76.4146 18.9785 -9.0074 0.539892 4.85903 80 2 25 10 48456 0 
-76.3968 18.9757 -8.84983 0.539892 4.85903 80 2 25 10 48457 0 
-76.379 18.973 -8.69488 0.539892 4.85903 80 2 25 10 48458 0 
-76.3612 18.9702 -8.54251 0.539892 4.85903 80 2 25 10 48459 0 
-76.3434 18.9676 -8.39268 0.539892 4.85903 80 2 25 10 48460 0 
-76.3359 18.9665 -8.76792 0.539892 4.85903 80 2 25 10 48461 0 
-76.3181 18.9637 -8.61432 0.539892 4.85903 80 2 25 10 48462 0 
-76.3003 18.961 -8.46328 0.539892 4.85903 80 2 25 10 48463 0 
-76.2825 18.9584 -8.31475 0.539892 4.85903 80 2 25 10 48464 0 
-76.2647 18.9558 -8.16869 0.539892 4.85903 80 2 25 10 48465 0 
-76.2469 18.9532 -8.02506 0.539892 4.85903 80 2 25 10 48466 0 
-76.2291 18.9507 -7.88383 0.539892 4.85903 80 2 25 10 48467 0 
-76.2113 18.9482 -7.74494 0.539892 4.85903 80 2 25 10 48468 0 
-76.2038 18.9472 -8.12019 0.539892 4.85903 80 2 25 10 48469 0 
-76.186 18.9447 -7.97736 0.539892 4.85903 80 2 25 10 48470 0 
-76.1682 18.9422 -7.8369 0.539892 4.85903 80 2 25 10 48471 0 
-76.1503 18.9397 -7.69878 0.539892 4.85903 80 2 25 10 48472 0 
-76.1325 18.9373 -7.56296 0.539892 4.85903 80 2 25 10 48473 0 
-76.1147 18.9349 -7.4294 0.539892 4.85903 80 2 25 10 48474 0 
-76.0968 18.9326 -7.29806 0.539892 4.85903 80 2 25 10 48475 0 
-76.079 18.9303 -7.16891 0.539892 4.85903 80 2 25 10 48476 0 
-76.0611 18.9281 -7.0419 0.539892 4.85903 80 2 25 10 48477 0 
-76.0433 18.9259 -6.91701 0.539892 4.85903 80 2 25 10 48478 0 
-76.0359 18.925 -7.29227 0.539892 4.85903 80 2 25 10 48479 0 
-76.018 18.9227 -7.1632 0.539892 4.85903 80 2 25 10 48480 0 
-76.0002 18.9204 -7.03628 0.539892 4.85903 80 2 25 10 48481 0 
-75.9823 18.9182 -6.91147 0.539892 4.85903 80 2 25 10 48482 0 
-75.9644 18.9161 -6.78873 0.539892 4.85903 80 2 25 10 48483 0 
-75.9466 18.9139 -6.66804 0.539892 4.85903 80 2 25 10 48484 0 
-75.9287 18.9119 -6.54936 0.539892 4.85903 80 2 25 10 48485 0 
-75.9108 18.9098 -6.43265 0.539892 4.85903 80 2 25 10 48486 0 
-75.8929 18.9078 -6.31788 0.539892 4.85903 80 2 25 10 48487 0 
-75.875 18.9058 -6.20502 0.539892 4.85903 80 2 25 10 48488 0 
-75.8571 18.9039 -6.09404 0.539892 4.85903 80 2 25 10 48489 0 
-75.8393 18.902 -5.98491 0.539892 4.85903 80 2 25 10 48490 0 
-75.8214 18.9001 -5.87759 0.539892 4.85903 80 2 25 10 48491 0 
-75.8035 18.8982 -5.77205 0.539892 4.85903 80 2 25 10 48492 0 
-75.7856 18.8964 -5.66828 0.539892 4.85903 80 2 25 10 48493 0 
-75.7783 18.8957 -6.0433 0.539892 4.85903 80 2 25 10 48494 0 
-75.7604 18.8938 -5.93499 0.539892 4.85903 80 2 25 10 48495 0 
-75.7425 18.8919 -5.82849 0.539892 4.85903 80 2 25 10 48496 0 
-75.7246 18.8901 -5.72376 0.539892 4.85903 80 2 25 10 48497 0 
-75.7067 18.8883 -5.62078 0.539892 4.85903 80 2 25 10 48498 0 
-75.6888 18.8866 -5.5195 0.539892 4.85903 80 2 25 10 48499 0 
-75.6708 18.8848 -5.41991 0.539892 4.85903 80 2 25 10 48500 0 
-75.6529 18.8831 -5.32198 0.539892 4.85903 80 2 25 10 48501 0 
-75.635 18.8815 -5.22568 0.539892 4.85903 80 2 25 10 48502 0 
-75.6171 18.8798 -5.13098 0.539892 4.85903 80 2 25 10 48503 0 
-75.5992 18.8782 -5.03785 0.539892 4.85903 80 2 25 10 48504 0 
-75.5812 18.8766 -4.94628 0.539892 4.85903 80 2 25 10 48505 0 
-75.5633 18.8751 -4.85623 0.539892 4.85903 80 2 25 10 48506 0 
-75.5454 18.8736 -4.76767 0.539892 4.85903 80 2 25 10 48507 0 
-75.5274 18.8721 -4.68059 0.539892 4.85903 80 2 25 10 48508 0 
-75.5095 18.8706 -4.59496 0.539892 4.85903 80 2 25 10 48509 0 
-75.4916 18.8691 -4.51075 0.539892 4.85903 80 2 25 10 48510 0 
-75.4736 18.8677 -4.42794 0.539892 4.85903 80 2 25 10 48511 0 
-75.4557 18.8663 -4.34651 0.539892 4.85903 80 2 25 10 48512 0 
-75.4377 18.865 -4.26644 0.539892 4.85903 80 2 25 10 48513 0 
-75.4198 18.8636 -4.18769 0.539892 4.85903 80 2 25 10 48514 0 
-75.4018 18.8623 -4.11026 0.539892 4.85903 80 2 25 10 48515 0 
-75.3839 18.861 -4.03411 0.539892 4.85903 80 2 25 10 48516 0 
-75.3659 18.8598 -3.95923 0.539892 4.85903 80 2 25 10 48517 0 
-75.348 18.8585 -3.8856 0.539892 4.85903 80 2 25 10 48518 0 
-75.33 18.8573 -3.81319 0.539892 4.85903 80 2 25 10 48519 0 
-75.3121 18.8561 -3.74199 0.539892 4.85903 80 2 25 10 48520 0 
-75.2941 18.8549 -3.67197 0.539892 4.85903 80 2 25 10 48521 0 
-75.2761 18.8538 -3.60311 0.539892 4.85903 80 2 25 10 48522 0 
-75.2582 18.8527 -3.5354 0.539892 4.85903 80 2 25 10 48523 0 
-75.2402 18.8515 -3.46882 0.539892 4.85903 80 2 25 10 48524 0 
-75.2223 18.8505 -3.40334 0.539892 4.85903 80 2 25 10 48525 0 
-75.2043 18.8494 -3.33896 0.539892 4.85903 80 2 25 10 48526 0 
-75.1863 18.8483 -3.27564 0.539892 4.85903 80 2 25 10 48527 0 
-75.1684 18.8473 -3.21338 0.539892 4.85903 80 2 25 10 48528 0 
-75.1504 18.8463 -3.15215 0.539892 4.85903 80 2 25 10 48529 0 
-75.1324 18.8453 -3.09194 0.539892 4.85903 80 2 25 10 48530 0 
-75.1145 18.8443 -3.03273 0.539892 4.85903 80 2 25 10 48531 0 
-75.0965 18.8434 -2.97451 0.539892 4.85903 80 2 25 10 48532 0 
-75.0785 18.8425 -2.91725 0.539892 4.85903 80 2 25 10 48533 0 
-75.0605 18.8415 -2.86095 0.539892 4.85903 80 2 25 10 48534 0 
-75.0426 18.8406 -2.80558 0.539892 4.85903 80 2 25 10 48535 0 
-75.0246 18.8398 -2.75114 0.539892 4.85903 80 2 25 10 48536 0 
-75.0066 18.8389 -2.69759 0.539892 4.85903 80 2 25 10 48537 0 
-74.9886 18.8381 -2.64494 0.539892 4.85903 80 2 25 10 48538 0 
-74.9707 18.8372 -2.59317 0.539892 4.85903 80 2 25 10 48539 0 
-74.9527 18.8364 -2.54226 0.539892 4.85903 80 2 25 10 48540 0 
-74.9347 18.8356 -2.49219 0.539892 4.85903 80 2 25 10 48541 0 
-74.9167 18.8348 -2.44296 0.539892 4.85903 80 2 25 10 48542 0 
-74.8987 18.8341 -2.39454 0.539892 4.85903 80 2 25 10 48543 0 
-74.8808 18.8333 -2.34693 0.539892 4.85903 80 2 25 10 48544 0 
-74.8628 18.8326 -2.30011 0.539892 4.85903 80 2 25 10 48545 0 
-74.8448 18.8318 -2.25407 0.539892 4.85903 80 2 25 10 48546 0 
-74.8268 18.8311 -2.20879 0.539892 4.85903 80 2 25 10 48547 0 
-74.8088 18.8304 -2.16427 0.539892 4.85903 80 2 25 10 48548 0 
-74.7908 18.8298 -2.12049 0.539892 4.85903 80 2 25 10 48549 0 
-74.7729 18.8291 -2.07744 0.539892 4.85903 80 2 25 10 48550 0 
-74.7549 18.8284 -2.0351 0.539892 4.85903 80 2 25 10 48551 0 
-74.7369 18.8278 -1.99346 0.539892 4.85903 80 2 25 10 48552 0 
-74.7189 18.8272 -1.95252 0.539892 4.85903 80 2 25 10 48553 0 
-74.7009 18.8266 -1.91226 0.539892 4.85903 80 2 25 10 48554 0 
-74.6829 18.826 -1.87267 0.539892 4.85903 80 2 25 10 48555 0 
-74.6649 18.8254 -1.83373 0.539892 4.85903 80 2 25 10 48556 0 
-74.647 18.8248 -1.79545 0.539892 4.85903 80 2 25 10 48557 0 
-74.629 18.8242 -1.7578 0.539892 4.85903 80 2 25 10 48558 0 
-74.611 18.8237 -1.72077 0.539892 4.85903 80 2 25 10 48559 0 
-74.593 18.8232 -1.68436 0.539892 4.85903 80 2 25 10 48560 0 
-74.575 18.8226 -1.64856 0.539892 4.85903 80 2 25 10 48561 0 
-74.557 18.8221 -1.61335 0.539892 4.85903 80 2 25 10 48562 0 
-74.539 18.8216 -1.57873 0.539892 4.85903 80 2 25 10 48563 0 
-74.521 18.8211 -1.54468 0.539892 4.85903 80 2 25 10 48564 0 
-74.503 18.8206 -1.5112 0.539892 4.85903 80 2 25 10 48565 0 
-74.485 18.8201 -1.47827 0.539892 4.85903 80 2 25 10 48566 0 
-74.4671 18.8197 -1.4459 0.539892 4.85903 80 2 25 10 48567 0 
-74.4491 18.8192 -1.41406 0.539892 4.85903 80 2 25 10 48568 0 
-74.4311 18.8188 -1.38275 0.539892 4.85903 80 2 25 10 48569 0 
-74.4131 18.8183 -1.35196 0.539892 4.85903 80 2 25 10 48570 0 
-74.3951 18.8179 -1.32168 0.539892 4.85903 80 2 25 10 48571 0 
-74.3771 18.8175 -1.2919 0.539892 4.85903 80 2 25 10 48572 0 
-74.3591 18.8171 -1.26262 0.539892 4.85903 80 2 25 10 48573 0 
-74.3411 18.8167 -1.23383 0.539892 4.85903 80 2 25 10 48574 0 
-74.3231 18.8163 -1.20551 0.539892 4.85903 80 2 25 10 48575 0 
-74.3051 18.8159 -1.17767 0.539892 4.85903 80 2 25 10 48576 0 
-74.2872 18.8156 -1.15028 0.539892 4.85903 80 2 25 10 48577 0 
-74.2692 18.8152 -1.12336 0.539892 4.85903 80 2 25 10 48578 0 
-74.2512 18.8149 -1.09688 0.539892 4.85903 80 2 25 10 48579 0 
-74.2332 18.8145 -1.07084 0.539892 4.85903 80 2 25 10 48580 0 
-74.2152 18.8142 -1.04523 0.539892 4.85903 80 2 25 10 48581 0 
-74.1972 18.8138 -1.02005 0.539892 4.85903 80 2 25 10 48582 0 
-74.1792 18.8135 -0.995286 0.539892 4.85903 80 2 25 10 48583 0 
-74.1612 18.8132 -0.970934 0.539892 4.85903 80 2 25 10 48584 0 
-74.1432 18.8129 -0.946986 0.539892 4.85903 80 2 25 10 48585 0 
-74.1252 18.8126 -0.923437 0.539892 4.85903 80 2 25 10 48586 0 
-74.1072 18.8123 -0.900278 0.539892 4.85903 80 2 25 10 48587 0 
-74.0892 18.812 -0.877504 0.539892 4.85903 80 2 25 10 48588 0 
-74.0712 18.8118 -0.855109 0.539892 4.85903 80 2 25 10 48589 0 
-74.0532 18.8115 -0.833085 0.539892 4.85903 80 2 25 10 48590 0 
-74.0352 18.8112 -0.811428 0.539892 4.85903 80 2 25 10 48591 0 
-74.0173 18.811 -0.79013 0.539892 4.85903 80 2 25 10 48592 0 
-73.9993 18.8107 -0.769186 0.539892 4.85903 80 2 25 10 48593 0 
-73.9813 18.8105 -0.748589 0.539892 4.85903 80 2 25 10 48594 0 
-73.9633 18.8103 -0.728335 0.539892 4.85903 80 2 25 10 48595 0 
-73.9453 18.81 -0.708417 0.539892 4.85903 80 2 25 10 48596 0 
-73.9273 18.8098 -0.68883 0.539892 4.85903 80 2 25 10 48597 0 
-73.9093 18.8096 -0.669568 0.539892 4.85903 80 2 25 10 48598 0 
-73.8913 18.8094 -0.650626 0.539892 4.85903 80 2 25 10 48599 0 
-73.8733 18.8092 -0.631998 0.539892 4.85903 80 2 25 10 48600 0 
-73.8553 18.809 -0.61368 0.539892 4.85903 80 2 25 10 48601 0 
-73.8373 18.8088 -0.595666 0.539892 4.85903 80 2 25 10 48602 0 
-73.8193 18.8086 -0.577951 0.539892 4.85903 80 2 25 10 48603 0 
-73.8013 18.8084 -0.56053 0.539892 4.85903 80 2 25 10 48604 0 
-73.7833 18.8082 -0.543398 0.539892 4.85903 80 2 25 10 48605 0 
-73.7653 18.8081 -0.52655 0.539892 4.85903 80 2 25 10 48606 0 
-73.7473 18.8079 -0.509983 0.539892 4.85903 80 2 25 10 48607 0 
-73.7293 18.8077 -0.49369 0.539892 4.85903 80 2 25 10 48608 0 
-73.7113 18.8076 -0.477667 0.539892 4.85903 80 2 25 10 48609 0 
-73.6933 18.8074 -0.461911 0.539892 4.85903 80 2 25 10 48610 0 
-73.6753 18.8073 -0.446416 0.539892 4.85903 80 2 25 10 48611 0 
-73.6573 18.8071 -0.431178 0.539892 4.85903 80 2 25 10 48612 0 
-73.6393 18.807 -0.416193 0.539892 4.85903 80 2 25 10 48613 0 
-73.6213 18.8069 -0.401457 0.539892 4.85903 80 2 25 10 48614 0 
-73.6033 18.8068 -0.386965 0.539892 4.85903 80 2 25 10 48615 0 
-73.5853 18.8066 -0.372714 0.539892 4.85903 80 2 25 10 48616 0 
-73.5673 18.8065 -0.358699 0.539892 4.85903 80 2 25 10 48617 0 
-73.5493 18.8064 -0.344917 0.539892 4.85903 80 2 25 10 48618 0 
-73.5313 18.8063 -0.331363 0.539892 4.85903 80 2 25 10 48619 0 
-73.5133 18.8062 -0.318034 0.539892 4.85903 80 2 25 10 48620 0 
-73.4953 18.8061 -0.304926 0.539892 4.85903 80 2 25 10 48621 0 
-73.4773 18.806 -0.292036 0.539892 4.85903 80 2 25 10 48622 0 
-73.4593 18.8059 -0.279359 0.539892 4.85903 80 2 25 10 48623 0 
-73.4413 18.8058 -0.266893 0.539892 4.85903 80 2 25 10 48624 0 
-73.4233 18.8057 -0.254633 0.539892 4.85903 80 2 25 10 48625 0 
-73.4053 18.8057 -0.242577 0.539892 4.85903 80 2 25 10 48626 0 
-73.3873 18.8056 -0.23072 0.539892 4.85903 80 2 25 10 48627 0 
-73.3693 18.8055 -0.21906 0.539892 4.85903 80 2 25 10 48628 0 
-73.3513 18.8054 -0.207594 0.539892 4.85903 80 2 25 10 48629 0 
-73.3333 18.8054 -0.196317 0.539892 4.85903 80 2 25 10 48630 0 
-73.3153 18.8053 -0.185228 0.539892 4.85903 80 2 25 10 48631 0 
-73.2973 18.8053 -0.174322 0.539892 4.85903 80 2 25 10 48632 0 
-73.2793 18.8052 -0.163597 0.539892 4.85903 80 2 25 10 48633 0 
-73.2613 18.8051 -0.15305 0.539892 4.85903 80 2 25 10 48634 0 
-73.2433 18.8051 -0.142677 0.539892 4.85903 80 2 25 10 48635 0 
-73.2253 18.8051 -0.132477 0.539892 4.85903 80 2 25 10 48636 0 
-73.2074 18.805 -0.122445 0.539892 4.85903 80 2 25 10 48637 0 
-73.1894 18.805 -0.11258 0.539892 4.85903 80 2 25 10 48638 0 
-73.1714 18.8049 -0.102878 0.539892 4.85903 80 2 25 10 48639 0 
-73.1534 18.8049 -0.0933371 0.539892 4.85903 80 2 25 10 48640 0 
-73.1354 18.8049 -0.083954 0.539892 4.85903 80 2 25 10 48641 0 
-73.1174 18.8048 -0.0747263 0.539892 4.85903 80 2 25 10 48642 0 
-73.0994 18.8048 -0.0656514 0.539892 4.85903 80 2 25 10 48643 0 
-73.0814 18.8048 -0.0567269 0.539892 4.85903 80 2 25 10 48644 0 
-73.0634 18.8048 -0.0479501 0.539892 4.85903 80 2 25 10 48645 0 
-73.0454 18.8048 -0.0393186 0.539892 4.85903 80 2 25 10 48646 0 
-73.0274 18.8048 -0.0308301 0.539892 4.85903 80 2 25 10 48647 0 
-73.0094 18.8048 -0.022482 0.539892 4.85903 80 2 25 10 48648 0 
-72.9914 18.8047 -0.0142722 0.539892 4.85903 80 2 25 10 48649 0 
-72.9734 18.8047 -0.00619825 0.539892 4.85903 80 2 25 10 48650 0 
-72.9554 18.8047 0.00174207 0.539892 4.85903 80 2 25 10 48651 0 
-72.9374 18.8047 0.00955099 0.539892 4.85903 80 2 25 10 48652 0 
-72.9194 18.8047 0.0172307 0.539892 4.85903 80 2 25 10 48653 0 
-72.9014 18.8047 0.0247833 0.539892 4.85903 80 2 25 10 48654 0 
-72.8834 18.8048 0.032211 0.539892 4.85903 80 2 25 10 48655 0 
-72.8654 18.8048 0.0395158 0.539892 4.85903 80 2 25 10 48656 0 
-72.8474 18.8048 0.0466998 0.539892 4.85903 80 2 25 10 48657 0 
-72.8294 18.8048 0.053765 0.539892 4.85903 80 2 25 10 48658 0 
-72.8114 18.8048 0.0607134 0.539892 4.85903 80 2 25 10 48659 0 
-72.7934 18.8048 0.0675468 0.539892 4.85903 80 2 25 10 48660 0 
-72.7754 18.8048 0.0742673 0.539892 4.85903 80 2 25 10 48661 0 
-72.7574 18.8049 0.0808767 0.539892 4.85903 80 2 25 10 48662 0 
-72.7394 18.8049 0.0873768 0.539892 4.85903 80 2 25 10 48663 0 
-72.7214 18.8049 0.0937695 0.539892 4.85903 80 2 25 10 48664 0 
-72.7034 18.805 0.100057 0.539892 4.85903 80 2 25 10 48665 0 
-72.6854 18.805 0.10624 0.539892 4.85903 80 2 25 10 48666 0 
-72.6674 18.805 0.112321 0.539892 4.85903 80 2 25 10 48667 0 
-72.6494 18.805 0.118301 0.539892 4.85903 80 2 25 10 48668 0 
-72.6314 18.8051 0.124183 0.539892 4.85903 80 2 25 10 48669 0 
-72.6134 18.8051 0.129968 0.539892 4.85903 80 2 25 10 48670 0 
-72.5954 18.8052 0.135657 0.539892 4.85903 80 2 25 10 48671 0 
-72.5774 18.8052 0.141252 0.539892 4.85903 80 2 25 10 48672 0 
-72.5594 18.8053 0.146755 0.539892 4.85903 80 2 25 10 48673 0 
-72.5414 18.8053 0.152167 0.539892 4.85903 80 2 25 10 48674 0 
-72.5234 18.8053 0.15749 0.539892 4.85903 80 2 25 10 48675 0 
-72.5054 18.8054 0.162724 0.539892 4.85903 80 2 25 10 48676 0 
-72.4874 18.8054 0.167873 0.539892 4.85903 80 2 25 10 48677 0 
-72.4694 18.8055 0.172937 0.539892 4.85903 80 2 25 10 48678 0 
-72.4514 18.8056 0.177917 0.539892 4.85903 80 2 25 10 48679 0 
-72.4334 18.8056 0.182814 0.539892 4.85903 80 2 25 10 48680 0 
-72.4155 18.8057 0.187632 0.539892 4.85903 80 2 25 10 48681 0 
-72.3975 18.8057 0.192369 0.539892 4.85903 80 2 25 10 48682 0 
-72.3795 18.8058 0.197029 0.539892 4.85903 80 2 25 10 48683 0 
-72.3615 18.8058 0.201612 0.539892 4.85903 80 2 25 10 48684 0 
-72.3435 18.8059 0.206119 0.539892 4.85903 80 2 25 10 48685 0 
-72.3255 18.806 0.210552 0.539892 4.85903 80 2 25 10 48686 0 
-72.3075 18.806 0.214912 0.539892 4.85903 80 2 25 10 48687 0 
-72.2895 18.8061 0.2192 0.539892 4.85903 80 2 25 10 48688 0 
-72.2715 18.8062 0.223418 0.539892 4.85903 80 2 25 10 48689 0 
-72.2535 18.8062 0.227566 0.539892 4.85903 80 2 25 10 48690 0 
-72.2355 18.8063 0.231646 0.539892 4.85903 80 2 25 10 48691 0 
-72.2175 18.8064 0.235659 0.539892 4.85903 80 2 25 10 48692 0 
-72.1995 18.8065 0.239605 0.539892 4.85903 80 2 25 10 48693 0 
-72.1815 18.8065 0.243487 0.539892 4.85903 80 2 25 10 48694 0 
-72.1635 18.8066 0.247305 0.539892 4.85903 80 2 25 10 48695 0 
-72.1455 18.8067 0.25106 0.539892 4.85903 80 2 25 10 48696 0 
-72.1275 18.8068 0.254754 0.539892 4.85903 80 2 25 10 48697 0 
-72.1095 18.8069 0.258386 0.539892 4.85903 80 2 25 10 48698 0 
-72.0915 18.8069 0.261959 0.539892 4.85903 80 2 25 10 48699 0 
-72.0735 18.807 0.265474 0.539892 4.85903 80 2 25 10 48700 0 
-72.0555 18.8071 0.26893 0.539892 4.85903 80 2 25 10 48701 0 
-72.0375 18.8072 0.27233 0.539892 4.85903 80 2 25 10 48702 0 
-72.0195 18.8073 0.275674 0.539892 4.85903 80 2 25 10 48703 0 
-72.0015 18.8074 0.278963 0.539892 4.85903 80 2 25 10 48704 0 
-71.9835 18.8074 0.282198 0.539892 4.85903 80 2 25 10 48705 0 
-71.9655 18.8075 0.28538 0.539892 4.85903 80 2 25 10 48706 0 
-71.9475 18.8076 0.28851 0.539892 4.85903 80 2 25 10 48707 0 
-71.9295 18.8077 0.291588 0.539892 4.85903 80 2 25 10 48708 0 
-71.9115 18.8078 0.294616 0.539892 4.85903 80 2 25 10 48709 0 
-71.8935 18.8079 0.297595 0.539892 4.85903 80 2 25 10 48710 0 
-71.8755 18.808 0.300524 0.539892 4.85903 80 2 25 10 48711 0 
-71.8575 18.8081 0.303406 0.539892 4.85903 80 2 25 10 48712 0 
-71.8395 18.8082 0.30624 0.539892 4.85903 80 2 25 10 48713 0 
-71.8215 18.8083 0.309028 0.539892 4.85903 80 2 25 10 48714 0 
-71.8035 18.8084 0.31177 0.539892 4.85903 80 2 25 10 48715 0 
-71.7855 18.8085 0.314468 0.539892 4.85903 80 2 25 10 48716 0 
-71.7675 18.8086 0.317121 0.539892 4.85903 80 2 25 10 48717 0 
-71.7495 18.8087 0.319731 0.539892 4.85903 80 2 25 10 48718 0 
-71.7315 18.8088 0.322298 0.539892 4.85903 80 2 25 10 48719 0 
-71.7135 18.8089 0.324823 0.539892 4.85903 80 2 25 10 48720 0 
-71.6955 18.809 0.327307 0.539892 4.85903 80 2 25 10 48721 0 
-71.6775 18.8091 0.329751 0.539892 4.85903 80 2 25 10 48722 0 
-71.6595 18.8092 0.332154 0.539892 4.85903 80 2 25 10 48723 0 
-71.6415 18.8093 0.334519 0.539892 4.85903 80 2 25 10 48724 0 
-71.6236 18.8094 0.336844 0.539892 4.85903 80 2 25 10 48725 0 
-71.6056 18.8095 0.339132 0.539892 4.85903 80 2 25 10 48726 0 
-71.5876 18.8096 0.341382 0.539892 4.85903 80 2 25 10 48727 0 
-71.5696 18.8097 0.343596 0.539892 4.85903 80 2 25 10 48728 0 
-71.5516 18.8098 0.345774 0.539892 4.85903 80 2 25 10 48729 0 
-71.5336 18.8099 0.347916 0.539892 4.85903 80 2 25 10 48730 0 
-71.5156 18.81 0.350023 0.539892 4.85903 80 2 25 10 48731 0 
-71.4976 18.8101 0.352096 0.539892 4.85903 80 2 25 10 48732 0 
-71.4796 18.8103 0.354135 0.539892 4.85903 80 2 25 10 48733 0 
-71.4616 18.8104 0.356141 0.539892 4.85903 80 2 25 10 48734 0 
-71.4436 18.8105 0.358115 0.539892 4.85903 80 2 25 10 48735 0 
-71.4256 18.8106 0.360056 0.539892 4.85903 80 2 25 10 48736 0 
-71.4076 18.8107 0.361966 0.539892 4.85903 80 2 25 10 48737 0 
-71.3896 18.8108 0.363845 0.539892 4.85903 80 2 25 10 48738 0 
-71.3716 18.8109 0.365693 0.539892 4.85903 80 2 25 10 48739 0 
-71.3536 18.811 0.367511 0.539892 4.85903 80 2 25 10 48740 0 
-71.3356 18.8112 0.3693 0.539892 4.85903 80 2 25 10 48741 0 
-71.3176 18.8113 0.37106 0.539892 4.85903 80 2 25 10 48742 0 
-71.2996 18.8114 0.372791 0.539892 4.85903 80 2 25 10 48743 0 
-71.2816 18.8115 0.374494 0.539892 4.85903 80 2 25 10 48744 0 
-71.2636 18.8116 0.37617 0.539892 4.85903 80 2 25 10 48745 0 
-71.2456 18.8117 0.377818 0.539892 4.85903 80 2 25 10 48746 0 
-71.2276 18.8119 0.37944 0.539892 4.85903 80 2 25 10 48747 0 
-71.2096 18.812 0.381036 0.539892 4.85903 80 2 25 10 48748 0 
-71.1916 18.8121 0.382605 0.539892 4.85903 80 2 25 10 48749 0 
-71.1736 18.8122 0.38415 0.539892 4.85903 80 2 25 10 48750 0 
-71.1556 18.8123 0.385669 0.539892 4.85903 80 2 25 10 48751 0 
-71.1376 18.8125 0.387164 0.539892 4.85903 80 2 25 10 48752 0 
-71.1196 18.8126 0.388635 0.539892 4.85903 80 2 25 10 48753 0 
-71.1016 18.8127 0.390082 0.539892 4.85903 80 2 25 10 48754 0 
-71.0836 18.8128 0.391506 0.539892 4.85903 80 2 25 10 48755 0 
-71.0656 18.813 0.392907 0.539892 4.85903 80 2 25 10 48756 0 
-71.0476 18.8131 0.394285 0.539892 4.85903 80 2 25 10 48757 0 
-71.0296 18.8132 0.395641 0.539892 4.85903 80 2 25 10 48758 0 
-71.0116 18.8133 0.396976 0.539892 4.85903 80 2 25 10 48759 0 
-70.9936 18.8134 0.398289 0.539892 4.85903 80 2 25 10 48760 0 
-70.9756 18.8136 0.399581 0.539892 4.85903 80 2 25 10 48761 0 
-70.9576 18.8137 0.400852 0.539892 4.85903 80 2 25 10 48762 0 
-70.9396 18.8138 0.402102 0.539892 4.85903 80 2 25 10 48763 0 
-70.9216 18.814 0.403333 0.539892 4.85903 80 2 25 10 48764 0 
-70.9036 18.8141 0.404544 0.539892 4.85903 80 2 25 10 48765 0 
-70.8856 18.8142 0.405736 0.539892 4.85903 80 2 25 10 48766 0 
-70.8676 18.8143 0.406908 0.539892 4.85903 80 2 25 10 48767 0 
-70.8496 18.8145 0.408062 0.539892 4.85903 80 2 25 10 48768 0 
-70.8316 18.8146 0.409197 0.539892 4.85903 80 2 25 10 48769 0 
-70.8137 18.8147 0.410314 0.539892 4.85903 80 2 25 10 48770 0 
-70.7957 18.8148 0.411414 0.539892 4.85903 80 2 25 10 48771 0 
-70.7777 18.815 0.412496 0.539892 4.85903 80 2 25 10 48772 0 
-70.7597 18.8151 0.41356 0.539892 4.85903 80 2 25 10 48773 0 
-70.7417 18.8152 0.414608 0.539892 4.85903 80 2 25 10 48774 0 
-70.7237 18.8154 0.415639 0.539892 4.85903 80 2 25 10 48775 0 
-70.7057 18.8155 0.416653 0.539892 4.85903 80 2 25 10 48776 0 
-70.6877 18.8156 0.417652 0.539892 4.85903 80 2 25 10 48777 0 
-70.6697 18.8158 0.418635 0.539892 4.85903 80 2 25 10 48778 0 
-70.6517 18.8159 0.419602 0.539892 4.85903 80 2 25 10 48779 0 
-70.6337 18.816 0.420553 0.539892 4.85903 80 2 25 10 48780 0 
-70.6157 18.8162 0.42149 0.539892 4.85903 80 2 25 10 48781 0 
-70.5977 18.8163 0.422412 0.539892 4.85903 80 2 25 10 48782 0 
-70.5797 18.8164 0.423319 0.539892 4.85903 80 2 25 10 48783 0 
-70.5617 18.8166 0.424212 0.539892 4.85903 80 2 25 10 48784 0 
-70.5437 18.8167 0.425091 0.539892 4.85903 80 2 25 10 48785 0 
-70.5257 18.8168 0.425956 0.539892 4.85903 80 2 25 10 48786 0 
-70.5077 18.817 0.426807 0.539892 4.85903 80 2 25 10 48787 0 
-70.4897 18.8171 0.427645 0.539892 4.85903 80 2 25 10 48788 0 
-70.4717 18.8172 0.42847 0.539892 4.85903 80 2 25 10 48789 0 
-70.4537 18.8174 0.429282 0.539892 4.85903 80 2 25 10 48790 0 
-70.4357 18.8175 0.430081 0.539892 4.85903 80 2 25 10 48791 0 
-70.4177 18.8176 0.430868 0.539892 4.85903 80 2 25 10 48792 0 
-70.3997 18.8178 0.431642 0.539892 4.85903 80 2 25 10 48793 0 
-70.3817 18.8179 0.432404 0.539892 4.85903 80 2 25 10 48794 0 
-70.3637 18.818 0.433154 0.539892 4.85903 80 2 25 10 48795 0 
-70.3457 18.8182 0.433893 0.539892 4.85903 80 2 25 10 48796 0 
-70.3277 18.8183 0.43462 0.539892 4.85903 80 2 25 10 48797 0 
-70.3097 18.8184 0.435335 0.539892 4.85903 80 2 25 10 48798 0 
-70.2917 18.8186 0.43604 0.539892 4.85903 80 2 25 10 48799 0 
-70.2737 18.8187 0.436733 0.539892 4.85903 80 2 25 10 48800 0 
-70.2557 18.8189 0.437416 0.539892 4.85903 80 2 25 10 48801 0 
-70.2377 18.819 0.438089 0.539892 4.85903 80 2 25 10 48802 0 
-70.2197 18.8191 0.43875 0.539892 4.85903 80 2 25 10 48803 0 
-70.2017 18.8193 0.439402 0.539892 4.85903 80 2 25 10 48804 0 
-70.1837 18.8194 0.440043 0.539892 4.85903 80 2 25 10 48805 0 
-70.1657 18.8195 0.440675 0.539892 4.85903 80 2 25 10 48806 0 
-70.1477 18.8197 0.441297 0.539892 4.85903 80 2 25 10 48807 0 
-70.1297 18.8198 0.441909 0.539892 4.85903 80 2 25 10 48808 0 
-70.1117 18.82 0.442512 0.539892 4.85903 80 2 25 10 48809 0 
-70.0937 18.8201 0.443106 0.539892 4.85903 80 2 25 10 48810 0 
-70.0757 18.8202 0.44369 0.539892 4.85903 80 2 25 10 48811 0 
-70.0577 18.8204 0.444266 0.539892 4.85903 80 2 25 10 48812 0 
-70.0397 18.8205 0.444832 0.539892 4.85903 80 2 25 10 48813 0 
-70.0218 18.8207 0.44539 0.539892 4.85903 80 2 25 10 48814 0 
-70.0038 18.8208 0.44594 0.539892 4.85903 80 2 25 10 48815 0 
-69.9858 18.8209 0.446481 0.539892 4.85903 80 2 25 10 48816 0 
-69.9678 18.8211 0.447014 0.539892 4.85903 80 2 25 10 48817 0 
-69.9498 18.8212 0.447539 0.539892 4.85903 80 2 25 10 48818 0 
-69.9318 18.8214 0.448056 0.539892 4.85903 80 2 25 10 48819 0 
-69.9138 18.8215 0.448565 0.539892 4.85903 80 2 25 10 48820 0 
-69.8958 18.8216 0.449067 0.539892 4.85903 80 2 25 10 48821 0 
-69.8778 18.8218 0.44956 0.539892 4.85903 80 2 25 10 48822 0 
-69.8598 18.8219 0.450047 0.539892 4.85903 80 2 25 10 48823 0 
-69.8418 18.8221 0.450526 0.539892 4.85903 80 2 25 10 48824 0 
-69.8238 18.8222 0.450998 0.539892 4.85903 80 2 25 10 48825 0 
-69.8058 18.8223 0.451463 0.539892 4.85903 80 2 25 10 48826 0 
-69.7878 18.8225 0.45192 0.539892 4.85903 80 2 25 10 48827 0 
-69.7698 18.8226 0.452371 0.539892 4.85903 80 2 25 10 48828 0 
-69.7518 18.8228 0.452816 0.539892 4.85903 80 2 25 10 48829 0 
-69.7338 18.8229 0.453253 0.539892 4.85903 80 2 25 10 48830 0 
-69.7158 18.8231 0.453684 0.539892 4.85903 80 2 25 10 48831 0 
-69.6978 18.8232 0.454109 0.539892 4.85903 80 2 25 10 48832 0 
-69.6798 18.8233 0.454528 0.539892 4.85903 80 2 25 10 48833 0 
-69.6618 18.8235 0.45494 0.539892 4.85903 80 2 25 10 48834 0 
-69.6438 18.8236 0.455346 0.539892 4.85903 80 2 25 10 48835 0 
-69.6258 18.8238 0.455746 0.539892 4.85903 80 2 25 10 48836 0 
-69.6078 18.8239 0.456141 0.539892 4.85903 80 2 25 10 48837 0 
-69.5898 18.8241 0.456529 0.539892 4.85903 80 2 25 10 48838 0 
-69.5718 18.8242 0.456912 0.539892 4.85903 80 2 25 10 48839 0 
-69.5538 18.8243 0.457289 0.539892 4.85903 80 2 25 10 48840 0 
-69.5358 18.8245 0.457661 0.539892 4.85903 80 2 25 10 48841 0 
-69.5178 18.8246 0.458028 0.539892 4.85903 80 2 25 10 48842 0 
-69.4998 18.8248 0.458389 0.539892 4.85903 80 2 25 10 48843 0 
-69.4818 18.8249 0.458744 0.539892 4.85903 80 2 25 10 48844 0 
-69.4638 18.8251 0.459095 0.539892 4.85903 80 2 25 10 48845 0 
-69.4458 18.8252 0.459441 0.539892 4.85903 80 2 25 10 48846 0 
-69.4278 18.8253 0.459781 0.539892 4.85903 80 2 25 10 48847 0 
-69.4098 18.8255 0.460117 0.539892 4.85903 80 2 25 10 48848 0 
-69.3918 18.8256 0.460448 0.539892 4.85903 80 2 25 10 48849 0 
-69.3738 18.8258 0.460774 0.539892 4.85903 80 2 25 10 48850 0 
-69.3558 18.8259 0.461096 0.539892 4.85903 80 2 25 10 48851 0 
-69.3378 18.8261 0.461413 0.539892 4.85903 80 2 25 10 48852 0 
-69.3198 18.8262 0.461726 0.539892 4.85903 80 2 25 10 48853 0 
-69.3018 18.8264 0.462034 0.539892 4.85903 80 2 25 10 48854 0 
-69.2838 18.8265 0.462337 0.539892 4.85903 80 2 25 10 48855 0 
-69.2658 18.8267 0.462637 0.539892 4.85903 80 2 25 10 48856 0 
-69.2478 18.8268 0.462932 0.539892 4.85903 80 2 25 10 48857 0 
-69.2299 18.8269 0.463223 0.539892 4.85903 80 2 25 10 48858 0 
-69.2119 18.8271 0.46351 0.539892 4.85903 80 2 25 10 48859 0 
-69.1939 18.8272 0.463793 0.539892 4.85903 80 2 25 10 48860 0 
-69.1759 18.8274 0.464073 0.539892 4.85903 80 2 25 10 48861 0 
-69.1579 18.8275 0.464348 0.539892 4.85903 80 2 25 10 48862 0 
-69.1399 18.8277 0.464619 0.539892 4.85903 80 2 25 10 48863 0 
-69.1219 18.8278 0.464887 0.539892 4.85903 80 2 25 10 48864 0 
-69.1039 18.828 0.465151 0.539892 4.85903 80 2 25 10 48865 0 
-69.0859 18.8281 0.465412 0.539892 4.85903 80 2 25 10 48866 0 
-69.0679 18.8283 0.465669 0.539892 4.85903 80 2 25 10 48867 0 
-69.0499 18.8284 0.465922 0.539892 4.85903 80 2 25 10 48868 0 
-69.0319 18.8285 0.466172 0.539892 4.85903 80 2 25 10 48869 0 
-69.0139 18.8287 0.466419 0.539892 4.85903 80 2 25 10 48870 0 
-68.9959 18.8288 0.466662 0.539892 4.85903 80 2 25 10 48871 0 
-68.9779 18.829 0.466902 0.539892 4.85903 80 2 25 10 48872 0 
-68.9599 18.8291 0.467139 0.539892 4.85903 80 2 25 10 48873 0 
-68.9419 18.8293 0.467373 0.539892 4.85903 80 2 25 10 48874 0 
-68.9239 18.8294 0.467603 0.539892 4.85903 80 2 25 10 48875 0 
-68.9059 18.8296 0.467831 0.539892 4.85903 80 2 25 10 48876 0 
-68.8879 18.8297 0.468055 0.539892 4.85903 80 2 25 10 48877 0 
-68.8699 18.8299 0.468277 0.539892 4.85903 80 2 25 10 48878 0 
-68.8519 18.83 0.468496 0.539892 4.85903 80 2 25 10 48879 0 
-68.8339 18.8302 0.468711 0.539892 4.85903 80 2 25 10 48880 0 
-68.8159 18.8303 0.468924 0.539892 4.85903 80 2 25 10 48881 0 
-68.7979 18.8305 0.469135 0.539892 4.85903 80 2 25 10 48882 0 
-68.7799 18.8306 0.469342 0.539892 4.85903 80 2 25 10 48883 0 
-68.7619 18.8307 0.469547 0.539892 4.85903 80 2 25 10 48884 0 
-68.7439 18.8309 0.469749 0.539892 4.85903 80 2 25 10 48885 0 
-68.7259 18.831 0.469949 0.539892 4.85903 80 2 25 10 48886 0 
-68.7079 18.8312 0.470146 0.539892 4.85903 80 2 25 10 48887 0 
-68.6899 18.8313 0.470341 0.539892 4.85903 80 2 25 10 48888 0 
-68.6719 18.8315 0.470533 0.539892 4.85903 80 2 25 10 48889 0 
-68.6539 18.8316 0.470723 0.539892 4.85903 80 2 25 10 48890 0 
-68.6359 18.8318 0.47091 0.539892 4.85903 80 2 25 10 48891 0 
-68.6179 18.8319 0.471096 0.539892 4.85903 80 2 25 10 48892 0 
-68.5999 18.8321 0.471278 0.539892 4.85903 80 2 25 10 48893 0 
-68.5819 18.8322 0.471459 0.539892 4.85903 80 2 25 10 48894 0 
-68.5639 18.8324 0.471637 0.539892 4.85903 80 2 25 10 48895 0 
-68.5459 18.8325 0.471813 0.539892 4.85903 80 2 25 10 48896 0 
-68.5279 18.8327 0.471987 0.539892 4.85903 80 2 25 10 48897 0 
-68.5099 18.8328 0.472159 0.539892 4.85903 80 2 25 10 48898 0 
-68.4919 18.833 0.472329 0.539892 4.85903 80 2 25 10 48899 0 
-68.4739 18.8331 0.472497 0.539892 4.85903 80 2 25 10 48900 0 
-68.4559 18.8333 0.472663 0.539892 4.85903 80 2 25 10 48901 0 
-68.438 18.8334 0.472827 0.539892 4.85903 80 2 25 10 48902 0 
-68.42 18.8336 0.472988 0.539892 4.85903 80 2 25 10 48903 0 
-68.402 18.8337 0.473148 0.539892 4.85903 80 2 25 10 48904 0 
-68.384 18.8339 0.473307 0.539892 4.85903 80 2 25 10 48905 0 
-68.366 18.834 0.473463 0.539892 4.85903 80 2 25 10 48906 0 
-68.348 18.8342 0.473617 0.539892 4.85903 80 2 25 10 48907 0 
-68.33 18.8343 0.47377 0.539892 4.85903 80 2 25 10 48908 0 
-68.312 18.8345 0.473921 0.539892 4.85903 80 2 25 10 48909 0 
-68.294 18.8346 0.47407 0.539892 4.85903 80 2 25 10 48910 0 
-68.276 18.8348 0.474218 0.539892 4.85903 80 2 25 10 48911 0 
-68.258 18.8349 0.474363 0.539892 4.85903 80 2 25 10 48912 0 
-68.24 18.8351 0.474508 0.539892 4.85903 80 2 25 10 48913 0 
-68.222 18.8352 0.47465 0.539892 4.85903 80 2 25 10 48914 0 
-68.204 18.8354 0.474791 0.539892 4.85903 80 2 25 10 48915 0 
-68.186 18.8355 0.474931 0.539892 4.85903 80 2 25 10 48916 0 
-68.168 18.8356 0.475069 0.539892 4.85903 80 2 25 10 48917 0 
-68.15 18.8358 0.475205 0.539892 4.85903 80 2 25 10 48918 0 
-68.132 18.8359 0.47534 0.539892 4.85903 80 2 25 10 48919 0 
-68.114 18.8361 0.475474 0.539892 4.85903 80 2 25 10 48920 0 
-68.096 18.8362 0.475606 0.539892 4.85903 80 2 25 10 48921 0 
-68.078 18.8364 0.475737 0.539892 4.85903 80 2 25 10 48922 0 
-68.06 18.8365 0.475866 0.539892 4.85903 80 2 25 10 48923 0 
-68.042 18.8367 0.475994 0.539892 4.85903 80 2 25 10 48924 0 
-68.024 18.8368 0.476121 0.539892 4.85903 80 2 25 10 48925 0 
-68.006 18.837 0.476246 0.539892 4.85903 80 2 25 10 48926 0 
-67.988 18.8371 0.47637 0.539892 4.85903 80 2 25 10 48927 0 
-67.97 18.8373 0.476493 0.539892 4.85903 80 2 25 10 48928 0 
-67.952 18.8374 0.476614 0.539892 4.85903 80 2 25 10 48929 0 
-67.934 18.8376 0.476734 0.539892 4.85903 80 2 25 10 48930 0 
-67.916 18.8377 0.476853 0.539892 4.85903 80 2 25 10 48931 0 
-67.898 18.8379 0.476971 0.539892 4.85903 80 2 25 10 48932 0 
-67.88 18.838 0.477088 0.539892 4.85903 80 2 25 10 48933 0 
-67.862 18.8382 0.477204 0.539892 4.85903 80 2 25 10 48934 0 
-67.844 18.8383 0.477318 0.539892 4.85903 80 2 25 10 48935 0 
-67.826 18.8385 0.477431 0.539892 4.85903 80 2 25 10 48936 0 
-67.808 18.8386 0.477544 0.539892 4.85903 80 2 25 10 48937 0 
-67.79 18.8388 0.477655 0.539892 4.85903 80 2 25 10 48938 0 
-67.772 18.8389 0.477765 0.539892 4.85903 80 2 25 10 48939 0 
-67.754 18.8391 0.477874 0.539892 4.85903 80 2 25 10 48940 0 
-67.736 18.8392 0.477982 0.539892 4.85903 80 2 25 10 48941 0 
-67.718 18.8394 0.478089 0.539892 4.85903 80 2 25 10 48942 0 
-67.7 18.8395 0.478195 0.539892 4.85903 80 2 25 10 48943 0 
-67.682 18.8397 0.4783 0.539892 4.85903 80 2 25 10 48944 0 
-67.664 18.8398 0.478405 0.539892 4.85903 80 2 25 10 48945 0 
-67.646 18.84 0.478508 0.539892 4.85903 80 2 25 10 48946 0 
-67.6281 18.8401 0.47861 0.539892 4.85903 80 2 25 10 48947 0 
-67.6101 18.8403 0.478712 0.539892 4.85903 80 2 25 10 48948 0 
-67.5921 18.8404 0.478812 0.539892 4.85903 80 2 25 10 48949 0 
-67.5741 18.8406 0.478912 0.539892 4.85903 80 2 25 10 48950 0 
-67.5561 18.8407 0.47901 0.539892 4.85903 80 2 25 10 48951 0 
-67.5381 18.8409 0.479108 0.539892 4.85903 80 2 25 10 48952 0 
-67.5201 18.841 0.479205 0.539892 4.85903 80 2 25 10 48953 0 
-67.5021 18.8412 0.479302 0.539892 4.85903 80 2 25 10 48954 0 
-67.4841 18.8413 0.479397 0.539892 4.85903 80 2 25 10 48955 0 
-67.4661 18.8415 0.479492 0.539892 4.85903 80 2 25 10 48956 0 
-67.4481 18.8417 0.479586 0.539892 4.85903 80 2 25 10 48957 0 
-67.4301 18.8418 0.479679 0.539892 4.85903 80 2 25 10 48958 0 
-67.4121 18.842 0.479771 0.539892 4.85903 80 2 25 10 48959 0 
-67.3941 18.8421 0.479863 0.539892 4.85903 80 2 25 10 48960 0 
-67.3761 18.8423 0.479954 0.539892 4.85903 80 2 25 10 48961 0 
-67.3581 18.8424 0.480044 0.539892 4.85903 80 2 25 10 48962 0 
-67.3401 18.8426 0.480134 0.539892 4.85903 80 2 25 10 48963 0 
-67.3221 18.8427 0.480223 0.539892 4.85903 80 2 25 10 48964 0 
-67.3041 18.8429 0.480311 0.539892 4.85903 80 2 25 10 48965 0 
-67.2861 18.843 0.480398 0.539892 4.85903 80 2 25 10 48966 0 
-67.2681 18.8432 0.480485 0.539892 4.85903 80 2 25 10 48967 0 
-67.2501 18.8433 0.480571 0.539892 4.85903 80 2 25 10 48968 0 
-67.2321 18.8435 0.480657 0.539892 4.85903 80 2 25 10 48969 0 
-67.2141 18.8436 0.480742 0.539892 4.85903 80 2 25 10 48970 0 
-67.1961 18.8438 0.480826 0.539892 4.85903 80 2 25 10 48971 0 
-67.1781 18.8439 0.48091 0.539892 4.85903 80 2 25 10 48972 0 
-67.1601 18.8441 0.480993 0.539892 4.85903 80 2 25 10 48973 0 
-67.1421 18.8442 0.481076 0.539892 4.85903 80 2 25 10 48974 0 
-67.1241 18.8444 0.481158 0.539892 4.85903 80 2 25 10 48975 0 
-67.1061 18.8445 0.481239 0.539892 4.85903 80 2 25 10 48976 0 
-67.0881 18.8447 0.48132 0.539892 4.85903 80 2 25 10 48977 0 
-67.0701 18.8448 0.4814 0.539892 4.85903 80 2 25 10 48978 0 
-67.0521 18.845 0.48148 0.539892 4.85903 80 2 25 10 48979 0 
-67.0341 18.8451 0.48156 0.539892 4.85903 80 2 25 10 48980 0 
-67.0161 18.8453 0.481638 0.539892 4.85903 80 2 25 10 48981 0 
-66.9981 18.8454 0.481717 0.539892 4.85903 80 2 25 10 48982 0 
-66.9801 18.8456 0.481794 0.539892 4.85903 80 2 25 10 48983 0 
-66.9621 18.8457 0.481872 0.539892 4.85903 80 2 25 10 48984 0 
-66.9441 18.8459 0.481948 0.539892 4.85903 80 2 25 10 48985 0 
-66.9261 18.846 0.482025 0.539892 4.85903 80 2 25 10 48986 0 
-66.9081 18.8462 0.482101 0.539892 4.85903 80 2 25 10 48987 0 
-66.8901 18.8463 0.482176 0.539892 4.85903 80 2 25 10 48988 0 
-66.8721 18.8465 0.482251 0.539892 4.85903 80 2 25 10 48989 0 
-66.8541 18.8466 0.482326 0.539892 4.85903 80 2 25 10 48990 0 
-66.8362 18.8468 0.4824 0.539892 4.85903 80 2 25 10 48991 0 
-66.8182 18.8469 0.482473 0.539892 4.85903 80 2 25 10 48992 0 
-66.8002 18.8471 0.482547 0.539892 4.85903 80 2 25 10 48993 0 
-66.7822 18.8472 0.482619 0.539892 4.85903 80 2 25 10 48994 0 
-66.7642 18.8474 0.482692 0.539892 4.85903 80 2 25 10 48995 0 
-66.7462 18.8475 0.482764 0.539892 4.85903 80 2 25 10 48996 0 
-66.7282 18.8477 0.482835 0.539892 4.85903 80 2 25 10 48997 0 
-66.7102 18.8478 0.482907 0.539892 4.85903 80 2 25 10 48998 0 
-66.6922 18.848 0.482978 0.539892 4.85903 80 2 25 10 48999 0 
-66.6742 18.8481 0.483048 0.539892 4.85903 80 2 25 10 49000 0 
-66.6562 18.8483 0.483118 0.539892 4.85903 80 2 25 10 49001 0 
-66.6382 18.8484 0.483188 0.539892 4.85903 80 2 25 10 49002 0 
-66.6202 18.8486 0.483258 0.539892 4.85903 80 2 25 10 49003 0 
-66.6022 18.8487 0.483327 0.539892 4.85903 80 2 25 10 49004 0 
-66.5842 18.8489 0.483395 0.539892 4.85903 80 2 25 10 49005 0 
-66.5662 18.8491 0.483464 0.539892 4.85903 80 2 25 10 49006 0 
-66.5482 18.8492 0.483532 0.539892 4.85903 80 2 25 10 49007 0 
-66.5302 18.8494 0.4836 0.539892 4.85903 80 2 25 10 49008 0 
-66.5122 18.8495 0.483667 0.539892 4.85903 80 2 25 10 49009 0 
-66.4942 18.8497 0.483734 0.539892 4.85903 80 2 25 10 49010 0 
-66.4762 18.8498 0.483801 0.539892 4.85903 80 2 25 10 49011 0 
-66.4582 18.85 0.483867 0.539892 4.85903 80 2 25 10 49012 0 
-66.4402 18.8501 0.483934 0.539892 4.85903 80 2 25 10 49013 0 
-66.4222 18.8503 0.484 0.539892 4.85903 80 2 25 10 49014 0 
-66.4042 18.8504 0.484065 0.539892 4.85903 80 2 25 10 49015 0 
-66.3862 18.8506 0.484131 0.539892 4.85903 80 2 25 10 49016 0 
-66.3682 18.8507 0.484196 0.539892 4.85903 80 2 25 10 49017 0 
-66.3502 18.8509 0.48426 0.539892 4.85903 80 2 25 10 49018 0 
-66.3322 18.851 0.484325 0.539892 4.85903 80 2 25 10 49019 0 
-66.3142 18.8512 0.484389 0.539892 4.85903 80 2 25 10 49020 0 
-66.2962 18.8513 0.484453 0.539892 4.85903 80 2 25 10 49021 0 
-66.2782 18.8515 0.484517 0.539892 4.85903 80 2 25 10 49022 0 
-66.2602 18.8516 0.48458 0.539892 4.85903 80 2 25 10 49023 0 
-66.2422 18.8518 0.484644 0.539892 4.85903 80 2 25 10 49024 0 
-66.2242 18.8519 0.484707 0.539892 4.85903 80 2 25 10 49025 0 
-66.2062 18.8521 0.48477 0.539892 4.85903 80 2 25 10 49026 0 
-66.1882 18.8523 0.484832 0.539892 4.85903 80 2 25 10 49027 0 
-66.1702 18.8524 0.484894 0.539892 4.85903 80 2 25 10 49028 0 
-66.1522 18.8526 0.484957 0.539892 4.85903 80 2 25 10 49029 0 
-66.1342 18.8527 0.485018 0.539892 4.85903 80 2 25 10 49030 0 
-66.1162 18.8529 0.48508 0.539892 4.85903 80 2 25 10 49031 0 
-66.0982 18.853 0.485142 0.539892 4.85903 80 2 25 10 49032 0 
-66.0802 18.8532 0.485203 0.539892 4.85903 80 2 25 10 49033 0 
-66.0622 18.8533 0.485264 0.539892 4.85903 80 2 25 10 49034 0 
-66.0443 18.8535 0.485325 0.539892 4.85903 80 2 25 10 49035 0 
-66.0263 18.8536 0.485385 0.539892 4.85903 80 2 25 10 49036 0 
-66.0083 18.8538 0.485446 0.539892 4.85903 80 2 25 10 49037 0 
-65.9903 18.8539 0.485506 0.539892 4.85903 80 2 25 10 49038 0 
-65.9723 18.8541 0.485566 0.539892 4.85903 80 2 25 10 49039 0 
-65.9543 18.8542 0.485626 0.539892 4.85903 80 2 25 10 49040 0 
-65.9363 18.8544 0.485686 0.539892 4.85903 80 2 25 10 49041 0 
-65.9183 18.8545 0.485745 0.539892 4.85903 80 2 25 10 49042 0 
-65.9003 18.8547 0.485804 0.539892 4.85903 80 2 25 10 49043 0 
-65.8823 18.8548 0.485864 0.539892 4.85903 80 2 25 10 49044 0 
-65.8643 18.855 0.485923 0.539892 4.85903 80 2 25 10 49045 0 
-65.8463 18.8552 0.485981 0.539892 4.85903 80 2 25 10 49046 0 
-65.8283 18.8553 0.48604 0.539892 4.85903 80 2 25 10 49047 0 
-65.8103 18.8555 0.486099 0.539892 4.85903 80 2 25 10 49048 0 
-65.7923 18.8556 0.486157 0.539892 4.85903 80 2 25 10 49049 0 
-65.7743 18.8558 0.486215 0.539892 4.85903 80 2 25 10 49050 0 
-65.7563 18.8559 0.486273 0.539892 4.85903 80 2 25 10 49051 0 
-65.7383 18.8561 0.486331 0.539892 4.85903 80 2 25 10 49052 0 
-65.7203 18.8562 0.486389 0.539892 4.85903 80 2 25 10 49053 0 
-65.7023 18.8564 0.486447 0.539892 4.85903 80 2 25 10 49054 0 
-65.6843 18.8565 0.486504 0.539892 4.85903 80 2 25 10 49055 0 
-65.6663 18.8567 0.486561 0.539892 4.85903 80 2 25 10 49056 0 
-65.6483 18.8568 0.486619 0.539892 4.85903 80 2 25 10 49057 0 
-65.6303 18.857 0.486676 0.539892 4.85903 80 2 25 10 49058 0 
-65.6123 18.8571 0.486733 0.539892 4.85903 80 2 25 10 49059 0 
-65.5943 18.8573 0.486789 0.539892 4.85903 80 2 25 10 49060 0 
-65.5763 18.8574 0.486846 0.539892 4.85903 80 2 25 10 49061 0 
-65.5583 18.8576 0.486903 0.539892 4.85903 80 2 25 10 49062 0 
-65.5403 18.8577 0.486959 0.539892 4.85903 80 2 25 10 49063 0 
-65.5223 18.8579 0.487015 0.539892 4.85903 80 2 25 10 49064 0 
-65.5043 18.8581 0.487072 0.539892 4.85903 80 2 25 10 49065 0 
-65.4863 18.8582 0.487128 0.539892 4.85903 80 2 25 10 49066 0 
-65.4683 18.8584 0.487184 0.539892 4.85903 80 2 25 10 49067 0 
-65.4503 18.8585 0.48724 0.539892 4.85903 80 2 25 10 49068 0 
-65.4323 18.8587 0.487295 0.539892 4.85903 80 2 25 10 49069 0 
-65.4143 18.8588 0.487351 0.539892 4.85903 80 2 25 10 49070 0 
-65.3963 18.859 0.487406 0.539892 4.85903 80 2 25 10 49071 0 
-65.3783 18.8591 0.487462 0.539892 4.85903 80 2 25 10 49072 0 
-65.3603 18.8593 0.487517 0.539892 4.85903 80 2 25 10 49073 0 
-65.3423 18.8594 0.487572 0.539892 4.85903 80 2 25 10 49074 0 
-65.3243 18.8596 0.487628 0.539892 4.85903 80 2 25 10 49075 0 
-65.3063 18.8597 0.487683 0.539892 4.85903 80 2 25 10 49076 0 
-65.2883 18.8599 0.487738 0.539892 4.85903 80 2 25 10 49077 0 
-65.2703 18.86 0.487792 0.539892 4.85903 80 2 25 10 49078 0 
-65.2523 18.8602 0.487847 0.539892 4.85903 80 2 25 10 49079 0 
-65.2344 18.8603 0.487902 0.539892 4.85903 80 2 25 10 49080 0 
-65.2164 18.8605 0.487957 0.539892 4.85903 80 2 25 10 49081 0 
-65.1984 18.8606 0.488011 0.539892 4.85903 80 2 25 10 49082 0 
-65.1804 18.8608 0.488066 0.539892 4.85903 80 2 25 10 49083 0 
-65.1624 18.861 0.48812 0.539892 4.85903 80 2 25 10 49084 0 
-65.1444 18.8611 0.488174 0.539892 4.85903 80 2 25 10 49085 0 
-65.1264 18.8613 0.488228 0.539892 4.85903 80 2 25 10 49086 0 
-65.1084 18.8614 0.488282 0.539892 4.85903 80 2 25 10 49087 0 
-65.0904 18.8616 0.488336 0.539892 4.85903 80 2 25 10 49088 0 
-65.0724 18.8617 0.48839 0.539892 4.85903 80 2 25 10 49089 0 
-65.0544 18.8619 0.488444 0.539892 4.85903 80 2 25 10 49090 0 
-65.0364 18.862 0.488498 0.539892 4.85903 80 2 25 10 49091 0 
-65.0184 18.8622 0.488552 0.539892 4.85903 80 2 25 10 49092 0 
-65.0004 18.8623 0.488606 0.539892 4.85903 80 2 25 10 49093 0 
-64.9824 18.8625 0.488659 0.539892 4.85903 80 2 25 10 49094 0 
-64.9644 18.8626 0.488713 0.539892 4.85903 80 2 25 10 49095 0 
-64.9464 18.8628 0.488766 0.539892 4.85903 80 2 25 10 49096 0 
-64.9284 18.8629 0.48882 0.539892 4.85903 80 2 25 10 49097 0 
-64.9104 18.8631 0.488873 0.539892 4.85903 80 2 25 10 49098 0 
-64.8924 18.8632 0.488926 0.539892 4.85903 80 2 25 10 49099 0 
-64.8744 18.8634 0.48898 0.539892 4.85903 80 2 25 10 49100 0 
-64.8564 18.8636 0.489033 0.539892 4.85903 80 2 25 10 49101 0 
-64.8384 18.8637 0.489086 0.539892 4.85903 80 2 25 10 49102 0 
-64.8204 18.8639 0.489139 0.539892 4.85903 80 2 25 10 49103 0 
-64.8024 18.864 0.489192 0.539892 4.85903 80 2 25 10 49104 0 
-64.7844 18.8642 0.489245 0.539892 4.85903 80 2 25 10 49105 0 
-64.7664 18.8643 0.489298 0.539892 4.85903 80 2 25 10 49106 0 
-64.7484 18.8645 0.489351 0.539892 4.85903 80 2 25 10 49107 0 
-64.7304 18.8646 0.489403 0.539892 4.85903 80 2 25 10 49108 0 
-64.7124 18.8648 0.489456 0.539892 4.85903 80 2 25 10 49109 0 
-64.6944 18.8649 0.489509 0.539892 4.85903 80 2 25 10 49110 0 
-64.6764 18.8651 0.489562 0.539892 4.85903 80 2 25 10 49111 0 
-64.6584 18.8653 0.489614 0.539892 4.85903 80 2 25 10 49112 0 
-64.6404 18.8654 0.489667 0.539892 4.85903 80 2 25 10 49113 0 
-64.6224 18.8656 0.489719 0.539892 4.85903 80 2 25 10 49114 0 
-64.6044 18.8657 0.489772 0.539892 4.85903 80 2 25 10 49115 0 
-64.5864 18.8659 0.489824 0.539892 4.85903 80 2 25 10 49116 0 
-64.5684 18.866 0.489876 0.539892 4.85903 80 2 25 10 49117 0 
-64.5504 18.8662 0.489929 0.539892 4.85903 80 2 25 10 49118 0 
-64.5324 18.8663 0.489981 0.539892 4.85903 80 2 25 10 49119 0 
-64.5144 18.8665 0.490033 0.539892 4.85903 80 2 25 10 49120 0 
-64.4964 18.8666 0.490085 0.539892 4.85903 80 2 25 10 49121 0 
-64.4784 18.8668 0.490138 0.539892 4.85903 80 2 25 10 49122 0 
-64.4604 18.867 0.49019 0.539892 4.85903 80 2 25 10 49123 0 
-64.4425 18.8671 0.490242 0.539892 4.85903 80 2 25 10 49124 0 
-64.4245 18.8673 0.490294 0.539892 4.85903 80 2 25 10 49125 0 
-64.4065 18.8674 0.490346 0.539892 4.85903 80 2 25 10 49126 0 
-64.3885 18.8676 0.490398 0.539892 4.85903 80 2 25 10 49127 0 
-64.3705 18.8677 0.49045 0.539892 4.85903 80 2 25 10 49128 0 
-64.3525 18.8679 0.490502 0.539892 4.85903 80 2 25 10 49129 0 
-64.3345 18.868 0.490554 0.539892 4.85903 80 2 25 10 49130 0 
-64.3165 18.8682 0.490605 0.539892 4.85903 80 2 25 10 49131 0 
-64.2985 18.8683 0.490657 0.539892 4.85903 80 2 25 10 49132 0 
-64.2805 18.8685 0.490709 0.539892 4.85903 80 2 25 10 49133 0 
-64.2625 18.8687 0.490761 0.539892 4.85903 80 2 25 10 49134 0 
-64.2445 18.8688 0.490813 0.539892 4.85903 80 2 25 10 49135 0 
-64.2265 18.869 0.490864 0.539892 4.85903 80 2 25 10 49136 0 
-64.2085 18.8691 0.490916 0.539892 4.85903 80 2 25 10 49137 0 
-64.1905 18.8693 0.490968 0.539892 4.85903 80 2 25 10 49138 0 
-64.1725 18.8694 0.491019 0.539892 4.85903 80 2 25 10 49139 0 
-64.1545 18.8696 0.491071 0.539892 4.85903 80 2 25 10 49140 0 
-64.1365 18.8697 0.491122 0.539892 4.85903 80 2 25 10 49141 0 
-64.1185 18.8699 0.491174 0.539892 4.85903 80 2 25 10 49142 0 
-64.1005 18.87 0.491225 0.539892 4.85903 80 2 25 10 49143 0 
-64.0825 18.8702 0.491277 0.539892 4.85903 80 2 25 10 49144 0 
-64.0645 18.8703 0.491328 0.539892 4.85903 80 2 25 10 49145 0 
-64.0465 18.8705 0.49138 0.539892 4.85903 80 2 25 10 49146 0 
-64.0285 18.8707 0.491431 0.539892 4.85903 80 2 25 10 49147 0 
-64.0105 18.8708 0.491483 0.539892 4.85903 80 2 25 10 49148 0 
-63.9925 18.871 0.491534 0.539892 4.85903 80 2 25 10 49149 0 
-63.9745 18.8711 0.491585 0.539892 4.85903 80 2 25 10 49150 0 
-63.9565 18.8713 0.491637 0.539892 4.85903 80 2 25 10 49151 0 
-63.9385 18.8714 0.491688 0.539892 4.85903 80 2 25 10 49152 0 
-63.9205 18.8716 0.491739 0.539892 4.85903 80 2 25 10 49153 0 
-63.9025 18.8717 0.491791 0.539892 4.85903 80 2 25 10 49154 0 
-63.8845 18.8719 0.491842 0.539892 4.85903 80 2 25 10 49155 0 
-63.8666 18.872 0.491893 0.539892 4.85903 80 2 25 10 49156 0 
-63.8486 18.8722 0.491944 0.539892 4.85903 80 2 25 10 49157 0 
-63.8306 18.8724 0.491996 0.539892 4.85903 80 2 25 10 49158 0 
-63.8126 18.8725 0.492047 0.539892 4.85903 80 2 25 10 49159 0 
-63.7946 18.8727 0.492098 0.539892 4.85903 80 2 25 10 49160 0 
-63.7766 18.8728 0.492149 0.539892 4.85903 80 2 25 10 49161 0 
-63.7586 18.873 0.4922 0.539892 4.85903 80 2 25 10 49162 0 
-63.7406 18.8731 0.492252 0.539892 4.85903 80 2 25 10 49163 0 
-63.7226 18.8733 0.492303 0.539892 4.85903 80 2 25 10 49164 0 
-63.7046 18.8734 0.492354 0.539892 4.85903 80 2 25 10 49165 0 
-63.6866 18.8736 0.492405 0.539892 4.85903 80 2 25 10 49166 0 
-63.6686 18.8737 0.492456 0.539892 4.85903 80 2 25 10 49167 0 
-63.6506 18.8739 0.492507 0.539892 4.85903 80 2 25 10 49168 0 
-63.6326 18.8741 0.492558 0.539892 4.85903 80 2 25 10 49169 0 
-63.6146 18.8742 0.492609 0.539892 4.85903 80 2 25 10 49170 0 
-63.5966 18.8744 0.49266 0.539892 4.85903 80 2 25 10 49171 0 
-63.5787 18.8745 0.492712 0.539892 4.85903 80 2 25 10 49172 0 
-63.5607 18.8747 0.492763 0.539892 4.85903 80 2 25 10 49173 0 
-63.5427 18.8748 0.492814 0.539892 4.85903 80 2 25 10 49174 0 
-63.5247 18.875 0.492865 0.539892 4.85903 80 2 25 10 49175 0 
-63.5067 18.8751 0.492916 0.539892 4.85903 80 2 25 10 49176 0 
-63.4887 18.8753 0.492967 0.539892 4.85903 80 2 25 10 49177 0 
-63.4707 18.8754 0.493018 0.539892 4.85903 80 2 25 10 49178 0 
-63.4527 18.8756 0.493069 0.539892 4.85903 80 2 25 10 49179 0 
-63.4347 18.8758 0.49312 0.539892 4.85903 80 2 25 10 49180 0 
-63.4167 18.8759 0.493171 0.539892 4.85903 80 2 25 10 49181 0 
-63.3987 18.8761 0.493222 0.539892 4.85903 80 2 25 10 49182 0 
-63.3807 18.8762 0.493273 0.539892 4.85903 80 2 25 10 49183 0 
-63.3627 18.8764 0.493324 0.539892 4.85903 80 2 25 10 49184 0 
-63.3447 18.8765 0.493375 0.539892 4.85903 80 2 25 10 49185 0 
-63.3267 18.8767 0.493425 0.539892 4.85903 80 2 25 10 49186 0 
-63.3087 18.8768 0.493476 0.539892 4.85903 80 2 25 10 49187 0 
-63.2907 18.877 0.493527 0.539892 4.85903 80 2 25 10 49188 0 
-63.2728 18.8771 0.493578 0.539892 4.85903 80 2 25 10 49189 0 
-63.2548 18.8773 0.493629 0.539892 4.85903 80 2 25 10 49190 0 
-63.2368 18.8775 0.49368 0.539892 4.85903 80 2 25 10 49191 0 
-63.2188 18.8776 0.493731 0.539892 4.85903 80 2 25 10 49192 0 
-63.2008 18.8778 0.493782 0.539892 4.85903 80 2 25 10 49193 0 
-63.1828 18.8779 0.493833 0.539892 4.85903 80 2 25 10 49194 0 
-63.1648 18.8781 0.493884 0.539892 4.85903 80 2 25 10 49195 0 
-63.1468 18.8782 0.493935 0.539892 4.85903 80 2 25 10 49196 0 
-63.1288 18.8784 0.493986 0.539892 4.85903 80 2 25 10 49197 0 
-63.1108 18.8785 0.494037 0.539892 4.85903 80 2 25 10 49198 0 
-63.0928 18.8787 0.494088 0.539892 4.85903 80 2 25 10 49199 0 
-63.0748 18.8788 0.494139 0.539892 4.85903 80 2 25 10 49200 0 
-63.0568 18.879 0.494189 0.539892 4.85903 80 2 25 10 49201 0 
-63.0388 18.8792 0.49424 0.539892 4.85903 80 2 25 10 49202 0 
-63.0208 18.8793 0.494291 0.539892 4.85903 80 2 25 10 49203 0 
-63.0028 18.8795 0.494342 0.539892 4.85903 80 2 25 10 49204 0 
-62.9849 18.8796 0.494393 0.539892 4.85903 80 2 25 10 49205 0 
-62.9669 18.8798 0.494444 0.539892 4.85903 80 2 25 10 49206 0 
-62.9489 18.8799 0.494495 0.539892 4.85903 80 2 25 10 49207 0 
-62.9309 18.8801 0.494546 0.539892 4.85903 80 2 25 10 49208 0 
-62.9129 18.8802 0.494597 0.539892 4.85903 80 2 25 10 49209 0 
-62.8949 18.8804 0.494648 0.539892 4.85903 80 2 25 10 49210 0 
-62.8769 18.8805 0.494699 0.539892 4.85903 80 2 25 10 49211 0 
-62.8589 18.8807 0.49475 0.539892 4.85903 80 2 25 10 49212 0 
-62.8409 18.8809 0.4948 0.539892 4.85903 80 2 25 10 49213 0 
-62.8229 18.881 0.494851 0.539892 4.85903 80 2 25 10 49214 0 
-62.8049 18.8812 0.494902 0.539892 4.85903 80 2 25 10 49215 0 
-62.7869 18.8813 0.494953 0.539892 4.85903 80 2 25 10 49216 0 
-62.7689 18.8815 0.495004 0.539892 4.85903 80 2 25 10 49217 0 
-62.7509 18.8816 0.495055 0.539892 4.85903 80 2 25 10 49218 0 
-62.7329 18.8818 0.495106 0.539892 4.85903 80 2 25 10 49219 0 
-62.7149 18.8819 0.495157 0.539892 4.85903 80 2 25 10 49220 0 
-62.6969 18.8821 0.495208 0.539892 4.85903 80 2 25 10 49221 0 
-62.679 18.8823 0.495259 0.539892 4.85903 80 2 25 10 49222 0 
-62.661 18.8824 0.49531 0.539892 4.85903 80 2 25 10 49223 0 
-62.643 18.8826 0.495361 0.539892 4.85903 80 2 25 10 49224 0 
-62.625 18.8827 0.495412 0.539892 4.85903 80 2 25 10 49225 0 
-62.607 18.8829 0.495463 0.539892 4.85903 80 2 25 10 49226 0 
-62.589 18.883 0.495513 0.539892 4.85903 80 2 25 10 49227 0 
-62.571 18.8832 0.495564 0.539892 4.85903 80 2 25 10 49228 0 
-62.553 18.8834 0.495615 0.539892 4.85903 80 2 25 10 49229 0 
-62.535 18.8835 0.495666 0.539892 4.85903 80 2 25 10 49230 0 
-62.517 18.8837 0.495717 0.539892 4.85903 80 2 25 10 49231 0 
-62.499 18.8838 0.495768 0.539892 4.85903 80 2 25 10 49232 0 
-62.481 18.884 0.495819 0.539892 4.85903 80 2 25 10 49233 0 
-62.463 18.8841 0.49587 0.539892 4.85903 80 2 25 10 49234 0 
-62.445 18.8843 0.495921 0.539892 4.85903 80 2 25 10 49235 0 
-62.427 18.8844 0.495972 0.539892 4.85903 80 2 25 10 49236 0 
-62.409 18.8846 0.496023 0.539892 4.85903 80 2 25 10 49237 0 
-62.3911 18.8848 0.496074 0.539892 4.85903 80 2 25 10 49238 0 
-62.3731 18.8849 0.496125 0.539892 4.85903 80 2 25 10 49239 0 
-62.3551 18.8851 0.496176 0.539892 4.85903 80 2 25 10 49240 0 
-62.3371 18.8852 0.496227 0.539892 4.85903 80 2 25 10 49241 0 
-62.3191 18.8854 0.496278 0.539892 4.85903 80 2 25 10 49242 0 
-62.3011 18.8855 0.496329 0.539892 4.85903 80 2 25 10 49243 0 
-62.2831 18.8857 0.49638 0.539892 4.85903 80 2 25 10 49244 0 
-62.2651 18.8859 0.496431 0.539892 4.85903 80 2 25 10 49245 0 
-62.2471 18.886 0.496482 0.539892 4.85903 80 2 25 10 49246 0 
-62.2291 18.8862 0.496533 0.539892 4.85903 80 2 25 10 49247 0 
-62.2111 18.8863 0.496584 0.539892 4.85903 80 2 25 10 49248 0 
-62.1931 18.8865 0.496635 0.539892 4.85903 80 2 25 10 49249 0 
-62.1751 18.8866 0.496686 0.539892 4.85903 80 2 25 10 49250 0 
-62.1571 18.8868 0.496737 0.539892 4.85903 80 2 25 10 49251 0 
-62.1391 18.8869 0.496788 0.539892 4.85903 80 2 25 10 49252 0 
-62.1211 18.8871 0.496839 0.539892 4.85903 80 2 25 10 49253 0 
-62.1031 18.8873 0.49689 0.539892 4.85903 80 2 25 10 49254 0 
-62.0852 18.8874 0.496941 0.539892 4.85903 80 2 25 10 49255 0 
-62.0672 18.8876 0.496992 0.539892 4.85903 80 2 25 10 49256 0 
-62.0492 18.8877 0.497043 0.539892 4.85903 80 2 25 10 49257 0 
-62.0312 18.8879 0.497094 0.539892 4.85903 80 2 25 10 49258 0 
-62.0132 18.888 0.497145 0.539892 4.85903 80 2 25 10 49259 0 
-61.9952 18.8882 0.497197 0.539892 4.85903 80 2 25 10 49260 0 
-61.9772 18.8884 0.497248 0.539892 4.85903 80 2 25 10 49261 0 
-61.9592 18.8885 0.497299 0.539892 4.85903 80 2 25 10 49262 0 
-61.9412 18.8887 0.49735 0.539892 4.85903 80 2 25 10 49263 0 
-61.9232 18.8888 0.497401 0.539892 4.85903 80 2 25 10 49264 0 
-61.9052 18.889 0.497452 0.539892 4.85903 80 2 25 10 49265 0 
-61.8872 18.8891 0.497503 0.539892 4.85903 80 2 25 10 49266 0 
-61.8692 18.8893 0.497554 0.539892 4.85903 80 2 25 10 49267 0 
-61.8512 18.8895 0.497605 0.539892 4.85903 80 2 25 10 49268 0 
-61.8332 18.8896 0.497657 0.539892 4.85903 80 2 25 10 49269 0 
-61.8152 18.8898 0.497708 0.539892 4.85903 80 2 25 10 49270 0 
-61.7973 18.8899 0.497759 0.539892 4.85903 80 2 25 10 49271 0 
-61.7793 18.8901 0.49781 0.539892 4.85903 80 2 25 10 49272 0 
-61.7613 18.8902 0.497861 0.539892 4.85903 80 2 25 10 49273 0 
-61.7433 18.8904 0.497912 0.539892 4.85903 80 2 25 10 49274 0 
-61.7253 18.8905 0.497964 0.539892 4.85903 80 2 25 10 49275 0 
-61.7073 18.8907 0.498015 0.539892 4.85903 80 2 25 10 49276 0 
-61.6893 18.8909 0.498066 0.539892 4.85903 80 2 25 10 49277 0 
-61.6713 18.891 0.498117 0.539892 4.85903 80 2 25 10 49278 0 
-61.6533 18.8912 0.498169 0.539892 4.85903 80 2 25 10 49279 0 
-61.6353 18.8913 0.49822 0.539892 4.85903 80 2 25 10 49280 0 
-61.6173 18.8915 0.498271 0.539892 4.85903 80 2 25 10 49281 0 
-61.5993 18.8916 0.498322 0.539892 4.85903 80 2 25 10 49282 0 
-61.5813 18.8918 0.498374 0.539892 4.85903 80 2 25 10 49283 0 
-61.5633 18.892 0.498425 0.539892 4.85903 80 2 25 10 49284 0 
-61.5453 18.8921 0.498476 0.539892 4.85903 80 2 25 10 49285 0 
-61.5273 18.8923 0.498527 0.539892 4.85903 80 2 25 10 49286 0 
-61.5093 18.8924 0.498579 0.539892 4.85903 80 2 25 10 49287 0 
-61.4914 18.8926 0.49863 0.539892 4.85903 80 2 25 10 49288 0 
-61.4734 18.8927 0.498681 0.539892 4.85903 80 2 25 10 49289 0 
-61.4554 18.8929 0.498733 0.539892 4.85903 80 2 25 10 49290 0 
-61.4374 18.893 0.498784 0.539892 4.85903 80 2 25 10 49291 0 
-61.4194 18.8932 0.498835 0.539892 4.85903 80 2 25 10 49292 0 
-61.4014 18.8934 0.498887 0.539892 4.85903 80 2 25 10 49293 0 
-61.3834 18.8935 0.498938 0.539892 4.85903 80 2 25 10 49294 0 
-61.3654 18.8937 0.498989 0.539892 4.85903 80 2 25 10 49295 0 
-61.3474 18.8938 0.499041 0.539892 4.85903 80 2 25 10 49296 0 
-61.3294 18.894 0.499092 0.539892 4.85903 80 2 25 10 49297 0 
-61.3114 18.8941 0.499144 0.539892 4.85903 80 2 25 10 49298 0 
-61.2934 18.8943 0.499195 0.539892 4.85903 80 2 25 10 49299 0 
-61.2754 18.8945 0.499247 0.539892 4.85903 80 2 25 10 49300 0 
-61.2574 18.8946 0.499298 0.539892 4.85903 80 2 25 10 49301 0 
-61.2394 18.8948 0.499349 0.539892 4.85903 80 2 25 10 49302 0 
-61.2214 18.8949 0.499401 0.539892 4.85903 80 2 25 10 49303 0 
-61.2035 18.8951 0.499452 0.539892 4.85903 80 2 25 10 49304 0 
-61.1855 18.8952 0.499504 0.539892 4.85903 80 2 25 10 49305 0 
-61.1675 18.8954 0.499555 0.539892 4.85903 80 2 25 10 49306 0 
-61.1495 18.8956 0.499607 0.539892 4.85903 80 2 25 10 49307 0 
-61.1315 18.8957 0.499658 0.539892 4.85903 80 2 25 10 49308 0 
-61.1135 18.8959 0.49971 0.539892 4.85903 80 2 25 10 49309 0 
-61.0955 18.896 0.499761 0.539892 4.85903 80 2 25 10 49310 0 
-61.0775 18.8962 0.499813 0.539892 4.85903 80 2 25 10 49311 0 
-61.0595 18.8963 0.499864 0.539892 4.85903 80 2 25 10 49312 0 
-61.0415 18.8965 0.499916 0.539892 4.85903 80 2 25 10 49313 0 
-61.0235 18.8966 0.499968 0.539892 4.85903 80 2 25 10 49314 0 
-61.0055 18.8968 0.500019 0.539892 4.85903 80 2 25 10 49315 0 
-60.9875 18.897 0.500071 0.539892 4.85903 80 2 25 10 49316 0 
-60.9695 18.8971 0.500122 0.539892 4.85903 80 2 25 10 49317 0 
-60.9515 18.8973 0.500174 0.539892 4.85903 80 2 25 10 49318 0 
-60.9335 18.8974 0.500226 0.539892 4.85903 80 2 25 10 49319 0 
-60.9156 18.8976 0.500277 0.539892 4.85903 80 2 25 10 49320 0 
-60.8976 18.8977 0.500329 0.539892 4.85903 80 2 25 10 49321 0 
-60.8796 18.8979 0.500381 0.539892 4.85903 80 2 25 10 49322 0 
-60.8616 18.8981 0.500432 0.539892 4.85903 80 2 25 10 49323 0 
-60.8528 18.8981 -0.216985 0.539892 4.85903 80 2 25 10 49324 0 
-60.8348 18.8981 -0.204976 0.539892 4.85903 80 2 25 10 49325 0 
-60.8168 18.898 -0.193166 0.539892 4.85903 80 2 25 10 49326 0 
-60.808 18.898 -0.904751 0.539892 4.85903 80 2 25 10 49327 0 
-60.79 18.8977 -0.881277 0.539892 4.85903 80 2 25 10 49328 0 
-60.7811 18.8975 -1.58709 0.539892 4.85903 80 2 25 10 49329 0 
-60.7632 18.897 -1.55224 0.539892 4.85903 80 2 25 10 49330 0 
-60.7452 18.8966 -1.51797 0.539892 4.85903 80 2 25 10 49331 0 
-60.7364 18.8963 -2.21833 0.539892 4.85903 80 2 25 10 49332 0 
-60.7184 18.8956 -2.17296 0.539892 4.85903 80 2 25 10 49333 0 
-60.7096 18.8953 -2.86777 0.539892 4.85903 80 2 25 10 49334 0 
-60.6916 18.8944 -2.81157 0.539892 4.85903 80 2 25 10 49335 0 
-60.6736 18.8935 -2.7563 0.539892 4.85903 80 2 25 10 49336 0 
-60.6648 18.8931 -3.44601 0.539892 4.85903 80 2 25 10 49337 0 
-60.6469 18.892 -3.38017 0.539892 4.85903 80 2 25 10 49338 0 
-60.6381 18.8915 -4.06454 0.539892 4.85903 80 2 25 10 49339 0 
-60.6201 18.8902 -3.98838 0.539892 4.85903 80 2 25 10 49340 0 
-60.6022 18.889 -3.91349 0.539892 4.85903 80 2 25 10 49341 0 
-60.5934 18.8884 -4.5931 0.539892 4.85903 80 2 25 10 49342 0 
-60.5754 18.8869 -4.50812 0.539892 4.85903 80 2 25 10 49343 0 
-60.5575 18.8855 -4.42456 0.539892 4.85903 80 2 25 10 49344 0 
-60.5487 18.8848 -5.09955 0.539892 4.85903 80 2 25 10 49345 0 
-60.5308 18.8832 -5.00613 0.539892 4.85903 80 2 25 10 49346 0 
-60.522 18.8825 -5.67606 0.539892 4.85903 80 2 25 10 49347 0 
-60.5041 18.8807 -5.57303 0.539892 4.85903 80 2 25 10 49348 0 
-60.4862 18.8789 -5.4717 0.539892 4.85903 80 2 25 10 49349 0 
-60.4774 18.8781 -6.13732 0.539892 4.85903 80 2 25 10 49350 0 
-60.4595 18.8762 -6.02659 0.539892 4.85903 80 2 25 10 49351 0 
-60.4507 18.8752 -6.68733 0.539892 4.85903 80 2 25 10 49352 0 
-60.4329 18.8731 -6.56743 0.539892 4.85903 80 2 25 10 49353 0 
-60.415 18.8711 -6.44952 0.539892 4.85903 80 2 25 10 49354 0 
-60.4062 18.8701 -7.10623 0.539892 4.85903 80 2 25 10 49355 0 
-60.3884 18.8679 -6.97933 0.539892 4.85903 80 2 25 10 49356 0 
-60.3705 18.8657 -6.85455 0.539892 4.85903 80 2 25 10 49357 0 
-60.3618 18.8646 -7.50736 0.539892 4.85903 80 2 25 10 49358 0 
-60.3439 18.8623 -7.37376 0.539892 4.85903 80 2 25 10 49359 0 
-60.3352 18.8612 -8.02193 0.539892 4.85903 80 2 25 10 49360 0 
-60.3174 18.8586 -7.87976 0.539892 4.85903 80 2 25 10 49361 0 
-60.2995 18.8562 -7.73995 0.539892 4.85903 80 2 25 10 49362 0 
-60.2908 18.855 -8.38447 0.539892 4.85903 80 2 25 10 49363 0 
-60.273 18.8524 -8.23624 0.539892 4.85903 80 2 25 10 49364 0 
-60.2552 18.8498 -8.09048 0.539892 4.85903 80 2 25 10 49365 0 
-60.2465 18.8485 -8.73146 0.539892 4.85903 80 2 25 10 49366 0 
-60.2287 18.8458 -8.57744 0.539892 4.85903 80 2 25 10 49367 0 
-60.2109 18.8431 -8.42598 0.539892 4.85903 80 2 25 10 49368 0 
-60.2022 18.8418 -9.06353 0.539892 4.85903 80 2 25 10 49369 0 
-60.1844 18.839 -8.90396 0.539892 4.85903 80 2 25 10 49370 0 
-60.1757 18.8376 -9.53714 0.539892 4.85903 80 2 25 10 49371 0 
-60.1579 18.8347 -9.36967 0.539892 4.85903 80 2 25 10 49372 0 
-60.1402 18.8317 -9.20499 0.539892 4.85903 80 2 25 10 49373 0 
-60.1315 18.8303 -9.83497 0.539892 4.85903 80 2 25 10 49374 0 
-60.1138 18.8272 -9.66252 0.539892 4.85903 80 2 25 10 49375 0 
-60.096 18.8242 -9.49294 0.539892 4.85903 80 2 25 10 49376 0 
-60.0873 18.8228 -10.1198 0.539892 4.85903 80 2 25 10 49377 0 
-60.0696 18.8196 -9.9426 0.539892 4.85903 80 2 25 10 49378 0 
-60.0519 18.8165 -9.76834 0.539892 4.85903 80 2 25 10 49379 0 
-60.0432 18.815 -10.3922 0.539892 4.85903 80 2 25 10 49380 0 
-60.0255 18.8118 -10.2104 0.539892 4.85903 80 2 25 10 49381 0 
-60.0078 18.8086 -10.0317 0.539892 4.85903 80 2 25 10 49382 0 
-59.9991 18.807 -10.6526 0.539892 4.85903 80 2 25 10 49383 0 
-59.9814 18.8037 -10.4664 0.539892 4.85903 80 2 25 10 49384 0 
-59.9637 18.8004 -10.2834 0.539892 4.85903 80 2 25 10 49385 0 
-59.9551 18.7989 -10.9014 0.539892 4.85903 80 2 25 10 49386 0 
-59.9374 18.7955 -10.7112 0.539892 4.85903 80 2 25 10 49387 0 
-59.9197 18.7921 -10.524 0.539892 4.85903 80 2 25 10 49388 0 
-59.911 18.7905 -11.1393 0.539892 4.85903 80 2 25 10 49389 0 
-59.8934 18.787 -10.945 0.539892 4.85903 80 2 25 10 49390 0 
-59.8757 18.7836 -10.754 0.539892 4.85903 80 2 25 10 49391 0 
-59.8671 18.782 -11.3665 0.539892 4.85903 80 2 25 10 49392 0 
-59.8494 18.7784 -11.1684 0.539892 4.85903 80 2 25 10 49393 0 
-59.8318 18.7749 -10.9737 0.539892 4.85903 80 2 25 10 49394 0 
-59.8231 18.7733 -11.5835 0.539892 4.85903 80 2 25 10 49395 0 
-59.8055 18.7696 -11.3818 0.539892 4.85903 80 2 25 10 49396 0 
-59.7878 18.7661 -11.1835 0.539892 4.85903 80 2 25 10 49397 0 
-59.7792 18.7644 -11.7907 0.539892 4.85903 80 2 25 10 49398 0 
-59.7616 18.7607 -11.5856 0.539892 4.85903 80 2 25 10 49399 0 
-59.7439 18.7571 -11.3838 0.539892 4.85903 80 2 25 10 49400 0 
-59.7353 18.7554 -11.9886 0.539892 4.85903 80 2 25 10 49401 0 
-59.7177 18.7516 -11.7801 0.539892 4.85903 80 2 25 10 49402 0 
-59.7001 18.7479 -11.5751 0.539892 4.85903 80 2 25 10 49403 0 
-59.6915 18.7462 -12.1774 0.539892 4.85903 80 2 25 10 49404 0 
-59.6739 18.7424 -11.9657 0.539892 4.85903 80 2 25 10 49405 0 
-59.6563 18.7386 -11.7576 0.539892 4.85903 80 2 25 10 49406 0 
-59.6476 18.7368 -12.3575 0.539892 4.85903 80 2 25 10 49407 0 
-59.6301 18.733 -12.1429 0.539892 4.85903 80 2 25 10 49408 0 
-59.6125 18.7292 -11.9318 0.539892 4.85903 80 2 25 10 49409 0 
-59.6038 18.7274 -12.5293 0.539892 4.85903 80 2 25 10 49410 0 
-59.5863 18.7235 -12.3118 0.539892 4.85903 80 2 25 10 49411 0 
-59.5687 18.7196 -12.0979 0.539892 4.85903 80 2 25 10 49412 0 
-59.5601 18.7178 -12.6931 0.539892 4.85903 80 2 25 10 49413 0 
-59.5425 18.7138 -12.4729 0.539892 4.85903 80 2 25 10 49414 0 
-59.525 18.71 -12.2563 0.539892 4.85903 80 2 25 10 49415 0 
-59.5163 18.7081 -12.8493 0.539892 4.85903 80 2 25 10 49416 0 
-59.4988 18.7041 -12.6264 0.539892 4.85903 80 2 25 10 49417 0 
-59.4812 18.7002 -12.4072 0.539892 4.85903 80 2 25 10 49418 0 
-59.4726 18.6983 -12.998 0.539892 4.85903 80 2 25 10 49419 0 
-59.4551 18.6942 -12.7727 0.539892 4.85903 80 2 25 10 49420 0 
-59.4375 18.6902 -12.551 0.539892 4.85903 80 2 25 10 49421 0 
-59.4289 18.6883 -13.1397 0.539892 4.85903 80 2 25 10 49422 0 
-59.4114 18.6842 -12.912 0.539892 4.85903 80 2 25 10 49423 0 
-59.3939 18.6802 -12.688 0.539892 4.85903 80 2 25 10 49424 0 
-59.3853 18.6783 -13.2746 0.539892 4.85903 80 2 25 10 49425 0 
-59.3678 18.6741 -13.0446 0.539892 4.85903 80 2 25 10 49426 0 
-59.3502 18.6701 -12.8184 0.539892 4.85903 80 2 25 10 49427 0 
-59.3327 18.6661 -12.5959 0.539892 4.85903 80 2 25 10 49428 0 
-59.3241 18.6642 -13.182 0.539892 4.85903 80 2 25 10 49429 0 
-59.3066 18.6601 -12.9535 0.539892 4.85903 80 2 25 10 49430 0 
-59.289 18.656 -12.7288 0.539892 4.85903 80 2 25 10 49431 0 
-59.2804 18.6541 -13.3128 0.539892 4.85903 80 2 25 10 49432 0 
-59.2629 18.6499 -13.0821 0.539892 4.85903 80 2 25 10 49433 0 
-59.2454 18.6459 -12.8552 0.539892 4.85903 80 2 25 10 49434 0 
-59.2368 18.6439 -13.4372 0.539892 4.85903 80 2 25 10 49435 0 
-59.2193 18.6397 -13.2044 0.539892 4.85903 80 2 25 10 49436 0 
-59.2018 18.6356 -12.9755 0.539892 4.85903 80 2 25 10 49437 0 
-59.1932 18.6336 -13.5555 0.539892 4.85903 80 2 25 10 49438 0 
-59.1757 18.6294 -13.3207 0.539892 4.85903 80 2 25 10 49439 0 
-59.1582 18.6253 -13.0898 0.539892 4.85903 80 2 25 10 49440 0 
-59.1406 18.6212 -12.8628 0.539892 4.85903 80 2 25 10 49441 0 
-59.132 18.6192 -13.4424 0.539892 4.85903 80 2 25 10 49442 0 
-59.1145 18.615 -13.2095 0.539892 4.85903 80 2 25 10 49443 0 
-59.097 18.6109 -12.9804 0.539892 4.85903 80 2 25 10 49444 0 
-59.0884 18.609 -13.5581 0.539892 4.85903 80 2 25 10 49445 0 
-59.0709 18.6047 -13.3232 0.539892 4.85903 80 2 25 10 49446 0 
-59.0534 18.6006 -13.0922 0.539892 4.85903 80 2 25 10 49447 0 
-59.0448 18.5986 -13.668 0.539892 4.85903 80 2 25 10 49448 0 
-59.0274 18.5943 -13.4313 0.539892 4.85903 80 2 25 10 49449 0 
-59.0099 18.5902 -13.1985 0.539892 4.85903 80 2 25 10 49450 0 
-58.9923 18.586 -12.9696 0.539892 4.85903 80 2 25 10 49451 0 
-58.9837 18.5841 -13.545 0.539892 4.85903 80 2 25 10 49452 0 
-58.9663 18.5799 -13.3103 0.539892 4.85903 80 2 25 10 49453 0 
-58.9487 18.5757 -13.0795 0.539892 4.85903 80 2 25 10 49454 0 
-58.9402 18.5737 -13.653 0.539892 4.85903 80 2 25 10 49455 0 
-58.9227 18.5695 -13.4165 0.539892 4.85903 80 2 25 10 49456 0 
-58.9052 18.5653 -13.1839 0.539892 4.85903 80 2 25 10 49457 0 
-58.8966 18.5633 -13.7556 0.539892 4.85903 80 2 25 10 49458 0 
-58.8791 18.559 -13.5173 0.539892 4.85903 80 2 25 10 49459 0 
-58.8616 18.5548 -13.2831 0.539892 4.85903 80 2 25 10 49460 0 
-58.8441 18.5507 -13.0527 0.539892 4.85903 80 2 25 10 49461 0 
-58.8355 18.5487 -13.624 0.539892 4.85903 80 2 25 10 49462 0 
-58.818 18.5444 -13.388 0.539892 4.85903 80 2 25 10 49463 0 
-58.8005 18.5403 -13.1558 0.539892 4.85903 80 2 25 10 49464 0 
-58.7919 18.5383 -13.7253 0.539892 4.85903 80 2 25 10 49465 0 
-58.7745 18.534 -13.4876 0.539892 4.85903 80 2 25 10 49466 0 
-58.757 18.5298 -13.2537 0.539892 4.85903 80 2 25 10 49467 0 
-58.7484 18.5278 -13.8215 0.539892 4.85903 80 2 25 10 49468 0 
-58.7309 18.5235 -13.5821 0.539892 4.85903 80 2 25 10 49469 0 
-58.7134 18.5192 -13.3467 0.539892 4.85903 80 2 25 10 49470 0 
-58.6959 18.5151 -13.1152 0.539892 4.85903 80 2 25 10 49471 0 
-58.6873 18.5131 -13.6827 0.539892 4.85903 80 2 25 10 49472 0 
-58.6698 18.5088 -13.4455 0.539892 4.85903 80 2 25 10 49473 0 
-58.6523 18.5047 -13.2124 0.539892 4.85903 80 2 25 10 49474 0 
-58.6437 18.5026 -13.7781 0.539892 4.85903 80 2 25 10 49475 0 
-58.6263 18.4984 -13.5394 0.539892 4.85903 80 2 25 10 49476 0 
-58.6088 18.4941 -13.3046 0.539892 4.85903 80 2 25 10 49477 0 
-58.5913 18.49 -13.0738 0.539892 4.85903 80 2 25 10 49478 0 
-58.5827 18.488 -13.6392 0.539892 4.85903 80 2 25 10 49479 0 
-58.5652 18.4838 -13.4028 0.539892 4.85903 80 2 25 10 49480 0 
-58.5477 18.4796 -13.1703 0.539892 4.85903 80 2 25 10 49481 0 
-58.5391 18.4776 -13.734 0.539892 4.85903 80 2 25 10 49482 0 
-58.5216 18.4733 -13.496 0.539892 4.85903 80 2 25 10 49483 0 
-58.5041 18.4691 -13.2619 0.539892 4.85903 80 2 25 10 49484 0 
-58.4866 18.465 -13.0317 0.539892 4.85903 80 2 25 10 49485 0 
-58.478 18.463 -13.5952 0.539892 4.85903 80 2 25 10 49486 0 
-58.4605 18.4588 -13.3594 0.539892 4.85903 80 2 25 10 49487 0 
-58.443 18.4546 -13.1276 0.539892 4.85903 80 2 25 10 49488 0 
-58.4344 18.4526 -13.6893 0.539892 4.85903 80 2 25 10 49489 0 
-58.4169 18.4483 -13.452 0.539892 4.85903 80 2 25 10 49490 0 
-58.3994 18.4442 -13.2186 0.539892 4.85903 80 2 25 10 49491 0 
-58.3819 18.44 -12.9891 0.539892 4.85903 80 2 25 10 49492 0 
-58.3733 18.4381 -13.5505 0.539892 4.85903 80 2 25 10 49493 0 
-58.3558 18.4338 -13.3155 0.539892 4.85903 80 2 25 10 49494 0 
-58.3383 18.4297 -13.0844 0.539892 4.85903 80 2 25 10 49495 0 
-58.3297 18.4277 -13.644 0.539892 4.85903 80 2 25 10 49496 0 
-58.3123 18.4235 -13.4074 0.539892 4.85903 80 2 25 10 49497 0 
-58.2947 18.4193 -13.1748 0.539892 4.85903 80 2 25 10 49498 0 
-58.2772 18.4152 -12.946 0.539892 4.85903 80 2 25 10 49499 0 
-58.2686 18.4132 -13.5054 0.539892 4.85903 80 2 25 10 49500 0 
-58.2511 18.409 -13.2711 0.539892 4.85903 80 2 25 10 49501 0 
-58.2336 18.4049 -13.0406 0.539892 4.85903 80 2 25 10 49502 0 
-58.225 18.4029 -13.5983 0.539892 4.85903 80 2 25 10 49503 0 
-58.2075 18.3987 -13.3624 0.539892 4.85903 80 2 25 10 49504 0 
-58.19 18.3945 -13.1305 0.539892 4.85903 80 2 25 10 49505 0 
-58.1725 18.3904 -12.9023 0.539892 4.85903 80 2 25 10 49506 0 
-58.1639 18.3884 -13.4598 0.539892 4.85903 80 2 25 10 49507 0 
-58.1464 18.3843 -13.2262 0.539892 4.85903 80 2 25 10 49508 0 
-58.1289 18.3801 -12.9965 0.539892 4.85903 80 2 25 10 49509 0 
-58.1203 18.3782 -13.5522 0.539892 4.85903 80 2 25 10 49510 0 
-58.1028 18.3739 -13.317 0.539892 4.85903 80 2 25 10 49511 0 
-58.0853 18.3698 -13.0857 0.539892 4.85903 80 2 25 10 49512 0 
-58.0678 18.3657 -12.8583 0.539892 4.85903 80 2 25 10 49513 0 
-58.0592 18.3638 -13.4138 0.539892 4.85903 80 2 25 10 49514 0 
-58.0417 18.3596 -13.1809 0.539892 4.85903 80 2 25 10 49515 0 
-58.0242 18.3555 -12.9519 0.539892 4.85903 80 2 25 10 49516 0 
-58.0156 18.3535 -13.5056 0.539892 4.85903 80 2 25 10 49517 0 
-57.9981 18.3493 -13.2712 0.539892 4.85903 80 2 25 10 49518 0 
-57.9806 18.3452 -13.0407 0.539892 4.85903 80 2 25 10 49519 0 
-57.963 18.3411 -12.814 0.539892 4.85903 80 2 25 10 49520 0 
-57.9544 18.3392 -13.3675 0.539892 4.85903 80 2 25 10 49521 0 
-57.9369 18.335 -13.1353 0.539892 4.85903 80 2 25 10 49522 0 
-57.9194 18.3309 -12.907 0.539892 4.85903 80 2 25 10 49523 0 
-57.9108 18.3289 -13.4588 0.539892 4.85903 80 2 25 10 49524 0 
-57.8933 18.3247 -13.2251 0.539892 4.85903 80 2 25 10 49525 0 
-57.8758 18.3206 -12.9953 0.539892 4.85903 80 2 25 10 49526 0 
-57.8583 18.3166 -12.7693 0.539892 4.85903 80 2 25 10 49527 0 
-57.8497 18.3146 -13.3209 0.539892 4.85903 80 2 25 10 49528 0 
-57.8321 18.3105 -13.0895 0.539892 4.85903 80 2 25 10 49529 0 
-57.8146 18.3064 -12.8619 0.539892 4.85903 80 2 25 10 49530 0 
-57.806 18.3044 -13.4117 0.539892 4.85903 80 2 25 10 49531 0 
-57.7885 18.3003 -13.1788 0.539892 4.85903 80 2 25 10 49532 0 
-57.771 18.2962 -12.9497 0.539892 4.85903 80 2 25 10 49533 0 
-57.7535 18.2921 -12.7244 0.539892 4.85903 80 2 25 10 49534 0 
-57.7449 18.2902 -13.274 0.539892 4.85903 80 2 25 10 49535 0 
-57.7273 18.2861 -13.0433 0.539892 4.85903 80 2 25 10 49536 0 
-57.7098 18.282 -12.8165 0.539892 4.85903 80 2 25 10 49537 0 
-57.6923 18.278 -12.5934 0.539892 4.85903 80 2 25 10 49538 0 
-57.6837 18.2761 -13.1428 0.539892 4.85903 80 2 25 10 49539 0 
-57.6661 18.272 -12.9142 0.539892 4.85903 80 2 25 10 49540 0 
-57.6486 18.268 -12.6895 0.539892 4.85903 80 2 25 10 49541 0 
-57.64 18.266 -13.2371 0.539892 4.85903 80 2 25 10 49542 0 
-57.6225 18.2619 -13.007 0.539892 4.85903 80 2 25 10 49543 0 
-57.6049 18.2579 -12.7807 0.539892 4.85903 80 2 25 10 49544 0 
-57.5874 18.2539 -12.5582 0.539892 4.85903 80 2 25 10 49545 0 
-57.5788 18.252 -13.1055 0.539892 4.85903 80 2 25 10 49546 0 
-57.5613 18.2479 -12.8776 0.539892 4.85903 80 2 25 10 49547 0 
-57.5437 18.2439 -12.6535 0.539892 4.85903 80 2 25 10 49548 0 
-57.5351 18.242 -13.199 0.539892 4.85903 80 2 25 10 49549 0 
-57.5176 18.2378 -12.9695 0.539892 4.85903 80 2 25 10 49550 0 
-57.5001 18.2338 -12.7438 0.539892 4.85903 80 2 25 10 49551 0 
-57.4825 18.2298 -12.5219 0.539892 4.85903 80 2 25 10 49552 0 
-57.4739 18.2279 -13.0672 0.539892 4.85903 80 2 25 10 49553 0 
-57.4564 18.2239 -12.8399 0.539892 4.85903 80 2 25 10 49554 0 
-57.4388 18.2199 -12.6163 0.539892 4.85903 80 2 25 10 49555 0 
-57.4213 18.2159 -12.3965 0.539892 4.85903 80 2 25 10 49556 0 
-57.4127 18.214 -12.9415 0.539892 4.85903 80 2 25 10 49557 0 
-57.3951 18.21 -12.7163 0.539892 4.85903 80 2 25 10 49558 0 
-57.3776 18.206 -12.4948 0.539892 4.85903 80 2 25 10 49559 0 
-57.369 18.2041 -13.038 0.539892 4.85903 80 2 25 10 49560 0 
-57.3514 18.2001 -12.8111 0.539892 4.85903 80 2 25 10 49561 0 
-57.3339 18.1961 -12.588 0.539892 4.85903 80 2 25 10 49562 0 
-57.3163 18.1922 -12.3686 0.539892 4.85903 80 2 25 10 49563 0 
-57.3077 18.1903 -12.9116 0.539892 4.85903 80 2 25 10 49564 0 
-57.2902 18.1863 -12.6868 0.539892 4.85903 80 2 25 10 49565 0 
-57.2726 18.1823 -12.4657 0.539892 4.85903 80 2 25 10 49566 0 
-57.2551 18.1784 -12.2484 0.539892 4.85903 80 2 25 10 49567 0 
-57.2464 18.1765 -12.791 0.539892 4.85903 80 2 25 10 49568 0 
-57.2289 18.1726 -12.5682 0.539892 4.85903 80 2 25 10 49569 0 
-57.2113 18.1686 -12.3491 0.539892 4.85903 80 2 25 10 49570 0 
-57.2027 18.1668 -12.89 0.539892 4.85903 80 2 25 10 49571 0 
-57.1852 18.1627 -12.6655 0.539892 4.85903 80 2 25 10 49572 0 
-57.1676 18.1588 -12.4447 0.539892 4.85903 80 2 25 10 49573 0 
-57.15 18.1549 -12.2277 0.539892 4.85903 80 2 25 10 49574 0 
-57.1414 18.1531 -12.7683 0.539892 4.85903 80 2 25 10 49575 0 
-57.1239 18.1491 -12.5458 0.539892 4.85903 80 2 25 10 49576 0 
-57.1063 18.1452 -12.327 0.539892 4.85903 80 2 25 10 49577 0 
-57.0887 18.1413 -12.1119 0.539892 4.85903 80 2 25 10 49578 0 
-57.0801 18.1395 -12.6521 0.539892 4.85903 80 2 25 10 49579 0 
-57.0626 18.1355 -12.4315 0.539892 4.85903 80 2 25 10 49580 0 
-57.045 18.1317 -12.2146 0.539892 4.85903 80 2 25 10 49581 0 
-57.0364 18.1298 -12.7531 0.539892 4.85903 80 2 25 10 49582 0 
-57.0188 18.1258 -12.5308 0.539892 4.85903 80 2 25 10 49583 0 
-57.0012 18.1219 -12.3122 0.539892 4.85903 80 2 25 10 49584 0 
-56.9837 18.1181 -12.0973 0.539892 4.85903 80 2 25 10 49585 0 
-56.975 18.1162 -12.6354 0.539892 4.85903 80 2 25 10 49586 0 
-56.9575 18.1123 -12.4151 0.539892 4.85903 80 2 25 10 49587 0 
-56.9399 18.1084 -12.1984 0.539892 4.85903 80 2 25 10 49588 0 
-56.9223 18.1046 -11.9854 0.539892 4.85903 80 2 25 10 49589 0 
-56.9137 18.1028 -12.5231 0.539892 4.85903 80 2 25 10 49590 0 
-56.8961 18.0989 -12.3047 0.539892 4.85903 80 2 25 10 49591 0 
-56.8786 18.0951 -12.0898 0.539892 4.85903 80 2 25 10 49592 0 
-56.8699 18.0932 -12.6258 0.539892 4.85903 80 2 25 10 49593 0 
-56.8524 18.0893 -12.4056 0.539892 4.85903 80 2 25 10 49594 0 
-56.8348 18.0854 -12.189 0.539892 4.85903 80 2 25 10 49595 0 
-56.8172 18.0816 -11.9761 0.539892 4.85903 80 2 25 10 49596 0 
-56.8086 18.0798 -12.5117 0.539892 4.85903 80 2 25 10 49597 0 
-56.791 18.0759 -12.2934 0.539892 4.85903 80 2 25 10 49598 0 
-56.7734 18.0721 -12.0787 0.539892 4.85903 80 2 25 10 49599 0 
-56.7558 18.0683 -11.8676 0.539892 4.85903 80 2 25 10 49600 0 
-56.7472 18.0665 -12.4028 0.539892 4.85903 80 2 25 10 49601 0 
-56.7296 18.0626 -12.1862 0.539892 4.85903 80 2 25 10 49602 0 
-56.7121 18.0588 -11.9733 0.539892 4.85903 80 2 25 10 49603 0 
-56.7034 18.057 -12.5068 0.539892 4.85903 80 2 25 10 49604 0 
-56.6859 18.0531 -12.2885 0.539892 4.85903 80 2 25 10 49605 0 
-56.6683 18.0493 -12.0738 0.539892 4.85903 80 2 25 10 49606 0 
-56.6507 18.0455 -11.8627 0.539892 4.85903 80 2 25 10 49607 0 
-56.6421 18.0437 -12.3958 0.539892 4.85903 80 2 25 10 49608 0 
-56.6245 18.0398 -12.1794 0.539892 4.85903 80 2 25 10 49609 0 
-56.6069 18.036 -11.9665 0.539892 4.85903 80 2 25 10 49610 0 
-56.5893 18.0323 -11.7572 0.539892 4.85903 80 2 25 10 49611 0 
-56.5807 18.0305 -12.2899 0.539892 4.85903 80 2 25 10 49612 0 
-56.5631 18.0267 -12.0751 0.539892 4.85903 80 2 25 10 49613 0 
-56.5455 18.0229 -11.864 0.539892 4.85903 80 2 25 10 49614 0 
-56.5368 18.0211 -12.3949 0.539892 4.85903 80 2 25 10 49615 0 
-56.5193 18.0172 -12.1784 0.539892 4.85903 80 2 25 10 49616 0 
-56.5017 18.0134 -11.9655 0.539892 4.85903 80 2 25 10 49617 0 
-56.4841 18.0097 -11.7562 0.539892 4.85903 80 2 25 10 49618 0 
-56.4754 18.0079 -12.2867 0.539892 4.85903 80 2 25 10 49619 0 
-56.4579 18.0041 -12.072 0.539892 4.85903 80 2 25 10 49620 0 
-56.4403 18.0003 -11.8609 0.539892 4.85903 80 2 25 10 49621 0 
-56.4226 17.9966 -11.6532 0.539892 4.85903 80 2 25 10 49622 0 
-56.414 17.9948 -12.1833 0.539892 4.85903 80 2 25 10 49623 0 
-56.3964 17.991 -11.9703 0.539892 4.85903 80 2 25 10 49624 0 
-56.3788 17.9873 -11.7609 0.539892 4.85903 80 2 25 10 49625 0 
-56.3612 17.9836 -11.5549 0.539892 4.85903 80 2 25 10 49626 0 
-56.3526 17.9819 -12.0845 0.539892 4.85903 80 2 25 10 49627 0 
-56.335 17.9781 -11.8731 0.539892 4.85903 80 2 25 10 49628 0 
-56.3174 17.9744 -11.6653 0.539892 4.85903 80 2 25 10 49629 0 
-56.3087 17.9726 -12.1931 0.539892 4.85903 80 2 25 10 49630 0 
-56.2911 17.9688 -11.9799 0.539892 4.85903 80 2 25 10 49631 0 
-56.2735 17.9651 -11.7703 0.539892 4.85903 80 2 25 10 49632 0 
-56.2559 17.9614 -11.5641 0.539892 4.85903 80 2 25 10 49633 0 
-56.2473 17.9596 -12.0915 0.539892 4.85903 80 2 25 10 49634 0 
-56.2297 17.9559 -11.88 0.539892 4.85903 80 2 25 10 49635 0 
-56.2121 17.9522 -11.672 0.539892 4.85903 80 2 25 10 49636 0 
-56.1945 17.9485 -11.4674 0.539892 4.85903 80 2 25 10 49637 0 
-56.1858 17.9468 -11.9944 0.539892 4.85903 80 2 25 10 49638 0 
-56.1682 17.943 -11.7844 0.539892 4.85903 80 2 25 10 49639 0 
-56.1506 17.9394 -11.578 0.539892 4.85903 80 2 25 10 49640 0 
-56.133 17.9357 -11.375 0.539892 4.85903 80 2 25 10 49641 0 
-56.1243 17.934 -11.9015 0.539892 4.85903 80 2 25 10 49642 0 
-56.1067 17.9303 -11.693 0.539892 4.85903 80 2 25 10 49643 0 
-56.0891 17.9267 -11.4881 0.539892 4.85903 80 2 25 10 49644 0 
-56.0805 17.9249 -12.0128 0.539892 4.85903 80 2 25 10 49645 0 
-56.0629 17.9212 -11.8025 0.539892 4.85903 80 2 25 10 49646 0 
-56.0452 17.9175 -11.5957 0.539892 4.85903 80 2 25 10 49647 0 
-56.0276 17.9139 -11.3923 0.539892 4.85903 80 2 25 10 49648 0 
-56.019 17.9121 -11.9166 0.539892 4.85903 80 2 25 10 49649 0 
-56.0014 17.9084 -11.7079 0.539892 4.85903 80 2 25 10 49650 0 
-55.9837 17.9047 -11.5026 0.539892 4.85903 80 2 25 10 49651 0 
-55.9661 17.9012 -11.3008 0.539892 4.85903 80 2 25 10 49652 0 
-55.9575 17.8994 -11.8246 0.539892 4.85903 80 2 25 10 49653 0 
-55.9398 17.8957 -11.6174 0.539892 4.85903 80 2 25 10 49654 0 
-55.9222 17.8921 -11.4136 0.539892 4.85903 80 2 25 10 49655 0 
-55.9046 17.8886 -11.2133 0.539892 4.85903 80 2 25 10 49656 0 
-55.8959 17.8868 -11.7365 0.539892 4.85903 80 2 25 10 49657 0 
-55.8783 17.8832 -11.5307 0.539892 4.85903 80 2 25 10 49658 0 
-55.8607 17.8796 -11.3284 0.539892 4.85903 80 2 25 10 49659 0 
-55.843 17.8761 -11.1294 0.539892 4.85903 80 2 25 10 49660 0 
-55.8344 17.8743 -11.6521 0.539892 4.85903 80 2 25 10 49661 0 
-55.8168 17.8707 -11.4478 0.539892 4.85903 80 2 25 10 49662 0 
-55.7991 17.8671 -11.2468 0.539892 4.85903 80 2 25 10 49663 0 
-55.7905 17.8654 -11.7677 0.539892 4.85903 80 2 25 10 49664 0 
-55.7729 17.8618 -11.5614 0.539892 4.85903 80 2 25 10 49665 0 
-55.7552 17.8581 -11.3585 0.539892 4.85903 80 2 25 10 49666 0 
-55.7376 17.8546 -11.159 0.539892 4.85903 80 2 25 10 49667 0 
-55.729 17.8529 -11.6794 0.539892 4.85903 80 2 25 10 49668 0 
-55.7113 17.8493 -11.4745 0.539892 4.85903 80 2 25 10 49669 0 
-55.6937 17.8457 -11.2731 0.539892 4.85903 80 2 25 10 49670 0 
-55.676 17.8422 -11.075 0.539892 4.85903 80 2 25 10 49671 0 
-55.6674 17.8405 -11.5948 0.539892 4.85903 80 2 25 10 49672 0 
-55.6498 17.8368 -11.3913 0.539892 4.85903 80 2 25 10 49673 0 
-55.6321 17.8333 -11.1912 0.539892 4.85903 80 2 25 10 49674 0 
-55.6145 17.8298 -10.9945 0.539892 4.85903 80 2 25 10 49675 0 
-55.6058 17.8281 -11.5138 0.539892 4.85903 80 2 25 10 49676 0 
-55.5882 17.8245 -11.3116 0.539892 4.85903 80 2 25 10 49677 0 
-55.5705 17.821 -11.1129 0.539892 4.85903 80 2 25 10 49678 0 
-55.5619 17.8193 -11.6304 0.539892 4.85903 80 2 25 10 49679 0 
-55.5443 17.8157 -11.4262 0.539892 4.85903 80 2 25 10 49680 0 
-55.5266 17.8121 -11.2255 0.539892 4.85903 80 2 25 10 49681 0 
-55.509 17.8086 -11.0282 0.539892 4.85903 80 2 25 10 49682 0 
-55.5003 17.8069 -11.5451 0.539892 4.85903 80 2 25 10 49683 0 
-55.4827 17.8033 -11.3424 0.539892 4.85903 80 2 25 10 49684 0 
-55.465 17.7998 -11.1431 0.539892 4.85903 80 2 25 10 49685 0 
-55.4474 17.7963 -10.9471 0.539892 4.85903 80 2 25 10 49686 0 
-55.4387 17.7946 -11.4635 0.539892 4.85903 80 2 25 10 49687 0 
-55.4211 17.791 -11.2621 0.539892 4.85903 80 2 25 10 49688 0 
-55.4034 17.7875 -11.0641 0.539892 4.85903 80 2 25 10 49689 0 
-55.3858 17.7841 -10.8694 0.539892 4.85903 80 2 25 10 49690 0 
-55.3771 17.7824 -11.3852 0.539892 4.85903 80 2 25 10 49691 0 
-55.3595 17.7789 -11.1852 0.539892 4.85903 80 2 25 10 49692 0 
-55.3418 17.7754 -10.9884 0.539892 4.85903 80 2 25 10 49693 0 
-55.3242 17.7719 -10.7949 0.539892 4.85903 80 2 25 10 49694 0 
-55.3155 17.7703 -11.3102 0.539892 4.85903 80 2 25 10 49695 0 
-55.2979 17.7668 -11.1113 0.539892 4.85903 80 2 25 10 49696 0 
-55.2802 17.7633 -10.9158 0.539892 4.85903 80 2 25 10 49697 0 
-55.2625 17.7599 -10.7235 0.539892 4.85903 80 2 25 10 49698 0 
-55.2539 17.7583 -11.2382 0.539892 4.85903 80 2 25 10 49699 0 
-55.2362 17.7547 -11.0405 0.539892 4.85903 80 2 25 10 49700 0 
-55.2186 17.7513 -10.8461 0.539892 4.85903 80 2 25 10 49701 0 
-55.2099 17.7496 -11.3589 0.539892 4.85903 80 2 25 10 49702 0 
-55.1923 17.7461 -11.1592 0.539892 4.85903 80 2 25 10 49703 0 
-55.1746 17.7426 -10.9628 0.539892 4.85903 80 2 25 10 49704 0 
-55.1569 17.7392 -10.7697 0.539892 4.85903 80 2 25 10 49705 0 
-55.1483 17.7375 -11.282 0.539892 4.85903 80 2 25 10 49706 0 
-55.1306 17.734 -11.0835 0.539892 4.85903 80 2 25 10 49707 0 
-55.113 17.7306 -10.8884 0.539892 4.85903 80 2 25 10 49708 0 
-55.0953 17.7272 -10.6965 0.539892 4.85903 80 2 25 10 49709 0 
-55.0866 17.7255 -11.2082 0.539892 4.85903 80 2 25 10 49710 0 
-55.069 17.722 -11.011 0.539892 4.85903 80 2 25 10 49711 0 
-55.0513 17.7186 -10.817 0.539892 4.85903 80 2 25 10 49712 0 
-55.0336 17.7152 -10.6263 0.539892 4.85903 80 2 25 10 49713 0 
-55.025 17.7136 -11.1373 0.539892 4.85903 80 2 25 10 49714 0 
-55.0073 17.7101 -10.9413 0.539892 4.85903 80 2 25 10 49715 0 
-54.9897 17.7067 -10.7484 0.539892 4.85903 80 2 25 10 49716 0 
-54.972 17.7033 -10.5588 0.539892 4.85903 80 2 25 10 49717 0 
-54.9633 17.7017 -11.0693 0.539892 4.85903 80 2 25 10 49718 0 
-54.9456 17.6983 -10.8743 0.539892 4.85903 80 2 25 10 49719 0 
-54.928 17.6949 -10.6826 0.539892 4.85903 80 2 25 10 49720 0 
-54.9103 17.6915 -10.4941 0.539892 4.85903 80 2 25 10 49721 0 
-54.9016 17.6899 -11.0039 0.539892 4.85903 80 2 25 10 49722 0 
-54.884 17.6865 -10.81 0.539892 4.85903 80 2 25 10 49723 0 
-54.8663 17.6831 -10.6193 0.539892 4.85903 80 2 25 10 49724 0 
-54.8576 17.6815 -11.1273 0.539892 4.85903 80 2 25 10 49725 0 
-54.84 17.678 -10.9313 0.539892 4.85903 80 2 25 10 49726 0 
-54.8223 17.6746 -10.7386 0.539892 4.85903 80 2 25 10 49727 0 
-54.8046 17.6713 -10.5491 0.539892 4.85903 80 2 25 10 49728 0 
-54.7959 17.6696 -11.0565 0.539892 4.85903 80 2 25 10 49729 0 
-54.7783 17.6662 -10.8617 0.539892 4.85903 80 2 25 10 49730 0 
-54.7606 17.6628 -10.6701 0.539892 4.85903 80 2 25 10 49731 0 
-54.7429 17.6595 -10.4817 0.539892 4.85903 80 2 25 10 49732 0 
-54.7343 17.6579 -10.9885 0.539892 4.85903 80 2 25 10 49733 0 
-54.7166 17.6544 -10.7948 0.539892 4.85903 80 2 25 10 49734 0 
-54.6989 17.6511 -10.6043 0.539892 4.85903 80 2 25 10 49735 0 
-54.6812 17.6478 -10.417 0.539892 4.85903 80 2 25 10 49736 0 
-54.6726 17.6462 -10.9231 0.539892 4.85903 80 2 25 10 49737 0 
-54.6549 17.6428 -10.7305 0.539892 4.85903 80 2 25 10 49738 0 
-54.6372 17.6394 -10.5411 0.539892 4.85903 80 2 25 10 49739 0 
-54.6195 17.6361 -10.3548 0.539892 4.85903 80 2 25 10 49740 0 
-54.6109 17.6345 -10.8603 0.539892 4.85903 80 2 25 10 49741 0 
-54.5932 17.6311 -10.6687 0.539892 4.85903 80 2 25 10 49742 0 
-54.5755 17.6278 -10.4802 0.539892 4.85903 80 2 25 10 49743 0 
-54.5578 17.6245 -10.295 0.539892 4.85903 80 2 25 10 49744 0 
-54.5491 17.623 -10.7998 0.539892 4.85903 80 2 25 10 49745 0 
-54.5314 17.6196 -10.6092 0.539892 4.85903 80 2 25 10 49746 0 
-54.5138 17.6163 -10.4217 0.539892 4.85903 80 2 25 10 49747 0 
-54.4961 17.613 -10.2374 0.539892 4.85903 80 2 25 10 49748 0 
-54.4874 17.6114 -10.7415 0.539892 4.85903 80 2 25 10 49749 0 
-54.4697 17.6081 -10.5518 0.539892 4.85903 80 2 25 10 49750 0 
-54.452 17.6048 -10.3653 0.539892 4.85903 80 2 25 10 49751 0 
-54.4343 17.6016 -10.1819 0.539892 4.85903 80 2 25 10 49752 0 
-54.4256 17.6 -10.6854 0.539892 4.85903 80 2 25 10 49753 0 
-54.408 17.5967 -10.4966 0.539892 4.85903 80 2 25 10 49754 0 
-54.3903 17.5934 -10.311 0.539892 4.85903 80 2 25 10 49755 0 
-54.3816 17.5918 -10.8126 0.539892 4.85903 80 2 25 10 49756 0 
-54.3639 17.5884 -10.6217 0.539892 4.85903 80 2 25 10 49757 0 
-54.3462 17.5851 -10.434 0.539892 4.85903 80 2 25 10 49758 0 
-54.3285 17.5819 -10.2494 0.539892 4.85903 80 2 25 10 49759 0 
-54.3198 17.5803 -10.7504 0.539892 4.85903 80 2 25 10 49760 0 
-54.3022 17.5769 -10.5605 0.539892 4.85903 80 2 25 10 49761 0 
-54.2845 17.5736 -10.3738 0.539892 4.85903 80 2 25 10 49762 0 
-54.2668 17.5704 -10.1902 0.539892 4.85903 80 2 25 10 49763 0 
-54.2581 17.5688 -10.6905 0.539892 4.85903 80 2 25 10 49764 0 
-54.2404 17.5655 -10.5016 0.539892 4.85903 80 2 25 10 49765 0 
-54.2227 17.5622 -10.3158 0.539892 4.85903 80 2 25 10 49766 0 
-54.205 17.559 -10.1331 0.539892 4.85903 80 2 25 10 49767 0 
-54.1963 17.5574 -10.6328 0.539892 4.85903 80 2 25 10 49768 0 
-54.1786 17.5541 -10.4448 0.539892 4.85903 80 2 25 10 49769 0 
-54.1609 17.5509 -10.26 0.539892 4.85903 80 2 25 10 49770 0 
-54.1432 17.5476 -10.0782 0.539892 4.85903 80 2 25 10 49771 0 
-54.1346 17.5461 -10.5772 0.539892 4.85903 80 2 25 10 49772 0 
-54.1169 17.5428 -10.3901 0.539892 4.85903 80 2 25 10 49773 0 
-54.0992 17.5396 -10.2062 0.539892 4.85903 80 2 25 10 49774 0 
-54.0815 17.5364 -10.0253 0.539892 4.85903 80 2 25 10 49775 0 
-54.0728 17.5348 -10.5235 0.539892 4.85903 80 2 25 10 49776 0 
-54.0551 17.5315 -10.3374 0.539892 4.85903 80 2 25 10 49777 0 
-54.0374 17.5283 -10.1543 0.539892 4.85903 80 2 25 10 49778 0 
-54.0197 17.5251 -9.97422 0.539892 4.85903 80 2 25 10 49779 0 
-54.011 17.5236 -10.4718 0.539892 4.85903 80 2 25 10 49780 0 
-53.9933 17.5203 -10.2864 0.539892 4.85903 80 2 25 10 49781 0 
-53.9756 17.5171 -10.1042 0.539892 4.85903 80 2 25 10 49782 0 
-53.9579 17.514 -9.92493 0.539892 4.85903 80 2 25 10 49783 0 
-53.9492 17.5125 -10.4218 0.539892 4.85903 80 2 25 10 49784 0 
-53.9315 17.5092 -10.2372 0.539892 4.85903 80 2 25 10 49785 0 
-53.9138 17.506 -10.0558 0.539892 4.85903 80 2 25 10 49786 0 
-53.8961 17.5029 -9.87732 0.539892 4.85903 80 2 25 10 49787 0 
-53.8874 17.5014 -10.3734 0.539892 4.85903 80 2 25 10 49788 0 
-53.8697 17.4981 -10.1897 0.539892 4.85903 80 2 25 10 49789 0 
-53.852 17.4949 -10.009 0.539892 4.85903 80 2 25 10 49790 0 
-53.8342 17.4918 -9.8313 0.539892 4.85903 80 2 25 10 49791 0 
-53.8256 17.4903 -10.3267 0.539892 4.85903 80 2 25 10 49792 0 
-53.8079 17.4871 -10.1437 0.539892 4.85903 80 2 25 10 49793 0 
-53.7901 17.4839 -9.96373 0.539892 4.85903 80 2 25 10 49794 0 
-53.7724 17.4808 -9.78677 0.539892 4.85903 80 2 25 10 49795 0 
-53.7637 17.4793 -10.2814 0.539892 4.85903 80 2 25 10 49796 0 
-53.746 17.4761 -10.0991 0.539892 4.85903 80 2 25 10 49797 0 
-53.7283 17.4729 -9.91991 0.539892 4.85903 80 2 25 10 49798 0 
-53.7196 17.4714 -10.4127 0.539892 4.85903 80 2 25 10 49799 0 
-53.7019 17.4682 -10.2282 0.539892 4.85903 80 2 25 10 49800 0 
-53.6842 17.465 -10.0468 0.539892 4.85903 80 2 25 10 49801 0 
-53.6665 17.4618 -9.86846 0.539892 4.85903 80 2 25 10 49802 0 
-53.6578 17.4603 -10.3605 0.539892 4.85903 80 2 25 10 49803 0 
-53.6401 17.4571 -10.1769 0.539892 4.85903 80 2 25 10 49804 0 
-53.6224 17.4539 -9.99636 0.539892 4.85903 80 2 25 10 49805 0 
-53.6047 17.4508 -9.81881 0.539892 4.85903 80 2 25 10 49806 0 
-53.596 17.4493 -10.3102 0.539892 4.85903 80 2 25 10 49807 0 
-53.5783 17.446 -10.1274 0.539892 4.85903 80 2 25 10 49808 0 
-53.5606 17.4429 -9.94763 0.539892 4.85903 80 2 25 10 49809 0 
-53.5428 17.4398 -9.77087 0.539892 4.85903 80 2 25 10 49810 0 
-53.5342 17.4383 -10.2615 0.539892 4.85903 80 2 25 10 49811 0 
-53.5164 17.4351 -10.0795 0.539892 4.85903 80 2 25 10 49812 0 
-53.4987 17.4319 -9.90054 0.539892 4.85903 80 2 25 10 49813 0 
-53.481 17.4288 -9.72454 0.539892 4.85903 80 2 25 10 49814 0 
-53.4723 17.4273 -10.2145 0.539892 4.85903 80 2 25 10 49815 0 
-53.4546 17.4241 -10.0332 0.539892 4.85903 80 2 25 10 49816 0 
-53.4369 17.421 -9.855 0.539892 4.85903 80 2 25 10 49817 0 
-53.4192 17.4179 -9.67973 0.539892 4.85903 80 2 25 10 49818 0 
-53.4105 17.4164 -10.1689 0.539892 4.85903 80 2 25 10 49819 0 
-53.3927 17.4133 -9.98842 0.539892 4.85903 80 2 25 10 49820 0 
-53.375 17.4101 -9.81092 0.539892 4.85903 80 2 25 10 49821 0 
-53.3573 17.4071 -9.63637 0.539892 4.85903 80 2 25 10 49822 0 
-53.3486 17.4056 -10.1248 0.539892 4.85903 80 2 25 10 49823 0 
-53.3309 17.4024 -9.94503 0.539892 4.85903 80 2 25 10 49824 0 
-53.3132 17.3993 -9.76823 0.539892 4.85903 80 2 25 10 49825 0 
-53.2954 17.3963 -9.59437 0.539892 4.85903 80 2 25 10 49826 0 
-53.2867 17.3948 -10.0821 0.539892 4.85903 80 2 25 10 49827 0 
-53.269 17.3917 -9.90297 0.539892 4.85903 80 2 25 10 49828 0 
-53.2513 17.3886 -9.72685 0.539892 4.85903 80 2 25 10 49829 0 
-53.2336 17.3855 -9.55366 0.539892 4.85903 80 2 25 10 49830 0 
-53.2249 17.3841 -10.0406 0.539892 4.85903 80 2 25 10 49831 0 
-53.2071 17.3809 -9.86217 0.539892 4.85903 80 2 25 10 49832 0 
-53.1894 17.3778 -9.68671 0.539892 4.85903 80 2 25 10 49833 0 
-53.1717 17.3748 -9.51417 0.539892 4.85903 80 2 25 10 49834 0 
-53.163 17.3734 -10.0003 0.539892 4.85903 80 2 25 10 49835 0 
-53.1453 17.3702 -9.82255 0.539892 4.85903 80 2 25 10 49836 0 
-53.1275 17.3672 -9.64773 0.539892 4.85903 80 2 25 10 49837 0 
-53.1098 17.3641 -9.47582 0.539892 4.85903 80 2 25 10 49838 0 
-53.1011 17.3627 -9.96122 0.539892 4.85903 80 2 25 10 49839 0 
-53.0834 17.3596 -9.78407 0.539892 4.85903 80 2 25 10 49840 0 
-53.0656 17.3565 -9.60987 0.539892 4.85903 80 2 25 10 49841 0 
-53.0479 17.3535 -9.43857 0.539892 4.85903 80 2 25 10 49842 0 
-53.0392 17.3521 -9.92318 0.539892 4.85903 80 2 25 10 49843 0 
-53.0215 17.349 -9.74665 0.539892 4.85903 80 2 25 10 49844 0 
-53.0037 17.3459 -9.57305 0.539892 4.85903 80 2 25 10 49845 0 
-52.986 17.3429 -9.40235 0.539892 4.85903 80 2 25 10 49846 0 
-52.9773 17.3415 -9.88618 0.539892 4.85903 80 2 25 10 49847 0 
-52.9596 17.3384 -9.71024 0.539892 4.85903 80 2 25 10 49848 0 
-52.9418 17.3354 -9.53723 0.539892 4.85903 80 2 25 10 49849 0 
-52.9241 17.3324 -9.3671 0.539892 4.85903 80 2 25 10 49850 0 
-52.9154 17.331 -9.85014 0.539892 4.85903 80 2 25 10 49851 0 
-52.8977 17.3279 -9.67478 0.539892 4.85903 80 2 25 10 49852 0 
-52.8799 17.3248 -9.50234 0.539892 4.85903 80 2 25 10 49853 0 
-52.8622 17.3219 -9.33277 0.539892 4.85903 80 2 25 10 49854 0 
-52.8535 17.3204 -9.81502 0.539892 4.85903 80 2 25 10 49855 0 
-52.8357 17.3174 -9.64023 0.539892 4.85903 80 2 25 10 49856 0 
-52.818 17.3144 -9.46834 0.539892 4.85903 80 2 25 10 49857 0 
-52.8002 17.3114 -9.29932 0.539892 4.85903 80 2 25 10 49858 0 
-52.7915 17.31 -9.78076 0.539892 4.85903 80 2 25 10 49859 0 
-52.7738 17.3069 -9.60652 0.539892 4.85903 80 2 25 10 49860 0 
-52.7561 17.3039 -9.43518 0.539892 4.85903 80 2 25 10 49861 0 
-52.7383 17.301 -9.26669 0.539892 4.85903 80 2 25 10 49862 0 
-52.7296 17.2996 -9.74733 0.539892 4.85903 80 2 25 10 49863 0 
-52.7119 17.2965 -9.57363 0.539892 4.85903 80 2 25 10 49864 0 
-52.6941 17.2935 -9.40281 0.539892 4.85903 80 2 25 10 49865 0 
-52.6764 17.2906 -9.23484 0.539892 4.85903 80 2 25 10 49866 0 
-52.6677 17.2892 -9.71468 0.539892 4.85903 80 2 25 10 49867 0 
-52.6499 17.2861 -9.5415 0.539892 4.85903 80 2 25 10 49868 0 
-52.6322 17.2831 -9.3712 0.539892 4.85903 80 2 25 10 49869 0 
-52.6144 17.2802 -9.20373 0.539892 4.85903 80 2 25 10 49870 0 
-52.6057 17.2788 -9.68276 0.539892 4.85903 80 2 25 10 49871 0 
-52.588 17.2758 -9.51009 0.539892 4.85903 80 2 25 10 49872 0 
-52.5702 17.2728 -9.34029 0.539892 4.85903 80 2 25 10 49873 0 
-52.5525 17.2699 -9.17332 0.539892 4.85903 80 2 25 10 49874 0 
-52.5438 17.2685 -9.65154 0.539892 4.85903 80 2 25 10 49875 0 
-52.526 17.2655 -9.47937 0.539892 4.85903 80 2 25 10 49876 0 
-52.5083 17.2625 -9.31006 0.539892 4.85903 80 2 25 10 49877 0 
-52.4905 17.2596 -9.14357 0.539892 4.85903 80 2 25 10 49878 0 
-52.4818 17.2582 -9.62097 0.539892 4.85903 80 2 25 10 49879 0 
-52.4641 17.2552 -9.44929 0.539892 4.85903 80 2 25 10 49880 0 
-52.4463 17.2522 -9.28047 0.539892 4.85903 80 2 25 10 49881 0 
-52.4286 17.2493 -9.11445 0.539892 4.85903 80 2 25 10 49882 0 
-52.4199 17.2479 -9.59103 0.539892 4.85903 80 2 25 10 49883 0 
-52.4021 17.2449 -9.41983 0.539892 4.85903 80 2 25 10 49884 0 
-52.3844 17.242 -9.25147 0.539892 4.85903 80 2 25 10 49885 0 
-52.3666 17.2391 -9.08592 0.539892 4.85903 80 2 25 10 49886 0 
-52.3579 17.2377 -9.56168 0.539892 4.85903 80 2 25 10 49887 0 
-52.3402 17.2347 -9.39095 0.539892 4.85903 80 2 25 10 49888 0 
-52.3224 17.2318 -9.22305 0.539892 4.85903 80 2 25 10 49889 0 
-52.3046 17.2289 -9.05795 0.539892 4.85903 80 2 25 10 49890 0 
-52.2959 17.2275 -9.53289 0.539892 4.85903 80 2 25 10 49891 0 
-52.2782 17.2245 -9.36262 0.539892 4.85903 80 2 25 10 49892 0 
-52.2604 17.2216 -9.19518 0.539892 4.85903 80 2 25 10 49893 0 
-52.2427 17.2187 -9.03052 0.539892 4.85903 80 2 25 10 49894 0 
-52.234 17.2173 -9.50463 0.539892 4.85903 80 2 25 10 49895 0 
-52.2162 17.2144 -9.33481 0.539892 4.85903 80 2 25 10 49896 0 
-52.1985 17.2114 -9.16781 0.539892 4.85903 80 2 25 10 49897 0 
-52.1807 17.2086 -9.00359 0.539892 4.85903 80 2 25 10 49898 0 
-52.172 17.2072 -9.47688 0.539892 4.85903 80 2 25 10 49899 0 
-52.1542 17.2042 -9.30749 0.539892 4.85903 80 2 25 10 49900 0 
-52.1365 17.2013 -9.14093 0.539892 4.85903 80 2 25 10 49901 0 
-52.1187 17.1985 -8.97714 0.539892 4.85903 80 2 25 10 49902 0 
-52.11 17.1971 -9.44959 0.539892 4.85903 80 2 25 10 49903 0 
-52.0923 17.1941 -9.28065 0.539892 4.85903 80 2 25 10 49904 0 
-52.0745 17.1912 -9.11451 0.539892 4.85903 80 2 25 10 49905 0 
-52.0567 17.1884 -8.95114 0.539892 4.85903 80 2 25 10 49906 0 
-52.048 17.187 -9.42276 0.539892 4.85903 80 2 25 10 49907 0 
-52.0303 17.1841 -9.25424 0.539892 4.85903 80 2 25 10 49908 0 
-52.0125 17.1812 -9.08853 0.539892 4.85903 80 2 25 10 49909 0 
-51.9947 17.1783 -8.92557 0.539892 4.85903 80 2 25 10 49910 0 
-51.986 17.177 -9.39636 0.539892 4.85903 80 2 25 10 49911 0 
-51.9683 17.174 -9.22826 0.539892 4.85903 80 2 25 10 49912 0 
-51.9505 17.1711 -9.06296 0.539892 4.85903 80 2 25 10 49913 0 
-51.9327 17.1683 -8.9004 0.539892 4.85903 80 2 25 10 49914 0 
-51.924 17.1669 -9.37036 0.539892 4.85903 80 2 25 10 49915 0 
-51.9063 17.164 -9.20268 0.539892 4.85903 80 2 25 10 49916 0 
-51.8885 17.1611 -9.03778 0.539892 4.85903 80 2 25 10 49917 0 
-51.8707 17.1583 -8.87562 0.539892 4.85903 80 2 25 10 49918 0 
-51.862 17.1569 -9.34475 0.539892 4.85903 80 2 25 10 49919 0 
-51.8443 17.154 -9.17747 0.539892 4.85903 80 2 25 10 49920 0 
-51.8265 17.1511 -9.01297 0.539892 4.85903 80 2 25 10 49921 0 
-51.8087 17.1483 -8.85121 0.539892 4.85903 80 2 25 10 49922 0 
-51.8 17.147 -9.3195 0.539892 4.85903 80 2 25 10 49923 0 
-51.7823 17.1441 -9.15262 0.539892 4.85903 80 2 25 10 49924 0 
-51.7645 17.1412 -8.98852 0.539892 4.85903 80 2 25 10 49925 0 
-51.7467 17.1384 -8.82714 0.539892 4.85903 80 2 25 10 49926 0 
-51.738 17.137 -9.2946 0.539892 4.85903 80 2 25 10 49927 0 
-51.7202 17.1341 -9.12811 0.539892 4.85903 80 2 25 10 49928 0 
-51.7025 17.1313 -8.9644 0.539892 4.85903 80 2 25 10 49929 0 
-51.6847 17.1285 -8.80341 0.539892 4.85903 80 2 25 10 49930 0 
-51.676 17.1271 -9.27003 0.539892 4.85903 80 2 25 10 49931 0 
-51.6582 17.1242 -9.10393 0.539892 4.85903 80 2 25 10 49932 0 
-51.6405 17.1214 -8.9406 0.539892 4.85903 80 2 25 10 49933 0 
-51.6227 17.1186 -8.77998 0.539892 4.85903 80 2 25 10 49934 0 
-51.6049 17.1158 -8.62204 0.539892 4.85903 80 2 25 10 49935 0 
-51.5962 17.1145 -9.08877 0.539892 4.85903 80 2 25 10 49936 0 
-51.5784 17.1117 -8.92567 0.539892 4.85903 80 2 25 10 49937 0 
-51.5606 17.1089 -8.76528 0.539892 4.85903 80 2 25 10 49938 0 
-51.5429 17.1061 -8.60756 0.539892 4.85903 80 2 25 10 49939 0 
-51.5341 17.1048 -9.07339 0.539892 4.85903 80 2 25 10 49940 0 
-51.5164 17.102 -8.91053 0.539892 4.85903 80 2 25 10 49941 0 
-51.4986 17.0992 -8.75037 0.539892 4.85903 80 2 25 10 49942 0 
-51.4808 17.0964 -8.59288 0.539892 4.85903 80 2 25 10 49943 0 
-51.4721 17.0951 -9.05782 0.539892 4.85903 80 2 25 10 49944 0 
-51.4543 17.0923 -8.8952 0.539892 4.85903 80 2 25 10 49945 0 
-51.4365 17.0895 -8.73528 0.539892 4.85903 80 2 25 10 49946 0 
-51.4187 17.0868 -8.57802 0.539892 4.85903 80 2 25 10 49947 0 
-51.41 17.0855 -9.04206 0.539892 4.85903 80 2 25 10 49948 0 
-51.3923 17.0826 -8.87968 0.539892 4.85903 80 2 25 10 49949 0 
-51.3745 17.0799 -8.72 0.539892 4.85903 80 2 25 10 49950 0 
-51.3567 17.0771 -8.56298 0.539892 4.85903 80 2 25 10 49951 0 
-51.348 17.0758 -9.02614 0.539892 4.85903 80 2 25 10 49952 0 
-51.3302 17.073 -8.864 0.539892 4.85903 80 2 25 10 49953 0 
-51.3124 17.0702 -8.70456 0.539892 4.85903 80 2 25 10 49954 0 
-51.2946 17.0675 -8.54777 0.539892 4.85903 80 2 25 10 49955 0 
-51.2859 17.0662 -9.01005 0.539892 4.85903 80 2 25 10 49956 0 
-51.2682 17.0634 -8.84816 0.539892 4.85903 80 2 25 10 49957 0 
-51.2504 17.0606 -8.68896 0.539892 4.85903 80 2 25 10 49958 0 
-51.2326 17.0579 -8.53242 0.539892 4.85903 80 2 25 10 49959 0 
-51.2239 17.0566 -8.9938 0.539892 4.85903 80 2 25 10 49960 0 
-51.2061 17.0538 -8.83217 0.539892 4.85903 80 2 25 10 49961 0 
-51.1883 17.051 -8.67322 0.539892 4.85903 80 2 25 10 49962 0 
-51.1705 17.0483 -8.51691 0.539892 4.85903 80 2 25 10 49963 0 
-51.1618 17.047 -8.97742 0.539892 4.85903 80 2 25 10 49964 0 
-51.144 17.0442 -8.81604 0.539892 4.85903 80 2 25 10 49965 0 
-51.1262 17.0414 -8.65734 0.539892 4.85903 80 2 25 10 49966 0 
-51.1084 17.0387 -8.50128 0.539892 4.85903 80 2 25 10 49967 0 
-51.0997 17.0374 -8.96091 0.539892 4.85903 80 2 25 10 49968 0 
-51.082 17.0346 -8.79978 0.539892 4.85903 80 2 25 10 49969 0 
-51.0642 17.0319 -8.64133 0.539892 4.85903 80 2 25 10 49970 0 
-51.0464 17.0291 -8.48552 0.539892 4.85903 80 2 25 10 49971 0 
-51.0377 17.0278 -8.94427 0.539892 4.85903 80 2 25 10 49972 0 
-51.0199 17.025 -8.7834 0.539892 4.85903 80 2 25 10 49973 0 
-51.0021 17.0223 -8.62521 0.539892 4.85903 80 2 25 10 49974 0 
-50.9843 17.0196 -8.46964 0.539892 4.85903 80 2 25 10 49975 0 
-50.9756 17.0183 -8.92752 0.539892 4.85903 80 2 25 10 49976 0 
-50.9578 17.0155 -8.76691 0.539892 4.85903 80 2 25 10 49977 0 
-50.94 17.0128 -8.60897 0.539892 4.85903 80 2 25 10 49978 0 
-50.9222 17.0101 -8.45366 0.539892 4.85903 80 2 25 10 49979 0 
-50.9135 17.0088 -8.91066 0.539892 4.85903 80 2 25 10 49980 0 
-50.8957 17.006 -8.75031 0.539892 4.85903 80 2 25 10 49981 0 
-50.8779 17.0033 -8.59263 0.539892 4.85903 80 2 25 10 49982 0 
-50.8602 17.0006 -8.43757 0.539892 4.85903 80 2 25 10 49983 0 
-50.8514 16.9993 -8.8937 0.539892 4.85903 80 2 25 10 49984 0 
-50.8337 16.9965 -8.73362 0.539892 4.85903 80 2 25 10 49985 0 
-50.8159 16.9938 -8.57619 0.539892 4.85903 80 2 25 10 49986 0 
-50.7981 16.9911 -8.42139 0.539892 4.85903 80 2 25 10 49987 0 
-50.7803 16.9884 -8.26915 0.539892 4.85903 80 2 25 10 49988 0 
-50.7715 16.9872 -8.72532 0.539892 4.85903 80 2 25 10 49989 0 
-50.7538 16.9844 -8.56802 0.539892 4.85903 80 2 25 10 49990 0 
-50.736 16.9818 -8.41333 0.539892 4.85903 80 2 25 10 49991 0 
-50.7182 16.9791 -8.26121 0.539892 4.85903 80 2 25 10 49992 0 
-50.7094 16.9779 -8.71646 0.539892 4.85903 80 2 25 10 49993 0 
-50.6917 16.9751 -8.55928 0.539892 4.85903 80 2 25 10 49994 0 
-50.6739 16.9725 -8.40472 0.539892 4.85903 80 2 25 10 49995 0 
-50.6561 16.9698 -8.25273 0.539892 4.85903 80 2 25 10 49996 0 
-50.6473 16.9686 -8.70706 0.539892 4.85903 80 2 25 10 49997 0 
-50.6295 16.9658 -8.55002 0.539892 4.85903 80 2 25 10 49998 0 
-50.6117 16.9632 -8.39559 0.539892 4.85903 80 2 25 10 49999 0 
