-127.001 22.7072 -0.755017 0.562975 5.06678 80 2 25 10 21641 0 
-126.993 22.7071 -1.45258 0.562975 5.06678 80 2 25 10 21642 0 
-126.984 22.7068 -2.14437 0.562975 5.06678 80 2 25 10 21643 0 
-126.975 22.7065 -2.83044 0.562975 5.06678 80 2 25 10 21644 0 
-126.967 22.7061 -3.51081 0.562975 5.06678 80 2 25 10 21645 0 
-126.958 22.7056 -4.18554 0.562975 5.06678 80 2 25 10 21646 0 
-126.95 22.7049 -4.85464 0.562975 5.06678 80 2 25 10 21647 0 
-126.941 22.7042 -5.51817 0.562975 5.06678 80 2 25 10 21648 0 
-126.932 22.7034 -6.17616 0.562975 5.06678 80 2 25 10 21649 0 
-126.924 22.7024 -6.82864 0.562975 5.06678 80 2 25 10 21650 0 
-126.915 22.7014 -7.47565 0.562975 5.06678 80 2 25 10 21651 0 
-126.907 22.7003 -8.11723 0.562975 5.06678 80 2 25 10 21652 0 
-126.898 22.6991 -8.75341 0.562975 5.06678 80 2 25 10 21653 0 
-126.89 22.6978 -9.38423 0.562975 5.06678 80 2 25 10 21654 0 
-126.881 22.6963 -10.0097 0.562975 5.06678 80 2 25 10 21655 0 
-126.872 22.6948 -10.6299 0.562975 5.06678 80 2 25 10 21656 0 
-126.864 22.6932 -11.2449 0.562975 5.06678 80 2 25 10 21657 0 
-126.855 22.6915 -11.8546 0.562975 5.06678 80 2 25 10 21658 0 
-126.847 22.6898 -12.4592 0.562975 5.06678 80 2 25 10 21659 0 
-126.838 22.6879 -13.0586 0.562975 5.06678 80 2 25 10 21660 0 
-126.83 22.6859 -13.6528 0.562975 5.06678 80 2 25 10 21661 0 
-126.821 22.6839 -14.242 0.562975 5.06678 80 2 25 10 21662 0 
-126.813 22.6817 -14.8262 0.562975 5.06678 80 2 25 10 21663 0 
-126.805 22.6795 -15.4053 0.562975 5.06678 80 2 25 10 21664 0 
-126.796 22.6772 -15.9795 0.562975 5.06678 80 2 25 10 21665 0 
-126.788 22.6748 -16.5487 0.562975 5.06678 80 2 25 10 21666 0 
-126.779 22.6723 -17.113 0.562975 5.06678 80 2 25 10 21667 0 
-126.771 22.6697 -17.6724 0.562975 5.06678 80 2 25 10 21668 0 
-126.763 22.6671 -18.227 0.562975 5.06678 80 2 25 10 21669 0 
-126.754 22.6643 -18.7768 0.562975 5.06678 80 2 25 10 21670 0 
-126.746 22.6615 -19.3218 0.562975 5.06678 80 2 25 10 21671 0 
-126.738 22.6586 -19.862 0.562975 5.06678 80 2 25 10 21672 0 
-126.73 22.6556 -20.3975 0.562975 5.06678 80 2 25 10 21673 0 
-126.721 22.6526 -20.9284 0.562975 5.06678 80 2 25 10 21674 0 
-126.713 22.6495 -21.4546 0.562975 5.06678 80 2 25 10 21675 0 
-126.705 22.6462 -21.9761 0.562975 5.06678 80 2 25 10 21676 0 
-126.697 22.643 -22.4931 0.562975 5.06678 80 2 25 10 21677 0 
-126.689 22.6396 -23.0055 0.562975 5.06678 80 2 25 10 21678 0 
-126.681 22.6362 -23.5134 0.562975 5.06678 80 2 25 10 21679 0 
-126.673 22.6326 -24.0169 0.562975 5.06678 80 2 25 10 21680 0 
-126.665 22.6291 -24.5158 0.562975 5.06678 80 2 25 10 21681 0 
-126.657 22.6254 -25.0103 0.562975 5.06678 80 2 25 10 21682 0 
-126.649 22.6217 -25.5004 0.562975 5.06678 80 2 25 10 21683 0 
-126.641 22.6179 -25.9862 0.562975 5.06678 80 2 25 10 21684 0 
-126.633 22.614 -26.4676 0.562975 5.06678 80 2 25 10 21685 0 
-126.625 22.61 -26.9447 0.562975 5.06678 80 2 25 10 21686 0 
-126.617 22.606 -27.4175 0.562975 5.06678 80 2 25 10 21687 0 
-126.609 22.6019 -27.8861 0.562975 5.06678 80 2 25 10 21688 0 
-126.601 22.5978 -28.3505 0.562975 5.06678 80 2 25 10 21689 0 
-126.593 22.5936 -28.8106 0.562975 5.06678 80 2 25 10 21690 0 
-126.586 22.5893 -29.2667 0.562975 5.06678 80 2 25 10 21691 0 
-126.578 22.585 -29.7185 0.562975 5.06678 80 2 25 10 21692 0 
-126.57 22.5805 -30.1663 0.562975 5.06678 80 2 25 10 21693 0 
-126.562 22.5761 -30.61 0.562975 5.06678 80 2 25 10 21694 0 
-126.555 22.5715 -31.0497 0.562975 5.06678 80 2 25 10 21695 0 
-126.547 22.5669 -31.4854 0.562975 5.06678 80 2 25 10 21696 0 
-126.539 22.5623 -31.917 0.562975 5.06678 80 2 25 10 21697 0 
-126.532 22.5575 -32.3447 0.562975 5.06678 80 2 25 10 21698 0 
-126.524 22.5528 -32.7685 0.562975 5.06678 80 2 25 10 21699 0 
-126.517 22.5479 -33.1884 0.562975 5.06678 80 2 25 10 21700 0 
-126.509 22.543 -33.6044 0.562975 5.06678 80 2 25 10 21701 0 
-126.502 22.5381 -34.0166 0.562975 5.06678 80 2 25 10 21702 0 
-126.494 22.533 -34.4249 0.562975 5.06678 80 2 25 10 21703 0 
-126.487 22.528 -34.8295 0.562975 5.06678 80 2 25 10 21704 0 
-126.48 22.5228 -35.2303 0.562975 5.06678 80 2 25 10 21705 0 
-126.472 22.5176 -35.6273 0.562975 5.06678 80 2 25 10 21706 0 
-126.465 22.5124 -36.0207 0.562975 5.06678 80 2 25 10 21707 0 
-126.458 22.5071 -36.4104 0.562975 5.06678 80 2 25 10 21708 0 
-126.45 22.5017 -36.7964 0.562975 5.06678 80 2 25 10 21709 0 
-126.435 22.4905 -36.1808 0.562975 5.06678 80 2 25 10 21710 0 
-126.428 22.4852 -36.5673 0.562975 5.06678 80 2 25 10 21711 0 
-126.413 22.474 -35.9555 0.562975 5.06678 80 2 25 10 21712 0 
-126.398 22.463 -35.3538 0.562975 5.06678 80 2 25 10 21713 0 
-126.382 22.4521 -34.7622 0.562975 5.06678 80 2 25 10 21714 0 
-126.375 22.447 -35.1572 0.562975 5.06678 80 2 25 10 21715 0 
-126.36 22.4361 -34.5688 0.562975 5.06678 80 2 25 10 21716 0 
-126.344 22.4255 -33.9903 0.562975 5.06678 80 2 25 10 21717 0 
-126.337 22.4205 -34.3893 0.562975 5.06678 80 2 25 10 21718 0 
-126.321 22.4099 -33.8138 0.562975 5.06678 80 2 25 10 21719 0 
-126.306 22.3994 -33.2478 0.562975 5.06678 80 2 25 10 21720 0 
-126.298 22.3945 -33.6507 0.562975 5.06678 80 2 25 10 21721 0 
-126.283 22.3841 -33.0874 0.562975 5.06678 80 2 25 10 21722 0 
-126.267 22.3738 -32.5335 0.562975 5.06678 80 2 25 10 21723 0 
-126.259 22.369 -32.9401 0.562975 5.06678 80 2 25 10 21724 0 
-126.243 22.3588 -32.3886 0.562975 5.06678 80 2 25 10 21725 0 
-126.228 22.3487 -31.8464 0.562975 5.06678 80 2 25 10 21726 0 
-126.22 22.3439 -32.2565 0.562975 5.06678 80 2 25 10 21727 0 
-126.204 22.3339 -31.7164 0.562975 5.06678 80 2 25 10 21728 0 
-126.188 22.3241 -31.1853 0.562975 5.06678 80 2 25 10 21729 0 
-126.18 22.3194 -31.5987 0.562975 5.06678 80 2 25 10 21730 0 
-126.164 22.3096 -31.0695 0.562975 5.06678 80 2 25 10 21731 0 
-126.148 22.2999 -30.5492 0.562975 5.06678 80 2 25 10 21732 0 
-126.141 22.2953 -30.9658 0.562975 5.06678 80 2 25 10 21733 0 
-126.124 22.2856 -30.4471 0.562975 5.06678 80 2 25 10 21734 0 
-126.117 22.2811 -30.8633 0.562975 5.06678 80 2 25 10 21735 0 
-126.101 22.2714 -30.3464 0.562975 5.06678 80 2 25 10 21736 0 
-126.084 22.262 -29.838 0.562975 5.06678 80 2 25 10 21737 0 
-126.077 22.2575 -30.2572 0.562975 5.06678 80 2 25 10 21738 0 
-126.06 22.248 -29.7503 0.562975 5.06678 80 2 25 10 21739 0 
-126.044 22.2387 -29.2519 0.562975 5.06678 80 2 25 10 21740 0 
-126.036 22.2343 -29.6738 0.562975 5.06678 80 2 25 10 21741 0 
-126.02 22.225 -29.1767 0.562975 5.06678 80 2 25 10 21742 0 
-126.012 22.2206 -29.598 0.562975 5.06678 80 2 25 10 21743 0 
-125.996 22.2113 -29.1021 0.562975 5.06678 80 2 25 10 21744 0 
-125.979 22.2022 -28.6145 0.562975 5.06678 80 2 25 10 21745 0 
-125.971 22.1979 -29.0385 0.562975 5.06678 80 2 25 10 21746 0 
-125.955 22.1888 -28.5519 0.562975 5.06678 80 2 25 10 21747 0 
-125.947 22.1845 -28.9752 0.562975 5.06678 80 2 25 10 21748 0 
-125.931 22.1754 -28.4897 0.562975 5.06678 80 2 25 10 21749 0 
-125.914 22.1664 -28.0122 0.562975 5.06678 80 2 25 10 21750 0 
-125.906 22.1622 -28.438 0.562975 5.06678 80 2 25 10 21751 0 
-125.89 22.1532 -27.9614 0.562975 5.06678 80 2 25 10 21752 0 
-125.882 22.149 -28.3865 0.562975 5.06678 80 2 25 10 21753 0 
-125.865 22.1401 -27.9107 0.562975 5.06678 80 2 25 10 21754 0 
-125.849 22.1313 -27.4428 0.562975 5.06678 80 2 25 10 21755 0 
-125.841 22.1271 -27.8702 0.562975 5.06678 80 2 25 10 21756 0 
-125.824 22.1184 -27.403 0.562975 5.06678 80 2 25 10 21757 0 
-125.816 22.1142 -27.8296 0.562975 5.06678 80 2 25 10 21758 0 
-125.799 22.1055 -27.3631 0.562975 5.06678 80 2 25 10 21759 0 
-125.791 22.1013 -27.7889 0.562975 5.06678 80 2 25 10 21760 0 
-125.775 22.0926 -27.323 0.562975 5.06678 80 2 25 10 21761 0 
-125.758 22.0839 -26.8649 0.562975 5.06678 80 2 25 10 21762 0 
-125.75 22.0799 -27.2929 0.562975 5.06678 80 2 25 10 21763 0 
-125.733 22.0713 -26.8353 0.562975 5.06678 80 2 25 10 21764 0 
-125.725 22.0672 -27.2624 0.562975 5.06678 80 2 25 10 21765 0 
-125.709 22.0586 -26.8053 0.562975 5.06678 80 2 25 10 21766 0 
-125.692 22.0501 -26.3558 0.562975 5.06678 80 2 25 10 21767 0 
-125.684 22.0461 -26.785 0.562975 5.06678 80 2 25 10 21768 0 
-125.667 22.0377 -26.3358 0.562975 5.06678 80 2 25 10 21769 0 
-125.659 22.0337 -26.7641 0.562975 5.06678 80 2 25 10 21770 0 
-125.642 22.0252 -26.3152 0.562975 5.06678 80 2 25 10 21771 0 
-125.634 22.0212 -26.7426 0.562975 5.06678 80 2 25 10 21772 0 
-125.617 22.0128 -26.2941 0.562975 5.06678 80 2 25 10 21773 0 
-125.601 22.0045 -25.853 0.562975 5.06678 80 2 25 10 21774 0 
-125.592 22.0005 -26.2823 0.562975 5.06678 80 2 25 10 21775 0 
-125.576 21.9922 -25.8414 0.562975 5.06678 80 2 25 10 21776 0 
-125.567 21.9883 -26.2697 0.562975 5.06678 80 2 25 10 21777 0 
-125.551 21.98 -25.8291 0.562975 5.06678 80 2 25 10 21778 0 
-125.543 21.976 -26.2564 0.562975 5.06678 80 2 25 10 21779 0 
-125.526 21.9677 -25.8159 0.562975 5.06678 80 2 25 10 21780 0 
-125.509 21.9596 -25.3828 0.562975 5.06678 80 2 25 10 21781 0 
-125.501 21.9557 -25.812 0.562975 5.06678 80 2 25 10 21782 0 
-125.484 21.9475 -25.3789 0.562975 5.06678 80 2 25 10 21783 0 
-125.476 21.9437 -25.807 0.562975 5.06678 80 2 25 10 21784 0 
-125.459 21.9355 -25.374 0.562975 5.06678 80 2 25 10 21785 0 
-125.451 21.9316 -25.8011 0.562975 5.06678 80 2 25 10 21786 0 
-125.434 21.9234 -25.3682 0.562975 5.06678 80 2 25 10 21787 0 
-125.417 21.9154 -24.9425 0.562975 5.06678 80 2 25 10 21788 0 
-125.409 21.9116 -25.3714 0.562975 5.06678 80 2 25 10 21789 0 
-125.392 21.9036 -24.9456 0.562975 5.06678 80 2 25 10 21790 0 
-125.383 21.8998 -25.3733 0.562975 5.06678 80 2 25 10 21791 0 
-125.366 21.8917 -24.9475 0.562975 5.06678 80 2 25 10 21792 0 
-125.349 21.8838 -24.5288 0.562975 5.06678 80 2 25 10 21793 0 
-125.341 21.8801 -24.9582 0.562975 5.06678 80 2 25 10 21794 0 
-125.324 21.8721 -24.5393 0.562975 5.06678 80 2 25 10 21795 0 
-125.316 21.8684 -24.9676 0.562975 5.06678 80 2 25 10 21796 0 
-125.299 21.8605 -24.5485 0.562975 5.06678 80 2 25 10 21797 0 
-125.291 21.8567 -24.9756 0.562975 5.06678 80 2 25 10 21798 0 
-125.274 21.8488 -24.5564 0.562975 5.06678 80 2 25 10 21799 0 
-125.266 21.845 -24.9825 0.562975 5.06678 80 2 25 10 21800 0 
-125.249 21.8371 -24.5631 0.562975 5.06678 80 2 25 10 21801 0 
-125.231 21.8293 -24.1508 0.562975 5.06678 80 2 25 10 21802 0 
-125.223 21.8256 -24.5784 0.562975 5.06678 80 2 25 10 21803 0 
-125.206 21.8178 -24.1657 0.562975 5.06678 80 2 25 10 21804 0 
-125.198 21.8141 -24.5922 0.562975 5.06678 80 2 25 10 21805 0 
-125.181 21.8063 -24.1793 0.562975 5.06678 80 2 25 10 21806 0 
-125.173 21.8026 -24.6046 0.562975 5.06678 80 2 25 10 21807 0 
-125.156 21.7948 -24.1915 0.562975 5.06678 80 2 25 10 21808 0 
-125.138 21.7871 -23.7853 0.562975 5.06678 80 2 25 10 21809 0 
-125.13 21.7835 -24.2121 0.562975 5.06678 80 2 25 10 21810 0 
-125.113 21.7758 -23.8056 0.562975 5.06678 80 2 25 10 21811 0 
-125.105 21.7721 -24.2312 0.562975 5.06678 80 2 25 10 21812 0 
-125.088 21.7644 -23.8243 0.562975 5.06678 80 2 25 10 21813 0 
-125.079 21.7608 -24.2487 0.562975 5.06678 80 2 25 10 21814 0 
-125.062 21.7531 -23.8415 0.562975 5.06678 80 2 25 10 21815 0 
-125.045 21.7455 -23.4411 0.562975 5.06678 80 2 25 10 21816 0 
-125.037 21.7419 -23.8669 0.562975 5.06678 80 2 25 10 21817 0 
-125.02 21.7343 -23.4661 0.562975 5.06678 80 2 25 10 21818 0 
-125.011 21.7307 -23.8907 0.562975 5.06678 80 2 25 10 21819 0 
-124.994 21.7231 -23.4895 0.562975 5.06678 80 2 25 10 21820 0 
-124.986 21.7195 -23.9129 0.562975 5.06678 80 2 25 10 21821 0 
-124.969 21.7119 -23.5113 0.562975 5.06678 80 2 25 10 21822 0 
-124.952 21.7044 -23.1163 0.562975 5.06678 80 2 25 10 21823 0 
-124.943 21.7009 -23.5411 0.562975 5.06678 80 2 25 10 21824 0 
-124.926 21.6934 -23.1457 0.562975 5.06678 80 2 25 10 21825 0 
-124.918 21.6898 -23.5692 0.562975 5.06678 80 2 25 10 21826 0 
-124.901 21.6823 -23.1733 0.562975 5.06678 80 2 25 10 21827 0 
-124.892 21.6788 -23.5956 0.562975 5.06678 80 2 25 10 21828 0 
-124.875 21.6713 -23.1992 0.562975 5.06678 80 2 25 10 21829 0 
-124.867 21.6677 -23.6203 0.562975 5.06678 80 2 25 10 21830 0 
-124.85 21.6602 -23.2235 0.562975 5.06678 80 2 25 10 21831 0 
-124.832 21.6528 -22.8333 0.562975 5.06678 80 2 25 10 21832 0 
-124.824 21.6493 -23.2557 0.562975 5.06678 80 2 25 10 21833 0 
-124.807 21.6419 -22.865 0.562975 5.06678 80 2 25 10 21834 0 
-124.799 21.6384 -23.2862 0.562975 5.06678 80 2 25 10 21835 0 
-124.781 21.631 -22.8949 0.562975 5.06678 80 2 25 10 21836 0 
-124.773 21.6274 -23.3148 0.562975 5.06678 80 2 25 10 21837 0 
-124.756 21.62 -22.9231 0.562975 5.06678 80 2 25 10 21838 0 
-124.738 21.6127 -22.5378 0.562975 5.06678 80 2 25 10 21839 0 
-124.73 21.6093 -22.959 0.562975 5.06678 80 2 25 10 21840 0 
-124.713 21.6019 -22.5732 0.562975 5.06678 80 2 25 10 21841 0 
-124.705 21.5985 -22.9931 0.562975 5.06678 80 2 25 10 21842 0 
-124.687 21.5911 -22.6067 0.562975 5.06678 80 2 25 10 21843 0 
-124.679 21.5877 -23.0253 0.562975 5.06678 80 2 25 10 21844 0 
-124.662 21.5803 -22.6383 0.562975 5.06678 80 2 25 10 21845 0 
-124.644 21.5731 -22.2578 0.562975 5.06678 80 2 25 10 21846 0 
-124.636 21.5697 -22.6777 0.562975 5.06678 80 2 25 10 21847 0 
-124.619 21.5625 -22.2965 0.562975 5.06678 80 2 25 10 21848 0 
-124.61 21.559 -22.715 0.562975 5.06678 80 2 25 10 21849 0 
-124.593 21.5518 -22.3332 0.562975 5.06678 80 2 25 10 21850 0 
-124.585 21.5484 -22.7505 0.562975 5.06678 80 2 25 10 21851 0 
-124.567 21.5411 -22.3681 0.562975 5.06678 80 2 25 10 21852 0 
-124.55 21.534 -21.992 0.562975 5.06678 80 2 25 10 21853 0 
-124.542 21.5306 -22.4104 0.562975 5.06678 80 2 25 10 21854 0 
-124.524 21.5234 -22.0336 0.562975 5.06678 80 2 25 10 21855 0 
-124.516 21.52 -22.4508 0.562975 5.06678 80 2 25 10 21856 0 
-124.499 21.5129 -22.0733 0.562975 5.06678 80 2 25 10 21857 0 
-124.49 21.5095 -22.4892 0.562975 5.06678 80 2 25 10 21858 0 
-124.473 21.5023 -22.111 0.562975 5.06678 80 2 25 10 21859 0 
-124.455 21.4952 -21.7392 0.562975 5.06678 80 2 25 10 21860 0 
-124.447 21.4919 -22.1562 0.562975 5.06678 80 2 25 10 21861 0 
-124.43 21.4848 -21.7836 0.562975 5.06678 80 2 25 10 21862 0 
-124.421 21.4815 -22.1992 0.562975 5.06678 80 2 25 10 21863 0 
-124.404 21.4744 -21.8259 0.562975 5.06678 80 2 25 10 21864 0 
-124.396 21.471 -22.2402 0.562975 5.06678 80 2 25 10 21865 0 
-124.378 21.4639 -21.8662 0.562975 5.06678 80 2 25 10 21866 0 
-124.361 21.4569 -21.4984 0.562975 5.06678 80 2 25 10 21867 0 
-124.352 21.4536 -21.9138 0.562975 5.06678 80 2 25 10 21868 0 
-124.335 21.4466 -21.5452 0.562975 5.06678 80 2 25 10 21869 0 
-124.327 21.4433 -21.9593 0.562975 5.06678 80 2 25 10 21870 0 
-124.309 21.4363 -21.5899 0.562975 5.06678 80 2 25 10 21871 0 
-124.301 21.433 -22.0026 0.562975 5.06678 80 2 25 10 21872 0 
-124.283 21.4259 -21.6326 0.562975 5.06678 80 2 25 10 21873 0 
-124.275 21.4226 -22.044 0.562975 5.06678 80 2 25 10 21874 0 
-124.258 21.4156 -21.6732 0.562975 5.06678 80 2 25 10 21875 0 
-124.24 21.4086 -21.3086 0.562975 5.06678 80 2 25 10 21876 0 
-124.232 21.4054 -21.7211 0.562975 5.06678 80 2 25 10 21877 0 
-124.214 21.3984 -21.3557 0.562975 5.06678 80 2 25 10 21878 0 
-124.206 21.3951 -21.7668 0.562975 5.06678 80 2 25 10 21879 0 
-124.188 21.3882 -21.4006 0.562975 5.06678 80 2 25 10 21880 0 
-124.18 21.3849 -21.8104 0.562975 5.06678 80 2 25 10 21881 0 
-124.163 21.3779 -21.4435 0.562975 5.06678 80 2 25 10 21882 0 
-124.145 21.371 -21.0827 0.562975 5.06678 80 2 25 10 21883 0 
-124.137 21.3678 -21.4935 0.562975 5.06678 80 2 25 10 21884 0 
-124.119 21.3609 -21.1319 0.562975 5.06678 80 2 25 10 21885 0 
-124.111 21.3577 -21.5414 0.562975 5.06678 80 2 25 10 21886 0 
-124.093 21.3508 -21.1789 0.562975 5.06678 80 2 25 10 21887 0 
-124.085 21.3475 -21.5871 0.562975 5.06678 80 2 25 10 21888 0 
-124.068 21.3406 -21.2238 0.562975 5.06678 80 2 25 10 21889 0 
-124.05 21.3338 -20.8666 0.562975 5.06678 80 2 25 10 21890 0 
-124.042 21.3306 -21.2758 0.562975 5.06678 80 2 25 10 21891 0 
-124.024 21.3238 -20.9177 0.562975 5.06678 80 2 25 10 21892 0 
-124.016 21.3206 -21.3255 0.562975 5.06678 80 2 25 10 21893 0 
-123.998 21.3137 -20.9666 0.562975 5.06678 80 2 25 10 21894 0 
-123.981 21.307 -20.6136 0.562975 5.06678 80 2 25 10 21895 0 
-123.972 21.3039 -21.0223 0.562975 5.06678 80 2 25 10 21896 0 
-123.955 21.2971 -20.6684 0.562975 5.06678 80 2 25 10 21897 0 
-123.946 21.2939 -21.0758 0.562975 5.06678 80 2 25 10 21898 0 
-123.929 21.2872 -20.721 0.562975 5.06678 80 2 25 10 21899 0 
-123.92 21.284 -21.127 0.562975 5.06678 80 2 25 10 21900 0 
-123.903 21.2772 -20.7713 0.562975 5.06678 80 2 25 10 21901 0 
-123.885 21.2706 -20.4216 0.562975 5.06678 80 2 25 10 21902 0 
-123.877 21.2674 -20.8284 0.562975 5.06678 80 2 25 10 21903 0 
-123.859 21.2608 -20.4778 0.562975 5.06678 80 2 25 10 21904 0 
-123.851 21.2576 -20.8832 0.562975 5.06678 80 2 25 10 21905 0 
-123.833 21.2509 -20.5316 0.562975 5.06678 80 2 25 10 21906 0 
-123.825 21.2477 -20.9357 0.562975 5.06678 80 2 25 10 21907 0 
-123.807 21.241 -20.5833 0.562975 5.06678 80 2 25 10 21908 0 
-123.79 21.2344 -20.2367 0.562975 5.06678 80 2 25 10 21909 0 
-123.781 21.2313 -20.6416 0.562975 5.06678 80 2 25 10 21910 0 
-123.764 21.2247 -20.294 0.562975 5.06678 80 2 25 10 21911 0 
-123.755 21.2216 -20.6976 0.562975 5.06678 80 2 25 10 21912 0 
-123.738 21.2149 -20.349 0.562975 5.06678 80 2 25 10 21913 0 
-123.729 21.2118 -20.7513 0.562975 5.06678 80 2 25 10 21914 0 
-123.712 21.2052 -20.4018 0.562975 5.06678 80 2 25 10 21915 0 
-123.694 21.1986 -20.0582 0.562975 5.06678 80 2 25 10 21916 0 
-123.686 21.1955 -20.4612 0.562975 5.06678 80 2 25 10 21917 0 
-123.668 21.189 -20.1166 0.562975 5.06678 80 2 25 10 21918 0 
-123.66 21.1859 -20.5183 0.562975 5.06678 80 2 25 10 21919 0 
-123.642 21.1793 -20.1727 0.562975 5.06678 80 2 25 10 21920 0 
-123.634 21.1762 -20.573 0.562975 5.06678 80 2 25 10 21921 0 
-123.616 21.1696 -20.2265 0.562975 5.06678 80 2 25 10 21922 0 
-123.598 21.1631 -19.8858 0.562975 5.06678 80 2 25 10 21923 0 
-123.59 21.16 -20.2868 0.562975 5.06678 80 2 25 10 21924 0 
-123.572 21.1535 -19.9451 0.562975 5.06678 80 2 25 10 21925 0 
-123.564 21.1504 -20.3448 0.562975 5.06678 80 2 25 10 21926 0 
-123.546 21.1439 -20.0021 0.562975 5.06678 80 2 25 10 21927 0 
-123.538 21.1408 -20.4004 0.562975 5.06678 80 2 25 10 21928 0 
-123.52 21.1343 -20.0568 0.562975 5.06678 80 2 25 10 21929 0 
-123.503 21.1278 -19.7188 0.562975 5.06678 80 2 25 10 21930 0 
-123.494 21.1248 -20.118 0.562975 5.06678 80 2 25 10 21931 0 
-123.476 21.1183 -19.779 0.562975 5.06678 80 2 25 10 21932 0 
-123.468 21.1153 -20.1767 0.562975 5.06678 80 2 25 10 21933 0 
-123.45 21.1088 -19.8368 0.562975 5.06678 80 2 25 10 21934 0 
-123.442 21.1057 -20.2332 0.562975 5.06678 80 2 25 10 21935 0 
-123.424 21.0993 -19.8922 0.562975 5.06678 80 2 25 10 21936 0 
-123.407 21.0929 -19.557 0.562975 5.06678 80 2 25 10 21937 0 
-123.398 21.0899 -19.9541 0.562975 5.06678 80 2 25 10 21938 0 
-123.38 21.0834 -19.6179 0.562975 5.06678 80 2 25 10 21939 0 
-123.372 21.0804 -20.0136 0.562975 5.06678 80 2 25 10 21940 0 
-123.354 21.074 -19.6763 0.562975 5.06678 80 2 25 10 21941 0 
-123.337 21.0677 -19.3447 0.562975 5.06678 80 2 25 10 21942 0 
-123.328 21.0647 -19.7411 0.562975 5.06678 80 2 25 10 21943 0 
-123.31 21.0583 -19.4084 0.562975 5.06678 80 2 25 10 21944 0 
-123.302 21.0553 -19.8034 0.562975 5.06678 80 2 25 10 21945 0 
-123.284 21.049 -19.4696 0.562975 5.06678 80 2 25 10 21946 0 
-123.276 21.046 -19.8633 0.562975 5.06678 80 2 25 10 21947 0 
-123.258 21.0396 -19.5285 0.562975 5.06678 80 2 25 10 21948 0 
-123.24 21.0333 -19.1993 0.562975 5.06678 80 2 25 10 21949 0 
-123.232 21.0304 -19.5936 0.562975 5.06678 80 2 25 10 21950 0 
-123.214 21.0241 -19.2633 0.562975 5.06678 80 2 25 10 21951 0 
-123.206 21.0211 -19.6563 0.562975 5.06678 80 2 25 10 21952 0 
-123.188 21.0148 -19.3249 0.562975 5.06678 80 2 25 10 21953 0 
-123.179 21.0118 -19.7165 0.562975 5.06678 80 2 25 10 21954 0 
-123.162 21.0055 -19.3841 0.562975 5.06678 80 2 25 10 21955 0 
-123.144 20.9992 -19.0572 0.562975 5.06678 80 2 25 10 21956 0 
-123.136 20.9963 -19.4495 0.562975 5.06678 80 2 25 10 21957 0 
-123.118 20.99 -19.1215 0.562975 5.06678 80 2 25 10 21958 0 
-123.109 20.9871 -19.5124 0.562975 5.06678 80 2 25 10 21959 0 
-123.092 20.9808 -19.1834 0.562975 5.06678 80 2 25 10 21960 0 
-123.074 20.9747 -18.8599 0.562975 5.06678 80 2 25 10 21961 0 
-123.065 20.9717 -19.2513 0.562975 5.06678 80 2 25 10 21962 0 
-123.048 20.9655 -18.9267 0.562975 5.06678 80 2 25 10 21963 0 
-123.039 20.9626 -19.3168 0.562975 5.06678 80 2 25 10 21964 0 
-123.021 20.9564 -18.991 0.562975 5.06678 80 2 25 10 21965 0 
-123.013 20.9535 -19.3797 0.562975 5.06678 80 2 25 10 21966 0 
-122.995 20.9472 -19.0529 0.562975 5.06678 80 2 25 10 21967 0 
-122.977 20.9411 -18.7315 0.562975 5.06678 80 2 25 10 21968 0 
-122.969 20.9382 -19.1208 0.562975 5.06678 80 2 25 10 21969 0 
-122.951 20.9321 -18.7982 0.562975 5.06678 80 2 25 10 21970 0 
-122.943 20.9292 -19.1862 0.562975 5.06678 80 2 25 10 21971 0 
-122.925 20.923 -18.8625 0.562975 5.06678 80 2 25 10 21972 0 
-122.916 20.9201 -19.2491 0.562975 5.06678 80 2 25 10 21973 0 
-122.899 20.9139 -18.9244 0.562975 5.06678 80 2 25 10 21974 0 
-122.881 20.9078 -18.6051 0.562975 5.06678 80 2 25 10 21975 0 
-122.872 20.9049 -18.9923 0.562975 5.06678 80 2 25 10 21976 0 
-122.855 20.8988 -18.6718 0.562975 5.06678 80 2 25 10 21977 0 
-122.846 20.8959 -19.0576 0.562975 5.06678 80 2 25 10 21978 0 
-122.828 20.8898 -18.7361 0.562975 5.06678 80 2 25 10 21979 0 
-122.811 20.8838 -18.4199 0.562975 5.06678 80 2 25 10 21980 0 
-122.802 20.8809 -18.8062 0.562975 5.06678 80 2 25 10 21981 0 
-122.784 20.8749 -18.4888 0.562975 5.06678 80 2 25 10 21982 0 
-122.776 20.872 -18.8738 0.562975 5.06678 80 2 25 10 21983 0 
-122.758 20.8659 -18.5553 0.562975 5.06678 80 2 25 10 21984 0 
-122.749 20.8631 -18.9388 0.562975 5.06678 80 2 25 10 21985 0 
-122.732 20.857 -18.6192 0.562975 5.06678 80 2 25 10 21986 0 
-122.714 20.851 -18.305 0.562975 5.06678 80 2 25 10 21987 0 
-122.705 20.8482 -18.689 0.562975 5.06678 80 2 25 10 21988 0 
-122.687 20.8421 -18.3736 0.562975 5.06678 80 2 25 10 21989 0 
-122.679 20.8393 -18.7563 0.562975 5.06678 80 2 25 10 21990 0 
-122.661 20.8333 -18.4397 0.562975 5.06678 80 2 25 10 21991 0 
-122.643 20.8273 -18.1284 0.562975 5.06678 80 2 25 10 21992 0 
-122.635 20.8245 -18.5116 0.562975 5.06678 80 2 25 10 21993 0 
-122.617 20.8186 -18.1991 0.562975 5.06678 80 2 25 10 21994 0 
-122.608 20.8157 -18.5809 0.562975 5.06678 80 2 25 10 21995 0 
-122.591 20.8098 -18.2673 0.562975 5.06678 80 2 25 10 21996 0 
-122.582 20.8069 -18.6477 0.562975 5.06678 80 2 25 10 21997 0 
-122.564 20.8009 -18.3329 0.562975 5.06678 80 2 25 10 21998 0 
-122.546 20.795 -18.0233 0.562975 5.06678 80 2 25 10 21999 0 
-122.538 20.7922 -18.4043 0.562975 5.06678 80 2 25 10 22000 0 
-122.52 20.7863 -18.0935 0.562975 5.06678 80 2 25 10 22001 0 
-122.511 20.7835 -18.473 0.562975 5.06678 80 2 25 10 22002 0 
-122.494 20.7776 -18.1611 0.562975 5.06678 80 2 25 10 22003 0 
-122.476 20.7717 -17.8544 0.562975 5.06678 80 2 25 10 22004 0 
-122.467 20.7689 -18.2344 0.562975 5.06678 80 2 25 10 22005 0 
-122.449 20.7631 -17.9265 0.562975 5.06678 80 2 25 10 22006 0 
-122.441 20.7603 -18.3051 0.562975 5.06678 80 2 25 10 22007 0 
-122.423 20.7544 -17.996 0.562975 5.06678 80 2 25 10 22008 0 
-122.414 20.7516 -18.3732 0.562975 5.06678 80 2 25 10 22009 0 
-122.397 20.7457 -18.0629 0.562975 5.06678 80 2 25 10 22010 0 
-122.379 20.7399 -17.7578 0.562975 5.06678 80 2 25 10 22011 0 
-122.37 20.7371 -18.1355 0.562975 5.06678 80 2 25 10 22012 0 
-122.352 20.7313 -17.8291 0.562975 5.06678 80 2 25 10 22013 0 
-122.344 20.7285 -18.2054 0.562975 5.06678 80 2 25 10 22014 0 
-122.326 20.7227 -17.8979 0.562975 5.06678 80 2 25 10 22015 0 
-122.308 20.7169 -17.5955 0.562975 5.06678 80 2 25 10 22016 0 
-122.299 20.7142 -17.9723 0.562975 5.06678 80 2 25 10 22017 0 
-122.282 20.7084 -17.6686 0.562975 5.06678 80 2 25 10 22018 0 
-122.273 20.7056 -18.0439 0.562975 5.06678 80 2 25 10 22019 0 
-122.255 20.6998 -17.7391 0.562975 5.06678 80 2 25 10 22020 0 
-122.237 20.6941 -17.4394 0.562975 5.06678 80 2 25 10 22021 0 
-122.229 20.6914 -17.8151 0.562975 5.06678 80 2 25 10 22022 0 
-122.211 20.6857 -17.5141 0.562975 5.06678 80 2 25 10 22023 0 
-122.193 20.68 -17.218 0.562975 5.06678 80 2 25 10 22024 0 
-122.184 20.6773 -17.5941 0.562975 5.06678 80 2 25 10 22025 0 
-122.166 20.6717 -17.2968 0.562975 5.06678 80 2 25 10 22026 0 
-122.149 20.6661 -17.0044 0.562975 5.06678 80 2 25 10 22027 0 
-122.14 20.6634 -17.3807 0.562975 5.06678 80 2 25 10 22028 0 
-122.122 20.6578 -17.0869 0.562975 5.06678 80 2 25 10 22029 0 
-122.104 20.6523 -16.798 0.562975 5.06678 80 2 25 10 22030 0 
-122.095 20.6497 -17.1746 0.562975 5.06678 80 2 25 10 22031 0 
-122.078 20.6442 -16.8842 0.562975 5.06678 80 2 25 10 22032 0 
-122.069 20.6416 -17.2594 0.562975 5.06678 80 2 25 10 22033 0 
-122.051 20.636 -16.9676 0.562975 5.06678 80 2 25 10 22034 0 
-122.033 20.6305 -16.6806 0.562975 5.06678 80 2 25 10 22035 0 
-122.024 20.6279 -17.056 0.562975 5.06678 80 2 25 10 22036 0 
-122.006 20.6224 -16.7675 0.562975 5.06678 80 2 25 10 22037 0 
-121.988 20.617 -16.4839 0.562975 5.06678 80 2 25 10 22038 0 
-121.98 20.6145 -16.8595 0.562975 5.06678 80 2 25 10 22039 0 
-121.962 20.609 -16.5743 0.562975 5.06678 80 2 25 10 22040 0 
-121.944 20.6037 -16.2938 0.562975 5.06678 80 2 25 10 22041 0 
-121.935 20.6011 -16.6695 0.562975 5.06678 80 2 25 10 22042 0 
-121.917 20.5958 -16.3875 0.562975 5.06678 80 2 25 10 22043 0 
-121.899 20.5905 -16.1102 0.562975 5.06678 80 2 25 10 22044 0 
-121.891 20.588 -16.486 0.562975 5.06678 80 2 25 10 22045 0 
-121.873 20.5826 -16.207 0.562975 5.06678 80 2 25 10 22046 0 
-121.855 20.5774 -15.9327 0.562975 5.06678 80 2 25 10 22047 0 
-121.846 20.5749 -16.3085 0.562975 5.06678 80 2 25 10 22048 0 
-121.828 20.5697 -16.0325 0.562975 5.06678 80 2 25 10 22049 0 
-121.81 20.5645 -15.761 0.562975 5.06678 80 2 25 10 22050 0 
-121.801 20.562 -16.1369 0.562975 5.06678 80 2 25 10 22051 0 
-121.783 20.5568 -15.8637 0.562975 5.06678 80 2 25 10 22052 0 
-121.765 20.5517 -15.595 0.562975 5.06678 80 2 25 10 22053 0 
-121.757 20.5493 -15.9709 0.562975 5.06678 80 2 25 10 22054 0 
-121.738 20.5441 -15.7004 0.562975 5.06678 80 2 25 10 22055 0 
-121.72 20.539 -15.4345 0.562975 5.06678 80 2 25 10 22056 0 
-121.712 20.5366 -15.8103 0.562975 5.06678 80 2 25 10 22057 0 
-121.694 20.5315 -15.5425 0.562975 5.06678 80 2 25 10 22058 0 
-121.676 20.5265 -15.2792 0.562975 5.06678 80 2 25 10 22059 0 
-121.667 20.5241 -15.6548 0.562975 5.06678 80 2 25 10 22060 0 
-121.649 20.5191 -15.3896 0.562975 5.06678 80 2 25 10 22061 0 
-121.631 20.5141 -15.1289 0.562975 5.06678 80 2 25 10 22062 0 
-121.622 20.5117 -15.5044 0.562975 5.06678 80 2 25 10 22063 0 
-121.604 20.5067 -15.2417 0.562975 5.06678 80 2 25 10 22064 0 
-121.586 20.5018 -14.9834 0.562975 5.06678 80 2 25 10 22065 0 
-121.577 20.4995 -15.3587 0.562975 5.06678 80 2 25 10 22066 0 
-121.559 20.4945 -15.0984 0.562975 5.06678 80 2 25 10 22067 0 
-121.541 20.4896 -14.8425 0.562975 5.06678 80 2 25 10 22068 0 
-121.532 20.4873 -15.2176 0.562975 5.06678 80 2 25 10 22069 0 
-121.514 20.4824 -14.9597 0.562975 5.06678 80 2 25 10 22070 0 
-121.496 20.4775 -14.706 0.562975 5.06678 80 2 25 10 22071 0 
-121.478 20.4728 -14.4566 0.562975 5.06678 80 2 25 10 22072 0 
-121.469 20.4705 -14.8329 0.562975 5.06678 80 2 25 10 22073 0 
-121.451 20.4657 -14.5814 0.562975 5.06678 80 2 25 10 22074 0 
-121.433 20.461 -14.334 0.562975 5.06678 80 2 25 10 22075 0 
-121.424 20.4588 -14.71 0.562975 5.06678 80 2 25 10 22076 0 
-121.406 20.454 -14.4605 0.562975 5.06678 80 2 25 10 22077 0 
-121.388 20.4493 -14.2151 0.562975 5.06678 80 2 25 10 22078 0 
-121.379 20.4471 -14.5908 0.562975 5.06678 80 2 25 10 22079 0 
-121.361 20.4424 -14.3432 0.562975 5.06678 80 2 25 10 22080 0 
-121.343 20.4378 -14.0998 0.562975 5.06678 80 2 25 10 22081 0 
-121.334 20.4356 -14.4751 0.562975 5.06678 80 2 25 10 22082 0 
-121.316 20.4309 -14.2294 0.562975 5.06678 80 2 25 10 22083 0 
-121.298 20.4263 -13.9879 0.562975 5.06678 80 2 25 10 22084 0 
-121.28 20.4217 -13.7504 0.562975 5.06678 80 2 25 10 22085 0 
-121.271 20.4196 -14.1266 0.562975 5.06678 80 2 25 10 22086 0 
-121.253 20.415 -13.8867 0.562975 5.06678 80 2 25 10 22087 0 
-121.235 20.4105 -13.6509 0.562975 5.06678 80 2 25 10 22088 0 
-121.226 20.4084 -14.0266 0.562975 5.06678 80 2 25 10 22089 0 
-121.208 20.4039 -13.7884 0.562975 5.06678 80 2 25 10 22090 0 
-121.189 20.3994 -13.5542 0.562975 5.06678 80 2 25 10 22091 0 
-121.181 20.3973 -13.9294 0.562975 5.06678 80 2 25 10 22092 0 
-121.163 20.3928 -13.6928 0.562975 5.06678 80 2 25 10 22093 0 
-121.144 20.3884 -13.4602 0.562975 5.06678 80 2 25 10 22094 0 
-121.126 20.384 -13.2314 0.562975 5.06678 80 2 25 10 22095 0 
-121.117 20.3819 -13.6073 0.562975 5.06678 80 2 25 10 22096 0 
-121.099 20.3775 -13.3761 0.562975 5.06678 80 2 25 10 22097 0 
-121.081 20.3732 -13.1487 0.562975 5.06678 80 2 25 10 22098 0 
-121.072 20.3712 -13.524 0.562975 5.06678 80 2 25 10 22099 0 
-121.054 20.3668 -13.2942 0.562975 5.06678 80 2 25 10 22100 0 
-121.036 20.3625 -13.0682 0.562975 5.06678 80 2 25 10 22101 0 
-121.017 20.3582 -12.8459 0.562975 5.06678 80 2 25 10 22102 0 
-121.009 20.3562 -13.2218 0.562975 5.06678 80 2 25 10 22103 0 
-120.991 20.3519 -12.997 0.562975 5.06678 80 2 25 10 22104 0 
-120.972 20.3477 -12.7759 0.562975 5.06678 80 2 25 10 22105 0 
-120.964 20.3458 -13.1511 0.562975 5.06678 80 2 25 10 22106 0 
-120.945 20.3415 -12.9274 0.562975 5.06678 80 2 25 10 22107 0 
-120.927 20.3373 -12.7075 0.562975 5.06678 80 2 25 10 22108 0 
-120.909 20.3332 -12.4912 0.562975 5.06678 80 2 25 10 22109 0 
-120.9 20.3312 -12.8669 0.562975 5.06678 80 2 25 10 22110 0 
-120.882 20.3271 -12.648 0.562975 5.06678 80 2 25 10 22111 0 
-120.863 20.3229 -12.4327 0.562975 5.06678 80 2 25 10 22112 0 
-120.845 20.3189 -12.221 0.562975 5.06678 80 2 25 10 22113 0 
-120.836 20.317 -12.597 0.562975 5.06678 80 2 25 10 22114 0 
-120.818 20.3129 -12.3825 0.562975 5.06678 80 2 25 10 22115 0 
-120.8 20.3089 -12.1716 0.562975 5.06678 80 2 25 10 22116 0 
-120.791 20.307 -12.5468 0.562975 5.06678 80 2 25 10 22117 0 
-120.773 20.303 -12.3332 0.562975 5.06678 80 2 25 10 22118 0 
-120.754 20.299 -12.1231 0.562975 5.06678 80 2 25 10 22119 0 
-120.736 20.295 -11.9165 0.562975 5.06678 80 2 25 10 22120 0 
-120.727 20.2932 -12.2919 0.562975 5.06678 80 2 25 10 22121 0 
-120.709 20.2892 -12.0825 0.562975 5.06678 80 2 25 10 22122 0 
-120.691 20.2853 -11.8766 0.562975 5.06678 80 2 25 10 22123 0 
-120.672 20.2814 -11.6742 0.562975 5.06678 80 2 25 10 22124 0 
-120.664 20.2796 -12.0497 0.562975 5.06678 80 2 25 10 22125 0 
-120.645 20.2757 -11.8443 0.562975 5.06678 80 2 25 10 22126 0 
-120.627 20.2718 -11.6424 0.562975 5.06678 80 2 25 10 22127 0 
-120.609 20.2681 -11.4438 0.562975 5.06678 80 2 25 10 22128 0 
-120.6 20.2663 -11.8194 0.562975 5.06678 80 2 25 10 22129 0 
-120.582 20.2625 -11.6179 0.562975 5.06678 80 2 25 10 22130 0 
-120.563 20.2587 -11.4197 0.562975 5.06678 80 2 25 10 22131 0 
-120.545 20.255 -11.2248 0.562975 5.06678 80 2 25 10 22132 0 
-120.536 20.2532 -11.6004 0.562975 5.06678 80 2 25 10 22133 0 
-120.518 20.2495 -11.4025 0.562975 5.06678 80 2 25 10 22134 0 
-120.499 20.2458 -11.2079 0.562975 5.06678 80 2 25 10 22135 0 
-120.481 20.2421 -11.0165 0.562975 5.06678 80 2 25 10 22136 0 
-120.472 20.2404 -11.392 0.562975 5.06678 80 2 25 10 22137 0 
-120.454 20.2367 -11.1976 0.562975 5.06678 80 2 25 10 22138 0 
-120.435 20.2331 -11.0064 0.562975 5.06678 80 2 25 10 22139 0 
-120.417 20.2295 -10.8183 0.562975 5.06678 80 2 25 10 22140 0 
-120.408 20.2278 -11.1937 0.562975 5.06678 80 2 25 10 22141 0 
-120.39 20.2242 -11.0025 0.562975 5.06678 80 2 25 10 22142 0 
-120.372 20.2206 -10.8145 0.562975 5.06678 80 2 25 10 22143 0 
-120.353 20.2171 -10.6297 0.562975 5.06678 80 2 25 10 22144 0 
-120.345 20.2155 -11.0048 0.562975 5.06678 80 2 25 10 22145 0 
-120.326 20.2119 -10.8168 0.562975 5.06678 80 2 25 10 22146 0 
-120.308 20.2084 -10.6319 0.562975 5.06678 80 2 25 10 22147 0 
-120.289 20.2049 -10.4501 0.562975 5.06678 80 2 25 10 22148 0 
-120.271 20.2015 -10.2713 0.562975 5.06678 80 2 25 10 22149 0 
-120.262 20.1999 -10.647 0.562975 5.06678 80 2 25 10 22150 0 
-120.244 20.1965 -10.4649 0.562975 5.06678 80 2 25 10 22151 0 
-120.225 20.1931 -10.2859 0.562975 5.06678 80 2 25 10 22152 0 
-120.207 20.1897 -10.1098 0.562975 5.06678 80 2 25 10 22153 0 
-120.198 20.1882 -10.485 0.562975 5.06678 80 2 25 10 22154 0 
-120.18 20.1848 -10.3057 0.562975 5.06678 80 2 25 10 22155 0 
-120.161 20.1814 -10.1293 0.562975 5.06678 80 2 25 10 22156 0 
-120.143 20.1781 -9.95579 0.562975 5.06678 80 2 25 10 22157 0 
-120.124 20.1749 -9.78521 0.562975 5.06678 80 2 25 10 22158 0 
-120.116 20.1734 -10.1608 0.562975 5.06678 80 2 25 10 22159 0 
-120.097 20.1701 -9.98679 0.562975 5.06678 80 2 25 10 22160 0 
-120.079 20.1668 -9.81569 0.562975 5.06678 80 2 25 10 22161 0 
-120.06 20.1636 -9.64743 0.562975 5.06678 80 2 25 10 22162 0 
-120.042 20.1605 -9.48198 0.562975 5.06678 80 2 25 10 22163 0 
-120.033 20.159 -9.85773 0.562975 5.06678 80 2 25 10 22164 0 
-120.015 20.1558 -9.68877 0.562975 5.06678 80 2 25 10 22165 0 
-119.996 20.1527 -9.52261 0.562975 5.06678 80 2 25 10 22166 0 
-119.978 20.1496 -9.35923 0.562975 5.06678 80 2 25 10 22167 0 
-119.969 20.1481 -9.73426 0.562975 5.06678 80 2 25 10 22168 0 
-119.951 20.145 -9.56734 0.562975 5.06678 80 2 25 10 22169 0 
-119.932 20.1418 -9.4032 0.562975 5.06678 80 2 25 10 22170 0 
-119.913 20.1388 -9.2418 0.562975 5.06678 80 2 25 10 22171 0 
-119.895 20.1358 -9.08308 0.562975 5.06678 80 2 25 10 22172 0 
-119.886 20.1344 -9.45808 0.562975 5.06678 80 2 25 10 22173 0 
-119.868 20.1313 -9.29575 0.562975 5.06678 80 2 25 10 22174 0 
-119.849 20.1283 -9.13612 0.562975 5.06678 80 2 25 10 22175 0 
-119.831 20.1253 -8.97915 0.562975 5.06678 80 2 25 10 22176 0 
-119.812 20.1224 -8.82479 0.562975 5.06678 80 2 25 10 22177 0 
-119.794 20.1195 -8.67301 0.562975 5.06678 80 2 25 10 22178 0 
-119.785 20.1182 -9.04853 0.562975 5.06678 80 2 25 10 22179 0 
-119.767 20.1152 -8.89301 0.562975 5.06678 80 2 25 10 22180 0 
-119.748 20.1123 -8.74008 0.562975 5.06678 80 2 25 10 22181 0 
-119.73 20.1095 -8.58969 0.562975 5.06678 80 2 25 10 22182 0 
-119.711 20.1067 -8.4418 0.562975 5.06678 80 2 25 10 22183 0 
-119.702 20.1054 -8.81697 0.562975 5.06678 80 2 25 10 22184 0 
-119.684 20.1025 -8.66529 0.562975 5.06678 80 2 25 10 22185 0 
-119.665 20.0997 -8.51614 0.562975 5.06678 80 2 25 10 22186 0 
-119.647 20.0969 -8.36947 0.562975 5.06678 80 2 25 10 22187 0 
-119.628 20.0942 -8.22524 0.562975 5.06678 80 2 25 10 22188 0 
-119.61 20.0915 -8.08341 0.562975 5.06678 80 2 25 10 22189 0 
-119.601 20.0903 -8.45871 0.562975 5.06678 80 2 25 10 22190 0 
-119.583 20.0875 -8.31299 0.562975 5.06678 80 2 25 10 22191 0 
-119.564 20.0848 -8.16969 0.562975 5.06678 80 2 25 10 22192 0 
-119.545 20.0822 -8.02878 0.562975 5.06678 80 2 25 10 22193 0 
-119.527 20.0795 -7.89021 0.562975 5.06678 80 2 25 10 22194 0 
-119.508 20.077 -7.75395 0.562975 5.06678 80 2 25 10 22195 0 
-119.5 20.0758 -8.12916 0.562975 5.06678 80 2 25 10 22196 0 
-119.481 20.0732 -7.98891 0.562975 5.06678 80 2 25 10 22197 0 
-119.463 20.0705 -7.851 0.562975 5.06678 80 2 25 10 22198 0 
-119.444 20.068 -7.71538 0.562975 5.06678 80 2 25 10 22199 0 
-119.425 20.0655 -7.58202 0.562975 5.06678 80 2 25 10 22200 0 
-119.407 20.063 -7.45088 0.562975 5.06678 80 2 25 10 22201 0 
-119.388 20.0606 -7.32192 0.562975 5.06678 80 2 25 10 22202 0 
-119.38 20.0595 -7.69735 0.562975 5.06678 80 2 25 10 22203 0 
-119.361 20.057 -7.56428 0.562975 5.06678 80 2 25 10 22204 0 
-119.342 20.0545 -7.43343 0.562975 5.06678 80 2 25 10 22205 0 
-119.324 20.0521 -7.30475 0.562975 5.06678 80 2 25 10 22206 0 
-119.305 20.0497 -7.17822 0.562975 5.06678 80 2 25 10 22207 0 
-119.287 20.0473 -7.05379 0.562975 5.06678 80 2 25 10 22208 0 
-119.268 20.045 -6.93143 0.562975 5.06678 80 2 25 10 22209 0 
-119.26 20.044 -7.30676 0.562975 5.06678 80 2 25 10 22210 0 
-119.241 20.0416 -7.18019 0.562975 5.06678 80 2 25 10 22211 0 
-119.222 20.0393 -7.05572 0.562975 5.06678 80 2 25 10 22212 0 
-119.204 20.037 -6.93332 0.562975 5.06678 80 2 25 10 22213 0 
-119.185 20.0347 -6.81295 0.562975 5.06678 80 2 25 10 22214 0 
-119.166 20.0325 -6.6946 0.562975 5.06678 80 2 25 10 22215 0 
-119.148 20.0303 -6.57821 0.562975 5.06678 80 2 25 10 22216 0 
-119.129 20.0281 -6.46376 0.562975 5.06678 80 2 25 10 22217 0 
-119.121 20.0272 -6.8391 0.562975 5.06678 80 2 25 10 22218 0 
-119.102 20.0249 -6.72029 0.562975 5.06678 80 2 25 10 22219 0 
-119.083 20.0227 -6.60347 0.562975 5.06678 80 2 25 10 22220 0 
-119.065 20.0206 -6.48859 0.562975 5.06678 80 2 25 10 22221 0 
-119.046 20.0185 -6.37562 0.562975 5.06678 80 2 25 10 22222 0 
-119.028 20.0164 -6.26453 0.562975 5.06678 80 2 25 10 22223 0 
-119.009 20.0143 -6.15529 0.562975 5.06678 80 2 25 10 22224 0 
-118.99 20.0123 -6.04787 0.562975 5.06678 80 2 25 10 22225 0 
-118.972 20.0103 -5.94224 0.562975 5.06678 80 2 25 10 22226 0 
-118.963 20.0095 -6.31751 0.562975 5.06678 80 2 25 10 22227 0 
-118.945 20.0074 -6.20738 0.562975 5.06678 80 2 25 10 22228 0 
-118.926 20.0054 -6.09908 0.562975 5.06678 80 2 25 10 22229 0 
-118.907 20.0034 -5.99259 0.562975 5.06678 80 2 25 10 22230 0 
-118.889 20.0014 -5.88786 0.562975 5.06678 80 2 25 10 22231 0 
-118.87 19.9995 -5.78488 0.562975 5.06678 80 2 25 10 22232 0 
-118.851 19.9976 -5.68362 0.562975 5.06678 80 2 25 10 22233 0 
-118.833 19.9957 -5.58404 0.562975 5.06678 80 2 25 10 22234 0 
-118.814 19.9939 -5.48611 0.562975 5.06678 80 2 25 10 22235 0 
-118.795 19.9921 -5.38982 0.562975 5.06678 80 2 25 10 22236 0 
-118.776 19.9904 -5.29513 0.562975 5.06678 80 2 25 10 22237 0 
-118.768 19.9896 -5.67031 0.562975 5.06678 80 2 25 10 22238 0 
-118.749 19.9877 -5.57094 0.562975 5.06678 80 2 25 10 22239 0 
-118.731 19.9859 -5.47323 0.562975 5.06678 80 2 25 10 22240 0 
-118.712 19.9841 -5.37714 0.562975 5.06678 80 2 25 10 22241 0 
-118.693 19.9824 -5.28265 0.562975 5.06678 80 2 25 10 22242 0 
-118.675 19.9806 -5.18974 0.562975 5.06678 80 2 25 10 22243 0 
-118.656 19.9789 -5.09837 0.562975 5.06678 80 2 25 10 22244 0 
-118.637 19.9773 -5.00852 0.562975 5.06678 80 2 25 10 22245 0 
-118.619 19.9756 -4.92016 0.562975 5.06678 80 2 25 10 22246 0 
-118.6 19.974 -4.83328 0.562975 5.06678 80 2 25 10 22247 0 
-118.581 19.9724 -4.74784 0.562975 5.06678 80 2 25 10 22248 0 
-118.563 19.9709 -4.66383 0.562975 5.06678 80 2 25 10 22249 0 
-118.544 19.9694 -4.58121 0.562975 5.06678 80 2 25 10 22250 0 
-118.525 19.9679 -4.49997 0.562975 5.06678 80 2 25 10 22251 0 
-118.506 19.9664 -4.42008 0.562975 5.06678 80 2 25 10 22252 0 
-118.488 19.9649 -4.34152 0.562975 5.06678 80 2 25 10 22253 0 
-118.469 19.9635 -4.26427 0.562975 5.06678 80 2 25 10 22254 0 
-118.461 19.9629 -4.63931 0.562975 5.06678 80 2 25 10 22255 0 
-118.442 19.9614 -4.55709 0.562975 5.06678 80 2 25 10 22256 0 
-118.423 19.9599 -4.47624 0.562975 5.06678 80 2 25 10 22257 0 
-118.405 19.9584 -4.39674 0.562975 5.06678 80 2 25 10 22258 0 
-118.386 19.957 -4.31856 0.562975 5.06678 80 2 25 10 22259 0 
-118.367 19.9556 -4.24168 0.562975 5.06678 80 2 25 10 22260 0 
-118.349 19.9542 -4.16608 0.562975 5.06678 80 2 25 10 22261 0 
-118.33 19.9528 -4.09173 0.562975 5.06678 80 2 25 10 22262 0 
-118.311 19.9515 -4.01863 0.562975 5.06678 80 2 25 10 22263 0 
-118.292 19.9502 -3.94674 0.562975 5.06678 80 2 25 10 22264 0 
-118.274 19.9489 -3.87605 0.562975 5.06678 80 2 25 10 22265 0 
-118.255 19.9476 -3.80653 0.562975 5.06678 80 2 25 10 22266 0 
-118.236 19.9464 -3.73817 0.562975 5.06678 80 2 25 10 22267 0 
-118.218 19.9451 -3.67095 0.562975 5.06678 80 2 25 10 22268 0 
-118.199 19.9439 -3.60485 0.562975 5.06678 80 2 25 10 22269 0 
-118.18 19.9428 -3.53985 0.562975 5.06678 80 2 25 10 22270 0 
-118.161 19.9416 -3.47593 0.562975 5.06678 80 2 25 10 22271 0 
-118.143 19.9405 -3.41307 0.562975 5.06678 80 2 25 10 22272 0 
-118.124 19.9394 -3.35126 0.562975 5.06678 80 2 25 10 22273 0 
-118.105 19.9383 -3.29048 0.562975 5.06678 80 2 25 10 22274 0 
-118.086 19.9372 -3.23071 0.562975 5.06678 80 2 25 10 22275 0 
-118.068 19.9361 -3.17193 0.562975 5.06678 80 2 25 10 22276 0 
-118.049 19.9351 -3.11413 0.562975 5.06678 80 2 25 10 22277 0 
-118.03 19.9341 -3.0573 0.562975 5.06678 80 2 25 10 22278 0 
-118.011 19.9331 -3.0014 0.562975 5.06678 80 2 25 10 22279 0 
-117.993 19.9321 -2.94644 0.562975 5.06678 80 2 25 10 22280 0 
-117.974 19.9311 -2.8924 0.562975 5.06678 80 2 25 10 22281 0 
-117.955 19.9302 -2.83925 0.562975 5.06678 80 2 25 10 22282 0 
-117.936 19.9292 -2.78699 0.562975 5.06678 80 2 25 10 22283 0 
-117.918 19.9283 -2.7356 0.562975 5.06678 80 2 25 10 22284 0 
-117.899 19.9274 -2.68506 0.562975 5.06678 80 2 25 10 22285 0 
-117.88 19.9266 -2.63536 0.562975 5.06678 80 2 25 10 22286 0 
-117.861 19.9257 -2.58649 0.562975 5.06678 80 2 25 10 22287 0 
-117.843 19.9248 -2.53844 0.562975 5.06678 80 2 25 10 22288 0 
-117.824 19.924 -2.49118 0.562975 5.06678 80 2 25 10 22289 0 
-117.805 19.9232 -2.44471 0.562975 5.06678 80 2 25 10 22290 0 
-117.787 19.9224 -2.39901 0.562975 5.06678 80 2 25 10 22291 0 
-117.768 19.9216 -2.35408 0.562975 5.06678 80 2 25 10 22292 0 
-117.749 19.9208 -2.30989 0.562975 5.06678 80 2 25 10 22293 0 
-117.73 19.9201 -2.26644 0.562975 5.06678 80 2 25 10 22294 0 
-117.712 19.9193 -2.22371 0.562975 5.06678 80 2 25 10 22295 0 
-117.693 19.9186 -2.18169 0.562975 5.06678 80 2 25 10 22296 0 
-117.674 19.9179 -2.14036 0.562975 5.06678 80 2 25 10 22297 0 
-117.655 19.9172 -2.09973 0.562975 5.06678 80 2 25 10 22298 0 
-117.636 19.9165 -2.05977 0.562975 5.06678 80 2 25 10 22299 0 
-117.618 19.9158 -2.02048 0.562975 5.06678 80 2 25 10 22300 0 
-117.599 19.9152 -1.98184 0.562975 5.06678 80 2 25 10 22301 0 
-117.58 19.9145 -1.94385 0.562975 5.06678 80 2 25 10 22302 0 
-117.561 19.9139 -1.90649 0.562975 5.06678 80 2 25 10 22303 0 
-117.543 19.9133 -1.86974 0.562975 5.06678 80 2 25 10 22304 0 
-117.524 19.9127 -1.83361 0.562975 5.06678 80 2 25 10 22305 0 
-117.505 19.9121 -1.79808 0.562975 5.06678 80 2 25 10 22306 0 
-117.486 19.9115 -1.76315 0.562975 5.06678 80 2 25 10 22307 0 
-117.468 19.9109 -1.72879 0.562975 5.06678 80 2 25 10 22308 0 
-117.449 19.9103 -1.695 0.562975 5.06678 80 2 25 10 22309 0 
-117.43 19.9098 -1.66178 0.562975 5.06678 80 2 25 10 22310 0 
-117.411 19.9092 -1.62911 0.562975 5.06678 80 2 25 10 22311 0 
-117.393 19.9087 -1.59698 0.562975 5.06678 80 2 25 10 22312 0 
-117.374 19.9082 -1.56539 0.562975 5.06678 80 2 25 10 22313 0 
-117.355 19.9076 -1.53432 0.562975 5.06678 80 2 25 10 22314 0 
-117.336 19.9071 -1.50377 0.562975 5.06678 80 2 25 10 22315 0 
-117.318 19.9067 -1.47373 0.562975 5.06678 80 2 25 10 22316 0 
-117.299 19.9062 -1.44419 0.562975 5.06678 80 2 25 10 22317 0 
-117.28 19.9057 -1.41513 0.562975 5.06678 80 2 25 10 22318 0 
-117.261 19.9052 -1.38657 0.562975 5.06678 80 2 25 10 22319 0 
-117.243 19.9048 -1.35847 0.562975 5.06678 80 2 25 10 22320 0 
-117.224 19.9043 -1.33085 0.562975 5.06678 80 2 25 10 22321 0 
-117.205 19.9039 -1.30368 0.562975 5.06678 80 2 25 10 22322 0 
-117.186 19.9035 -1.27697 0.562975 5.06678 80 2 25 10 22323 0 
-117.168 19.9031 -1.2507 0.562975 5.06678 80 2 25 10 22324 0 
-117.149 19.9026 -1.22487 0.562975 5.06678 80 2 25 10 22325 0 
-117.13 19.9022 -1.19946 0.562975 5.06678 80 2 25 10 22326 0 
-117.111 19.9019 -1.17448 0.562975 5.06678 80 2 25 10 22327 0 
-117.092 19.9015 -1.14992 0.562975 5.06678 80 2 25 10 22328 0 
-117.074 19.9011 -1.12576 0.562975 5.06678 80 2 25 10 22329 0 
-117.055 19.9007 -1.10201 0.562975 5.06678 80 2 25 10 22330 0 
-117.036 19.9004 -1.07865 0.562975 5.06678 80 2 25 10 22331 0 
-117.017 19.9 -1.05568 0.562975 5.06678 80 2 25 10 22332 0 
-116.999 19.8997 -1.03309 0.562975 5.06678 80 2 25 10 22333 0 
-116.98 19.8993 -1.01087 0.562975 5.06678 80 2 25 10 22334 0 
-116.961 19.899 -0.98903 0.562975 5.06678 80 2 25 10 22335 0 
-116.942 19.8987 -0.967549 0.562975 5.06678 80 2 25 10 22336 0 
-116.924 19.8984 -0.946425 0.562975 5.06678 80 2 25 10 22337 0 
-116.905 19.898 -0.925653 0.562975 5.06678 80 2 25 10 22338 0 
-116.886 19.8977 -0.905226 0.562975 5.06678 80 2 25 10 22339 0 
-116.867 19.8974 -0.885139 0.562975 5.06678 80 2 25 10 22340 0 
-116.849 19.8972 -0.865386 0.562975 5.06678 80 2 25 10 22341 0 
-116.83 19.8969 -0.845961 0.562975 5.06678 80 2 25 10 22342 0 
-116.811 19.8966 -0.826859 0.562975 5.06678 80 2 25 10 22343 0 
-116.792 19.8963 -0.808075 0.562975 5.06678 80 2 25 10 22344 0 
-116.774 19.8961 -0.789603 0.562975 5.06678 80 2 25 10 22345 0 
-116.755 19.8958 -0.771439 0.562975 5.06678 80 2 25 10 22346 0 
-116.736 19.8955 -0.753576 0.562975 5.06678 80 2 25 10 22347 0 
-116.717 19.8953 -0.73601 0.562975 5.06678 80 2 25 10 22348 0 
-116.699 19.8951 -0.718737 0.562975 5.06678 80 2 25 10 22349 0 
-116.68 19.8948 -0.70175 0.562975 5.06678 80 2 25 10 22350 0 
-116.661 19.8946 -0.685046 0.562975 5.06678 80 2 25 10 22351 0 
-116.642 19.8944 -0.66862 0.562975 5.06678 80 2 25 10 22352 0 
-116.623 19.8942 -0.652466 0.562975 5.06678 80 2 25 10 22353 0 
-116.605 19.8939 -0.636582 0.562975 5.06678 80 2 25 10 22354 0 
-116.586 19.8937 -0.620961 0.562975 5.06678 80 2 25 10 22355 0 
-116.567 19.8935 -0.6056 0.562975 5.06678 80 2 25 10 22356 0 
-116.548 19.8933 -0.590494 0.562975 5.06678 80 2 25 10 22357 0 
-116.53 19.8931 -0.575639 0.562975 5.06678 80 2 25 10 22358 0 
-116.511 19.8929 -0.561031 0.562975 5.06678 80 2 25 10 22359 0 
-116.492 19.8928 -0.546667 0.562975 5.06678 80 2 25 10 22360 0 
-116.473 19.8926 -0.53254 0.562975 5.06678 80 2 25 10 22361 0 
-116.455 19.8924 -0.518649 0.562975 5.06678 80 2 25 10 22362 0 
-116.436 19.8922 -0.504988 0.562975 5.06678 80 2 25 10 22363 0 
-116.417 19.8921 -0.491555 0.562975 5.06678 80 2 25 10 22364 0 
-116.398 19.8919 -0.478344 0.562975 5.06678 80 2 25 10 22365 0 
-116.379 19.8918 -0.465354 0.562975 5.06678 80 2 25 10 22366 0 
-116.361 19.8916 -0.452579 0.562975 5.06678 80 2 25 10 22367 0 
-116.342 19.8915 -0.440016 0.562975 5.06678 80 2 25 10 22368 0 
-116.323 19.8913 -0.427662 0.562975 5.06678 80 2 25 10 22369 0 
-116.304 19.8912 -0.415514 0.562975 5.06678 80 2 25 10 22370 0 
-116.286 19.891 -0.403567 0.562975 5.06678 80 2 25 10 22371 0 
-116.267 19.8909 -0.391818 0.562975 5.06678 80 2 25 10 22372 0 
-116.248 19.8908 -0.380265 0.562975 5.06678 80 2 25 10 22373 0 
-116.229 19.8907 -0.368904 0.562975 5.06678 80 2 25 10 22374 0 
-116.211 19.8905 -0.357732 0.562975 5.06678 80 2 25 10 22375 0 
-116.192 19.8904 -0.346745 0.562975 5.06678 80 2 25 10 22376 0 
-116.173 19.8903 -0.335941 0.562975 5.06678 80 2 25 10 22377 0 
-116.154 19.8902 -0.325316 0.562975 5.06678 80 2 25 10 22378 0 
-116.135 19.8901 -0.314868 0.562975 5.06678 80 2 25 10 22379 0 
-116.117 19.89 -0.304593 0.562975 5.06678 80 2 25 10 22380 0 
-116.098 19.8899 -0.294489 0.562975 5.06678 80 2 25 10 22381 0 
-116.079 19.8898 -0.284553 0.562975 5.06678 80 2 25 10 22382 0 
-116.06 19.8897 -0.274781 0.562975 5.06678 80 2 25 10 22383 0 
-116.042 19.8896 -0.265172 0.562975 5.06678 80 2 25 10 22384 0 
-116.023 19.8895 -0.255723 0.562975 5.06678 80 2 25 10 22385 0 
-116.004 19.8894 -0.24643 0.562975 5.06678 80 2 25 10 22386 0 
-115.985 19.8894 -0.237292 0.562975 5.06678 80 2 25 10 22387 0 
-115.967 19.8893 -0.228306 0.562975 5.06678 80 2 25 10 22388 0 
-115.948 19.8892 -0.219469 0.562975 5.06678 80 2 25 10 22389 0 
-115.929 19.8891 -0.210778 0.562975 5.06678 80 2 25 10 22390 0 
-115.91 19.8891 -0.202232 0.562975 5.06678 80 2 25 10 22391 0 
-115.892 19.889 -0.193827 0.562975 5.06678 80 2 25 10 22392 0 
-115.873 19.8889 -0.185563 0.562975 5.06678 80 2 25 10 22393 0 
-115.854 19.8889 -0.177435 0.562975 5.06678 80 2 25 10 22394 0 
-115.835 19.8888 -0.169442 0.562975 5.06678 80 2 25 10 22395 0 
-115.816 19.8888 -0.161582 0.562975 5.06678 80 2 25 10 22396 0 
-115.798 19.8887 -0.153853 0.562975 5.06678 80 2 25 10 22397 0 
-115.779 19.8887 -0.146251 0.562975 5.06678 80 2 25 10 22398 0 
-115.76 19.8886 -0.138776 0.562975 5.06678 80 2 25 10 22399 0 
-115.741 19.8886 -0.131425 0.562975 5.06678 80 2 25 10 22400 0 
-115.723 19.8885 -0.124196 0.562975 5.06678 80 2 25 10 22401 0 
-115.704 19.8885 -0.117087 0.562975 5.06678 80 2 25 10 22402 0 
-115.685 19.8884 -0.110096 0.562975 5.06678 80 2 25 10 22403 0 
-115.666 19.8884 -0.10322 0.562975 5.06678 80 2 25 10 22404 0 
-115.648 19.8884 -0.0964592 0.562975 5.06678 80 2 25 10 22405 0 
-115.629 19.8883 -0.0898102 0.562975 5.06678 80 2 25 10 22406 0 
-115.61 19.8883 -0.0832716 0.562975 5.06678 80 2 25 10 22407 0 
-115.591 19.8883 -0.0768413 0.562975 5.06678 80 2 25 10 22408 0 
-115.572 19.8883 -0.0705177 0.562975 5.06678 80 2 25 10 22409 0 
-115.554 19.8882 -0.0642991 0.562975 5.06678 80 2 25 10 22410 0 
-115.535 19.8882 -0.0581835 0.562975 5.06678 80 2 25 10 22411 0 
-115.516 19.8882 -0.0521693 0.562975 5.06678 80 2 25 10 22412 0 
-115.497 19.8882 -0.0462549 0.562975 5.06678 80 2 25 10 22413 0 
-115.479 19.8882 -0.0404386 0.562975 5.06678 80 2 25 10 22414 0 
-115.46 19.8881 -0.0347187 0.562975 5.06678 80 2 25 10 22415 0 
-115.441 19.8881 -0.0290936 0.562975 5.06678 80 2 25 10 22416 0 
-115.422 19.8881 -0.0235617 0.562975 5.06678 80 2 25 10 22417 0 
-115.404 19.8881 -0.0181216 0.562975 5.06678 80 2 25 10 22418 0 
-115.385 19.8881 -0.0127716 0.562975 5.06678 80 2 25 10 22419 0 
-115.366 19.8881 -0.00751035 0.562975 5.06678 80 2 25 10 22420 0 
-115.347 19.8881 -0.00233625 0.562975 5.06678 80 2 25 10 22421 0 
-115.328 19.8881 0.00275211 0.562975 5.06678 80 2 25 10 22422 0 
-115.31 19.8881 0.00775615 0.562975 5.06678 80 2 25 10 22423 0 
-115.291 19.8881 0.0126773 0.562975 5.06678 80 2 25 10 22424 0 
-115.272 19.8881 0.0175169 0.562975 5.06678 80 2 25 10 22425 0 
-115.253 19.8881 0.0222763 0.562975 5.06678 80 2 25 10 22426 0 
-115.235 19.8881 0.0269569 0.562975 5.06678 80 2 25 10 22427 0 
-115.216 19.8881 0.03156 0.562975 5.06678 80 2 25 10 22428 0 
-115.197 19.8881 0.0360868 0.562975 5.06678 80 2 25 10 22429 0 
-115.178 19.8882 0.0405386 0.562975 5.06678 80 2 25 10 22430 0 
-115.16 19.8882 0.0449168 0.562975 5.06678 80 2 25 10 22431 0 
-115.141 19.8882 0.0492224 0.562975 5.06678 80 2 25 10 22432 0 
-115.122 19.8882 0.0534568 0.562975 5.06678 80 2 25 10 22433 0 
-115.103 19.8882 0.0576211 0.562975 5.06678 80 2 25 10 22434 0 
-115.084 19.8882 0.0617164 0.562975 5.06678 80 2 25 10 22435 0 
-115.066 19.8883 0.065744 0.562975 5.06678 80 2 25 10 22436 0 
-115.047 19.8883 0.0697049 0.562975 5.06678 80 2 25 10 22437 0 
-115.028 19.8883 0.0736002 0.562975 5.06678 80 2 25 10 22438 0 
-115.009 19.8883 0.0774311 0.562975 5.06678 80 2 25 10 22439 0 
-114.991 19.8883 0.0811986 0.562975 5.06678 80 2 25 10 22440 0 
-114.972 19.8884 0.0849038 0.562975 5.06678 80 2 25 10 22441 0 
-114.953 19.8884 0.0885477 0.562975 5.06678 80 2 25 10 22442 0 
-114.934 19.8884 0.0921314 0.562975 5.06678 80 2 25 10 22443 0 
-114.916 19.8885 0.0956558 0.562975 5.06678 80 2 25 10 22444 0 
-114.897 19.8885 0.0991219 0.562975 5.06678 80 2 25 10 22445 0 
-114.878 19.8885 0.102531 0.562975 5.06678 80 2 25 10 22446 0 
-114.859 19.8886 0.105883 0.562975 5.06678 80 2 25 10 22447 0 
-114.84 19.8886 0.10918 0.562975 5.06678 80 2 25 10 22448 0 
-114.822 19.8886 0.112423 0.562975 5.06678 80 2 25 10 22449 0 
-114.803 19.8887 0.115612 0.562975 5.06678 80 2 25 10 22450 0 
-114.784 19.8887 0.118748 0.562975 5.06678 80 2 25 10 22451 0 
-114.765 19.8887 0.121832 0.562975 5.06678 80 2 25 10 22452 0 
-114.747 19.8888 0.124866 0.562975 5.06678 80 2 25 10 22453 0 
-114.728 19.8888 0.127849 0.562975 5.06678 80 2 25 10 22454 0 
-114.709 19.8889 0.130783 0.562975 5.06678 80 2 25 10 22455 0 
-114.69 19.8889 0.133669 0.562975 5.06678 80 2 25 10 22456 0 
-114.672 19.889 0.136507 0.562975 5.06678 80 2 25 10 22457 0 
-114.653 19.889 0.139298 0.562975 5.06678 80 2 25 10 22458 0 
-114.634 19.889 0.142043 0.562975 5.06678 80 2 25 10 22459 0 
-114.615 19.8891 0.144743 0.562975 5.06678 80 2 25 10 22460 0 
-114.596 19.8891 0.147398 0.562975 5.06678 80 2 25 10 22461 0 
-114.578 19.8892 0.15001 0.562975 5.06678 80 2 25 10 22462 0 
-114.559 19.8892 0.152578 0.562975 5.06678 80 2 25 10 22463 0 
-114.54 19.8893 0.155104 0.562975 5.06678 80 2 25 10 22464 0 
-114.521 19.8893 0.157588 0.562975 5.06678 80 2 25 10 22465 0 
-114.503 19.8894 0.160032 0.562975 5.06678 80 2 25 10 22466 0 
-114.484 19.8894 0.162435 0.562975 5.06678 80 2 25 10 22467 0 
-114.465 19.8895 0.164798 0.562975 5.06678 80 2 25 10 22468 0 
-114.446 19.8895 0.167123 0.562975 5.06678 80 2 25 10 22469 0 
-114.428 19.8896 0.169409 0.562975 5.06678 80 2 25 10 22470 0 
-114.409 19.8897 0.171658 0.562975 5.06678 80 2 25 10 22471 0 
-114.39 19.8897 0.173869 0.562975 5.06678 80 2 25 10 22472 0 
-114.371 19.8898 0.176044 0.562975 5.06678 80 2 25 10 22473 0 
-114.353 19.8898 0.178184 0.562975 5.06678 80 2 25 10 22474 0 
-114.334 19.8899 0.180288 0.562975 5.06678 80 2 25 10 22475 0 
-114.315 19.8899 0.182357 0.562975 5.06678 80 2 25 10 22476 0 
-114.296 19.89 0.184393 0.562975 5.06678 80 2 25 10 22477 0 
-114.277 19.8901 0.186395 0.562975 5.06678 80 2 25 10 22478 0 
-114.259 19.8901 0.188364 0.562975 5.06678 80 2 25 10 22479 0 
-114.24 19.8902 0.1903 0.562975 5.06678 80 2 25 10 22480 0 
-114.221 19.8902 0.192205 0.562975 5.06678 80 2 25 10 22481 0 
-114.202 19.8903 0.194079 0.562975 5.06678 80 2 25 10 22482 0 
-114.184 19.8904 0.195921 0.562975 5.06678 80 2 25 10 22483 0 
-114.165 19.8904 0.197734 0.562975 5.06678 80 2 25 10 22484 0 
-114.146 19.8905 0.199516 0.562975 5.06678 80 2 25 10 22485 0 
-114.127 19.8906 0.20127 0.562975 5.06678 80 2 25 10 22486 0 
-114.109 19.8906 0.202994 0.562975 5.06678 80 2 25 10 22487 0 
-114.09 19.8907 0.20469 0.562975 5.06678 80 2 25 10 22488 0 
-114.071 19.8908 0.206359 0.562975 5.06678 80 2 25 10 22489 0 
-114.052 19.8908 0.208 0.562975 5.06678 80 2 25 10 22490 0 
-114.033 19.8909 0.209614 0.562975 5.06678 80 2 25 10 22491 0 
-114.015 19.891 0.211201 0.562975 5.06678 80 2 25 10 22492 0 
-113.996 19.891 0.212763 0.562975 5.06678 80 2 25 10 22493 0 
-113.977 19.8911 0.214299 0.562975 5.06678 80 2 25 10 22494 0 
-113.958 19.8912 0.21581 0.562975 5.06678 80 2 25 10 22495 0 
-113.94 19.8913 0.217296 0.562975 5.06678 80 2 25 10 22496 0 
-113.921 19.8913 0.218758 0.562975 5.06678 80 2 25 10 22497 0 
-113.902 19.8914 0.220195 0.562975 5.06678 80 2 25 10 22498 0 
-113.883 19.8915 0.22161 0.562975 5.06678 80 2 25 10 22499 0 
-113.865 19.8915 0.223001 0.562975 5.06678 80 2 25 10 22500 0 
-113.846 19.8916 0.224369 0.562975 5.06678 80 2 25 10 22501 0 
-113.827 19.8917 0.225715 0.562975 5.06678 80 2 25 10 22502 0 
-113.808 19.8918 0.227039 0.562975 5.06678 80 2 25 10 22503 0 
-113.789 19.8918 0.228341 0.562975 5.06678 80 2 25 10 22504 0 
-113.771 19.8919 0.229622 0.562975 5.06678 80 2 25 10 22505 0 
-113.752 19.892 0.230882 0.562975 5.06678 80 2 25 10 22506 0 
-113.733 19.8921 0.232122 0.562975 5.06678 80 2 25 10 22507 0 
-113.714 19.8921 0.233341 0.562975 5.06678 80 2 25 10 22508 0 
-113.696 19.8922 0.234541 0.562975 5.06678 80 2 25 10 22509 0 
-113.677 19.8923 0.23572 0.562975 5.06678 80 2 25 10 22510 0 
-113.658 19.8924 0.236881 0.562975 5.06678 80 2 25 10 22511 0 
-113.639 19.8924 0.238023 0.562975 5.06678 80 2 25 10 22512 0 
-113.621 19.8925 0.239146 0.562975 5.06678 80 2 25 10 22513 0 
-113.602 19.8926 0.24025 0.562975 5.06678 80 2 25 10 22514 0 
-113.583 19.8927 0.241337 0.562975 5.06678 80 2 25 10 22515 0 
-113.564 19.8928 0.242406 0.562975 5.06678 80 2 25 10 22516 0 
-113.545 19.8928 0.243458 0.562975 5.06678 80 2 25 10 22517 0 
-113.527 19.8929 0.244493 0.562975 5.06678 80 2 25 10 22518 0 
-113.508 19.893 0.24551 0.562975 5.06678 80 2 25 10 22519 0 
-113.489 19.8931 0.246511 0.562975 5.06678 80 2 25 10 22520 0 
-113.47 19.8932 0.247496 0.562975 5.06678 80 2 25 10 22521 0 
-113.452 19.8932 0.248465 0.562975 5.06678 80 2 25 10 22522 0 
-113.433 19.8933 0.249419 0.562975 5.06678 80 2 25 10 22523 0 
-113.414 19.8934 0.250356 0.562975 5.06678 80 2 25 10 22524 0 
-113.395 19.8935 0.251279 0.562975 5.06678 80 2 25 10 22525 0 
-113.377 19.8936 0.252186 0.562975 5.06678 80 2 25 10 22526 0 
-113.358 19.8936 0.253079 0.562975 5.06678 80 2 25 10 22527 0 
-113.339 19.8937 0.253958 0.562975 5.06678 80 2 25 10 22528 0 
-113.32 19.8938 0.254822 0.562975 5.06678 80 2 25 10 22529 0 
-113.301 19.8939 0.255672 0.562975 5.06678 80 2 25 10 22530 0 
-113.283 19.894 0.256508 0.562975 5.06678 80 2 25 10 22531 0 
-113.264 19.8941 0.257331 0.562975 5.06678 80 2 25 10 22532 0 
-113.245 19.8941 0.258141 0.562975 5.06678 80 2 25 10 22533 0 
-113.226 19.8942 0.258937 0.562975 5.06678 80 2 25 10 22534 0 
-113.208 19.8943 0.259721 0.562975 5.06678 80 2 25 10 22535 0 
-113.189 19.8944 0.260492 0.562975 5.06678 80 2 25 10 22536 0 
-113.17 19.8945 0.261251 0.562975 5.06678 80 2 25 10 22537 0 
-113.151 19.8946 0.261997 0.562975 5.06678 80 2 25 10 22538 0 
-113.133 19.8947 0.262731 0.562975 5.06678 80 2 25 10 22539 0 
-113.114 19.8947 0.263454 0.562975 5.06678 80 2 25 10 22540 0 
-113.095 19.8948 0.264165 0.562975 5.06678 80 2 25 10 22541 0 
-113.076 19.8949 0.264864 0.562975 5.06678 80 2 25 10 22542 0 
-113.057 19.895 0.265553 0.562975 5.06678 80 2 25 10 22543 0 
-113.039 19.8951 0.26623 0.562975 5.06678 80 2 25 10 22544 0 
-113.02 19.8952 0.266896 0.562975 5.06678 80 2 25 10 22545 0 
-113.001 19.8953 0.267552 0.562975 5.06678 80 2 25 10 22546 0 
-112.982 19.8954 0.268197 0.562975 5.06678 80 2 25 10 22547 0 
-112.964 19.8954 0.268831 0.562975 5.06678 80 2 25 10 22548 0 
-112.945 19.8955 0.269456 0.562975 5.06678 80 2 25 10 22549 0 
-112.926 19.8956 0.270071 0.562975 5.06678 80 2 25 10 22550 0 
-112.907 19.8957 0.270675 0.562975 5.06678 80 2 25 10 22551 0 
-112.889 19.8958 0.27127 0.562975 5.06678 80 2 25 10 22552 0 
-112.87 19.8959 0.271856 0.562975 5.06678 80 2 25 10 22553 0 
-112.851 19.896 0.272432 0.562975 5.06678 80 2 25 10 22554 0 
-112.832 19.8961 0.272999 0.562975 5.06678 80 2 25 10 22555 0 
-112.813 19.8962 0.273557 0.562975 5.06678 80 2 25 10 22556 0 
-112.795 19.8962 0.274106 0.562975 5.06678 80 2 25 10 22557 0 
-112.776 19.8963 0.274647 0.562975 5.06678 80 2 25 10 22558 0 
-112.757 19.8964 0.275179 0.562975 5.06678 80 2 25 10 22559 0 
-112.738 19.8965 0.275702 0.562975 5.06678 80 2 25 10 22560 0 
-112.72 19.8966 0.276217 0.562975 5.06678 80 2 25 10 22561 0 
-112.701 19.8967 0.276724 0.562975 5.06678 80 2 25 10 22562 0 
-112.682 19.8968 0.277223 0.562975 5.06678 80 2 25 10 22563 0 
-112.663 19.8969 0.277714 0.562975 5.06678 80 2 25 10 22564 0 
-112.645 19.897 0.278197 0.562975 5.06678 80 2 25 10 22565 0 
-112.626 19.8971 0.278672 0.562975 5.06678 80 2 25 10 22566 0 
-112.607 19.8971 0.27914 0.562975 5.06678 80 2 25 10 22567 0 
-112.588 19.8972 0.279601 0.562975 5.06678 80 2 25 10 22568 0 
-112.57 19.8973 0.280054 0.562975 5.06678 80 2 25 10 22569 0 
-112.551 19.8974 0.2805 0.562975 5.06678 80 2 25 10 22570 0 
-112.532 19.8975 0.28094 0.562975 5.06678 80 2 25 10 22571 0 
-112.513 19.8976 0.281372 0.562975 5.06678 80 2 25 10 22572 0 
-112.494 19.8977 0.281797 0.562975 5.06678 80 2 25 10 22573 0 
-112.476 19.8978 0.282216 0.562975 5.06678 80 2 25 10 22574 0 
-112.457 19.8979 0.282628 0.562975 5.06678 80 2 25 10 22575 0 
-112.438 19.898 0.283034 0.562975 5.06678 80 2 25 10 22576 0 
-112.419 19.8981 0.283434 0.562975 5.06678 80 2 25 10 22577 0 
-112.401 19.8982 0.283827 0.562975 5.06678 80 2 25 10 22578 0 
-112.382 19.8983 0.284214 0.562975 5.06678 80 2 25 10 22579 0 
-112.363 19.8983 0.284595 0.562975 5.06678 80 2 25 10 22580 0 
-112.344 19.8984 0.28497 0.562975 5.06678 80 2 25 10 22581 0 
-112.326 19.8985 0.285339 0.562975 5.06678 80 2 25 10 22582 0 
-112.307 19.8986 0.285703 0.562975 5.06678 80 2 25 10 22583 0 
-112.288 19.8987 0.28606 0.562975 5.06678 80 2 25 10 22584 0 
-112.269 19.8988 0.286413 0.562975 5.06678 80 2 25 10 22585 0 
-112.25 19.8989 0.286759 0.562975 5.06678 80 2 25 10 22586 0 
-112.232 19.899 0.287101 0.562975 5.06678 80 2 25 10 22587 0 
-112.213 19.8991 0.287437 0.562975 5.06678 80 2 25 10 22588 0 
-112.194 19.8992 0.287768 0.562975 5.06678 80 2 25 10 22589 0 
-112.175 19.8993 0.288094 0.562975 5.06678 80 2 25 10 22590 0 
-112.157 19.8994 0.288415 0.562975 5.06678 80 2 25 10 22591 0 
-112.138 19.8995 0.288731 0.562975 5.06678 80 2 25 10 22592 0 
-112.119 19.8996 0.289042 0.562975 5.06678 80 2 25 10 22593 0 
-112.1 19.8997 0.289348 0.562975 5.06678 80 2 25 10 22594 0 
-112.082 19.8998 0.28965 0.562975 5.06678 80 2 25 10 22595 0 
-112.063 19.8999 0.289947 0.562975 5.06678 80 2 25 10 22596 0 
-112.044 19.8999 0.290239 0.562975 5.06678 80 2 25 10 22597 0 
-112.025 19.9 0.290527 0.562975 5.06678 80 2 25 10 22598 0 
-112.006 19.9001 0.29081 0.562975 5.06678 80 2 25 10 22599 0 
-111.988 19.9002 0.29109 0.562975 5.06678 80 2 25 10 22600 0 
-111.969 19.9003 0.291365 0.562975 5.06678 80 2 25 10 22601 0 
-111.95 19.9004 0.291636 0.562975 5.06678 80 2 25 10 22602 0 
-111.931 19.9005 0.291902 0.562975 5.06678 80 2 25 10 22603 0 
-111.913 19.9006 0.292165 0.562975 5.06678 80 2 25 10 22604 0 
-111.894 19.9007 0.292424 0.562975 5.06678 80 2 25 10 22605 0 
-111.875 19.9008 0.292679 0.562975 5.06678 80 2 25 10 22606 0 
-111.856 19.9009 0.29293 0.562975 5.06678 80 2 25 10 22607 0 
-111.838 19.901 0.293177 0.562975 5.06678 80 2 25 10 22608 0 
-111.819 19.9011 0.29342 0.562975 5.06678 80 2 25 10 22609 0 
-111.8 19.9012 0.29366 0.562975 5.06678 80 2 25 10 22610 0 
-111.781 19.9013 0.293897 0.562975 5.06678 80 2 25 10 22611 0 
-111.762 19.9014 0.294129 0.562975 5.06678 80 2 25 10 22612 0 
-111.744 19.9015 0.294359 0.562975 5.06678 80 2 25 10 22613 0 
-111.725 19.9016 0.294584 0.562975 5.06678 80 2 25 10 22614 0 
-111.706 19.9017 0.294807 0.562975 5.06678 80 2 25 10 22615 0 
-111.687 19.9018 0.295026 0.562975 5.06678 80 2 25 10 22616 0 
-111.669 19.9019 0.295242 0.562975 5.06678 80 2 25 10 22617 0 
-111.65 19.902 0.295455 0.562975 5.06678 80 2 25 10 22618 0 
-111.631 19.9021 0.295665 0.562975 5.06678 80 2 25 10 22619 0 
-111.612 19.9022 0.295871 0.562975 5.06678 80 2 25 10 22620 0 
-111.594 19.9023 0.296075 0.562975 5.06678 80 2 25 10 22621 0 
-111.575 19.9023 0.296275 0.562975 5.06678 80 2 25 10 22622 0 
-111.556 19.9024 0.296473 0.562975 5.06678 80 2 25 10 22623 0 
-111.537 19.9025 0.296668 0.562975 5.06678 80 2 25 10 22624 0 
-111.518 19.9026 0.29686 0.562975 5.06678 80 2 25 10 22625 0 
-111.5 19.9027 0.297049 0.562975 5.06678 80 2 25 10 22626 0 
-111.481 19.9028 0.297235 0.562975 5.06678 80 2 25 10 22627 0 
-111.462 19.9029 0.297419 0.562975 5.06678 80 2 25 10 22628 0 
-111.443 19.903 0.2976 0.562975 5.06678 80 2 25 10 22629 0 
-111.425 19.9031 0.297778 0.562975 5.06678 80 2 25 10 22630 0 
-111.406 19.9032 0.297954 0.562975 5.06678 80 2 25 10 22631 0 
-111.387 19.9033 0.298127 0.562975 5.06678 80 2 25 10 22632 0 
-111.368 19.9034 0.298298 0.562975 5.06678 80 2 25 10 22633 0 
-111.35 19.9035 0.298467 0.562975 5.06678 80 2 25 10 22634 0 
-111.331 19.9036 0.298633 0.562975 5.06678 80 2 25 10 22635 0 
-111.312 19.9037 0.298796 0.562975 5.06678 80 2 25 10 22636 0 
-111.293 19.9038 0.298958 0.562975 5.06678 80 2 25 10 22637 0 
-111.274 19.9039 0.299117 0.562975 5.06678 80 2 25 10 22638 0 
-111.256 19.904 0.299274 0.562975 5.06678 80 2 25 10 22639 0 
-111.237 19.9041 0.299428 0.562975 5.06678 80 2 25 10 22640 0 
-111.218 19.9042 0.299581 0.562975 5.06678 80 2 25 10 22641 0 
-111.199 19.9043 0.299731 0.562975 5.06678 80 2 25 10 22642 0 
-111.181 19.9044 0.299879 0.562975 5.06678 80 2 25 10 22643 0 
-111.162 19.9045 0.300026 0.562975 5.06678 80 2 25 10 22644 0 
-111.143 19.9046 0.30017 0.562975 5.06678 80 2 25 10 22645 0 
-111.124 19.9047 0.300312 0.562975 5.06678 80 2 25 10 22646 0 
-111.106 19.9048 0.300452 0.562975 5.06678 80 2 25 10 22647 0 
-111.087 19.9049 0.30059 0.562975 5.06678 80 2 25 10 22648 0 
-111.068 19.905 0.300727 0.562975 5.06678 80 2 25 10 22649 0 
-111.049 19.9051 0.300861 0.562975 5.06678 80 2 25 10 22650 0 
-111.031 19.9052 0.300994 0.562975 5.06678 80 2 25 10 22651 0 
-111.012 19.9053 0.301125 0.562975 5.06678 80 2 25 10 22652 0 
-110.993 19.9054 0.301254 0.562975 5.06678 80 2 25 10 22653 0 
-110.974 19.9055 0.301381 0.562975 5.06678 80 2 25 10 22654 0 
-110.955 19.9056 0.301507 0.562975 5.06678 80 2 25 10 22655 0 
-110.937 19.9057 0.301631 0.562975 5.06678 80 2 25 10 22656 0 
-110.918 19.9058 0.301754 0.562975 5.06678 80 2 25 10 22657 0 
-110.899 19.9059 0.301874 0.562975 5.06678 80 2 25 10 22658 0 
-110.88 19.906 0.301993 0.562975 5.06678 80 2 25 10 22659 0 
-110.862 19.9061 0.302111 0.562975 5.06678 80 2 25 10 22660 0 
-110.843 19.9062 0.302227 0.562975 5.06678 80 2 25 10 22661 0 
-110.824 19.9063 0.302341 0.562975 5.06678 80 2 25 10 22662 0 
-110.805 19.9064 0.302454 0.562975 5.06678 80 2 25 10 22663 0 
-110.787 19.9065 0.302566 0.562975 5.06678 80 2 25 10 22664 0 
-110.768 19.9066 0.302676 0.562975 5.06678 80 2 25 10 22665 0 
-110.749 19.9067 0.302785 0.562975 5.06678 80 2 25 10 22666 0 
-110.73 19.9068 0.302892 0.562975 5.06678 80 2 25 10 22667 0 
-110.711 19.9069 0.302998 0.562975 5.06678 80 2 25 10 22668 0 
-110.693 19.907 0.303102 0.562975 5.06678 80 2 25 10 22669 0 
-110.674 19.9071 0.303205 0.562975 5.06678 80 2 25 10 22670 0 
-110.655 19.9072 0.303307 0.562975 5.06678 80 2 25 10 22671 0 
-110.636 19.9073 0.303408 0.562975 5.06678 80 2 25 10 22672 0 
-110.618 19.9074 0.303507 0.562975 5.06678 80 2 25 10 22673 0 
-110.599 19.9075 0.303605 0.562975 5.06678 80 2 25 10 22674 0 
-110.58 19.9076 0.303702 0.562975 5.06678 80 2 25 10 22675 0 
-110.561 19.9077 0.303798 0.562975 5.06678 80 2 25 10 22676 0 
-110.543 19.9078 0.303892 0.562975 5.06678 80 2 25 10 22677 0 
-110.524 19.9079 0.303985 0.562975 5.06678 80 2 25 10 22678 0 
-110.505 19.908 0.304078 0.562975 5.06678 80 2 25 10 22679 0 
-110.486 19.9081 0.304169 0.562975 5.06678 80 2 25 10 22680 0 
-110.467 19.9082 0.304259 0.562975 5.06678 80 2 25 10 22681 0 
-110.449 19.9083 0.304347 0.562975 5.06678 80 2 25 10 22682 0 
-110.43 19.9084 0.304435 0.562975 5.06678 80 2 25 10 22683 0 
-110.411 19.9085 0.304522 0.562975 5.06678 80 2 25 10 22684 0 
-110.392 19.9086 0.304608 0.562975 5.06678 80 2 25 10 22685 0 
-110.374 19.9087 0.304692 0.562975 5.06678 80 2 25 10 22686 0 
-110.355 19.9088 0.304776 0.562975 5.06678 80 2 25 10 22687 0 
-110.336 19.9089 0.304859 0.562975 5.06678 80 2 25 10 22688 0 
-110.317 19.909 0.304941 0.562975 5.06678 80 2 25 10 22689 0 
-110.299 19.9091 0.305021 0.562975 5.06678 80 2 25 10 22690 0 
-110.28 19.9092 0.305101 0.562975 5.06678 80 2 25 10 22691 0 
-110.261 19.9093 0.30518 0.562975 5.06678 80 2 25 10 22692 0 
-110.242 19.9093 0.305258 0.562975 5.06678 80 2 25 10 22693 0 
-110.223 19.9094 0.305335 0.562975 5.06678 80 2 25 10 22694 0 
-110.205 19.9095 0.305412 0.562975 5.06678 80 2 25 10 22695 0 
-110.186 19.9096 0.305487 0.562975 5.06678 80 2 25 10 22696 0 
-110.167 19.9097 0.305562 0.562975 5.06678 80 2 25 10 22697 0 
-110.148 19.9098 0.305635 0.562975 5.06678 80 2 25 10 22698 0 
-110.13 19.9099 0.305708 0.562975 5.06678 80 2 25 10 22699 0 
-110.111 19.91 0.305781 0.562975 5.06678 80 2 25 10 22700 0 
-110.092 19.9101 0.305852 0.562975 5.06678 80 2 25 10 22701 0 
-110.073 19.9102 0.305922 0.562975 5.06678 80 2 25 10 22702 0 
-110.055 19.9103 0.305992 0.562975 5.06678 80 2 25 10 22703 0 
-110.036 19.9104 0.306061 0.562975 5.06678 80 2 25 10 22704 0 
-110.017 19.9105 0.30613 0.562975 5.06678 80 2 25 10 22705 0 
-109.998 19.9107 0.306197 0.562975 5.06678 80 2 25 10 22706 0 
-109.979 19.9108 0.306264 0.562975 5.06678 80 2 25 10 22707 0 
-109.961 19.9109 0.30633 0.562975 5.06678 80 2 25 10 22708 0 
-109.942 19.911 0.306396 0.562975 5.06678 80 2 25 10 22709 0 
-109.923 19.9111 0.306461 0.562975 5.06678 80 2 25 10 22710 0 
-109.904 19.9112 0.306525 0.562975 5.06678 80 2 25 10 22711 0 
-109.886 19.9113 0.306588 0.562975 5.06678 80 2 25 10 22712 0 
-109.867 19.9114 0.306651 0.562975 5.06678 80 2 25 10 22713 0 
-109.848 19.9115 0.306713 0.562975 5.06678 80 2 25 10 22714 0 
-109.829 19.9116 0.306775 0.562975 5.06678 80 2 25 10 22715 0 
-109.811 19.9117 0.306836 0.562975 5.06678 80 2 25 10 22716 0 
-109.792 19.9118 0.306896 0.562975 5.06678 80 2 25 10 22717 0 
-109.773 19.9119 0.306956 0.562975 5.06678 80 2 25 10 22718 0 
-109.754 19.912 0.307015 0.562975 5.06678 80 2 25 10 22719 0 
-109.735 19.9121 0.307074 0.562975 5.06678 80 2 25 10 22720 0 
-109.717 19.9122 0.307132 0.562975 5.06678 80 2 25 10 22721 0 
-109.698 19.9123 0.30719 0.562975 5.06678 80 2 25 10 22722 0 
-109.679 19.9124 0.307247 0.562975 5.06678 80 2 25 10 22723 0 
-109.66 19.9125 0.307303 0.562975 5.06678 80 2 25 10 22724 0 
-109.642 19.9126 0.307359 0.562975 5.06678 80 2 25 10 22725 0 
-109.623 19.9127 0.307414 0.562975 5.06678 80 2 25 10 22726 0 
-109.604 19.9128 0.307469 0.562975 5.06678 80 2 25 10 22727 0 
-109.585 19.9129 0.307524 0.562975 5.06678 80 2 25 10 22728 0 
-109.567 19.913 0.307578 0.562975 5.06678 80 2 25 10 22729 0 
-109.548 19.9131 0.307631 0.562975 5.06678 80 2 25 10 22730 0 
-109.529 19.9132 0.307684 0.562975 5.06678 80 2 25 10 22731 0 
-109.51 19.9133 0.307736 0.562975 5.06678 80 2 25 10 22732 0 
-109.492 19.9134 0.307788 0.562975 5.06678 80 2 25 10 22733 0 
-109.473 19.9135 0.30784 0.562975 5.06678 80 2 25 10 22734 0 
-109.454 19.9136 0.307891 0.562975 5.06678 80 2 25 10 22735 0 
-109.435 19.9137 0.307942 0.562975 5.06678 80 2 25 10 22736 0 
-109.416 19.9138 0.307992 0.562975 5.06678 80 2 25 10 22737 0 
-109.398 19.9139 0.308042 0.562975 5.06678 80 2 25 10 22738 0 
-109.379 19.914 0.308091 0.562975 5.06678 80 2 25 10 22739 0 
-109.36 19.9141 0.30814 0.562975 5.06678 80 2 25 10 22740 0 
-109.341 19.9142 0.308189 0.562975 5.06678 80 2 25 10 22741 0 
-109.323 19.9143 0.308237 0.562975 5.06678 80 2 25 10 22742 0 
-109.304 19.9144 0.308285 0.562975 5.06678 80 2 25 10 22743 0 
-109.285 19.9145 0.308332 0.562975 5.06678 80 2 25 10 22744 0 
-109.266 19.9146 0.30838 0.562975 5.06678 80 2 25 10 22745 0 
-109.248 19.9147 0.308426 0.562975 5.06678 80 2 25 10 22746 0 
-109.229 19.9148 0.308473 0.562975 5.06678 80 2 25 10 22747 0 
-109.21 19.9149 0.308519 0.562975 5.06678 80 2 25 10 22748 0 
-109.191 19.915 0.308564 0.562975 5.06678 80 2 25 10 22749 0 
-109.172 19.9151 0.308609 0.562975 5.06678 80 2 25 10 22750 0 
-109.154 19.9152 0.308654 0.562975 5.06678 80 2 25 10 22751 0 
-109.135 19.9153 0.308699 0.562975 5.06678 80 2 25 10 22752 0 
-109.116 19.9154 0.308743 0.562975 5.06678 80 2 25 10 22753 0 
-109.097 19.9155 0.308787 0.562975 5.06678 80 2 25 10 22754 0 
-109.079 19.9156 0.308831 0.562975 5.06678 80 2 25 10 22755 0 
-109.06 19.9157 0.308874 0.562975 5.06678 80 2 25 10 22756 0 
-109.041 19.9158 0.308917 0.562975 5.06678 80 2 25 10 22757 0 
-109.022 19.9159 0.30896 0.562975 5.06678 80 2 25 10 22758 0 
-109.004 19.916 0.309003 0.562975 5.06678 80 2 25 10 22759 0 
-108.985 19.9161 0.309045 0.562975 5.06678 80 2 25 10 22760 0 
-108.966 19.9162 0.309087 0.562975 5.06678 80 2 25 10 22761 0 
-108.947 19.9163 0.309128 0.562975 5.06678 80 2 25 10 22762 0 
-108.928 19.9164 0.30917 0.562975 5.06678 80 2 25 10 22763 0 
-108.91 19.9165 0.309211 0.562975 5.06678 80 2 25 10 22764 0 
-108.891 19.9166 0.309251 0.562975 5.06678 80 2 25 10 22765 0 
-108.872 19.9167 0.309292 0.562975 5.06678 80 2 25 10 22766 0 
-108.853 19.9168 0.309332 0.562975 5.06678 80 2 25 10 22767 0 
-108.835 19.9169 0.309372 0.562975 5.06678 80 2 25 10 22768 0 
-108.816 19.917 0.309412 0.562975 5.06678 80 2 25 10 22769 0 
-108.797 19.9171 0.309452 0.562975 5.06678 80 2 25 10 22770 0 
-108.778 19.9172 0.309491 0.562975 5.06678 80 2 25 10 22771 0 
-108.76 19.9173 0.30953 0.562975 5.06678 80 2 25 10 22772 0 
-108.741 19.9174 0.309569 0.562975 5.06678 80 2 25 10 22773 0 
-108.722 19.9175 0.309607 0.562975 5.06678 80 2 25 10 22774 0 
-108.703 19.9176 0.309646 0.562975 5.06678 80 2 25 10 22775 0 
-108.684 19.9177 0.309684 0.562975 5.06678 80 2 25 10 22776 0 
-108.666 19.9178 0.309722 0.562975 5.06678 80 2 25 10 22777 0 
-108.647 19.9179 0.309759 0.562975 5.06678 80 2 25 10 22778 0 
-108.628 19.918 0.309797 0.562975 5.06678 80 2 25 10 22779 0 
-108.609 19.9181 0.309834 0.562975 5.06678 80 2 25 10 22780 0 
-108.591 19.9182 0.309871 0.562975 5.06678 80 2 25 10 22781 0 
-108.572 19.9183 0.309908 0.562975 5.06678 80 2 25 10 22782 0 
-108.553 19.9184 0.309945 0.562975 5.06678 80 2 25 10 22783 0 
-108.534 19.9185 0.309981 0.562975 5.06678 80 2 25 10 22784 0 
-108.516 19.9186 0.310018 0.562975 5.06678 80 2 25 10 22785 0 
-108.497 19.9187 0.310054 0.562975 5.06678 80 2 25 10 22786 0 
-108.478 19.9188 0.31009 0.562975 5.06678 80 2 25 10 22787 0 
-108.459 19.9189 0.310126 0.562975 5.06678 80 2 25 10 22788 0 
-108.44 19.919 0.310161 0.562975 5.06678 80 2 25 10 22789 0 
-108.422 19.9191 0.310197 0.562975 5.06678 80 2 25 10 22790 0 
-108.403 19.9192 0.310232 0.562975 5.06678 80 2 25 10 22791 0 
-108.384 19.9193 0.310267 0.562975 5.06678 80 2 25 10 22792 0 
-108.365 19.9194 0.310302 0.562975 5.06678 80 2 25 10 22793 0 
-108.347 19.9195 0.310337 0.562975 5.06678 80 2 25 10 22794 0 
-108.328 19.9196 0.310371 0.562975 5.06678 80 2 25 10 22795 0 
-108.309 19.9197 0.310406 0.562975 5.06678 80 2 25 10 22796 0 
-108.29 19.9198 0.31044 0.562975 5.06678 80 2 25 10 22797 0 
-108.272 19.92 0.310474 0.562975 5.06678 80 2 25 10 22798 0 
-108.253 19.9201 0.310508 0.562975 5.06678 80 2 25 10 22799 0 
-108.234 19.9202 0.310542 0.562975 5.06678 80 2 25 10 22800 0 
-108.215 19.9203 0.310576 0.562975 5.06678 80 2 25 10 22801 0 
-108.196 19.9204 0.310609 0.562975 5.06678 80 2 25 10 22802 0 
-108.178 19.9205 0.310643 0.562975 5.06678 80 2 25 10 22803 0 
-108.159 19.9206 0.310676 0.562975 5.06678 80 2 25 10 22804 0 
-108.14 19.9207 0.310709 0.562975 5.06678 80 2 25 10 22805 0 
-108.121 19.9208 0.310742 0.562975 5.06678 80 2 25 10 22806 0 
-108.103 19.9209 0.310775 0.562975 5.06678 80 2 25 10 22807 0 
-108.084 19.921 0.310808 0.562975 5.06678 80 2 25 10 22808 0 
-108.065 19.9211 0.310841 0.562975 5.06678 80 2 25 10 22809 0 
-108.046 19.9212 0.310873 0.562975 5.06678 80 2 25 10 22810 0 
-108.028 19.9213 0.310906 0.562975 5.06678 80 2 25 10 22811 0 
-108.009 19.9214 0.310938 0.562975 5.06678 80 2 25 10 22812 0 
-107.99 19.9215 0.31097 0.562975 5.06678 80 2 25 10 22813 0 
-107.971 19.9216 0.311002 0.562975 5.06678 80 2 25 10 22814 0 
-107.953 19.9217 0.311034 0.562975 5.06678 80 2 25 10 22815 0 
-107.934 19.9218 0.311066 0.562975 5.06678 80 2 25 10 22816 0 
-107.915 19.9219 0.311098 0.562975 5.06678 80 2 25 10 22817 0 
-107.896 19.922 0.311129 0.562975 5.06678 80 2 25 10 22818 0 
-107.877 19.9221 0.311161 0.562975 5.06678 80 2 25 10 22819 0 
-107.859 19.9222 0.311192 0.562975 5.06678 80 2 25 10 22820 0 
-107.84 19.9223 0.311224 0.562975 5.06678 80 2 25 10 22821 0 
-107.821 19.9224 0.311255 0.562975 5.06678 80 2 25 10 22822 0 
-107.802 19.9225 0.311286 0.562975 5.06678 80 2 25 10 22823 0 
-107.784 19.9226 0.311317 0.562975 5.06678 80 2 25 10 22824 0 
-107.765 19.9227 0.311348 0.562975 5.06678 80 2 25 10 22825 0 
-107.746 19.9228 0.311379 0.562975 5.06678 80 2 25 10 22826 0 
-107.727 19.9229 0.311409 0.562975 5.06678 80 2 25 10 22827 0 
-107.709 19.923 0.31144 0.562975 5.06678 80 2 25 10 22828 0 
-107.69 19.9231 0.311471 0.562975 5.06678 80 2 25 10 22829 0 
-107.671 19.9232 0.311501 0.562975 5.06678 80 2 25 10 22830 0 
-107.652 19.9233 0.311532 0.562975 5.06678 80 2 25 10 22831 0 
-107.633 19.9234 0.311562 0.562975 5.06678 80 2 25 10 22832 0 
-107.615 19.9235 0.311592 0.562975 5.06678 80 2 25 10 22833 0 
-107.596 19.9236 0.311622 0.562975 5.06678 80 2 25 10 22834 0 
-107.577 19.9237 0.311652 0.562975 5.06678 80 2 25 10 22835 0 
-107.558 19.9238 0.311682 0.562975 5.06678 80 2 25 10 22836 0 
-107.54 19.9239 0.311712 0.562975 5.06678 80 2 25 10 22837 0 
-107.521 19.924 0.311742 0.562975 5.06678 80 2 25 10 22838 0 
-107.502 19.9241 0.311772 0.562975 5.06678 80 2 25 10 22839 0 
-107.483 19.9242 0.311802 0.562975 5.06678 80 2 25 10 22840 0 
-107.465 19.9243 0.311831 0.562975 5.06678 80 2 25 10 22841 0 
-107.446 19.9244 0.311861 0.562975 5.06678 80 2 25 10 22842 0 
-107.427 19.9245 0.31189 0.562975 5.06678 80 2 25 10 22843 0 
-107.408 19.9246 0.31192 0.562975 5.06678 80 2 25 10 22844 0 
-107.389 19.9247 0.311949 0.562975 5.06678 80 2 25 10 22845 0 
-107.371 19.9248 0.311978 0.562975 5.06678 80 2 25 10 22846 0 
-107.352 19.9249 0.312008 0.562975 5.06678 80 2 25 10 22847 0 
-107.333 19.925 0.312037 0.562975 5.06678 80 2 25 10 22848 0 
-107.314 19.9251 0.312066 0.562975 5.06678 80 2 25 10 22849 0 
-107.296 19.9252 0.312095 0.562975 5.06678 80 2 25 10 22850 0 
-107.277 19.9253 0.312124 0.562975 5.06678 80 2 25 10 22851 0 
-107.258 19.9254 0.312153 0.562975 5.06678 80 2 25 10 22852 0 
-107.239 19.9256 0.312182 0.562975 5.06678 80 2 25 10 22853 0 
-107.221 19.9257 0.31221 0.562975 5.06678 80 2 25 10 22854 0 
-107.202 19.9258 0.312239 0.562975 5.06678 80 2 25 10 22855 0 
-107.183 19.9259 0.312268 0.562975 5.06678 80 2 25 10 22856 0 
-107.164 19.926 0.312296 0.562975 5.06678 80 2 25 10 22857 0 
-107.145 19.9261 0.312325 0.562975 5.06678 80 2 25 10 22858 0 
-107.127 19.9262 0.312353 0.562975 5.06678 80 2 25 10 22859 0 
-107.108 19.9263 0.312382 0.562975 5.06678 80 2 25 10 22860 0 
-107.089 19.9264 0.31241 0.562975 5.06678 80 2 25 10 22861 0 
-107.07 19.9265 0.312439 0.562975 5.06678 80 2 25 10 22862 0 
-107.052 19.9266 0.312467 0.562975 5.06678 80 2 25 10 22863 0 
-107.033 19.9267 0.312495 0.562975 5.06678 80 2 25 10 22864 0 
-107.014 19.9268 0.312524 0.562975 5.06678 80 2 25 10 22865 0 
-106.995 19.9269 0.312552 0.562975 5.06678 80 2 25 10 22866 0 
-106.977 19.927 0.31258 0.562975 5.06678 80 2 25 10 22867 0 
-106.958 19.9271 0.312608 0.562975 5.06678 80 2 25 10 22868 0 
-106.939 19.9272 0.312636 0.562975 5.06678 80 2 25 10 22869 0 
-106.92 19.9273 0.312664 0.562975 5.06678 80 2 25 10 22870 0 
-106.901 19.9274 0.312692 0.562975 5.06678 80 2 25 10 22871 0 
-106.883 19.9275 0.31272 0.562975 5.06678 80 2 25 10 22872 0 
-106.864 19.9276 0.312748 0.562975 5.06678 80 2 25 10 22873 0 
-106.845 19.9277 0.312776 0.562975 5.06678 80 2 25 10 22874 0 
-106.826 19.9278 0.312803 0.562975 5.06678 80 2 25 10 22875 0 
-106.808 19.9279 0.312831 0.562975 5.06678 80 2 25 10 22876 0 
-106.789 19.928 0.312859 0.562975 5.06678 80 2 25 10 22877 0 
-106.77 19.9281 0.312887 0.562975 5.06678 80 2 25 10 22878 0 
-106.751 19.9282 0.312914 0.562975 5.06678 80 2 25 10 22879 0 
-106.733 19.9283 0.312942 0.562975 5.06678 80 2 25 10 22880 0 
-106.714 19.9284 0.31297 0.562975 5.06678 80 2 25 10 22881 0 
-106.695 19.9285 0.312997 0.562975 5.06678 80 2 25 10 22882 0 
-106.676 19.9286 0.313025 0.562975 5.06678 80 2 25 10 22883 0 
-106.657 19.9287 0.313052 0.562975 5.06678 80 2 25 10 22884 0 
-106.639 19.9288 0.31308 0.562975 5.06678 80 2 25 10 22885 0 
-106.62 19.9289 0.313107 0.562975 5.06678 80 2 25 10 22886 0 
-106.601 19.9291 0.313135 0.562975 5.06678 80 2 25 10 22887 0 
-106.582 19.9292 0.313162 0.562975 5.06678 80 2 25 10 22888 0 
-106.564 19.9293 0.313189 0.562975 5.06678 80 2 25 10 22889 0 
-106.545 19.9294 0.313217 0.562975 5.06678 80 2 25 10 22890 0 
-106.526 19.9295 0.313244 0.562975 5.06678 80 2 25 10 22891 0 
-106.507 19.9296 0.313271 0.562975 5.06678 80 2 25 10 22892 0 
-106.489 19.9297 0.313298 0.562975 5.06678 80 2 25 10 22893 0 
-106.47 19.9298 0.313326 0.562975 5.06678 80 2 25 10 22894 0 
-106.451 19.9299 0.313353 0.562975 5.06678 80 2 25 10 22895 0 
-106.432 19.93 0.31338 0.562975 5.06678 80 2 25 10 22896 0 
-106.414 19.9301 0.313407 0.562975 5.06678 80 2 25 10 22897 0 
-106.395 19.9302 0.313434 0.562975 5.06678 80 2 25 10 22898 0 
-106.376 19.9303 0.313461 0.562975 5.06678 80 2 25 10 22899 0 
-106.357 19.9304 0.313488 0.562975 5.06678 80 2 25 10 22900 0 
-106.338 19.9305 0.313515 0.562975 5.06678 80 2 25 10 22901 0 
-106.32 19.9306 0.313542 0.562975 5.06678 80 2 25 10 22902 0 
-106.301 19.9307 0.313569 0.562975 5.06678 80 2 25 10 22903 0 
-106.282 19.9308 0.313596 0.562975 5.06678 80 2 25 10 22904 0 
-106.263 19.9309 0.313623 0.562975 5.06678 80 2 25 10 22905 0 
-106.245 19.931 0.31365 0.562975 5.06678 80 2 25 10 22906 0 
-106.226 19.9311 0.313677 0.562975 5.06678 80 2 25 10 22907 0 
-106.207 19.9312 0.313704 0.562975 5.06678 80 2 25 10 22908 0 
-106.188 19.9313 0.313731 0.562975 5.06678 80 2 25 10 22909 0 
-106.17 19.9314 0.313758 0.562975 5.06678 80 2 25 10 22910 0 
-106.151 19.9315 0.313784 0.562975 5.06678 80 2 25 10 22911 0 
-106.132 19.9316 0.313811 0.562975 5.06678 80 2 25 10 22912 0 
-106.113 19.9317 0.313838 0.562975 5.06678 80 2 25 10 22913 0 
-106.094 19.9318 0.313865 0.562975 5.06678 80 2 25 10 22914 0 
-106.076 19.9319 0.313892 0.562975 5.06678 80 2 25 10 22915 0 
-106.057 19.932 0.313918 0.562975 5.06678 80 2 25 10 22916 0 
-106.038 19.9321 0.313945 0.562975 5.06678 80 2 25 10 22917 0 
-106.019 19.9322 0.313972 0.562975 5.06678 80 2 25 10 22918 0 
-106.001 19.9323 0.313998 0.562975 5.06678 80 2 25 10 22919 0 
-105.982 19.9325 0.314025 0.562975 5.06678 80 2 25 10 22920 0 
-105.963 19.9326 0.314052 0.562975 5.06678 80 2 25 10 22921 0 
-105.944 19.9327 0.314078 0.562975 5.06678 80 2 25 10 22922 0 
-105.926 19.9328 0.314105 0.562975 5.06678 80 2 25 10 22923 0 
-105.907 19.9329 0.314132 0.562975 5.06678 80 2 25 10 22924 0 
-105.888 19.933 0.314158 0.562975 5.06678 80 2 25 10 22925 0 
-105.869 19.9331 0.314185 0.562975 5.06678 80 2 25 10 22926 0 
-105.85 19.9332 0.314212 0.562975 5.06678 80 2 25 10 22927 0 
-105.832 19.9333 0.314238 0.562975 5.06678 80 2 25 10 22928 0 
-105.813 19.9334 0.314265 0.562975 5.06678 80 2 25 10 22929 0 
-105.794 19.9335 0.314291 0.562975 5.06678 80 2 25 10 22930 0 
-105.775 19.9336 0.314318 0.562975 5.06678 80 2 25 10 22931 0 
-105.757 19.9337 0.314344 0.562975 5.06678 80 2 25 10 22932 0 
-105.738 19.9338 0.314371 0.562975 5.06678 80 2 25 10 22933 0 
-105.719 19.9339 0.314397 0.562975 5.06678 80 2 25 10 22934 0 
-105.7 19.934 0.314424 0.562975 5.06678 80 2 25 10 22935 0 
-105.682 19.9341 0.31445 0.562975 5.06678 80 2 25 10 22936 0 
-105.663 19.9342 0.314477 0.562975 5.06678 80 2 25 10 22937 0 
-105.644 19.9343 0.314503 0.562975 5.06678 80 2 25 10 22938 0 
-105.625 19.9344 0.31453 0.562975 5.06678 80 2 25 10 22939 0 
-105.606 19.9345 0.314556 0.562975 5.06678 80 2 25 10 22940 0 
-105.588 19.9346 0.314582 0.562975 5.06678 80 2 25 10 22941 0 
-105.569 19.9347 0.314609 0.562975 5.06678 80 2 25 10 22942 0 
-105.55 19.9348 0.314635 0.562975 5.06678 80 2 25 10 22943 0 
-105.531 19.9349 0.314662 0.562975 5.06678 80 2 25 10 22944 0 
-105.513 19.935 0.314688 0.562975 5.06678 80 2 25 10 22945 0 
-105.494 19.9351 0.314714 0.562975 5.06678 80 2 25 10 22946 0 
-105.475 19.9352 0.314741 0.562975 5.06678 80 2 25 10 22947 0 
-105.456 19.9353 0.314767 0.562975 5.06678 80 2 25 10 22948 0 
-105.438 19.9354 0.314794 0.562975 5.06678 80 2 25 10 22949 0 
-105.419 19.9355 0.31482 0.562975 5.06678 80 2 25 10 22950 0 
-105.4 19.9356 0.314846 0.562975 5.06678 80 2 25 10 22951 0 
-105.381 19.9357 0.314873 0.562975 5.06678 80 2 25 10 22952 0 
-105.362 19.9359 0.314899 0.562975 5.06678 80 2 25 10 22953 0 
-105.344 19.936 0.314925 0.562975 5.06678 80 2 25 10 22954 0 
-105.325 19.9361 0.314952 0.562975 5.06678 80 2 25 10 22955 0 
-105.306 19.9362 0.314978 0.562975 5.06678 80 2 25 10 22956 0 
-105.287 19.9363 0.315004 0.562975 5.06678 80 2 25 10 22957 0 
-105.269 19.9364 0.31503 0.562975 5.06678 80 2 25 10 22958 0 
-105.25 19.9365 0.315057 0.562975 5.06678 80 2 25 10 22959 0 
-105.231 19.9366 0.315083 0.562975 5.06678 80 2 25 10 22960 0 
-105.212 19.9367 0.315109 0.562975 5.06678 80 2 25 10 22961 0 
-105.194 19.9368 0.315136 0.562975 5.06678 80 2 25 10 22962 0 
-105.175 19.9369 0.315162 0.562975 5.06678 80 2 25 10 22963 0 
-105.156 19.937 0.315188 0.562975 5.06678 80 2 25 10 22964 0 
-105.137 19.9371 0.315214 0.562975 5.06678 80 2 25 10 22965 0 
-105.118 19.9372 0.315241 0.562975 5.06678 80 2 25 10 22966 0 
-105.1 19.9373 0.315267 0.562975 5.06678 80 2 25 10 22967 0 
-105.081 19.9374 0.315293 0.562975 5.06678 80 2 25 10 22968 0 
-105.062 19.9375 0.315319 0.562975 5.06678 80 2 25 10 22969 0 
-105.043 19.9376 0.315346 0.562975 5.06678 80 2 25 10 22970 0 
-105.025 19.9377 0.315372 0.562975 5.06678 80 2 25 10 22971 0 
-105.006 19.9378 0.315398 0.562975 5.06678 80 2 25 10 22972 0 
-104.987 19.9379 0.315424 0.562975 5.06678 80 2 25 10 22973 0 
-104.968 19.938 0.315451 0.562975 5.06678 80 2 25 10 22974 0 
-104.95 19.9381 0.315477 0.562975 5.06678 80 2 25 10 22975 0 
-104.931 19.9382 0.315503 0.562975 5.06678 80 2 25 10 22976 0 
-104.912 19.9383 0.315529 0.562975 5.06678 80 2 25 10 22977 0 
-104.893 19.9384 0.315556 0.562975 5.06678 80 2 25 10 22978 0 
-104.875 19.9385 0.315582 0.562975 5.06678 80 2 25 10 22979 0 
-104.856 19.9386 0.315608 0.562975 5.06678 80 2 25 10 22980 0 
-104.837 19.9387 0.315634 0.562975 5.06678 80 2 25 10 22981 0 
-104.818 19.9388 0.315661 0.562975 5.06678 80 2 25 10 22982 0 
-104.799 19.9389 0.315687 0.562975 5.06678 80 2 25 10 22983 0 
-104.781 19.939 0.315713 0.562975 5.06678 80 2 25 10 22984 0 
-104.762 19.9391 0.315739 0.562975 5.06678 80 2 25 10 22985 0 
-104.743 19.9392 0.315765 0.562975 5.06678 80 2 25 10 22986 0 
-104.724 19.9394 0.315792 0.562975 5.06678 80 2 25 10 22987 0 
-104.706 19.9395 0.315818 0.562975 5.06678 80 2 25 10 22988 0 
-104.687 19.9396 0.315844 0.562975 5.06678 80 2 25 10 22989 0 
-104.668 19.9397 0.31587 0.562975 5.06678 80 2 25 10 22990 0 
-104.649 19.9398 0.315896 0.562975 5.06678 80 2 25 10 22991 0 
-104.631 19.9399 0.315923 0.562975 5.06678 80 2 25 10 22992 0 
-104.612 19.94 0.315949 0.562975 5.06678 80 2 25 10 22993 0 
-104.593 19.9401 0.315975 0.562975 5.06678 80 2 25 10 22994 0 
-104.574 19.9402 0.316001 0.562975 5.06678 80 2 25 10 22995 0 
-104.555 19.9403 0.316027 0.562975 5.06678 80 2 25 10 22996 0 
-104.537 19.9404 0.316054 0.562975 5.06678 80 2 25 10 22997 0 
-104.518 19.9405 0.31608 0.562975 5.06678 80 2 25 10 22998 0 
-104.499 19.9406 0.316106 0.562975 5.06678 80 2 25 10 22999 0 
-104.48 19.9407 0.316132 0.562975 5.06678 80 2 25 10 23000 0 
-104.462 19.9408 0.316158 0.562975 5.06678 80 2 25 10 23001 0 
-104.443 19.9409 0.316185 0.562975 5.06678 80 2 25 10 23002 0 
-104.424 19.941 0.316211 0.562975 5.06678 80 2 25 10 23003 0 
-104.405 19.9411 0.316237 0.562975 5.06678 80 2 25 10 23004 0 
-104.387 19.9412 0.316263 0.562975 5.06678 80 2 25 10 23005 0 
-104.368 19.9413 0.316289 0.562975 5.06678 80 2 25 10 23006 0 
-104.349 19.9414 0.316316 0.562975 5.06678 80 2 25 10 23007 0 
-104.33 19.9415 0.316342 0.562975 5.06678 80 2 25 10 23008 0 
-104.311 19.9416 0.316368 0.562975 5.06678 80 2 25 10 23009 0 
-104.293 19.9417 0.316394 0.562975 5.06678 80 2 25 10 23010 0 
-104.274 19.9418 0.31642 0.562975 5.06678 80 2 25 10 23011 0 
-104.255 19.9419 0.316447 0.562975 5.06678 80 2 25 10 23012 0 
-104.236 19.942 0.316473 0.562975 5.06678 80 2 25 10 23013 0 
-104.218 19.9421 0.316499 0.562975 5.06678 80 2 25 10 23014 0 
-104.199 19.9422 0.316525 0.562975 5.06678 80 2 25 10 23015 0 
-104.18 19.9423 0.316551 0.562975 5.06678 80 2 25 10 23016 0 
-104.161 19.9424 0.316578 0.562975 5.06678 80 2 25 10 23017 0 
-104.143 19.9425 0.316604 0.562975 5.06678 80 2 25 10 23018 0 
-104.124 19.9426 0.31663 0.562975 5.06678 80 2 25 10 23019 0 
-104.105 19.9428 0.316656 0.562975 5.06678 80 2 25 10 23020 0 
-104.086 19.9429 0.316683 0.562975 5.06678 80 2 25 10 23021 0 
-104.067 19.943 0.316709 0.562975 5.06678 80 2 25 10 23022 0 
-104.049 19.9431 0.316735 0.562975 5.06678 80 2 25 10 23023 0 
-104.03 19.9432 0.316761 0.562975 5.06678 80 2 25 10 23024 0 
-104.011 19.9433 0.316787 0.562975 5.06678 80 2 25 10 23025 0 
-103.992 19.9434 0.316814 0.562975 5.06678 80 2 25 10 23026 0 
-103.974 19.9435 0.31684 0.562975 5.06678 80 2 25 10 23027 0 
-103.955 19.9436 0.316866 0.562975 5.06678 80 2 25 10 23028 0 
-103.936 19.9437 0.316892 0.562975 5.06678 80 2 25 10 23029 0 
-103.917 19.9438 0.316919 0.562975 5.06678 80 2 25 10 23030 0 
-103.899 19.9439 0.316945 0.562975 5.06678 80 2 25 10 23031 0 
-103.88 19.944 0.316971 0.562975 5.06678 80 2 25 10 23032 0 
-103.861 19.9441 0.316997 0.562975 5.06678 80 2 25 10 23033 0 
-103.842 19.9442 0.317024 0.562975 5.06678 80 2 25 10 23034 0 
-103.823 19.9443 0.31705 0.562975 5.06678 80 2 25 10 23035 0 
-103.805 19.9444 0.317076 0.562975 5.06678 80 2 25 10 23036 0 
-103.786 19.9445 0.317102 0.562975 5.06678 80 2 25 10 23037 0 
-103.767 19.9446 0.317129 0.562975 5.06678 80 2 25 10 23038 0 
-103.748 19.9447 0.317155 0.562975 5.06678 80 2 25 10 23039 0 
-103.73 19.9448 0.317181 0.562975 5.06678 80 2 25 10 23040 0 
-103.711 19.9449 0.317207 0.562975 5.06678 80 2 25 10 23041 0 
-103.692 19.945 0.317234 0.562975 5.06678 80 2 25 10 23042 0 
-103.673 19.9451 0.31726 0.562975 5.06678 80 2 25 10 23043 0 
-103.655 19.9452 0.317286 0.562975 5.06678 80 2 25 10 23044 0 
-103.636 19.9453 0.317313 0.562975 5.06678 80 2 25 10 23045 0 
-103.617 19.9454 0.317339 0.562975 5.06678 80 2 25 10 23046 0 
-103.598 19.9455 0.317365 0.562975 5.06678 80 2 25 10 23047 0 
-103.579 19.9456 0.317391 0.562975 5.06678 80 2 25 10 23048 0 
-103.561 19.9457 0.317418 0.562975 5.06678 80 2 25 10 23049 0 
-103.542 19.9458 0.317444 0.562975 5.06678 80 2 25 10 23050 0 
-103.523 19.9459 0.31747 0.562975 5.06678 80 2 25 10 23051 0 
-103.504 19.9461 0.317497 0.562975 5.06678 80 2 25 10 23052 0 
-103.486 19.9462 0.317523 0.562975 5.06678 80 2 25 10 23053 0 
-103.467 19.9463 0.317549 0.562975 5.06678 80 2 25 10 23054 0 
-103.448 19.9464 0.317575 0.562975 5.06678 80 2 25 10 23055 0 
-103.429 19.9465 0.317602 0.562975 5.06678 80 2 25 10 23056 0 
-103.411 19.9466 0.317628 0.562975 5.06678 80 2 25 10 23057 0 
-103.392 19.9467 0.317654 0.562975 5.06678 80 2 25 10 23058 0 
-103.373 19.9468 0.317681 0.562975 5.06678 80 2 25 10 23059 0 
-103.354 19.9469 0.317707 0.562975 5.06678 80 2 25 10 23060 0 
-103.336 19.947 0.317733 0.562975 5.06678 80 2 25 10 23061 0 
-103.317 19.9471 0.31776 0.562975 5.06678 80 2 25 10 23062 0 
-103.298 19.9472 0.317786 0.562975 5.06678 80 2 25 10 23063 0 
-103.279 19.9473 0.317812 0.562975 5.06678 80 2 25 10 23064 0 
-103.26 19.9474 0.317838 0.562975 5.06678 80 2 25 10 23065 0 
-103.242 19.9475 0.317865 0.562975 5.06678 80 2 25 10 23066 0 
-103.223 19.9476 0.317891 0.562975 5.06678 80 2 25 10 23067 0 
-103.204 19.9477 0.317917 0.562975 5.06678 80 2 25 10 23068 0 
-103.185 19.9478 0.317944 0.562975 5.06678 80 2 25 10 23069 0 
-103.167 19.9479 0.31797 0.562975 5.06678 80 2 25 10 23070 0 
-103.148 19.948 0.317996 0.562975 5.06678 80 2 25 10 23071 0 
-103.129 19.9482 0.318023 0.562975 5.06678 80 2 25 10 23072 0 
-103.11 19.9483 0.318049 0.562975 5.06678 80 2 25 10 23073 0 
-103.092 19.9484 0.318075 0.562975 5.06678 80 2 25 10 23074 0 
-103.073 19.9485 0.318102 0.562975 5.06678 80 2 25 10 23075 0 
-103.054 19.9486 0.318128 0.562975 5.06678 80 2 25 10 23076 0 
-103.035 19.9487 0.318154 0.562975 5.06678 80 2 25 10 23077 0 
-103.016 19.9488 0.318181 0.562975 5.06678 80 2 25 10 23078 0 
-102.998 19.9489 0.318207 0.562975 5.06678 80 2 25 10 23079 0 
-102.979 19.949 0.318233 0.562975 5.06678 80 2 25 10 23080 0 
-102.96 19.9491 0.31826 0.562975 5.06678 80 2 25 10 23081 0 
-102.941 19.9492 0.318286 0.562975 5.06678 80 2 25 10 23082 0 
-102.923 19.9493 0.318312 0.562975 5.06678 80 2 25 10 23083 0 
-102.904 19.9494 0.318339 0.562975 5.06678 80 2 25 10 23084 0 
-102.885 19.9495 0.318365 0.562975 5.06678 80 2 25 10 23085 0 
-102.866 19.9496 0.318392 0.562975 5.06678 80 2 25 10 23086 0 
-102.848 19.9497 0.318418 0.562975 5.06678 80 2 25 10 23087 0 
-102.829 19.9498 0.318444 0.562975 5.06678 80 2 25 10 23088 0 
-102.81 19.9499 0.318471 0.562975 5.06678 80 2 25 10 23089 0 
-102.791 19.95 0.318497 0.562975 5.06678 80 2 25 10 23090 0 
-102.772 19.9501 0.318523 0.562975 5.06678 80 2 25 10 23091 0 
-102.754 19.9503 0.31855 0.562975 5.06678 80 2 25 10 23092 0 
-102.735 19.9504 0.318576 0.562975 5.06678 80 2 25 10 23093 0 
-102.716 19.9505 0.318603 0.562975 5.06678 80 2 25 10 23094 0 
-102.697 19.9506 0.318629 0.562975 5.06678 80 2 25 10 23095 0 
-102.679 19.9507 0.318655 0.562975 5.06678 80 2 25 10 23096 0 
-102.66 19.9508 0.318682 0.562975 5.06678 80 2 25 10 23097 0 
-102.641 19.9509 0.318708 0.562975 5.06678 80 2 25 10 23098 0 
-102.622 19.951 0.318735 0.562975 5.06678 80 2 25 10 23099 0 
-102.604 19.9511 0.318761 0.562975 5.06678 80 2 25 10 23100 0 
-102.585 19.9512 0.318787 0.562975 5.06678 80 2 25 10 23101 0 
-102.566 19.9513 0.318814 0.562975 5.06678 80 2 25 10 23102 0 
-102.547 19.9514 0.31884 0.562975 5.06678 80 2 25 10 23103 0 
-102.528 19.9515 0.318867 0.562975 5.06678 80 2 25 10 23104 0 
-102.51 19.9516 0.318893 0.562975 5.06678 80 2 25 10 23105 0 
-102.491 19.9517 0.31892 0.562975 5.06678 80 2 25 10 23106 0 
-102.472 19.9518 0.318946 0.562975 5.06678 80 2 25 10 23107 0 
-102.453 19.9519 0.318973 0.562975 5.06678 80 2 25 10 23108 0 
-102.435 19.952 0.318999 0.562975 5.06678 80 2 25 10 23109 0 
-102.416 19.9521 0.319025 0.562975 5.06678 80 2 25 10 23110 0 
-102.397 19.9522 0.319052 0.562975 5.06678 80 2 25 10 23111 0 
-102.378 19.9523 0.319078 0.562975 5.06678 80 2 25 10 23112 0 
-102.36 19.9525 0.319105 0.562975 5.06678 80 2 25 10 23113 0 
-102.341 19.9526 0.319131 0.562975 5.06678 80 2 25 10 23114 0 
-102.322 19.9527 0.319158 0.562975 5.06678 80 2 25 10 23115 0 
-102.303 19.9528 0.319184 0.562975 5.06678 80 2 25 10 23116 0 
-102.284 19.9529 0.319211 0.562975 5.06678 80 2 25 10 23117 0 
-102.266 19.953 0.319237 0.562975 5.06678 80 2 25 10 23118 0 
-102.247 19.9531 0.319264 0.562975 5.06678 80 2 25 10 23119 0 
-102.228 19.9532 0.31929 0.562975 5.06678 80 2 25 10 23120 0 
-102.209 19.9533 0.319317 0.562975 5.06678 80 2 25 10 23121 0 
-102.191 19.9534 0.319343 0.562975 5.06678 80 2 25 10 23122 0 
-102.172 19.9535 0.31937 0.562975 5.06678 80 2 25 10 23123 0 
-102.153 19.9536 0.319396 0.562975 5.06678 80 2 25 10 23124 0 
-102.134 19.9537 0.319423 0.562975 5.06678 80 2 25 10 23125 0 
-102.116 19.9538 0.319449 0.562975 5.06678 80 2 25 10 23126 0 
-102.097 19.9539 0.319476 0.562975 5.06678 80 2 25 10 23127 0 
-102.078 19.954 0.319502 0.562975 5.06678 80 2 25 10 23128 0 
-102.059 19.9541 0.319529 0.562975 5.06678 80 2 25 10 23129 0 
-102.04 19.9542 0.319555 0.562975 5.06678 80 2 25 10 23130 0 
-102.022 19.9543 0.319582 0.562975 5.06678 80 2 25 10 23131 0 
-102.003 19.9544 0.319608 0.562975 5.06678 80 2 25 10 23132 0 
-101.984 19.9546 0.319635 0.562975 5.06678 80 2 25 10 23133 0 
-101.965 19.9547 0.319661 0.562975 5.06678 80 2 25 10 23134 0 
-101.947 19.9548 0.319688 0.562975 5.06678 80 2 25 10 23135 0 
-101.928 19.9549 0.319715 0.562975 5.06678 80 2 25 10 23136 0 
-101.909 19.955 0.319741 0.562975 5.06678 80 2 25 10 23137 0 
-101.89 19.9551 0.319768 0.562975 5.06678 80 2 25 10 23138 0 
-101.872 19.9552 0.319794 0.562975 5.06678 80 2 25 10 23139 0 
-101.853 19.9553 0.319821 0.562975 5.06678 80 2 25 10 23140 0 
-101.834 19.9554 0.319847 0.562975 5.06678 80 2 25 10 23141 0 
-101.815 19.9555 0.319874 0.562975 5.06678 80 2 25 10 23142 0 
-101.797 19.9556 0.319901 0.562975 5.06678 80 2 25 10 23143 0 
-101.778 19.9557 0.319927 0.562975 5.06678 80 2 25 10 23144 0 
-101.759 19.9558 0.319954 0.562975 5.06678 80 2 25 10 23145 0 
-101.74 19.9559 0.31998 0.562975 5.06678 80 2 25 10 23146 0 
-101.721 19.956 0.320007 0.562975 5.06678 80 2 25 10 23147 0 
-101.703 19.9561 0.320034 0.562975 5.06678 80 2 25 10 23148 0 
-101.684 19.9562 0.32006 0.562975 5.06678 80 2 25 10 23149 0 
-101.665 19.9563 0.320087 0.562975 5.06678 80 2 25 10 23150 0 
-101.646 19.9564 0.320114 0.562975 5.06678 80 2 25 10 23151 0 
-101.628 19.9565 0.32014 0.562975 5.06678 80 2 25 10 23152 0 
-101.609 19.9566 0.320167 0.562975 5.06678 80 2 25 10 23153 0 
-101.59 19.9568 0.320193 0.562975 5.06678 80 2 25 10 23154 0 
-101.571 19.9569 0.32022 0.562975 5.06678 80 2 25 10 23155 0 
-101.553 19.957 0.320247 0.562975 5.06678 80 2 25 10 23156 0 
-101.534 19.9571 0.320273 0.562975 5.06678 80 2 25 10 23157 0 
-101.515 19.9572 0.3203 0.562975 5.06678 80 2 25 10 23158 0 
-101.496 19.9573 0.320327 0.562975 5.06678 80 2 25 10 23159 0 
-101.477 19.9574 0.320353 0.562975 5.06678 80 2 25 10 23160 0 
-101.459 19.9575 0.32038 0.562975 5.06678 80 2 25 10 23161 0 
-101.44 19.9576 0.320407 0.562975 5.06678 80 2 25 10 23162 0 
-101.421 19.9577 0.320434 0.562975 5.06678 80 2 25 10 23163 0 
-101.402 19.9578 0.32046 0.562975 5.06678 80 2 25 10 23164 0 
-101.384 19.9579 0.320487 0.562975 5.06678 80 2 25 10 23165 0 
-101.365 19.958 0.320514 0.562975 5.06678 80 2 25 10 23166 0 
-101.346 19.9581 0.32054 0.562975 5.06678 80 2 25 10 23167 0 
-101.327 19.9582 0.320567 0.562975 5.06678 80 2 25 10 23168 0 
-101.309 19.9583 0.320594 0.562975 5.06678 80 2 25 10 23169 0 
-101.29 19.9584 0.320621 0.562975 5.06678 80 2 25 10 23170 0 
-101.271 19.9585 0.320647 0.562975 5.06678 80 2 25 10 23171 0 
-101.252 19.9586 0.320674 0.562975 5.06678 80 2 25 10 23172 0 
-101.233 19.9587 0.320701 0.562975 5.06678 80 2 25 10 23173 0 
-101.215 19.9589 0.320727 0.562975 5.06678 80 2 25 10 23174 0 
-101.196 19.959 0.320754 0.562975 5.06678 80 2 25 10 23175 0 
-101.177 19.9591 0.320781 0.562975 5.06678 80 2 25 10 23176 0 
-101.158 19.9592 0.320808 0.562975 5.06678 80 2 25 10 23177 0 
-101.14 19.9593 0.320834 0.562975 5.06678 80 2 25 10 23178 0 
-101.121 19.9594 0.320861 0.562975 5.06678 80 2 25 10 23179 0 
-101.102 19.9595 0.320888 0.562975 5.06678 80 2 25 10 23180 0 
-101.083 19.9596 0.320915 0.562975 5.06678 80 2 25 10 23181 0 
-101.065 19.9597 0.320942 0.562975 5.06678 80 2 25 10 23182 0 
-101.046 19.9598 0.320968 0.562975 5.06678 80 2 25 10 23183 0 
-101.027 19.9599 0.320995 0.562975 5.06678 80 2 25 10 23184 0 
-101.008 19.96 0.321022 0.562975 5.06678 80 2 25 10 23185 0 
-100.989 19.9601 0.321049 0.562975 5.06678 80 2 25 10 23186 0 
-100.971 19.9602 0.321076 0.562975 5.06678 80 2 25 10 23187 0 
-100.952 19.9603 0.321102 0.562975 5.06678 80 2 25 10 23188 0 
-100.933 19.9604 0.321129 0.562975 5.06678 80 2 25 10 23189 0 
-100.914 19.9605 0.321156 0.562975 5.06678 80 2 25 10 23190 0 
-100.896 19.9606 0.321183 0.562975 5.06678 80 2 25 10 23191 0 
-100.877 19.9607 0.32121 0.562975 5.06678 80 2 25 10 23192 0 
-100.858 19.9608 0.321237 0.562975 5.06678 80 2 25 10 23193 0 
-100.839 19.961 0.321263 0.562975 5.06678 80 2 25 10 23194 0 
-100.821 19.9611 0.32129 0.562975 5.06678 80 2 25 10 23195 0 
-100.802 19.9612 0.321317 0.562975 5.06678 80 2 25 10 23196 0 
-100.783 19.9613 0.321344 0.562975 5.06678 80 2 25 10 23197 0 
-100.764 19.9614 0.321371 0.562975 5.06678 80 2 25 10 23198 0 
-100.745 19.9615 0.321398 0.562975 5.06678 80 2 25 10 23199 0 
-100.727 19.9616 0.321425 0.562975 5.06678 80 2 25 10 23200 0 
-100.708 19.9617 0.321451 0.562975 5.06678 80 2 25 10 23201 0 
-100.689 19.9618 0.321478 0.562975 5.06678 80 2 25 10 23202 0 
-100.67 19.9619 0.321505 0.562975 5.06678 80 2 25 10 23203 0 
-100.652 19.962 0.321532 0.562975 5.06678 80 2 25 10 23204 0 
-100.633 19.9621 0.321559 0.562975 5.06678 80 2 25 10 23205 0 
-100.614 19.9622 0.321586 0.562975 5.06678 80 2 25 10 23206 0 
-100.595 19.9623 0.321613 0.562975 5.06678 80 2 25 10 23207 0 
-100.577 19.9624 0.32164 0.562975 5.06678 80 2 25 10 23208 0 
-100.558 19.9625 0.321667 0.562975 5.06678 80 2 25 10 23209 0 
-100.539 19.9626 0.321694 0.562975 5.06678 80 2 25 10 23210 0 
-100.52 19.9627 0.321721 0.562975 5.06678 80 2 25 10 23211 0 
-100.501 19.9628 0.321748 0.562975 5.06678 80 2 25 10 23212 0 
-100.483 19.9629 0.321774 0.562975 5.06678 80 2 25 10 23213 0 
-100.464 19.963 0.321801 0.562975 5.06678 80 2 25 10 23214 0 
-100.445 19.9632 0.321828 0.562975 5.06678 80 2 25 10 23215 0 
-100.426 19.9633 0.321855 0.562975 5.06678 80 2 25 10 23216 0 
-100.408 19.9634 0.321882 0.562975 5.06678 80 2 25 10 23217 0 
-100.389 19.9635 0.321909 0.562975 5.06678 80 2 25 10 23218 0 
-100.37 19.9636 0.321936 0.562975 5.06678 80 2 25 10 23219 0 
-100.351 19.9637 0.321963 0.562975 5.06678 80 2 25 10 23220 0 
-100.333 19.9638 0.32199 0.562975 5.06678 80 2 25 10 23221 0 
-100.314 19.9639 0.322017 0.562975 5.06678 80 2 25 10 23222 0 
-100.295 19.964 0.322044 0.562975 5.06678 80 2 25 10 23223 0 
-100.276 19.9641 0.322071 0.562975 5.06678 80 2 25 10 23224 0 
-100.257 19.9642 0.322098 0.562975 5.06678 80 2 25 10 23225 0 
-100.239 19.9643 0.322125 0.562975 5.06678 80 2 25 10 23226 0 
-100.22 19.9644 0.322152 0.562975 5.06678 80 2 25 10 23227 0 
-100.201 19.9645 0.322179 0.562975 5.06678 80 2 25 10 23228 0 
-100.182 19.9646 0.322206 0.562975 5.06678 80 2 25 10 23229 0 
-100.164 19.9647 0.322233 0.562975 5.06678 80 2 25 10 23230 0 
-100.145 19.9648 0.32226 0.562975 5.06678 80 2 25 10 23231 0 
-100.126 19.9649 0.322287 0.562975 5.06678 80 2 25 10 23232 0 
-100.107 19.965 0.322315 0.562975 5.06678 80 2 25 10 23233 0 
-100.089 19.9651 0.322342 0.562975 5.06678 80 2 25 10 23234 0 
-100.07 19.9653 0.322369 0.562975 5.06678 80 2 25 10 23235 0 
-100.051 19.9654 0.322396 0.562975 5.06678 80 2 25 10 23236 0 
-100.032 19.9655 0.322423 0.562975 5.06678 80 2 25 10 23237 0 
-100.014 19.9656 0.32245 0.562975 5.06678 80 2 25 10 23238 0 
-99.9947 19.9657 0.322477 0.562975 5.06678 80 2 25 10 23239 0 
-99.976 19.9658 0.322504 0.562975 5.06678 80 2 25 10 23240 0 
-99.9572 19.9659 0.322531 0.562975 5.06678 80 2 25 10 23241 0 
-99.9384 19.966 0.322558 0.562975 5.06678 80 2 25 10 23242 0 
-99.9197 19.9661 0.322585 0.562975 5.06678 80 2 25 10 23243 0 
-99.9009 19.9662 0.322612 0.562975 5.06678 80 2 25 10 23244 0 
-99.8821 19.9663 0.32264 0.562975 5.06678 80 2 25 10 23245 0 
-99.8634 19.9664 0.322667 0.562975 5.06678 80 2 25 10 23246 0 
-99.8446 19.9665 0.322694 0.562975 5.06678 80 2 25 10 23247 0 
-99.8258 19.9666 0.322721 0.562975 5.06678 80 2 25 10 23248 0 
-99.8071 19.9667 0.322748 0.562975 5.06678 80 2 25 10 23249 0 
-99.7883 19.9668 0.322775 0.562975 5.06678 80 2 25 10 23250 0 
-99.7695 19.9669 0.322802 0.562975 5.06678 80 2 25 10 23251 0 
-99.7508 19.967 0.32283 0.562975 5.06678 80 2 25 10 23252 0 
-99.732 19.9671 0.322857 0.562975 5.06678 80 2 25 10 23253 0 
-99.7132 19.9672 0.322884 0.562975 5.06678 80 2 25 10 23254 0 
-99.6945 19.9674 0.322911 0.562975 5.06678 80 2 25 10 23255 0 
-99.6757 19.9675 0.322938 0.562975 5.06678 80 2 25 10 23256 0 
-99.6569 19.9676 0.322965 0.562975 5.06678 80 2 25 10 23257 0 
-99.6381 19.9677 0.322993 0.562975 5.06678 80 2 25 10 23258 0 
-99.6194 19.9678 0.32302 0.562975 5.06678 80 2 25 10 23259 0 
-99.6006 19.9679 0.323047 0.562975 5.06678 80 2 25 10 23260 0 
-99.5818 19.968 0.323074 0.562975 5.06678 80 2 25 10 23261 0 
-99.5631 19.9681 0.323101 0.562975 5.06678 80 2 25 10 23262 0 
-99.5443 19.9682 0.323129 0.562975 5.06678 80 2 25 10 23263 0 
-99.5255 19.9683 0.323156 0.562975 5.06678 80 2 25 10 23264 0 
-99.5068 19.9684 0.323183 0.562975 5.06678 80 2 25 10 23265 0 
-99.488 19.9685 0.32321 0.562975 5.06678 80 2 25 10 23266 0 
-99.4692 19.9686 0.323238 0.562975 5.06678 80 2 25 10 23267 0 
-99.4505 19.9687 0.323265 0.562975 5.06678 80 2 25 10 23268 0 
-99.4317 19.9688 0.323292 0.562975 5.06678 80 2 25 10 23269 0 
-99.4129 19.9689 0.323319 0.562975 5.06678 80 2 25 10 23270 0 
-99.3942 19.969 0.323347 0.562975 5.06678 80 2 25 10 23271 0 
-99.3754 19.9691 0.323374 0.562975 5.06678 80 2 25 10 23272 0 
-99.3566 19.9693 0.323401 0.562975 5.06678 80 2 25 10 23273 0 
-99.3379 19.9694 0.323428 0.562975 5.06678 80 2 25 10 23274 0 
-99.3191 19.9695 0.323456 0.562975 5.06678 80 2 25 10 23275 0 
-99.3003 19.9696 0.323483 0.562975 5.06678 80 2 25 10 23276 0 
-99.2815 19.9697 0.32351 0.562975 5.06678 80 2 25 10 23277 0 
-99.2628 19.9698 0.323538 0.562975 5.06678 80 2 25 10 23278 0 
-99.244 19.9699 0.323565 0.562975 5.06678 80 2 25 10 23279 0 
-99.2252 19.97 0.323592 0.562975 5.06678 80 2 25 10 23280 0 
-99.2065 19.9701 0.323619 0.562975 5.06678 80 2 25 10 23281 0 
-99.1877 19.9702 0.323647 0.562975 5.06678 80 2 25 10 23282 0 
-99.1689 19.9703 0.323674 0.562975 5.06678 80 2 25 10 23283 0 
-99.1502 19.9704 0.323701 0.562975 5.06678 80 2 25 10 23284 0 
-99.1314 19.9705 0.323729 0.562975 5.06678 80 2 25 10 23285 0 
-99.1126 19.9706 0.323756 0.562975 5.06678 80 2 25 10 23286 0 
-99.0939 19.9707 0.323783 0.562975 5.06678 80 2 25 10 23287 0 
-99.0751 19.9709 0.323811 0.562975 5.06678 80 2 25 10 23288 0 
-99.0563 19.971 0.323838 0.562975 5.06678 80 2 25 10 23289 0 
-99.0376 19.9711 0.323865 0.562975 5.06678 80 2 25 10 23290 0 
-99.0188 19.9712 0.323893 0.562975 5.06678 80 2 25 10 23291 0 
-99 19.9713 0.32392 0.562975 5.06678 80 2 25 10 23292 0 
-98.9813 19.9714 0.323947 0.562975 5.06678 80 2 25 10 23293 0 
-98.9625 19.9715 0.323975 0.562975 5.06678 80 2 25 10 23294 0 
-98.9437 19.9716 0.324002 0.562975 5.06678 80 2 25 10 23295 0 
-98.9249 19.9717 0.324029 0.562975 5.06678 80 2 25 10 23296 0 
-98.9062 19.9718 0.324057 0.562975 5.06678 80 2 25 10 23297 0 
-98.8874 19.9719 0.324084 0.562975 5.06678 80 2 25 10 23298 0 
-98.8686 19.972 0.324111 0.562975 5.06678 80 2 25 10 23299 0 
-98.8499 19.9721 0.324139 0.562975 5.06678 80 2 25 10 23300 0 
-98.8311 19.9722 0.324166 0.562975 5.06678 80 2 25 10 23301 0 
-98.8123 19.9723 0.324194 0.562975 5.06678 80 2 25 10 23302 0 
-98.7936 19.9725 0.324221 0.562975 5.06678 80 2 25 10 23303 0 
-98.7748 19.9726 0.324248 0.562975 5.06678 80 2 25 10 23304 0 
-98.756 19.9727 0.324276 0.562975 5.06678 80 2 25 10 23305 0 
-98.7373 19.9728 0.324303 0.562975 5.06678 80 2 25 10 23306 0 
-98.7185 19.9729 0.324331 0.562975 5.06678 80 2 25 10 23307 0 
-98.6997 19.973 0.324358 0.562975 5.06678 80 2 25 10 23308 0 
-98.681 19.9731 0.324385 0.562975 5.06678 80 2 25 10 23309 0 
-98.6622 19.9732 0.324413 0.562975 5.06678 80 2 25 10 23310 0 
-98.6434 19.9733 0.32444 0.562975 5.06678 80 2 25 10 23311 0 
-98.6247 19.9734 0.324468 0.562975 5.06678 80 2 25 10 23312 0 
-98.6059 19.9735 0.324495 0.562975 5.06678 80 2 25 10 23313 0 
-98.5871 19.9736 0.324523 0.562975 5.06678 80 2 25 10 23314 0 
-98.5684 19.9737 0.32455 0.562975 5.06678 80 2 25 10 23315 0 
-98.5496 19.9738 0.324578 0.562975 5.06678 80 2 25 10 23316 0 
-98.5308 19.974 0.324605 0.562975 5.06678 80 2 25 10 23317 0 
-98.512 19.9741 0.324632 0.562975 5.06678 80 2 25 10 23318 0 
-98.4933 19.9742 0.32466 0.562975 5.06678 80 2 25 10 23319 0 
-98.4745 19.9743 0.324687 0.562975 5.06678 80 2 25 10 23320 0 
-98.4557 19.9744 0.324715 0.562975 5.06678 80 2 25 10 23321 0 
-98.437 19.9745 0.324742 0.562975 5.06678 80 2 25 10 23322 0 
-98.4182 19.9746 0.32477 0.562975 5.06678 80 2 25 10 23323 0 
-98.3994 19.9747 0.324797 0.562975 5.06678 80 2 25 10 23324 0 
-98.3807 19.9748 0.324825 0.562975 5.06678 80 2 25 10 23325 0 
-98.3619 19.9749 0.324852 0.562975 5.06678 80 2 25 10 23326 0 
-98.3431 19.975 0.32488 0.562975 5.06678 80 2 25 10 23327 0 
-98.3244 19.9751 0.324907 0.562975 5.06678 80 2 25 10 23328 0 
-98.3056 19.9752 0.324935 0.562975 5.06678 80 2 25 10 23329 0 
-98.2868 19.9753 0.324962 0.562975 5.06678 80 2 25 10 23330 0 
-98.2681 19.9754 0.32499 0.562975 5.06678 80 2 25 10 23331 0 
-98.2493 19.9756 0.325017 0.562975 5.06678 80 2 25 10 23332 0 
-98.2305 19.9757 0.325045 0.562975 5.06678 80 2 25 10 23333 0 
-98.2118 19.9758 0.325072 0.562975 5.06678 80 2 25 10 23334 0 
-98.193 19.9759 0.3251 0.562975 5.06678 80 2 25 10 23335 0 
-98.1742 19.976 0.325128 0.562975 5.06678 80 2 25 10 23336 0 
-98.1554 19.9761 0.325155 0.562975 5.06678 80 2 25 10 23337 0 
-98.1367 19.9762 0.325183 0.562975 5.06678 80 2 25 10 23338 0 
-98.1179 19.9763 0.32521 0.562975 5.06678 80 2 25 10 23339 0 
-98.0991 19.9764 0.325238 0.562975 5.06678 80 2 25 10 23340 0 
-98.0804 19.9765 0.325265 0.562975 5.06678 80 2 25 10 23341 0 
-98.0616 19.9766 0.325293 0.562975 5.06678 80 2 25 10 23342 0 
-98.0428 19.9767 0.325321 0.562975 5.06678 80 2 25 10 23343 0 
-98.0241 19.9768 0.325348 0.562975 5.06678 80 2 25 10 23344 0 
-98.0053 19.9769 0.325376 0.562975 5.06678 80 2 25 10 23345 0 
-97.9865 19.977 0.325403 0.562975 5.06678 80 2 25 10 23346 0 
-97.9678 19.9772 0.325431 0.562975 5.06678 80 2 25 10 23347 0 
-97.949 19.9773 0.325459 0.562975 5.06678 80 2 25 10 23348 0 
-97.9302 19.9774 0.325486 0.562975 5.06678 80 2 25 10 23349 0 
-97.9115 19.9775 0.325514 0.562975 5.06678 80 2 25 10 23350 0 
-97.9022 19.9775 -0.309785 0.562975 5.06678 80 2 25 10 23351 0 
-97.8835 19.9774 -0.299169 0.562975 5.06678 80 2 25 10 23352 0 
-97.8647 19.9773 -0.288729 0.562975 5.06678 80 2 25 10 23353 0 
-97.8554 19.9773 -0.918906 0.562975 5.06678 80 2 25 10 23354 0 
-97.8367 19.977 -0.898137 0.562975 5.06678 80 2 25 10 23355 0 
-97.8179 19.9767 -0.877712 0.562975 5.06678 80 2 25 10 23356 0 
-97.7992 19.9764 -0.857627 0.562975 5.06678 80 2 25 10 23357 0 
-97.7899 19.9763 -1.48293 0.562975 5.06678 80 2 25 10 23358 0 
-97.7712 19.9758 -1.45276 0.562975 5.06678 80 2 25 10 23359 0 
-97.7524 19.9753 -1.42309 0.562975 5.06678 80 2 25 10 23360 0 
-97.7432 19.9751 -2.0436 0.562975 5.06678 80 2 25 10 23361 0 
-97.7244 19.9744 -2.00408 0.562975 5.06678 80 2 25 10 23362 0 
-97.7057 19.9737 -1.96521 0.562975 5.06678 80 2 25 10 23363 0 
-97.6869 19.9731 -1.927 0.562975 5.06678 80 2 25 10 23364 0 
-97.6777 19.9728 -2.54307 0.562975 5.06678 80 2 25 10 23365 0 
-97.6589 19.972 -2.49522 0.562975 5.06678 80 2 25 10 23366 0 
-97.6402 19.9711 -2.44817 0.562975 5.06678 80 2 25 10 23367 0 
-97.6214 19.9703 -2.40189 0.562975 5.06678 80 2 25 10 23368 0 
-97.6122 19.97 -3.01373 0.562975 5.06678 80 2 25 10 23369 0 
-97.5935 19.969 -2.95803 0.562975 5.06678 80 2 25 10 23370 0 
-97.5747 19.968 -2.90325 0.562975 5.06678 80 2 25 10 23371 0 
-97.5655 19.9675 -3.51072 0.562975 5.06678 80 2 25 10 23372 0 
-97.5468 19.9664 -3.44674 0.562975 5.06678 80 2 25 10 23373 0 
-97.528 19.9653 -3.38381 0.562975 5.06678 80 2 25 10 23374 0 
-97.5093 19.9641 -3.32194 0.562975 5.06678 80 2 25 10 23375 0 
-97.5001 19.9636 -3.92555 0.562975 5.06678 80 2 25 10 23376 0 
-97.4813 19.9623 -3.85464 0.562975 5.06678 80 2 25 10 23377 0 
-97.4626 19.9611 -3.78491 0.562975 5.06678 80 2 25 10 23378 0 
-97.4439 19.9598 -3.71635 0.562975 5.06678 80 2 25 10 23379 0 
-97.4347 19.9592 -4.31625 0.562975 5.06678 80 2 25 10 23380 0 
-97.416 19.9578 -4.23883 0.562975 5.06678 80 2 25 10 23381 0 
-97.3972 19.9564 -4.16269 0.562975 5.06678 80 2 25 10 23382 0 
-97.3785 19.9551 -4.08782 0.562975 5.06678 80 2 25 10 23383 0 
-97.3693 19.9544 -4.68418 0.562975 5.06678 80 2 25 10 23384 0 
-97.3506 19.9529 -4.60062 0.562975 5.06678 80 2 25 10 23385 0 
-97.3319 19.9514 -4.51844 0.562975 5.06678 80 2 25 10 23386 0 
-97.3132 19.9499 -4.43764 0.562975 5.06678 80 2 25 10 23387 0 
-97.304 19.9492 -5.0306 0.562975 5.06678 80 2 25 10 23388 0 
-97.2853 19.9475 -4.94126 0.562975 5.06678 80 2 25 10 23389 0 
-97.2666 19.9459 -4.8534 0.562975 5.06678 80 2 25 10 23390 0 
-97.2479 19.9443 -4.767 0.562975 5.06678 80 2 25 10 23391 0 
-97.2387 19.9436 -5.35671 0.562975 5.06678 80 2 25 10 23392 0 
-97.22 19.9418 -5.26192 0.562975 5.06678 80 2 25 10 23393 0 
-97.2013 19.9401 -5.16871 0.562975 5.06678 80 2 25 10 23394 0 
-97.1826 19.9384 -5.07704 0.562975 5.06678 80 2 25 10 23395 0 
-97.1734 19.9376 -5.66362 0.562975 5.06678 80 2 25 10 23396 0 
-97.1547 19.9357 -5.56371 0.562975 5.06678 80 2 25 10 23397 0 
-97.1361 19.9339 -5.46546 0.562975 5.06678 80 2 25 10 23398 0 
-97.1174 19.9321 -5.36884 0.562975 5.06678 80 2 25 10 23399 0 
-97.0987 19.9304 -5.27384 0.562975 5.06678 80 2 25 10 23400 0 
-97.0895 19.9295 -5.85799 0.562975 5.06678 80 2 25 10 23401 0 
-97.0708 19.9276 -5.75483 0.562975 5.06678 80 2 25 10 23402 0 
-97.0522 19.9257 -5.65338 0.562975 5.06678 80 2 25 10 23403 0 
-97.0335 19.9239 -5.55362 0.562975 5.06678 80 2 25 10 23404 0 
-97.0243 19.923 -6.13486 0.562975 5.06678 80 2 25 10 23405 0 
-97.0056 19.921 -6.02707 0.562975 5.06678 80 2 25 10 23406 0 
-96.987 19.919 -5.92107 0.562975 5.06678 80 2 25 10 23407 0 
-96.9683 19.9171 -5.81684 0.562975 5.06678 80 2 25 10 23408 0 
-96.9591 19.9161 -6.39527 0.562975 5.06678 80 2 25 10 23409 0 
-96.9405 19.914 -6.28313 0.562975 5.06678 80 2 25 10 23410 0 
-96.9218 19.912 -6.17286 0.562975 5.06678 80 2 25 10 23411 0 
-96.9031 19.91 -6.06443 0.562975 5.06678 80 2 25 10 23412 0 
-96.894 19.909 -6.64015 0.562975 5.06678 80 2 25 10 23413 0 
-96.8753 19.9068 -6.52392 0.562975 5.06678 80 2 25 10 23414 0 
-96.8567 19.9047 -6.40963 0.562975 5.06678 80 2 25 10 23415 0 
-96.838 19.9026 -6.29724 0.562975 5.06678 80 2 25 10 23416 0 
-96.8194 19.9005 -6.18671 0.562975 5.06678 80 2 25 10 23417 0 
-96.8102 19.8995 -6.76052 0.562975 5.06678 80 2 25 10 23418 0 
-96.7915 19.8973 -6.64227 0.562975 5.06678 80 2 25 10 23419 0 
-96.7729 19.8952 -6.52599 0.562975 5.06678 80 2 25 10 23420 0 
-96.7543 19.893 -6.41165 0.562975 5.06678 80 2 25 10 23421 0 
-96.7451 19.892 -6.98291 0.562975 5.06678 80 2 25 10 23422 0 
-96.7264 19.8897 -6.86095 0.562975 5.06678 80 2 25 10 23423 0 
-96.7078 19.8875 -6.74101 0.562975 5.06678 80 2 25 10 23424 0 
-96.6892 19.8853 -6.62307 0.562975 5.06678 80 2 25 10 23425 0 
-96.6705 19.8831 -6.5071 0.562975 5.06678 80 2 25 10 23426 0 
-96.6614 19.8821 -7.07663 0.562975 5.06678 80 2 25 10 23427 0 
-96.6427 19.8797 -6.95309 0.562975 5.06678 80 2 25 10 23428 0 
-96.6241 19.8775 -6.83161 0.562975 5.06678 80 2 25 10 23429 0 
-96.6055 19.8752 -6.71214 0.562975 5.06678 80 2 25 10 23430 0 
-96.5868 19.8731 -6.59467 0.562975 5.06678 80 2 25 10 23431 0 
-96.5777 19.872 -7.16252 0.562975 5.06678 80 2 25 10 23432 0 
-96.559 19.8696 -7.03754 0.562975 5.06678 80 2 25 10 23433 0 
-96.5404 19.8674 -6.91463 0.562975 5.06678 80 2 25 10 23434 0 
-96.5218 19.8651 -6.79377 0.562975 5.06678 80 2 25 10 23435 0 
-96.5126 19.864 -7.35926 0.562975 5.06678 80 2 25 10 23436 0 
-96.494 19.8616 -7.23099 0.562975 5.06678 80 2 25 10 23437 0 
-96.4754 19.8592 -7.10485 0.562975 5.06678 80 2 25 10 23438 0 
-96.4568 19.8569 -6.98081 0.562975 5.06678 80 2 25 10 23439 0 
-96.4381 19.8546 -6.85883 0.562975 5.06678 80 2 25 10 23440 0 
-96.429 19.8535 -7.4228 0.562975 5.06678 80 2 25 10 23441 0 
-96.4103 19.8511 -7.29345 0.562975 5.06678 80 2 25 10 23442 0 
-96.3917 19.8487 -7.16625 0.562975 5.06678 80 2 25 10 23443 0 
-96.3731 19.8464 -7.04117 0.562975 5.06678 80 2 25 10 23444 0 
-96.3545 19.8441 -6.91818 0.562975 5.06678 80 2 25 10 23445 0 
-96.3453 19.843 -7.48066 0.562975 5.06678 80 2 25 10 23446 0 
-96.3267 19.8405 -7.35034 0.562975 5.06678 80 2 25 10 23447 0 
-96.3081 19.8381 -7.22218 0.562975 5.06678 80 2 25 10 23448 0 
-96.2895 19.8358 -7.09615 0.562975 5.06678 80 2 25 10 23449 0 
-96.2803 19.8346 -7.65642 0.562975 5.06678 80 2 25 10 23450 0 
-96.2617 19.8321 -7.52315 0.562975 5.06678 80 2 25 10 23451 0 
-96.2431 19.8297 -7.3921 0.562975 5.06678 80 2 25 10 23452 0 
-96.2245 19.8272 -7.26324 0.562975 5.06678 80 2 25 10 23453 0 
-96.2059 19.8249 -7.13651 0.562975 5.06678 80 2 25 10 23454 0 
-96.1967 19.8237 -7.69543 0.562975 5.06678 80 2 25 10 23455 0 
-96.1781 19.8212 -7.5615 0.562975 5.06678 80 2 25 10 23456 0 
-96.1595 19.8187 -7.42979 0.562975 5.06678 80 2 25 10 23457 0 
-96.1409 19.8163 -7.30028 0.562975 5.06678 80 2 25 10 23458 0 
-96.1223 19.8139 -7.17292 0.562975 5.06678 80 2 25 10 23459 0 
-96.1131 19.8128 -7.73052 0.562975 5.06678 80 2 25 10 23460 0 
-96.0945 19.8103 -7.59599 0.562975 5.06678 80 2 25 10 23461 0 
-96.0759 19.8078 -7.4637 0.562975 5.06678 80 2 25 10 23462 0 
-96.0573 19.8053 -7.3336 0.562975 5.06678 80 2 25 10 23463 0 
-96.0387 19.8029 -7.20568 0.562975 5.06678 80 2 25 10 23464 0 
-96.0295 19.8018 -7.76198 0.562975 5.06678 80 2 25 10 23465 0 
-96.0109 19.7992 -7.62691 0.562975 5.06678 80 2 25 10 23466 0 
-95.9923 19.7968 -7.49408 0.562975 5.06678 80 2 25 10 23467 0 
-95.9737 19.7943 -7.36347 0.562975 5.06678 80 2 25 10 23468 0 
-95.9551 19.7919 -7.23503 0.562975 5.06678 80 2 25 10 23469 0 
-95.9459 19.7907 -7.79006 0.562975 5.06678 80 2 25 10 23470 0 
-95.9274 19.7882 -7.65451 0.562975 5.06678 80 2 25 10 23471 0 
-95.9088 19.7857 -7.52121 0.562975 5.06678 80 2 25 10 23472 0 
-95.8901 19.7832 -7.39013 0.562975 5.06678 80 2 25 10 23473 0 
-95.881 19.7821 -7.94311 0.562975 5.06678 80 2 25 10 23474 0 
-95.8624 19.7795 -7.80499 0.562975 5.06678 80 2 25 10 23475 0 
-95.8438 19.7769 -7.66917 0.562975 5.06678 80 2 25 10 23476 0 
-95.8252 19.7744 -7.53561 0.562975 5.06678 80 2 25 10 23477 0 
-95.8066 19.7719 -7.40428 0.562975 5.06678 80 2 25 10 23478 0 
-95.7974 19.7708 -7.95609 0.562975 5.06678 80 2 25 10 23479 0 
-95.7788 19.7682 -7.81774 0.562975 5.06678 80 2 25 10 23480 0 
-95.7602 19.7656 -7.6817 0.562975 5.06678 80 2 25 10 23481 0 
-95.7416 19.7631 -7.54791 0.562975 5.06678 80 2 25 10 23482 0 
-95.723 19.7606 -7.41636 0.562975 5.06678 80 2 25 10 23483 0 
-95.7139 19.7594 -7.96702 0.562975 5.06678 80 2 25 10 23484 0 
-95.6953 19.7568 -7.82848 0.562975 5.06678 80 2 25 10 23485 0 
-95.6767 19.7543 -7.69224 0.562975 5.06678 80 2 25 10 23486 0 
-95.6581 19.7518 -7.55826 0.562975 5.06678 80 2 25 10 23487 0 
-95.6395 19.7493 -7.42652 0.562975 5.06678 80 2 25 10 23488 0 
-95.6303 19.7481 -7.97605 0.562975 5.06678 80 2 25 10 23489 0 
-95.6117 19.7455 -7.83734 0.562975 5.06678 80 2 25 10 23490 0 
-95.5932 19.7429 -7.70094 0.562975 5.06678 80 2 25 10 23491 0 
-95.5746 19.7404 -7.5668 0.562975 5.06678 80 2 25 10 23492 0 
-95.556 19.738 -7.4349 0.562975 5.06678 80 2 25 10 23493 0 
-95.5468 19.7368 -7.98331 0.562975 5.06678 80 2 25 10 23494 0 
-95.5282 19.7342 -7.84446 0.562975 5.06678 80 2 25 10 23495 0 
-95.5096 19.7316 -7.70793 0.562975 5.06678 80 2 25 10 23496 0 
-95.491 19.7291 -7.57366 0.562975 5.06678 80 2 25 10 23497 0 
-95.4724 19.7266 -7.44163 0.562975 5.06678 80 2 25 10 23498 0 
-95.4633 19.7254 -7.98893 0.562975 5.06678 80 2 25 10 23499 0 
-95.4447 19.7228 -7.84998 0.562975 5.06678 80 2 25 10 23500 0 
-95.4261 19.7202 -7.71333 0.562975 5.06678 80 2 25 10 23501 0 
-95.4075 19.7177 -7.57896 0.562975 5.06678 80 2 25 10 23502 0 
-95.3889 19.7152 -7.44683 0.562975 5.06678 80 2 25 10 23503 0 
-95.3797 19.714 -7.99303 0.562975 5.06678 80 2 25 10 23504 0 
-95.3611 19.7114 -7.85399 0.562975 5.06678 80 2 25 10 23505 0 
-95.3426 19.7089 -7.71727 0.562975 5.06678 80 2 25 10 23506 0 
-95.324 19.7063 -7.58282 0.562975 5.06678 80 2 25 10 23507 0 
-95.3054 19.7039 -7.4506 0.562975 5.06678 80 2 25 10 23508 0 
-95.2962 19.7027 -7.99573 0.562975 5.06678 80 2 25 10 23509 0 
-95.2776 19.7001 -7.85663 0.562975 5.06678 80 2 25 10 23510 0 
-95.259 19.6975 -7.71984 0.562975 5.06678 80 2 25 10 23511 0 
-95.2404 19.695 -7.58533 0.562975 5.06678 80 2 25 10 23512 0 
-95.2218 19.6925 -7.45306 0.562975 5.06678 80 2 25 10 23513 0 
-95.2127 19.6913 -7.99711 0.562975 5.06678 80 2 25 10 23514 0 
-95.1941 19.6887 -7.85797 0.562975 5.06678 80 2 25 10 23515 0 
-95.1755 19.6861 -7.72115 0.562975 5.06678 80 2 25 10 23516 0 
-95.1569 19.6836 -7.5866 0.562975 5.06678 80 2 25 10 23517 0 
-95.1383 19.6811 -7.45429 0.562975 5.06678 80 2 25 10 23518 0 
-95.1197 19.6787 -7.32419 0.562975 5.06678 80 2 25 10 23519 0 
-95.1105 19.6775 -7.86799 0.562975 5.06678 80 2 25 10 23520 0 
-95.0919 19.6749 -7.73098 0.562975 5.06678 80 2 25 10 23521 0 
-95.0733 19.6724 -7.59626 0.562975 5.06678 80 2 25 10 23522 0 
-95.0547 19.6699 -7.46377 0.562975 5.06678 80 2 25 10 23523 0 
-95.0361 19.6675 -7.33349 0.562975 5.06678 80 2 25 10 23524 0 
-95.027 19.6663 -7.87618 0.562975 5.06678 80 2 25 10 23525 0 
-95.0084 19.6637 -7.73902 0.562975 5.06678 80 2 25 10 23526 0 
-94.9898 19.6612 -7.60414 0.562975 5.06678 80 2 25 10 23527 0 
-94.9712 19.6587 -7.47151 0.562975 5.06678 80 2 25 10 23528 0 
-94.9526 19.6563 -7.34109 0.562975 5.06678 80 2 25 10 23529 0 
-94.9434 19.6551 -7.88267 0.562975 5.06678 80 2 25 10 23530 0 
-94.9248 19.6525 -7.74539 0.562975 5.06678 80 2 25 10 23531 0 
-94.9062 19.65 -7.61039 0.562975 5.06678 80 2 25 10 23532 0 
-94.8876 19.6475 -7.47765 0.562975 5.06678 80 2 25 10 23533 0 
-94.869 19.6451 -7.34711 0.562975 5.06678 80 2 25 10 23534 0 
-94.8599 19.6439 -7.88759 0.562975 5.06678 80 2 25 10 23535 0 
-94.8413 19.6413 -7.75022 0.562975 5.06678 80 2 25 10 23536 0 
-94.8227 19.6388 -7.61513 0.562975 5.06678 80 2 25 10 23537 0 
-94.8041 19.6363 -7.48228 0.562975 5.06678 80 2 25 10 23538 0 
-94.7855 19.6339 -7.35165 0.562975 5.06678 80 2 25 10 23539 0 
-94.7763 19.6327 -7.89106 0.562975 5.06678 80 2 25 10 23540 0 
-94.7577 19.6301 -7.75361 0.562975 5.06678 80 2 25 10 23541 0 
-94.7391 19.6276 -7.61845 0.562975 5.06678 80 2 25 10 23542 0 
-94.7205 19.6251 -7.48553 0.562975 5.06678 80 2 25 10 23543 0 
-94.7019 19.6226 -7.35483 0.562975 5.06678 80 2 25 10 23544 0 
-94.6927 19.6215 -7.89317 0.562975 5.06678 80 2 25 10 23545 0 
-94.6742 19.6189 -7.75567 0.562975 5.06678 80 2 25 10 23546 0 
-94.6556 19.6164 -7.62046 0.562975 5.06678 80 2 25 10 23547 0 
-94.637 19.6139 -7.4875 0.562975 5.06678 80 2 25 10 23548 0 
-94.6184 19.6114 -7.35675 0.562975 5.06678 80 2 25 10 23549 0 
-94.6092 19.6102 -7.89403 0.562975 5.06678 80 2 25 10 23550 0 
-94.5906 19.6077 -7.7565 0.562975 5.06678 80 2 25 10 23551 0 
-94.572 19.6051 -7.62126 0.562975 5.06678 80 2 25 10 23552 0 
-94.5534 19.6026 -7.48827 0.562975 5.06678 80 2 25 10 23553 0 
-94.5348 19.6002 -7.35749 0.562975 5.06678 80 2 25 10 23554 0 
-94.5256 19.599 -7.89372 0.562975 5.06678 80 2 25 10 23555 0 
-94.507 19.5964 -7.75618 0.562975 5.06678 80 2 25 10 23556 0 
-94.4884 19.5939 -7.62093 0.562975 5.06678 80 2 25 10 23557 0 
-94.4698 19.5914 -7.48793 0.562975 5.06678 80 2 25 10 23558 0 
-94.4512 19.589 -7.35714 0.562975 5.06678 80 2 25 10 23559 0 
-94.4421 19.5878 -7.89234 0.562975 5.06678 80 2 25 10 23560 0 
-94.4235 19.5852 -7.75481 0.562975 5.06678 80 2 25 10 23561 0 
-94.4049 19.5827 -7.61956 0.562975 5.06678 80 2 25 10 23562 0 
-94.3863 19.5802 -7.48657 0.562975 5.06678 80 2 25 10 23563 0 
-94.3677 19.5777 -7.35579 0.562975 5.06678 80 2 25 10 23564 0 
-94.3491 19.5753 -7.22718 0.562975 5.06678 80 2 25 10 23565 0 
-94.3399 19.5742 -7.76193 0.562975 5.06678 80 2 25 10 23566 0 
-94.3308 19.5729 -8.29208 0.562975 5.06678 80 2 25 10 23567 0 
-94.3216 19.5716 -8.81792 0.562975 5.06678 80 2 25 10 23568 0 
-94.3125 19.5702 -9.33924 0.562975 5.06678 80 2 25 10 23569 0 
-94.3034 19.5687 -9.85608 0.562975 5.06678 80 2 25 10 23570 0 
-94.2849 19.5655 -9.68579 0.562975 5.06678 80 2 25 10 23571 0 
-94.2758 19.5639 -10.1993 0.562975 5.06678 80 2 25 10 23572 0 
-94.2667 19.5623 -10.7087 0.562975 5.06678 80 2 25 10 23573 0 
-94.2576 19.5606 -11.2136 0.562975 5.06678 80 2 25 10 23574 0 
-94.2486 19.5588 -11.7142 0.562975 5.06678 80 2 25 10 23575 0 
-94.2302 19.5549 -11.513 0.562975 5.06678 80 2 25 10 23576 0 
-94.2212 19.5531 -12.0106 0.562975 5.06678 80 2 25 10 23577 0 
-94.2028 19.5492 -11.8044 0.562975 5.06678 80 2 25 10 23578 0 
-94.1938 19.5473 -12.2992 0.562975 5.06678 80 2 25 10 23579 0 
-94.1847 19.5453 -12.7897 0.562975 5.06678 80 2 25 10 23580 0 
-94.1757 19.5433 -13.2763 0.562975 5.06678 80 2 25 10 23581 0 
-94.1667 19.5412 -13.7586 0.562975 5.06678 80 2 25 10 23582 0 
-94.1485 19.5367 -13.5233 0.562975 5.06678 80 2 25 10 23583 0 
-94.1395 19.5346 -14.0031 0.562975 5.06678 80 2 25 10 23584 0 
-94.1213 19.53 -13.7636 0.562975 5.06678 80 2 25 10 23585 0 
-94.1123 19.5278 -14.241 0.562975 5.06678 80 2 25 10 23586 0 
-94.1034 19.5255 -14.7142 0.562975 5.06678 80 2 25 10 23587 0 
-94.0852 19.5208 -14.4629 0.562975 5.06678 80 2 25 10 23588 0 
-94.0763 19.5185 -14.9338 0.562975 5.06678 80 2 25 10 23589 0 
-94.0674 19.5161 -15.401 0.562975 5.06678 80 2 25 10 23590 0 
-94.0585 19.5136 -15.8641 0.562975 5.06678 80 2 25 10 23591 0 
-94.0404 19.5085 -15.5936 0.562975 5.06678 80 2 25 10 23592 0 
-94.0315 19.506 -16.0546 0.562975 5.06678 80 2 25 10 23593 0 
-94.0135 19.5008 -15.7809 0.562975 5.06678 80 2 25 10 23594 0 
-94.0046 19.4983 -16.2399 0.562975 5.06678 80 2 25 10 23595 0 
-93.9866 19.4931 -15.9631 0.562975 5.06678 80 2 25 10 23596 0 
-93.9777 19.4905 -16.4201 0.562975 5.06678 80 2 25 10 23597 0 
-93.9688 19.4879 -16.8731 0.562975 5.06678 80 2 25 10 23598 0 
-93.96 19.4852 -17.3225 0.562975 5.06678 80 2 25 10 23599 0 
-93.9512 19.4825 -17.7681 0.562975 5.06678 80 2 25 10 23600 0 
-93.9333 19.4768 -17.4658 0.562975 5.06678 80 2 25 10 23601 0 
-93.9245 19.474 -17.9096 0.562975 5.06678 80 2 25 10 23602 0 
-93.9066 19.4682 -17.605 0.562975 5.06678 80 2 25 10 23603 0 
-93.8978 19.4654 -18.0472 0.562975 5.06678 80 2 25 10 23604 0 
-93.88 19.4596 -17.7402 0.562975 5.06678 80 2 25 10 23605 0 
-93.8712 19.4568 -18.1808 0.562975 5.06678 80 2 25 10 23606 0 
-93.8534 19.4509 -17.8716 0.562975 5.06678 80 2 25 10 23607 0 
-93.8446 19.4481 -18.3106 0.562975 5.06678 80 2 25 10 23608 0 
-93.8358 19.4452 -18.7462 0.562975 5.06678 80 2 25 10 23609 0 
-93.827 19.4422 -19.1779 0.562975 5.06678 80 2 25 10 23610 0 
-93.8093 19.4361 -18.8521 0.562975 5.06678 80 2 25 10 23611 0 
-93.7916 19.43 -18.5317 0.562975 5.06678 80 2 25 10 23612 0 
-93.7828 19.4271 -18.9644 0.562975 5.06678 80 2 25 10 23613 0 
-93.7651 19.421 -18.6422 0.562975 5.06678 80 2 25 10 23614 0 
-93.7563 19.418 -19.0735 0.562975 5.06678 80 2 25 10 23615 0 
-93.7386 19.4119 -18.7494 0.562975 5.06678 80 2 25 10 23616 0 
-93.7298 19.4089 -19.1793 0.562975 5.06678 80 2 25 10 23617 0 
-93.7121 19.4028 -18.8534 0.562975 5.06678 80 2 25 10 23618 0 
-93.7034 19.3998 -19.282 0.562975 5.06678 80 2 25 10 23619 0 
-93.6946 19.3967 -19.7072 0.562975 5.06678 80 2 25 10 23620 0 
-93.6859 19.3936 -20.1287 0.562975 5.06678 80 2 25 10 23621 0 
-93.6683 19.3871 -19.787 0.562975 5.06678 80 2 25 10 23622 0 
-93.6596 19.384 -20.2074 0.562975 5.06678 80 2 25 10 23623 0 
-93.642 19.3775 -19.8643 0.562975 5.06678 80 2 25 10 23624 0 
-93.6333 19.3744 -20.2835 0.562975 5.06678 80 2 25 10 23625 0 
-93.6157 19.3679 -19.9392 0.562975 5.06678 80 2 25 10 23626 0 
-93.5981 19.3615 -19.6006 0.562975 5.06678 80 2 25 10 23627 0 
-93.5894 19.3584 -20.0212 0.562975 5.06678 80 2 25 10 23628 0 
-93.5717 19.352 -19.6813 0.562975 5.06678 80 2 25 10 23629 0 
-93.563 19.3489 -20.1007 0.562975 5.06678 80 2 25 10 23630 0 
-93.5544 19.3457 -20.5169 0.562975 5.06678 80 2 25 10 23631 0 
-93.5457 19.3424 -20.9295 0.562975 5.06678 80 2 25 10 23632 0 
-93.5282 19.3357 -20.5744 0.562975 5.06678 80 2 25 10 23633 0 
-93.5106 19.3291 -20.2252 0.562975 5.06678 80 2 25 10 23634 0 
-93.5019 19.3259 -20.6393 0.562975 5.06678 80 2 25 10 23635 0 
-93.4844 19.3193 -20.289 0.562975 5.06678 80 2 25 10 23636 0 
-93.4757 19.3161 -20.7022 0.562975 5.06678 80 2 25 10 23637 0 
-93.4582 19.3095 -20.3508 0.562975 5.06678 80 2 25 10 23638 0 
-93.4495 19.3063 -20.763 0.562975 5.06678 80 2 25 10 23639 0 
-93.4319 19.2996 -20.4106 0.562975 5.06678 80 2 25 10 23640 0 
-93.4144 19.2931 -20.064 0.562975 5.06678 80 2 25 10 23641 0 
-93.4057 19.2899 -20.4778 0.562975 5.06678 80 2 25 10 23642 0 
-93.397 19.2867 -20.8883 0.562975 5.06678 80 2 25 10 23643 0 
-93.3884 19.2834 -21.2953 0.562975 5.06678 80 2 25 10 23644 0 
-93.3709 19.2766 -20.934 0.562975 5.06678 80 2 25 10 23645 0 
-93.3623 19.2733 -21.3401 0.562975 5.06678 80 2 25 10 23646 0 
-93.3448 19.2664 -20.9781 0.562975 5.06678 80 2 25 10 23647 0 
-93.3273 19.2597 -20.622 0.562975 5.06678 80 2 25 10 23648 0 
-93.3186 19.2565 -21.0299 0.562975 5.06678 80 2 25 10 23649 0 
-93.3011 19.2497 -20.673 0.562975 5.06678 80 2 25 10 23650 0 
-93.2925 19.2465 -21.08 0.562975 5.06678 80 2 25 10 23651 0 
-93.275 19.2397 -20.7223 0.562975 5.06678 80 2 25 10 23652 0 
-93.2574 19.2331 -20.3705 0.562975 5.06678 80 2 25 10 23653 0 
-93.2487 19.2299 -20.7792 0.562975 5.06678 80 2 25 10 23654 0 
-93.2401 19.2266 -21.1848 0.562975 5.06678 80 2 25 10 23655 0 
-93.2315 19.2232 -21.5868 0.562975 5.06678 80 2 25 10 23656 0 
-93.214 19.2163 -21.2206 0.562975 5.06678 80 2 25 10 23657 0 
-93.1965 19.2096 -20.8604 0.562975 5.06678 80 2 25 10 23658 0 
-93.1879 19.2063 -21.2644 0.562975 5.06678 80 2 25 10 23659 0 
-93.1704 19.1995 -20.9035 0.562975 5.06678 80 2 25 10 23660 0 
-93.1618 19.1962 -21.3066 0.562975 5.06678 80 2 25 10 23661 0 
-93.1443 19.1893 -20.945 0.562975 5.06678 80 2 25 10 23662 0 
-93.1268 19.1826 -20.5894 0.562975 5.06678 80 2 25 10 23663 0 
-93.1181 19.1794 -20.9944 0.562975 5.06678 80 2 25 10 23664 0 
-93.1006 19.1727 -20.638 0.562975 5.06678 80 2 25 10 23665 0 
-93.092 19.1694 -21.042 0.562975 5.06678 80 2 25 10 23666 0 
-93.0833 19.1661 -21.443 0.562975 5.06678 80 2 25 10 23667 0 
-93.0659 19.1592 -21.0791 0.562975 5.06678 80 2 25 10 23668 0 
-93.0573 19.1559 -21.4792 0.562975 5.06678 80 2 25 10 23669 0 
-93.0398 19.149 -21.1147 0.562975 5.06678 80 2 25 10 23670 0 
-93.0312 19.1457 -21.5141 0.562975 5.06678 80 2 25 10 23671 0 
-93.0137 19.1388 -21.149 0.562975 5.06678 80 2 25 10 23672 0 
-92.9962 19.132 -20.7899 0.562975 5.06678 80 2 25 10 23673 0 
-92.9876 19.1288 -21.1913 0.562975 5.06678 80 2 25 10 23674 0 
-92.9701 19.122 -20.8315 0.562975 5.06678 80 2 25 10 23675 0 
-92.9525 19.1153 -20.4777 0.562975 5.06678 80 2 25 10 23676 0 
-92.9439 19.1121 -20.8809 0.562975 5.06678 80 2 25 10 23677 0 
-92.9264 19.1054 -20.5263 0.562975 5.06678 80 2 25 10 23678 0 
-92.9177 19.1022 -20.9286 0.562975 5.06678 80 2 25 10 23679 0 
-92.9091 19.0989 -21.3277 0.562975 5.06678 80 2 25 10 23680 0 
-92.8916 19.092 -20.9657 0.562975 5.06678 80 2 25 10 23681 0 
-92.883 19.0887 -21.3641 0.562975 5.06678 80 2 25 10 23682 0 
-92.8655 19.0819 -21.0014 0.562975 5.06678 80 2 25 10 23683 0 
-92.848 19.0752 -20.6448 0.562975 5.06678 80 2 25 10 23684 0 
-92.8393 19.0719 -21.0451 0.562975 5.06678 80 2 25 10 23685 0 
-92.8218 19.0652 -20.6877 0.562975 5.06678 80 2 25 10 23686 0 
-92.8132 19.0619 -21.0872 0.562975 5.06678 80 2 25 10 23687 0 
-92.7957 19.0551 -20.7291 0.562975 5.06678 80 2 25 10 23688 0 
-92.7781 19.0485 -20.3769 0.562975 5.06678 80 2 25 10 23689 0 
-92.7694 19.0453 -20.7782 0.562975 5.06678 80 2 25 10 23690 0 
-92.7608 19.042 -21.1765 0.562975 5.06678 80 2 25 10 23691 0 
-92.7522 19.0387 -21.5712 0.562975 5.06678 80 2 25 10 23692 0 
-92.7347 19.0318 -21.205 0.562975 5.06678 80 2 25 10 23693 0 
-92.7172 19.025 -20.8449 0.562975 5.06678 80 2 25 10 23694 0 
-92.7086 19.0217 -21.2417 0.562975 5.06678 80 2 25 10 23695 0 
-92.6911 19.0149 -20.8809 0.562975 5.06678 80 2 25 10 23696 0 
-92.6736 19.0082 -20.5262 0.562975 5.06678 80 2 25 10 23697 0 
-92.6649 19.005 -20.9248 0.562975 5.06678 80 2 25 10 23698 0 
-92.6474 18.9983 -20.5694 0.562975 5.06678 80 2 25 10 23699 0 
-92.6298 18.9917 -20.2198 0.562975 5.06678 80 2 25 10 23700 0 
-92.6212 18.9885 -20.6202 0.562975 5.06678 80 2 25 10 23701 0 
-92.6125 18.9852 -21.0176 0.562975 5.06678 80 2 25 10 23702 0 
-92.6039 18.9819 -21.4114 0.562975 5.06678 80 2 25 10 23703 0 
-92.5864 18.9751 -21.0478 0.562975 5.06678 80 2 25 10 23704 0 
-92.5689 18.9683 -20.6903 0.562975 5.06678 80 2 25 10 23705 0 
-92.5513 18.9617 -20.3387 0.562975 5.06678 80 2 25 10 23706 0 
-92.5427 18.9585 -20.7372 0.562975 5.06678 80 2 25 10 23707 0 
-92.5251 18.9518 -20.3848 0.562975 5.06678 80 2 25 10 23708 0 
-92.5075 18.9453 -20.0382 0.562975 5.06678 80 2 25 10 23709 0 
-92.4989 18.9421 -20.4384 0.562975 5.06678 80 2 25 10 23710 0 
-92.4813 18.9356 -20.091 0.562975 5.06678 80 2 25 10 23711 0 
-92.4636 18.9291 -19.7494 0.562975 5.06678 80 2 25 10 23712 0 
-92.4549 18.926 -20.1516 0.562975 5.06678 80 2 25 10 23713 0 
-92.4463 18.9228 -20.5504 0.562975 5.06678 80 2 25 10 23714 0 
-92.4287 18.9162 -20.201 0.562975 5.06678 80 2 25 10 23715 0 
-92.4111 18.9098 -19.8575 0.562975 5.06678 80 2 25 10 23716 0 
-92.4024 18.9066 -20.258 0.562975 5.06678 80 2 25 10 23717 0 
-92.3848 18.9001 -19.9135 0.562975 5.06678 80 2 25 10 23718 0 
-92.3671 18.8937 -19.5748 0.562975 5.06678 80 2 25 10 23719 0 
-92.3495 18.8874 -19.2417 0.562975 5.06678 80 2 25 10 23720 0 
-92.3407 18.8844 -19.6462 0.562975 5.06678 80 2 25 10 23721 0 
-92.3231 18.8781 -19.3119 0.562975 5.06678 80 2 25 10 23722 0 
-92.3143 18.875 -19.7158 0.562975 5.06678 80 2 25 10 23723 0 
-92.3056 18.8719 -20.1161 0.562975 5.06678 80 2 25 10 23724 0 
-92.288 18.8655 -19.774 0.562975 5.06678 80 2 25 10 23725 0 
-92.2704 18.8591 -19.4376 0.562975 5.06678 80 2 25 10 23726 0 
-92.2527 18.8529 -19.1067 0.562975 5.06678 80 2 25 10 23727 0 
-92.2439 18.8498 -19.5111 0.562975 5.06678 80 2 25 10 23728 0 
-92.2262 18.8436 -19.179 0.562975 5.06678 80 2 25 10 23729 0 
-92.2085 18.8374 -18.8524 0.562975 5.06678 80 2 25 10 23730 0 
-92.1908 18.8313 -18.5313 0.562975 5.06678 80 2 25 10 23731 0 
-92.182 18.8284 -18.9394 0.562975 5.06678 80 2 25 10 23732 0 
-92.1733 18.8254 -19.3444 0.562975 5.06678 80 2 25 10 23733 0 
-92.1556 18.8192 -19.0151 0.562975 5.06678 80 2 25 10 23734 0 
-92.1468 18.8162 -19.419 0.562975 5.06678 80 2 25 10 23735 0 
-92.1291 18.8099 -19.0884 0.562975 5.06678 80 2 25 10 23736 0 
-92.1114 18.8038 -18.7633 0.562975 5.06678 80 2 25 10 23737 0 
-92.0936 18.7978 -18.4436 0.562975 5.06678 80 2 25 10 23738 0 
-92.0849 18.7948 -18.8513 0.562975 5.06678 80 2 25 10 23739 0 
-92.0671 18.7888 -18.5301 0.562975 5.06678 80 2 25 10 23740 0 
-92.0493 18.7828 -18.2143 0.562975 5.06678 80 2 25 10 23741 0 
-92.0315 18.7769 -17.9037 0.562975 5.06678 80 2 25 10 23742 0 
-92.0227 18.7741 -18.3148 0.562975 5.06678 80 2 25 10 23743 0 
-92.0139 18.7712 -18.7227 0.562975 5.06678 80 2 25 10 23744 0 
-91.9961 18.7652 -18.4037 0.562975 5.06678 80 2 25 10 23745 0 
-91.9783 18.7593 -18.09 0.562975 5.06678 80 2 25 10 23746 0 
-91.9696 18.7564 -18.499 0.562975 5.06678 80 2 25 10 23747 0 
-91.9518 18.7504 -18.1837 0.562975 5.06678 80 2 25 10 23748 0 
-91.9339 18.7446 -17.8736 0.562975 5.06678 80 2 25 10 23749 0 
-91.9161 18.7388 -17.5687 0.562975 5.06678 80 2 25 10 23750 0 
-91.9073 18.736 -17.981 0.562975 5.06678 80 2 25 10 23751 0 
-91.8985 18.7332 -18.3902 0.562975 5.06678 80 2 25 10 23752 0 
-91.8807 18.7273 -18.0767 0.562975 5.06678 80 2 25 10 23753 0 
-91.8628 18.7214 -17.7683 0.562975 5.06678 80 2 25 10 23754 0 
-91.854 18.7186 -18.1785 0.562975 5.06678 80 2 25 10 23755 0 
-91.8362 18.7128 -17.8685 0.562975 5.06678 80 2 25 10 23756 0 
-91.8183 18.707 -17.5636 0.562975 5.06678 80 2 25 10 23757 0 
-91.8005 18.7013 -17.2638 0.562975 5.06678 80 2 25 10 23758 0 
-91.7916 18.6986 -17.6772 0.562975 5.06678 80 2 25 10 23759 0 
-91.7738 18.6929 -17.3755 0.562975 5.06678 80 2 25 10 23760 0 
-91.7649 18.6901 -17.7879 0.562975 5.06678 80 2 25 10 23761 0 
-91.7471 18.6844 -17.4843 0.562975 5.06678 80 2 25 10 23762 0 
-91.7383 18.6816 -17.8953 0.562975 5.06678 80 2 25 10 23763 0 
-91.7204 18.6759 -17.59 0.562975 5.06678 80 2 25 10 23764 0 
-91.7025 18.6702 -17.2897 0.562975 5.06678 80 2 25 10 23765 0 
-91.6846 18.6646 -16.9944 0.562975 5.06678 80 2 25 10 23766 0 
-91.6757 18.6619 -17.4085 0.562975 5.06678 80 2 25 10 23767 0 
-91.6578 18.6563 -17.1112 0.562975 5.06678 80 2 25 10 23768 0 
-91.6399 18.6508 -16.8189 0.562975 5.06678 80 2 25 10 23769 0 
-91.6311 18.6481 -17.2341 0.562975 5.06678 80 2 25 10 23770 0 
-91.6131 18.6425 -16.9397 0.562975 5.06678 80 2 25 10 23771 0 
-91.6043 18.6399 -17.3535 0.562975 5.06678 80 2 25 10 23772 0 
-91.5864 18.6343 -17.0571 0.562975 5.06678 80 2 25 10 23773 0 
-91.5684 18.6288 -16.7656 0.562975 5.06678 80 2 25 10 23774 0 
-91.5505 18.6233 -16.479 0.562975 5.06678 80 2 25 10 23775 0 
-91.5416 18.6207 -16.8956 0.562975 5.06678 80 2 25 10 23776 0 
-91.5237 18.6153 -16.6068 0.562975 5.06678 80 2 25 10 23777 0 
-91.5148 18.6126 -17.0223 0.562975 5.06678 80 2 25 10 23778 0 
-91.4968 18.6071 -16.7314 0.562975 5.06678 80 2 25 10 23779 0 
-91.4789 18.6017 -16.4453 0.562975 5.06678 80 2 25 10 23780 0 
-91.47 18.5991 -16.8614 0.562975 5.06678 80 2 25 10 23781 0 
-91.452 18.5937 -16.5731 0.562975 5.06678 80 2 25 10 23782 0 
-91.4341 18.5883 -16.2897 0.562975 5.06678 80 2 25 10 23783 0 
-91.4161 18.5831 -16.011 0.562975 5.06678 80 2 25 10 23784 0 
-91.4072 18.5805 -16.4296 0.562975 5.06678 80 2 25 10 23785 0 
-91.3892 18.5752 -16.1486 0.562975 5.06678 80 2 25 10 23786 0 
-91.3803 18.5726 -16.566 0.562975 5.06678 80 2 25 10 23787 0 
-91.3623 18.5673 -16.2827 0.562975 5.06678 80 2 25 10 23788 0 
-91.3443 18.562 -16.004 0.562975 5.06678 80 2 25 10 23789 0 
-91.3354 18.5595 -16.422 0.562975 5.06678 80 2 25 10 23790 0 
-91.3174 18.5542 -16.141 0.562975 5.06678 80 2 25 10 23791 0 
-91.2994 18.5489 -15.8647 0.562975 5.06678 80 2 25 10 23792 0 
-91.2813 18.5438 -15.593 0.562975 5.06678 80 2 25 10 23793 0 
-91.2633 18.5388 -15.3259 0.562975 5.06678 80 2 25 10 23794 0 
-91.2544 18.5363 -15.7481 0.562975 5.06678 80 2 25 10 23795 0 
-91.2455 18.5338 -16.1671 0.562975 5.06678 80 2 25 10 23796 0 
-91.2274 18.5286 -15.8904 0.562975 5.06678 80 2 25 10 23797 0 
-91.2094 18.5235 -15.6182 0.562975 5.06678 80 2 25 10 23798 0 
-91.1913 18.5184 -15.3506 0.562975 5.06678 80 2 25 10 23799 0 
-91.1824 18.516 -15.7719 0.562975 5.06678 80 2 25 10 23800 0 
-91.1644 18.5109 -15.5017 0.562975 5.06678 80 2 25 10 23801 0 
-91.1463 18.5058 -15.236 0.562975 5.06678 80 2 25 10 23802 0 
-91.1374 18.5034 -15.6579 0.562975 5.06678 80 2 25 10 23803 0 
-91.1193 18.4984 -15.3896 0.562975 5.06678 80 2 25 10 23804 0 
-91.1104 18.4959 -15.8098 0.562975 5.06678 80 2 25 10 23805 0 
-91.0923 18.4908 -15.5389 0.562975 5.06678 80 2 25 10 23806 0 
-91.0742 18.4858 -15.2726 0.562975 5.06678 80 2 25 10 23807 0 
-91.0561 18.4808 -15.0107 0.562975 5.06678 80 2 25 10 23808 0 
-91.038 18.476 -14.7532 0.562975 5.06678 80 2 25 10 23809 0 
-91.0199 18.4712 -14.4999 0.562975 5.06678 80 2 25 10 23810 0 
-91.0109 18.4689 -14.9259 0.562975 5.06678 80 2 25 10 23811 0 
-91.002 18.4665 -15.3486 0.562975 5.06678 80 2 25 10 23812 0 
-90.9839 18.4615 -15.0854 0.562975 5.06678 80 2 25 10 23813 0 
-90.9658 18.4566 -14.8266 0.562975 5.06678 80 2 25 10 23814 0 
-90.9476 18.4518 -14.5721 0.562975 5.06678 80 2 25 10 23815 0 
-90.9387 18.4495 -14.9966 0.562975 5.06678 80 2 25 10 23816 0 
-90.9206 18.4447 -14.7393 0.562975 5.06678 80 2 25 10 23817 0 
-90.9116 18.4423 -15.1625 0.562975 5.06678 80 2 25 10 23818 0 
-90.8935 18.4374 -14.9023 0.562975 5.06678 80 2 25 10 23819 0 
-90.8754 18.4326 -14.6465 0.562975 5.06678 80 2 25 10 23820 0 
-90.8572 18.4278 -14.395 0.562975 5.06678 80 2 25 10 23821 0 
-90.8483 18.4255 -14.82 0.562975 5.06678 80 2 25 10 23822 0 
-90.8301 18.4207 -14.5656 0.562975 5.06678 80 2 25 10 23823 0 
-90.812 18.416 -14.3154 0.562975 5.06678 80 2 25 10 23824 0 
-90.7938 18.4114 -14.0693 0.562975 5.06678 80 2 25 10 23825 0 
-90.7848 18.4091 -14.4964 0.562975 5.06678 80 2 25 10 23826 0 
-90.7667 18.4044 -14.2473 0.562975 5.06678 80 2 25 10 23827 0 
-90.7485 18.3998 -14.0024 0.562975 5.06678 80 2 25 10 23828 0 
-90.7395 18.3976 -14.4293 0.562975 5.06678 80 2 25 10 23829 0 
-90.7213 18.3929 -14.1813 0.562975 5.06678 80 2 25 10 23830 0 
-90.7031 18.3883 -13.9375 0.562975 5.06678 80 2 25 10 23831 0 
-90.6849 18.3838 -13.6977 0.562975 5.06678 80 2 25 10 23832 0 
-90.6667 18.3793 -13.4619 0.562975 5.06678 80 2 25 10 23833 0 
-90.6577 18.3772 -13.8924 0.562975 5.06678 80 2 25 10 23834 0 
-90.6487 18.375 -14.3192 0.562975 5.06678 80 2 25 10 23835 0 
-90.6305 18.3703 -14.073 0.562975 5.06678 80 2 25 10 23836 0 
-90.6123 18.3658 -13.831 0.562975 5.06678 80 2 25 10 23837 0 
-90.5941 18.3613 -13.5929 0.562975 5.06678 80 2 25 10 23838 0 
-90.5759 18.3569 -13.3589 0.562975 5.06678 80 2 25 10 23839 0 
-90.5576 18.3525 -13.1287 0.562975 5.06678 80 2 25 10 23840 0 
-90.5486 18.3504 -13.5606 0.562975 5.06678 80 2 25 10 23841 0 
-90.5396 18.3483 -13.9887 0.562975 5.06678 80 2 25 10 23842 0 
-90.5214 18.3437 -13.7481 0.562975 5.06678 80 2 25 10 23843 0 
-90.5032 18.3393 -13.5114 0.562975 5.06678 80 2 25 10 23844 0 
-90.4849 18.3349 -13.2786 0.562975 5.06678 80 2 25 10 23845 0 
-90.4667 18.3306 -13.0498 0.562975 5.06678 80 2 25 10 23846 0 
-90.4484 18.3263 -12.8247 0.562975 5.06678 80 2 25 10 23847 0 
-90.4394 18.3243 -13.2578 0.562975 5.06678 80 2 25 10 23848 0 
-90.4211 18.32 -13.0293 0.562975 5.06678 80 2 25 10 23849 0 
-90.4121 18.3179 -13.4602 0.562975 5.06678 80 2 25 10 23850 0 
-90.3939 18.3135 -13.2283 0.562975 5.06678 80 2 25 10 23851 0 
-90.3756 18.3092 -13.0002 0.562975 5.06678 80 2 25 10 23852 0 
-90.3573 18.305 -12.7759 0.562975 5.06678 80 2 25 10 23853 0 
-90.339 18.3009 -12.5554 0.562975 5.06678 80 2 25 10 23854 0 
-90.3207 18.2968 -12.3386 0.562975 5.06678 80 2 25 10 23855 0 
-90.3117 18.2948 -12.774 0.562975 5.06678 80 2 25 10 23856 0 
-90.2934 18.2907 -12.5535 0.562975 5.06678 80 2 25 10 23857 0 
-90.275 18.2866 -12.3367 0.562975 5.06678 80 2 25 10 23858 0 
-90.266 18.2846 -12.7715 0.562975 5.06678 80 2 25 10 23859 0 
-90.2477 18.2805 -12.551 0.562975 5.06678 80 2 25 10 23860 0 
-90.2294 18.2764 -12.3342 0.562975 5.06678 80 2 25 10 23861 0 
-90.2111 18.2724 -12.121 0.562975 5.06678 80 2 25 10 23862 0 
-90.202 18.2704 -12.5569 0.562975 5.06678 80 2 25 10 23863 0 
-90.1837 18.2663 -12.34 0.562975 5.06678 80 2 25 10 23864 0 
-90.1654 18.2623 -12.1267 0.562975 5.06678 80 2 25 10 23865 0 
-90.147 18.2584 -11.9169 0.562975 5.06678 80 2 25 10 23866 0 
-90.1287 18.2545 -11.7107 0.562975 5.06678 80 2 25 10 23867 0 
-90.1103 18.2507 -11.5078 0.562975 5.06678 80 2 25 10 23868 0 
-90.1012 18.2489 -11.9473 0.562975 5.06678 80 2 25 10 23869 0 
-90.0922 18.247 -12.3834 0.562975 5.06678 80 2 25 10 23870 0 
-90.0739 18.2429 -12.1693 0.562975 5.06678 80 2 25 10 23871 0 
-90.0555 18.239 -11.9588 0.562975 5.06678 80 2 25 10 23872 0 
-90.0372 18.2351 -11.7518 0.562975 5.06678 80 2 25 10 23873 0 
-90.0188 18.2313 -11.5483 0.562975 5.06678 80 2 25 10 23874 0 
-90.0004 18.2275 -11.3481 0.562975 5.06678 80 2 25 10 23875 0 
-89.9913 18.2257 -11.788 0.562975 5.06678 80 2 25 10 23876 0 
-89.973 18.2218 -11.5838 0.562975 5.06678 80 2 25 10 23877 0 
-89.9546 18.2181 -11.383 0.562975 5.06678 80 2 25 10 23878 0 
-89.9362 18.2144 -11.1856 0.562975 5.06678 80 2 25 10 23879 0 
-89.9178 18.2107 -10.9915 0.562975 5.06678 80 2 25 10 23880 0 
-89.9087 18.209 -11.433 0.562975 5.06678 80 2 25 10 23881 0 
-89.8903 18.2053 -11.2347 0.562975 5.06678 80 2 25 10 23882 0 
-89.8813 18.2035 -11.6742 0.562975 5.06678 80 2 25 10 23883 0 
-89.8629 18.1997 -11.4719 0.562975 5.06678 80 2 25 10 23884 0 
-89.8445 18.1959 -11.273 0.562975 5.06678 80 2 25 10 23885 0 
-89.8261 18.1923 -11.0774 0.562975 5.06678 80 2 25 10 23886 0 
-89.8077 18.1887 -10.885 0.562975 5.06678 80 2 25 10 23887 0 
-89.7892 18.1851 -10.6958 0.562975 5.06678 80 2 25 10 23888 0 
-89.7708 18.1816 -10.5098 0.562975 5.06678 80 2 25 10 23889 0 
-89.7617 18.1799 -10.9539 0.562975 5.06678 80 2 25 10 23890 0 
-89.7433 18.1764 -10.7635 0.562975 5.06678 80 2 25 10 23891 0 
-89.7249 18.1729 -10.5764 0.562975 5.06678 80 2 25 10 23892 0 
-89.7064 18.1694 -10.3923 0.562975 5.06678 80 2 25 10 23893 0 
-89.688 18.166 -10.2113 0.562975 5.06678 80 2 25 10 23894 0 
-89.6695 18.1627 -10.0334 0.562975 5.06678 80 2 25 10 23895 0 
-89.6604 18.1611 -10.4802 0.562975 5.06678 80 2 25 10 23896 0 
-89.6419 18.1577 -10.2978 0.562975 5.06678 80 2 25 10 23897 0 
-89.6235 18.1543 -10.1184 0.562975 5.06678 80 2 25 10 23898 0 
-89.605 18.151 -9.94191 0.562975 5.06678 80 2 25 10 23899 0 
-89.5865 18.1478 -9.76841 0.562975 5.06678 80 2 25 10 23900 0 
-89.568 18.1446 -9.59779 0.562975 5.06678 80 2 25 10 23901 0 
-89.5495 18.1415 -9.43002 0.562975 5.06678 80 2 25 10 23902 0 
-89.5404 18.14 -9.88049 0.562975 5.06678 80 2 25 10 23903 0 
-89.5219 18.1368 -9.708 0.562975 5.06678 80 2 25 10 23904 0 
-89.5034 18.1336 -9.53837 0.562975 5.06678 80 2 25 10 23905 0 
-89.4849 18.1305 -9.37157 0.562975 5.06678 80 2 25 10 23906 0 
-89.4664 18.1274 -9.20754 0.562975 5.06678 80 2 25 10 23907 0 
-89.4479 18.1244 -9.04625 0.562975 5.06678 80 2 25 10 23908 0 
-89.4387 18.123 -9.49878 0.562975 5.06678 80 2 25 10 23909 0 
-89.4202 18.1199 -9.33263 0.562975 5.06678 80 2 25 10 23910 0 
-89.4017 18.1168 -9.16923 0.562975 5.06678 80 2 25 10 23911 0 
-89.3832 18.1138 -9.00856 0.562975 5.06678 80 2 25 10 23912 0 
-89.3647 18.1109 -8.85056 0.562975 5.06678 80 2 25 10 23913 0 
-89.3461 18.108 -8.69519 0.562975 5.06678 80 2 25 10 23914 0 
-89.337 18.1066 -9.14952 0.562975 5.06678 80 2 25 10 23915 0 
-89.3185 18.1036 -8.98916 0.562975 5.06678 80 2 25 10 23916 0 
-89.2999 18.1007 -8.83147 0.562975 5.06678 80 2 25 10 23917 0 
-89.2814 18.0978 -8.6764 0.562975 5.06678 80 2 25 10 23918 0 
-89.2628 18.095 -8.52392 0.562975 5.06678 80 2 25 10 23919 0 
-89.2443 18.0922 -8.37397 0.562975 5.06678 80 2 25 10 23920 0 
-89.2351 18.0909 -8.82985 0.562975 5.06678 80 2 25 10 23921 0 
-89.2166 18.088 -8.67479 0.562975 5.06678 80 2 25 10 23922 0 
-89.198 18.0851 -8.52232 0.562975 5.06678 80 2 25 10 23923 0 
-89.1795 18.0824 -8.37238 0.562975 5.06678 80 2 25 10 23924 0 
-89.1609 18.0796 -8.22494 0.562975 5.06678 80 2 25 10 23925 0 
-89.1423 18.0769 -8.07995 0.562975 5.06678 80 2 25 10 23926 0 
-89.1332 18.0756 -8.53716 0.562975 5.06678 80 2 25 10 23927 0 
-89.1146 18.0729 -8.38696 0.562975 5.06678 80 2 25 10 23928 0 
-89.0961 18.0701 -8.23926 0.562975 5.06678 80 2 25 10 23929 0 
-89.0775 18.0674 -8.09402 0.562975 5.06678 80 2 25 10 23930 0 
-89.0589 18.0648 -7.9512 0.562975 5.06678 80 2 25 10 23931 0 
-89.0403 18.0622 -7.81075 0.562975 5.06678 80 2 25 10 23932 0 
-89.0312 18.0609 -8.26909 0.562975 5.06678 80 2 25 10 23933 0 
-89.0126 18.0582 -8.12334 0.562975 5.06678 80 2 25 10 23934 0 
-88.994 18.0556 -7.98001 0.562975 5.06678 80 2 25 10 23935 0 
-88.9754 18.053 -7.83907 0.562975 5.06678 80 2 25 10 23936 0 
-88.9568 18.0504 -7.70047 0.562975 5.06678 80 2 25 10 23937 0 
-88.9477 18.0492 -8.15888 0.562975 5.06678 80 2 25 10 23938 0 
-88.9291 18.0465 -8.01495 0.562975 5.06678 80 2 25 10 23939 0 
-88.9105 18.0439 -7.87341 0.562975 5.06678 80 2 25 10 23940 0 
-88.8919 18.0413 -7.73422 0.562975 5.06678 80 2 25 10 23941 0 
-88.8733 18.0388 -7.59736 0.562975 5.06678 80 2 25 10 23942 0 
-88.8547 18.0363 -7.46277 0.562975 5.06678 80 2 25 10 23943 0 
-88.8456 18.0351 -7.92204 0.562975 5.06678 80 2 25 10 23944 0 
-88.827 18.0325 -7.78203 0.562975 5.06678 80 2 25 10 23945 0 
-88.8084 18.03 -7.64436 0.562975 5.06678 80 2 25 10 23946 0 
-88.7898 18.0275 -7.50897 0.562975 5.06678 80 2 25 10 23947 0 
-88.7712 18.025 -7.37584 0.562975 5.06678 80 2 25 10 23948 0 
-88.7526 18.0226 -7.24492 0.562975 5.06678 80 2 25 10 23949 0 
-88.7434 18.0215 -7.7049 0.562975 5.06678 80 2 25 10 23950 0 
-88.7248 18.019 -7.56849 0.562975 5.06678 80 2 25 10 23951 0 
-88.7062 18.0165 -7.43435 0.562975 5.06678 80 2 25 10 23952 0 
-88.6876 18.0141 -7.30244 0.562975 5.06678 80 2 25 10 23953 0 
-88.669 18.0117 -7.17273 0.562975 5.06678 80 2 25 10 23954 0 
-88.6504 18.0093 -7.04518 0.562975 5.06678 80 2 25 10 23955 0 
-88.6412 18.0082 -7.50571 0.562975 5.06678 80 2 25 10 23956 0 
-88.6226 18.0057 -7.3726 0.562975 5.06678 80 2 25 10 23957 0 
-88.604 18.0033 -7.24171 0.562975 5.06678 80 2 25 10 23958 0 
-88.5854 18.001 -7.113 0.562975 5.06678 80 2 25 10 23959 0 
-88.5667 17.9986 -6.98642 0.562975 5.06678 80 2 25 10 23960 0 
-88.5481 17.9964 -6.86195 0.562975 5.06678 80 2 25 10 23961 0 
-88.5389 17.9953 -7.32292 0.562975 5.06678 80 2 25 10 23962 0 
-88.5203 17.9929 -7.19283 0.562975 5.06678 80 2 25 10 23963 0 
-88.5017 17.9905 -7.06492 0.562975 5.06678 80 2 25 10 23964 0 
-88.4831 17.9882 -6.93913 0.562975 5.06678 80 2 25 10 23965 0 
-88.4645 17.9859 -6.81543 0.562975 5.06678 80 2 25 10 23966 0 
-88.4553 17.9848 -7.27595 0.562975 5.06678 80 2 25 10 23967 0 
-88.4367 17.9825 -7.14663 0.562975 5.06678 80 2 25 10 23968 0 
-88.418 17.9801 -7.01947 0.562975 5.06678 80 2 25 10 23969 0 
-88.3994 17.9778 -6.89442 0.562975 5.06678 80 2 25 10 23970 0 
-88.3808 17.9756 -6.77145 0.562975 5.06678 80 2 25 10 23971 0 
-88.3622 17.9734 -6.65053 0.562975 5.06678 80 2 25 10 23972 0 
-88.353 17.9723 -7.11132 0.562975 5.06678 80 2 25 10 23973 0 
-88.3343 17.97 -6.98473 0.562975 5.06678 80 2 25 10 23974 0 
-88.3157 17.9677 -6.86025 0.562975 5.06678 80 2 25 10 23975 0 
-88.2971 17.9655 -6.73783 0.562975 5.06678 80 2 25 10 23976 0 
-88.2785 17.9633 -6.61746 0.562975 5.06678 80 2 25 10 23977 0 
-88.2598 17.9611 -6.49908 0.562975 5.06678 80 2 25 10 23978 0 
-88.2506 17.9601 -6.96004 0.562975 5.06678 80 2 25 10 23979 0 
-88.232 17.9578 -6.83595 0.562975 5.06678 80 2 25 10 23980 0 
-88.2134 17.9555 -6.71393 0.562975 5.06678 80 2 25 10 23981 0 
-88.1947 17.9534 -6.59393 0.562975 5.06678 80 2 25 10 23982 0 
-88.1761 17.9512 -6.47594 0.562975 5.06678 80 2 25 10 23983 0 
-88.1574 17.9491 -6.3599 0.562975 5.06678 80 2 25 10 23984 0 
-88.1483 17.9481 -6.82093 0.562975 5.06678 80 2 25 10 23985 0 
-88.1296 17.9458 -6.69914 0.562975 5.06678 80 2 25 10 23986 0 
-88.111 17.9436 -6.57938 0.562975 5.06678 80 2 25 10 23987 0 
-88.0923 17.9415 -6.46161 0.562975 5.06678 80 2 25 10 23988 0 
-88.0737 17.9394 -6.3458 0.562975 5.06678 80 2 25 10 23989 0 
-88.0645 17.9384 -6.80612 0.562975 5.06678 80 2 25 10 23990 0 
-88.0459 17.9361 -6.68456 0.562975 5.06678 80 2 25 10 23991 0 
-88.0272 17.9339 -6.56502 0.562975 5.06678 80 2 25 10 23992 0 
-88.0086 17.9318 -6.44748 0.562975 5.06678 80 2 25 10 23993 0 
-87.99 17.9297 -6.33189 0.562975 5.06678 80 2 25 10 23994 0 
-87.9713 17.9276 -6.21822 0.562975 5.06678 80 2 25 10 23995 0 
-87.9621 17.9266 -6.67851 0.562975 5.06678 80 2 25 10 23996 0 
-87.9435 17.9244 -6.55906 0.562975 5.06678 80 2 25 10 23997 0 
-87.9248 17.9223 -6.4416 0.562975 5.06678 80 2 25 10 23998 0 
-87.9062 17.9202 -6.3261 0.562975 5.06678 80 2 25 10 23999 0 
-87.8875 17.9181 -6.21251 0.562975 5.06678 80 2 25 10 24000 0 
-87.8689 17.9161 -6.10082 0.562975 5.06678 80 2 25 10 24001 0 
-87.8597 17.9151 -6.561 0.562975 5.06678 80 2 25 10 24002 0 
-87.841 17.913 -6.44349 0.562975 5.06678 80 2 25 10 24003 0 
-87.8224 17.9109 -6.32794 0.562975 5.06678 80 2 25 10 24004 0 
-87.8037 17.9088 -6.21431 0.562975 5.06678 80 2 25 10 24005 0 
-87.7851 17.9068 -6.10257 0.562975 5.06678 80 2 25 10 24006 0 
-87.7664 17.9048 -5.99269 0.562975 5.06678 80 2 25 10 24007 0 
-87.7572 17.9038 -6.45269 0.562975 5.06678 80 2 25 10 24008 0 
-87.7386 17.9017 -6.33697 0.562975 5.06678 80 2 25 10 24009 0 
-87.7199 17.8996 -6.22317 0.562975 5.06678 80 2 25 10 24010 0 
-87.7013 17.8976 -6.11127 0.562975 5.06678 80 2 25 10 24011 0 
-87.6826 17.8956 -6.00123 0.562975 5.06678 80 2 25 10 24012 0 
-87.6734 17.8946 -6.46035 0.562975 5.06678 80 2 25 10 24013 0 
-87.6548 17.8925 -6.34448 0.562975 5.06678 80 2 25 10 24014 0 
-87.6361 17.8904 -6.23055 0.562975 5.06678 80 2 25 10 24015 0 
-87.6175 17.8884 -6.11851 0.562975 5.06678 80 2 25 10 24016 0 
-87.5988 17.8864 -6.00833 0.562975 5.06678 80 2 25 10 24017 0 
-87.5801 17.8844 -5.89999 0.562975 5.06678 80 2 25 10 24018 0 
-87.5709 17.8835 -6.35887 0.562975 5.06678 80 2 25 10 24019 0 
-87.5523 17.8814 -6.24468 0.562975 5.06678 80 2 25 10 24020 0 
-87.5336 17.8794 -6.13239 0.562975 5.06678 80 2 25 10 24021 0 
-87.515 17.8774 -6.02196 0.562975 5.06678 80 2 25 10 24022 0 
-87.4963 17.8754 -5.91338 0.562975 5.06678 80 2 25 10 24023 0 
-87.4776 17.8735 -5.8066 0.562975 5.06678 80 2 25 10 24024 0 
-87.4685 17.8725 -6.26518 0.562975 5.06678 80 2 25 10 24025 0 
-87.4498 17.8705 -6.15254 0.562975 5.06678 80 2 25 10 24026 0 
-87.4311 17.8685 -6.04176 0.562975 5.06678 80 2 25 10 24027 0 
-87.4125 17.8665 -5.93284 0.562975 5.06678 80 2 25 10 24028 0 
-87.3938 17.8645 -5.82572 0.562975 5.06678 80 2 25 10 24029 0 
-87.3846 17.8636 -6.28332 0.562975 5.06678 80 2 25 10 24030 0 
-87.366 17.8616 -6.17036 0.562975 5.06678 80 2 25 10 24031 0 
-87.3473 17.8595 -6.05928 0.562975 5.06678 80 2 25 10 24032 0 
-87.3286 17.8576 -5.95004 0.562975 5.06678 80 2 25 10 24033 0 
-87.31 17.8556 -5.84262 0.562975 5.06678 80 2 25 10 24034 0 
-87.2913 17.8537 -5.73699 0.562975 5.06678 80 2 25 10 24035 0 
-87.2821 17.8528 -6.19426 0.562975 5.06678 80 2 25 10 24036 0 
-87.2635 17.8507 -6.08277 0.562975 5.06678 80 2 25 10 24037 0 
-87.2448 17.8488 -5.97313 0.562975 5.06678 80 2 25 10 24038 0 
-87.2261 17.8468 -5.86531 0.562975 5.06678 80 2 25 10 24039 0 
-87.2075 17.8449 -5.75929 0.562975 5.06678 80 2 25 10 24040 0 
-87.1888 17.843 -5.65503 0.562975 5.06678 80 2 25 10 24041 0 
-87.1796 17.8421 -6.11191 0.562975 5.06678 80 2 25 10 24042 0 
-87.1609 17.8401 -6.00177 0.562975 5.06678 80 2 25 10 24043 0 
-87.1423 17.8381 -5.89346 0.562975 5.06678 80 2 25 10 24044 0 
-87.1236 17.8362 -5.78695 0.562975 5.06678 80 2 25 10 24045 0 
-87.1049 17.8343 -5.68222 0.562975 5.06678 80 2 25 10 24046 0 
-87.0957 17.8334 -6.13806 0.562975 5.06678 80 2 25 10 24047 0 
-87.0771 17.8314 -6.02747 0.562975 5.06678 80 2 25 10 24048 0 
-87.0584 17.8294 -5.91872 0.562975 5.06678 80 2 25 10 24049 0 
-87.0397 17.8275 -5.81178 0.562975 5.06678 80 2 25 10 24050 0 
-87.0211 17.8256 -5.70662 0.562975 5.06678 80 2 25 10 24051 0 
-87.0024 17.8237 -5.6032 0.562975 5.06678 80 2 25 10 24052 0 
-86.9932 17.8228 -6.05864 0.562975 5.06678 80 2 25 10 24053 0 
-86.9745 17.8208 -5.94935 0.562975 5.06678 80 2 25 10 24054 0 
-86.9559 17.8189 -5.84189 0.562975 5.06678 80 2 25 10 24055 0 
-86.9372 17.817 -5.73621 0.562975 5.06678 80 2 25 10 24056 0 
-86.9185 17.8151 -5.63229 0.562975 5.06678 80 2 25 10 24057 0 
-86.8999 17.8133 -5.53009 0.562975 5.06678 80 2 25 10 24058 0 
-86.8907 17.8124 -5.98507 0.562975 5.06678 80 2 25 10 24059 0 
-86.872 17.8104 -5.877 0.562975 5.06678 80 2 25 10 24060 0 
-86.8533 17.8085 -5.77072 0.562975 5.06678 80 2 25 10 24061 0 
-86.8347 17.8066 -5.66621 0.562975 5.06678 80 2 25 10 24062 0 
-86.816 17.8048 -5.56344 0.562975 5.06678 80 2 25 10 24063 0 
-86.8068 17.8039 -6.01733 0.562975 5.06678 80 2 25 10 24064 0 
-86.7881 17.8019 -5.9087 0.562975 5.06678 80 2 25 10 24065 0 
-86.7695 17.8 -5.80188 0.562975 5.06678 80 2 25 10 24066 0 
-86.7508 17.7981 -5.69684 0.562975 5.06678 80 2 25 10 24067 0 
-86.7321 17.7962 -5.59354 0.562975 5.06678 80 2 25 10 24068 0 
-86.7134 17.7944 -5.49197 0.562975 5.06678 80 2 25 10 24069 0 
-86.7042 17.7935 -5.94539 0.562975 5.06678 80 2 25 10 24070 0 
-86.6856 17.7915 -5.83794 0.562975 5.06678 80 2 25 10 24071 0 
-86.6669 17.7896 -5.73229 0.562975 5.06678 80 2 25 10 24072 0 
-86.6482 17.7878 -5.62838 0.562975 5.06678 80 2 25 10 24073 0 
-86.6296 17.7859 -5.52621 0.562975 5.06678 80 2 25 10 24074 0 
-86.6109 17.7841 -5.42574 0.562975 5.06678 80 2 25 10 24075 0 
-86.6017 17.7832 -5.87866 0.562975 5.06678 80 2 25 10 24076 0 
-86.583 17.7813 -5.77231 0.562975 5.06678 80 2 25 10 24077 0 
-86.5643 17.7794 -5.66772 0.562975 5.06678 80 2 25 10 24078 0 
-86.5457 17.7776 -5.56488 0.562975 5.06678 80 2 25 10 24079 0 
-86.527 17.7758 -5.46375 0.562975 5.06678 80 2 25 10 24080 0 
-86.5083 17.774 -5.3643 0.562975 5.06678 80 2 25 10 24081 0 
-86.4991 17.7731 -5.81668 0.562975 5.06678 80 2 25 10 24082 0 
-86.4804 17.7712 -5.71134 0.562975 5.06678 80 2 25 10 24083 0 
-86.4618 17.7693 -5.60776 0.562975 5.06678 80 2 25 10 24084 0 
-86.4431 17.7675 -5.5059 0.562975 5.06678 80 2 25 10 24085 0 
-86.4244 17.7657 -5.40574 0.562975 5.06678 80 2 25 10 24086 0 
-86.4152 17.7648 -5.85697 0.562975 5.06678 80 2 25 10 24087 0 
-86.3965 17.7629 -5.75095 0.562975 5.06678 80 2 25 10 24088 0 
-86.3779 17.761 -5.64669 0.562975 5.06678 80 2 25 10 24089 0 
-86.3592 17.7592 -5.54417 0.562975 5.06678 80 2 25 10 24090 0 
-86.3405 17.7574 -5.44335 0.562975 5.06678 80 2 25 10 24091 0 
-86.3218 17.7556 -5.34421 0.562975 5.06678 80 2 25 10 24092 0 
-86.3126 17.7547 -5.7949 0.562975 5.06678 80 2 25 10 24093 0 
-86.294 17.7528 -5.6899 0.562975 5.06678 80 2 25 10 24094 0 
-86.2753 17.751 -5.58664 0.562975 5.06678 80 2 25 10 24095 0 
-86.2566 17.7492 -5.48511 0.562975 5.06678 80 2 25 10 24096 0 
-86.2379 17.7474 -5.38526 0.562975 5.06678 80 2 25 10 24097 0 
-86.2192 17.7456 -5.28707 0.562975 5.06678 80 2 25 10 24098 0 
-86.21 17.7447 -5.73719 0.562975 5.06678 80 2 25 10 24099 0 
-86.1914 17.7429 -5.63313 0.562975 5.06678 80 2 25 10 24100 0 
-86.1727 17.741 -5.5308 0.562975 5.06678 80 2 25 10 24101 0 
-86.154 17.7392 -5.43018 0.562975 5.06678 80 2 25 10 24102 0 
-86.1353 17.7374 -5.33123 0.562975 5.06678 80 2 25 10 24103 0 
-86.1261 17.7366 -5.78018 0.562975 5.06678 80 2 25 10 24104 0 
-86.1075 17.7347 -5.67539 0.562975 5.06678 80 2 25 10 24105 0 
-86.0888 17.7328 -5.57235 0.562975 5.06678 80 2 25 10 24106 0 
-86.0701 17.731 -5.47102 0.562975 5.06678 80 2 25 10 24107 0 
-86.0514 17.7292 -5.37137 0.562975 5.06678 80 2 25 10 24108 0 
-86.0328 17.7275 -5.27338 0.562975 5.06678 80 2 25 10 24109 0 
-86.0235 17.7266 -5.72177 0.562975 5.06678 80 2 25 10 24110 0 
-86.0049 17.7248 -5.61794 0.562975 5.06678 80 2 25 10 24111 0 
-85.9862 17.7229 -5.51583 0.562975 5.06678 80 2 25 10 24112 0 
-85.9675 17.7211 -5.41543 0.562975 5.06678 80 2 25 10 24113 0 
-85.9488 17.7193 -5.31669 0.562975 5.06678 80 2 25 10 24114 0 
-85.9302 17.7176 -5.2196 0.562975 5.06678 80 2 25 10 24115 0 
-85.9209 17.7168 -5.66739 0.562975 5.06678 80 2 25 10 24116 0 
-85.9023 17.7149 -5.56445 0.562975 5.06678 80 2 25 10 24117 0 
-85.8836 17.7131 -5.46322 0.562975 5.06678 80 2 25 10 24118 0 
-85.8649 17.7113 -5.36367 0.562975 5.06678 80 2 25 10 24119 0 
-85.8462 17.7095 -5.26578 0.562975 5.06678 80 2 25 10 24120 0 
-85.8275 17.7078 -5.16952 0.562975 5.06678 80 2 25 10 24121 0 
-85.8183 17.707 -5.61669 0.562975 5.06678 80 2 25 10 24122 0 
-85.7997 17.7052 -5.51457 0.562975 5.06678 80 2 25 10 24123 0 
-85.781 17.7034 -5.41416 0.562975 5.06678 80 2 25 10 24124 0 
-85.7623 17.7016 -5.31541 0.562975 5.06678 80 2 25 10 24125 0 
-85.7436 17.6998 -5.21831 0.562975 5.06678 80 2 25 10 24126 0 
-85.7344 17.699 -5.66429 0.562975 5.06678 80 2 25 10 24127 0 
-85.7157 17.6971 -5.56137 0.562975 5.06678 80 2 25 10 24128 0 
-85.697 17.6953 -5.46016 0.562975 5.06678 80 2 25 10 24129 0 
-85.6784 17.6935 -5.36063 0.562975 5.06678 80 2 25 10 24130 0 
-85.6597 17.6918 -5.26276 0.562975 5.06678 80 2 25 10 24131 0 
-85.641 17.6901 -5.16652 0.562975 5.06678 80 2 25 10 24132 0 
-85.6318 17.6892 -5.61189 0.562975 5.06678 80 2 25 10 24133 0 
-85.6131 17.6874 -5.50982 0.562975 5.06678 80 2 25 10 24134 0 
-85.5944 17.6856 -5.40946 0.562975 5.06678 80 2 25 10 24135 0 
-85.5757 17.6838 -5.31076 0.562975 5.06678 80 2 25 10 24136 0 
-85.5571 17.6821 -5.2137 0.562975 5.06678 80 2 25 10 24137 0 
-85.5384 17.6804 -5.11826 0.562975 5.06678 80 2 25 10 24138 0 
-85.5292 17.6796 -5.56299 0.562975 5.06678 80 2 25 10 24139 0 
-85.5105 17.6777 -5.46173 0.562975 5.06678 80 2 25 10 24140 0 
-85.4918 17.676 -5.36215 0.562975 5.06678 80 2 25 10 24141 0 
-85.4731 17.6742 -5.26422 0.562975 5.06678 80 2 25 10 24142 0 
-85.4544 17.6725 -5.16793 0.562975 5.06678 80 2 25 10 24143 0 
-85.4357 17.6708 -5.07323 0.562975 5.06678 80 2 25 10 24144 0 
-85.4265 17.67 -5.5173 0.562975 5.06678 80 2 25 10 24145 0 
-85.4079 17.6682 -5.41678 0.562975 5.06678 80 2 25 10 24146 0 
-85.3892 17.6664 -5.31793 0.562975 5.06678 80 2 25 10 24147 0 
-85.3705 17.6647 -5.22073 0.562975 5.06678 80 2 25 10 24148 0 
-85.3518 17.663 -5.12514 0.562975 5.06678 80 2 25 10 24149 0 
-85.3426 17.6621 -5.568 0.562975 5.06678 80 2 25 10 24150 0 
-85.3239 17.6603 -5.46663 0.562975 5.06678 80 2 25 10 24151 0 
-85.3052 17.6585 -5.36693 0.562975 5.06678 80 2 25 10 24152 0 
-85.2866 17.6568 -5.2689 0.562975 5.06678 80 2 25 10 24153 0 
-85.2679 17.655 -5.17249 0.562975 5.06678 80 2 25 10 24154 0 
-85.2492 17.6534 -5.07769 0.562975 5.06678 80 2 25 10 24155 0 
-85.24 17.6525 -5.51992 0.562975 5.06678 80 2 25 10 24156 0 
-85.2213 17.6507 -5.41932 0.562975 5.06678 80 2 25 10 24157 0 
-85.2026 17.649 -5.3204 0.562975 5.06678 80 2 25 10 24158 0 
-85.1839 17.6472 -5.22313 0.562975 5.06678 80 2 25 10 24159 0 
-85.1652 17.6455 -5.12747 0.562975 5.06678 80 2 25 10 24160 0 
-85.1466 17.6438 -5.0334 0.562975 5.06678 80 2 25 10 24161 0 
-85.1373 17.643 -5.47497 0.562975 5.06678 80 2 25 10 24162 0 
-85.1187 17.6412 -5.3751 0.562975 5.06678 80 2 25 10 24163 0 
-85.1 17.6395 -5.2769 0.562975 5.06678 80 2 25 10 24164 0 
-85.0813 17.6377 -5.18034 0.562975 5.06678 80 2 25 10 24165 0 
-85.0626 17.6361 -5.08538 0.562975 5.06678 80 2 25 10 24166 0 
-85.0439 17.6344 -4.992 0.562975 5.06678 80 2 25 10 24167 0 
-85.0347 17.6336 -5.43288 0.562975 5.06678 80 2 25 10 24168 0 
-85.016 17.6318 -5.3337 0.562975 5.06678 80 2 25 10 24169 0 
-84.9973 17.6301 -5.23618 0.562975 5.06678 80 2 25 10 24170 0 
-84.9787 17.6283 -5.14027 0.562975 5.06678 80 2 25 10 24171 0 
-84.96 17.6267 -5.04596 0.562975 5.06678 80 2 25 10 24172 0 
-84.9508 17.6259 -5.48563 0.562975 5.06678 80 2 25 10 24173 0 
-84.9321 17.6241 -5.38556 0.562975 5.06678 80 2 25 10 24174 0 
-84.9134 17.6223 -5.28715 0.562975 5.06678 80 2 25 10 24175 0 
-84.8947 17.6206 -5.19038 0.562975 5.06678 80 2 25 10 24176 0 
-84.876 17.6189 -5.09523 0.562975 5.06678 80 2 25 10 24177 0 
-84.8573 17.6172 -5.00165 0.562975 5.06678 80 2 25 10 24178 0 
-84.8481 17.6164 -5.44066 0.562975 5.06678 80 2 25 10 24179 0 
-84.8294 17.6146 -5.34132 0.562975 5.06678 80 2 25 10 24180 0 
-84.8107 17.6129 -5.24364 0.562975 5.06678 80 2 25 10 24181 0 
-84.7921 17.6112 -5.14758 0.562975 5.06678 80 2 25 10 24182 0 
-84.7734 17.6095 -5.05312 0.562975 5.06678 80 2 25 10 24183 0 
-84.7547 17.6078 -4.96023 0.562975 5.06678 80 2 25 10 24184 0 
-84.7455 17.607 -5.39856 0.562975 5.06678 80 2 25 10 24185 0 
-84.7268 17.6053 -5.29991 0.562975 5.06678 80 2 25 10 24186 0 
-84.7081 17.6035 -5.2029 0.562975 5.06678 80 2 25 10 24187 0 
-84.6894 17.6018 -5.1075 0.562975 5.06678 80 2 25 10 24188 0 
-84.6707 17.6001 -5.01369 0.562975 5.06678 80 2 25 10 24189 0 
-84.652 17.5985 -4.92144 0.562975 5.06678 80 2 25 10 24190 0 
-84.6428 17.5977 -5.35908 0.562975 5.06678 80 2 25 10 24191 0 
-84.6241 17.596 -5.26107 0.562975 5.06678 80 2 25 10 24192 0 
-84.6054 17.5942 -5.16469 0.562975 5.06678 80 2 25 10 24193 0 
-84.5868 17.5926 -5.06991 0.562975 5.06678 80 2 25 10 24194 0 
-84.5681 17.5909 -4.97671 0.562975 5.06678 80 2 25 10 24195 0 
-84.5589 17.5901 -5.41312 0.562975 5.06678 80 2 25 10 24196 0 
-84.5402 17.5883 -5.3142 0.562975 5.06678 80 2 25 10 24197 0 
-84.5215 17.5866 -5.21692 0.562975 5.06678 80 2 25 10 24198 0 
-84.5028 17.5849 -5.12126 0.562975 5.06678 80 2 25 10 24199 0 
-84.4841 17.5832 -5.02719 0.562975 5.06678 80 2 25 10 24200 0 
-84.4654 17.5816 -4.93469 0.562975 5.06678 80 2 25 10 24201 0 
-84.4562 17.5808 -5.37043 0.562975 5.06678 80 2 25 10 24202 0 
-84.4375 17.579 -5.2722 0.562975 5.06678 80 2 25 10 24203 0 
-84.4188 17.5773 -5.17561 0.562975 5.06678 80 2 25 10 24204 0 
-84.4001 17.5756 -5.08062 0.562975 5.06678 80 2 25 10 24205 0 
-84.3815 17.5739 -4.98721 0.562975 5.06678 80 2 25 10 24206 0 
-84.3628 17.5723 -4.89536 0.562975 5.06678 80 2 25 10 24207 0 
-84.3536 17.5715 -5.33041 0.562975 5.06678 80 2 25 10 24208 0 
-84.3349 17.5698 -5.23283 0.562975 5.06678 80 2 25 10 24209 0 
-84.3162 17.5681 -5.13688 0.562975 5.06678 80 2 25 10 24210 0 
-84.2975 17.5664 -5.04252 0.562975 5.06678 80 2 25 10 24211 0 
-84.2788 17.5647 -4.94973 0.562975 5.06678 80 2 25 10 24212 0 
-84.2601 17.5631 -4.85848 0.562975 5.06678 80 2 25 10 24213 0 
-84.2509 17.5623 -5.29284 0.562975 5.06678 80 2 25 10 24214 0 
-84.2322 17.5606 -5.19587 0.562975 5.06678 80 2 25 10 24215 0 
-84.2135 17.5589 -5.10051 0.562975 5.06678 80 2 25 10 24216 0 
-84.1948 17.5572 -5.00674 0.562975 5.06678 80 2 25 10 24217 0 
-84.1761 17.5556 -4.91454 0.562975 5.06678 80 2 25 10 24218 0 
-84.1574 17.554 -4.82386 0.562975 5.06678 80 2 25 10 24219 0 
-84.1482 17.5532 -5.25749 0.562975 5.06678 80 2 25 10 24220 0 
-84.1295 17.5515 -5.1611 0.562975 5.06678 80 2 25 10 24221 0 
-84.1108 17.5498 -5.06631 0.562975 5.06678 80 2 25 10 24222 0 
-84.0922 17.5481 -4.97309 0.562975 5.06678 80 2 25 10 24223 0 
-84.0735 17.5465 -4.88143 0.562975 5.06678 80 2 25 10 24224 0 
-84.0643 17.5457 -5.31383 0.562975 5.06678 80 2 25 10 24225 0 
-84.0456 17.544 -5.21648 0.562975 5.06678 80 2 25 10 24226 0 
-84.0269 17.5423 -5.12075 0.562975 5.06678 80 2 25 10 24227 0 
-84.0082 17.5406 -5.02661 0.562975 5.06678 80 2 25 10 24228 0 
-83.9895 17.539 -4.93404 0.562975 5.06678 80 2 25 10 24229 0 
-83.9708 17.5373 -4.84301 0.562975 5.06678 80 2 25 10 24230 0 
-83.9616 17.5366 -5.27473 0.562975 5.06678 80 2 25 10 24231 0 
-83.9429 17.5348 -5.17801 0.562975 5.06678 80 2 25 10 24232 0 
-83.9242 17.5331 -5.08291 0.562975 5.06678 80 2 25 10 24233 0 
-83.9055 17.5315 -4.98939 0.562975 5.06678 80 2 25 10 24234 0 
-83.8868 17.5298 -4.89742 0.562975 5.06678 80 2 25 10 24235 0 
-83.8681 17.5282 -4.80698 0.562975 5.06678 80 2 25 10 24236 0 
-83.8589 17.5275 -5.23799 0.562975 5.06678 80 2 25 10 24237 0 
-83.8402 17.5258 -5.14188 0.562975 5.06678 80 2 25 10 24238 0 
-83.8215 17.5241 -5.04736 0.562975 5.06678 80 2 25 10 24239 0 
-83.8029 17.5224 -4.95441 0.562975 5.06678 80 2 25 10 24240 0 
-83.7842 17.5208 -4.86301 0.562975 5.06678 80 2 25 10 24241 0 
-83.7655 17.5192 -4.77313 0.562975 5.06678 80 2 25 10 24242 0 
-83.7563 17.5184 -5.20342 0.562975 5.06678 80 2 25 10 24243 0 
-83.7376 17.5167 -5.10787 0.562975 5.06678 80 2 25 10 24244 0 
-83.7189 17.5151 -5.0139 0.562975 5.06678 80 2 25 10 24245 0 
-83.7002 17.5134 -4.92149 0.562975 5.06678 80 2 25 10 24246 0 
-83.6815 17.5118 -4.83063 0.562975 5.06678 80 2 25 10 24247 0 
-83.6628 17.5102 -4.74127 0.562975 5.06678 80 2 25 10 24248 0 
-83.6536 17.5095 -5.17083 0.562975 5.06678 80 2 25 10 24249 0 
-83.6349 17.5078 -5.0758 0.562975 5.06678 80 2 25 10 24250 0 
-83.6162 17.5061 -4.98235 0.562975 5.06678 80 2 25 10 24251 0 
-83.5975 17.5045 -4.89046 0.562975 5.06678 80 2 25 10 24252 0 
-83.5788 17.5029 -4.80009 0.562975 5.06678 80 2 25 10 24253 0 
-83.5696 17.5021 -5.22841 0.562975 5.06678 80 2 25 10 24254 0 
-83.5509 17.5004 -5.13241 0.562975 5.06678 80 2 25 10 24255 0 
-83.5322 17.4987 -5.038 0.562975 5.06678 80 2 25 10 24256 0 
-83.5135 17.4971 -4.94517 0.562975 5.06678 80 2 25 10 24257 0 
-83.4948 17.4955 -4.85388 0.562975 5.06678 80 2 25 10 24258 0 
-83.4761 17.4939 -4.7641 0.562975 5.06678 80 2 25 10 24259 0 
-83.4669 17.4931 -5.19172 0.562975 5.06678 80 2 25 10 24260 0 
-83.4482 17.4914 -5.09632 0.562975 5.06678 80 2 25 10 24261 0 
-83.4295 17.4897 -5.0025 0.562975 5.06678 80 2 25 10 24262 0 
-83.4108 17.4881 -4.91024 0.562975 5.06678 80 2 25 10 24263 0 
-83.3921 17.4865 -4.81951 0.562975 5.06678 80 2 25 10 24264 0 
-83.3734 17.4849 -4.73029 0.562975 5.06678 80 2 25 10 24265 0 
-83.3642 17.4842 -5.1572 0.562975 5.06678 80 2 25 10 24266 0 
-83.3455 17.4825 -5.06235 0.562975 5.06678 80 2 25 10 24267 0 
-83.3268 17.4808 -4.96908 0.562975 5.06678 80 2 25 10 24268 0 
-83.3081 17.4792 -4.87736 0.562975 5.06678 80 2 25 10 24269 0 
-83.2894 17.4776 -4.78717 0.562975 5.06678 80 2 25 10 24270 0 
-83.2707 17.476 -4.69848 0.562975 5.06678 80 2 25 10 24271 0 
-83.2615 17.4753 -5.12466 0.562975 5.06678 80 2 25 10 24272 0 
-83.2428 17.4736 -5.03033 0.562975 5.06678 80 2 25 10 24273 0 
-83.2241 17.472 -4.93758 0.562975 5.06678 80 2 25 10 24274 0 
-83.2054 17.4703 -4.84637 0.562975 5.06678 80 2 25 10 24275 0 
-83.1867 17.4688 -4.75668 0.562975 5.06678 80 2 25 10 24276 0 
-83.168 17.4672 -4.66848 0.562975 5.06678 80 2 25 10 24277 0 
-83.1588 17.4664 -5.09392 0.562975 5.06678 80 2 25 10 24278 0 
-83.1401 17.4648 -5.00009 0.562975 5.06678 80 2 25 10 24279 0 
-83.1214 17.4631 -4.90782 0.562975 5.06678 80 2 25 10 24280 0 
-83.1027 17.4615 -4.81709 0.562975 5.06678 80 2 25 10 24281 0 
-83.084 17.46 -4.72787 0.562975 5.06678 80 2 25 10 24282 0 
-83.0653 17.4584 -4.64013 0.562975 5.06678 80 2 25 10 24283 0 
-83.0561 17.4577 -5.06483 0.562975 5.06678 80 2 25 10 24284 0 
-83.0374 17.456 -4.97147 0.562975 5.06678 80 2 25 10 24285 0 
-83.0187 17.4544 -4.87966 0.562975 5.06678 80 2 25 10 24286 0 
-83 17.4528 -4.78939 0.562975 5.06678 80 2 25 10 24287 0 
-82.9813 17.4512 -4.70061 0.562975 5.06678 80 2 25 10 24288 0 
-82.9721 17.4505 -5.12406 0.562975 5.06678 80 2 25 10 24289 0 
-82.9534 17.4488 -5.02971 0.562975 5.06678 80 2 25 10 24290 0 
-82.9347 17.4471 -4.93692 0.562975 5.06678 80 2 25 10 24291 0 
-82.916 17.4455 -4.84567 0.562975 5.06678 80 2 25 10 24292 0 
-82.8973 17.4439 -4.75595 0.562975 5.06678 80 2 25 10 24293 0 
-82.8786 17.4424 -4.66771 0.562975 5.06678 80 2 25 10 24294 0 
-82.8694 17.4416 -5.09045 0.562975 5.06678 80 2 25 10 24295 0 
-82.8507 17.44 -4.99663 0.562975 5.06678 80 2 25 10 24296 0 
-82.832 17.4383 -4.90438 0.562975 5.06678 80 2 25 10 24297 0 
-82.8133 17.4367 -4.81366 0.562975 5.06678 80 2 25 10 24298 0 
-82.7946 17.4352 -4.72445 0.562975 5.06678 80 2 25 10 24299 0 
-82.7759 17.4336 -4.63673 0.562975 5.06678 80 2 25 10 24300 0 
-82.7667 17.4329 -5.05874 0.562975 5.06678 80 2 25 10 24301 0 
-82.748 17.4312 -4.96544 0.562975 5.06678 80 2 25 10 24302 0 
-82.7293 17.4296 -4.87369 0.562975 5.06678 80 2 25 10 24303 0 
-82.7106 17.428 -4.78346 0.562975 5.06678 80 2 25 10 24304 0 
-82.6919 17.4264 -4.69474 0.562975 5.06678 80 2 25 10 24305 0 
-82.6732 17.4249 -4.60749 0.562975 5.06678 80 2 25 10 24306 0 
-82.664 17.4241 -5.02877 0.562975 5.06678 80 2 25 10 24307 0 
-82.6453 17.4225 -4.93595 0.562975 5.06678 80 2 25 10 24308 0 
-82.6266 17.4209 -4.84467 0.562975 5.06678 80 2 25 10 24309 0 
-82.6079 17.4193 -4.75492 0.562975 5.06678 80 2 25 10 24310 0 
-82.5892 17.4177 -4.66666 0.562975 5.06678 80 2 25 10 24311 0 
-82.5705 17.4162 -4.57986 0.562975 5.06678 80 2 25 10 24312 0 
-82.5613 17.4155 -5.00039 0.562975 5.06678 80 2 25 10 24313 0 
-82.5426 17.4138 -4.90802 0.562975 5.06678 80 2 25 10 24314 0 
-82.5239 17.4122 -4.8172 0.562975 5.06678 80 2 25 10 24315 0 
-82.5052 17.4107 -4.72789 0.562975 5.06678 80 2 25 10 24316 0 
-82.4865 17.4091 -4.64006 0.562975 5.06678 80 2 25 10 24317 0 
-82.4678 17.4076 -4.55369 0.562975 5.06678 80 2 25 10 24318 0 
-82.4586 17.4069 -4.97346 0.562975 5.06678 80 2 25 10 24319 0 
-82.4399 17.4052 -4.88153 0.562975 5.06678 80 2 25 10 24320 0 
-82.4212 17.4036 -4.79113 0.562975 5.06678 80 2 25 10 24321 0 
-82.4025 17.4021 -4.70223 0.562975 5.06678 80 2 25 10 24322 0 
-82.3838 17.4005 -4.61482 0.562975 5.06678 80 2 25 10 24323 0 
-82.3746 17.3998 -5.03335 0.562975 5.06678 80 2 25 10 24324 0 
-82.3559 17.3981 -4.94041 0.562975 5.06678 80 2 25 10 24325 0 
-82.3372 17.3965 -4.84901 0.562975 5.06678 80 2 25 10 24326 0 
-82.3185 17.3949 -4.75914 0.562975 5.06678 80 2 25 10 24327 0 
-82.2998 17.3934 -4.67076 0.562975 5.06678 80 2 25 10 24328 0 
-82.2811 17.3919 -4.58385 0.562975 5.06678 80 2 25 10 24329 0 
-82.2719 17.3911 -5.00166 0.562975 5.06678 80 2 25 10 24330 0 
-82.2532 17.3895 -4.90924 0.562975 5.06678 80 2 25 10 24331 0 
-82.2345 17.3879 -4.81835 0.562975 5.06678 80 2 25 10 24332 0 
-82.2158 17.3863 -4.72897 0.562975 5.06678 80 2 25 10 24333 0 
-82.1971 17.3847 -4.64108 0.562975 5.06678 80 2 25 10 24334 0 
-82.1784 17.3832 -4.55465 0.562975 5.06678 80 2 25 10 24335 0 
-82.1692 17.3825 -4.97172 0.562975 5.06678 80 2 25 10 24336 0 
-82.1505 17.3809 -4.87978 0.562975 5.06678 80 2 25 10 24337 0 
-82.1318 17.3793 -4.78936 0.562975 5.06678 80 2 25 10 24338 0 
-82.1131 17.3777 -4.70045 0.562975 5.06678 80 2 25 10 24339 0 
-82.0944 17.3762 -4.61302 0.562975 5.06678 80 2 25 10 24340 0 
-82.0757 17.3747 -4.52704 0.562975 5.06678 80 2 25 10 24341 0 
-82.0665 17.3739 -4.94338 0.562975 5.06678 80 2 25 10 24342 0 
-82.0478 17.3723 -4.85189 0.562975 5.06678 80 2 25 10 24343 0 
-82.0291 17.3707 -4.76192 0.562975 5.06678 80 2 25 10 24344 0 
-82.0104 17.3692 -4.67345 0.562975 5.06678 80 2 25 10 24345 0 
-81.9917 17.3676 -4.58645 0.562975 5.06678 80 2 25 10 24346 0 
-81.9729 17.3661 -4.5009 0.562975 5.06678 80 2 25 10 24347 0 
-81.9637 17.3654 -4.91649 0.562975 5.06678 80 2 25 10 24348 0 
-81.945 17.3638 -4.82543 0.562975 5.06678 80 2 25 10 24349 0 
-81.9263 17.3622 -4.73589 0.562975 5.06678 80 2 25 10 24350 0 
-81.9076 17.3607 -4.64784 0.562975 5.06678 80 2 25 10 24351 0 
-81.8889 17.3592 -4.56125 0.562975 5.06678 80 2 25 10 24352 0 
-81.8702 17.3577 -4.4761 0.562975 5.06678 80 2 25 10 24353 0 
-81.861 17.3569 -4.89093 0.562975 5.06678 80 2 25 10 24354 0 
-81.8423 17.3553 -4.80028 0.562975 5.06678 80 2 25 10 24355 0 
-81.8236 17.3538 -4.71114 0.562975 5.06678 80 2 25 10 24356 0 
-81.8049 17.3522 -4.62349 0.562975 5.06678 80 2 25 10 24357 0 
-81.7862 17.3507 -4.53729 0.562975 5.06678 80 2 25 10 24358 0 
-81.7675 17.3492 -4.45252 0.562975 5.06678 80 2 25 10 24359 0 
-81.7583 17.3485 -4.86658 0.562975 5.06678 80 2 25 10 24360 0 
-81.7396 17.3469 -4.77633 0.562975 5.06678 80 2 25 10 24361 0 
-81.7209 17.3454 -4.68757 0.562975 5.06678 80 2 25 10 24362 0 
-81.7022 17.3438 -4.60029 0.562975 5.06678 80 2 25 10 24363 0 
-81.6835 17.3423 -4.51446 0.562975 5.06678 80 2 25 10 24364 0 
-81.6648 17.3408 -4.43006 0.562975 5.06678 80 2 25 10 24365 0 
-81.6555 17.3401 -4.84335 0.562975 5.06678 80 2 25 10 24366 0 
-81.6368 17.3386 -4.75347 0.562975 5.06678 80 2 25 10 24367 0 
-81.6181 17.337 -4.66507 0.562975 5.06678 80 2 25 10 24368 0 
-81.5994 17.3355 -4.57816 0.562975 5.06678 80 2 25 10 24369 0 
-81.5807 17.334 -4.49268 0.562975 5.06678 80 2 25 10 24370 0 
-81.5715 17.3332 -4.90473 0.562975 5.06678 80 2 25 10 24371 0 
-81.5528 17.3316 -4.81381 0.562975 5.06678 80 2 25 10 24372 0 
-81.5341 17.3301 -4.7244 0.562975 5.06678 80 2 25 10 24373 0 
-81.5154 17.3285 -4.63648 0.562975 5.06678 80 2 25 10 24374 0 
-81.4967 17.327 -4.55002 0.562975 5.06678 80 2 25 10 24375 0 
-81.478 17.3255 -4.465 0.562975 5.06678 80 2 25 10 24376 0 
-81.4688 17.3248 -4.87632 0.562975 5.06678 80 2 25 10 24377 0 
-81.4501 17.3232 -4.78585 0.562975 5.06678 80 2 25 10 24378 0 
-81.4314 17.3216 -4.6969 0.562975 5.06678 80 2 25 10 24379 0 
-81.4127 17.3201 -4.60942 0.562975 5.06678 80 2 25 10 24380 0 
-81.394 17.3186 -4.52339 0.562975 5.06678 80 2 25 10 24381 0 
-81.3753 17.3171 -4.4388 0.562975 5.06678 80 2 25 10 24382 0 
-81.3661 17.3164 -4.84937 0.562975 5.06678 80 2 25 10 24383 0 
-81.3474 17.3148 -4.75934 0.562975 5.06678 80 2 25 10 24384 0 
-81.3287 17.3133 -4.67081 0.562975 5.06678 80 2 25 10 24385 0 
-81.3099 17.3117 -4.58375 0.562975 5.06678 80 2 25 10 24386 0 
-81.2912 17.3102 -4.49814 0.562975 5.06678 80 2 25 10 24387 0 
-81.2725 17.3088 -4.41395 0.562975 5.06678 80 2 25 10 24388 0 
-81.2633 17.308 -4.82377 0.562975 5.06678 80 2 25 10 24389 0 
-81.2446 17.3065 -4.73415 0.562975 5.06678 80 2 25 10 24390 0 
-81.2259 17.3049 -4.64602 0.562975 5.06678 80 2 25 10 24391 0 
-81.2072 17.3034 -4.55936 0.562975 5.06678 80 2 25 10 24392 0 
-81.1885 17.3019 -4.47414 0.562975 5.06678 80 2 25 10 24393 0 
-81.1698 17.3004 -4.39033 0.562975 5.06678 80 2 25 10 24394 0 
-81.1606 17.2997 -4.7994 0.562975 5.06678 80 2 25 10 24395 0 
-81.1419 17.2982 -4.71017 0.562975 5.06678 80 2 25 10 24396 0 
-81.1232 17.2966 -4.62242 0.562975 5.06678 80 2 25 10 24397 0 
-81.1045 17.2951 -4.53613 0.562975 5.06678 80 2 25 10 24398 0 
-81.0858 17.2936 -4.45128 0.562975 5.06678 80 2 25 10 24399 0 
-81.0671 17.2922 -4.36784 0.562975 5.06678 80 2 25 10 24400 0 
-81.0578 17.2915 -4.77614 0.562975 5.06678 80 2 25 10 24401 0 
-81.0391 17.2899 -4.68728 0.562975 5.06678 80 2 25 10 24402 0 
-81.0204 17.2884 -4.59991 0.562975 5.06678 80 2 25 10 24403 0 
-81.0017 17.2869 -4.51398 0.562975 5.06678 80 2 25 10 24404 0 
-80.983 17.2854 -4.42948 0.562975 5.06678 80 2 25 10 24405 0 
-80.9643 17.2839 -4.34639 0.562975 5.06678 80 2 25 10 24406 0 
-80.9551 17.2832 -4.75392 0.562975 5.06678 80 2 25 10 24407 0 
-80.9364 17.2817 -4.66541 0.562975 5.06678 80 2 25 10 24408 0 
-80.9177 17.2802 -4.57838 0.562975 5.06678 80 2 25 10 24409 0 
-80.899 17.2787 -4.4928 0.562975 5.06678 80 2 25 10 24410 0 
-80.8803 17.2772 -4.40864 0.562975 5.06678 80 2 25 10 24411 0 
-80.8616 17.2757 -4.32588 0.562975 5.06678 80 2 25 10 24412 0 
-80.8524 17.2751 -4.73263 0.562975 5.06678 80 2 25 10 24413 0 
-80.8337 17.2735 -4.64446 0.562975 5.06678 80 2 25 10 24414 0 
-80.8149 17.272 -4.55777 0.562975 5.06678 80 2 25 10 24415 0 
-80.7962 17.2705 -4.47251 0.562975 5.06678 80 2 25 10 24416 0 
-80.7775 17.269 -4.38867 0.562975 5.06678 80 2 25 10 24417 0 
-80.7588 17.2676 -4.30623 0.562975 5.06678 80 2 25 10 24418 0 
-80.7496 17.2669 -4.7122 0.562975 5.06678 80 2 25 10 24419 0 
-80.7309 17.2654 -4.62436 0.562975 5.06678 80 2 25 10 24420 0 
-80.7122 17.2638 -4.53798 0.562975 5.06678 80 2 25 10 24421 0 
-80.6935 17.2624 -4.45304 0.562975 5.06678 80 2 25 10 24422 0 
-80.6748 17.2609 -4.36951 0.562975 5.06678 80 2 25 10 24423 0 
-80.6656 17.2602 -4.77425 0.562975 5.06678 80 2 25 10 24424 0 
-80.6469 17.2586 -4.68537 0.562975 5.06678 80 2 25 10 24425 0 
-80.6282 17.2571 -4.59796 0.562975 5.06678 80 2 25 10 24426 0 
-80.6095 17.2556 -4.512 0.562975 5.06678 80 2 25 10 24427 0 
-80.5908 17.2541 -4.42748 0.562975 5.06678 80 2 25 10 24428 0 
-80.5721 17.2527 -4.34436 0.562975 5.06678 80 2 25 10 24429 0 
-80.5628 17.252 -4.74836 0.562975 5.06678 80 2 25 10 24430 0 
-80.5441 17.2504 -4.65989 0.562975 5.06678 80 2 25 10 24431 0 
-80.5254 17.2489 -4.57289 0.562975 5.06678 80 2 25 10 24432 0 
-80.5067 17.2474 -4.48734 0.562975 5.06678 80 2 25 10 24433 0 
-80.488 17.2459 -4.40321 0.562975 5.06678 80 2 25 10 24434 0 
-80.4693 17.2445 -4.32048 0.562975 5.06678 80 2 25 10 24435 0 
-80.4601 17.2438 -4.72373 0.562975 5.06678 80 2 25 10 24436 0 
-80.4414 17.2423 -4.63565 0.562975 5.06678 80 2 25 10 24437 0 
-80.4227 17.2407 -4.54904 0.562975 5.06678 80 2 25 10 24438 0 
-80.404 17.2392 -4.46387 0.562975 5.06678 80 2 25 10 24439 0 
-80.3853 17.2378 -4.38012 0.562975 5.06678 80 2 25 10 24440 0 
-80.3666 17.2364 -4.29776 0.562975 5.06678 80 2 25 10 24441 0 
-80.3573 17.2357 -4.70025 0.562975 5.06678 80 2 25 10 24442 0 
-80.3386 17.2341 -4.61255 0.562975 5.06678 80 2 25 10 24443 0 
-80.3199 17.2326 -4.52631 0.562975 5.06678 80 2 25 10 24444 0 
-80.3012 17.2311 -4.4415 0.562975 5.06678 80 2 25 10 24445 0 
-80.2825 17.2297 -4.3581 0.562975 5.06678 80 2 25 10 24446 0 
-80.2638 17.2283 -4.27609 0.562975 5.06678 80 2 25 10 24447 0 
-80.2546 17.2276 -4.67783 0.562975 5.06678 80 2 25 10 24448 0 
-80.2359 17.226 -4.59049 0.562975 5.06678 80 2 25 10 24449 0 
-80.2172 17.2245 -4.5046 0.562975 5.06678 80 2 25 10 24450 0 
-80.1985 17.2231 -4.42013 0.562975 5.06678 80 2 25 10 24451 0 
-80.1798 17.2216 -4.33708 0.562975 5.06678 80 2 25 10 24452 0 
-80.1611 17.2202 -4.2554 0.562975 5.06678 80 2 25 10 24453 0 
-80.1518 17.2195 -4.65637 0.562975 5.06678 80 2 25 10 24454 0 
-80.1331 17.218 -4.56937 0.562975 5.06678 80 2 25 10 24455 0 
-80.1144 17.2165 -4.48381 0.562975 5.06678 80 2 25 10 24456 0 
-80.0957 17.215 -4.39968 0.562975 5.06678 80 2 25 10 24457 0 
-80.077 17.2136 -4.31695 0.562975 5.06678 80 2 25 10 24458 0 
-80.0583 17.2122 -4.23559 0.562975 5.06678 80 2 25 10 24459 0 
-80.0491 17.2115 -4.63579 0.562975 5.06678 80 2 25 10 24460 0 
-80.0304 17.21 -4.54912 0.562975 5.06678 80 2 25 10 24461 0 
-80.0117 17.2085 -4.46388 0.562975 5.06678 80 2 25 10 24462 0 
-79.993 17.207 -4.38007 0.562975 5.06678 80 2 25 10 24463 0 
-79.9743 17.2056 -4.29765 0.562975 5.06678 80 2 25 10 24464 0 
-79.9555 17.2042 -4.2166 0.562975 5.06678 80 2 25 10 24465 0 
-79.9463 17.2035 -4.61602 0.562975 5.06678 80 2 25 10 24466 0 
-79.9276 17.202 -4.52966 0.562975 5.06678 80 2 25 10 24467 0 
-79.9089 17.2005 -4.44473 0.562975 5.06678 80 2 25 10 24468 0 
-79.8902 17.1991 -4.36122 0.562975 5.06678 80 2 25 10 24469 0 
-79.8715 17.1976 -4.2791 0.562975 5.06678 80 2 25 10 24470 0 
-79.8528 17.1962 -4.19834 0.562975 5.06678 80 2 25 10 24471 0 
-79.8436 17.1956 -4.59698 0.562975 5.06678 80 2 25 10 24472 0 
-79.8248 17.194 -4.51092 0.562975 5.06678 80 2 25 10 24473 0 
-79.8061 17.1926 -4.42629 0.562975 5.06678 80 2 25 10 24474 0 
-79.7874 17.1911 -4.34307 0.562975 5.06678 80 2 25 10 24475 0 
-79.7687 17.1897 -4.26124 0.562975 5.06678 80 2 25 10 24476 0 
-79.75 17.1883 -4.18076 0.562975 5.06678 80 2 25 10 24477 0 
-79.7408 17.1876 -4.57861 0.562975 5.06678 80 2 25 10 24478 0 
-79.7221 17.1861 -4.49285 0.562975 5.06678 80 2 25 10 24479 0 
-79.7034 17.1847 -4.4085 0.562975 5.06678 80 2 25 10 24480 0 
-79.6847 17.1832 -4.32556 0.562975 5.06678 80 2 25 10 24481 0 
-79.6659 17.1818 -4.244 0.562975 5.06678 80 2 25 10 24482 0 
-79.6472 17.1804 -4.1638 0.562975 5.06678 80 2 25 10 24483 0 
-79.638 17.1798 -4.56087 0.562975 5.06678 80 2 25 10 24484 0 
-79.6193 17.1783 -4.47538 0.562975 5.06678 80 2 25 10 24485 0 
-79.6006 17.1768 -4.39131 0.562975 5.06678 80 2 25 10 24486 0 
-79.5819 17.1754 -4.30864 0.562975 5.06678 80 2 25 10 24487 0 
-79.5632 17.174 -4.22735 0.562975 5.06678 80 2 25 10 24488 0 
-79.5445 17.1726 -4.14741 0.562975 5.06678 80 2 25 10 24489 0 
-79.5352 17.1719 -4.54368 0.562975 5.06678 80 2 25 10 24490 0 
-79.5165 17.1704 -4.45846 0.562975 5.06678 80 2 25 10 24491 0 
-79.4978 17.169 -4.37466 0.562975 5.06678 80 2 25 10 24492 0 
-79.4791 17.1675 -4.29226 0.562975 5.06678 80 2 25 10 24493 0 
-79.4604 17.1661 -4.21122 0.562975 5.06678 80 2 25 10 24494 0 
-79.4417 17.1647 -4.13153 0.562975 5.06678 80 2 25 10 24495 0 
-79.4325 17.1641 -4.52702 0.562975 5.06678 80 2 25 10 24496 0 
-79.4138 17.1626 -4.44206 0.562975 5.06678 80 2 25 10 24497 0 
-79.3951 17.1611 -4.35852 0.562975 5.06678 80 2 25 10 24498 0 
-79.3763 17.1597 -4.27636 0.562975 5.06678 80 2 25 10 24499 0 
-79.3576 17.1583 -4.19558 0.562975 5.06678 80 2 25 10 24500 0 
-79.3389 17.1569 -4.11613 0.562975 5.06678 80 2 25 10 24501 0 
-79.3297 17.1563 -4.51082 0.562975 5.06678 80 2 25 10 24502 0 
-79.311 17.1548 -4.42612 0.562975 5.06678 80 2 25 10 24503 0 
-79.2923 17.1534 -4.34283 0.562975 5.06678 80 2 25 10 24504 0 
-79.2736 17.1519 -4.26092 0.562975 5.06678 80 2 25 10 24505 0 
-79.2549 17.1505 -4.18037 0.562975 5.06678 80 2 25 10 24506 0 
-79.2361 17.1492 -4.10117 0.562975 5.06678 80 2 25 10 24507 0 
-79.2269 17.1485 -4.49506 0.562975 5.06678 80 2 25 10 24508 0 
-79.2082 17.147 -4.4106 0.562975 5.06678 80 2 25 10 24509 0 
-79.1895 17.1456 -4.32755 0.562975 5.06678 80 2 25 10 24510 0 
-79.1708 17.1442 -4.24588 0.562975 5.06678 80 2 25 10 24511 0 
-79.1521 17.1428 -4.16557 0.562975 5.06678 80 2 25 10 24512 0 
-79.1429 17.1421 -4.55825 0.562975 5.06678 80 2 25 10 24513 0 
-79.1241 17.1406 -4.47273 0.562975 5.06678 80 2 25 10 24514 0 
-79.1054 17.1392 -4.38863 0.562975 5.06678 80 2 25 10 24515 0 
-79.0867 17.1377 -4.30593 0.562975 5.06678 80 2 25 10 24516 0 
-79.068 17.1363 -4.22461 0.562975 5.06678 80 2 25 10 24517 0 
-79.0493 17.1349 -4.14464 0.562975 5.06678 80 2 25 10 24518 0 
-79.0306 17.1336 -4.066 0.562975 5.06678 80 2 25 10 24519 0 
-79.0214 17.1329 -4.45833 0.562975 5.06678 80 2 25 10 24520 0 
-79.0027 17.1315 -4.37446 0.562975 5.06678 80 2 25 10 24521 0 
-78.9839 17.13 -4.29198 0.562975 5.06678 80 2 25 10 24522 0 
-78.9652 17.1286 -4.21087 0.562975 5.06678 80 2 25 10 24523 0 
-78.9465 17.1273 -4.13111 0.562975 5.06678 80 2 25 10 24524 0 
-78.9373 17.1266 -4.52224 0.562975 5.06678 80 2 25 10 24525 0 
-78.9186 17.1251 -4.43728 0.562975 5.06678 80 2 25 10 24526 0 
-78.8999 17.1237 -4.35375 0.562975 5.06678 80 2 25 10 24527 0 
-78.8812 17.1222 -4.2716 0.562975 5.06678 80 2 25 10 24528 0 
-78.8624 17.1208 -4.19081 0.562975 5.06678 80 2 25 10 24529 0 
-78.8437 17.1195 -4.11137 0.562975 5.06678 80 2 25 10 24530 0 
-78.8345 17.1188 -4.50174 0.562975 5.06678 80 2 25 10 24531 0 
-78.8158 17.1173 -4.41711 0.562975 5.06678 80 2 25 10 24532 0 
-78.7971 17.1159 -4.33389 0.562975 5.06678 80 2 25 10 24533 0 
-78.7784 17.1145 -4.25206 0.562975 5.06678 80 2 25 10 24534 0 
-78.7597 17.1131 -4.17158 0.562975 5.06678 80 2 25 10 24535 0 
-78.741 17.1117 -4.09245 0.562975 5.06678 80 2 25 10 24536 0 
-78.7317 17.111 -4.48205 0.562975 5.06678 80 2 25 10 24537 0 
-78.713 17.1096 -4.39774 0.562975 5.06678 80 2 25 10 24538 0 
-78.6943 17.1081 -4.31482 0.562975 5.06678 80 2 25 10 24539 0 
-78.6756 17.1067 -4.23329 0.562975 5.06678 80 2 25 10 24540 0 
-78.6569 17.1053 -4.15312 0.562975 5.06678 80 2 25 10 24541 0 
-78.6382 17.104 -4.07427 0.562975 5.06678 80 2 25 10 24542 0 
-78.6289 17.1033 -4.4631 0.562975 5.06678 80 2 25 10 24543 0 
-78.6102 17.1019 -4.37909 0.562975 5.06678 80 2 25 10 24544 0 
-78.5915 17.1004 -4.29647 0.562975 5.06678 80 2 25 10 24545 0 
-78.5728 17.099 -4.21523 0.562975 5.06678 80 2 25 10 24546 0 
-78.5541 17.0977 -4.13534 0.562975 5.06678 80 2 25 10 24547 0 
-78.5354 17.0963 -4.05678 0.562975 5.06678 80 2 25 10 24548 0 
-78.5262 17.0956 -4.44484 0.562975 5.06678 80 2 25 10 24549 0 
-78.5075 17.0942 -4.36112 0.562975 5.06678 80 2 25 10 24550 0 
-78.4887 17.0928 -4.27878 0.562975 5.06678 80 2 25 10 24551 0 
-78.47 17.0914 -4.19782 0.562975 5.06678 80 2 25 10 24552 0 
-78.4513 17.09 -4.1182 0.562975 5.06678 80 2 25 10 24553 0 
-78.4326 17.0886 -4.03991 0.562975 5.06678 80 2 25 10 24554 0 
-78.4234 17.088 -4.4272 0.562975 5.06678 80 2 25 10 24555 0 
-78.4047 17.0865 -4.34375 0.562975 5.06678 80 2 25 10 24556 0 
-78.3859 17.0851 -4.26169 0.562975 5.06678 80 2 25 10 24557 0 
-78.3672 17.0837 -4.181 0.562975 5.06678 80 2 25 10 24558 0 
-78.3485 17.0824 -4.10165 0.562975 5.06678 80 2 25 10 24559 0 
-78.3298 17.081 -4.02362 0.562975 5.06678 80 2 25 10 24560 0 
-78.3206 17.0804 -4.41013 0.562975 5.06678 80 2 25 10 24561 0 
-78.3019 17.0789 -4.32695 0.562975 5.06678 80 2 25 10 24562 0 
-78.2832 17.0775 -4.24516 0.562975 5.06678 80 2 25 10 24563 0 
-78.2644 17.0761 -4.16472 0.562975 5.06678 80 2 25 10 24564 0 
-78.2457 17.0748 -4.08563 0.562975 5.06678 80 2 25 10 24565 0 
-78.227 17.0734 -4.00785 0.562975 5.06678 80 2 25 10 24566 0 
-78.2178 17.0728 -4.39358 0.562975 5.06678 80 2 25 10 24567 0 
-78.1991 17.0713 -4.31066 0.562975 5.06678 80 2 25 10 24568 0 
-78.1804 17.0699 -4.22912 0.562975 5.06678 80 2 25 10 24569 0 
-78.1617 17.0685 -4.14894 0.562975 5.06678 80 2 25 10 24570 0 
-78.1429 17.0672 -4.07009 0.562975 5.06678 80 2 25 10 24571 0 
-78.1242 17.0659 -3.99255 0.562975 5.06678 80 2 25 10 24572 0 
-78.115 17.0652 -4.3775 0.562975 5.06678 80 2 25 10 24573 0 
-78.0963 17.0638 -4.29484 0.562975 5.06678 80 2 25 10 24574 0 
-78.0776 17.0624 -4.21355 0.562975 5.06678 80 2 25 10 24575 0 
-78.0589 17.061 -4.13361 0.562975 5.06678 80 2 25 10 24576 0 
-78.0401 17.0596 -4.055 0.562975 5.06678 80 2 25 10 24577 0 
-78.0214 17.0583 -3.9777 0.562975 5.06678 80 2 25 10 24578 0 
-78.0122 17.0577 -4.36186 0.562975 5.06678 80 2 25 10 24579 0 
-77.9935 17.0562 -4.27944 0.562975 5.06678 80 2 25 10 24580 0 
-77.9748 17.0548 -4.19839 0.562975 5.06678 80 2 25 10 24581 0 
-77.956 17.0535 -4.11869 0.562975 5.06678 80 2 25 10 24582 0 
-77.9373 17.0521 -4.04032 0.562975 5.06678 80 2 25 10 24583 0 
-77.9186 17.0508 -3.96324 0.562975 5.06678 80 2 25 10 24584 0 
-77.9094 17.0502 -4.34663 0.562975 5.06678 80 2 25 10 24585 0 
-77.8907 17.0487 -4.26444 0.562975 5.06678 80 2 25 10 24586 0 
-77.872 17.0473 -4.18363 0.562975 5.06678 80 2 25 10 24587 0 
-77.8532 17.046 -4.10416 0.562975 5.06678 80 2 25 10 24588 0 
-77.8345 17.0446 -4.02601 0.562975 5.06678 80 2 25 10 24589 0 
-77.8158 17.0433 -3.94916 0.562975 5.06678 80 2 25 10 24590 0 
-77.8066 17.0427 -4.33175 0.562975 5.06678 80 2 25 10 24591 0 
-77.7879 17.0413 -4.2498 0.562975 5.06678 80 2 25 10 24592 0 
-77.7691 17.0399 -4.16922 0.562975 5.06678 80 2 25 10 24593 0 
-77.7504 17.0385 -4.08997 0.562975 5.06678 80 2 25 10 24594 0 
-77.7317 17.0372 -4.01204 0.562975 5.06678 80 2 25 10 24595 0 
-77.713 17.0359 -3.93541 0.562975 5.06678 80 2 25 10 24596 0 
-77.7038 17.0352 -4.31721 0.562975 5.06678 80 2 25 10 24597 0 
-77.6851 17.0338 -4.23549 0.562975 5.06678 80 2 25 10 24598 0 
-77.6663 17.0324 -4.15513 0.562975 5.06678 80 2 25 10 24599 0 
-77.6476 17.0311 -4.0761 0.562975 5.06678 80 2 25 10 24600 0 
-77.6289 17.0297 -3.99839 0.562975 5.06678 80 2 25 10 24601 0 
-77.6102 17.0284 -3.92197 0.562975 5.06678 80 2 25 10 24602 0 
-77.601 17.0278 -4.30298 0.562975 5.06678 80 2 25 10 24603 0 
-77.5823 17.0264 -4.22148 0.562975 5.06678 80 2 25 10 24604 0 
-77.5635 17.025 -4.14134 0.562975 5.06678 80 2 25 10 24605 0 
-77.5448 17.0236 -4.06252 0.562975 5.06678 80 2 25 10 24606 0 
-77.5261 17.0223 -3.98502 0.562975 5.06678 80 2 25 10 24607 0 
-77.5074 17.021 -3.90881 0.562975 5.06678 80 2 25 10 24608 0 
-77.4982 17.0204 -4.28904 0.562975 5.06678 80 2 25 10 24609 0 
-77.4794 17.019 -4.20775 0.562975 5.06678 80 2 25 10 24610 0 
-77.4607 17.0176 -4.12782 0.562975 5.06678 80 2 25 10 24611 0 
-77.442 17.0162 -4.04922 0.562975 5.06678 80 2 25 10 24612 0 
-77.4233 17.0149 -3.97192 0.562975 5.06678 80 2 25 10 24613 0 
-77.4046 17.0136 -3.89591 0.562975 5.06678 80 2 25 10 24614 0 
-77.3953 17.013 -4.27535 0.562975 5.06678 80 2 25 10 24615 0 
-77.3766 17.0116 -4.19427 0.562975 5.06678 80 2 25 10 24616 0 
-77.3579 17.0102 -4.11455 0.562975 5.06678 80 2 25 10 24617 0 
-77.3392 17.0089 -4.03615 0.562975 5.06678 80 2 25 10 24618 0 
-77.3205 17.0076 -3.95906 0.562975 5.06678 80 2 25 10 24619 0 
-77.3018 17.0063 -3.88325 0.562975 5.06678 80 2 25 10 24620 0 
-77.2925 17.0056 -4.26189 0.562975 5.06678 80 2 25 10 24621 0 
-77.2738 17.0042 -4.18103 0.562975 5.06678 80 2 25 10 24622 0 
-77.2551 17.0029 -4.10151 0.562975 5.06678 80 2 25 10 24623 0 
-77.2364 17.0015 -4.02332 0.562975 5.06678 80 2 25 10 24624 0 
-77.2177 17.0002 -3.94642 0.562975 5.06678 80 2 25 10 24625 0 
-77.1989 16.9989 -3.8708 0.562975 5.06678 80 2 25 10 24626 0 
-77.1897 16.9983 -4.24866 0.562975 5.06678 80 2 25 10 24627 0 
-77.171 16.9969 -4.168 0.562975 5.06678 80 2 25 10 24628 0 
-77.1523 16.9955 -4.08868 0.562975 5.06678 80 2 25 10 24629 0 
-77.1336 16.9942 -4.01068 0.562975 5.06678 80 2 25 10 24630 0 
-77.1149 16.9929 -3.93398 0.562975 5.06678 80 2 25 10 24631 0 
-77.0961 16.9916 -3.85856 0.562975 5.06678 80 2 25 10 24632 0 
-77.0869 16.991 -4.23562 0.562975 5.06678 80 2 25 10 24633 0 
-77.0682 16.9896 -4.15517 0.562975 5.06678 80 2 25 10 24634 0 
-77.0495 16.9882 -4.07605 0.562975 5.06678 80 2 25 10 24635 0 
-77.0308 16.9869 -3.99825 0.562975 5.06678 80 2 25 10 24636 0 
-77.012 16.9856 -3.92174 0.562975 5.06678 80 2 25 10 24637 0 
-76.9933 16.9843 -3.8465 0.562975 5.06678 80 2 25 10 24638 0 
-76.9841 16.9837 -4.22277 0.562975 5.06678 80 2 25 10 24639 0 
-76.9654 16.9823 -4.14251 0.562975 5.06678 80 2 25 10 24640 0 
-76.9467 16.981 -4.06359 0.562975 5.06678 80 2 25 10 24641 0 
-76.9279 16.9796 -3.98598 0.562975 5.06678 80 2 25 10 24642 0 
-76.9092 16.9783 -3.90966 0.562975 5.06678 80 2 25 10 24643 0 
-76.8905 16.977 -3.83461 0.562975 5.06678 80 2 25 10 24644 0 
-76.8718 16.9758 -3.76081 0.562975 5.06678 80 2 25 10 24645 0 
-76.8626 16.9752 -4.13666 0.562975 5.06678 80 2 25 10 24646 0 
-76.8438 16.9738 -4.05782 0.562975 5.06678 80 2 25 10 24647 0 
-76.8251 16.9725 -3.98029 0.562975 5.06678 80 2 25 10 24648 0 
-76.8064 16.9712 -3.90405 0.562975 5.06678 80 2 25 10 24649 0 
-76.7877 16.9699 -3.82908 0.562975 5.06678 80 2 25 10 24650 0 
-76.769 16.9687 -3.75535 0.562975 5.06678 80 2 25 10 24651 0 
-76.7597 16.9681 -4.13037 0.562975 5.06678 80 2 25 10 24652 0 
-76.741 16.9667 -4.05162 0.562975 5.06678 80 2 25 10 24653 0 
-76.7223 16.9654 -3.97418 0.562975 5.06678 80 2 25 10 24654 0 
-76.7036 16.9641 -3.89802 0.562975 5.06678 80 2 25 10 24655 0 
-76.6848 16.9628 -3.82314 0.562975 5.06678 80 2 25 10 24656 0 
-76.6661 16.9615 -3.74949 0.562975 5.06678 80 2 25 10 24657 0 
-76.6474 16.9603 -3.67708 0.562975 5.06678 80 2 25 10 24658 0 
-76.6287 16.9591 -3.60586 0.562975 5.06678 80 2 25 10 24659 0 
-76.6099 16.9579 -3.53583 0.562975 5.06678 80 2 25 10 24660 0 
-76.6007 16.9574 -3.91108 0.562975 5.06678 80 2 25 10 24661 0 
-76.582 16.9561 -3.83596 0.562975 5.06678 80 2 25 10 24662 0 
-76.5633 16.9548 -3.76209 0.562975 5.06678 80 2 25 10 24663 0 
-76.5446 16.9536 -3.68945 0.562975 5.06678 80 2 25 10 24664 0 
-76.5258 16.9524 -3.61801 0.562975 5.06678 80 2 25 10 24665 0 
-76.5071 16.9512 -3.54777 0.562975 5.06678 80 2 25 10 24666 0 
-76.4884 16.95 -3.47869 0.562975 5.06678 80 2 25 10 24667 0 
-76.4696 16.9489 -3.41076 0.562975 5.06678 80 2 25 10 24668 0 
-76.4509 16.9478 -3.34396 0.562975 5.06678 80 2 25 10 24669 0 
-76.4417 16.9473 -3.71924 0.562975 5.06678 80 2 25 10 24670 0 
-76.423 16.946 -3.6473 0.562975 5.06678 80 2 25 10 24671 0 
-76.4042 16.9448 -3.57655 0.562975 5.06678 80 2 25 10 24672 0 
-76.3855 16.9437 -3.50698 0.562975 5.06678 80 2 25 10 24673 0 
-76.3668 16.9425 -3.43856 0.562975 5.06678 80 2 25 10 24674 0 
-76.348 16.9414 -3.37128 0.562975 5.06678 80 2 25 10 24675 0 
-76.3293 16.9403 -3.30512 0.562975 5.06678 80 2 25 10 24676 0 
-76.3106 16.9392 -3.24006 0.562975 5.06678 80 2 25 10 24677 0 
-76.2918 16.9382 -3.17609 0.562975 5.06678 80 2 25 10 24678 0 
-76.2826 16.9376 -3.55123 0.562975 5.06678 80 2 25 10 24679 0 
-76.2639 16.9365 -3.48207 0.562975 5.06678 80 2 25 10 24680 0 
-76.2452 16.9353 -3.41405 0.562975 5.06678 80 2 25 10 24681 0 
-76.2264 16.9342 -3.34716 0.562975 5.06678 80 2 25 10 24682 0 
-76.2077 16.9331 -3.28139 0.562975 5.06678 80 2 25 10 24683 0 
-76.189 16.9321 -3.21671 0.562975 5.06678 80 2 25 10 24684 0 
-76.1702 16.931 -3.1531 0.562975 5.06678 80 2 25 10 24685 0 
-76.1515 16.93 -3.09056 0.562975 5.06678 80 2 25 10 24686 0 
-76.1328 16.929 -3.02905 0.562975 5.06678 80 2 25 10 24687 0 
-76.114 16.928 -2.96856 0.562975 5.06678 80 2 25 10 24688 0 
-76.1048 16.9275 -3.3437 0.562975 5.06678 80 2 25 10 24689 0 
-76.0861 16.9264 -3.27797 0.562975 5.06678 80 2 25 10 24690 0 
-76.0674 16.9253 -3.21333 0.562975 5.06678 80 2 25 10 24691 0 
-76.0486 16.9243 -3.14976 0.562975 5.06678 80 2 25 10 24692 0 
-76.0299 16.9232 -3.08726 0.562975 5.06678 80 2 25 10 24693 0 
-76.0111 16.9222 -3.02579 0.562975 5.06678 80 2 25 10 24694 0 
-75.9924 16.9212 -2.96534 0.562975 5.06678 80 2 25 10 24695 0 
-75.9737 16.9203 -2.9059 0.562975 5.06678 80 2 25 10 24696 0 
-75.9549 16.9193 -2.84745 0.562975 5.06678 80 2 25 10 24697 0 
-75.9362 16.9184 -2.78996 0.562975 5.06678 80 2 25 10 24698 0 
-75.9174 16.9175 -2.73344 0.562975 5.06678 80 2 25 10 24699 0 
-75.9082 16.917 -3.1086 0.562975 5.06678 80 2 25 10 24700 0 
-75.8895 16.916 -3.04676 0.562975 5.06678 80 2 25 10 24701 0 
-75.8708 16.915 -2.98595 0.562975 5.06678 80 2 25 10 24702 0 
-75.852 16.914 -2.92615 0.562975 5.06678 80 2 25 10 24703 0 
-75.8333 16.9131 -2.86735 0.562975 5.06678 80 2 25 10 24704 0 
-75.8145 16.9121 -2.80952 0.562975 5.06678 80 2 25 10 24705 0 
-75.7958 16.9112 -2.75265 0.562975 5.06678 80 2 25 10 24706 0 
-75.777 16.9103 -2.69673 0.562975 5.06678 80 2 25 10 24707 0 
-75.7583 16.9094 -2.64174 0.562975 5.06678 80 2 25 10 24708 0 
-75.7396 16.9086 -2.58766 0.562975 5.06678 80 2 25 10 24709 0 
-75.7208 16.9077 -2.53448 0.562975 5.06678 80 2 25 10 24710 0 
-75.7021 16.9069 -2.48218 0.562975 5.06678 80 2 25 10 24711 0 
-75.6929 16.9065 -2.85734 0.562975 5.06678 80 2 25 10 24712 0 
-75.6741 16.9056 -2.79966 0.562975 5.06678 80 2 25 10 24713 0 
-75.6554 16.9046 -2.74294 0.562975 5.06678 80 2 25 10 24714 0 
-75.6367 16.9037 -2.68716 0.562975 5.06678 80 2 25 10 24715 0 
-75.6179 16.9029 -2.63231 0.562975 5.06678 80 2 25 10 24716 0 
-75.5992 16.902 -2.57837 0.562975 5.06678 80 2 25 10 24717 0 
-75.5804 16.9012 -2.52533 0.562975 5.06678 80 2 25 10 24718 0 
-75.5617 16.9003 -2.47317 0.562975 5.06678 80 2 25 10 24719 0 
-75.5429 16.8995 -2.42188 0.562975 5.06678 80 2 25 10 24720 0 
-75.5242 16.8987 -2.37144 0.562975 5.06678 80 2 25 10 24721 0 
-75.5054 16.898 -2.32184 0.562975 5.06678 80 2 25 10 24722 0 
-75.4867 16.8972 -2.27306 0.562975 5.06678 80 2 25 10 24723 0 
-75.4679 16.8964 -2.22509 0.562975 5.06678 80 2 25 10 24724 0 
-75.4588 16.8961 -2.60012 0.562975 5.06678 80 2 25 10 24725 0 
-75.44 16.8952 -2.54669 0.562975 5.06678 80 2 25 10 24726 0 
-75.4213 16.8944 -2.49416 0.562975 5.06678 80 2 25 10 24727 0 
-75.4025 16.8936 -2.4425 0.562975 5.06678 80 2 25 10 24728 0 
-75.3838 16.8928 -2.3917 0.562975 5.06678 80 2 25 10 24729 0 
-75.365 16.892 -2.34175 0.562975 5.06678 80 2 25 10 24730 0 
-75.3463 16.8912 -2.29262 0.562975 5.06678 80 2 25 10 24731 0 
-75.3275 16.8905 -2.24431 0.562975 5.06678 80 2 25 10 24732 0 
-75.3088 16.8898 -2.19681 0.562975 5.06678 80 2 25 10 24733 0 
-75.29 16.889 -2.15009 0.562975 5.06678 80 2 25 10 24734 0 
-75.2713 16.8883 -2.10415 0.562975 5.06678 80 2 25 10 24735 0 
-75.2525 16.8876 -2.05897 0.562975 5.06678 80 2 25 10 24736 0 
-75.2337 16.887 -2.01455 0.562975 5.06678 80 2 25 10 24737 0 
-75.215 16.8863 -1.97086 0.562975 5.06678 80 2 25 10 24738 0 
-75.1962 16.8857 -1.9279 0.562975 5.06678 80 2 25 10 24739 0 
-75.1775 16.885 -1.88565 0.562975 5.06678 80 2 25 10 24740 0 
-75.1587 16.8844 -1.84411 0.562975 5.06678 80 2 25 10 24741 0 
-75.1496 16.8841 -2.21924 0.562975 5.06678 80 2 25 10 24742 0 
-75.1309 16.8834 -2.17213 0.562975 5.06678 80 2 25 10 24743 0 
-75.1121 16.8827 -2.12581 0.562975 5.06678 80 2 25 10 24744 0 
-75.0933 16.882 -2.08025 0.562975 5.06678 80 2 25 10 24745 0 
-75.0746 16.8813 -2.03545 0.562975 5.06678 80 2 25 10 24746 0 
-75.0558 16.8806 -1.9914 0.562975 5.06678 80 2 25 10 24747 0 
-75.0371 16.88 -1.94808 0.562975 5.06678 80 2 25 10 24748 0 
-75.0183 16.8794 -1.90548 0.562975 5.06678 80 2 25 10 24749 0 
-74.9996 16.8787 -1.86359 0.562975 5.06678 80 2 25 10 24750 0 
-74.9808 16.8781 -1.82239 0.562975 5.06678 80 2 25 10 24751 0 
-74.9621 16.8775 -1.78188 0.562975 5.06678 80 2 25 10 24752 0 
-74.9433 16.8769 -1.74204 0.562975 5.06678 80 2 25 10 24753 0 
-74.9246 16.8764 -1.70286 0.562975 5.06678 80 2 25 10 24754 0 
-74.9058 16.8758 -1.66433 0.562975 5.06678 80 2 25 10 24755 0 
-74.887 16.8753 -1.62645 0.562975 5.06678 80 2 25 10 24756 0 
-74.8683 16.8747 -1.58919 0.562975 5.06678 80 2 25 10 24757 0 
-74.8495 16.8742 -1.55255 0.562975 5.06678 80 2 25 10 24758 0 
-74.8308 16.8737 -1.51653 0.562975 5.06678 80 2 25 10 24759 0 
-74.812 16.8732 -1.4811 0.562975 5.06678 80 2 25 10 24760 0 
-74.7932 16.8727 -1.44625 0.562975 5.06678 80 2 25 10 24761 0 
-74.7745 16.8722 -1.41199 0.562975 5.06678 80 2 25 10 24762 0 
-74.7557 16.8718 -1.3783 0.562975 5.06678 80 2 25 10 24763 0 
-74.7466 16.8716 -1.75333 0.562975 5.06678 80 2 25 10 24764 0 
-74.7279 16.871 -1.71394 0.562975 5.06678 80 2 25 10 24765 0 
-74.7091 16.8704 -1.67521 0.562975 5.06678 80 2 25 10 24766 0 
-74.6903 16.8699 -1.63713 0.562975 5.06678 80 2 25 10 24767 0 
-74.6716 16.8693 -1.59967 0.562975 5.06678 80 2 25 10 24768 0 
-74.6528 16.8688 -1.56284 0.562975 5.06678 80 2 25 10 24769 0 
-74.6341 16.8683 -1.52662 0.562975 5.06678 80 2 25 10 24770 0 
-74.6153 16.8678 -1.491 0.562975 5.06678 80 2 25 10 24771 0 
-74.5965 16.8673 -1.45598 0.562975 5.06678 80 2 25 10 24772 0 
-74.5778 16.8668 -1.42153 0.562975 5.06678 80 2 25 10 24773 0 
-74.559 16.8664 -1.38766 0.562975 5.06678 80 2 25 10 24774 0 
-74.5403 16.8659 -1.35435 0.562975 5.06678 80 2 25 10 24775 0 
-74.5215 16.8655 -1.32159 0.562975 5.06678 80 2 25 10 24776 0 
-74.5027 16.8651 -1.28938 0.562975 5.06678 80 2 25 10 24777 0 
-74.484 16.8646 -1.2577 0.562975 5.06678 80 2 25 10 24778 0 
-74.4652 16.8642 -1.22655 0.562975 5.06678 80 2 25 10 24779 0 
-74.4465 16.8638 -1.19592 0.562975 5.06678 80 2 25 10 24780 0 
-74.4277 16.8634 -1.1658 0.562975 5.06678 80 2 25 10 24781 0 
-74.4089 16.863 -1.13617 0.562975 5.06678 80 2 25 10 24782 0 
-74.3902 16.8627 -1.10704 0.562975 5.06678 80 2 25 10 24783 0 
-74.3714 16.8623 -1.07839 0.562975 5.06678 80 2 25 10 24784 0 
-74.3527 16.862 -1.05022 0.562975 5.06678 80 2 25 10 24785 0 
-74.3339 16.8616 -1.02251 0.562975 5.06678 80 2 25 10 24786 0 
-74.3151 16.8613 -0.995268 0.562975 5.06678 80 2 25 10 24787 0 
-74.2964 16.861 -0.968475 0.562975 5.06678 80 2 25 10 24788 0 
-74.2776 16.8606 -0.942128 0.562975 5.06678 80 2 25 10 24789 0 
-74.2589 16.8603 -0.916217 0.562975 5.06678 80 2 25 10 24790 0 
-74.2401 16.86 -0.890738 0.562975 5.06678 80 2 25 10 24791 0 
-74.2213 16.8597 -0.865681 0.562975 5.06678 80 2 25 10 24792 0 
-74.2026 16.8594 -0.84104 0.562975 5.06678 80 2 25 10 24793 0 
-74.1838 16.8592 -0.816808 0.562975 5.06678 80 2 25 10 24794 0 
-74.165 16.8589 -0.792978 0.562975 5.06678 80 2 25 10 24795 0 
-74.1463 16.8586 -0.769544 0.562975 5.06678 80 2 25 10 24796 0 
-74.1275 16.8584 -0.746499 0.562975 5.06678 80 2 25 10 24797 0 
-74.1088 16.8582 -0.723837 0.562975 5.06678 80 2 25 10 24798 0 
-74.09 16.8579 -0.701551 0.562975 5.06678 80 2 25 10 24799 0 
-74.0712 16.8577 -0.679634 0.562975 5.06678 80 2 25 10 24800 0 
-74.0525 16.8575 -0.658081 0.562975 5.06678 80 2 25 10 24801 0 
-74.0337 16.8572 -0.636886 0.562975 5.06678 80 2 25 10 24802 0 
-74.0149 16.857 -0.616043 0.562975 5.06678 80 2 25 10 24803 0 
-73.9962 16.8568 -0.595545 0.562975 5.06678 80 2 25 10 24804 0 
-73.9774 16.8566 -0.575388 0.562975 5.06678 80 2 25 10 24805 0 
-73.9586 16.8565 -0.555565 0.562975 5.06678 80 2 25 10 24806 0 
-73.9399 16.8563 -0.536071 0.562975 5.06678 80 2 25 10 24807 0 
-73.9211 16.8561 -0.5169 0.562975 5.06678 80 2 25 10 24808 0 
-73.9023 16.8559 -0.498048 0.562975 5.06678 80 2 25 10 24809 0 
-73.8836 16.8558 -0.479508 0.562975 5.06678 80 2 25 10 24810 0 
-73.8648 16.8556 -0.461275 0.562975 5.06678 80 2 25 10 24811 0 
-73.846 16.8555 -0.443345 0.562975 5.06678 80 2 25 10 24812 0 
-73.8273 16.8553 -0.425713 0.562975 5.06678 80 2 25 10 24813 0 
-73.8085 16.8552 -0.408373 0.562975 5.06678 80 2 25 10 24814 0 
-73.7897 16.855 -0.39132 0.562975 5.06678 80 2 25 10 24815 0 
-73.771 16.8549 -0.37455 0.562975 5.06678 80 2 25 10 24816 0 
-73.7522 16.8548 -0.358058 0.562975 5.06678 80 2 25 10 24817 0 
-73.7334 16.8547 -0.34184 0.562975 5.06678 80 2 25 10 24818 0 
-73.7146 16.8546 -0.325891 0.562975 5.06678 80 2 25 10 24819 0 
-73.6959 16.8545 -0.310206 0.562975 5.06678 80 2 25 10 24820 0 
-73.6771 16.8544 -0.294781 0.562975 5.06678 80 2 25 10 24821 0 
-73.6583 16.8543 -0.279611 0.562975 5.06678 80 2 25 10 24822 0 
-73.6396 16.8542 -0.264694 0.562975 5.06678 80 2 25 10 24823 0 
-73.6208 16.8541 -0.250023 0.562975 5.06678 80 2 25 10 24824 0 
-73.602 16.854 -0.235595 0.562975 5.06678 80 2 25 10 24825 0 
-73.5833 16.8539 -0.221407 0.562975 5.06678 80 2 25 10 24826 0 
-73.5645 16.8538 -0.207454 0.562975 5.06678 80 2 25 10 24827 0 
-73.5457 16.8538 -0.193732 0.562975 5.06678 80 2 25 10 24828 0 
-73.527 16.8537 -0.180237 0.562975 5.06678 80 2 25 10 24829 0 
-73.5082 16.8537 -0.166966 0.562975 5.06678 80 2 25 10 24830 0 
-73.4894 16.8536 -0.153914 0.562975 5.06678 80 2 25 10 24831 0 
-73.4707 16.8536 -0.141079 0.562975 5.06678 80 2 25 10 24832 0 
-73.4519 16.8535 -0.128457 0.562975 5.06678 80 2 25 10 24833 0 
-73.4331 16.8535 -0.116043 0.562975 5.06678 80 2 25 10 24834 0 
-73.4144 16.8534 -0.103835 0.562975 5.06678 80 2 25 10 24835 0 
-73.3956 16.8534 -0.0918292 0.562975 5.06678 80 2 25 10 24836 0 
-73.3768 16.8534 -0.0800221 0.562975 5.06678 80 2 25 10 24837 0 
-73.358 16.8533 -0.0684105 0.562975 5.06678 80 2 25 10 24838 0 
-73.3393 16.8533 -0.0569912 0.562975 5.06678 80 2 25 10 24839 0 
-73.3205 16.8533 -0.0457608 0.562975 5.06678 80 2 25 10 24840 0 
-73.3017 16.8533 -0.0347163 0.562975 5.06678 80 2 25 10 24841 0 
-73.283 16.8533 -0.0238547 0.562975 5.06678 80 2 25 10 24842 0 
-73.2642 16.8533 -0.0131727 0.562975 5.06678 80 2 25 10 24843 0 
-73.2454 16.8533 -0.00266748 0.562975 5.06678 80 2 25 10 24844 0 
-73.2267 16.8533 0.00766392 0.562975 5.06678 80 2 25 10 24845 0 
-73.2079 16.8533 0.0178244 0.562975 5.06678 80 2 25 10 24846 0 
-73.1891 16.8533 0.0278168 0.562975 5.06678 80 2 25 10 24847 0 
-73.1704 16.8533 0.037644 0.562975 5.06678 80 2 25 10 24848 0 
-73.1516 16.8533 0.0473086 0.562975 5.06678 80 2 25 10 24849 0 
-73.1328 16.8533 0.0568134 0.562975 5.06678 80 2 25 10 24850 0 
-73.1141 16.8533 0.0661611 0.562975 5.06678 80 2 25 10 24851 0 
-73.0953 16.8533 0.0753542 0.562975 5.06678 80 2 25 10 24852 0 
-73.0765 16.8534 0.0843954 0.562975 5.06678 80 2 25 10 24853 0 
-73.0578 16.8534 0.0932871 0.562975 5.06678 80 2 25 10 24854 0 
-73.039 16.8534 0.102032 0.562975 5.06678 80 2 25 10 24855 0 
-73.0202 16.8535 0.110632 0.562975 5.06678 80 2 25 10 24856 0 
-73.0014 16.8535 0.11909 0.562975 5.06678 80 2 25 10 24857 0 
-72.9827 16.8535 0.127409 0.562975 5.06678 80 2 25 10 24858 0 
-72.9639 16.8536 0.13559 0.562975 5.06678 80 2 25 10 24859 0 
-72.9451 16.8536 0.143636 0.562975 5.06678 80 2 25 10 24860 0 
-72.9264 16.8537 0.151549 0.562975 5.06678 80 2 25 10 24861 0 
-72.9076 16.8537 0.159331 0.562975 5.06678 80 2 25 10 24862 0 
-72.8888 16.8538 0.166985 0.562975 5.06678 80 2 25 10 24863 0 
-72.8701 16.8538 0.174512 0.562975 5.06678 80 2 25 10 24864 0 
-72.8513 16.8539 0.181916 0.562975 5.06678 80 2 25 10 24865 0 
-72.8325 16.8539 0.189197 0.562975 5.06678 80 2 25 10 24866 0 
-72.8138 16.854 0.196358 0.562975 5.06678 80 2 25 10 24867 0 
-72.795 16.8541 0.203401 0.562975 5.06678 80 2 25 10 24868 0 
-72.7762 16.8541 0.210327 0.562975 5.06678 80 2 25 10 24869 0 
-72.7575 16.8542 0.21714 0.562975 5.06678 80 2 25 10 24870 0 
-72.7387 16.8543 0.22384 0.562975 5.06678 80 2 25 10 24871 0 
-72.7199 16.8543 0.230429 0.562975 5.06678 80 2 25 10 24872 0 
-72.7012 16.8544 0.23691 0.562975 5.06678 80 2 25 10 24873 0 
-72.6824 16.8545 0.243284 0.562975 5.06678 80 2 25 10 24874 0 
-72.6636 16.8546 0.249553 0.562975 5.06678 80 2 25 10 24875 0 
-72.6449 16.8547 0.255719 0.562975 5.06678 80 2 25 10 24876 0 
-72.6261 16.8547 0.261783 0.562975 5.06678 80 2 25 10 24877 0 
-72.6073 16.8548 0.267748 0.562975 5.06678 80 2 25 10 24878 0 
-72.5885 16.8549 0.273614 0.562975 5.06678 80 2 25 10 24879 0 
-72.5698 16.855 0.279383 0.562975 5.06678 80 2 25 10 24880 0 
-72.551 16.8551 0.285058 0.562975 5.06678 80 2 25 10 24881 0 
-72.5322 16.8552 0.290639 0.562975 5.06678 80 2 25 10 24882 0 
-72.5135 16.8553 0.296128 0.562975 5.06678 80 2 25 10 24883 0 
-72.4947 16.8554 0.301527 0.562975 5.06678 80 2 25 10 24884 0 
-72.4759 16.8555 0.306837 0.562975 5.06678 80 2 25 10 24885 0 
-72.4572 16.8556 0.31206 0.562975 5.06678 80 2 25 10 24886 0 
-72.4384 16.8557 0.317197 0.562975 5.06678 80 2 25 10 24887 0 
-72.4196 16.8558 0.322249 0.562975 5.06678 80 2 25 10 24888 0 
-72.4009 16.8559 0.327219 0.562975 5.06678 80 2 25 10 24889 0 
-72.3821 16.856 0.332106 0.562975 5.06678 80 2 25 10 24890 0 
-72.3633 16.8561 0.336914 0.562975 5.06678 80 2 25 10 24891 0 
-72.3446 16.8562 0.341642 0.562975 5.06678 80 2 25 10 24892 0 
-72.3258 16.8563 0.346293 0.562975 5.06678 80 2 25 10 24893 0 
-72.307 16.8564 0.350867 0.562975 5.06678 80 2 25 10 24894 0 
-72.2883 16.8566 0.355367 0.562975 5.06678 80 2 25 10 24895 0 
-72.2695 16.8567 0.359792 0.562975 5.06678 80 2 25 10 24896 0 
-72.2507 16.8568 0.364145 0.562975 5.06678 80 2 25 10 24897 0 
-72.2319 16.8569 0.368427 0.562975 5.06678 80 2 25 10 24898 0 
-72.2132 16.857 0.372638 0.562975 5.06678 80 2 25 10 24899 0 
-72.1944 16.8572 0.37678 0.562975 5.06678 80 2 25 10 24900 0 
-72.1756 16.8573 0.380854 0.562975 5.06678 80 2 25 10 24901 0 
-72.1569 16.8574 0.384862 0.562975 5.06678 80 2 25 10 24902 0 
-72.1381 16.8575 0.388804 0.562975 5.06678 80 2 25 10 24903 0 
-72.1193 16.8577 0.392681 0.562975 5.06678 80 2 25 10 24904 0 
-72.1006 16.8578 0.396495 0.562975 5.06678 80 2 25 10 24905 0 
-72.0818 16.8579 0.400246 0.562975 5.06678 80 2 25 10 24906 0 
-72.063 16.858 0.403936 0.562975 5.06678 80 2 25 10 24907 0 
-72.0443 16.8582 0.407566 0.562975 5.06678 80 2 25 10 24908 0 
-72.0255 16.8583 0.411136 0.562975 5.06678 80 2 25 10 24909 0 
-72.0067 16.8584 0.414648 0.562975 5.06678 80 2 25 10 24910 0 
-71.988 16.8586 0.418102 0.562975 5.06678 80 2 25 10 24911 0 
-71.9692 16.8587 0.4215 0.562975 5.06678 80 2 25 10 24912 0 
-71.9504 16.8589 0.424843 0.562975 5.06678 80 2 25 10 24913 0 
-71.9317 16.859 0.428131 0.562975 5.06678 80 2 25 10 24914 0 
-71.9129 16.8591 0.431365 0.562975 5.06678 80 2 25 10 24915 0 
-71.8941 16.8593 0.434547 0.562975 5.06678 80 2 25 10 24916 0 
-71.8754 16.8594 0.437676 0.562975 5.06678 80 2 25 10 24917 0 
-71.8566 16.8596 0.440755 0.562975 5.06678 80 2 25 10 24918 0 
-71.8378 16.8597 0.443783 0.562975 5.06678 80 2 25 10 24919 0 
-71.819 16.8599 0.446762 0.562975 5.06678 80 2 25 10 24920 0 
-71.8003 16.86 0.449692 0.562975 5.06678 80 2 25 10 24921 0 
-71.7815 16.8601 0.452575 0.562975 5.06678 80 2 25 10 24922 0 
-71.7627 16.8603 0.455411 0.562975 5.06678 80 2 25 10 24923 0 
-71.744 16.8604 0.458201 0.562975 5.06678 80 2 25 10 24924 0 
-71.7252 16.8606 0.460945 0.562975 5.06678 80 2 25 10 24925 0 
-71.7064 16.8607 0.463644 0.562975 5.06678 80 2 25 10 24926 0 
-71.6877 16.8609 0.4663 0.562975 5.06678 80 2 25 10 24927 0 
-71.6689 16.8611 0.468913 0.562975 5.06678 80 2 25 10 24928 0 
-71.6501 16.8612 0.471483 0.562975 5.06678 80 2 25 10 24929 0 
-71.6314 16.8614 0.474011 0.562975 5.06678 80 2 25 10 24930 0 
-71.6126 16.8615 0.476499 0.562975 5.06678 80 2 25 10 24931 0 
-71.5938 16.8617 0.478946 0.562975 5.06678 80 2 25 10 24932 0 
-71.5751 16.8618 0.481353 0.562975 5.06678 80 2 25 10 24933 0 
-71.5563 16.862 0.483721 0.562975 5.06678 80 2 25 10 24934 0 
-71.5375 16.8621 0.486051 0.562975 5.06678 80 2 25 10 24935 0 
-71.5188 16.8623 0.488343 0.562975 5.06678 80 2 25 10 24936 0 
-71.5 16.8625 0.490598 0.562975 5.06678 80 2 25 10 24937 0 
-71.4812 16.8626 0.492817 0.562975 5.06678 80 2 25 10 24938 0 
-71.4624 16.8628 0.495 0.562975 5.06678 80 2 25 10 24939 0 
-71.4437 16.8629 0.497147 0.562975 5.06678 80 2 25 10 24940 0 
-71.4249 16.8631 0.49926 0.562975 5.06678 80 2 25 10 24941 0 
-71.4061 16.8633 0.501339 0.562975 5.06678 80 2 25 10 24942 0 
-71.3874 16.8634 0.503384 0.562975 5.06678 80 2 25 10 24943 0 
-71.3686 16.8636 0.505396 0.562975 5.06678 80 2 25 10 24944 0 
-71.3498 16.8638 0.507376 0.562975 5.06678 80 2 25 10 24945 0 
-71.3311 16.8639 0.509324 0.562975 5.06678 80 2 25 10 24946 0 
-71.3123 16.8641 0.51124 0.562975 5.06678 80 2 25 10 24947 0 
-71.2935 16.8643 0.513126 0.562975 5.06678 80 2 25 10 24948 0 
-71.2748 16.8644 0.514981 0.562975 5.06678 80 2 25 10 24949 0 
-71.256 16.8646 0.516806 0.562975 5.06678 80 2 25 10 24950 0 
-71.2372 16.8648 0.518602 0.562975 5.06678 80 2 25 10 24951 0 
-71.2185 16.8649 0.52037 0.562975 5.06678 80 2 25 10 24952 0 
-71.1997 16.8651 0.522108 0.562975 5.06678 80 2 25 10 24953 0 
-71.1809 16.8653 0.52382 0.562975 5.06678 80 2 25 10 24954 0 
-71.1622 16.8655 0.525503 0.562975 5.06678 80 2 25 10 24955 0 
-71.1434 16.8656 0.52716 0.562975 5.06678 80 2 25 10 24956 0 
-71.1246 16.8658 0.52879 0.562975 5.06678 80 2 25 10 24957 0 
-71.1059 16.866 0.530394 0.562975 5.06678 80 2 25 10 24958 0 
-71.0871 16.8661 0.531972 0.562975 5.06678 80 2 25 10 24959 0 
-71.0683 16.8663 0.533525 0.562975 5.06678 80 2 25 10 24960 0 
-71.0495 16.8665 0.535054 0.562975 5.06678 80 2 25 10 24961 0 
-71.0308 16.8667 0.536557 0.562975 5.06678 80 2 25 10 24962 0 
-71.012 16.8668 0.538037 0.562975 5.06678 80 2 25 10 24963 0 
-70.9932 16.867 0.539494 0.562975 5.06678 80 2 25 10 24964 0 
-70.9745 16.8672 0.540927 0.562975 5.06678 80 2 25 10 24965 0 
-70.9557 16.8674 0.542337 0.562975 5.06678 80 2 25 10 24966 0 
-70.9369 16.8676 0.543725 0.562975 5.06678 80 2 25 10 24967 0 
-70.9182 16.8677 0.545091 0.562975 5.06678 80 2 25 10 24968 0 
-70.8994 16.8679 0.546436 0.562975 5.06678 80 2 25 10 24969 0 
-70.8806 16.8681 0.547759 0.562975 5.06678 80 2 25 10 24970 0 
-70.8619 16.8683 0.549061 0.562975 5.06678 80 2 25 10 24971 0 
-70.8431 16.8685 0.550342 0.562975 5.06678 80 2 25 10 24972 0 
-70.8243 16.8686 0.551603 0.562975 5.06678 80 2 25 10 24973 0 
-70.8056 16.8688 0.552844 0.562975 5.06678 80 2 25 10 24974 0 
-70.7868 16.869 0.554066 0.562975 5.06678 80 2 25 10 24975 0 
-70.768 16.8692 0.555268 0.562975 5.06678 80 2 25 10 24976 0 
-70.7493 16.8694 0.556451 0.562975 5.06678 80 2 25 10 24977 0 
-70.7305 16.8695 0.557616 0.562975 5.06678 80 2 25 10 24978 0 
-70.7117 16.8697 0.558762 0.562975 5.06678 80 2 25 10 24979 0 
-70.6929 16.8699 0.559891 0.562975 5.06678 80 2 25 10 24980 0 
-70.6742 16.8701 0.561001 0.562975 5.06678 80 2 25 10 24981 0 
-70.6554 16.8703 0.562095 0.562975 5.06678 80 2 25 10 24982 0 
-70.6366 16.8705 0.563171 0.562975 5.06678 80 2 25 10 24983 0 
-70.6179 16.8706 0.56423 0.562975 5.06678 80 2 25 10 24984 0 
-70.5991 16.8708 0.565272 0.562975 5.06678 80 2 25 10 24985 0 
-70.5803 16.871 0.566299 0.562975 5.06678 80 2 25 10 24986 0 
-70.5616 16.8712 0.567309 0.562975 5.06678 80 2 25 10 24987 0 
-70.5428 16.8714 0.568304 0.562975 5.06678 80 2 25 10 24988 0 
-70.524 16.8716 0.569283 0.562975 5.06678 80 2 25 10 24989 0 
-70.5053 16.8718 0.570247 0.562975 5.06678 80 2 25 10 24990 0 
-70.4865 16.8719 0.571195 0.562975 5.06678 80 2 25 10 24991 0 
-70.4677 16.8721 0.572129 0.562975 5.06678 80 2 25 10 24992 0 
-70.449 16.8723 0.573049 0.562975 5.06678 80 2 25 10 24993 0 
-70.4302 16.8725 0.573955 0.562975 5.06678 80 2 25 10 24994 0 
-70.4114 16.8727 0.574846 0.562975 5.06678 80 2 25 10 24995 0 
-70.3927 16.8729 0.575724 0.562975 5.06678 80 2 25 10 24996 0 
-70.3739 16.8731 0.576588 0.562975 5.06678 80 2 25 10 24997 0 
-70.3551 16.8733 0.577438 0.562975 5.06678 80 2 25 10 24998 0 
-70.3363 16.8734 0.578276 0.562975 5.06678 80 2 25 10 24999 0 
-70.3176 16.8736 0.579101 0.562975 5.06678 80 2 25 10 25000 0 
-70.2988 16.8738 0.579913 0.562975 5.06678 80 2 25 10 25001 0 
-70.28 16.874 0.580712 0.562975 5.06678 80 2 25 10 25002 0 
-70.2613 16.8742 0.5815 0.562975 5.06678 80 2 25 10 25003 0 
-70.2425 16.8744 0.582275 0.562975 5.06678 80 2 25 10 25004 0 
-70.2237 16.8746 0.583039 0.562975 5.06678 80 2 25 10 25005 0 
-70.205 16.8748 0.58379 0.562975 5.06678 80 2 25 10 25006 0 
-70.1862 16.875 0.584531 0.562975 5.06678 80 2 25 10 25007 0 
-70.1674 16.8752 0.58526 0.562975 5.06678 80 2 25 10 25008 0 
-70.1487 16.8754 0.585978 0.562975 5.06678 80 2 25 10 25009 0 
-70.1299 16.8755 0.586685 0.562975 5.06678 80 2 25 10 25010 0 
-70.1111 16.8757 0.587382 0.562975 5.06678 80 2 25 10 25011 0 
-70.0924 16.8759 0.588068 0.562975 5.06678 80 2 25 10 25012 0 
-70.0736 16.8761 0.588743 0.562975 5.06678 80 2 25 10 25013 0 
-70.0548 16.8763 0.589409 0.562975 5.06678 80 2 25 10 25014 0 
-70.0361 16.8765 0.590064 0.562975 5.06678 80 2 25 10 25015 0 
-70.0173 16.8767 0.59071 0.562975 5.06678 80 2 25 10 25016 0 
-69.9985 16.8769 0.591345 0.562975 5.06678 80 2 25 10 25017 0 
-69.9798 16.8771 0.591972 0.562975 5.06678 80 2 25 10 25018 0 
-69.961 16.8773 0.592589 0.562975 5.06678 80 2 25 10 25019 0 
-69.9422 16.8775 0.593197 0.562975 5.06678 80 2 25 10 25020 0 
-69.9234 16.8777 0.593795 0.562975 5.06678 80 2 25 10 25021 0 
-69.9047 16.8779 0.594385 0.562975 5.06678 80 2 25 10 25022 0 
-69.8859 16.8781 0.594966 0.562975 5.06678 80 2 25 10 25023 0 
-69.8671 16.8783 0.595539 0.562975 5.06678 80 2 25 10 25024 0 
-69.8484 16.8784 0.596103 0.562975 5.06678 80 2 25 10 25025 0 
-69.8296 16.8786 0.596658 0.562975 5.06678 80 2 25 10 25026 0 
-69.8108 16.8788 0.597206 0.562975 5.06678 80 2 25 10 25027 0 
-69.7921 16.879 0.597745 0.562975 5.06678 80 2 25 10 25028 0 
-69.7733 16.8792 0.598277 0.562975 5.06678 80 2 25 10 25029 0 
-69.7545 16.8794 0.598801 0.562975 5.06678 80 2 25 10 25030 0 
-69.7358 16.8796 0.599317 0.562975 5.06678 80 2 25 10 25031 0 
-69.717 16.8798 0.599826 0.562975 5.06678 80 2 25 10 25032 0 
-69.6982 16.88 0.600327 0.562975 5.06678 80 2 25 10 25033 0 
-69.6795 16.8802 0.600821 0.562975 5.06678 80 2 25 10 25034 0 
-69.6607 16.8804 0.601307 0.562975 5.06678 80 2 25 10 25035 0 
-69.6419 16.8806 0.601787 0.562975 5.06678 80 2 25 10 25036 0 
-69.6232 16.8808 0.60226 0.562975 5.06678 80 2 25 10 25037 0 
-69.6044 16.881 0.602726 0.562975 5.06678 80 2 25 10 25038 0 
-69.5856 16.8812 0.603185 0.562975 5.06678 80 2 25 10 25039 0 
-69.5668 16.8814 0.603638 0.562975 5.06678 80 2 25 10 25040 0 
-69.5481 16.8816 0.604085 0.562975 5.06678 80 2 25 10 25041 0 
-69.5293 16.8818 0.604524 0.562975 5.06678 80 2 25 10 25042 0 
-69.5105 16.882 0.604958 0.562975 5.06678 80 2 25 10 25043 0 
-69.4918 16.8822 0.605386 0.562975 5.06678 80 2 25 10 25044 0 
-69.473 16.8824 0.605807 0.562975 5.06678 80 2 25 10 25045 0 
-69.4542 16.8826 0.606223 0.562975 5.06678 80 2 25 10 25046 0 
-69.4355 16.8828 0.606633 0.562975 5.06678 80 2 25 10 25047 0 
-69.4167 16.883 0.607036 0.562975 5.06678 80 2 25 10 25048 0 
-69.3979 16.8832 0.607435 0.562975 5.06678 80 2 25 10 25049 0 
-69.3792 16.8834 0.607828 0.562975 5.06678 80 2 25 10 25050 0 
-69.3604 16.8836 0.608215 0.562975 5.06678 80 2 25 10 25051 0 
-69.3416 16.8838 0.608597 0.562975 5.06678 80 2 25 10 25052 0 
-69.3229 16.884 0.608973 0.562975 5.06678 80 2 25 10 25053 0 
-69.3041 16.8842 0.609345 0.562975 5.06678 80 2 25 10 25054 0 
-69.2853 16.8844 0.609711 0.562975 5.06678 80 2 25 10 25055 0 
-69.2666 16.8846 0.610073 0.562975 5.06678 80 2 25 10 25056 0 
-69.2478 16.8848 0.610429 0.562975 5.06678 80 2 25 10 25057 0 
-69.229 16.885 0.61078 0.562975 5.06678 80 2 25 10 25058 0 
-69.2103 16.8852 0.611127 0.562975 5.06678 80 2 25 10 25059 0 
-69.1915 16.8854 0.611469 0.562975 5.06678 80 2 25 10 25060 0 
-69.1727 16.8856 0.611807 0.562975 5.06678 80 2 25 10 25061 0 
-69.1539 16.8858 0.612139 0.562975 5.06678 80 2 25 10 25062 0 
-69.1352 16.886 0.612468 0.562975 5.06678 80 2 25 10 25063 0 
-69.1164 16.8862 0.612792 0.562975 5.06678 80 2 25 10 25064 0 
-69.0976 16.8864 0.613112 0.562975 5.06678 80 2 25 10 25065 0 
-69.0789 16.8866 0.613427 0.562975 5.06678 80 2 25 10 25066 0 
-69.0601 16.8868 0.613738 0.562975 5.06678 80 2 25 10 25067 0 
-69.0413 16.887 0.614046 0.562975 5.06678 80 2 25 10 25068 0 
-69.0226 16.8872 0.614349 0.562975 5.06678 80 2 25 10 25069 0 
-69.0038 16.8874 0.614648 0.562975 5.06678 80 2 25 10 25070 0 
-68.985 16.8876 0.614943 0.562975 5.06678 80 2 25 10 25071 0 
-68.9663 16.8878 0.615235 0.562975 5.06678 80 2 25 10 25072 0 
-68.9475 16.888 0.615522 0.562975 5.06678 80 2 25 10 25073 0 
-68.9287 16.8882 0.615806 0.562975 5.06678 80 2 25 10 25074 0 
-68.91 16.8884 0.616087 0.562975 5.06678 80 2 25 10 25075 0 
-68.8912 16.8886 0.616363 0.562975 5.06678 80 2 25 10 25076 0 
-68.8724 16.8888 0.616637 0.562975 5.06678 80 2 25 10 25077 0 
-68.8537 16.889 0.616906 0.562975 5.06678 80 2 25 10 25078 0 
-68.8349 16.8892 0.617173 0.562975 5.06678 80 2 25 10 25079 0 
-68.8161 16.8894 0.617436 0.562975 5.06678 80 2 25 10 25080 0 
-68.7973 16.8896 0.617695 0.562975 5.06678 80 2 25 10 25081 0 
-68.7786 16.8898 0.617952 0.562975 5.06678 80 2 25 10 25082 0 
-68.7598 16.89 0.618205 0.562975 5.06678 80 2 25 10 25083 0 
-68.741 16.8902 0.618455 0.562975 5.06678 80 2 25 10 25084 0 
-68.7223 16.8904 0.618702 0.562975 5.06678 80 2 25 10 25085 0 
-68.7035 16.8906 0.618946 0.562975 5.06678 80 2 25 10 25086 0 
-68.6847 16.8908 0.619187 0.562975 5.06678 80 2 25 10 25087 0 
-68.666 16.891 0.619425 0.562975 5.06678 80 2 25 10 25088 0 
-68.6472 16.8912 0.61966 0.562975 5.06678 80 2 25 10 25089 0 
-68.6284 16.8914 0.619892 0.562975 5.06678 80 2 25 10 25090 0 
-68.6097 16.8916 0.620122 0.562975 5.06678 80 2 25 10 25091 0 
-68.5909 16.8918 0.620349 0.562975 5.06678 80 2 25 10 25092 0 
-68.5721 16.892 0.620573 0.562975 5.06678 80 2 25 10 25093 0 
-68.5534 16.8922 0.620795 0.562975 5.06678 80 2 25 10 25094 0 
-68.5346 16.8924 0.621014 0.562975 5.06678 80 2 25 10 25095 0 
-68.5158 16.8926 0.62123 0.562975 5.06678 80 2 25 10 25096 0 
-68.4971 16.8928 0.621444 0.562975 5.06678 80 2 25 10 25097 0 
-68.4783 16.8931 0.621655 0.562975 5.06678 80 2 25 10 25098 0 
-68.4595 16.8933 0.621864 0.562975 5.06678 80 2 25 10 25099 0 
-68.4408 16.8935 0.62207 0.562975 5.06678 80 2 25 10 25100 0 
-68.422 16.8937 0.622275 0.562975 5.06678 80 2 25 10 25101 0 
-68.4032 16.8939 0.622476 0.562975 5.06678 80 2 25 10 25102 0 
-68.3844 16.8941 0.622676 0.562975 5.06678 80 2 25 10 25103 0 
-68.3657 16.8943 0.622873 0.562975 5.06678 80 2 25 10 25104 0 
-68.3469 16.8945 0.623069 0.562975 5.06678 80 2 25 10 25105 0 
-68.3281 16.8947 0.623262 0.562975 5.06678 80 2 25 10 25106 0 
-68.3094 16.8949 0.623452 0.562975 5.06678 80 2 25 10 25107 0 
-68.2906 16.8951 0.623641 0.562975 5.06678 80 2 25 10 25108 0 
-68.2718 16.8953 0.623828 0.562975 5.06678 80 2 25 10 25109 0 
-68.2531 16.8955 0.624012 0.562975 5.06678 80 2 25 10 25110 0 
-68.2343 16.8957 0.624195 0.562975 5.06678 80 2 25 10 25111 0 
-68.2155 16.8959 0.624376 0.562975 5.06678 80 2 25 10 25112 0 
-68.1968 16.8961 0.624555 0.562975 5.06678 80 2 25 10 25113 0 
-68.178 16.8963 0.624732 0.562975 5.06678 80 2 25 10 25114 0 
-68.1592 16.8965 0.624907 0.562975 5.06678 80 2 25 10 25115 0 
-68.1405 16.8967 0.62508 0.562975 5.06678 80 2 25 10 25116 0 
-68.1217 16.8969 0.625251 0.562975 5.06678 80 2 25 10 25117 0 
-68.1029 16.8971 0.625421 0.562975 5.06678 80 2 25 10 25118 0 
-68.0842 16.8973 0.625589 0.562975 5.06678 80 2 25 10 25119 0 
-68.0654 16.8975 0.625755 0.562975 5.06678 80 2 25 10 25120 0 
-68.0466 16.8977 0.62592 0.562975 5.06678 80 2 25 10 25121 0 
-68.0278 16.8979 0.626083 0.562975 5.06678 80 2 25 10 25122 0 
-68.0091 16.8982 0.626244 0.562975 5.06678 80 2 25 10 25123 0 
-67.9903 16.8984 0.626404 0.562975 5.06678 80 2 25 10 25124 0 
-67.9715 16.8986 0.626562 0.562975 5.06678 80 2 25 10 25125 0 
-67.9528 16.8988 0.626719 0.562975 5.06678 80 2 25 10 25126 0 
-67.934 16.899 0.626874 0.562975 5.06678 80 2 25 10 25127 0 
-67.9152 16.8992 0.627027 0.562975 5.06678 80 2 25 10 25128 0 
-67.8965 16.8994 0.627179 0.562975 5.06678 80 2 25 10 25129 0 
-67.8777 16.8996 0.62733 0.562975 5.06678 80 2 25 10 25130 0 
-67.8589 16.8998 0.627479 0.562975 5.06678 80 2 25 10 25131 0 
-67.8402 16.9 0.627627 0.562975 5.06678 80 2 25 10 25132 0 
-67.8214 16.9002 0.627774 0.562975 5.06678 80 2 25 10 25133 0 
-67.8026 16.9004 0.627919 0.562975 5.06678 80 2 25 10 25134 0 
-67.7839 16.9006 0.628063 0.562975 5.06678 80 2 25 10 25135 0 
-67.7651 16.9008 0.628205 0.562975 5.06678 80 2 25 10 25136 0 
-67.7463 16.901 0.628346 0.562975 5.06678 80 2 25 10 25137 0 
-67.7276 16.9012 0.628486 0.562975 5.06678 80 2 25 10 25138 0 
-67.7088 16.9015 0.628625 0.562975 5.06678 80 2 25 10 25139 0 
-67.69 16.9017 0.628763 0.562975 5.06678 80 2 25 10 25140 0 
-67.6712 16.9019 0.628899 0.562975 5.06678 80 2 25 10 25141 0 
-67.6525 16.9021 0.629034 0.562975 5.06678 80 2 25 10 25142 0 
-67.6337 16.9023 0.629168 0.562975 5.06678 80 2 25 10 25143 0 
-67.6149 16.9025 0.629301 0.562975 5.06678 80 2 25 10 25144 0 
-67.5962 16.9027 0.629433 0.562975 5.06678 80 2 25 10 25145 0 
-67.5774 16.9029 0.629564 0.562975 5.06678 80 2 25 10 25146 0 
-67.5586 16.9031 0.629693 0.562975 5.06678 80 2 25 10 25147 0 
-67.5399 16.9033 0.629822 0.562975 5.06678 80 2 25 10 25148 0 
-67.5211 16.9035 0.629949 0.562975 5.06678 80 2 25 10 25149 0 
-67.5023 16.9037 0.630076 0.562975 5.06678 80 2 25 10 25150 0 
-67.4836 16.9039 0.630201 0.562975 5.06678 80 2 25 10 25151 0 
-67.4648 16.9041 0.630326 0.562975 5.06678 80 2 25 10 25152 0 
-67.446 16.9043 0.630449 0.562975 5.06678 80 2 25 10 25153 0 
-67.4273 16.9045 0.630572 0.562975 5.06678 80 2 25 10 25154 0 
-67.4085 16.9047 0.630693 0.562975 5.06678 80 2 25 10 25155 0 
-67.3897 16.905 0.630814 0.562975 5.06678 80 2 25 10 25156 0 
-67.371 16.9052 0.630934 0.562975 5.06678 80 2 25 10 25157 0 
-67.3522 16.9054 0.631052 0.562975 5.06678 80 2 25 10 25158 0 
-67.3334 16.9056 0.631171 0.562975 5.06678 80 2 25 10 25159 0 
-67.3147 16.9058 0.631288 0.562975 5.06678 80 2 25 10 25160 0 
-67.2959 16.906 0.631404 0.562975 5.06678 80 2 25 10 25161 0 
-67.2771 16.9062 0.631519 0.562975 5.06678 80 2 25 10 25162 0 
-67.2583 16.9064 0.631634 0.562975 5.06678 80 2 25 10 25163 0 
-67.2396 16.9066 0.631748 0.562975 5.06678 80 2 25 10 25164 0 
-67.2208 16.9068 0.631861 0.562975 5.06678 80 2 25 10 25165 0 
-67.202 16.907 0.631973 0.562975 5.06678 80 2 25 10 25166 0 
-67.1833 16.9072 0.632084 0.562975 5.06678 80 2 25 10 25167 0 
-67.1645 16.9074 0.632195 0.562975 5.06678 80 2 25 10 25168 0 
-67.1457 16.9076 0.632305 0.562975 5.06678 80 2 25 10 25169 0 
-67.127 16.9078 0.632414 0.562975 5.06678 80 2 25 10 25170 0 
-67.1082 16.9081 0.632523 0.562975 5.06678 80 2 25 10 25171 0 
-67.0894 16.9083 0.632631 0.562975 5.06678 80 2 25 10 25172 0 
-67.0707 16.9085 0.632738 0.562975 5.06678 80 2 25 10 25173 0 
-67.0519 16.9087 0.632844 0.562975 5.06678 80 2 25 10 25174 0 
-67.0331 16.9089 0.63295 0.562975 5.06678 80 2 25 10 25175 0 
-67.0144 16.9091 0.633055 0.562975 5.06678 80 2 25 10 25176 0 
-66.9956 16.9093 0.63316 0.562975 5.06678 80 2 25 10 25177 0 
-66.9768 16.9095 0.633264 0.562975 5.06678 80 2 25 10 25178 0 
-66.9581 16.9097 0.633367 0.562975 5.06678 80 2 25 10 25179 0 
-66.9393 16.9099 0.633469 0.562975 5.06678 80 2 25 10 25180 0 
-66.9205 16.9101 0.633571 0.562975 5.06678 80 2 25 10 25181 0 
-66.9017 16.9103 0.633673 0.562975 5.06678 80 2 25 10 25182 0 
-66.883 16.9105 0.633774 0.562975 5.06678 80 2 25 10 25183 0 
-66.8642 16.9108 0.633874 0.562975 5.06678 80 2 25 10 25184 0 
-66.8454 16.911 0.633974 0.562975 5.06678 80 2 25 10 25185 0 
-66.8267 16.9112 0.634073 0.562975 5.06678 80 2 25 10 25186 0 
-66.8079 16.9114 0.634171 0.562975 5.06678 80 2 25 10 25187 0 
-66.7891 16.9116 0.634269 0.562975 5.06678 80 2 25 10 25188 0 
-66.7704 16.9118 0.634367 0.562975 5.06678 80 2 25 10 25189 0 
-66.7516 16.912 0.634464 0.562975 5.06678 80 2 25 10 25190 0 
-66.7328 16.9122 0.63456 0.562975 5.06678 80 2 25 10 25191 0 
-66.7141 16.9124 0.634656 0.562975 5.06678 80 2 25 10 25192 0 
-66.6953 16.9126 0.634752 0.562975 5.06678 80 2 25 10 25193 0 
-66.6765 16.9128 0.634847 0.562975 5.06678 80 2 25 10 25194 0 
-66.6578 16.913 0.634941 0.562975 5.06678 80 2 25 10 25195 0 
-66.639 16.9132 0.635036 0.562975 5.06678 80 2 25 10 25196 0 
-66.6202 16.9135 0.635129 0.562975 5.06678 80 2 25 10 25197 0 
-66.6015 16.9137 0.635222 0.562975 5.06678 80 2 25 10 25198 0 
-66.5827 16.9139 0.635315 0.562975 5.06678 80 2 25 10 25199 0 
-66.5639 16.9141 0.635407 0.562975 5.06678 80 2 25 10 25200 0 
-66.5452 16.9143 0.635499 0.562975 5.06678 80 2 25 10 25201 0 
-66.5264 16.9145 0.635591 0.562975 5.06678 80 2 25 10 25202 0 
-66.5076 16.9147 0.635682 0.562975 5.06678 80 2 25 10 25203 0 
-66.4888 16.9149 0.635772 0.562975 5.06678 80 2 25 10 25204 0 
-66.4701 16.9151 0.635863 0.562975 5.06678 80 2 25 10 25205 0 
-66.4513 16.9153 0.635953 0.562975 5.06678 80 2 25 10 25206 0 
-66.4325 16.9155 0.636042 0.562975 5.06678 80 2 25 10 25207 0 
-66.4138 16.9157 0.636131 0.562975 5.06678 80 2 25 10 25208 0 
-66.395 16.916 0.63622 0.562975 5.06678 80 2 25 10 25209 0 
-66.3762 16.9162 0.636308 0.562975 5.06678 80 2 25 10 25210 0 
-66.3575 16.9164 0.636396 0.562975 5.06678 80 2 25 10 25211 0 
-66.3387 16.9166 0.636484 0.562975 5.06678 80 2 25 10 25212 0 
-66.3199 16.9168 0.636571 0.562975 5.06678 80 2 25 10 25213 0 
-66.3012 16.917 0.636658 0.562975 5.06678 80 2 25 10 25214 0 
-66.2824 16.9172 0.636745 0.562975 5.06678 80 2 25 10 25215 0 
-66.2636 16.9174 0.636831 0.562975 5.06678 80 2 25 10 25216 0 
-66.2449 16.9176 0.636917 0.562975 5.06678 80 2 25 10 25217 0 
-66.2261 16.9178 0.637003 0.562975 5.06678 80 2 25 10 25218 0 
-66.2073 16.918 0.637088 0.562975 5.06678 80 2 25 10 25219 0 
-66.1886 16.9182 0.637173 0.562975 5.06678 80 2 25 10 25220 0 
-66.1698 16.9184 0.637258 0.562975 5.06678 80 2 25 10 25221 0 
-66.151 16.9187 0.637342 0.562975 5.06678 80 2 25 10 25222 0 
-66.1322 16.9189 0.637426 0.562975 5.06678 80 2 25 10 25223 0 
-66.1135 16.9191 0.63751 0.562975 5.06678 80 2 25 10 25224 0 
-66.0947 16.9193 0.637594 0.562975 5.06678 80 2 25 10 25225 0 
-66.0759 16.9195 0.637677 0.562975 5.06678 80 2 25 10 25226 0 
-66.0572 16.9197 0.63776 0.562975 5.06678 80 2 25 10 25227 0 
-66.0384 16.9199 0.637843 0.562975 5.06678 80 2 25 10 25228 0 
-66.0196 16.9201 0.637926 0.562975 5.06678 80 2 25 10 25229 0 
-66.0009 16.9203 0.638008 0.562975 5.06678 80 2 25 10 25230 0 
-65.9821 16.9205 0.63809 0.562975 5.06678 80 2 25 10 25231 0 
-65.9633 16.9207 0.638172 0.562975 5.06678 80 2 25 10 25232 0 
-65.9446 16.921 0.638253 0.562975 5.06678 80 2 25 10 25233 0 
-65.9258 16.9212 0.638335 0.562975 5.06678 80 2 25 10 25234 0 
-65.907 16.9214 0.638416 0.562975 5.06678 80 2 25 10 25235 0 
-65.8883 16.9216 0.638497 0.562975 5.06678 80 2 25 10 25236 0 
-65.8695 16.9218 0.638577 0.562975 5.06678 80 2 25 10 25237 0 
-65.8507 16.922 0.638657 0.562975 5.06678 80 2 25 10 25238 0 
-65.832 16.9222 0.638738 0.562975 5.06678 80 2 25 10 25239 0 
-65.8132 16.9224 0.638818 0.562975 5.06678 80 2 25 10 25240 0 
-65.7944 16.9226 0.638897 0.562975 5.06678 80 2 25 10 25241 0 
-65.7757 16.9228 0.638977 0.562975 5.06678 80 2 25 10 25242 0 
-65.7569 16.9231 0.639056 0.562975 5.06678 80 2 25 10 25243 0 
-65.7381 16.9233 0.639135 0.562975 5.06678 80 2 25 10 25244 0 
-65.7193 16.9235 0.639214 0.562975 5.06678 80 2 25 10 25245 0 
-65.7006 16.9237 0.639293 0.562975 5.06678 80 2 25 10 25246 0 
-65.6818 16.9239 0.639371 0.562975 5.06678 80 2 25 10 25247 0 
-65.663 16.9241 0.63945 0.562975 5.06678 80 2 25 10 25248 0 
-65.6443 16.9243 0.639528 0.562975 5.06678 80 2 25 10 25249 0 
-65.6255 16.9245 0.639606 0.562975 5.06678 80 2 25 10 25250 0 
-65.6067 16.9247 0.639684 0.562975 5.06678 80 2 25 10 25251 0 
-65.588 16.9249 0.639761 0.562975 5.06678 80 2 25 10 25252 0 
-65.5692 16.9251 0.639839 0.562975 5.06678 80 2 25 10 25253 0 
-65.5504 16.9254 0.639916 0.562975 5.06678 80 2 25 10 25254 0 
-65.5317 16.9256 0.639993 0.562975 5.06678 80 2 25 10 25255 0 
-65.5129 16.9258 0.64007 0.562975 5.06678 80 2 25 10 25256 0 
-65.4941 16.926 0.640147 0.562975 5.06678 80 2 25 10 25257 0 
-65.4754 16.9262 0.640224 0.562975 5.06678 80 2 25 10 25258 0 
-65.4566 16.9264 0.6403 0.562975 5.06678 80 2 25 10 25259 0 
-65.4378 16.9266 0.640377 0.562975 5.06678 80 2 25 10 25260 0 
-65.4191 16.9268 0.640453 0.562975 5.06678 80 2 25 10 25261 0 
-65.4003 16.927 0.640529 0.562975 5.06678 80 2 25 10 25262 0 
-65.3815 16.9272 0.640605 0.562975 5.06678 80 2 25 10 25263 0 
-65.3627 16.9275 0.640681 0.562975 5.06678 80 2 25 10 25264 0 
-65.344 16.9277 0.640756 0.562975 5.06678 80 2 25 10 25265 0 
-65.3252 16.9279 0.640832 0.562975 5.06678 80 2 25 10 25266 0 
-65.3064 16.9281 0.640907 0.562975 5.06678 80 2 25 10 25267 0 
-65.2877 16.9283 0.640983 0.562975 5.06678 80 2 25 10 25268 0 
-65.2689 16.9285 0.641058 0.562975 5.06678 80 2 25 10 25269 0 
-65.2501 16.9287 0.641133 0.562975 5.06678 80 2 25 10 25270 0 
-65.2314 16.9289 0.641208 0.562975 5.06678 80 2 25 10 25271 0 
-65.2126 16.9291 0.641282 0.562975 5.06678 80 2 25 10 25272 0 
-65.1938 16.9293 0.641357 0.562975 5.06678 80 2 25 10 25273 0 
-65.1751 16.9296 0.641432 0.562975 5.06678 80 2 25 10 25274 0 
-65.1563 16.9298 0.641506 0.562975 5.06678 80 2 25 10 25275 0 
-65.1375 16.93 0.64158 0.562975 5.06678 80 2 25 10 25276 0 
-65.1188 16.9302 0.641655 0.562975 5.06678 80 2 25 10 25277 0 
-65.1 16.9304 0.641729 0.562975 5.06678 80 2 25 10 25278 0 
-65.0812 16.9306 0.641803 0.562975 5.06678 80 2 25 10 25279 0 
-65.0625 16.9308 0.641877 0.562975 5.06678 80 2 25 10 25280 0 
-65.0437 16.931 0.641951 0.562975 5.06678 80 2 25 10 25281 0 
-65.0249 16.9312 0.642024 0.562975 5.06678 80 2 25 10 25282 0 
-65.0061 16.9314 0.642098 0.562975 5.06678 80 2 25 10 25283 0 
-64.9874 16.9317 0.642172 0.562975 5.06678 80 2 25 10 25284 0 
-64.9686 16.9319 0.642245 0.562975 5.06678 80 2 25 10 25285 0 
-64.9498 16.9321 0.642318 0.562975 5.06678 80 2 25 10 25286 0 
-64.9311 16.9323 0.642392 0.562975 5.06678 80 2 25 10 25287 0 
-64.9123 16.9325 0.642465 0.562975 5.06678 80 2 25 10 25288 0 
-64.8935 16.9327 0.642538 0.562975 5.06678 80 2 25 10 25289 0 
-64.8748 16.9329 0.642611 0.562975 5.06678 80 2 25 10 25290 0 
-64.856 16.9331 0.642684 0.562975 5.06678 80 2 25 10 25291 0 
-64.8372 16.9333 0.642757 0.562975 5.06678 80 2 25 10 25292 0 
-64.8185 16.9335 0.642829 0.562975 5.06678 80 2 25 10 25293 0 
-64.7997 16.9338 0.642902 0.562975 5.06678 80 2 25 10 25294 0 
-64.7809 16.934 0.642975 0.562975 5.06678 80 2 25 10 25295 0 
-64.7622 16.9342 0.643047 0.562975 5.06678 80 2 25 10 25296 0 
-64.7434 16.9344 0.64312 0.562975 5.06678 80 2 25 10 25297 0 
-64.7246 16.9346 0.643192 0.562975 5.06678 80 2 25 10 25298 0 
-64.7059 16.9348 0.643265 0.562975 5.06678 80 2 25 10 25299 0 
-64.6871 16.935 0.643337 0.562975 5.06678 80 2 25 10 25300 0 
-64.6683 16.9352 0.643409 0.562975 5.06678 80 2 25 10 25301 0 
-64.6496 16.9354 0.643481 0.562975 5.06678 80 2 25 10 25302 0 
-64.6308 16.9356 0.643553 0.562975 5.06678 80 2 25 10 25303 0 
-64.612 16.9359 0.643625 0.562975 5.06678 80 2 25 10 25304 0 
-64.5932 16.9361 0.643697 0.562975 5.06678 80 2 25 10 25305 0 
-64.5745 16.9363 0.643769 0.562975 5.06678 80 2 25 10 25306 0 
-64.5557 16.9365 0.643841 0.562975 5.06678 80 2 25 10 25307 0 
-64.5369 16.9367 0.643913 0.562975 5.06678 80 2 25 10 25308 0 
-64.5182 16.9369 0.643984 0.562975 5.06678 80 2 25 10 25309 0 
-64.4994 16.9371 0.644056 0.562975 5.06678 80 2 25 10 25310 0 
-64.4806 16.9373 0.644128 0.562975 5.06678 80 2 25 10 25311 0 
-64.4619 16.9375 0.644199 0.562975 5.06678 80 2 25 10 25312 0 
-64.4431 16.9378 0.644271 0.562975 5.06678 80 2 25 10 25313 0 
-64.4243 16.938 0.644342 0.562975 5.06678 80 2 25 10 25314 0 
-64.4056 16.9382 0.644413 0.562975 5.06678 80 2 25 10 25315 0 
-64.3868 16.9384 0.644485 0.562975 5.06678 80 2 25 10 25316 0 
-64.368 16.9386 0.644556 0.562975 5.06678 80 2 25 10 25317 0 
-64.3493 16.9388 0.644627 0.562975 5.06678 80 2 25 10 25318 0 
-64.3305 16.939 0.644699 0.562975 5.06678 80 2 25 10 25319 0 
-64.3117 16.9392 0.64477 0.562975 5.06678 80 2 25 10 25320 0 
-64.293 16.9395 0.644841 0.562975 5.06678 80 2 25 10 25321 0 
-64.2742 16.9397 0.644912 0.562975 5.06678 80 2 25 10 25322 0 
-64.2554 16.9399 0.644983 0.562975 5.06678 80 2 25 10 25323 0 
-64.2366 16.9401 0.645054 0.562975 5.06678 80 2 25 10 25324 0 
-64.2179 16.9403 0.645125 0.562975 5.06678 80 2 25 10 25325 0 
-64.1991 16.9405 0.645196 0.562975 5.06678 80 2 25 10 25326 0 
-64.1803 16.9407 0.645267 0.562975 5.06678 80 2 25 10 25327 0 
-64.1616 16.9409 0.645338 0.562975 5.06678 80 2 25 10 25328 0 
-64.1428 16.9411 0.645408 0.562975 5.06678 80 2 25 10 25329 0 
-64.124 16.9414 0.645479 0.562975 5.06678 80 2 25 10 25330 0 
-64.1053 16.9416 0.64555 0.562975 5.06678 80 2 25 10 25331 0 
-64.0865 16.9418 0.645621 0.562975 5.06678 80 2 25 10 25332 0 
-64.0677 16.942 0.645691 0.562975 5.06678 80 2 25 10 25333 0 
-64.049 16.9422 0.645762 0.562975 5.06678 80 2 25 10 25334 0 
-64.0302 16.9424 0.645832 0.562975 5.06678 80 2 25 10 25335 0 
-64.0114 16.9426 0.645903 0.562975 5.06678 80 2 25 10 25336 0 
-63.9927 16.9428 0.645974 0.562975 5.06678 80 2 25 10 25337 0 
-63.9739 16.9431 0.646044 0.562975 5.06678 80 2 25 10 25338 0 
-63.9551 16.9433 0.646115 0.562975 5.06678 80 2 25 10 25339 0 
-63.9364 16.9435 0.646185 0.562975 5.06678 80 2 25 10 25340 0 
-63.9176 16.9437 0.646256 0.562975 5.06678 80 2 25 10 25341 0 
-63.8988 16.9439 0.646326 0.562975 5.06678 80 2 25 10 25342 0 
-63.8801 16.9441 0.646396 0.562975 5.06678 80 2 25 10 25343 0 
-63.8613 16.9443 0.646467 0.562975 5.06678 80 2 25 10 25344 0 
-63.8425 16.9445 0.646537 0.562975 5.06678 80 2 25 10 25345 0 
-63.8238 16.9447 0.646607 0.562975 5.06678 80 2 25 10 25346 0 
-63.805 16.945 0.646678 0.562975 5.06678 80 2 25 10 25347 0 
-63.7863 16.9452 0.646748 0.562975 5.06678 80 2 25 10 25348 0 
-63.7675 16.9454 0.646818 0.562975 5.06678 80 2 25 10 25349 0 
-63.7487 16.9456 0.646888 0.562975 5.06678 80 2 25 10 25350 0 
-63.73 16.9458 0.646959 0.562975 5.06678 80 2 25 10 25351 0 
-63.7112 16.946 0.647029 0.562975 5.06678 80 2 25 10 25352 0 
-63.6924 16.9462 0.647099 0.562975 5.06678 80 2 25 10 25353 0 
-63.6737 16.9464 0.647169 0.562975 5.06678 80 2 25 10 25354 0 
-63.6549 16.9466 0.647239 0.562975 5.06678 80 2 25 10 25355 0 
-63.6361 16.9469 0.647309 0.562975 5.06678 80 2 25 10 25356 0 
-63.6174 16.9471 0.647379 0.562975 5.06678 80 2 25 10 25357 0 
-63.5986 16.9473 0.64745 0.562975 5.06678 80 2 25 10 25358 0 
-63.5798 16.9475 0.64752 0.562975 5.06678 80 2 25 10 25359 0 
-63.5611 16.9477 0.64759 0.562975 5.06678 80 2 25 10 25360 0 
-63.5423 16.9479 0.64766 0.562975 5.06678 80 2 25 10 25361 0 
-63.5236 16.9481 0.64773 0.562975 5.06678 80 2 25 10 25362 0 
-63.5048 16.9483 0.6478 0.562975 5.06678 80 2 25 10 25363 0 
-63.486 16.9486 0.64787 0.562975 5.06678 80 2 25 10 25364 0 
-63.4673 16.9488 0.64794 0.562975 5.06678 80 2 25 10 25365 0 
-63.4485 16.949 0.64801 0.562975 5.06678 80 2 25 10 25366 0 
-63.4297 16.9492 0.64808 0.562975 5.06678 80 2 25 10 25367 0 
-63.411 16.9494 0.64815 0.562975 5.06678 80 2 25 10 25368 0 
-63.3922 16.9496 0.64822 0.562975 5.06678 80 2 25 10 25369 0 
-63.3734 16.9498 0.64829 0.562975 5.06678 80 2 25 10 25370 0 
-63.3547 16.95 0.64836 0.562975 5.06678 80 2 25 10 25371 0 
-63.3359 16.9502 0.64843 0.562975 5.06678 80 2 25 10 25372 0 
-63.3171 16.9505 0.648499 0.562975 5.06678 80 2 25 10 25373 0 
-63.2984 16.9507 0.648569 0.562975 5.06678 80 2 25 10 25374 0 
-63.2796 16.9509 0.648639 0.562975 5.06678 80 2 25 10 25375 0 
-63.2608 16.9511 0.648709 0.562975 5.06678 80 2 25 10 25376 0 
-63.2421 16.9513 0.648779 0.562975 5.06678 80 2 25 10 25377 0 
-63.2233 16.9515 0.648849 0.562975 5.06678 80 2 25 10 25378 0 
-63.2046 16.9517 0.648919 0.562975 5.06678 80 2 25 10 25379 0 
-63.1858 16.9519 0.648989 0.562975 5.06678 80 2 25 10 25380 0 
-63.167 16.9522 0.649059 0.562975 5.06678 80 2 25 10 25381 0 
-63.1483 16.9524 0.649128 0.562975 5.06678 80 2 25 10 25382 0 
-63.1295 16.9526 0.649198 0.562975 5.06678 80 2 25 10 25383 0 
-63.1107 16.9528 0.649268 0.562975 5.06678 80 2 25 10 25384 0 
-63.092 16.953 0.649338 0.562975 5.06678 80 2 25 10 25385 0 
-63.0732 16.9532 0.649408 0.562975 5.06678 80 2 25 10 25386 0 
-63.0544 16.9534 0.649478 0.562975 5.06678 80 2 25 10 25387 0 
-63.0357 16.9536 0.649548 0.562975 5.06678 80 2 25 10 25388 0 
-63.0169 16.9539 0.649617 0.562975 5.06678 80 2 25 10 25389 0 
-62.9981 16.9541 0.649687 0.562975 5.06678 80 2 25 10 25390 0 
-62.9794 16.9543 0.649757 0.562975 5.06678 80 2 25 10 25391 0 
-62.9606 16.9545 0.649827 0.562975 5.06678 80 2 25 10 25392 0 
-62.9419 16.9547 0.649897 0.562975 5.06678 80 2 25 10 25393 0 
-62.9231 16.9549 0.649967 0.562975 5.06678 80 2 25 10 25394 0 
-62.9043 16.9551 0.650037 0.562975 5.06678 80 2 25 10 25395 0 
-62.8856 16.9554 0.650106 0.562975 5.06678 80 2 25 10 25396 0 
-62.8668 16.9556 0.650176 0.562975 5.06678 80 2 25 10 25397 0 
-62.848 16.9558 0.650246 0.562975 5.06678 80 2 25 10 25398 0 
-62.8293 16.956 0.650316 0.562975 5.06678 80 2 25 10 25399 0 
-62.8105 16.9562 0.650386 0.562975 5.06678 80 2 25 10 25400 0 
-62.7917 16.9564 0.650456 0.562975 5.06678 80 2 25 10 25401 0 
-62.773 16.9566 0.650525 0.562975 5.06678 80 2 25 10 25402 0 
-62.7542 16.9568 0.650595 0.562975 5.06678 80 2 25 10 25403 0 
-62.7354 16.9571 0.650665 0.562975 5.06678 80 2 25 10 25404 0 
-62.7167 16.9573 0.650735 0.562975 5.06678 80 2 25 10 25405 0 
-62.6979 16.9575 0.650805 0.562975 5.06678 80 2 25 10 25406 0 
-62.6791 16.9577 0.650875 0.562975 5.06678 80 2 25 10 25407 0 
-62.6604 16.9579 0.650945 0.562975 5.06678 80 2 25 10 25408 0 
-62.6416 16.9581 0.651014 0.562975 5.06678 80 2 25 10 25409 0 
-62.6229 16.9583 0.651084 0.562975 5.06678 80 2 25 10 25410 0 
-62.6041 16.9586 0.651154 0.562975 5.06678 80 2 25 10 25411 0 
-62.5853 16.9588 0.651224 0.562975 5.06678 80 2 25 10 25412 0 
-62.5666 16.959 0.651294 0.562975 5.06678 80 2 25 10 25413 0 
-62.5478 16.9592 0.651364 0.562975 5.06678 80 2 25 10 25414 0 
-62.529 16.9594 0.651434 0.562975 5.06678 80 2 25 10 25415 0 
-62.5103 16.9596 0.651503 0.562975 5.06678 80 2 25 10 25416 0 
-62.4915 16.9598 0.651573 0.562975 5.06678 80 2 25 10 25417 0 
-62.4727 16.9601 0.651643 0.562975 5.06678 80 2 25 10 25418 0 
-62.454 16.9603 0.651713 0.562975 5.06678 80 2 25 10 25419 0 
-62.4352 16.9605 0.651783 0.562975 5.06678 80 2 25 10 25420 0 
-62.4164 16.9607 0.651853 0.562975 5.06678 80 2 25 10 25421 0 
-62.3977 16.9609 0.651923 0.562975 5.06678 80 2 25 10 25422 0 
-62.3789 16.9611 0.651993 0.562975 5.06678 80 2 25 10 25423 0 
-62.3602 16.9613 0.652062 0.562975 5.06678 80 2 25 10 25424 0 
-62.3414 16.9615 0.652132 0.562975 5.06678 80 2 25 10 25425 0 
-62.3226 16.9618 0.652202 0.562975 5.06678 80 2 25 10 25426 0 
-62.3039 16.962 0.652272 0.562975 5.06678 80 2 25 10 25427 0 
-62.2851 16.9622 0.652342 0.562975 5.06678 80 2 25 10 25428 0 
-62.2663 16.9624 0.652412 0.562975 5.06678 80 2 25 10 25429 0 
-62.2476 16.9626 0.652482 0.562975 5.06678 80 2 25 10 25430 0 
-62.2288 16.9628 0.652552 0.562975 5.06678 80 2 25 10 25431 0 
-62.21 16.963 0.652622 0.562975 5.06678 80 2 25 10 25432 0 
-62.1913 16.9633 0.652692 0.562975 5.06678 80 2 25 10 25433 0 
-62.1725 16.9635 0.652762 0.562975 5.06678 80 2 25 10 25434 0 
-62.1537 16.9637 0.652832 0.562975 5.06678 80 2 25 10 25435 0 
-62.135 16.9639 0.652902 0.562975 5.06678 80 2 25 10 25436 0 
-62.1162 16.9641 0.652972 0.562975 5.06678 80 2 25 10 25437 0 
-62.0975 16.9643 0.653042 0.562975 5.06678 80 2 25 10 25438 0 
-62.0787 16.9645 0.653112 0.562975 5.06678 80 2 25 10 25439 0 
-62.0599 16.9648 0.653182 0.562975 5.06678 80 2 25 10 25440 0 
-62.0412 16.965 0.653252 0.562975 5.06678 80 2 25 10 25441 0 
-62.0224 16.9652 0.653322 0.562975 5.06678 80 2 25 10 25442 0 
-62.0036 16.9654 0.653392 0.562975 5.06678 80 2 25 10 25443 0 
-61.9849 16.9656 0.653462 0.562975 5.06678 80 2 25 10 25444 0 
-61.9661 16.9658 0.653532 0.562975 5.06678 80 2 25 10 25445 0 
-61.9473 16.966 0.653602 0.562975 5.06678 80 2 25 10 25446 0 
-61.9286 16.9662 0.653672 0.562975 5.06678 80 2 25 10 25447 0 
-61.9098 16.9665 0.653742 0.562975 5.06678 80 2 25 10 25448 0 
-61.891 16.9667 0.653813 0.562975 5.06678 80 2 25 10 25449 0 
-61.8723 16.9669 0.653883 0.562975 5.06678 80 2 25 10 25450 0 
-61.8535 16.9671 0.653953 0.562975 5.06678 80 2 25 10 25451 0 
-61.8347 16.9673 0.654023 0.562975 5.06678 80 2 25 10 25452 0 
-61.816 16.9675 0.654093 0.562975 5.06678 80 2 25 10 25453 0 
-61.7972 16.9677 0.654163 0.562975 5.06678 80 2 25 10 25454 0 
-61.7785 16.968 0.654233 0.562975 5.06678 80 2 25 10 25455 0 
-61.7597 16.9682 0.654304 0.562975 5.06678 80 2 25 10 25456 0 
-61.7409 16.9684 0.654374 0.562975 5.06678 80 2 25 10 25457 0 
-61.7222 16.9686 0.654444 0.562975 5.06678 80 2 25 10 25458 0 
-61.7034 16.9688 0.654514 0.562975 5.06678 80 2 25 10 25459 0 
-61.6846 16.969 0.654584 0.562975 5.06678 80 2 25 10 25460 0 
-61.6659 16.9692 0.654655 0.562975 5.06678 80 2 25 10 25461 0 
-61.6471 16.9694 0.654725 0.562975 5.06678 80 2 25 10 25462 0 
-61.6283 16.9697 0.654795 0.562975 5.06678 80 2 25 10 25463 0 
-61.6096 16.9699 0.654866 0.562975 5.06678 80 2 25 10 25464 0 
-61.5908 16.9701 0.654936 0.562975 5.06678 80 2 25 10 25465 0 
-61.572 16.9703 0.655006 0.562975 5.06678 80 2 25 10 25466 0 
-61.5533 16.9705 0.655077 0.562975 5.06678 80 2 25 10 25467 0 
-61.5345 16.9707 0.655147 0.562975 5.06678 80 2 25 10 25468 0 
-61.5158 16.9709 0.655217 0.562975 5.06678 80 2 25 10 25469 0 
-61.497 16.9712 0.655288 0.562975 5.06678 80 2 25 10 25470 0 
-61.4782 16.9714 0.655358 0.562975 5.06678 80 2 25 10 25471 0 
-61.4595 16.9716 0.655428 0.562975 5.06678 80 2 25 10 25472 0 
-61.4407 16.9718 0.655499 0.562975 5.06678 80 2 25 10 25473 0 
-61.4219 16.972 0.655569 0.562975 5.06678 80 2 25 10 25474 0 
-61.4032 16.9722 0.65564 0.562975 5.06678 80 2 25 10 25475 0 
-61.3844 16.9725 0.65571 0.562975 5.06678 80 2 25 10 25476 0 
-61.3656 16.9727 0.65578 0.562975 5.06678 80 2 25 10 25477 0 
-61.3469 16.9729 0.655851 0.562975 5.06678 80 2 25 10 25478 0 
-61.3281 16.9731 0.655921 0.562975 5.06678 80 2 25 10 25479 0 
-61.3093 16.9733 0.655992 0.562975 5.06678 80 2 25 10 25480 0 
-61.2906 16.9735 0.656062 0.562975 5.06678 80 2 25 10 25481 0 
-61.2718 16.9737 0.656133 0.562975 5.06678 80 2 25 10 25482 0 
-61.253 16.974 0.656203 0.562975 5.06678 80 2 25 10 25483 0 
-61.2343 16.9742 0.656274 0.562975 5.06678 80 2 25 10 25484 0 
-61.2155 16.9744 0.656344 0.562975 5.06678 80 2 25 10 25485 0 
-61.1968 16.9746 0.656415 0.562975 5.06678 80 2 25 10 25486 0 
-61.178 16.9748 0.656485 0.562975 5.06678 80 2 25 10 25487 0 
-61.1592 16.975 0.656556 0.562975 5.06678 80 2 25 10 25488 0 
-61.1405 16.9753 0.656627 0.562975 5.06678 80 2 25 10 25489 0 
-61.1217 16.9755 0.656697 0.562975 5.06678 80 2 25 10 25490 0 
-61.1029 16.9757 0.656768 0.562975 5.06678 80 2 25 10 25491 0 
-61.0842 16.9759 0.656838 0.562975 5.06678 80 2 25 10 25492 0 
-61.0654 16.9761 0.656909 0.562975 5.06678 80 2 25 10 25493 0 
-61.0466 16.9763 0.65698 0.562975 5.06678 80 2 25 10 25494 0 
-61.0279 16.9765 0.65705 0.562975 5.06678 80 2 25 10 25495 0 
-61.0091 16.9768 0.657121 0.562975 5.06678 80 2 25 10 25496 0 
-60.9903 16.977 0.657192 0.562975 5.06678 80 2 25 10 25497 0 
-60.9716 16.9772 0.657263 0.562975 5.06678 80 2 25 10 25498 0 
-60.9528 16.9774 0.657333 0.562975 5.06678 80 2 25 10 25499 0 
-60.9341 16.9776 0.657404 0.562975 5.06678 80 2 25 10 25500 0 
-60.9153 16.9778 0.657475 0.562975 5.06678 80 2 25 10 25501 0 
-60.8965 16.9781 0.657545 0.562975 5.06678 80 2 25 10 25502 0 
-60.8778 16.9783 0.657616 0.562975 5.06678 80 2 25 10 25503 0 
-60.859 16.9785 0.657687 0.562975 5.06678 80 2 25 10 25504 0 
-60.8402 16.9787 0.657758 0.562975 5.06678 80 2 25 10 25505 0 
-60.8215 16.9789 0.657829 0.562975 5.06678 80 2 25 10 25506 0 
-60.8027 16.9791 0.657899 0.562975 5.06678 80 2 25 10 25507 0 
-60.7839 16.9794 0.65797 0.562975 5.06678 80 2 25 10 25508 0 
-60.7652 16.9796 0.658041 0.562975 5.06678 80 2 25 10 25509 0 
-60.7464 16.9798 0.658112 0.562975 5.06678 80 2 25 10 25510 0 
-60.7276 16.98 0.658183 0.562975 5.06678 80 2 25 10 25511 0 
-60.7089 16.9802 0.658254 0.562975 5.06678 80 2 25 10 25512 0 
-60.6901 16.9804 0.658325 0.562975 5.06678 80 2 25 10 25513 0 
-60.6713 16.9806 0.658396 0.562975 5.06678 80 2 25 10 25514 0 
-60.6526 16.9809 0.658467 0.562975 5.06678 80 2 25 10 25515 0 
-60.6338 16.9811 0.658538 0.562975 5.06678 80 2 25 10 25516 0 
-60.6151 16.9813 0.658609 0.562975 5.06678 80 2 25 10 25517 0 
-60.5963 16.9815 0.65868 0.562975 5.06678 80 2 25 10 25518 0 
-60.5775 16.9817 0.658751 0.562975 5.06678 80 2 25 10 25519 0 
-60.5588 16.9819 0.658822 0.562975 5.06678 80 2 25 10 25520 0 
-60.54 16.9822 0.658893 0.562975 5.06678 80 2 25 10 25521 0 
-60.5212 16.9824 0.658964 0.562975 5.06678 80 2 25 10 25522 0 
-60.5025 16.9826 0.659035 0.562975 5.06678 80 2 25 10 25523 0 
-60.4837 16.9828 0.659106 0.562975 5.06678 80 2 25 10 25524 0 
-60.4649 16.983 0.659177 0.562975 5.06678 80 2 25 10 25525 0 
-60.4462 16.9832 0.659248 0.562975 5.06678 80 2 25 10 25526 0 
-60.4274 16.9834 0.659319 0.562975 5.06678 80 2 25 10 25527 0 
-60.4086 16.9837 0.65939 0.562975 5.06678 80 2 25 10 25528 0 
-60.3899 16.9839 0.659462 0.562975 5.06678 80 2 25 10 25529 0 
-60.3711 16.9841 0.659533 0.562975 5.06678 80 2 25 10 25530 0 
-60.3524 16.9843 0.659604 0.562975 5.06678 80 2 25 10 25531 0 
-60.3336 16.9845 0.659675 0.562975 5.06678 80 2 25 10 25532 0 
-60.3148 16.9847 0.659746 0.562975 5.06678 80 2 25 10 25533 0 
-60.2961 16.985 0.659818 0.562975 5.06678 80 2 25 10 25534 0 
-60.2773 16.9852 0.659889 0.562975 5.06678 80 2 25 10 25535 0 
-60.2585 16.9854 0.65996 0.562975 5.06678 80 2 25 10 25536 0 
-60.2398 16.9856 0.660031 0.562975 5.06678 80 2 25 10 25537 0 
-60.221 16.9858 0.660103 0.562975 5.06678 80 2 25 10 25538 0 
-60.2022 16.986 0.660174 0.562975 5.06678 80 2 25 10 25539 0 
-60.1835 16.9862 0.660245 0.562975 5.06678 80 2 25 10 25540 0 
-60.1647 16.9865 0.660317 0.562975 5.06678 80 2 25 10 25541 0 
-60.1459 16.9867 0.660388 0.562975 5.06678 80 2 25 10 25542 0 
-60.1272 16.9869 0.66046 0.562975 5.06678 80 2 25 10 25543 0 
-60.1084 16.9871 0.660531 0.562975 5.06678 80 2 25 10 25544 0 
-60.0896 16.9873 0.660602 0.562975 5.06678 80 2 25 10 25545 0 
-60.0709 16.9875 0.660674 0.562975 5.06678 80 2 25 10 25546 0 
-60.0521 16.9878 0.660745 0.562975 5.06678 80 2 25 10 25547 0 
-60.0334 16.988 0.660817 0.562975 5.06678 80 2 25 10 25548 0 
-60.0146 16.9882 0.660888 0.562975 5.06678 80 2 25 10 25549 0 
-59.9958 16.9884 0.66096 0.562975 5.06678 80 2 25 10 25550 0 
-59.9771 16.9886 0.661031 0.562975 5.06678 80 2 25 10 25551 0 
-59.9583 16.9888 0.661103 0.562975 5.06678 80 2 25 10 25552 0 
-59.9395 16.9891 0.661175 0.562975 5.06678 80 2 25 10 25553 0 
-59.9208 16.9893 0.661246 0.562975 5.06678 80 2 25 10 25554 0 
-59.902 16.9895 0.661318 0.562975 5.06678 80 2 25 10 25555 0 
-59.8832 16.9897 0.661389 0.562975 5.06678 80 2 25 10 25556 0 
-59.8645 16.9899 0.661461 0.562975 5.06678 80 2 25 10 25557 0 
-59.8457 16.9901 0.661533 0.562975 5.06678 80 2 25 10 25558 0 
-59.8269 16.9904 0.661604 0.562975 5.06678 80 2 25 10 25559 0 
-59.8082 16.9906 0.661676 0.562975 5.06678 80 2 25 10 25560 0 
-59.7894 16.9908 0.661748 0.562975 5.06678 80 2 25 10 25561 0 
-59.7707 16.991 0.661819 0.562975 5.06678 80 2 25 10 25562 0 
-59.7519 16.9912 0.661891 0.562975 5.06678 80 2 25 10 25563 0 
-59.7331 16.9914 0.661963 0.562975 5.06678 80 2 25 10 25564 0 
-59.7144 16.9917 0.662035 0.562975 5.06678 80 2 25 10 25565 0 
-59.6956 16.9919 0.662106 0.562975 5.06678 80 2 25 10 25566 0 
-59.6768 16.9921 0.662178 0.562975 5.06678 80 2 25 10 25567 0 
-59.6581 16.9923 0.66225 0.562975 5.06678 80 2 25 10 25568 0 
-59.6393 16.9925 0.662322 0.562975 5.06678 80 2 25 10 25569 0 
-59.6205 16.9928 0.662394 0.562975 5.06678 80 2 25 10 25570 0 
-59.6018 16.993 0.662465 0.562975 5.06678 80 2 25 10 25571 0 
-59.583 16.9932 0.662537 0.562975 5.06678 80 2 25 10 25572 0 
-59.5642 16.9934 0.662609 0.562975 5.06678 80 2 25 10 25573 0 
-59.5455 16.9936 0.662681 0.562975 5.06678 80 2 25 10 25574 0 
-59.5267 16.9938 0.662753 0.562975 5.06678 80 2 25 10 25575 0 
-59.5079 16.9941 0.662825 0.562975 5.06678 80 2 25 10 25576 0 
-59.4892 16.9943 0.662897 0.562975 5.06678 80 2 25 10 25577 0 
-59.4704 16.9945 0.662969 0.562975 5.06678 80 2 25 10 25578 0 
-59.4517 16.9947 0.663041 0.562975 5.06678 80 2 25 10 25579 0 
-59.4329 16.9949 0.663113 0.562975 5.06678 80 2 25 10 25580 0 
-59.4141 16.9951 0.663185 0.562975 5.06678 80 2 25 10 25581 0 
-59.3954 16.9954 0.663257 0.562975 5.06678 80 2 25 10 25582 0 
-59.3766 16.9956 0.663329 0.562975 5.06678 80 2 25 10 25583 0 
-59.3578 16.9958 0.663401 0.562975 5.06678 80 2 25 10 25584 0 
-59.3391 16.996 0.663473 0.562975 5.06678 80 2 25 10 25585 0 
-59.3203 16.9962 0.663545 0.562975 5.06678 80 2 25 10 25586 0 
-59.3015 16.9964 0.663617 0.562975 5.06678 80 2 25 10 25587 0 
-59.2828 16.9967 0.663689 0.562975 5.06678 80 2 25 10 25588 0 
-59.264 16.9969 0.663761 0.562975 5.06678 80 2 25 10 25589 0 
-59.2452 16.9971 0.663833 0.562975 5.06678 80 2 25 10 25590 0 
-59.2265 16.9973 0.663906 0.562975 5.06678 80 2 25 10 25591 0 
-59.2077 16.9975 0.663978 0.562975 5.06678 80 2 25 10 25592 0 
-59.189 16.9978 0.66405 0.562975 5.06678 80 2 25 10 25593 0 
-59.1702 16.998 0.664122 0.562975 5.06678 80 2 25 10 25594 0 
-59.1514 16.9982 0.664195 0.562975 5.06678 80 2 25 10 25595 0 
-59.1327 16.9984 0.664267 0.562975 5.06678 80 2 25 10 25596 0 
-59.1139 16.9986 0.664339 0.562975 5.06678 80 2 25 10 25597 0 
-59.0951 16.9988 0.664411 0.562975 5.06678 80 2 25 10 25598 0 
-59.0764 16.9991 0.664484 0.562975 5.06678 80 2 25 10 25599 0 
-59.0576 16.9993 0.664556 0.562975 5.06678 80 2 25 10 25600 0 
-59.0388 16.9995 0.664628 0.562975 5.06678 80 2 25 10 25601 0 
-59.0201 16.9997 0.664701 0.562975 5.06678 80 2 25 10 25602 0 
-59.0013 16.9999 0.664773 0.562975 5.06678 80 2 25 10 25603 0 
-58.9825 17.0001 0.664846 0.562975 5.06678 80 2 25 10 25604 0 
-58.9638 17.0004 0.664918 0.562975 5.06678 80 2 25 10 25605 0 
-58.945 17.0006 0.66499 0.562975 5.06678 80 2 25 10 25606 0 
-58.9263 17.0008 0.665063 0.562975 5.06678 80 2 25 10 25607 0 
-58.9075 17.001 0.665135 0.562975 5.06678 80 2 25 10 25608 0 
-58.8887 17.0012 0.665208 0.562975 5.06678 80 2 25 10 25609 0 
-58.87 17.0014 0.66528 0.562975 5.06678 80 2 25 10 25610 0 
-58.8512 17.0017 0.665353 0.562975 5.06678 80 2 25 10 25611 0 
-58.8324 17.0019 0.665425 0.562975 5.06678 80 2 25 10 25612 0 
-58.8137 17.0021 0.665498 0.562975 5.06678 80 2 25 10 25613 0 
-58.7949 17.0023 0.66557 0.562975 5.06678 80 2 25 10 25614 0 
-58.7761 17.0025 0.665643 0.562975 5.06678 80 2 25 10 25615 0 
-58.7574 17.0028 0.665716 0.562975 5.06678 80 2 25 10 25616 0 
-58.7386 17.003 0.665788 0.562975 5.06678 80 2 25 10 25617 0 
-58.7198 17.0032 0.665861 0.562975 5.06678 80 2 25 10 25618 0 
-58.7011 17.0034 0.665934 0.562975 5.06678 80 2 25 10 25619 0 
-58.6823 17.0036 0.666006 0.562975 5.06678 80 2 25 10 25620 0 
-58.6635 17.0038 0.666079 0.562975 5.06678 80 2 25 10 25621 0 
-58.6448 17.0041 0.666152 0.562975 5.06678 80 2 25 10 25622 0 
-58.626 17.0043 0.666225 0.562975 5.06678 80 2 25 10 25623 0 
-58.6073 17.0045 0.666297 0.562975 5.06678 80 2 25 10 25624 0 
-58.5885 17.0047 0.66637 0.562975 5.06678 80 2 25 10 25625 0 
-58.5697 17.0049 0.666443 0.562975 5.06678 80 2 25 10 25626 0 
-58.551 17.0051 0.666516 0.562975 5.06678 80 2 25 10 25627 0 
-58.5322 17.0054 0.666589 0.562975 5.06678 80 2 25 10 25628 0 
-58.5134 17.0056 0.666661 0.562975 5.06678 80 2 25 10 25629 0 
-58.4947 17.0058 0.666734 0.562975 5.06678 80 2 25 10 25630 0 
-58.4759 17.006 0.666807 0.562975 5.06678 80 2 25 10 25631 0 
-58.4571 17.0062 0.66688 0.562975 5.06678 80 2 25 10 25632 0 
-58.4384 17.0065 0.666953 0.562975 5.06678 80 2 25 10 25633 0 
-58.4196 17.0067 0.667026 0.562975 5.06678 80 2 25 10 25634 0 
-58.4008 17.0069 0.667099 0.562975 5.06678 80 2 25 10 25635 0 
-58.3821 17.0071 0.667172 0.562975 5.06678 80 2 25 10 25636 0 
-58.3633 17.0073 0.667245 0.562975 5.06678 80 2 25 10 25637 0 
-58.3446 17.0075 0.667318 0.562975 5.06678 80 2 25 10 25638 0 
-58.3258 17.0078 0.667391 0.562975 5.06678 80 2 25 10 25639 0 
-58.307 17.008 0.667464 0.562975 5.06678 80 2 25 10 25640 0 
-58.2883 17.0082 0.667537 0.562975 5.06678 80 2 25 10 25641 0 
-58.2695 17.0084 0.66761 0.562975 5.06678 80 2 25 10 25642 0 
-58.2507 17.0086 0.667683 0.562975 5.06678 80 2 25 10 25643 0 
-58.232 17.0089 0.667756 0.562975 5.06678 80 2 25 10 25644 0 
-58.2132 17.0091 0.667829 0.562975 5.06678 80 2 25 10 25645 0 
-58.1944 17.0093 0.667903 0.562975 5.06678 80 2 25 10 25646 0 
-58.1757 17.0095 0.667976 0.562975 5.06678 80 2 25 10 25647 0 
-58.1569 17.0097 0.668049 0.562975 5.06678 80 2 25 10 25648 0 
-58.1381 17.01 0.668122 0.562975 5.06678 80 2 25 10 25649 0 
-58.1194 17.0102 0.668195 0.562975 5.06678 80 2 25 10 25650 0 
-58.1006 17.0104 0.668269 0.562975 5.06678 80 2 25 10 25651 0 
-58.0818 17.0106 0.668342 0.562975 5.06678 80 2 25 10 25652 0 
-58.0631 17.0108 0.668415 0.562975 5.06678 80 2 25 10 25653 0 
-58.0443 17.0111 0.668488 0.562975 5.06678 80 2 25 10 25654 0 
-58.0256 17.0113 0.668562 0.562975 5.06678 80 2 25 10 25655 0 
-58.0068 17.0115 0.668635 0.562975 5.06678 80 2 25 10 25656 0 
-57.988 17.0117 0.668708 0.562975 5.06678 80 2 25 10 25657 0 
-57.9693 17.0119 0.668782 0.562975 5.06678 80 2 25 10 25658 0 
-57.9505 17.0122 0.668855 0.562975 5.06678 80 2 25 10 25659 0 
-57.9317 17.0124 0.668928 0.562975 5.06678 80 2 25 10 25660 0 
-57.913 17.0126 0.669002 0.562975 5.06678 80 2 25 10 25661 0 
-57.8942 17.0128 0.669075 0.562975 5.06678 80 2 25 10 25662 0 
-57.8754 17.013 0.669149 0.562975 5.06678 80 2 25 10 25663 0 
-57.8567 17.0133 0.669222 0.562975 5.06678 80 2 25 10 25664 0 
-57.8379 17.0135 0.669296 0.562975 5.06678 80 2 25 10 25665 0 
-57.8191 17.0137 0.669369 0.562975 5.06678 80 2 25 10 25666 0 
-57.8004 17.0139 0.669443 0.562975 5.06678 80 2 25 10 25667 0 
-57.7816 17.0141 0.669516 0.562975 5.06678 80 2 25 10 25668 0 
-57.7629 17.0143 0.66959 0.562975 5.06678 80 2 25 10 25669 0 
-57.7441 17.0146 0.669663 0.562975 5.06678 80 2 25 10 25670 0 
-57.7253 17.0148 0.669737 0.562975 5.06678 80 2 25 10 25671 0 
-57.7066 17.015 0.66981 0.562975 5.06678 80 2 25 10 25672 0 
-57.6878 17.0152 0.669884 0.562975 5.06678 80 2 25 10 25673 0 
-57.669 17.0154 0.669958 0.562975 5.06678 80 2 25 10 25674 0 
-57.6503 17.0157 0.670031 0.562975 5.06678 80 2 25 10 25675 0 
-57.6315 17.0159 0.670105 0.562975 5.06678 80 2 25 10 25676 0 
-57.6127 17.0161 0.670179 0.562975 5.06678 80 2 25 10 25677 0 
-57.594 17.0163 0.670252 0.562975 5.06678 80 2 25 10 25678 0 
-57.5752 17.0165 0.670326 0.562975 5.06678 80 2 25 10 25679 0 
-57.5564 17.0168 0.6704 0.562975 5.06678 80 2 25 10 25680 0 
-57.5377 17.017 0.670474 0.562975 5.06678 80 2 25 10 25681 0 
-57.5189 17.0172 0.670547 0.562975 5.06678 80 2 25 10 25682 0 
-57.5001 17.0174 0.670621 0.562975 5.06678 80 2 25 10 25683 0 
-57.4814 17.0176 0.670695 0.562975 5.06678 80 2 25 10 25684 0 
-57.4626 17.0179 0.670769 0.562975 5.06678 80 2 25 10 25685 0 
-57.4439 17.0181 0.670843 0.562975 5.06678 80 2 25 10 25686 0 
-57.4251 17.0183 0.670916 0.562975 5.06678 80 2 25 10 25687 0 
-57.4063 17.0185 0.67099 0.562975 5.06678 80 2 25 10 25688 0 
-57.3876 17.0187 0.671064 0.562975 5.06678 80 2 25 10 25689 0 
-57.3688 17.019 0.671138 0.562975 5.06678 80 2 25 10 25690 0 
-57.35 17.0192 0.671212 0.562975 5.06678 80 2 25 10 25691 0 
-57.3313 17.0194 0.671286 0.562975 5.06678 80 2 25 10 25692 0 
-57.3125 17.0196 0.67136 0.562975 5.06678 80 2 25 10 25693 0 
-57.2937 17.0198 0.671434 0.562975 5.06678 80 2 25 10 25694 0 
-57.275 17.0201 0.671508 0.562975 5.06678 80 2 25 10 25695 0 
-57.2562 17.0203 0.671582 0.562975 5.06678 80 2 25 10 25696 0 
-57.2374 17.0205 0.671656 0.562975 5.06678 80 2 25 10 25697 0 
-57.2187 17.0207 0.67173 0.562975 5.06678 80 2 25 10 25698 0 
-57.1999 17.0209 0.671804 0.562975 5.06678 80 2 25 10 25699 0 
-57.1812 17.0211 0.671879 0.562975 5.06678 80 2 25 10 25700 0 
-57.1624 17.0214 0.671953 0.562975 5.06678 80 2 25 10 25701 0 
-57.1436 17.0216 0.672027 0.562975 5.06678 80 2 25 10 25702 0 
-57.1249 17.0218 0.672101 0.562975 5.06678 80 2 25 10 25703 0 
-57.1061 17.022 0.672175 0.562975 5.06678 80 2 25 10 25704 0 
-57.0873 17.0222 0.672249 0.562975 5.06678 80 2 25 10 25705 0 
-57.0686 17.0225 0.672324 0.562975 5.06678 80 2 25 10 25706 0 
-57.0498 17.0227 0.672398 0.562975 5.06678 80 2 25 10 25707 0 
-57.031 17.0229 0.672472 0.562975 5.06678 80 2 25 10 25708 0 
-57.0123 17.0231 0.672547 0.562975 5.06678 80 2 25 10 25709 0 
-56.9935 17.0233 0.672621 0.562975 5.06678 80 2 25 10 25710 0 
-56.9747 17.0236 0.672695 0.562975 5.06678 80 2 25 10 25711 0 
-56.956 17.0238 0.672769 0.562975 5.06678 80 2 25 10 25712 0 
-56.9372 17.024 0.672844 0.562975 5.06678 80 2 25 10 25713 0 
-56.9184 17.0242 0.672918 0.562975 5.06678 80 2 25 10 25714 0 
-56.8997 17.0244 0.672993 0.562975 5.06678 80 2 25 10 25715 0 
-56.8809 17.0247 0.673067 0.562975 5.06678 80 2 25 10 25716 0 
-56.8622 17.0249 0.673142 0.562975 5.06678 80 2 25 10 25717 0 
-56.8434 17.0251 0.673216 0.562975 5.06678 80 2 25 10 25718 0 
-56.8246 17.0253 0.67329 0.562975 5.06678 80 2 25 10 25719 0 
-56.8059 17.0256 0.673365 0.562975 5.06678 80 2 25 10 25720 0 
-56.7871 17.0258 0.673439 0.562975 5.06678 80 2 25 10 25721 0 
-56.7683 17.026 0.673514 0.562975 5.06678 80 2 25 10 25722 0 
-56.7496 17.0262 0.673589 0.562975 5.06678 80 2 25 10 25723 0 
-56.7308 17.0264 0.673663 0.562975 5.06678 80 2 25 10 25724 0 
-56.712 17.0267 0.673738 0.562975 5.06678 80 2 25 10 25725 0 
-56.6933 17.0269 0.673812 0.562975 5.06678 80 2 25 10 25726 0 
-56.6745 17.0271 0.673887 0.562975 5.06678 80 2 25 10 25727 0 
-56.6557 17.0273 0.673961 0.562975 5.06678 80 2 25 10 25728 0 
-56.637 17.0275 0.674036 0.562975 5.06678 80 2 25 10 25729 0 
-56.6182 17.0278 0.674111 0.562975 5.06678 80 2 25 10 25730 0 
-56.5995 17.028 0.674185 0.562975 5.06678 80 2 25 10 25731 0 
-56.5807 17.0282 0.67426 0.562975 5.06678 80 2 25 10 25732 0 
-56.5619 17.0284 0.674335 0.562975 5.06678 80 2 25 10 25733 0 
-56.5432 17.0287 0.67441 0.562975 5.06678 80 2 25 10 25734 0 
-56.5244 17.0289 0.674484 0.562975 5.06678 80 2 25 10 25735 0 
-56.5056 17.0291 0.674559 0.562975 5.06678 80 2 25 10 25736 0 
-56.4869 17.0293 0.674634 0.562975 5.06678 80 2 25 10 25737 0 
-56.4681 17.0295 0.674709 0.562975 5.06678 80 2 25 10 25738 0 
-56.4493 17.0298 0.674784 0.562975 5.06678 80 2 25 10 25739 0 
-56.4306 17.03 0.674858 0.562975 5.06678 80 2 25 10 25740 0 
-56.4118 17.0302 0.674933 0.562975 5.06678 80 2 25 10 25741 0 
-56.393 17.0304 0.675008 0.562975 5.06678 80 2 25 10 25742 0 
-56.3743 17.0306 0.675083 0.562975 5.06678 80 2 25 10 25743 0 
-56.3555 17.0309 0.675158 0.562975 5.06678 80 2 25 10 25744 0 
-56.3368 17.0311 0.675233 0.562975 5.06678 80 2 25 10 25745 0 
-56.318 17.0313 0.675308 0.562975 5.06678 80 2 25 10 25746 0 
-56.2992 17.0315 0.675383 0.562975 5.06678 80 2 25 10 25747 0 
-56.2805 17.0317 0.675458 0.562975 5.06678 80 2 25 10 25748 0 
-56.2617 17.032 0.675533 0.562975 5.06678 80 2 25 10 25749 0 
-56.2429 17.0322 0.675608 0.562975 5.06678 80 2 25 10 25750 0 
-56.2242 17.0324 0.675683 0.562975 5.06678 80 2 25 10 25751 0 
-56.2054 17.0326 0.675758 0.562975 5.06678 80 2 25 10 25752 0 
-56.1866 17.0329 0.675833 0.562975 5.06678 80 2 25 10 25753 0 
-56.1679 17.0331 0.675908 0.562975 5.06678 80 2 25 10 25754 0 
-56.1491 17.0333 0.675983 0.562975 5.06678 80 2 25 10 25755 0 
-56.1303 17.0335 0.676058 0.562975 5.06678 80 2 25 10 25756 0 
-56.1116 17.0337 0.676134 0.562975 5.06678 80 2 25 10 25757 0 
-56.0928 17.034 0.676209 0.562975 5.06678 80 2 25 10 25758 0 
-56.074 17.0342 0.676284 0.562975 5.06678 80 2 25 10 25759 0 
-56.0553 17.0344 0.676359 0.562975 5.06678 80 2 25 10 25760 0 
-56.0365 17.0346 0.676434 0.562975 5.06678 80 2 25 10 25761 0 
-56.0178 17.0348 0.67651 0.562975 5.06678 80 2 25 10 25762 0 
-55.999 17.0351 0.676585 0.562975 5.06678 80 2 25 10 25763 0 
-55.9802 17.0353 0.67666 0.562975 5.06678 80 2 25 10 25764 0 
-55.9615 17.0355 0.676736 0.562975 5.06678 80 2 25 10 25765 0 
-55.9427 17.0357 0.676811 0.562975 5.06678 80 2 25 10 25766 0 
-55.9239 17.036 0.676886 0.562975 5.06678 80 2 25 10 25767 0 
-55.9052 17.0362 0.676962 0.562975 5.06678 80 2 25 10 25768 0 
-55.8864 17.0364 0.677037 0.562975 5.06678 80 2 25 10 25769 0 
-55.8676 17.0366 0.677113 0.562975 5.06678 80 2 25 10 25770 0 
-55.8489 17.0368 0.677188 0.562975 5.06678 80 2 25 10 25771 0 
-55.8301 17.0371 0.677263 0.562975 5.06678 80 2 25 10 25772 0 
-55.8113 17.0373 0.677339 0.562975 5.06678 80 2 25 10 25773 0 
-55.7926 17.0375 0.677414 0.562975 5.06678 80 2 25 10 25774 0 
-55.7738 17.0377 0.67749 0.562975 5.06678 80 2 25 10 25775 0 
-55.7551 17.0379 0.677565 0.562975 5.06678 80 2 25 10 25776 0 
-55.7363 17.0382 0.677641 0.562975 5.06678 80 2 25 10 25777 0 
-55.7175 17.0384 0.677717 0.562975 5.06678 80 2 25 10 25778 0 
-55.6988 17.0386 0.677792 0.562975 5.06678 80 2 25 10 25779 0 
-55.68 17.0388 0.677868 0.562975 5.06678 80 2 25 10 25780 0 
-55.6612 17.039 0.677943 0.562975 5.06678 80 2 25 10 25781 0 
-55.6425 17.0393 0.678019 0.562975 5.06678 80 2 25 10 25782 0 
-55.6237 17.0395 0.678095 0.562975 5.06678 80 2 25 10 25783 0 
-55.6049 17.0397 0.678171 0.562975 5.06678 80 2 25 10 25784 0 
-55.5862 17.0399 0.678246 0.562975 5.06678 80 2 25 10 25785 0 
-55.5674 17.0402 0.678322 0.562975 5.06678 80 2 25 10 25786 0 
-55.5486 17.0404 0.678398 0.562975 5.06678 80 2 25 10 25787 0 
-55.5299 17.0406 0.678473 0.562975 5.06678 80 2 25 10 25788 0 
-55.5111 17.0408 0.678549 0.562975 5.06678 80 2 25 10 25789 0 
-55.4923 17.041 0.678625 0.562975 5.06678 80 2 25 10 25790 0 
-55.4736 17.0413 0.678701 0.562975 5.06678 80 2 25 10 25791 0 
-55.4548 17.0415 0.678777 0.562975 5.06678 80 2 25 10 25792 0 
-55.4361 17.0417 0.678853 0.562975 5.06678 80 2 25 10 25793 0 
-55.4173 17.0419 0.678928 0.562975 5.06678 80 2 25 10 25794 0 
-55.3985 17.0422 0.679004 0.562975 5.06678 80 2 25 10 25795 0 
-55.3798 17.0424 0.67908 0.562975 5.06678 80 2 25 10 25796 0 
-55.361 17.0426 0.679156 0.562975 5.06678 80 2 25 10 25797 0 
-55.3422 17.0428 0.679232 0.562975 5.06678 80 2 25 10 25798 0 
-55.3235 17.0431 0.679308 0.562975 5.06678 80 2 25 10 25799 0 
-55.3047 17.0433 0.679384 0.562975 5.06678 80 2 25 10 25800 0 
-55.2859 17.0435 0.67946 0.562975 5.06678 80 2 25 10 25801 0 
-55.2672 17.0437 0.679536 0.562975 5.06678 80 2 25 10 25802 0 
-55.2484 17.0439 0.679612 0.562975 5.06678 80 2 25 10 25803 0 
-55.2296 17.0442 0.679688 0.562975 5.06678 80 2 25 10 25804 0 
-55.2109 17.0444 0.679764 0.562975 5.06678 80 2 25 10 25805 0 
-55.1921 17.0446 0.67984 0.562975 5.06678 80 2 25 10 25806 0 
-55.1734 17.0448 0.679917 0.562975 5.06678 80 2 25 10 25807 0 
-55.1546 17.0451 0.679993 0.562975 5.06678 80 2 25 10 25808 0 
-55.1358 17.0453 0.680069 0.562975 5.06678 80 2 25 10 25809 0 
-55.1171 17.0455 0.680145 0.562975 5.06678 80 2 25 10 25810 0 
-55.0983 17.0457 0.680221 0.562975 5.06678 80 2 25 10 25811 0 
-55.0795 17.046 0.680297 0.562975 5.06678 80 2 25 10 25812 0 
-55.0608 17.0462 0.680374 0.562975 5.06678 80 2 25 10 25813 0 
-55.042 17.0464 0.68045 0.562975 5.06678 80 2 25 10 25814 0 
-55.0232 17.0466 0.680526 0.562975 5.06678 80 2 25 10 25815 0 
-55.0045 17.0468 0.680602 0.562975 5.06678 80 2 25 10 25816 0 
-54.9857 17.0471 0.680679 0.562975 5.06678 80 2 25 10 25817 0 
-54.9669 17.0473 0.680755 0.562975 5.06678 80 2 25 10 25818 0 
-54.9482 17.0475 0.680831 0.562975 5.06678 80 2 25 10 25819 0 
-54.9294 17.0477 0.680908 0.562975 5.06678 80 2 25 10 25820 0 
-54.9106 17.048 0.680984 0.562975 5.06678 80 2 25 10 25821 0 
-54.8919 17.0482 0.681061 0.562975 5.06678 80 2 25 10 25822 0 
-54.8731 17.0484 0.681137 0.562975 5.06678 80 2 25 10 25823 0 
-54.8544 17.0486 0.681213 0.562975 5.06678 80 2 25 10 25824 0 
-54.8356 17.0489 0.68129 0.562975 5.06678 80 2 25 10 25825 0 
-54.8168 17.0491 0.681366 0.562975 5.06678 80 2 25 10 25826 0 
-54.7981 17.0493 0.681443 0.562975 5.06678 80 2 25 10 25827 0 
-54.7793 17.0495 0.681519 0.562975 5.06678 80 2 25 10 25828 0 
-54.7605 17.0497 0.681596 0.562975 5.06678 80 2 25 10 25829 0 
-54.7418 17.05 0.681672 0.562975 5.06678 80 2 25 10 25830 0 
-54.723 17.0502 0.681749 0.562975 5.06678 80 2 25 10 25831 0 
-54.7042 17.0504 0.681826 0.562975 5.06678 80 2 25 10 25832 0 
-54.6855 17.0506 0.681902 0.562975 5.06678 80 2 25 10 25833 0 
-54.6667 17.0509 0.681979 0.562975 5.06678 80 2 25 10 25834 0 
-54.6479 17.0511 0.682055 0.562975 5.06678 80 2 25 10 25835 0 
-54.6292 17.0513 0.682132 0.562975 5.06678 80 2 25 10 25836 0 
-54.6104 17.0515 0.682209 0.562975 5.06678 80 2 25 10 25837 0 
-54.5917 17.0518 0.682286 0.562975 5.06678 80 2 25 10 25838 0 
-54.5729 17.052 0.682362 0.562975 5.06678 80 2 25 10 25839 0 
-54.5541 17.0522 0.682439 0.562975 5.06678 80 2 25 10 25840 0 
-54.5354 17.0524 0.682516 0.562975 5.06678 80 2 25 10 25841 0 
-54.5166 17.0526 0.682593 0.562975 5.06678 80 2 25 10 25842 0 
-54.4978 17.0529 0.682669 0.562975 5.06678 80 2 25 10 25843 0 
-54.4791 17.0531 0.682746 0.562975 5.06678 80 2 25 10 25844 0 
-54.4603 17.0533 0.682823 0.562975 5.06678 80 2 25 10 25845 0 
-54.4415 17.0535 0.6829 0.562975 5.06678 80 2 25 10 25846 0 
-54.4228 17.0538 0.682977 0.562975 5.06678 80 2 25 10 25847 0 
-54.404 17.054 0.683054 0.562975 5.06678 80 2 25 10 25848 0 
-54.3852 17.0542 0.683131 0.562975 5.06678 80 2 25 10 25849 0 
-54.3665 17.0544 0.683208 0.562975 5.06678 80 2 25 10 25850 0 
-54.3477 17.0547 0.683285 0.562975 5.06678 80 2 25 10 25851 0 
-54.3289 17.0549 0.683362 0.562975 5.06678 80 2 25 10 25852 0 
-54.3102 17.0551 0.683439 0.562975 5.06678 80 2 25 10 25853 0 
-54.2914 17.0553 0.683516 0.562975 5.06678 80 2 25 10 25854 0 
-54.2727 17.0555 0.683593 0.562975 5.06678 80 2 25 10 25855 0 
-54.2539 17.0558 0.68367 0.562975 5.06678 80 2 25 10 25856 0 
-54.2351 17.056 0.683747 0.562975 5.06678 80 2 25 10 25857 0 
-54.2164 17.0562 0.683824 0.562975 5.06678 80 2 25 10 25858 0 
-54.1976 17.0564 0.683901 0.562975 5.06678 80 2 25 10 25859 0 
-54.1788 17.0567 0.683978 0.562975 5.06678 80 2 25 10 25860 0 
-54.1601 17.0569 0.684055 0.562975 5.06678 80 2 25 10 25861 0 
-54.1413 17.0571 0.684133 0.562975 5.06678 80 2 25 10 25862 0 
-54.1225 17.0573 0.68421 0.562975 5.06678 80 2 25 10 25863 0 
-54.1038 17.0576 0.684287 0.562975 5.06678 80 2 25 10 25864 0 
-54.085 17.0578 0.684364 0.562975 5.06678 80 2 25 10 25865 0 
-54.0662 17.058 0.684442 0.562975 5.06678 80 2 25 10 25866 0 
-54.0475 17.0582 0.684519 0.562975 5.06678 80 2 25 10 25867 0 
-54.0287 17.0585 0.684596 0.562975 5.06678 80 2 25 10 25868 0 
-54.01 17.0587 0.684674 0.562975 5.06678 80 2 25 10 25869 0 
-53.9912 17.0589 0.684751 0.562975 5.06678 80 2 25 10 25870 0 
-53.9724 17.0591 0.684828 0.562975 5.06678 80 2 25 10 25871 0 
-53.9537 17.0594 0.684906 0.562975 5.06678 80 2 25 10 25872 0 
-53.9349 17.0596 0.684983 0.562975 5.06678 80 2 25 10 25873 0 
-53.9161 17.0598 0.685061 0.562975 5.06678 80 2 25 10 25874 0 
-53.8974 17.06 0.685138 0.562975 5.06678 80 2 25 10 25875 0 
-53.8786 17.0603 0.685215 0.562975 5.06678 80 2 25 10 25876 0 
-53.8598 17.0605 0.685293 0.562975 5.06678 80 2 25 10 25877 0 
-53.8411 17.0607 0.68537 0.562975 5.06678 80 2 25 10 25878 0 
-53.8223 17.0609 0.685448 0.562975 5.06678 80 2 25 10 25879 0 
-53.8035 17.0612 0.685525 0.562975 5.06678 80 2 25 10 25880 0 
-53.7848 17.0614 0.685603 0.562975 5.06678 80 2 25 10 25881 0 
-53.766 17.0616 0.685681 0.562975 5.06678 80 2 25 10 25882 0 
-53.7472 17.0618 0.685758 0.562975 5.06678 80 2 25 10 25883 0 
-53.7285 17.0621 0.685836 0.562975 5.06678 80 2 25 10 25884 0 
-53.7097 17.0623 0.685913 0.562975 5.06678 80 2 25 10 25885 0 
-53.691 17.0625 0.685991 0.562975 5.06678 80 2 25 10 25886 0 
-53.6722 17.0627 0.686069 0.562975 5.06678 80 2 25 10 25887 0 
-53.6534 17.063 0.686146 0.562975 5.06678 80 2 25 10 25888 0 
-53.6347 17.0632 0.686224 0.562975 5.06678 80 2 25 10 25889 0 
-53.6159 17.0634 0.686302 0.562975 5.06678 80 2 25 10 25890 0 
-53.5971 17.0636 0.68638 0.562975 5.06678 80 2 25 10 25891 0 
-53.5784 17.0639 0.686457 0.562975 5.06678 80 2 25 10 25892 0 
-53.5596 17.0641 0.686535 0.562975 5.06678 80 2 25 10 25893 0 
-53.5408 17.0643 0.686613 0.562975 5.06678 80 2 25 10 25894 0 
-53.5221 17.0645 0.686691 0.562975 5.06678 80 2 25 10 25895 0 
-53.5033 17.0648 0.686769 0.562975 5.06678 80 2 25 10 25896 0 
-53.4845 17.065 0.686846 0.562975 5.06678 80 2 25 10 25897 0 
-53.4658 17.0652 0.686924 0.562975 5.06678 80 2 25 10 25898 0 
-53.447 17.0654 0.687002 0.562975 5.06678 80 2 25 10 25899 0 
-53.4283 17.0657 0.68708 0.562975 5.06678 80 2 25 10 25900 0 
-53.4095 17.0659 0.687158 0.562975 5.06678 80 2 25 10 25901 0 
-53.3907 17.0661 0.687236 0.562975 5.06678 80 2 25 10 25902 0 
-53.372 17.0663 0.687314 0.562975 5.06678 80 2 25 10 25903 0 
-53.3532 17.0666 0.687392 0.562975 5.06678 80 2 25 10 25904 0 
-53.3344 17.0668 0.68747 0.562975 5.06678 80 2 25 10 25905 0 
-53.3157 17.067 0.687548 0.562975 5.06678 80 2 25 10 25906 0 
-53.2969 17.0672 0.687626 0.562975 5.06678 80 2 25 10 25907 0 
-53.2781 17.0675 0.687704 0.562975 5.06678 80 2 25 10 25908 0 
-53.2594 17.0677 0.687782 0.562975 5.06678 80 2 25 10 25909 0 
-53.2406 17.0679 0.68786 0.562975 5.06678 80 2 25 10 25910 0 
-53.2218 17.0681 0.687939 0.562975 5.06678 80 2 25 10 25911 0 
-53.2031 17.0684 0.688017 0.562975 5.06678 80 2 25 10 25912 0 
-53.1843 17.0686 0.688095 0.562975 5.06678 80 2 25 10 25913 0 
-53.1656 17.0688 0.688173 0.562975 5.06678 80 2 25 10 25914 0 
-53.1468 17.069 0.688251 0.562975 5.06678 80 2 25 10 25915 0 
-53.128 17.0693 0.68833 0.562975 5.06678 80 2 25 10 25916 0 
-53.1093 17.0695 0.688408 0.562975 5.06678 80 2 25 10 25917 0 
-53.0905 17.0697 0.688486 0.562975 5.06678 80 2 25 10 25918 0 
-53.0717 17.0699 0.688565 0.562975 5.06678 80 2 25 10 25919 0 
-53.053 17.0702 0.688643 0.562975 5.06678 80 2 25 10 25920 0 
-53.0342 17.0704 0.688721 0.562975 5.06678 80 2 25 10 25921 0 
-53.0154 17.0706 0.6888 0.562975 5.06678 80 2 25 10 25922 0 
-52.9967 17.0708 0.688878 0.562975 5.06678 80 2 25 10 25923 0 
-52.9779 17.0711 0.688956 0.562975 5.06678 80 2 25 10 25924 0 
-52.9591 17.0713 0.689035 0.562975 5.06678 80 2 25 10 25925 0 
-52.9404 17.0715 0.689113 0.562975 5.06678 80 2 25 10 25926 0 
-52.9216 17.0717 0.689192 0.562975 5.06678 80 2 25 10 25927 0 
-52.9028 17.072 0.68927 0.562975 5.06678 80 2 25 10 25928 0 
-52.8841 17.0722 0.689349 0.562975 5.06678 80 2 25 10 25929 0 
-52.8653 17.0724 0.689427 0.562975 5.06678 80 2 25 10 25930 0 
-52.8466 17.0726 0.689506 0.562975 5.06678 80 2 25 10 25931 0 
-52.8278 17.0729 0.689585 0.562975 5.06678 80 2 25 10 25932 0 
-52.809 17.0731 0.689663 0.562975 5.06678 80 2 25 10 25933 0 
-52.7903 17.0733 0.689742 0.562975 5.06678 80 2 25 10 25934 0 
-52.7715 17.0735 0.68982 0.562975 5.06678 80 2 25 10 25935 0 
-52.7527 17.0738 0.689899 0.562975 5.06678 80 2 25 10 25936 0 
-52.734 17.074 0.689978 0.562975 5.06678 80 2 25 10 25937 0 
-52.7152 17.0742 0.690057 0.562975 5.06678 80 2 25 10 25938 0 
-52.6964 17.0744 0.690135 0.562975 5.06678 80 2 25 10 25939 0 
-52.6777 17.0747 0.690214 0.562975 5.06678 80 2 25 10 25940 0 
-52.6589 17.0749 0.690293 0.562975 5.06678 80 2 25 10 25941 0 
-52.6401 17.0751 0.690372 0.562975 5.06678 80 2 25 10 25942 0 
-52.6214 17.0753 0.69045 0.562975 5.06678 80 2 25 10 25943 0 
-52.6026 17.0756 0.690529 0.562975 5.06678 80 2 25 10 25944 0 
-52.5839 17.0758 0.690608 0.562975 5.06678 80 2 25 10 25945 0 
-52.5651 17.076 0.690687 0.562975 5.06678 80 2 25 10 25946 0 
-52.5463 17.0763 0.690766 0.562975 5.06678 80 2 25 10 25947 0 
-52.5276 17.0765 0.690845 0.562975 5.06678 80 2 25 10 25948 0 
-52.5088 17.0767 0.690924 0.562975 5.06678 80 2 25 10 25949 0 
-52.49 17.0769 0.691003 0.562975 5.06678 80 2 25 10 25950 0 
-52.4713 17.0772 0.691082 0.562975 5.06678 80 2 25 10 25951 0 
-52.4525 17.0774 0.691161 0.562975 5.06678 80 2 25 10 25952 0 
-52.4337 17.0776 0.69124 0.562975 5.06678 80 2 25 10 25953 0 
-52.415 17.0778 0.691319 0.562975 5.06678 80 2 25 10 25954 0 
-52.3962 17.0781 0.691398 0.562975 5.06678 80 2 25 10 25955 0 
-52.3774 17.0783 0.691477 0.562975 5.06678 80 2 25 10 25956 0 
-52.3587 17.0785 0.691556 0.562975 5.06678 80 2 25 10 25957 0 
-52.3399 17.0788 0.691635 0.562975 5.06678 80 2 25 10 25958 0 
-52.3211 17.079 0.691714 0.562975 5.06678 80 2 25 10 25959 0 
-52.3024 17.0792 0.691793 0.562975 5.06678 80 2 25 10 25960 0 
-52.2836 17.0794 0.691872 0.562975 5.06678 80 2 25 10 25961 0 
-52.2649 17.0797 0.691951 0.562975 5.06678 80 2 25 10 25962 0 
-52.2461 17.0799 0.692031 0.562975 5.06678 80 2 25 10 25963 0 
-52.2273 17.0801 0.69211 0.562975 5.06678 80 2 25 10 25964 0 
-52.2086 17.0803 0.692189 0.562975 5.06678 80 2 25 10 25965 0 
-52.1898 17.0806 0.692268 0.562975 5.06678 80 2 25 10 25966 0 
-52.171 17.0808 0.692348 0.562975 5.06678 80 2 25 10 25967 0 
-52.1523 17.081 0.692427 0.562975 5.06678 80 2 25 10 25968 0 
-52.1335 17.0812 0.692506 0.562975 5.06678 80 2 25 10 25969 0 
-52.1147 17.0815 0.692586 0.562975 5.06678 80 2 25 10 25970 0 
-52.096 17.0817 0.692665 0.562975 5.06678 80 2 25 10 25971 0 
-52.0772 17.0819 0.692744 0.562975 5.06678 80 2 25 10 25972 0 
-52.0584 17.0822 0.692824 0.562975 5.06678 80 2 25 10 25973 0 
-52.0397 17.0824 0.692903 0.562975 5.06678 80 2 25 10 25974 0 
-52.0209 17.0826 0.692982 0.562975 5.06678 80 2 25 10 25975 0 
-52.0022 17.0828 0.693062 0.562975 5.06678 80 2 25 10 25976 0 
-51.9834 17.0831 0.693141 0.562975 5.06678 80 2 25 10 25977 0 
-51.9646 17.0833 0.693221 0.562975 5.06678 80 2 25 10 25978 0 
-51.9459 17.0835 0.6933 0.562975 5.06678 80 2 25 10 25979 0 
-51.9271 17.0837 0.69338 0.562975 5.06678 80 2 25 10 25980 0 
-51.9083 17.084 0.69346 0.562975 5.06678 80 2 25 10 25981 0 
-51.8896 17.0842 0.693539 0.562975 5.06678 80 2 25 10 25982 0 
-51.8708 17.0844 0.693619 0.562975 5.06678 80 2 25 10 25983 0 
-51.852 17.0847 0.693698 0.562975 5.06678 80 2 25 10 25984 0 
-51.8333 17.0849 0.693778 0.562975 5.06678 80 2 25 10 25985 0 
-51.8145 17.0851 0.693858 0.562975 5.06678 80 2 25 10 25986 0 
-51.7957 17.0853 0.693937 0.562975 5.06678 80 2 25 10 25987 0 
-51.777 17.0856 0.694017 0.562975 5.06678 80 2 25 10 25988 0 
-51.7582 17.0858 0.694097 0.562975 5.06678 80 2 25 10 25989 0 
-51.7394 17.086 0.694177 0.562975 5.06678 80 2 25 10 25990 0 
-51.7207 17.0862 0.694256 0.562975 5.06678 80 2 25 10 25991 0 
-51.7019 17.0865 0.694336 0.562975 5.06678 80 2 25 10 25992 0 
-51.6832 17.0867 0.694416 0.562975 5.06678 80 2 25 10 25993 0 
-51.6644 17.0869 0.694496 0.562975 5.06678 80 2 25 10 25994 0 
-51.6456 17.0871 0.694576 0.562975 5.06678 80 2 25 10 25995 0 
-51.6269 17.0874 0.694656 0.562975 5.06678 80 2 25 10 25996 0 
-51.6081 17.0876 0.694736 0.562975 5.06678 80 2 25 10 25997 0 
-51.5893 17.0878 0.694815 0.562975 5.06678 80 2 25 10 25998 0 
-51.5706 17.0881 0.694895 0.562975 5.06678 80 2 25 10 25999 0 
-51.5518 17.0883 0.694975 0.562975 5.06678 80 2 25 10 26000 0 
-51.533 17.0885 0.695055 0.562975 5.06678 80 2 25 10 26001 0 
-51.5143 17.0887 0.695135 0.562975 5.06678 80 2 25 10 26002 0 
-51.4955 17.089 0.695215 0.562975 5.06678 80 2 25 10 26003 0 
-51.4767 17.0892 0.695295 0.562975 5.06678 80 2 25 10 26004 0 
-51.458 17.0894 0.695376 0.562975 5.06678 80 2 25 10 26005 0 
-51.4392 17.0896 0.695456 0.562975 5.06678 80 2 25 10 26006 0 
-51.4205 17.0899 0.695536 0.562975 5.06678 80 2 25 10 26007 0 
-51.4017 17.0901 0.695616 0.562975 5.06678 80 2 25 10 26008 0 
-51.3829 17.0903 0.695696 0.562975 5.06678 80 2 25 10 26009 0 
-51.3642 17.0906 0.695776 0.562975 5.06678 80 2 25 10 26010 0 
-51.3454 17.0908 0.695856 0.562975 5.06678 80 2 25 10 26011 0 
-51.3266 17.091 0.695937 0.562975 5.06678 80 2 25 10 26012 0 
-51.3079 17.0912 0.696017 0.562975 5.06678 80 2 25 10 26013 0 
-51.2891 17.0915 0.696097 0.562975 5.06678 80 2 25 10 26014 0 
-51.2703 17.0917 0.696177 0.562975 5.06678 80 2 25 10 26015 0 
-51.2516 17.0919 0.696258 0.562975 5.06678 80 2 25 10 26016 0 
-51.2328 17.0922 0.696338 0.562975 5.06678 80 2 25 10 26017 0 
-51.214 17.0924 0.696418 0.562975 5.06678 80 2 25 10 26018 0 
-51.1953 17.0926 0.696499 0.562975 5.06678 80 2 25 10 26019 0 
-51.1765 17.0928 0.696579 0.562975 5.06678 80 2 25 10 26020 0 
-51.1577 17.0931 0.69666 0.562975 5.06678 80 2 25 10 26021 0 
-51.139 17.0933 0.69674 0.562975 5.06678 80 2 25 10 26022 0 
-51.1202 17.0935 0.69682 0.562975 5.06678 80 2 25 10 26023 0 
-51.1015 17.0938 0.696901 0.562975 5.06678 80 2 25 10 26024 0 
-51.0827 17.094 0.696981 0.562975 5.06678 80 2 25 10 26025 0 
-51.0639 17.0942 0.697062 0.562975 5.06678 80 2 25 10 26026 0 
-51.0452 17.0944 0.697142 0.562975 5.06678 80 2 25 10 26027 0 
-51.0264 17.0947 0.697223 0.562975 5.06678 80 2 25 10 26028 0 
-51.0076 17.0949 0.697304 0.562975 5.06678 80 2 25 10 26029 0 
-50.9889 17.0951 0.697384 0.562975 5.06678 80 2 25 10 26030 0 
-50.9701 17.0954 0.697465 0.562975 5.06678 80 2 25 10 26031 0 
-50.9513 17.0956 0.697545 0.562975 5.06678 80 2 25 10 26032 0 
-50.9326 17.0958 0.697626 0.562975 5.06678 80 2 25 10 26033 0 
-50.9138 17.096 0.697707 0.562975 5.06678 80 2 25 10 26034 0 
-50.895 17.0963 0.697787 0.562975 5.06678 80 2 25 10 26035 0 
-50.8763 17.0965 0.697868 0.562975 5.06678 80 2 25 10 26036 0 
-50.8575 17.0967 0.697949 0.562975 5.06678 80 2 25 10 26037 0 
-50.8388 17.097 0.69803 0.562975 5.06678 80 2 25 10 26038 0 
-50.82 17.0972 0.69811 0.562975 5.06678 80 2 25 10 26039 0 
-50.8012 17.0974 0.698191 0.562975 5.06678 80 2 25 10 26040 0 
-50.7825 17.0976 0.698272 0.562975 5.06678 80 2 25 10 26041 0 
-50.7637 17.0979 0.698353 0.562975 5.06678 80 2 25 10 26042 0 
-50.7449 17.0981 0.698434 0.562975 5.06678 80 2 25 10 26043 0 
-50.7262 17.0983 0.698515 0.562975 5.06678 80 2 25 10 26044 0 
-50.7074 17.0986 0.698595 0.562975 5.06678 80 2 25 10 26045 0 
-50.6886 17.0988 0.698676 0.562975 5.06678 80 2 25 10 26046 0 
-50.6699 17.099 0.698757 0.562975 5.06678 80 2 25 10 26047 0 
-50.6511 17.0992 0.698838 0.562975 5.06678 80 2 25 10 26048 0 
-50.6323 17.0995 0.698919 0.562975 5.06678 80 2 25 10 26049 0 
-50.6136 17.0997 0.699 0.562975 5.06678 80 2 25 10 26050 0 
-50.5948 17.0999 0.699081 0.562975 5.06678 80 2 25 10 26051 0 
-50.576 17.1002 0.699162 0.562975 5.06678 80 2 25 10 26052 0 
-50.5573 17.1004 0.699243 0.562975 5.06678 80 2 25 10 26053 0 
-50.5385 17.1006 0.699324 0.562975 5.06678 80 2 25 10 26054 0 
-50.5198 17.1008 0.699406 0.562975 5.06678 80 2 25 10 26055 0 
-50.501 17.1011 0.699487 0.562975 5.06678 80 2 25 10 26056 0 
-50.4822 17.1013 0.699568 0.562975 5.06678 80 2 25 10 26057 0 
-50.4635 17.1015 0.699649 0.562975 5.06678 80 2 25 10 26058 0 
-50.4447 17.1018 0.69973 0.562975 5.06678 80 2 25 10 26059 0 
-50.4259 17.102 0.699811 0.562975 5.06678 80 2 25 10 26060 0 
-50.4072 17.1022 0.699893 0.562975 5.06678 80 2 25 10 26061 0 
-50.3884 17.1025 0.699974 0.562975 5.06678 80 2 25 10 26062 0 
-50.3696 17.1027 0.700055 0.562975 5.06678 80 2 25 10 26063 0 
-50.3509 17.1029 0.700137 0.562975 5.06678 80 2 25 10 26064 0 
-50.3321 17.1031 0.700218 0.562975 5.06678 80 2 25 10 26065 0 
-50.3133 17.1034 0.700299 0.562975 5.06678 80 2 25 10 26066 0 
-50.2946 17.1036 0.700381 0.562975 5.06678 80 2 25 10 26067 0 
-50.2758 17.1038 0.700462 0.562975 5.06678 80 2 25 10 26068 0 
-50.2571 17.1041 0.700543 0.562975 5.06678 80 2 25 10 26069 0 
-50.2383 17.1043 0.700625 0.562975 5.06678 80 2 25 10 26070 0 
-50.2195 17.1045 0.700706 0.562975 5.06678 80 2 25 10 26071 0 
-50.2008 17.1047 0.700788 0.562975 5.06678 80 2 25 10 26072 0 
-50.182 17.105 0.700869 0.562975 5.06678 80 2 25 10 26073 0 
-50.1632 17.1052 0.700951 0.562975 5.06678 80 2 25 10 26074 0 
-50.1445 17.1054 0.701032 0.562975 5.06678 80 2 25 10 26075 0 
-50.1257 17.1057 0.701114 0.562975 5.06678 80 2 25 10 26076 0 
-50.1069 17.1059 0.701195 0.562975 5.06678 80 2 25 10 26077 0 
-50.0882 17.1061 0.701277 0.562975 5.06678 80 2 25 10 26078 0 
-50.0694 17.1063 0.701359 0.562975 5.06678 80 2 25 10 26079 0 
-50.0506 17.1066 0.70144 0.562975 5.06678 80 2 25 10 26080 0 
-50.0319 17.1068 0.701522 0.562975 5.06678 80 2 25 10 26081 0 
-50.0131 17.107 0.701604 0.562975 5.06678 80 2 25 10 26082 0 
-49.9944 17.1073 0.701685 0.562975 5.06678 80 2 25 10 26083 0 
-49.9756 17.1075 0.701767 0.562975 5.06678 80 2 25 10 26084 0 
-49.9568 17.1077 0.701849 0.562975 5.06678 80 2 25 10 26085 0 
-49.9381 17.1079 0.701931 0.562975 5.06678 80 2 25 10 26086 0 
-49.9193 17.1082 0.702013 0.562975 5.06678 80 2 25 10 26087 0 
-49.9005 17.1084 0.702094 0.562975 5.06678 80 2 25 10 26088 0 
-49.8818 17.1086 0.702176 0.562975 5.06678 80 2 25 10 26089 0 
-49.863 17.1089 0.702258 0.562975 5.06678 80 2 25 10 26090 0 
-49.8442 17.1091 0.70234 0.562975 5.06678 80 2 25 10 26091 0 
-49.8255 17.1093 0.702422 0.562975 5.06678 80 2 25 10 26092 0 
-49.8067 17.1096 0.702504 0.562975 5.06678 80 2 25 10 26093 0 
-49.7879 17.1098 0.702586 0.562975 5.06678 80 2 25 10 26094 0 
-49.7692 17.11 0.702668 0.562975 5.06678 80 2 25 10 26095 0 
-49.7504 17.1103 0.70275 0.562975 5.06678 80 2 25 10 26096 0 
-49.7316 17.1105 0.702832 0.562975 5.06678 80 2 25 10 26097 0 
-49.7129 17.1107 0.702914 0.562975 5.06678 80 2 25 10 26098 0 
-49.6941 17.1109 0.702996 0.562975 5.06678 80 2 25 10 26099 0 
-49.6754 17.1112 0.703078 0.562975 5.06678 80 2 25 10 26100 0 
-49.6566 17.1114 0.70316 0.562975 5.06678 80 2 25 10 26101 0 
-49.6378 17.1116 0.703242 0.562975 5.06678 80 2 25 10 26102 0 
-49.6191 17.1119 0.703324 0.562975 5.06678 80 2 25 10 26103 0 
-49.6003 17.1121 0.703407 0.562975 5.06678 80 2 25 10 26104 0 
-49.5815 17.1123 0.703489 0.562975 5.06678 80 2 25 10 26105 0 
-49.5628 17.1126 0.703571 0.562975 5.06678 80 2 25 10 26106 0 
-49.544 17.1128 0.703653 0.562975 5.06678 80 2 25 10 26107 0 
-49.5252 17.113 0.703735 0.562975 5.06678 80 2 25 10 26108 0 
-49.5065 17.1133 0.703818 0.562975 5.06678 80 2 25 10 26109 0 
-49.4877 17.1135 0.7039 0.562975 5.06678 80 2 25 10 26110 0 
-49.4689 17.1137 0.703982 0.562975 5.06678 80 2 25 10 26111 0 
-49.4502 17.1139 0.704065 0.562975 5.06678 80 2 25 10 26112 0 
-49.4314 17.1142 0.704147 0.562975 5.06678 80 2 25 10 26113 0 
-49.4127 17.1144 0.704229 0.562975 5.06678 80 2 25 10 26114 0 
-49.3939 17.1146 0.704312 0.562975 5.06678 80 2 25 10 26115 0 
-49.3751 17.1149 0.704394 0.562975 5.06678 80 2 25 10 26116 0 
-49.3564 17.1151 0.704477 0.562975 5.06678 80 2 25 10 26117 0 
-49.3376 17.1153 0.704559 0.562975 5.06678 80 2 25 10 26118 0 
-49.3188 17.1156 0.704641 0.562975 5.06678 80 2 25 10 26119 0 
-49.3001 17.1158 0.704724 0.562975 5.06678 80 2 25 10 26120 0 
-49.2813 17.116 0.704806 0.562975 5.06678 80 2 25 10 26121 0 
-49.2625 17.1163 0.704889 0.562975 5.06678 80 2 25 10 26122 0 
-49.2438 17.1165 0.704972 0.562975 5.06678 80 2 25 10 26123 0 
-49.225 17.1167 0.705054 0.562975 5.06678 80 2 25 10 26124 0 
-49.2062 17.1169 0.705137 0.562975 5.06678 80 2 25 10 26125 0 
-49.1875 17.1172 0.705219 0.562975 5.06678 80 2 25 10 26126 0 
-49.1687 17.1174 0.705302 0.562975 5.06678 80 2 25 10 26127 0 
-49.1499 17.1176 0.705385 0.562975 5.06678 80 2 25 10 26128 0 
-49.1312 17.1179 0.705467 0.562975 5.06678 80 2 25 10 26129 0 
-49.1124 17.1181 0.70555 0.562975 5.06678 80 2 25 10 26130 0 
-49.0937 17.1183 0.705633 0.562975 5.06678 80 2 25 10 26131 0 
-49.0749 17.1186 0.705716 0.562975 5.06678 80 2 25 10 26132 0 
-49.0561 17.1188 0.705798 0.562975 5.06678 80 2 25 10 26133 0 
-49.0374 17.119 0.705881 0.562975 5.06678 80 2 25 10 26134 0 
-49.0186 17.1193 0.705964 0.562975 5.06678 80 2 25 10 26135 0 
-48.9998 17.1195 0.706047 0.562975 5.06678 80 2 25 10 26136 0 
-48.9811 17.1197 0.70613 0.562975 5.06678 80 2 25 10 26137 0 
-48.9623 17.1199 0.706213 0.562975 5.06678 80 2 25 10 26138 0 
-48.9435 17.1202 0.706296 0.562975 5.06678 80 2 25 10 26139 0 
-48.9248 17.1204 0.706379 0.562975 5.06678 80 2 25 10 26140 0 
-48.906 17.1206 0.706462 0.562975 5.06678 80 2 25 10 26141 0 
-48.8872 17.1209 0.706545 0.562975 5.06678 80 2 25 10 26142 0 
-48.8685 17.1211 0.706628 0.562975 5.06678 80 2 25 10 26143 0 
-48.8497 17.1213 0.706711 0.562975 5.06678 80 2 25 10 26144 0 
-48.831 17.1216 0.706794 0.562975 5.06678 80 2 25 10 26145 0 
-48.8122 17.1218 0.706877 0.562975 5.06678 80 2 25 10 26146 0 
-48.7934 17.122 0.70696 0.562975 5.06678 80 2 25 10 26147 0 
-48.7747 17.1223 0.707043 0.562975 5.06678 80 2 25 10 26148 0 
-48.7559 17.1225 0.707126 0.562975 5.06678 80 2 25 10 26149 0 
-48.7371 17.1227 0.707209 0.562975 5.06678 80 2 25 10 26150 0 
-48.7184 17.1229 0.707292 0.562975 5.06678 80 2 25 10 26151 0 
-48.6996 17.1232 0.707376 0.562975 5.06678 80 2 25 10 26152 0 
-48.6808 17.1234 0.707459 0.562975 5.06678 80 2 25 10 26153 0 
-48.6621 17.1236 0.707542 0.562975 5.06678 80 2 25 10 26154 0 
-48.6433 17.1239 0.707626 0.562975 5.06678 80 2 25 10 26155 0 
-48.6245 17.1241 0.707709 0.562975 5.06678 80 2 25 10 26156 0 
-48.6058 17.1243 0.707792 0.562975 5.06678 80 2 25 10 26157 0 
-48.587 17.1246 0.707875 0.562975 5.06678 80 2 25 10 26158 0 
-48.5682 17.1248 0.707959 0.562975 5.06678 80 2 25 10 26159 0 
-48.5495 17.125 0.708042 0.562975 5.06678 80 2 25 10 26160 0 
-48.5307 17.1253 0.708126 0.562975 5.06678 80 2 25 10 26161 0 
-48.512 17.1255 0.708209 0.562975 5.06678 80 2 25 10 26162 0 
-48.4932 17.1257 0.708293 0.562975 5.06678 80 2 25 10 26163 0 
-48.4744 17.126 0.708376 0.562975 5.06678 80 2 25 10 26164 0 
-48.4557 17.1262 0.70846 0.562975 5.06678 80 2 25 10 26165 0 
-48.4369 17.1264 0.708543 0.562975 5.06678 80 2 25 10 26166 0 
-48.4181 17.1267 0.708627 0.562975 5.06678 80 2 25 10 26167 0 
-48.3994 17.1269 0.70871 0.562975 5.06678 80 2 25 10 26168 0 
-48.3806 17.1271 0.708794 0.562975 5.06678 80 2 25 10 26169 0 
-48.3618 17.1274 0.708877 0.562975 5.06678 80 2 25 10 26170 0 
-48.3431 17.1276 0.708961 0.562975 5.06678 80 2 25 10 26171 0 
-48.3243 17.1278 0.709045 0.562975 5.06678 80 2 25 10 26172 0 
-48.3055 17.1281 0.709128 0.562975 5.06678 80 2 25 10 26173 0 
-48.2868 17.1283 0.709212 0.562975 5.06678 80 2 25 10 26174 0 
-48.268 17.1285 0.709296 0.562975 5.06678 80 2 25 10 26175 0 
-48.2493 17.1288 0.70938 0.562975 5.06678 80 2 25 10 26176 0 
-48.2305 17.129 0.709463 0.562975 5.06678 80 2 25 10 26177 0 
-48.2117 17.1292 0.709547 0.562975 5.06678 80 2 25 10 26178 0 
-48.193 17.1295 0.709631 0.562975 5.06678 80 2 25 10 26179 0 
-48.1742 17.1297 0.709715 0.562975 5.06678 80 2 25 10 26180 0 
-48.1554 17.1299 0.709799 0.562975 5.06678 80 2 25 10 26181 0 
-48.1367 17.1302 0.709882 0.562975 5.06678 80 2 25 10 26182 0 
-48.1179 17.1304 0.709966 0.562975 5.06678 80 2 25 10 26183 0 
-48.0991 17.1306 0.71005 0.562975 5.06678 80 2 25 10 26184 0 
-48.0804 17.1309 0.710134 0.562975 5.06678 80 2 25 10 26185 0 
-48.0616 17.1311 0.710218 0.562975 5.06678 80 2 25 10 26186 0 
-48.0428 17.1313 0.710302 0.562975 5.06678 80 2 25 10 26187 0 
-48.0241 17.1316 0.710386 0.562975 5.06678 80 2 25 10 26188 0 
-48.0053 17.1318 0.71047 0.562975 5.06678 80 2 25 10 26189 0 
-47.9865 17.132 0.710554 0.562975 5.06678 80 2 25 10 26190 0 
-47.9678 17.1322 0.710638 0.562975 5.06678 80 2 25 10 26191 0 
-47.949 17.1325 0.710722 0.562975 5.06678 80 2 25 10 26192 0 
-47.9303 17.1327 0.710806 0.562975 5.06678 80 2 25 10 26193 0 
-47.9115 17.1329 0.710891 0.562975 5.06678 80 2 25 10 26194 0 
-47.8927 17.1332 0.710975 0.562975 5.06678 80 2 25 10 26195 0 
-47.874 17.1334 0.711059 0.562975 5.06678 80 2 25 10 26196 0 
-47.8552 17.1336 0.711143 0.562975 5.06678 80 2 25 10 26197 0 
-47.8364 17.1339 0.711227 0.562975 5.06678 80 2 25 10 26198 0 
-47.8177 17.1341 0.711312 0.562975 5.06678 80 2 25 10 26199 0 
-47.7989 17.1343 0.711396 0.562975 5.06678 80 2 25 10 26200 0 
-47.7801 17.1346 0.71148 0.562975 5.06678 80 2 25 10 26201 0 
-47.7614 17.1348 0.711564 0.562975 5.06678 80 2 25 10 26202 0 
-47.7426 17.135 0.711649 0.562975 5.06678 80 2 25 10 26203 0 
-47.7238 17.1353 0.711733 0.562975 5.06678 80 2 25 10 26204 0 
-47.7051 17.1355 0.711818 0.562975 5.06678 80 2 25 10 26205 0 
-47.6863 17.1357 0.711902 0.562975 5.06678 80 2 25 10 26206 0 
-47.6676 17.136 0.711986 0.562975 5.06678 80 2 25 10 26207 0 
-47.6488 17.1362 0.712071 0.562975 5.06678 80 2 25 10 26208 0 
-47.63 17.1364 0.712155 0.562975 5.06678 80 2 25 10 26209 0 
-47.6113 17.1367 0.71224 0.562975 5.06678 80 2 25 10 26210 0 
-47.5925 17.1369 0.712324 0.562975 5.06678 80 2 25 10 26211 0 
-47.5737 17.1371 0.712409 0.562975 5.06678 80 2 25 10 26212 0 
-47.555 17.1374 0.712494 0.562975 5.06678 80 2 25 10 26213 0 
-47.5362 17.1376 0.712578 0.562975 5.06678 80 2 25 10 26214 0 
-47.5174 17.1378 0.712663 0.562975 5.06678 80 2 25 10 26215 0 
-47.4987 17.1381 0.712747 0.562975 5.06678 80 2 25 10 26216 0 
-47.4799 17.1383 0.712832 0.562975 5.06678 80 2 25 10 26217 0 
-47.4611 17.1385 0.712917 0.562975 5.06678 80 2 25 10 26218 0 
-47.4424 17.1388 0.713001 0.562975 5.06678 80 2 25 10 26219 0 
-47.4236 17.139 0.713086 0.562975 5.06678 80 2 25 10 26220 0 
-47.4049 17.1392 0.713171 0.562975 5.06678 80 2 25 10 26221 0 
-47.3861 17.1395 0.713256 0.562975 5.06678 80 2 25 10 26222 0 
-47.3673 17.1397 0.713341 0.562975 5.06678 80 2 25 10 26223 0 
-47.3486 17.1399 0.713425 0.562975 5.06678 80 2 25 10 26224 0 
-47.3298 17.1402 0.71351 0.562975 5.06678 80 2 25 10 26225 0 
-47.311 17.1404 0.713595 0.562975 5.06678 80 2 25 10 26226 0 
-47.2923 17.1406 0.71368 0.562975 5.06678 80 2 25 10 26227 0 
-47.2735 17.1409 0.713765 0.562975 5.06678 80 2 25 10 26228 0 
-47.2547 17.1411 0.71385 0.562975 5.06678 80 2 25 10 26229 0 
-47.236 17.1413 0.713935 0.562975 5.06678 80 2 25 10 26230 0 
-47.2172 17.1416 0.71402 0.562975 5.06678 80 2 25 10 26231 0 
-47.1984 17.1418 0.714105 0.562975 5.06678 80 2 25 10 26232 0 
-47.1797 17.142 0.71419 0.562975 5.06678 80 2 25 10 26233 0 
-47.1609 17.1423 0.714275 0.562975 5.06678 80 2 25 10 26234 0 
-47.1421 17.1425 0.71436 0.562975 5.06678 80 2 25 10 26235 0 
-47.1234 17.1427 0.714445 0.562975 5.06678 80 2 25 10 26236 0 
-47.1046 17.143 0.71453 0.562975 5.06678 80 2 25 10 26237 0 
-47.0859 17.1432 0.714615 0.562975 5.06678 80 2 25 10 26238 0 
-47.0671 17.1434 0.714701 0.562975 5.06678 80 2 25 10 26239 0 
-47.0483 17.1437 0.714786 0.562975 5.06678 80 2 25 10 26240 0 
-47.0296 17.1439 0.714871 0.562975 5.06678 80 2 25 10 26241 0 
-47.0108 17.1442 0.714956 0.562975 5.06678 80 2 25 10 26242 0 
-46.992 17.1444 0.715041 0.562975 5.06678 80 2 25 10 26243 0 
-46.9733 17.1446 0.715127 0.562975 5.06678 80 2 25 10 26244 0 
-46.9545 17.1449 0.715212 0.562975 5.06678 80 2 25 10 26245 0 
-46.9357 17.1451 0.715297 0.562975 5.06678 80 2 25 10 26246 0 
-46.917 17.1453 0.715383 0.562975 5.06678 80 2 25 10 26247 0 
-46.8982 17.1456 0.715468 0.562975 5.06678 80 2 25 10 26248 0 
-46.8794 17.1458 0.715553 0.562975 5.06678 80 2 25 10 26249 0 
-46.8607 17.146 0.715639 0.562975 5.06678 80 2 25 10 26250 0 
-46.8419 17.1463 0.715724 0.562975 5.06678 80 2 25 10 26251 0 
-46.8232 17.1465 0.71581 0.562975 5.06678 80 2 25 10 26252 0 
-46.8044 17.1467 0.715895 0.562975 5.06678 80 2 25 10 26253 0 
-46.7856 17.147 0.715981 0.562975 5.06678 80 2 25 10 26254 0 
-46.7669 17.1472 0.716066 0.562975 5.06678 80 2 25 10 26255 0 
-46.7481 17.1474 0.716152 0.562975 5.06678 80 2 25 10 26256 0 
-46.7293 17.1477 0.716237 0.562975 5.06678 80 2 25 10 26257 0 
-46.7106 17.1479 0.716323 0.562975 5.06678 80 2 25 10 26258 0 
-46.6918 17.1481 0.716408 0.562975 5.06678 80 2 25 10 26259 0 
-46.673 17.1484 0.716494 0.562975 5.06678 80 2 25 10 26260 0 
-46.6543 17.1486 0.71658 0.562975 5.06678 80 2 25 10 26261 0 
-46.6355 17.1488 0.716665 0.562975 5.06678 80 2 25 10 26262 0 
-46.6167 17.1491 0.716751 0.562975 5.06678 80 2 25 10 26263 0 
-46.598 17.1493 0.716837 0.562975 5.06678 80 2 25 10 26264 0 
-46.5792 17.1495 0.716923 0.562975 5.06678 80 2 25 10 26265 0 
-46.5604 17.1498 0.717008 0.562975 5.06678 80 2 25 10 26266 0 
-46.5417 17.15 0.717094 0.562975 5.06678 80 2 25 10 26267 0 
-46.5229 17.1503 0.71718 0.562975 5.06678 80 2 25 10 26268 0 
-46.5042 17.1505 0.717266 0.562975 5.06678 80 2 25 10 26269 0 
-46.4854 17.1507 0.717352 0.562975 5.06678 80 2 25 10 26270 0 
-46.4666 17.151 0.717438 0.562975 5.06678 80 2 25 10 26271 0 
-46.4479 17.1512 0.717523 0.562975 5.06678 80 2 25 10 26272 0 
-46.4291 17.1514 0.717609 0.562975 5.06678 80 2 25 10 26273 0 
-46.4103 17.1517 0.717695 0.562975 5.06678 80 2 25 10 26274 0 
-46.3916 17.1519 0.717781 0.562975 5.06678 80 2 25 10 26275 0 
-46.3728 17.1521 0.717867 0.562975 5.06678 80 2 25 10 26276 0 
-46.354 17.1524 0.717953 0.562975 5.06678 80 2 25 10 26277 0 
-46.3353 17.1526 0.718039 0.562975 5.06678 80 2 25 10 26278 0 
-46.3165 17.1528 0.718126 0.562975 5.06678 80 2 25 10 26279 0 
-46.2977 17.1531 0.718212 0.562975 5.06678 80 2 25 10 26280 0 
-46.279 17.1533 0.718298 0.562975 5.06678 80 2 25 10 26281 0 
-46.2602 17.1535 0.718384 0.562975 5.06678 80 2 25 10 26282 0 
-46.2415 17.1538 0.71847 0.562975 5.06678 80 2 25 10 26283 0 
-46.2227 17.154 0.718556 0.562975 5.06678 80 2 25 10 26284 0 
-46.2039 17.1542 0.718643 0.562975 5.06678 80 2 25 10 26285 0 
-46.1852 17.1545 0.718729 0.562975 5.06678 80 2 25 10 26286 0 
-46.1664 17.1547 0.718815 0.562975 5.06678 80 2 25 10 26287 0 
-46.1476 17.1549 0.718901 0.562975 5.06678 80 2 25 10 26288 0 
-46.1289 17.1552 0.718988 0.562975 5.06678 80 2 25 10 26289 0 
-46.1101 17.1554 0.719074 0.562975 5.06678 80 2 25 10 26290 0 
-46.0913 17.1556 0.71916 0.562975 5.06678 80 2 25 10 26291 0 
-46.0726 17.1559 0.719247 0.562975 5.06678 80 2 25 10 26292 0 
-46.0538 17.1561 0.719333 0.562975 5.06678 80 2 25 10 26293 0 
-46.035 17.1564 0.71942 0.562975 5.06678 80 2 25 10 26294 0 
-46.0163 17.1566 0.719506 0.562975 5.06678 80 2 25 10 26295 0 
-45.9975 17.1568 0.719593 0.562975 5.06678 80 2 25 10 26296 0 
-45.9787 17.1571 0.719679 0.562975 5.06678 80 2 25 10 26297 0 
-45.96 17.1573 0.719766 0.562975 5.06678 80 2 25 10 26298 0 
-45.9412 17.1575 0.719852 0.562975 5.06678 80 2 25 10 26299 0 
-45.9225 17.1578 0.719939 0.562975 5.06678 80 2 25 10 26300 0 
-45.9037 17.158 0.720025 0.562975 5.06678 80 2 25 10 26301 0 
-45.8849 17.1582 0.720112 0.562975 5.06678 80 2 25 10 26302 0 
-45.8662 17.1585 0.720199 0.562975 5.06678 80 2 25 10 26303 0 
-45.8474 17.1587 0.720285 0.562975 5.06678 80 2 25 10 26304 0 
-45.8286 17.159 0.720372 0.562975 5.06678 80 2 25 10 26305 0 
-45.8099 17.1592 0.720459 0.562975 5.06678 80 2 25 10 26306 0 
-45.7911 17.1594 0.720546 0.562975 5.06678 80 2 25 10 26307 0 
-45.7723 17.1597 0.720632 0.562975 5.06678 80 2 25 10 26308 0 
-45.7536 17.1599 0.720719 0.562975 5.06678 80 2 25 10 26309 0 
-45.7348 17.1601 0.720806 0.562975 5.06678 80 2 25 10 26310 0 
-45.716 17.1604 0.720893 0.562975 5.06678 80 2 25 10 26311 0 
-45.6973 17.1606 0.72098 0.562975 5.06678 80 2 25 10 26312 0 
-45.6785 17.1608 0.721066 0.562975 5.06678 80 2 25 10 26313 0 
-45.6598 17.1611 0.721153 0.562975 5.06678 80 2 25 10 26314 0 
-45.641 17.1613 0.72124 0.562975 5.06678 80 2 25 10 26315 0 
-45.6222 17.1616 0.721327 0.562975 5.06678 80 2 25 10 26316 0 
-45.6035 17.1618 0.721414 0.562975 5.06678 80 2 25 10 26317 0 
-45.5847 17.162 0.721501 0.562975 5.06678 80 2 25 10 26318 0 
-45.5659 17.1623 0.721588 0.562975 5.06678 80 2 25 10 26319 0 
-45.5472 17.1625 0.721675 0.562975 5.06678 80 2 25 10 26320 0 
-45.5284 17.1627 0.721762 0.562975 5.06678 80 2 25 10 26321 0 
-45.5096 17.163 0.721849 0.562975 5.06678 80 2 25 10 26322 0 
-45.4909 17.1632 0.721936 0.562975 5.06678 80 2 25 10 26323 0 
-45.4721 17.1635 0.722024 0.562975 5.06678 80 2 25 10 26324 0 
-45.4533 17.1637 0.722111 0.562975 5.06678 80 2 25 10 26325 0 
-45.4346 17.1639 0.722198 0.562975 5.06678 80 2 25 10 26326 0 
-45.4158 17.1642 0.722285 0.562975 5.06678 80 2 25 10 26327 0 
-45.397 17.1644 0.722372 0.562975 5.06678 80 2 25 10 26328 0 
-45.3783 17.1646 0.72246 0.562975 5.06678 80 2 25 10 26329 0 
-45.3595 17.1649 0.722547 0.562975 5.06678 80 2 25 10 26330 0 
-45.3408 17.1651 0.722634 0.562975 5.06678 80 2 25 10 26331 0 
-45.322 17.1653 0.722721 0.562975 5.06678 80 2 25 10 26332 0 
-45.3032 17.1656 0.722809 0.562975 5.06678 80 2 25 10 26333 0 
-45.2845 17.1658 0.722896 0.562975 5.06678 80 2 25 10 26334 0 
-45.2657 17.1661 0.722984 0.562975 5.06678 80 2 25 10 26335 0 
-45.2469 17.1663 0.723071 0.562975 5.06678 80 2 25 10 26336 0 
-45.2282 17.1665 0.723158 0.562975 5.06678 80 2 25 10 26337 0 
-45.2094 17.1668 0.723246 0.562975 5.06678 80 2 25 10 26338 0 
-45.1906 17.167 0.723333 0.562975 5.06678 80 2 25 10 26339 0 
-45.1719 17.1672 0.723421 0.562975 5.06678 80 2 25 10 26340 0 
-45.1531 17.1675 0.723508 0.562975 5.06678 80 2 25 10 26341 0 
-45.1343 17.1677 0.723596 0.562975 5.06678 80 2 25 10 26342 0 
-45.1156 17.1679 0.723684 0.562975 5.06678 80 2 25 10 26343 0 
-45.0968 17.1682 0.723771 0.562975 5.06678 80 2 25 10 26344 0 
-45.0781 17.1684 0.723859 0.562975 5.06678 80 2 25 10 26345 0 
-45.0593 17.1687 0.723946 0.562975 5.06678 80 2 25 10 26346 0 
-45.0405 17.1689 0.724034 0.562975 5.06678 80 2 25 10 26347 0 
-45.0218 17.1691 0.724122 0.562975 5.06678 80 2 25 10 26348 0 
-45.003 17.1694 0.72421 0.562975 5.06678 80 2 25 10 26349 0 
-44.9842 17.1696 0.724297 0.562975 5.06678 80 2 25 10 26350 0 
-44.9655 17.1698 0.724385 0.562975 5.06678 80 2 25 10 26351 0 
-44.9467 17.1701 0.724473 0.562975 5.06678 80 2 25 10 26352 0 
-44.9279 17.1703 0.724561 0.562975 5.06678 80 2 25 10 26353 0 
-44.9092 17.1705 0.724649 0.562975 5.06678 80 2 25 10 26354 0 
-44.8904 17.1708 0.724737 0.562975 5.06678 80 2 25 10 26355 0 
-44.8716 17.171 0.724824 0.562975 5.06678 80 2 25 10 26356 0 
-44.8529 17.1713 0.724912 0.562975 5.06678 80 2 25 10 26357 0 
-44.8341 17.1715 0.725 0.562975 5.06678 80 2 25 10 26358 0 
-44.8153 17.1717 0.725088 0.562975 5.06678 80 2 25 10 26359 0 
-44.7966 17.172 0.725176 0.562975 5.06678 80 2 25 10 26360 0 
-44.7778 17.1722 0.725264 0.562975 5.06678 80 2 25 10 26361 0 
-44.7591 17.1724 0.725352 0.562975 5.06678 80 2 25 10 26362 0 
-44.7403 17.1727 0.725441 0.562975 5.06678 80 2 25 10 26363 0 
-44.7215 17.1729 0.725529 0.562975 5.06678 80 2 25 10 26364 0 
-44.7028 17.1732 0.725617 0.562975 5.06678 80 2 25 10 26365 0 
-44.684 17.1734 0.725705 0.562975 5.06678 80 2 25 10 26366 0 
-44.6652 17.1736 0.725793 0.562975 5.06678 80 2 25 10 26367 0 
-44.6465 17.1739 0.725881 0.562975 5.06678 80 2 25 10 26368 0 
-44.6277 17.1741 0.725969 0.562975 5.06678 80 2 25 10 26369 0 
-44.6089 17.1744 0.726058 0.562975 5.06678 80 2 25 10 26370 0 
-44.5902 17.1746 0.726146 0.562975 5.06678 80 2 25 10 26371 0 
-44.5714 17.1748 0.726234 0.562975 5.06678 80 2 25 10 26372 0 
-44.5526 17.1751 0.726323 0.562975 5.06678 80 2 25 10 26373 0 
-44.5339 17.1753 0.726411 0.562975 5.06678 80 2 25 10 26374 0 
-44.5151 17.1755 0.726499 0.562975 5.06678 80 2 25 10 26375 0 
-44.4964 17.1758 0.726588 0.562975 5.06678 80 2 25 10 26376 0 
-44.4776 17.176 0.726676 0.562975 5.06678 80 2 25 10 26377 0 
-44.4588 17.1763 0.726764 0.562975 5.06678 80 2 25 10 26378 0 
-44.4401 17.1765 0.726853 0.562975 5.06678 80 2 25 10 26379 0 
-44.4213 17.1767 0.726941 0.562975 5.06678 80 2 25 10 26380 0 
-44.4025 17.177 0.72703 0.562975 5.06678 80 2 25 10 26381 0 
-44.3838 17.1772 0.727118 0.562975 5.06678 80 2 25 10 26382 0 
-44.365 17.1775 0.727207 0.562975 5.06678 80 2 25 10 26383 0 
-44.3462 17.1777 0.727296 0.562975 5.06678 80 2 25 10 26384 0 
-44.3275 17.1779 0.727384 0.562975 5.06678 80 2 25 10 26385 0 
-44.3087 17.1782 0.727473 0.562975 5.06678 80 2 25 10 26386 0 
-44.2899 17.1784 0.727561 0.562975 5.06678 80 2 25 10 26387 0 
-44.2712 17.1786 0.72765 0.562975 5.06678 80 2 25 10 26388 0 
-44.2524 17.1789 0.727739 0.562975 5.06678 80 2 25 10 26389 0 
-44.2337 17.1791 0.727827 0.562975 5.06678 80 2 25 10 26390 0 
-44.2149 17.1794 0.727916 0.562975 5.06678 80 2 25 10 26391 0 
-44.1961 17.1796 0.728005 0.562975 5.06678 80 2 25 10 26392 0 
-44.1774 17.1798 0.728094 0.562975 5.06678 80 2 25 10 26393 0 
-44.1586 17.1801 0.728183 0.562975 5.06678 80 2 25 10 26394 0 
-44.1398 17.1803 0.728271 0.562975 5.06678 80 2 25 10 26395 0 
-44.1211 17.1805 0.72836 0.562975 5.06678 80 2 25 10 26396 0 
-44.1023 17.1808 0.728449 0.562975 5.06678 80 2 25 10 26397 0 
-44.0835 17.181 0.728538 0.562975 5.06678 80 2 25 10 26398 0 
-44.0648 17.1813 0.728627 0.562975 5.06678 80 2 25 10 26399 0 
-44.046 17.1815 0.728716 0.562975 5.06678 80 2 25 10 26400 0 
-44.0272 17.1817 0.728805 0.562975 5.06678 80 2 25 10 26401 0 
-44.0085 17.182 0.728894 0.562975 5.06678 80 2 25 10 26402 0 
-43.9897 17.1822 0.728983 0.562975 5.06678 80 2 25 10 26403 0 
-43.9709 17.1825 0.729072 0.562975 5.06678 80 2 25 10 26404 0 
-43.9522 17.1827 0.729161 0.562975 5.06678 80 2 25 10 26405 0 
-43.9334 17.1829 0.72925 0.562975 5.06678 80 2 25 10 26406 0 
-43.9147 17.1832 0.729339 0.562975 5.06678 80 2 25 10 26407 0 
-43.8959 17.1834 0.729428 0.562975 5.06678 80 2 25 10 26408 0 
-43.8771 17.1836 0.729518 0.562975 5.06678 80 2 25 10 26409 0 
-43.8584 17.1839 0.729607 0.562975 5.06678 80 2 25 10 26410 0 
-43.8396 17.1841 0.729696 0.562975 5.06678 80 2 25 10 26411 0 
-43.8208 17.1844 0.729785 0.562975 5.06678 80 2 25 10 26412 0 
-43.8021 17.1846 0.729875 0.562975 5.06678 80 2 25 10 26413 0 
-43.7833 17.1848 0.729964 0.562975 5.06678 80 2 25 10 26414 0 
-43.7645 17.1851 0.730053 0.562975 5.06678 80 2 25 10 26415 0 
-43.7458 17.1853 0.730143 0.562975 5.06678 80 2 25 10 26416 0 
-43.727 17.1856 0.730232 0.562975 5.06678 80 2 25 10 26417 0 
-43.7082 17.1858 0.730321 0.562975 5.06678 80 2 25 10 26418 0 
-43.6895 17.186 0.730411 0.562975 5.06678 80 2 25 10 26419 0 
-43.6707 17.1863 0.7305 0.562975 5.06678 80 2 25 10 26420 0 
-43.652 17.1865 0.73059 0.562975 5.06678 80 2 25 10 26421 0 
-43.6332 17.1867 0.730679 0.562975 5.06678 80 2 25 10 26422 0 
-43.6144 17.187 0.730769 0.562975 5.06678 80 2 25 10 26423 0 
-43.5957 17.1872 0.730859 0.562975 5.06678 80 2 25 10 26424 0 
-43.5769 17.1875 0.730948 0.562975 5.06678 80 2 25 10 26425 0 
-43.5581 17.1877 0.731038 0.562975 5.06678 80 2 25 10 26426 0 
-43.5394 17.1879 0.731127 0.562975 5.06678 80 2 25 10 26427 0 
-43.5206 17.1882 0.731217 0.562975 5.06678 80 2 25 10 26428 0 
-43.5018 17.1884 0.731307 0.562975 5.06678 80 2 25 10 26429 0 
-43.4831 17.1887 0.731396 0.562975 5.06678 80 2 25 10 26430 0 
-43.4643 17.1889 0.731486 0.562975 5.06678 80 2 25 10 26431 0 
-43.4455 17.1891 0.731576 0.562975 5.06678 80 2 25 10 26432 0 
-43.4268 17.1894 0.731666 0.562975 5.06678 80 2 25 10 26433 0 
-43.408 17.1896 0.731756 0.562975 5.06678 80 2 25 10 26434 0 
-43.3892 17.1899 0.731845 0.562975 5.06678 80 2 25 10 26435 0 
-43.3705 17.1901 0.731935 0.562975 5.06678 80 2 25 10 26436 0 
-43.3517 17.1903 0.732025 0.562975 5.06678 80 2 25 10 26437 0 
-43.333 17.1906 0.732115 0.562975 5.06678 80 2 25 10 26438 0 
-43.3142 17.1908 0.732205 0.562975 5.06678 80 2 25 10 26439 0 
-43.2954 17.1911 0.732295 0.562975 5.06678 80 2 25 10 26440 0 
-43.2767 17.1913 0.732385 0.562975 5.06678 80 2 25 10 26441 0 
-43.2579 17.1915 0.732475 0.562975 5.06678 80 2 25 10 26442 0 
-43.2391 17.1918 0.732565 0.562975 5.06678 80 2 25 10 26443 0 
-43.2204 17.192 0.732655 0.562975 5.06678 80 2 25 10 26444 0 
-43.2016 17.1923 0.732745 0.562975 5.06678 80 2 25 10 26445 0 
-43.1828 17.1925 0.732835 0.562975 5.06678 80 2 25 10 26446 0 
-43.1641 17.1928 0.732925 0.562975 5.06678 80 2 25 10 26447 0 
-43.1453 17.193 0.733015 0.562975 5.06678 80 2 25 10 26448 0 
-43.1265 17.1932 0.733106 0.562975 5.06678 80 2 25 10 26449 0 
-43.1078 17.1935 0.733196 0.562975 5.06678 80 2 25 10 26450 0 
-43.089 17.1937 0.733286 0.562975 5.06678 80 2 25 10 26451 0 
-43.0703 17.194 0.733376 0.562975 5.06678 80 2 25 10 26452 0 
-43.0515 17.1942 0.733466 0.562975 5.06678 80 2 25 10 26453 0 
-43.0327 17.1944 0.733557 0.562975 5.06678 80 2 25 10 26454 0 
-43.014 17.1947 0.733647 0.562975 5.06678 80 2 25 10 26455 0 
-42.9952 17.1949 0.733737 0.562975 5.06678 80 2 25 10 26456 0 
-42.9764 17.1952 0.733828 0.562975 5.06678 80 2 25 10 26457 0 
-42.9577 17.1954 0.733918 0.562975 5.06678 80 2 25 10 26458 0 
-42.9389 17.1956 0.734009 0.562975 5.06678 80 2 25 10 26459 0 
-42.9201 17.1959 0.734099 0.562975 5.06678 80 2 25 10 26460 0 
-42.9014 17.1961 0.73419 0.562975 5.06678 80 2 25 10 26461 0 
-42.8826 17.1964 0.73428 0.562975 5.06678 80 2 25 10 26462 0 
-42.8638 17.1966 0.734371 0.562975 5.06678 80 2 25 10 26463 0 
-42.8451 17.1968 0.734461 0.562975 5.06678 80 2 25 10 26464 0 
-42.8263 17.1971 0.734552 0.562975 5.06678 80 2 25 10 26465 0 
-42.8075 17.1973 0.734642 0.562975 5.06678 80 2 25 10 26466 0 
-42.7888 17.1976 0.734733 0.562975 5.06678 80 2 25 10 26467 0 
-42.77 17.1978 0.734824 0.562975 5.06678 80 2 25 10 26468 0 
-42.7513 17.198 0.734914 0.562975 5.06678 80 2 25 10 26469 0 
-42.7325 17.1983 0.735005 0.562975 5.06678 80 2 25 10 26470 0 
-42.7137 17.1985 0.735096 0.562975 5.06678 80 2 25 10 26471 0 
-42.695 17.1988 0.735186 0.562975 5.06678 80 2 25 10 26472 0 
-42.6762 17.199 0.735277 0.562975 5.06678 80 2 25 10 26473 0 
-42.6574 17.1992 0.735368 0.562975 5.06678 80 2 25 10 26474 0 
-42.6387 17.1995 0.735459 0.562975 5.06678 80 2 25 10 26475 0 
-42.6199 17.1997 0.73555 0.562975 5.06678 80 2 25 10 26476 0 
-42.6011 17.2 0.735641 0.562975 5.06678 80 2 25 10 26477 0 
-42.5824 17.2002 0.735731 0.562975 5.06678 80 2 25 10 26478 0 
-42.5636 17.2004 0.735822 0.562975 5.06678 80 2 25 10 26479 0 
-42.5448 17.2007 0.735913 0.562975 5.06678 80 2 25 10 26480 0 
-42.5261 17.2009 0.736004 0.562975 5.06678 80 2 25 10 26481 0 
-42.5073 17.2012 0.736095 0.562975 5.06678 80 2 25 10 26482 0 
-42.4886 17.2014 0.736186 0.562975 5.06678 80 2 25 10 26483 0 
-42.4698 17.2016 0.736277 0.562975 5.06678 80 2 25 10 26484 0 
-42.451 17.2019 0.736368 0.562975 5.06678 80 2 25 10 26485 0 
-42.4323 17.2021 0.73646 0.562975 5.06678 80 2 25 10 26486 0 
-42.4135 17.2024 0.736551 0.562975 5.06678 80 2 25 10 26487 0 
-42.3947 17.2026 0.736642 0.562975 5.06678 80 2 25 10 26488 0 
-42.376 17.2028 0.736733 0.562975 5.06678 80 2 25 10 26489 0 
-42.3572 17.2031 0.736824 0.562975 5.06678 80 2 25 10 26490 0 
-42.3384 17.2033 0.736916 0.562975 5.06678 80 2 25 10 26491 0 
-42.3197 17.2036 0.737007 0.562975 5.06678 80 2 25 10 26492 0 
-42.3009 17.2038 0.737098 0.562975 5.06678 80 2 25 10 26493 0 
-42.2821 17.2041 0.737189 0.562975 5.06678 80 2 25 10 26494 0 
-42.2634 17.2043 0.737281 0.562975 5.06678 80 2 25 10 26495 0 
-42.2446 17.2045 0.737372 0.562975 5.06678 80 2 25 10 26496 0 
-42.2258 17.2048 0.737464 0.562975 5.06678 80 2 25 10 26497 0 
-42.2071 17.205 0.737555 0.562975 5.06678 80 2 25 10 26498 0 
-42.1883 17.2053 0.737646 0.562975 5.06678 80 2 25 10 26499 0 
-42.1696 17.2055 0.737738 0.562975 5.06678 80 2 25 10 26500 0 
-42.1508 17.2058 0.737829 0.562975 5.06678 80 2 25 10 26501 0 
-42.132 17.206 0.737921 0.562975 5.06678 80 2 25 10 26502 0 
-42.1133 17.2062 0.738012 0.562975 5.06678 80 2 25 10 26503 0 
-42.0945 17.2065 0.738104 0.562975 5.06678 80 2 25 10 26504 0 
-42.0757 17.2067 0.738196 0.562975 5.06678 80 2 25 10 26505 0 
-42.057 17.207 0.738287 0.562975 5.06678 80 2 25 10 26506 0 
-42.0382 17.2072 0.738379 0.562975 5.06678 80 2 25 10 26507 0 
-42.0194 17.2074 0.73847 0.562975 5.06678 80 2 25 10 26508 0 
-42.0007 17.2077 0.738562 0.562975 5.06678 80 2 25 10 26509 0 
-41.9819 17.2079 0.738654 0.562975 5.06678 80 2 25 10 26510 0 
-41.9631 17.2082 0.738746 0.562975 5.06678 80 2 25 10 26511 0 
-41.9444 17.2084 0.738837 0.562975 5.06678 80 2 25 10 26512 0 
-41.9256 17.2087 0.738929 0.562975 5.06678 80 2 25 10 26513 0 
-41.9069 17.2089 0.739021 0.562975 5.06678 80 2 25 10 26514 0 
-41.8881 17.2091 0.739113 0.562975 5.06678 80 2 25 10 26515 0 
-41.8693 17.2094 0.739205 0.562975 5.06678 80 2 25 10 26516 0 
-41.8506 17.2096 0.739297 0.562975 5.06678 80 2 25 10 26517 0 
-41.8318 17.2099 0.739389 0.562975 5.06678 80 2 25 10 26518 0 
-41.813 17.2101 0.73948 0.562975 5.06678 80 2 25 10 26519 0 
-41.7943 17.2104 0.739572 0.562975 5.06678 80 2 25 10 26520 0 
-41.7755 17.2106 0.739664 0.562975 5.06678 80 2 25 10 26521 0 
-41.7567 17.2108 0.739756 0.562975 5.06678 80 2 25 10 26522 0 
-41.738 17.2111 0.739848 0.562975 5.06678 80 2 25 10 26523 0 
-41.7192 17.2113 0.739941 0.562975 5.06678 80 2 25 10 26524 0 
-41.7004 17.2116 0.740033 0.562975 5.06678 80 2 25 10 26525 0 
-41.6817 17.2118 0.740125 0.562975 5.06678 80 2 25 10 26526 0 
-41.6629 17.212 0.740217 0.562975 5.06678 80 2 25 10 26527 0 
-41.6441 17.2123 0.740309 0.562975 5.06678 80 2 25 10 26528 0 
-41.6254 17.2125 0.740401 0.562975 5.06678 80 2 25 10 26529 0 
-41.6066 17.2128 0.740493 0.562975 5.06678 80 2 25 10 26530 0 
-41.5879 17.213 0.740586 0.562975 5.06678 80 2 25 10 26531 0 
-41.5691 17.2133 0.740678 0.562975 5.06678 80 2 25 10 26532 0 
-41.5503 17.2135 0.74077 0.562975 5.06678 80 2 25 10 26533 0 
-41.5316 17.2137 0.740863 0.562975 5.06678 80 2 25 10 26534 0 
-41.5128 17.214 0.740955 0.562975 5.06678 80 2 25 10 26535 0 
-41.494 17.2142 0.741047 0.562975 5.06678 80 2 25 10 26536 0 
-41.4753 17.2145 0.74114 0.562975 5.06678 80 2 25 10 26537 0 
-41.4565 17.2147 0.741232 0.562975 5.06678 80 2 25 10 26538 0 
-41.4377 17.215 0.741325 0.562975 5.06678 80 2 25 10 26539 0 
-41.419 17.2152 0.741417 0.562975 5.06678 80 2 25 10 26540 0 
-41.4002 17.2154 0.74151 0.562975 5.06678 80 2 25 10 26541 0 
-41.3814 17.2157 0.741602 0.562975 5.06678 80 2 25 10 26542 0 
-41.3627 17.2159 0.741695 0.562975 5.06678 80 2 25 10 26543 0 
-41.3439 17.2162 0.741787 0.562975 5.06678 80 2 25 10 26544 0 
-41.3252 17.2164 0.74188 0.562975 5.06678 80 2 25 10 26545 0 
-41.3064 17.2167 0.741973 0.562975 5.06678 80 2 25 10 26546 0 
-41.2876 17.2169 0.742065 0.562975 5.06678 80 2 25 10 26547 0 
-41.2689 17.2171 0.742158 0.562975 5.06678 80 2 25 10 26548 0 
-41.2501 17.2174 0.742251 0.562975 5.06678 80 2 25 10 26549 0 
-41.2313 17.2176 0.742344 0.562975 5.06678 80 2 25 10 26550 0 
-41.2126 17.2179 0.742436 0.562975 5.06678 80 2 25 10 26551 0 
-41.1938 17.2181 0.742529 0.562975 5.06678 80 2 25 10 26552 0 
-41.175 17.2183 0.742622 0.562975 5.06678 80 2 25 10 26553 0 
-41.1563 17.2186 0.742715 0.562975 5.06678 80 2 25 10 26554 0 
-41.1375 17.2188 0.742808 0.562975 5.06678 80 2 25 10 26555 0 
-41.1187 17.2191 0.742901 0.562975 5.06678 80 2 25 10 26556 0 
-41.1 17.2193 0.742994 0.562975 5.06678 80 2 25 10 26557 0 
-41.0812 17.2196 0.743087 0.562975 5.06678 80 2 25 10 26558 0 
-41.0625 17.2198 0.74318 0.562975 5.06678 80 2 25 10 26559 0 
-41.0437 17.2201 0.743273 0.562975 5.06678 80 2 25 10 26560 0 
-41.0249 17.2203 0.743366 0.562975 5.06678 80 2 25 10 26561 0 
-41.0062 17.2205 0.743459 0.562975 5.06678 80 2 25 10 26562 0 
-40.9874 17.2208 0.743552 0.562975 5.06678 80 2 25 10 26563 0 
-40.9686 17.221 0.743645 0.562975 5.06678 80 2 25 10 26564 0 
-40.9499 17.2213 0.743738 0.562975 5.06678 80 2 25 10 26565 0 
-40.9311 17.2215 0.743831 0.562975 5.06678 80 2 25 10 26566 0 
-40.9123 17.2218 0.743925 0.562975 5.06678 80 2 25 10 26567 0 
-40.8936 17.222 0.744018 0.562975 5.06678 80 2 25 10 26568 0 
-40.8748 17.2223 0.744111 0.562975 5.06678 80 2 25 10 26569 0 
-40.856 17.2225 0.744204 0.562975 5.06678 80 2 25 10 26570 0 
-40.8373 17.2227 0.744298 0.562975 5.06678 80 2 25 10 26571 0 
-40.8185 17.223 0.744391 0.562975 5.06678 80 2 25 10 26572 0 
-40.7997 17.2232 0.744484 0.562975 5.06678 80 2 25 10 26573 0 
-40.781 17.2235 0.744578 0.562975 5.06678 80 2 25 10 26574 0 
-40.7622 17.2237 0.744671 0.562975 5.06678 80 2 25 10 26575 0 
-40.7435 17.224 0.744764 0.562975 5.06678 80 2 25 10 26576 0 
-40.7247 17.2242 0.744858 0.562975 5.06678 80 2 25 10 26577 0 
-40.7059 17.2245 0.744951 0.562975 5.06678 80 2 25 10 26578 0 
-40.6872 17.2247 0.745045 0.562975 5.06678 80 2 25 10 26579 0 
-40.6684 17.2249 0.745138 0.562975 5.06678 80 2 25 10 26580 0 
-40.6496 17.2252 0.745232 0.562975 5.06678 80 2 25 10 26581 0 
-40.6309 17.2254 0.745326 0.562975 5.06678 80 2 25 10 26582 0 
-40.6121 17.2257 0.745419 0.562975 5.06678 80 2 25 10 26583 0 
-40.5933 17.2259 0.745513 0.562975 5.06678 80 2 25 10 26584 0 
-40.5746 17.2262 0.745606 0.562975 5.06678 80 2 25 10 26585 0 
-40.5558 17.2264 0.7457 0.562975 5.06678 80 2 25 10 26586 0 
-40.537 17.2267 0.745794 0.562975 5.06678 80 2 25 10 26587 0 
-40.5183 17.2269 0.745888 0.562975 5.06678 80 2 25 10 26588 0 
-40.4995 17.2271 0.745981 0.562975 5.06678 80 2 25 10 26589 0 
-40.4808 17.2274 0.746075 0.562975 5.06678 80 2 25 10 26590 0 
-40.462 17.2276 0.746169 0.562975 5.06678 80 2 25 10 26591 0 
-40.4432 17.2279 0.746263 0.562975 5.06678 80 2 25 10 26592 0 
-40.4245 17.2281 0.746357 0.562975 5.06678 80 2 25 10 26593 0 
-40.4057 17.2284 0.746451 0.562975 5.06678 80 2 25 10 26594 0 
-40.3869 17.2286 0.746545 0.562975 5.06678 80 2 25 10 26595 0 
-40.3682 17.2288 0.746639 0.562975 5.06678 80 2 25 10 26596 0 
-40.3494 17.2291 0.746733 0.562975 5.06678 80 2 25 10 26597 0 
-40.3306 17.2293 0.746827 0.562975 5.06678 80 2 25 10 26598 0 
-40.3119 17.2296 0.746921 0.562975 5.06678 80 2 25 10 26599 0 
-40.2931 17.2298 0.747015 0.562975 5.06678 80 2 25 10 26600 0 
-40.2743 17.2301 0.747109 0.562975 5.06678 80 2 25 10 26601 0 
-40.2556 17.2303 0.747203 0.562975 5.06678 80 2 25 10 26602 0 
-40.2368 17.2306 0.747297 0.562975 5.06678 80 2 25 10 26603 0 
-40.218 17.2308 0.747391 0.562975 5.06678 80 2 25 10 26604 0 
-40.1993 17.231 0.747485 0.562975 5.06678 80 2 25 10 26605 0 
-40.1805 17.2313 0.74758 0.562975 5.06678 80 2 25 10 26606 0 
-40.1618 17.2315 0.747674 0.562975 5.06678 80 2 25 10 26607 0 
-40.143 17.2318 0.747768 0.562975 5.06678 80 2 25 10 26608 0 
-40.1242 17.232 0.747863 0.562975 5.06678 80 2 25 10 26609 0 
-40.1055 17.2323 0.747957 0.562975 5.06678 80 2 25 10 26610 0 
-40.0867 17.2325 0.748051 0.562975 5.06678 80 2 25 10 26611 0 
-40.0679 17.2328 0.748146 0.562975 5.06678 80 2 25 10 26612 0 
-40.0492 17.233 0.74824 0.562975 5.06678 80 2 25 10 26613 0 
-40.0304 17.2332 0.748335 0.562975 5.06678 80 2 25 10 26614 0 
-40.0116 17.2335 0.748429 0.562975 5.06678 80 2 25 10 26615 0 
-39.9929 17.2337 0.748524 0.562975 5.06678 80 2 25 10 26616 0 
-39.9741 17.234 0.748618 0.562975 5.06678 80 2 25 10 26617 0 
-39.9553 17.2342 0.748713 0.562975 5.06678 80 2 25 10 26618 0 
-39.9366 17.2345 0.748807 0.562975 5.06678 80 2 25 10 26619 0 
-39.9178 17.2347 0.748902 0.562975 5.06678 80 2 25 10 26620 0 
-39.8991 17.235 0.748996 0.562975 5.06678 80 2 25 10 26621 0 
-39.8803 17.2352 0.749091 0.562975 5.06678 80 2 25 10 26622 0 
-39.8615 17.2355 0.749186 0.562975 5.06678 80 2 25 10 26623 0 
-39.8428 17.2357 0.749281 0.562975 5.06678 80 2 25 10 26624 0 
-39.824 17.2359 0.749375 0.562975 5.06678 80 2 25 10 26625 0 
-39.8052 17.2362 0.74947 0.562975 5.06678 80 2 25 10 26626 0 
-39.7865 17.2364 0.749565 0.562975 5.06678 80 2 25 10 26627 0 
-39.7677 17.2367 0.74966 0.562975 5.06678 80 2 25 10 26628 0 
-39.7489 17.2369 0.749755 0.562975 5.06678 80 2 25 10 26629 0 
-39.7302 17.2372 0.749849 0.562975 5.06678 80 2 25 10 26630 0 
-39.7114 17.2374 0.749944 0.562975 5.06678 80 2 25 10 26631 0 
-39.6926 17.2377 0.750039 0.562975 5.06678 80 2 25 10 26632 0 
-39.6739 17.2379 0.750134 0.562975 5.06678 80 2 25 10 26633 0 
-39.6551 17.2382 0.750229 0.562975 5.06678 80 2 25 10 26634 0 
-39.6363 17.2384 0.750324 0.562975 5.06678 80 2 25 10 26635 0 
-39.6176 17.2387 0.750419 0.562975 5.06678 80 2 25 10 26636 0 
-39.5988 17.2389 0.750514 0.562975 5.06678 80 2 25 10 26637 0 
-39.5801 17.2391 0.750609 0.562975 5.06678 80 2 25 10 26638 0 
-39.5613 17.2394 0.750704 0.562975 5.06678 80 2 25 10 26639 0 
-39.5425 17.2396 0.7508 0.562975 5.06678 80 2 25 10 26640 0 
-39.5238 17.2399 0.750895 0.562975 5.06678 80 2 25 10 26641 0 
-39.505 17.2401 0.75099 0.562975 5.06678 80 2 25 10 26642 0 
-39.4862 17.2404 0.751085 0.562975 5.06678 80 2 25 10 26643 0 
-39.4675 17.2406 0.75118 0.562975 5.06678 80 2 25 10 26644 0 
-39.4487 17.2409 0.751276 0.562975 5.06678 80 2 25 10 26645 0 
-39.4299 17.2411 0.751371 0.562975 5.06678 80 2 25 10 26646 0 
-39.4112 17.2414 0.751466 0.562975 5.06678 80 2 25 10 26647 0 
-39.3924 17.2416 0.751562 0.562975 5.06678 80 2 25 10 26648 0 
-39.3736 17.2419 0.751657 0.562975 5.06678 80 2 25 10 26649 0 
-39.3549 17.2421 0.751752 0.562975 5.06678 80 2 25 10 26650 0 
-39.3361 17.2423 0.751848 0.562975 5.06678 80 2 25 10 26651 0 
-39.3174 17.2426 0.751943 0.562975 5.06678 80 2 25 10 26652 0 
-39.2986 17.2428 0.752039 0.562975 5.06678 80 2 25 10 26653 0 
-39.2798 17.2431 0.752134 0.562975 5.06678 80 2 25 10 26654 0 
-39.2611 17.2433 0.75223 0.562975 5.06678 80 2 25 10 26655 0 
-39.2423 17.2436 0.752326 0.562975 5.06678 80 2 25 10 26656 0 
-39.2235 17.2438 0.752421 0.562975 5.06678 80 2 25 10 26657 0 
-39.2048 17.2441 0.752517 0.562975 5.06678 80 2 25 10 26658 0 
-39.186 17.2443 0.752612 0.562975 5.06678 80 2 25 10 26659 0 
-39.1672 17.2446 0.752708 0.562975 5.06678 80 2 25 10 26660 0 
-39.1485 17.2448 0.752804 0.562975 5.06678 80 2 25 10 26661 0 
-39.1297 17.2451 0.7529 0.562975 5.06678 80 2 25 10 26662 0 
-39.1109 17.2453 0.752995 0.562975 5.06678 80 2 25 10 26663 0 
-39.0922 17.2455 0.753091 0.562975 5.06678 80 2 25 10 26664 0 
-39.0734 17.2458 0.753187 0.562975 5.06678 80 2 25 10 26665 0 
-39.0546 17.246 0.753283 0.562975 5.06678 80 2 25 10 26666 0 
-39.0359 17.2463 0.753379 0.562975 5.06678 80 2 25 10 26667 0 
-39.0171 17.2465 0.753475 0.562975 5.06678 80 2 25 10 26668 0 
-38.9984 17.2468 0.753571 0.562975 5.06678 80 2 25 10 26669 0 
-38.9796 17.247 0.753667 0.562975 5.06678 80 2 25 10 26670 0 
-38.9608 17.2473 0.753763 0.562975 5.06678 80 2 25 10 26671 0 
-38.9421 17.2475 0.753859 0.562975 5.06678 80 2 25 10 26672 0 
-38.9233 17.2478 0.753955 0.562975 5.06678 80 2 25 10 26673 0 
-38.9045 17.248 0.754051 0.562975 5.06678 80 2 25 10 26674 0 
-38.8858 17.2482 0.754147 0.562975 5.06678 80 2 25 10 26675 0 
-38.867 17.2485 0.754243 0.562975 5.06678 80 2 25 10 26676 0 
-38.8482 17.2487 0.754339 0.562975 5.06678 80 2 25 10 26677 0 
-38.8295 17.249 0.754435 0.562975 5.06678 80 2 25 10 26678 0 
-38.8107 17.2492 0.754532 0.562975 5.06678 80 2 25 10 26679 0 
-38.7919 17.2495 0.754628 0.562975 5.06678 80 2 25 10 26680 0 
-38.7732 17.2497 0.754724 0.562975 5.06678 80 2 25 10 26681 0 
-38.7544 17.25 0.754821 0.562975 5.06678 80 2 25 10 26682 0 
-38.7357 17.2502 0.754917 0.562975 5.06678 80 2 25 10 26683 0 
-38.7169 17.2505 0.755013 0.562975 5.06678 80 2 25 10 26684 0 
-38.6981 17.2507 0.75511 0.562975 5.06678 80 2 25 10 26685 0 
-38.6794 17.251 0.755206 0.562975 5.06678 80 2 25 10 26686 0 
-38.6606 17.2512 0.755302 0.562975 5.06678 80 2 25 10 26687 0 
-38.6418 17.2515 0.755399 0.562975 5.06678 80 2 25 10 26688 0 
-38.6231 17.2517 0.755495 0.562975 5.06678 80 2 25 10 26689 0 
-38.6043 17.252 0.755592 0.562975 5.06678 80 2 25 10 26690 0 
-38.5855 17.2522 0.755688 0.562975 5.06678 80 2 25 10 26691 0 
-38.5668 17.2525 0.755785 0.562975 5.06678 80 2 25 10 26692 0 
-38.548 17.2527 0.755882 0.562975 5.06678 80 2 25 10 26693 0 
-38.5292 17.253 0.755978 0.562975 5.06678 80 2 25 10 26694 0 
-38.5105 17.2532 0.756075 0.562975 5.06678 80 2 25 10 26695 0 
-38.4917 17.2535 0.756172 0.562975 5.06678 80 2 25 10 26696 0 
-38.4729 17.2537 0.756268 0.562975 5.06678 80 2 25 10 26697 0 
-38.4542 17.254 0.756365 0.562975 5.06678 80 2 25 10 26698 0 
-38.4354 17.2542 0.756462 0.562975 5.06678 80 2 25 10 26699 0 
-38.4167 17.2544 0.756559 0.562975 5.06678 80 2 25 10 26700 0 
-38.3979 17.2547 0.756655 0.562975 5.06678 80 2 25 10 26701 0 
-38.3791 17.2549 0.756752 0.562975 5.06678 80 2 25 10 26702 0 
-38.3604 17.2552 0.756849 0.562975 5.06678 80 2 25 10 26703 0 
-38.3416 17.2554 0.756946 0.562975 5.06678 80 2 25 10 26704 0 
-38.3228 17.2557 0.757043 0.562975 5.06678 80 2 25 10 26705 0 
-38.3041 17.2559 0.75714 0.562975 5.06678 80 2 25 10 26706 0 
-38.2853 17.2562 0.757237 0.562975 5.06678 80 2 25 10 26707 0 
-38.2665 17.2564 0.757334 0.562975 5.06678 80 2 25 10 26708 0 
-38.2478 17.2567 0.757431 0.562975 5.06678 80 2 25 10 26709 0 
-38.229 17.2569 0.757528 0.562975 5.06678 80 2 25 10 26710 0 
-38.2102 17.2572 0.757625 0.562975 5.06678 80 2 25 10 26711 0 
-38.1915 17.2574 0.757722 0.562975 5.06678 80 2 25 10 26712 0 
-38.1727 17.2577 0.757819 0.562975 5.06678 80 2 25 10 26713 0 
-38.154 17.2579 0.757917 0.562975 5.06678 80 2 25 10 26714 0 
-38.1352 17.2582 0.758014 0.562975 5.06678 80 2 25 10 26715 0 
-38.1164 17.2584 0.758111 0.562975 5.06678 80 2 25 10 26716 0 
-38.0977 17.2587 0.758208 0.562975 5.06678 80 2 25 10 26717 0 
-38.0789 17.2589 0.758305 0.562975 5.06678 80 2 25 10 26718 0 
-38.0601 17.2592 0.758403 0.562975 5.06678 80 2 25 10 26719 0 
-38.0414 17.2594 0.7585 0.562975 5.06678 80 2 25 10 26720 0 
-38.0226 17.2597 0.758598 0.562975 5.06678 80 2 25 10 26721 0 
-38.0038 17.2599 0.758695 0.562975 5.06678 80 2 25 10 26722 0 
-37.9851 17.2601 0.758792 0.562975 5.06678 80 2 25 10 26723 0 
-37.9663 17.2604 0.75889 0.562975 5.06678 80 2 25 10 26724 0 
-37.9475 17.2606 0.758987 0.562975 5.06678 80 2 25 10 26725 0 
-37.9288 17.2609 0.759085 0.562975 5.06678 80 2 25 10 26726 0 
-37.91 17.2611 0.759182 0.562975 5.06678 80 2 25 10 26727 0 
-37.8913 17.2614 0.75928 0.562975 5.06678 80 2 25 10 26728 0 
-37.8725 17.2616 0.759378 0.562975 5.06678 80 2 25 10 26729 0 
-37.8537 17.2619 0.759475 0.562975 5.06678 80 2 25 10 26730 0 
-37.835 17.2621 0.759573 0.562975 5.06678 80 2 25 10 26731 0 
-37.8162 17.2624 0.759671 0.562975 5.06678 80 2 25 10 26732 0 
-37.7974 17.2626 0.759768 0.562975 5.06678 80 2 25 10 26733 0 
-37.7787 17.2629 0.759866 0.562975 5.06678 80 2 25 10 26734 0 
-37.7599 17.2631 0.759964 0.562975 5.06678 80 2 25 10 26735 0 
-37.7411 17.2634 0.760062 0.562975 5.06678 80 2 25 10 26736 0 
-37.7224 17.2636 0.76016 0.562975 5.06678 80 2 25 10 26737 0 
-37.7036 17.2639 0.760258 0.562975 5.06678 80 2 25 10 26738 0 
-37.6848 17.2641 0.760355 0.562975 5.06678 80 2 25 10 26739 0 
-37.6661 17.2644 0.760453 0.562975 5.06678 80 2 25 10 26740 0 
-37.6473 17.2646 0.760551 0.562975 5.06678 80 2 25 10 26741 0 
-37.6285 17.2649 0.760649 0.562975 5.06678 80 2 25 10 26742 0 
-37.6098 17.2651 0.760747 0.562975 5.06678 80 2 25 10 26743 0 
-37.591 17.2654 0.760845 0.562975 5.06678 80 2 25 10 26744 0 
-37.5723 17.2656 0.760943 0.562975 5.06678 80 2 25 10 26745 0 
-37.5535 17.2659 0.761042 0.562975 5.06678 80 2 25 10 26746 0 
-37.5347 17.2661 0.76114 0.562975 5.06678 80 2 25 10 26747 0 
-37.516 17.2664 0.761238 0.562975 5.06678 80 2 25 10 26748 0 
-37.4972 17.2666 0.761336 0.562975 5.06678 80 2 25 10 26749 0 
-37.4784 17.2669 0.761434 0.562975 5.06678 80 2 25 10 26750 0 
-37.4597 17.2671 0.761532 0.562975 5.06678 80 2 25 10 26751 0 
-37.4409 17.2674 0.761631 0.562975 5.06678 80 2 25 10 26752 0 
-37.4221 17.2676 0.761729 0.562975 5.06678 80 2 25 10 26753 0 
-37.4034 17.2679 0.761827 0.562975 5.06678 80 2 25 10 26754 0 
-37.3846 17.2681 0.761926 0.562975 5.06678 80 2 25 10 26755 0 
-37.3658 17.2684 0.762024 0.562975 5.06678 80 2 25 10 26756 0 
-37.3471 17.2686 0.762122 0.562975 5.06678 80 2 25 10 26757 0 
-37.3283 17.2689 0.762221 0.562975 5.06678 80 2 25 10 26758 0 
-37.3096 17.2691 0.762319 0.562975 5.06678 80 2 25 10 26759 0 
-37.2908 17.2694 0.762418 0.562975 5.06678 80 2 25 10 26760 0 
-37.272 17.2696 0.762516 0.562975 5.06678 80 2 25 10 26761 0 
-37.2533 17.2699 0.762615 0.562975 5.06678 80 2 25 10 26762 0 
-37.2345 17.2701 0.762713 0.562975 5.06678 80 2 25 10 26763 0 
-37.2157 17.2704 0.762812 0.562975 5.06678 80 2 25 10 26764 0 
-37.197 17.2706 0.762911 0.562975 5.06678 80 2 25 10 26765 0 
-37.1782 17.2709 0.763009 0.562975 5.06678 80 2 25 10 26766 0 
-37.1594 17.2711 0.763108 0.562975 5.06678 80 2 25 10 26767 0 
-37.1407 17.2714 0.763207 0.562975 5.06678 80 2 25 10 26768 0 
-37.1219 17.2716 0.763305 0.562975 5.06678 80 2 25 10 26769 0 
-37.1031 17.2719 0.763404 0.562975 5.06678 80 2 25 10 26770 0 
-37.0844 17.2721 0.763503 0.562975 5.06678 80 2 25 10 26771 0 
-37.0656 17.2724 0.763602 0.562975 5.06678 80 2 25 10 26772 0 
-37.0468 17.2726 0.763701 0.562975 5.06678 80 2 25 10 26773 0 
-37.0281 17.2729 0.7638 0.562975 5.06678 80 2 25 10 26774 0 
-37.0093 17.2731 0.763899 0.562975 5.06678 80 2 25 10 26775 0 
-36.9906 17.2734 0.763997 0.562975 5.06678 80 2 25 10 26776 0 
-36.9718 17.2736 0.764096 0.562975 5.06678 80 2 25 10 26777 0 
-36.953 17.2739 0.764196 0.562975 5.06678 80 2 25 10 26778 0 
-36.9343 17.2741 0.764295 0.562975 5.06678 80 2 25 10 26779 0 
-36.9155 17.2744 0.764394 0.562975 5.06678 80 2 25 10 26780 0 
-36.8967 17.2746 0.764493 0.562975 5.06678 80 2 25 10 26781 0 
-36.878 17.2749 0.764592 0.562975 5.06678 80 2 25 10 26782 0 
-36.8592 17.2751 0.764691 0.562975 5.06678 80 2 25 10 26783 0 
-36.8404 17.2754 0.76479 0.562975 5.06678 80 2 25 10 26784 0 
-36.8217 17.2756 0.764889 0.562975 5.06678 80 2 25 10 26785 0 
-36.8029 17.2759 0.764989 0.562975 5.06678 80 2 25 10 26786 0 
-36.7841 17.2761 0.765088 0.562975 5.06678 80 2 25 10 26787 0 
-36.7654 17.2764 0.765187 0.562975 5.06678 80 2 25 10 26788 0 
-36.7466 17.2766 0.765287 0.562975 5.06678 80 2 25 10 26789 0 
-36.7279 17.2769 0.765386 0.562975 5.06678 80 2 25 10 26790 0 
-36.7091 17.2771 0.765485 0.562975 5.06678 80 2 25 10 26791 0 
-36.6903 17.2774 0.765585 0.562975 5.06678 80 2 25 10 26792 0 
-36.6716 17.2776 0.765684 0.562975 5.06678 80 2 25 10 26793 0 
-36.6528 17.2779 0.765784 0.562975 5.06678 80 2 25 10 26794 0 
-36.634 17.2781 0.765883 0.562975 5.06678 80 2 25 10 26795 0 
-36.6153 17.2784 0.765983 0.562975 5.06678 80 2 25 10 26796 0 
-36.5965 17.2786 0.766082 0.562975 5.06678 80 2 25 10 26797 0 
-36.5777 17.2789 0.766182 0.562975 5.06678 80 2 25 10 26798 0 
-36.559 17.2791 0.766282 0.562975 5.06678 80 2 25 10 26799 0 
-36.5402 17.2794 0.766381 0.562975 5.06678 80 2 25 10 26800 0 
-36.5214 17.2796 0.766481 0.562975 5.06678 80 2 25 10 26801 0 
-36.5027 17.2799 0.766581 0.562975 5.06678 80 2 25 10 26802 0 
-36.4839 17.2801 0.76668 0.562975 5.06678 80 2 25 10 26803 0 
-36.4651 17.2804 0.76678 0.562975 5.06678 80 2 25 10 26804 0 
-36.4464 17.2806 0.76688 0.562975 5.06678 80 2 25 10 26805 0 
-36.4276 17.2809 0.76698 0.562975 5.06678 80 2 25 10 26806 0 
-36.4089 17.2811 0.76708 0.562975 5.06678 80 2 25 10 26807 0 
-36.3901 17.2814 0.767179 0.562975 5.06678 80 2 25 10 26808 0 
-36.3713 17.2816 0.767279 0.562975 5.06678 80 2 25 10 26809 0 
-36.3526 17.2819 0.767379 0.562975 5.06678 80 2 25 10 26810 0 
-36.3338 17.2821 0.767479 0.562975 5.06678 80 2 25 10 26811 0 
-36.315 17.2824 0.767579 0.562975 5.06678 80 2 25 10 26812 0 
-36.2963 17.2826 0.767679 0.562975 5.06678 80 2 25 10 26813 0 
-36.2775 17.2829 0.767779 0.562975 5.06678 80 2 25 10 26814 0 
-36.2587 17.2831 0.767879 0.562975 5.06678 80 2 25 10 26815 0 
-36.24 17.2834 0.76798 0.562975 5.06678 80 2 25 10 26816 0 
-36.2212 17.2837 0.76808 0.562975 5.06678 80 2 25 10 26817 0 
-36.2024 17.2839 0.76818 0.562975 5.06678 80 2 25 10 26818 0 
-36.1837 17.2842 0.76828 0.562975 5.06678 80 2 25 10 26819 0 
-36.1649 17.2844 0.76838 0.562975 5.06678 80 2 25 10 26820 0 
-36.1462 17.2847 0.76848 0.562975 5.06678 80 2 25 10 26821 0 
-36.1274 17.2849 0.768581 0.562975 5.06678 80 2 25 10 26822 0 
-36.1086 17.2852 0.768681 0.562975 5.06678 80 2 25 10 26823 0 
-36.0899 17.2854 0.768781 0.562975 5.06678 80 2 25 10 26824 0 
-36.0711 17.2857 0.768882 0.562975 5.06678 80 2 25 10 26825 0 
-36.0523 17.2859 0.768982 0.562975 5.06678 80 2 25 10 26826 0 
-36.0336 17.2862 0.769082 0.562975 5.06678 80 2 25 10 26827 0 
-36.0148 17.2864 0.769183 0.562975 5.06678 80 2 25 10 26828 0 
-35.996 17.2867 0.769283 0.562975 5.06678 80 2 25 10 26829 0 
-35.9773 17.2869 0.769384 0.562975 5.06678 80 2 25 10 26830 0 
-35.9585 17.2872 0.769484 0.562975 5.06678 80 2 25 10 26831 0 
-35.9397 17.2874 0.769585 0.562975 5.06678 80 2 25 10 26832 0 
-35.921 17.2877 0.769686 0.562975 5.06678 80 2 25 10 26833 0 
-35.9022 17.2879 0.769786 0.562975 5.06678 80 2 25 10 26834 0 
-35.8834 17.2882 0.769887 0.562975 5.06678 80 2 25 10 26835 0 
-35.8647 17.2884 0.769988 0.562975 5.06678 80 2 25 10 26836 0 
-35.8459 17.2887 0.770088 0.562975 5.06678 80 2 25 10 26837 0 
-35.8272 17.2889 0.770189 0.562975 5.06678 80 2 25 10 26838 0 
-35.8084 17.2892 0.77029 0.562975 5.06678 80 2 25 10 26839 0 
-35.7896 17.2894 0.770391 0.562975 5.06678 80 2 25 10 26840 0 
-35.7709 17.2897 0.770492 0.562975 5.06678 80 2 25 10 26841 0 
-35.7521 17.2899 0.770593 0.562975 5.06678 80 2 25 10 26842 0 
-35.7333 17.2902 0.770694 0.562975 5.06678 80 2 25 10 26843 0 
-35.7146 17.2905 0.770795 0.562975 5.06678 80 2 25 10 26844 0 
-35.6958 17.2907 0.770895 0.562975 5.06678 80 2 25 10 26845 0 
-35.677 17.291 0.770997 0.562975 5.06678 80 2 25 10 26846 0 
-35.6583 17.2912 0.771098 0.562975 5.06678 80 2 25 10 26847 0 
-35.6395 17.2915 0.771199 0.562975 5.06678 80 2 25 10 26848 0 
-35.6207 17.2917 0.7713 0.562975 5.06678 80 2 25 10 26849 0 
-35.602 17.292 0.771401 0.562975 5.06678 80 2 25 10 26850 0 
-35.5832 17.2922 0.771502 0.562975 5.06678 80 2 25 10 26851 0 
-35.5645 17.2925 0.771603 0.562975 5.06678 80 2 25 10 26852 0 
-35.5457 17.2927 0.771704 0.562975 5.06678 80 2 25 10 26853 0 
-35.5269 17.293 0.771806 0.562975 5.06678 80 2 25 10 26854 0 
-35.5082 17.2932 0.771907 0.562975 5.06678 80 2 25 10 26855 0 
-35.4894 17.2935 0.772008 0.562975 5.06678 80 2 25 10 26856 0 
-35.4706 17.2937 0.77211 0.562975 5.06678 80 2 25 10 26857 0 
-35.4519 17.294 0.772211 0.562975 5.06678 80 2 25 10 26858 0 
-35.4331 17.2942 0.772312 0.562975 5.06678 80 2 25 10 26859 0 
-35.4143 17.2945 0.772414 0.562975 5.06678 80 2 25 10 26860 0 
-35.3956 17.2947 0.772515 0.562975 5.06678 80 2 25 10 26861 0 
-35.3768 17.295 0.772617 0.562975 5.06678 80 2 25 10 26862 0 
-35.358 17.2953 0.772718 0.562975 5.06678 80 2 25 10 26863 0 
-35.3393 17.2955 0.77282 0.562975 5.06678 80 2 25 10 26864 0 
-35.3205 17.2958 0.772921 0.562975 5.06678 80 2 25 10 26865 0 
-35.3018 17.296 0.773023 0.562975 5.06678 80 2 25 10 26866 0 
-35.283 17.2963 0.773125 0.562975 5.06678 80 2 25 10 26867 0 
-35.2642 17.2965 0.773226 0.562975 5.06678 80 2 25 10 26868 0 
-35.2455 17.2968 0.773328 0.562975 5.06678 80 2 25 10 26869 0 
-35.2267 17.297 0.77343 0.562975 5.06678 80 2 25 10 26870 0 
-35.2079 17.2973 0.773531 0.562975 5.06678 80 2 25 10 26871 0 
-35.1892 17.2975 0.773633 0.562975 5.06678 80 2 25 10 26872 0 
-35.1704 17.2978 0.773735 0.562975 5.06678 80 2 25 10 26873 0 
-35.1516 17.298 0.773837 0.562975 5.06678 80 2 25 10 26874 0 
-35.1329 17.2983 0.773939 0.562975 5.06678 80 2 25 10 26875 0 
-35.1141 17.2986 0.774041 0.562975 5.06678 80 2 25 10 26876 0 
-35.0953 17.2988 0.774142 0.562975 5.06678 80 2 25 10 26877 0 
-35.0766 17.2991 0.774244 0.562975 5.06678 80 2 25 10 26878 0 
-35.0578 17.2993 0.774346 0.562975 5.06678 80 2 25 10 26879 0 
-35.039 17.2996 0.774448 0.562975 5.06678 80 2 25 10 26880 0 
-35.0203 17.2998 0.77455 0.562975 5.06678 80 2 25 10 26881 0 
-35.0015 17.3001 0.774653 0.562975 5.06678 80 2 25 10 26882 0 
-34.9828 17.3003 0.774755 0.562975 5.06678 80 2 25 10 26883 0 
-34.964 17.3006 0.774857 0.562975 5.06678 80 2 25 10 26884 0 
-34.9452 17.3008 0.774959 0.562975 5.06678 80 2 25 10 26885 0 
-34.9265 17.3011 0.775061 0.562975 5.06678 80 2 25 10 26886 0 
-34.9077 17.3013 0.775163 0.562975 5.06678 80 2 25 10 26887 0 
-34.8889 17.3016 0.775266 0.562975 5.06678 80 2 25 10 26888 0 
-34.8702 17.3018 0.775368 0.562975 5.06678 80 2 25 10 26889 0 
-34.8514 17.3021 0.77547 0.562975 5.06678 80 2 25 10 26890 0 
-34.8326 17.3024 0.775573 0.562975 5.06678 80 2 25 10 26891 0 
-34.8139 17.3026 0.775675 0.562975 5.06678 80 2 25 10 26892 0 
-34.7951 17.3029 0.775778 0.562975 5.06678 80 2 25 10 26893 0 
-34.7763 17.3031 0.77588 0.562975 5.06678 80 2 25 10 26894 0 
-34.7576 17.3034 0.775982 0.562975 5.06678 80 2 25 10 26895 0 
-34.7388 17.3036 0.776085 0.562975 5.06678 80 2 25 10 26896 0 
-34.7201 17.3039 0.776187 0.562975 5.06678 80 2 25 10 26897 0 
-34.7013 17.3041 0.77629 0.562975 5.06678 80 2 25 10 26898 0 
-34.6825 17.3044 0.776393 0.562975 5.06678 80 2 25 10 26899 0 
-34.6638 17.3046 0.776495 0.562975 5.06678 80 2 25 10 26900 0 
-34.645 17.3049 0.776598 0.562975 5.06678 80 2 25 10 26901 0 
-34.6262 17.3051 0.776701 0.562975 5.06678 80 2 25 10 26902 0 
-34.6075 17.3054 0.776803 0.562975 5.06678 80 2 25 10 26903 0 
-34.5887 17.3057 0.776906 0.562975 5.06678 80 2 25 10 26904 0 
-34.5699 17.3059 0.777009 0.562975 5.06678 80 2 25 10 26905 0 
-34.5512 17.3062 0.777112 0.562975 5.06678 80 2 25 10 26906 0 
-34.5324 17.3064 0.777215 0.562975 5.06678 80 2 25 10 26907 0 
-34.5136 17.3067 0.777317 0.562975 5.06678 80 2 25 10 26908 0 
-34.4949 17.3069 0.77742 0.562975 5.06678 80 2 25 10 26909 0 
-34.4761 17.3072 0.777523 0.562975 5.06678 80 2 25 10 26910 0 
-34.4573 17.3074 0.777626 0.562975 5.06678 80 2 25 10 26911 0 
-34.4386 17.3077 0.777729 0.562975 5.06678 80 2 25 10 26912 0 
-34.4198 17.3079 0.777832 0.562975 5.06678 80 2 25 10 26913 0 
-34.4011 17.3082 0.777935 0.562975 5.06678 80 2 25 10 26914 0 
-34.3823 17.3085 0.778039 0.562975 5.06678 80 2 25 10 26915 0 
-34.3635 17.3087 0.778142 0.562975 5.06678 80 2 25 10 26916 0 
-34.3448 17.309 0.778245 0.562975 5.06678 80 2 25 10 26917 0 
-34.326 17.3092 0.778348 0.562975 5.06678 80 2 25 10 26918 0 
-34.3072 17.3095 0.778451 0.562975 5.06678 80 2 25 10 26919 0 
-34.2885 17.3097 0.778554 0.562975 5.06678 80 2 25 10 26920 0 
-34.2697 17.31 0.778658 0.562975 5.06678 80 2 25 10 26921 0 
-34.2509 17.3102 0.778761 0.562975 5.06678 80 2 25 10 26922 0 
-34.2322 17.3105 0.778864 0.562975 5.06678 80 2 25 10 26923 0 
-34.2134 17.3108 0.778968 0.562975 5.06678 80 2 25 10 26924 0 
-34.1946 17.311 0.779071 0.562975 5.06678 80 2 25 10 26925 0 
-34.1759 17.3113 0.779175 0.562975 5.06678 80 2 25 10 26926 0 
-34.1571 17.3115 0.779278 0.562975 5.06678 80 2 25 10 26927 0 
-34.1384 17.3118 0.779382 0.562975 5.06678 80 2 25 10 26928 0 
-34.1196 17.312 0.779485 0.562975 5.06678 80 2 25 10 26929 0 
-34.1008 17.3123 0.779589 0.562975 5.06678 80 2 25 10 26930 0 
-34.0821 17.3125 0.779692 0.562975 5.06678 80 2 25 10 26931 0 
-34.0633 17.3128 0.779796 0.562975 5.06678 80 2 25 10 26932 0 
-34.0445 17.3131 0.779899 0.562975 5.06678 80 2 25 10 26933 0 
-34.0258 17.3133 0.780003 0.562975 5.06678 80 2 25 10 26934 0 
-34.007 17.3136 0.780107 0.562975 5.06678 80 2 25 10 26935 0 
-33.9882 17.3138 0.780211 0.562975 5.06678 80 2 25 10 26936 0 
-33.9695 17.3141 0.780314 0.562975 5.06678 80 2 25 10 26937 0 
-33.9507 17.3143 0.780418 0.562975 5.06678 80 2 25 10 26938 0 
-33.9319 17.3146 0.780522 0.562975 5.06678 80 2 25 10 26939 0 
-33.9132 17.3148 0.780626 0.562975 5.06678 80 2 25 10 26940 0 
-33.8944 17.3151 0.78073 0.562975 5.06678 80 2 25 10 26941 0 
-33.8756 17.3154 0.780834 0.562975 5.06678 80 2 25 10 26942 0 
-33.8569 17.3156 0.780937 0.562975 5.06678 80 2 25 10 26943 0 
-33.8381 17.3159 0.781041 0.562975 5.06678 80 2 25 10 26944 0 
-33.8194 17.3161 0.781145 0.562975 5.06678 80 2 25 10 26945 0 
-33.8006 17.3164 0.78125 0.562975 5.06678 80 2 25 10 26946 0 
-33.7818 17.3166 0.781354 0.562975 5.06678 80 2 25 10 26947 0 
-33.7631 17.3169 0.781458 0.562975 5.06678 80 2 25 10 26948 0 
-33.7443 17.3171 0.781562 0.562975 5.06678 80 2 25 10 26949 0 
-33.7255 17.3174 0.781666 0.562975 5.06678 80 2 25 10 26950 0 
-33.7068 17.3177 0.78177 0.562975 5.06678 80 2 25 10 26951 0 
-33.688 17.3179 0.781874 0.562975 5.06678 80 2 25 10 26952 0 
-33.6692 17.3182 0.781979 0.562975 5.06678 80 2 25 10 26953 0 
-33.6505 17.3184 0.782083 0.562975 5.06678 80 2 25 10 26954 0 
-33.6317 17.3187 0.782187 0.562975 5.06678 80 2 25 10 26955 0 
-33.6129 17.3189 0.782292 0.562975 5.06678 80 2 25 10 26956 0 
-33.5942 17.3192 0.782396 0.562975 5.06678 80 2 25 10 26957 0 
-33.5754 17.3194 0.782501 0.562975 5.06678 80 2 25 10 26958 0 
-33.5567 17.3197 0.782605 0.562975 5.06678 80 2 25 10 26959 0 
-33.5379 17.32 0.782709 0.562975 5.06678 80 2 25 10 26960 0 
-33.5191 17.3202 0.782814 0.562975 5.06678 80 2 25 10 26961 0 
-33.5004 17.3205 0.782919 0.562975 5.06678 80 2 25 10 26962 0 
-33.4816 17.3207 0.783023 0.562975 5.06678 80 2 25 10 26963 0 
-33.4628 17.321 0.783128 0.562975 5.06678 80 2 25 10 26964 0 
-33.4441 17.3212 0.783232 0.562975 5.06678 80 2 25 10 26965 0 
-33.4253 17.3215 0.783337 0.562975 5.06678 80 2 25 10 26966 0 
-33.4065 17.3217 0.783442 0.562975 5.06678 80 2 25 10 26967 0 
-33.3878 17.322 0.783547 0.562975 5.06678 80 2 25 10 26968 0 
-33.369 17.3223 0.783651 0.562975 5.06678 80 2 25 10 26969 0 
-33.3502 17.3225 0.783756 0.562975 5.06678 80 2 25 10 26970 0 
-33.3315 17.3228 0.783861 0.562975 5.06678 80 2 25 10 26971 0 
-33.3127 17.323 0.783966 0.562975 5.06678 80 2 25 10 26972 0 
-33.2939 17.3233 0.784071 0.562975 5.06678 80 2 25 10 26973 0 
-33.2752 17.3235 0.784176 0.562975 5.06678 80 2 25 10 26974 0 
-33.2564 17.3238 0.784281 0.562975 5.06678 80 2 25 10 26975 0 
-33.2377 17.3241 0.784386 0.562975 5.06678 80 2 25 10 26976 0 
-33.2189 17.3243 0.784491 0.562975 5.06678 80 2 25 10 26977 0 
-33.2001 17.3246 0.784596 0.562975 5.06678 80 2 25 10 26978 0 
-33.1814 17.3248 0.784701 0.562975 5.06678 80 2 25 10 26979 0 
-33.1626 17.3251 0.784806 0.562975 5.06678 80 2 25 10 26980 0 
-33.1438 17.3254 0.784911 0.562975 5.06678 80 2 25 10 26981 0 
-33.1251 17.3256 0.785016 0.562975 5.06678 80 2 25 10 26982 0 
-33.1063 17.3259 0.785121 0.562975 5.06678 80 2 25 10 26983 0 
-33.0875 17.3261 0.785227 0.562975 5.06678 80 2 25 10 26984 0 
-33.0688 17.3264 0.785332 0.562975 5.06678 80 2 25 10 26985 0 
-33.05 17.3266 0.785437 0.562975 5.06678 80 2 25 10 26986 0 
-33.0312 17.3269 0.785543 0.562975 5.06678 80 2 25 10 26987 0 
-33.0125 17.3272 0.785648 0.562975 5.06678 80 2 25 10 26988 0 
-32.9937 17.3274 0.785753 0.562975 5.06678 80 2 25 10 26989 0 
-32.975 17.3277 0.785859 0.562975 5.06678 80 2 25 10 26990 0 
-32.9562 17.3279 0.785964 0.562975 5.06678 80 2 25 10 26991 0 
-32.9374 17.3282 0.78607 0.562975 5.06678 80 2 25 10 26992 0 
-32.9187 17.3284 0.786175 0.562975 5.06678 80 2 25 10 26993 0 
-32.8999 17.3287 0.786281 0.562975 5.06678 80 2 25 10 26994 0 
-32.8811 17.329 0.786386 0.562975 5.06678 80 2 25 10 26995 0 
-32.8624 17.3292 0.786492 0.562975 5.06678 80 2 25 10 26996 0 
-32.8436 17.3295 0.786598 0.562975 5.06678 80 2 25 10 26997 0 
-32.8248 17.3297 0.786703 0.562975 5.06678 80 2 25 10 26998 0 
-32.8061 17.33 0.786809 0.562975 5.06678 80 2 25 10 26999 0 
-32.7873 17.3302 0.786915 0.562975 5.06678 80 2 25 10 27000 0 
-32.7685 17.3305 0.787021 0.562975 5.06678 80 2 25 10 27001 0 
-32.7498 17.3308 0.787126 0.562975 5.06678 80 2 25 10 27002 0 
-32.731 17.331 0.787232 0.562975 5.06678 80 2 25 10 27003 0 
-32.7122 17.3313 0.787338 0.562975 5.06678 80 2 25 10 27004 0 
-32.6935 17.3315 0.787444 0.562975 5.06678 80 2 25 10 27005 0 
-32.6747 17.3318 0.78755 0.562975 5.06678 80 2 25 10 27006 0 
-32.656 17.332 0.787656 0.562975 5.06678 80 2 25 10 27007 0 
-32.6372 17.3323 0.787762 0.562975 5.06678 80 2 25 10 27008 0 
-32.6184 17.3326 0.787868 0.562975 5.06678 80 2 25 10 27009 0 
-32.5997 17.3328 0.787974 0.562975 5.06678 80 2 25 10 27010 0 
-32.5809 17.3331 0.78808 0.562975 5.06678 80 2 25 10 27011 0 
-32.5621 17.3333 0.788186 0.562975 5.06678 80 2 25 10 27012 0 
-32.5434 17.3336 0.788293 0.562975 5.06678 80 2 25 10 27013 0 
-32.5246 17.3338 0.788399 0.562975 5.06678 80 2 25 10 27014 0 
-32.5058 17.3341 0.788505 0.562975 5.06678 80 2 25 10 27015 0 
-32.4871 17.3344 0.788611 0.562975 5.06678 80 2 25 10 27016 0 
-32.4683 17.3346 0.788718 0.562975 5.06678 80 2 25 10 27017 0 
-32.4495 17.3349 0.788824 0.562975 5.06678 80 2 25 10 27018 0 
-32.4308 17.3351 0.78893 0.562975 5.06678 80 2 25 10 27019 0 
-32.412 17.3354 0.789037 0.562975 5.06678 80 2 25 10 27020 0 
-32.3933 17.3357 0.789143 0.562975 5.06678 80 2 25 10 27021 0 
-32.3745 17.3359 0.78925 0.562975 5.06678 80 2 25 10 27022 0 
-32.3557 17.3362 0.789356 0.562975 5.06678 80 2 25 10 27023 0 
-32.337 17.3364 0.789463 0.562975 5.06678 80 2 25 10 27024 0 
-32.3182 17.3367 0.789569 0.562975 5.06678 80 2 25 10 27025 0 
-32.2994 17.3369 0.789676 0.562975 5.06678 80 2 25 10 27026 0 
-32.2807 17.3372 0.789782 0.562975 5.06678 80 2 25 10 27027 0 
-32.2619 17.3375 0.789889 0.562975 5.06678 80 2 25 10 27028 0 
-32.2431 17.3377 0.789996 0.562975 5.06678 80 2 25 10 27029 0 
-32.2244 17.338 0.790102 0.562975 5.06678 80 2 25 10 27030 0 
-32.2056 17.3382 0.790209 0.562975 5.06678 80 2 25 10 27031 0 
-32.1868 17.3385 0.790316 0.562975 5.06678 80 2 25 10 27032 0 
-32.1681 17.3388 0.790423 0.562975 5.06678 80 2 25 10 27033 0 
-32.1493 17.339 0.79053 0.562975 5.06678 80 2 25 10 27034 0 
-32.1306 17.3393 0.790637 0.562975 5.06678 80 2 25 10 27035 0 
-32.1118 17.3395 0.790744 0.562975 5.06678 80 2 25 10 27036 0 
-32.093 17.3398 0.79085 0.562975 5.06678 80 2 25 10 27037 0 
-32.0743 17.3401 0.790957 0.562975 5.06678 80 2 25 10 27038 0 
-32.0555 17.3403 0.791064 0.562975 5.06678 80 2 25 10 27039 0 
-32.0367 17.3406 0.791171 0.562975 5.06678 80 2 25 10 27040 0 
-32.018 17.3408 0.791279 0.562975 5.06678 80 2 25 10 27041 0 
-31.9992 17.3411 0.791386 0.562975 5.06678 80 2 25 10 27042 0 
-31.9804 17.3414 0.791493 0.562975 5.06678 80 2 25 10 27043 0 
-31.9617 17.3416 0.7916 0.562975 5.06678 80 2 25 10 27044 0 
-31.9429 17.3419 0.791707 0.562975 5.06678 80 2 25 10 27045 0 
-31.9241 17.3421 0.791814 0.562975 5.06678 80 2 25 10 27046 0 
-31.9054 17.3424 0.791922 0.562975 5.06678 80 2 25 10 27047 0 
-31.8866 17.3427 0.792029 0.562975 5.06678 80 2 25 10 27048 0 
-31.8678 17.3429 0.792136 0.562975 5.06678 80 2 25 10 27049 0 
-31.8491 17.3432 0.792244 0.562975 5.06678 80 2 25 10 27050 0 
-31.8303 17.3434 0.792351 0.562975 5.06678 80 2 25 10 27051 0 
-31.8116 17.3437 0.792458 0.562975 5.06678 80 2 25 10 27052 0 
-31.7928 17.344 0.792566 0.562975 5.06678 80 2 25 10 27053 0 
-31.774 17.3442 0.792673 0.562975 5.06678 80 2 25 10 27054 0 
-31.7553 17.3445 0.792781 0.562975 5.06678 80 2 25 10 27055 0 
-31.7365 17.3447 0.792889 0.562975 5.06678 80 2 25 10 27056 0 
-31.7177 17.345 0.792996 0.562975 5.06678 80 2 25 10 27057 0 
-31.699 17.3452 0.793104 0.562975 5.06678 80 2 25 10 27058 0 
-31.6802 17.3455 0.793211 0.562975 5.06678 80 2 25 10 27059 0 
-31.6614 17.3458 0.793319 0.562975 5.06678 80 2 25 10 27060 0 
-31.6427 17.346 0.793427 0.562975 5.06678 80 2 25 10 27061 0 
-31.6239 17.3463 0.793535 0.562975 5.06678 80 2 25 10 27062 0 
-31.6051 17.3465 0.793642 0.562975 5.06678 80 2 25 10 27063 0 
-31.5864 17.3468 0.79375 0.562975 5.06678 80 2 25 10 27064 0 
-31.5676 17.3471 0.793858 0.562975 5.06678 80 2 25 10 27065 0 
-31.5489 17.3473 0.793966 0.562975 5.06678 80 2 25 10 27066 0 
-31.5301 17.3476 0.794074 0.562975 5.06678 80 2 25 10 27067 0 
-31.5113 17.3478 0.794182 0.562975 5.06678 80 2 25 10 27068 0 
-31.4926 17.3481 0.79429 0.562975 5.06678 80 2 25 10 27069 0 
-31.4738 17.3484 0.794398 0.562975 5.06678 80 2 25 10 27070 0 
-31.455 17.3486 0.794506 0.562975 5.06678 80 2 25 10 27071 0 
-31.4363 17.3489 0.794614 0.562975 5.06678 80 2 25 10 27072 0 
-31.4175 17.3491 0.794722 0.562975 5.06678 80 2 25 10 27073 0 
-31.3987 17.3494 0.79483 0.562975 5.06678 80 2 25 10 27074 0 
-31.38 17.3497 0.794939 0.562975 5.06678 80 2 25 10 27075 0 
-31.3612 17.3499 0.795047 0.562975 5.06678 80 2 25 10 27076 0 
-31.3424 17.3502 0.795155 0.562975 5.06678 80 2 25 10 27077 0 
-31.3237 17.3504 0.795263 0.562975 5.06678 80 2 25 10 27078 0 
-31.3049 17.3507 0.795372 0.562975 5.06678 80 2 25 10 27079 0 
-31.2861 17.351 0.79548 0.562975 5.06678 80 2 25 10 27080 0 
-31.2674 17.3512 0.795589 0.562975 5.06678 80 2 25 10 27081 0 
-31.2486 17.3515 0.795697 0.562975 5.06678 80 2 25 10 27082 0 
-31.2299 17.3517 0.795806 0.562975 5.06678 80 2 25 10 27083 0 
-31.2111 17.352 0.795914 0.562975 5.06678 80 2 25 10 27084 0 
-31.1923 17.3523 0.796023 0.562975 5.06678 80 2 25 10 27085 0 
-31.1736 17.3525 0.796131 0.562975 5.06678 80 2 25 10 27086 0 
-31.1548 17.3528 0.79624 0.562975 5.06678 80 2 25 10 27087 0 
-31.136 17.3531 0.796348 0.562975 5.06678 80 2 25 10 27088 0 
-31.1173 17.3533 0.796457 0.562975 5.06678 80 2 25 10 27089 0 
-31.0985 17.3536 0.796566 0.562975 5.06678 80 2 25 10 27090 0 
-31.0797 17.3538 0.796674 0.562975 5.06678 80 2 25 10 27091 0 
-31.061 17.3541 0.796783 0.562975 5.06678 80 2 25 10 27092 0 
-31.0422 17.3544 0.796892 0.562975 5.06678 80 2 25 10 27093 0 
-31.0234 17.3546 0.797001 0.562975 5.06678 80 2 25 10 27094 0 
-31.0047 17.3549 0.79711 0.562975 5.06678 80 2 25 10 27095 0 
-30.9859 17.3551 0.797218 0.562975 5.06678 80 2 25 10 27096 0 
-30.9672 17.3554 0.797327 0.562975 5.06678 80 2 25 10 27097 0 
-30.9484 17.3557 0.797436 0.562975 5.06678 80 2 25 10 27098 0 
-30.9296 17.3559 0.797545 0.562975 5.06678 80 2 25 10 27099 0 
-30.9109 17.3562 0.797654 0.562975 5.06678 80 2 25 10 27100 0 
-30.8921 17.3565 0.797763 0.562975 5.06678 80 2 25 10 27101 0 
-30.8733 17.3567 0.797872 0.562975 5.06678 80 2 25 10 27102 0 
-30.8546 17.357 0.797982 0.562975 5.06678 80 2 25 10 27103 0 
-30.8358 17.3572 0.798091 0.562975 5.06678 80 2 25 10 27104 0 
-30.817 17.3575 0.7982 0.562975 5.06678 80 2 25 10 27105 0 
-30.7983 17.3578 0.798309 0.562975 5.06678 80 2 25 10 27106 0 
-30.7795 17.358 0.798418 0.562975 5.06678 80 2 25 10 27107 0 
-30.7607 17.3583 0.798528 0.562975 5.06678 80 2 25 10 27108 0 
-30.742 17.3585 0.798637 0.562975 5.06678 80 2 25 10 27109 0 
-30.7232 17.3588 0.798746 0.562975 5.06678 80 2 25 10 27110 0 
-30.7044 17.3591 0.798856 0.562975 5.06678 80 2 25 10 27111 0 
-30.6857 17.3593 0.798965 0.562975 5.06678 80 2 25 10 27112 0 
-30.6669 17.3596 0.799075 0.562975 5.06678 80 2 25 10 27113 0 
-30.6482 17.3598 0.799184 0.562975 5.06678 80 2 25 10 27114 0 
-30.6294 17.3601 0.799294 0.562975 5.06678 80 2 25 10 27115 0 
-30.6106 17.3604 0.799403 0.562975 5.06678 80 2 25 10 27116 0 
-30.5919 17.3606 0.799513 0.562975 5.06678 80 2 25 10 27117 0 
-30.5731 17.3609 0.799622 0.562975 5.06678 80 2 25 10 27118 0 
-30.5543 17.3612 0.799732 0.562975 5.06678 80 2 25 10 27119 0 
-30.5356 17.3614 0.799842 0.562975 5.06678 80 2 25 10 27120 0 
-30.5168 17.3617 0.799952 0.562975 5.06678 80 2 25 10 27121 0 
-30.498 17.3619 0.800061 0.562975 5.06678 80 2 25 10 27122 0 
-30.4793 17.3622 0.800171 0.562975 5.06678 80 2 25 10 27123 0 
-30.4605 17.3625 0.800281 0.562975 5.06678 80 2 25 10 27124 0 
-30.4417 17.3627 0.800391 0.562975 5.06678 80 2 25 10 27125 0 
-30.423 17.363 0.800501 0.562975 5.06678 80 2 25 10 27126 0 
-30.4042 17.3632 0.800611 0.562975 5.06678 80 2 25 10 27127 0 
-30.3855 17.3635 0.800721 0.562975 5.06678 80 2 25 10 27128 0 
-30.3667 17.3638 0.800831 0.562975 5.06678 80 2 25 10 27129 0 
-30.3479 17.364 0.800941 0.562975 5.06678 80 2 25 10 27130 0 
-30.3292 17.3643 0.801051 0.562975 5.06678 80 2 25 10 27131 0 
-30.3104 17.3646 0.801161 0.562975 5.06678 80 2 25 10 27132 0 
-30.2916 17.3648 0.801271 0.562975 5.06678 80 2 25 10 27133 0 
-30.2729 17.3651 0.801381 0.562975 5.06678 80 2 25 10 27134 0 
-30.2541 17.3653 0.801492 0.562975 5.06678 80 2 25 10 27135 0 
-30.2353 17.3656 0.801602 0.562975 5.06678 80 2 25 10 27136 0 
-30.2166 17.3659 0.801712 0.562975 5.06678 80 2 25 10 27137 0 
-30.1978 17.3661 0.801822 0.562975 5.06678 80 2 25 10 27138 0 
-30.179 17.3664 0.801933 0.562975 5.06678 80 2 25 10 27139 0 
-30.1603 17.3667 0.802043 0.562975 5.06678 80 2 25 10 27140 0 
-30.1415 17.3669 0.802154 0.562975 5.06678 80 2 25 10 27141 0 
-30.1227 17.3672 0.802264 0.562975 5.06678 80 2 25 10 27142 0 
-30.104 17.3675 0.802374 0.562975 5.06678 80 2 25 10 27143 0 
-30.0852 17.3677 0.802485 0.562975 5.06678 80 2 25 10 27144 0 
-30.0665 17.368 0.802596 0.562975 5.06678 80 2 25 10 27145 0 
-30.0477 17.3682 0.802706 0.562975 5.06678 80 2 25 10 27146 0 
-30.0289 17.3685 0.802817 0.562975 5.06678 80 2 25 10 27147 0 
-30.0102 17.3688 0.802927 0.562975 5.06678 80 2 25 10 27148 0 
-29.9914 17.369 0.803038 0.562975 5.06678 80 2 25 10 27149 0 
-29.9726 17.3693 0.803149 0.562975 5.06678 80 2 25 10 27150 0 
-29.9539 17.3696 0.80326 0.562975 5.06678 80 2 25 10 27151 0 
-29.9351 17.3698 0.80337 0.562975 5.06678 80 2 25 10 27152 0 
-29.9163 17.3701 0.803481 0.562975 5.06678 80 2 25 10 27153 0 
-29.8976 17.3703 0.803592 0.562975 5.06678 80 2 25 10 27154 0 
-29.8788 17.3706 0.803703 0.562975 5.06678 80 2 25 10 27155 0 
-29.86 17.3709 0.803814 0.562975 5.06678 80 2 25 10 27156 0 
-29.8413 17.3711 0.803925 0.562975 5.06678 80 2 25 10 27157 0 
-29.8225 17.3714 0.804036 0.562975 5.06678 80 2 25 10 27158 0 
-29.8038 17.3717 0.804147 0.562975 5.06678 80 2 25 10 27159 0 
-29.785 17.3719 0.804258 0.562975 5.06678 80 2 25 10 27160 0 
-29.7662 17.3722 0.804369 0.562975 5.06678 80 2 25 10 27161 0 
-29.7475 17.3725 0.80448 0.562975 5.06678 80 2 25 10 27162 0 
-29.7287 17.3727 0.804591 0.562975 5.06678 80 2 25 10 27163 0 
-29.7099 17.373 0.804703 0.562975 5.06678 80 2 25 10 27164 0 
-29.6912 17.3732 0.804814 0.562975 5.06678 80 2 25 10 27165 0 
-29.6724 17.3735 0.804925 0.562975 5.06678 80 2 25 10 27166 0 
-29.6536 17.3738 0.805036 0.562975 5.06678 80 2 25 10 27167 0 
-29.6349 17.374 0.805148 0.562975 5.06678 80 2 25 10 27168 0 
-29.6161 17.3743 0.805259 0.562975 5.06678 80 2 25 10 27169 0 
-29.5973 17.3746 0.80537 0.562975 5.06678 80 2 25 10 27170 0 
-29.5786 17.3748 0.805482 0.562975 5.06678 80 2 25 10 27171 0 
-29.5598 17.3751 0.805593 0.562975 5.06678 80 2 25 10 27172 0 
-29.541 17.3754 0.805705 0.562975 5.06678 80 2 25 10 27173 0 
-29.5223 17.3756 0.805816 0.562975 5.06678 80 2 25 10 27174 0 
-29.5035 17.3759 0.805928 0.562975 5.06678 80 2 25 10 27175 0 
-29.4848 17.3761 0.80604 0.562975 5.06678 80 2 25 10 27176 0 
-29.466 17.3764 0.806151 0.562975 5.06678 80 2 25 10 27177 0 
-29.4472 17.3767 0.806263 0.562975 5.06678 80 2 25 10 27178 0 
-29.4285 17.3769 0.806375 0.562975 5.06678 80 2 25 10 27179 0 
-29.4097 17.3772 0.806487 0.562975 5.06678 80 2 25 10 27180 0 
-29.3909 17.3775 0.806598 0.562975 5.06678 80 2 25 10 27181 0 
-29.3722 17.3777 0.80671 0.562975 5.06678 80 2 25 10 27182 0 
-29.3534 17.378 0.806822 0.562975 5.06678 80 2 25 10 27183 0 
-29.3346 17.3783 0.806934 0.562975 5.06678 80 2 25 10 27184 0 
-29.3159 17.3785 0.807046 0.562975 5.06678 80 2 25 10 27185 0 
-29.2971 17.3788 0.807158 0.562975 5.06678 80 2 25 10 27186 0 
-29.2783 17.379 0.80727 0.562975 5.06678 80 2 25 10 27187 0 
-29.2596 17.3793 0.807382 0.562975 5.06678 80 2 25 10 27188 0 
-29.2408 17.3796 0.807494 0.562975 5.06678 80 2 25 10 27189 0 
-29.2221 17.3798 0.807606 0.562975 5.06678 80 2 25 10 27190 0 
-29.2033 17.3801 0.807718 0.562975 5.06678 80 2 25 10 27191 0 
-29.1845 17.3804 0.807831 0.562975 5.06678 80 2 25 10 27192 0 
-29.1658 17.3806 0.807943 0.562975 5.06678 80 2 25 10 27193 0 
-29.147 17.3809 0.808055 0.562975 5.06678 80 2 25 10 27194 0 
-29.1282 17.3812 0.808167 0.562975 5.06678 80 2 25 10 27195 0 
-29.1095 17.3814 0.80828 0.562975 5.06678 80 2 25 10 27196 0 
-29.0907 17.3817 0.808392 0.562975 5.06678 80 2 25 10 27197 0 
-29.0719 17.382 0.808504 0.562975 5.06678 80 2 25 10 27198 0 
-29.0532 17.3822 0.808617 0.562975 5.06678 80 2 25 10 27199 0 
-29.0344 17.3825 0.808729 0.562975 5.06678 80 2 25 10 27200 0 
-29.0156 17.3828 0.808842 0.562975 5.06678 80 2 25 10 27201 0 
-28.9969 17.383 0.808954 0.562975 5.06678 80 2 25 10 27202 0 
-28.9781 17.3833 0.809067 0.562975 5.06678 80 2 25 10 27203 0 
-28.9594 17.3836 0.809179 0.562975 5.06678 80 2 25 10 27204 0 
-28.9406 17.3838 0.809292 0.562975 5.06678 80 2 25 10 27205 0 
-28.9218 17.3841 0.809405 0.562975 5.06678 80 2 25 10 27206 0 
-28.9031 17.3843 0.809517 0.562975 5.06678 80 2 25 10 27207 0 
-28.8843 17.3846 0.80963 0.562975 5.06678 80 2 25 10 27208 0 
-28.8655 17.3849 0.809743 0.562975 5.06678 80 2 25 10 27209 0 
-28.8468 17.3851 0.809856 0.562975 5.06678 80 2 25 10 27210 0 
-28.828 17.3854 0.809969 0.562975 5.06678 80 2 25 10 27211 0 
-28.8092 17.3857 0.810081 0.562975 5.06678 80 2 25 10 27212 0 
-28.7905 17.3859 0.810194 0.562975 5.06678 80 2 25 10 27213 0 
-28.7717 17.3862 0.810307 0.562975 5.06678 80 2 25 10 27214 0 
-28.7529 17.3865 0.81042 0.562975 5.06678 80 2 25 10 27215 0 
-28.7342 17.3867 0.810533 0.562975 5.06678 80 2 25 10 27216 0 
-28.7154 17.387 0.810646 0.562975 5.06678 80 2 25 10 27217 0 
-28.6966 17.3873 0.810759 0.562975 5.06678 80 2 25 10 27218 0 
-28.6779 17.3875 0.810873 0.562975 5.06678 80 2 25 10 27219 0 
-28.6591 17.3878 0.810986 0.562975 5.06678 80 2 25 10 27220 0 
-28.6404 17.3881 0.811099 0.562975 5.06678 80 2 25 10 27221 0 
-28.6216 17.3883 0.811212 0.562975 5.06678 80 2 25 10 27222 0 
-28.6028 17.3886 0.811326 0.562975 5.06678 80 2 25 10 27223 0 
-28.5841 17.3889 0.811439 0.562975 5.06678 80 2 25 10 27224 0 
-28.5653 17.3891 0.811552 0.562975 5.06678 80 2 25 10 27225 0 
-28.5465 17.3894 0.811666 0.562975 5.06678 80 2 25 10 27226 0 
-28.5278 17.3897 0.811779 0.562975 5.06678 80 2 25 10 27227 0 
-28.509 17.3899 0.811893 0.562975 5.06678 80 2 25 10 27228 0 
-28.4902 17.3902 0.812006 0.562975 5.06678 80 2 25 10 27229 0 
-28.4715 17.3904 0.81212 0.562975 5.06678 80 2 25 10 27230 0 
-28.4527 17.3907 0.812233 0.562975 5.06678 80 2 25 10 27231 0 
-28.4339 17.391 0.812347 0.562975 5.06678 80 2 25 10 27232 0 
-28.4152 17.3912 0.81246 0.562975 5.06678 80 2 25 10 27233 0 
-28.3964 17.3915 0.812574 0.562975 5.06678 80 2 25 10 27234 0 
-28.3777 17.3918 0.812688 0.562975 5.06678 80 2 25 10 27235 0 
-28.3589 17.392 0.812801 0.562975 5.06678 80 2 25 10 27236 0 
-28.3401 17.3923 0.812915 0.562975 5.06678 80 2 25 10 27237 0 
-28.3214 17.3926 0.813029 0.562975 5.06678 80 2 25 10 27238 0 
-28.3026 17.3928 0.813143 0.562975 5.06678 80 2 25 10 27239 0 
-28.2838 17.3931 0.813257 0.562975 5.06678 80 2 25 10 27240 0 
-28.2651 17.3934 0.813371 0.562975 5.06678 80 2 25 10 27241 0 
-28.2463 17.3936 0.813485 0.562975 5.06678 80 2 25 10 27242 0 
-28.2275 17.3939 0.813599 0.562975 5.06678 80 2 25 10 27243 0 
-28.2088 17.3942 0.813713 0.562975 5.06678 80 2 25 10 27244 0 
-28.19 17.3944 0.813827 0.562975 5.06678 80 2 25 10 27245 0 
-28.1712 17.3947 0.813941 0.562975 5.06678 80 2 25 10 27246 0 
-28.1525 17.395 0.814055 0.562975 5.06678 80 2 25 10 27247 0 
-28.1337 17.3952 0.814169 0.562975 5.06678 80 2 25 10 27248 0 
-28.1149 17.3955 0.814283 0.562975 5.06678 80 2 25 10 27249 0 
-28.0962 17.3958 0.814398 0.562975 5.06678 80 2 25 10 27250 0 
-28.0774 17.396 0.814512 0.562975 5.06678 80 2 25 10 27251 0 
-28.0587 17.3963 0.814626 0.562975 5.06678 80 2 25 10 27252 0 
-28.0399 17.3966 0.814741 0.562975 5.06678 80 2 25 10 27253 0 
-28.0211 17.3969 0.814855 0.562975 5.06678 80 2 25 10 27254 0 
-28.0024 17.3971 0.814969 0.562975 5.06678 80 2 25 10 27255 0 
-27.9836 17.3974 0.815084 0.562975 5.06678 80 2 25 10 27256 0 
-27.9648 17.3977 0.815198 0.562975 5.06678 80 2 25 10 27257 0 
-27.9461 17.3979 0.815313 0.562975 5.06678 80 2 25 10 27258 0 
-27.937 17.398 0.195912 0.562975 5.06678 80 2 25 10 27259 0 
-27.9182 17.3981 0.206351 0.562975 5.06678 80 2 25 10 27260 0 
-27.9091 17.3981 -0.407926 0.562975 5.06678 80 2 25 10 27261 0 
-27.8903 17.398 -0.38742 0.562975 5.06678 80 2 25 10 27262 0 
-27.8812 17.398 -0.996676 0.562975 5.06678 80 2 25 10 27263 0 
-27.8625 17.3976 -0.966353 0.562975 5.06678 80 2 25 10 27264 0 
-27.8534 17.3975 -1.57069 0.562975 5.06678 80 2 25 10 27265 0 
-27.8443 17.3972 -2.17006 0.562975 5.06678 80 2 25 10 27266 0 
-27.8255 17.3965 -2.12017 0.562975 5.06678 80 2 25 10 27267 0 
-27.8164 17.3962 -2.71482 0.562975 5.06678 80 2 25 10 27268 0 
-27.7977 17.3953 -2.65585 0.562975 5.06678 80 2 25 10 27269 0 
-27.7886 17.3949 -3.24587 0.562975 5.06678 80 2 25 10 27270 0 
-27.7699 17.3938 -3.17804 0.562975 5.06678 80 2 25 10 27271 0 
-27.7608 17.3933 -3.76352 0.562975 5.06678 80 2 25 10 27272 0 
-27.7421 17.3921 -3.68706 0.562975 5.06678 80 2 25 10 27273 0 
-27.733 17.3915 -4.26809 0.562975 5.06678 80 2 25 10 27274 0 
-27.7239 17.3908 -4.84431 0.562975 5.06678 80 2 25 10 27275 0 
-27.7052 17.3892 -4.74983 0.562975 5.06678 80 2 25 10 27276 0 
-27.6961 17.3885 -5.32178 0.562975 5.06678 80 2 25 10 27277 0 
-27.6775 17.3867 -5.21933 0.562975 5.06678 80 2 25 10 27278 0 
-27.6684 17.3859 -5.78711 0.562975 5.06678 80 2 25 10 27279 0 
-27.6497 17.384 -5.67689 0.562975 5.06678 80 2 25 10 27280 0 
-27.6407 17.3831 -6.24056 0.562975 5.06678 80 2 25 10 27281 0 
-27.622 17.3811 -6.12278 0.562975 5.06678 80 2 25 10 27282 0 
-27.613 17.3801 -6.68243 0.562975 5.06678 80 2 25 10 27283 0 
-27.5943 17.3779 -6.55728 0.562975 5.06678 80 2 25 10 27284 0 
-27.5853 17.3769 -7.11298 0.562975 5.06678 80 2 25 10 27285 0 
-27.5667 17.3745 -6.98064 0.562975 5.06678 80 2 25 10 27286 0 
-27.5576 17.3734 -7.53247 0.562975 5.06678 80 2 25 10 27287 0 
-27.539 17.371 -7.39313 0.562975 5.06678 80 2 25 10 27288 0 
-27.53 17.3698 -7.94116 0.562975 5.06678 80 2 25 10 27289 0 
-27.5114 17.3672 -7.795 0.562975 5.06678 80 2 25 10 27290 0 
-27.5024 17.366 -8.33931 0.562975 5.06678 80 2 25 10 27291 0 
-27.4838 17.3633 -8.1865 0.562975 5.06678 80 2 25 10 27292 0 
-27.4748 17.362 -8.72716 0.562975 5.06678 80 2 25 10 27293 0 
-27.4563 17.3591 -8.56788 0.562975 5.06678 80 2 25 10 27294 0 
-27.4473 17.3578 -9.10495 0.562975 5.06678 80 2 25 10 27295 0 
-27.4288 17.3548 -8.93936 0.562975 5.06678 80 2 25 10 27296 0 
-27.4198 17.3534 -9.47292 0.562975 5.06678 80 2 25 10 27297 0 
-27.4013 17.3503 -9.30118 0.562975 5.06678 80 2 25 10 27298 0 
-27.3923 17.3488 -9.83129 0.562975 5.06678 80 2 25 10 27299 0 
-27.3738 17.3456 -9.65357 0.562975 5.06678 80 2 25 10 27300 0 
-27.3648 17.3441 -10.1803 0.562975 5.06678 80 2 25 10 27301 0 
-27.3464 17.3408 -9.99675 0.562975 5.06678 80 2 25 10 27302 0 
-27.3374 17.3392 -10.5202 0.562975 5.06678 80 2 25 10 27303 0 
-27.3189 17.3358 -10.3309 0.562975 5.06678 80 2 25 10 27304 0 
-27.31 17.3341 -10.8511 0.562975 5.06678 80 2 25 10 27305 0 
-27.2916 17.3306 -10.6563 0.562975 5.06678 80 2 25 10 27306 0 
-27.2826 17.3289 -11.1733 0.562975 5.06678 80 2 25 10 27307 0 
-27.2642 17.3253 -10.9731 0.562975 5.06678 80 2 25 10 27308 0 
-27.2458 17.3217 -10.7763 0.562975 5.06678 80 2 25 10 27309 0 
-27.2369 17.32 -11.2913 0.562975 5.06678 80 2 25 10 27310 0 
-27.2185 17.3163 -11.0892 0.562975 5.06678 80 2 25 10 27311 0 
-27.2095 17.3146 -11.6011 0.562975 5.06678 80 2 25 10 27312 0 
-27.1911 17.3108 -11.3938 0.562975 5.06678 80 2 25 10 27313 0 
-27.1822 17.309 -11.9026 0.562975 5.06678 80 2 25 10 27314 0 
-27.1639 17.3051 -11.6903 0.562975 5.06678 80 2 25 10 27315 0 
-27.1549 17.3033 -12.1961 0.562975 5.06678 80 2 25 10 27316 0 
-27.1366 17.2993 -11.9789 0.562975 5.06678 80 2 25 10 27317 0 
-27.1277 17.2974 -12.4818 0.562975 5.06678 80 2 25 10 27318 0 
-27.1094 17.2934 -12.2598 0.562975 5.06678 80 2 25 10 27319 0 
-27.091 17.2894 -12.0415 0.562975 5.06678 80 2 25 10 27320 0 
-27.0821 17.2875 -12.5428 0.562975 5.06678 80 2 25 10 27321 0 
-27.0638 17.2834 -12.3197 0.562975 5.06678 80 2 25 10 27322 0 
-27.0549 17.2815 -12.8182 0.562975 5.06678 80 2 25 10 27323 0 
-27.0366 17.2773 -12.5906 0.562975 5.06678 80 2 25 10 27324 0 
-27.0278 17.2753 -13.0862 0.562975 5.06678 80 2 25 10 27325 0 
-27.0095 17.2711 -12.8541 0.562975 5.06678 80 2 25 10 27326 0 
-26.9912 17.2669 -12.6258 0.562975 5.06678 80 2 25 10 27327 0 
-26.9823 17.2649 -13.1201 0.562975 5.06678 80 2 25 10 27328 0 
-26.964 17.2607 -12.8874 0.562975 5.06678 80 2 25 10 27329 0 
-26.9552 17.2586 -13.3789 0.562975 5.06678 80 2 25 10 27330 0 
-26.9369 17.2543 -13.1419 0.562975 5.06678 80 2 25 10 27331 0 
-26.928 17.2522 -13.6307 0.562975 5.06678 80 2 25 10 27332 0 
-26.9098 17.2478 -13.3895 0.562975 5.06678 80 2 25 10 27333 0 
-26.8915 17.2435 -13.1522 0.562975 5.06678 80 2 25 10 27334 0 
-26.8827 17.2414 -13.6399 0.562975 5.06678 80 2 25 10 27335 0 
-26.8645 17.237 -13.3984 0.562975 5.06678 80 2 25 10 27336 0 
-26.8556 17.2349 -13.8834 0.562975 5.06678 80 2 25 10 27337 0 
-26.8374 17.2304 -13.6379 0.562975 5.06678 80 2 25 10 27338 0 
-26.8191 17.2259 -13.3965 0.562975 5.06678 80 2 25 10 27339 0 
-26.8103 17.2238 -13.8804 0.562975 5.06678 80 2 25 10 27340 0 
-26.7921 17.2193 -13.6349 0.562975 5.06678 80 2 25 10 27341 0 
-26.7832 17.2172 -14.1162 0.562975 5.06678 80 2 25 10 27342 0 
-26.765 17.2126 -13.8668 0.562975 5.06678 80 2 25 10 27343 0 
-26.7562 17.2104 -14.3456 0.562975 5.06678 80 2 25 10 27344 0 
-26.738 17.2058 -14.0923 0.562975 5.06678 80 2 25 10 27345 0 
-26.7198 17.2012 -13.8432 0.562975 5.06678 80 2 25 10 27346 0 
-26.711 17.199 -14.3211 0.562975 5.06678 80 2 25 10 27347 0 
-26.6928 17.1944 -14.0682 0.562975 5.06678 80 2 25 10 27348 0 
-26.684 17.1922 -14.5436 0.562975 5.06678 80 2 25 10 27349 0 
-26.6658 17.1875 -14.2869 0.562975 5.06678 80 2 25 10 27350 0 
-26.6476 17.1828 -14.0346 0.562975 5.06678 80 2 25 10 27351 0 
-26.6388 17.1806 -14.5091 0.562975 5.06678 80 2 25 10 27352 0 
-26.6206 17.1759 -14.253 0.562975 5.06678 80 2 25 10 27353 0 
-26.6118 17.1737 -14.7251 0.562975 5.06678 80 2 25 10 27354 0 
-26.5937 17.1689 -14.4654 0.562975 5.06678 80 2 25 10 27355 0 
-26.5755 17.1642 -14.21 0.562975 5.06678 80 2 25 10 27356 0 
-26.5667 17.162 -14.6812 0.562975 5.06678 80 2 25 10 27357 0 
-26.5485 17.1572 -14.4222 0.562975 5.06678 80 2 25 10 27358 0 
-26.5303 17.1525 -14.1675 0.562975 5.06678 80 2 25 10 27359 0 
-26.5215 17.1503 -14.638 0.562975 5.06678 80 2 25 10 27360 0 
-26.5034 17.1456 -14.3797 0.562975 5.06678 80 2 25 10 27361 0 
-26.4945 17.1433 -14.8477 0.562975 5.06678 80 2 25 10 27362 0 
-26.4764 17.1385 -14.5859 0.562975 5.06678 80 2 25 10 27363 0 
-26.4582 17.1338 -14.3284 0.562975 5.06678 80 2 25 10 27364 0 
-26.4494 17.1315 -14.7958 0.562975 5.06678 80 2 25 10 27365 0 
-26.4313 17.1267 -14.5348 0.562975 5.06678 80 2 25 10 27366 0 
-26.4225 17.1245 -14.9997 0.562975 5.06678 80 2 25 10 27367 0 
-26.4043 17.1196 -14.7353 0.562975 5.06678 80 2 25 10 27368 0 
-26.3862 17.1148 -14.4753 0.562975 5.06678 80 2 25 10 27369 0 
-26.3774 17.1126 -14.9396 0.562975 5.06678 80 2 25 10 27370 0 
-26.3593 17.1077 -14.6762 0.562975 5.06678 80 2 25 10 27371 0 
-26.3411 17.103 -14.4171 0.562975 5.06678 80 2 25 10 27372 0 
-26.3323 17.1007 -14.8807 0.562975 5.06678 80 2 25 10 27373 0 
-26.3142 17.0959 -14.6182 0.562975 5.06678 80 2 25 10 27374 0 
-26.3053 17.0936 -15.0795 0.562975 5.06678 80 2 25 10 27375 0 
-26.2872 17.0887 -14.8137 0.562975 5.06678 80 2 25 10 27376 0 
-26.2691 17.0839 -14.5523 0.562975 5.06678 80 2 25 10 27377 0 
-26.2603 17.0816 -15.013 0.562975 5.06678 80 2 25 10 27378 0 
-26.2422 17.0767 -14.7482 0.562975 5.06678 80 2 25 10 27379 0 
-26.224 17.072 -14.4879 0.562975 5.06678 80 2 25 10 27380 0 
-26.2152 17.0697 -14.9479 0.562975 5.06678 80 2 25 10 27381 0 
-26.1971 17.0649 -14.6842 0.562975 5.06678 80 2 25 10 27382 0 
-26.1883 17.0625 -15.142 0.562975 5.06678 80 2 25 10 27383 0 
-26.1701 17.0576 -14.875 0.562975 5.06678 80 2 25 10 27384 0 
-26.152 17.0528 -14.6126 0.562975 5.06678 80 2 25 10 27385 0 
-26.1432 17.0505 -15.0697 0.562975 5.06678 80 2 25 10 27386 0 
-26.1251 17.0456 -14.8039 0.562975 5.06678 80 2 25 10 27387 0 
-26.1069 17.0409 -14.5426 0.562975 5.06678 80 2 25 10 27388 0 
-26.0981 17.0386 -14.9991 0.562975 5.06678 80 2 25 10 27389 0 
-26.08 17.0337 -14.7345 0.562975 5.06678 80 2 25 10 27390 0 
-26.0712 17.0314 -15.1888 0.562975 5.06678 80 2 25 10 27391 0 
-26.0531 17.0265 -14.9211 0.562975 5.06678 80 2 25 10 27392 0 
-26.035 17.0216 -14.6577 0.562975 5.06678 80 2 25 10 27393 0 
-26.0262 17.0193 -15.1115 0.562975 5.06678 80 2 25 10 27394 0 
-26.008 17.0145 -14.8449 0.562975 5.06678 80 2 25 10 27395 0 
-25.9899 17.0096 -14.5829 0.562975 5.06678 80 2 25 10 27396 0 
-25.9811 17.0074 -15.036 0.562975 5.06678 80 2 25 10 27397 0 
-25.963 17.0025 -14.7707 0.562975 5.06678 80 2 25 10 27398 0 
-25.9448 16.9977 -14.5099 0.562975 5.06678 80 2 25 10 27399 0 
-25.936 16.9954 -14.9624 0.562975 5.06678 80 2 25 10 27400 0 
-25.9179 16.9906 -14.6984 0.562975 5.06678 80 2 25 10 27401 0 
-25.9091 16.9883 -15.1487 0.562975 5.06678 80 2 25 10 27402 0 
-25.891 16.9834 -14.8815 0.562975 5.06678 80 2 25 10 27403 0 
-25.8728 16.9785 -14.6188 0.562975 5.06678 80 2 25 10 27404 0 
-25.864 16.9762 -15.0686 0.562975 5.06678 80 2 25 10 27405 0 
-25.8459 16.9714 -14.8027 0.562975 5.06678 80 2 25 10 27406 0 
-25.8278 16.9666 -14.5412 0.562975 5.06678 80 2 25 10 27407 0 
-25.819 16.9643 -14.9905 0.562975 5.06678 80 2 25 10 27408 0 
-25.8008 16.9594 -14.7259 0.562975 5.06678 80 2 25 10 27409 0 
-25.7827 16.9547 -14.4657 0.562975 5.06678 80 2 25 10 27410 0 
-25.7739 16.9524 -14.9144 0.562975 5.06678 80 2 25 10 27411 0 
-25.7557 16.9476 -14.651 0.562975 5.06678 80 2 25 10 27412 0 
-25.7469 16.9453 -15.0976 0.562975 5.06678 80 2 25 10 27413 0 
-25.7288 16.9404 -14.8311 0.562975 5.06678 80 2 25 10 27414 0 
-25.7107 16.9356 -14.5691 0.562975 5.06678 80 2 25 10 27415 0 
-25.7019 16.9333 -15.0152 0.562975 5.06678 80 2 25 10 27416 0 
-25.6837 16.9284 -14.75 0.562975 5.06678 80 2 25 10 27417 0 
-25.6656 16.9236 -14.4893 0.562975 5.06678 80 2 25 10 27418 0 
-25.6568 16.9214 -14.9349 0.562975 5.06678 80 2 25 10 27419 0 
-25.6386 16.9165 -14.6711 0.562975 5.06678 80 2 25 10 27420 0 
-25.6205 16.9118 -14.4117 0.562975 5.06678 80 2 25 10 27421 0 
-25.6117 16.9095 -14.8566 0.562975 5.06678 80 2 25 10 27422 0 
-25.5935 16.9047 -14.5941 0.562975 5.06678 80 2 25 10 27423 0 
-25.5754 16.9 -14.336 0.562975 5.06678 80 2 25 10 27424 0 
-25.5666 16.8977 -14.7804 0.562975 5.06678 80 2 25 10 27425 0 
-25.5484 16.8929 -14.5191 0.562975 5.06678 80 2 25 10 27426 0 
-25.5396 16.8906 -14.9614 0.562975 5.06678 80 2 25 10 27427 0 
-25.5215 16.8858 -14.6971 0.562975 5.06678 80 2 25 10 27428 0 
-25.5033 16.881 -14.4372 0.562975 5.06678 80 2 25 10 27429 0 
-25.4945 16.8788 -14.879 0.562975 5.06678 80 2 25 10 27430 0 
-25.4764 16.874 -14.616 0.562975 5.06678 80 2 25 10 27431 0 
-25.4582 16.8692 -14.3574 0.562975 5.06678 80 2 25 10 27432 0 
-25.4494 16.867 -14.7987 0.562975 5.06678 80 2 25 10 27433 0 
-25.4313 16.8622 -14.537 0.562975 5.06678 80 2 25 10 27434 0 
-25.4131 16.8575 -14.2797 0.562975 5.06678 80 2 25 10 27435 0 
-25.4043 16.8552 -14.7204 0.562975 5.06678 80 2 25 10 27436 0 
-25.3861 16.8504 -14.4601 0.562975 5.06678 80 2 25 10 27437 0 
-25.368 16.8458 -14.204 0.562975 5.06678 80 2 25 10 27438 0 
-25.3591 16.8435 -14.6442 0.562975 5.06678 80 2 25 10 27439 0 
-25.341 16.8388 -14.3851 0.562975 5.06678 80 2 25 10 27440 0 
-25.3322 16.8365 -14.8231 0.562975 5.06678 80 2 25 10 27441 0 
-25.314 16.8317 -14.561 0.562975 5.06678 80 2 25 10 27442 0 
-25.2959 16.827 -14.3032 0.562975 5.06678 80 2 25 10 27443 0 
-25.287 16.8248 -14.7408 0.562975 5.06678 80 2 25 10 27444 0 
-25.2689 16.82 -14.48 0.562975 5.06678 80 2 25 10 27445 0 
-25.2507 16.8153 -14.2235 0.562975 5.06678 80 2 25 10 27446 0 
-25.2419 16.8131 -14.6606 0.562975 5.06678 80 2 25 10 27447 0 
-25.2238 16.8083 -14.4011 0.562975 5.06678 80 2 25 10 27448 0 
-25.2056 16.8036 -14.1459 0.562975 5.06678 80 2 25 10 27449 0 
-25.1968 16.8014 -14.5825 0.562975 5.06678 80 2 25 10 27450 0 
-25.1786 16.7967 -14.3243 0.562975 5.06678 80 2 25 10 27451 0 
-25.1604 16.792 -14.0703 0.562975 5.06678 80 2 25 10 27452 0 
-25.1516 16.7898 -14.5064 0.562975 5.06678 80 2 25 10 27453 0 
-25.1334 16.7851 -14.2494 0.562975 5.06678 80 2 25 10 27454 0 
-25.1152 16.7805 -13.9967 0.562975 5.06678 80 2 25 10 27455 0 
-25.1064 16.7783 -14.4321 0.562975 5.06678 80 2 25 10 27456 0 
-25.0882 16.7736 -14.1764 0.562975 5.06678 80 2 25 10 27457 0 
-25.07 16.769 -13.9249 0.562975 5.06678 80 2 25 10 27458 0 
-25.0612 16.7668 -14.3598 0.562975 5.06678 80 2 25 10 27459 0 
-25.043 16.7622 -14.1052 0.562975 5.06678 80 2 25 10 27460 0 
-25.0342 16.76 -14.538 0.562975 5.06678 80 2 25 10 27461 0 
-25.016 16.7553 -14.2804 0.562975 5.06678 80 2 25 10 27462 0 
-24.9978 16.7506 -14.0271 0.562975 5.06678 80 2 25 10 27463 0 
-24.989 16.7484 -14.4594 0.562975 5.06678 80 2 25 10 27464 0 
-24.9708 16.7437 -14.2031 0.562975 5.06678 80 2 25 10 27465 0 
-24.9526 16.7391 -13.9511 0.562975 5.06678 80 2 25 10 27466 0 
-24.9438 16.7369 -14.3828 0.562975 5.06678 80 2 25 10 27467 0 
-24.9256 16.7323 -14.1278 0.562975 5.06678 80 2 25 10 27468 0 
-24.9074 16.7277 -13.877 0.562975 5.06678 80 2 25 10 27469 0 
-24.8986 16.7255 -14.3082 0.562975 5.06678 80 2 25 10 27470 0 
-24.8804 16.7209 -14.0543 0.562975 5.06678 80 2 25 10 27471 0 
-24.8622 16.7163 -13.8047 0.562975 5.06678 80 2 25 10 27472 0 
-24.8534 16.7142 -14.2354 0.562975 5.06678 80 2 25 10 27473 0 
-24.8352 16.7095 -13.9828 0.562975 5.06678 80 2 25 10 27474 0 
-24.817 16.705 -13.7343 0.562975 5.06678 80 2 25 10 27475 0 
-24.8081 16.7028 -14.1644 0.562975 5.06678 80 2 25 10 27476 0 
-24.7899 16.6983 -13.9129 0.562975 5.06678 80 2 25 10 27477 0 
-24.7717 16.6937 -13.6656 0.562975 5.06678 80 2 25 10 27478 0 
-24.7629 16.6916 -14.0952 0.562975 5.06678 80 2 25 10 27479 0 
-24.7447 16.687 -13.8448 0.562975 5.06678 80 2 25 10 27480 0 
-24.7358 16.6848 -14.2722 0.562975 5.06678 80 2 25 10 27481 0 
-24.7177 16.6802 -14.0189 0.562975 5.06678 80 2 25 10 27482 0 
-24.6995 16.6757 -13.7698 0.562975 5.06678 80 2 25 10 27483 0 
-24.6906 16.6735 -14.1967 0.562975 5.06678 80 2 25 10 27484 0 
-24.6724 16.6689 -13.9446 0.562975 5.06678 80 2 25 10 27485 0 
-24.6542 16.6644 -13.6967 0.562975 5.06678 80 2 25 10 27486 0 
-24.6454 16.6622 -14.1231 0.562975 5.06678 80 2 25 10 27487 0 
-24.6272 16.6576 -13.8722 0.562975 5.06678 80 2 25 10 27488 0 
-24.6089 16.6531 -13.6255 0.562975 5.06678 80 2 25 10 27489 0 
-24.6001 16.651 -14.0513 0.562975 5.06678 80 2 25 10 27490 0 
-24.5819 16.6464 -13.8016 0.562975 5.06678 80 2 25 10 27491 0 
-24.5637 16.642 -13.556 0.562975 5.06678 80 2 25 10 27492 0 
-24.5548 16.6398 -13.9813 0.562975 5.06678 80 2 25 10 27493 0 
-24.5366 16.6353 -13.7327 0.562975 5.06678 80 2 25 10 27494 0 
-24.5184 16.6308 -13.4882 0.562975 5.06678 80 2 25 10 27495 0 
-24.5095 16.6287 -13.9129 0.562975 5.06678 80 2 25 10 27496 0 
-24.4913 16.6242 -13.6655 0.562975 5.06678 80 2 25 10 27497 0 
-24.4731 16.6198 -13.4221 0.562975 5.06678 80 2 25 10 27498 0 
-24.4642 16.6177 -13.8462 0.562975 5.06678 80 2 25 10 27499 0 
-24.446 16.6132 -13.5998 0.562975 5.06678 80 2 25 10 27500 0 
-24.4278 16.6088 -13.3575 0.562975 5.06678 80 2 25 10 27501 0 
-24.4189 16.6067 -13.7811 0.562975 5.06678 80 2 25 10 27502 0 
-24.4007 16.6022 -13.5357 0.562975 5.06678 80 2 25 10 27503 0 
-24.3825 16.5978 -13.2945 0.562975 5.06678 80 2 25 10 27504 0 
-24.3736 16.5957 -13.7174 0.562975 5.06678 80 2 25 10 27505 0 
-24.3554 16.5913 -13.4731 0.562975 5.06678 80 2 25 10 27506 0 
-24.3371 16.5869 -13.2329 0.562975 5.06678 80 2 25 10 27507 0 
-24.3283 16.5848 -13.6552 0.562975 5.06678 80 2 25 10 27508 0 
-24.31 16.5804 -13.4119 0.562975 5.06678 80 2 25 10 27509 0 
-24.3012 16.5783 -13.8322 0.562975 5.06678 80 2 25 10 27510 0 
-24.283 16.5738 -13.5859 0.562975 5.06678 80 2 25 10 27511 0 
-24.2647 16.5694 -13.3438 0.562975 5.06678 80 2 25 10 27512 0 
-24.2559 16.5673 -13.7635 0.562975 5.06678 80 2 25 10 27513 0 
-24.2376 16.5628 -13.5183 0.562975 5.06678 80 2 25 10 27514 0 
-24.2194 16.5584 -13.2773 0.562975 5.06678 80 2 25 10 27515 0 
-24.2105 16.5563 -13.6964 0.562975 5.06678 80 2 25 10 27516 0 
-24.1923 16.5519 -13.4524 0.562975 5.06678 80 2 25 10 27517 0 
-24.174 16.5475 -13.2124 0.562975 5.06678 80 2 25 10 27518 0 
-24.1652 16.5454 -13.6309 0.562975 5.06678 80 2 25 10 27519 0 
-24.147 16.541 -13.3879 0.562975 5.06678 80 2 25 10 27520 0 
-24.1287 16.5367 -13.149 0.562975 5.06678 80 2 25 10 27521 0 
-24.1198 16.5346 -13.567 0.562975 5.06678 80 2 25 10 27522 0 
-24.1016 16.5302 -13.325 0.562975 5.06678 80 2 25 10 27523 0 
-24.0833 16.5259 -13.0871 0.562975 5.06678 80 2 25 10 27524 0 
-24.0745 16.5238 -13.5045 0.562975 5.06678 80 2 25 10 27525 0 
-24.0562 16.5194 -13.2635 0.562975 5.06678 80 2 25 10 27526 0 
-24.038 16.5151 -13.0266 0.562975 5.06678 80 2 25 10 27527 0 
-24.0291 16.5131 -13.4434 0.562975 5.06678 80 2 25 10 27528 0 
-24.0108 16.5087 -13.2034 0.562975 5.06678 80 2 25 10 27529 0 
-23.9926 16.5044 -12.9675 0.562975 5.06678 80 2 25 10 27530 0 
-23.9837 16.5024 -13.3836 0.562975 5.06678 80 2 25 10 27531 0 
-23.9654 16.498 -13.1447 0.562975 5.06678 80 2 25 10 27532 0 
-23.9472 16.4938 -12.9097 0.562975 5.06678 80 2 25 10 27533 0 
-23.9383 16.4917 -13.3252 0.562975 5.06678 80 2 25 10 27534 0 
-23.92 16.4874 -13.0872 0.562975 5.06678 80 2 25 10 27535 0 
-23.9018 16.4832 -12.8531 0.562975 5.06678 80 2 25 10 27536 0 
-23.8929 16.4811 -13.268 0.562975 5.06678 80 2 25 10 27537 0 
-23.8746 16.4768 -13.0309 0.562975 5.06678 80 2 25 10 27538 0 
-23.8563 16.4726 -12.7977 0.562975 5.06678 80 2 25 10 27539 0 
-23.8475 16.4706 -13.212 0.562975 5.06678 80 2 25 10 27540 0 
-23.8292 16.4663 -12.9758 0.562975 5.06678 80 2 25 10 27541 0 
-23.8109 16.4621 -12.7435 0.562975 5.06678 80 2 25 10 27542 0 
-23.802 16.4601 -13.1572 0.562975 5.06678 80 2 25 10 27543 0 
-23.7838 16.4558 -12.9219 0.562975 5.06678 80 2 25 10 27544 0 
-23.7655 16.4516 -12.6905 0.562975 5.06678 80 2 25 10 27545 0 
-23.7566 16.4496 -13.1034 0.562975 5.06678 80 2 25 10 27546 0 
-23.7383 16.4453 -12.869 0.562975 5.06678 80 2 25 10 27547 0 
-23.7295 16.4433 -13.2799 0.562975 5.06678 80 2 25 10 27548 0 
-23.7112 16.439 -13.0425 0.562975 5.06678 80 2 25 10 27549 0 
-23.6929 16.4348 -12.8091 0.562975 5.06678 80 2 25 10 27550 0 
-23.684 16.4328 -13.2194 0.562975 5.06678 80 2 25 10 27551 0 
-23.6658 16.4285 -12.983 0.562975 5.06678 80 2 25 10 27552 0 
-23.6475 16.4243 -12.7505 0.562975 5.06678 80 2 25 10 27553 0 
-23.6386 16.4222 -13.1603 0.562975 5.06678 80 2 25 10 27554 0 
-23.6203 16.418 -12.9248 0.562975 5.06678 80 2 25 10 27555 0 
-23.602 16.4138 -12.6933 0.562975 5.06678 80 2 25 10 27556 0 
-23.5932 16.4118 -13.1024 0.562975 5.06678 80 2 25 10 27557 0 
-23.5749 16.4075 -12.8679 0.562975 5.06678 80 2 25 10 27558 0 
-23.5566 16.4033 -12.6373 0.562975 5.06678 80 2 25 10 27559 0 
-23.5477 16.4013 -13.0458 0.562975 5.06678 80 2 25 10 27560 0 
-23.5294 16.3971 -12.8122 0.562975 5.06678 80 2 25 10 27561 0 
-23.5111 16.393 -12.5824 0.562975 5.06678 80 2 25 10 27562 0 
-23.5022 16.391 -12.9903 0.562975 5.06678 80 2 25 10 27563 0 
-23.484 16.3867 -12.7576 0.562975 5.06678 80 2 25 10 27564 0 
-23.4657 16.3826 -12.5288 0.562975 5.06678 80 2 25 10 27565 0 
-23.4568 16.3806 -12.936 0.562975 5.06678 80 2 25 10 27566 0 
-23.4385 16.3764 -12.7042 0.562975 5.06678 80 2 25 10 27567 0 
-23.4202 16.3723 -12.4762 0.562975 5.06678 80 2 25 10 27568 0 
-23.4113 16.3703 -12.8828 0.562975 5.06678 80 2 25 10 27569 0 
-23.393 16.3661 -12.6518 0.562975 5.06678 80 2 25 10 27570 0 
-23.3747 16.362 -12.4247 0.562975 5.06678 80 2 25 10 27571 0 
-23.3658 16.3601 -12.8307 0.562975 5.06678 80 2 25 10 27572 0 
-23.3475 16.3559 -12.6005 0.562975 5.06678 80 2 25 10 27573 0 
-23.3292 16.3518 -12.3742 0.562975 5.06678 80 2 25 10 27574 0 
-23.3203 16.3499 -12.7795 0.562975 5.06678 80 2 25 10 27575 0 
-23.302 16.3457 -12.5502 0.562975 5.06678 80 2 25 10 27576 0 
-23.2837 16.3416 -12.3247 0.562975 5.06678 80 2 25 10 27577 0 
-23.2748 16.3397 -12.7294 0.562975 5.06678 80 2 25 10 27578 0 
-23.2565 16.3356 -12.5009 0.562975 5.06678 80 2 25 10 27579 0 
-23.2382 16.3315 -12.2762 0.562975 5.06678 80 2 25 10 27580 0 
-23.2293 16.3296 -12.6802 0.562975 5.06678 80 2 25 10 27581 0 
-23.211 16.3254 -12.4525 0.562975 5.06678 80 2 25 10 27582 0 
-23.1926 16.3214 -12.2286 0.562975 5.06678 80 2 25 10 27583 0 
-23.1837 16.3195 -12.6319 0.562975 5.06678 80 2 25 10 27584 0 
-23.1654 16.3154 -12.4049 0.562975 5.06678 80 2 25 10 27585 0 
-23.1471 16.3113 -12.1818 0.562975 5.06678 80 2 25 10 27586 0 
-23.1382 16.3094 -12.5844 0.562975 5.06678 80 2 25 10 27587 0 
-23.1199 16.3053 -12.3583 0.562975 5.06678 80 2 25 10 27588 0 
-23.1016 16.3013 -12.1359 0.562975 5.06678 80 2 25 10 27589 0 
-23.0927 16.2994 -12.5378 0.562975 5.06678 80 2 25 10 27590 0 
-23.0743 16.2953 -12.3124 0.562975 5.06678 80 2 25 10 27591 0 
-23.056 16.2913 -12.0908 0.562975 5.06678 80 2 25 10 27592 0 
-23.0471 16.2894 -12.492 0.562975 5.06678 80 2 25 10 27593 0 
-23.0288 16.2854 -12.2674 0.562975 5.06678 80 2 25 10 27594 0 
-23.0105 16.2814 -12.0464 0.562975 5.06678 80 2 25 10 27595 0 
-23.0016 16.2795 -12.447 0.562975 5.06678 80 2 25 10 27596 0 
-22.9832 16.2754 -12.2231 0.562975 5.06678 80 2 25 10 27597 0 
-22.9649 16.2715 -12.0028 0.562975 5.06678 80 2 25 10 27598 0 
-22.956 16.2696 -12.4027 0.562975 5.06678 80 2 25 10 27599 0 
-22.9377 16.2655 -12.1795 0.562975 5.06678 80 2 25 10 27600 0 
-22.9193 16.2616 -11.96 0.562975 5.06678 80 2 25 10 27601 0 
-22.9104 16.2597 -12.3592 0.562975 5.06678 80 2 25 10 27602 0 
-22.8921 16.2557 -12.1366 0.562975 5.06678 80 2 25 10 27603 0 
-22.8737 16.2517 -11.9178 0.562975 5.06678 80 2 25 10 27604 0 
-22.8648 16.2498 -12.3163 0.562975 5.06678 80 2 25 10 27605 0 
-22.8465 16.2458 -12.0944 0.562975 5.06678 80 2 25 10 27606 0 
-22.8282 16.2419 -11.8763 0.562975 5.06678 80 2 25 10 27607 0 
-22.8193 16.24 -12.2741 0.562975 5.06678 80 2 25 10 27608 0 
-22.8009 16.236 -12.0529 0.562975 5.06678 80 2 25 10 27609 0 
-22.7826 16.2321 -11.8354 0.562975 5.06678 80 2 25 10 27610 0 
-22.7737 16.2303 -12.2325 0.562975 5.06678 80 2 25 10 27611 0 
-22.7553 16.2263 -12.012 0.562975 5.06678 80 2 25 10 27612 0 
-22.737 16.2224 -11.7952 0.562975 5.06678 80 2 25 10 27613 0 
-22.7281 16.2205 -12.1915 0.562975 5.06678 80 2 25 10 27614 0 
-22.7097 16.2166 -11.9717 0.562975 5.06678 80 2 25 10 27615 0 
-22.7008 16.2147 -12.3661 0.562975 5.06678 80 2 25 10 27616 0 
-22.6825 16.2106 -12.1433 0.562975 5.06678 80 2 25 10 27617 0 
-22.6641 16.2067 -11.9243 0.562975 5.06678 80 2 25 10 27618 0 
-22.6458 16.2028 -11.7089 0.562975 5.06678 80 2 25 10 27619 0 
-22.6369 16.201 -12.1038 0.562975 5.06678 80 2 25 10 27620 0 
-22.6185 16.197 -11.8854 0.562975 5.06678 80 2 25 10 27621 0 
-22.6096 16.1952 -12.2784 0.562975 5.06678 80 2 25 10 27622 0 
-22.5913 16.1912 -12.0571 0.562975 5.06678 80 2 25 10 27623 0 
-22.5729 16.1873 -11.8394 0.562975 5.06678 80 2 25 10 27624 0 
-22.564 16.1854 -12.2318 0.562975 5.06678 80 2 25 10 27625 0 
-22.5457 16.1814 -12.0112 0.562975 5.06678 80 2 25 10 27626 0 
-22.5273 16.1775 -11.7942 0.562975 5.06678 80 2 25 10 27627 0 
-22.5089 16.1737 -11.5809 0.562975 5.06678 80 2 25 10 27628 0 
-22.5 16.1718 -11.9738 0.562975 5.06678 80 2 25 10 27629 0 
-22.4817 16.168 -11.7575 0.562975 5.06678 80 2 25 10 27630 0 
-22.4728 16.1661 -12.1485 0.562975 5.06678 80 2 25 10 27631 0 
-22.4544 16.1621 -11.9292 0.562975 5.06678 80 2 25 10 27632 0 
-22.4361 16.1583 -11.7136 0.562975 5.06678 80 2 25 10 27633 0 
-22.4177 16.1545 -11.5015 0.562975 5.06678 80 2 25 10 27634 0 
-22.4088 16.1526 -11.8931 0.562975 5.06678 80 2 25 10 27635 0 
-22.3904 16.1488 -11.678 0.562975 5.06678 80 2 25 10 27636 0 
-22.3815 16.1469 -12.0676 0.562975 5.06678 80 2 25 10 27637 0 
-22.3631 16.143 -11.8496 0.562975 5.06678 80 2 25 10 27638 0 
-22.3448 16.1392 -11.6353 0.562975 5.06678 80 2 25 10 27639 0 
-22.3359 16.1373 -12.0241 0.562975 5.06678 80 2 25 10 27640 0 
-22.3175 16.1334 -11.8069 0.562975 5.06678 80 2 25 10 27641 0 
-22.2991 16.1296 -11.5932 0.562975 5.06678 80 2 25 10 27642 0 
-22.2808 16.1258 -11.3831 0.562975 5.06678 80 2 25 10 27643 0 
-22.2718 16.124 -11.7725 0.562975 5.06678 80 2 25 10 27644 0 
-22.2535 16.1202 -11.5594 0.562975 5.06678 80 2 25 10 27645 0 
-22.2445 16.1184 -11.9469 0.562975 5.06678 80 2 25 10 27646 0 
-22.2262 16.1145 -11.7308 0.562975 5.06678 80 2 25 10 27647 0 
-22.2078 16.1107 -11.5184 0.562975 5.06678 80 2 25 10 27648 0 
-22.1894 16.1069 -11.3095 0.562975 5.06678 80 2 25 10 27649 0 
-22.1805 16.1051 -11.6974 0.562975 5.06678 80 2 25 10 27650 0 
-22.1621 16.1013 -11.4855 0.562975 5.06678 80 2 25 10 27651 0 
-22.1532 16.0995 -11.8716 0.562975 5.06678 80 2 25 10 27652 0 
-22.1348 16.0956 -11.6567 0.562975 5.06678 80 2 25 10 27653 0 
-22.1165 16.0919 -11.4455 0.562975 5.06678 80 2 25 10 27654 0 
-22.0981 16.0881 -11.2377 0.562975 5.06678 80 2 25 10 27655 0 
-22.0891 16.0864 -11.6243 0.562975 5.06678 80 2 25 10 27656 0 
-22.0708 16.0826 -11.4135 0.562975 5.06678 80 2 25 10 27657 0 
-22.0524 16.0789 -11.2063 0.562975 5.06678 80 2 25 10 27658 0 
-22.0434 16.0771 -11.5921 0.562975 5.06678 80 2 25 10 27659 0 
-22.0251 16.0733 -11.3818 0.562975 5.06678 80 2 25 10 27660 0 
-22.0161 16.0715 -11.7657 0.562975 5.06678 80 2 25 10 27661 0 
-21.9978 16.0677 -11.5525 0.562975 5.06678 80 2 25 10 27662 0 
-21.9794 16.0639 -11.3429 0.562975 5.06678 80 2 25 10 27663 0 
-21.961 16.0603 -11.1368 0.562975 5.06678 80 2 25 10 27664 0 
-21.9521 16.0585 -11.5211 0.562975 5.06678 80 2 25 10 27665 0 
-21.9337 16.0548 -11.312 0.562975 5.06678 80 2 25 10 27666 0 
-21.9153 16.0511 -11.1064 0.562975 5.06678 80 2 25 10 27667 0 
-21.9063 16.0493 -11.49 0.562975 5.06678 80 2 25 10 27668 0 
-21.8879 16.0456 -11.2814 0.562975 5.06678 80 2 25 10 27669 0 
-21.8695 16.0419 -11.0762 0.562975 5.06678 80 2 25 10 27670 0 
-21.8606 16.0402 -11.459 0.562975 5.06678 80 2 25 10 27671 0 
-21.8422 16.0364 -11.2509 0.562975 5.06678 80 2 25 10 27672 0 
-21.8238 16.0328 -11.0463 0.562975 5.06678 80 2 25 10 27673 0 
-21.8149 16.031 -11.4283 0.562975 5.06678 80 2 25 10 27674 0 
-21.7965 16.0273 -11.2207 0.562975 5.06678 80 2 25 10 27675 0 
-21.7781 16.0237 -11.0165 0.562975 5.06678 80 2 25 10 27676 0 
-21.7692 16.0219 -11.3978 0.562975 5.06678 80 2 25 10 27677 0 
-21.7508 16.0182 -11.1907 0.562975 5.06678 80 2 25 10 27678 0 
-21.7323 16.0146 -10.987 0.562975 5.06678 80 2 25 10 27679 0 
-21.7234 16.0128 -11.3675 0.562975 5.06678 80 2 25 10 27680 0 
-21.705 16.0091 -11.1609 0.562975 5.06678 80 2 25 10 27681 0 
-21.6866 16.0055 -10.9576 0.562975 5.06678 80 2 25 10 27682 0 
-21.6777 16.0038 -11.3374 0.562975 5.06678 80 2 25 10 27683 0 
-21.6593 16.0001 -11.1312 0.562975 5.06678 80 2 25 10 27684 0 
-21.6409 15.9965 -10.9285 0.562975 5.06678 80 2 25 10 27685 0 
-21.6319 15.9947 -11.3075 0.562975 5.06678 80 2 25 10 27686 0 
-21.6135 15.9911 -11.1018 0.562975 5.06678 80 2 25 10 27687 0 
-21.5951 15.9874 -10.8995 0.562975 5.06678 80 2 25 10 27688 0 
-21.5862 15.9857 -11.2778 0.562975 5.06678 80 2 25 10 27689 0 
-21.5678 15.9821 -11.0725 0.562975 5.06678 80 2 25 10 27690 0 
-21.5494 15.9785 -10.8707 0.562975 5.06678 80 2 25 10 27691 0 
-21.5404 15.9767 -11.2482 0.562975 5.06678 80 2 25 10 27692 0 
-21.522 15.9731 -11.0434 0.562975 5.06678 80 2 25 10 27693 0 
-21.5036 15.9695 -10.8421 0.562975 5.06678 80 2 25 10 27694 0 
-21.4947 15.9678 -11.2188 0.562975 5.06678 80 2 25 10 27695 0 
-21.4762 15.9641 -11.0145 0.562975 5.06678 80 2 25 10 27696 0 
-21.4578 15.9605 -10.8136 0.562975 5.06678 80 2 25 10 27697 0 
-21.4489 15.9588 -11.1896 0.562975 5.06678 80 2 25 10 27698 0 
-21.4305 15.9552 -10.9858 0.562975 5.06678 80 2 25 10 27699 0 
-21.4121 15.9516 -10.7853 0.562975 5.06678 80 2 25 10 27700 0 
-21.4031 15.9499 -11.1606 0.562975 5.06678 80 2 25 10 27701 0 
-21.3847 15.9463 -10.9572 0.562975 5.06678 80 2 25 10 27702 0 
-21.3663 15.9427 -10.7571 0.562975 5.06678 80 2 25 10 27703 0 
-21.3479 15.9392 -10.5605 0.562975 5.06678 80 2 25 10 27704 0 
-21.3389 15.9375 -10.9361 0.562975 5.06678 80 2 25 10 27705 0 
-21.3205 15.934 -10.7364 0.562975 5.06678 80 2 25 10 27706 0 
-21.302 15.9305 -10.54 0.562975 5.06678 80 2 25 10 27707 0 
-21.2836 15.927 -10.3469 0.562975 5.06678 80 2 25 10 27708 0 
-21.2747 15.9254 -10.7228 0.562975 5.06678 80 2 25 10 27709 0 
-21.2562 15.9219 -10.5266 0.562975 5.06678 80 2 25 10 27710 0 
-21.2378 15.9185 -10.3337 0.562975 5.06678 80 2 25 10 27711 0 
-21.2288 15.9169 -10.7088 0.562975 5.06678 80 2 25 10 27712 0 
-21.2104 15.9134 -10.5128 0.562975 5.06678 80 2 25 10 27713 0 
-21.1919 15.91 -10.3201 0.562975 5.06678 80 2 25 10 27714 0 
-21.1735 15.9066 -10.1306 0.562975 5.06678 80 2 25 10 27715 0 
-21.1645 15.905 -10.5059 0.562975 5.06678 80 2 25 10 27716 0 
-21.1461 15.9016 -10.3132 0.562975 5.06678 80 2 25 10 27717 0 
-21.1276 15.8982 -10.1238 0.562975 5.06678 80 2 25 10 27718 0 
-21.1091 15.8949 -9.93757 0.562975 5.06678 80 2 25 10 27719 0 
-21.1002 15.8933 -10.313 0.562975 5.06678 80 2 25 10 27720 0 
-21.0817 15.89 -10.1235 0.562975 5.06678 80 2 25 10 27721 0 
-21.0632 15.8867 -9.93724 0.562975 5.06678 80 2 25 10 27722 0 
-21.0448 15.8834 -9.75405 0.562975 5.06678 80 2 25 10 27723 0 
-21.0358 15.8819 -10.1295 0.562975 5.06678 80 2 25 10 27724 0 
-21.0173 15.8786 -9.94309 0.562975 5.06678 80 2 25 10 27725 0 
-20.9989 15.8754 -9.75978 0.562975 5.06678 80 2 25 10 27726 0 
-20.9804 15.8722 -9.57952 0.562975 5.06678 80 2 25 10 27727 0 
-20.9714 15.8707 -9.95497 0.562975 5.06678 80 2 25 10 27728 0 
-20.9529 15.8674 -9.77144 0.562975 5.06678 80 2 25 10 27729 0 
-20.9344 15.8642 -9.59096 0.562975 5.06678 80 2 25 10 27730 0 
-20.9159 15.8611 -9.41348 0.562975 5.06678 80 2 25 10 27731 0 
-20.907 15.8596 -9.78888 0.562975 5.06678 80 2 25 10 27732 0 
-20.8885 15.8564 -9.60808 0.562975 5.06678 80 2 25 10 27733 0 
-20.87 15.8533 -9.43029 0.562975 5.06678 80 2 25 10 27734 0 
-20.8515 15.8502 -9.25545 0.562975 5.06678 80 2 25 10 27735 0 
-20.8425 15.8488 -9.63074 0.562975 5.06678 80 2 25 10 27736 0 
-20.824 15.8456 -9.45255 0.562975 5.06678 80 2 25 10 27737 0 
-20.8055 15.8426 -9.27732 0.562975 5.06678 80 2 25 10 27738 0 
-20.787 15.8395 -9.10499 0.562975 5.06678 80 2 25 10 27739 0 
-20.7781 15.8381 -9.48012 0.562975 5.06678 80 2 25 10 27740 0 
-20.7596 15.835 -9.3044 0.562975 5.06678 80 2 25 10 27741 0 
-20.741 15.832 -9.13161 0.562975 5.06678 80 2 25 10 27742 0 
-20.7225 15.829 -8.96168 0.562975 5.06678 80 2 25 10 27743 0 
-20.704 15.8261 -8.79458 0.562975 5.06678 80 2 25 10 27744 0 
-20.695 15.8247 -9.17038 0.562975 5.06678 80 2 25 10 27745 0 
-20.6765 15.8217 -8.99979 0.562975 5.06678 80 2 25 10 27746 0 
-20.658 15.8188 -8.83203 0.562975 5.06678 80 2 25 10 27747 0 
-20.6394 15.8159 -8.66706 0.562975 5.06678 80 2 25 10 27748 0 
-20.6305 15.8145 -9.04253 0.562975 5.06678 80 2 25 10 27749 0 
-20.6119 15.8116 -8.87404 0.562975 5.06678 80 2 25 10 27750 0 
-20.5934 15.8087 -8.70834 0.562975 5.06678 80 2 25 10 27751 0 
-20.5749 15.8058 -8.5454 0.562975 5.06678 80 2 25 10 27752 0 
-20.5659 15.8045 -8.9205 0.562975 5.06678 80 2 25 10 27753 0 
-20.5474 15.8016 -8.75401 0.562975 5.06678 80 2 25 10 27754 0 
-20.5288 15.7987 -8.59029 0.562975 5.06678 80 2 25 10 27755 0 
-20.5103 15.7959 -8.42928 0.562975 5.06678 80 2 25 10 27756 0 
-20.4917 15.7932 -8.27095 0.562975 5.06678 80 2 25 10 27757 0 
-20.4828 15.7919 -8.64648 0.562975 5.06678 80 2 25 10 27758 0 
-20.4642 15.7891 -8.48452 0.562975 5.06678 80 2 25 10 27759 0 
-20.4457 15.7863 -8.32524 0.562975 5.06678 80 2 25 10 27760 0 
-20.4271 15.7836 -8.16862 0.562975 5.06678 80 2 25 10 27761 0 
-20.4182 15.7823 -8.54363 0.562975 5.06678 80 2 25 10 27762 0 
-20.3996 15.7795 -8.38336 0.562975 5.06678 80 2 25 10 27763 0 
-20.381 15.7768 -8.22574 0.562975 5.06678 80 2 25 10 27764 0 
-20.3625 15.7741 -8.07074 0.562975 5.06678 80 2 25 10 27765 0 
-20.3439 15.7714 -7.91832 0.562975 5.06678 80 2 25 10 27766 0 
-20.335 15.7702 -8.29358 0.562975 5.06678 80 2 25 10 27767 0 
-20.3164 15.7675 -8.13743 0.562975 5.06678 80 2 25 10 27768 0 
-20.2978 15.7648 -7.98387 0.562975 5.06678 80 2 25 10 27769 0 
-20.2792 15.7622 -7.83287 0.562975 5.06678 80 2 25 10 27770 0 
-20.2606 15.7597 -7.68437 0.562975 5.06678 80 2 25 10 27771 0 
-20.2517 15.7585 -8.05977 0.562975 5.06678 80 2 25 10 27772 0 
-20.2331 15.7558 -7.90748 0.562975 5.06678 80 2 25 10 27773 0 
-20.2145 15.7533 -7.75771 0.562975 5.06678 80 2 25 10 27774 0 
-20.196 15.7507 -7.61044 0.562975 5.06678 80 2 25 10 27775 0 
-20.1774 15.7482 -7.46561 0.562975 5.06678 80 2 25 10 27776 0 
-20.1684 15.7471 -7.84103 0.562975 5.06678 80 2 25 10 27777 0 
-20.1498 15.7445 -7.69234 0.562975 5.06678 80 2 25 10 27778 0 
-20.1312 15.742 -7.54613 0.562975 5.06678 80 2 25 10 27779 0 
-20.1126 15.7395 -7.40235 0.562975 5.06678 80 2 25 10 27780 0 
-20.094 15.7371 -7.26095 0.562975 5.06678 80 2 25 10 27781 0 
-20.0851 15.736 -7.63628 0.562975 5.06678 80 2 25 10 27782 0 
-20.0665 15.7335 -7.49098 0.562975 5.06678 80 2 25 10 27783 0 
-20.0479 15.731 -7.34808 0.562975 5.06678 80 2 25 10 27784 0 
-20.0293 15.7286 -7.20756 0.562975 5.06678 80 2 25 10 27785 0 
-20.0107 15.7263 -7.06937 0.562975 5.06678 80 2 25 10 27786 0 
-20.0018 15.7252 -7.44453 0.562975 5.06678 80 2 25 10 27787 0 
-19.9832 15.7228 -7.30238 0.562975 5.06678 80 2 25 10 27788 0 
-19.9646 15.7204 -7.1626 0.562975 5.06678 80 2 25 10 27789 0 
-19.9459 15.718 -7.02513 0.562975 5.06678 80 2 25 10 27790 0 
-19.9273 15.7157 -6.88995 0.562975 5.06678 80 2 25 10 27791 0 
-19.9087 15.7135 -6.75701 0.562975 5.06678 80 2 25 10 27792 0 
-19.8998 15.7124 -7.13254 0.562975 5.06678 80 2 25 10 27793 0 
-19.8812 15.7101 -6.99555 0.562975 5.06678 80 2 25 10 27794 0 
-19.8626 15.7078 -6.86083 0.562975 5.06678 80 2 25 10 27795 0 
-19.8439 15.7056 -6.72835 0.562975 5.06678 80 2 25 10 27796 0 
-19.8253 15.7034 -6.59808 0.562975 5.06678 80 2 25 10 27797 0 
-19.8164 15.7023 -6.9732 0.562975 5.06678 80 2 25 10 27798 0 
-19.7978 15.7001 -6.83882 0.562975 5.06678 80 2 25 10 27799 0 
-19.7791 15.6978 -6.70669 0.562975 5.06678 80 2 25 10 27800 0 
-19.7605 15.6956 -6.57674 0.562975 5.06678 80 2 25 10 27801 0 
-19.7419 15.6935 -6.44895 0.562975 5.06678 80 2 25 10 27802 0 
-19.7232 15.6914 -6.32329 0.562975 5.06678 80 2 25 10 27803 0 
-19.7143 15.6904 -6.69851 0.562975 5.06678 80 2 25 10 27804 0 
-19.6957 15.6882 -6.56867 0.562975 5.06678 80 2 25 10 27805 0 
-19.6771 15.6861 -6.44099 0.562975 5.06678 80 2 25 10 27806 0 
-19.6584 15.684 -6.31543 0.562975 5.06678 80 2 25 10 27807 0 
-19.6398 15.6819 -6.19196 0.562975 5.06678 80 2 25 10 27808 0 
-19.6211 15.6799 -6.07054 0.562975 5.06678 80 2 25 10 27809 0 
-19.6123 15.6789 -6.4457 0.562975 5.06678 80 2 25 10 27810 0 
-19.5936 15.6768 -6.32003 0.562975 5.06678 80 2 25 10 27811 0 
-19.575 15.6748 -6.19646 0.562975 5.06678 80 2 25 10 27812 0 
-19.5563 15.6727 -6.07493 0.562975 5.06678 80 2 25 10 27813 0 
-19.5376 15.6707 -5.95543 0.562975 5.06678 80 2 25 10 27814 0 
-19.519 15.6688 -5.8379 0.562975 5.06678 80 2 25 10 27815 0 
-19.5003 15.6669 -5.72233 0.562975 5.06678 80 2 25 10 27816 0 
-19.4915 15.666 -6.09779 0.562975 5.06678 80 2 25 10 27817 0 
-19.4728 15.664 -5.97788 0.562975 5.06678 80 2 25 10 27818 0 
-19.4541 15.6621 -5.85996 0.562975 5.06678 80 2 25 10 27819 0 
-19.4355 15.6601 -5.74399 0.562975 5.06678 80 2 25 10 27820 0 
-19.4168 15.6583 -5.62996 0.562975 5.06678 80 2 25 10 27821 0 
-19.3981 15.6564 -5.51781 0.562975 5.06678 80 2 25 10 27822 0 
-19.3893 15.6556 -5.89286 0.562975 5.06678 80 2 25 10 27823 0 
-19.3706 15.6536 -5.77632 0.562975 5.06678 80 2 25 10 27824 0 
-19.352 15.6518 -5.66172 0.562975 5.06678 80 2 25 10 27825 0 
-19.3333 15.6499 -5.54902 0.562975 5.06678 80 2 25 10 27826 0 
-19.3146 15.6481 -5.43819 0.562975 5.06678 80 2 25 10 27827 0 
-19.2959 15.6463 -5.3292 0.562975 5.06678 80 2 25 10 27828 0 
-19.2772 15.6446 -5.22202 0.562975 5.06678 80 2 25 10 27829 0 
-19.2586 15.6429 -5.11663 0.562975 5.06678 80 2 25 10 27830 0 
-19.2498 15.6421 -5.49201 0.562975 5.06678 80 2 25 10 27831 0 
-19.2311 15.6403 -5.3821 0.562975 5.06678 80 2 25 10 27832 0 
-19.2124 15.6385 -5.27402 0.562975 5.06678 80 2 25 10 27833 0 
-19.1937 15.6368 -5.16773 0.562975 5.06678 80 2 25 10 27834 0 
-19.175 15.6351 -5.06321 0.562975 5.06678 80 2 25 10 27835 0 
-19.1563 15.6334 -4.96042 0.562975 5.06678 80 2 25 10 27836 0 
-19.1376 15.6318 -4.85933 0.562975 5.06678 80 2 25 10 27837 0 
-19.1288 15.6311 -5.23435 0.562975 5.06678 80 2 25 10 27838 0 
-19.1102 15.6294 -5.12869 0.562975 5.06678 80 2 25 10 27839 0 
-19.0915 15.6277 -5.02478 0.562975 5.06678 80 2 25 10 27840 0 
-19.0728 15.626 -4.9226 0.562975 5.06678 80 2 25 10 27841 0 
-19.0541 15.6244 -4.82212 0.562975 5.06678 80 2 25 10 27842 0 
-19.0354 15.6229 -4.7233 0.562975 5.06678 80 2 25 10 27843 0 
-19.0167 15.6213 -4.62613 0.562975 5.06678 80 2 25 10 27844 0 
-18.998 15.6198 -4.53057 0.562975 5.06678 80 2 25 10 27845 0 
-18.9793 15.6183 -4.43659 0.562975 5.06678 80 2 25 10 27846 0 
-18.9705 15.6176 -4.81175 0.562975 5.06678 80 2 25 10 27847 0 
-18.9518 15.6161 -4.71308 0.562975 5.06678 80 2 25 10 27848 0 
-18.9331 15.6145 -4.61604 0.562975 5.06678 80 2 25 10 27849 0 
-18.9144 15.613 -4.52062 0.562975 5.06678 80 2 25 10 27850 0 
-18.8957 15.6115 -4.42678 0.562975 5.06678 80 2 25 10 27851 0 
-18.877 15.6101 -4.3345 0.562975 5.06678 80 2 25 10 27852 0 
-18.8583 15.6087 -4.24375 0.562975 5.06678 80 2 25 10 27853 0 
-18.8396 15.6073 -4.1545 0.562975 5.06678 80 2 25 10 27854 0 
-18.8208 15.6059 -4.06674 0.562975 5.06678 80 2 25 10 27855 0 
-18.8021 15.6046 -3.98043 0.562975 5.06678 80 2 25 10 27856 0 
-18.7934 15.604 -4.35563 0.562975 5.06678 80 2 25 10 27857 0 
-18.7747 15.6026 -4.2645 0.562975 5.06678 80 2 25 10 27858 0 
-18.756 15.6012 -4.17488 0.562975 5.06678 80 2 25 10 27859 0 
-18.7373 15.5998 -4.08675 0.562975 5.06678 80 2 25 10 27860 0 
-18.7185 15.5985 -4.00008 0.562975 5.06678 80 2 25 10 27861 0 
-18.6998 15.5971 -3.91485 0.562975 5.06678 80 2 25 10 27862 0 
-18.6811 15.5959 -3.83103 0.562975 5.06678 80 2 25 10 27863 0 
-18.6624 15.5946 -3.74861 0.562975 5.06678 80 2 25 10 27864 0 
-18.6436 15.5934 -3.66755 0.562975 5.06678 80 2 25 10 27865 0 
-18.6249 15.5922 -3.58784 0.562975 5.06678 80 2 25 10 27866 0 
-18.6062 15.591 -3.50945 0.562975 5.06678 80 2 25 10 27867 0 
-18.5875 15.5899 -3.43236 0.562975 5.06678 80 2 25 10 27868 0 
-18.5788 15.5893 -3.80755 0.562975 5.06678 80 2 25 10 27869 0 
-18.5601 15.5881 -3.72548 0.562975 5.06678 80 2 25 10 27870 0 
-18.5413 15.5869 -3.64478 0.562975 5.06678 80 2 25 10 27871 0 
-18.5226 15.5857 -3.56541 0.562975 5.06678 80 2 25 10 27872 0 
-18.5039 15.5845 -3.48736 0.562975 5.06678 80 2 25 10 27873 0 
-18.4851 15.5834 -3.41061 0.562975 5.06678 80 2 25 10 27874 0 
-18.4664 15.5823 -3.33513 0.562975 5.06678 80 2 25 10 27875 0 
-18.4477 15.5812 -3.2609 0.562975 5.06678 80 2 25 10 27876 0 
-18.4289 15.5801 -3.1879 0.562975 5.06678 80 2 25 10 27877 0 
-18.4102 15.5791 -3.11612 0.562975 5.06678 80 2 25 10 27878 0 
-18.3915 15.578 -3.04552 0.562975 5.06678 80 2 25 10 27879 0 
-18.3727 15.577 -2.9761 0.562975 5.06678 80 2 25 10 27880 0 
-18.354 15.5761 -2.90782 0.562975 5.06678 80 2 25 10 27881 0 
-18.3352 15.5751 -2.84068 0.562975 5.06678 80 2 25 10 27882 0 
-18.3165 15.5742 -2.77466 0.562975 5.06678 80 2 25 10 27883 0 
-18.2978 15.5733 -2.70972 0.562975 5.06678 80 2 25 10 27884 0 
-18.2892 15.5729 -3.08475 0.562975 5.06678 80 2 25 10 27885 0 
-18.2704 15.5719 -3.01464 0.562975 5.06678 80 2 25 10 27886 0 
-18.2517 15.5709 -2.94569 0.562975 5.06678 80 2 25 10 27887 0 
-18.2329 15.5699 -2.87789 0.562975 5.06678 80 2 25 10 27888 0 
-18.2142 15.569 -2.81121 0.562975 5.06678 80 2 25 10 27889 0 
-18.1955 15.568 -2.74564 0.562975 5.06678 80 2 25 10 27890 0 
-18.1767 15.5671 -2.68116 0.562975 5.06678 80 2 25 10 27891 0 
-18.158 15.5663 -2.61774 0.562975 5.06678 80 2 25 10 27892 0 
-18.1392 15.5654 -2.55538 0.562975 5.06678 80 2 25 10 27893 0 
-18.1205 15.5646 -2.49405 0.562975 5.06678 80 2 25 10 27894 0 
-18.1017 15.5638 -2.43374 0.562975 5.06678 80 2 25 10 27895 0 
-18.083 15.563 -2.37442 0.562975 5.06678 80 2 25 10 27896 0 
-18.0642 15.5622 -2.31609 0.562975 5.06678 80 2 25 10 27897 0 
-18.0455 15.5614 -2.25873 0.562975 5.06678 80 2 25 10 27898 0 
-18.0267 15.5607 -2.20232 0.562975 5.06678 80 2 25 10 27899 0 
-18.008 15.56 -2.14684 0.562975 5.06678 80 2 25 10 27900 0 
-17.9892 15.5593 -2.09228 0.562975 5.06678 80 2 25 10 27901 0 
-17.9705 15.5586 -2.03863 0.562975 5.06678 80 2 25 10 27902 0 
-17.9517 15.5579 -1.98587 0.562975 5.06678 80 2 25 10 27903 0 
-17.933 15.5573 -1.93398 0.562975 5.06678 80 2 25 10 27904 0 
-17.9142 15.5566 -1.88295 0.562975 5.06678 80 2 25 10 27905 0 
-17.8955 15.556 -1.83277 0.562975 5.06678 80 2 25 10 27906 0 
-17.8767 15.5554 -1.78341 0.562975 5.06678 80 2 25 10 27907 0 
-17.8579 15.5548 -1.73488 0.562975 5.06678 80 2 25 10 27908 0 
-17.8392 15.5542 -1.68715 0.562975 5.06678 80 2 25 10 27909 0 
-17.8204 15.5537 -1.64021 0.562975 5.06678 80 2 25 10 27910 0 
-17.8017 15.5532 -1.59405 0.562975 5.06678 80 2 25 10 27911 0 
-17.7829 15.5526 -1.54865 0.562975 5.06678 80 2 25 10 27912 0 
-17.7641 15.5521 -1.504 0.562975 5.06678 80 2 25 10 27913 0 
-17.7454 15.5516 -1.4601 0.562975 5.06678 80 2 25 10 27914 0 
-17.7266 15.5512 -1.41692 0.562975 5.06678 80 2 25 10 27915 0 
-17.7079 15.5507 -1.37445 0.562975 5.06678 80 2 25 10 27916 0 
-17.6891 15.5502 -1.33269 0.562975 5.06678 80 2 25 10 27917 0 
-17.6703 15.5498 -1.29162 0.562975 5.06678 80 2 25 10 27918 0 
-17.6516 15.5494 -1.25123 0.562975 5.06678 80 2 25 10 27919 0 
-17.6328 15.549 -1.21151 0.562975 5.06678 80 2 25 10 27920 0 
-17.6141 15.5486 -1.17245 0.562975 5.06678 80 2 25 10 27921 0 
-17.5953 15.5482 -1.13403 0.562975 5.06678 80 2 25 10 27922 0 
-17.5765 15.5478 -1.09625 0.562975 5.06678 80 2 25 10 27923 0 
-17.5578 15.5475 -1.05909 0.562975 5.06678 80 2 25 10 27924 0 
-17.539 15.5471 -1.02255 0.562975 5.06678 80 2 25 10 27925 0 
-17.5203 15.5468 -0.986613 0.562975 5.06678 80 2 25 10 27926 0 
-17.5015 15.5465 -0.951271 0.562975 5.06678 80 2 25 10 27927 0 
-17.4827 15.5461 -0.916513 0.562975 5.06678 80 2 25 10 27928 0 
-17.464 15.5458 -0.882331 0.562975 5.06678 80 2 25 10 27929 0 
-17.4452 15.5456 -0.848714 0.562975 5.06678 80 2 25 10 27930 0 
-17.4264 15.5453 -0.815653 0.562975 5.06678 80 2 25 10 27931 0 
-17.4077 15.545 -0.783138 0.562975 5.06678 80 2 25 10 27932 0 
-17.3889 15.5448 -0.751162 0.562975 5.06678 80 2 25 10 27933 0 
-17.3701 15.5445 -0.719714 0.562975 5.06678 80 2 25 10 27934 0 
-17.3514 15.5443 -0.688785 0.562975 5.06678 80 2 25 10 27935 0 
-17.3326 15.5441 -0.658369 0.562975 5.06678 80 2 25 10 27936 0 
-17.3138 15.5438 -0.628455 0.562975 5.06678 80 2 25 10 27937 0 
-17.2951 15.5436 -0.599035 0.562975 5.06678 80 2 25 10 27938 0 
-17.2763 15.5434 -0.570102 0.562975 5.06678 80 2 25 10 27939 0 
-17.2576 15.5432 -0.541646 0.562975 5.06678 80 2 25 10 27940 0 
-17.2388 15.5431 -0.513661 0.562975 5.06678 80 2 25 10 27941 0 
-17.22 15.5429 -0.486138 0.562975 5.06678 80 2 25 10 27942 0 
-17.2013 15.5427 -0.45907 0.562975 5.06678 80 2 25 10 27943 0 
-17.1825 15.5426 -0.432449 0.562975 5.06678 80 2 25 10 27944 0 
-17.1637 15.5424 -0.406267 0.562975 5.06678 80 2 25 10 27945 0 
-17.145 15.5423 -0.380518 0.562975 5.06678 80 2 25 10 27946 0 
-17.1262 15.5422 -0.355194 0.562975 5.06678 80 2 25 10 27947 0 
-17.1074 15.5421 -0.330288 0.562975 5.06678 80 2 25 10 27948 0 
-17.0887 15.542 -0.305793 0.562975 5.06678 80 2 25 10 27949 0 
-17.0699 15.5419 -0.281703 0.562975 5.06678 80 2 25 10 27950 0 
-17.0511 15.5418 -0.25801 0.562975 5.06678 80 2 25 10 27951 0 
-17.0324 15.5417 -0.234708 0.562975 5.06678 80 2 25 10 27952 0 
-17.0136 15.5416 -0.21179 0.562975 5.06678 80 2 25 10 27953 0 
-16.9948 15.5415 -0.189251 0.562975 5.06678 80 2 25 10 27954 0 
-16.9761 15.5415 -0.167083 0.562975 5.06678 80 2 25 10 27955 0 
-16.9573 15.5414 -0.145281 0.562975 5.06678 80 2 25 10 27956 0 
-16.9385 15.5414 -0.123838 0.562975 5.06678 80 2 25 10 27957 0 
-16.9198 15.5413 -0.102749 0.562975 5.06678 80 2 25 10 27958 0 
-16.901 15.5413 -0.0820073 0.562975 5.06678 80 2 25 10 27959 0 
-16.8822 15.5413 -0.0616076 0.562975 5.06678 80 2 25 10 27960 0 
-16.8635 15.5413 -0.0415441 0.562975 5.06678 80 2 25 10 27961 0 
-16.8447 15.5412 -0.0218112 0.562975 5.06678 80 2 25 10 27962 0 
-16.8259 15.5412 -0.0024034 0.562975 5.06678 80 2 25 10 27963 0 
-16.8072 15.5412 0.0166847 0.562975 5.06678 80 2 25 10 27964 0 
-16.7884 15.5412 0.0354585 0.562975 5.06678 80 2 25 10 27965 0 
-16.7696 15.5413 0.0539231 0.562975 5.06678 80 2 25 10 27966 0 
-16.7509 15.5413 0.0720838 0.562975 5.06678 80 2 25 10 27967 0 
-16.7321 15.5413 0.0899455 0.562975 5.06678 80 2 25 10 27968 0 
-16.7133 15.5413 0.107513 0.562975 5.06678 80 2 25 10 27969 0 
-16.6946 15.5414 0.124792 0.562975 5.06678 80 2 25 10 27970 0 
-16.6758 15.5414 0.141786 0.562975 5.06678 80 2 25 10 27971 0 
-16.657 15.5414 0.158501 0.562975 5.06678 80 2 25 10 27972 0 
-16.6383 15.5415 0.174941 0.562975 5.06678 80 2 25 10 27973 0 
-16.6195 15.5416 0.191111 0.562975 5.06678 80 2 25 10 27974 0 
-16.6007 15.5416 0.207014 0.562975 5.06678 80 2 25 10 27975 0 
-16.582 15.5417 0.222657 0.562975 5.06678 80 2 25 10 27976 0 
-16.5632 15.5418 0.238042 0.562975 5.06678 80 2 25 10 27977 0 
-16.5444 15.5418 0.253175 0.562975 5.06678 80 2 25 10 27978 0 
-16.5257 15.5419 0.268059 0.562975 5.06678 80 2 25 10 27979 0 
-16.5069 15.542 0.282698 0.562975 5.06678 80 2 25 10 27980 0 
-16.4881 15.5421 0.297097 0.562975 5.06678 80 2 25 10 27981 0 
-16.4694 15.5422 0.31126 0.562975 5.06678 80 2 25 10 27982 0 
-16.4506 15.5423 0.32519 0.562975 5.06678 80 2 25 10 27983 0 
-16.4318 15.5424 0.338892 0.562975 5.06678 80 2 25 10 27984 0 
-16.4131 15.5425 0.352369 0.562975 5.06678 80 2 25 10 27985 0 
-16.3943 15.5426 0.365625 0.562975 5.06678 80 2 25 10 27986 0 
-16.3755 15.5428 0.378664 0.562975 5.06678 80 2 25 10 27987 0 
-16.3568 15.5429 0.391489 0.562975 5.06678 80 2 25 10 27988 0 
-16.338 15.543 0.404103 0.562975 5.06678 80 2 25 10 27989 0 
-16.3193 15.5431 0.416511 0.562975 5.06678 80 2 25 10 27990 0 
-16.3005 15.5433 0.428716 0.562975 5.06678 80 2 25 10 27991 0 
-16.2817 15.5434 0.440721 0.562975 5.06678 80 2 25 10 27992 0 
-16.263 15.5436 0.452529 0.562975 5.06678 80 2 25 10 27993 0 
-16.2442 15.5437 0.464144 0.562975 5.06678 80 2 25 10 27994 0 
-16.2254 15.5439 0.475569 0.562975 5.06678 80 2 25 10 27995 0 
-16.2067 15.544 0.486807 0.562975 5.06678 80 2 25 10 27996 0 
-16.1879 15.5442 0.497861 0.562975 5.06678 80 2 25 10 27997 0 
-16.1691 15.5443 0.508734 0.562975 5.06678 80 2 25 10 27998 0 
-16.1504 15.5445 0.51943 0.562975 5.06678 80 2 25 10 27999 0 
-16.1316 15.5447 0.529951 0.562975 5.06678 80 2 25 10 28000 0 
-16.1128 15.5448 0.5403 0.562975 5.06678 80 2 25 10 28001 0 
-16.0941 15.545 0.55048 0.562975 5.06678 80 2 25 10 28002 0 
-16.0753 15.5452 0.560494 0.562975 5.06678 80 2 25 10 28003 0 
-16.0565 15.5454 0.570344 0.562975 5.06678 80 2 25 10 28004 0 
-16.0378 15.5456 0.580034 0.562975 5.06678 80 2 25 10 28005 0 
-16.019 15.5458 0.589566 0.562975 5.06678 80 2 25 10 28006 0 
-16.0003 15.546 0.598942 0.562975 5.06678 80 2 25 10 28007 0 
-15.9815 15.5462 0.608165 0.562975 5.06678 80 2 25 10 28008 0 
-15.9627 15.5464 0.617238 0.562975 5.06678 80 2 25 10 28009 0 
-15.944 15.5466 0.626164 0.562975 5.06678 80 2 25 10 28010 0 
-15.9252 15.5468 0.634944 0.562975 5.06678 80 2 25 10 28011 0 
-15.9064 15.547 0.643581 0.562975 5.06678 80 2 25 10 28012 0 
-15.8877 15.5472 0.652077 0.562975 5.06678 80 2 25 10 28013 0 
-15.8689 15.5474 0.660435 0.562975 5.06678 80 2 25 10 28014 0 
-15.8501 15.5476 0.668658 0.562975 5.06678 80 2 25 10 28015 0 
-15.8314 15.5478 0.676747 0.562975 5.06678 80 2 25 10 28016 0 
-15.8126 15.548 0.684704 0.562975 5.06678 80 2 25 10 28017 0 
-15.7938 15.5483 0.692532 0.562975 5.06678 80 2 25 10 28018 0 
-15.7751 15.5485 0.700233 0.562975 5.06678 80 2 25 10 28019 0 
-15.7563 15.5487 0.70781 0.562975 5.06678 80 2 25 10 28020 0 
-15.7376 15.549 0.715263 0.562975 5.06678 80 2 25 10 28021 0 
-15.7188 15.5492 0.722595 0.562975 5.06678 80 2 25 10 28022 0 
-15.7 15.5494 0.729809 0.562975 5.06678 80 2 25 10 28023 0 
-15.6813 15.5497 0.736906 0.562975 5.06678 80 2 25 10 28024 0 
-15.6625 15.5499 0.743887 0.562975 5.06678 80 2 25 10 28025 0 
-15.6437 15.5502 0.750756 0.562975 5.06678 80 2 25 10 28026 0 
-15.625 15.5504 0.757514 0.562975 5.06678 80 2 25 10 28027 0 
-15.6062 15.5506 0.764162 0.562975 5.06678 80 2 25 10 28028 0 
-15.5874 15.5509 0.770703 0.562975 5.06678 80 2 25 10 28029 0 
-15.5687 15.5512 0.777139 0.562975 5.06678 80 2 25 10 28030 0 
-15.5499 15.5514 0.78347 0.562975 5.06678 80 2 25 10 28031 0 
-15.5311 15.5517 0.789699 0.562975 5.06678 80 2 25 10 28032 0 
-15.5124 15.5519 0.795828 0.562975 5.06678 80 2 25 10 28033 0 
-15.4936 15.5522 0.801858 0.562975 5.06678 80 2 25 10 28034 0 
-15.4749 15.5524 0.807791 0.562975 5.06678 80 2 25 10 28035 0 
-15.4561 15.5527 0.813628 0.562975 5.06678 80 2 25 10 28036 0 
-15.4373 15.553 0.819371 0.562975 5.06678 80 2 25 10 28037 0 
-15.4186 15.5532 0.825022 0.562975 5.06678 80 2 25 10 28038 0 
-15.3998 15.5535 0.830582 0.562975 5.06678 80 2 25 10 28039 0 
-15.381 15.5538 0.836053 0.562975 5.06678 80 2 25 10 28040 0 
-15.3623 15.5541 0.841436 0.562975 5.06678 80 2 25 10 28041 0 
-15.3435 15.5543 0.846732 0.562975 5.06678 80 2 25 10 28042 0 
-15.3247 15.5546 0.851944 0.562975 5.06678 80 2 25 10 28043 0 
-15.306 15.5549 0.857072 0.562975 5.06678 80 2 25 10 28044 0 
-15.2872 15.5552 0.862118 0.562975 5.06678 80 2 25 10 28045 0 
-15.2685 15.5555 0.867083 0.562975 5.06678 80 2 25 10 28046 0 
-15.2497 15.5557 0.871968 0.562975 5.06678 80 2 25 10 28047 0 
-15.2309 15.556 0.876776 0.562975 5.06678 80 2 25 10 28048 0 
-15.2122 15.5563 0.881506 0.562975 5.06678 80 2 25 10 28049 0 
-15.1934 15.5566 0.886161 0.562975 5.06678 80 2 25 10 28050 0 
-15.1746 15.5569 0.890742 0.562975 5.06678 80 2 25 10 28051 0 
-15.1559 15.5572 0.89525 0.562975 5.06678 80 2 25 10 28052 0 
-15.1371 15.5575 0.899686 0.562975 5.06678 80 2 25 10 28053 0 
-15.1183 15.5578 0.904051 0.562975 5.06678 80 2 25 10 28054 0 
-15.0996 15.5581 0.908347 0.562975 5.06678 80 2 25 10 28055 0 
-15.0808 15.5584 0.912575 0.562975 5.06678 80 2 25 10 28056 0 
-15.0621 15.5587 0.916735 0.562975 5.06678 80 2 25 10 28057 0 
-15.0433 15.559 0.92083 0.562975 5.06678 80 2 25 10 28058 0 
-15.0245 15.5593 0.924859 0.562975 5.06678 80 2 25 10 28059 0 
-15.0058 15.5596 0.928825 0.562975 5.06678 80 2 25 10 28060 0 
-14.987 15.5599 0.932727 0.562975 5.06678 80 2 25 10 28061 0 
-14.9682 15.5602 0.936568 0.562975 5.06678 80 2 25 10 28062 0 
-14.9495 15.5605 0.940349 0.562975 5.06678 80 2 25 10 28063 0 
-14.9307 15.5608 0.944069 0.562975 5.06678 80 2 25 10 28064 0 
-14.9119 15.5611 0.947731 0.562975 5.06678 80 2 25 10 28065 0 
-14.8932 15.5614 0.951335 0.562975 5.06678 80 2 25 10 28066 0 
-14.8744 15.5617 0.954882 0.562975 5.06678 80 2 25 10 28067 0 
-14.8557 15.562 0.958374 0.562975 5.06678 80 2 25 10 28068 0 
-14.8369 15.5623 0.96181 0.562975 5.06678 80 2 25 10 28069 0 
-14.8181 15.5627 0.965193 0.562975 5.06678 80 2 25 10 28070 0 
-14.7994 15.563 0.968522 0.562975 5.06678 80 2 25 10 28071 0 
-14.7806 15.5633 0.971799 0.562975 5.06678 80 2 25 10 28072 0 
-14.7618 15.5636 0.975025 0.562975 5.06678 80 2 25 10 28073 0 
-14.7431 15.5639 0.9782 0.562975 5.06678 80 2 25 10 28074 0 
-14.7243 15.5643 0.981326 0.562975 5.06678 80 2 25 10 28075 0 
-14.7055 15.5646 0.984403 0.562975 5.06678 80 2 25 10 28076 0 
-14.6868 15.5649 0.987432 0.562975 5.06678 80 2 25 10 28077 0 
-14.668 15.5652 0.990413 0.562975 5.06678 80 2 25 10 28078 0 
-14.6493 15.5655 0.993349 0.562975 5.06678 80 2 25 10 28079 0 
-14.6305 15.5659 0.996238 0.562975 5.06678 80 2 25 10 28080 0 
-14.6117 15.5662 0.999083 0.562975 5.06678 80 2 25 10 28081 0 
-14.593 15.5665 1.00188 0.562975 5.06678 80 2 25 10 28082 0 
-14.5742 15.5668 1.00464 0.562975 5.06678 80 2 25 10 28083 0 
-14.5554 15.5672 1.00735 0.562975 5.06678 80 2 25 10 28084 0 
-14.5367 15.5675 1.01003 0.562975 5.06678 80 2 25 10 28085 0 
-14.5179 15.5678 1.01266 0.562975 5.06678 80 2 25 10 28086 0 
-14.4992 15.5682 1.01525 0.562975 5.06678 80 2 25 10 28087 0 
-14.4804 15.5685 1.0178 0.562975 5.06678 80 2 25 10 28088 0 
-14.4616 15.5688 1.02031 0.562975 5.06678 80 2 25 10 28089 0 
-14.4429 15.5692 1.02278 0.562975 5.06678 80 2 25 10 28090 0 
-14.4241 15.5695 1.02522 0.562975 5.06678 80 2 25 10 28091 0 
-14.4053 15.5698 1.02762 0.562975 5.06678 80 2 25 10 28092 0 
-14.3866 15.5702 1.02998 0.562975 5.06678 80 2 25 10 28093 0 
-14.3678 15.5705 1.0323 0.562975 5.06678 80 2 25 10 28094 0 
-14.3491 15.5709 1.03459 0.562975 5.06678 80 2 25 10 28095 0 
-14.3303 15.5712 1.03685 0.562975 5.06678 80 2 25 10 28096 0 
-14.3115 15.5715 1.03907 0.562975 5.06678 80 2 25 10 28097 0 
-14.2928 15.5719 1.04125 0.562975 5.06678 80 2 25 10 28098 0 
-14.274 15.5722 1.04341 0.562975 5.06678 80 2 25 10 28099 0 
-14.2552 15.5726 1.04553 0.562975 5.06678 80 2 25 10 28100 0 
-14.2365 15.5729 1.04761 0.562975 5.06678 80 2 25 10 28101 0 
-14.2177 15.5732 1.04967 0.562975 5.06678 80 2 25 10 28102 0 
-14.199 15.5736 1.0517 0.562975 5.06678 80 2 25 10 28103 0 
-14.1802 15.5739 1.05369 0.562975 5.06678 80 2 25 10 28104 0 
-14.1614 15.5743 1.05566 0.562975 5.06678 80 2 25 10 28105 0 
-14.1427 15.5746 1.05759 0.562975 5.06678 80 2 25 10 28106 0 
-14.1239 15.575 1.0595 0.562975 5.06678 80 2 25 10 28107 0 
-14.1051 15.5753 1.06138 0.562975 5.06678 80 2 25 10 28108 0 
-14.0864 15.5757 1.06323 0.562975 5.06678 80 2 25 10 28109 0 
-14.0676 15.576 1.06505 0.562975 5.06678 80 2 25 10 28110 0 
-14.0489 15.5764 1.06685 0.562975 5.06678 80 2 25 10 28111 0 
-14.0301 15.5767 1.06862 0.562975 5.06678 80 2 25 10 28112 0 
-14.0113 15.5771 1.07036 0.562975 5.06678 80 2 25 10 28113 0 
-13.9926 15.5774 1.07208 0.562975 5.06678 80 2 25 10 28114 0 
-13.9738 15.5778 1.07377 0.562975 5.06678 80 2 25 10 28115 0 
-13.955 15.5781 1.07543 0.562975 5.06678 80 2 25 10 28116 0 
-13.9363 15.5785 1.07708 0.562975 5.06678 80 2 25 10 28117 0 
-13.9175 15.5788 1.07869 0.562975 5.06678 80 2 25 10 28118 0 
-13.8988 15.5792 1.08029 0.562975 5.06678 80 2 25 10 28119 0 
-13.88 15.5795 1.08186 0.562975 5.06678 80 2 25 10 28120 0 
-13.8612 15.5799 1.08341 0.562975 5.06678 80 2 25 10 28121 0 
-13.8425 15.5802 1.08493 0.562975 5.06678 80 2 25 10 28122 0 
-13.8237 15.5806 1.08644 0.562975 5.06678 80 2 25 10 28123 0 
-13.8049 15.5809 1.08792 0.562975 5.06678 80 2 25 10 28124 0 
-13.7862 15.5813 1.08938 0.562975 5.06678 80 2 25 10 28125 0 
-13.7674 15.5817 1.09082 0.562975 5.06678 80 2 25 10 28126 0 
-13.7487 15.582 1.09224 0.562975 5.06678 80 2 25 10 28127 0 
-13.7299 15.5824 1.09363 0.562975 5.06678 80 2 25 10 28128 0 
-13.7111 15.5827 1.09501 0.562975 5.06678 80 2 25 10 28129 0 
-13.6924 15.5831 1.09637 0.562975 5.06678 80 2 25 10 28130 0 
-13.6736 15.5834 1.09771 0.562975 5.06678 80 2 25 10 28131 0 
-13.6548 15.5838 1.09903 0.562975 5.06678 80 2 25 10 28132 0 
-13.6361 15.5842 1.10033 0.562975 5.06678 80 2 25 10 28133 0 
-13.6173 15.5845 1.10161 0.562975 5.06678 80 2 25 10 28134 0 
-13.5986 15.5849 1.10288 0.562975 5.06678 80 2 25 10 28135 0 
-13.5798 15.5852 1.10412 0.562975 5.06678 80 2 25 10 28136 0 
-13.561 15.5856 1.10535 0.562975 5.06678 80 2 25 10 28137 0 
-13.5423 15.586 1.10657 0.562975 5.06678 80 2 25 10 28138 0 
-13.5235 15.5863 1.10776 0.562975 5.06678 80 2 25 10 28139 0 
-13.5047 15.5867 1.10894 0.562975 5.06678 80 2 25 10 28140 0 
-13.486 15.5871 1.1101 0.562975 5.06678 80 2 25 10 28141 0 
-13.4672 15.5874 1.11125 0.562975 5.06678 80 2 25 10 28142 0 
-13.4485 15.5878 1.11238 0.562975 5.06678 80 2 25 10 28143 0 
-13.4297 15.5882 1.11349 0.562975 5.06678 80 2 25 10 28144 0 
-13.4109 15.5885 1.11459 0.562975 5.06678 80 2 25 10 28145 0 
-13.3922 15.5889 1.11568 0.562975 5.06678 80 2 25 10 28146 0 
-13.3734 15.5892 1.11674 0.562975 5.06678 80 2 25 10 28147 0 
-13.3546 15.5896 1.1178 0.562975 5.06678 80 2 25 10 28148 0 
-13.3359 15.59 1.11884 0.562975 5.06678 80 2 25 10 28149 0 
-13.3171 15.5903 1.11987 0.562975 5.06678 80 2 25 10 28150 0 
-13.2984 15.5907 1.12088 0.562975 5.06678 80 2 25 10 28151 0 
-13.2796 15.5911 1.12188 0.562975 5.06678 80 2 25 10 28152 0 
-13.2608 15.5914 1.12286 0.562975 5.06678 80 2 25 10 28153 0 
-13.2421 15.5918 1.12384 0.562975 5.06678 80 2 25 10 28154 0 
-13.2233 15.5922 1.1248 0.562975 5.06678 80 2 25 10 28155 0 
-13.2045 15.5926 1.12574 0.562975 5.06678 80 2 25 10 28156 0 
-13.1858 15.5929 1.12668 0.562975 5.06678 80 2 25 10 28157 0 
-13.167 15.5933 1.1276 0.562975 5.06678 80 2 25 10 28158 0 
-13.1482 15.5937 1.12851 0.562975 5.06678 80 2 25 10 28159 0 
-13.1295 15.594 1.12941 0.562975 5.06678 80 2 25 10 28160 0 
-13.1107 15.5944 1.13029 0.562975 5.06678 80 2 25 10 28161 0 
-13.092 15.5948 1.13117 0.562975 5.06678 80 2 25 10 28162 0 
-13.0732 15.5951 1.13203 0.562975 5.06678 80 2 25 10 28163 0 
-13.0544 15.5955 1.13289 0.562975 5.06678 80 2 25 10 28164 0 
-13.0357 15.5959 1.13373 0.562975 5.06678 80 2 25 10 28165 0 
-13.0169 15.5963 1.13456 0.562975 5.06678 80 2 25 10 28166 0 
-12.9981 15.5966 1.13538 0.562975 5.06678 80 2 25 10 28167 0 
-12.9794 15.597 1.13619 0.562975 5.06678 80 2 25 10 28168 0 
-12.9606 15.5974 1.13699 0.562975 5.06678 80 2 25 10 28169 0 
-12.9419 15.5977 1.13778 0.562975 5.06678 80 2 25 10 28170 0 
-12.9231 15.5981 1.13856 0.562975 5.06678 80 2 25 10 28171 0 
-12.9043 15.5985 1.13933 0.562975 5.06678 80 2 25 10 28172 0 
-12.8856 15.5989 1.14009 0.562975 5.06678 80 2 25 10 28173 0 
-12.8668 15.5992 1.14084 0.562975 5.06678 80 2 25 10 28174 0 
-12.848 15.5996 1.14158 0.562975 5.06678 80 2 25 10 28175 0 
-12.8293 15.6 1.14231 0.562975 5.06678 80 2 25 10 28176 0 
-12.8105 15.6004 1.14304 0.562975 5.06678 80 2 25 10 28177 0 
-12.7918 15.6007 1.14375 0.562975 5.06678 80 2 25 10 28178 0 
-12.773 15.6011 1.14446 0.562975 5.06678 80 2 25 10 28179 0 
-12.7542 15.6015 1.14516 0.562975 5.06678 80 2 25 10 28180 0 
-12.7355 15.6019 1.14585 0.562975 5.06678 80 2 25 10 28181 0 
-12.7167 15.6022 1.14653 0.562975 5.06678 80 2 25 10 28182 0 
-12.698 15.6026 1.1472 0.562975 5.06678 80 2 25 10 28183 0 
-12.6792 15.603 1.14787 0.562975 5.06678 80 2 25 10 28184 0 
-12.6604 15.6034 1.14853 0.562975 5.06678 80 2 25 10 28185 0 
-12.6417 15.6037 1.14918 0.562975 5.06678 80 2 25 10 28186 0 
-12.6229 15.6041 1.14982 0.562975 5.06678 80 2 25 10 28187 0 
-12.6041 15.6045 1.15045 0.562975 5.06678 80 2 25 10 28188 0 
-12.5854 15.6049 1.15108 0.562975 5.06678 80 2 25 10 28189 0 
-12.5666 15.6052 1.1517 0.562975 5.06678 80 2 25 10 28190 0 
-12.5479 15.6056 1.15232 0.562975 5.06678 80 2 25 10 28191 0 
-12.5291 15.606 1.15292 0.562975 5.06678 80 2 25 10 28192 0 
-12.5103 15.6064 1.15352 0.562975 5.06678 80 2 25 10 28193 0 
-12.4916 15.6067 1.15412 0.562975 5.06678 80 2 25 10 28194 0 
-12.4728 15.6071 1.1547 0.562975 5.06678 80 2 25 10 28195 0 
-12.4541 15.6075 1.15528 0.562975 5.06678 80 2 25 10 28196 0 
-12.4353 15.6079 1.15586 0.562975 5.06678 80 2 25 10 28197 0 
-12.4165 15.6083 1.15642 0.562975 5.06678 80 2 25 10 28198 0 
-12.3978 15.6086 1.15699 0.562975 5.06678 80 2 25 10 28199 0 
-12.379 15.609 1.15754 0.562975 5.06678 80 2 25 10 28200 0 
-12.3602 15.6094 1.15809 0.562975 5.06678 80 2 25 10 28201 0 
-12.3415 15.6098 1.15863 0.562975 5.06678 80 2 25 10 28202 0 
-12.3227 15.6102 1.15917 0.562975 5.06678 80 2 25 10 28203 0 
-12.304 15.6105 1.1597 0.562975 5.06678 80 2 25 10 28204 0 
-12.2852 15.6109 1.16023 0.562975 5.06678 80 2 25 10 28205 0 
-12.2664 15.6113 1.16075 0.562975 5.06678 80 2 25 10 28206 0 
-12.2477 15.6117 1.16127 0.562975 5.06678 80 2 25 10 28207 0 
-12.2289 15.6121 1.16178 0.562975 5.06678 80 2 25 10 28208 0 
-12.2102 15.6124 1.16228 0.562975 5.06678 80 2 25 10 28209 0 
-12.1914 15.6128 1.16278 0.562975 5.06678 80 2 25 10 28210 0 
-12.1726 15.6132 1.16328 0.562975 5.06678 80 2 25 10 28211 0 
-12.1539 15.6136 1.16377 0.562975 5.06678 80 2 25 10 28212 0 
-12.1351 15.614 1.16426 0.562975 5.06678 80 2 25 10 28213 0 
-12.1163 15.6143 1.16474 0.562975 5.06678 80 2 25 10 28214 0 
-12.0976 15.6147 1.16521 0.562975 5.06678 80 2 25 10 28215 0 
-12.0788 15.6151 1.16568 0.562975 5.06678 80 2 25 10 28216 0 
-12.0601 15.6155 1.16615 0.562975 5.06678 80 2 25 10 28217 0 
-12.0413 15.6159 1.16661 0.562975 5.06678 80 2 25 10 28218 0 
-12.0225 15.6163 1.16707 0.562975 5.06678 80 2 25 10 28219 0 
-12.0038 15.6166 1.16753 0.562975 5.06678 80 2 25 10 28220 0 
-11.985 15.617 1.16798 0.562975 5.06678 80 2 25 10 28221 0 
-11.9663 15.6174 1.16842 0.562975 5.06678 80 2 25 10 28222 0 
-11.9475 15.6178 1.16886 0.562975 5.06678 80 2 25 10 28223 0 
-11.9287 15.6182 1.1693 0.562975 5.06678 80 2 25 10 28224 0 
-11.91 15.6185 1.16973 0.562975 5.06678 80 2 25 10 28225 0 
-11.8912 15.6189 1.17016 0.562975 5.06678 80 2 25 10 28226 0 
-11.8724 15.6193 1.17059 0.562975 5.06678 80 2 25 10 28227 0 
-11.8537 15.6197 1.17101 0.562975 5.06678 80 2 25 10 28228 0 
-11.8349 15.6201 1.17143 0.562975 5.06678 80 2 25 10 28229 0 
-11.8162 15.6205 1.17184 0.562975 5.06678 80 2 25 10 28230 0 
-11.7974 15.6208 1.17225 0.562975 5.06678 80 2 25 10 28231 0 
-11.7786 15.6212 1.17266 0.562975 5.06678 80 2 25 10 28232 0 
-11.7599 15.6216 1.17307 0.562975 5.06678 80 2 25 10 28233 0 
-11.7411 15.622 1.17347 0.562975 5.06678 80 2 25 10 28234 0 
-11.7224 15.6224 1.17386 0.562975 5.06678 80 2 25 10 28235 0 
-11.7036 15.6228 1.17426 0.562975 5.06678 80 2 25 10 28236 0 
-11.6848 15.6232 1.17465 0.562975 5.06678 80 2 25 10 28237 0 
-11.6661 15.6235 1.17504 0.562975 5.06678 80 2 25 10 28238 0 
-11.6473 15.6239 1.17542 0.562975 5.06678 80 2 25 10 28239 0 
-11.6285 15.6243 1.1758 0.562975 5.06678 80 2 25 10 28240 0 
-11.6098 15.6247 1.17618 0.562975 5.06678 80 2 25 10 28241 0 
-11.591 15.6251 1.17656 0.562975 5.06678 80 2 25 10 28242 0 
-11.5723 15.6255 1.17693 0.562975 5.06678 80 2 25 10 28243 0 
-11.5535 15.6258 1.1773 0.562975 5.06678 80 2 25 10 28244 0 
-11.5347 15.6262 1.17767 0.562975 5.06678 80 2 25 10 28245 0 
-11.516 15.6266 1.17803 0.562975 5.06678 80 2 25 10 28246 0 
-11.4972 15.627 1.17839 0.562975 5.06678 80 2 25 10 28247 0 
-11.4784 15.6274 1.17875 0.562975 5.06678 80 2 25 10 28248 0 
-11.4597 15.6278 1.17911 0.562975 5.06678 80 2 25 10 28249 0 
-11.4409 15.6282 1.17946 0.562975 5.06678 80 2 25 10 28250 0 
-11.4222 15.6286 1.17981 0.562975 5.06678 80 2 25 10 28251 0 
-11.4034 15.6289 1.18016 0.562975 5.06678 80 2 25 10 28252 0 
-11.3846 15.6293 1.18051 0.562975 5.06678 80 2 25 10 28253 0 
-11.3659 15.6297 1.18085 0.562975 5.06678 80 2 25 10 28254 0 
-11.3471 15.6301 1.1812 0.562975 5.06678 80 2 25 10 28255 0 
-11.3284 15.6305 1.18154 0.562975 5.06678 80 2 25 10 28256 0 
-11.3096 15.6309 1.18187 0.562975 5.06678 80 2 25 10 28257 0 
-11.2908 15.6313 1.18221 0.562975 5.06678 80 2 25 10 28258 0 
-11.2721 15.6316 1.18254 0.562975 5.06678 80 2 25 10 28259 0 
-11.2533 15.632 1.18287 0.562975 5.06678 80 2 25 10 28260 0 
-11.2345 15.6324 1.1832 0.562975 5.06678 80 2 25 10 28261 0 
-11.2158 15.6328 1.18352 0.562975 5.06678 80 2 25 10 28262 0 
-11.197 15.6332 1.18385 0.562975 5.06678 80 2 25 10 28263 0 
-11.1783 15.6336 1.18417 0.562975 5.06678 80 2 25 10 28264 0 
-11.1595 15.634 1.18449 0.562975 5.06678 80 2 25 10 28265 0 
-11.1407 15.6344 1.18481 0.562975 5.06678 80 2 25 10 28266 0 
-11.122 15.6347 1.18513 0.562975 5.06678 80 2 25 10 28267 0 
-11.1032 15.6351 1.18544 0.562975 5.06678 80 2 25 10 28268 0 
-11.0845 15.6355 1.18575 0.562975 5.06678 80 2 25 10 28269 0 
-11.0657 15.6359 1.18606 0.562975 5.06678 80 2 25 10 28270 0 
-11.0469 15.6363 1.18637 0.562975 5.06678 80 2 25 10 28271 0 
-11.0282 15.6367 1.18668 0.562975 5.06678 80 2 25 10 28272 0 
-11.0094 15.6371 1.18698 0.562975 5.06678 80 2 25 10 28273 0 
-10.9906 15.6375 1.18729 0.562975 5.06678 80 2 25 10 28274 0 
-10.9719 15.6379 1.18759 0.562975 5.06678 80 2 25 10 28275 0 
-10.9531 15.6382 1.18789 0.562975 5.06678 80 2 25 10 28276 0 
-10.9344 15.6386 1.18819 0.562975 5.06678 80 2 25 10 28277 0 
-10.9156 15.639 1.18849 0.562975 5.06678 80 2 25 10 28278 0 
-10.8968 15.6394 1.18878 0.562975 5.06678 80 2 25 10 28279 0 
-10.8781 15.6398 1.18908 0.562975 5.06678 80 2 25 10 28280 0 
-10.8593 15.6402 1.18937 0.562975 5.06678 80 2 25 10 28281 0 
-10.8406 15.6406 1.18966 0.562975 5.06678 80 2 25 10 28282 0 
-10.8218 15.641 1.18995 0.562975 5.06678 80 2 25 10 28283 0 
-10.803 15.6414 1.19024 0.562975 5.06678 80 2 25 10 28284 0 
-10.7843 15.6417 1.19053 0.562975 5.06678 80 2 25 10 28285 0 
-10.7655 15.6421 1.19081 0.562975 5.06678 80 2 25 10 28286 0 
-10.7467 15.6425 1.1911 0.562975 5.06678 80 2 25 10 28287 0 
-10.728 15.6429 1.19138 0.562975 5.06678 80 2 25 10 28288 0 
-10.7092 15.6433 1.19166 0.562975 5.06678 80 2 25 10 28289 0 
-10.6905 15.6437 1.19194 0.562975 5.06678 80 2 25 10 28290 0 
-10.6717 15.6441 1.19222 0.562975 5.06678 80 2 25 10 28291 0 
-10.6529 15.6445 1.1925 0.562975 5.06678 80 2 25 10 28292 0 
-10.6342 15.6449 1.19278 0.562975 5.06678 80 2 25 10 28293 0 
-10.6154 15.6453 1.19305 0.562975 5.06678 80 2 25 10 28294 0 
-10.5967 15.6457 1.19333 0.562975 5.06678 80 2 25 10 28295 0 
-10.5779 15.646 1.1936 0.562975 5.06678 80 2 25 10 28296 0 
-10.5591 15.6464 1.19387 0.562975 5.06678 80 2 25 10 28297 0 
-10.5404 15.6468 1.19414 0.562975 5.06678 80 2 25 10 28298 0 
-10.5216 15.6472 1.19441 0.562975 5.06678 80 2 25 10 28299 0 
-10.5028 15.6476 1.19468 0.562975 5.06678 80 2 25 10 28300 0 
-10.4841 15.648 1.19495 0.562975 5.06678 80 2 25 10 28301 0 
-10.4653 15.6484 1.19521 0.562975 5.06678 80 2 25 10 28302 0 
-10.4466 15.6488 1.19548 0.562975 5.06678 80 2 25 10 28303 0 
-10.4278 15.6492 1.19575 0.562975 5.06678 80 2 25 10 28304 0 
-10.409 15.6496 1.19601 0.562975 5.06678 80 2 25 10 28305 0 
-10.3903 15.65 1.19627 0.562975 5.06678 80 2 25 10 28306 0 
-10.3715 15.6503 1.19653 0.562975 5.06678 80 2 25 10 28307 0 
-10.3528 15.6507 1.19679 0.562975 5.06678 80 2 25 10 28308 0 
-10.334 15.6511 1.19705 0.562975 5.06678 80 2 25 10 28309 0 
-10.3152 15.6515 1.19731 0.562975 5.06678 80 2 25 10 28310 0 
-10.2965 15.6519 1.19757 0.562975 5.06678 80 2 25 10 28311 0 
-10.2777 15.6523 1.19783 0.562975 5.06678 80 2 25 10 28312 0 
-10.2589 15.6527 1.19809 0.562975 5.06678 80 2 25 10 28313 0 
-10.2402 15.6531 1.19834 0.562975 5.06678 80 2 25 10 28314 0 
-10.2214 15.6535 1.1986 0.562975 5.06678 80 2 25 10 28315 0 
-10.2027 15.6539 1.19885 0.562975 5.06678 80 2 25 10 28316 0 
-10.1839 15.6543 1.1991 0.562975 5.06678 80 2 25 10 28317 0 
-10.1651 15.6547 1.19936 0.562975 5.06678 80 2 25 10 28318 0 
-10.1464 15.6551 1.19961 0.562975 5.06678 80 2 25 10 28319 0 
-10.1276 15.6554 1.19986 0.562975 5.06678 80 2 25 10 28320 0 
-10.1088 15.6558 1.20011 0.562975 5.06678 80 2 25 10 28321 0 
-10.0901 15.6562 1.20036 0.562975 5.06678 80 2 25 10 28322 0 
-10.0713 15.6566 1.20061 0.562975 5.06678 80 2 25 10 28323 0 
-10.0526 15.657 1.20086 0.562975 5.06678 80 2 25 10 28324 0 
-10.0338 15.6574 1.2011 0.562975 5.06678 80 2 25 10 28325 0 
-10.015 15.6578 1.20135 0.562975 5.06678 80 2 25 10 28326 0 
-9.99628 15.6582 1.2016 0.562975 5.06678 80 2 25 10 28327 0 
-9.97752 15.6586 1.20184 0.562975 5.06678 80 2 25 10 28328 0 
-9.95876 15.659 1.20209 0.562975 5.06678 80 2 25 10 28329 0 
-9.93999 15.6594 1.20233 0.562975 5.06678 80 2 25 10 28330 0 
-9.92123 15.6598 1.20258 0.562975 5.06678 80 2 25 10 28331 0 
-9.90247 15.6602 1.20282 0.562975 5.06678 80 2 25 10 28332 0 
-9.88371 15.6606 1.20306 0.562975 5.06678 80 2 25 10 28333 0 
-9.86495 15.661 1.2033 0.562975 5.06678 80 2 25 10 28334 0 
-9.84619 15.6614 1.20355 0.562975 5.06678 80 2 25 10 28335 0 
-9.82743 15.6617 1.20379 0.562975 5.06678 80 2 25 10 28336 0 
-9.80866 15.6621 1.20403 0.562975 5.06678 80 2 25 10 28337 0 
-9.7899 15.6625 1.20427 0.562975 5.06678 80 2 25 10 28338 0 
-9.77114 15.6629 1.20451 0.562975 5.06678 80 2 25 10 28339 0 
-9.75238 15.6633 1.20475 0.562975 5.06678 80 2 25 10 28340 0 
-9.73362 15.6637 1.20498 0.562975 5.06678 80 2 25 10 28341 0 
-9.71486 15.6641 1.20522 0.562975 5.06678 80 2 25 10 28342 0 
-9.69609 15.6645 1.20546 0.562975 5.06678 80 2 25 10 28343 0 
-9.67733 15.6649 1.2057 0.562975 5.06678 80 2 25 10 28344 0 
-9.65857 15.6653 1.20593 0.562975 5.06678 80 2 25 10 28345 0 
-9.63981 15.6657 1.20617 0.562975 5.06678 80 2 25 10 28346 0 
-9.62105 15.6661 1.2064 0.562975 5.06678 80 2 25 10 28347 0 
-9.60229 15.6665 1.20664 0.562975 5.06678 80 2 25 10 28348 0 
-9.58352 15.6669 1.20687 0.562975 5.06678 80 2 25 10 28349 0 
-9.56476 15.6673 1.20711 0.562975 5.06678 80 2 25 10 28350 0 
-9.546 15.6677 1.20734 0.562975 5.06678 80 2 25 10 28351 0 
-9.52724 15.6681 1.20758 0.562975 5.06678 80 2 25 10 28352 0 
-9.50848 15.6685 1.20781 0.562975 5.06678 80 2 25 10 28353 0 
-9.48972 15.6689 1.20804 0.562975 5.06678 80 2 25 10 28354 0 
-9.47095 15.6693 1.20827 0.562975 5.06678 80 2 25 10 28355 0 
-9.45219 15.6696 1.20851 0.562975 5.06678 80 2 25 10 28356 0 
-9.43343 15.67 1.20874 0.562975 5.06678 80 2 25 10 28357 0 
-9.41467 15.6704 1.20897 0.562975 5.06678 80 2 25 10 28358 0 
-9.39591 15.6708 1.2092 0.562975 5.06678 80 2 25 10 28359 0 
-9.37715 15.6712 1.20943 0.562975 5.06678 80 2 25 10 28360 0 
-9.35838 15.6716 1.20966 0.562975 5.06678 80 2 25 10 28361 0 
-9.33962 15.672 1.20989 0.562975 5.06678 80 2 25 10 28362 0 
-9.32086 15.6724 1.21012 0.562975 5.06678 80 2 25 10 28363 0 
-9.3021 15.6728 1.21035 0.562975 5.06678 80 2 25 10 28364 0 
-9.28334 15.6732 1.21058 0.562975 5.06678 80 2 25 10 28365 0 
-9.26458 15.6736 1.21081 0.562975 5.06678 80 2 25 10 28366 0 
-9.24581 15.674 1.21104 0.562975 5.06678 80 2 25 10 28367 0 
-9.22705 15.6744 1.21126 0.562975 5.06678 80 2 25 10 28368 0 
-9.20829 15.6748 1.21149 0.562975 5.06678 80 2 25 10 28369 0 
-9.18953 15.6752 1.21172 0.562975 5.06678 80 2 25 10 28370 0 
-9.17077 15.6756 1.21195 0.562975 5.06678 80 2 25 10 28371 0 
-9.15201 15.676 1.21217 0.562975 5.06678 80 2 25 10 28372 0 
-9.13324 15.6764 1.2124 0.562975 5.06678 80 2 25 10 28373 0 
-9.11448 15.6768 1.21263 0.562975 5.06678 80 2 25 10 28374 0 
-9.09572 15.6772 1.21285 0.562975 5.06678 80 2 25 10 28375 0 
-9.07696 15.6776 1.21308 0.562975 5.06678 80 2 25 10 28376 0 
-9.0582 15.678 1.2133 0.562975 5.06678 80 2 25 10 28377 0 
-9.03944 15.6784 1.21353 0.562975 5.06678 80 2 25 10 28378 0 
-9.02067 15.6788 1.21375 0.562975 5.06678 80 2 25 10 28379 0 
-9.00191 15.6792 1.21398 0.562975 5.06678 80 2 25 10 28380 0 
-8.98315 15.6796 1.2142 0.562975 5.06678 80 2 25 10 28381 0 
-8.96439 15.68 1.21443 0.562975 5.06678 80 2 25 10 28382 0 
-8.94563 15.6804 1.21465 0.562975 5.06678 80 2 25 10 28383 0 
-8.92687 15.6808 1.21488 0.562975 5.06678 80 2 25 10 28384 0 
-8.9081 15.6812 1.2151 0.562975 5.06678 80 2 25 10 28385 0 
-8.88934 15.6816 1.21533 0.562975 5.06678 80 2 25 10 28386 0 
-8.87058 15.6819 1.21555 0.562975 5.06678 80 2 25 10 28387 0 
-8.85182 15.6823 1.21577 0.562975 5.06678 80 2 25 10 28388 0 
-8.83306 15.6827 1.216 0.562975 5.06678 80 2 25 10 28389 0 
-8.8143 15.6831 1.21622 0.562975 5.06678 80 2 25 10 28390 0 
-8.79554 15.6835 1.21644 0.562975 5.06678 80 2 25 10 28391 0 
-8.77677 15.6839 1.21667 0.562975 5.06678 80 2 25 10 28392 0 
-8.75801 15.6843 1.21689 0.562975 5.06678 80 2 25 10 28393 0 
-8.73925 15.6847 1.21711 0.562975 5.06678 80 2 25 10 28394 0 
-8.72049 15.6851 1.21733 0.562975 5.06678 80 2 25 10 28395 0 
-8.70173 15.6855 1.21756 0.562975 5.06678 80 2 25 10 28396 0 
-8.68297 15.6859 1.21778 0.562975 5.06678 80 2 25 10 28397 0 
-8.6642 15.6863 1.218 0.562975 5.06678 80 2 25 10 28398 0 
-8.64544 15.6867 1.21822 0.562975 5.06678 80 2 25 10 28399 0 
-8.62668 15.6871 1.21844 0.562975 5.06678 80 2 25 10 28400 0 
-8.60792 15.6875 1.21866 0.562975 5.06678 80 2 25 10 28401 0 
-8.58916 15.6879 1.21889 0.562975 5.06678 80 2 25 10 28402 0 
-8.5704 15.6883 1.21911 0.562975 5.06678 80 2 25 10 28403 0 
-8.55163 15.6887 1.21933 0.562975 5.06678 80 2 25 10 28404 0 
-8.53287 15.6891 1.21955 0.562975 5.06678 80 2 25 10 28405 0 
-8.51411 15.6895 1.21977 0.562975 5.06678 80 2 25 10 28406 0 
-8.49535 15.6899 1.21999 0.562975 5.06678 80 2 25 10 28407 0 
-8.47659 15.6903 1.22021 0.562975 5.06678 80 2 25 10 28408 0 
-8.45783 15.6907 1.22043 0.562975 5.06678 80 2 25 10 28409 0 
-8.43906 15.6911 1.22065 0.562975 5.06678 80 2 25 10 28410 0 
-8.4203 15.6915 1.22087 0.562975 5.06678 80 2 25 10 28411 0 
-8.40154 15.6919 1.22109 0.562975 5.06678 80 2 25 10 28412 0 
-8.38278 15.6923 1.22131 0.562975 5.06678 80 2 25 10 28413 0 
-8.36402 15.6927 1.22153 0.562975 5.06678 80 2 25 10 28414 0 
-8.34526 15.6931 1.22175 0.562975 5.06678 80 2 25 10 28415 0 
-8.32649 15.6935 1.22197 0.562975 5.06678 80 2 25 10 28416 0 
-8.30773 15.6939 1.22219 0.562975 5.06678 80 2 25 10 28417 0 
-8.28897 15.6943 1.22241 0.562975 5.06678 80 2 25 10 28418 0 
-8.27021 15.6947 1.22263 0.562975 5.06678 80 2 25 10 28419 0 
-8.25145 15.6951 1.22285 0.562975 5.06678 80 2 25 10 28420 0 
-8.23269 15.6955 1.22307 0.562975 5.06678 80 2 25 10 28421 0 
-8.21392 15.6959 1.22329 0.562975 5.06678 80 2 25 10 28422 0 
-8.19516 15.6963 1.22351 0.562975 5.06678 80 2 25 10 28423 0 
-8.1764 15.6967 1.22373 0.562975 5.06678 80 2 25 10 28424 0 
-8.15764 15.6971 1.22395 0.562975 5.06678 80 2 25 10 28425 0 
-8.13888 15.6975 1.22417 0.562975 5.06678 80 2 25 10 28426 0 
-8.12012 15.6979 1.22439 0.562975 5.06678 80 2 25 10 28427 0 
-8.10135 15.6983 1.22461 0.562975 5.06678 80 2 25 10 28428 0 
-8.08259 15.6987 1.22483 0.562975 5.06678 80 2 25 10 28429 0 
-8.06383 15.6991 1.22505 0.562975 5.06678 80 2 25 10 28430 0 
-8.04507 15.6995 1.22527 0.562975 5.06678 80 2 25 10 28431 0 
-8.02631 15.6999 1.22549 0.562975 5.06678 80 2 25 10 28432 0 
-8.00755 15.7003 1.2257 0.562975 5.06678 80 2 25 10 28433 0 
-7.98878 15.7007 1.22592 0.562975 5.06678 80 2 25 10 28434 0 
-7.97002 15.7011 1.22614 0.562975 5.06678 80 2 25 10 28435 0 
-7.95126 15.7015 1.22636 0.562975 5.06678 80 2 25 10 28436 0 
-7.9325 15.7019 1.22658 0.562975 5.06678 80 2 25 10 28437 0 
-7.91374 15.7023 1.2268 0.562975 5.06678 80 2 25 10 28438 0 
-7.89498 15.7027 1.22702 0.562975 5.06678 80 2 25 10 28439 0 
-7.87621 15.7031 1.22724 0.562975 5.06678 80 2 25 10 28440 0 
-7.85745 15.7036 1.22745 0.562975 5.06678 80 2 25 10 28441 0 
-7.83869 15.704 1.22767 0.562975 5.06678 80 2 25 10 28442 0 
-7.81993 15.7044 1.22789 0.562975 5.06678 80 2 25 10 28443 0 
-7.80117 15.7048 1.22811 0.562975 5.06678 80 2 25 10 28444 0 
-7.78241 15.7052 1.22833 0.562975 5.06678 80 2 25 10 28445 0 
-7.76365 15.7056 1.22855 0.562975 5.06678 80 2 25 10 28446 0 
-7.74488 15.706 1.22877 0.562975 5.06678 80 2 25 10 28447 0 
-7.72612 15.7064 1.22899 0.562975 5.06678 80 2 25 10 28448 0 
-7.70736 15.7068 1.2292 0.562975 5.06678 80 2 25 10 28449 0 
-7.6886 15.7072 1.22942 0.562975 5.06678 80 2 25 10 28450 0 
-7.66984 15.7076 1.22964 0.562975 5.06678 80 2 25 10 28451 0 
-7.65108 15.708 1.22986 0.562975 5.06678 80 2 25 10 28452 0 
-7.63231 15.7084 1.23008 0.562975 5.06678 80 2 25 10 28453 0 
-7.61355 15.7088 1.2303 0.562975 5.06678 80 2 25 10 28454 0 
-7.59479 15.7092 1.23052 0.562975 5.06678 80 2 25 10 28455 0 
-7.57603 15.7096 1.23073 0.562975 5.06678 80 2 25 10 28456 0 
-7.55727 15.71 1.23095 0.562975 5.06678 80 2 25 10 28457 0 
-7.53851 15.7104 1.23117 0.562975 5.06678 80 2 25 10 28458 0 
-7.51974 15.7108 1.23139 0.562975 5.06678 80 2 25 10 28459 0 
-7.50098 15.7112 1.23161 0.562975 5.06678 80 2 25 10 28460 0 
-7.48222 15.7116 1.23183 0.562975 5.06678 80 2 25 10 28461 0 
-7.46346 15.712 1.23205 0.562975 5.06678 80 2 25 10 28462 0 
-7.4447 15.7124 1.23226 0.562975 5.06678 80 2 25 10 28463 0 
-7.42594 15.7128 1.23248 0.562975 5.06678 80 2 25 10 28464 0 
-7.40717 15.7132 1.2327 0.562975 5.06678 80 2 25 10 28465 0 
-7.38841 15.7136 1.23292 0.562975 5.06678 80 2 25 10 28466 0 
-7.36965 15.714 1.23314 0.562975 5.06678 80 2 25 10 28467 0 
-7.35089 15.7144 1.23336 0.562975 5.06678 80 2 25 10 28468 0 
-7.33213 15.7148 1.23358 0.562975 5.06678 80 2 25 10 28469 0 
-7.31337 15.7152 1.23379 0.562975 5.06678 80 2 25 10 28470 0 
-7.2946 15.7156 1.23401 0.562975 5.06678 80 2 25 10 28471 0 
-7.27584 15.716 1.23423 0.562975 5.06678 80 2 25 10 28472 0 
-7.25708 15.7165 1.23445 0.562975 5.06678 80 2 25 10 28473 0 
-7.23832 15.7169 1.23467 0.562975 5.06678 80 2 25 10 28474 0 
-7.21956 15.7173 1.23489 0.562975 5.06678 80 2 25 10 28475 0 
-7.2008 15.7177 1.23511 0.562975 5.06678 80 2 25 10 28476 0 
-7.18203 15.7181 1.23533 0.562975 5.06678 80 2 25 10 28477 0 
-7.16327 15.7185 1.23554 0.562975 5.06678 80 2 25 10 28478 0 
-7.14451 15.7189 1.23576 0.562975 5.06678 80 2 25 10 28479 0 
-7.12575 15.7193 1.23598 0.562975 5.06678 80 2 25 10 28480 0 
-7.10699 15.7197 1.2362 0.562975 5.06678 80 2 25 10 28481 0 
-7.08823 15.7201 1.23642 0.562975 5.06678 80 2 25 10 28482 0 
-7.06946 15.7205 1.23664 0.562975 5.06678 80 2 25 10 28483 0 
-7.0507 15.7209 1.23686 0.562975 5.06678 80 2 25 10 28484 0 
-7.03194 15.7213 1.23708 0.562975 5.06678 80 2 25 10 28485 0 
-7.01318 15.7217 1.2373 0.562975 5.06678 80 2 25 10 28486 0 
-6.99442 15.7221 1.23752 0.562975 5.06678 80 2 25 10 28487 0 
-6.97566 15.7225 1.23774 0.562975 5.06678 80 2 25 10 28488 0 
-6.95689 15.7229 1.23795 0.562975 5.06678 80 2 25 10 28489 0 
-6.93813 15.7233 1.23817 0.562975 5.06678 80 2 25 10 28490 0 
-6.91937 15.7237 1.23839 0.562975 5.06678 80 2 25 10 28491 0 
-6.90061 15.7241 1.23861 0.562975 5.06678 80 2 25 10 28492 0 
-6.88185 15.7245 1.23883 0.562975 5.06678 80 2 25 10 28493 0 
-6.86309 15.725 1.23905 0.562975 5.06678 80 2 25 10 28494 0 
-6.84433 15.7254 1.23927 0.562975 5.06678 80 2 25 10 28495 0 
-6.82556 15.7258 1.23949 0.562975 5.06678 80 2 25 10 28496 0 
-6.8068 15.7262 1.23971 0.562975 5.06678 80 2 25 10 28497 0 
-6.78804 15.7266 1.23993 0.562975 5.06678 80 2 25 10 28498 0 
-6.76928 15.727 1.24015 0.562975 5.06678 80 2 25 10 28499 0 
-6.75052 15.7274 1.24037 0.562975 5.06678 80 2 25 10 28500 0 
-6.73176 15.7278 1.24059 0.562975 5.06678 80 2 25 10 28501 0 
-6.71299 15.7282 1.24081 0.562975 5.06678 80 2 25 10 28502 0 
-6.69423 15.7286 1.24103 0.562975 5.06678 80 2 25 10 28503 0 
-6.67547 15.729 1.24125 0.562975 5.06678 80 2 25 10 28504 0 
-6.65671 15.7294 1.24147 0.562975 5.06678 80 2 25 10 28505 0 
-6.63795 15.7298 1.24169 0.562975 5.06678 80 2 25 10 28506 0 
-6.61919 15.7302 1.24191 0.562975 5.06678 80 2 25 10 28507 0 
-6.60042 15.7306 1.24213 0.562975 5.06678 80 2 25 10 28508 0 
-6.58166 15.731 1.24235 0.562975 5.06678 80 2 25 10 28509 0 
-6.5629 15.7315 1.24257 0.562975 5.06678 80 2 25 10 28510 0 
-6.54414 15.7319 1.24279 0.562975 5.06678 80 2 25 10 28511 0 
-6.52538 15.7323 1.24301 0.562975 5.06678 80 2 25 10 28512 0 
-6.50662 15.7327 1.24323 0.562975 5.06678 80 2 25 10 28513 0 
-6.48785 15.7331 1.24345 0.562975 5.06678 80 2 25 10 28514 0 
-6.46909 15.7335 1.24367 0.562975 5.06678 80 2 25 10 28515 0 
-6.45033 15.7339 1.24389 0.562975 5.06678 80 2 25 10 28516 0 
-6.43157 15.7343 1.24411 0.562975 5.06678 80 2 25 10 28517 0 
-6.41281 15.7347 1.24433 0.562975 5.06678 80 2 25 10 28518 0 
-6.39405 15.7351 1.24455 0.562975 5.06678 80 2 25 10 28519 0 
-6.37528 15.7355 1.24477 0.562975 5.06678 80 2 25 10 28520 0 
-6.35652 15.7359 1.24499 0.562975 5.06678 80 2 25 10 28521 0 
-6.33776 15.7363 1.24522 0.562975 5.06678 80 2 25 10 28522 0 
-6.319 15.7368 1.24544 0.562975 5.06678 80 2 25 10 28523 0 
-6.30024 15.7372 1.24566 0.562975 5.06678 80 2 25 10 28524 0 
-6.28148 15.7376 1.24588 0.562975 5.06678 80 2 25 10 28525 0 
-6.26271 15.738 1.2461 0.562975 5.06678 80 2 25 10 28526 0 
-6.24395 15.7384 1.24632 0.562975 5.06678 80 2 25 10 28527 0 
-6.22519 15.7388 1.24654 0.562975 5.06678 80 2 25 10 28528 0 
-6.20643 15.7392 1.24676 0.562975 5.06678 80 2 25 10 28529 0 
-6.18767 15.7396 1.24698 0.562975 5.06678 80 2 25 10 28530 0 
-6.16891 15.74 1.24721 0.562975 5.06678 80 2 25 10 28531 0 
-6.15015 15.7404 1.24743 0.562975 5.06678 80 2 25 10 28532 0 
-6.13139 15.7408 1.24765 0.562975 5.06678 80 2 25 10 28533 0 
-6.11262 15.7412 1.24787 0.562975 5.06678 80 2 25 10 28534 0 
-6.09386 15.7417 1.24809 0.562975 5.06678 80 2 25 10 28535 0 
-6.0751 15.7421 1.24831 0.562975 5.06678 80 2 25 10 28536 0 
-6.05634 15.7425 1.24854 0.562975 5.06678 80 2 25 10 28537 0 
-6.03758 15.7429 1.24876 0.562975 5.06678 80 2 25 10 28538 0 
-6.01882 15.7433 1.24898 0.562975 5.06678 80 2 25 10 28539 0 
-6.00006 15.7437 1.2492 0.562975 5.06678 80 2 25 10 28540 0 
-5.9813 15.7441 1.24942 0.562975 5.06678 80 2 25 10 28541 0 
-5.96254 15.7445 1.24965 0.562975 5.06678 80 2 25 10 28542 0 
-5.94377 15.7449 1.24987 0.562975 5.06678 80 2 25 10 28543 0 
-5.92501 15.7453 1.25009 0.562975 5.06678 80 2 25 10 28544 0 
-5.90625 15.7457 1.25031 0.562975 5.06678 80 2 25 10 28545 0 
-5.88749 15.7462 1.25053 0.562975 5.06678 80 2 25 10 28546 0 
-5.86873 15.7466 1.25076 0.562975 5.06678 80 2 25 10 28547 0 
-5.84997 15.747 1.25098 0.562975 5.06678 80 2 25 10 28548 0 
-5.83121 15.7474 1.2512 0.562975 5.06678 80 2 25 10 28549 0 
-5.81245 15.7478 1.25143 0.562975 5.06678 80 2 25 10 28550 0 
-5.79368 15.7482 1.25165 0.562975 5.06678 80 2 25 10 28551 0 
-5.77492 15.7486 1.25187 0.562975 5.06678 80 2 25 10 28552 0 
-5.75616 15.749 1.25209 0.562975 5.06678 80 2 25 10 28553 0 
-5.7374 15.7494 1.25232 0.562975 5.06678 80 2 25 10 28554 0 
-5.71864 15.7498 1.25254 0.562975 5.06678 80 2 25 10 28555 0 
-5.69988 15.7503 1.25276 0.562975 5.06678 80 2 25 10 28556 0 
-5.68112 15.7507 1.25299 0.562975 5.06678 80 2 25 10 28557 0 
-5.66236 15.7511 1.25321 0.562975 5.06678 80 2 25 10 28558 0 
-5.6436 15.7515 1.25343 0.562975 5.06678 80 2 25 10 28559 0 
-5.62483 15.7519 1.25366 0.562975 5.06678 80 2 25 10 28560 0 
-5.60607 15.7523 1.25388 0.562975 5.06678 80 2 25 10 28561 0 
-5.58731 15.7527 1.2541 0.562975 5.06678 80 2 25 10 28562 0 
-5.56855 15.7531 1.25433 0.562975 5.06678 80 2 25 10 28563 0 
-5.54979 15.7535 1.25455 0.562975 5.06678 80 2 25 10 28564 0 
-5.53103 15.7539 1.25477 0.562975 5.06678 80 2 25 10 28565 0 
-5.51227 15.7544 1.255 0.562975 5.06678 80 2 25 10 28566 0 
-5.49351 15.7548 1.25522 0.562975 5.06678 80 2 25 10 28567 0 
-5.47475 15.7552 1.25545 0.562975 5.06678 80 2 25 10 28568 0 
-5.45598 15.7556 1.25567 0.562975 5.06678 80 2 25 10 28569 0 
-5.43722 15.756 1.25589 0.562975 5.06678 80 2 25 10 28570 0 
-5.41846 15.7564 1.25612 0.562975 5.06678 80 2 25 10 28571 0 
-5.3997 15.7568 1.25634 0.562975 5.06678 80 2 25 10 28572 0 
-5.38094 15.7572 1.25657 0.562975 5.06678 80 2 25 10 28573 0 
-5.36218 15.7576 1.25679 0.562975 5.06678 80 2 25 10 28574 0 
-5.34342 15.7581 1.25702 0.562975 5.06678 80 2 25 10 28575 0 
-5.32466 15.7585 1.25724 0.562975 5.06678 80 2 25 10 28576 0 
-5.30589 15.7589 1.25747 0.562975 5.06678 80 2 25 10 28577 0 
-5.28713 15.7593 1.25769 0.562975 5.06678 80 2 25 10 28578 0 
-5.26837 15.7597 1.25792 0.562975 5.06678 80 2 25 10 28579 0 
-5.24961 15.7601 1.25814 0.562975 5.06678 80 2 25 10 28580 0 
-5.23085 15.7605 1.25837 0.562975 5.06678 80 2 25 10 28581 0 
-5.21209 15.7609 1.25859 0.562975 5.06678 80 2 25 10 28582 0 
-5.19333 15.7614 1.25882 0.562975 5.06678 80 2 25 10 28583 0 
-5.17457 15.7618 1.25904 0.562975 5.06678 80 2 25 10 28584 0 
-5.15581 15.7622 1.25927 0.562975 5.06678 80 2 25 10 28585 0 
-5.13704 15.7626 1.25949 0.562975 5.06678 80 2 25 10 28586 0 
-5.11828 15.763 1.25972 0.562975 5.06678 80 2 25 10 28587 0 
-5.09952 15.7634 1.25994 0.562975 5.06678 80 2 25 10 28588 0 
-5.08076 15.7638 1.26017 0.562975 5.06678 80 2 25 10 28589 0 
-5.062 15.7642 1.2604 0.562975 5.06678 80 2 25 10 28590 0 
-5.04324 15.7647 1.26062 0.562975 5.06678 80 2 25 10 28591 0 
-5.02448 15.7651 1.26085 0.562975 5.06678 80 2 25 10 28592 0 
-5.00572 15.7655 1.26107 0.562975 5.06678 80 2 25 10 28593 0 
-4.98696 15.7659 1.2613 0.562975 5.06678 80 2 25 10 28594 0 
-4.96819 15.7663 1.26153 0.562975 5.06678 80 2 25 10 28595 0 
-4.94943 15.7667 1.26175 0.562975 5.06678 80 2 25 10 28596 0 
-4.93067 15.7671 1.26198 0.562975 5.06678 80 2 25 10 28597 0 
-4.91191 15.7675 1.2622 0.562975 5.06678 80 2 25 10 28598 0 
-4.89315 15.768 1.26243 0.562975 5.06678 80 2 25 10 28599 0 
-4.87439 15.7684 1.26266 0.562975 5.06678 80 2 25 10 28600 0 
-4.85563 15.7688 1.26288 0.562975 5.06678 80 2 25 10 28601 0 
-4.83687 15.7692 1.26311 0.562975 5.06678 80 2 25 10 28602 0 
-4.8181 15.7696 1.26334 0.562975 5.06678 80 2 25 10 28603 0 
-4.79934 15.77 1.26356 0.562975 5.06678 80 2 25 10 28604 0 
-4.78058 15.7704 1.26379 0.562975 5.06678 80 2 25 10 28605 0 
-4.76182 15.7709 1.26402 0.562975 5.06678 80 2 25 10 28606 0 
-4.74306 15.7713 1.26425 0.562975 5.06678 80 2 25 10 28607 0 
-4.7243 15.7717 1.26447 0.562975 5.06678 80 2 25 10 28608 0 
-4.70554 15.7721 1.2647 0.562975 5.06678 80 2 25 10 28609 0 
-4.68678 15.7725 1.26493 0.562975 5.06678 80 2 25 10 28610 0 
-4.66802 15.7729 1.26516 0.562975 5.06678 80 2 25 10 28611 0 
-4.64925 15.7733 1.26538 0.562975 5.06678 80 2 25 10 28612 0 
-4.63049 15.7738 1.26561 0.562975 5.06678 80 2 25 10 28613 0 
-4.61173 15.7742 1.26584 0.562975 5.06678 80 2 25 10 28614 0 
-4.59297 15.7746 1.26607 0.562975 5.06678 80 2 25 10 28615 0 
-4.57421 15.775 1.26629 0.562975 5.06678 80 2 25 10 28616 0 
-4.55545 15.7754 1.26652 0.562975 5.06678 80 2 25 10 28617 0 
-4.53669 15.7758 1.26675 0.562975 5.06678 80 2 25 10 28618 0 
-4.51793 15.7762 1.26698 0.562975 5.06678 80 2 25 10 28619 0 
-4.49917 15.7767 1.26721 0.562975 5.06678 80 2 25 10 28620 0 
-4.4804 15.7771 1.26744 0.562975 5.06678 80 2 25 10 28621 0 
-4.46164 15.7775 1.26766 0.562975 5.06678 80 2 25 10 28622 0 
-4.44288 15.7779 1.26789 0.562975 5.06678 80 2 25 10 28623 0 
-4.42412 15.7783 1.26812 0.562975 5.06678 80 2 25 10 28624 0 
-4.40536 15.7787 1.26835 0.562975 5.06678 80 2 25 10 28625 0 
-4.3866 15.7791 1.26858 0.562975 5.06678 80 2 25 10 28626 0 
-4.36784 15.7796 1.26881 0.562975 5.06678 80 2 25 10 28627 0 
-4.34908 15.78 1.26904 0.562975 5.06678 80 2 25 10 28628 0 
-4.33031 15.7804 1.26927 0.562975 5.06678 80 2 25 10 28629 0 
-4.31155 15.7808 1.2695 0.562975 5.06678 80 2 25 10 28630 0 
-4.29279 15.7812 1.26972 0.562975 5.06678 80 2 25 10 28631 0 
-4.27403 15.7816 1.26995 0.562975 5.06678 80 2 25 10 28632 0 
-4.25527 15.7821 1.27018 0.562975 5.06678 80 2 25 10 28633 0 
-4.23651 15.7825 1.27041 0.562975 5.06678 80 2 25 10 28634 0 
-4.21775 15.7829 1.27064 0.562975 5.06678 80 2 25 10 28635 0 
-4.19899 15.7833 1.27087 0.562975 5.06678 80 2 25 10 28636 0 
-4.18023 15.7837 1.2711 0.562975 5.06678 80 2 25 10 28637 0 
-4.16146 15.7841 1.27133 0.562975 5.06678 80 2 25 10 28638 0 
-4.1427 15.7846 1.27156 0.562975 5.06678 80 2 25 10 28639 0 
-4.12394 15.785 1.27179 0.562975 5.06678 80 2 25 10 28640 0 
-4.10518 15.7854 1.27202 0.562975 5.06678 80 2 25 10 28641 0 
-4.08642 15.7858 1.27225 0.562975 5.06678 80 2 25 10 28642 0 
-4.06766 15.7862 1.27248 0.562975 5.06678 80 2 25 10 28643 0 
-4.0489 15.7866 1.27271 0.562975 5.06678 80 2 25 10 28644 0 
-4.03014 15.7871 1.27294 0.562975 5.06678 80 2 25 10 28645 0 
-4.01137 15.7875 1.27317 0.562975 5.06678 80 2 25 10 28646 0 
-3.99261 15.7879 1.27341 0.562975 5.06678 80 2 25 10 28647 0 
-3.97385 15.7883 1.27364 0.562975 5.06678 80 2 25 10 28648 0 
-3.95509 15.7887 1.27387 0.562975 5.06678 80 2 25 10 28649 0 
-3.93633 15.7891 1.2741 0.562975 5.06678 80 2 25 10 28650 0 
-3.91757 15.7896 1.27433 0.562975 5.06678 80 2 25 10 28651 0 
-3.89881 15.79 1.27456 0.562975 5.06678 80 2 25 10 28652 0 
-3.88005 15.7904 1.27479 0.562975 5.06678 80 2 25 10 28653 0 
-3.86129 15.7908 1.27502 0.562975 5.06678 80 2 25 10 28654 0 
-3.84252 15.7912 1.27525 0.562975 5.06678 80 2 25 10 28655 0 
-3.82376 15.7916 1.27549 0.562975 5.06678 80 2 25 10 28656 0 
-3.805 15.7921 1.27572 0.562975 5.06678 80 2 25 10 28657 0 
-3.78624 15.7925 1.27595 0.562975 5.06678 80 2 25 10 28658 0 
-3.76748 15.7929 1.27618 0.562975 5.06678 80 2 25 10 28659 0 
-3.74872 15.7933 1.27641 0.562975 5.06678 80 2 25 10 28660 0 
-3.72996 15.7937 1.27664 0.562975 5.06678 80 2 25 10 28661 0 
-3.7112 15.7942 1.27688 0.562975 5.06678 80 2 25 10 28662 0 
-3.69244 15.7946 1.27711 0.562975 5.06678 80 2 25 10 28663 0 
-3.67367 15.795 1.27734 0.562975 5.06678 80 2 25 10 28664 0 
-3.65491 15.7954 1.27757 0.562975 5.06678 80 2 25 10 28665 0 
-3.63615 15.7958 1.27781 0.562975 5.06678 80 2 25 10 28666 0 
-3.61739 15.7962 1.27804 0.562975 5.06678 80 2 25 10 28667 0 
-3.59863 15.7967 1.27827 0.562975 5.06678 80 2 25 10 28668 0 
-3.57987 15.7971 1.2785 0.562975 5.06678 80 2 25 10 28669 0 
-3.56111 15.7975 1.27874 0.562975 5.06678 80 2 25 10 28670 0 
-3.54235 15.7979 1.27897 0.562975 5.06678 80 2 25 10 28671 0 
-3.52358 15.7983 1.2792 0.562975 5.06678 80 2 25 10 28672 0 
-3.50482 15.7988 1.27944 0.562975 5.06678 80 2 25 10 28673 0 
-3.48606 15.7992 1.27967 0.562975 5.06678 80 2 25 10 28674 0 
-3.4673 15.7996 1.2799 0.562975 5.06678 80 2 25 10 28675 0 
-3.44854 15.8 1.28014 0.562975 5.06678 80 2 25 10 28676 0 
-3.42978 15.8004 1.28037 0.562975 5.06678 80 2 25 10 28677 0 
-3.41102 15.8009 1.2806 0.562975 5.06678 80 2 25 10 28678 0 
-3.39226 15.8013 1.28084 0.562975 5.06678 80 2 25 10 28679 0 
-3.3735 15.8017 1.28107 0.562975 5.06678 80 2 25 10 28680 0 
-3.35473 15.8021 1.2813 0.562975 5.06678 80 2 25 10 28681 0 
-3.33597 15.8025 1.28154 0.562975 5.06678 80 2 25 10 28682 0 
-3.31721 15.803 1.28177 0.562975 5.06678 80 2 25 10 28683 0 
-3.29845 15.8034 1.28201 0.562975 5.06678 80 2 25 10 28684 0 
-3.27969 15.8038 1.28224 0.562975 5.06678 80 2 25 10 28685 0 
-3.26093 15.8042 1.28247 0.562975 5.06678 80 2 25 10 28686 0 
-3.24217 15.8046 1.28271 0.562975 5.06678 80 2 25 10 28687 0 
-3.22341 15.805 1.28294 0.562975 5.06678 80 2 25 10 28688 0 
-3.20465 15.8055 1.28318 0.562975 5.06678 80 2 25 10 28689 0 
-3.18588 15.8059 1.28341 0.562975 5.06678 80 2 25 10 28690 0 
-3.16712 15.8063 1.28365 0.562975 5.06678 80 2 25 10 28691 0 
-3.14836 15.8067 1.28388 0.562975 5.06678 80 2 25 10 28692 0 
-3.1296 15.8072 1.28412 0.562975 5.06678 80 2 25 10 28693 0 
-3.11084 15.8076 1.28435 0.562975 5.06678 80 2 25 10 28694 0 
-3.09208 15.808 1.28459 0.562975 5.06678 80 2 25 10 28695 0 
-3.07332 15.8084 1.28482 0.562975 5.06678 80 2 25 10 28696 0 
-3.05456 15.8088 1.28506 0.562975 5.06678 80 2 25 10 28697 0 
-3.03579 15.8093 1.28529 0.562975 5.06678 80 2 25 10 28698 0 
-3.01703 15.8097 1.28553 0.562975 5.06678 80 2 25 10 28699 0 
-2.99827 15.8101 1.28576 0.562975 5.06678 80 2 25 10 28700 0 
-2.97951 15.8105 1.286 0.562975 5.06678 80 2 25 10 28701 0 
-2.96075 15.8109 1.28624 0.562975 5.06678 80 2 25 10 28702 0 
-2.94199 15.8114 1.28647 0.562975 5.06678 80 2 25 10 28703 0 
-2.92323 15.8118 1.28671 0.562975 5.06678 80 2 25 10 28704 0 
-2.90447 15.8122 1.28694 0.562975 5.06678 80 2 25 10 28705 0 
-2.88571 15.8126 1.28718 0.562975 5.06678 80 2 25 10 28706 0 
-2.86694 15.813 1.28742 0.562975 5.06678 80 2 25 10 28707 0 
-2.84818 15.8135 1.28765 0.562975 5.06678 80 2 25 10 28708 0 
-2.82942 15.8139 1.28789 0.562975 5.06678 80 2 25 10 28709 0 
-2.81066 15.8143 1.28813 0.562975 5.06678 80 2 25 10 28710 0 
-2.7919 15.8147 1.28836 0.562975 5.06678 80 2 25 10 28711 0 
-2.77314 15.8152 1.2886 0.562975 5.06678 80 2 25 10 28712 0 
-2.75438 15.8156 1.28884 0.562975 5.06678 80 2 25 10 28713 0 
-2.73562 15.816 1.28907 0.562975 5.06678 80 2 25 10 28714 0 
-2.71686 15.8164 1.28931 0.562975 5.06678 80 2 25 10 28715 0 
-2.69809 15.8168 1.28955 0.562975 5.06678 80 2 25 10 28716 0 
-2.67933 15.8173 1.28979 0.562975 5.06678 80 2 25 10 28717 0 
-2.66057 15.8177 1.29002 0.562975 5.06678 80 2 25 10 28718 0 
-2.64181 15.8181 1.29026 0.562975 5.06678 80 2 25 10 28719 0 
-2.62305 15.8185 1.2905 0.562975 5.06678 80 2 25 10 28720 0 
-2.60429 15.819 1.29074 0.562975 5.06678 80 2 25 10 28721 0 
-2.58553 15.8194 1.29097 0.562975 5.06678 80 2 25 10 28722 0 
-2.56677 15.8198 1.29121 0.562975 5.06678 80 2 25 10 28723 0 
-2.548 15.8202 1.29145 0.562975 5.06678 80 2 25 10 28724 0 
-2.52924 15.8206 1.29169 0.562975 5.06678 80 2 25 10 28725 0 
-2.51048 15.8211 1.29193 0.562975 5.06678 80 2 25 10 28726 0 
-2.49172 15.8215 1.29216 0.562975 5.06678 80 2 25 10 28727 0 
-2.47296 15.8219 1.2924 0.562975 5.06678 80 2 25 10 28728 0 
-2.4542 15.8223 1.29264 0.562975 5.06678 80 2 25 10 28729 0 
-2.43544 15.8228 1.29288 0.562975 5.06678 80 2 25 10 28730 0 
-2.41668 15.8232 1.29312 0.562975 5.06678 80 2 25 10 28731 0 
-2.39792 15.8236 1.29336 0.562975 5.06678 80 2 25 10 28732 0 
-2.37915 15.824 1.2936 0.562975 5.06678 80 2 25 10 28733 0 
-2.36039 15.8245 1.29383 0.562975 5.06678 80 2 25 10 28734 0 
-2.34163 15.8249 1.29407 0.562975 5.06678 80 2 25 10 28735 0 
-2.32287 15.8253 1.29431 0.562975 5.06678 80 2 25 10 28736 0 
-2.30411 15.8257 1.29455 0.562975 5.06678 80 2 25 10 28737 0 
-2.28535 15.8262 1.29479 0.562975 5.06678 80 2 25 10 28738 0 
-2.26659 15.8266 1.29503 0.562975 5.06678 80 2 25 10 28739 0 
-2.24783 15.827 1.29527 0.562975 5.06678 80 2 25 10 28740 0 
-2.22906 15.8274 1.29551 0.562975 5.06678 80 2 25 10 28741 0 
-2.2103 15.8279 1.29575 0.562975 5.06678 80 2 25 10 28742 0 
-2.19154 15.8283 1.29599 0.562975 5.06678 80 2 25 10 28743 0 
-2.17278 15.8287 1.29623 0.562975 5.06678 80 2 25 10 28744 0 
-2.15402 15.8291 1.29647 0.562975 5.06678 80 2 25 10 28745 0 
-2.13526 15.8295 1.29671 0.562975 5.06678 80 2 25 10 28746 0 
-2.1165 15.83 1.29695 0.562975 5.06678 80 2 25 10 28747 0 
-2.09774 15.8304 1.29719 0.562975 5.06678 80 2 25 10 28748 0 
-2.07898 15.8308 1.29743 0.562975 5.06678 80 2 25 10 28749 0 
-2.06022 15.8312 1.29767 0.562975 5.06678 80 2 25 10 28750 0 
-2.04146 15.8317 1.29791 0.562975 5.06678 80 2 25 10 28751 0 
-2.02269 15.8321 1.29815 0.562975 5.06678 80 2 25 10 28752 0 
-2.00393 15.8325 1.29839 0.562975 5.06678 80 2 25 10 28753 0 
-1.98517 15.8329 1.29863 0.562975 5.06678 80 2 25 10 28754 0 
-1.96641 15.8334 1.29888 0.562975 5.06678 80 2 25 10 28755 0 
-1.94765 15.8338 1.29912 0.562975 5.06678 80 2 25 10 28756 0 
-1.92889 15.8342 1.29936 0.562975 5.06678 80 2 25 10 28757 0 
-1.91013 15.8346 1.2996 0.562975 5.06678 80 2 25 10 28758 0 
-1.89137 15.8351 1.29984 0.562975 5.06678 80 2 25 10 28759 0 
-1.87261 15.8355 1.30008 0.562975 5.06678 80 2 25 10 28760 0 
-1.85385 15.8359 1.30032 0.562975 5.06678 80 2 25 10 28761 0 
-1.83508 15.8364 1.30057 0.562975 5.06678 80 2 25 10 28762 0 
-1.81632 15.8368 1.30081 0.562975 5.06678 80 2 25 10 28763 0 
-1.79756 15.8372 1.30105 0.562975 5.06678 80 2 25 10 28764 0 
-1.7788 15.8376 1.30129 0.562975 5.06678 80 2 25 10 28765 0 
-1.76004 15.8381 1.30153 0.562975 5.06678 80 2 25 10 28766 0 
-1.74128 15.8385 1.30178 0.562975 5.06678 80 2 25 10 28767 0 
-1.72252 15.8389 1.30202 0.562975 5.06678 80 2 25 10 28768 0 
-1.70376 15.8393 1.30226 0.562975 5.06678 80 2 25 10 28769 0 
-1.685 15.8398 1.3025 0.562975 5.06678 80 2 25 10 28770 0 
-1.66624 15.8402 1.30275 0.562975 5.06678 80 2 25 10 28771 0 
-1.64747 15.8406 1.30299 0.562975 5.06678 80 2 25 10 28772 0 
-1.62871 15.841 1.30323 0.562975 5.06678 80 2 25 10 28773 0 
-1.60995 15.8415 1.30347 0.562975 5.06678 80 2 25 10 28774 0 
-1.59119 15.8419 1.30372 0.562975 5.06678 80 2 25 10 28775 0 
-1.57243 15.8423 1.30396 0.562975 5.06678 80 2 25 10 28776 0 
-1.55367 15.8427 1.3042 0.562975 5.06678 80 2 25 10 28777 0 
-1.53491 15.8432 1.30445 0.562975 5.06678 80 2 25 10 28778 0 
-1.51615 15.8436 1.30469 0.562975 5.06678 80 2 25 10 28779 0 
-1.49739 15.844 1.30493 0.562975 5.06678 80 2 25 10 28780 0 
-1.47863 15.8445 1.30518 0.562975 5.06678 80 2 25 10 28781 0 
-1.45986 15.8449 1.30542 0.562975 5.06678 80 2 25 10 28782 0 
-1.4411 15.8453 1.30567 0.562975 5.06678 80 2 25 10 28783 0 
-1.42234 15.8457 1.30591 0.562975 5.06678 80 2 25 10 28784 0 
-1.40358 15.8462 1.30615 0.562975 5.06678 80 2 25 10 28785 0 
-1.38482 15.8466 1.3064 0.562975 5.06678 80 2 25 10 28786 0 
-1.36606 15.847 1.30664 0.562975 5.06678 80 2 25 10 28787 0 
-1.3473 15.8475 1.30689 0.562975 5.06678 80 2 25 10 28788 0 
-1.32854 15.8479 1.30713 0.562975 5.06678 80 2 25 10 28789 0 
-1.30978 15.8483 1.30738 0.562975 5.06678 80 2 25 10 28790 0 
-1.29102 15.8487 1.30762 0.562975 5.06678 80 2 25 10 28791 0 
-1.27226 15.8492 1.30787 0.562975 5.06678 80 2 25 10 28792 0 
-1.25349 15.8496 1.30811 0.562975 5.06678 80 2 25 10 28793 0 
-1.23473 15.85 1.30835 0.562975 5.06678 80 2 25 10 28794 0 
-1.21597 15.8504 1.3086 0.562975 5.06678 80 2 25 10 28795 0 
-1.19721 15.8509 1.30885 0.562975 5.06678 80 2 25 10 28796 0 
-1.17845 15.8513 1.30909 0.562975 5.06678 80 2 25 10 28797 0 
-1.15969 15.8517 1.30934 0.562975 5.06678 80 2 25 10 28798 0 
-1.14093 15.8522 1.30958 0.562975 5.06678 80 2 25 10 28799 0 
-1.12217 15.8526 1.30983 0.562975 5.06678 80 2 25 10 28800 0 
-1.10341 15.853 1.31007 0.562975 5.06678 80 2 25 10 28801 0 
-1.08465 15.8535 1.31032 0.562975 5.06678 80 2 25 10 28802 0 
-1.06589 15.8539 1.31056 0.562975 5.06678 80 2 25 10 28803 0 
-1.04712 15.8543 1.31081 0.562975 5.06678 80 2 25 10 28804 0 
-1.02836 15.8547 1.31106 0.562975 5.06678 80 2 25 10 28805 0 
-1.0096 15.8552 1.3113 0.562975 5.06678 80 2 25 10 28806 0 
-0.990842 15.8556 1.31155 0.562975 5.06678 80 2 25 10 28807 0 
-0.972081 15.856 1.3118 0.562975 5.06678 80 2 25 10 28808 0 
-0.95332 15.8565 1.31204 0.562975 5.06678 80 2 25 10 28809 0 
-0.934559 15.8569 1.31229 0.562975 5.06678 80 2 25 10 28810 0 
-0.915798 15.8573 1.31254 0.562975 5.06678 80 2 25 10 28811 0 
-0.897037 15.8577 1.31278 0.562975 5.06678 80 2 25 10 28812 0 
-0.878276 15.8582 1.31303 0.562975 5.06678 80 2 25 10 28813 0 
-0.859515 15.8586 1.31328 0.562975 5.06678 80 2 25 10 28814 0 
-0.840754 15.859 1.31352 0.562975 5.06678 80 2 25 10 28815 0 
-0.821993 15.8595 1.31377 0.562975 5.06678 80 2 25 10 28816 0 
-0.803232 15.8599 1.31402 0.562975 5.06678 80 2 25 10 28817 0 
-0.784472 15.8603 1.31427 0.562975 5.06678 80 2 25 10 28818 0 
-0.765711 15.8608 1.31451 0.562975 5.06678 80 2 25 10 28819 0 
-0.74695 15.8612 1.31476 0.562975 5.06678 80 2 25 10 28820 0 
-0.728189 15.8616 1.31501 0.562975 5.06678 80 2 25 10 28821 0 
-0.709428 15.862 1.31526 0.562975 5.06678 80 2 25 10 28822 0 
-0.690667 15.8625 1.31551 0.562975 5.06678 80 2 25 10 28823 0 
-0.671906 15.8629 1.31575 0.562975 5.06678 80 2 25 10 28824 0 
-0.653145 15.8633 1.316 0.562975 5.06678 80 2 25 10 28825 0 
-0.634384 15.8638 1.31625 0.562975 5.06678 80 2 25 10 28826 0 
-0.615623 15.8642 1.3165 0.562975 5.06678 80 2 25 10 28827 0 
-0.596863 15.8646 1.31675 0.562975 5.06678 80 2 25 10 28828 0 
-0.578102 15.8651 1.317 0.562975 5.06678 80 2 25 10 28829 0 
-0.559341 15.8655 1.31724 0.562975 5.06678 80 2 25 10 28830 0 
-0.54058 15.8659 1.31749 0.562975 5.06678 80 2 25 10 28831 0 
-0.521819 15.8664 1.31774 0.562975 5.06678 80 2 25 10 28832 0 
-0.503058 15.8668 1.31799 0.562975 5.06678 80 2 25 10 28833 0 
-0.484297 15.8672 1.31824 0.562975 5.06678 80 2 25 10 28834 0 
-0.465537 15.8677 1.31849 0.562975 5.06678 80 2 25 10 28835 0 
-0.446776 15.8681 1.31874 0.562975 5.06678 80 2 25 10 28836 0 
-0.428015 15.8685 1.31899 0.562975 5.06678 80 2 25 10 28837 0 
-0.409254 15.869 1.31924 0.562975 5.06678 80 2 25 10 28838 0 
-0.390493 15.8694 1.31949 0.562975 5.06678 80 2 25 10 28839 0 
-0.371732 15.8698 1.31974 0.562975 5.06678 80 2 25 10 28840 0 
-0.352971 15.8702 1.31999 0.562975 5.06678 80 2 25 10 28841 0 
-0.334211 15.8707 1.32024 0.562975 5.06678 80 2 25 10 28842 0 
-0.31545 15.8711 1.32049 0.562975 5.06678 80 2 25 10 28843 0 
-0.296689 15.8715 1.32074 0.562975 5.06678 80 2 25 10 28844 0 
-0.277928 15.872 1.32099 0.562975 5.06678 80 2 25 10 28845 0 
-0.259167 15.8724 1.32124 0.562975 5.06678 80 2 25 10 28846 0 
-0.240406 15.8728 1.32149 0.562975 5.06678 80 2 25 10 28847 0 
-0.221645 15.8733 1.32174 0.562975 5.06678 80 2 25 10 28848 0 
-0.202885 15.8737 1.32199 0.562975 5.06678 80 2 25 10 28849 0 
-0.184124 15.8741 1.32224 0.562975 5.06678 80 2 25 10 28850 0 
-0.165363 15.8746 1.32249 0.562975 5.06678 80 2 25 10 28851 0 
-0.146602 15.875 1.32274 0.562975 5.06678 80 2 25 10 28852 0 
-0.127841 15.8754 1.32299 0.562975 5.06678 80 2 25 10 28853 0 
-0.10908 15.8759 1.32325 0.562975 5.06678 80 2 25 10 28854 0 
-0.0903196 15.8763 1.3235 0.562975 5.06678 80 2 25 10 28855 0 
-0.0715587 15.8767 1.32375 0.562975 5.06678 80 2 25 10 28856 0 
-0.0527979 15.8772 1.324 0.562975 5.06678 80 2 25 10 28857 0 
-0.0340371 15.8776 1.32425 0.562975 5.06678 80 2 25 10 28858 0 
-0.0152763 15.878 1.3245 0.562975 5.06678 80 2 25 10 28859 0 
0.00348455 15.8785 1.32476 0.562975 5.06678 80 2 25 10 28860 0 
0.0222454 15.8789 1.32501 0.562975 5.06678 80 2 25 10 28861 0 
0.0410062 15.8793 1.32526 0.562975 5.06678 80 2 25 10 28862 0 
0.059767 15.8798 1.32551 0.562975 5.06678 80 2 25 10 28863 0 
0.0785278 15.8802 1.32576 0.562975 5.06678 80 2 25 10 28864 0 
0.0972886 15.8806 1.32602 0.562975 5.06678 80 2 25 10 28865 0 
0.116049 15.8811 1.32627 0.562975 5.06678 80 2 25 10 28866 0 
0.13481 15.8815 1.32652 0.562975 5.06678 80 2 25 10 28867 0 
0.153571 15.8819 1.32678 0.562975 5.06678 80 2 25 10 28868 0 
0.172332 15.8824 1.32703 0.562975 5.06678 80 2 25 10 28869 0 
0.191093 15.8828 1.32728 0.562975 5.06678 80 2 25 10 28870 0 
0.209853 15.8833 1.32753 0.562975 5.06678 80 2 25 10 28871 0 
0.228614 15.8837 1.32779 0.562975 5.06678 80 2 25 10 28872 0 
0.247375 15.8841 1.32804 0.562975 5.06678 80 2 25 10 28873 0 
0.266136 15.8846 1.32829 0.562975 5.06678 80 2 25 10 28874 0 
0.284897 15.885 1.32855 0.562975 5.06678 80 2 25 10 28875 0 
0.303657 15.8854 1.3288 0.562975 5.06678 80 2 25 10 28876 0 
0.322418 15.8859 1.32906 0.562975 5.06678 80 2 25 10 28877 0 
0.341179 15.8863 1.32931 0.562975 5.06678 80 2 25 10 28878 0 
0.35994 15.8867 1.32956 0.562975 5.06678 80 2 25 10 28879 0 
0.378701 15.8872 1.32982 0.562975 5.06678 80 2 25 10 28880 0 
0.397461 15.8876 1.33007 0.562975 5.06678 80 2 25 10 28881 0 
0.416222 15.888 1.33033 0.562975 5.06678 80 2 25 10 28882 0 
0.434983 15.8885 1.33058 0.562975 5.06678 80 2 25 10 28883 0 
0.453744 15.8889 1.33084 0.562975 5.06678 80 2 25 10 28884 0 
0.472504 15.8893 1.33109 0.562975 5.06678 80 2 25 10 28885 0 
0.491265 15.8898 1.33134 0.562975 5.06678 80 2 25 10 28886 0 
0.510026 15.8902 1.3316 0.562975 5.06678 80 2 25 10 28887 0 
0.528787 15.8907 1.33185 0.562975 5.06678 80 2 25 10 28888 0 
0.547547 15.8911 1.33211 0.562975 5.06678 80 2 25 10 28889 0 
0.566308 15.8915 1.33236 0.562975 5.06678 80 2 25 10 28890 0 
0.585069 15.892 1.33262 0.562975 5.06678 80 2 25 10 28891 0 
0.60383 15.8924 1.33288 0.562975 5.06678 80 2 25 10 28892 0 
0.62259 15.8928 1.33313 0.562975 5.06678 80 2 25 10 28893 0 
0.641351 15.8933 1.33339 0.562975 5.06678 80 2 25 10 28894 0 
0.660112 15.8937 1.33364 0.562975 5.06678 80 2 25 10 28895 0 
0.678873 15.8941 1.3339 0.562975 5.06678 80 2 25 10 28896 0 
0.697633 15.8946 1.33415 0.562975 5.06678 80 2 25 10 28897 0 
0.716394 15.895 1.33441 0.562975 5.06678 80 2 25 10 28898 0 
0.735155 15.8955 1.33467 0.562975 5.06678 80 2 25 10 28899 0 
0.753916 15.8959 1.33492 0.562975 5.06678 80 2 25 10 28900 0 
0.772676 15.8963 1.33518 0.562975 5.06678 80 2 25 10 28901 0 
0.791437 15.8968 1.33544 0.562975 5.06678 80 2 25 10 28902 0 
0.810198 15.8972 1.33569 0.562975 5.06678 80 2 25 10 28903 0 
0.828959 15.8976 1.33595 0.562975 5.06678 80 2 25 10 28904 0 
0.847719 15.8981 1.33621 0.562975 5.06678 80 2 25 10 28905 0 
0.86648 15.8985 1.33646 0.562975 5.06678 80 2 25 10 28906 0 
0.885241 15.899 1.33672 0.562975 5.06678 80 2 25 10 28907 0 
0.904002 15.8994 1.33698 0.562975 5.06678 80 2 25 10 28908 0 
0.922762 15.8998 1.33724 0.562975 5.06678 80 2 25 10 28909 0 
0.941523 15.9003 1.33749 0.562975 5.06678 80 2 25 10 28910 0 
0.960284 15.9007 1.33775 0.562975 5.06678 80 2 25 10 28911 0 
0.979044 15.9011 1.33801 0.562975 5.06678 80 2 25 10 28912 0 
0.997805 15.9016 1.33827 0.562975 5.06678 80 2 25 10 28913 0 
1.01657 15.902 1.33852 0.562975 5.06678 80 2 25 10 28914 0 
1.03533 15.9025 1.33878 0.562975 5.06678 80 2 25 10 28915 0 
1.05409 15.9029 1.33904 0.562975 5.06678 80 2 25 10 28916 0 
1.07285 15.9033 1.3393 0.562975 5.06678 80 2 25 10 28917 0 
1.09161 15.9038 1.33956 0.562975 5.06678 80 2 25 10 28918 0 
1.11037 15.9042 1.33981 0.562975 5.06678 80 2 25 10 28919 0 
1.12913 15.9047 1.34007 0.562975 5.06678 80 2 25 10 28920 0 
1.14789 15.9051 1.34033 0.562975 5.06678 80 2 25 10 28921 0 
1.16665 15.9055 1.34059 0.562975 5.06678 80 2 25 10 28922 0 
1.18541 15.906 1.34085 0.562975 5.06678 80 2 25 10 28923 0 
1.20417 15.9064 1.34111 0.562975 5.06678 80 2 25 10 28924 0 
1.22293 15.9068 1.34137 0.562975 5.06678 80 2 25 10 28925 0 
1.24169 15.9073 1.34163 0.562975 5.06678 80 2 25 10 28926 0 
1.26045 15.9077 1.34189 0.562975 5.06678 80 2 25 10 28927 0 
1.27922 15.9082 1.34215 0.562975 5.06678 80 2 25 10 28928 0 
1.29798 15.9086 1.3424 0.562975 5.06678 80 2 25 10 28929 0 
1.31674 15.909 1.34266 0.562975 5.06678 80 2 25 10 28930 0 
1.3355 15.9095 1.34292 0.562975 5.06678 80 2 25 10 28931 0 
1.35426 15.9099 1.34318 0.562975 5.06678 80 2 25 10 28932 0 
1.37302 15.9104 1.34344 0.562975 5.06678 80 2 25 10 28933 0 
1.39178 15.9108 1.3437 0.562975 5.06678 80 2 25 10 28934 0 
1.41054 15.9112 1.34396 0.562975 5.06678 80 2 25 10 28935 0 
1.4293 15.9117 1.34422 0.562975 5.06678 80 2 25 10 28936 0 
1.44806 15.9121 1.34449 0.562975 5.06678 80 2 25 10 28937 0 
1.46682 15.9126 1.34475 0.562975 5.06678 80 2 25 10 28938 0 
1.48558 15.913 1.34501 0.562975 5.06678 80 2 25 10 28939 0 
1.50434 15.9134 1.34527 0.562975 5.06678 80 2 25 10 28940 0 
1.5231 15.9139 1.34553 0.562975 5.06678 80 2 25 10 28941 0 
1.54186 15.9143 1.34579 0.562975 5.06678 80 2 25 10 28942 0 
1.56063 15.9148 1.34605 0.562975 5.06678 80 2 25 10 28943 0 
1.57939 15.9152 1.34631 0.562975 5.06678 80 2 25 10 28944 0 
1.59815 15.9156 1.34657 0.562975 5.06678 80 2 25 10 28945 0 
1.61691 15.9161 1.34683 0.562975 5.06678 80 2 25 10 28946 0 
1.63567 15.9165 1.3471 0.562975 5.06678 80 2 25 10 28947 0 
1.65443 15.917 1.34736 0.562975 5.06678 80 2 25 10 28948 0 
1.67319 15.9174 1.34762 0.562975 5.06678 80 2 25 10 28949 0 
1.69195 15.9179 1.34788 0.562975 5.06678 80 2 25 10 28950 0 
1.71071 15.9183 1.34814 0.562975 5.06678 80 2 25 10 28951 0 
1.72947 15.9187 1.34841 0.562975 5.06678 80 2 25 10 28952 0 
1.74823 15.9192 1.34867 0.562975 5.06678 80 2 25 10 28953 0 
1.76699 15.9196 1.34893 0.562975 5.06678 80 2 25 10 28954 0 
1.78575 15.9201 1.34919 0.562975 5.06678 80 2 25 10 28955 0 
1.80451 15.9205 1.34946 0.562975 5.06678 80 2 25 10 28956 0 
1.82328 15.9209 1.34972 0.562975 5.06678 80 2 25 10 28957 0 
1.84204 15.9214 1.34998 0.562975 5.06678 80 2 25 10 28958 0 
1.8608 15.9218 1.35024 0.562975 5.06678 80 2 25 10 28959 0 
1.87956 15.9223 1.35051 0.562975 5.06678 80 2 25 10 28960 0 
1.89832 15.9227 1.35077 0.562975 5.06678 80 2 25 10 28961 0 
1.91708 15.9232 1.35103 0.562975 5.06678 80 2 25 10 28962 0 
1.93584 15.9236 1.3513 0.562975 5.06678 80 2 25 10 28963 0 
1.9546 15.924 1.35156 0.562975 5.06678 80 2 25 10 28964 0 
1.97336 15.9245 1.35182 0.562975 5.06678 80 2 25 10 28965 0 
1.99212 15.9249 1.35209 0.562975 5.06678 80 2 25 10 28966 0 
2.01088 15.9254 1.35235 0.562975 5.06678 80 2 25 10 28967 0 
2.02964 15.9258 1.35262 0.562975 5.06678 80 2 25 10 28968 0 
2.0484 15.9263 1.35288 0.562975 5.06678 80 2 25 10 28969 0 
2.06716 15.9267 1.35314 0.562975 5.06678 80 2 25 10 28970 0 
2.08592 15.9271 1.35341 0.562975 5.06678 80 2 25 10 28971 0 
2.10468 15.9276 1.35367 0.562975 5.06678 80 2 25 10 28972 0 
2.12345 15.928 1.35394 0.562975 5.06678 80 2 25 10 28973 0 
2.14221 15.9285 1.3542 0.562975 5.06678 80 2 25 10 28974 0 
2.16097 15.9289 1.35447 0.562975 5.06678 80 2 25 10 28975 0 
2.17973 15.9294 1.35473 0.562975 5.06678 80 2 25 10 28976 0 
2.19849 15.9298 1.355 0.562975 5.06678 80 2 25 10 28977 0 
2.21725 15.9302 1.35526 0.562975 5.06678 80 2 25 10 28978 0 
2.23601 15.9307 1.35553 0.562975 5.06678 80 2 25 10 28979 0 
2.25477 15.9311 1.35579 0.562975 5.06678 80 2 25 10 28980 0 
2.27353 15.9316 1.35606 0.562975 5.06678 80 2 25 10 28981 0 
2.29229 15.932 1.35632 0.562975 5.06678 80 2 25 10 28982 0 
2.31105 15.9325 1.35659 0.562975 5.06678 80 2 25 10 28983 0 
2.32981 15.9329 1.35686 0.562975 5.06678 80 2 25 10 28984 0 
2.34857 15.9334 1.35712 0.562975 5.06678 80 2 25 10 28985 0 
2.36733 15.9338 1.35739 0.562975 5.06678 80 2 25 10 28986 0 
2.3861 15.9342 1.35765 0.562975 5.06678 80 2 25 10 28987 0 
2.40486 15.9347 1.35792 0.562975 5.06678 80 2 25 10 28988 0 
2.42362 15.9351 1.35819 0.562975 5.06678 80 2 25 10 28989 0 
2.44238 15.9356 1.35845 0.562975 5.06678 80 2 25 10 28990 0 
2.46114 15.936 1.35872 0.562975 5.06678 80 2 25 10 28991 0 
2.4799 15.9365 1.35899 0.562975 5.06678 80 2 25 10 28992 0 
2.49866 15.9369 1.35925 0.562975 5.06678 80 2 25 10 28993 0 
2.51742 15.9374 1.35952 0.562975 5.06678 80 2 25 10 28994 0 
2.53618 15.9378 1.35979 0.562975 5.06678 80 2 25 10 28995 0 
2.55494 15.9382 1.36006 0.562975 5.06678 80 2 25 10 28996 0 
2.5737 15.9387 1.36032 0.562975 5.06678 80 2 25 10 28997 0 
2.59246 15.9391 1.36059 0.562975 5.06678 80 2 25 10 28998 0 
2.61122 15.9396 1.36086 0.562975 5.06678 80 2 25 10 28999 0 
2.62998 15.94 1.36113 0.562975 5.06678 80 2 25 10 29000 0 
2.64874 15.9405 1.36139 0.562975 5.06678 80 2 25 10 29001 0 
2.6675 15.9409 1.36166 0.562975 5.06678 80 2 25 10 29002 0 
2.68626 15.9414 1.36193 0.562975 5.06678 80 2 25 10 29003 0 
2.70502 15.9418 1.3622 0.562975 5.06678 80 2 25 10 29004 0 
2.72378 15.9423 1.36247 0.562975 5.06678 80 2 25 10 29005 0 
2.74254 15.9427 1.36273 0.562975 5.06678 80 2 25 10 29006 0 
2.7613 15.9432 1.363 0.562975 5.06678 80 2 25 10 29007 0 
2.78007 15.9436 1.36327 0.562975 5.06678 80 2 25 10 29008 0 
2.79883 15.944 1.36354 0.562975 5.06678 80 2 25 10 29009 0 
2.81759 15.9445 1.36381 0.562975 5.06678 80 2 25 10 29010 0 
2.83635 15.9449 1.36408 0.562975 5.06678 80 2 25 10 29011 0 
2.85511 15.9454 1.36435 0.562975 5.06678 80 2 25 10 29012 0 
2.87387 15.9458 1.36462 0.562975 5.06678 80 2 25 10 29013 0 
2.89263 15.9463 1.36489 0.562975 5.06678 80 2 25 10 29014 0 
2.91139 15.9467 1.36516 0.562975 5.06678 80 2 25 10 29015 0 
2.93015 15.9472 1.36543 0.562975 5.06678 80 2 25 10 29016 0 
2.94891 15.9476 1.3657 0.562975 5.06678 80 2 25 10 29017 0 
2.96767 15.9481 1.36597 0.562975 5.06678 80 2 25 10 29018 0 
2.98643 15.9485 1.36624 0.562975 5.06678 80 2 25 10 29019 0 
3.00519 15.949 1.36651 0.562975 5.06678 80 2 25 10 29020 0 
3.02395 15.9494 1.36678 0.562975 5.06678 80 2 25 10 29021 0 
3.04271 15.9499 1.36705 0.562975 5.06678 80 2 25 10 29022 0 
3.06147 15.9503 1.36732 0.562975 5.06678 80 2 25 10 29023 0 
3.08023 15.9508 1.36759 0.562975 5.06678 80 2 25 10 29024 0 
3.09899 15.9512 1.36786 0.562975 5.06678 80 2 25 10 29025 0 
3.11775 15.9517 1.36813 0.562975 5.06678 80 2 25 10 29026 0 
3.13651 15.9521 1.3684 0.562975 5.06678 80 2 25 10 29027 0 
3.15527 15.9525 1.36867 0.562975 5.06678 80 2 25 10 29028 0 
3.17403 15.953 1.36894 0.562975 5.06678 80 2 25 10 29029 0 
3.19279 15.9534 1.36921 0.562975 5.06678 80 2 25 10 29030 0 
3.21156 15.9539 1.36949 0.562975 5.06678 80 2 25 10 29031 0 
3.23032 15.9543 1.36976 0.562975 5.06678 80 2 25 10 29032 0 
3.24908 15.9548 1.37003 0.562975 5.06678 80 2 25 10 29033 0 
3.26784 15.9552 1.3703 0.562975 5.06678 80 2 25 10 29034 0 
3.2866 15.9557 1.37057 0.562975 5.06678 80 2 25 10 29035 0 
3.30536 15.9561 1.37085 0.562975 5.06678 80 2 25 10 29036 0 
3.32412 15.9566 1.37112 0.562975 5.06678 80 2 25 10 29037 0 
3.34288 15.957 1.37139 0.562975 5.06678 80 2 25 10 29038 0 
3.36164 15.9575 1.37166 0.562975 5.06678 80 2 25 10 29039 0 
3.3804 15.9579 1.37194 0.562975 5.06678 80 2 25 10 29040 0 
3.39916 15.9584 1.37221 0.562975 5.06678 80 2 25 10 29041 0 
3.41792 15.9588 1.37248 0.562975 5.06678 80 2 25 10 29042 0 
3.43668 15.9593 1.37275 0.562975 5.06678 80 2 25 10 29043 0 
3.45544 15.9597 1.37303 0.562975 5.06678 80 2 25 10 29044 0 
3.4742 15.9602 1.3733 0.562975 5.06678 80 2 25 10 29045 0 
3.49296 15.9606 1.37357 0.562975 5.06678 80 2 25 10 29046 0 
3.51172 15.9611 1.37385 0.562975 5.06678 80 2 25 10 29047 0 
3.53048 15.9615 1.37412 0.562975 5.06678 80 2 25 10 29048 0 
3.54924 15.962 1.37439 0.562975 5.06678 80 2 25 10 29049 0 
3.568 15.9624 1.37467 0.562975 5.06678 80 2 25 10 29050 0 
3.58676 15.9629 1.37494 0.562975 5.06678 80 2 25 10 29051 0 
3.60552 15.9633 1.37522 0.562975 5.06678 80 2 25 10 29052 0 
3.62428 15.9638 1.37549 0.562975 5.06678 80 2 25 10 29053 0 
3.64305 15.9642 1.37576 0.562975 5.06678 80 2 25 10 29054 0 
3.66181 15.9647 1.37604 0.562975 5.06678 80 2 25 10 29055 0 
3.68057 15.9651 1.37631 0.562975 5.06678 80 2 25 10 29056 0 
3.69933 15.9656 1.37659 0.562975 5.06678 80 2 25 10 29057 0 
3.71809 15.966 1.37686 0.562975 5.06678 80 2 25 10 29058 0 
3.73685 15.9665 1.37714 0.562975 5.06678 80 2 25 10 29059 0 
3.75561 15.9669 1.37741 0.562975 5.06678 80 2 25 10 29060 0 
3.77437 15.9674 1.37769 0.562975 5.06678 80 2 25 10 29061 0 
3.79313 15.9678 1.37796 0.562975 5.06678 80 2 25 10 29062 0 
3.81189 15.9683 1.37824 0.562975 5.06678 80 2 25 10 29063 0 
3.83065 15.9687 1.37851 0.562975 5.06678 80 2 25 10 29064 0 
3.84941 15.9692 1.37879 0.562975 5.06678 80 2 25 10 29065 0 
3.86817 15.9696 1.37907 0.562975 5.06678 80 2 25 10 29066 0 
3.88693 15.9701 1.37934 0.562975 5.06678 80 2 25 10 29067 0 
3.90569 15.9705 1.37962 0.562975 5.06678 80 2 25 10 29068 0 
3.92445 15.971 1.37989 0.562975 5.06678 80 2 25 10 29069 0 
3.94321 15.9714 1.38017 0.562975 5.06678 80 2 25 10 29070 0 
3.96197 15.9719 1.38045 0.562975 5.06678 80 2 25 10 29071 0 
3.98073 15.9724 1.38072 0.562975 5.06678 80 2 25 10 29072 0 
3.99949 15.9728 1.381 0.562975 5.06678 80 2 25 10 29073 0 
4.01825 15.9733 1.38128 0.562975 5.06678 80 2 25 10 29074 0 
4.03701 15.9737 1.38155 0.562975 5.06678 80 2 25 10 29075 0 
4.05577 15.9742 1.38183 0.562975 5.06678 80 2 25 10 29076 0 
4.07453 15.9746 1.38211 0.562975 5.06678 80 2 25 10 29077 0 
4.0933 15.9751 1.38238 0.562975 5.06678 80 2 25 10 29078 0 
4.11206 15.9755 1.38266 0.562975 5.06678 80 2 25 10 29079 0 
4.13082 15.976 1.38294 0.562975 5.06678 80 2 25 10 29080 0 
4.14958 15.9764 1.38322 0.562975 5.06678 80 2 25 10 29081 0 
4.16834 15.9769 1.38349 0.562975 5.06678 80 2 25 10 29082 0 
4.1871 15.9773 1.38377 0.562975 5.06678 80 2 25 10 29083 0 
4.20586 15.9778 1.38405 0.562975 5.06678 80 2 25 10 29084 0 
4.22462 15.9782 1.38433 0.562975 5.06678 80 2 25 10 29085 0 
4.24338 15.9787 1.38461 0.562975 5.06678 80 2 25 10 29086 0 
4.26214 15.9791 1.38489 0.562975 5.06678 80 2 25 10 29087 0 
4.2809 15.9796 1.38516 0.562975 5.06678 80 2 25 10 29088 0 
4.29966 15.9801 1.38544 0.562975 5.06678 80 2 25 10 29089 0 
4.31842 15.9805 1.38572 0.562975 5.06678 80 2 25 10 29090 0 
4.33718 15.981 1.386 0.562975 5.06678 80 2 25 10 29091 0 
4.35594 15.9814 1.38628 0.562975 5.06678 80 2 25 10 29092 0 
4.3747 15.9819 1.38656 0.562975 5.06678 80 2 25 10 29093 0 
4.39346 15.9823 1.38684 0.562975 5.06678 80 2 25 10 29094 0 
4.41222 15.9828 1.38712 0.562975 5.06678 80 2 25 10 29095 0 
4.43098 15.9832 1.3874 0.562975 5.06678 80 2 25 10 29096 0 
4.44974 15.9837 1.38768 0.562975 5.06678 80 2 25 10 29097 0 
4.4685 15.9841 1.38796 0.562975 5.06678 80 2 25 10 29098 0 
4.48726 15.9846 1.38824 0.562975 5.06678 80 2 25 10 29099 0 
4.50602 15.985 1.38852 0.562975 5.06678 80 2 25 10 29100 0 
4.52478 15.9855 1.3888 0.562975 5.06678 80 2 25 10 29101 0 
4.54354 15.986 1.38908 0.562975 5.06678 80 2 25 10 29102 0 
4.5623 15.9864 1.38936 0.562975 5.06678 80 2 25 10 29103 0 
4.58106 15.9869 1.38964 0.562975 5.06678 80 2 25 10 29104 0 
4.59982 15.9873 1.38992 0.562975 5.06678 80 2 25 10 29105 0 
4.61858 15.9878 1.3902 0.562975 5.06678 80 2 25 10 29106 0 
4.63734 15.9882 1.39048 0.562975 5.06678 80 2 25 10 29107 0 
4.6561 15.9887 1.39076 0.562975 5.06678 80 2 25 10 29108 0 
4.67486 15.9891 1.39104 0.562975 5.06678 80 2 25 10 29109 0 
4.69362 15.9896 1.39132 0.562975 5.06678 80 2 25 10 29110 0 
4.71238 15.9901 1.39161 0.562975 5.06678 80 2 25 10 29111 0 
4.73114 15.9905 1.39189 0.562975 5.06678 80 2 25 10 29112 0 
4.7499 15.991 1.39217 0.562975 5.06678 80 2 25 10 29113 0 
4.76866 15.9914 1.39245 0.562975 5.06678 80 2 25 10 29114 0 
4.78742 15.9919 1.39273 0.562975 5.06678 80 2 25 10 29115 0 
4.80618 15.9923 1.39301 0.562975 5.06678 80 2 25 10 29116 0 
4.82494 15.9928 1.3933 0.562975 5.06678 80 2 25 10 29117 0 
4.8437 15.9932 1.39358 0.562975 5.06678 80 2 25 10 29118 0 
4.86246 15.9937 1.39386 0.562975 5.06678 80 2 25 10 29119 0 
4.88122 15.9942 1.39414 0.562975 5.06678 80 2 25 10 29120 0 
4.89998 15.9946 1.39443 0.562975 5.06678 80 2 25 10 29121 0 
4.91874 15.9951 1.39471 0.562975 5.06678 80 2 25 10 29122 0 
4.9375 15.9955 1.39499 0.562975 5.06678 80 2 25 10 29123 0 
4.95626 15.996 1.39528 0.562975 5.06678 80 2 25 10 29124 0 
4.97502 15.9964 1.39556 0.562975 5.06678 80 2 25 10 29125 0 
4.99378 15.9969 1.39584 0.562975 5.06678 80 2 25 10 29126 0 
5.01255 15.9974 1.39613 0.562975 5.06678 80 2 25 10 29127 0 
5.03131 15.9978 1.39641 0.562975 5.06678 80 2 25 10 29128 0 
5.05007 15.9983 1.39669 0.562975 5.06678 80 2 25 10 29129 0 
5.06883 15.9987 1.39698 0.562975 5.06678 80 2 25 10 29130 0 
5.08759 15.9992 1.39726 0.562975 5.06678 80 2 25 10 29131 0 
5.10635 15.9996 1.39754 0.562975 5.06678 80 2 25 10 29132 0 
5.12511 16.0001 1.39783 0.562975 5.06678 80 2 25 10 29133 0 
5.14387 16.0006 1.39811 0.562975 5.06678 80 2 25 10 29134 0 
5.16263 16.001 1.3984 0.562975 5.06678 80 2 25 10 29135 0 
5.18139 16.0015 1.39868 0.562975 5.06678 80 2 25 10 29136 0 
5.20015 16.0019 1.39897 0.562975 5.06678 80 2 25 10 29137 0 
5.21891 16.0024 1.39925 0.562975 5.06678 80 2 25 10 29138 0 
5.23767 16.0028 1.39954 0.562975 5.06678 80 2 25 10 29139 0 
5.25643 16.0033 1.39982 0.562975 5.06678 80 2 25 10 29140 0 
5.27519 16.0038 1.40011 0.562975 5.06678 80 2 25 10 29141 0 
5.29395 16.0042 1.40039 0.562975 5.06678 80 2 25 10 29142 0 
5.31271 16.0047 1.40068 0.562975 5.06678 80 2 25 10 29143 0 
5.33147 16.0051 1.40097 0.562975 5.06678 80 2 25 10 29144 0 
5.35023 16.0056 1.40125 0.562975 5.06678 80 2 25 10 29145 0 
5.36899 16.0061 1.40154 0.562975 5.06678 80 2 25 10 29146 0 
5.38775 16.0065 1.40182 0.562975 5.06678 80 2 25 10 29147 0 
5.40651 16.007 1.40211 0.562975 5.06678 80 2 25 10 29148 0 
5.42527 16.0074 1.4024 0.562975 5.06678 80 2 25 10 29149 0 
5.44403 16.0079 1.40268 0.562975 5.06678 80 2 25 10 29150 0 
5.46279 16.0084 1.40297 0.562975 5.06678 80 2 25 10 29151 0 
5.48155 16.0088 1.40326 0.562975 5.06678 80 2 25 10 29152 0 
5.50031 16.0093 1.40354 0.562975 5.06678 80 2 25 10 29153 0 
5.51907 16.0097 1.40383 0.562975 5.06678 80 2 25 10 29154 0 
5.53783 16.0102 1.40412 0.562975 5.06678 80 2 25 10 29155 0 
5.55659 16.0107 1.4044 0.562975 5.06678 80 2 25 10 29156 0 
5.57535 16.0111 1.40469 0.562975 5.06678 80 2 25 10 29157 0 
5.59411 16.0116 1.40498 0.562975 5.06678 80 2 25 10 29158 0 
5.61287 16.012 1.40527 0.562975 5.06678 80 2 25 10 29159 0 
5.63163 16.0125 1.40555 0.562975 5.06678 80 2 25 10 29160 0 
5.65039 16.013 1.40584 0.562975 5.06678 80 2 25 10 29161 0 
5.66915 16.0134 1.40613 0.562975 5.06678 80 2 25 10 29162 0 
5.68791 16.0139 1.40642 0.562975 5.06678 80 2 25 10 29163 0 
5.70667 16.0143 1.40671 0.562975 5.06678 80 2 25 10 29164 0 
5.72543 16.0148 1.407 0.562975 5.06678 80 2 25 10 29165 0 
5.74419 16.0153 1.40728 0.562975 5.06678 80 2 25 10 29166 0 
5.76295 16.0157 1.40757 0.562975 5.06678 80 2 25 10 29167 0 
5.78171 16.0162 1.40786 0.562975 5.06678 80 2 25 10 29168 0 
5.80047 16.0166 1.40815 0.562975 5.06678 80 2 25 10 29169 0 
5.81923 16.0171 1.40844 0.562975 5.06678 80 2 25 10 29170 0 
5.83799 16.0176 1.40873 0.562975 5.06678 80 2 25 10 29171 0 
5.85675 16.018 1.40902 0.562975 5.06678 80 2 25 10 29172 0 
5.87551 16.0185 1.40931 0.562975 5.06678 80 2 25 10 29173 0 
5.89427 16.0189 1.4096 0.562975 5.06678 80 2 25 10 29174 0 
5.91303 16.0194 1.40989 0.562975 5.06678 80 2 25 10 29175 0 
5.9318 16.0199 1.41018 0.562975 5.06678 80 2 25 10 29176 0 
5.95056 16.0203 1.41047 0.562975 5.06678 80 2 25 10 29177 0 
5.96932 16.0208 1.41076 0.562975 5.06678 80 2 25 10 29178 0 
5.98808 16.0213 1.41105 0.562975 5.06678 80 2 25 10 29179 0 
6.00684 16.0217 1.41134 0.562975 5.06678 80 2 25 10 29180 0 
6.0256 16.0222 1.41163 0.562975 5.06678 80 2 25 10 29181 0 
6.04436 16.0226 1.41192 0.562975 5.06678 80 2 25 10 29182 0 
6.06312 16.0231 1.41221 0.562975 5.06678 80 2 25 10 29183 0 
6.08188 16.0236 1.4125 0.562975 5.06678 80 2 25 10 29184 0 
6.10064 16.024 1.41279 0.562975 5.06678 80 2 25 10 29185 0 
6.1194 16.0245 1.41309 0.562975 5.06678 80 2 25 10 29186 0 
6.13816 16.025 1.41338 0.562975 5.06678 80 2 25 10 29187 0 
6.15692 16.0254 1.41367 0.562975 5.06678 80 2 25 10 29188 0 
6.17568 16.0259 1.41396 0.562975 5.06678 80 2 25 10 29189 0 
6.19444 16.0263 1.41425 0.562975 5.06678 80 2 25 10 29190 0 
6.2132 16.0268 1.41454 0.562975 5.06678 80 2 25 10 29191 0 
6.23196 16.0273 1.41484 0.562975 5.06678 80 2 25 10 29192 0 
6.25072 16.0277 1.41513 0.562975 5.06678 80 2 25 10 29193 0 
6.26948 16.0282 1.41542 0.562975 5.06678 80 2 25 10 29194 0 
6.28824 16.0287 1.41571 0.562975 5.06678 80 2 25 10 29195 0 
6.307 16.0291 1.41601 0.562975 5.06678 80 2 25 10 29196 0 
6.32576 16.0296 1.4163 0.562975 5.06678 80 2 25 10 29197 0 
6.34452 16.0301 1.41659 0.562975 5.06678 80 2 25 10 29198 0 
6.36328 16.0305 1.41688 0.562975 5.06678 80 2 25 10 29199 0 
6.38204 16.031 1.41718 0.562975 5.06678 80 2 25 10 29200 0 
6.4008 16.0314 1.41747 0.562975 5.06678 80 2 25 10 29201 0 
6.41956 16.0319 1.41776 0.562975 5.06678 80 2 25 10 29202 0 
6.43832 16.0324 1.41806 0.562975 5.06678 80 2 25 10 29203 0 
6.45708 16.0328 1.41835 0.562975 5.06678 80 2 25 10 29204 0 
6.47584 16.0333 1.41865 0.562975 5.06678 80 2 25 10 29205 0 
6.4946 16.0338 1.41894 0.562975 5.06678 80 2 25 10 29206 0 
6.51336 16.0342 1.41923 0.562975 5.06678 80 2 25 10 29207 0 
6.53212 16.0347 1.41953 0.562975 5.06678 80 2 25 10 29208 0 
6.55088 16.0352 1.41982 0.562975 5.06678 80 2 25 10 29209 0 
6.56964 16.0356 1.42012 0.562975 5.06678 80 2 25 10 29210 0 
6.5884 16.0361 1.42041 0.562975 5.06678 80 2 25 10 29211 0 
6.60716 16.0366 1.42071 0.562975 5.06678 80 2 25 10 29212 0 
6.62592 16.037 1.421 0.562975 5.06678 80 2 25 10 29213 0 
6.64468 16.0375 1.4213 0.562975 5.06678 80 2 25 10 29214 0 
6.66344 16.038 1.42159 0.562975 5.06678 80 2 25 10 29215 0 
6.6822 16.0384 1.42189 0.562975 5.06678 80 2 25 10 29216 0 
6.70096 16.0389 1.42218 0.562975 5.06678 80 2 25 10 29217 0 
6.71972 16.0393 1.42248 0.562975 5.06678 80 2 25 10 29218 0 
6.73848 16.0398 1.42277 0.562975 5.06678 80 2 25 10 29219 0 
6.75724 16.0403 1.42307 0.562975 5.06678 80 2 25 10 29220 0 
6.776 16.0407 1.42337 0.562975 5.06678 80 2 25 10 29221 0 
6.79476 16.0412 1.42366 0.562975 5.06678 80 2 25 10 29222 0 
6.81352 16.0417 1.42396 0.562975 5.06678 80 2 25 10 29223 0 
6.83228 16.0421 1.42426 0.562975 5.06678 80 2 25 10 29224 0 
6.85105 16.0426 1.42455 0.562975 5.06678 80 2 25 10 29225 0 
6.86981 16.0431 1.42485 0.562975 5.06678 80 2 25 10 29226 0 
6.88857 16.0435 1.42515 0.562975 5.06678 80 2 25 10 29227 0 
6.90733 16.044 1.42544 0.562975 5.06678 80 2 25 10 29228 0 
6.92609 16.0445 1.42574 0.562975 5.06678 80 2 25 10 29229 0 
6.94485 16.0449 1.42604 0.562975 5.06678 80 2 25 10 29230 0 
6.96361 16.0454 1.42634 0.562975 5.06678 80 2 25 10 29231 0 
6.98237 16.0459 1.42663 0.562975 5.06678 80 2 25 10 29232 0 
7.00113 16.0463 1.42693 0.562975 5.06678 80 2 25 10 29233 0 
7.01989 16.0468 1.42723 0.562975 5.06678 80 2 25 10 29234 0 
7.03865 16.0473 1.42753 0.562975 5.06678 80 2 25 10 29235 0 
7.05741 16.0477 1.42783 0.562975 5.06678 80 2 25 10 29236 0 
7.07617 16.0482 1.42812 0.562975 5.06678 80 2 25 10 29237 0 
7.09493 16.0487 1.42842 0.562975 5.06678 80 2 25 10 29238 0 
7.11369 16.0492 1.42872 0.562975 5.06678 80 2 25 10 29239 0 
7.13245 16.0496 1.42902 0.562975 5.06678 80 2 25 10 29240 0 
7.15121 16.0501 1.42932 0.562975 5.06678 80 2 25 10 29241 0 
7.16997 16.0506 1.42962 0.562975 5.06678 80 2 25 10 29242 0 
7.18873 16.051 1.42992 0.562975 5.06678 80 2 25 10 29243 0 
7.20749 16.0515 1.43022 0.562975 5.06678 80 2 25 10 29244 0 
7.22625 16.052 1.43052 0.562975 5.06678 80 2 25 10 29245 0 
7.24501 16.0524 1.43081 0.562975 5.06678 80 2 25 10 29246 0 
7.26377 16.0529 1.43111 0.562975 5.06678 80 2 25 10 29247 0 
7.28253 16.0534 1.43141 0.562975 5.06678 80 2 25 10 29248 0 
7.30129 16.0538 1.43171 0.562975 5.06678 80 2 25 10 29249 0 
7.32005 16.0543 1.43201 0.562975 5.06678 80 2 25 10 29250 0 
7.33881 16.0548 1.43231 0.562975 5.06678 80 2 25 10 29251 0 
7.35757 16.0552 1.43262 0.562975 5.06678 80 2 25 10 29252 0 
7.37633 16.0557 1.43292 0.562975 5.06678 80 2 25 10 29253 0 
7.39509 16.0562 1.43322 0.562975 5.06678 80 2 25 10 29254 0 
7.41385 16.0567 1.43352 0.562975 5.06678 80 2 25 10 29255 0 
7.43261 16.0571 1.43382 0.562975 5.06678 80 2 25 10 29256 0 
7.45137 16.0576 1.43412 0.562975 5.06678 80 2 25 10 29257 0 
7.47013 16.0581 1.43442 0.562975 5.06678 80 2 25 10 29258 0 
7.48889 16.0585 1.43472 0.562975 5.06678 80 2 25 10 29259 0 
7.50765 16.059 1.43502 0.562975 5.06678 80 2 25 10 29260 0 
7.52641 16.0595 1.43533 0.562975 5.06678 80 2 25 10 29261 0 
7.54517 16.0599 1.43563 0.562975 5.06678 80 2 25 10 29262 0 
7.56393 16.0604 1.43593 0.562975 5.06678 80 2 25 10 29263 0 
7.58269 16.0609 1.43623 0.562975 5.06678 80 2 25 10 29264 0 
7.60145 16.0613 1.43653 0.562975 5.06678 80 2 25 10 29265 0 
7.62021 16.0618 1.43684 0.562975 5.06678 80 2 25 10 29266 0 
7.63897 16.0623 1.43714 0.562975 5.06678 80 2 25 10 29267 0 
7.65773 16.0628 1.43744 0.562975 5.06678 80 2 25 10 29268 0 
7.67649 16.0632 1.43774 0.562975 5.06678 80 2 25 10 29269 0 
7.69525 16.0637 1.43805 0.562975 5.06678 80 2 25 10 29270 0 
7.71401 16.0642 1.43835 0.562975 5.06678 80 2 25 10 29271 0 
7.73277 16.0646 1.43865 0.562975 5.06678 80 2 25 10 29272 0 
7.75153 16.0651 1.43896 0.562975 5.06678 80 2 25 10 29273 0 
7.77029 16.0656 1.43926 0.562975 5.06678 80 2 25 10 29274 0 
7.78905 16.0661 1.43956 0.562975 5.06678 80 2 25 10 29275 0 
7.80781 16.0665 1.43987 0.562975 5.06678 80 2 25 10 29276 0 
7.82656 16.067 1.44017 0.562975 5.06678 80 2 25 10 29277 0 
7.84532 16.0675 1.44048 0.562975 5.06678 80 2 25 10 29278 0 
7.86408 16.0679 1.44078 0.562975 5.06678 80 2 25 10 29279 0 
7.88284 16.0684 1.44109 0.562975 5.06678 80 2 25 10 29280 0 
7.9016 16.0689 1.44139 0.562975 5.06678 80 2 25 10 29281 0 
7.92036 16.0694 1.4417 0.562975 5.06678 80 2 25 10 29282 0 
7.93912 16.0698 1.442 0.562975 5.06678 80 2 25 10 29283 0 
7.95788 16.0703 1.44231 0.562975 5.06678 80 2 25 10 29284 0 
7.97664 16.0708 1.44261 0.562975 5.06678 80 2 25 10 29285 0 
7.9954 16.0712 1.44292 0.562975 5.06678 80 2 25 10 29286 0 
8.01416 16.0717 1.44322 0.562975 5.06678 80 2 25 10 29287 0 
8.03292 16.0722 1.44353 0.562975 5.06678 80 2 25 10 29288 0 
8.05168 16.0727 1.44383 0.562975 5.06678 80 2 25 10 29289 0 
8.07044 16.0731 1.44414 0.562975 5.06678 80 2 25 10 29290 0 
8.0892 16.0736 1.44444 0.562975 5.06678 80 2 25 10 29291 0 
8.10796 16.0741 1.44475 0.562975 5.06678 80 2 25 10 29292 0 
8.12672 16.0746 1.44506 0.562975 5.06678 80 2 25 10 29293 0 
8.14548 16.075 1.44536 0.562975 5.06678 80 2 25 10 29294 0 
8.16424 16.0755 1.44567 0.562975 5.06678 80 2 25 10 29295 0 
8.183 16.076 1.44598 0.562975 5.06678 80 2 25 10 29296 0 
8.20176 16.0765 1.44628 0.562975 5.06678 80 2 25 10 29297 0 
8.22052 16.0769 1.44659 0.562975 5.06678 80 2 25 10 29298 0 
8.23928 16.0774 1.4469 0.562975 5.06678 80 2 25 10 29299 0 
8.25804 16.0779 1.44721 0.562975 5.06678 80 2 25 10 29300 0 
8.2768 16.0783 1.44751 0.562975 5.06678 80 2 25 10 29301 0 
8.29556 16.0788 1.44782 0.562975 5.06678 80 2 25 10 29302 0 
8.31432 16.0793 1.44813 0.562975 5.06678 80 2 25 10 29303 0 
8.33308 16.0798 1.44844 0.562975 5.06678 80 2 25 10 29304 0 
8.35184 16.0802 1.44874 0.562975 5.06678 80 2 25 10 29305 0 
8.3706 16.0807 1.44905 0.562975 5.06678 80 2 25 10 29306 0 
8.38936 16.0812 1.44936 0.562975 5.06678 80 2 25 10 29307 0 
8.40812 16.0817 1.44967 0.562975 5.06678 80 2 25 10 29308 0 
8.42688 16.0821 1.44998 0.562975 5.06678 80 2 25 10 29309 0 
8.44564 16.0826 1.45029 0.562975 5.06678 80 2 25 10 29310 0 
8.4644 16.0831 1.4506 0.562975 5.06678 80 2 25 10 29311 0 
8.48316 16.0836 1.45091 0.562975 5.06678 80 2 25 10 29312 0 
8.50191 16.084 1.45121 0.562975 5.06678 80 2 25 10 29313 0 
8.52067 16.0845 1.45152 0.562975 5.06678 80 2 25 10 29314 0 
8.53943 16.085 1.45183 0.562975 5.06678 80 2 25 10 29315 0 
8.55819 16.0855 1.45214 0.562975 5.06678 80 2 25 10 29316 0 
8.57695 16.0859 1.45245 0.562975 5.06678 80 2 25 10 29317 0 
8.59571 16.0864 1.45276 0.562975 5.06678 80 2 25 10 29318 0 
8.61447 16.0869 1.45307 0.562975 5.06678 80 2 25 10 29319 0 
8.63323 16.0874 1.45338 0.562975 5.06678 80 2 25 10 29320 0 
8.65199 16.0878 1.45369 0.562975 5.06678 80 2 25 10 29321 0 
8.67075 16.0883 1.45401 0.562975 5.06678 80 2 25 10 29322 0 
8.68951 16.0888 1.45432 0.562975 5.06678 80 2 25 10 29323 0 
8.70827 16.0893 1.45463 0.562975 5.06678 80 2 25 10 29324 0 
8.72703 16.0898 1.45494 0.562975 5.06678 80 2 25 10 29325 0 
8.74579 16.0902 1.45525 0.562975 5.06678 80 2 25 10 29326 0 
8.76455 16.0907 1.45556 0.562975 5.06678 80 2 25 10 29327 0 
8.78331 16.0912 1.45587 0.562975 5.06678 80 2 25 10 29328 0 
8.80207 16.0917 1.45618 0.562975 5.06678 80 2 25 10 29329 0 
8.82083 16.0921 1.4565 0.562975 5.06678 80 2 25 10 29330 0 
8.83959 16.0926 1.45681 0.562975 5.06678 80 2 25 10 29331 0 
8.85835 16.0931 1.45712 0.562975 5.06678 80 2 25 10 29332 0 
8.87711 16.0936 1.45743 0.562975 5.06678 80 2 25 10 29333 0 
8.89587 16.094 1.45774 0.562975 5.06678 80 2 25 10 29334 0 
8.91463 16.0945 1.45806 0.562975 5.06678 80 2 25 10 29335 0 
8.93339 16.095 1.45837 0.562975 5.06678 80 2 25 10 29336 0 
8.95215 16.0955 1.45868 0.562975 5.06678 80 2 25 10 29337 0 
8.97091 16.0959 1.459 0.562975 5.06678 80 2 25 10 29338 0 
8.98967 16.0964 1.45931 0.562975 5.06678 80 2 25 10 29339 0 
9.00843 16.0969 1.45962 0.562975 5.06678 80 2 25 10 29340 0 
9.02719 16.0974 1.45994 0.562975 5.06678 80 2 25 10 29341 0 
9.04595 16.0979 1.46025 0.562975 5.06678 80 2 25 10 29342 0 
9.06471 16.0983 1.46056 0.562975 5.06678 80 2 25 10 29343 0 
9.08347 16.0988 1.46088 0.562975 5.06678 80 2 25 10 29344 0 
9.10223 16.0993 1.46119 0.562975 5.06678 80 2 25 10 29345 0 
9.12099 16.0998 1.46151 0.562975 5.06678 80 2 25 10 29346 0 
9.13975 16.1003 1.46182 0.562975 5.06678 80 2 25 10 29347 0 
9.15851 16.1007 1.46213 0.562975 5.06678 80 2 25 10 29348 0 
9.17727 16.1012 1.46245 0.562975 5.06678 80 2 25 10 29349 0 
9.19602 16.1017 1.46276 0.562975 5.06678 80 2 25 10 29350 0 
9.21478 16.1022 1.46308 0.562975 5.06678 80 2 25 10 29351 0 
9.23354 16.1027 1.46339 0.562975 5.06678 80 2 25 10 29352 0 
9.2523 16.1031 1.46371 0.562975 5.06678 80 2 25 10 29353 0 
9.27106 16.1036 1.46402 0.562975 5.06678 80 2 25 10 29354 0 
9.28982 16.1041 1.46434 0.562975 5.06678 80 2 25 10 29355 0 
9.30858 16.1046 1.46466 0.562975 5.06678 80 2 25 10 29356 0 
9.32734 16.105 1.46497 0.562975 5.06678 80 2 25 10 29357 0 
9.3461 16.1055 1.46529 0.562975 5.06678 80 2 25 10 29358 0 
9.36486 16.106 1.4656 0.562975 5.06678 80 2 25 10 29359 0 
9.38362 16.1065 1.46592 0.562975 5.06678 80 2 25 10 29360 0 
9.40238 16.107 1.46624 0.562975 5.06678 80 2 25 10 29361 0 
9.42114 16.1074 1.46655 0.562975 5.06678 80 2 25 10 29362 0 
9.4399 16.1079 1.46687 0.562975 5.06678 80 2 25 10 29363 0 
9.45866 16.1084 1.46719 0.562975 5.06678 80 2 25 10 29364 0 
9.47742 16.1089 1.4675 0.562975 5.06678 80 2 25 10 29365 0 
9.49618 16.1094 1.46782 0.562975 5.06678 80 2 25 10 29366 0 
9.51494 16.1099 1.46814 0.562975 5.06678 80 2 25 10 29367 0 
9.5337 16.1103 1.46846 0.562975 5.06678 80 2 25 10 29368 0 
9.55246 16.1108 1.46877 0.562975 5.06678 80 2 25 10 29369 0 
9.57122 16.1113 1.46909 0.562975 5.06678 80 2 25 10 29370 0 
9.58998 16.1118 1.46941 0.562975 5.06678 80 2 25 10 29371 0 
9.60874 16.1123 1.46973 0.562975 5.06678 80 2 25 10 29372 0 
9.6275 16.1127 1.47005 0.562975 5.06678 80 2 25 10 29373 0 
9.64626 16.1132 1.47037 0.562975 5.06678 80 2 25 10 29374 0 
9.66502 16.1137 1.47068 0.562975 5.06678 80 2 25 10 29375 0 
9.68378 16.1142 1.471 0.562975 5.06678 80 2 25 10 29376 0 
9.70254 16.1147 1.47132 0.562975 5.06678 80 2 25 10 29377 0 
9.7213 16.1151 1.47164 0.562975 5.06678 80 2 25 10 29378 0 
9.74006 16.1156 1.47196 0.562975 5.06678 80 2 25 10 29379 0 
9.75882 16.1161 1.47228 0.562975 5.06678 80 2 25 10 29380 0 
9.77758 16.1166 1.4726 0.562975 5.06678 80 2 25 10 29381 0 
9.79634 16.1171 1.47292 0.562975 5.06678 80 2 25 10 29382 0 
9.8151 16.1176 1.47324 0.562975 5.06678 80 2 25 10 29383 0 
9.83386 16.118 1.47356 0.562975 5.06678 80 2 25 10 29384 0 
9.85262 16.1185 1.47388 0.562975 5.06678 80 2 25 10 29385 0 
9.87138 16.119 1.4742 0.562975 5.06678 80 2 25 10 29386 0 
9.89013 16.1195 1.47452 0.562975 5.06678 80 2 25 10 29387 0 
9.90889 16.12 1.47484 0.562975 5.06678 80 2 25 10 29388 0 
9.92765 16.1205 1.47516 0.562975 5.06678 80 2 25 10 29389 0 
9.94641 16.1209 1.47548 0.562975 5.06678 80 2 25 10 29390 0 
9.96517 16.1214 1.4758 0.562975 5.06678 80 2 25 10 29391 0 
9.98393 16.1219 1.47613 0.562975 5.06678 80 2 25 10 29392 0 
10.0027 16.1224 1.47645 0.562975 5.06678 80 2 25 10 29393 0 
10.0215 16.1229 1.47677 0.562975 5.06678 80 2 25 10 29394 0 
10.0402 16.1234 1.47709 0.562975 5.06678 80 2 25 10 29395 0 
10.059 16.1238 1.47741 0.562975 5.06678 80 2 25 10 29396 0 
10.0777 16.1243 1.47774 0.562975 5.06678 80 2 25 10 29397 0 
10.0965 16.1248 1.47806 0.562975 5.06678 80 2 25 10 29398 0 
10.1153 16.1253 1.47838 0.562975 5.06678 80 2 25 10 29399 0 
10.134 16.1258 1.4787 0.562975 5.06678 80 2 25 10 29400 0 
10.1528 16.1263 1.47903 0.562975 5.06678 80 2 25 10 29401 0 
10.1715 16.1267 1.47935 0.562975 5.06678 80 2 25 10 29402 0 
10.1903 16.1272 1.47967 0.562975 5.06678 80 2 25 10 29403 0 
10.2091 16.1277 1.47999 0.562975 5.06678 80 2 25 10 29404 0 
10.2278 16.1282 1.48032 0.562975 5.06678 80 2 25 10 29405 0 
10.2466 16.1287 1.48064 0.562975 5.06678 80 2 25 10 29406 0 
10.2653 16.1292 1.48097 0.562975 5.06678 80 2 25 10 29407 0 
10.2841 16.1297 1.48129 0.562975 5.06678 80 2 25 10 29408 0 
10.3028 16.1301 1.48161 0.562975 5.06678 80 2 25 10 29409 0 
10.3216 16.1306 1.48194 0.562975 5.06678 80 2 25 10 29410 0 
10.3404 16.1311 1.48226 0.562975 5.06678 80 2 25 10 29411 0 
10.3591 16.1316 1.48259 0.562975 5.06678 80 2 25 10 29412 0 
10.3779 16.1321 1.48291 0.562975 5.06678 80 2 25 10 29413 0 
10.3966 16.1326 1.48324 0.562975 5.06678 80 2 25 10 29414 0 
10.4154 16.133 1.48356 0.562975 5.06678 80 2 25 10 29415 0 
10.4342 16.1335 1.48389 0.562975 5.06678 80 2 25 10 29416 0 
10.4529 16.134 1.48421 0.562975 5.06678 80 2 25 10 29417 0 
10.4717 16.1345 1.48454 0.562975 5.06678 80 2 25 10 29418 0 
10.4904 16.135 1.48486 0.562975 5.06678 80 2 25 10 29419 0 
10.5092 16.1355 1.48519 0.562975 5.06678 80 2 25 10 29420 0 
10.528 16.136 1.48551 0.562975 5.06678 80 2 25 10 29421 0 
10.5467 16.1365 1.48584 0.562975 5.06678 80 2 25 10 29422 0 
10.5655 16.1369 1.48617 0.562975 5.06678 80 2 25 10 29423 0 
10.5842 16.1374 1.48649 0.562975 5.06678 80 2 25 10 29424 0 
10.603 16.1379 1.48682 0.562975 5.06678 80 2 25 10 29425 0 
10.6218 16.1384 1.48715 0.562975 5.06678 80 2 25 10 29426 0 
10.6405 16.1389 1.48747 0.562975 5.06678 80 2 25 10 29427 0 
10.6593 16.1394 1.4878 0.562975 5.06678 80 2 25 10 29428 0 
10.678 16.1399 1.48813 0.562975 5.06678 80 2 25 10 29429 0 
10.6968 16.1403 1.48846 0.562975 5.06678 80 2 25 10 29430 0 
10.7156 16.1408 1.48878 0.562975 5.06678 80 2 25 10 29431 0 
10.7343 16.1413 1.48911 0.562975 5.06678 80 2 25 10 29432 0 
10.7531 16.1418 1.48944 0.562975 5.06678 80 2 25 10 29433 0 
10.7718 16.1423 1.48977 0.562975 5.06678 80 2 25 10 29434 0 
10.7906 16.1428 1.4901 0.562975 5.06678 80 2 25 10 29435 0 
10.8094 16.1433 1.49042 0.562975 5.06678 80 2 25 10 29436 0 
10.8281 16.1438 1.49075 0.562975 5.06678 80 2 25 10 29437 0 
10.8469 16.1443 1.49108 0.562975 5.06678 80 2 25 10 29438 0 
10.8656 16.1447 1.49141 0.562975 5.06678 80 2 25 10 29439 0 
10.8844 16.1452 1.49174 0.562975 5.06678 80 2 25 10 29440 0 
10.9032 16.1457 1.49207 0.562975 5.06678 80 2 25 10 29441 0 
10.9219 16.1462 1.4924 0.562975 5.06678 80 2 25 10 29442 0 
10.9407 16.1467 1.49273 0.562975 5.06678 80 2 25 10 29443 0 
10.9594 16.1472 1.49306 0.562975 5.06678 80 2 25 10 29444 0 
10.9782 16.1477 1.49339 0.562975 5.06678 80 2 25 10 29445 0 
10.997 16.1482 1.49372 0.562975 5.06678 80 2 25 10 29446 0 
11.0157 16.1486 1.49405 0.562975 5.06678 80 2 25 10 29447 0 
11.0345 16.1491 1.49438 0.562975 5.06678 80 2 25 10 29448 0 
11.0532 16.1496 1.49471 0.562975 5.06678 80 2 25 10 29449 0 
11.072 16.1501 1.49504 0.562975 5.06678 80 2 25 10 29450 0 
11.0908 16.1506 1.49537 0.562975 5.06678 80 2 25 10 29451 0 
11.1095 16.1511 1.4957 0.562975 5.06678 80 2 25 10 29452 0 
11.1283 16.1516 1.49603 0.562975 5.06678 80 2 25 10 29453 0 
11.147 16.1521 1.49636 0.562975 5.06678 80 2 25 10 29454 0 
11.1658 16.1526 1.49669 0.562975 5.06678 80 2 25 10 29455 0 
11.1846 16.1531 1.49703 0.562975 5.06678 80 2 25 10 29456 0 
11.2033 16.1535 1.49736 0.562975 5.06678 80 2 25 10 29457 0 
11.2221 16.154 1.49769 0.562975 5.06678 80 2 25 10 29458 0 
11.2408 16.1545 1.49802 0.562975 5.06678 80 2 25 10 29459 0 
11.2596 16.155 1.49835 0.562975 5.06678 80 2 25 10 29460 0 
11.2784 16.1555 1.49869 0.562975 5.06678 80 2 25 10 29461 0 
11.2971 16.156 1.49902 0.562975 5.06678 80 2 25 10 29462 0 
11.3159 16.1565 1.49935 0.562975 5.06678 80 2 25 10 29463 0 
11.3346 16.157 1.49969 0.562975 5.06678 80 2 25 10 29464 0 
11.3534 16.1575 1.50002 0.562975 5.06678 80 2 25 10 29465 0 
11.3722 16.158 1.50035 0.562975 5.06678 80 2 25 10 29466 0 
11.3909 16.1585 1.50069 0.562975 5.06678 80 2 25 10 29467 0 
11.4097 16.1589 1.50102 0.562975 5.06678 80 2 25 10 29468 0 
11.4284 16.1594 1.50135 0.562975 5.06678 80 2 25 10 29469 0 
11.4472 16.1599 1.50169 0.562975 5.06678 80 2 25 10 29470 0 
11.466 16.1604 1.50202 0.562975 5.06678 80 2 25 10 29471 0 
11.4847 16.1609 1.50236 0.562975 5.06678 80 2 25 10 29472 0 
11.5035 16.1614 1.50269 0.562975 5.06678 80 2 25 10 29473 0 
11.5222 16.1619 1.50302 0.562975 5.06678 80 2 25 10 29474 0 
11.541 16.1624 1.50336 0.562975 5.06678 80 2 25 10 29475 0 
11.5598 16.1629 1.50369 0.562975 5.06678 80 2 25 10 29476 0 
11.5785 16.1634 1.50403 0.562975 5.06678 80 2 25 10 29477 0 
11.5973 16.1639 1.50436 0.562975 5.06678 80 2 25 10 29478 0 
11.616 16.1644 1.5047 0.562975 5.06678 80 2 25 10 29479 0 
11.6348 16.1649 1.50504 0.562975 5.06678 80 2 25 10 29480 0 
11.6535 16.1653 1.50537 0.562975 5.06678 80 2 25 10 29481 0 
11.6723 16.1658 1.50571 0.562975 5.06678 80 2 25 10 29482 0 
11.6911 16.1663 1.50604 0.562975 5.06678 80 2 25 10 29483 0 
11.7098 16.1668 1.50638 0.562975 5.06678 80 2 25 10 29484 0 
11.7286 16.1673 1.50672 0.562975 5.06678 80 2 25 10 29485 0 
11.7473 16.1678 1.50705 0.562975 5.06678 80 2 25 10 29486 0 
11.7661 16.1683 1.50739 0.562975 5.06678 80 2 25 10 29487 0 
11.7849 16.1688 1.50773 0.562975 5.06678 80 2 25 10 29488 0 
11.8036 16.1693 1.50806 0.562975 5.06678 80 2 25 10 29489 0 
11.8224 16.1698 1.5084 0.562975 5.06678 80 2 25 10 29490 0 
11.8411 16.1703 1.50874 0.562975 5.06678 80 2 25 10 29491 0 
11.8599 16.1708 1.50908 0.562975 5.06678 80 2 25 10 29492 0 
11.8787 16.1713 1.50942 0.562975 5.06678 80 2 25 10 29493 0 
11.8974 16.1718 1.50975 0.562975 5.06678 80 2 25 10 29494 0 
11.9162 16.1723 1.51009 0.562975 5.06678 80 2 25 10 29495 0 
11.9349 16.1728 1.51043 0.562975 5.06678 80 2 25 10 29496 0 
11.9537 16.1732 1.51077 0.562975 5.06678 80 2 25 10 29497 0 
11.9725 16.1737 1.51111 0.562975 5.06678 80 2 25 10 29498 0 
11.9912 16.1742 1.51145 0.562975 5.06678 80 2 25 10 29499 0 
12.01 16.1747 1.51179 0.562975 5.06678 80 2 25 10 29500 0 
12.0287 16.1752 1.51212 0.562975 5.06678 80 2 25 10 29501 0 
12.0475 16.1757 1.51246 0.562975 5.06678 80 2 25 10 29502 0 
12.0663 16.1762 1.5128 0.562975 5.06678 80 2 25 10 29503 0 
12.085 16.1767 1.51314 0.562975 5.06678 80 2 25 10 29504 0 
12.1038 16.1772 1.51348 0.562975 5.06678 80 2 25 10 29505 0 
12.1225 16.1777 1.51382 0.562975 5.06678 80 2 25 10 29506 0 
12.1413 16.1782 1.51416 0.562975 5.06678 80 2 25 10 29507 0 
12.1601 16.1787 1.5145 0.562975 5.06678 80 2 25 10 29508 0 
12.1788 16.1792 1.51485 0.562975 5.06678 80 2 25 10 29509 0 
12.1976 16.1797 1.51519 0.562975 5.06678 80 2 25 10 29510 0 
12.2163 16.1802 1.51553 0.562975 5.06678 80 2 25 10 29511 0 
12.2351 16.1807 1.51587 0.562975 5.06678 80 2 25 10 29512 0 
12.2539 16.1812 1.51621 0.562975 5.06678 80 2 25 10 29513 0 
12.2726 16.1817 1.51655 0.562975 5.06678 80 2 25 10 29514 0 
12.2914 16.1822 1.51689 0.562975 5.06678 80 2 25 10 29515 0 
12.3101 16.1827 1.51723 0.562975 5.06678 80 2 25 10 29516 0 
12.3289 16.1832 1.51758 0.562975 5.06678 80 2 25 10 29517 0 
12.3477 16.1837 1.51792 0.562975 5.06678 80 2 25 10 29518 0 
12.3664 16.1842 1.51826 0.562975 5.06678 80 2 25 10 29519 0 
12.3852 16.1847 1.5186 0.562975 5.06678 80 2 25 10 29520 0 
12.4039 16.1852 1.51895 0.562975 5.06678 80 2 25 10 29521 0 
12.4227 16.1857 1.51929 0.562975 5.06678 80 2 25 10 29522 0 
12.4415 16.1861 1.51963 0.562975 5.06678 80 2 25 10 29523 0 
12.4602 16.1866 1.51998 0.562975 5.06678 80 2 25 10 29524 0 
12.479 16.1871 1.52032 0.562975 5.06678 80 2 25 10 29525 0 
12.4977 16.1876 1.52066 0.562975 5.06678 80 2 25 10 29526 0 
12.5165 16.1881 1.52101 0.562975 5.06678 80 2 25 10 29527 0 
12.5352 16.1886 1.52135 0.562975 5.06678 80 2 25 10 29528 0 
12.554 16.1891 1.52169 0.562975 5.06678 80 2 25 10 29529 0 
12.5728 16.1896 1.52204 0.562975 5.06678 80 2 25 10 29530 0 
12.5915 16.1901 1.52238 0.562975 5.06678 80 2 25 10 29531 0 
12.6103 16.1906 1.52273 0.562975 5.06678 80 2 25 10 29532 0 
12.629 16.1911 1.52307 0.562975 5.06678 80 2 25 10 29533 0 
12.6478 16.1916 1.52342 0.562975 5.06678 80 2 25 10 29534 0 
12.6666 16.1921 1.52376 0.562975 5.06678 80 2 25 10 29535 0 
12.6853 16.1926 1.52411 0.562975 5.06678 80 2 25 10 29536 0 
12.7041 16.1931 1.52445 0.562975 5.06678 80 2 25 10 29537 0 
12.7228 16.1936 1.5248 0.562975 5.06678 80 2 25 10 29538 0 
12.7416 16.1941 1.52514 0.562975 5.06678 80 2 25 10 29539 0 
12.7604 16.1946 1.52549 0.562975 5.06678 80 2 25 10 29540 0 
12.7791 16.1951 1.52584 0.562975 5.06678 80 2 25 10 29541 0 
12.7979 16.1956 1.52618 0.562975 5.06678 80 2 25 10 29542 0 
12.8166 16.1961 1.52653 0.562975 5.06678 80 2 25 10 29543 0 
12.8354 16.1966 1.52688 0.562975 5.06678 80 2 25 10 29544 0 
12.8541 16.1971 1.52722 0.562975 5.06678 80 2 25 10 29545 0 
12.8729 16.1976 1.52757 0.562975 5.06678 80 2 25 10 29546 0 
12.8917 16.1981 1.52792 0.562975 5.06678 80 2 25 10 29547 0 
12.9104 16.1986 1.52827 0.562975 5.06678 80 2 25 10 29548 0 
12.9292 16.1991 1.52861 0.562975 5.06678 80 2 25 10 29549 0 
12.9479 16.1996 1.52896 0.562975 5.06678 80 2 25 10 29550 0 
12.9667 16.2001 1.52931 0.562975 5.06678 80 2 25 10 29551 0 
12.9855 16.2006 1.52966 0.562975 5.06678 80 2 25 10 29552 0 
13.0042 16.2011 1.53001 0.562975 5.06678 80 2 25 10 29553 0 
13.023 16.2016 1.53035 0.562975 5.06678 80 2 25 10 29554 0 
13.0417 16.2021 1.5307 0.562975 5.06678 80 2 25 10 29555 0 
13.0605 16.2026 1.53105 0.562975 5.06678 80 2 25 10 29556 0 
13.0793 16.2031 1.5314 0.562975 5.06678 80 2 25 10 29557 0 
13.098 16.2036 1.53175 0.562975 5.06678 80 2 25 10 29558 0 
13.1168 16.2041 1.5321 0.562975 5.06678 80 2 25 10 29559 0 
13.1355 16.2046 1.53245 0.562975 5.06678 80 2 25 10 29560 0 
13.1543 16.2051 1.5328 0.562975 5.06678 80 2 25 10 29561 0 
13.173 16.2056 1.53315 0.562975 5.06678 80 2 25 10 29562 0 
13.1918 16.2061 1.5335 0.562975 5.06678 80 2 25 10 29563 0 
13.2106 16.2066 1.53385 0.562975 5.06678 80 2 25 10 29564 0 
13.2293 16.2071 1.5342 0.562975 5.06678 80 2 25 10 29565 0 
13.2481 16.2076 1.53455 0.562975 5.06678 80 2 25 10 29566 0 
13.2668 16.2082 1.5349 0.562975 5.06678 80 2 25 10 29567 0 
13.2856 16.2087 1.53525 0.562975 5.06678 80 2 25 10 29568 0 
13.3044 16.2092 1.5356 0.562975 5.06678 80 2 25 10 29569 0 
13.3231 16.2097 1.53595 0.562975 5.06678 80 2 25 10 29570 0 
13.3419 16.2102 1.53631 0.562975 5.06678 80 2 25 10 29571 0 
13.3606 16.2107 1.53666 0.562975 5.06678 80 2 25 10 29572 0 
13.3794 16.2112 1.53701 0.562975 5.06678 80 2 25 10 29573 0 
13.3982 16.2117 1.53736 0.562975 5.06678 80 2 25 10 29574 0 
13.4169 16.2122 1.53771 0.562975 5.06678 80 2 25 10 29575 0 
13.4357 16.2127 1.53807 0.562975 5.06678 80 2 25 10 29576 0 
13.4544 16.2132 1.53842 0.562975 5.06678 80 2 25 10 29577 0 
13.4732 16.2137 1.53877 0.562975 5.06678 80 2 25 10 29578 0 
13.4919 16.2142 1.53913 0.562975 5.06678 80 2 25 10 29579 0 
13.5107 16.2147 1.53948 0.562975 5.06678 80 2 25 10 29580 0 
13.5295 16.2152 1.53983 0.562975 5.06678 80 2 25 10 29581 0 
13.5482 16.2157 1.54019 0.562975 5.06678 80 2 25 10 29582 0 
13.567 16.2162 1.54054 0.562975 5.06678 80 2 25 10 29583 0 
13.5857 16.2167 1.54089 0.562975 5.06678 80 2 25 10 29584 0 
13.6045 16.2172 1.54125 0.562975 5.06678 80 2 25 10 29585 0 
13.6233 16.2177 1.5416 0.562975 5.06678 80 2 25 10 29586 0 
13.642 16.2182 1.54196 0.562975 5.06678 80 2 25 10 29587 0 
13.6608 16.2187 1.54231 0.562975 5.06678 80 2 25 10 29588 0 
13.6795 16.2192 1.54267 0.562975 5.06678 80 2 25 10 29589 0 
13.6983 16.2197 1.54302 0.562975 5.06678 80 2 25 10 29590 0 
13.717 16.2203 1.54338 0.562975 5.06678 80 2 25 10 29591 0 
13.7358 16.2208 1.54373 0.562975 5.06678 80 2 25 10 29592 0 
13.7546 16.2213 1.54409 0.562975 5.06678 80 2 25 10 29593 0 
13.7733 16.2218 1.54444 0.562975 5.06678 80 2 25 10 29594 0 
13.7921 16.2223 1.5448 0.562975 5.06678 80 2 25 10 29595 0 
13.8108 16.2228 1.54515 0.562975 5.06678 80 2 25 10 29596 0 
13.8296 16.2233 1.54551 0.562975 5.06678 80 2 25 10 29597 0 
13.8484 16.2238 1.54587 0.562975 5.06678 80 2 25 10 29598 0 
13.8671 16.2243 1.54622 0.562975 5.06678 80 2 25 10 29599 0 
13.8859 16.2248 1.54658 0.562975 5.06678 80 2 25 10 29600 0 
13.9046 16.2253 1.54694 0.562975 5.06678 80 2 25 10 29601 0 
13.9234 16.2258 1.5473 0.562975 5.06678 80 2 25 10 29602 0 
13.9422 16.2263 1.54765 0.562975 5.06678 80 2 25 10 29603 0 
13.9609 16.2268 1.54801 0.562975 5.06678 80 2 25 10 29604 0 
13.9797 16.2273 1.54837 0.562975 5.06678 80 2 25 10 29605 0 
13.9984 16.2278 1.54873 0.562975 5.06678 80 2 25 10 29606 0 
14.0172 16.2284 1.54908 0.562975 5.06678 80 2 25 10 29607 0 
14.0359 16.2289 1.54944 0.562975 5.06678 80 2 25 10 29608 0 
14.0547 16.2294 1.5498 0.562975 5.06678 80 2 25 10 29609 0 
14.0735 16.2299 1.55016 0.562975 5.06678 80 2 25 10 29610 0 
14.0922 16.2304 1.55052 0.562975 5.06678 80 2 25 10 29611 0 
14.111 16.2309 1.55088 0.562975 5.06678 80 2 25 10 29612 0 
14.1297 16.2314 1.55124 0.562975 5.06678 80 2 25 10 29613 0 
14.1485 16.2319 1.5516 0.562975 5.06678 80 2 25 10 29614 0 
14.1673 16.2324 1.55196 0.562975 5.06678 80 2 25 10 29615 0 
14.186 16.2329 1.55232 0.562975 5.06678 80 2 25 10 29616 0 
14.2048 16.2334 1.55268 0.562975 5.06678 80 2 25 10 29617 0 
14.2235 16.2339 1.55304 0.562975 5.06678 80 2 25 10 29618 0 
14.2423 16.2344 1.5534 0.562975 5.06678 80 2 25 10 29619 0 
14.2611 16.235 1.55376 0.562975 5.06678 80 2 25 10 29620 0 
14.2798 16.2355 1.55412 0.562975 5.06678 80 2 25 10 29621 0 
14.2986 16.236 1.55448 0.562975 5.06678 80 2 25 10 29622 0 
14.3173 16.2365 1.55484 0.562975 5.06678 80 2 25 10 29623 0 
14.3361 16.237 1.5552 0.562975 5.06678 80 2 25 10 29624 0 
14.3548 16.2375 1.55556 0.562975 5.06678 80 2 25 10 29625 0 
14.3736 16.238 1.55593 0.562975 5.06678 80 2 25 10 29626 0 
14.3924 16.2385 1.55629 0.562975 5.06678 80 2 25 10 29627 0 
14.4111 16.239 1.55665 0.562975 5.06678 80 2 25 10 29628 0 
14.4299 16.2395 1.55701 0.562975 5.06678 80 2 25 10 29629 0 
14.4486 16.24 1.55737 0.562975 5.06678 80 2 25 10 29630 0 
14.4674 16.2406 1.55774 0.562975 5.06678 80 2 25 10 29631 0 
14.4862 16.2411 1.5581 0.562975 5.06678 80 2 25 10 29632 0 
14.5049 16.2416 1.55846 0.562975 5.06678 80 2 25 10 29633 0 
14.5237 16.2421 1.55883 0.562975 5.06678 80 2 25 10 29634 0 
14.5424 16.2426 1.55919 0.562975 5.06678 80 2 25 10 29635 0 
14.5612 16.2431 1.55955 0.562975 5.06678 80 2 25 10 29636 0 
14.58 16.2436 1.55992 0.562975 5.06678 80 2 25 10 29637 0 
14.5987 16.2441 1.56028 0.562975 5.06678 80 2 25 10 29638 0 
14.6175 16.2446 1.56065 0.562975 5.06678 80 2 25 10 29639 0 
14.6362 16.2452 1.56101 0.562975 5.06678 80 2 25 10 29640 0 
14.655 16.2457 1.56137 0.562975 5.06678 80 2 25 10 29641 0 
14.6737 16.2462 1.56174 0.562975 5.06678 80 2 25 10 29642 0 
14.6925 16.2467 1.5621 0.562975 5.06678 80 2 25 10 29643 0 
14.7113 16.2472 1.56247 0.562975 5.06678 80 2 25 10 29644 0 
14.73 16.2477 1.56283 0.562975 5.06678 80 2 25 10 29645 0 
14.7488 16.2482 1.5632 0.562975 5.06678 80 2 25 10 29646 0 
14.7675 16.2487 1.56357 0.562975 5.06678 80 2 25 10 29647 0 
14.7863 16.2492 1.56393 0.562975 5.06678 80 2 25 10 29648 0 
14.8051 16.2498 1.5643 0.562975 5.06678 80 2 25 10 29649 0 
14.8238 16.2503 1.56466 0.562975 5.06678 80 2 25 10 29650 0 
14.8426 16.2508 1.56503 0.562975 5.06678 80 2 25 10 29651 0 
14.8613 16.2513 1.5654 0.562975 5.06678 80 2 25 10 29652 0 
14.8801 16.2518 1.56576 0.562975 5.06678 80 2 25 10 29653 0 
14.8989 16.2523 1.56613 0.562975 5.06678 80 2 25 10 29654 0 
14.9176 16.2528 1.5665 0.562975 5.06678 80 2 25 10 29655 0 
14.9364 16.2533 1.56687 0.562975 5.06678 80 2 25 10 29656 0 
14.9551 16.2539 1.56723 0.562975 5.06678 80 2 25 10 29657 0 
14.9739 16.2544 1.5676 0.562975 5.06678 80 2 25 10 29658 0 
14.9926 16.2549 1.56797 0.562975 5.06678 80 2 25 10 29659 0 
15.0114 16.2554 1.56834 0.562975 5.06678 80 2 25 10 29660 0 
15.0302 16.2559 1.56871 0.562975 5.06678 80 2 25 10 29661 0 
15.0489 16.2564 1.56908 0.562975 5.06678 80 2 25 10 29662 0 
15.0677 16.2569 1.56944 0.562975 5.06678 80 2 25 10 29663 0 
15.0864 16.2575 1.56981 0.562975 5.06678 80 2 25 10 29664 0 
15.1052 16.258 1.57018 0.562975 5.06678 80 2 25 10 29665 0 
15.124 16.2585 1.57055 0.562975 5.06678 80 2 25 10 29666 0 
15.1427 16.259 1.57092 0.562975 5.06678 80 2 25 10 29667 0 
15.1615 16.2595 1.57129 0.562975 5.06678 80 2 25 10 29668 0 
15.1802 16.26 1.57166 0.562975 5.06678 80 2 25 10 29669 0 
15.199 16.2605 1.57203 0.562975 5.06678 80 2 25 10 29670 0 
15.2178 16.2611 1.5724 0.562975 5.06678 80 2 25 10 29671 0 
15.2365 16.2616 1.57277 0.562975 5.06678 80 2 25 10 29672 0 
15.2553 16.2621 1.57314 0.562975 5.06678 80 2 25 10 29673 0 
15.274 16.2626 1.57351 0.562975 5.06678 80 2 25 10 29674 0 
15.2928 16.2631 1.57389 0.562975 5.06678 80 2 25 10 29675 0 
15.3115 16.2636 1.57426 0.562975 5.06678 80 2 25 10 29676 0 
15.3303 16.2641 1.57463 0.562975 5.06678 80 2 25 10 29677 0 
15.3491 16.2647 1.575 0.562975 5.06678 80 2 25 10 29678 0 
15.3678 16.2652 1.57537 0.562975 5.06678 80 2 25 10 29679 0 
15.3866 16.2657 1.57574 0.562975 5.06678 80 2 25 10 29680 0 
15.4053 16.2662 1.57612 0.562975 5.06678 80 2 25 10 29681 0 
15.4241 16.2667 1.57649 0.562975 5.06678 80 2 25 10 29682 0 
15.4429 16.2672 1.57686 0.562975 5.06678 80 2 25 10 29683 0 
15.4616 16.2678 1.57724 0.562975 5.06678 80 2 25 10 29684 0 
15.4804 16.2683 1.57761 0.562975 5.06678 80 2 25 10 29685 0 
15.4991 16.2688 1.57798 0.562975 5.06678 80 2 25 10 29686 0 
15.5179 16.2693 1.57836 0.562975 5.06678 80 2 25 10 29687 0 
15.5367 16.2698 1.57873 0.562975 5.06678 80 2 25 10 29688 0 
15.5554 16.2703 1.5791 0.562975 5.06678 80 2 25 10 29689 0 
15.5742 16.2709 1.57948 0.562975 5.06678 80 2 25 10 29690 0 
15.5929 16.2714 1.57985 0.562975 5.06678 80 2 25 10 29691 0 
15.6117 16.2719 1.58023 0.562975 5.06678 80 2 25 10 29692 0 
15.6304 16.2724 1.5806 0.562975 5.06678 80 2 25 10 29693 0 
15.6492 16.2729 1.58098 0.562975 5.06678 80 2 25 10 29694 0 
15.668 16.2734 1.58135 0.562975 5.06678 80 2 25 10 29695 0 
15.6867 16.274 1.58173 0.562975 5.06678 80 2 25 10 29696 0 
15.7055 16.2745 1.5821 0.562975 5.06678 80 2 25 10 29697 0 
15.7242 16.275 1.58248 0.562975 5.06678 80 2 25 10 29698 0 
15.743 16.2755 1.58285 0.562975 5.06678 80 2 25 10 29699 0 
15.7618 16.276 1.58323 0.562975 5.06678 80 2 25 10 29700 0 
15.7805 16.2766 1.58361 0.562975 5.06678 80 2 25 10 29701 0 
15.7993 16.2771 1.58398 0.562975 5.06678 80 2 25 10 29702 0 
15.818 16.2776 1.58436 0.562975 5.06678 80 2 25 10 29703 0 
15.8368 16.2781 1.58474 0.562975 5.06678 80 2 25 10 29704 0 
15.8555 16.2786 1.58511 0.562975 5.06678 80 2 25 10 29705 0 
15.8743 16.2792 1.58549 0.562975 5.06678 80 2 25 10 29706 0 
15.8931 16.2797 1.58587 0.562975 5.06678 80 2 25 10 29707 0 
15.9118 16.2802 1.58625 0.562975 5.06678 80 2 25 10 29708 0 
15.9306 16.2807 1.58663 0.562975 5.06678 80 2 25 10 29709 0 
15.9493 16.2812 1.587 0.562975 5.06678 80 2 25 10 29710 0 
15.9681 16.2817 1.58738 0.562975 5.06678 80 2 25 10 29711 0 
15.9869 16.2823 1.58776 0.562975 5.06678 80 2 25 10 29712 0 
16.0056 16.2828 1.58814 0.562975 5.06678 80 2 25 10 29713 0 
16.0244 16.2833 1.58852 0.562975 5.06678 80 2 25 10 29714 0 
16.0431 16.2838 1.5889 0.562975 5.06678 80 2 25 10 29715 0 
16.0619 16.2844 1.58928 0.562975 5.06678 80 2 25 10 29716 0 
16.0807 16.2849 1.58966 0.562975 5.06678 80 2 25 10 29717 0 
16.0994 16.2854 1.59004 0.562975 5.06678 80 2 25 10 29718 0 
16.1182 16.2859 1.59042 0.562975 5.06678 80 2 25 10 29719 0 
16.1369 16.2864 1.5908 0.562975 5.06678 80 2 25 10 29720 0 
16.1557 16.287 1.59118 0.562975 5.06678 80 2 25 10 29721 0 
16.1744 16.2875 1.59156 0.562975 5.06678 80 2 25 10 29722 0 
16.1932 16.288 1.59194 0.562975 5.06678 80 2 25 10 29723 0 
16.212 16.2885 1.59232 0.562975 5.06678 80 2 25 10 29724 0 
16.2307 16.289 1.5927 0.562975 5.06678 80 2 25 10 29725 0 
16.2495 16.2896 1.59308 0.562975 5.06678 80 2 25 10 29726 0 
16.2682 16.2901 1.59346 0.562975 5.06678 80 2 25 10 29727 0 
16.287 16.2906 1.59385 0.562975 5.06678 80 2 25 10 29728 0 
16.3058 16.2911 1.59423 0.562975 5.06678 80 2 25 10 29729 0 
16.3245 16.2916 1.59461 0.562975 5.06678 80 2 25 10 29730 0 
16.3433 16.2922 1.59499 0.562975 5.06678 80 2 25 10 29731 0 
16.362 16.2927 1.59538 0.562975 5.06678 80 2 25 10 29732 0 
16.3808 16.2932 1.59576 0.562975 5.06678 80 2 25 10 29733 0 
16.3996 16.2937 1.59614 0.562975 5.06678 80 2 25 10 29734 0 
16.4183 16.2943 1.59653 0.562975 5.06678 80 2 25 10 29735 0 
16.4371 16.2948 1.59691 0.562975 5.06678 80 2 25 10 29736 0 
16.4558 16.2953 1.59729 0.562975 5.06678 80 2 25 10 29737 0 
16.4746 16.2958 1.59768 0.562975 5.06678 80 2 25 10 29738 0 
16.4933 16.2964 1.59806 0.562975 5.06678 80 2 25 10 29739 0 
16.5121 16.2969 1.59845 0.562975 5.06678 80 2 25 10 29740 0 
16.5309 16.2974 1.59883 0.562975 5.06678 80 2 25 10 29741 0 
16.5496 16.2979 1.59921 0.562975 5.06678 80 2 25 10 29742 0 
16.5684 16.2984 1.5996 0.562975 5.06678 80 2 25 10 29743 0 
16.5871 16.299 1.59998 0.562975 5.06678 80 2 25 10 29744 0 
16.6059 16.2995 1.60037 0.562975 5.06678 80 2 25 10 29745 0 
16.6247 16.3 1.60076 0.562975 5.06678 80 2 25 10 29746 0 
16.6434 16.3005 1.60114 0.562975 5.06678 80 2 25 10 29747 0 
16.6622 16.3011 1.60153 0.562975 5.06678 80 2 25 10 29748 0 
16.6809 16.3016 1.60191 0.562975 5.06678 80 2 25 10 29749 0 
16.6997 16.3021 1.6023 0.562975 5.06678 80 2 25 10 29750 0 
16.7185 16.3026 1.60269 0.562975 5.06678 80 2 25 10 29751 0 
16.7372 16.3032 1.60307 0.562975 5.06678 80 2 25 10 29752 0 
16.756 16.3037 1.60346 0.562975 5.06678 80 2 25 10 29753 0 
16.7747 16.3042 1.60385 0.562975 5.06678 80 2 25 10 29754 0 
16.7935 16.3047 1.60424 0.562975 5.06678 80 2 25 10 29755 0 
16.8122 16.3053 1.60462 0.562975 5.06678 80 2 25 10 29756 0 
16.831 16.3058 1.60501 0.562975 5.06678 80 2 25 10 29757 0 
16.8498 16.3063 1.6054 0.562975 5.06678 80 2 25 10 29758 0 
16.8685 16.3068 1.60579 0.562975 5.06678 80 2 25 10 29759 0 
16.8873 16.3074 1.60618 0.562975 5.06678 80 2 25 10 29760 0 
16.906 16.3079 1.60657 0.562975 5.06678 80 2 25 10 29761 0 
16.9248 16.3084 1.60695 0.562975 5.06678 80 2 25 10 29762 0 
16.9436 16.309 1.60734 0.562975 5.06678 80 2 25 10 29763 0 
16.9623 16.3095 1.60773 0.562975 5.06678 80 2 25 10 29764 0 
16.9811 16.31 1.60812 0.562975 5.06678 80 2 25 10 29765 0 
16.9998 16.3105 1.60851 0.562975 5.06678 80 2 25 10 29766 0 
17.0186 16.3111 1.6089 0.562975 5.06678 80 2 25 10 29767 0 
17.0374 16.3116 1.60929 0.562975 5.06678 80 2 25 10 29768 0 
17.0561 16.3121 1.60968 0.562975 5.06678 80 2 25 10 29769 0 
17.0749 16.3126 1.61007 0.562975 5.06678 80 2 25 10 29770 0 
17.0936 16.3132 1.61046 0.562975 5.06678 80 2 25 10 29771 0 
17.1124 16.3137 1.61086 0.562975 5.06678 80 2 25 10 29772 0 
17.1311 16.3142 1.61125 0.562975 5.06678 80 2 25 10 29773 0 
17.1499 16.3147 1.61164 0.562975 5.06678 80 2 25 10 29774 0 
17.1687 16.3153 1.61203 0.562975 5.06678 80 2 25 10 29775 0 
17.1874 16.3158 1.61242 0.562975 5.06678 80 2 25 10 29776 0 
17.2062 16.3163 1.61281 0.562975 5.06678 80 2 25 10 29777 0 
17.2249 16.3169 1.61321 0.562975 5.06678 80 2 25 10 29778 0 
17.2437 16.3174 1.6136 0.562975 5.06678 80 2 25 10 29779 0 
17.2625 16.3179 1.61399 0.562975 5.06678 80 2 25 10 29780 0 
17.2812 16.3184 1.61439 0.562975 5.06678 80 2 25 10 29781 0 
17.3 16.319 1.61478 0.562975 5.06678 80 2 25 10 29782 0 
17.3187 16.3195 1.61517 0.562975 5.06678 80 2 25 10 29783 0 
17.3375 16.32 1.61557 0.562975 5.06678 80 2 25 10 29784 0 
17.3563 16.3206 1.61596 0.562975 5.06678 80 2 25 10 29785 0 
17.375 16.3211 1.61635 0.562975 5.06678 80 2 25 10 29786 0 
17.3938 16.3216 1.61675 0.562975 5.06678 80 2 25 10 29787 0 
17.4125 16.3221 1.61714 0.562975 5.06678 80 2 25 10 29788 0 
17.4313 16.3227 1.61754 0.562975 5.06678 80 2 25 10 29789 0 
17.45 16.3232 1.61793 0.562975 5.06678 80 2 25 10 29790 0 
17.4688 16.3237 1.61833 0.562975 5.06678 80 2 25 10 29791 0 
17.4876 16.3243 1.61872 0.562975 5.06678 80 2 25 10 29792 0 
17.5063 16.3248 1.61912 0.562975 5.06678 80 2 25 10 29793 0 
17.5251 16.3253 1.61951 0.562975 5.06678 80 2 25 10 29794 0 
17.5438 16.3259 1.61991 0.562975 5.06678 80 2 25 10 29795 0 
17.5626 16.3264 1.62031 0.562975 5.06678 80 2 25 10 29796 0 
17.5814 16.3269 1.6207 0.562975 5.06678 80 2 25 10 29797 0 
17.6001 16.3274 1.6211 0.562975 5.06678 80 2 25 10 29798 0 
17.6189 16.328 1.6215 0.562975 5.06678 80 2 25 10 29799 0 
17.6376 16.3285 1.62189 0.562975 5.06678 80 2 25 10 29800 0 
17.6564 16.329 1.62229 0.562975 5.06678 80 2 25 10 29801 0 
17.6751 16.3296 1.62269 0.562975 5.06678 80 2 25 10 29802 0 
17.6939 16.3301 1.62309 0.562975 5.06678 80 2 25 10 29803 0 
17.7127 16.3306 1.62348 0.562975 5.06678 80 2 25 10 29804 0 
17.7314 16.3312 1.62388 0.562975 5.06678 80 2 25 10 29805 0 
17.7502 16.3317 1.62428 0.562975 5.06678 80 2 25 10 29806 0 
17.7689 16.3322 1.62468 0.562975 5.06678 80 2 25 10 29807 0 
17.7877 16.3328 1.62508 0.562975 5.06678 80 2 25 10 29808 0 
17.8065 16.3333 1.62548 0.562975 5.06678 80 2 25 10 29809 0 
17.8252 16.3338 1.62588 0.562975 5.06678 80 2 25 10 29810 0 
17.844 16.3344 1.62628 0.562975 5.06678 80 2 25 10 29811 0 
17.8627 16.3349 1.62668 0.562975 5.06678 80 2 25 10 29812 0 
17.8815 16.3354 1.62708 0.562975 5.06678 80 2 25 10 29813 0 
17.9003 16.336 1.62748 0.562975 5.06678 80 2 25 10 29814 0 
17.919 16.3365 1.62788 0.562975 5.06678 80 2 25 10 29815 0 
17.9378 16.337 1.62828 0.562975 5.06678 80 2 25 10 29816 0 
17.9565 16.3376 1.62868 0.562975 5.06678 80 2 25 10 29817 0 
17.9753 16.3381 1.62908 0.562975 5.06678 80 2 25 10 29818 0 
17.994 16.3386 1.62948 0.562975 5.06678 80 2 25 10 29819 0 
18.0128 16.3392 1.62988 0.562975 5.06678 80 2 25 10 29820 0 
18.0316 16.3397 1.63029 0.562975 5.06678 80 2 25 10 29821 0 
18.0503 16.3402 1.63069 0.562975 5.06678 80 2 25 10 29822 0 
18.0691 16.3408 1.63109 0.562975 5.06678 80 2 25 10 29823 0 
18.0878 16.3413 1.63149 0.562975 5.06678 80 2 25 10 29824 0 
18.1066 16.3418 1.63189 0.562975 5.06678 80 2 25 10 29825 0 
18.1254 16.3424 1.6323 0.562975 5.06678 80 2 25 10 29826 0 
18.1441 16.3429 1.6327 0.562975 5.06678 80 2 25 10 29827 0 
18.1629 16.3434 1.6331 0.562975 5.06678 80 2 25 10 29828 0 
18.1816 16.344 1.63351 0.562975 5.06678 80 2 25 10 29829 0 
18.2004 16.3445 1.63391 0.562975 5.06678 80 2 25 10 29830 0 
18.2192 16.345 1.63432 0.562975 5.06678 80 2 25 10 29831 0 
18.2379 16.3456 1.63472 0.562975 5.06678 80 2 25 10 29832 0 
18.2567 16.3461 1.63512 0.562975 5.06678 80 2 25 10 29833 0 
18.2754 16.3466 1.63553 0.562975 5.06678 80 2 25 10 29834 0 
18.2942 16.3472 1.63593 0.562975 5.06678 80 2 25 10 29835 0 
18.3129 16.3477 1.63634 0.562975 5.06678 80 2 25 10 29836 0 
18.3317 16.3483 1.63674 0.562975 5.06678 80 2 25 10 29837 0 
18.3505 16.3488 1.63715 0.562975 5.06678 80 2 25 10 29838 0 
18.3692 16.3493 1.63756 0.562975 5.06678 80 2 25 10 29839 0 
18.388 16.3499 1.63796 0.562975 5.06678 80 2 25 10 29840 0 
18.4067 16.3504 1.63837 0.562975 5.06678 80 2 25 10 29841 0 
18.4255 16.3509 1.63878 0.562975 5.06678 80 2 25 10 29842 0 
18.4443 16.3515 1.63918 0.562975 5.06678 80 2 25 10 29843 0 
18.463 16.352 1.63959 0.562975 5.06678 80 2 25 10 29844 0 
18.4818 16.3525 1.64 0.562975 5.06678 80 2 25 10 29845 0 
18.5005 16.3531 1.6404 0.562975 5.06678 80 2 25 10 29846 0 
18.5193 16.3536 1.64081 0.562975 5.06678 80 2 25 10 29847 0 
18.5381 16.3542 1.64122 0.562975 5.06678 80 2 25 10 29848 0 
18.5568 16.3547 1.64163 0.562975 5.06678 80 2 25 10 29849 0 
18.5756 16.3552 1.64204 0.562975 5.06678 80 2 25 10 29850 0 
18.5943 16.3558 1.64244 0.562975 5.06678 80 2 25 10 29851 0 
18.6131 16.3563 1.64285 0.562975 5.06678 80 2 25 10 29852 0 
18.6318 16.3568 1.64326 0.562975 5.06678 80 2 25 10 29853 0 
18.6506 16.3574 1.64367 0.562975 5.06678 80 2 25 10 29854 0 
18.6694 16.3579 1.64408 0.562975 5.06678 80 2 25 10 29855 0 
18.6881 16.3585 1.64449 0.562975 5.06678 80 2 25 10 29856 0 
18.7069 16.359 1.6449 0.562975 5.06678 80 2 25 10 29857 0 
18.7256 16.3595 1.64531 0.562975 5.06678 80 2 25 10 29858 0 
18.7444 16.3601 1.64572 0.562975 5.06678 80 2 25 10 29859 0 
18.7632 16.3606 1.64613 0.562975 5.06678 80 2 25 10 29860 0 
18.7819 16.3612 1.64654 0.562975 5.06678 80 2 25 10 29861 0 
18.8007 16.3617 1.64695 0.562975 5.06678 80 2 25 10 29862 0 
18.8194 16.3622 1.64737 0.562975 5.06678 80 2 25 10 29863 0 
18.8382 16.3628 1.64778 0.562975 5.06678 80 2 25 10 29864 0 
18.857 16.3633 1.64819 0.562975 5.06678 80 2 25 10 29865 0 
18.8757 16.3638 1.6486 0.562975 5.06678 80 2 25 10 29866 0 
18.8945 16.3644 1.64901 0.562975 5.06678 80 2 25 10 29867 0 
18.9132 16.3649 1.64943 0.562975 5.06678 80 2 25 10 29868 0 
18.932 16.3655 1.64984 0.562975 5.06678 80 2 25 10 29869 0 
18.9507 16.366 1.65025 0.562975 5.06678 80 2 25 10 29870 0 
18.9695 16.3665 1.65066 0.562975 5.06678 80 2 25 10 29871 0 
18.9883 16.3671 1.65108 0.562975 5.06678 80 2 25 10 29872 0 
19.007 16.3676 1.65149 0.562975 5.06678 80 2 25 10 29873 0 
19.0258 16.3682 1.65191 0.562975 5.06678 80 2 25 10 29874 0 
19.0445 16.3687 1.65232 0.562975 5.06678 80 2 25 10 29875 0 
19.0633 16.3693 1.65273 0.562975 5.06678 80 2 25 10 29876 0 
19.0821 16.3698 1.65315 0.562975 5.06678 80 2 25 10 29877 0 
19.1008 16.3703 1.65356 0.562975 5.06678 80 2 25 10 29878 0 
19.1196 16.3709 1.65398 0.562975 5.06678 80 2 25 10 29879 0 
19.1383 16.3714 1.65439 0.562975 5.06678 80 2 25 10 29880 0 
19.1571 16.372 1.65481 0.562975 5.06678 80 2 25 10 29881 0 
19.1759 16.3725 1.65523 0.562975 5.06678 80 2 25 10 29882 0 
19.1946 16.373 1.65564 0.562975 5.06678 80 2 25 10 29883 0 
19.2134 16.3736 1.65606 0.562975 5.06678 80 2 25 10 29884 0 
19.2321 16.3741 1.65647 0.562975 5.06678 80 2 25 10 29885 0 
19.2509 16.3747 1.65689 0.562975 5.06678 80 2 25 10 29886 0 
19.2696 16.3752 1.65731 0.562975 5.06678 80 2 25 10 29887 0 
19.2884 16.3758 1.65772 0.562975 5.06678 80 2 25 10 29888 0 
19.3072 16.3763 1.65814 0.562975 5.06678 80 2 25 10 29889 0 
19.3259 16.3768 1.65856 0.562975 5.06678 80 2 25 10 29890 0 
19.3447 16.3774 1.65898 0.562975 5.06678 80 2 25 10 29891 0 
19.3634 16.3779 1.6594 0.562975 5.06678 80 2 25 10 29892 0 
19.3822 16.3785 1.65981 0.562975 5.06678 80 2 25 10 29893 0 
19.401 16.379 1.66023 0.562975 5.06678 80 2 25 10 29894 0 
19.4197 16.3796 1.66065 0.562975 5.06678 80 2 25 10 29895 0 
19.4385 16.3801 1.66107 0.562975 5.06678 80 2 25 10 29896 0 
19.4572 16.3806 1.66149 0.562975 5.06678 80 2 25 10 29897 0 
19.476 16.3812 1.66191 0.562975 5.06678 80 2 25 10 29898 0 
19.4948 16.3817 1.66233 0.562975 5.06678 80 2 25 10 29899 0 
19.5135 16.3823 1.66275 0.562975 5.06678 80 2 25 10 29900 0 
19.5323 16.3828 1.66317 0.562975 5.06678 80 2 25 10 29901 0 
19.551 16.3834 1.66359 0.562975 5.06678 80 2 25 10 29902 0 
19.5698 16.3839 1.66401 0.562975 5.06678 80 2 25 10 29903 0 
19.5885 16.3845 1.66443 0.562975 5.06678 80 2 25 10 29904 0 
19.6073 16.385 1.66485 0.562975 5.06678 80 2 25 10 29905 0 
19.6261 16.3855 1.66528 0.562975 5.06678 80 2 25 10 29906 0 
19.6448 16.3861 1.6657 0.562975 5.06678 80 2 25 10 29907 0 
19.6636 16.3866 1.66612 0.562975 5.06678 80 2 25 10 29908 0 
19.6823 16.3872 1.66654 0.562975 5.06678 80 2 25 10 29909 0 
19.7011 16.3877 1.66696 0.562975 5.06678 80 2 25 10 29910 0 
19.7199 16.3883 1.66739 0.562975 5.06678 80 2 25 10 29911 0 
19.7386 16.3888 1.66781 0.562975 5.06678 80 2 25 10 29912 0 
19.7574 16.3894 1.66823 0.562975 5.06678 80 2 25 10 29913 0 
19.7761 16.3899 1.66866 0.562975 5.06678 80 2 25 10 29914 0 
19.7949 16.3905 1.66908 0.562975 5.06678 80 2 25 10 29915 0 
19.8137 16.391 1.6695 0.562975 5.06678 80 2 25 10 29916 0 
19.8324 16.3916 1.66993 0.562975 5.06678 80 2 25 10 29917 0 
19.8512 16.3921 1.67035 0.562975 5.06678 80 2 25 10 29918 0 
19.8699 16.3926 1.67078 0.562975 5.06678 80 2 25 10 29919 0 
19.8887 16.3932 1.6712 0.562975 5.06678 80 2 25 10 29920 0 
19.9074 16.3937 1.67163 0.562975 5.06678 80 2 25 10 29921 0 
19.9262 16.3943 1.67205 0.562975 5.06678 80 2 25 10 29922 0 
19.945 16.3948 1.67248 0.562975 5.06678 80 2 25 10 29923 0 
19.9637 16.3954 1.6729 0.562975 5.06678 80 2 25 10 29924 0 
19.9825 16.3959 1.67333 0.562975 5.06678 80 2 25 10 29925 0 
20.0012 16.3965 1.67376 0.562975 5.06678 80 2 25 10 29926 0 
20.02 16.397 1.67418 0.562975 5.06678 80 2 25 10 29927 0 
20.0388 16.3976 1.67461 0.562975 5.06678 80 2 25 10 29928 0 
20.0575 16.3981 1.67504 0.562975 5.06678 80 2 25 10 29929 0 
20.0763 16.3987 1.67546 0.562975 5.06678 80 2 25 10 29930 0 
20.095 16.3992 1.67589 0.562975 5.06678 80 2 25 10 29931 0 
20.1138 16.3998 1.67632 0.562975 5.06678 80 2 25 10 29932 0 
20.1325 16.4003 1.67675 0.562975 5.06678 80 2 25 10 29933 0 
20.1513 16.4009 1.67718 0.562975 5.06678 80 2 25 10 29934 0 
20.1701 16.4014 1.6776 0.562975 5.06678 80 2 25 10 29935 0 
20.1888 16.402 1.67803 0.562975 5.06678 80 2 25 10 29936 0 
20.2076 16.4025 1.67846 0.562975 5.06678 80 2 25 10 29937 0 
20.2263 16.4031 1.67889 0.562975 5.06678 80 2 25 10 29938 0 
20.2451 16.4036 1.67932 0.562975 5.06678 80 2 25 10 29939 0 
20.2638 16.4042 1.67975 0.562975 5.06678 80 2 25 10 29940 0 
20.2826 16.4047 1.68018 0.562975 5.06678 80 2 25 10 29941 0 
20.3014 16.4053 1.68061 0.562975 5.06678 80 2 25 10 29942 0 
20.3201 16.4058 1.68104 0.562975 5.06678 80 2 25 10 29943 0 
20.3389 16.4064 1.68147 0.562975 5.06678 80 2 25 10 29944 0 
20.3576 16.4069 1.6819 0.562975 5.06678 80 2 25 10 29945 0 
20.3764 16.4075 1.68233 0.562975 5.06678 80 2 25 10 29946 0 
20.3951 16.408 1.68277 0.562975 5.06678 80 2 25 10 29947 0 
20.4139 16.4086 1.6832 0.562975 5.06678 80 2 25 10 29948 0 
20.4327 16.4091 1.68363 0.562975 5.06678 80 2 25 10 29949 0 
20.4514 16.4097 1.68406 0.562975 5.06678 80 2 25 10 29950 0 
20.4702 16.4102 1.68449 0.562975 5.06678 80 2 25 10 29951 0 
20.4889 16.4108 1.68493 0.562975 5.06678 80 2 25 10 29952 0 
20.5077 16.4113 1.68536 0.562975 5.06678 80 2 25 10 29953 0 
20.5264 16.4119 1.68579 0.562975 5.06678 80 2 25 10 29954 0 
20.5452 16.4124 1.68623 0.562975 5.06678 80 2 25 10 29955 0 
20.5639 16.413 1.68666 0.562975 5.06678 80 2 25 10 29956 0 
20.5827 16.4135 1.68709 0.562975 5.06678 80 2 25 10 29957 0 
20.6015 16.4141 1.68753 0.562975 5.06678 80 2 25 10 29958 0 
20.6202 16.4146 1.68796 0.562975 5.06678 80 2 25 10 29959 0 
20.639 16.4152 1.6884 0.562975 5.06678 80 2 25 10 29960 0 
20.6577 16.4158 1.68883 0.562975 5.06678 80 2 25 10 29961 0 
20.6765 16.4163 1.68927 0.562975 5.06678 80 2 25 10 29962 0 
20.6952 16.4169 1.6897 0.562975 5.06678 80 2 25 10 29963 0 
20.714 16.4174 1.69014 0.562975 5.06678 80 2 25 10 29964 0 
20.7328 16.418 1.69057 0.562975 5.06678 80 2 25 10 29965 0 
20.7515 16.4185 1.69101 0.562975 5.06678 80 2 25 10 29966 0 
20.7703 16.4191 1.69145 0.562975 5.06678 80 2 25 10 29967 0 
20.789 16.4196 1.69188 0.562975 5.06678 80 2 25 10 29968 0 
20.8078 16.4202 1.69232 0.562975 5.06678 80 2 25 10 29969 0 
20.8265 16.4207 1.69276 0.562975 5.06678 80 2 25 10 29970 0 
20.8453 16.4213 1.6932 0.562975 5.06678 80 2 25 10 29971 0 
20.8641 16.4218 1.69363 0.562975 5.06678 80 2 25 10 29972 0 
20.8828 16.4224 1.69407 0.562975 5.06678 80 2 25 10 29973 0 
20.9016 16.423 1.69451 0.562975 5.06678 80 2 25 10 29974 0 
20.9203 16.4235 1.69495 0.562975 5.06678 80 2 25 10 29975 0 
20.9391 16.4241 1.69539 0.562975 5.06678 80 2 25 10 29976 0 
20.9578 16.4246 1.69583 0.562975 5.06678 80 2 25 10 29977 0 
20.9766 16.4252 1.69627 0.562975 5.06678 80 2 25 10 29978 0 
20.9954 16.4257 1.69671 0.562975 5.06678 80 2 25 10 29979 0 
21.0141 16.4263 1.69714 0.562975 5.06678 80 2 25 10 29980 0 
21.0329 16.4268 1.69758 0.562975 5.06678 80 2 25 10 29981 0 
21.0516 16.4274 1.69803 0.562975 5.06678 80 2 25 10 29982 0 
21.0704 16.4279 1.69847 0.562975 5.06678 80 2 25 10 29983 0 
21.0891 16.4285 1.69891 0.562975 5.06678 80 2 25 10 29984 0 
21.1079 16.4291 1.69935 0.562975 5.06678 80 2 25 10 29985 0 
21.1267 16.4296 1.69979 0.562975 5.06678 80 2 25 10 29986 0 
21.1454 16.4302 1.70023 0.562975 5.06678 80 2 25 10 29987 0 
21.1642 16.4307 1.70067 0.562975 5.06678 80 2 25 10 29988 0 
21.1829 16.4313 1.70111 0.562975 5.06678 80 2 25 10 29989 0 
21.2017 16.4318 1.70156 0.562975 5.06678 80 2 25 10 29990 0 
21.2204 16.4324 1.702 0.562975 5.06678 80 2 25 10 29991 0 
21.2392 16.433 1.70244 0.562975 5.06678 80 2 25 10 29992 0 
21.258 16.4335 1.70289 0.562975 5.06678 80 2 25 10 29993 0 
21.2767 16.4341 1.70333 0.562975 5.06678 80 2 25 10 29994 0 
21.2955 16.4346 1.70377 0.562975 5.06678 80 2 25 10 29995 0 
21.3142 16.4352 1.70422 0.562975 5.06678 80 2 25 10 29996 0 
21.333 16.4357 1.70466 0.562975 5.06678 80 2 25 10 29997 0 
21.3517 16.4363 1.70511 0.562975 5.06678 80 2 25 10 29998 0 
21.3705 16.4369 1.70555 0.562975 5.06678 80 2 25 10 29999 0 
21.3893 16.4374 1.706 0.562975 5.06678 80 2 25 10 30000 0 
21.408 16.438 1.70644 0.562975 5.06678 80 2 25 10 30001 0 
21.4268 16.4385 1.70689 0.562975 5.06678 80 2 25 10 30002 0 
21.4455 16.4391 1.70733 0.562975 5.06678 80 2 25 10 30003 0 
21.4643 16.4397 1.70778 0.562975 5.06678 80 2 25 10 30004 0 
21.483 16.4402 1.70822 0.562975 5.06678 80 2 25 10 30005 0 
21.5018 16.4408 1.70867 0.562975 5.06678 80 2 25 10 30006 0 
21.5205 16.4413 1.70912 0.562975 5.06678 80 2 25 10 30007 0 
21.5393 16.4419 1.70956 0.562975 5.06678 80 2 25 10 30008 0 
21.5581 16.4425 1.71001 0.562975 5.06678 80 2 25 10 30009 0 
21.5768 16.443 1.71046 0.562975 5.06678 80 2 25 10 30010 0 
21.5956 16.4436 1.71091 0.562975 5.06678 80 2 25 10 30011 0 
21.6143 16.4441 1.71136 0.562975 5.06678 80 2 25 10 30012 0 
21.6331 16.4447 1.7118 0.562975 5.06678 80 2 25 10 30013 0 
21.6518 16.4453 1.71225 0.562975 5.06678 80 2 25 10 30014 0 
21.6706 16.4458 1.7127 0.562975 5.06678 80 2 25 10 30015 0 
21.6894 16.4464 1.71315 0.562975 5.06678 80 2 25 10 30016 0 
21.7081 16.4469 1.7136 0.562975 5.06678 80 2 25 10 30017 0 
21.7269 16.4475 1.71405 0.562975 5.06678 80 2 25 10 30018 0 
21.7456 16.4481 1.7145 0.562975 5.06678 80 2 25 10 30019 0 
21.7644 16.4486 1.71495 0.562975 5.06678 80 2 25 10 30020 0 
21.7831 16.4492 1.7154 0.562975 5.06678 80 2 25 10 30021 0 
21.8019 16.4497 1.71585 0.562975 5.06678 80 2 25 10 30022 0 
21.8207 16.4503 1.7163 0.562975 5.06678 80 2 25 10 30023 0 
21.8394 16.4509 1.71675 0.562975 5.06678 80 2 25 10 30024 0 
21.8582 16.4514 1.71721 0.562975 5.06678 80 2 25 10 30025 0 
21.8769 16.452 1.71766 0.562975 5.06678 80 2 25 10 30026 0 
21.8957 16.4526 1.71811 0.562975 5.06678 80 2 25 10 30027 0 
21.9144 16.4531 1.71856 0.562975 5.06678 80 2 25 10 30028 0 
21.9332 16.4537 1.71901 0.562975 5.06678 80 2 25 10 30029 0 
21.952 16.4543 1.71947 0.562975 5.06678 80 2 25 10 30030 0 
21.9707 16.4548 1.71992 0.562975 5.06678 80 2 25 10 30031 0 
21.9895 16.4554 1.72037 0.562975 5.06678 80 2 25 10 30032 0 
22.0082 16.4559 1.72083 0.562975 5.06678 80 2 25 10 30033 0 
22.027 16.4565 1.72128 0.562975 5.06678 80 2 25 10 30034 0 
22.0457 16.4571 1.72174 0.562975 5.06678 80 2 25 10 30035 0 
22.0645 16.4576 1.72219 0.562975 5.06678 80 2 25 10 30036 0 
22.0833 16.4582 1.72264 0.562975 5.06678 80 2 25 10 30037 0 
22.102 16.4588 1.7231 0.562975 5.06678 80 2 25 10 30038 0 
22.1208 16.4593 1.72356 0.562975 5.06678 80 2 25 10 30039 0 
22.1395 16.4599 1.72401 0.562975 5.06678 80 2 25 10 30040 0 
22.1583 16.4605 1.72447 0.562975 5.06678 80 2 25 10 30041 0 
22.177 16.461 1.72492 0.562975 5.06678 80 2 25 10 30042 0 
22.1958 16.4616 1.72538 0.562975 5.06678 80 2 25 10 30043 0 
22.2146 16.4621 1.72584 0.562975 5.06678 80 2 25 10 30044 0 
22.2333 16.4627 1.72629 0.562975 5.06678 80 2 25 10 30045 0 
22.2521 16.4633 1.72675 0.562975 5.06678 80 2 25 10 30046 0 
22.2708 16.4638 1.72721 0.562975 5.06678 80 2 25 10 30047 0 
22.2896 16.4644 1.72767 0.562975 5.06678 80 2 25 10 30048 0 
22.3083 16.465 1.72812 0.562975 5.06678 80 2 25 10 30049 0 
22.3271 16.4655 1.72858 0.562975 5.06678 80 2 25 10 30050 0 
22.3459 16.4661 1.72904 0.562975 5.06678 80 2 25 10 30051 0 
22.3646 16.4667 1.7295 0.562975 5.06678 80 2 25 10 30052 0 
22.3834 16.4672 1.72996 0.562975 5.06678 80 2 25 10 30053 0 
22.4021 16.4678 1.73042 0.562975 5.06678 80 2 25 10 30054 0 
22.4209 16.4684 1.73088 0.562975 5.06678 80 2 25 10 30055 0 
22.4396 16.4689 1.73134 0.562975 5.06678 80 2 25 10 30056 0 
22.4584 16.4695 1.7318 0.562975 5.06678 80 2 25 10 30057 0 
22.4771 16.4701 1.73226 0.562975 5.06678 80 2 25 10 30058 0 
22.4959 16.4706 1.73272 0.562975 5.06678 80 2 25 10 30059 0 
22.5147 16.4712 1.73318 0.562975 5.06678 80 2 25 10 30060 0 
22.5334 16.4718 1.73364 0.562975 5.06678 80 2 25 10 30061 0 
22.5522 16.4723 1.7341 0.562975 5.06678 80 2 25 10 30062 0 
22.5709 16.4729 1.73457 0.562975 5.06678 80 2 25 10 30063 0 
22.5897 16.4735 1.73503 0.562975 5.06678 80 2 25 10 30064 0 
22.6084 16.474 1.73549 0.562975 5.06678 80 2 25 10 30065 0 
22.6272 16.4746 1.73595 0.562975 5.06678 80 2 25 10 30066 0 
22.646 16.4752 1.73642 0.562975 5.06678 80 2 25 10 30067 0 
22.6647 16.4758 1.73688 0.562975 5.06678 80 2 25 10 30068 0 
22.6835 16.4763 1.73734 0.562975 5.06678 80 2 25 10 30069 0 
22.7022 16.4769 1.73781 0.562975 5.06678 80 2 25 10 30070 0 
22.721 16.4775 1.73827 0.562975 5.06678 80 2 25 10 30071 0 
22.7397 16.478 1.73873 0.562975 5.06678 80 2 25 10 30072 0 
22.7585 16.4786 1.7392 0.562975 5.06678 80 2 25 10 30073 0 
22.7773 16.4792 1.73966 0.562975 5.06678 80 2 25 10 30074 0 
22.796 16.4797 1.74013 0.562975 5.06678 80 2 25 10 30075 0 
22.8148 16.4803 1.7406 0.562975 5.06678 80 2 25 10 30076 0 
22.8335 16.4809 1.74106 0.562975 5.06678 80 2 25 10 30077 0 
22.8523 16.4814 1.74153 0.562975 5.06678 80 2 25 10 30078 0 
22.871 16.482 1.74199 0.562975 5.06678 80 2 25 10 30079 0 
22.8898 16.4826 1.74246 0.562975 5.06678 80 2 25 10 30080 0 
22.9086 16.4832 1.74293 0.562975 5.06678 80 2 25 10 30081 0 
22.9273 16.4837 1.74339 0.562975 5.06678 80 2 25 10 30082 0 
22.9461 16.4843 1.74386 0.562975 5.06678 80 2 25 10 30083 0 
22.9648 16.4849 1.74433 0.562975 5.06678 80 2 25 10 30084 0 
22.9836 16.4854 1.7448 0.562975 5.06678 80 2 25 10 30085 0 
23.0023 16.486 1.74527 0.562975 5.06678 80 2 25 10 30086 0 
23.0211 16.4866 1.74573 0.562975 5.06678 80 2 25 10 30087 0 
23.0399 16.4872 1.7462 0.562975 5.06678 80 2 25 10 30088 0 
23.0586 16.4877 1.74667 0.562975 5.06678 80 2 25 10 30089 0 
23.0774 16.4883 1.74714 0.562975 5.06678 80 2 25 10 30090 0 
23.0961 16.4889 1.74761 0.562975 5.06678 80 2 25 10 30091 0 
23.1149 16.4894 1.74808 0.562975 5.06678 80 2 25 10 30092 0 
23.1336 16.49 1.74855 0.562975 5.06678 80 2 25 10 30093 0 
23.1524 16.4906 1.74902 0.562975 5.06678 80 2 25 10 30094 0 
23.1712 16.4912 1.74949 0.562975 5.06678 80 2 25 10 30095 0 
23.1899 16.4917 1.74997 0.562975 5.06678 80 2 25 10 30096 0 
23.2087 16.4923 1.75044 0.562975 5.06678 80 2 25 10 30097 0 
23.2274 16.4929 1.75091 0.562975 5.06678 80 2 25 10 30098 0 
23.2462 16.4935 1.75138 0.562975 5.06678 80 2 25 10 30099 0 
23.2649 16.494 1.75185 0.562975 5.06678 80 2 25 10 30100 0 
23.2837 16.4946 1.75233 0.562975 5.06678 80 2 25 10 30101 0 
23.3025 16.4952 1.7528 0.562975 5.06678 80 2 25 10 30102 0 
23.3212 16.4958 1.75327 0.562975 5.06678 80 2 25 10 30103 0 
23.34 16.4963 1.75374 0.562975 5.06678 80 2 25 10 30104 0 
23.3587 16.4969 1.75422 0.562975 5.06678 80 2 25 10 30105 0 
23.3775 16.4975 1.75469 0.562975 5.06678 80 2 25 10 30106 0 
23.3962 16.498 1.75517 0.562975 5.06678 80 2 25 10 30107 0 
23.415 16.4986 1.75564 0.562975 5.06678 80 2 25 10 30108 0 
23.4338 16.4992 1.75612 0.562975 5.06678 80 2 25 10 30109 0 
23.4525 16.4998 1.75659 0.562975 5.06678 80 2 25 10 30110 0 
23.4713 16.5003 1.75707 0.562975 5.06678 80 2 25 10 30111 0 
23.49 16.5009 1.75754 0.562975 5.06678 80 2 25 10 30112 0 
23.5088 16.5015 1.75802 0.562975 5.06678 80 2 25 10 30113 0 
23.5275 16.5021 1.7585 0.562975 5.06678 80 2 25 10 30114 0 
23.5463 16.5027 1.75897 0.562975 5.06678 80 2 25 10 30115 0 
23.565 16.5032 1.75945 0.562975 5.06678 80 2 25 10 30116 0 
23.5838 16.5038 1.75993 0.562975 5.06678 80 2 25 10 30117 0 
23.6026 16.5044 1.7604 0.562975 5.06678 80 2 25 10 30118 0 
23.6213 16.505 1.76088 0.562975 5.06678 80 2 25 10 30119 0 
23.6401 16.5055 1.76136 0.562975 5.06678 80 2 25 10 30120 0 
23.6588 16.5061 1.76184 0.562975 5.06678 80 2 25 10 30121 0 
23.6776 16.5067 1.76232 0.562975 5.06678 80 2 25 10 30122 0 
23.6963 16.5073 1.7628 0.562975 5.06678 80 2 25 10 30123 0 
23.7151 16.5078 1.76328 0.562975 5.06678 80 2 25 10 30124 0 
23.7339 16.5084 1.76375 0.562975 5.06678 80 2 25 10 30125 0 
23.7526 16.509 1.76423 0.562975 5.06678 80 2 25 10 30126 0 
23.7714 16.5096 1.76471 0.562975 5.06678 80 2 25 10 30127 0 
23.7901 16.5102 1.7652 0.562975 5.06678 80 2 25 10 30128 0 
23.8089 16.5107 1.76568 0.562975 5.06678 80 2 25 10 30129 0 
23.8276 16.5113 1.76616 0.562975 5.06678 80 2 25 10 30130 0 
23.8464 16.5119 1.76664 0.562975 5.06678 80 2 25 10 30131 0 
23.8652 16.5125 1.76712 0.562975 5.06678 80 2 25 10 30132 0 
23.8839 16.513 1.7676 0.562975 5.06678 80 2 25 10 30133 0 
23.9027 16.5136 1.76808 0.562975 5.06678 80 2 25 10 30134 0 
23.9214 16.5142 1.76857 0.562975 5.06678 80 2 25 10 30135 0 
23.9402 16.5148 1.76905 0.562975 5.06678 80 2 25 10 30136 0 
23.9589 16.5154 1.76953 0.562975 5.06678 80 2 25 10 30137 0 
23.9777 16.5159 1.77002 0.562975 5.06678 80 2 25 10 30138 0 
23.9965 16.5165 1.7705 0.562975 5.06678 80 2 25 10 30139 0 
24.0152 16.5171 1.77098 0.562975 5.06678 80 2 25 10 30140 0 
24.034 16.5177 1.77147 0.562975 5.06678 80 2 25 10 30141 0 
24.0527 16.5183 1.77195 0.562975 5.06678 80 2 25 10 30142 0 
24.0715 16.5188 1.77244 0.562975 5.06678 80 2 25 10 30143 0 
24.0902 16.5194 1.77292 0.562975 5.06678 80 2 25 10 30144 0 
24.109 16.52 1.77341 0.562975 5.06678 80 2 25 10 30145 0 
24.1278 16.5206 1.77389 0.562975 5.06678 80 2 25 10 30146 0 
24.1465 16.5212 1.77438 0.562975 5.06678 80 2 25 10 30147 0 
24.1653 16.5217 1.77487 0.562975 5.06678 80 2 25 10 30148 0 
24.184 16.5223 1.77535 0.562975 5.06678 80 2 25 10 30149 0 
24.2028 16.5229 1.77584 0.562975 5.06678 80 2 25 10 30150 0 
24.2215 16.5235 1.77633 0.562975 5.06678 80 2 25 10 30151 0 
24.2403 16.5241 1.77682 0.562975 5.06678 80 2 25 10 30152 0 
24.2591 16.5246 1.7773 0.562975 5.06678 80 2 25 10 30153 0 
24.2778 16.5252 1.77779 0.562975 5.06678 80 2 25 10 30154 0 
24.2966 16.5258 1.77828 0.562975 5.06678 80 2 25 10 30155 0 
24.3153 16.5264 1.77877 0.562975 5.06678 80 2 25 10 30156 0 
24.3341 16.527 1.77926 0.562975 5.06678 80 2 25 10 30157 0 
24.3528 16.5276 1.77975 0.562975 5.06678 80 2 25 10 30158 0 
24.3716 16.5281 1.78024 0.562975 5.06678 80 2 25 10 30159 0 
24.3904 16.5287 1.78073 0.562975 5.06678 80 2 25 10 30160 0 
24.4091 16.5293 1.78122 0.562975 5.06678 80 2 25 10 30161 0 
24.4279 16.5299 1.78171 0.562975 5.06678 80 2 25 10 30162 0 
24.4466 16.5305 1.7822 0.562975 5.06678 80 2 25 10 30163 0 
24.4654 16.5311 1.78269 0.562975 5.06678 80 2 25 10 30164 0 
24.4841 16.5316 1.78318 0.562975 5.06678 80 2 25 10 30165 0 
24.5029 16.5322 1.78367 0.562975 5.06678 80 2 25 10 30166 0 
24.5216 16.5328 1.78417 0.562975 5.06678 80 2 25 10 30167 0 
24.5404 16.5334 1.78466 0.562975 5.06678 80 2 25 10 30168 0 
24.5592 16.534 1.78515 0.562975 5.06678 80 2 25 10 30169 0 
24.5779 16.5346 1.78564 0.562975 5.06678 80 2 25 10 30170 0 
24.5967 16.5351 1.78614 0.562975 5.06678 80 2 25 10 30171 0 
24.6154 16.5357 1.78663 0.562975 5.06678 80 2 25 10 30172 0 
24.6342 16.5363 1.78713 0.562975 5.06678 80 2 25 10 30173 0 
24.6529 16.5369 1.78762 0.562975 5.06678 80 2 25 10 30174 0 
24.6717 16.5375 1.78811 0.562975 5.06678 80 2 25 10 30175 0 
24.6905 16.5381 1.78861 0.562975 5.06678 80 2 25 10 30176 0 
24.7092 16.5387 1.7891 0.562975 5.06678 80 2 25 10 30177 0 
24.728 16.5392 1.7896 0.562975 5.06678 80 2 25 10 30178 0 
24.7467 16.5398 1.7901 0.562975 5.06678 80 2 25 10 30179 0 
24.7655 16.5404 1.79059 0.562975 5.06678 80 2 25 10 30180 0 
24.7842 16.541 1.79109 0.562975 5.06678 80 2 25 10 30181 0 
24.803 16.5416 1.79159 0.562975 5.06678 80 2 25 10 30182 0 
24.8218 16.5422 1.79208 0.562975 5.06678 80 2 25 10 30183 0 
24.8405 16.5428 1.79258 0.562975 5.06678 80 2 25 10 30184 0 
24.8593 16.5434 1.79308 0.562975 5.06678 80 2 25 10 30185 0 
24.878 16.5439 1.79358 0.562975 5.06678 80 2 25 10 30186 0 
24.8968 16.5445 1.79407 0.562975 5.06678 80 2 25 10 30187 0 
24.9155 16.5451 1.79457 0.562975 5.06678 80 2 25 10 30188 0 
24.9343 16.5457 1.79507 0.562975 5.06678 80 2 25 10 30189 0 
24.9531 16.5463 1.79557 0.562975 5.06678 80 2 25 10 30190 0 
24.9718 16.5469 1.79607 0.562975 5.06678 80 2 25 10 30191 0 
24.9906 16.5475 1.79657 0.562975 5.06678 80 2 25 10 30192 0 
25.0093 16.5481 1.79707 0.562975 5.06678 80 2 25 10 30193 0 
25.0281 16.5486 1.79757 0.562975 5.06678 80 2 25 10 30194 0 
25.0468 16.5492 1.79807 0.562975 5.06678 80 2 25 10 30195 0 
25.0656 16.5498 1.79857 0.562975 5.06678 80 2 25 10 30196 0 
25.0844 16.5504 1.79907 0.562975 5.06678 80 2 25 10 30197 0 
25.1031 16.551 1.79958 0.562975 5.06678 80 2 25 10 30198 0 
25.1219 16.5516 1.80008 0.562975 5.06678 80 2 25 10 30199 0 
25.1406 16.5522 1.80058 0.562975 5.06678 80 2 25 10 30200 0 
25.1594 16.5528 1.80108 0.562975 5.06678 80 2 25 10 30201 0 
25.1781 16.5534 1.80159 0.562975 5.06678 80 2 25 10 30202 0 
25.1969 16.5539 1.80209 0.562975 5.06678 80 2 25 10 30203 0 
25.2157 16.5545 1.80259 0.562975 5.06678 80 2 25 10 30204 0 
25.2344 16.5551 1.8031 0.562975 5.06678 80 2 25 10 30205 0 
25.2532 16.5557 1.8036 0.562975 5.06678 80 2 25 10 30206 0 
25.2719 16.5563 1.80411 0.562975 5.06678 80 2 25 10 30207 0 
25.2907 16.5569 1.80461 0.562975 5.06678 80 2 25 10 30208 0 
25.3094 16.5575 1.80512 0.562975 5.06678 80 2 25 10 30209 0 
25.3282 16.5581 1.80562 0.562975 5.06678 80 2 25 10 30210 0 
25.347 16.5587 1.80613 0.562975 5.06678 80 2 25 10 30211 0 
25.3657 16.5593 1.80663 0.562975 5.06678 80 2 25 10 30212 0 
25.3845 16.5599 1.80714 0.562975 5.06678 80 2 25 10 30213 0 
25.4032 16.5604 1.80765 0.562975 5.06678 80 2 25 10 30214 0 
25.422 16.561 1.80815 0.562975 5.06678 80 2 25 10 30215 0 
25.4407 16.5616 1.80866 0.562975 5.06678 80 2 25 10 30216 0 
25.4595 16.5622 1.80917 0.562975 5.06678 80 2 25 10 30217 0 
25.4782 16.5628 1.80968 0.562975 5.06678 80 2 25 10 30218 0 
25.497 16.5634 1.81019 0.562975 5.06678 80 2 25 10 30219 0 
25.5158 16.564 1.8107 0.562975 5.06678 80 2 25 10 30220 0 
25.5345 16.5646 1.8112 0.562975 5.06678 80 2 25 10 30221 0 
25.5533 16.5652 1.81171 0.562975 5.06678 80 2 25 10 30222 0 
25.572 16.5658 1.81222 0.562975 5.06678 80 2 25 10 30223 0 
25.5908 16.5664 1.81273 0.562975 5.06678 80 2 25 10 30224 0 
25.6095 16.567 1.81324 0.562975 5.06678 80 2 25 10 30225 0 
25.6283 16.5676 1.81375 0.562975 5.06678 80 2 25 10 30226 0 
25.6471 16.5682 1.81427 0.562975 5.06678 80 2 25 10 30227 0 
25.6658 16.5687 1.81478 0.562975 5.06678 80 2 25 10 30228 0 
25.6846 16.5693 1.81529 0.562975 5.06678 80 2 25 10 30229 0 
25.7033 16.5699 1.8158 0.562975 5.06678 80 2 25 10 30230 0 
25.7221 16.5705 1.81631 0.562975 5.06678 80 2 25 10 30231 0 
25.7408 16.5711 1.81683 0.562975 5.06678 80 2 25 10 30232 0 
25.7596 16.5717 1.81734 0.562975 5.06678 80 2 25 10 30233 0 
25.7784 16.5723 1.81785 0.562975 5.06678 80 2 25 10 30234 0 
25.7971 16.5729 1.81837 0.562975 5.06678 80 2 25 10 30235 0 
25.8159 16.5735 1.81888 0.562975 5.06678 80 2 25 10 30236 0 
25.8346 16.5741 1.81939 0.562975 5.06678 80 2 25 10 30237 0 
25.8534 16.5747 1.81991 0.562975 5.06678 80 2 25 10 30238 0 
25.8721 16.5753 1.82042 0.562975 5.06678 80 2 25 10 30239 0 
25.8909 16.5759 1.82094 0.562975 5.06678 80 2 25 10 30240 0 
25.9097 16.5765 1.82145 0.562975 5.06678 80 2 25 10 30241 0 
25.9284 16.5771 1.82197 0.562975 5.06678 80 2 25 10 30242 0 
25.9472 16.5777 1.82249 0.562975 5.06678 80 2 25 10 30243 0 
25.9659 16.5783 1.823 0.562975 5.06678 80 2 25 10 30244 0 
25.9847 16.5789 1.82352 0.562975 5.06678 80 2 25 10 30245 0 
26.0034 16.5795 1.82404 0.562975 5.06678 80 2 25 10 30246 0 
26.0222 16.5801 1.82456 0.562975 5.06678 80 2 25 10 30247 0 
26.041 16.5807 1.82507 0.562975 5.06678 80 2 25 10 30248 0 
26.0597 16.5813 1.82559 0.562975 5.06678 80 2 25 10 30249 0 
26.0785 16.5819 1.82611 0.562975 5.06678 80 2 25 10 30250 0 
26.0972 16.5825 1.82663 0.562975 5.06678 80 2 25 10 30251 0 
26.116 16.5831 1.82715 0.562975 5.06678 80 2 25 10 30252 0 
26.1347 16.5837 1.82767 0.562975 5.06678 80 2 25 10 30253 0 
26.1535 16.5843 1.82819 0.562975 5.06678 80 2 25 10 30254 0 
26.1723 16.5849 1.82871 0.562975 5.06678 80 2 25 10 30255 0 
26.191 16.5855 1.82923 0.562975 5.06678 80 2 25 10 30256 0 
26.2098 16.5861 1.82975 0.562975 5.06678 80 2 25 10 30257 0 
26.2285 16.5867 1.83027 0.562975 5.06678 80 2 25 10 30258 0 
26.2473 16.5872 1.83079 0.562975 5.06678 80 2 25 10 30259 0 
26.266 16.5878 1.83131 0.562975 5.06678 80 2 25 10 30260 0 
26.2848 16.5884 1.83184 0.562975 5.06678 80 2 25 10 30261 0 
26.3036 16.589 1.83236 0.562975 5.06678 80 2 25 10 30262 0 
26.3223 16.5896 1.83288 0.562975 5.06678 80 2 25 10 30263 0 
26.3411 16.5903 1.8334 0.562975 5.06678 80 2 25 10 30264 0 
26.3598 16.5909 1.83393 0.562975 5.06678 80 2 25 10 30265 0 
26.3786 16.5915 1.83445 0.562975 5.06678 80 2 25 10 30266 0 
26.3973 16.5921 1.83498 0.562975 5.06678 80 2 25 10 30267 0 
26.4161 16.5927 1.8355 0.562975 5.06678 80 2 25 10 30268 0 
26.4348 16.5933 1.83603 0.562975 5.06678 80 2 25 10 30269 0 
26.4536 16.5939 1.83655 0.562975 5.06678 80 2 25 10 30270 0 
26.4724 16.5945 1.83708 0.562975 5.06678 80 2 25 10 30271 0 
26.4911 16.5951 1.8376 0.562975 5.06678 80 2 25 10 30272 0 
26.5099 16.5957 1.83813 0.562975 5.06678 80 2 25 10 30273 0 
26.5286 16.5963 1.83866 0.562975 5.06678 80 2 25 10 30274 0 
26.5474 16.5969 1.83918 0.562975 5.06678 80 2 25 10 30275 0 
26.5661 16.5975 1.83971 0.562975 5.06678 80 2 25 10 30276 0 
26.5849 16.5981 1.84024 0.562975 5.06678 80 2 25 10 30277 0 
26.6037 16.5987 1.84077 0.562975 5.06678 80 2 25 10 30278 0 
26.6224 16.5993 1.84129 0.562975 5.06678 80 2 25 10 30279 0 
26.6412 16.5999 1.84182 0.562975 5.06678 80 2 25 10 30280 0 
26.6599 16.6005 1.84235 0.562975 5.06678 80 2 25 10 30281 0 
26.6787 16.6011 1.84288 0.562975 5.06678 80 2 25 10 30282 0 
26.6974 16.6017 1.84341 0.562975 5.06678 80 2 25 10 30283 0 
26.7162 16.6023 1.84394 0.562975 5.06678 80 2 25 10 30284 0 
26.735 16.6029 1.84447 0.562975 5.06678 80 2 25 10 30285 0 
26.7537 16.6035 1.845 0.562975 5.06678 80 2 25 10 30286 0 
26.7725 16.6041 1.84553 0.562975 5.06678 80 2 25 10 30287 0 
26.7912 16.6047 1.84606 0.562975 5.06678 80 2 25 10 30288 0 
26.81 16.6053 1.8466 0.562975 5.06678 80 2 25 10 30289 0 
26.8287 16.6059 1.84713 0.562975 5.06678 80 2 25 10 30290 0 
26.8475 16.6065 1.84766 0.562975 5.06678 80 2 25 10 30291 0 
26.8663 16.6071 1.84819 0.562975 5.06678 80 2 25 10 30292 0 
26.885 16.6077 1.84873 0.562975 5.06678 80 2 25 10 30293 0 
26.9038 16.6083 1.84926 0.562975 5.06678 80 2 25 10 30294 0 
26.9225 16.6089 1.84979 0.562975 5.06678 80 2 25 10 30295 0 
26.9413 16.6095 1.85033 0.562975 5.06678 80 2 25 10 30296 0 
26.96 16.6102 1.85086 0.562975 5.06678 80 2 25 10 30297 0 
26.9788 16.6108 1.8514 0.562975 5.06678 80 2 25 10 30298 0 
26.9976 16.6114 1.85193 0.562975 5.06678 80 2 25 10 30299 0 
27.0163 16.612 1.85247 0.562975 5.06678 80 2 25 10 30300 0 
27.0351 16.6126 1.853 0.562975 5.06678 80 2 25 10 30301 0 
27.0538 16.6132 1.85354 0.562975 5.06678 80 2 25 10 30302 0 
27.0726 16.6138 1.85408 0.562975 5.06678 80 2 25 10 30303 0 
27.0913 16.6144 1.85461 0.562975 5.06678 80 2 25 10 30304 0 
27.1101 16.615 1.85515 0.562975 5.06678 80 2 25 10 30305 0 
27.1289 16.6156 1.85569 0.562975 5.06678 80 2 25 10 30306 0 
27.1476 16.6162 1.85623 0.562975 5.06678 80 2 25 10 30307 0 
27.1664 16.6168 1.85677 0.562975 5.06678 80 2 25 10 30308 0 
27.1851 16.6174 1.8573 0.562975 5.06678 80 2 25 10 30309 0 
27.2039 16.618 1.85784 0.562975 5.06678 80 2 25 10 30310 0 
27.2226 16.6187 1.85838 0.562975 5.06678 80 2 25 10 30311 0 
27.2414 16.6193 1.85892 0.562975 5.06678 80 2 25 10 30312 0 
27.2602 16.6199 1.85946 0.562975 5.06678 80 2 25 10 30313 0 
27.2789 16.6205 1.86 0.562975 5.06678 80 2 25 10 30314 0 
27.2977 16.6211 1.86054 0.562975 5.06678 80 2 25 10 30315 0 
27.3164 16.6217 1.86109 0.562975 5.06678 80 2 25 10 30316 0 
27.3352 16.6223 1.86163 0.562975 5.06678 80 2 25 10 30317 0 
27.3539 16.6229 1.86217 0.562975 5.06678 80 2 25 10 30318 0 
27.3727 16.6235 1.86271 0.562975 5.06678 80 2 25 10 30319 0 
27.3914 16.6241 1.86325 0.562975 5.06678 80 2 25 10 30320 0 
27.4102 16.6247 1.8638 0.562975 5.06678 80 2 25 10 30321 0 
27.429 16.6254 1.86434 0.562975 5.06678 80 2 25 10 30322 0 
27.4477 16.626 1.86488 0.562975 5.06678 80 2 25 10 30323 0 
27.4665 16.6266 1.86543 0.562975 5.06678 80 2 25 10 30324 0 
27.4852 16.6272 1.86597 0.562975 5.06678 80 2 25 10 30325 0 
27.504 16.6278 1.86652 0.562975 5.06678 80 2 25 10 30326 0 
27.5227 16.6284 1.86706 0.562975 5.06678 80 2 25 10 30327 0 
27.5415 16.629 1.86761 0.562975 5.06678 80 2 25 10 30328 0 
27.5602 16.6296 1.86815 0.562975 5.06678 80 2 25 10 30329 0 
27.579 16.6302 1.8687 0.562975 5.06678 80 2 25 10 30330 0 
27.5978 16.6309 1.86925 0.562975 5.06678 80 2 25 10 30331 0 
27.6165 16.6315 1.86979 0.562975 5.06678 80 2 25 10 30332 0 
27.6353 16.6321 1.87034 0.562975 5.06678 80 2 25 10 30333 0 
27.654 16.6327 1.87089 0.562975 5.06678 80 2 25 10 30334 0 
27.6728 16.6333 1.87144 0.562975 5.06678 80 2 25 10 30335 0 
27.6915 16.6339 1.87198 0.562975 5.06678 80 2 25 10 30336 0 
27.7103 16.6345 1.87253 0.562975 5.06678 80 2 25 10 30337 0 
27.729 16.6351 1.87308 0.562975 5.06678 80 2 25 10 30338 0 
27.7478 16.6358 1.87363 0.562975 5.06678 80 2 25 10 30339 0 
27.7666 16.6364 1.87418 0.562975 5.06678 80 2 25 10 30340 0 
27.7853 16.637 1.87473 0.562975 5.06678 80 2 25 10 30341 0 
27.8041 16.6376 1.87528 0.562975 5.06678 80 2 25 10 30342 0 
27.8228 16.6382 1.87583 0.562975 5.06678 80 2 25 10 30343 0 
27.8416 16.6388 1.87638 0.562975 5.06678 80 2 25 10 30344 0 
27.8603 16.6394 1.87694 0.562975 5.06678 80 2 25 10 30345 0 
27.8791 16.6401 1.87749 0.562975 5.06678 80 2 25 10 30346 0 
27.8978 16.6407 1.87804 0.562975 5.06678 80 2 25 10 30347 0 
27.9166 16.6413 1.87859 0.562975 5.06678 80 2 25 10 30348 0 
27.9353 16.6419 1.87915 0.562975 5.06678 80 2 25 10 30349 0 
27.9541 16.6425 1.8797 0.562975 5.06678 80 2 25 10 30350 0 
27.9729 16.6431 1.88025 0.562975 5.06678 80 2 25 10 30351 0 
27.9916 16.6438 1.88081 0.562975 5.06678 80 2 25 10 30352 0 
28.0104 16.6444 1.88136 0.562975 5.06678 80 2 25 10 30353 0 
28.0291 16.645 1.88192 0.562975 5.06678 80 2 25 10 30354 0 
28.0479 16.6456 1.88247 0.562975 5.06678 80 2 25 10 30355 0 
28.0666 16.6462 1.88303 0.562975 5.06678 80 2 25 10 30356 0 
28.0854 16.6468 1.88358 0.562975 5.06678 80 2 25 10 30357 0 
28.1041 16.6474 1.88414 0.562975 5.06678 80 2 25 10 30358 0 
28.1229 16.6481 1.8847 0.562975 5.06678 80 2 25 10 30359 0 
28.1416 16.6487 1.88525 0.562975 5.06678 80 2 25 10 30360 0 
28.1604 16.6493 1.88581 0.562975 5.06678 80 2 25 10 30361 0 
28.1792 16.6499 1.88637 0.562975 5.06678 80 2 25 10 30362 0 
28.1979 16.6505 1.88693 0.562975 5.06678 80 2 25 10 30363 0 
28.2167 16.6512 1.88749 0.562975 5.06678 80 2 25 10 30364 0 
28.2354 16.6518 1.88804 0.562975 5.06678 80 2 25 10 30365 0 
28.2542 16.6524 1.8886 0.562975 5.06678 80 2 25 10 30366 0 
28.2729 16.653 1.88916 0.562975 5.06678 80 2 25 10 30367 0 
28.2917 16.6536 1.88972 0.562975 5.06678 80 2 25 10 30368 0 
28.3104 16.6542 1.89028 0.562975 5.06678 80 2 25 10 30369 0 
28.3292 16.6549 1.89084 0.562975 5.06678 80 2 25 10 30370 0 
28.348 16.6555 1.89141 0.562975 5.06678 80 2 25 10 30371 0 
28.3667 16.6561 1.89197 0.562975 5.06678 80 2 25 10 30372 0 
28.3855 16.6567 1.89253 0.562975 5.06678 80 2 25 10 30373 0 
28.4042 16.6573 1.89309 0.562975 5.06678 80 2 25 10 30374 0 
28.423 16.658 1.89365 0.562975 5.06678 80 2 25 10 30375 0 
28.4417 16.6586 1.89422 0.562975 5.06678 80 2 25 10 30376 0 
28.4605 16.6592 1.89478 0.562975 5.06678 80 2 25 10 30377 0 
28.4792 16.6598 1.89534 0.562975 5.06678 80 2 25 10 30378 0 
28.498 16.6604 1.89591 0.562975 5.06678 80 2 25 10 30379 0 
28.5167 16.6611 1.89647 0.562975 5.06678 80 2 25 10 30380 0 
28.5355 16.6617 1.89704 0.562975 5.06678 80 2 25 10 30381 0 
28.5543 16.6623 1.8976 0.562975 5.06678 80 2 25 10 30382 0 
28.573 16.6629 1.89817 0.562975 5.06678 80 2 25 10 30383 0 
28.5918 16.6636 1.89874 0.562975 5.06678 80 2 25 10 30384 0 
28.6105 16.6642 1.8993 0.562975 5.06678 80 2 25 10 30385 0 
28.6293 16.6648 1.89987 0.562975 5.06678 80 2 25 10 30386 0 
28.648 16.6654 1.90044 0.562975 5.06678 80 2 25 10 30387 0 
28.6668 16.666 1.901 0.562975 5.06678 80 2 25 10 30388 0 
28.6855 16.6667 1.90157 0.562975 5.06678 80 2 25 10 30389 0 
28.7043 16.6673 1.90214 0.562975 5.06678 80 2 25 10 30390 0 
28.7231 16.6679 1.90271 0.562975 5.06678 80 2 25 10 30391 0 
28.7418 16.6685 1.90328 0.562975 5.06678 80 2 25 10 30392 0 
28.7606 16.6692 1.90385 0.562975 5.06678 80 2 25 10 30393 0 
28.7793 16.6698 1.90442 0.562975 5.06678 80 2 25 10 30394 0 
28.7981 16.6704 1.90499 0.562975 5.06678 80 2 25 10 30395 0 
28.8168 16.671 1.90556 0.562975 5.06678 80 2 25 10 30396 0 
28.8356 16.6716 1.90613 0.562975 5.06678 80 2 25 10 30397 0 
28.8543 16.6723 1.9067 0.562975 5.06678 80 2 25 10 30398 0 
28.8731 16.6729 1.90727 0.562975 5.06678 80 2 25 10 30399 0 
28.8918 16.6735 1.90784 0.562975 5.06678 80 2 25 10 30400 0 
28.9106 16.6741 1.90842 0.562975 5.06678 80 2 25 10 30401 0 
28.9294 16.6748 1.90899 0.562975 5.06678 80 2 25 10 30402 0 
28.9481 16.6754 1.90956 0.562975 5.06678 80 2 25 10 30403 0 
28.9669 16.676 1.91014 0.562975 5.06678 80 2 25 10 30404 0 
28.9856 16.6766 1.91071 0.562975 5.06678 80 2 25 10 30405 0 
29.0044 16.6773 1.91129 0.562975 5.06678 80 2 25 10 30406 0 
29.0231 16.6779 1.91186 0.562975 5.06678 80 2 25 10 30407 0 
29.0419 16.6785 1.91244 0.562975 5.06678 80 2 25 10 30408 0 
29.0606 16.6791 1.91301 0.562975 5.06678 80 2 25 10 30409 0 
29.0794 16.6798 1.91359 0.562975 5.06678 80 2 25 10 30410 0 
29.0982 16.6804 1.91416 0.562975 5.06678 80 2 25 10 30411 0 
29.1169 16.681 1.91474 0.562975 5.06678 80 2 25 10 30412 0 
29.1357 16.6817 1.91532 0.562975 5.06678 80 2 25 10 30413 0 
29.1544 16.6823 1.9159 0.562975 5.06678 80 2 25 10 30414 0 
29.1732 16.6829 1.91647 0.562975 5.06678 80 2 25 10 30415 0 
29.1919 16.6835 1.91705 0.562975 5.06678 80 2 25 10 30416 0 
29.2107 16.6842 1.91763 0.562975 5.06678 80 2 25 10 30417 0 
29.2294 16.6848 1.91821 0.562975 5.06678 80 2 25 10 30418 0 
29.2482 16.6854 1.91879 0.562975 5.06678 80 2 25 10 30419 0 
29.2669 16.6861 1.91937 0.562975 5.06678 80 2 25 10 30420 0 
29.2857 16.6867 1.91995 0.562975 5.06678 80 2 25 10 30421 0 
29.3045 16.6873 1.92053 0.562975 5.06678 80 2 25 10 30422 0 
29.3232 16.6879 1.92111 0.562975 5.06678 80 2 25 10 30423 0 
29.342 16.6886 1.92169 0.562975 5.06678 80 2 25 10 30424 0 
29.3607 16.6892 1.92228 0.562975 5.06678 80 2 25 10 30425 0 
29.3795 16.6898 1.92286 0.562975 5.06678 80 2 25 10 30426 0 
29.3982 16.6905 1.92344 0.562975 5.06678 80 2 25 10 30427 0 
29.417 16.6911 1.92402 0.562975 5.06678 80 2 25 10 30428 0 
29.4357 16.6917 1.92461 0.562975 5.06678 80 2 25 10 30429 0 
29.4545 16.6923 1.92519 0.562975 5.06678 80 2 25 10 30430 0 
29.4733 16.693 1.92578 0.562975 5.06678 80 2 25 10 30431 0 
29.492 16.6936 1.92636 0.562975 5.06678 80 2 25 10 30432 0 
29.5108 16.6942 1.92695 0.562975 5.06678 80 2 25 10 30433 0 
29.5295 16.6949 1.92753 0.562975 5.06678 80 2 25 10 30434 0 
29.5483 16.6955 1.92812 0.562975 5.06678 80 2 25 10 30435 0 
29.567 16.6961 1.9287 0.562975 5.06678 80 2 25 10 30436 0 
29.5858 16.6968 1.92929 0.562975 5.06678 80 2 25 10 30437 0 
29.6045 16.6974 1.92988 0.562975 5.06678 80 2 25 10 30438 0 
29.6233 16.698 1.93047 0.562975 5.06678 80 2 25 10 30439 0 
29.642 16.6987 1.93105 0.562975 5.06678 80 2 25 10 30440 0 
29.6608 16.6993 1.93164 0.562975 5.06678 80 2 25 10 30441 0 
29.6796 16.6999 1.93223 0.562975 5.06678 80 2 25 10 30442 0 
29.6983 16.7006 1.93282 0.562975 5.06678 80 2 25 10 30443 0 
29.7171 16.7012 1.93341 0.562975 5.06678 80 2 25 10 30444 0 
29.7358 16.7018 1.934 0.562975 5.06678 80 2 25 10 30445 0 
29.7546 16.7025 1.93459 0.562975 5.06678 80 2 25 10 30446 0 
29.7733 16.7031 1.93518 0.562975 5.06678 80 2 25 10 30447 0 
29.7921 16.7037 1.93577 0.562975 5.06678 80 2 25 10 30448 0 
29.8108 16.7044 1.93636 0.562975 5.06678 80 2 25 10 30449 0 
29.8296 16.705 1.93696 0.562975 5.06678 80 2 25 10 30450 0 
29.8484 16.7056 1.93755 0.562975 5.06678 80 2 25 10 30451 0 
29.8671 16.7063 1.93814 0.562975 5.06678 80 2 25 10 30452 0 
29.8859 16.7069 1.93873 0.562975 5.06678 80 2 25 10 30453 0 
29.9046 16.7075 1.93933 0.562975 5.06678 80 2 25 10 30454 0 
29.9234 16.7082 1.93992 0.562975 5.06678 80 2 25 10 30455 0 
29.9421 16.7088 1.94052 0.562975 5.06678 80 2 25 10 30456 0 
29.9609 16.7094 1.94111 0.562975 5.06678 80 2 25 10 30457 0 
29.9796 16.7101 1.94171 0.562975 5.06678 80 2 25 10 30458 0 
29.9984 16.7107 1.9423 0.562975 5.06678 80 2 25 10 30459 0 
30.0171 16.7113 1.9429 0.562975 5.06678 80 2 25 10 30460 0 
30.0359 16.712 1.9435 0.562975 5.06678 80 2 25 10 30461 0 
30.0547 16.7126 1.94409 0.562975 5.06678 80 2 25 10 30462 0 
30.0734 16.7133 1.94469 0.562975 5.06678 80 2 25 10 30463 0 
30.0922 16.7139 1.94529 0.562975 5.06678 80 2 25 10 30464 0 
30.1109 16.7145 1.94589 0.562975 5.06678 80 2 25 10 30465 0 
30.1297 16.7152 1.94648 0.562975 5.06678 80 2 25 10 30466 0 
30.1484 16.7158 1.94708 0.562975 5.06678 80 2 25 10 30467 0 
30.1672 16.7164 1.94768 0.562975 5.06678 80 2 25 10 30468 0 
30.1859 16.7171 1.94828 0.562975 5.06678 80 2 25 10 30469 0 
30.2047 16.7177 1.94888 0.562975 5.06678 80 2 25 10 30470 0 
30.2234 16.7184 1.94948 0.562975 5.06678 80 2 25 10 30471 0 
30.2422 16.719 1.95008 0.562975 5.06678 80 2 25 10 30472 0 
30.261 16.7196 1.95069 0.562975 5.06678 80 2 25 10 30473 0 
30.2797 16.7203 1.95129 0.562975 5.06678 80 2 25 10 30474 0 
30.2985 16.7209 1.95189 0.562975 5.06678 80 2 25 10 30475 0 
30.3172 16.7215 1.95249 0.562975 5.06678 80 2 25 10 30476 0 
30.336 16.7222 1.9531 0.562975 5.06678 80 2 25 10 30477 0 
30.3547 16.7228 1.9537 0.562975 5.06678 80 2 25 10 30478 0 
30.3735 16.7235 1.9543 0.562975 5.06678 80 2 25 10 30479 0 
30.3922 16.7241 1.95491 0.562975 5.06678 80 2 25 10 30480 0 
30.411 16.7247 1.95551 0.562975 5.06678 80 2 25 10 30481 0 
30.4298 16.7254 1.95612 0.562975 5.06678 80 2 25 10 30482 0 
30.4485 16.726 1.95672 0.562975 5.06678 80 2 25 10 30483 0 
30.4673 16.7267 1.95733 0.562975 5.06678 80 2 25 10 30484 0 
30.486 16.7273 1.95794 0.562975 5.06678 80 2 25 10 30485 0 
30.5048 16.7279 1.95854 0.562975 5.06678 80 2 25 10 30486 0 
30.5235 16.7286 1.95915 0.562975 5.06678 80 2 25 10 30487 0 
30.5423 16.7292 1.95976 0.562975 5.06678 80 2 25 10 30488 0 
30.561 16.7299 1.96037 0.562975 5.06678 80 2 25 10 30489 0 
30.5798 16.7305 1.96098 0.562975 5.06678 80 2 25 10 30490 0 
30.5985 16.7312 1.96159 0.562975 5.06678 80 2 25 10 30491 0 
30.6173 16.7318 1.96219 0.562975 5.06678 80 2 25 10 30492 0 
30.6361 16.7324 1.9628 0.562975 5.06678 80 2 25 10 30493 0 
30.6548 16.7331 1.96341 0.562975 5.06678 80 2 25 10 30494 0 
30.6736 16.7337 1.96403 0.562975 5.06678 80 2 25 10 30495 0 
30.6923 16.7344 1.96464 0.562975 5.06678 80 2 25 10 30496 0 
30.7111 16.735 1.96525 0.562975 5.06678 80 2 25 10 30497 0 
30.7298 16.7357 1.96586 0.562975 5.06678 80 2 25 10 30498 0 
30.7486 16.7363 1.96647 0.562975 5.06678 80 2 25 10 30499 0 
30.7673 16.7369 1.96709 0.562975 5.06678 80 2 25 10 30500 0 
30.7861 16.7376 1.9677 0.562975 5.06678 80 2 25 10 30501 0 
30.8049 16.7382 1.96831 0.562975 5.06678 80 2 25 10 30502 0 
30.8236 16.7389 1.96893 0.562975 5.06678 80 2 25 10 30503 0 
30.8424 16.7395 1.96954 0.562975 5.06678 80 2 25 10 30504 0 
30.8611 16.7402 1.97016 0.562975 5.06678 80 2 25 10 30505 0 
30.8799 16.7408 1.97077 0.562975 5.06678 80 2 25 10 30506 0 
30.8986 16.7415 1.97139 0.562975 5.06678 80 2 25 10 30507 0 
30.9174 16.7421 1.97201 0.562975 5.06678 80 2 25 10 30508 0 
30.9361 16.7428 1.97262 0.562975 5.06678 80 2 25 10 30509 0 
30.9549 16.7434 1.97324 0.562975 5.06678 80 2 25 10 30510 0 
30.9736 16.744 1.97386 0.562975 5.06678 80 2 25 10 30511 0 
30.9924 16.7447 1.97448 0.562975 5.06678 80 2 25 10 30512 0 
31.0112 16.7453 1.97509 0.562975 5.06678 80 2 25 10 30513 0 
31.0299 16.746 1.97571 0.562975 5.06678 80 2 25 10 30514 0 
31.0487 16.7466 1.97633 0.562975 5.06678 80 2 25 10 30515 0 
31.0674 16.7473 1.97695 0.562975 5.06678 80 2 25 10 30516 0 
31.0862 16.7479 1.97757 0.562975 5.06678 80 2 25 10 30517 0 
31.1049 16.7486 1.97819 0.562975 5.06678 80 2 25 10 30518 0 
31.1237 16.7492 1.97881 0.562975 5.06678 80 2 25 10 30519 0 
31.1424 16.7499 1.97944 0.562975 5.06678 80 2 25 10 30520 0 
31.1612 16.7505 1.98006 0.562975 5.06678 80 2 25 10 30521 0 
31.18 16.7512 1.98068 0.562975 5.06678 80 2 25 10 30522 0 
31.1987 16.7518 1.9813 0.562975 5.06678 80 2 25 10 30523 0 
31.2175 16.7525 1.98193 0.562975 5.06678 80 2 25 10 30524 0 
31.2362 16.7531 1.98255 0.562975 5.06678 80 2 25 10 30525 0 
31.255 16.7538 1.98318 0.562975 5.06678 80 2 25 10 30526 0 
31.2737 16.7544 1.9838 0.562975 5.06678 80 2 25 10 30527 0 
31.2925 16.7551 1.98443 0.562975 5.06678 80 2 25 10 30528 0 
31.3112 16.7557 1.98505 0.562975 5.06678 80 2 25 10 30529 0 
31.33 16.7564 1.98568 0.562975 5.06678 80 2 25 10 30530 0 
31.3487 16.757 1.9863 0.562975 5.06678 80 2 25 10 30531 0 
31.3675 16.7577 1.98693 0.562975 5.06678 80 2 25 10 30532 0 
31.3863 16.7583 1.98756 0.562975 5.06678 80 2 25 10 30533 0 
31.405 16.759 1.98819 0.562975 5.06678 80 2 25 10 30534 0 
31.4238 16.7596 1.98881 0.562975 5.06678 80 2 25 10 30535 0 
31.4425 16.7603 1.98944 0.562975 5.06678 80 2 25 10 30536 0 
31.4613 16.7609 1.99007 0.562975 5.06678 80 2 25 10 30537 0 
31.48 16.7616 1.9907 0.562975 5.06678 80 2 25 10 30538 0 
31.4988 16.7622 1.99133 0.562975 5.06678 80 2 25 10 30539 0 
31.5175 16.7629 1.99196 0.562975 5.06678 80 2 25 10 30540 0 
31.5363 16.7635 1.99259 0.562975 5.06678 80 2 25 10 30541 0 
31.5551 16.7642 1.99322 0.562975 5.06678 80 2 25 10 30542 0 
31.5738 16.7648 1.99386 0.562975 5.06678 80 2 25 10 30543 0 
31.5926 16.7655 1.99449 0.562975 5.06678 80 2 25 10 30544 0 
31.6113 16.7661 1.99512 0.562975 5.06678 80 2 25 10 30545 0 
31.6301 16.7668 1.99575 0.562975 5.06678 80 2 25 10 30546 0 
31.6488 16.7674 1.99639 0.562975 5.06678 80 2 25 10 30547 0 
31.6676 16.7681 1.99702 0.562975 5.06678 80 2 25 10 30548 0 
31.6863 16.7687 1.99766 0.562975 5.06678 80 2 25 10 30549 0 
31.7051 16.7694 1.99829 0.562975 5.06678 80 2 25 10 30550 0 
31.7238 16.7701 1.99893 0.562975 5.06678 80 2 25 10 30551 0 
31.7426 16.7707 1.99956 0.562975 5.06678 80 2 25 10 30552 0 
31.7614 16.7714 2.0002 0.562975 5.06678 80 2 25 10 30553 0 
31.7801 16.772 2.00084 0.562975 5.06678 80 2 25 10 30554 0 
31.7989 16.7727 2.00147 0.562975 5.06678 80 2 25 10 30555 0 
31.8176 16.7733 2.00211 0.562975 5.06678 80 2 25 10 30556 0 
31.8364 16.774 2.00275 0.562975 5.06678 80 2 25 10 30557 0 
31.8551 16.7746 2.00339 0.562975 5.06678 80 2 25 10 30558 0 
31.8739 16.7753 2.00403 0.562975 5.06678 80 2 25 10 30559 0 
31.8926 16.776 2.00467 0.562975 5.06678 80 2 25 10 30560 0 
31.9114 16.7766 2.00531 0.562975 5.06678 80 2 25 10 30561 0 
31.9302 16.7773 2.00595 0.562975 5.06678 80 2 25 10 30562 0 
31.9489 16.7779 2.00659 0.562975 5.06678 80 2 25 10 30563 0 
31.9677 16.7786 2.00723 0.562975 5.06678 80 2 25 10 30564 0 
31.9864 16.7792 2.00787 0.562975 5.06678 80 2 25 10 30565 0 
32.0052 16.7799 2.00851 0.562975 5.06678 80 2 25 10 30566 0 
32.0239 16.7806 2.00916 0.562975 5.06678 80 2 25 10 30567 0 
32.0427 16.7812 2.0098 0.562975 5.06678 80 2 25 10 30568 0 
32.0614 16.7819 2.01044 0.562975 5.06678 80 2 25 10 30569 0 
32.0802 16.7825 2.01109 0.562975 5.06678 80 2 25 10 30570 0 
32.0989 16.7832 2.01173 0.562975 5.06678 80 2 25 10 30571 0 
32.1177 16.7838 2.01238 0.562975 5.06678 80 2 25 10 30572 0 
32.1364 16.7845 2.01302 0.562975 5.06678 80 2 25 10 30573 0 
32.1552 16.7852 2.01367 0.562975 5.06678 80 2 25 10 30574 0 
32.1739 16.7858 2.01432 0.562975 5.06678 80 2 25 10 30575 0 
32.1927 16.7865 2.01496 0.562975 5.06678 80 2 25 10 30576 0 
32.2115 16.7871 2.01561 0.562975 5.06678 80 2 25 10 30577 0 
32.2302 16.7878 2.01626 0.562975 5.06678 80 2 25 10 30578 0 
32.249 16.7885 2.01691 0.562975 5.06678 80 2 25 10 30579 0 
32.2677 16.7891 2.01756 0.562975 5.06678 80 2 25 10 30580 0 
32.2865 16.7898 2.01821 0.562975 5.06678 80 2 25 10 30581 0 
32.3052 16.7904 2.01886 0.562975 5.06678 80 2 25 10 30582 0 
32.324 16.7911 2.01951 0.562975 5.06678 80 2 25 10 30583 0 
32.3427 16.7918 2.02016 0.562975 5.06678 80 2 25 10 30584 0 
32.3615 16.7924 2.02081 0.562975 5.06678 80 2 25 10 30585 0 
32.3802 16.7931 2.02146 0.562975 5.06678 80 2 25 10 30586 0 
32.399 16.7938 2.02211 0.562975 5.06678 80 2 25 10 30587 0 
32.4177 16.7944 2.02277 0.562975 5.06678 80 2 25 10 30588 0 
32.4365 16.7951 2.02342 0.562975 5.06678 80 2 25 10 30589 0 
32.4552 16.7957 2.02407 0.562975 5.06678 80 2 25 10 30590 0 
32.474 16.7964 2.02473 0.562975 5.06678 80 2 25 10 30591 0 
32.4927 16.7971 2.02538 0.562975 5.06678 80 2 25 10 30592 0 
32.5115 16.7977 2.02604 0.562975 5.06678 80 2 25 10 30593 0 
32.5303 16.7984 2.02669 0.562975 5.06678 80 2 25 10 30594 0 
32.549 16.7991 2.02735 0.562975 5.06678 80 2 25 10 30595 0 
32.5678 16.7997 2.028 0.562975 5.06678 80 2 25 10 30596 0 
32.5865 16.8004 2.02866 0.562975 5.06678 80 2 25 10 30597 0 
32.6053 16.801 2.02932 0.562975 5.06678 80 2 25 10 30598 0 
32.624 16.8017 2.02997 0.562975 5.06678 80 2 25 10 30599 0 
32.6428 16.8024 2.03063 0.562975 5.06678 80 2 25 10 30600 0 
32.6615 16.803 2.03129 0.562975 5.06678 80 2 25 10 30601 0 
32.6803 16.8037 2.03195 0.562975 5.06678 80 2 25 10 30602 0 
32.699 16.8044 2.03261 0.562975 5.06678 80 2 25 10 30603 0 
32.7178 16.805 2.03327 0.562975 5.06678 80 2 25 10 30604 0 
32.7365 16.8057 2.03393 0.562975 5.06678 80 2 25 10 30605 0 
32.7553 16.8064 2.03459 0.562975 5.06678 80 2 25 10 30606 0 
32.774 16.807 2.03526 0.562975 5.06678 80 2 25 10 30607 0 
32.7928 16.8077 2.03592 0.562975 5.06678 80 2 25 10 30608 0 
32.8116 16.8084 2.03658 0.562975 5.06678 80 2 25 10 30609 0 
32.8303 16.809 2.03724 0.562975 5.06678 80 2 25 10 30610 0 
32.8491 16.8097 2.03791 0.562975 5.06678 80 2 25 10 30611 0 
32.8678 16.8104 2.03857 0.562975 5.06678 80 2 25 10 30612 0 
32.8866 16.811 2.03924 0.562975 5.06678 80 2 25 10 30613 0 
32.9053 16.8117 2.0399 0.562975 5.06678 80 2 25 10 30614 0 
32.9241 16.8124 2.04057 0.562975 5.06678 80 2 25 10 30615 0 
32.9428 16.813 2.04123 0.562975 5.06678 80 2 25 10 30616 0 
32.9616 16.8137 2.0419 0.562975 5.06678 80 2 25 10 30617 0 
32.9803 16.8144 2.04257 0.562975 5.06678 80 2 25 10 30618 0 
32.9991 16.815 2.04324 0.562975 5.06678 80 2 25 10 30619 0 
33.0178 16.8157 2.0439 0.562975 5.06678 80 2 25 10 30620 0 
33.0366 16.8164 2.04457 0.562975 5.06678 80 2 25 10 30621 0 
33.0553 16.8171 2.04524 0.562975 5.06678 80 2 25 10 30622 0 
33.0741 16.8177 2.04591 0.562975 5.06678 80 2 25 10 30623 0 
33.0928 16.8184 2.04658 0.562975 5.06678 80 2 25 10 30624 0 
33.1116 16.8191 2.04725 0.562975 5.06678 80 2 25 10 30625 0 
33.1304 16.8197 2.04792 0.562975 5.06678 80 2 25 10 30626 0 
33.1491 16.8204 2.04859 0.562975 5.06678 80 2 25 10 30627 0 
33.1679 16.8211 2.04927 0.562975 5.06678 80 2 25 10 30628 0 
33.1866 16.8217 2.04994 0.562975 5.06678 80 2 25 10 30629 0 
33.2054 16.8224 2.05061 0.562975 5.06678 80 2 25 10 30630 0 
33.2241 16.8231 2.05129 0.562975 5.06678 80 2 25 10 30631 0 
33.2429 16.8238 2.05196 0.562975 5.06678 80 2 25 10 30632 0 
33.2616 16.8244 2.05263 0.562975 5.06678 80 2 25 10 30633 0 
33.2804 16.8251 2.05331 0.562975 5.06678 80 2 25 10 30634 0 
33.2991 16.8258 2.05398 0.562975 5.06678 80 2 25 10 30635 0 
33.3179 16.8265 2.05466 0.562975 5.06678 80 2 25 10 30636 0 
33.3366 16.8271 2.05534 0.562975 5.06678 80 2 25 10 30637 0 
33.3554 16.8278 2.05601 0.562975 5.06678 80 2 25 10 30638 0 
33.3741 16.8285 2.05669 0.562975 5.06678 80 2 25 10 30639 0 
33.3929 16.8291 2.05737 0.562975 5.06678 80 2 25 10 30640 0 
33.4116 16.8298 2.05805 0.562975 5.06678 80 2 25 10 30641 0 
33.4304 16.8305 2.05873 0.562975 5.06678 80 2 25 10 30642 0 
33.4492 16.8312 2.05941 0.562975 5.06678 80 2 25 10 30643 0 
33.4679 16.8318 2.06009 0.562975 5.06678 80 2 25 10 30644 0 
33.4867 16.8325 2.06077 0.562975 5.06678 80 2 25 10 30645 0 
33.5054 16.8332 2.06145 0.562975 5.06678 80 2 25 10 30646 0 
33.5242 16.8339 2.06213 0.562975 5.06678 80 2 25 10 30647 0 
33.5429 16.8345 2.06281 0.562975 5.06678 80 2 25 10 30648 0 
33.5617 16.8352 2.06349 0.562975 5.06678 80 2 25 10 30649 0 
33.5804 16.8359 2.06418 0.562975 5.06678 80 2 25 10 30650 0 
33.5992 16.8366 2.06486 0.562975 5.06678 80 2 25 10 30651 0 
33.6179 16.8372 2.06554 0.562975 5.06678 80 2 25 10 30652 0 
33.6367 16.8379 2.06623 0.562975 5.06678 80 2 25 10 30653 0 
33.6554 16.8386 2.06691 0.562975 5.06678 80 2 25 10 30654 0 
33.6742 16.8393 2.0676 0.562975 5.06678 80 2 25 10 30655 0 
33.6929 16.84 2.06829 0.562975 5.06678 80 2 25 10 30656 0 
33.7117 16.8406 2.06897 0.562975 5.06678 80 2 25 10 30657 0 
33.7304 16.8413 2.06966 0.562975 5.06678 80 2 25 10 30658 0 
33.7492 16.842 2.07035 0.562975 5.06678 80 2 25 10 30659 0 
33.768 16.8427 2.07104 0.562975 5.06678 80 2 25 10 30660 0 
33.7867 16.8433 2.07172 0.562975 5.06678 80 2 25 10 30661 0 
33.8055 16.844 2.07241 0.562975 5.06678 80 2 25 10 30662 0 
33.8242 16.8447 2.0731 0.562975 5.06678 80 2 25 10 30663 0 
33.843 16.8454 2.07379 0.562975 5.06678 80 2 25 10 30664 0 
33.8617 16.8461 2.07448 0.562975 5.06678 80 2 25 10 30665 0 
33.8805 16.8467 2.07518 0.562975 5.06678 80 2 25 10 30666 0 
33.8992 16.8474 2.07587 0.562975 5.06678 80 2 25 10 30667 0 
33.918 16.8481 2.07656 0.562975 5.06678 80 2 25 10 30668 0 
33.9367 16.8488 2.07725 0.562975 5.06678 80 2 25 10 30669 0 
33.9555 16.8495 2.07795 0.562975 5.06678 80 2 25 10 30670 0 
33.9742 16.8501 2.07864 0.562975 5.06678 80 2 25 10 30671 0 
33.993 16.8508 2.07933 0.562975 5.06678 80 2 25 10 30672 0 
34.0117 16.8515 2.08003 0.562975 5.06678 80 2 25 10 30673 0 
34.0305 16.8522 2.08072 0.562975 5.06678 80 2 25 10 30674 0 
34.0493 16.8529 2.08142 0.562975 5.06678 80 2 25 10 30675 0 
34.068 16.8535 2.08212 0.562975 5.06678 80 2 25 10 30676 0 
34.0868 16.8542 2.08281 0.562975 5.06678 80 2 25 10 30677 0 
34.1055 16.8549 2.08351 0.562975 5.06678 80 2 25 10 30678 0 
34.1243 16.8556 2.08421 0.562975 5.06678 80 2 25 10 30679 0 
34.143 16.8563 2.08491 0.562975 5.06678 80 2 25 10 30680 0 
34.1618 16.857 2.08561 0.562975 5.06678 80 2 25 10 30681 0 
34.1805 16.8576 2.08631 0.562975 5.06678 80 2 25 10 30682 0 
34.1993 16.8583 2.08701 0.562975 5.06678 80 2 25 10 30683 0 
34.218 16.859 2.08771 0.562975 5.06678 80 2 25 10 30684 0 
34.2368 16.8597 2.08841 0.562975 5.06678 80 2 25 10 30685 0 
34.2555 16.8604 2.08911 0.562975 5.06678 80 2 25 10 30686 0 
34.2743 16.8611 2.08981 0.562975 5.06678 80 2 25 10 30687 0 
34.293 16.8617 2.09052 0.562975 5.06678 80 2 25 10 30688 0 
34.3118 16.8624 2.09122 0.562975 5.06678 80 2 25 10 30689 0 
34.3305 16.8631 2.09192 0.562975 5.06678 80 2 25 10 30690 0 
34.3493 16.8638 2.09263 0.562975 5.06678 80 2 25 10 30691 0 
34.3681 16.8645 2.09333 0.562975 5.06678 80 2 25 10 30692 0 
34.3868 16.8652 2.09404 0.562975 5.06678 80 2 25 10 30693 0 
34.4056 16.8658 2.09474 0.562975 5.06678 80 2 25 10 30694 0 
34.4243 16.8665 2.09545 0.562975 5.06678 80 2 25 10 30695 0 
34.4431 16.8672 2.09616 0.562975 5.06678 80 2 25 10 30696 0 
34.4618 16.8679 2.09687 0.562975 5.06678 80 2 25 10 30697 0 
34.4806 16.8686 2.09757 0.562975 5.06678 80 2 25 10 30698 0 
34.4993 16.8693 2.09828 0.562975 5.06678 80 2 25 10 30699 0 
34.5181 16.87 2.09899 0.562975 5.06678 80 2 25 10 30700 0 
34.5368 16.8707 2.0997 0.562975 5.06678 80 2 25 10 30701 0 
34.5556 16.8713 2.10041 0.562975 5.06678 80 2 25 10 30702 0 
34.5743 16.872 2.10112 0.562975 5.06678 80 2 25 10 30703 0 
34.5931 16.8727 2.10183 0.562975 5.06678 80 2 25 10 30704 0 
34.6118 16.8734 2.10255 0.562975 5.06678 80 2 25 10 30705 0 
34.6306 16.8741 2.10326 0.562975 5.06678 80 2 25 10 30706 0 
34.6493 16.8748 2.10397 0.562975 5.06678 80 2 25 10 30707 0 
34.6681 16.8755 2.10468 0.562975 5.06678 80 2 25 10 30708 0 
34.6869 16.8762 2.1054 0.562975 5.06678 80 2 25 10 30709 0 
34.7056 16.8768 2.10611 0.562975 5.06678 80 2 25 10 30710 0 
34.7244 16.8775 2.10683 0.562975 5.06678 80 2 25 10 30711 0 
34.7431 16.8782 2.10754 0.562975 5.06678 80 2 25 10 30712 0 
34.7619 16.8789 2.10826 0.562975 5.06678 80 2 25 10 30713 0 
34.7806 16.8796 2.10898 0.562975 5.06678 80 2 25 10 30714 0 
34.7994 16.8803 2.1097 0.562975 5.06678 80 2 25 10 30715 0 
34.8181 16.881 2.11041 0.562975 5.06678 80 2 25 10 30716 0 
34.8369 16.8817 2.11113 0.562975 5.06678 80 2 25 10 30717 0 
34.8556 16.8824 2.11185 0.562975 5.06678 80 2 25 10 30718 0 
34.8744 16.8831 2.11257 0.562975 5.06678 80 2 25 10 30719 0 
34.8931 16.8838 2.11329 0.562975 5.06678 80 2 25 10 30720 0 
34.9119 16.8844 2.11401 0.562975 5.06678 80 2 25 10 30721 0 
34.9306 16.8851 2.11473 0.562975 5.06678 80 2 25 10 30722 0 
34.9494 16.8858 2.11545 0.562975 5.06678 80 2 25 10 30723 0 
34.9682 16.8865 2.11618 0.562975 5.06678 80 2 25 10 30724 0 
34.9869 16.8872 2.1169 0.562975 5.06678 80 2 25 10 30725 0 
35.0057 16.8879 2.11762 0.562975 5.06678 80 2 25 10 30726 0 
35.0244 16.8886 2.11835 0.562975 5.06678 80 2 25 10 30727 0 
35.0432 16.8893 2.11907 0.562975 5.06678 80 2 25 10 30728 0 
35.0619 16.89 2.1198 0.562975 5.06678 80 2 25 10 30729 0 
35.0807 16.8907 2.12052 0.562975 5.06678 80 2 25 10 30730 0 
35.0994 16.8914 2.12125 0.562975 5.06678 80 2 25 10 30731 0 
35.1182 16.8921 2.12198 0.562975 5.06678 80 2 25 10 30732 0 
35.1369 16.8928 2.1227 0.562975 5.06678 80 2 25 10 30733 0 
35.1557 16.8935 2.12343 0.562975 5.06678 80 2 25 10 30734 0 
35.1744 16.8942 2.12416 0.562975 5.06678 80 2 25 10 30735 0 
35.1932 16.8949 2.12489 0.562975 5.06678 80 2 25 10 30736 0 
35.2119 16.8956 2.12562 0.562975 5.06678 80 2 25 10 30737 0 
35.2307 16.8962 2.12635 0.562975 5.06678 80 2 25 10 30738 0 
35.2494 16.8969 2.12708 0.562975 5.06678 80 2 25 10 30739 0 
35.2682 16.8976 2.12781 0.562975 5.06678 80 2 25 10 30740 0 
35.287 16.8983 2.12854 0.562975 5.06678 80 2 25 10 30741 0 
35.3057 16.899 2.12928 0.562975 5.06678 80 2 25 10 30742 0 
35.3245 16.8997 2.13001 0.562975 5.06678 80 2 25 10 30743 0 
35.3432 16.9004 2.13074 0.562975 5.06678 80 2 25 10 30744 0 
35.362 16.9011 2.13148 0.562975 5.06678 80 2 25 10 30745 0 
35.3807 16.9018 2.13221 0.562975 5.06678 80 2 25 10 30746 0 
35.3995 16.9025 2.13295 0.562975 5.06678 80 2 25 10 30747 0 
35.4182 16.9032 2.13368 0.562975 5.06678 80 2 25 10 30748 0 
35.437 16.9039 2.13442 0.562975 5.06678 80 2 25 10 30749 0 
35.4557 16.9046 2.13516 0.562975 5.06678 80 2 25 10 30750 0 
35.4745 16.9053 2.13589 0.562975 5.06678 80 2 25 10 30751 0 
35.4932 16.906 2.13663 0.562975 5.06678 80 2 25 10 30752 0 
35.512 16.9067 2.13737 0.562975 5.06678 80 2 25 10 30753 0 
35.5307 16.9074 2.13811 0.562975 5.06678 80 2 25 10 30754 0 
35.5495 16.9081 2.13885 0.562975 5.06678 80 2 25 10 30755 0 
35.5682 16.9088 2.13959 0.562975 5.06678 80 2 25 10 30756 0 
35.587 16.9095 2.14033 0.562975 5.06678 80 2 25 10 30757 0 
35.6058 16.9102 2.14107 0.562975 5.06678 80 2 25 10 30758 0 
35.6245 16.9109 2.14181 0.562975 5.06678 80 2 25 10 30759 0 
35.6433 16.9116 2.14256 0.562975 5.06678 80 2 25 10 30760 0 
35.662 16.9123 2.1433 0.562975 5.06678 80 2 25 10 30761 0 
35.6808 16.913 2.14404 0.562975 5.06678 80 2 25 10 30762 0 
35.6995 16.9137 2.14479 0.562975 5.06678 80 2 25 10 30763 0 
35.7183 16.9144 2.14553 0.562975 5.06678 80 2 25 10 30764 0 
35.737 16.9151 2.14628 0.562975 5.06678 80 2 25 10 30765 0 
35.7558 16.9158 2.14703 0.562975 5.06678 80 2 25 10 30766 0 
35.7745 16.9165 2.14777 0.562975 5.06678 80 2 25 10 30767 0 
35.7933 16.9172 2.14852 0.562975 5.06678 80 2 25 10 30768 0 
35.812 16.9179 2.14927 0.562975 5.06678 80 2 25 10 30769 0 
35.8308 16.9186 2.15002 0.562975 5.06678 80 2 25 10 30770 0 
35.8495 16.9194 2.15077 0.562975 5.06678 80 2 25 10 30771 0 
35.8683 16.9201 2.15152 0.562975 5.06678 80 2 25 10 30772 0 
35.8871 16.9208 2.15227 0.562975 5.06678 80 2 25 10 30773 0 
35.9058 16.9215 2.15302 0.562975 5.06678 80 2 25 10 30774 0 
35.9246 16.9222 2.15377 0.562975 5.06678 80 2 25 10 30775 0 
35.9433 16.9229 2.15452 0.562975 5.06678 80 2 25 10 30776 0 
35.9621 16.9236 2.15527 0.562975 5.06678 80 2 25 10 30777 0 
35.9808 16.9243 2.15603 0.562975 5.06678 80 2 25 10 30778 0 
35.9996 16.925 2.15678 0.562975 5.06678 80 2 25 10 30779 0 
36.0183 16.9257 2.15754 0.562975 5.06678 80 2 25 10 30780 0 
36.0371 16.9264 2.15829 0.562975 5.06678 80 2 25 10 30781 0 
36.0558 16.9271 2.15905 0.562975 5.06678 80 2 25 10 30782 0 
36.0746 16.9278 2.1598 0.562975 5.06678 80 2 25 10 30783 0 
36.0933 16.9285 2.16056 0.562975 5.06678 80 2 25 10 30784 0 
36.1121 16.9292 2.16132 0.562975 5.06678 80 2 25 10 30785 0 
36.1308 16.9299 2.16208 0.562975 5.06678 80 2 25 10 30786 0 
36.1496 16.9307 2.16283 0.562975 5.06678 80 2 25 10 30787 0 
36.1683 16.9314 2.16359 0.562975 5.06678 80 2 25 10 30788 0 
36.1871 16.9321 2.16435 0.562975 5.06678 80 2 25 10 30789 0 
36.2059 16.9328 2.16511 0.562975 5.06678 80 2 25 10 30790 0 
36.2246 16.9335 2.16587 0.562975 5.06678 80 2 25 10 30791 0 
36.2434 16.9342 2.16664 0.562975 5.06678 80 2 25 10 30792 0 
36.2621 16.9349 2.1674 0.562975 5.06678 80 2 25 10 30793 0 
36.2809 16.9356 2.16816 0.562975 5.06678 80 2 25 10 30794 0 
36.2996 16.9363 2.16893 0.562975 5.06678 80 2 25 10 30795 0 
36.3184 16.937 2.16969 0.562975 5.06678 80 2 25 10 30796 0 
36.3371 16.9377 2.17045 0.562975 5.06678 80 2 25 10 30797 0 
36.3559 16.9385 2.17122 0.562975 5.06678 80 2 25 10 30798 0 
36.3746 16.9392 2.17199 0.562975 5.06678 80 2 25 10 30799 0 
36.3934 16.9399 2.17275 0.562975 5.06678 80 2 25 10 30800 0 
36.4121 16.9406 2.17352 0.562975 5.06678 80 2 25 10 30801 0 
36.4309 16.9413 2.17429 0.562975 5.06678 80 2 25 10 30802 0 
36.4496 16.942 2.17506 0.562975 5.06678 80 2 25 10 30803 0 
36.4684 16.9427 2.17582 0.562975 5.06678 80 2 25 10 30804 0 
36.4871 16.9434 2.17659 0.562975 5.06678 80 2 25 10 30805 0 
36.5059 16.9441 2.17736 0.562975 5.06678 80 2 25 10 30806 0 
36.5247 16.9449 2.17814 0.562975 5.06678 80 2 25 10 30807 0 
36.5434 16.9456 2.17891 0.562975 5.06678 80 2 25 10 30808 0 
36.5622 16.9463 2.17968 0.562975 5.06678 80 2 25 10 30809 0 
36.5809 16.947 2.18045 0.562975 5.06678 80 2 25 10 30810 0 
36.5997 16.9477 2.18122 0.562975 5.06678 80 2 25 10 30811 0 
36.6184 16.9484 2.182 0.562975 5.06678 80 2 25 10 30812 0 
36.6372 16.9491 2.18277 0.562975 5.06678 80 2 25 10 30813 0 
36.6559 16.9499 2.18355 0.562975 5.06678 80 2 25 10 30814 0 
36.6747 16.9506 2.18432 0.562975 5.06678 80 2 25 10 30815 0 
36.6934 16.9513 2.1851 0.562975 5.06678 80 2 25 10 30816 0 
36.7122 16.952 2.18588 0.562975 5.06678 80 2 25 10 30817 0 
36.7309 16.9527 2.18666 0.562975 5.06678 80 2 25 10 30818 0 
36.7497 16.9534 2.18743 0.562975 5.06678 80 2 25 10 30819 0 
36.7684 16.9542 2.18821 0.562975 5.06678 80 2 25 10 30820 0 
36.7872 16.9549 2.18899 0.562975 5.06678 80 2 25 10 30821 0 
36.806 16.9556 2.18977 0.562975 5.06678 80 2 25 10 30822 0 
36.8247 16.9563 2.19055 0.562975 5.06678 80 2 25 10 30823 0 
36.8435 16.957 2.19133 0.562975 5.06678 80 2 25 10 30824 0 
36.8622 16.9577 2.19212 0.562975 5.06678 80 2 25 10 30825 0 
36.881 16.9585 2.1929 0.562975 5.06678 80 2 25 10 30826 0 
36.8997 16.9592 2.19368 0.562975 5.06678 80 2 25 10 30827 0 
36.9185 16.9599 2.19447 0.562975 5.06678 80 2 25 10 30828 0 
36.9372 16.9606 2.19525 0.562975 5.06678 80 2 25 10 30829 0 
36.956 16.9613 2.19604 0.562975 5.06678 80 2 25 10 30830 0 
36.9747 16.962 2.19682 0.562975 5.06678 80 2 25 10 30831 0 
36.9935 16.9628 2.19761 0.562975 5.06678 80 2 25 10 30832 0 
37.0122 16.9635 2.1984 0.562975 5.06678 80 2 25 10 30833 0 
37.031 16.9642 2.19918 0.562975 5.06678 80 2 25 10 30834 0 
37.0497 16.9649 2.19997 0.562975 5.06678 80 2 25 10 30835 0 
37.0685 16.9656 2.20076 0.562975 5.06678 80 2 25 10 30836 0 
37.0872 16.9664 2.20155 0.562975 5.06678 80 2 25 10 30837 0 
37.106 16.9671 2.20234 0.562975 5.06678 80 2 25 10 30838 0 
37.1248 16.9678 2.20313 0.562975 5.06678 80 2 25 10 30839 0 
37.1435 16.9685 2.20392 0.562975 5.06678 80 2 25 10 30840 0 
37.1623 16.9693 2.20471 0.562975 5.06678 80 2 25 10 30841 0 
37.181 16.97 2.20551 0.562975 5.06678 80 2 25 10 30842 0 
37.1998 16.9707 2.2063 0.562975 5.06678 80 2 25 10 30843 0 
37.2185 16.9714 2.2071 0.562975 5.06678 80 2 25 10 30844 0 
37.2373 16.9721 2.20789 0.562975 5.06678 80 2 25 10 30845 0 
37.256 16.9729 2.20869 0.562975 5.06678 80 2 25 10 30846 0 
37.2748 16.9736 2.20948 0.562975 5.06678 80 2 25 10 30847 0 
37.2935 16.9743 2.21028 0.562975 5.06678 80 2 25 10 30848 0 
37.3123 16.975 2.21108 0.562975 5.06678 80 2 25 10 30849 0 
37.331 16.9758 2.21187 0.562975 5.06678 80 2 25 10 30850 0 
37.3498 16.9765 2.21267 0.562975 5.06678 80 2 25 10 30851 0 
37.3685 16.9772 2.21347 0.562975 5.06678 80 2 25 10 30852 0 
37.3873 16.9779 2.21427 0.562975 5.06678 80 2 25 10 30853 0 
37.406 16.9787 2.21507 0.562975 5.06678 80 2 25 10 30854 0 
37.4248 16.9794 2.21587 0.562975 5.06678 80 2 25 10 30855 0 
37.4436 16.9801 2.21667 0.562975 5.06678 80 2 25 10 30856 0 
37.4623 16.9808 2.21748 0.562975 5.06678 80 2 25 10 30857 0 
37.4811 16.9816 2.21828 0.562975 5.06678 80 2 25 10 30858 0 
37.4998 16.9823 2.21908 0.562975 5.06678 80 2 25 10 30859 0 
37.5186 16.983 2.21989 0.562975 5.06678 80 2 25 10 30860 0 
37.5373 16.9837 2.22069 0.562975 5.06678 80 2 25 10 30861 0 
37.5561 16.9845 2.2215 0.562975 5.06678 80 2 25 10 30862 0 
37.5748 16.9852 2.22231 0.562975 5.06678 80 2 25 10 30863 0 
37.5936 16.9859 2.22311 0.562975 5.06678 80 2 25 10 30864 0 
37.6123 16.9867 2.22392 0.562975 5.06678 80 2 25 10 30865 0 
37.6311 16.9874 2.22473 0.562975 5.06678 80 2 25 10 30866 0 
37.6498 16.9881 2.22554 0.562975 5.06678 80 2 25 10 30867 0 
37.6686 16.9888 2.22635 0.562975 5.06678 80 2 25 10 30868 0 
37.6873 16.9896 2.22716 0.562975 5.06678 80 2 25 10 30869 0 
37.7061 16.9903 2.22797 0.562975 5.06678 80 2 25 10 30870 0 
37.7248 16.991 2.22878 0.562975 5.06678 80 2 25 10 30871 0 
37.7436 16.9918 2.22959 0.562975 5.06678 80 2 25 10 30872 0 
37.7624 16.9925 2.23041 0.562975 5.06678 80 2 25 10 30873 0 
37.7811 16.9932 2.23122 0.562975 5.06678 80 2 25 10 30874 0 
37.7999 16.9939 2.23204 0.562975 5.06678 80 2 25 10 30875 0 
37.8186 16.9947 2.23285 0.562975 5.06678 80 2 25 10 30876 0 
37.8374 16.9954 2.23367 0.562975 5.06678 80 2 25 10 30877 0 
37.8561 16.9961 2.23448 0.562975 5.06678 80 2 25 10 30878 0 
37.8749 16.9969 2.2353 0.562975 5.06678 80 2 25 10 30879 0 
37.8936 16.9976 2.23612 0.562975 5.06678 80 2 25 10 30880 0 
37.9124 16.9983 2.23694 0.562975 5.06678 80 2 25 10 30881 0 
37.9311 16.9991 2.23776 0.562975 5.06678 80 2 25 10 30882 0 
37.9499 16.9998 2.23858 0.562975 5.06678 80 2 25 10 30883 0 
37.9686 17.0005 2.2394 0.562975 5.06678 80 2 25 10 30884 0 
37.9874 17.0013 2.24022 0.562975 5.06678 80 2 25 10 30885 0 
38.0061 17.002 2.24104 0.562975 5.06678 80 2 25 10 30886 0 
38.0249 17.0027 2.24186 0.562975 5.06678 80 2 25 10 30887 0 
38.0437 17.0035 2.24268 0.562975 5.06678 80 2 25 10 30888 0 
38.0624 17.0042 2.24351 0.562975 5.06678 80 2 25 10 30889 0 
38.0812 17.0049 2.24433 0.562975 5.06678 80 2 25 10 30890 0 
38.0999 17.0057 2.24516 0.562975 5.06678 80 2 25 10 30891 0 
38.1187 17.0064 2.24598 0.562975 5.06678 80 2 25 10 30892 0 
38.1374 17.0071 2.24681 0.562975 5.06678 80 2 25 10 30893 0 
38.1562 17.0079 2.24764 0.562975 5.06678 80 2 25 10 30894 0 
38.1749 17.0086 2.24847 0.562975 5.06678 80 2 25 10 30895 0 
38.1937 17.0093 2.24929 0.562975 5.06678 80 2 25 10 30896 0 
38.2124 17.0101 2.25012 0.562975 5.06678 80 2 25 10 30897 0 
38.2312 17.0108 2.25095 0.562975 5.06678 80 2 25 10 30898 0 
38.2499 17.0116 2.25178 0.562975 5.06678 80 2 25 10 30899 0 
38.2687 17.0123 2.25262 0.562975 5.06678 80 2 25 10 30900 0 
38.2874 17.013 2.25345 0.562975 5.06678 80 2 25 10 30901 0 
38.3062 17.0138 2.25428 0.562975 5.06678 80 2 25 10 30902 0 
38.3249 17.0145 2.25511 0.562975 5.06678 80 2 25 10 30903 0 
38.3437 17.0152 2.25595 0.562975 5.06678 80 2 25 10 30904 0 
38.3625 17.016 2.25678 0.562975 5.06678 80 2 25 10 30905 0 
38.3812 17.0167 2.25762 0.562975 5.06678 80 2 25 10 30906 0 
38.4 17.0175 2.25846 0.562975 5.06678 80 2 25 10 30907 0 
38.4187 17.0182 2.25929 0.562975 5.06678 80 2 25 10 30908 0 
38.4375 17.0189 2.26013 0.562975 5.06678 80 2 25 10 30909 0 
38.4562 17.0197 2.26097 0.562975 5.06678 80 2 25 10 30910 0 
38.475 17.0204 2.26181 0.562975 5.06678 80 2 25 10 30911 0 
38.4937 17.0212 2.26265 0.562975 5.06678 80 2 25 10 30912 0 
38.5125 17.0219 2.26349 0.562975 5.06678 80 2 25 10 30913 0 
38.5312 17.0226 2.26433 0.562975 5.06678 80 2 25 10 30914 0 
38.55 17.0234 2.26517 0.562975 5.06678 80 2 25 10 30915 0 
38.5687 17.0241 2.26601 0.562975 5.06678 80 2 25 10 30916 0 
38.5875 17.0249 2.26686 0.562975 5.06678 80 2 25 10 30917 0 
38.6062 17.0256 2.2677 0.562975 5.06678 80 2 25 10 30918 0 
38.625 17.0264 2.26855 0.562975 5.06678 80 2 25 10 30919 0 
38.6437 17.0271 2.26939 0.562975 5.06678 80 2 25 10 30920 0 
38.6625 17.0278 2.27024 0.562975 5.06678 80 2 25 10 30921 0 
38.6812 17.0286 2.27108 0.562975 5.06678 80 2 25 10 30922 0 
38.7 17.0293 2.27193 0.562975 5.06678 80 2 25 10 30923 0 
38.7187 17.0301 2.27278 0.562975 5.06678 80 2 25 10 30924 0 
38.7375 17.0308 2.27363 0.562975 5.06678 80 2 25 10 30925 0 
38.7562 17.0316 2.27448 0.562975 5.06678 80 2 25 10 30926 0 
38.775 17.0323 2.27533 0.562975 5.06678 80 2 25 10 30927 0 
38.7937 17.0331 2.27618 0.562975 5.06678 80 2 25 10 30928 0 
38.8125 17.0338 2.27703 0.562975 5.06678 80 2 25 10 30929 0 
38.8312 17.0345 2.27788 0.562975 5.06678 80 2 25 10 30930 0 
38.85 17.0353 2.27874 0.562975 5.06678 80 2 25 10 30931 0 
38.8687 17.036 2.27959 0.562975 5.06678 80 2 25 10 30932 0 
38.8875 17.0368 2.28045 0.562975 5.06678 80 2 25 10 30933 0 
38.9062 17.0375 2.2813 0.562975 5.06678 80 2 25 10 30934 0 
38.925 17.0383 2.28216 0.562975 5.06678 80 2 25 10 30935 0 
38.9437 17.039 2.28301 0.562975 5.06678 80 2 25 10 30936 0 
38.9625 17.0398 2.28387 0.562975 5.06678 80 2 25 10 30937 0 
38.9812 17.0405 2.28473 0.562975 5.06678 80 2 25 10 30938 0 
39 17.0413 2.28559 0.562975 5.06678 80 2 25 10 30939 0 
39.0187 17.042 2.28645 0.562975 5.06678 80 2 25 10 30940 0 
39.0375 17.0428 2.28731 0.562975 5.06678 80 2 25 10 30941 0 
39.0562 17.0435 2.28817 0.562975 5.06678 80 2 25 10 30942 0 
39.075 17.0443 2.28903 0.562975 5.06678 80 2 25 10 30943 0 
39.0937 17.045 2.2899 0.562975 5.06678 80 2 25 10 30944 0 
39.1125 17.0458 2.29076 0.562975 5.06678 80 2 25 10 30945 0 
39.1312 17.0465 2.29162 0.562975 5.06678 80 2 25 10 30946 0 
39.15 17.0473 2.29249 0.562975 5.06678 80 2 25 10 30947 0 
39.1687 17.048 2.29335 0.562975 5.06678 80 2 25 10 30948 0 
39.1875 17.0488 2.29422 0.562975 5.06678 80 2 25 10 30949 0 
39.2062 17.0495 2.29509 0.562975 5.06678 80 2 25 10 30950 0 
39.225 17.0503 2.29595 0.562975 5.06678 80 2 25 10 30951 0 
39.2437 17.051 2.29682 0.562975 5.06678 80 2 25 10 30952 0 
39.2625 17.0518 2.29769 0.562975 5.06678 80 2 25 10 30953 0 
39.2812 17.0525 2.29856 0.562975 5.06678 80 2 25 10 30954 0 
39.3 17.0533 2.29943 0.562975 5.06678 80 2 25 10 30955 0 
39.3187 17.054 2.3003 0.562975 5.06678 80 2 25 10 30956 0 
39.3375 17.0548 2.30118 0.562975 5.06678 80 2 25 10 30957 0 
39.3562 17.0555 2.30205 0.562975 5.06678 80 2 25 10 30958 0 
39.375 17.0563 2.30292 0.562975 5.06678 80 2 25 10 30959 0 
39.3937 17.057 2.3038 0.562975 5.06678 80 2 25 10 30960 0 
39.4125 17.0578 2.30467 0.562975 5.06678 80 2 25 10 30961 0 
39.4312 17.0585 2.30555 0.562975 5.06678 80 2 25 10 30962 0 
39.45 17.0593 2.30643 0.562975 5.06678 80 2 25 10 30963 0 
39.4687 17.0601 2.3073 0.562975 5.06678 80 2 25 10 30964 0 
39.4875 17.0608 2.30818 0.562975 5.06678 80 2 25 10 30965 0 
39.5062 17.0616 2.30906 0.562975 5.06678 80 2 25 10 30966 0 
39.525 17.0623 2.30994 0.562975 5.06678 80 2 25 10 30967 0 
39.5437 17.0631 2.31082 0.562975 5.06678 80 2 25 10 30968 0 
39.5625 17.0638 2.3117 0.562975 5.06678 80 2 25 10 30969 0 
39.5812 17.0646 2.31258 0.562975 5.06678 80 2 25 10 30970 0 
39.6 17.0654 2.31347 0.562975 5.06678 80 2 25 10 30971 0 
39.6187 17.0661 2.31435 0.562975 5.06678 80 2 25 10 30972 0 
39.6375 17.0669 2.31523 0.562975 5.06678 80 2 25 10 30973 0 
39.6562 17.0676 2.31612 0.562975 5.06678 80 2 25 10 30974 0 
39.6749 17.0684 2.317 0.562975 5.06678 80 2 25 10 30975 0 
39.6937 17.0691 2.31789 0.562975 5.06678 80 2 25 10 30976 0 
39.7124 17.0699 2.31878 0.562975 5.06678 80 2 25 10 30977 0 
39.7312 17.0707 2.31967 0.562975 5.06678 80 2 25 10 30978 0 
39.7499 17.0714 2.32055 0.562975 5.06678 80 2 25 10 30979 0 
39.7687 17.0722 2.32144 0.562975 5.06678 80 2 25 10 30980 0 
39.7874 17.0729 2.32233 0.562975 5.06678 80 2 25 10 30981 0 
39.8062 17.0737 2.32323 0.562975 5.06678 80 2 25 10 30982 0 
39.8249 17.0745 2.32412 0.562975 5.06678 80 2 25 10 30983 0 
39.8437 17.0752 2.32501 0.562975 5.06678 80 2 25 10 30984 0 
39.8624 17.076 2.3259 0.562975 5.06678 80 2 25 10 30985 0 
39.8812 17.0767 2.3268 0.562975 5.06678 80 2 25 10 30986 0 
39.8999 17.0775 2.32769 0.562975 5.06678 80 2 25 10 30987 0 
39.9187 17.0783 2.32859 0.562975 5.06678 80 2 25 10 30988 0 
39.9374 17.079 2.32948 0.562975 5.06678 80 2 25 10 30989 0 
39.9562 17.0798 2.33038 0.562975 5.06678 80 2 25 10 30990 0 
39.9749 17.0806 2.33128 0.562975 5.06678 80 2 25 10 30991 0 
39.9937 17.0813 2.33218 0.562975 5.06678 80 2 25 10 30992 0 
40.0124 17.0821 2.33308 0.562975 5.06678 80 2 25 10 30993 0 
40.0312 17.0829 2.33398 0.562975 5.06678 80 2 25 10 30994 0 
40.0499 17.0836 2.33488 0.562975 5.06678 80 2 25 10 30995 0 
40.0687 17.0844 2.33578 0.562975 5.06678 80 2 25 10 30996 0 
40.0874 17.0851 2.33668 0.562975 5.06678 80 2 25 10 30997 0 
40.1062 17.0859 2.33759 0.562975 5.06678 80 2 25 10 30998 0 
40.1249 17.0867 2.33849 0.562975 5.06678 80 2 25 10 30999 0 
40.1437 17.0874 2.3394 0.562975 5.06678 80 2 25 10 31000 0 
40.1624 17.0882 2.3403 0.562975 5.06678 80 2 25 10 31001 0 
40.1812 17.089 2.34121 0.562975 5.06678 80 2 25 10 31002 0 
40.1999 17.0897 2.34212 0.562975 5.06678 80 2 25 10 31003 0 
40.2187 17.0905 2.34302 0.562975 5.06678 80 2 25 10 31004 0 
40.2374 17.0913 2.34393 0.562975 5.06678 80 2 25 10 31005 0 
40.2562 17.092 2.34484 0.562975 5.06678 80 2 25 10 31006 0 
40.2749 17.0928 2.34575 0.562975 5.06678 80 2 25 10 31007 0 
40.2937 17.0936 2.34667 0.562975 5.06678 80 2 25 10 31008 0 
40.3124 17.0943 2.34758 0.562975 5.06678 80 2 25 10 31009 0 
40.3312 17.0951 2.34849 0.562975 5.06678 80 2 25 10 31010 0 
40.3499 17.0959 2.3494 0.562975 5.06678 80 2 25 10 31011 0 
40.3687 17.0967 2.35032 0.562975 5.06678 80 2 25 10 31012 0 
40.3874 17.0974 2.35123 0.562975 5.06678 80 2 25 10 31013 0 
40.4062 17.0982 2.35215 0.562975 5.06678 80 2 25 10 31014 0 
40.4249 17.099 2.35307 0.562975 5.06678 80 2 25 10 31015 0 
40.4437 17.0997 2.35399 0.562975 5.06678 80 2 25 10 31016 0 
40.4624 17.1005 2.3549 0.562975 5.06678 80 2 25 10 31017 0 
40.4812 17.1013 2.35582 0.562975 5.06678 80 2 25 10 31018 0 
40.4999 17.102 2.35674 0.562975 5.06678 80 2 25 10 31019 0 
40.5187 17.1028 2.35766 0.562975 5.06678 80 2 25 10 31020 0 
40.5374 17.1036 2.35859 0.562975 5.06678 80 2 25 10 31021 0 
40.5562 17.1044 2.35951 0.562975 5.06678 80 2 25 10 31022 0 
40.5749 17.1051 2.36043 0.562975 5.06678 80 2 25 10 31023 0 
40.5937 17.1059 2.36136 0.562975 5.06678 80 2 25 10 31024 0 
40.6124 17.1067 2.36228 0.562975 5.06678 80 2 25 10 31025 0 
40.6312 17.1075 2.36321 0.562975 5.06678 80 2 25 10 31026 0 
40.6499 17.1082 2.36413 0.562975 5.06678 80 2 25 10 31027 0 
40.6687 17.109 2.36506 0.562975 5.06678 80 2 25 10 31028 0 
40.6874 17.1098 2.36599 0.562975 5.06678 80 2 25 10 31029 0 
40.7062 17.1106 2.36692 0.562975 5.06678 80 2 25 10 31030 0 
40.7249 17.1113 2.36785 0.562975 5.06678 80 2 25 10 31031 0 
40.7437 17.1121 2.36878 0.562975 5.06678 80 2 25 10 31032 0 
40.7624 17.1129 2.36971 0.562975 5.06678 80 2 25 10 31033 0 
40.7812 17.1137 2.37064 0.562975 5.06678 80 2 25 10 31034 0 
40.7999 17.1144 2.37158 0.562975 5.06678 80 2 25 10 31035 0 
40.8187 17.1152 2.37251 0.562975 5.06678 80 2 25 10 31036 0 
40.8374 17.116 2.37345 0.562975 5.06678 80 2 25 10 31037 0 
40.8562 17.1168 2.37438 0.562975 5.06678 80 2 25 10 31038 0 
40.8749 17.1175 2.37532 0.562975 5.06678 80 2 25 10 31039 0 
40.8937 17.1183 2.37626 0.562975 5.06678 80 2 25 10 31040 0 
40.9124 17.1191 2.3772 0.562975 5.06678 80 2 25 10 31041 0 
40.9311 17.1199 2.37813 0.562975 5.06678 80 2 25 10 31042 0 
40.9499 17.1206 2.37907 0.562975 5.06678 80 2 25 10 31043 0 
40.9686 17.1214 2.38001 0.562975 5.06678 80 2 25 10 31044 0 
40.9874 17.1222 2.38096 0.562975 5.06678 80 2 25 10 31045 0 
41.0061 17.123 2.3819 0.562975 5.06678 80 2 25 10 31046 0 
41.0249 17.1238 2.38284 0.562975 5.06678 80 2 25 10 31047 0 
41.0436 17.1245 2.38379 0.562975 5.06678 80 2 25 10 31048 0 
41.0624 17.1253 2.38473 0.562975 5.06678 80 2 25 10 31049 0 
41.0811 17.1261 2.38568 0.562975 5.06678 80 2 25 10 31050 0 
41.0999 17.1269 2.38662 0.562975 5.06678 80 2 25 10 31051 0 
41.1186 17.1277 2.38757 0.562975 5.06678 80 2 25 10 31052 0 
41.1374 17.1285 2.38852 0.562975 5.06678 80 2 25 10 31053 0 
41.1561 17.1292 2.38947 0.562975 5.06678 80 2 25 10 31054 0 
41.1749 17.13 2.39042 0.562975 5.06678 80 2 25 10 31055 0 
41.1936 17.1308 2.39137 0.562975 5.06678 80 2 25 10 31056 0 
41.2124 17.1316 2.39232 0.562975 5.06678 80 2 25 10 31057 0 
41.2311 17.1324 2.39327 0.562975 5.06678 80 2 25 10 31058 0 
41.2499 17.1332 2.39423 0.562975 5.06678 80 2 25 10 31059 0 
41.2686 17.1339 2.39518 0.562975 5.06678 80 2 25 10 31060 0 
41.2874 17.1347 2.39614 0.562975 5.06678 80 2 25 10 31061 0 
41.3061 17.1355 2.39709 0.562975 5.06678 80 2 25 10 31062 0 
41.3249 17.1363 2.39805 0.562975 5.06678 80 2 25 10 31063 0 
41.3436 17.1371 2.39901 0.562975 5.06678 80 2 25 10 31064 0 
41.3624 17.1379 2.39997 0.562975 5.06678 80 2 25 10 31065 0 
41.3811 17.1386 2.40093 0.562975 5.06678 80 2 25 10 31066 0 
41.3999 17.1394 2.40189 0.562975 5.06678 80 2 25 10 31067 0 
41.4186 17.1402 2.40285 0.562975 5.06678 80 2 25 10 31068 0 
41.4374 17.141 2.40381 0.562975 5.06678 80 2 25 10 31069 0 
41.4561 17.1418 2.40477 0.562975 5.06678 80 2 25 10 31070 0 
41.4749 17.1426 2.40574 0.562975 5.06678 80 2 25 10 31071 0 
41.4936 17.1434 2.4067 0.562975 5.06678 80 2 25 10 31072 0 
41.5124 17.1442 2.40767 0.562975 5.06678 80 2 25 10 31073 0 
41.5311 17.1449 2.40863 0.562975 5.06678 80 2 25 10 31074 0 
41.5499 17.1457 2.4096 0.562975 5.06678 80 2 25 10 31075 0 
41.5686 17.1465 2.41057 0.562975 5.06678 80 2 25 10 31076 0 
41.5874 17.1473 2.41154 0.562975 5.06678 80 2 25 10 31077 0 
41.6061 17.1481 2.41251 0.562975 5.06678 80 2 25 10 31078 0 
41.6249 17.1489 2.41348 0.562975 5.06678 80 2 25 10 31079 0 
41.6436 17.1497 2.41445 0.562975 5.06678 80 2 25 10 31080 0 
41.6624 17.1505 2.41542 0.562975 5.06678 80 2 25 10 31081 0 
41.6811 17.1513 2.4164 0.562975 5.06678 80 2 25 10 31082 0 
41.6999 17.1521 2.41737 0.562975 5.06678 80 2 25 10 31083 0 
41.7186 17.1528 2.41835 0.562975 5.06678 80 2 25 10 31084 0 
41.7374 17.1536 2.41932 0.562975 5.06678 80 2 25 10 31085 0 
41.7561 17.1544 2.4203 0.562975 5.06678 80 2 25 10 31086 0 
41.7749 17.1552 2.42128 0.562975 5.06678 80 2 25 10 31087 0 
41.7936 17.156 2.42226 0.562975 5.06678 80 2 25 10 31088 0 
41.8124 17.1568 2.42323 0.562975 5.06678 80 2 25 10 31089 0 
41.8311 17.1576 2.42422 0.562975 5.06678 80 2 25 10 31090 0 
41.8499 17.1584 2.4252 0.562975 5.06678 80 2 25 10 31091 0 
41.8686 17.1592 2.42618 0.562975 5.06678 80 2 25 10 31092 0 
41.8874 17.16 2.42716 0.562975 5.06678 80 2 25 10 31093 0 
41.9061 17.1608 2.42815 0.562975 5.06678 80 2 25 10 31094 0 
41.9249 17.1616 2.42913 0.562975 5.06678 80 2 25 10 31095 0 
41.9436 17.1624 2.43012 0.562975 5.06678 80 2 25 10 31096 0 
41.9624 17.1632 2.4311 0.562975 5.06678 80 2 25 10 31097 0 
41.9811 17.164 2.43209 0.562975 5.06678 80 2 25 10 31098 0 
41.9999 17.1648 2.43308 0.562975 5.06678 80 2 25 10 31099 0 
42.0186 17.1656 2.43407 0.562975 5.06678 80 2 25 10 31100 0 
42.0374 17.1663 2.43506 0.562975 5.06678 80 2 25 10 31101 0 
42.0561 17.1671 2.43605 0.562975 5.06678 80 2 25 10 31102 0 
42.0749 17.1679 2.43704 0.562975 5.06678 80 2 25 10 31103 0 
42.0936 17.1687 2.43804 0.562975 5.06678 80 2 25 10 31104 0 
42.1124 17.1695 2.43903 0.562975 5.06678 80 2 25 10 31105 0 
42.1311 17.1703 2.44003 0.562975 5.06678 80 2 25 10 31106 0 
42.1498 17.1711 2.44102 0.562975 5.06678 80 2 25 10 31107 0 
42.1686 17.1719 2.44202 0.562975 5.06678 80 2 25 10 31108 0 
42.1873 17.1727 2.44302 0.562975 5.06678 80 2 25 10 31109 0 
42.2061 17.1735 2.44402 0.562975 5.06678 80 2 25 10 31110 0 
42.2248 17.1743 2.44502 0.562975 5.06678 80 2 25 10 31111 0 
42.2436 17.1751 2.44602 0.562975 5.06678 80 2 25 10 31112 0 
42.2623 17.1759 2.44702 0.562975 5.06678 80 2 25 10 31113 0 
42.2811 17.1767 2.44802 0.562975 5.06678 80 2 25 10 31114 0 
42.2998 17.1775 2.44902 0.562975 5.06678 80 2 25 10 31115 0 
42.3186 17.1783 2.45003 0.562975 5.06678 80 2 25 10 31116 0 
42.3373 17.1791 2.45103 0.562975 5.06678 80 2 25 10 31117 0 
42.3561 17.1799 2.45204 0.562975 5.06678 80 2 25 10 31118 0 
42.3748 17.1807 2.45305 0.562975 5.06678 80 2 25 10 31119 0 
42.3936 17.1816 2.45405 0.562975 5.06678 80 2 25 10 31120 0 
42.4123 17.1824 2.45506 0.562975 5.06678 80 2 25 10 31121 0 
42.4311 17.1832 2.45607 0.562975 5.06678 80 2 25 10 31122 0 
42.4498 17.184 2.45708 0.562975 5.06678 80 2 25 10 31123 0 
42.4686 17.1848 2.45809 0.562975 5.06678 80 2 25 10 31124 0 
42.4873 17.1856 2.45911 0.562975 5.06678 80 2 25 10 31125 0 
42.5061 17.1864 2.46012 0.562975 5.06678 80 2 25 10 31126 0 
42.5248 17.1872 2.46113 0.562975 5.06678 80 2 25 10 31127 0 
42.5436 17.188 2.46215 0.562975 5.06678 80 2 25 10 31128 0 
42.5623 17.1888 2.46317 0.562975 5.06678 80 2 25 10 31129 0 
42.5811 17.1896 2.46418 0.562975 5.06678 80 2 25 10 31130 0 
42.5998 17.1904 2.4652 0.562975 5.06678 80 2 25 10 31131 0 
42.6186 17.1912 2.46622 0.562975 5.06678 80 2 25 10 31132 0 
42.6373 17.192 2.46724 0.562975 5.06678 80 2 25 10 31133 0 
42.6561 17.1928 2.46826 0.562975 5.06678 80 2 25 10 31134 0 
42.6748 17.1936 2.46928 0.562975 5.06678 80 2 25 10 31135 0 
42.6936 17.1944 2.47031 0.562975 5.06678 80 2 25 10 31136 0 
42.7123 17.1953 2.47133 0.562975 5.06678 80 2 25 10 31137 0 
42.7311 17.1961 2.47236 0.562975 5.06678 80 2 25 10 31138 0 
42.7498 17.1969 2.47338 0.562975 5.06678 80 2 25 10 31139 0 
42.7686 17.1977 2.47441 0.562975 5.06678 80 2 25 10 31140 0 
42.7873 17.1985 2.47544 0.562975 5.06678 80 2 25 10 31141 0 
42.8061 17.1993 2.47647 0.562975 5.06678 80 2 25 10 31142 0 
42.8248 17.2001 2.4775 0.562975 5.06678 80 2 25 10 31143 0 
42.8436 17.2009 2.47853 0.562975 5.06678 80 2 25 10 31144 0 
42.8623 17.2017 2.47956 0.562975 5.06678 80 2 25 10 31145 0 
42.8811 17.2026 2.48059 0.562975 5.06678 80 2 25 10 31146 0 
42.8998 17.2034 2.48162 0.562975 5.06678 80 2 25 10 31147 0 
42.9186 17.2042 2.48266 0.562975 5.06678 80 2 25 10 31148 0 
42.9373 17.205 2.48369 0.562975 5.06678 80 2 25 10 31149 0 
42.9561 17.2058 2.48473 0.562975 5.06678 80 2 25 10 31150 0 
42.9748 17.2066 2.48577 0.562975 5.06678 80 2 25 10 31151 0 
42.9936 17.2074 2.48681 0.562975 5.06678 80 2 25 10 31152 0 
43.0123 17.2082 2.48785 0.562975 5.06678 80 2 25 10 31153 0 
43.0311 17.2091 2.48889 0.562975 5.06678 80 2 25 10 31154 0 
43.0498 17.2099 2.48993 0.562975 5.06678 80 2 25 10 31155 0 
43.0686 17.2107 2.49097 0.562975 5.06678 80 2 25 10 31156 0 
43.0873 17.2115 2.49201 0.562975 5.06678 80 2 25 10 31157 0 
43.1061 17.2123 2.49306 0.562975 5.06678 80 2 25 10 31158 0 
43.1248 17.2131 2.4941 0.562975 5.06678 80 2 25 10 31159 0 
43.1436 17.214 2.49515 0.562975 5.06678 80 2 25 10 31160 0 
43.1623 17.2148 2.4962 0.562975 5.06678 80 2 25 10 31161 0 
43.1811 17.2156 2.49724 0.562975 5.06678 80 2 25 10 31162 0 
43.1998 17.2164 2.49829 0.562975 5.06678 80 2 25 10 31163 0 
43.2186 17.2172 2.49934 0.562975 5.06678 80 2 25 10 31164 0 
43.2373 17.218 2.5004 0.562975 5.06678 80 2 25 10 31165 0 
43.2561 17.2189 2.50145 0.562975 5.06678 80 2 25 10 31166 0 
43.2748 17.2197 2.5025 0.562975 5.06678 80 2 25 10 31167 0 
43.2936 17.2205 2.50356 0.562975 5.06678 80 2 25 10 31168 0 
43.3123 17.2213 2.50461 0.562975 5.06678 80 2 25 10 31169 0 
43.3311 17.2221 2.50567 0.562975 5.06678 80 2 25 10 31170 0 
43.3498 17.223 2.50672 0.562975 5.06678 80 2 25 10 31171 0 
43.3685 17.2238 2.50778 0.562975 5.06678 80 2 25 10 31172 0 
43.3873 17.2246 2.50884 0.562975 5.06678 80 2 25 10 31173 0 
43.406 17.2254 2.5099 0.562975 5.06678 80 2 25 10 31174 0 
43.4248 17.2262 2.51096 0.562975 5.06678 80 2 25 10 31175 0 
43.4435 17.2271 2.51202 0.562975 5.06678 80 2 25 10 31176 0 
43.4623 17.2279 2.51309 0.562975 5.06678 80 2 25 10 31177 0 
43.481 17.2287 2.51415 0.562975 5.06678 80 2 25 10 31178 0 
43.4998 17.2295 2.51522 0.562975 5.06678 80 2 25 10 31179 0 
43.5185 17.2304 2.51628 0.562975 5.06678 80 2 25 10 31180 0 
43.5373 17.2312 2.51735 0.562975 5.06678 80 2 25 10 31181 0 
43.556 17.232 2.51842 0.562975 5.06678 80 2 25 10 31182 0 
43.5748 17.2328 2.51949 0.562975 5.06678 80 2 25 10 31183 0 
43.5935 17.2337 2.52056 0.562975 5.06678 80 2 25 10 31184 0 
43.6123 17.2345 2.52163 0.562975 5.06678 80 2 25 10 31185 0 
43.631 17.2353 2.5227 0.562975 5.06678 80 2 25 10 31186 0 
43.6498 17.2361 2.52378 0.562975 5.06678 80 2 25 10 31187 0 
43.6685 17.237 2.52485 0.562975 5.06678 80 2 25 10 31188 0 
43.6873 17.2378 2.52593 0.562975 5.06678 80 2 25 10 31189 0 
43.706 17.2386 2.527 0.562975 5.06678 80 2 25 10 31190 0 
43.7248 17.2394 2.52808 0.562975 5.06678 80 2 25 10 31191 0 
43.7435 17.2403 2.52916 0.562975 5.06678 80 2 25 10 31192 0 
43.7623 17.2411 2.53024 0.562975 5.06678 80 2 25 10 31193 0 
43.781 17.2419 2.53132 0.562975 5.06678 80 2 25 10 31194 0 
43.7998 17.2428 2.5324 0.562975 5.06678 80 2 25 10 31195 0 
43.8185 17.2436 2.53348 0.562975 5.06678 80 2 25 10 31196 0 
43.8373 17.2444 2.53457 0.562975 5.06678 80 2 25 10 31197 0 
43.856 17.2452 2.53565 0.562975 5.06678 80 2 25 10 31198 0 
43.8748 17.2461 2.53674 0.562975 5.06678 80 2 25 10 31199 0 
43.8935 17.2469 2.53783 0.562975 5.06678 80 2 25 10 31200 0 
43.9123 17.2477 2.53891 0.562975 5.06678 80 2 25 10 31201 0 
43.931 17.2486 2.54 0.562975 5.06678 80 2 25 10 31202 0 
43.9498 17.2494 2.54109 0.562975 5.06678 80 2 25 10 31203 0 
43.9685 17.2502 2.54218 0.562975 5.06678 80 2 25 10 31204 0 
43.9873 17.2511 2.54328 0.562975 5.06678 80 2 25 10 31205 0 
44.006 17.2519 2.54437 0.562975 5.06678 80 2 25 10 31206 0 
44.0248 17.2527 2.54546 0.562975 5.06678 80 2 25 10 31207 0 
44.0435 17.2536 2.54656 0.562975 5.06678 80 2 25 10 31208 0 
44.0623 17.2544 2.54766 0.562975 5.06678 80 2 25 10 31209 0 
44.081 17.2552 2.54875 0.562975 5.06678 80 2 25 10 31210 0 
44.0998 17.2561 2.54985 0.562975 5.06678 80 2 25 10 31211 0 
44.1185 17.2569 2.55095 0.562975 5.06678 80 2 25 10 31212 0 
44.1372 17.2577 2.55205 0.562975 5.06678 80 2 25 10 31213 0 
44.156 17.2586 2.55315 0.562975 5.06678 80 2 25 10 31214 0 
44.1747 17.2594 2.55426 0.562975 5.06678 80 2 25 10 31215 0 
44.1935 17.2602 2.55536 0.562975 5.06678 80 2 25 10 31216 0 
44.2122 17.2611 2.55647 0.562975 5.06678 80 2 25 10 31217 0 
44.231 17.2619 2.55757 0.562975 5.06678 80 2 25 10 31218 0 
44.2497 17.2628 2.55868 0.562975 5.06678 80 2 25 10 31219 0 
44.2685 17.2636 2.55979 0.562975 5.06678 80 2 25 10 31220 0 
44.2872 17.2644 2.5609 0.562975 5.06678 80 2 25 10 31221 0 
44.306 17.2653 2.56201 0.562975 5.06678 80 2 25 10 31222 0 
44.3247 17.2661 2.56312 0.562975 5.06678 80 2 25 10 31223 0 
44.3434 17.2669 2.56423 0.562975 5.06678 80 2 25 10 31224 0 
44.3622 17.2678 2.56535 0.562975 5.06678 80 2 25 10 31225 0 
44.3809 17.2686 2.56646 0.562975 5.06678 80 2 25 10 31226 0 
44.3997 17.2695 2.56758 0.562975 5.06678 80 2 25 10 31227 0 
44.4184 17.2703 2.56869 0.562975 5.06678 80 2 25 10 31228 0 
44.4372 17.2711 2.56981 0.562975 5.06678 80 2 25 10 31229 0 
44.4559 17.272 2.57093 0.562975 5.06678 80 2 25 10 31230 0 
44.4747 17.2728 2.57205 0.562975 5.06678 80 2 25 10 31231 0 
44.4934 17.2737 2.57317 0.562975 5.06678 80 2 25 10 31232 0 
44.5122 17.2745 2.57429 0.562975 5.06678 80 2 25 10 31233 0 
44.5309 17.2754 2.57542 0.562975 5.06678 80 2 25 10 31234 0 
44.5496 17.2762 2.57654 0.562975 5.06678 80 2 25 10 31235 0 
44.5684 17.277 2.57767 0.562975 5.06678 80 2 25 10 31236 0 
44.5871 17.2779 2.57879 0.562975 5.06678 80 2 25 10 31237 0 
44.6059 17.2787 2.57992 0.562975 5.06678 80 2 25 10 31238 0 
44.6246 17.2796 2.58105 0.562975 5.06678 80 2 25 10 31239 0 
44.6434 17.2804 2.58218 0.562975 5.06678 80 2 25 10 31240 0 
44.6621 17.2813 2.58331 0.562975 5.06678 80 2 25 10 31241 0 
44.6809 17.2821 2.58444 0.562975 5.06678 80 2 25 10 31242 0 
44.6996 17.283 2.58558 0.562975 5.06678 80 2 25 10 31243 0 
44.7184 17.2838 2.58671 0.562975 5.06678 80 2 25 10 31244 0 
44.7371 17.2847 2.58785 0.562975 5.06678 80 2 25 10 31245 0 
44.7558 17.2855 2.58898 0.562975 5.06678 80 2 25 10 31246 0 
44.7746 17.2863 2.59012 0.562975 5.06678 80 2 25 10 31247 0 
44.7933 17.2872 2.59126 0.562975 5.06678 80 2 25 10 31248 0 
44.8121 17.288 2.5924 0.562975 5.06678 80 2 25 10 31249 0 
44.8308 17.2889 2.59354 0.562975 5.06678 80 2 25 10 31250 0 
44.8496 17.2897 2.59468 0.562975 5.06678 80 2 25 10 31251 0 
44.8683 17.2906 2.59583 0.562975 5.06678 80 2 25 10 31252 0 
44.8871 17.2914 2.59697 0.562975 5.06678 80 2 25 10 31253 0 
44.9058 17.2923 2.59812 0.562975 5.06678 80 2 25 10 31254 0 
44.9246 17.2931 2.59927 0.562975 5.06678 80 2 25 10 31255 0 
44.9433 17.294 2.60041 0.562975 5.06678 80 2 25 10 31256 0 
44.962 17.2948 2.60156 0.562975 5.06678 80 2 25 10 31257 0 
44.9808 17.2957 2.60271 0.562975 5.06678 80 2 25 10 31258 0 
44.9995 17.2965 2.60386 0.562975 5.06678 80 2 25 10 31259 0 
45.0183 17.2974 2.60502 0.562975 5.06678 80 2 25 10 31260 0 
45.037 17.2983 2.60617 0.562975 5.06678 80 2 25 10 31261 0 
45.0558 17.2991 2.60733 0.562975 5.06678 80 2 25 10 31262 0 
45.0745 17.3 2.60848 0.562975 5.06678 80 2 25 10 31263 0 
45.0933 17.3008 2.60964 0.562975 5.06678 80 2 25 10 31264 0 
45.112 17.3017 2.6108 0.562975 5.06678 80 2 25 10 31265 0 
45.1308 17.3025 2.61196 0.562975 5.06678 80 2 25 10 31266 0 
45.1495 17.3034 2.61312 0.562975 5.06678 80 2 25 10 31267 0 
45.1682 17.3042 2.61428 0.562975 5.06678 80 2 25 10 31268 0 
45.187 17.3051 2.61544 0.562975 5.06678 80 2 25 10 31269 0 
45.2057 17.3059 2.61661 0.562975 5.06678 80 2 25 10 31270 0 
45.2245 17.3068 2.61777 0.562975 5.06678 80 2 25 10 31271 0 
45.2432 17.3077 2.61894 0.562975 5.06678 80 2 25 10 31272 0 
45.262 17.3085 2.62011 0.562975 5.06678 80 2 25 10 31273 0 
45.2807 17.3094 2.62128 0.562975 5.06678 80 2 25 10 31274 0 
45.2995 17.3102 2.62245 0.562975 5.06678 80 2 25 10 31275 0 
45.3182 17.3111 2.62362 0.562975 5.06678 80 2 25 10 31276 0 
45.337 17.312 2.62479 0.562975 5.06678 80 2 25 10 31277 0 
45.3557 17.3128 2.62596 0.562975 5.06678 80 2 25 10 31278 0 
45.3744 17.3137 2.62714 0.562975 5.06678 80 2 25 10 31279 0 
45.3932 17.3145 2.62831 0.562975 5.06678 80 2 25 10 31280 0 
45.4119 17.3154 2.62949 0.562975 5.06678 80 2 25 10 31281 0 
45.4307 17.3163 2.63067 0.562975 5.06678 80 2 25 10 31282 0 
45.4494 17.3171 2.63185 0.562975 5.06678 80 2 25 10 31283 0 
45.4682 17.318 2.63303 0.562975 5.06678 80 2 25 10 31284 0 
45.4869 17.3188 2.63421 0.562975 5.06678 80 2 25 10 31285 0 
45.5057 17.3197 2.63539 0.562975 5.06678 80 2 25 10 31286 0 
45.5244 17.3206 2.63658 0.562975 5.06678 80 2 25 10 31287 0 
45.5432 17.3214 2.63776 0.562975 5.06678 80 2 25 10 31288 0 
45.5619 17.3223 2.63895 0.562975 5.06678 80 2 25 10 31289 0 
45.5806 17.3232 2.64014 0.562975 5.06678 80 2 25 10 31290 0 
45.5994 17.324 2.64133 0.562975 5.06678 80 2 25 10 31291 0 
45.6181 17.3249 2.64252 0.562975 5.06678 80 2 25 10 31292 0 
45.6369 17.3258 2.64371 0.562975 5.06678 80 2 25 10 31293 0 
45.6556 17.3266 2.6449 0.562975 5.06678 80 2 25 10 31294 0 
45.6744 17.3275 2.64609 0.562975 5.06678 80 2 25 10 31295 0 
45.6931 17.3283 2.64729 0.562975 5.06678 80 2 25 10 31296 0 
45.7119 17.3292 2.64849 0.562975 5.06678 80 2 25 10 31297 0 
45.7306 17.3301 2.64968 0.562975 5.06678 80 2 25 10 31298 0 
45.7494 17.3309 2.65088 0.562975 5.06678 80 2 25 10 31299 0 
45.7681 17.3318 2.65208 0.562975 5.06678 80 2 25 10 31300 0 
45.7868 17.3327 2.65328 0.562975 5.06678 80 2 25 10 31301 0 
45.8056 17.3336 2.65449 0.562975 5.06678 80 2 25 10 31302 0 
45.8243 17.3344 2.65569 0.562975 5.06678 80 2 25 10 31303 0 
45.8431 17.3353 2.65689 0.562975 5.06678 80 2 25 10 31304 0 
45.8618 17.3362 2.6581 0.562975 5.06678 80 2 25 10 31305 0 
45.8806 17.337 2.65931 0.562975 5.06678 80 2 25 10 31306 0 
45.8993 17.3379 2.66052 0.562975 5.06678 80 2 25 10 31307 0 
45.9181 17.3388 2.66173 0.562975 5.06678 80 2 25 10 31308 0 
45.9368 17.3396 2.66294 0.562975 5.06678 80 2 25 10 31309 0 
45.9556 17.3405 2.66415 0.562975 5.06678 80 2 25 10 31310 0 
45.9743 17.3414 2.66536 0.562975 5.06678 80 2 25 10 31311 0 
45.993 17.3423 2.66658 0.562975 5.06678 80 2 25 10 31312 0 
46.0118 17.3431 2.66779 0.562975 5.06678 80 2 25 10 31313 0 
46.0305 17.344 2.66901 0.562975 5.06678 80 2 25 10 31314 0 
46.0493 17.3449 2.67023 0.562975 5.06678 80 2 25 10 31315 0 
46.068 17.3458 2.67145 0.562975 5.06678 80 2 25 10 31316 0 
46.0868 17.3466 2.67267 0.562975 5.06678 80 2 25 10 31317 0 
46.1055 17.3475 2.67389 0.562975 5.06678 80 2 25 10 31318 0 
46.1243 17.3484 2.67512 0.562975 5.06678 80 2 25 10 31319 0 
46.143 17.3493 2.67634 0.562975 5.06678 80 2 25 10 31320 0 
46.1618 17.3501 2.67757 0.562975 5.06678 80 2 25 10 31321 0 
46.1805 17.351 2.67879 0.562975 5.06678 80 2 25 10 31322 0 
46.1992 17.3519 2.68002 0.562975 5.06678 80 2 25 10 31323 0 
46.218 17.3528 2.68125 0.562975 5.06678 80 2 25 10 31324 0 
46.2367 17.3536 2.68248 0.562975 5.06678 80 2 25 10 31325 0 
46.2555 17.3545 2.68372 0.562975 5.06678 80 2 25 10 31326 0 
46.2742 17.3554 2.68495 0.562975 5.06678 80 2 25 10 31327 0 
46.293 17.3563 2.68619 0.562975 5.06678 80 2 25 10 31328 0 
46.3117 17.3572 2.68742 0.562975 5.06678 80 2 25 10 31329 0 
46.3305 17.358 2.68866 0.562975 5.06678 80 2 25 10 31330 0 
46.3492 17.3589 2.6899 0.562975 5.06678 80 2 25 10 31331 0 
46.368 17.3598 2.69114 0.562975 5.06678 80 2 25 10 31332 0 
46.3867 17.3607 2.69238 0.562975 5.06678 80 2 25 10 31333 0 
46.4054 17.3616 2.69362 0.562975 5.06678 80 2 25 10 31334 0 
46.4242 17.3624 2.69487 0.562975 5.06678 80 2 25 10 31335 0 
46.4429 17.3633 2.69611 0.562975 5.06678 80 2 25 10 31336 0 
46.4617 17.3642 2.69736 0.562975 5.06678 80 2 25 10 31337 0 
46.4804 17.3651 2.69861 0.562975 5.06678 80 2 25 10 31338 0 
46.4992 17.366 2.69985 0.562975 5.06678 80 2 25 10 31339 0 
46.5179 17.3669 2.70111 0.562975 5.06678 80 2 25 10 31340 0 
46.5367 17.3677 2.70236 0.562975 5.06678 80 2 25 10 31341 0 
46.5554 17.3686 2.70361 0.562975 5.06678 80 2 25 10 31342 0 
46.5742 17.3695 2.70486 0.562975 5.06678 80 2 25 10 31343 0 
46.5929 17.3704 2.70612 0.562975 5.06678 80 2 25 10 31344 0 
46.6116 17.3713 2.70738 0.562975 5.06678 80 2 25 10 31345 0 
46.6304 17.3722 2.70864 0.562975 5.06678 80 2 25 10 31346 0 
46.6491 17.3731 2.7099 0.562975 5.06678 80 2 25 10 31347 0 
46.6679 17.3739 2.71116 0.562975 5.06678 80 2 25 10 31348 0 
46.6866 17.3748 2.71242 0.562975 5.06678 80 2 25 10 31349 0 
46.7054 17.3757 2.71368 0.562975 5.06678 80 2 25 10 31350 0 
46.7241 17.3766 2.71495 0.562975 5.06678 80 2 25 10 31351 0 
46.7429 17.3775 2.71621 0.562975 5.06678 80 2 25 10 31352 0 
46.7616 17.3784 2.71748 0.562975 5.06678 80 2 25 10 31353 0 
46.7803 17.3793 2.71875 0.562975 5.06678 80 2 25 10 31354 0 
46.7991 17.3802 2.72002 0.562975 5.06678 80 2 25 10 31355 0 
46.8178 17.3811 2.72129 0.562975 5.06678 80 2 25 10 31356 0 
46.8366 17.382 2.72256 0.562975 5.06678 80 2 25 10 31357 0 
46.8553 17.3828 2.72384 0.562975 5.06678 80 2 25 10 31358 0 
46.8741 17.3837 2.72511 0.562975 5.06678 80 2 25 10 31359 0 
46.8928 17.3846 2.72639 0.562975 5.06678 80 2 25 10 31360 0 
46.9116 17.3855 2.72767 0.562975 5.06678 80 2 25 10 31361 0 
46.9303 17.3864 2.72895 0.562975 5.06678 80 2 25 10 31362 0 
46.9491 17.3873 2.73023 0.562975 5.06678 80 2 25 10 31363 0 
46.9678 17.3882 2.73151 0.562975 5.06678 80 2 25 10 31364 0 
46.9865 17.3891 2.7328 0.562975 5.06678 80 2 25 10 31365 0 
47.0053 17.39 2.73408 0.562975 5.06678 80 2 25 10 31366 0 
47.024 17.3909 2.73537 0.562975 5.06678 80 2 25 10 31367 0 
47.0428 17.3918 2.73665 0.562975 5.06678 80 2 25 10 31368 0 
47.0615 17.3927 2.73794 0.562975 5.06678 80 2 25 10 31369 0 
47.0803 17.3936 2.73923 0.562975 5.06678 80 2 25 10 31370 0 
47.099 17.3945 2.74053 0.562975 5.06678 80 2 25 10 31371 0 
47.1178 17.3954 2.74182 0.562975 5.06678 80 2 25 10 31372 0 
47.1365 17.3963 2.74311 0.562975 5.06678 80 2 25 10 31373 0 
47.1553 17.3972 2.74441 0.562975 5.06678 80 2 25 10 31374 0 
47.174 17.3981 2.74571 0.562975 5.06678 80 2 25 10 31375 0 
47.1927 17.399 2.74701 0.562975 5.06678 80 2 25 10 31376 0 
47.2115 17.3999 2.74831 0.562975 5.06678 80 2 25 10 31377 0 
47.2302 17.4008 2.74961 0.562975 5.06678 80 2 25 10 31378 0 
47.249 17.4017 2.75091 0.562975 5.06678 80 2 25 10 31379 0 
47.2677 17.4026 2.75222 0.562975 5.06678 80 2 25 10 31380 0 
47.2865 17.4035 2.75352 0.562975 5.06678 80 2 25 10 31381 0 
47.3052 17.4044 2.75483 0.562975 5.06678 80 2 25 10 31382 0 
47.324 17.4053 2.75614 0.562975 5.06678 80 2 25 10 31383 0 
47.3427 17.4062 2.75745 0.562975 5.06678 80 2 25 10 31384 0 
47.3615 17.4071 2.75876 0.562975 5.06678 80 2 25 10 31385 0 
47.3802 17.408 2.76007 0.562975 5.06678 80 2 25 10 31386 0 
47.3989 17.4089 2.76138 0.562975 5.06678 80 2 25 10 31387 0 
47.4177 17.4098 2.7627 0.562975 5.06678 80 2 25 10 31388 0 
47.4364 17.4107 2.76402 0.562975 5.06678 80 2 25 10 31389 0 
47.4552 17.4116 2.76534 0.562975 5.06678 80 2 25 10 31390 0 
47.4739 17.4125 2.76665 0.562975 5.06678 80 2 25 10 31391 0 
47.4927 17.4134 2.76798 0.562975 5.06678 80 2 25 10 31392 0 
47.5114 17.4143 2.7693 0.562975 5.06678 80 2 25 10 31393 0 
47.5302 17.4152 2.77062 0.562975 5.06678 80 2 25 10 31394 0 
47.5489 17.4161 2.77195 0.562975 5.06678 80 2 25 10 31395 0 
47.5677 17.417 2.77327 0.562975 5.06678 80 2 25 10 31396 0 
47.5864 17.4179 2.7746 0.562975 5.06678 80 2 25 10 31397 0 
47.6051 17.4188 2.77593 0.562975 5.06678 80 2 25 10 31398 0 
47.6239 17.4198 2.77726 0.562975 5.06678 80 2 25 10 31399 0 
47.6426 17.4207 2.7786 0.562975 5.06678 80 2 25 10 31400 0 
47.6614 17.4216 2.77993 0.562975 5.06678 80 2 25 10 31401 0 
47.6801 17.4225 2.78127 0.562975 5.06678 80 2 25 10 31402 0 
47.6989 17.4234 2.7826 0.562975 5.06678 80 2 25 10 31403 0 
47.7176 17.4243 2.78394 0.562975 5.06678 80 2 25 10 31404 0 
47.7364 17.4252 2.78528 0.562975 5.06678 80 2 25 10 31405 0 
47.7551 17.4261 2.78662 0.562975 5.06678 80 2 25 10 31406 0 
47.7739 17.427 2.78796 0.562975 5.06678 80 2 25 10 31407 0 
47.7926 17.428 2.78931 0.562975 5.06678 80 2 25 10 31408 0 
47.8113 17.4289 2.79065 0.562975 5.06678 80 2 25 10 31409 0 
47.8301 17.4298 2.792 0.562975 5.06678 80 2 25 10 31410 0 
47.8488 17.4307 2.79335 0.562975 5.06678 80 2 25 10 31411 0 
47.8676 17.4316 2.7947 0.562975 5.06678 80 2 25 10 31412 0 
47.8863 17.4325 2.79605 0.562975 5.06678 80 2 25 10 31413 0 
47.9051 17.4334 2.79741 0.562975 5.06678 80 2 25 10 31414 0 
47.9238 17.4344 2.79876 0.562975 5.06678 80 2 25 10 31415 0 
47.9426 17.4353 2.80012 0.562975 5.06678 80 2 25 10 31416 0 
47.9613 17.4362 2.80147 0.562975 5.06678 80 2 25 10 31417 0 
47.98 17.4371 2.80283 0.562975 5.06678 80 2 25 10 31418 0 
47.9988 17.438 2.80419 0.562975 5.06678 80 2 25 10 31419 0 
48.0175 17.4389 2.80555 0.562975 5.06678 80 2 25 10 31420 0 
48.0363 17.4399 2.80692 0.562975 5.06678 80 2 25 10 31421 0 
48.055 17.4408 2.80828 0.562975 5.06678 80 2 25 10 31422 0 
48.0737 17.4417 2.80965 0.562975 5.06678 80 2 25 10 31423 0 
48.0925 17.4426 2.81102 0.562975 5.06678 80 2 25 10 31424 0 
48.1112 17.4435 2.81239 0.562975 5.06678 80 2 25 10 31425 0 
48.13 17.4445 2.81376 0.562975 5.06678 80 2 25 10 31426 0 
48.1487 17.4454 2.81513 0.562975 5.06678 80 2 25 10 31427 0 
48.1675 17.4463 2.8165 0.562975 5.06678 80 2 25 10 31428 0 
48.1862 17.4472 2.81788 0.562975 5.06678 80 2 25 10 31429 0 
48.2049 17.4481 2.81925 0.562975 5.06678 80 2 25 10 31430 0 
48.2237 17.4491 2.82063 0.562975 5.06678 80 2 25 10 31431 0 
48.2424 17.45 2.82201 0.562975 5.06678 80 2 25 10 31432 0 
48.2612 17.4509 2.82339 0.562975 5.06678 80 2 25 10 31433 0 
48.2799 17.4518 2.82478 0.562975 5.06678 80 2 25 10 31434 0 
48.2986 17.4528 2.82616 0.562975 5.06678 80 2 25 10 31435 0 
48.3174 17.4537 2.82755 0.562975 5.06678 80 2 25 10 31436 0 
48.3361 17.4546 2.82893 0.562975 5.06678 80 2 25 10 31437 0 
48.3549 17.4555 2.83032 0.562975 5.06678 80 2 25 10 31438 0 
48.3736 17.4565 2.83171 0.562975 5.06678 80 2 25 10 31439 0 
48.3924 17.4574 2.83311 0.562975 5.06678 80 2 25 10 31440 0 
48.4111 17.4583 2.8345 0.562975 5.06678 80 2 25 10 31441 0 
48.4298 17.4593 2.83589 0.562975 5.06678 80 2 25 10 31442 0 
48.4486 17.4602 2.83729 0.562975 5.06678 80 2 25 10 31443 0 
48.4673 17.4611 2.83869 0.562975 5.06678 80 2 25 10 31444 0 
48.4861 17.462 2.84009 0.562975 5.06678 80 2 25 10 31445 0 
48.5048 17.463 2.84149 0.562975 5.06678 80 2 25 10 31446 0 
48.5235 17.4639 2.84289 0.562975 5.06678 80 2 25 10 31447 0 
48.5423 17.4648 2.8443 0.562975 5.06678 80 2 25 10 31448 0 
48.561 17.4658 2.8457 0.562975 5.06678 80 2 25 10 31449 0 
48.5798 17.4667 2.84711 0.562975 5.06678 80 2 25 10 31450 0 
48.5985 17.4676 2.84852 0.562975 5.06678 80 2 25 10 31451 0 
48.6173 17.4686 2.84993 0.562975 5.06678 80 2 25 10 31452 0 
48.636 17.4695 2.85134 0.562975 5.06678 80 2 25 10 31453 0 
48.6547 17.4704 2.85276 0.562975 5.06678 80 2 25 10 31454 0 
48.6735 17.4714 2.85417 0.562975 5.06678 80 2 25 10 31455 0 
48.6922 17.4723 2.85559 0.562975 5.06678 80 2 25 10 31456 0 
48.711 17.4732 2.85701 0.562975 5.06678 80 2 25 10 31457 0 
48.7297 17.4742 2.85843 0.562975 5.06678 80 2 25 10 31458 0 
48.7484 17.4751 2.85985 0.562975 5.06678 80 2 25 10 31459 0 
48.7672 17.476 2.86127 0.562975 5.06678 80 2 25 10 31460 0 
48.7859 17.477 2.8627 0.562975 5.06678 80 2 25 10 31461 0 
48.8047 17.4779 2.86412 0.562975 5.06678 80 2 25 10 31462 0 
48.8234 17.4788 2.86555 0.562975 5.06678 80 2 25 10 31463 0 
48.8422 17.4798 2.86698 0.562975 5.06678 80 2 25 10 31464 0 
48.8609 17.4807 2.86841 0.562975 5.06678 80 2 25 10 31465 0 
48.8796 17.4817 2.86985 0.562975 5.06678 80 2 25 10 31466 0 
48.8984 17.4826 2.87128 0.562975 5.06678 80 2 25 10 31467 0 
48.9171 17.4835 2.87272 0.562975 5.06678 80 2 25 10 31468 0 
48.9359 17.4845 2.87415 0.562975 5.06678 80 2 25 10 31469 0 
48.9546 17.4854 2.87559 0.562975 5.06678 80 2 25 10 31470 0 
48.9733 17.4864 2.87704 0.562975 5.06678 80 2 25 10 31471 0 
48.9921 17.4873 2.87848 0.562975 5.06678 80 2 25 10 31472 0 
49.0108 17.4882 2.87992 0.562975 5.06678 80 2 25 10 31473 0 
49.0296 17.4892 2.88137 0.562975 5.06678 80 2 25 10 31474 0 
49.0483 17.4901 2.88282 0.562975 5.06678 80 2 25 10 31475 0 
49.0671 17.4911 2.88426 0.562975 5.06678 80 2 25 10 31476 0 
49.0858 17.492 2.88572 0.562975 5.06678 80 2 25 10 31477 0 
49.1045 17.493 2.88717 0.562975 5.06678 80 2 25 10 31478 0 
49.1233 17.4939 2.88862 0.562975 5.06678 80 2 25 10 31479 0 
49.142 17.4949 2.89008 0.562975 5.06678 80 2 25 10 31480 0 
49.1608 17.4958 2.89154 0.562975 5.06678 80 2 25 10 31481 0 
49.1795 17.4967 2.89299 0.562975 5.06678 80 2 25 10 31482 0 
49.1982 17.4977 2.89445 0.562975 5.06678 80 2 25 10 31483 0 
49.217 17.4986 2.89592 0.562975 5.06678 80 2 25 10 31484 0 
49.2357 17.4996 2.89738 0.562975 5.06678 80 2 25 10 31485 0 
49.2545 17.5005 2.89885 0.562975 5.06678 80 2 25 10 31486 0 
49.2732 17.5015 2.90031 0.562975 5.06678 80 2 25 10 31487 0 
49.292 17.5024 2.90178 0.562975 5.06678 80 2 25 10 31488 0 
49.3107 17.5034 2.90325 0.562975 5.06678 80 2 25 10 31489 0 
49.3294 17.5043 2.90473 0.562975 5.06678 80 2 25 10 31490 0 
49.3482 17.5053 2.9062 0.562975 5.06678 80 2 25 10 31491 0 
49.3669 17.5062 2.90767 0.562975 5.06678 80 2 25 10 31492 0 
49.3857 17.5072 2.90915 0.562975 5.06678 80 2 25 10 31493 0 
49.4044 17.5081 2.91063 0.562975 5.06678 80 2 25 10 31494 0 
49.4231 17.5091 2.91211 0.562975 5.06678 80 2 25 10 31495 0 
49.4419 17.5101 2.91359 0.562975 5.06678 80 2 25 10 31496 0 
49.4606 17.511 2.91508 0.562975 5.06678 80 2 25 10 31497 0 
49.4794 17.512 2.91656 0.562975 5.06678 80 2 25 10 31498 0 
49.4981 17.5129 2.91805 0.562975 5.06678 80 2 25 10 31499 0 
49.5168 17.5139 2.91954 0.562975 5.06678 80 2 25 10 31500 0 
49.5356 17.5148 2.92103 0.562975 5.06678 80 2 25 10 31501 0 
49.5543 17.5158 2.92253 0.562975 5.06678 80 2 25 10 31502 0 
49.5731 17.5167 2.92402 0.562975 5.06678 80 2 25 10 31503 0 
49.5918 17.5177 2.92552 0.562975 5.06678 80 2 25 10 31504 0 
49.6106 17.5187 2.92701 0.562975 5.06678 80 2 25 10 31505 0 
49.6293 17.5196 2.92851 0.562975 5.06678 80 2 25 10 31506 0 
49.648 17.5206 2.93001 0.562975 5.06678 80 2 25 10 31507 0 
49.6668 17.5215 2.93152 0.562975 5.06678 80 2 25 10 31508 0 
49.6855 17.5225 2.93302 0.562975 5.06678 80 2 25 10 31509 0 
49.7043 17.5235 2.93453 0.562975 5.06678 80 2 25 10 31510 0 
49.723 17.5244 2.93604 0.562975 5.06678 80 2 25 10 31511 0 
49.7417 17.5254 2.93755 0.562975 5.06678 80 2 25 10 31512 0 
49.7605 17.5263 2.93906 0.562975 5.06678 80 2 25 10 31513 0 
49.7792 17.5273 2.94057 0.562975 5.06678 80 2 25 10 31514 0 
49.798 17.5283 2.94209 0.562975 5.06678 80 2 25 10 31515 0 
49.8167 17.5292 2.9436 0.562975 5.06678 80 2 25 10 31516 0 
49.8355 17.5302 2.94512 0.562975 5.06678 80 2 25 10 31517 0 
49.8542 17.5312 2.94664 0.562975 5.06678 80 2 25 10 31518 0 
49.8729 17.5321 2.94817 0.562975 5.06678 80 2 25 10 31519 0 
49.8917 17.5331 2.94969 0.562975 5.06678 80 2 25 10 31520 0 
49.9104 17.534 2.95122 0.562975 5.06678 80 2 25 10 31521 0 
49.9292 17.535 2.95274 0.562975 5.06678 80 2 25 10 31522 0 
49.9479 17.536 2.95427 0.562975 5.06678 80 2 25 10 31523 0 
49.9666 17.5369 2.9558 0.562975 5.06678 80 2 25 10 31524 0 
49.9854 17.5379 2.95734 0.562975 5.06678 80 2 25 10 31525 0 
50.0041 17.5389 2.95887 0.562975 5.06678 80 2 25 10 31526 0 
50.0229 17.5399 2.96041 0.562975 5.06678 80 2 25 10 31527 0 
50.0416 17.5408 2.96195 0.562975 5.06678 80 2 25 10 31528 0 
50.0604 17.5418 2.96349 0.562975 5.06678 80 2 25 10 31529 0 
50.0791 17.5428 2.96503 0.562975 5.06678 80 2 25 10 31530 0 
50.0978 17.5437 2.96657 0.562975 5.06678 80 2 25 10 31531 0 
50.1166 17.5447 2.96812 0.562975 5.06678 80 2 25 10 31532 0 
50.1353 17.5457 2.96967 0.562975 5.06678 80 2 25 10 31533 0 
50.1541 17.5466 2.97122 0.562975 5.06678 80 2 25 10 31534 0 
50.1728 17.5476 2.97277 0.562975 5.06678 80 2 25 10 31535 0 
50.1915 17.5486 2.97432 0.562975 5.06678 80 2 25 10 31536 0 
50.2103 17.5496 2.97587 0.562975 5.06678 80 2 25 10 31537 0 
50.229 17.5505 2.97743 0.562975 5.06678 80 2 25 10 31538 0 
50.2478 17.5515 2.97899 0.562975 5.06678 80 2 25 10 31539 0 
50.2665 17.5525 2.98055 0.562975 5.06678 80 2 25 10 31540 0 
50.2853 17.5535 2.98211 0.562975 5.06678 80 2 25 10 31541 0 
50.304 17.5544 2.98367 0.562975 5.06678 80 2 25 10 31542 0 
50.3227 17.5554 2.98524 0.562975 5.06678 80 2 25 10 31543 0 
50.3415 17.5564 2.98681 0.562975 5.06678 80 2 25 10 31544 0 
50.3602 17.5574 2.98838 0.562975 5.06678 80 2 25 10 31545 0 
50.379 17.5584 2.98995 0.562975 5.06678 80 2 25 10 31546 0 
50.3977 17.5593 2.99152 0.562975 5.06678 80 2 25 10 31547 0 
50.4164 17.5603 2.9931 0.562975 5.06678 80 2 25 10 31548 0 
50.4352 17.5613 2.99467 0.562975 5.06678 80 2 25 10 31549 0 
50.4539 17.5623 2.99625 0.562975 5.06678 80 2 25 10 31550 0 
50.4727 17.5633 2.99783 0.562975 5.06678 80 2 25 10 31551 0 
50.4914 17.5642 2.99942 0.562975 5.06678 80 2 25 10 31552 0 
50.5102 17.5652 3.001 0.562975 5.06678 80 2 25 10 31553 0 
50.5289 17.5662 3.00259 0.562975 5.06678 80 2 25 10 31554 0 
50.5476 17.5672 3.00417 0.562975 5.06678 80 2 25 10 31555 0 
50.5664 17.5682 3.00576 0.562975 5.06678 80 2 25 10 31556 0 
50.5851 17.5692 3.00736 0.562975 5.06678 80 2 25 10 31557 0 
50.6039 17.5701 3.00895 0.562975 5.06678 80 2 25 10 31558 0 
50.6226 17.5711 3.01055 0.562975 5.06678 80 2 25 10 31559 0 
50.6413 17.5721 3.01214 0.562975 5.06678 80 2 25 10 31560 0 
50.6601 17.5731 3.01374 0.562975 5.06678 80 2 25 10 31561 0 
50.6788 17.5741 3.01534 0.562975 5.06678 80 2 25 10 31562 0 
50.6976 17.5751 3.01695 0.562975 5.06678 80 2 25 10 31563 0 
50.7163 17.5761 3.01855 0.562975 5.06678 80 2 25 10 31564 0 
50.7351 17.577 3.02016 0.562975 5.06678 80 2 25 10 31565 0 
50.7538 17.578 3.02177 0.562975 5.06678 80 2 25 10 31566 0 
50.7725 17.579 3.02338 0.562975 5.06678 80 2 25 10 31567 0 
50.7913 17.58 3.02499 0.562975 5.06678 80 2 25 10 31568 0 
50.81 17.581 3.02661 0.562975 5.06678 80 2 25 10 31569 0 
50.8288 17.582 3.02823 0.562975 5.06678 80 2 25 10 31570 0 
50.8475 17.583 3.02984 0.562975 5.06678 80 2 25 10 31571 0 
50.8662 17.584 3.03147 0.562975 5.06678 80 2 25 10 31572 0 
50.885 17.585 3.03309 0.562975 5.06678 80 2 25 10 31573 0 
50.9037 17.586 3.03471 0.562975 5.06678 80 2 25 10 31574 0 
50.9224 17.587 3.03634 0.562975 5.06678 80 2 25 10 31575 0 
50.9412 17.5879 3.03797 0.562975 5.06678 80 2 25 10 31576 0 
50.9599 17.5889 3.0396 0.562975 5.06678 80 2 25 10 31577 0 
50.9787 17.5899 3.04123 0.562975 5.06678 80 2 25 10 31578 0 
50.9974 17.5909 3.04287 0.562975 5.06678 80 2 25 10 31579 0 
51.0161 17.5919 3.0445 0.562975 5.06678 80 2 25 10 31580 0 
51.0349 17.5929 3.04614 0.562975 5.06678 80 2 25 10 31581 0 
51.0536 17.5939 3.04778 0.562975 5.06678 80 2 25 10 31582 0 
51.0723 17.5949 3.04942 0.562975 5.06678 80 2 25 10 31583 0 
51.0911 17.5959 3.05107 0.562975 5.06678 80 2 25 10 31584 0 
51.1098 17.5969 3.05271 0.562975 5.06678 80 2 25 10 31585 0 
51.1286 17.5979 3.05436 0.562975 5.06678 80 2 25 10 31586 0 
51.1473 17.5989 3.05601 0.562975 5.06678 80 2 25 10 31587 0 
51.166 17.5999 3.05766 0.562975 5.06678 80 2 25 10 31588 0 
51.1848 17.6009 3.05932 0.562975 5.06678 80 2 25 10 31589 0 
51.2035 17.6019 3.06098 0.562975 5.06678 80 2 25 10 31590 0 
51.2222 17.6029 3.06263 0.562975 5.06678 80 2 25 10 31591 0 
51.241 17.6039 3.06429 0.562975 5.06678 80 2 25 10 31592 0 
51.2597 17.6049 3.06596 0.562975 5.06678 80 2 25 10 31593 0 
51.2785 17.6059 3.06762 0.562975 5.06678 80 2 25 10 31594 0 
51.2972 17.6069 3.06929 0.562975 5.06678 80 2 25 10 31595 0 
51.3159 17.6079 3.07096 0.562975 5.06678 80 2 25 10 31596 0 
51.3347 17.6089 3.07263 0.562975 5.06678 80 2 25 10 31597 0 
51.3534 17.61 3.0743 0.562975 5.06678 80 2 25 10 31598 0 
51.3722 17.611 3.07597 0.562975 5.06678 80 2 25 10 31599 0 
51.3909 17.612 3.07765 0.562975 5.06678 80 2 25 10 31600 0 
51.4096 17.613 3.07933 0.562975 5.06678 80 2 25 10 31601 0 
51.4284 17.614 3.08101 0.562975 5.06678 80 2 25 10 31602 0 
51.4471 17.615 3.08269 0.562975 5.06678 80 2 25 10 31603 0 
51.4658 17.616 3.08438 0.562975 5.06678 80 2 25 10 31604 0 
51.4846 17.617 3.08607 0.562975 5.06678 80 2 25 10 31605 0 
51.5033 17.618 3.08775 0.562975 5.06678 80 2 25 10 31606 0 
51.5221 17.619 3.08945 0.562975 5.06678 80 2 25 10 31607 0 
51.5408 17.62 3.09114 0.562975 5.06678 80 2 25 10 31608 0 
51.5595 17.6211 3.09283 0.562975 5.06678 80 2 25 10 31609 0 
51.5783 17.6221 3.09453 0.562975 5.06678 80 2 25 10 31610 0 
51.597 17.6231 3.09623 0.562975 5.06678 80 2 25 10 31611 0 
51.6157 17.6241 3.09793 0.562975 5.06678 80 2 25 10 31612 0 
51.6345 17.6251 3.09964 0.562975 5.06678 80 2 25 10 31613 0 
51.6532 17.6261 3.10134 0.562975 5.06678 80 2 25 10 31614 0 
51.672 17.6271 3.10305 0.562975 5.06678 80 2 25 10 31615 0 
51.6907 17.6282 3.10476 0.562975 5.06678 80 2 25 10 31616 0 
51.7094 17.6292 3.10647 0.562975 5.06678 80 2 25 10 31617 0 
51.7282 17.6302 3.10819 0.562975 5.06678 80 2 25 10 31618 0 
51.7469 17.6312 3.1099 0.562975 5.06678 80 2 25 10 31619 0 
51.7656 17.6322 3.11162 0.562975 5.06678 80 2 25 10 31620 0 
51.7844 17.6332 3.11334 0.562975 5.06678 80 2 25 10 31621 0 
51.8031 17.6343 3.11507 0.562975 5.06678 80 2 25 10 31622 0 
51.8219 17.6353 3.11679 0.562975 5.06678 80 2 25 10 31623 0 
51.8406 17.6363 3.11852 0.562975 5.06678 80 2 25 10 31624 0 
51.8593 17.6373 3.12025 0.562975 5.06678 80 2 25 10 31625 0 
51.8781 17.6383 3.12198 0.562975 5.06678 80 2 25 10 31626 0 
51.8968 17.6394 3.12371 0.562975 5.06678 80 2 25 10 31627 0 
51.9155 17.6404 3.12545 0.562975 5.06678 80 2 25 10 31628 0 
51.9343 17.6414 3.12719 0.562975 5.06678 80 2 25 10 31629 0 
51.953 17.6424 3.12893 0.562975 5.06678 80 2 25 10 31630 0 
51.9718 17.6435 3.13067 0.562975 5.06678 80 2 25 10 31631 0 
51.9905 17.6445 3.13241 0.562975 5.06678 80 2 25 10 31632 0 
52.0092 17.6455 3.13416 0.562975 5.06678 80 2 25 10 31633 0 
52.028 17.6465 3.13591 0.562975 5.06678 80 2 25 10 31634 0 
52.0467 17.6476 3.13766 0.562975 5.06678 80 2 25 10 31635 0 
52.0654 17.6486 3.13941 0.562975 5.06678 80 2 25 10 31636 0 
52.0842 17.6496 3.14117 0.562975 5.06678 80 2 25 10 31637 0 
52.1029 17.6506 3.14293 0.562975 5.06678 80 2 25 10 31638 0 
52.1217 17.6517 3.14469 0.562975 5.06678 80 2 25 10 31639 0 
52.1404 17.6527 3.14645 0.562975 5.06678 80 2 25 10 31640 0 
52.1591 17.6537 3.14821 0.562975 5.06678 80 2 25 10 31641 0 
52.1779 17.6548 3.14998 0.562975 5.06678 80 2 25 10 31642 0 
52.1966 17.6558 3.15175 0.562975 5.06678 80 2 25 10 31643 0 
52.2154 17.6568 3.15352 0.562975 5.06678 80 2 25 10 31644 0 
52.2341 17.6579 3.15529 0.562975 5.06678 80 2 25 10 31645 0 
52.2528 17.6589 3.15707 0.562975 5.06678 80 2 25 10 31646 0 
52.2716 17.6599 3.15884 0.562975 5.06678 80 2 25 10 31647 0 
52.2903 17.661 3.16062 0.562975 5.06678 80 2 25 10 31648 0 
52.309 17.662 3.16241 0.562975 5.06678 80 2 25 10 31649 0 
52.3278 17.663 3.16419 0.562975 5.06678 80 2 25 10 31650 0 
52.3465 17.6641 3.16598 0.562975 5.06678 80 2 25 10 31651 0 
52.3653 17.6651 3.16777 0.562975 5.06678 80 2 25 10 31652 0 
52.384 17.6661 3.16956 0.562975 5.06678 80 2 25 10 31653 0 
52.4027 17.6672 3.17135 0.562975 5.06678 80 2 25 10 31654 0 
52.4215 17.6682 3.17315 0.562975 5.06678 80 2 25 10 31655 0 
52.4402 17.6693 3.17495 0.562975 5.06678 80 2 25 10 31656 0 
52.4589 17.6703 3.17675 0.562975 5.06678 80 2 25 10 31657 0 
52.4777 17.6713 3.17855 0.562975 5.06678 80 2 25 10 31658 0 
52.4964 17.6724 3.18036 0.562975 5.06678 80 2 25 10 31659 0 
52.5152 17.6734 3.18216 0.562975 5.06678 80 2 25 10 31660 0 
52.5339 17.6745 3.18397 0.562975 5.06678 80 2 25 10 31661 0 
52.5526 17.6755 3.18578 0.562975 5.06678 80 2 25 10 31662 0 
52.5714 17.6765 3.1876 0.562975 5.06678 80 2 25 10 31663 0 
52.5901 17.6776 3.18942 0.562975 5.06678 80 2 25 10 31664 0 
52.6088 17.6786 3.19123 0.562975 5.06678 80 2 25 10 31665 0 
52.6276 17.6797 3.19306 0.562975 5.06678 80 2 25 10 31666 0 
52.6463 17.6807 3.19488 0.562975 5.06678 80 2 25 10 31667 0 
52.6651 17.6818 3.19671 0.562975 5.06678 80 2 25 10 31668 0 
52.6838 17.6828 3.19853 0.562975 5.06678 80 2 25 10 31669 0 
52.7025 17.6839 3.20037 0.562975 5.06678 80 2 25 10 31670 0 
52.7213 17.6849 3.2022 0.562975 5.06678 80 2 25 10 31671 0 
52.74 17.686 3.20403 0.562975 5.06678 80 2 25 10 31672 0 
52.7587 17.687 3.20587 0.562975 5.06678 80 2 25 10 31673 0 
52.7775 17.6881 3.20771 0.562975 5.06678 80 2 25 10 31674 0 
52.7962 17.6891 3.20955 0.562975 5.06678 80 2 25 10 31675 0 
52.815 17.6902 3.2114 0.562975 5.06678 80 2 25 10 31676 0 
52.8337 17.6912 3.21325 0.562975 5.06678 80 2 25 10 31677 0 
52.8524 17.6923 3.2151 0.562975 5.06678 80 2 25 10 31678 0 
52.8712 17.6933 3.21695 0.562975 5.06678 80 2 25 10 31679 0 
52.8899 17.6944 3.2188 0.562975 5.06678 80 2 25 10 31680 0 
52.9086 17.6954 3.22066 0.562975 5.06678 80 2 25 10 31681 0 
52.9274 17.6965 3.22252 0.562975 5.06678 80 2 25 10 31682 0 
52.9461 17.6975 3.22438 0.562975 5.06678 80 2 25 10 31683 0 
52.9649 17.6986 3.22625 0.562975 5.06678 80 2 25 10 31684 0 
52.9836 17.6996 3.22811 0.562975 5.06678 80 2 25 10 31685 0 
53.0023 17.7007 3.22998 0.562975 5.06678 80 2 25 10 31686 0 
53.0211 17.7017 3.23185 0.562975 5.06678 80 2 25 10 31687 0 
53.0398 17.7028 3.23373 0.562975 5.06678 80 2 25 10 31688 0 
53.0586 17.7039 3.2356 0.562975 5.06678 80 2 25 10 31689 0 
53.0773 17.7049 3.23748 0.562975 5.06678 80 2 25 10 31690 0 
53.096 17.706 3.23936 0.562975 5.06678 80 2 25 10 31691 0 
53.1148 17.707 3.24125 0.562975 5.06678 80 2 25 10 31692 0 
53.1335 17.7081 3.24313 0.562975 5.06678 80 2 25 10 31693 0 
53.1522 17.7092 3.24502 0.562975 5.06678 80 2 25 10 31694 0 
53.171 17.7102 3.24691 0.562975 5.06678 80 2 25 10 31695 0 
53.1897 17.7113 3.24881 0.562975 5.06678 80 2 25 10 31696 0 
53.2084 17.7124 3.2507 0.562975 5.06678 80 2 25 10 31697 0 
53.2272 17.7134 3.2526 0.562975 5.06678 80 2 25 10 31698 0 
53.2459 17.7145 3.2545 0.562975 5.06678 80 2 25 10 31699 0 
53.2646 17.7156 3.25641 0.562975 5.06678 80 2 25 10 31700 0 
53.2834 17.7166 3.25831 0.562975 5.06678 80 2 25 10 31701 0 
53.3021 17.7177 3.26022 0.562975 5.06678 80 2 25 10 31702 0 
53.3208 17.7188 3.26213 0.562975 5.06678 80 2 25 10 31703 0 
53.3396 17.7198 3.26405 0.562975 5.06678 80 2 25 10 31704 0 
53.3583 17.7209 3.26596 0.562975 5.06678 80 2 25 10 31705 0 
53.377 17.722 3.26788 0.562975 5.06678 80 2 25 10 31706 0 
53.3958 17.723 3.2698 0.562975 5.06678 80 2 25 10 31707 0 
53.4145 17.7241 3.27173 0.562975 5.06678 80 2 25 10 31708 0 
53.4332 17.7252 3.27365 0.562975 5.06678 80 2 25 10 31709 0 
53.452 17.7262 3.27558 0.562975 5.06678 80 2 25 10 31710 0 
53.4707 17.7273 3.27751 0.562975 5.06678 80 2 25 10 31711 0 
53.4894 17.7284 3.27945 0.562975 5.06678 80 2 25 10 31712 0 
53.5082 17.7295 3.28138 0.562975 5.06678 80 2 25 10 31713 0 
53.5269 17.7305 3.28332 0.562975 5.06678 80 2 25 10 31714 0 
53.5456 17.7316 3.28526 0.562975 5.06678 80 2 25 10 31715 0 
53.5644 17.7327 3.28721 0.562975 5.06678 80 2 25 10 31716 0 
53.5831 17.7338 3.28915 0.562975 5.06678 80 2 25 10 31717 0 
53.6018 17.7348 3.2911 0.562975 5.06678 80 2 25 10 31718 0 
53.6206 17.7359 3.29306 0.562975 5.06678 80 2 25 10 31719 0 
53.6393 17.737 3.29501 0.562975 5.06678 80 2 25 10 31720 0 
53.658 17.7381 3.29697 0.562975 5.06678 80 2 25 10 31721 0 
53.6768 17.7391 3.29893 0.562975 5.06678 80 2 25 10 31722 0 
53.6955 17.7402 3.30089 0.562975 5.06678 80 2 25 10 31723 0 
53.7142 17.7413 3.30286 0.562975 5.06678 80 2 25 10 31724 0 
53.733 17.7424 3.30482 0.562975 5.06678 80 2 25 10 31725 0 
53.7517 17.7435 3.30679 0.562975 5.06678 80 2 25 10 31726 0 
53.7705 17.7446 3.30877 0.562975 5.06678 80 2 25 10 31727 0 
53.7892 17.7456 3.31074 0.562975 5.06678 80 2 25 10 31728 0 
53.8079 17.7467 3.31272 0.562975 5.06678 80 2 25 10 31729 0 
53.8267 17.7478 3.3147 0.562975 5.06678 80 2 25 10 31730 0 
53.8454 17.7489 3.31668 0.562975 5.06678 80 2 25 10 31731 0 
53.8641 17.75 3.31867 0.562975 5.06678 80 2 25 10 31732 0 
53.8829 17.7511 3.32066 0.562975 5.06678 80 2 25 10 31733 0 
53.9016 17.7522 3.32265 0.562975 5.06678 80 2 25 10 31734 0 
53.9203 17.7532 3.32465 0.562975 5.06678 80 2 25 10 31735 0 
53.9391 17.7543 3.32664 0.562975 5.06678 80 2 25 10 31736 0 
53.9578 17.7554 3.32864 0.562975 5.06678 80 2 25 10 31737 0 
53.9765 17.7565 3.33065 0.562975 5.06678 80 2 25 10 31738 0 
53.9953 17.7576 3.33265 0.562975 5.06678 80 2 25 10 31739 0 
54.014 17.7587 3.33466 0.562975 5.06678 80 2 25 10 31740 0 
54.0327 17.7598 3.33667 0.562975 5.06678 80 2 25 10 31741 0 
54.0515 17.7609 3.33868 0.562975 5.06678 80 2 25 10 31742 0 
54.0702 17.762 3.3407 0.562975 5.06678 80 2 25 10 31743 0 
54.0889 17.7631 3.34272 0.562975 5.06678 80 2 25 10 31744 0 
54.1077 17.7642 3.34474 0.562975 5.06678 80 2 25 10 31745 0 
54.1264 17.7652 3.34676 0.562975 5.06678 80 2 25 10 31746 0 
54.1451 17.7663 3.34879 0.562975 5.06678 80 2 25 10 31747 0 
54.1639 17.7674 3.35082 0.562975 5.06678 80 2 25 10 31748 0 
54.1826 17.7685 3.35285 0.562975 5.06678 80 2 25 10 31749 0 
54.2013 17.7696 3.35489 0.562975 5.06678 80 2 25 10 31750 0 
54.2201 17.7707 3.35693 0.562975 5.06678 80 2 25 10 31751 0 
54.2388 17.7718 3.35897 0.562975 5.06678 80 2 25 10 31752 0 
54.2575 17.7729 3.36101 0.562975 5.06678 80 2 25 10 31753 0 
54.2763 17.774 3.36306 0.562975 5.06678 80 2 25 10 31754 0 
54.295 17.7751 3.36511 0.562975 5.06678 80 2 25 10 31755 0 
54.3137 17.7762 3.36716 0.562975 5.06678 80 2 25 10 31756 0 
54.3325 17.7773 3.36921 0.562975 5.06678 80 2 25 10 31757 0 
54.3512 17.7784 3.37127 0.562975 5.06678 80 2 25 10 31758 0 
54.3699 17.7795 3.37333 0.562975 5.06678 80 2 25 10 31759 0 
54.3887 17.7806 3.37539 0.562975 5.06678 80 2 25 10 31760 0 
54.4074 17.7818 3.37746 0.562975 5.06678 80 2 25 10 31761 0 
54.4261 17.7829 3.37953 0.562975 5.06678 80 2 25 10 31762 0 
54.4449 17.784 3.3816 0.562975 5.06678 80 2 25 10 31763 0 
54.4636 17.7851 3.38368 0.562975 5.06678 80 2 25 10 31764 0 
54.4823 17.7862 3.38575 0.562975 5.06678 80 2 25 10 31765 0 
54.5011 17.7873 3.38784 0.562975 5.06678 80 2 25 10 31766 0 
54.5198 17.7884 3.38992 0.562975 5.06678 80 2 25 10 31767 0 
54.5385 17.7895 3.39201 0.562975 5.06678 80 2 25 10 31768 0 
54.5573 17.7906 3.39409 0.562975 5.06678 80 2 25 10 31769 0 
54.576 17.7917 3.39619 0.562975 5.06678 80 2 25 10 31770 0 
54.5947 17.7928 3.39828 0.562975 5.06678 80 2 25 10 31771 0 
54.6135 17.7939 3.40038 0.562975 5.06678 80 2 25 10 31772 0 
54.6322 17.7951 3.40248 0.562975 5.06678 80 2 25 10 31773 0 
54.6509 17.7962 3.40458 0.562975 5.06678 80 2 25 10 31774 0 
54.6697 17.7973 3.40669 0.562975 5.06678 80 2 25 10 31775 0 
54.6884 17.7984 3.4088 0.562975 5.06678 80 2 25 10 31776 0 
54.7071 17.7995 3.41091 0.562975 5.06678 80 2 25 10 31777 0 
54.7259 17.8006 3.41303 0.562975 5.06678 80 2 25 10 31778 0 
54.7446 17.8018 3.41515 0.562975 5.06678 80 2 25 10 31779 0 
54.7634 17.8029 3.41727 0.562975 5.06678 80 2 25 10 31780 0 
54.7821 17.804 3.41939 0.562975 5.06678 80 2 25 10 31781 0 
54.8008 17.8051 3.42152 0.562975 5.06678 80 2 25 10 31782 0 
54.8196 17.8062 3.42365 0.562975 5.06678 80 2 25 10 31783 0 
54.8383 17.8074 3.42578 0.562975 5.06678 80 2 25 10 31784 0 
54.857 17.8085 3.42792 0.562975 5.06678 80 2 25 10 31785 0 
54.8758 17.8096 3.43006 0.562975 5.06678 80 2 25 10 31786 0 
54.8945 17.8107 3.4322 0.562975 5.06678 80 2 25 10 31787 0 
54.9132 17.8118 3.43435 0.562975 5.06678 80 2 25 10 31788 0 
54.932 17.813 3.4365 0.562975 5.06678 80 2 25 10 31789 0 
54.9507 17.8141 3.43865 0.562975 5.06678 80 2 25 10 31790 0 
54.9694 17.8152 3.4408 0.562975 5.06678 80 2 25 10 31791 0 
54.9882 17.8163 3.44296 0.562975 5.06678 80 2 25 10 31792 0 
55.0069 17.8175 3.44512 0.562975 5.06678 80 2 25 10 31793 0 
55.0256 17.8186 3.44728 0.562975 5.06678 80 2 25 10 31794 0 
55.0443 17.8197 3.44945 0.562975 5.06678 80 2 25 10 31795 0 
55.0631 17.8209 3.45162 0.562975 5.06678 80 2 25 10 31796 0 
55.0818 17.822 3.45379 0.562975 5.06678 80 2 25 10 31797 0 
55.1005 17.8231 3.45597 0.562975 5.06678 80 2 25 10 31798 0 
55.1193 17.8242 3.45815 0.562975 5.06678 80 2 25 10 31799 0 
55.138 17.8254 3.46033 0.562975 5.06678 80 2 25 10 31800 0 
55.1567 17.8265 3.46251 0.562975 5.06678 80 2 25 10 31801 0 
55.1755 17.8276 3.4647 0.562975 5.06678 80 2 25 10 31802 0 
55.1942 17.8288 3.46689 0.562975 5.06678 80 2 25 10 31803 0 
55.2129 17.8299 3.46909 0.562975 5.06678 80 2 25 10 31804 0 
55.2316 17.831 3.47129 0.562975 5.06678 80 2 25 10 31805 0 
55.2504 17.8322 3.47349 0.562975 5.06678 80 2 25 10 31806 0 
55.2691 17.8333 3.47569 0.562975 5.06678 80 2 25 10 31807 0 
55.2878 17.8345 3.4779 0.562975 5.06678 80 2 25 10 31808 0 
55.3066 17.8356 3.48011 0.562975 5.06678 80 2 25 10 31809 0 
55.3253 17.8367 3.48232 0.562975 5.06678 80 2 25 10 31810 0 
55.344 17.8379 3.48454 0.562975 5.06678 80 2 25 10 31811 0 
55.3628 17.839 3.48676 0.562975 5.06678 80 2 25 10 31812 0 
55.3815 17.8402 3.48898 0.562975 5.06678 80 2 25 10 31813 0 
55.4002 17.8413 3.49121 0.562975 5.06678 80 2 25 10 31814 0 
55.4189 17.8424 3.49343 0.562975 5.06678 80 2 25 10 31815 0 
55.4377 17.8436 3.49567 0.562975 5.06678 80 2 25 10 31816 0 
55.4564 17.8447 3.4979 0.562975 5.06678 80 2 25 10 31817 0 
55.4751 17.8459 3.50014 0.562975 5.06678 80 2 25 10 31818 0 
55.4939 17.847 3.50238 0.562975 5.06678 80 2 25 10 31819 0 
55.5126 17.8482 3.50463 0.562975 5.06678 80 2 25 10 31820 0 
55.5313 17.8493 3.50688 0.562975 5.06678 80 2 25 10 31821 0 
55.5501 17.8505 3.50913 0.562975 5.06678 80 2 25 10 31822 0 
55.5688 17.8516 3.51138 0.562975 5.06678 80 2 25 10 31823 0 
55.5875 17.8528 3.51364 0.562975 5.06678 80 2 25 10 31824 0 
55.6062 17.8539 3.5159 0.562975 5.06678 80 2 25 10 31825 0 
55.625 17.8551 3.51817 0.562975 5.06678 80 2 25 10 31826 0 
55.6437 17.8562 3.52044 0.562975 5.06678 80 2 25 10 31827 0 
55.6624 17.8574 3.52271 0.562975 5.06678 80 2 25 10 31828 0 
55.6812 17.8585 3.52498 0.562975 5.06678 80 2 25 10 31829 0 
55.6999 17.8597 3.52726 0.562975 5.06678 80 2 25 10 31830 0 
55.7186 17.8608 3.52954 0.562975 5.06678 80 2 25 10 31831 0 
55.7374 17.862 3.53183 0.562975 5.06678 80 2 25 10 31832 0 
55.7561 17.8631 3.53411 0.562975 5.06678 80 2 25 10 31833 0 
55.7748 17.8643 3.5364 0.562975 5.06678 80 2 25 10 31834 0 
55.7935 17.8655 3.5387 0.562975 5.06678 80 2 25 10 31835 0 
55.8123 17.8666 3.541 0.562975 5.06678 80 2 25 10 31836 0 
55.831 17.8678 3.5433 0.562975 5.06678 80 2 25 10 31837 0 
55.8497 17.8689 3.5456 0.562975 5.06678 80 2 25 10 31838 0 
55.8685 17.8701 3.54791 0.562975 5.06678 80 2 25 10 31839 0 
55.8872 17.8713 3.55022 0.562975 5.06678 80 2 25 10 31840 0 
55.9059 17.8724 3.55254 0.562975 5.06678 80 2 25 10 31841 0 
55.9247 17.8736 3.55486 0.562975 5.06678 80 2 25 10 31842 0 
55.9434 17.8747 3.55718 0.562975 5.06678 80 2 25 10 31843 0 
55.9621 17.8759 3.5595 0.562975 5.06678 80 2 25 10 31844 0 
55.9809 17.8771 3.56183 0.562975 5.06678 80 2 25 10 31845 0 
55.9996 17.8782 3.56416 0.562975 5.06678 80 2 25 10 31846 0 
56.0183 17.8794 3.5665 0.562975 5.06678 80 2 25 10 31847 0 
56.037 17.8806 3.56884 0.562975 5.06678 80 2 25 10 31848 0 
56.0558 17.8817 3.57118 0.562975 5.06678 80 2 25 10 31849 0 
56.0745 17.8829 3.57352 0.562975 5.06678 80 2 25 10 31850 0 
56.0932 17.8841 3.57587 0.562975 5.06678 80 2 25 10 31851 0 
56.112 17.8852 3.57823 0.562975 5.06678 80 2 25 10 31852 0 
56.1307 17.8864 3.58058 0.562975 5.06678 80 2 25 10 31853 0 
56.1494 17.8876 3.58294 0.562975 5.06678 80 2 25 10 31854 0 
56.1682 17.8888 3.5853 0.562975 5.06678 80 2 25 10 31855 0 
56.1869 17.8899 3.58767 0.562975 5.06678 80 2 25 10 31856 0 
56.2056 17.8911 3.59004 0.562975 5.06678 80 2 25 10 31857 0 
56.2243 17.8923 3.59241 0.562975 5.06678 80 2 25 10 31858 0 
56.2431 17.8935 3.59479 0.562975 5.06678 80 2 25 10 31859 0 
56.2618 17.8946 3.59717 0.562975 5.06678 80 2 25 10 31860 0 
56.2805 17.8958 3.59956 0.562975 5.06678 80 2 25 10 31861 0 
56.2993 17.897 3.60194 0.562975 5.06678 80 2 25 10 31862 0 
56.318 17.8982 3.60434 0.562975 5.06678 80 2 25 10 31863 0 
56.3367 17.8993 3.60673 0.562975 5.06678 80 2 25 10 31864 0 
56.3555 17.9005 3.60913 0.562975 5.06678 80 2 25 10 31865 0 
56.3742 17.9017 3.61153 0.562975 5.06678 80 2 25 10 31866 0 
56.3929 17.9029 3.61394 0.562975 5.06678 80 2 25 10 31867 0 
56.4116 17.9041 3.61635 0.562975 5.06678 80 2 25 10 31868 0 
56.4304 17.9053 3.61876 0.562975 5.06678 80 2 25 10 31869 0 
56.4491 17.9064 3.62118 0.562975 5.06678 80 2 25 10 31870 0 
56.4678 17.9076 3.6236 0.562975 5.06678 80 2 25 10 31871 0 
56.4866 17.9088 3.62602 0.562975 5.06678 80 2 25 10 31872 0 
56.5053 17.91 3.62845 0.562975 5.06678 80 2 25 10 31873 0 
56.524 17.9112 3.63088 0.562975 5.06678 80 2 25 10 31874 0 
56.5427 17.9124 3.63331 0.562975 5.06678 80 2 25 10 31875 0 
56.5615 17.9136 3.63575 0.562975 5.06678 80 2 25 10 31876 0 
56.5802 17.9148 3.63819 0.562975 5.06678 80 2 25 10 31877 0 
56.5989 17.9159 3.64064 0.562975 5.06678 80 2 25 10 31878 0 
56.6177 17.9171 3.64309 0.562975 5.06678 80 2 25 10 31879 0 
56.6364 17.9183 3.64554 0.562975 5.06678 80 2 25 10 31880 0 
56.6551 17.9195 3.648 0.562975 5.06678 80 2 25 10 31881 0 
56.6738 17.9207 3.65046 0.562975 5.06678 80 2 25 10 31882 0 
56.6926 17.9219 3.65292 0.562975 5.06678 80 2 25 10 31883 0 
56.7113 17.9231 3.65539 0.562975 5.06678 80 2 25 10 31884 0 
56.73 17.9243 3.65786 0.562975 5.06678 80 2 25 10 31885 0 
56.7487 17.9255 3.66034 0.562975 5.06678 80 2 25 10 31886 0 
56.7675 17.9267 3.66282 0.562975 5.06678 80 2 25 10 31887 0 
56.7862 17.9279 3.6653 0.562975 5.06678 80 2 25 10 31888 0 
56.8049 17.9291 3.66779 0.562975 5.06678 80 2 25 10 31889 0 
56.8236 17.9303 3.67028 0.562975 5.06678 80 2 25 10 31890 0 
56.8424 17.9315 3.67278 0.562975 5.06678 80 2 25 10 31891 0 
56.8611 17.9327 3.67527 0.562975 5.06678 80 2 25 10 31892 0 
56.8798 17.9339 3.67778 0.562975 5.06678 80 2 25 10 31893 0 
56.8985 17.9351 3.68028 0.562975 5.06678 80 2 25 10 31894 0 
56.9173 17.9363 3.68279 0.562975 5.06678 80 2 25 10 31895 0 
56.936 17.9375 3.68531 0.562975 5.06678 80 2 25 10 31896 0 
56.9547 17.9387 3.68782 0.562975 5.06678 80 2 25 10 31897 0 
56.9735 17.9399 3.69034 0.562975 5.06678 80 2 25 10 31898 0 
56.9922 17.9411 3.69287 0.562975 5.06678 80 2 25 10 31899 0 
57.0109 17.9424 3.6954 0.562975 5.06678 80 2 25 10 31900 0 
57.0296 17.9436 3.69793 0.562975 5.06678 80 2 25 10 31901 0 
57.0484 17.9448 3.70047 0.562975 5.06678 80 2 25 10 31902 0 
57.0671 17.946 3.70301 0.562975 5.06678 80 2 25 10 31903 0 
57.0858 17.9472 3.70555 0.562975 5.06678 80 2 25 10 31904 0 
57.1045 17.9484 3.7081 0.562975 5.06678 80 2 25 10 31905 0 
57.1233 17.9496 3.71066 0.562975 5.06678 80 2 25 10 31906 0 
57.142 17.9508 3.71321 0.562975 5.06678 80 2 25 10 31907 0 
57.1607 17.952 3.71577 0.562975 5.06678 80 2 25 10 31908 0 
57.1794 17.9533 3.71834 0.562975 5.06678 80 2 25 10 31909 0 
57.1982 17.9545 3.72091 0.562975 5.06678 80 2 25 10 31910 0 
57.2169 17.9557 3.72348 0.562975 5.06678 80 2 25 10 31911 0 
57.2356 17.9569 3.72606 0.562975 5.06678 80 2 25 10 31912 0 
57.2543 17.9581 3.72864 0.562975 5.06678 80 2 25 10 31913 0 
57.2731 17.9594 3.73122 0.562975 5.06678 80 2 25 10 31914 0 
57.2918 17.9606 3.73381 0.562975 5.06678 80 2 25 10 31915 0 
57.3105 17.9618 3.7364 0.562975 5.06678 80 2 25 10 31916 0 
57.3293 17.963 3.739 0.562975 5.06678 80 2 25 10 31917 0 
57.348 17.9642 3.7416 0.562975 5.06678 80 2 25 10 31918 0 
57.3667 17.9655 3.7442 0.562975 5.06678 80 2 25 10 31919 0 
57.3854 17.9667 3.74681 0.562975 5.06678 80 2 25 10 31920 0 
57.4042 17.9679 3.74943 0.562975 5.06678 80 2 25 10 31921 0 
57.4229 17.9692 3.75204 0.562975 5.06678 80 2 25 10 31922 0 
57.4416 17.9704 3.75467 0.562975 5.06678 80 2 25 10 31923 0 
57.4603 17.9716 3.75729 0.562975 5.06678 80 2 25 10 31924 0 
57.4791 17.9728 3.75992 0.562975 5.06678 80 2 25 10 31925 0 
57.4978 17.9741 3.76255 0.562975 5.06678 80 2 25 10 31926 0 
57.5165 17.9753 3.76519 0.562975 5.06678 80 2 25 10 31927 0 
57.5352 17.9765 3.76783 0.562975 5.06678 80 2 25 10 31928 0 
57.554 17.9778 3.77048 0.562975 5.06678 80 2 25 10 31929 0 
57.5727 17.979 3.77313 0.562975 5.06678 80 2 25 10 31930 0 
57.5914 17.9802 3.77578 0.562975 5.06678 80 2 25 10 31931 0 
57.6101 17.9815 3.77844 0.562975 5.06678 80 2 25 10 31932 0 
57.6289 17.9827 3.78111 0.562975 5.06678 80 2 25 10 31933 0 
57.6476 17.9839 3.78377 0.562975 5.06678 80 2 25 10 31934 0 
57.6663 17.9852 3.78645 0.562975 5.06678 80 2 25 10 31935 0 
57.6851 17.9864 3.78912 0.562975 5.06678 80 2 25 10 31936 0 
57.7038 17.9877 3.7918 0.562975 5.06678 80 2 25 10 31937 0 
57.7225 17.9889 3.79448 0.562975 5.06678 80 2 25 10 31938 0 
57.7412 17.9901 3.79717 0.562975 5.06678 80 2 25 10 31939 0 
57.76 17.9914 3.79987 0.562975 5.06678 80 2 25 10 31940 0 
57.7787 17.9926 3.80256 0.562975 5.06678 80 2 25 10 31941 0 
57.7974 17.9939 3.80526 0.562975 5.06678 80 2 25 10 31942 0 
57.8161 17.9951 3.80797 0.562975 5.06678 80 2 25 10 31943 0 
57.8349 17.9964 3.81068 0.562975 5.06678 80 2 25 10 31944 0 
57.8536 17.9976 3.81339 0.562975 5.06678 80 2 25 10 31945 0 
57.8723 17.9989 3.81611 0.562975 5.06678 80 2 25 10 31946 0 
57.891 18.0001 3.81884 0.562975 5.06678 80 2 25 10 31947 0 
57.9098 18.0014 3.82156 0.562975 5.06678 80 2 25 10 31948 0 
57.9285 18.0026 3.8243 0.562975 5.06678 80 2 25 10 31949 0 
57.9472 18.0039 3.82703 0.562975 5.06678 80 2 25 10 31950 0 
57.9659 18.0051 3.82977 0.562975 5.06678 80 2 25 10 31951 0 
57.9846 18.0064 3.83252 0.562975 5.06678 80 2 25 10 31952 0 
58.0034 18.0076 3.83527 0.562975 5.06678 80 2 25 10 31953 0 
58.0221 18.0089 3.83802 0.562975 5.06678 80 2 25 10 31954 0 
58.0408 18.0101 3.84078 0.562975 5.06678 80 2 25 10 31955 0 
58.0595 18.0114 3.84354 0.562975 5.06678 80 2 25 10 31956 0 
58.0783 18.0127 3.84631 0.562975 5.06678 80 2 25 10 31957 0 
58.097 18.0139 3.84908 0.562975 5.06678 80 2 25 10 31958 0 
58.1157 18.0152 3.85186 0.562975 5.06678 80 2 25 10 31959 0 
58.1344 18.0164 3.85464 0.562975 5.06678 80 2 25 10 31960 0 
58.1531 18.0177 3.85742 0.562975 5.06678 80 2 25 10 31961 0 
58.1719 18.019 3.86021 0.562975 5.06678 80 2 25 10 31962 0 
58.1906 18.0202 3.86301 0.562975 5.06678 80 2 25 10 31963 0 
58.2093 18.0215 3.8658 0.562975 5.06678 80 2 25 10 31964 0 
58.228 18.0227 3.86861 0.562975 5.06678 80 2 25 10 31965 0 
58.2468 18.024 3.87142 0.562975 5.06678 80 2 25 10 31966 0 
58.2655 18.0253 3.87423 0.562975 5.06678 80 2 25 10 31967 0 
58.2842 18.0265 3.87705 0.562975 5.06678 80 2 25 10 31968 0 
58.3029 18.0278 3.87987 0.562975 5.06678 80 2 25 10 31969 0 
58.3216 18.0291 3.88269 0.562975 5.06678 80 2 25 10 31970 0 
58.3404 18.0304 3.88552 0.562975 5.06678 80 2 25 10 31971 0 
58.3591 18.0316 3.88836 0.562975 5.06678 80 2 25 10 31972 0 
58.3778 18.0329 3.8912 0.562975 5.06678 80 2 25 10 31973 0 
58.3965 18.0342 3.89405 0.562975 5.06678 80 2 25 10 31974 0 
58.4153 18.0354 3.8969 0.562975 5.06678 80 2 25 10 31975 0 
58.434 18.0367 3.89975 0.562975 5.06678 80 2 25 10 31976 0 
58.4527 18.038 3.90261 0.562975 5.06678 80 2 25 10 31977 0 
58.4714 18.0393 3.90547 0.562975 5.06678 80 2 25 10 31978 0 
58.4902 18.0406 3.90834 0.562975 5.06678 80 2 25 10 31979 0 
58.5089 18.0418 3.91121 0.562975 5.06678 80 2 25 10 31980 0 
58.5276 18.0431 3.91409 0.562975 5.06678 80 2 25 10 31981 0 
58.5463 18.0444 3.91697 0.562975 5.06678 80 2 25 10 31982 0 
58.565 18.0457 3.91986 0.562975 5.06678 80 2 25 10 31983 0 
58.5838 18.047 3.92275 0.562975 5.06678 80 2 25 10 31984 0 
58.6025 18.0482 3.92565 0.562975 5.06678 80 2 25 10 31985 0 
58.6212 18.0495 3.92855 0.562975 5.06678 80 2 25 10 31986 0 
58.6399 18.0508 3.93146 0.562975 5.06678 80 2 25 10 31987 0 
58.6587 18.0521 3.93437 0.562975 5.06678 80 2 25 10 31988 0 
58.6774 18.0534 3.93729 0.562975 5.06678 80 2 25 10 31989 0 
58.6961 18.0547 3.94021 0.562975 5.06678 80 2 25 10 31990 0 
58.7148 18.056 3.94314 0.562975 5.06678 80 2 25 10 31991 0 
58.7335 18.0573 3.94607 0.562975 5.06678 80 2 25 10 31992 0 
58.7523 18.0586 3.949 0.562975 5.06678 80 2 25 10 31993 0 
58.771 18.0598 3.95194 0.562975 5.06678 80 2 25 10 31994 0 
58.7897 18.0611 3.95489 0.562975 5.06678 80 2 25 10 31995 0 
58.8084 18.0624 3.95784 0.562975 5.06678 80 2 25 10 31996 0 
58.8272 18.0637 3.9608 0.562975 5.06678 80 2 25 10 31997 0 
58.8459 18.065 3.96376 0.562975 5.06678 80 2 25 10 31998 0 
58.8646 18.0663 3.96672 0.562975 5.06678 80 2 25 10 31999 0 
58.8833 18.0676 3.96969 0.562975 5.06678 80 2 25 10 32000 0 
58.902 18.0689 3.97267 0.562975 5.06678 80 2 25 10 32001 0 
58.9208 18.0702 3.97565 0.562975 5.06678 80 2 25 10 32002 0 
58.9395 18.0715 3.97863 0.562975 5.06678 80 2 25 10 32003 0 
58.9582 18.0728 3.98163 0.562975 5.06678 80 2 25 10 32004 0 
58.9769 18.0741 3.98462 0.562975 5.06678 80 2 25 10 32005 0 
58.9956 18.0754 3.98762 0.562975 5.06678 80 2 25 10 32006 0 
59.0144 18.0767 3.99063 0.562975 5.06678 80 2 25 10 32007 0 
59.0331 18.078 3.99364 0.562975 5.06678 80 2 25 10 32008 0 
59.0518 18.0794 3.99665 0.562975 5.06678 80 2 25 10 32009 0 
59.0705 18.0807 3.99968 0.562975 5.06678 80 2 25 10 32010 0 
59.0892 18.082 4.0027 0.562975 5.06678 80 2 25 10 32011 0 
59.108 18.0833 4.00573 0.562975 5.06678 80 2 25 10 32012 0 
59.1267 18.0846 4.00877 0.562975 5.06678 80 2 25 10 32013 0 
59.1454 18.0859 4.01181 0.562975 5.06678 80 2 25 10 32014 0 
59.1641 18.0872 4.01486 0.562975 5.06678 80 2 25 10 32015 0 
59.1828 18.0885 4.01791 0.562975 5.06678 80 2 25 10 32016 0 
59.2016 18.0898 4.02097 0.562975 5.06678 80 2 25 10 32017 0 
59.2203 18.0912 4.02403 0.562975 5.06678 80 2 25 10 32018 0 
59.239 18.0925 4.0271 0.562975 5.06678 80 2 25 10 32019 0 
59.2577 18.0938 4.03017 0.562975 5.06678 80 2 25 10 32020 0 
59.2764 18.0951 4.03325 0.562975 5.06678 80 2 25 10 32021 0 
59.2951 18.0964 4.03633 0.562975 5.06678 80 2 25 10 32022 0 
59.3139 18.0978 4.03942 0.562975 5.06678 80 2 25 10 32023 0 
59.3326 18.0991 4.04252 0.562975 5.06678 80 2 25 10 32024 0 
59.3513 18.1004 4.04562 0.562975 5.06678 80 2 25 10 32025 0 
59.37 18.1017 4.04872 0.562975 5.06678 80 2 25 10 32026 0 
59.3887 18.103 4.05183 0.562975 5.06678 80 2 25 10 32027 0 
59.4075 18.1044 4.05495 0.562975 5.06678 80 2 25 10 32028 0 
59.4262 18.1057 4.05807 0.562975 5.06678 80 2 25 10 32029 0 
59.4449 18.107 4.0612 0.562975 5.06678 80 2 25 10 32030 0 
59.4636 18.1084 4.06433 0.562975 5.06678 80 2 25 10 32031 0 
59.4823 18.1097 4.06747 0.562975 5.06678 80 2 25 10 32032 0 
59.5011 18.111 4.07061 0.562975 5.06678 80 2 25 10 32033 0 
59.5198 18.1123 4.07376 0.562975 5.06678 80 2 25 10 32034 0 
59.5385 18.1137 4.07691 0.562975 5.06678 80 2 25 10 32035 0 
59.5572 18.115 4.08007 0.562975 5.06678 80 2 25 10 32036 0 
59.5759 18.1164 4.08324 0.562975 5.06678 80 2 25 10 32037 0 
59.5946 18.1177 4.08641 0.562975 5.06678 80 2 25 10 32038 0 
59.6134 18.119 4.08958 0.562975 5.06678 80 2 25 10 32039 0 
59.6321 18.1204 4.09276 0.562975 5.06678 80 2 25 10 32040 0 
59.6508 18.1217 4.09595 0.562975 5.06678 80 2 25 10 32041 0 
59.6695 18.123 4.09914 0.562975 5.06678 80 2 25 10 32042 0 
59.6882 18.1244 4.10234 0.562975 5.06678 80 2 25 10 32043 0 
59.707 18.1257 4.10555 0.562975 5.06678 80 2 25 10 32044 0 
59.7257 18.1271 4.10875 0.562975 5.06678 80 2 25 10 32045 0 
59.7444 18.1284 4.11197 0.562975 5.06678 80 2 25 10 32046 0 
59.7631 18.1298 4.11519 0.562975 5.06678 80 2 25 10 32047 0 
59.7818 18.1311 4.11842 0.562975 5.06678 80 2 25 10 32048 0 
59.8006 18.1325 4.12165 0.562975 5.06678 80 2 25 10 32049 0 
59.8193 18.1338 4.12489 0.562975 5.06678 80 2 25 10 32050 0 
59.838 18.1352 4.12813 0.562975 5.06678 80 2 25 10 32051 0 
59.8567 18.1365 4.13138 0.562975 5.06678 80 2 25 10 32052 0 
59.8754 18.1379 4.13463 0.562975 5.06678 80 2 25 10 32053 0 
59.8941 18.1392 4.1379 0.562975 5.06678 80 2 25 10 32054 0 
59.9129 18.1406 4.14116 0.562975 5.06678 80 2 25 10 32055 0 
59.9316 18.1419 4.14443 0.562975 5.06678 80 2 25 10 32056 0 
59.9503 18.1433 4.14771 0.562975 5.06678 80 2 25 10 32057 0 
59.969 18.1446 4.151 0.562975 5.06678 80 2 25 10 32058 0 
59.9877 18.146 4.15429 0.562975 5.06678 80 2 25 10 32059 0 
60.0064 18.1473 4.15758 0.562975 5.06678 80 2 25 10 32060 0 
60.0252 18.1487 4.16088 0.562975 5.06678 80 2 25 10 32061 0 
60.0439 18.1501 4.16419 0.562975 5.06678 80 2 25 10 32062 0 
60.0626 18.1514 4.16751 0.562975 5.06678 80 2 25 10 32063 0 
60.0813 18.1528 4.17083 0.562975 5.06678 80 2 25 10 32064 0 
60.1 18.1542 4.17415 0.562975 5.06678 80 2 25 10 32065 0 
60.1187 18.1555 4.17748 0.562975 5.06678 80 2 25 10 32066 0 
60.1374 18.1569 4.18082 0.562975 5.06678 80 2 25 10 32067 0 
60.1562 18.1583 4.18416 0.562975 5.06678 80 2 25 10 32068 0 
60.1749 18.1596 4.18751 0.562975 5.06678 80 2 25 10 32069 0 
60.1936 18.161 4.19087 0.562975 5.06678 80 2 25 10 32070 0 
60.2123 18.1624 4.19423 0.562975 5.06678 80 2 25 10 32071 0 
60.231 18.1637 4.1976 0.562975 5.06678 80 2 25 10 32072 0 
60.2497 18.1651 4.20097 0.562975 5.06678 80 2 25 10 32073 0 
60.2685 18.1665 4.20435 0.562975 5.06678 80 2 25 10 32074 0 
60.2872 18.1679 4.20773 0.562975 5.06678 80 2 25 10 32075 0 
60.3059 18.1692 4.21113 0.562975 5.06678 80 2 25 10 32076 0 
60.3246 18.1706 4.21452 0.562975 5.06678 80 2 25 10 32077 0 
60.3433 18.172 4.21793 0.562975 5.06678 80 2 25 10 32078 0 
60.362 18.1734 4.22134 0.562975 5.06678 80 2 25 10 32079 0 
60.3807 18.1748 4.22476 0.562975 5.06678 80 2 25 10 32080 0 
60.3995 18.1761 4.22818 0.562975 5.06678 80 2 25 10 32081 0 
60.4182 18.1775 4.23161 0.562975 5.06678 80 2 25 10 32082 0 
60.4369 18.1789 4.23504 0.562975 5.06678 80 2 25 10 32083 0 
60.4556 18.1803 4.23848 0.562975 5.06678 80 2 25 10 32084 0 
60.4743 18.1817 4.24193 0.562975 5.06678 80 2 25 10 32085 0 
60.493 18.1831 4.24539 0.562975 5.06678 80 2 25 10 32086 0 
60.5117 18.1845 4.24885 0.562975 5.06678 80 2 25 10 32087 0 
60.5305 18.1859 4.25231 0.562975 5.06678 80 2 25 10 32088 0 
60.5492 18.1872 4.25579 0.562975 5.06678 80 2 25 10 32089 0 
60.5679 18.1886 4.25927 0.562975 5.06678 80 2 25 10 32090 0 
60.5866 18.19 4.26275 0.562975 5.06678 80 2 25 10 32091 0 
60.6053 18.1914 4.26624 0.562975 5.06678 80 2 25 10 32092 0 
60.624 18.1928 4.26974 0.562975 5.06678 80 2 25 10 32093 0 
60.6427 18.1942 4.27325 0.562975 5.06678 80 2 25 10 32094 0 
60.6615 18.1956 4.27676 0.562975 5.06678 80 2 25 10 32095 0 
60.6802 18.197 4.28028 0.562975 5.06678 80 2 25 10 32096 0 
60.6989 18.1984 4.2838 0.562975 5.06678 80 2 25 10 32097 0 
60.7176 18.1998 4.28734 0.562975 5.06678 80 2 25 10 32098 0 
60.7363 18.2012 4.29087 0.562975 5.06678 80 2 25 10 32099 0 
60.755 18.2026 4.29442 0.562975 5.06678 80 2 25 10 32100 0 
60.7738 18.204 4.29797 0.562975 5.06678 80 2 25 10 32101 0 
60.7925 18.2054 4.30153 0.562975 5.06678 80 2 25 10 32102 0 
60.8112 18.2069 4.30509 0.562975 5.06678 80 2 25 10 32103 0 
60.8299 18.2083 4.30866 0.562975 5.06678 80 2 25 10 32104 0 
60.8486 18.2097 4.31224 0.562975 5.06678 80 2 25 10 32105 0 
60.8673 18.2111 4.31582 0.562975 5.06678 80 2 25 10 32106 0 
60.886 18.2125 4.31942 0.562975 5.06678 80 2 25 10 32107 0 
60.9047 18.2139 4.32301 0.562975 5.06678 80 2 25 10 32108 0 
60.9234 18.2153 4.32662 0.562975 5.06678 80 2 25 10 32109 0 
60.9422 18.2167 4.33023 0.562975 5.06678 80 2 25 10 32110 0 
60.9609 18.2182 4.33385 0.562975 5.06678 80 2 25 10 32111 0 
60.9796 18.2196 4.33747 0.562975 5.06678 80 2 25 10 32112 0 
60.9983 18.221 4.3411 0.562975 5.06678 80 2 25 10 32113 0 
61.017 18.2224 4.34474 0.562975 5.06678 80 2 25 10 32114 0 
61.0357 18.2238 4.34839 0.562975 5.06678 80 2 25 10 32115 0 
61.0544 18.2253 4.35204 0.562975 5.06678 80 2 25 10 32116 0 
61.0731 18.2267 4.3557 0.562975 5.06678 80 2 25 10 32117 0 
61.0918 18.2281 4.35936 0.562975 5.06678 80 2 25 10 32118 0 
61.1106 18.2295 4.36304 0.562975 5.06678 80 2 25 10 32119 0 
61.1293 18.231 4.36672 0.562975 5.06678 80 2 25 10 32120 0 
61.148 18.2324 4.3704 0.562975 5.06678 80 2 25 10 32121 0 
61.1667 18.2338 4.3741 0.562975 5.06678 80 2 25 10 32122 0 
61.1854 18.2352 4.3778 0.562975 5.06678 80 2 25 10 32123 0 
61.2041 18.2367 4.38151 0.562975 5.06678 80 2 25 10 32124 0 
61.2228 18.2381 4.38522 0.562975 5.06678 80 2 25 10 32125 0 
61.2415 18.2395 4.38894 0.562975 5.06678 80 2 25 10 32126 0 
61.2602 18.241 4.39267 0.562975 5.06678 80 2 25 10 32127 0 
61.279 18.2424 4.39641 0.562975 5.06678 80 2 25 10 32128 0 
61.2977 18.2439 4.40015 0.562975 5.06678 80 2 25 10 32129 0 
61.3164 18.2453 4.4039 0.562975 5.06678 80 2 25 10 32130 0 
61.3351 18.2467 4.40766 0.562975 5.06678 80 2 25 10 32131 0 
61.3538 18.2482 4.41143 0.562975 5.06678 80 2 25 10 32132 0 
61.3725 18.2496 4.4152 0.562975 5.06678 80 2 25 10 32133 0 
61.3912 18.2511 4.41898 0.562975 5.06678 80 2 25 10 32134 0 
61.4099 18.2525 4.42276 0.562975 5.06678 80 2 25 10 32135 0 
61.4286 18.254 4.42656 0.562975 5.06678 80 2 25 10 32136 0 
61.4474 18.2554 4.43036 0.562975 5.06678 80 2 25 10 32137 0 
61.4661 18.2569 4.43417 0.562975 5.06678 80 2 25 10 32138 0 
61.4848 18.2583 4.43798 0.562975 5.06678 80 2 25 10 32139 0 
61.5035 18.2598 4.44181 0.562975 5.06678 80 2 25 10 32140 0 
61.5222 18.2612 4.44564 0.562975 5.06678 80 2 25 10 32141 0 
61.5409 18.2627 4.44948 0.562975 5.06678 80 2 25 10 32142 0 
61.5596 18.2641 4.45332 0.562975 5.06678 80 2 25 10 32143 0 
61.5783 18.2656 4.45718 0.562975 5.06678 80 2 25 10 32144 0 
61.597 18.267 4.46104 0.562975 5.06678 80 2 25 10 32145 0 
61.6157 18.2685 4.46491 0.562975 5.06678 80 2 25 10 32146 0 
61.6345 18.27 4.46878 0.562975 5.06678 80 2 25 10 32147 0 
61.6532 18.2714 4.47267 0.562975 5.06678 80 2 25 10 32148 0 
61.6719 18.2729 4.47656 0.562975 5.06678 80 2 25 10 32149 0 
61.6906 18.2744 4.48045 0.562975 5.06678 80 2 25 10 32150 0 
61.7093 18.2758 4.48436 0.562975 5.06678 80 2 25 10 32151 0 
61.728 18.2773 4.48828 0.562975 5.06678 80 2 25 10 32152 0 
61.7467 18.2788 4.4922 0.562975 5.06678 80 2 25 10 32153 0 
61.7654 18.2802 4.49613 0.562975 5.06678 80 2 25 10 32154 0 
61.7841 18.2817 4.50006 0.562975 5.06678 80 2 25 10 32155 0 
61.8028 18.2832 4.50401 0.562975 5.06678 80 2 25 10 32156 0 
61.8215 18.2846 4.50796 0.562975 5.06678 80 2 25 10 32157 0 
61.8402 18.2861 4.51192 0.562975 5.06678 80 2 25 10 32158 0 
61.8589 18.2876 4.51589 0.562975 5.06678 80 2 25 10 32159 0 
61.8776 18.2891 4.51986 0.562975 5.06678 80 2 25 10 32160 0 
61.8964 18.2906 4.52385 0.562975 5.06678 80 2 25 10 32161 0 
61.9151 18.292 4.52784 0.562975 5.06678 80 2 25 10 32162 0 
61.9338 18.2935 4.53184 0.562975 5.06678 80 2 25 10 32163 0 
61.9525 18.295 4.53585 0.562975 5.06678 80 2 25 10 32164 0 
61.9712 18.2965 4.53986 0.562975 5.06678 80 2 25 10 32165 0 
61.9899 18.298 4.54389 0.562975 5.06678 80 2 25 10 32166 0 
62.0086 18.2995 4.54792 0.562975 5.06678 80 2 25 10 32167 0 
62.0273 18.3009 4.55196 0.562975 5.06678 80 2 25 10 32168 0 
62.046 18.3024 4.55601 0.562975 5.06678 80 2 25 10 32169 0 
62.0647 18.3039 4.56006 0.562975 5.06678 80 2 25 10 32170 0 
62.0834 18.3054 4.56413 0.562975 5.06678 80 2 25 10 32171 0 
62.1021 18.3069 4.5682 0.562975 5.06678 80 2 25 10 32172 0 
62.1208 18.3084 4.57228 0.562975 5.06678 80 2 25 10 32173 0 
62.1395 18.3099 4.57637 0.562975 5.06678 80 2 25 10 32174 0 
62.1583 18.3114 4.58046 0.562975 5.06678 80 2 25 10 32175 0 
62.177 18.3129 4.58457 0.562975 5.06678 80 2 25 10 32176 0 
62.1957 18.3144 4.58868 0.562975 5.06678 80 2 25 10 32177 0 
62.2144 18.3159 4.5928 0.562975 5.06678 80 2 25 10 32178 0 
62.2331 18.3174 4.59693 0.562975 5.06678 80 2 25 10 32179 0 
62.2518 18.3189 4.60107 0.562975 5.06678 80 2 25 10 32180 0 
62.2705 18.3204 4.60522 0.562975 5.06678 80 2 25 10 32181 0 
62.2892 18.3219 4.60937 0.562975 5.06678 80 2 25 10 32182 0 
62.3079 18.3234 4.61354 0.562975 5.06678 80 2 25 10 32183 0 
62.3266 18.3249 4.61771 0.562975 5.06678 80 2 25 10 32184 0 
62.3453 18.3264 4.62189 0.562975 5.06678 80 2 25 10 32185 0 
62.364 18.328 4.62608 0.562975 5.06678 80 2 25 10 32186 0 
62.3827 18.3295 4.63028 0.562975 5.06678 80 2 25 10 32187 0 
62.4014 18.331 4.63448 0.562975 5.06678 80 2 25 10 32188 0 
62.4201 18.3325 4.6387 0.562975 5.06678 80 2 25 10 32189 0 
62.4388 18.334 4.64292 0.562975 5.06678 80 2 25 10 32190 0 
62.4575 18.3355 4.64715 0.562975 5.06678 80 2 25 10 32191 0 
62.4762 18.3371 4.65139 0.562975 5.06678 80 2 25 10 32192 0 
62.4949 18.3386 4.65564 0.562975 5.06678 80 2 25 10 32193 0 
62.5136 18.3401 4.6599 0.562975 5.06678 80 2 25 10 32194 0 
62.5323 18.3416 4.66417 0.562975 5.06678 80 2 25 10 32195 0 
62.551 18.3432 4.66844 0.562975 5.06678 80 2 25 10 32196 0 
62.5698 18.3447 4.67273 0.562975 5.06678 80 2 25 10 32197 0 
62.5885 18.3462 4.67702 0.562975 5.06678 80 2 25 10 32198 0 
62.6072 18.3477 4.68132 0.562975 5.06678 80 2 25 10 32199 0 
62.6259 18.3493 4.68563 0.562975 5.06678 80 2 25 10 32200 0 
62.6446 18.3508 4.68995 0.562975 5.06678 80 2 25 10 32201 0 
62.6633 18.3523 4.69428 0.562975 5.06678 80 2 25 10 32202 0 
62.682 18.3539 4.69862 0.562975 5.06678 80 2 25 10 32203 0 
62.7007 18.3554 4.70297 0.562975 5.06678 80 2 25 10 32204 0 
62.7194 18.3569 4.70732 0.562975 5.06678 80 2 25 10 32205 0 
62.7381 18.3585 4.71169 0.562975 5.06678 80 2 25 10 32206 0 
62.7568 18.36 4.71606 0.562975 5.06678 80 2 25 10 32207 0 
62.7755 18.3616 4.72044 0.562975 5.06678 80 2 25 10 32208 0 
62.7942 18.3631 4.72484 0.562975 5.06678 80 2 25 10 32209 0 
62.8129 18.3647 4.72924 0.562975 5.06678 80 2 25 10 32210 0 
62.8316 18.3662 4.73365 0.562975 5.06678 80 2 25 10 32211 0 
62.8503 18.3678 4.73807 0.562975 5.06678 80 2 25 10 32212 0 
62.869 18.3693 4.7425 0.562975 5.06678 80 2 25 10 32213 0 
62.8877 18.3709 4.74694 0.562975 5.06678 80 2 25 10 32214 0 
62.9064 18.3724 4.75139 0.562975 5.06678 80 2 25 10 32215 0 
62.9251 18.374 4.75584 0.562975 5.06678 80 2 25 10 32216 0 
62.9438 18.3755 4.76031 0.562975 5.06678 80 2 25 10 32217 0 
62.9625 18.3771 4.76479 0.562975 5.06678 80 2 25 10 32218 0 
62.9812 18.3786 4.76927 0.562975 5.06678 80 2 25 10 32219 0 
62.9999 18.3802 4.77377 0.562975 5.06678 80 2 25 10 32220 0 
63.0186 18.3818 4.77827 0.562975 5.06678 80 2 25 10 32221 0 
63.0373 18.3833 4.78279 0.562975 5.06678 80 2 25 10 32222 0 
63.056 18.3849 4.78731 0.562975 5.06678 80 2 25 10 32223 0 
63.0747 18.3865 4.79184 0.562975 5.06678 80 2 25 10 32224 0 
63.0934 18.388 4.79639 0.562975 5.06678 80 2 25 10 32225 0 
63.1121 18.3896 4.80094 0.562975 5.06678 80 2 25 10 32226 0 
63.1308 18.3912 4.8055 0.562975 5.06678 80 2 25 10 32227 0 
63.1495 18.3927 4.81007 0.562975 5.06678 80 2 25 10 32228 0 
63.1682 18.3943 4.81466 0.562975 5.06678 80 2 25 10 32229 0 
63.1869 18.3959 4.81925 0.562975 5.06678 80 2 25 10 32230 0 
63.2056 18.3975 4.82385 0.562975 5.06678 80 2 25 10 32231 0 
63.2243 18.399 4.82846 0.562975 5.06678 80 2 25 10 32232 0 
63.243 18.4006 4.83308 0.562975 5.06678 80 2 25 10 32233 0 
63.2617 18.4022 4.83771 0.562975 5.06678 80 2 25 10 32234 0 
63.2804 18.4038 4.84236 0.562975 5.06678 80 2 25 10 32235 0 
63.2991 18.4054 4.84701 0.562975 5.06678 80 2 25 10 32236 0 
63.3178 18.4069 4.85167 0.562975 5.06678 80 2 25 10 32237 0 
63.3365 18.4085 4.85634 0.562975 5.06678 80 2 25 10 32238 0 
63.3552 18.4101 4.86102 0.562975 5.06678 80 2 25 10 32239 0 
63.3739 18.4117 4.86572 0.562975 5.06678 80 2 25 10 32240 0 
63.3926 18.4133 4.87042 0.562975 5.06678 80 2 25 10 32241 0 
63.4113 18.4149 4.87513 0.562975 5.06678 80 2 25 10 32242 0 
63.43 18.4165 4.87985 0.562975 5.06678 80 2 25 10 32243 0 
63.4487 18.4181 4.88459 0.562975 5.06678 80 2 25 10 32244 0 
63.4674 18.4197 4.88933 0.562975 5.06678 80 2 25 10 32245 0 
63.4861 18.4213 4.89408 0.562975 5.06678 80 2 25 10 32246 0 
63.5048 18.4229 4.89885 0.562975 5.06678 80 2 25 10 32247 0 
63.5235 18.4245 4.90362 0.562975 5.06678 80 2 25 10 32248 0 
63.5422 18.4261 4.90841 0.562975 5.06678 80 2 25 10 32249 0 
63.5609 18.4277 4.9132 0.562975 5.06678 80 2 25 10 32250 0 
63.5796 18.4293 4.91801 0.562975 5.06678 80 2 25 10 32251 0 
63.5983 18.4309 4.92282 0.562975 5.06678 80 2 25 10 32252 0 
63.617 18.4325 4.92765 0.562975 5.06678 80 2 25 10 32253 0 
63.6357 18.4341 4.93249 0.562975 5.06678 80 2 25 10 32254 0 
63.6544 18.4358 4.93734 0.562975 5.06678 80 2 25 10 32255 0 
63.673 18.4374 4.9422 0.562975 5.06678 80 2 25 10 32256 0 
63.6917 18.439 4.94707 0.562975 5.06678 80 2 25 10 32257 0 
63.7104 18.4406 4.95195 0.562975 5.06678 80 2 25 10 32258 0 
63.7291 18.4422 4.95684 0.562975 5.06678 80 2 25 10 32259 0 
63.7478 18.4438 4.96174 0.562975 5.06678 80 2 25 10 32260 0 
63.7665 18.4455 4.96665 0.562975 5.06678 80 2 25 10 32261 0 
63.7852 18.4471 4.97158 0.562975 5.06678 80 2 25 10 32262 0 
63.8039 18.4487 4.97651 0.562975 5.06678 80 2 25 10 32263 0 
63.8226 18.4503 4.98146 0.562975 5.06678 80 2 25 10 32264 0 
63.8413 18.452 4.98642 0.562975 5.06678 80 2 25 10 32265 0 
63.86 18.4536 4.99139 0.562975 5.06678 80 2 25 10 32266 0 
63.8787 18.4552 4.99637 0.562975 5.06678 80 2 25 10 32267 0 
63.8974 18.4569 5.00136 0.562975 5.06678 80 2 25 10 32268 0 
63.9161 18.4585 5.00636 0.562975 5.06678 80 2 25 10 32269 0 
63.9348 18.4601 5.01137 0.562975 5.06678 80 2 25 10 32270 0 
63.9535 18.4618 5.0164 0.562975 5.06678 80 2 25 10 32271 0 
63.9722 18.4634 5.02143 0.562975 5.06678 80 2 25 10 32272 0 
63.9909 18.4651 5.02648 0.562975 5.06678 80 2 25 10 32273 0 
64.0096 18.4667 5.03154 0.562975 5.06678 80 2 25 10 32274 0 
64.0283 18.4684 5.03661 0.562975 5.06678 80 2 25 10 32275 0 
64.047 18.47 5.04169 0.562975 5.06678 80 2 25 10 32276 0 
64.0656 18.4717 5.04678 0.562975 5.06678 80 2 25 10 32277 0 
64.0843 18.4733 5.05189 0.562975 5.06678 80 2 25 10 32278 0 
64.103 18.475 5.057 0.562975 5.06678 80 2 25 10 32279 0 
64.1217 18.4766 5.06213 0.562975 5.06678 80 2 25 10 32280 0 
64.1404 18.4783 5.06727 0.562975 5.06678 80 2 25 10 32281 0 
64.1591 18.4799 5.07242 0.562975 5.06678 80 2 25 10 32282 0 
64.1778 18.4816 5.07759 0.562975 5.06678 80 2 25 10 32283 0 
64.1965 18.4832 5.08276 0.562975 5.06678 80 2 25 10 32284 0 
64.2152 18.4849 5.08795 0.562975 5.06678 80 2 25 10 32285 0 
64.2339 18.4866 5.09315 0.562975 5.06678 80 2 25 10 32286 0 
64.2526 18.4882 5.09836 0.562975 5.06678 80 2 25 10 32287 0 
64.2713 18.4899 5.10358 0.562975 5.06678 80 2 25 10 32288 0 
64.2899 18.4916 5.10881 0.562975 5.06678 80 2 25 10 32289 0 
64.3086 18.4932 5.11406 0.562975 5.06678 80 2 25 10 32290 0 
64.3273 18.4949 5.11932 0.562975 5.06678 80 2 25 10 32291 0 
64.346 18.4966 5.12459 0.562975 5.06678 80 2 25 10 32292 0 
64.3647 18.4983 5.12987 0.562975 5.06678 80 2 25 10 32293 0 
64.3834 18.5 5.13517 0.562975 5.06678 80 2 25 10 32294 0 
64.4021 18.5016 5.14048 0.562975 5.06678 80 2 25 10 32295 0 
64.4208 18.5033 5.1458 0.562975 5.06678 80 2 25 10 32296 0 
64.4395 18.505 5.15113 0.562975 5.06678 80 2 25 10 32297 0 
64.4582 18.5067 5.15648 0.562975 5.06678 80 2 25 10 32298 0 
64.4769 18.5084 5.16183 0.562975 5.06678 80 2 25 10 32299 0 
64.4956 18.5101 5.1672 0.562975 5.06678 80 2 25 10 32300 0 
64.5143 18.5117 5.17259 0.562975 5.06678 80 2 25 10 32301 0 
64.5329 18.5134 5.17798 0.562975 5.06678 80 2 25 10 32302 0 
64.5516 18.5151 5.18339 0.562975 5.06678 80 2 25 10 32303 0 
64.5703 18.5168 5.18881 0.562975 5.06678 80 2 25 10 32304 0 
64.589 18.5185 5.19424 0.562975 5.06678 80 2 25 10 32305 0 
64.6077 18.5202 5.19969 0.562975 5.06678 80 2 25 10 32306 0 
64.6264 18.5219 5.20515 0.562975 5.06678 80 2 25 10 32307 0 
64.6451 18.5236 5.21062 0.562975 5.06678 80 2 25 10 32308 0 
64.6638 18.5253 5.2161 0.562975 5.06678 80 2 25 10 32309 0 
64.6825 18.527 5.2216 0.562975 5.06678 80 2 25 10 32310 0 
64.7012 18.5287 5.22711 0.562975 5.06678 80 2 25 10 32311 0 
64.7198 18.5305 5.23264 0.562975 5.06678 80 2 25 10 32312 0 
64.7385 18.5322 5.23817 0.562975 5.06678 80 2 25 10 32313 0 
64.7572 18.5339 5.24373 0.562975 5.06678 80 2 25 10 32314 0 
64.7759 18.5356 5.24929 0.562975 5.06678 80 2 25 10 32315 0 
64.7946 18.5373 5.25487 0.562975 5.06678 80 2 25 10 32316 0 
64.8133 18.539 5.26046 0.562975 5.06678 80 2 25 10 32317 0 
64.8319 18.5407 5.26606 0.562975 5.06678 80 2 25 10 32318 0 
64.8506 18.5425 5.27168 0.562975 5.06678 80 2 25 10 32319 0 
64.8693 18.5442 5.27731 0.562975 5.06678 80 2 25 10 32320 0 
64.888 18.5459 5.28295 0.562975 5.06678 80 2 25 10 32321 0 
64.9067 18.5476 5.28861 0.562975 5.06678 80 2 25 10 32322 0 
64.9254 18.5494 5.29428 0.562975 5.06678 80 2 25 10 32323 0 
64.9441 18.5511 5.29996 0.562975 5.06678 80 2 25 10 32324 0 
64.9627 18.5528 5.30566 0.562975 5.06678 80 2 25 10 32325 0 
64.9814 18.5546 5.31137 0.562975 5.06678 80 2 25 10 32326 0 
65.0001 18.5563 5.3171 0.562975 5.06678 80 2 25 10 32327 0 
65.0188 18.5581 5.32284 0.562975 5.06678 80 2 25 10 32328 0 
65.0375 18.5598 5.32859 0.562975 5.06678 80 2 25 10 32329 0 
65.0562 18.5615 5.33436 0.562975 5.06678 80 2 25 10 32330 0 
65.0748 18.5633 5.34014 0.562975 5.06678 80 2 25 10 32331 0 
65.0935 18.565 5.34594 0.562975 5.06678 80 2 25 10 32332 0 
65.1122 18.5668 5.35175 0.562975 5.06678 80 2 25 10 32333 0 
65.1309 18.5685 5.35757 0.562975 5.06678 80 2 25 10 32334 0 
65.1496 18.5703 5.36341 0.562975 5.06678 80 2 25 10 32335 0 
65.1683 18.572 5.36926 0.562975 5.06678 80 2 25 10 32336 0 
65.187 18.5738 5.37513 0.562975 5.06678 80 2 25 10 32337 0 
65.2056 18.5756 5.38101 0.562975 5.06678 80 2 25 10 32338 0 
65.2243 18.5773 5.38691 0.562975 5.06678 80 2 25 10 32339 0 
65.243 18.5791 5.39282 0.562975 5.06678 80 2 25 10 32340 0 
65.2617 18.5808 5.39874 0.562975 5.06678 80 2 25 10 32341 0 
65.2804 18.5826 5.40468 0.562975 5.06678 80 2 25 10 32342 0 
65.2991 18.5844 5.41063 0.562975 5.06678 80 2 25 10 32343 0 
65.3177 18.5861 5.4166 0.562975 5.06678 80 2 25 10 32344 0 
65.3364 18.5879 5.42259 0.562975 5.06678 80 2 25 10 32345 0 
65.3551 18.5897 5.42859 0.562975 5.06678 80 2 25 10 32346 0 
65.3738 18.5915 5.4346 0.562975 5.06678 80 2 25 10 32347 0 
65.3925 18.5932 5.44063 0.562975 5.06678 80 2 25 10 32348 0 
65.4112 18.595 5.44667 0.562975 5.06678 80 2 25 10 32349 0 
65.4298 18.5968 5.45273 0.562975 5.06678 80 2 25 10 32350 0 
65.4389 18.5977 4.86546 0.562975 5.06678 80 2 25 10 32351 0 
65.4576 18.5993 4.88138 0.562975 5.06678 80 2 25 10 32352 0 
65.4667 18.6 4.29891 0.562975 5.06678 80 2 25 10 32353 0 
65.4758 18.6007 3.72119 0.562975 5.06678 80 2 25 10 32354 0 
65.4945 18.6019 3.75641 0.562975 5.06678 80 2 25 10 32355 0 
65.5036 18.6025 3.18331 0.562975 5.06678 80 2 25 10 32356 0 
65.5223 18.6036 3.22769 0.562975 5.06678 80 2 25 10 32357 0 
65.5314 18.6041 2.65911 0.562975 5.06678 80 2 25 10 32358 0 
65.5502 18.605 2.71242 0.562975 5.06678 80 2 25 10 32359 0 
65.5593 18.6054 2.14827 0.562975 5.06678 80 2 25 10 32360 0 
65.5781 18.6061 2.21029 0.562975 5.06678 80 2 25 10 32361 0 
65.5872 18.6064 1.6505 0.562975 5.06678 80 2 25 10 32362 0 
65.6059 18.607 1.72102 0.562975 5.06678 80 2 25 10 32363 0 
65.615 18.6073 1.16548 0.562975 5.06678 80 2 25 10 32364 0 
65.6338 18.6076 1.24429 0.562975 5.06678 80 2 25 10 32365 0 
65.6429 18.6078 0.692923 0.562975 5.06678 80 2 25 10 32366 0 
65.6617 18.6081 0.779818 0.562975 5.06678 80 2 25 10 32367 0 
65.6708 18.6082 0.232546 0.562975 5.06678 80 2 25 10 32368 0 
65.6896 18.6083 0.32733 0.562975 5.06678 80 2 25 10 32369 0 
65.6987 18.6083 -0.215932 0.562975 5.06678 80 2 25 10 32370 0 
65.7174 18.6083 -0.113453 0.562975 5.06678 80 2 25 10 32371 0 
65.7266 18.6082 -0.652785 0.562975 5.06678 80 2 25 10 32372 0 
65.7453 18.608 -0.542801 0.562975 5.06678 80 2 25 10 32373 0 
65.7544 18.6079 -1.07828 0.562975 5.06678 80 2 25 10 32374 0 
65.7732 18.6076 -0.960977 0.562975 5.06678 80 2 25 10 32375 0 
65.7823 18.6074 -1.49268 0.562975 5.06678 80 2 25 10 32376 0 
65.8011 18.6069 -1.36824 0.562975 5.06678 80 2 25 10 32377 0 
65.8102 18.6067 -1.89624 0.562975 5.06678 80 2 25 10 32378 0 
65.8289 18.6061 -1.76483 0.562975 5.06678 80 2 25 10 32379 0 
65.8477 18.6055 -1.63545 0.562975 5.06678 80 2 25 10 32380 0 
65.8568 18.6053 -2.16055 0.562975 5.06678 80 2 25 10 32381 0 
65.8756 18.6046 -2.02433 0.562975 5.06678 80 2 25 10 32382 0 
65.8847 18.6042 -2.54585 0.562975 5.06678 80 2 25 10 32383 0 
65.9034 18.6034 -2.40297 0.562975 5.06678 80 2 25 10 32384 0 
65.9125 18.603 -2.92098 0.562975 5.06678 80 2 25 10 32385 0 
65.9313 18.6021 -2.7716 0.562975 5.06678 80 2 25 10 32386 0 
65.9404 18.6016 -3.28618 0.562975 5.06678 80 2 25 10 32387 0 
65.9591 18.6005 -3.13046 0.562975 5.06678 80 2 25 10 32388 0 
65.9682 18.6 -3.64167 0.562975 5.06678 80 2 25 10 32389 0 
65.9869 18.5989 -3.47976 0.562975 5.06678 80 2 25 10 32390 0 
66.0057 18.5977 -3.32038 0.562975 5.06678 80 2 25 10 32391 0 
66.0148 18.5972 -3.82921 0.562975 5.06678 80 2 25 10 32392 0 
66.0335 18.5959 -3.66375 0.562975 5.06678 80 2 25 10 32393 0 
66.0426 18.5954 -4.16932 0.562975 5.06678 80 2 25 10 32394 0 
66.0613 18.594 -3.99792 0.562975 5.06678 80 2 25 10 32395 0 
66.0704 18.5934 -4.5003 0.562975 5.06678 80 2 25 10 32396 0 
66.0891 18.5919 -4.32312 0.562975 5.06678 80 2 25 10 32397 0 
66.1078 18.5905 -4.14871 0.562975 5.06678 80 2 25 10 32398 0 
66.1169 18.5898 -4.64897 0.562975 5.06678 80 2 25 10 32399 0 
66.1356 18.5883 -4.46886 0.562975 5.06678 80 2 25 10 32400 0 
66.1447 18.5876 -4.96602 0.562975 5.06678 80 2 25 10 32401 0 
66.1634 18.586 -4.78035 0.562975 5.06678 80 2 25 10 32402 0 
66.1725 18.5852 -5.27448 0.562975 5.06678 80 2 25 10 32403 0 
66.1912 18.5835 -5.08339 0.562975 5.06678 80 2 25 10 32404 0 
66.2099 18.5818 -4.89529 0.562975 5.06678 80 2 25 10 32405 0 
66.2189 18.581 -5.38756 0.562975 5.06678 80 2 25 10 32406 0 
66.2376 18.5793 -5.19411 0.562975 5.06678 80 2 25 10 32407 0 
66.2467 18.5784 -5.68343 0.562975 5.06678 80 2 25 10 32408 0 
66.2654 18.5766 -5.48477 0.562975 5.06678 80 2 25 10 32409 0 
66.2841 18.5748 -5.28922 0.562975 5.06678 80 2 25 10 32410 0 
66.2931 18.5739 -5.77681 0.562975 5.06678 80 2 25 10 32411 0 
66.3118 18.5721 -5.57612 0.562975 5.06678 80 2 25 10 32412 0 
66.3209 18.5712 -6.06084 0.562975 5.06678 80 2 25 10 32413 0 
66.3395 18.5692 -5.85512 0.562975 5.06678 80 2 25 10 32414 0 
66.3582 18.5673 -5.65263 0.562975 5.06678 80 2 25 10 32415 0 
66.3673 18.5664 -6.13575 0.562975 5.06678 80 2 25 10 32416 0 
66.3859 18.5644 -5.92829 0.562975 5.06678 80 2 25 10 32417 0 
66.395 18.5634 -6.40863 0.562975 5.06678 80 2 25 10 32418 0 
66.4137 18.5613 -6.19632 0.562975 5.06678 80 2 25 10 32419 0 
66.4323 18.5593 -5.98735 0.562975 5.06678 80 2 25 10 32420 0 
66.4414 18.5584 -6.46622 0.562975 5.06678 80 2 25 10 32421 0 
66.46 18.5562 -6.25245 0.562975 5.06678 80 2 25 10 32422 0 
66.4691 18.5553 -6.7286 0.562975 5.06678 80 2 25 10 32423 0 
66.4877 18.5531 -6.51016 0.562975 5.06678 80 2 25 10 32424 0 
66.5064 18.5509 -6.29514 0.562975 5.06678 80 2 25 10 32425 0 
66.5154 18.5499 -6.76994 0.562975 5.06678 80 2 25 10 32426 0 
66.5341 18.5477 -6.55029 0.562975 5.06678 80 2 25 10 32427 0 
66.5527 18.5456 -6.3341 0.562975 5.06678 80 2 25 10 32428 0 
66.5618 18.5446 -6.80756 0.562975 5.06678 80 2 25 10 32429 0 
66.5804 18.5423 -6.58677 0.562975 5.06678 80 2 25 10 32430 0 
66.5895 18.5413 -7.05761 0.562975 5.06678 80 2 25 10 32431 0 
66.6081 18.539 -6.83234 0.562975 5.06678 80 2 25 10 32432 0 
66.6267 18.5368 -6.61061 0.562975 5.06678 80 2 25 10 32433 0 
66.6358 18.5357 -7.08023 0.562975 5.06678 80 2 25 10 32434 0 
66.6544 18.5334 -6.85405 0.562975 5.06678 80 2 25 10 32435 0 
66.673 18.5312 -6.63143 0.562975 5.06678 80 2 25 10 32436 0 
66.6821 18.5301 -7.09984 0.562975 5.06678 80 2 25 10 32437 0 
66.7007 18.5278 -6.87281 0.562975 5.06678 80 2 25 10 32438 0 
66.7193 18.5255 -6.64934 0.562975 5.06678 80 2 25 10 32439 0 
66.7284 18.5245 -7.11657 0.562975 5.06678 80 2 25 10 32440 0 
66.747 18.5222 -6.88872 0.562975 5.06678 80 2 25 10 32441 0 
66.7561 18.5211 -7.35343 0.562975 5.06678 80 2 25 10 32442 0 
66.7747 18.5187 -7.12131 0.562975 5.06678 80 2 25 10 32443 0 
66.7933 18.5163 -6.89283 0.562975 5.06678 80 2 25 10 32444 0 
66.8023 18.5152 -7.35646 0.562975 5.06678 80 2 25 10 32445 0 
66.821 18.5128 -7.12374 0.562975 5.06678 80 2 25 10 32446 0 
66.8396 18.5105 -6.89467 0.562975 5.06678 80 2 25 10 32447 0 
66.8486 18.5094 -7.35723 0.562975 5.06678 80 2 25 10 32448 0 
66.8672 18.507 -7.12394 0.562975 5.06678 80 2 25 10 32449 0 
66.8859 18.5047 -6.89432 0.562975 5.06678 80 2 25 10 32450 0 
66.8949 18.5036 -7.35583 0.562975 5.06678 80 2 25 10 32451 0 
66.9135 18.5012 -7.12201 0.562975 5.06678 80 2 25 10 32452 0 
66.9321 18.4989 -6.89187 0.562975 5.06678 80 2 25 10 32453 0 
66.9412 18.4978 -7.35234 0.562975 5.06678 80 2 25 10 32454 0 
66.9598 18.4954 -7.11802 0.562975 5.06678 80 2 25 10 32455 0 
66.9688 18.4942 -7.57606 0.562975 5.06678 80 2 25 10 32456 0 
66.9874 18.4918 -7.33767 0.562975 5.06678 80 2 25 10 32457 0 
67.0061 18.4894 -7.10303 0.562975 5.06678 80 2 25 10 32458 0 
67.0151 18.4882 -7.56013 0.562975 5.06678 80 2 25 10 32459 0 
67.0337 18.4858 -7.32144 0.562975 5.06678 80 2 25 10 32460 0 
67.0523 18.4834 -7.08649 0.562975 5.06678 80 2 25 10 32461 0 
67.0614 18.4823 -7.54265 0.562975 5.06678 80 2 25 10 32462 0 
67.08 18.4798 -7.30368 0.562975 5.06678 80 2 25 10 32463 0 
67.0986 18.4774 -7.06845 0.562975 5.06678 80 2 25 10 32464 0 
67.1076 18.4763 -7.52369 0.562975 5.06678 80 2 25 10 32465 0 
67.1262 18.4738 -7.28445 0.562975 5.06678 80 2 25 10 32466 0 
67.1449 18.4715 -7.04897 0.562975 5.06678 80 2 25 10 32467 0 
67.1539 18.4703 -7.5033 0.562975 5.06678 80 2 25 10 32468 0 
67.1725 18.4679 -7.26381 0.562975 5.06678 80 2 25 10 32469 0 
67.1911 18.4655 -7.02808 0.562975 5.06678 80 2 25 10 32470 0 
67.2002 18.4644 -7.48151 0.562975 5.06678 80 2 25 10 32471 0 
67.2188 18.462 -7.2418 0.562975 5.06678 80 2 25 10 32472 0 
67.2374 18.4596 -7.00585 0.562975 5.06678 80 2 25 10 32473 0 
67.2464 18.4585 -7.45839 0.562975 5.06678 80 2 25 10 32474 0 
67.2651 18.456 -7.21847 0.562975 5.06678 80 2 25 10 32475 0 
67.2837 18.4537 -6.98231 0.562975 5.06678 80 2 25 10 32476 0 
67.2927 18.4526 -7.43397 0.562975 5.06678 80 2 25 10 32477 0 
67.3113 18.4501 -7.19386 0.562975 5.06678 80 2 25 10 32478 0 
67.3299 18.4478 -6.95751 0.562975 5.06678 80 2 25 10 32479 0 
67.339 18.4467 -7.4083 0.562975 5.06678 80 2 25 10 32480 0 
67.3576 18.4443 -7.16801 0.562975 5.06678 80 2 25 10 32481 0 
67.3666 18.4431 -7.61649 0.562975 5.06678 80 2 25 10 32482 0 
67.3852 18.4406 -7.37237 0.562975 5.06678 80 2 25 10 32483 0 
67.4039 18.4382 -7.13208 0.562975 5.06678 80 2 25 10 32484 0 
67.4129 18.4371 -7.57977 0.562975 5.06678 80 2 25 10 32485 0 
67.4315 18.4346 -7.33565 0.562975 5.06678 80 2 25 10 32486 0 
67.4501 18.4322 -7.09535 0.562975 5.06678 80 2 25 10 32487 0 
67.4592 18.4311 -7.54226 0.562975 5.06678 80 2 25 10 32488 0 
67.4778 18.4286 -7.29814 0.562975 5.06678 80 2 25 10 32489 0 
67.4964 18.4263 -7.05785 0.562975 5.06678 80 2 25 10 32490 0 
67.5054 18.4251 -7.50398 0.562975 5.06678 80 2 25 10 32491 0 
67.524 18.4227 -7.25988 0.562975 5.06678 80 2 25 10 32492 0 
67.5427 18.4203 -7.01959 0.562975 5.06678 80 2 25 10 32493 0 
67.5517 18.4192 -7.46495 0.562975 5.06678 80 2 25 10 32494 0 
67.5703 18.4168 -7.22088 0.562975 5.06678 80 2 25 10 32495 0 
67.5889 18.4144 -6.98061 0.562975 5.06678 80 2 25 10 32496 0 
67.6076 18.4121 -6.7441 0.562975 5.06678 80 2 25 10 32497 0 
67.6166 18.4111 -7.19014 0.562975 5.06678 80 2 25 10 32498 0 
67.6352 18.4087 -6.94975 0.562975 5.06678 80 2 25 10 32499 0 
67.6443 18.4076 -7.39353 0.562975 5.06678 80 2 25 10 32500 0 
67.6629 18.4052 -7.14937 0.562975 5.06678 80 2 25 10 32501 0 
67.6815 18.4029 -6.90903 0.562975 5.06678 80 2 25 10 32502 0 
67.7001 18.4006 -6.67243 0.562975 5.06678 80 2 25 10 32503 0 
67.7092 18.3995 -7.1169 0.562975 5.06678 80 2 25 10 32504 0 
67.7278 18.3972 -6.87645 0.562975 5.06678 80 2 25 10 32505 0 
67.7464 18.395 -6.63975 0.562975 5.06678 80 2 25 10 32506 0 
67.7555 18.3939 -7.08342 0.562975 5.06678 80 2 25 10 32507 0 
67.7741 18.3916 -6.84288 0.562975 5.06678 80 2 25 10 32508 0 
67.7927 18.3894 -6.60609 0.562975 5.06678 80 2 25 10 32509 0 
67.8018 18.3883 -7.04896 0.562975 5.06678 80 2 25 10 32510 0 
67.8204 18.386 -6.80835 0.562975 5.06678 80 2 25 10 32511 0 
67.8391 18.3838 -6.57148 0.562975 5.06678 80 2 25 10 32512 0 
67.8481 18.3827 -7.01356 0.562975 5.06678 80 2 25 10 32513 0 
67.8667 18.3805 -6.77288 0.562975 5.06678 80 2 25 10 32514 0 
67.8854 18.3782 -6.53594 0.562975 5.06678 80 2 25 10 32515 0 
67.8944 18.3772 -6.97724 0.562975 5.06678 80 2 25 10 32516 0 
67.9131 18.3749 -6.73649 0.562975 5.06678 80 2 25 10 32517 0 
67.9317 18.3727 -6.49949 0.562975 5.06678 80 2 25 10 32518 0 
67.9408 18.3717 -6.94002 0.562975 5.06678 80 2 25 10 32519 0 
67.9594 18.3694 -6.69923 0.562975 5.06678 80 2 25 10 32520 0 
67.978 18.3672 -6.46218 0.562975 5.06678 80 2 25 10 32521 0 
67.9871 18.3662 -6.90194 0.562975 5.06678 80 2 25 10 32522 0 
68.0057 18.364 -6.66111 0.562975 5.06678 80 2 25 10 32523 0 
68.0243 18.3618 -6.42401 0.562975 5.06678 80 2 25 10 32524 0 
68.0334 18.3608 -6.86301 0.562975 5.06678 80 2 25 10 32525 0 
68.052 18.3585 -6.62215 0.562975 5.06678 80 2 25 10 32526 0 
68.0707 18.3563 -6.38502 0.562975 5.06678 80 2 25 10 32527 0 
68.0797 18.3553 -6.82327 0.562975 5.06678 80 2 25 10 32528 0 
68.0984 18.3531 -6.58238 0.562975 5.06678 80 2 25 10 32529 0 
68.117 18.351 -6.34523 0.562975 5.06678 80 2 25 10 32530 0 
68.1261 18.3499 -6.78273 0.562975 5.06678 80 2 25 10 32531 0 
68.1447 18.3477 -6.54183 0.562975 5.06678 80 2 25 10 32532 0 
68.1633 18.3456 -6.30466 0.562975 5.06678 80 2 25 10 32533 0 
68.1724 18.3446 -6.74142 0.562975 5.06678 80 2 25 10 32534 0 
68.191 18.3424 -6.50051 0.562975 5.06678 80 2 25 10 32535 0 
68.2097 18.3403 -6.26333 0.562975 5.06678 80 2 25 10 32536 0 
68.2188 18.3393 -6.69935 0.562975 5.06678 80 2 25 10 32537 0 
68.2374 18.3371 -6.45844 0.562975 5.06678 80 2 25 10 32538 0 
68.256 18.335 -6.22125 0.562975 5.06678 80 2 25 10 32539 0 
68.2651 18.334 -6.65655 0.562975 5.06678 80 2 25 10 32540 0 
68.2837 18.3318 -6.41564 0.562975 5.06678 80 2 25 10 32541 0 
68.3024 18.3297 -6.17845 0.562975 5.06678 80 2 25 10 32542 0 
68.3114 18.3287 -6.61303 0.562975 5.06678 80 2 25 10 32543 0 
68.3301 18.3266 -6.37213 0.562975 5.06678 80 2 25 10 32544 0 
68.3487 18.3245 -6.13495 0.562975 5.06678 80 2 25 10 32545 0 
68.3578 18.3235 -6.56882 0.562975 5.06678 80 2 25 10 32546 0 
68.3764 18.3214 -6.32793 0.562975 5.06678 80 2 25 10 32547 0 
68.3951 18.3193 -6.09076 0.562975 5.06678 80 2 25 10 32548 0 
68.4042 18.3183 -6.52392 0.562975 5.06678 80 2 25 10 32549 0 
68.4228 18.3162 -6.28305 0.562975 5.06678 80 2 25 10 32550 0 
68.4415 18.3141 -6.0459 0.562975 5.06678 80 2 25 10 32551 0 
68.4601 18.3122 -5.81241 0.562975 5.06678 80 2 25 10 32552 0 
68.4692 18.3112 -6.24628 0.562975 5.06678 80 2 25 10 32553 0 
68.4878 18.3092 -6.00901 0.562975 5.06678 80 2 25 10 32554 0 
68.5065 18.3072 -5.7754 0.562975 5.06678 80 2 25 10 32555 0 
68.5156 18.3063 -6.20851 0.562975 5.06678 80 2 25 10 32556 0 
68.5342 18.3043 -5.97113 0.562975 5.06678 80 2 25 10 32557 0 
68.5529 18.3023 -5.73741 0.562975 5.06678 80 2 25 10 32558 0 
68.562 18.3014 -6.16977 0.562975 5.06678 80 2 25 10 32559 0 
68.5806 18.2994 -5.93229 0.562975 5.06678 80 2 25 10 32560 0 
68.5993 18.2975 -5.69846 0.562975 5.06678 80 2 25 10 32561 0 
68.6084 18.2966 -6.13008 0.562975 5.06678 80 2 25 10 32562 0 
68.627 18.2946 -5.89251 0.562975 5.06678 80 2 25 10 32563 0 
68.6457 18.2926 -5.65859 0.562975 5.06678 80 2 25 10 32564 0 
68.6548 18.2917 -6.08948 0.562975 5.06678 80 2 25 10 32565 0 
68.6734 18.2897 -5.85182 0.562975 5.06678 80 2 25 10 32566 0 
68.6921 18.2878 -5.61782 0.562975 5.06678 80 2 25 10 32567 0 
68.7012 18.2869 -6.04798 0.562975 5.06678 80 2 25 10 32568 0 
68.7198 18.285 -5.81024 0.562975 5.06678 80 2 25 10 32569 0 
68.7385 18.2831 -5.57616 0.562975 5.06678 80 2 25 10 32570 0 
68.7476 18.2822 -6.0056 0.562975 5.06678 80 2 25 10 32571 0 
68.7662 18.2802 -5.7678 0.562975 5.06678 80 2 25 10 32572 0 
68.7849 18.2783 -5.53365 0.562975 5.06678 80 2 25 10 32573 0 
68.794 18.2774 -5.96238 0.562975 5.06678 80 2 25 10 32574 0 
68.8126 18.2755 -5.72452 0.562975 5.06678 80 2 25 10 32575 0 
68.8313 18.2736 -5.49031 0.562975 5.06678 80 2 25 10 32576 0 
68.85 18.2718 -5.25969 0.562975 5.06678 80 2 25 10 32577 0 
68.8591 18.271 -5.6891 0.562975 5.06678 80 2 25 10 32578 0 
68.8777 18.2691 -5.45469 0.562975 5.06678 80 2 25 10 32579 0 
68.8964 18.2674 -5.22387 0.562975 5.06678 80 2 25 10 32580 0 
68.9055 18.2665 -5.65252 0.562975 5.06678 80 2 25 10 32581 0 
68.9242 18.2647 -5.41793 0.562975 5.06678 80 2 25 10 32582 0 
68.9429 18.2629 -5.18693 0.562975 5.06678 80 2 25 10 32583 0 
68.9519 18.2621 -5.61483 0.562975 5.06678 80 2 25 10 32584 0 
68.9706 18.2602 -5.38006 0.562975 5.06678 80 2 25 10 32585 0 
68.9893 18.2585 -5.14888 0.562975 5.06678 80 2 25 10 32586 0 
68.9984 18.2577 -5.57604 0.562975 5.06678 80 2 25 10 32587 0 
69.0171 18.2558 -5.34111 0.562975 5.06678 80 2 25 10 32588 0 
69.0357 18.2541 -5.10977 0.562975 5.06678 80 2 25 10 32589 0 
69.0448 18.2533 -5.5362 0.562975 5.06678 80 2 25 10 32590 0 
69.0635 18.2515 -5.30112 0.562975 5.06678 80 2 25 10 32591 0 
69.0822 18.2497 -5.06962 0.562975 5.06678 80 2 25 10 32592 0 
69.0913 18.2489 -5.49533 0.562975 5.06678 80 2 25 10 32593 0 
69.1099 18.2471 -5.2601 0.562975 5.06678 80 2 25 10 32594 0 
69.1286 18.2454 -5.02846 0.562975 5.06678 80 2 25 10 32595 0 
69.1377 18.2446 -5.45345 0.562975 5.06678 80 2 25 10 32596 0 
69.1564 18.2428 -5.21809 0.562975 5.06678 80 2 25 10 32597 0 
69.1751 18.2411 -4.98631 0.562975 5.06678 80 2 25 10 32598 0 
69.1938 18.2395 -4.75806 0.562975 5.06678 80 2 25 10 32599 0 
69.2029 18.2387 -5.18371 0.562975 5.06678 80 2 25 10 32600 0 
69.2215 18.237 -4.95167 0.562975 5.06678 80 2 25 10 32601 0 
69.2402 18.2354 -4.72315 0.562975 5.06678 80 2 25 10 32602 0 
69.2493 18.2347 -5.14804 0.562975 5.06678 80 2 25 10 32603 0 
69.268 18.233 -4.91575 0.562975 5.06678 80 2 25 10 32604 0 
69.2867 18.2314 -4.68698 0.562975 5.06678 80 2 25 10 32605 0 
69.2958 18.2306 -5.11112 0.562975 5.06678 80 2 25 10 32606 0 
69.3145 18.229 -4.87858 0.562975 5.06678 80 2 25 10 32607 0 
69.3332 18.2274 -4.64957 0.562975 5.06678 80 2 25 10 32608 0 
69.3423 18.2266 -5.07297 0.562975 5.06678 80 2 25 10 32609 0 
69.361 18.225 -4.8402 0.562975 5.06678 80 2 25 10 32610 0 
69.3797 18.2234 -4.61097 0.562975 5.06678 80 2 25 10 32611 0 
69.3888 18.2227 -5.03363 0.562975 5.06678 80 2 25 10 32612 0 
69.4075 18.221 -4.80065 0.562975 5.06678 80 2 25 10 32613 0 
69.4262 18.2194 -4.57119 0.562975 5.06678 80 2 25 10 32614 0 
69.4449 18.2179 -4.34521 0.562975 5.06678 80 2 25 10 32615 0 
69.4539 18.2173 -4.76851 0.562975 5.06678 80 2 25 10 32616 0 
69.4726 18.2157 -4.53871 0.562975 5.06678 80 2 25 10 32617 0 
69.4914 18.2142 -4.31238 0.562975 5.06678 80 2 25 10 32618 0 
69.5004 18.2135 -4.73491 0.562975 5.06678 80 2 25 10 32619 0 
69.5191 18.212 -4.50477 0.562975 5.06678 80 2 25 10 32620 0 
69.5378 18.2105 -4.27812 0.562975 5.06678 80 2 25 10 32621 0 
69.5469 18.2098 -4.69988 0.562975 5.06678 80 2 25 10 32622 0 
69.5656 18.2083 -4.46944 0.562975 5.06678 80 2 25 10 32623 0 
69.5844 18.2068 -4.24246 0.562975 5.06678 80 2 25 10 32624 0 
69.5934 18.2061 -4.66348 0.562975 5.06678 80 2 25 10 32625 0 
69.6122 18.2046 -4.43273 0.562975 5.06678 80 2 25 10 32626 0 
69.6309 18.2032 -4.20546 0.562975 5.06678 80 2 25 10 32627 0 
69.64 18.2025 -4.62573 0.562975 5.06678 80 2 25 10 32628 0 
69.6587 18.201 -4.39469 0.562975 5.06678 80 2 25 10 32629 0 
69.6774 18.1995 -4.16713 0.562975 5.06678 80 2 25 10 32630 0 
69.6961 18.1982 -3.94299 0.562975 5.06678 80 2 25 10 32631 0 
69.7052 18.1976 -4.36388 0.562975 5.06678 80 2 25 10 32632 0 
69.7239 18.1961 -4.1359 0.562975 5.06678 80 2 25 10 32633 0 
69.7426 18.1948 -3.91135 0.562975 5.06678 80 2 25 10 32634 0 
69.7517 18.1941 -4.33146 0.562975 5.06678 80 2 25 10 32635 0 
69.7704 18.1927 -4.10309 0.562975 5.06678 80 2 25 10 32636 0 
69.7891 18.1914 -3.87814 0.562975 5.06678 80 2 25 10 32637 0 
69.7982 18.1908 -4.29748 0.562975 5.06678 80 2 25 10 32638 0 
69.8169 18.1894 -4.06873 0.562975 5.06678 80 2 25 10 32639 0 
69.8357 18.188 -3.84341 0.562975 5.06678 80 2 25 10 32640 0 
69.8447 18.1874 -4.26199 0.562975 5.06678 80 2 25 10 32641 0 
69.8635 18.186 -4.03287 0.562975 5.06678 80 2 25 10 32642 0 
69.8822 18.1847 -3.80719 0.562975 5.06678 80 2 25 10 32643 0 
69.8913 18.1841 -4.22502 0.562975 5.06678 80 2 25 10 32644 0 
69.91 18.1827 -3.99556 0.562975 5.06678 80 2 25 10 32645 0 
69.9287 18.1814 -3.76952 0.562975 5.06678 80 2 25 10 32646 0 
69.9474 18.1802 -3.54686 0.562975 5.06678 80 2 25 10 32647 0 
69.9565 18.1796 -3.96529 0.562975 5.06678 80 2 25 10 32648 0 
69.9753 18.1783 -3.73879 0.562975 5.06678 80 2 25 10 32649 0 
69.994 18.1771 -3.51566 0.562975 5.06678 80 2 25 10 32650 0 
70.0031 18.1765 -3.93331 0.562975 5.06678 80 2 25 10 32651 0 
70.0218 18.1752 -3.70634 0.562975 5.06678 80 2 25 10 32652 0 
70.0405 18.174 -3.48276 0.562975 5.06678 80 2 25 10 32653 0 
70.0496 18.1735 -3.89964 0.562975 5.06678 80 2 25 10 32654 0 
70.0684 18.1722 -3.67225 0.562975 5.06678 80 2 25 10 32655 0 
70.0871 18.171 -3.44823 0.562975 5.06678 80 2 25 10 32656 0 
70.0962 18.1705 -3.86435 0.562975 5.06678 80 2 25 10 32657 0 
70.1149 18.1692 -3.63653 0.562975 5.06678 80 2 25 10 32658 0 
70.1337 18.168 -3.4121 0.562975 5.06678 80 2 25 10 32659 0 
70.1524 18.1669 -3.191 0.562975 5.06678 80 2 25 10 32660 0 
70.1615 18.1664 -3.60769 0.562975 5.06678 80 2 25 10 32661 0 
70.1802 18.1652 -3.38272 0.562975 5.06678 80 2 25 10 32662 0 
70.1989 18.1641 -3.16108 0.562975 5.06678 80 2 25 10 32663 0 
70.208 18.1636 -3.57698 0.562975 5.06678 80 2 25 10 32664 0 
70.2268 18.1624 -3.35149 0.562975 5.06678 80 2 25 10 32665 0 
70.2455 18.1613 -3.12933 0.562975 5.06678 80 2 25 10 32666 0 
70.2546 18.1608 -3.54446 0.562975 5.06678 80 2 25 10 32667 0 
70.2733 18.1597 -3.31847 0.562975 5.06678 80 2 25 10 32668 0 
70.2921 18.1586 -3.09581 0.562975 5.06678 80 2 25 10 32669 0 
70.3012 18.1581 -3.51017 0.562975 5.06678 80 2 25 10 32670 0 
70.3199 18.1569 -3.2837 0.562975 5.06678 80 2 25 10 32671 0 
70.3386 18.1559 -3.06056 0.562975 5.06678 80 2 25 10 32672 0 
70.3574 18.1549 -2.84072 0.562975 5.06678 80 2 25 10 32673 0 
70.3665 18.1544 -3.25563 0.562975 5.06678 80 2 25 10 32674 0 
70.3852 18.1533 -3.0319 0.562975 5.06678 80 2 25 10 32675 0 
70.404 18.1523 -2.81147 0.562975 5.06678 80 2 25 10 32676 0 
70.4131 18.1519 -3.22558 0.562975 5.06678 80 2 25 10 32677 0 
70.4318 18.1508 -3.00127 0.562975 5.06678 80 2 25 10 32678 0 
70.4505 18.1499 -2.78026 0.562975 5.06678 80 2 25 10 32679 0 
70.4596 18.1494 -3.19359 0.562975 5.06678 80 2 25 10 32680 0 
70.4784 18.1484 -2.96873 0.562975 5.06678 80 2 25 10 32681 0 
70.4971 18.1474 -2.74716 0.562975 5.06678 80 2 25 10 32682 0 
70.5062 18.147 -3.15972 0.562975 5.06678 80 2 25 10 32683 0 
70.525 18.1459 -2.93432 0.562975 5.06678 80 2 25 10 32684 0 
70.5437 18.145 -2.71221 0.562975 5.06678 80 2 25 10 32685 0 
70.5625 18.1441 -2.49336 0.562975 5.06678 80 2 25 10 32686 0 
70.5716 18.1437 -2.90647 0.562975 5.06678 80 2 25 10 32687 0 
70.5903 18.1427 -2.68371 0.562975 5.06678 80 2 25 10 32688 0 
70.6091 18.1418 -2.46421 0.562975 5.06678 80 2 25 10 32689 0 
70.6182 18.1415 -2.87652 0.562975 5.06678 80 2 25 10 32690 0 
70.6369 18.1405 -2.65313 0.562975 5.06678 80 2 25 10 32691 0 
70.6557 18.1396 -2.433 0.562975 5.06678 80 2 25 10 32692 0 
70.6648 18.1393 -2.84452 0.562975 5.06678 80 2 25 10 32693 0 
70.6835 18.1383 -2.62052 0.562975 5.06678 80 2 25 10 32694 0 
70.7023 18.1375 -2.39979 0.562975 5.06678 80 2 25 10 32695 0 
70.721 18.1367 -2.18227 0.562975 5.06678 80 2 25 10 32696 0 
70.7301 18.1363 -2.5943 0.562975 5.06678 80 2 25 10 32697 0 
70.7489 18.1355 -2.37285 0.562975 5.06678 80 2 25 10 32698 0 
70.7676 18.1347 -2.15461 0.562975 5.06678 80 2 25 10 32699 0 
70.7767 18.1344 -2.56583 0.562975 5.06678 80 2 25 10 32700 0 
70.7955 18.1335 -2.34368 0.562975 5.06678 80 2 25 10 32701 0 
70.8142 18.1328 -2.12475 0.562975 5.06678 80 2 25 10 32702 0 
70.8233 18.1324 -2.53517 0.562975 5.06678 80 2 25 10 32703 0 
70.8421 18.1316 -2.31234 0.562975 5.06678 80 2 25 10 32704 0 
70.8608 18.1308 -2.09274 0.562975 5.06678 80 2 25 10 32705 0 
70.8699 18.1305 -2.50238 0.562975 5.06678 80 2 25 10 32706 0 
70.8887 18.1297 -2.2789 0.562975 5.06678 80 2 25 10 32707 0 
70.9074 18.1289 -2.05865 0.562975 5.06678 80 2 25 10 32708 0 
70.9262 18.1283 -1.84158 0.562975 5.06678 80 2 25 10 32709 0 
70.9353 18.128 -2.25173 0.562975 5.06678 80 2 25 10 32710 0 
70.9541 18.1272 -2.03071 0.562975 5.06678 80 2 25 10 32711 0 
70.9728 18.1266 -1.81289 0.562975 5.06678 80 2 25 10 32712 0 
70.9819 18.1263 -2.22223 0.562975 5.06678 80 2 25 10 32713 0 
71.0007 18.1256 -2.00047 0.562975 5.06678 80 2 25 10 32714 0 
71.0194 18.1249 -1.78191 0.562975 5.06678 80 2 25 10 32715 0 
71.0382 18.1243 -1.56649 0.562975 5.06678 80 2 25 10 32716 0 
71.0473 18.1241 -1.9763 0.562975 5.06678 80 2 25 10 32717 0 
71.066 18.1234 -1.75689 0.562975 5.06678 80 2 25 10 32718 0 
71.0848 18.1228 -1.54063 0.562975 5.06678 80 2 25 10 32719 0 
71.0939 18.1226 -1.94961 0.562975 5.06678 80 2 25 10 32720 0 
71.1127 18.122 -1.72938 0.562975 5.06678 80 2 25 10 32721 0 
71.1314 18.1214 -1.5123 0.562975 5.06678 80 2 25 10 32722 0 
71.1405 18.1211 -1.92047 0.562975 5.06678 80 2 25 10 32723 0 
71.1593 18.1205 -1.69944 0.562975 5.06678 80 2 25 10 32724 0 
71.1781 18.12 -1.48158 0.562975 5.06678 80 2 25 10 32725 0 
71.1968 18.1195 -1.26682 0.562975 5.06678 80 2 25 10 32726 0 
71.2059 18.1193 -1.67544 0.562975 5.06678 80 2 25 10 32727 0 
71.2247 18.1187 -1.45667 0.562975 5.06678 80 2 25 10 32728 0 
71.2435 18.1182 -1.24103 0.562975 5.06678 80 2 25 10 32729 0 
71.2526 18.1181 -1.64881 0.562975 5.06678 80 2 25 10 32730 0 
71.2713 18.1175 -1.42917 0.562975 5.06678 80 2 25 10 32731 0 
71.2901 18.117 -1.21266 0.562975 5.06678 80 2 25 10 32732 0 
71.2992 18.1169 -1.61962 0.562975 5.06678 80 2 25 10 32733 0 
71.318 18.1163 -1.39913 0.562975 5.06678 80 2 25 10 32734 0 
71.3367 18.1159 -1.18178 0.562975 5.06678 80 2 25 10 32735 0 
71.3555 18.1155 -0.967503 0.562975 5.06678 80 2 25 10 32736 0 
71.3646 18.1153 -1.37491 0.562975 5.06678 80 2 25 10 32737 0 
71.3834 18.1149 -1.1566 0.562975 5.06678 80 2 25 10 32738 0 
71.4021 18.1145 -0.941388 0.562975 5.06678 80 2 25 10 32739 0 
71.4113 18.1143 -1.34795 0.562975 5.06678 80 2 25 10 32740 0 
71.43 18.1139 -1.12873 0.562975 5.06678 80 2 25 10 32741 0 
71.4488 18.1135 -0.912595 0.562975 5.06678 80 2 25 10 32742 0 
71.4675 18.1132 -0.699507 0.562975 5.06678 80 2 25 10 32743 0 
71.4767 18.1131 -1.10648 0.562975 5.06678 80 2 25 10 32744 0 
71.4954 18.1128 -0.889332 0.562975 5.06678 80 2 25 10 32745 0 
71.5142 18.1125 -0.675233 0.562975 5.06678 80 2 25 10 32746 0 
71.5233 18.1124 -1.08135 0.562975 5.06678 80 2 25 10 32747 0 
71.5421 18.112 -0.863206 0.562975 5.06678 80 2 25 10 32748 0 
71.5608 18.1117 -0.648124 0.562975 5.06678 80 2 25 10 32749 0 
71.5796 18.1115 -0.43605 0.562975 5.06678 80 2 25 10 32750 0 
71.5887 18.1114 -0.842554 0.562975 5.06678 80 2 25 10 32751 0 
71.6075 18.1112 -0.626383 0.562975 5.06678 80 2 25 10 32752 0 
71.6262 18.111 -0.41323 0.562975 5.06678 80 2 25 10 32753 0 
71.6353 18.1109 -0.818859 0.562975 5.06678 80 2 25 10 32754 0 
71.6541 18.1106 -0.601629 0.562975 5.06678 80 2 25 10 32755 0 
71.6729 18.1104 -0.387429 0.562975 5.06678 80 2 25 10 32756 0 
71.682 18.1104 -0.7922 0.562975 5.06678 80 2 25 10 32757 0 
71.7008 18.1101 -0.573942 0.562975 5.06678 80 2 25 10 32758 0 
71.7195 18.1099 -0.358723 0.562975 5.06678 80 2 25 10 32759 0 
71.7383 18.1098 -0.146489 0.562975 5.06678 80 2 25 10 32760 0 
71.7474 18.1098 -0.551646 0.562975 5.06678 80 2 25 10 32761 0 
71.7662 18.1096 -0.335301 0.562975 5.06678 80 2 25 10 32762 0 
71.7849 18.1095 -0.121952 0.562975 5.06678 80 2 25 10 32763 0 
71.7941 18.1095 -0.526235 0.562975 5.06678 80 2 25 10 32764 0 
71.8128 18.1093 -0.308797 0.562975 5.06678 80 2 25 10 32765 0 
71.8316 18.1092 -0.094364 0.562975 5.06678 80 2 25 10 32766 0 
71.8504 18.1092 0.117114 0.562975 5.06678 80 2 25 10 32767 0 
71.8595 18.1092 -0.28753 0.562975 5.06678 80 2 25 10 32768 0 
71.8783 18.1091 -0.0719093 0.562975 5.06678 80 2 25 10 32769 0 
71.897 18.1091 0.140746 0.562975 5.06678 80 2 25 10 32770 0 
71.9158 18.1091 0.350487 0.562975 5.06678 80 2 25 10 32771 0 
71.9249 18.1092 -0.054472 0.562975 5.06678 80 2 25 10 32772 0 
71.9437 18.1092 0.159461 0.562975 5.06678 80 2 25 10 32773 0 
71.9624 18.1092 0.370467 0.562975 5.06678 80 2 25 10 32774 0 
71.9716 18.1093 -0.0335719 0.562975 5.06678 80 2 25 10 32775 0 
71.9903 18.1093 0.181604 0.562975 5.06678 80 2 25 10 32776 0 
72.0091 18.1093 0.393841 0.562975 5.06678 80 2 25 10 32777 0 
72.0279 18.1094 0.603192 0.562975 5.06678 80 2 25 10 32778 0 
72.037 18.1095 0.198856 0.562975 5.06678 80 2 25 10 32779 0 
72.0557 18.1096 0.412424 0.562975 5.06678 80 2 25 10 32780 0 
72.0745 18.1097 0.623092 0.562975 5.06678 80 2 25 10 32781 0 
72.0836 18.1098 0.219686 0.562975 5.06678 80 2 25 10 32782 0 
72.1024 18.1099 0.434549 0.562975 5.06678 80 2 25 10 32783 0 
72.1212 18.1101 0.646501 0.562975 5.06678 80 2 25 10 32784 0 
72.1399 18.1103 0.855591 0.562975 5.06678 80 2 25 10 32785 0 
72.1491 18.1104 0.451904 0.562975 5.06678 80 2 25 10 32786 0 
72.1678 18.1105 0.665237 0.562975 5.06678 80 2 25 10 32787 0 
72.1866 18.1108 0.875696 0.562975 5.06678 80 2 25 10 32788 0 
72.2054 18.111 1.08333 0.562975 5.06678 80 2 25 10 32789 0 
72.2145 18.1112 0.679406 0.562975 5.06678 80 2 25 10 32790 0 
72.2332 18.1114 0.89133 0.562975 5.06678 80 2 25 10 32791 0 
72.252 18.1117 1.10041 0.562975 5.06678 80 2 25 10 32792 0 
72.2611 18.1119 0.697457 0.562975 5.06678 80 2 25 10 32793 0 
72.2799 18.1121 0.910806 0.562975 5.06678 80 2 25 10 32794 0 
72.2986 18.1124 1.1213 0.562975 5.06678 80 2 25 10 32795 0 
72.3174 18.1128 1.329 0.562975 5.06678 80 2 25 10 32796 0 
72.3265 18.113 0.925814 0.562975 5.06678 80 2 25 10 32797 0 
72.3453 18.1133 1.13782 0.562975 5.06678 80 2 25 10 32798 0 
72.364 18.1137 1.34701 0.562975 5.06678 80 2 25 10 32799 0 
72.3828 18.1141 1.55343 0.562975 5.06678 80 2 25 10 32800 0 
72.3919 18.1144 1.15006 0.562975 5.06678 80 2 25 10 32801 0 
72.4107 18.1148 1.36083 0.562975 5.06678 80 2 25 10 32802 0 
72.4294 18.1152 1.56882 0.562975 5.06678 80 2 25 10 32803 0 
72.4385 18.1155 1.16645 0.562975 5.06678 80 2 25 10 32804 0 
72.4573 18.1158 1.37877 0.562975 5.06678 80 2 25 10 32805 0 
72.4761 18.1163 1.5883 0.562975 5.06678 80 2 25 10 32806 0 
72.4948 18.1168 1.79507 0.562975 5.06678 80 2 25 10 32807 0 
72.5039 18.1171 1.39252 0.562975 5.06678 80 2 25 10 32808 0 
72.5227 18.1175 1.60367 0.562975 5.06678 80 2 25 10 32809 0 
72.5415 18.1181 1.81206 0.562975 5.06678 80 2 25 10 32810 0 
72.5602 18.1187 2.01773 0.562975 5.06678 80 2 25 10 32811 0 
72.5693 18.119 1.61504 0.562975 5.06678 80 2 25 10 32812 0 
72.5881 18.1195 1.82512 0.562975 5.06678 80 2 25 10 32813 0 
72.6068 18.1201 2.03248 0.562975 5.06678 80 2 25 10 32814 0 
72.6256 18.1208 2.23715 0.562975 5.06678 80 2 25 10 32815 0 
72.6347 18.1211 1.83435 0.562975 5.06678 80 2 25 10 32816 0 
72.6535 18.1217 2.04348 0.562975 5.06678 80 2 25 10 32817 0 
72.6722 18.1224 2.24991 0.562975 5.06678 80 2 25 10 32818 0 
72.691 18.1231 2.45368 0.562975 5.06678 80 2 25 10 32819 0 
72.7001 18.1235 2.05082 0.562975 5.06678 80 2 25 10 32820 0 
72.7188 18.1242 2.25909 0.562975 5.06678 80 2 25 10 32821 0 
72.7376 18.1249 2.46469 0.562975 5.06678 80 2 25 10 32822 0 
72.7467 18.1253 2.06291 0.562975 5.06678 80 2 25 10 32823 0 
72.7654 18.126 2.27297 0.562975 5.06678 80 2 25 10 32824 0 
72.7842 18.1268 2.48035 0.562975 5.06678 80 2 25 10 32825 0 
72.8029 18.1276 2.68509 0.562975 5.06678 80 2 25 10 32826 0 
72.812 18.128 2.28325 0.562975 5.06678 80 2 25 10 32827 0 
72.8308 18.1287 2.49249 0.562975 5.06678 80 2 25 10 32828 0 
72.8495 18.1296 2.69908 0.562975 5.06678 80 2 25 10 32829 0 
72.8683 18.1304 2.90307 0.562975 5.06678 80 2 25 10 32830 0 
72.8774 18.1309 2.50119 0.562975 5.06678 80 2 25 10 32831 0 
72.8961 18.1317 2.70971 0.562975 5.06678 80 2 25 10 32832 0 
72.9149 18.1326 2.91561 0.562975 5.06678 80 2 25 10 32833 0 
72.9336 18.1336 3.11893 0.562975 5.06678 80 2 25 10 32834 0 
72.9524 18.1346 3.31972 0.562975 5.06678 80 2 25 10 32835 0 
72.9615 18.1351 2.91676 0.562975 5.06678 80 2 25 10 32836 0 
72.9802 18.1361 3.12219 0.562975 5.06678 80 2 25 10 32837 0 
72.9989 18.1371 3.32507 0.562975 5.06678 80 2 25 10 32838 0 
73.0177 18.1382 3.52545 0.562975 5.06678 80 2 25 10 32839 0 
73.0268 18.1387 3.12259 0.562975 5.06678 80 2 25 10 32840 0 
73.0455 18.1398 3.32764 0.562975 5.06678 80 2 25 10 32841 0 
73.0643 18.1409 3.53016 0.562975 5.06678 80 2 25 10 32842 0 
73.083 18.142 3.73021 0.562975 5.06678 80 2 25 10 32843 0 
73.0921 18.1426 3.32748 0.562975 5.06678 80 2 25 10 32844 0 
73.1108 18.1437 3.53223 0.562975 5.06678 80 2 25 10 32845 0 
73.1295 18.1448 3.73448 0.562975 5.06678 80 2 25 10 32846 0 
73.1483 18.1461 3.93427 0.562975 5.06678 80 2 25 10 32847 0 
73.1574 18.1467 3.53171 0.562975 5.06678 80 2 25 10 32848 0 
73.1761 18.1479 3.73624 0.562975 5.06678 80 2 25 10 32849 0 
73.1948 18.1491 3.93829 0.562975 5.06678 80 2 25 10 32850 0 
73.2135 18.1504 4.13791 0.562975 5.06678 80 2 25 10 32851 0 
73.2226 18.151 3.73554 0.562975 5.06678 80 2 25 10 32852 0 
73.2414 18.1522 3.93993 0.562975 5.06678 80 2 25 10 32853 0 
73.2601 18.1535 4.14187 0.562975 5.06678 80 2 25 10 32854 0 
73.2788 18.1549 4.34139 0.562975 5.06678 80 2 25 10 32855 0 
73.2975 18.1563 4.53854 0.562975 5.06678 80 2 25 10 32856 0 
73.3066 18.157 4.13537 0.562975 5.06678 80 2 25 10 32857 0 
73.3253 18.1584 4.33739 0.562975 5.06678 80 2 25 10 32858 0 
73.344 18.1598 4.53702 0.562975 5.06678 80 2 25 10 32859 0 
73.3627 18.1613 4.73431 0.562975 5.06678 80 2 25 10 32860 0 
73.3718 18.162 4.33145 0.562975 5.06678 80 2 25 10 32861 0 
73.3905 18.1635 4.53363 0.562975 5.06678 80 2 25 10 32862 0 
73.4092 18.1649 4.73343 0.562975 5.06678 80 2 25 10 32863 0 
73.4279 18.1665 4.93091 0.562975 5.06678 80 2 25 10 32864 0 
73.4466 18.1681 5.12611 0.562975 5.06678 80 2 25 10 32865 0 
73.4557 18.1689 4.72261 0.562975 5.06678 80 2 25 10 32866 0 
73.4744 18.1705 4.92279 0.562975 5.06678 80 2 25 10 32867 0 
73.4931 18.1721 5.12066 0.562975 5.06678 80 2 25 10 32868 0 
73.5118 18.1737 5.31626 0.562975 5.06678 80 2 25 10 32869 0 
73.5305 18.1755 5.50964 0.562975 5.06678 80 2 25 10 32870 0 
73.5396 18.1764 5.10562 0.562975 5.06678 80 2 25 10 32871 0 
73.5583 18.178 5.30406 0.562975 5.06678 80 2 25 10 32872 0 
73.5769 18.1798 5.50025 0.562975 5.06678 80 2 25 10 32873 0 
73.5956 18.1816 5.69424 0.562975 5.06678 80 2 25 10 32874 0 
73.6143 18.1834 5.88606 0.562975 5.06678 80 2 25 10 32875 0 
73.6234 18.1844 5.48163 0.562975 5.06678 80 2 25 10 32876 0 
73.642 18.1862 5.67859 0.562975 5.06678 80 2 25 10 32877 0 
73.6607 18.188 5.87337 0.562975 5.06678 80 2 25 10 32878 0 
73.6794 18.1899 6.06599 0.562975 5.06678 80 2 25 10 32879 0 
73.6981 18.1919 6.2565 0.562975 5.06678 80 2 25 10 32880 0 
73.7071 18.1929 5.85178 0.562975 5.06678 80 2 25 10 32881 0 
73.7258 18.1948 6.04751 0.562975 5.06678 80 2 25 10 32882 0 
73.7444 18.1968 6.2411 0.562975 5.06678 80 2 25 10 32883 0 
73.7631 18.1988 6.4326 0.562975 5.06678 80 2 25 10 32884 0 
73.7817 18.2009 6.62203 0.562975 5.06678 80 2 25 10 32885 0 
73.7908 18.202 6.21714 0.562975 5.06678 80 2 25 10 32886 0 
73.8095 18.204 6.41187 0.562975 5.06678 80 2 25 10 32887 0 
73.8281 18.2061 6.60451 0.562975 5.06678 80 2 25 10 32888 0 
73.8467 18.2083 6.79511 0.562975 5.06678 80 2 25 10 32889 0 
73.8654 18.2105 6.9837 0.562975 5.06678 80 2 25 10 32890 0 
73.884 18.2128 7.17033 0.562975 5.06678 80 2 25 10 32891 0 
73.893 18.2139 6.76454 0.562975 5.06678 80 2 25 10 32892 0 
73.9117 18.2161 6.95658 0.562975 5.06678 80 2 25 10 32893 0 
73.9303 18.2184 7.14663 0.562975 5.06678 80 2 25 10 32894 0 
73.9489 18.2207 7.33471 0.562975 5.06678 80 2 25 10 32895 0 
73.9676 18.2231 7.52088 0.562975 5.06678 80 2 25 10 32896 0 
73.9862 18.2256 7.70517 0.562975 5.06678 80 2 25 10 32897 0 
73.9952 18.2268 7.29875 0.562975 5.06678 80 2 25 10 32898 0 
74.0138 18.2292 7.48857 0.562975 5.06678 80 2 25 10 32899 0 
74.0324 18.2316 7.67648 0.562975 5.06678 80 2 25 10 32900 0 
74.051 18.2342 7.86252 0.562975 5.06678 80 2 25 10 32901 0 
74.0696 18.2367 8.04672 0.562975 5.06678 80 2 25 10 32902 0 
74.0882 18.2393 8.22913 0.562975 5.06678 80 2 25 10 32903 0 
74.0972 18.2407 7.82231 0.562975 5.06678 80 2 25 10 32904 0 
74.1158 18.2432 8.01036 0.562975 5.06678 80 2 25 10 32905 0 
74.1344 18.2458 8.19658 0.562975 5.06678 80 2 25 10 32906 0 
74.153 18.2485 8.381 0.562975 5.06678 80 2 25 10 32907 0 
74.1715 18.2512 8.56367 0.562975 5.06678 80 2 25 10 32908 0 
74.1901 18.254 8.74461 0.562975 5.06678 80 2 25 10 32909 0 
74.2086 18.2569 8.92388 0.562975 5.06678 80 2 25 10 32910 0 
74.2176 18.2583 8.51624 0.562975 5.06678 80 2 25 10 32911 0 
74.2362 18.2611 8.70131 0.562975 5.06678 80 2 25 10 32912 0 
74.2548 18.2639 8.88466 0.562975 5.06678 80 2 25 10 32913 0 
74.2733 18.2668 9.06632 0.562975 5.06678 80 2 25 10 32914 0 
74.2918 18.2698 9.24633 0.562975 5.06678 80 2 25 10 32915 0 
74.3103 18.2728 9.42474 0.562975 5.06678 80 2 25 10 32916 0 
74.3289 18.2759 9.60157 0.562975 5.06678 80 2 25 10 32917 0 
74.3474 18.279 9.77686 0.562975 5.06678 80 2 25 10 32918 0 
74.3563 18.2805 9.36825 0.562975 5.06678 80 2 25 10 32919 0 
74.3749 18.2836 9.54953 0.562975 5.06678 80 2 25 10 32920 0 
74.3934 18.2867 9.72924 0.562975 5.06678 80 2 25 10 32921 0 
74.4119 18.2899 9.90741 0.562975 5.06678 80 2 25 10 32922 0 
74.4304 18.2931 10.0841 0.562975 5.06678 80 2 25 10 32923 0 
74.4488 18.2964 10.2592 0.562975 5.06678 80 2 25 10 32924 0 
74.4673 18.2997 10.433 0.562975 5.06678 80 2 25 10 32925 0 
74.4857 18.3031 10.6053 0.562975 5.06678 80 2 25 10 32926 0 
74.5042 18.3066 10.7763 0.562975 5.06678 80 2 25 10 32927 0 
74.5132 18.3083 10.3669 0.562975 5.06678 80 2 25 10 32928 0 
74.5316 18.3117 10.5441 0.562975 5.06678 80 2 25 10 32929 0 
74.5501 18.3151 10.7198 0.562975 5.06678 80 2 25 10 32930 0 
74.5685 18.3186 10.8942 0.562975 5.06678 80 2 25 10 32931 0 
74.5869 18.3221 11.0673 0.562975 5.06678 80 2 25 10 32932 0 
74.6053 18.3257 11.239 0.562975 5.06678 80 2 25 10 32933 0 
74.6238 18.3294 11.4094 0.562975 5.06678 80 2 25 10 32934 0 
74.6422 18.3331 11.5786 0.562975 5.06678 80 2 25 10 32935 0 
74.6605 18.3369 11.7466 0.562975 5.06678 80 2 25 10 32936 0 
74.6789 18.3407 11.9134 0.562975 5.06678 80 2 25 10 32937 0 
74.6973 18.3446 12.0791 0.562975 5.06678 80 2 25 10 32938 0 
74.7062 18.3465 11.6691 0.562975 5.06678 80 2 25 10 32939 0 
74.7246 18.3503 11.8413 0.562975 5.06678 80 2 25 10 32940 0 
74.7429 18.3541 12.0122 0.562975 5.06678 80 2 25 10 32941 0 
74.7613 18.358 12.182 0.562975 5.06678 80 2 25 10 32942 0 
74.7796 18.362 12.3507 0.562975 5.06678 80 2 25 10 32943 0 
74.798 18.366 12.5182 0.562975 5.06678 80 2 25 10 32944 0 
74.8163 18.3701 12.6847 0.562975 5.06678 80 2 25 10 32945 0 
74.8346 18.3742 12.8502 0.562975 5.06678 80 2 25 10 32946 0 
74.8529 18.3784 13.0146 0.562975 5.06678 80 2 25 10 32947 0 
74.8712 18.3826 13.178 0.562975 5.06678 80 2 25 10 32948 0 
74.8894 18.3869 13.3405 0.562975 5.06678 80 2 25 10 32949 0 
74.9077 18.3912 13.5021 0.562975 5.06678 80 2 25 10 32950 0 
74.9259 18.3956 13.6628 0.562975 5.06678 80 2 25 10 32951 0 
74.9442 18.4 13.8226 0.562975 5.06678 80 2 25 10 32952 0 
74.9624 18.4045 13.9816 0.562975 5.06678 80 2 25 10 32953 0 
74.9806 18.409 14.1398 0.562975 5.06678 80 2 25 10 32954 0 
74.9988 18.4136 14.2973 0.562975 5.06678 80 2 25 10 32955 0 
75.017 18.4183 14.4539 0.562975 5.06678 80 2 25 10 32956 0 
75.0352 18.4229 14.6099 0.562975 5.06678 80 2 25 10 32957 0 
75.0533 18.4277 14.7651 0.562975 5.06678 80 2 25 10 32958 0 
75.0715 18.4325 14.9197 0.562975 5.06678 80 2 25 10 32959 0 
75.0896 18.4373 15.0737 0.562975 5.06678 80 2 25 10 32960 0 
75.1077 18.4422 15.227 0.562975 5.06678 80 2 25 10 32961 0 
75.1258 18.4471 15.3798 0.562975 5.06678 80 2 25 10 32962 0 
75.1439 18.4521 15.532 0.562975 5.06678 80 2 25 10 32963 0 
75.162 18.4571 15.6837 0.562975 5.06678 80 2 25 10 32964 0 
75.1801 18.4622 15.8349 0.562975 5.06678 80 2 25 10 32965 0 
75.1981 18.4673 15.9856 0.562975 5.06678 80 2 25 10 32966 0 
75.2162 18.4725 16.1358 0.562975 5.06678 80 2 25 10 32967 0 
75.2342 18.4777 16.2856 0.562975 5.06678 80 2 25 10 32968 0 
75.2522 18.4829 16.435 0.562975 5.06678 80 2 25 10 32969 0 
75.2702 18.4882 16.5841 0.562975 5.06678 80 2 25 10 32970 0 
75.2882 18.4936 16.7328 0.562975 5.06678 80 2 25 10 32971 0 
75.3062 18.499 16.8811 0.562975 5.06678 80 2 25 10 32972 0 
75.3241 18.5045 17.0292 0.562975 5.06678 80 2 25 10 32973 0 
75.3421 18.5099 17.177 0.562975 5.06678 80 2 25 10 32974 0 
75.36 18.5155 17.3245 0.562975 5.06678 80 2 25 10 32975 0 
75.3779 18.5211 17.4718 0.562975 5.06678 80 2 25 10 32976 0 
75.3958 18.5267 17.6189 0.562975 5.06678 80 2 25 10 32977 0 
75.4137 18.5324 17.7658 0.562975 5.06678 80 2 25 10 32978 0 
75.4316 18.5381 17.9126 0.562975 5.06678 80 2 25 10 32979 0 
75.4494 18.5439 18.0592 0.562975 5.06678 80 2 25 10 32980 0 
75.4673 18.5497 18.2057 0.562975 5.06678 80 2 25 10 32981 0 
75.4851 18.5556 18.3522 0.562975 5.06678 80 2 25 10 32982 0 
75.5029 18.5615 18.4985 0.562975 5.06678 80 2 25 10 32983 0 
75.5207 18.5674 18.6449 0.562975 5.06678 80 2 25 10 32984 0 
75.5385 18.5734 18.7912 0.562975 5.06678 80 2 25 10 32985 0 
75.5563 18.5795 18.9376 0.562975 5.06678 80 2 25 10 32986 0 
75.574 18.5856 19.0839 0.562975 5.06678 80 2 25 10 32987 0 
75.5917 18.5917 19.2304 0.562975 5.06678 80 2 25 10 32988 0 
75.6095 18.5979 19.3769 0.562975 5.06678 80 2 25 10 32989 0 
75.6272 18.6041 19.5235 0.562975 5.06678 80 2 25 10 32990 0 
75.6448 18.6104 19.6703 0.562975 5.06678 80 2 25 10 32991 0 
75.6625 18.6167 19.8172 0.562975 5.06678 80 2 25 10 32992 0 
75.6802 18.6231 19.9643 0.562975 5.06678 80 2 25 10 32993 0 
75.6978 18.6295 20.1115 0.562975 5.06678 80 2 25 10 32994 0 
75.7154 18.6359 20.259 0.562975 5.06678 80 2 25 10 32995 0 
75.733 18.6424 20.4068 0.562975 5.06678 80 2 25 10 32996 0 
75.7506 18.649 20.5548 0.562975 5.06678 80 2 25 10 32997 0 
75.7682 18.6556 20.7031 0.562975 5.06678 80 2 25 10 32998 0 
75.7857 18.6622 20.8517 0.562975 5.06678 80 2 25 10 32999 0 
75.8033 18.6689 21.0007 0.562975 5.06678 80 2 25 10 33000 0 
75.8208 18.6756 21.15 0.562975 5.06678 80 2 25 10 33001 0 
75.8383 18.6824 21.2997 0.562975 5.06678 80 2 25 10 33002 0 
75.8558 18.6892 21.4498 0.562975 5.06678 80 2 25 10 33003 0 
75.8733 18.696 21.6004 0.562975 5.06678 80 2 25 10 33004 0 
75.8907 18.703 21.7514 0.562975 5.06678 80 2 25 10 33005 0 
75.9081 18.7099 21.9028 0.562975 5.06678 80 2 25 10 33006 0 
75.9255 18.7169 22.0548 0.562975 5.06678 80 2 25 10 33007 0 
75.9429 18.724 22.2073 0.562975 5.06678 80 2 25 10 33008 0 
75.9603 18.731 22.3604 0.562975 5.06678 80 2 25 10 33009 0 
75.9777 18.7382 22.5141 0.562975 5.06678 80 2 25 10 33010 0 
75.995 18.7454 22.6683 0.562975 5.06678 80 2 25 10 33011 0 
76.0123 18.7526 22.8232 0.562975 5.06678 80 2 25 10 33012 0 
76.0296 18.7599 22.9787 0.562975 5.06678 80 2 25 10 33013 0 
76.0469 18.7672 23.1349 0.562975 5.06678 80 2 25 10 33014 0 
76.0642 18.7746 23.2917 0.562975 5.06678 80 2 25 10 33015 0 
76.0814 18.782 23.4493 0.562975 5.06678 80 2 25 10 33016 0 
76.0986 18.7895 23.6077 0.562975 5.06678 80 2 25 10 33017 0 
76.1158 18.797 23.7668 0.562975 5.06678 80 2 25 10 33018 0 
76.133 18.8045 23.9267 0.562975 5.06678 80 2 25 10 33019 0 
76.1501 18.8122 24.0875 0.562975 5.06678 80 2 25 10 33020 0 
76.1673 18.8198 24.2491 0.562975 5.06678 80 2 25 10 33021 0 
76.1844 18.8275 24.4115 0.562975 5.06678 80 2 25 10 33022 0 
76.2015 18.8353 24.5749 0.562975 5.06678 80 2 25 10 33023 0 
76.2185 18.8431 24.7392 0.562975 5.06678 80 2 25 10 33024 0 
76.2356 18.8509 24.9044 0.562975 5.06678 80 2 25 10 33025 0 
76.2526 18.8588 25.0706 0.562975 5.06678 80 2 25 10 33026 0 
76.2696 18.8668 25.2378 0.562975 5.06678 80 2 25 10 33027 0 
76.2866 18.8748 25.406 0.562975 5.06678 80 2 25 10 33028 0 
76.3035 18.8828 25.5753 0.562975 5.06678 80 2 25 10 33029 0 
76.3204 18.8909 25.7457 0.562975 5.06678 80 2 25 10 33030 0 
76.3374 18.8991 25.9172 0.562975 5.06678 80 2 25 10 33031 0 
76.3542 18.9073 26.0898 0.562975 5.06678 80 2 25 10 33032 0 
76.3711 18.9155 26.2636 0.562975 5.06678 80 2 25 10 33033 0 
76.3879 18.9239 26.4385 0.562975 5.06678 80 2 25 10 33034 0 
76.4047 18.9322 26.6147 0.562975 5.06678 80 2 25 10 33035 0 
76.4215 18.9406 26.7922 0.562975 5.06678 80 2 25 10 33036 0 
76.4382 18.9491 26.9709 0.562975 5.06678 80 2 25 10 33037 0 
76.455 18.9576 27.1509 0.562975 5.06678 80 2 25 10 33038 0 
76.4717 18.9661 27.3322 0.562975 5.06678 80 2 25 10 33039 0 
76.4883 18.9748 27.5149 0.562975 5.06678 80 2 25 10 33040 0 
76.505 18.9834 27.699 0.562975 5.06678 80 2 25 10 33041 0 
76.5216 18.9922 27.8846 0.562975 5.06678 80 2 25 10 33042 0 
76.5382 19.0009 28.0715 0.562975 5.06678 80 2 25 10 33043 0 
76.5547 19.0098 28.26 0.562975 5.06678 80 2 25 10 33044 0 
76.5713 19.0186 28.4499 0.562975 5.06678 80 2 25 10 33045 0 
76.5878 19.0276 28.6414 0.562975 5.06678 80 2 25 10 33046 0 
76.6042 19.0366 28.8345 0.562975 5.06678 80 2 25 10 33047 0 
76.6207 19.0456 29.0291 0.562975 5.06678 80 2 25 10 33048 0 
76.6371 19.0547 29.2254 0.562975 5.06678 80 2 25 10 33049 0 
76.6535 19.0639 29.4234 0.562975 5.06678 80 2 25 10 33050 0 
76.6698 19.0731 29.623 0.562975 5.06678 80 2 25 10 33051 0 
76.6861 19.0824 29.8244 0.562975 5.06678 80 2 25 10 33052 0 
76.7024 19.0917 30.0275 0.562975 5.06678 80 2 25 10 33053 0 
76.7187 19.1011 30.2325 0.562975 5.06678 80 2 25 10 33054 0 
76.7349 19.1106 30.4392 0.562975 5.06678 80 2 25 10 33055 0 
76.7511 19.1201 30.6478 0.562975 5.06678 80 2 25 10 33056 0 
76.7672 19.1296 30.8583 0.562975 5.06678 80 2 25 10 33057 0 
76.7833 19.1393 31.0707 0.562975 5.06678 80 2 25 10 33058 0 
76.7994 19.1489 31.285 0.562975 5.06678 80 2 25 10 33059 0 
76.8154 19.1587 31.5014 0.562975 5.06678 80 2 25 10 33060 0 
76.8314 19.1685 31.7197 0.562975 5.06678 80 2 25 10 33061 0 
76.8474 19.1784 31.9401 0.562975 5.06678 80 2 25 10 33062 0 
76.8633 19.1883 32.1626 0.562975 5.06678 80 2 25 10 33063 0 
76.8792 19.1983 32.3872 0.562975 5.06678 80 2 25 10 33064 0 
76.895 19.2083 32.614 0.562975 5.06678 80 2 25 10 33065 0 
76.9108 19.2184 32.8429 0.562975 5.06678 80 2 25 10 33066 0 
76.9266 19.2286 33.0741 0.562975 5.06678 80 2 25 10 33067 0 
76.9423 19.2389 33.3075 0.562975 5.06678 80 2 25 10 33068 0 
76.958 19.2492 33.5432 0.562975 5.06678 80 2 25 10 33069 0 
76.9737 19.2595 33.7813 0.562975 5.06678 80 2 25 10 33070 0 
76.9893 19.27 34.0217 0.562975 5.06678 80 2 25 10 33071 0 
77.0048 19.2805 34.2645 0.562975 5.06678 80 2 25 10 33072 0 
77.0203 19.291 34.5097 0.562975 5.06678 80 2 25 10 33073 0 
77.0358 19.3017 34.7573 0.562975 5.06678 80 2 25 10 33074 0 
77.0512 19.3124 35.0075 0.562975 5.06678 80 2 25 10 33075 0 
77.0666 19.3231 35.2602 0.562975 5.06678 80 2 25 10 33076 0 
77.0819 19.334 35.5155 0.562975 5.06678 80 2 25 10 33077 0 
77.0972 19.3449 35.7733 0.562975 5.06678 80 2 25 10 33078 0 
77.1124 19.3558 36.0338 0.562975 5.06678 80 2 25 10 33079 0 
77.1276 19.3669 36.2969 0.562975 5.06678 80 2 25 10 33080 0 
77.1427 19.378 36.5627 0.562975 5.06678 80 2 25 10 33081 0 
77.1578 19.3892 36.8313 0.562975 5.06678 80 2 25 10 33082 0 
77.1728 19.4004 37.1026 0.562975 5.06678 80 2 25 10 33083 0 
77.1878 19.4117 37.3767 0.562975 5.06678 80 2 25 10 33084 0 
77.2027 19.4231 37.6537 0.562975 5.06678 80 2 25 10 33085 0 
77.2175 19.4346 37.9335 0.562975 5.06678 80 2 25 10 33086 0 
77.2323 19.4461 38.2161 0.562975 5.06678 80 2 25 10 33087 0 
77.2471 19.4577 38.5017 0.562975 5.06678 80 2 25 10 33088 0 
77.2618 19.4694 38.7903 0.562975 5.06678 80 2 25 10 33089 0 
77.2764 19.4812 39.0818 0.562975 5.06678 80 2 25 10 33090 0 
77.291 19.493 39.3763 0.562975 5.06678 80 2 25 10 33091 0 
77.3055 19.5049 39.6738 0.562975 5.06678 80 2 25 10 33092 0 
77.3199 19.5169 39.9744 0.562975 5.06678 80 2 25 10 33093 0 
77.3343 19.529 40.278 0.562975 5.06678 80 2 25 10 33094 0 
77.3486 19.5411 40.5848 0.562975 5.06678 80 2 25 10 33095 0 
77.3629 19.5533 40.8947 0.562975 5.06678 80 2 25 10 33096 0 
77.377 19.5656 41.2077 0.562975 5.06678 80 2 25 10 33097 0 
77.3912 19.5779 41.524 0.562975 5.06678 80 2 25 10 33098 0 
77.4052 19.5904 41.8434 0.562975 5.06678 80 2 25 10 33099 0 
77.4192 19.6029 42.166 0.562975 5.06678 80 2 25 10 33100 0 
77.4331 19.6155 42.4918 0.562975 5.06678 80 2 25 10 33101 0 
77.4469 19.6282 42.8209 0.562975 5.06678 80 2 25 10 33102 0 
77.4607 19.6409 43.1532 0.562975 5.06678 80 2 25 10 33103 0 
77.4744 19.6538 43.4889 0.562975 5.06678 80 2 25 10 33104 0 
77.488 19.6667 43.8277 0.562975 5.06678 80 2 25 10 33105 0 
77.5015 19.6797 44.1699 0.562975 5.06678 80 2 25 10 33106 0 
77.515 19.6928 44.5154 0.562975 5.06678 80 2 25 10 33107 0 
77.5284 19.7059 44.8642 0.562975 5.06678 80 2 25 10 33108 0 
77.5417 19.7191 45.2163 0.562975 5.06678 80 2 25 10 33109 0 
77.5549 19.7325 45.5718 0.562975 5.06678 80 2 25 10 33110 0 
77.568 19.7459 45.9305 0.562975 5.06678 80 2 25 10 33111 0 
77.5811 19.7593 46.2926 0.562975 5.06678 80 2 25 10 33112 0 
77.5941 19.7729 46.6579 0.562975 5.06678 80 2 25 10 33113 0 
77.6069 19.7866 47.0266 0.562975 5.06678 80 2 25 10 33114 0 
77.6197 19.8003 47.3986 0.562975 5.06678 80 2 25 10 33115 0 
77.6324 19.8141 47.7738 0.562975 5.06678 80 2 25 10 33116 0 
77.6451 19.828 48.1524 0.562975 5.06678 80 2 25 10 33117 0 
77.6576 19.842 48.5342 0.562975 5.06678 80 2 25 10 33118 0 
77.67 19.856 48.9192 0.562975 5.06678 80 2 25 10 33119 0 
77.6823 19.8702 49.3075 0.562975 5.06678 80 2 25 10 33120 0 
77.6946 19.8844 49.699 0.562975 5.06678 80 2 25 10 33121 0 
77.7067 19.8987 50.0936 0.562975 5.06678 80 2 25 10 33122 0 
77.7187 19.9131 50.4914 0.562975 5.06678 80 2 25 10 33123 0 
77.7307 19.9276 50.8923 0.562975 5.06678 80 2 25 10 33124 0 
77.7425 19.9422 51.2963 0.562975 5.06678 80 2 25 10 33125 0 
77.7543 19.9568 51.7034 0.562975 5.06678 80 2 25 10 33126 0 
77.7659 19.9715 52.1135 0.562975 5.06678 80 2 25 10 33127 0 
77.7774 19.9863 52.5265 0.562975 5.06678 80 2 25 10 33128 0 
77.7888 20.0012 52.9425 0.562975 5.06678 80 2 25 10 33129 0 
77.8001 20.0162 53.3613 0.562975 5.06678 80 2 25 10 33130 0 
77.8113 20.0313 53.783 0.562975 5.06678 80 2 25 10 33131 0 
77.8224 20.0464 54.2074 0.562975 5.06678 80 2 25 10 33132 0 
77.8334 20.0616 54.6346 0.562975 5.06678 80 2 25 10 33133 0 
77.8443 20.0769 55.0644 0.562975 5.06678 80 2 25 10 33134 0 
77.855 20.0923 55.4969 0.562975 5.06678 80 2 25 10 33135 0 
77.8656 20.1078 55.9319 0.562975 5.06678 80 2 25 10 33136 0 
77.8761 20.1233 56.3693 0.562975 5.06678 80 2 25 10 33137 0 
77.8865 20.139 56.8092 0.562975 5.06678 80 2 25 10 33138 0 
77.8968 20.1547 57.2515 0.562975 5.06678 80 2 25 10 33139 0 
77.907 20.1705 57.696 0.562975 5.06678 80 2 25 10 33140 0 
77.917 20.1863 58.1427 0.562975 5.06678 80 2 25 10 33141 0 
77.9269 20.2023 58.5915 0.562975 5.06678 80 2 25 10 33142 0 
77.9367 20.2183 59.0423 0.562975 5.06678 80 2 25 10 33143 0 
77.9463 20.2344 59.4951 0.562975 5.06678 80 2 25 10 33144 0 
77.9558 20.2505 59.9498 0.562975 5.06678 80 2 25 10 33145 0 
77.9652 20.2668 60.4063 0.562975 5.06678 80 2 25 10 33146 0 
77.9745 20.2831 60.8645 0.562975 5.06678 80 2 25 10 33147 0 
77.9837 20.2995 61.3243 0.562975 5.06678 80 2 25 10 33148 0 
77.9927 20.3159 61.7856 0.562975 5.06678 80 2 25 10 33149 0 
78.0015 20.3325 62.2484 0.562975 5.06678 80 2 25 10 33150 0 
