132.975 -20.9308 -180.439 0.327497 2.94748 -80 2 -25 10 47488 1 
132.964 -20.9307 -180.428 0.327497 2.94748 -80 2 -25 10 47489 1 
132.954 -20.9307 -180.417 0.327497 2.94748 -80 2 -25 10 47490 1 
132.943 -20.9306 -180.406 0.327497 2.94748 -80 2 -25 10 47491 1 
132.932 -20.9305 -180.396 0.327497 2.94748 -80 2 -25 10 47492 1 
132.921 -20.9304 -180.385 0.327497 2.94748 -80 2 -25 10 47493 1 
132.91 -20.9304 -180.375 0.327497 2.94748 -80 2 -25 10 47494 1 
132.899 -20.9303 -180.365 0.327497 2.94748 -80 2 -25 10 47495 1 
132.888 -20.9302 -180.356 0.327497 2.94748 -80 2 -25 10 47496 1 
132.877 -20.9301 -180.346 0.327497 2.94748 -80 2 -25 10 47497 1 
132.866 -20.9301 -180.337 0.327497 2.94748 -80 2 -25 10 47498 1 
132.855 -20.93 -180.327 0.327497 2.94748 -80 2 -25 10 47499 1 
132.844 -20.93 -180.318 0.327497 2.94748 -80 2 -25 10 47500 1 
132.833 -20.9299 -180.309 0.327497 2.94748 -80 2 -25 10 47501 1 
132.823 -20.9298 -180.3 0.327497 2.94748 -80 2 -25 10 47502 1 
132.812 -20.9298 -180.292 0.327497 2.94748 -80 2 -25 10 47503 1 
132.801 -20.9297 -180.283 0.327497 2.94748 -80 2 -25 10 47504 1 
132.79 -20.9297 -180.275 0.327497 2.94748 -80 2 -25 10 47505 1 
132.779 -20.9296 -180.266 0.327497 2.94748 -80 2 -25 10 47506 1 
132.768 -20.9296 -180.258 0.327497 2.94748 -80 2 -25 10 47507 1 
132.757 -20.9295 -180.25 0.327497 2.94748 -80 2 -25 10 47508 1 
132.746 -20.9295 -180.242 0.327497 2.94748 -80 2 -25 10 47509 1 
132.735 -20.9294 -180.235 0.327497 2.94748 -80 2 -25 10 47510 1 
132.724 -20.9294 -180.227 0.327497 2.94748 -80 2 -25 10 47511 1 
132.713 -20.9293 -180.22 0.327497 2.94748 -80 2 -25 10 47512 1 
132.703 -20.9293 -180.212 0.327497 2.94748 -80 2 -25 10 47513 1 
132.692 -20.9293 -180.205 0.327497 2.94748 -80 2 -25 10 47514 1 
132.681 -20.9292 -180.198 0.327497 2.94748 -80 2 -25 10 47515 1 
132.67 -20.9292 -180.191 0.327497 2.94748 -80 2 -25 10 47516 1 
132.659 -20.9291 -180.184 0.327497 2.94748 -80 2 -25 10 47517 1 
132.648 -20.9291 -180.177 0.327497 2.94748 -80 2 -25 10 47518 1 
132.637 -20.9291 -180.171 0.327497 2.94748 -80 2 -25 10 47519 1 
132.626 -20.929 -180.164 0.327497 2.94748 -80 2 -25 10 47520 1 
132.615 -20.929 -180.158 0.327497 2.94748 -80 2 -25 10 47521 1 
132.604 -20.929 -180.151 0.327497 2.94748 -80 2 -25 10 47522 1 
132.593 -20.9289 -180.145 0.327497 2.94748 -80 2 -25 10 47523 1 
132.583 -20.9289 -180.139 0.327497 2.94748 -80 2 -25 10 47524 1 
132.572 -20.9289 -180.133 0.327497 2.94748 -80 2 -25 10 47525 1 
132.561 -20.9289 -180.127 0.327497 2.94748 -80 2 -25 10 47526 1 
132.55 -20.9288 -180.121 0.327497 2.94748 -80 2 -25 10 47527 1 
132.539 -20.9288 -180.116 0.327497 2.94748 -80 2 -25 10 47528 1 
132.528 -20.9288 -180.11 0.327497 2.94748 -80 2 -25 10 47529 1 
132.517 -20.9288 -180.104 0.327497 2.94748 -80 2 -25 10 47530 1 
132.506 -20.9288 -180.099 0.327497 2.94748 -80 2 -25 10 47531 1 
132.495 -20.9287 -180.094 0.327497 2.94748 -80 2 -25 10 47532 1 
132.484 -20.9287 -180.088 0.327497 2.94748 -80 2 -25 10 47533 1 
132.473 -20.9287 -180.083 0.327497 2.94748 -80 2 -25 10 47534 1 
132.463 -20.9287 -180.078 0.327497 2.94748 -80 2 -25 10 47535 1 
132.452 -20.9287 -180.073 0.327497 2.94748 -80 2 -25 10 47536 1 
132.441 -20.9287 -180.068 0.327497 2.94748 -80 2 -25 10 47537 1 
132.43 -20.9286 -180.063 0.327497 2.94748 -80 2 -25 10 47538 1 
132.419 -20.9286 -180.059 0.327497 2.94748 -80 2 -25 10 47539 1 
132.408 -20.9286 -180.054 0.327497 2.94748 -80 2 -25 10 47540 1 
132.397 -20.9286 -180.049 0.327497 2.94748 -80 2 -25 10 47541 1 
132.386 -20.9286 -180.045 0.327497 2.94748 -80 2 -25 10 47542 1 
132.375 -20.9286 -180.04 0.327497 2.94748 -80 2 -25 10 47543 1 
132.364 -20.9286 -180.036 0.327497 2.94748 -80 2 -25 10 47544 1 
132.353 -20.9286 -180.032 0.327497 2.94748 -80 2 -25 10 47545 1 
132.343 -20.9286 -180.028 0.327497 2.94748 -80 2 -25 10 47546 1 
132.332 -20.9286 -180.023 0.327497 2.94748 -80 2 -25 10 47547 1 
132.321 -20.9286 -180.019 0.327497 2.94748 -80 2 -25 10 47548 1 
132.31 -20.9286 -180.015 0.327497 2.94748 -80 2 -25 10 47549 1 
132.299 -20.9286 -180.011 0.327497 2.94748 -80 2 -25 10 47550 1 
132.288 -20.9286 -180.007 0.327497 2.94748 -80 2 -25 10 47551 1 
132.277 -20.9286 -180.004 0.327497 2.94748 -80 2 -25 10 47552 1 
132.266 -20.9286 -180 0.327497 2.94748 -80 2 -25 10 47553 1 
132.255 -20.9286 -179.996 0.327497 2.94748 -80 2 -25 10 47554 1 
132.244 -20.9286 -179.993 0.327497 2.94748 -80 2 -25 10 47555 1 
132.233 -20.9286 -179.989 0.327497 2.94748 -80 2 -25 10 47556 1 
132.223 -20.9286 -179.985 0.327497 2.94748 -80 2 -25 10 47557 1 
132.212 -20.9286 -179.982 0.327497 2.94748 -80 2 -25 10 47558 1 
132.201 -20.9286 -179.979 0.327497 2.94748 -80 2 -25 10 47559 1 
132.19 -20.9286 -179.975 0.327497 2.94748 -80 2 -25 10 47560 1 
132.179 -20.9286 -179.972 0.327497 2.94748 -80 2 -25 10 47561 1 
132.168 -20.9286 -179.969 0.327497 2.94748 -80 2 -25 10 47562 1 
132.157 -20.9286 -179.966 0.327497 2.94748 -80 2 -25 10 47563 1 
132.146 -20.9286 -179.962 0.327497 2.94748 -80 2 -25 10 47564 1 
132.135 -20.9286 -179.959 0.327497 2.94748 -80 2 -25 10 47565 1 
132.124 -20.9286 -179.956 0.327497 2.94748 -80 2 -25 10 47566 1 
132.113 -20.9286 -179.953 0.327497 2.94748 -80 2 -25 10 47567 1 
132.103 -20.9286 -179.95 0.327497 2.94748 -80 2 -25 10 47568 1 
132.092 -20.9286 -179.948 0.327497 2.94748 -80 2 -25 10 47569 1 
132.081 -20.9286 -179.945 0.327497 2.94748 -80 2 -25 10 47570 1 
132.07 -20.9287 -179.942 0.327497 2.94748 -80 2 -25 10 47571 1 
132.059 -20.9287 -179.939 0.327497 2.94748 -80 2 -25 10 47572 1 
132.048 -20.9287 -179.937 0.327497 2.94748 -80 2 -25 10 47573 1 
132.037 -20.9287 -179.934 0.327497 2.94748 -80 2 -25 10 47574 1 
132.026 -20.9287 -179.931 0.327497 2.94748 -80 2 -25 10 47575 1 
132.015 -20.9287 -179.929 0.327497 2.94748 -80 2 -25 10 47576 1 
132.004 -20.9287 -179.926 0.327497 2.94748 -80 2 -25 10 47577 1 
131.993 -20.9287 -179.924 0.327497 2.94748 -80 2 -25 10 47578 1 
131.983 -20.9288 -179.921 0.327497 2.94748 -80 2 -25 10 47579 1 
131.972 -20.9288 -179.919 0.327497 2.94748 -80 2 -25 10 47580 1 
131.961 -20.9288 -179.917 0.327497 2.94748 -80 2 -25 10 47581 1 
131.95 -20.9288 -179.914 0.327497 2.94748 -80 2 -25 10 47582 1 
131.939 -20.9288 -179.912 0.327497 2.94748 -80 2 -25 10 47583 1 
131.928 -20.9288 -179.91 0.327497 2.94748 -80 2 -25 10 47584 1 
131.917 -20.9289 -179.908 0.327497 2.94748 -80 2 -25 10 47585 1 
131.906 -20.9289 -179.905 0.327497 2.94748 -80 2 -25 10 47586 1 
131.895 -20.9289 -179.903 0.327497 2.94748 -80 2 -25 10 47587 1 
131.884 -20.9289 -179.901 0.327497 2.94748 -80 2 -25 10 47588 1 
131.873 -20.9289 -179.899 0.327497 2.94748 -80 2 -25 10 47589 1 
131.863 -20.9289 -179.897 0.327497 2.94748 -80 2 -25 10 47590 1 
131.852 -20.929 -179.895 0.327497 2.94748 -80 2 -25 10 47591 1 
131.841 -20.929 -179.893 0.327497 2.94748 -80 2 -25 10 47592 1 
131.83 -20.929 -179.891 0.327497 2.94748 -80 2 -25 10 47593 1 
131.819 -20.929 -179.889 0.327497 2.94748 -80 2 -25 10 47594 1 
131.808 -20.929 -179.888 0.327497 2.94748 -80 2 -25 10 47595 1 
131.797 -20.9291 -179.886 0.327497 2.94748 -80 2 -25 10 47596 1 
131.786 -20.9291 -179.884 0.327497 2.94748 -80 2 -25 10 47597 1 
131.775 -20.9291 -179.882 0.327497 2.94748 -80 2 -25 10 47598 1 
131.764 -20.9291 -179.88 0.327497 2.94748 -80 2 -25 10 47599 1 
131.753 -20.9292 -179.879 0.327497 2.94748 -80 2 -25 10 47600 1 
131.742 -20.9292 -179.877 0.327497 2.94748 -80 2 -25 10 47601 1 
131.732 -20.9292 -179.875 0.327497 2.94748 -80 2 -25 10 47602 1 
131.721 -20.9292 -179.874 0.327497 2.94748 -80 2 -25 10 47603 1 
131.71 -20.9293 -179.872 0.327497 2.94748 -80 2 -25 10 47604 1 
131.699 -20.9293 -179.871 0.327497 2.94748 -80 2 -25 10 47605 1 
131.688 -20.9293 -179.869 0.327497 2.94748 -80 2 -25 10 47606 1 
131.677 -20.9293 -179.867 0.327497 2.94748 -80 2 -25 10 47607 1 
131.666 -20.9293 -179.866 0.327497 2.94748 -80 2 -25 10 47608 1 
131.655 -20.9294 -179.864 0.327497 2.94748 -80 2 -25 10 47609 1 
131.644 -20.9294 -179.863 0.327497 2.94748 -80 2 -25 10 47610 1 
131.633 -20.9294 -179.862 0.327497 2.94748 -80 2 -25 10 47611 1 
131.622 -20.9295 -179.86 0.327497 2.94748 -80 2 -25 10 47612 1 
131.612 -20.9295 -179.859 0.327497 2.94748 -80 2 -25 10 47613 1 
131.601 -20.9295 -179.857 0.327497 2.94748 -80 2 -25 10 47614 1 
131.59 -20.9295 -179.856 0.327497 2.94748 -80 2 -25 10 47615 1 
131.579 -20.9296 -179.855 0.327497 2.94748 -80 2 -25 10 47616 1 
131.568 -20.9296 -179.854 0.327497 2.94748 -80 2 -25 10 47617 1 
131.557 -20.9296 -179.852 0.327497 2.94748 -80 2 -25 10 47618 1 
131.546 -20.9296 -179.851 0.327497 2.94748 -80 2 -25 10 47619 1 
131.535 -20.9297 -179.85 0.327497 2.94748 -80 2 -25 10 47620 1 
131.524 -20.9297 -179.849 0.327497 2.94748 -80 2 -25 10 47621 1 
131.513 -20.9297 -179.847 0.327497 2.94748 -80 2 -25 10 47622 1 
131.502 -20.9298 -179.846 0.327497 2.94748 -80 2 -25 10 47623 1 
131.492 -20.9298 -179.845 0.327497 2.94748 -80 2 -25 10 47624 1 
131.481 -20.9298 -179.844 0.327497 2.94748 -80 2 -25 10 47625 1 
131.47 -20.9298 -179.843 0.327497 2.94748 -80 2 -25 10 47626 1 
131.459 -20.9299 -179.842 0.327497 2.94748 -80 2 -25 10 47627 1 
131.448 -20.9299 -179.841 0.327497 2.94748 -80 2 -25 10 47628 1 
131.437 -20.9299 -179.84 0.327497 2.94748 -80 2 -25 10 47629 1 
131.426 -20.93 -179.839 0.327497 2.94748 -80 2 -25 10 47630 1 
131.415 -20.93 -179.838 0.327497 2.94748 -80 2 -25 10 47631 1 
131.404 -20.93 -179.837 0.327497 2.94748 -80 2 -25 10 47632 1 
131.393 -20.9301 -179.836 0.327497 2.94748 -80 2 -25 10 47633 1 
131.382 -20.9301 -179.835 0.327497 2.94748 -80 2 -25 10 47634 1 
131.372 -20.9301 -179.834 0.327497 2.94748 -80 2 -25 10 47635 1 
131.361 -20.9302 -179.833 0.327497 2.94748 -80 2 -25 10 47636 1 
131.35 -20.9302 -179.832 0.327497 2.94748 -80 2 -25 10 47637 1 
131.339 -20.9302 -179.831 0.327497 2.94748 -80 2 -25 10 47638 1 
131.328 -20.9303 -179.83 0.327497 2.94748 -80 2 -25 10 47639 1 
131.317 -20.9303 -179.829 0.327497 2.94748 -80 2 -25 10 47640 1 
131.306 -20.9303 -179.828 0.327497 2.94748 -80 2 -25 10 47641 1 
131.295 -20.9304 -179.827 0.327497 2.94748 -80 2 -25 10 47642 1 
131.284 -20.9304 -179.826 0.327497 2.94748 -80 2 -25 10 47643 1 
131.273 -20.9304 -179.826 0.327497 2.94748 -80 2 -25 10 47644 1 
131.262 -20.9305 -179.825 0.327497 2.94748 -80 2 -25 10 47645 1 
131.252 -20.9305 -179.824 0.327497 2.94748 -80 2 -25 10 47646 1 
131.241 -20.9305 -179.823 0.327497 2.94748 -80 2 -25 10 47647 1 
131.23 -20.9306 -179.823 0.327497 2.94748 -80 2 -25 10 47648 1 
131.219 -20.9306 -179.822 0.327497 2.94748 -80 2 -25 10 47649 1 
131.208 -20.9306 -179.821 0.327497 2.94748 -80 2 -25 10 47650 1 
131.197 -20.9307 -179.82 0.327497 2.94748 -80 2 -25 10 47651 1 
131.186 -20.9307 -179.82 0.327497 2.94748 -80 2 -25 10 47652 1 
131.175 -20.9307 -179.819 0.327497 2.94748 -80 2 -25 10 47653 1 
131.164 -20.9308 -179.818 0.327497 2.94748 -80 2 -25 10 47654 1 
131.153 -20.9308 -179.817 0.327497 2.94748 -80 2 -25 10 47655 1 
131.142 -20.9308 -179.817 0.327497 2.94748 -80 2 -25 10 47656 1 
131.132 -20.9309 -179.816 0.327497 2.94748 -80 2 -25 10 47657 1 
131.121 -20.9309 -179.815 0.327497 2.94748 -80 2 -25 10 47658 1 
131.11 -20.9309 -179.815 0.327497 2.94748 -80 2 -25 10 47659 1 
131.099 -20.931 -179.814 0.327497 2.94748 -80 2 -25 10 47660 1 
131.088 -20.931 -179.814 0.327497 2.94748 -80 2 -25 10 47661 1 
131.077 -20.931 -179.813 0.327497 2.94748 -80 2 -25 10 47662 1 
131.066 -20.9311 -179.812 0.327497 2.94748 -80 2 -25 10 47663 1 
131.055 -20.9311 -179.812 0.327497 2.94748 -80 2 -25 10 47664 1 
131.044 -20.9311 -179.811 0.327497 2.94748 -80 2 -25 10 47665 1 
131.033 -20.9312 -179.811 0.327497 2.94748 -80 2 -25 10 47666 1 
131.022 -20.9312 -179.81 0.327497 2.94748 -80 2 -25 10 47667 1 
131.012 -20.9313 -179.81 0.327497 2.94748 -80 2 -25 10 47668 1 
131.001 -20.9313 -179.809 0.327497 2.94748 -80 2 -25 10 47669 1 
130.99 -20.9313 -179.808 0.327497 2.94748 -80 2 -25 10 47670 1 
130.979 -20.9314 -179.808 0.327497 2.94748 -80 2 -25 10 47671 1 
130.968 -20.9314 -179.807 0.327497 2.94748 -80 2 -25 10 47672 1 
130.957 -20.9314 -179.807 0.327497 2.94748 -80 2 -25 10 47673 1 
130.946 -20.9315 -179.806 0.327497 2.94748 -80 2 -25 10 47674 1 
130.935 -20.9315 -179.806 0.327497 2.94748 -80 2 -25 10 47675 1 
130.924 -20.9315 -179.805 0.327497 2.94748 -80 2 -25 10 47676 1 
130.913 -20.9316 -179.805 0.327497 2.94748 -80 2 -25 10 47677 1 
130.902 -20.9316 -179.804 0.327497 2.94748 -80 2 -25 10 47678 1 
130.892 -20.9317 -179.804 0.327497 2.94748 -80 2 -25 10 47679 1 
130.881 -20.9317 -179.804 0.327497 2.94748 -80 2 -25 10 47680 1 
130.87 -20.9317 -179.803 0.327497 2.94748 -80 2 -25 10 47681 1 
130.859 -20.9318 -179.803 0.327497 2.94748 -80 2 -25 10 47682 1 
130.848 -20.9318 -179.802 0.327497 2.94748 -80 2 -25 10 47683 1 
130.837 -20.9318 -179.802 0.327497 2.94748 -80 2 -25 10 47684 1 
130.826 -20.9319 -179.801 0.327497 2.94748 -80 2 -25 10 47685 1 
130.815 -20.9319 -179.801 0.327497 2.94748 -80 2 -25 10 47686 1 
130.804 -20.932 -179.801 0.327497 2.94748 -80 2 -25 10 47687 1 
130.793 -20.932 -179.8 0.327497 2.94748 -80 2 -25 10 47688 1 
130.782 -20.932 -179.8 0.327497 2.94748 -80 2 -25 10 47689 1 
130.771 -20.9321 -179.799 0.327497 2.94748 -80 2 -25 10 47690 1 
130.761 -20.9321 -179.799 0.327497 2.94748 -80 2 -25 10 47691 1 
130.75 -20.9321 -179.799 0.327497 2.94748 -80 2 -25 10 47692 1 
130.739 -20.9322 -179.798 0.327497 2.94748 -80 2 -25 10 47693 1 
130.728 -20.9322 -179.798 0.327497 2.94748 -80 2 -25 10 47694 1 
130.717 -20.9323 -179.798 0.327497 2.94748 -80 2 -25 10 47695 1 
130.706 -20.9323 -179.797 0.327497 2.94748 -80 2 -25 10 47696 1 
130.695 -20.9323 -179.797 0.327497 2.94748 -80 2 -25 10 47697 1 
130.684 -20.9324 -179.797 0.327497 2.94748 -80 2 -25 10 47698 1 
130.673 -20.9324 -179.796 0.327497 2.94748 -80 2 -25 10 47699 1 
130.662 -20.9325 -179.796 0.327497 2.94748 -80 2 -25 10 47700 1 
130.651 -20.9325 -179.796 0.327497 2.94748 -80 2 -25 10 47701 1 
130.641 -20.9325 -179.795 0.327497 2.94748 -80 2 -25 10 47702 1 
130.63 -20.9326 -179.795 0.327497 2.94748 -80 2 -25 10 47703 1 
130.619 -20.9326 -179.795 0.327497 2.94748 -80 2 -25 10 47704 1 
130.608 -20.9326 -179.794 0.327497 2.94748 -80 2 -25 10 47705 1 
130.597 -20.9327 -179.794 0.327497 2.94748 -80 2 -25 10 47706 1 
130.586 -20.9327 -179.794 0.327497 2.94748 -80 2 -25 10 47707 1 
130.575 -20.9328 -179.793 0.327497 2.94748 -80 2 -25 10 47708 1 
130.564 -20.9328 -179.793 0.327497 2.94748 -80 2 -25 10 47709 1 
130.553 -20.9328 -179.793 0.327497 2.94748 -80 2 -25 10 47710 1 
130.542 -20.9329 -179.793 0.327497 2.94748 -80 2 -25 10 47711 1 
130.531 -20.9329 -179.792 0.327497 2.94748 -80 2 -25 10 47712 1 
130.521 -20.933 -179.792 0.327497 2.94748 -80 2 -25 10 47713 1 
130.51 -20.933 -179.792 0.327497 2.94748 -80 2 -25 10 47714 1 
130.499 -20.933 -179.792 0.327497 2.94748 -80 2 -25 10 47715 1 
130.488 -20.9331 -179.791 0.327497 2.94748 -80 2 -25 10 47716 1 
130.477 -20.9331 -179.791 0.327497 2.94748 -80 2 -25 10 47717 1 
130.466 -20.9332 -179.791 0.327497 2.94748 -80 2 -25 10 47718 1 
130.455 -20.9332 -179.791 0.327497 2.94748 -80 2 -25 10 47719 1 
130.444 -20.9332 -179.79 0.327497 2.94748 -80 2 -25 10 47720 1 
130.433 -20.9333 -179.79 0.327497 2.94748 -80 2 -25 10 47721 1 
130.422 -20.9333 -179.79 0.327497 2.94748 -80 2 -25 10 47722 1 
130.411 -20.9334 -179.79 0.327497 2.94748 -80 2 -25 10 47723 1 
130.401 -20.9334 -179.789 0.327497 2.94748 -80 2 -25 10 47724 1 
130.39 -20.9334 -179.789 0.327497 2.94748 -80 2 -25 10 47725 1 
130.379 -20.9335 -179.789 0.327497 2.94748 -80 2 -25 10 47726 1 
130.368 -20.9335 -179.789 0.327497 2.94748 -80 2 -25 10 47727 1 
130.357 -20.9336 -179.789 0.327497 2.94748 -80 2 -25 10 47728 1 
130.346 -20.9336 -179.788 0.327497 2.94748 -80 2 -25 10 47729 1 
130.335 -20.9336 -179.788 0.327497 2.94748 -80 2 -25 10 47730 1 
130.324 -20.9337 -179.788 0.327497 2.94748 -80 2 -25 10 47731 1 
130.313 -20.9337 -179.788 0.327497 2.94748 -80 2 -25 10 47732 1 
130.302 -20.9338 -179.788 0.327497 2.94748 -80 2 -25 10 47733 1 
130.291 -20.9338 -179.787 0.327497 2.94748 -80 2 -25 10 47734 1 
130.281 -20.9338 -179.787 0.327497 2.94748 -80 2 -25 10 47735 1 
130.27 -20.9339 -179.787 0.327497 2.94748 -80 2 -25 10 47736 1 
130.259 -20.9339 -179.787 0.327497 2.94748 -80 2 -25 10 47737 1 
130.248 -20.934 -179.787 0.327497 2.94748 -80 2 -25 10 47738 1 
130.237 -20.934 -179.787 0.327497 2.94748 -80 2 -25 10 47739 1 
130.226 -20.934 -179.786 0.327497 2.94748 -80 2 -25 10 47740 1 
130.215 -20.9341 -179.786 0.327497 2.94748 -80 2 -25 10 47741 1 
130.204 -20.9341 -179.786 0.327497 2.94748 -80 2 -25 10 47742 1 
130.193 -20.9342 -179.786 0.327497 2.94748 -80 2 -25 10 47743 1 
130.182 -20.9342 -179.786 0.327497 2.94748 -80 2 -25 10 47744 1 
130.171 -20.9342 -179.786 0.327497 2.94748 -80 2 -25 10 47745 1 
130.161 -20.9343 -179.785 0.327497 2.94748 -80 2 -25 10 47746 1 
130.15 -20.9343 -179.785 0.327497 2.94748 -80 2 -25 10 47747 1 
130.139 -20.9344 -179.785 0.327497 2.94748 -80 2 -25 10 47748 1 
130.128 -20.9344 -179.785 0.327497 2.94748 -80 2 -25 10 47749 1 
130.117 -20.9345 -179.785 0.327497 2.94748 -80 2 -25 10 47750 1 
130.106 -20.9345 -179.785 0.327497 2.94748 -80 2 -25 10 47751 1 
130.095 -20.9345 -179.785 0.327497 2.94748 -80 2 -25 10 47752 1 
130.084 -20.9346 -179.784 0.327497 2.94748 -80 2 -25 10 47753 1 
130.073 -20.9346 -179.784 0.327497 2.94748 -80 2 -25 10 47754 1 
130.062 -20.9347 -179.784 0.327497 2.94748 -80 2 -25 10 47755 1 
130.051 -20.9347 -179.784 0.327497 2.94748 -80 2 -25 10 47756 1 
130.041 -20.9347 -179.784 0.327497 2.94748 -80 2 -25 10 47757 1 
130.03 -20.9348 -179.784 0.327497 2.94748 -80 2 -25 10 47758 1 
130.019 -20.9348 -179.784 0.327497 2.94748 -80 2 -25 10 47759 1 
130.008 -20.9349 -179.783 0.327497 2.94748 -80 2 -25 10 47760 1 
129.997 -20.9349 -179.783 0.327497 2.94748 -80 2 -25 10 47761 1 
129.986 -20.935 -179.783 0.327497 2.94748 -80 2 -25 10 47762 1 
129.975 -20.935 -179.783 0.327497 2.94748 -80 2 -25 10 47763 1 
129.964 -20.935 -179.783 0.327497 2.94748 -80 2 -25 10 47764 1 
129.953 -20.9351 -179.783 0.327497 2.94748 -80 2 -25 10 47765 1 
129.942 -20.9351 -179.783 0.327497 2.94748 -80 2 -25 10 47766 1 
129.931 -20.9352 -179.783 0.327497 2.94748 -80 2 -25 10 47767 1 
129.921 -20.9352 -179.783 0.327497 2.94748 -80 2 -25 10 47768 1 
129.91 -20.9352 -179.782 0.327497 2.94748 -80 2 -25 10 47769 1 
129.899 -20.9353 -179.782 0.327497 2.94748 -80 2 -25 10 47770 1 
129.888 -20.9353 -179.782 0.327497 2.94748 -80 2 -25 10 47771 1 
129.877 -20.9354 -179.782 0.327497 2.94748 -80 2 -25 10 47772 1 
129.866 -20.9354 -179.782 0.327497 2.94748 -80 2 -25 10 47773 1 
129.855 -20.9355 -179.782 0.327497 2.94748 -80 2 -25 10 47774 1 
129.844 -20.9355 -179.782 0.327497 2.94748 -80 2 -25 10 47775 1 
129.833 -20.9355 -179.782 0.327497 2.94748 -80 2 -25 10 47776 1 
129.822 -20.9356 -179.782 0.327497 2.94748 -80 2 -25 10 47777 1 
129.811 -20.9356 -179.781 0.327497 2.94748 -80 2 -25 10 47778 1 
129.801 -20.9357 -179.781 0.327497 2.94748 -80 2 -25 10 47779 1 
129.79 -20.9357 -179.781 0.327497 2.94748 -80 2 -25 10 47780 1 
129.779 -20.9357 -179.781 0.327497 2.94748 -80 2 -25 10 47781 1 
129.768 -20.9358 -179.781 0.327497 2.94748 -80 2 -25 10 47782 1 
129.757 -20.9358 -179.781 0.327497 2.94748 -80 2 -25 10 47783 1 
129.746 -20.9359 -179.781 0.327497 2.94748 -80 2 -25 10 47784 1 
129.735 -20.9359 -179.781 0.327497 2.94748 -80 2 -25 10 47785 1 
129.724 -20.936 -179.781 0.327497 2.94748 -80 2 -25 10 47786 1 
129.713 -20.936 -179.781 0.327497 2.94748 -80 2 -25 10 47787 1 
129.702 -20.936 -179.781 0.327497 2.94748 -80 2 -25 10 47788 1 
129.691 -20.9361 -179.781 0.327497 2.94748 -80 2 -25 10 47789 1 
129.68 -20.9361 -179.78 0.327497 2.94748 -80 2 -25 10 47790 1 
129.67 -20.9362 -179.78 0.327497 2.94748 -80 2 -25 10 47791 1 
129.659 -20.9362 -179.78 0.327497 2.94748 -80 2 -25 10 47792 1 
129.648 -20.9363 -179.78 0.327497 2.94748 -80 2 -25 10 47793 1 
129.637 -20.9363 -179.78 0.327497 2.94748 -80 2 -25 10 47794 1 
129.626 -20.9363 -179.78 0.327497 2.94748 -80 2 -25 10 47795 1 
129.615 -20.9364 -179.78 0.327497 2.94748 -80 2 -25 10 47796 1 
129.604 -20.9364 -179.78 0.327497 2.94748 -80 2 -25 10 47797 1 
129.593 -20.9365 -179.78 0.327497 2.94748 -80 2 -25 10 47798 1 
129.582 -20.9365 -179.78 0.327497 2.94748 -80 2 -25 10 47799 1 
129.571 -20.9365 -179.78 0.327497 2.94748 -80 2 -25 10 47800 1 
129.56 -20.9366 -179.78 0.327497 2.94748 -80 2 -25 10 47801 1 
129.55 -20.9366 -179.78 0.327497 2.94748 -80 2 -25 10 47802 1 
129.539 -20.9367 -179.78 0.327497 2.94748 -80 2 -25 10 47803 1 
129.528 -20.9367 -179.779 0.327497 2.94748 -80 2 -25 10 47804 1 
129.517 -20.9368 -179.779 0.327497 2.94748 -80 2 -25 10 47805 1 
129.506 -20.9368 -179.779 0.327497 2.94748 -80 2 -25 10 47806 1 
129.495 -20.9368 -179.779 0.327497 2.94748 -80 2 -25 10 47807 1 
129.484 -20.9369 -179.779 0.327497 2.94748 -80 2 -25 10 47808 1 
129.473 -20.9369 -179.779 0.327497 2.94748 -80 2 -25 10 47809 1 
129.462 -20.937 -179.779 0.327497 2.94748 -80 2 -25 10 47810 1 
129.451 -20.937 -179.779 0.327497 2.94748 -80 2 -25 10 47811 1 
129.44 -20.937 -179.779 0.327497 2.94748 -80 2 -25 10 47812 1 
129.43 -20.9371 -179.779 0.327497 2.94748 -80 2 -25 10 47813 1 
129.419 -20.9371 -179.779 0.327497 2.94748 -80 2 -25 10 47814 1 
129.408 -20.9372 -179.779 0.327497 2.94748 -80 2 -25 10 47815 1 
129.397 -20.9372 -179.779 0.327497 2.94748 -80 2 -25 10 47816 1 
129.386 -20.9373 -179.779 0.327497 2.94748 -80 2 -25 10 47817 1 
129.375 -20.9373 -179.779 0.327497 2.94748 -80 2 -25 10 47818 1 
129.364 -20.9373 -179.779 0.327497 2.94748 -80 2 -25 10 47819 1 
129.353 -20.9374 -179.779 0.327497 2.94748 -80 2 -25 10 47820 1 
129.342 -20.9374 -179.778 0.327497 2.94748 -80 2 -25 10 47821 1 
129.331 -20.9375 -179.778 0.327497 2.94748 -80 2 -25 10 47822 1 
129.32 -20.9375 -179.778 0.327497 2.94748 -80 2 -25 10 47823 1 
129.31 -20.9376 -179.778 0.327497 2.94748 -80 2 -25 10 47824 1 
129.299 -20.9376 -179.778 0.327497 2.94748 -80 2 -25 10 47825 1 
129.288 -20.9376 -179.778 0.327497 2.94748 -80 2 -25 10 47826 1 
129.277 -20.9377 -179.778 0.327497 2.94748 -80 2 -25 10 47827 1 
129.266 -20.9377 -179.778 0.327497 2.94748 -80 2 -25 10 47828 1 
129.255 -20.9378 -179.778 0.327497 2.94748 -80 2 -25 10 47829 1 
129.244 -20.9378 -179.778 0.327497 2.94748 -80 2 -25 10 47830 1 
129.233 -20.9378 -179.778 0.327497 2.94748 -80 2 -25 10 47831 1 
129.222 -20.9379 -179.778 0.327497 2.94748 -80 2 -25 10 47832 1 
129.211 -20.9379 -179.778 0.327497 2.94748 -80 2 -25 10 47833 1 
129.2 -20.938 -179.778 0.327497 2.94748 -80 2 -25 10 47834 1 
129.19 -20.938 -179.778 0.327497 2.94748 -80 2 -25 10 47835 1 
129.179 -20.9381 -179.778 0.327497 2.94748 -80 2 -25 10 47836 1 
129.168 -20.9381 -179.778 0.327497 2.94748 -80 2 -25 10 47837 1 
129.157 -20.9381 -179.778 0.327497 2.94748 -80 2 -25 10 47838 1 
129.146 -20.9382 -179.778 0.327497 2.94748 -80 2 -25 10 47839 1 
129.135 -20.9382 -179.778 0.327497 2.94748 -80 2 -25 10 47840 1 
129.124 -20.9383 -179.778 0.327497 2.94748 -80 2 -25 10 47841 1 
129.113 -20.9383 -179.778 0.327497 2.94748 -80 2 -25 10 47842 1 
129.102 -20.9384 -179.778 0.327497 2.94748 -80 2 -25 10 47843 1 
129.091 -20.9384 -179.777 0.327497 2.94748 -80 2 -25 10 47844 1 
129.08 -20.9384 -179.777 0.327497 2.94748 -80 2 -25 10 47845 1 
129.07 -20.9385 -179.777 0.327497 2.94748 -80 2 -25 10 47846 1 
129.059 -20.9385 -179.777 0.327497 2.94748 -80 2 -25 10 47847 1 
129.048 -20.9386 -179.777 0.327497 2.94748 -80 2 -25 10 47848 1 
129.037 -20.9386 -179.777 0.327497 2.94748 -80 2 -25 10 47849 1 
129.026 -20.9386 -179.777 0.327497 2.94748 -80 2 -25 10 47850 1 
129.015 -20.9387 -179.777 0.327497 2.94748 -80 2 -25 10 47851 1 
129.004 -20.9387 -179.777 0.327497 2.94748 -80 2 -25 10 47852 1 
128.993 -20.9388 -179.777 0.327497 2.94748 -80 2 -25 10 47853 1 
128.982 -20.9388 -179.777 0.327497 2.94748 -80 2 -25 10 47854 1 
128.971 -20.9389 -179.777 0.327497 2.94748 -80 2 -25 10 47855 1 
128.96 -20.9389 -179.777 0.327497 2.94748 -80 2 -25 10 47856 1 
128.95 -20.9389 -179.777 0.327497 2.94748 -80 2 -25 10 47857 1 
128.939 -20.939 -179.777 0.327497 2.94748 -80 2 -25 10 47858 1 
128.928 -20.939 -179.777 0.327497 2.94748 -80 2 -25 10 47859 1 
128.917 -20.9391 -179.777 0.327497 2.94748 -80 2 -25 10 47860 1 
128.906 -20.9391 -179.777 0.327497 2.94748 -80 2 -25 10 47861 1 
128.895 -20.9391 -179.777 0.327497 2.94748 -80 2 -25 10 47862 1 
128.884 -20.9392 -179.777 0.327497 2.94748 -80 2 -25 10 47863 1 
128.873 -20.9392 -179.777 0.327497 2.94748 -80 2 -25 10 47864 1 
128.862 -20.9393 -179.777 0.327497 2.94748 -80 2 -25 10 47865 1 
128.851 -20.9393 -179.777 0.327497 2.94748 -80 2 -25 10 47866 1 
128.84 -20.9394 -179.777 0.327497 2.94748 -80 2 -25 10 47867 1 
128.83 -20.9394 -179.777 0.327497 2.94748 -80 2 -25 10 47868 1 
128.819 -20.9394 -179.777 0.327497 2.94748 -80 2 -25 10 47869 1 
128.808 -20.9395 -179.777 0.327497 2.94748 -80 2 -25 10 47870 1 
128.797 -20.9395 -179.777 0.327497 2.94748 -80 2 -25 10 47871 1 
128.786 -20.9396 -179.777 0.327497 2.94748 -80 2 -25 10 47872 1 
128.775 -20.9396 -179.777 0.327497 2.94748 -80 2 -25 10 47873 1 
128.764 -20.9397 -179.777 0.327497 2.94748 -80 2 -25 10 47874 1 
128.753 -20.9397 -179.777 0.327497 2.94748 -80 2 -25 10 47875 1 
128.742 -20.9397 -179.777 0.327497 2.94748 -80 2 -25 10 47876 1 
128.731 -20.9398 -179.776 0.327497 2.94748 -80 2 -25 10 47877 1 
128.72 -20.9398 -179.776 0.327497 2.94748 -80 2 -25 10 47878 1 
128.71 -20.9399 -179.776 0.327497 2.94748 -80 2 -25 10 47879 1 
128.699 -20.9399 -179.776 0.327497 2.94748 -80 2 -25 10 47880 1 
128.688 -20.9399 -179.776 0.327497 2.94748 -80 2 -25 10 47881 1 
128.677 -20.94 -179.776 0.327497 2.94748 -80 2 -25 10 47882 1 
128.666 -20.94 -179.776 0.327497 2.94748 -80 2 -25 10 47883 1 
128.655 -20.9401 -179.776 0.327497 2.94748 -80 2 -25 10 47884 1 
128.644 -20.9401 -179.776 0.327497 2.94748 -80 2 -25 10 47885 1 
128.633 -20.9402 -179.776 0.327497 2.94748 -80 2 -25 10 47886 1 
128.622 -20.9402 -179.776 0.327497 2.94748 -80 2 -25 10 47887 1 
128.611 -20.9402 -179.776 0.327497 2.94748 -80 2 -25 10 47888 1 
128.6 -20.9403 -179.776 0.327497 2.94748 -80 2 -25 10 47889 1 
128.589 -20.9403 -179.776 0.327497 2.94748 -80 2 -25 10 47890 1 
128.579 -20.9404 -179.776 0.327497 2.94748 -80 2 -25 10 47891 1 
128.568 -20.9404 -179.776 0.327497 2.94748 -80 2 -25 10 47892 1 
128.557 -20.9404 -179.776 0.327497 2.94748 -80 2 -25 10 47893 1 
128.546 -20.9405 -179.776 0.327497 2.94748 -80 2 -25 10 47894 1 
128.535 -20.9405 -179.776 0.327497 2.94748 -80 2 -25 10 47895 1 
128.524 -20.9406 -179.776 0.327497 2.94748 -80 2 -25 10 47896 1 
128.513 -20.9406 -179.776 0.327497 2.94748 -80 2 -25 10 47897 1 
128.502 -20.9407 -179.776 0.327497 2.94748 -80 2 -25 10 47898 1 
128.491 -20.9407 -179.776 0.327497 2.94748 -80 2 -25 10 47899 1 
128.48 -20.9407 -179.776 0.327497 2.94748 -80 2 -25 10 47900 1 
128.469 -20.9408 -179.776 0.327497 2.94748 -80 2 -25 10 47901 1 
128.459 -20.9408 -179.776 0.327497 2.94748 -80 2 -25 10 47902 1 
128.448 -20.9409 -179.776 0.327497 2.94748 -80 2 -25 10 47903 1 
128.437 -20.9409 -179.776 0.327497 2.94748 -80 2 -25 10 47904 1 
128.426 -20.941 -179.776 0.327497 2.94748 -80 2 -25 10 47905 1 
128.415 -20.941 -179.776 0.327497 2.94748 -80 2 -25 10 47906 1 
128.404 -20.941 -179.776 0.327497 2.94748 -80 2 -25 10 47907 1 
128.393 -20.9411 -179.776 0.327497 2.94748 -80 2 -25 10 47908 1 
128.382 -20.9411 -179.776 0.327497 2.94748 -80 2 -25 10 47909 1 
128.371 -20.9412 -179.776 0.327497 2.94748 -80 2 -25 10 47910 1 
128.36 -20.9412 -179.776 0.327497 2.94748 -80 2 -25 10 47911 1 
128.349 -20.9412 -179.776 0.327497 2.94748 -80 2 -25 10 47912 1 
128.339 -20.9413 -179.776 0.327497 2.94748 -80 2 -25 10 47913 1 
128.328 -20.9413 -179.776 0.327497 2.94748 -80 2 -25 10 47914 1 
128.317 -20.9414 -179.776 0.327497 2.94748 -80 2 -25 10 47915 1 
128.306 -20.9414 -179.776 0.327497 2.94748 -80 2 -25 10 47916 1 
128.295 -20.9415 -179.776 0.327497 2.94748 -80 2 -25 10 47917 1 
128.284 -20.9415 -179.776 0.327497 2.94748 -80 2 -25 10 47918 1 
128.273 -20.9415 -179.776 0.327497 2.94748 -80 2 -25 10 47919 1 
128.262 -20.9416 -179.776 0.327497 2.94748 -80 2 -25 10 47920 1 
128.251 -20.9416 -179.776 0.327497 2.94748 -80 2 -25 10 47921 1 
128.24 -20.9417 -179.776 0.327497 2.94748 -80 2 -25 10 47922 1 
128.229 -20.9417 -179.776 0.327497 2.94748 -80 2 -25 10 47923 1 
128.219 -20.9417 -179.776 0.327497 2.94748 -80 2 -25 10 47924 1 
128.208 -20.9418 -179.776 0.327497 2.94748 -80 2 -25 10 47925 1 
128.197 -20.9418 -179.776 0.327497 2.94748 -80 2 -25 10 47926 1 
128.186 -20.9419 -179.776 0.327497 2.94748 -80 2 -25 10 47927 1 
128.175 -20.9419 -179.776 0.327497 2.94748 -80 2 -25 10 47928 1 
128.164 -20.942 -179.776 0.327497 2.94748 -80 2 -25 10 47929 1 
128.153 -20.942 -179.776 0.327497 2.94748 -80 2 -25 10 47930 1 
128.142 -20.942 -179.776 0.327497 2.94748 -80 2 -25 10 47931 1 
128.131 -20.9421 -179.776 0.327497 2.94748 -80 2 -25 10 47932 1 
128.12 -20.9421 -179.775 0.327497 2.94748 -80 2 -25 10 47933 1 
128.109 -20.9422 -179.775 0.327497 2.94748 -80 2 -25 10 47934 1 
128.099 -20.9422 -179.775 0.327497 2.94748 -80 2 -25 10 47935 1 
128.088 -20.9423 -179.775 0.327497 2.94748 -80 2 -25 10 47936 1 
128.077 -20.9423 -179.775 0.327497 2.94748 -80 2 -25 10 47937 1 
128.066 -20.9423 -179.775 0.327497 2.94748 -80 2 -25 10 47938 1 
128.055 -20.9424 -179.775 0.327497 2.94748 -80 2 -25 10 47939 1 
128.044 -20.9424 -179.775 0.327497 2.94748 -80 2 -25 10 47940 1 
128.033 -20.9425 -179.775 0.327497 2.94748 -80 2 -25 10 47941 1 
128.022 -20.9425 -179.775 0.327497 2.94748 -80 2 -25 10 47942 1 
128.011 -20.9425 -179.775 0.327497 2.94748 -80 2 -25 10 47943 1 
128 -20.9426 -179.775 0.327497 2.94748 -80 2 -25 10 47944 1 
127.989 -20.9426 -179.775 0.327497 2.94748 -80 2 -25 10 47945 1 
127.979 -20.9427 -179.775 0.327497 2.94748 -80 2 -25 10 47946 1 
127.968 -20.9427 -179.775 0.327497 2.94748 -80 2 -25 10 47947 1 
127.957 -20.9428 -179.775 0.327497 2.94748 -80 2 -25 10 47948 1 
127.946 -20.9428 -179.775 0.327497 2.94748 -80 2 -25 10 47949 1 
127.935 -20.9428 -179.775 0.327497 2.94748 -80 2 -25 10 47950 1 
127.924 -20.9429 -179.775 0.327497 2.94748 -80 2 -25 10 47951 1 
127.913 -20.9429 -179.775 0.327497 2.94748 -80 2 -25 10 47952 1 
127.902 -20.943 -179.775 0.327497 2.94748 -80 2 -25 10 47953 1 
127.891 -20.943 -179.775 0.327497 2.94748 -80 2 -25 10 47954 1 
127.88 -20.9431 -179.775 0.327497 2.94748 -80 2 -25 10 47955 1 
127.869 -20.9431 -179.775 0.327497 2.94748 -80 2 -25 10 47956 1 
127.858 -20.9431 -179.775 0.327497 2.94748 -80 2 -25 10 47957 1 
127.848 -20.9432 -179.775 0.327497 2.94748 -80 2 -25 10 47958 1 
127.837 -20.9432 -179.775 0.327497 2.94748 -80 2 -25 10 47959 1 
127.826 -20.9433 -179.775 0.327497 2.94748 -80 2 -25 10 47960 1 
127.815 -20.9433 -179.775 0.327497 2.94748 -80 2 -25 10 47961 1 
127.804 -20.9433 -179.775 0.327497 2.94748 -80 2 -25 10 47962 1 
127.793 -20.9434 -179.775 0.327497 2.94748 -80 2 -25 10 47963 1 
127.782 -20.9434 -179.775 0.327497 2.94748 -80 2 -25 10 47964 1 
127.771 -20.9435 -179.775 0.327497 2.94748 -80 2 -25 10 47965 1 
127.76 -20.9435 -179.775 0.327497 2.94748 -80 2 -25 10 47966 1 
127.749 -20.9436 -179.775 0.327497 2.94748 -80 2 -25 10 47967 1 
127.738 -20.9436 -179.775 0.327497 2.94748 -80 2 -25 10 47968 1 
127.727 -20.9436 -179.775 0.327497 2.94748 -80 2 -25 10 47969 1 
127.716 -20.9437 -179.775 0.327497 2.94748 -80 2 -25 10 47970 1 
127.706 -20.9437 -179.775 0.327497 2.94748 -80 2 -25 10 47971 1 
127.695 -20.9438 -179.775 0.327497 2.94748 -80 2 -25 10 47972 1 
127.684 -20.9438 -179.775 0.327497 2.94748 -80 2 -25 10 47973 1 
127.673 -20.9438 -179.775 0.327497 2.94748 -80 2 -25 10 47974 1 
127.662 -20.9439 -179.775 0.327497 2.94748 -80 2 -25 10 47975 1 
127.651 -20.9439 -179.775 0.327497 2.94748 -80 2 -25 10 47976 1 
127.64 -20.944 -179.775 0.327497 2.94748 -80 2 -25 10 47977 1 
127.629 -20.944 -179.775 0.327497 2.94748 -80 2 -25 10 47978 1 
127.618 -20.9441 -179.775 0.327497 2.94748 -80 2 -25 10 47979 1 
127.607 -20.9441 -179.775 0.327497 2.94748 -80 2 -25 10 47980 1 
127.596 -20.9441 -179.775 0.327497 2.94748 -80 2 -25 10 47981 1 
127.585 -20.9442 -179.775 0.327497 2.94748 -80 2 -25 10 47982 1 
127.575 -20.9442 -179.775 0.327497 2.94748 -80 2 -25 10 47983 1 
127.564 -20.9443 -179.775 0.327497 2.94748 -80 2 -25 10 47984 1 
127.553 -20.9443 -179.775 0.327497 2.94748 -80 2 -25 10 47985 1 
127.542 -20.9444 -179.775 0.327497 2.94748 -80 2 -25 10 47986 1 
127.531 -20.9444 -179.775 0.327497 2.94748 -80 2 -25 10 47987 1 
127.52 -20.9444 -179.775 0.327497 2.94748 -80 2 -25 10 47988 1 
127.509 -20.9445 -179.775 0.327497 2.94748 -80 2 -25 10 47989 1 
127.498 -20.9445 -179.775 0.327497 2.94748 -80 2 -25 10 47990 1 
127.487 -20.9446 -179.775 0.327497 2.94748 -80 2 -25 10 47991 1 
127.476 -20.9446 -179.775 0.327497 2.94748 -80 2 -25 10 47992 1 
127.465 -20.9447 -179.775 0.327497 2.94748 -80 2 -25 10 47993 1 
127.454 -20.9447 -179.775 0.327497 2.94748 -80 2 -25 10 47994 1 
127.444 -20.9448 -179.775 0.327497 2.94748 -80 2 -25 10 47995 1 
127.433 -20.9448 -179.775 0.327497 2.94748 -80 2 -25 10 47996 1 
127.422 -20.9448 -179.775 0.327497 2.94748 -80 2 -25 10 47997 1 
127.411 -20.9449 -179.775 0.327497 2.94748 -80 2 -25 10 47998 1 
127.4 -20.9449 -179.774 0.327497 2.94748 -80 2 -25 10 47999 1 
127.389 -20.945 -179.774 0.327497 2.94748 -80 2 -25 10 48000 1 
127.378 -20.945 -179.774 0.327497 2.94748 -80 2 -25 10 48001 1 
127.367 -20.9451 -179.774 0.327497 2.94748 -80 2 -25 10 48002 1 
127.356 -20.9451 -179.774 0.327497 2.94748 -80 2 -25 10 48003 1 
127.345 -20.9451 -179.774 0.327497 2.94748 -80 2 -25 10 48004 1 
127.334 -20.9452 -179.774 0.327497 2.94748 -80 2 -25 10 48005 1 
127.323 -20.9452 -179.774 0.327497 2.94748 -80 2 -25 10 48006 1 
127.313 -20.9453 -179.774 0.327497 2.94748 -80 2 -25 10 48007 1 
127.302 -20.9453 -179.774 0.327497 2.94748 -80 2 -25 10 48008 1 
127.291 -20.9454 -179.774 0.327497 2.94748 -80 2 -25 10 48009 1 
127.28 -20.9454 -179.774 0.327497 2.94748 -80 2 -25 10 48010 1 
127.269 -20.9455 -179.774 0.327497 2.94748 -80 2 -25 10 48011 1 
127.258 -20.9455 -179.774 0.327497 2.94748 -80 2 -25 10 48012 1 
127.247 -20.9455 -179.774 0.327497 2.94748 -80 2 -25 10 48013 1 
127.236 -20.9456 -179.774 0.327497 2.94748 -80 2 -25 10 48014 1 
127.225 -20.9456 -179.774 0.327497 2.94748 -80 2 -25 10 48015 1 
127.214 -20.9457 -179.774 0.327497 2.94748 -80 2 -25 10 48016 1 
127.203 -20.9457 -179.774 0.327497 2.94748 -80 2 -25 10 48017 1 
127.192 -20.9458 -179.774 0.327497 2.94748 -80 2 -25 10 48018 1 
127.182 -20.9458 -179.774 0.327497 2.94748 -80 2 -25 10 48019 1 
127.171 -20.9459 -179.774 0.327497 2.94748 -80 2 -25 10 48020 1 
127.16 -20.9459 -179.774 0.327497 2.94748 -80 2 -25 10 48021 1 
127.149 -20.9459 -179.774 0.327497 2.94748 -80 2 -25 10 48022 1 
127.138 -20.946 -179.774 0.327497 2.94748 -80 2 -25 10 48023 1 
127.127 -20.946 -179.774 0.327497 2.94748 -80 2 -25 10 48024 1 
127.116 -20.9461 -179.774 0.327497 2.94748 -80 2 -25 10 48025 1 
127.105 -20.9461 -179.774 0.327497 2.94748 -80 2 -25 10 48026 1 
127.094 -20.9462 -179.774 0.327497 2.94748 -80 2 -25 10 48027 1 
127.083 -20.9462 -179.774 0.327497 2.94748 -80 2 -25 10 48028 1 
127.072 -20.9462 -179.774 0.327497 2.94748 -80 2 -25 10 48029 1 
127.061 -20.9463 -179.774 0.327497 2.94748 -80 2 -25 10 48030 1 
127.051 -20.9463 -179.774 0.327497 2.94748 -80 2 -25 10 48031 1 
127.04 -20.9464 -179.774 0.327497 2.94748 -80 2 -25 10 48032 1 
127.029 -20.9464 -179.774 0.327497 2.94748 -80 2 -25 10 48033 1 
127.018 -20.9465 -179.774 0.327497 2.94748 -80 2 -25 10 48034 1 
127.007 -20.9465 -179.774 0.327497 2.94748 -80 2 -25 10 48035 1 
126.996 -20.9466 -179.774 0.327497 2.94748 -80 2 -25 10 48036 1 
126.985 -20.9466 -179.774 0.327497 2.94748 -80 2 -25 10 48037 1 
126.974 -20.9466 -179.774 0.327497 2.94748 -80 2 -25 10 48038 1 
126.963 -20.9467 -179.774 0.327497 2.94748 -80 2 -25 10 48039 1 
126.952 -20.9467 -179.774 0.327497 2.94748 -80 2 -25 10 48040 1 
126.941 -20.9468 -179.774 0.327497 2.94748 -80 2 -25 10 48041 1 
126.93 -20.9468 -179.774 0.327497 2.94748 -80 2 -25 10 48042 1 
126.92 -20.9469 -179.774 0.327497 2.94748 -80 2 -25 10 48043 1 
126.909 -20.9469 -179.774 0.327497 2.94748 -80 2 -25 10 48044 1 
126.898 -20.9469 -179.774 0.327497 2.94748 -80 2 -25 10 48045 1 
126.887 -20.947 -179.774 0.327497 2.94748 -80 2 -25 10 48046 1 
126.876 -20.947 -179.774 0.327497 2.94748 -80 2 -25 10 48047 1 
126.865 -20.9471 -179.774 0.327497 2.94748 -80 2 -25 10 48048 1 
126.854 -20.9471 -179.774 0.327497 2.94748 -80 2 -25 10 48049 1 
126.843 -20.9472 -179.774 0.327497 2.94748 -80 2 -25 10 48050 1 
126.832 -20.9472 -179.774 0.327497 2.94748 -80 2 -25 10 48051 1 
126.821 -20.9473 -179.774 0.327497 2.94748 -80 2 -25 10 48052 1 
126.81 -20.9473 -179.774 0.327497 2.94748 -80 2 -25 10 48053 1 
126.799 -20.9473 -179.774 0.327497 2.94748 -80 2 -25 10 48054 1 
126.788 -20.9474 -179.774 0.327497 2.94748 -80 2 -25 10 48055 1 
126.778 -20.9474 -179.774 0.327497 2.94748 -80 2 -25 10 48056 1 
126.767 -20.9475 -179.774 0.327497 2.94748 -80 2 -25 10 48057 1 
126.756 -20.9475 -179.774 0.327497 2.94748 -80 2 -25 10 48058 1 
126.745 -20.9476 -179.774 0.327497 2.94748 -80 2 -25 10 48059 1 
126.734 -20.9476 -179.774 0.327497 2.94748 -80 2 -25 10 48060 1 
126.723 -20.9476 -179.774 0.327497 2.94748 -80 2 -25 10 48061 1 
126.712 -20.9477 -179.774 0.327497 2.94748 -80 2 -25 10 48062 1 
126.701 -20.9477 -179.774 0.327497 2.94748 -80 2 -25 10 48063 1 
126.69 -20.9478 -179.774 0.327497 2.94748 -80 2 -25 10 48064 1 
126.679 -20.9478 -179.774 0.327497 2.94748 -80 2 -25 10 48065 1 
126.668 -20.9479 -179.774 0.327497 2.94748 -80 2 -25 10 48066 1 
126.657 -20.9479 -179.774 0.327497 2.94748 -80 2 -25 10 48067 1 
126.647 -20.948 -179.774 0.327497 2.94748 -80 2 -25 10 48068 1 
126.636 -20.948 -179.774 0.327497 2.94748 -80 2 -25 10 48069 1 
126.625 -20.948 -179.774 0.327497 2.94748 -80 2 -25 10 48070 1 
126.614 -20.9481 -179.774 0.327497 2.94748 -80 2 -25 10 48071 1 
126.603 -20.9481 -179.774 0.327497 2.94748 -80 2 -25 10 48072 1 
126.592 -20.9482 -179.774 0.327497 2.94748 -80 2 -25 10 48073 1 
126.581 -20.9482 -179.774 0.327497 2.94748 -80 2 -25 10 48074 1 
126.57 -20.9483 -179.773 0.327497 2.94748 -80 2 -25 10 48075 1 
126.559 -20.9483 -179.773 0.327497 2.94748 -80 2 -25 10 48076 1 
126.548 -20.9484 -179.773 0.327497 2.94748 -80 2 -25 10 48077 1 
126.537 -20.9484 -179.773 0.327497 2.94748 -80 2 -25 10 48078 1 
126.526 -20.9484 -179.773 0.327497 2.94748 -80 2 -25 10 48079 1 
126.516 -20.9485 -179.773 0.327497 2.94748 -80 2 -25 10 48080 1 
126.505 -20.9485 -179.773 0.327497 2.94748 -80 2 -25 10 48081 1 
126.494 -20.9486 -179.773 0.327497 2.94748 -80 2 -25 10 48082 1 
126.483 -20.9486 -179.773 0.327497 2.94748 -80 2 -25 10 48083 1 
126.472 -20.9487 -179.773 0.327497 2.94748 -80 2 -25 10 48084 1 
126.461 -20.9487 -179.773 0.327497 2.94748 -80 2 -25 10 48085 1 
126.45 -20.9487 -179.773 0.327497 2.94748 -80 2 -25 10 48086 1 
126.439 -20.9488 -179.773 0.327497 2.94748 -80 2 -25 10 48087 1 
126.428 -20.9488 -179.773 0.327497 2.94748 -80 2 -25 10 48088 1 
126.417 -20.9489 -179.773 0.327497 2.94748 -80 2 -25 10 48089 1 
126.406 -20.9489 -179.773 0.327497 2.94748 -80 2 -25 10 48090 1 
126.395 -20.949 -179.773 0.327497 2.94748 -80 2 -25 10 48091 1 
126.385 -20.949 -179.773 0.327497 2.94748 -80 2 -25 10 48092 1 
126.374 -20.9491 -179.773 0.327497 2.94748 -80 2 -25 10 48093 1 
126.363 -20.9491 -179.773 0.327497 2.94748 -80 2 -25 10 48094 1 
126.352 -20.9491 -179.773 0.327497 2.94748 -80 2 -25 10 48095 1 
126.341 -20.9492 -179.773 0.327497 2.94748 -80 2 -25 10 48096 1 
126.33 -20.9492 -179.773 0.327497 2.94748 -80 2 -25 10 48097 1 
126.319 -20.9493 -179.773 0.327497 2.94748 -80 2 -25 10 48098 1 
126.308 -20.9493 -179.773 0.327497 2.94748 -80 2 -25 10 48099 1 
126.297 -20.9494 -179.773 0.327497 2.94748 -80 2 -25 10 48100 1 
126.286 -20.9494 -179.773 0.327497 2.94748 -80 2 -25 10 48101 1 
126.275 -20.9494 -179.773 0.327497 2.94748 -80 2 -25 10 48102 1 
126.264 -20.9495 -179.773 0.327497 2.94748 -80 2 -25 10 48103 1 
126.254 -20.9495 -179.773 0.327497 2.94748 -80 2 -25 10 48104 1 
126.243 -20.9496 -179.773 0.327497 2.94748 -80 2 -25 10 48105 1 
126.232 -20.9496 -179.773 0.327497 2.94748 -80 2 -25 10 48106 1 
126.221 -20.9497 -179.773 0.327497 2.94748 -80 2 -25 10 48107 1 
126.21 -20.9497 -179.773 0.327497 2.94748 -80 2 -25 10 48108 1 
126.199 -20.9498 -179.773 0.327497 2.94748 -80 2 -25 10 48109 1 
126.188 -20.9498 -179.773 0.327497 2.94748 -80 2 -25 10 48110 1 
126.177 -20.9498 -179.773 0.327497 2.94748 -80 2 -25 10 48111 1 
126.166 -20.9499 -179.773 0.327497 2.94748 -80 2 -25 10 48112 1 
126.155 -20.9499 -179.773 0.327497 2.94748 -80 2 -25 10 48113 1 
126.144 -20.95 -179.773 0.327497 2.94748 -80 2 -25 10 48114 1 
126.133 -20.95 -179.773 0.327497 2.94748 -80 2 -25 10 48115 1 
126.123 -20.9501 -179.773 0.327497 2.94748 -80 2 -25 10 48116 1 
126.112 -20.9501 -179.773 0.327497 2.94748 -80 2 -25 10 48117 1 
126.101 -20.9501 -179.773 0.327497 2.94748 -80 2 -25 10 48118 1 
126.09 -20.9502 -179.773 0.327497 2.94748 -80 2 -25 10 48119 1 
126.079 -20.9502 -179.773 0.327497 2.94748 -80 2 -25 10 48120 1 
126.068 -20.9503 -179.773 0.327497 2.94748 -80 2 -25 10 48121 1 
126.057 -20.9503 -179.773 0.327497 2.94748 -80 2 -25 10 48122 1 
126.046 -20.9504 -179.773 0.327497 2.94748 -80 2 -25 10 48123 1 
126.035 -20.9504 -179.773 0.327497 2.94748 -80 2 -25 10 48124 1 
126.024 -20.9505 -179.773 0.327497 2.94748 -80 2 -25 10 48125 1 
126.013 -20.9505 -179.773 0.327497 2.94748 -80 2 -25 10 48126 1 
126.002 -20.9505 -179.773 0.327497 2.94748 -80 2 -25 10 48127 1 
125.992 -20.9506 -179.773 0.327497 2.94748 -80 2 -25 10 48128 1 
125.981 -20.9506 -179.773 0.327497 2.94748 -80 2 -25 10 48129 1 
125.97 -20.9507 -179.773 0.327497 2.94748 -80 2 -25 10 48130 1 
125.959 -20.9507 -179.773 0.327497 2.94748 -80 2 -25 10 48131 1 
125.948 -20.9508 -179.773 0.327497 2.94748 -80 2 -25 10 48132 1 
125.937 -20.9508 -179.773 0.327497 2.94748 -80 2 -25 10 48133 1 
125.926 -20.9509 -179.773 0.327497 2.94748 -80 2 -25 10 48134 1 
125.915 -20.9509 -179.773 0.327497 2.94748 -80 2 -25 10 48135 1 
125.904 -20.9509 -179.773 0.327497 2.94748 -80 2 -25 10 48136 1 
125.893 -20.951 -179.773 0.327497 2.94748 -80 2 -25 10 48137 1 
125.882 -20.951 -179.773 0.327497 2.94748 -80 2 -25 10 48138 1 
125.871 -20.9511 -179.773 0.327497 2.94748 -80 2 -25 10 48139 1 
125.86 -20.9511 -179.773 0.327497 2.94748 -80 2 -25 10 48140 1 
125.85 -20.9512 -179.773 0.327497 2.94748 -80 2 -25 10 48141 1 
125.839 -20.9512 -179.773 0.327497 2.94748 -80 2 -25 10 48142 1 
125.828 -20.9512 -179.773 0.327497 2.94748 -80 2 -25 10 48143 1 
125.817 -20.9513 -179.773 0.327497 2.94748 -80 2 -25 10 48144 1 
125.806 -20.9513 -179.773 0.327497 2.94748 -80 2 -25 10 48145 1 
125.795 -20.9514 -179.773 0.327497 2.94748 -80 2 -25 10 48146 1 
125.784 -20.9514 -179.773 0.327497 2.94748 -80 2 -25 10 48147 1 
125.773 -20.9515 -179.773 0.327497 2.94748 -80 2 -25 10 48148 1 
125.762 -20.9515 -179.773 0.327497 2.94748 -80 2 -25 10 48149 1 
125.751 -20.9516 -179.773 0.327497 2.94748 -80 2 -25 10 48150 1 
125.74 -20.9516 -179.773 0.327497 2.94748 -80 2 -25 10 48151 1 
125.729 -20.9516 -179.773 0.327497 2.94748 -80 2 -25 10 48152 1 
125.719 -20.9517 -179.773 0.327497 2.94748 -80 2 -25 10 48153 1 
125.708 -20.9517 -179.773 0.327497 2.94748 -80 2 -25 10 48154 1 
125.697 -20.9518 -179.773 0.327497 2.94748 -80 2 -25 10 48155 1 
125.686 -20.9518 -179.773 0.327497 2.94748 -80 2 -25 10 48156 1 
125.675 -20.9519 -179.773 0.327497 2.94748 -80 2 -25 10 48157 1 
125.664 -20.9519 -179.773 0.327497 2.94748 -80 2 -25 10 48158 1 
125.653 -20.9519 -179.773 0.327497 2.94748 -80 2 -25 10 48159 1 
125.642 -20.952 -179.773 0.327497 2.94748 -80 2 -25 10 48160 1 
125.631 -20.952 -179.773 0.327497 2.94748 -80 2 -25 10 48161 1 
125.62 -20.9521 -179.773 0.327497 2.94748 -80 2 -25 10 48162 1 
125.609 -20.9521 -179.773 0.327497 2.94748 -80 2 -25 10 48163 1 
125.598 -20.9522 -179.773 0.327497 2.94748 -80 2 -25 10 48164 1 
125.588 -20.9522 -179.773 0.327497 2.94748 -80 2 -25 10 48165 1 
125.577 -20.9523 -179.773 0.327497 2.94748 -80 2 -25 10 48166 1 
125.566 -20.9523 -179.773 0.327497 2.94748 -80 2 -25 10 48167 1 
125.555 -20.9523 -179.773 0.327497 2.94748 -80 2 -25 10 48168 1 
125.544 -20.9524 -179.773 0.327497 2.94748 -80 2 -25 10 48169 1 
125.533 -20.9524 -179.773 0.327497 2.94748 -80 2 -25 10 48170 1 
125.522 -20.9525 -179.773 0.327497 2.94748 -80 2 -25 10 48171 1 
125.511 -20.9525 -179.773 0.327497 2.94748 -80 2 -25 10 48172 1 
125.5 -20.9526 -179.773 0.327497 2.94748 -80 2 -25 10 48173 1 
125.489 -20.9526 -179.773 0.327497 2.94748 -80 2 -25 10 48174 1 
125.478 -20.9527 -179.773 0.327497 2.94748 -80 2 -25 10 48175 1 
125.467 -20.9527 -179.773 0.327497 2.94748 -80 2 -25 10 48176 1 
125.457 -20.9527 -179.773 0.327497 2.94748 -80 2 -25 10 48177 1 
125.446 -20.9528 -179.773 0.327497 2.94748 -80 2 -25 10 48178 1 
125.435 -20.9528 -179.772 0.327497 2.94748 -80 2 -25 10 48179 1 
125.424 -20.9529 -179.772 0.327497 2.94748 -80 2 -25 10 48180 1 
125.413 -20.9529 -179.772 0.327497 2.94748 -80 2 -25 10 48181 1 
125.402 -20.953 -179.772 0.327497 2.94748 -80 2 -25 10 48182 1 
125.391 -20.953 -179.772 0.327497 2.94748 -80 2 -25 10 48183 1 
125.38 -20.953 -179.772 0.327497 2.94748 -80 2 -25 10 48184 1 
125.369 -20.9531 -179.772 0.327497 2.94748 -80 2 -25 10 48185 1 
125.358 -20.9531 -179.772 0.327497 2.94748 -80 2 -25 10 48186 1 
125.347 -20.9532 -179.772 0.327497 2.94748 -80 2 -25 10 48187 1 
125.336 -20.9532 -179.772 0.327497 2.94748 -80 2 -25 10 48188 1 
125.326 -20.9533 -179.772 0.327497 2.94748 -80 2 -25 10 48189 1 
125.315 -20.9533 -179.772 0.327497 2.94748 -80 2 -25 10 48190 1 
125.304 -20.9534 -179.772 0.327497 2.94748 -80 2 -25 10 48191 1 
125.293 -20.9534 -179.772 0.327497 2.94748 -80 2 -25 10 48192 1 
125.282 -20.9534 -179.772 0.327497 2.94748 -80 2 -25 10 48193 1 
125.271 -20.9535 -179.772 0.327497 2.94748 -80 2 -25 10 48194 1 
125.26 -20.9535 -179.772 0.327497 2.94748 -80 2 -25 10 48195 1 
125.249 -20.9536 -179.772 0.327497 2.94748 -80 2 -25 10 48196 1 
125.238 -20.9536 -179.772 0.327497 2.94748 -80 2 -25 10 48197 1 
125.227 -20.9537 -179.772 0.327497 2.94748 -80 2 -25 10 48198 1 
125.216 -20.9537 -179.772 0.327497 2.94748 -80 2 -25 10 48199 1 
125.205 -20.9537 -179.772 0.327497 2.94748 -80 2 -25 10 48200 1 
125.195 -20.9538 -179.772 0.327497 2.94748 -80 2 -25 10 48201 1 
125.184 -20.9538 -179.772 0.327497 2.94748 -80 2 -25 10 48202 1 
125.173 -20.9539 -179.772 0.327497 2.94748 -80 2 -25 10 48203 1 
125.162 -20.9539 -179.772 0.327497 2.94748 -80 2 -25 10 48204 1 
125.151 -20.954 -179.772 0.327497 2.94748 -80 2 -25 10 48205 1 
125.14 -20.954 -179.772 0.327497 2.94748 -80 2 -25 10 48206 1 
125.129 -20.9541 -179.772 0.327497 2.94748 -80 2 -25 10 48207 1 
125.118 -20.9541 -179.772 0.327497 2.94748 -80 2 -25 10 48208 1 
125.107 -20.9541 -179.772 0.327497 2.94748 -80 2 -25 10 48209 1 
125.096 -20.9542 -179.772 0.327497 2.94748 -80 2 -25 10 48210 1 
125.085 -20.9542 -179.772 0.327497 2.94748 -80 2 -25 10 48211 1 
125.074 -20.9543 -179.772 0.327497 2.94748 -80 2 -25 10 48212 1 
125.063 -20.9543 -179.772 0.327497 2.94748 -80 2 -25 10 48213 1 
125.053 -20.9544 -179.772 0.327497 2.94748 -80 2 -25 10 48214 1 
125.042 -20.9544 -179.772 0.327497 2.94748 -80 2 -25 10 48215 1 
125.031 -20.9544 -179.772 0.327497 2.94748 -80 2 -25 10 48216 1 
125.02 -20.9545 -179.772 0.327497 2.94748 -80 2 -25 10 48217 1 
125.009 -20.9545 -179.772 0.327497 2.94748 -80 2 -25 10 48218 1 
124.998 -20.9546 -179.772 0.327497 2.94748 -80 2 -25 10 48219 1 
124.987 -20.9546 -179.772 0.327497 2.94748 -80 2 -25 10 48220 1 
124.976 -20.9547 -179.772 0.327497 2.94748 -80 2 -25 10 48221 1 
124.965 -20.9547 -179.772 0.327497 2.94748 -80 2 -25 10 48222 1 
124.954 -20.9548 -179.772 0.327497 2.94748 -80 2 -25 10 48223 1 
124.943 -20.9548 -179.772 0.327497 2.94748 -80 2 -25 10 48224 1 
124.932 -20.9548 -179.772 0.327497 2.94748 -80 2 -25 10 48225 1 
124.922 -20.9549 -179.772 0.327497 2.94748 -80 2 -25 10 48226 1 
124.911 -20.9549 -179.772 0.327497 2.94748 -80 2 -25 10 48227 1 
124.9 -20.955 -179.772 0.327497 2.94748 -80 2 -25 10 48228 1 
124.889 -20.955 -179.772 0.327497 2.94748 -80 2 -25 10 48229 1 
124.878 -20.9551 -179.772 0.327497 2.94748 -80 2 -25 10 48230 1 
124.867 -20.9551 -179.772 0.327497 2.94748 -80 2 -25 10 48231 1 
124.856 -20.9552 -179.772 0.327497 2.94748 -80 2 -25 10 48232 1 
124.845 -20.9552 -179.772 0.327497 2.94748 -80 2 -25 10 48233 1 
124.834 -20.9552 -179.772 0.327497 2.94748 -80 2 -25 10 48234 1 
124.823 -20.9553 -179.772 0.327497 2.94748 -80 2 -25 10 48235 1 
124.812 -20.9553 -179.772 0.327497 2.94748 -80 2 -25 10 48236 1 
124.801 -20.9554 -179.772 0.327497 2.94748 -80 2 -25 10 48237 1 
124.791 -20.9554 -179.772 0.327497 2.94748 -80 2 -25 10 48238 1 
124.78 -20.9555 -179.772 0.327497 2.94748 -80 2 -25 10 48239 1 
124.769 -20.9555 -179.772 0.327497 2.94748 -80 2 -25 10 48240 1 
124.758 -20.9555 -179.772 0.327497 2.94748 -80 2 -25 10 48241 1 
124.747 -20.9556 -179.772 0.327497 2.94748 -80 2 -25 10 48242 1 
124.736 -20.9556 -179.772 0.327497 2.94748 -80 2 -25 10 48243 1 
124.725 -20.9557 -179.772 0.327497 2.94748 -80 2 -25 10 48244 1 
124.714 -20.9557 -179.772 0.327497 2.94748 -80 2 -25 10 48245 1 
124.703 -20.9558 -179.772 0.327497 2.94748 -80 2 -25 10 48246 1 
124.692 -20.9558 -179.772 0.327497 2.94748 -80 2 -25 10 48247 1 
124.681 -20.9559 -179.772 0.327497 2.94748 -80 2 -25 10 48248 1 
124.67 -20.9559 -179.772 0.327497 2.94748 -80 2 -25 10 48249 1 
124.66 -20.9559 -179.772 0.327497 2.94748 -80 2 -25 10 48250 1 
124.649 -20.956 -179.772 0.327497 2.94748 -80 2 -25 10 48251 1 
124.638 -20.956 -179.772 0.327497 2.94748 -80 2 -25 10 48252 1 
124.627 -20.9561 -179.772 0.327497 2.94748 -80 2 -25 10 48253 1 
124.616 -20.9561 -179.772 0.327497 2.94748 -80 2 -25 10 48254 1 
124.605 -20.9562 -179.772 0.327497 2.94748 -80 2 -25 10 48255 1 
124.594 -20.9562 -179.772 0.327497 2.94748 -80 2 -25 10 48256 1 
124.583 -20.9562 -179.772 0.327497 2.94748 -80 2 -25 10 48257 1 
124.572 -20.9563 -179.772 0.327497 2.94748 -80 2 -25 10 48258 1 
124.561 -20.9563 -179.772 0.327497 2.94748 -80 2 -25 10 48259 1 
124.55 -20.9564 -179.772 0.327497 2.94748 -80 2 -25 10 48260 1 
124.539 -20.9564 -179.772 0.327497 2.94748 -80 2 -25 10 48261 1 
124.529 -20.9565 -179.772 0.327497 2.94748 -80 2 -25 10 48262 1 
124.518 -20.9565 -179.772 0.327497 2.94748 -80 2 -25 10 48263 1 
124.507 -20.9566 -179.772 0.327497 2.94748 -80 2 -25 10 48264 1 
124.496 -20.9566 -179.772 0.327497 2.94748 -80 2 -25 10 48265 1 
124.485 -20.9566 -179.772 0.327497 2.94748 -80 2 -25 10 48266 1 
124.474 -20.9567 -179.772 0.327497 2.94748 -80 2 -25 10 48267 1 
124.463 -20.9567 -179.772 0.327497 2.94748 -80 2 -25 10 48268 1 
124.452 -20.9568 -179.772 0.327497 2.94748 -80 2 -25 10 48269 1 
124.441 -20.9568 -179.772 0.327497 2.94748 -80 2 -25 10 48270 1 
124.43 -20.9569 -179.772 0.327497 2.94748 -80 2 -25 10 48271 1 
124.419 -20.9569 -179.772 0.327497 2.94748 -80 2 -25 10 48272 1 
124.408 -20.9569 -179.772 0.327497 2.94748 -80 2 -25 10 48273 1 
124.398 -20.957 -179.772 0.327497 2.94748 -80 2 -25 10 48274 1 
124.387 -20.957 -179.772 0.327497 2.94748 -80 2 -25 10 48275 1 
124.376 -20.9571 -179.772 0.327497 2.94748 -80 2 -25 10 48276 1 
124.365 -20.9571 -179.772 0.327497 2.94748 -80 2 -25 10 48277 1 
124.354 -20.9572 -179.772 0.327497 2.94748 -80 2 -25 10 48278 1 
124.343 -20.9572 -179.772 0.327497 2.94748 -80 2 -25 10 48279 1 
124.332 -20.9573 -179.771 0.327497 2.94748 -80 2 -25 10 48280 1 
124.321 -20.9573 -179.771 0.327497 2.94748 -80 2 -25 10 48281 1 
124.31 -20.9573 -179.771 0.327497 2.94748 -80 2 -25 10 48282 1 
124.299 -20.9574 -179.771 0.327497 2.94748 -80 2 -25 10 48283 1 
124.288 -20.9574 -179.771 0.327497 2.94748 -80 2 -25 10 48284 1 
124.277 -20.9575 -179.771 0.327497 2.94748 -80 2 -25 10 48285 1 
124.267 -20.9575 -179.771 0.327497 2.94748 -80 2 -25 10 48286 1 
124.256 -20.9576 -179.771 0.327497 2.94748 -80 2 -25 10 48287 1 
124.245 -20.9576 -179.771 0.327497 2.94748 -80 2 -25 10 48288 1 
124.234 -20.9577 -179.771 0.327497 2.94748 -80 2 -25 10 48289 1 
124.223 -20.9577 -179.771 0.327497 2.94748 -80 2 -25 10 48290 1 
124.212 -20.9577 -179.771 0.327497 2.94748 -80 2 -25 10 48291 1 
124.201 -20.9578 -179.771 0.327497 2.94748 -80 2 -25 10 48292 1 
124.19 -20.9578 -179.771 0.327497 2.94748 -80 2 -25 10 48293 1 
124.179 -20.9579 -179.771 0.327497 2.94748 -80 2 -25 10 48294 1 
124.168 -20.9579 -179.771 0.327497 2.94748 -80 2 -25 10 48295 1 
124.157 -20.958 -179.771 0.327497 2.94748 -80 2 -25 10 48296 1 
124.146 -20.958 -179.771 0.327497 2.94748 -80 2 -25 10 48297 1 
124.135 -20.958 -179.771 0.327497 2.94748 -80 2 -25 10 48298 1 
124.125 -20.9581 -179.771 0.327497 2.94748 -80 2 -25 10 48299 1 
124.114 -20.9581 -179.771 0.327497 2.94748 -80 2 -25 10 48300 1 
124.103 -20.9582 -179.771 0.327497 2.94748 -80 2 -25 10 48301 1 
124.092 -20.9582 -179.771 0.327497 2.94748 -80 2 -25 10 48302 1 
124.081 -20.9583 -179.771 0.327497 2.94748 -80 2 -25 10 48303 1 
124.07 -20.9583 -179.771 0.327497 2.94748 -80 2 -25 10 48304 1 
124.059 -20.9584 -179.771 0.327497 2.94748 -80 2 -25 10 48305 1 
124.048 -20.9584 -179.771 0.327497 2.94748 -80 2 -25 10 48306 1 
124.037 -20.9584 -179.771 0.327497 2.94748 -80 2 -25 10 48307 1 
124.026 -20.9585 -179.771 0.327497 2.94748 -80 2 -25 10 48308 1 
124.015 -20.9585 -179.771 0.327497 2.94748 -80 2 -25 10 48309 1 
124.004 -20.9586 -179.771 0.327497 2.94748 -80 2 -25 10 48310 1 
123.994 -20.9586 -179.771 0.327497 2.94748 -80 2 -25 10 48311 1 
123.983 -20.9587 -179.771 0.327497 2.94748 -80 2 -25 10 48312 1 
123.972 -20.9587 -179.771 0.327497 2.94748 -80 2 -25 10 48313 1 
123.961 -20.9587 -179.771 0.327497 2.94748 -80 2 -25 10 48314 1 
123.95 -20.9588 -179.771 0.327497 2.94748 -80 2 -25 10 48315 1 
123.939 -20.9588 -179.771 0.327497 2.94748 -80 2 -25 10 48316 1 
123.928 -20.9589 -179.771 0.327497 2.94748 -80 2 -25 10 48317 1 
123.917 -20.9589 -179.771 0.327497 2.94748 -80 2 -25 10 48318 1 
123.906 -20.959 -179.771 0.327497 2.94748 -80 2 -25 10 48319 1 
123.895 -20.959 -179.771 0.327497 2.94748 -80 2 -25 10 48320 1 
123.884 -20.9591 -179.771 0.327497 2.94748 -80 2 -25 10 48321 1 
123.873 -20.9591 -179.771 0.327497 2.94748 -80 2 -25 10 48322 1 
123.863 -20.9591 -179.771 0.327497 2.94748 -80 2 -25 10 48323 1 
123.852 -20.9592 -179.771 0.327497 2.94748 -80 2 -25 10 48324 1 
123.841 -20.9592 -179.771 0.327497 2.94748 -80 2 -25 10 48325 1 
123.83 -20.9593 -179.771 0.327497 2.94748 -80 2 -25 10 48326 1 
123.819 -20.9593 -179.771 0.327497 2.94748 -80 2 -25 10 48327 1 
123.808 -20.9594 -179.771 0.327497 2.94748 -80 2 -25 10 48328 1 
123.797 -20.9594 -179.771 0.327497 2.94748 -80 2 -25 10 48329 1 
123.786 -20.9594 -179.771 0.327497 2.94748 -80 2 -25 10 48330 1 
123.775 -20.9595 -179.771 0.327497 2.94748 -80 2 -25 10 48331 1 
123.764 -20.9595 -179.771 0.327497 2.94748 -80 2 -25 10 48332 1 
123.753 -20.9596 -179.771 0.327497 2.94748 -80 2 -25 10 48333 1 
123.742 -20.9596 -179.771 0.327497 2.94748 -80 2 -25 10 48334 1 
123.732 -20.9597 -179.771 0.327497 2.94748 -80 2 -25 10 48335 1 
123.721 -20.9597 -179.771 0.327497 2.94748 -80 2 -25 10 48336 1 
123.71 -20.9598 -179.771 0.327497 2.94748 -80 2 -25 10 48337 1 
123.699 -20.9598 -179.771 0.327497 2.94748 -80 2 -25 10 48338 1 
123.688 -20.9598 -179.771 0.327497 2.94748 -80 2 -25 10 48339 1 
123.677 -20.9599 -179.771 0.327497 2.94748 -80 2 -25 10 48340 1 
123.666 -20.9599 -179.771 0.327497 2.94748 -80 2 -25 10 48341 1 
123.655 -20.96 -179.771 0.327497 2.94748 -80 2 -25 10 48342 1 
123.644 -20.96 -179.771 0.327497 2.94748 -80 2 -25 10 48343 1 
123.633 -20.9601 -179.771 0.327497 2.94748 -80 2 -25 10 48344 1 
123.622 -20.9601 -179.771 0.327497 2.94748 -80 2 -25 10 48345 1 
123.611 -20.9602 -179.771 0.327497 2.94748 -80 2 -25 10 48346 1 
123.601 -20.9602 -179.771 0.327497 2.94748 -80 2 -25 10 48347 1 
123.59 -20.9602 -179.771 0.327497 2.94748 -80 2 -25 10 48348 1 
123.579 -20.9603 -179.771 0.327497 2.94748 -80 2 -25 10 48349 1 
123.568 -20.9603 -179.771 0.327497 2.94748 -80 2 -25 10 48350 1 
123.557 -20.9604 -179.771 0.327497 2.94748 -80 2 -25 10 48351 1 
123.546 -20.9604 -179.771 0.327497 2.94748 -80 2 -25 10 48352 1 
123.535 -20.9605 -179.771 0.327497 2.94748 -80 2 -25 10 48353 1 
123.524 -20.9605 -179.771 0.327497 2.94748 -80 2 -25 10 48354 1 
123.513 -20.9605 -179.771 0.327497 2.94748 -80 2 -25 10 48355 1 
123.502 -20.9606 -179.771 0.327497 2.94748 -80 2 -25 10 48356 1 
123.491 -20.9606 -179.771 0.327497 2.94748 -80 2 -25 10 48357 1 
123.48 -20.9607 -179.771 0.327497 2.94748 -80 2 -25 10 48358 1 
123.47 -20.9607 -179.771 0.327497 2.94748 -80 2 -25 10 48359 1 
123.459 -20.9608 -179.771 0.327497 2.94748 -80 2 -25 10 48360 1 
123.448 -20.9608 -179.771 0.327497 2.94748 -80 2 -25 10 48361 1 
123.437 -20.9609 -179.771 0.327497 2.94748 -80 2 -25 10 48362 1 
123.426 -20.9609 -179.771 0.327497 2.94748 -80 2 -25 10 48363 1 
123.415 -20.9609 -179.771 0.327497 2.94748 -80 2 -25 10 48364 1 
123.404 -20.961 -179.771 0.327497 2.94748 -80 2 -25 10 48365 1 
123.393 -20.961 -179.771 0.327497 2.94748 -80 2 -25 10 48366 1 
123.382 -20.9611 -179.771 0.327497 2.94748 -80 2 -25 10 48367 1 
123.371 -20.9611 -179.771 0.327497 2.94748 -80 2 -25 10 48368 1 
123.36 -20.9612 -179.771 0.327497 2.94748 -80 2 -25 10 48369 1 
123.349 -20.9612 -179.771 0.327497 2.94748 -80 2 -25 10 48370 1 
123.339 -20.9612 -179.771 0.327497 2.94748 -80 2 -25 10 48371 1 
123.328 -20.9613 -179.771 0.327497 2.94748 -80 2 -25 10 48372 1 
123.317 -20.9613 -179.771 0.327497 2.94748 -80 2 -25 10 48373 1 
123.306 -20.9614 -179.771 0.327497 2.94748 -80 2 -25 10 48374 1 
123.295 -20.9614 -179.771 0.327497 2.94748 -80 2 -25 10 48375 1 
123.284 -20.9615 -179.771 0.327497 2.94748 -80 2 -25 10 48376 1 
123.273 -20.9615 -179.771 0.327497 2.94748 -80 2 -25 10 48377 1 
123.262 -20.9616 -179.771 0.327497 2.94748 -80 2 -25 10 48378 1 
123.251 -20.9616 -179.771 0.327497 2.94748 -80 2 -25 10 48379 1 
123.24 -20.9616 -179.771 0.327497 2.94748 -80 2 -25 10 48380 1 
123.229 -20.9617 -179.77 0.327497 2.94748 -80 2 -25 10 48381 1 
123.218 -20.9617 -179.77 0.327497 2.94748 -80 2 -25 10 48382 1 
123.207 -20.9618 -179.77 0.327497 2.94748 -80 2 -25 10 48383 1 
123.197 -20.9618 -179.77 0.327497 2.94748 -80 2 -25 10 48384 1 
123.186 -20.9619 -179.77 0.327497 2.94748 -80 2 -25 10 48385 1 
123.175 -20.9619 -179.77 0.327497 2.94748 -80 2 -25 10 48386 1 
123.164 -20.962 -179.77 0.327497 2.94748 -80 2 -25 10 48387 1 
123.153 -20.962 -179.77 0.327497 2.94748 -80 2 -25 10 48388 1 
123.142 -20.962 -179.77 0.327497 2.94748 -80 2 -25 10 48389 1 
123.131 -20.9621 -179.77 0.327497 2.94748 -80 2 -25 10 48390 1 
123.12 -20.9621 -179.77 0.327497 2.94748 -80 2 -25 10 48391 1 
123.109 -20.9622 -179.77 0.327497 2.94748 -80 2 -25 10 48392 1 
123.098 -20.9622 -179.77 0.327497 2.94748 -80 2 -25 10 48393 1 
123.087 -20.9623 -179.77 0.327497 2.94748 -80 2 -25 10 48394 1 
123.076 -20.9623 -179.77 0.327497 2.94748 -80 2 -25 10 48395 1 
123.066 -20.9623 -179.77 0.327497 2.94748 -80 2 -25 10 48396 1 
123.055 -20.9624 -179.77 0.327497 2.94748 -80 2 -25 10 48397 1 
123.044 -20.9624 -179.77 0.327497 2.94748 -80 2 -25 10 48398 1 
123.033 -20.9625 -179.77 0.327497 2.94748 -80 2 -25 10 48399 1 
123.022 -20.9625 -179.77 0.327497 2.94748 -80 2 -25 10 48400 1 
123.011 -20.9626 -179.77 0.327497 2.94748 -80 2 -25 10 48401 1 
123 -20.9626 -179.77 0.327497 2.94748 -80 2 -25 10 48402 1 
122.989 -20.9627 -179.77 0.327497 2.94748 -80 2 -25 10 48403 1 
122.978 -20.9627 -179.77 0.327497 2.94748 -80 2 -25 10 48404 1 
122.967 -20.9627 -179.77 0.327497 2.94748 -80 2 -25 10 48405 1 
122.956 -20.9628 -179.77 0.327497 2.94748 -80 2 -25 10 48406 1 
122.945 -20.9628 -179.77 0.327497 2.94748 -80 2 -25 10 48407 1 
122.935 -20.9629 -179.77 0.327497 2.94748 -80 2 -25 10 48408 1 
122.924 -20.9629 -179.77 0.327497 2.94748 -80 2 -25 10 48409 1 
122.913 -20.963 -179.77 0.327497 2.94748 -80 2 -25 10 48410 1 
122.902 -20.963 -179.77 0.327497 2.94748 -80 2 -25 10 48411 1 
122.891 -20.963 -179.77 0.327497 2.94748 -80 2 -25 10 48412 1 
122.88 -20.9631 -179.77 0.327497 2.94748 -80 2 -25 10 48413 1 
122.869 -20.9631 -179.77 0.327497 2.94748 -80 2 -25 10 48414 1 
122.858 -20.9632 -179.77 0.327497 2.94748 -80 2 -25 10 48415 1 
122.847 -20.9632 -179.77 0.327497 2.94748 -80 2 -25 10 48416 1 
122.836 -20.9633 -179.77 0.327497 2.94748 -80 2 -25 10 48417 1 
122.825 -20.9633 -179.77 0.327497 2.94748 -80 2 -25 10 48418 1 
122.814 -20.9634 -179.77 0.327497 2.94748 -80 2 -25 10 48419 1 
122.804 -20.9634 -179.77 0.327497 2.94748 -80 2 -25 10 48420 1 
122.793 -20.9634 -179.77 0.327497 2.94748 -80 2 -25 10 48421 1 
122.782 -20.9635 -179.77 0.327497 2.94748 -80 2 -25 10 48422 1 
122.771 -20.9635 -179.77 0.327497 2.94748 -80 2 -25 10 48423 1 
122.76 -20.9636 -179.77 0.327497 2.94748 -80 2 -25 10 48424 1 
122.749 -20.9636 -179.77 0.327497 2.94748 -80 2 -25 10 48425 1 
122.738 -20.9637 -179.77 0.327497 2.94748 -80 2 -25 10 48426 1 
122.727 -20.9637 -179.77 0.327497 2.94748 -80 2 -25 10 48427 1 
122.716 -20.9637 -179.77 0.327497 2.94748 -80 2 -25 10 48428 1 
122.705 -20.9638 -179.77 0.327497 2.94748 -80 2 -25 10 48429 1 
122.694 -20.9638 -179.77 0.327497 2.94748 -80 2 -25 10 48430 1 
122.683 -20.9639 -179.77 0.327497 2.94748 -80 2 -25 10 48431 1 
122.673 -20.9639 -179.77 0.327497 2.94748 -80 2 -25 10 48432 1 
122.662 -20.964 -179.77 0.327497 2.94748 -80 2 -25 10 48433 1 
122.651 -20.964 -179.77 0.327497 2.94748 -80 2 -25 10 48434 1 
122.64 -20.9641 -179.77 0.327497 2.94748 -80 2 -25 10 48435 1 
122.629 -20.9641 -179.77 0.327497 2.94748 -80 2 -25 10 48436 1 
122.618 -20.9641 -179.77 0.327497 2.94748 -80 2 -25 10 48437 1 
122.607 -20.9642 -179.77 0.327497 2.94748 -80 2 -25 10 48438 1 
122.596 -20.9642 -179.77 0.327497 2.94748 -80 2 -25 10 48439 1 
122.585 -20.9643 -179.77 0.327497 2.94748 -80 2 -25 10 48440 1 
122.574 -20.9643 -179.77 0.327497 2.94748 -80 2 -25 10 48441 1 
122.563 -20.9644 -179.77 0.327497 2.94748 -80 2 -25 10 48442 1 
122.552 -20.9644 -179.77 0.327497 2.94748 -80 2 -25 10 48443 1 
122.542 -20.9645 -179.77 0.327497 2.94748 -80 2 -25 10 48444 1 
122.531 -20.9645 -179.77 0.327497 2.94748 -80 2 -25 10 48445 1 
122.52 -20.9645 -179.77 0.327497 2.94748 -80 2 -25 10 48446 1 
122.509 -20.9646 -179.77 0.327497 2.94748 -80 2 -25 10 48447 1 
122.498 -20.9646 -179.77 0.327497 2.94748 -80 2 -25 10 48448 1 
122.487 -20.9647 -179.77 0.327497 2.94748 -80 2 -25 10 48449 1 
122.476 -20.9647 -179.77 0.327497 2.94748 -80 2 -25 10 48450 1 
122.465 -20.9648 -179.77 0.327497 2.94748 -80 2 -25 10 48451 1 
122.454 -20.9648 -179.77 0.327497 2.94748 -80 2 -25 10 48452 1 
122.443 -20.9648 -179.77 0.327497 2.94748 -80 2 -25 10 48453 1 
122.432 -20.9649 -179.77 0.327497 2.94748 -80 2 -25 10 48454 1 
122.421 -20.9649 -179.77 0.327497 2.94748 -80 2 -25 10 48455 1 
122.411 -20.965 -179.77 0.327497 2.94748 -80 2 -25 10 48456 1 
122.4 -20.965 -179.77 0.327497 2.94748 -80 2 -25 10 48457 1 
122.389 -20.9651 -179.77 0.327497 2.94748 -80 2 -25 10 48458 1 
122.378 -20.9651 -179.77 0.327497 2.94748 -80 2 -25 10 48459 1 
122.367 -20.9652 -179.77 0.327497 2.94748 -80 2 -25 10 48460 1 
122.356 -20.9652 -179.77 0.327497 2.94748 -80 2 -25 10 48461 1 
122.345 -20.9652 -179.77 0.327497 2.94748 -80 2 -25 10 48462 1 
122.334 -20.9653 -179.77 0.327497 2.94748 -80 2 -25 10 48463 1 
122.323 -20.9653 -179.77 0.327497 2.94748 -80 2 -25 10 48464 1 
122.312 -20.9654 -179.77 0.327497 2.94748 -80 2 -25 10 48465 1 
122.301 -20.9654 -179.77 0.327497 2.94748 -80 2 -25 10 48466 1 
122.29 -20.9655 -179.77 0.327497 2.94748 -80 2 -25 10 48467 1 
122.279 -20.9655 -179.77 0.327497 2.94748 -80 2 -25 10 48468 1 
122.269 -20.9655 -179.77 0.327497 2.94748 -80 2 -25 10 48469 1 
122.258 -20.9656 -179.77 0.327497 2.94748 -80 2 -25 10 48470 1 
122.247 -20.9656 -179.77 0.327497 2.94748 -80 2 -25 10 48471 1 
122.236 -20.9657 -179.77 0.327497 2.94748 -80 2 -25 10 48472 1 
122.225 -20.9657 -179.77 0.327497 2.94748 -80 2 -25 10 48473 1 
122.214 -20.9658 -179.77 0.327497 2.94748 -80 2 -25 10 48474 1 
122.203 -20.9658 -179.77 0.327497 2.94748 -80 2 -25 10 48475 1 
122.192 -20.9659 -179.77 0.327497 2.94748 -80 2 -25 10 48476 1 
122.181 -20.9659 -179.77 0.327497 2.94748 -80 2 -25 10 48477 1 
122.17 -20.9659 -179.77 0.327497 2.94748 -80 2 -25 10 48478 1 
122.159 -20.966 -179.77 0.327497 2.94748 -80 2 -25 10 48479 1 
122.148 -20.966 -179.77 0.327497 2.94748 -80 2 -25 10 48480 1 
122.138 -20.9661 -179.77 0.327497 2.94748 -80 2 -25 10 48481 1 
122.127 -20.9661 -179.769 0.327497 2.94748 -80 2 -25 10 48482 1 
122.116 -20.9662 -179.769 0.327497 2.94748 -80 2 -25 10 48483 1 
122.105 -20.9662 -179.769 0.327497 2.94748 -80 2 -25 10 48484 1 
122.094 -20.9662 -179.769 0.327497 2.94748 -80 2 -25 10 48485 1 
122.083 -20.9663 -179.769 0.327497 2.94748 -80 2 -25 10 48486 1 
122.072 -20.9663 -179.769 0.327497 2.94748 -80 2 -25 10 48487 1 
122.061 -20.9664 -179.769 0.327497 2.94748 -80 2 -25 10 48488 1 
122.05 -20.9664 -179.769 0.327497 2.94748 -80 2 -25 10 48489 1 
122.039 -20.9665 -179.769 0.327497 2.94748 -80 2 -25 10 48490 1 
122.028 -20.9665 -179.769 0.327497 2.94748 -80 2 -25 10 48491 1 
122.017 -20.9666 -179.769 0.327497 2.94748 -80 2 -25 10 48492 1 
122.007 -20.9666 -179.769 0.327497 2.94748 -80 2 -25 10 48493 1 
121.996 -20.9666 -179.769 0.327497 2.94748 -80 2 -25 10 48494 1 
121.985 -20.9667 -179.769 0.327497 2.94748 -80 2 -25 10 48495 1 
121.974 -20.9667 -179.769 0.327497 2.94748 -80 2 -25 10 48496 1 
121.963 -20.9668 -179.769 0.327497 2.94748 -80 2 -25 10 48497 1 
121.952 -20.9668 -179.769 0.327497 2.94748 -80 2 -25 10 48498 1 
121.941 -20.9669 -179.769 0.327497 2.94748 -80 2 -25 10 48499 1 
121.93 -20.9669 -179.769 0.327497 2.94748 -80 2 -25 10 48500 1 
121.919 -20.967 -179.769 0.327497 2.94748 -80 2 -25 10 48501 1 
121.908 -20.967 -179.769 0.327497 2.94748 -80 2 -25 10 48502 1 
121.897 -20.967 -179.769 0.327497 2.94748 -80 2 -25 10 48503 1 
121.886 -20.9671 -179.769 0.327497 2.94748 -80 2 -25 10 48504 1 
121.876 -20.9671 -179.769 0.327497 2.94748 -80 2 -25 10 48505 1 
121.865 -20.9672 -179.769 0.327497 2.94748 -80 2 -25 10 48506 1 
121.854 -20.9672 -179.769 0.327497 2.94748 -80 2 -25 10 48507 1 
121.843 -20.9673 -179.769 0.327497 2.94748 -80 2 -25 10 48508 1 
121.832 -20.9673 -179.769 0.327497 2.94748 -80 2 -25 10 48509 1 
121.821 -20.9673 -179.769 0.327497 2.94748 -80 2 -25 10 48510 1 
121.81 -20.9674 -179.769 0.327497 2.94748 -80 2 -25 10 48511 1 
121.799 -20.9674 -179.769 0.327497 2.94748 -80 2 -25 10 48512 1 
121.788 -20.9675 -179.769 0.327497 2.94748 -80 2 -25 10 48513 1 
121.777 -20.9675 -179.769 0.327497 2.94748 -80 2 -25 10 48514 1 
121.766 -20.9676 -179.769 0.327497 2.94748 -80 2 -25 10 48515 1 
121.755 -20.9676 -179.769 0.327497 2.94748 -80 2 -25 10 48516 1 
121.745 -20.9677 -179.769 0.327497 2.94748 -80 2 -25 10 48517 1 
121.734 -20.9677 -179.769 0.327497 2.94748 -80 2 -25 10 48518 1 
121.723 -20.9677 -179.769 0.327497 2.94748 -80 2 -25 10 48519 1 
121.712 -20.9678 -179.769 0.327497 2.94748 -80 2 -25 10 48520 1 
121.701 -20.9678 -179.769 0.327497 2.94748 -80 2 -25 10 48521 1 
121.69 -20.9679 -179.769 0.327497 2.94748 -80 2 -25 10 48522 1 
121.679 -20.9679 -179.769 0.327497 2.94748 -80 2 -25 10 48523 1 
121.668 -20.968 -179.769 0.327497 2.94748 -80 2 -25 10 48524 1 
121.657 -20.968 -179.769 0.327497 2.94748 -80 2 -25 10 48525 1 
121.646 -20.968 -179.769 0.327497 2.94748 -80 2 -25 10 48526 1 
121.635 -20.9681 -179.769 0.327497 2.94748 -80 2 -25 10 48527 1 
121.624 -20.9681 -179.769 0.327497 2.94748 -80 2 -25 10 48528 1 
121.614 -20.9682 -179.769 0.327497 2.94748 -80 2 -25 10 48529 1 
121.603 -20.9682 -179.769 0.327497 2.94748 -80 2 -25 10 48530 1 
121.592 -20.9683 -179.769 0.327497 2.94748 -80 2 -25 10 48531 1 
121.581 -20.9683 -179.769 0.327497 2.94748 -80 2 -25 10 48532 1 
121.57 -20.9684 -179.769 0.327497 2.94748 -80 2 -25 10 48533 1 
121.559 -20.9684 -179.769 0.327497 2.94748 -80 2 -25 10 48534 1 
121.548 -20.9684 -179.769 0.327497 2.94748 -80 2 -25 10 48535 1 
121.537 -20.9685 -179.769 0.327497 2.94748 -80 2 -25 10 48536 1 
121.526 -20.9685 -179.769 0.327497 2.94748 -80 2 -25 10 48537 1 
121.515 -20.9686 -179.769 0.327497 2.94748 -80 2 -25 10 48538 1 
121.504 -20.9686 -179.769 0.327497 2.94748 -80 2 -25 10 48539 1 
121.493 -20.9687 -179.769 0.327497 2.94748 -80 2 -25 10 48540 1 
121.483 -20.9687 -179.769 0.327497 2.94748 -80 2 -25 10 48541 1 
121.472 -20.9688 -179.769 0.327497 2.94748 -80 2 -25 10 48542 1 
121.461 -20.9688 -179.769 0.327497 2.94748 -80 2 -25 10 48543 1 
121.45 -20.9688 -179.769 0.327497 2.94748 -80 2 -25 10 48544 1 
121.439 -20.9689 -179.769 0.327497 2.94748 -80 2 -25 10 48545 1 
121.428 -20.9689 -179.769 0.327497 2.94748 -80 2 -25 10 48546 1 
121.417 -20.969 -179.769 0.327497 2.94748 -80 2 -25 10 48547 1 
121.406 -20.969 -179.769 0.327497 2.94748 -80 2 -25 10 48548 1 
121.395 -20.9691 -179.769 0.327497 2.94748 -80 2 -25 10 48549 1 
121.384 -20.9691 -179.769 0.327497 2.94748 -80 2 -25 10 48550 1 
121.373 -20.9691 -179.769 0.327497 2.94748 -80 2 -25 10 48551 1 
121.362 -20.9692 -179.769 0.327497 2.94748 -80 2 -25 10 48552 1 
121.351 -20.9692 -179.769 0.327497 2.94748 -80 2 -25 10 48553 1 
121.341 -20.9693 -179.769 0.327497 2.94748 -80 2 -25 10 48554 1 
121.33 -20.9693 -179.769 0.327497 2.94748 -80 2 -25 10 48555 1 
121.319 -20.9694 -179.769 0.327497 2.94748 -80 2 -25 10 48556 1 
121.308 -20.9694 -179.769 0.327497 2.94748 -80 2 -25 10 48557 1 
121.297 -20.9695 -179.769 0.327497 2.94748 -80 2 -25 10 48558 1 
121.286 -20.9695 -179.769 0.327497 2.94748 -80 2 -25 10 48559 1 
121.275 -20.9695 -179.769 0.327497 2.94748 -80 2 -25 10 48560 1 
121.264 -20.9696 -179.769 0.327497 2.94748 -80 2 -25 10 48561 1 
121.253 -20.9696 -179.769 0.327497 2.94748 -80 2 -25 10 48562 1 
121.242 -20.9697 -179.769 0.327497 2.94748 -80 2 -25 10 48563 1 
121.231 -20.9697 -179.769 0.327497 2.94748 -80 2 -25 10 48564 1 
121.22 -20.9698 -179.769 0.327497 2.94748 -80 2 -25 10 48565 1 
121.21 -20.9698 -179.769 0.327497 2.94748 -80 2 -25 10 48566 1 
121.199 -20.9698 -179.769 0.327497 2.94748 -80 2 -25 10 48567 1 
121.188 -20.9699 -179.769 0.327497 2.94748 -80 2 -25 10 48568 1 
121.177 -20.9699 -179.769 0.327497 2.94748 -80 2 -25 10 48569 1 
121.166 -20.97 -179.769 0.327497 2.94748 -80 2 -25 10 48570 1 
121.155 -20.97 -179.769 0.327497 2.94748 -80 2 -25 10 48571 1 
121.144 -20.9701 -179.769 0.327497 2.94748 -80 2 -25 10 48572 1 
121.133 -20.9701 -179.769 0.327497 2.94748 -80 2 -25 10 48573 1 
121.122 -20.9702 -179.769 0.327497 2.94748 -80 2 -25 10 48574 1 
121.111 -20.9702 -179.769 0.327497 2.94748 -80 2 -25 10 48575 1 
121.1 -20.9702 -179.769 0.327497 2.94748 -80 2 -25 10 48576 1 
121.089 -20.9703 -179.769 0.327497 2.94748 -80 2 -25 10 48577 1 
121.079 -20.9703 -179.769 0.327497 2.94748 -80 2 -25 10 48578 1 
121.068 -20.9704 -179.768 0.327497 2.94748 -80 2 -25 10 48579 1 
121.057 -20.9704 -179.768 0.327497 2.94748 -80 2 -25 10 48580 1 
121.046 -20.9705 -179.768 0.327497 2.94748 -80 2 -25 10 48581 1 
121.035 -20.9705 -179.768 0.327497 2.94748 -80 2 -25 10 48582 1 
121.024 -20.9705 -179.768 0.327497 2.94748 -80 2 -25 10 48583 1 
121.013 -20.9706 -179.768 0.327497 2.94748 -80 2 -25 10 48584 1 
121.002 -20.9706 -179.768 0.327497 2.94748 -80 2 -25 10 48585 1 
120.991 -20.9707 -179.768 0.327497 2.94748 -80 2 -25 10 48586 1 
120.98 -20.9707 -179.768 0.327497 2.94748 -80 2 -25 10 48587 1 
120.969 -20.9708 -179.768 0.327497 2.94748 -80 2 -25 10 48588 1 
120.958 -20.9708 -179.768 0.327497 2.94748 -80 2 -25 10 48589 1 
120.948 -20.9709 -179.768 0.327497 2.94748 -80 2 -25 10 48590 1 
120.937 -20.9709 -179.768 0.327497 2.94748 -80 2 -25 10 48591 1 
120.926 -20.9709 -179.768 0.327497 2.94748 -80 2 -25 10 48592 1 
120.915 -20.971 -179.768 0.327497 2.94748 -80 2 -25 10 48593 1 
120.904 -20.971 -179.768 0.327497 2.94748 -80 2 -25 10 48594 1 
120.893 -20.9711 -179.768 0.327497 2.94748 -80 2 -25 10 48595 1 
120.882 -20.9711 -179.768 0.327497 2.94748 -80 2 -25 10 48596 1 
120.871 -20.9712 -179.768 0.327497 2.94748 -80 2 -25 10 48597 1 
120.86 -20.9712 -179.768 0.327497 2.94748 -80 2 -25 10 48598 1 
120.849 -20.9713 -179.768 0.327497 2.94748 -80 2 -25 10 48599 1 
120.838 -20.9713 -179.768 0.327497 2.94748 -80 2 -25 10 48600 1 
120.827 -20.9713 -179.768 0.327497 2.94748 -80 2 -25 10 48601 1 
120.817 -20.9714 -179.768 0.327497 2.94748 -80 2 -25 10 48602 1 
120.806 -20.9714 -179.768 0.327497 2.94748 -80 2 -25 10 48603 1 
120.795 -20.9715 -179.768 0.327497 2.94748 -80 2 -25 10 48604 1 
120.784 -20.9715 -179.768 0.327497 2.94748 -80 2 -25 10 48605 1 
120.773 -20.9716 -179.768 0.327497 2.94748 -80 2 -25 10 48606 1 
120.762 -20.9716 -179.768 0.327497 2.94748 -80 2 -25 10 48607 1 
120.751 -20.9716 -179.768 0.327497 2.94748 -80 2 -25 10 48608 1 
120.74 -20.9717 -179.768 0.327497 2.94748 -80 2 -25 10 48609 1 
120.729 -20.9717 -179.768 0.327497 2.94748 -80 2 -25 10 48610 1 
120.718 -20.9718 -179.768 0.327497 2.94748 -80 2 -25 10 48611 1 
120.707 -20.9718 -179.768 0.327497 2.94748 -80 2 -25 10 48612 1 
120.696 -20.9719 -179.768 0.327497 2.94748 -80 2 -25 10 48613 1 
120.686 -20.9719 -179.768 0.327497 2.94748 -80 2 -25 10 48614 1 
120.675 -20.972 -179.768 0.327497 2.94748 -80 2 -25 10 48615 1 
120.664 -20.972 -179.768 0.327497 2.94748 -80 2 -25 10 48616 1 
120.653 -20.972 -179.768 0.327497 2.94748 -80 2 -25 10 48617 1 
120.642 -20.9721 -179.768 0.327497 2.94748 -80 2 -25 10 48618 1 
120.631 -20.9721 -179.768 0.327497 2.94748 -80 2 -25 10 48619 1 
120.62 -20.9722 -179.768 0.327497 2.94748 -80 2 -25 10 48620 1 
120.609 -20.9722 -179.768 0.327497 2.94748 -80 2 -25 10 48621 1 
120.598 -20.9723 -179.768 0.327497 2.94748 -80 2 -25 10 48622 1 
120.587 -20.9723 -179.768 0.327497 2.94748 -80 2 -25 10 48623 1 
120.576 -20.9723 -179.768 0.327497 2.94748 -80 2 -25 10 48624 1 
120.565 -20.9724 -179.768 0.327497 2.94748 -80 2 -25 10 48625 1 
120.555 -20.9724 -179.768 0.327497 2.94748 -80 2 -25 10 48626 1 
120.544 -20.9725 -179.768 0.327497 2.94748 -80 2 -25 10 48627 1 
120.533 -20.9725 -179.768 0.327497 2.94748 -80 2 -25 10 48628 1 
120.522 -20.9726 -179.768 0.327497 2.94748 -80 2 -25 10 48629 1 
120.511 -20.9726 -179.768 0.327497 2.94748 -80 2 -25 10 48630 1 
120.5 -20.9727 -179.768 0.327497 2.94748 -80 2 -25 10 48631 1 
120.489 -20.9727 -179.768 0.327497 2.94748 -80 2 -25 10 48632 1 
120.478 -20.9727 -179.768 0.327497 2.94748 -80 2 -25 10 48633 1 
120.467 -20.9728 -179.768 0.327497 2.94748 -80 2 -25 10 48634 1 
120.456 -20.9728 -179.768 0.327497 2.94748 -80 2 -25 10 48635 1 
120.445 -20.9729 -179.768 0.327497 2.94748 -80 2 -25 10 48636 1 
120.434 -20.9729 -179.768 0.327497 2.94748 -80 2 -25 10 48637 1 
120.423 -20.973 -179.768 0.327497 2.94748 -80 2 -25 10 48638 1 
120.413 -20.973 -179.768 0.327497 2.94748 -80 2 -25 10 48639 1 
120.402 -20.973 -179.768 0.327497 2.94748 -80 2 -25 10 48640 1 
120.391 -20.9731 -179.768 0.327497 2.94748 -80 2 -25 10 48641 1 
120.38 -20.9731 -179.768 0.327497 2.94748 -80 2 -25 10 48642 1 
120.369 -20.9732 -179.768 0.327497 2.94748 -80 2 -25 10 48643 1 
120.358 -20.9732 -179.768 0.327497 2.94748 -80 2 -25 10 48644 1 
120.347 -20.9733 -179.768 0.327497 2.94748 -80 2 -25 10 48645 1 
120.336 -20.9733 -179.768 0.327497 2.94748 -80 2 -25 10 48646 1 
120.325 -20.9734 -179.768 0.327497 2.94748 -80 2 -25 10 48647 1 
120.314 -20.9734 -179.768 0.327497 2.94748 -80 2 -25 10 48648 1 
120.303 -20.9734 -179.768 0.327497 2.94748 -80 2 -25 10 48649 1 
120.292 -20.9735 -179.768 0.327497 2.94748 -80 2 -25 10 48650 1 
120.282 -20.9735 -179.768 0.327497 2.94748 -80 2 -25 10 48651 1 
120.271 -20.9736 -179.768 0.327497 2.94748 -80 2 -25 10 48652 1 
120.26 -20.9736 -179.768 0.327497 2.94748 -80 2 -25 10 48653 1 
120.249 -20.9737 -179.768 0.327497 2.94748 -80 2 -25 10 48654 1 
120.238 -20.9737 -179.768 0.327497 2.94748 -80 2 -25 10 48655 1 
120.227 -20.9738 -179.768 0.327497 2.94748 -80 2 -25 10 48656 1 
120.216 -20.9738 -179.768 0.327497 2.94748 -80 2 -25 10 48657 1 
120.205 -20.9738 -179.768 0.327497 2.94748 -80 2 -25 10 48658 1 
120.194 -20.9739 -179.768 0.327497 2.94748 -80 2 -25 10 48659 1 
120.183 -20.9739 -179.768 0.327497 2.94748 -80 2 -25 10 48660 1 
120.172 -20.974 -179.768 0.327497 2.94748 -80 2 -25 10 48661 1 
120.161 -20.974 -179.768 0.327497 2.94748 -80 2 -25 10 48662 1 
120.151 -20.9741 -179.768 0.327497 2.94748 -80 2 -25 10 48663 1 
120.14 -20.9741 -179.768 0.327497 2.94748 -80 2 -25 10 48664 1 
120.129 -20.9741 -179.768 0.327497 2.94748 -80 2 -25 10 48665 1 
120.118 -20.9742 -179.768 0.327497 2.94748 -80 2 -25 10 48666 1 
120.107 -20.9742 -179.768 0.327497 2.94748 -80 2 -25 10 48667 1 
120.096 -20.9743 -179.768 0.327497 2.94748 -80 2 -25 10 48668 1 
120.085 -20.9743 -179.768 0.327497 2.94748 -80 2 -25 10 48669 1 
120.074 -20.9744 -179.768 0.327497 2.94748 -80 2 -25 10 48670 1 
120.063 -20.9744 -179.768 0.327497 2.94748 -80 2 -25 10 48671 1 
120.052 -20.9745 -179.768 0.327497 2.94748 -80 2 -25 10 48672 1 
120.041 -20.9745 -179.768 0.327497 2.94748 -80 2 -25 10 48673 1 
120.03 -20.9745 -179.768 0.327497 2.94748 -80 2 -25 10 48674 1 
120.02 -20.9746 -179.768 0.327497 2.94748 -80 2 -25 10 48675 1 
120.009 -20.9746 -179.768 0.327497 2.94748 -80 2 -25 10 48676 1 
119.998 -20.9747 -179.768 0.327497 2.94748 -80 2 -25 10 48677 1 
119.987 -20.9747 -179.767 0.327497 2.94748 -80 2 -25 10 48678 1 
119.976 -20.9748 -179.767 0.327497 2.94748 -80 2 -25 10 48679 1 
119.965 -20.9748 -179.767 0.327497 2.94748 -80 2 -25 10 48680 1 
119.954 -20.9748 -179.767 0.327497 2.94748 -80 2 -25 10 48681 1 
119.943 -20.9749 -179.767 0.327497 2.94748 -80 2 -25 10 48682 1 
119.932 -20.9749 -179.767 0.327497 2.94748 -80 2 -25 10 48683 1 
119.921 -20.975 -179.767 0.327497 2.94748 -80 2 -25 10 48684 1 
119.91 -20.975 -179.767 0.327497 2.94748 -80 2 -25 10 48685 1 
119.899 -20.9751 -179.767 0.327497 2.94748 -80 2 -25 10 48686 1 
119.889 -20.9751 -179.767 0.327497 2.94748 -80 2 -25 10 48687 1 
119.878 -20.9752 -179.767 0.327497 2.94748 -80 2 -25 10 48688 1 
119.867 -20.9752 -179.767 0.327497 2.94748 -80 2 -25 10 48689 1 
119.856 -20.9752 -179.767 0.327497 2.94748 -80 2 -25 10 48690 1 
119.845 -20.9753 -179.767 0.327497 2.94748 -80 2 -25 10 48691 1 
119.834 -20.9753 -179.767 0.327497 2.94748 -80 2 -25 10 48692 1 
119.823 -20.9754 -179.767 0.327497 2.94748 -80 2 -25 10 48693 1 
119.812 -20.9754 -179.767 0.327497 2.94748 -80 2 -25 10 48694 1 
119.801 -20.9755 -179.767 0.327497 2.94748 -80 2 -25 10 48695 1 
119.79 -20.9755 -179.767 0.327497 2.94748 -80 2 -25 10 48696 1 
119.779 -20.9755 -179.767 0.327497 2.94748 -80 2 -25 10 48697 1 
119.768 -20.9756 -179.767 0.327497 2.94748 -80 2 -25 10 48698 1 
119.758 -20.9756 -179.767 0.327497 2.94748 -80 2 -25 10 48699 1 
119.747 -20.9757 -179.767 0.327497 2.94748 -80 2 -25 10 48700 1 
119.736 -20.9757 -179.767 0.327497 2.94748 -80 2 -25 10 48701 1 
119.725 -20.9758 -179.767 0.327497 2.94748 -80 2 -25 10 48702 1 
119.714 -20.9758 -179.767 0.327497 2.94748 -80 2 -25 10 48703 1 
119.703 -20.9759 -179.767 0.327497 2.94748 -80 2 -25 10 48704 1 
119.692 -20.9759 -179.767 0.327497 2.94748 -80 2 -25 10 48705 1 
119.681 -20.9759 -179.767 0.327497 2.94748 -80 2 -25 10 48706 1 
119.67 -20.976 -179.767 0.327497 2.94748 -80 2 -25 10 48707 1 
119.659 -20.976 -179.767 0.327497 2.94748 -80 2 -25 10 48708 1 
119.648 -20.9761 -179.767 0.327497 2.94748 -80 2 -25 10 48709 1 
119.637 -20.9761 -179.767 0.327497 2.94748 -80 2 -25 10 48710 1 
119.627 -20.9762 -179.767 0.327497 2.94748 -80 2 -25 10 48711 1 
119.616 -20.9762 -179.767 0.327497 2.94748 -80 2 -25 10 48712 1 
119.605 -20.9763 -179.767 0.327497 2.94748 -80 2 -25 10 48713 1 
119.594 -20.9763 -179.767 0.327497 2.94748 -80 2 -25 10 48714 1 
119.583 -20.9763 -179.767 0.327497 2.94748 -80 2 -25 10 48715 1 
119.572 -20.9764 -179.767 0.327497 2.94748 -80 2 -25 10 48716 1 
119.561 -20.9764 -179.767 0.327497 2.94748 -80 2 -25 10 48717 1 
119.55 -20.9765 -179.767 0.327497 2.94748 -80 2 -25 10 48718 1 
119.539 -20.9765 -179.767 0.327497 2.94748 -80 2 -25 10 48719 1 
119.528 -20.9766 -179.767 0.327497 2.94748 -80 2 -25 10 48720 1 
119.517 -20.9766 -179.767 0.327497 2.94748 -80 2 -25 10 48721 1 
119.506 -20.9766 -179.767 0.327497 2.94748 -80 2 -25 10 48722 1 
119.495 -20.9767 -179.767 0.327497 2.94748 -80 2 -25 10 48723 1 
119.485 -20.9767 -179.767 0.327497 2.94748 -80 2 -25 10 48724 1 
119.474 -20.9768 -179.767 0.327497 2.94748 -80 2 -25 10 48725 1 
119.463 -20.9768 -179.767 0.327497 2.94748 -80 2 -25 10 48726 1 
119.452 -20.9769 -179.767 0.327497 2.94748 -80 2 -25 10 48727 1 
119.441 -20.9769 -179.767 0.327497 2.94748 -80 2 -25 10 48728 1 
119.43 -20.977 -179.767 0.327497 2.94748 -80 2 -25 10 48729 1 
119.419 -20.977 -179.767 0.327497 2.94748 -80 2 -25 10 48730 1 
119.408 -20.977 -179.767 0.327497 2.94748 -80 2 -25 10 48731 1 
119.397 -20.9771 -179.767 0.327497 2.94748 -80 2 -25 10 48732 1 
119.386 -20.9771 -179.767 0.327497 2.94748 -80 2 -25 10 48733 1 
119.375 -20.9772 -179.767 0.327497 2.94748 -80 2 -25 10 48734 1 
119.364 -20.9772 -179.767 0.327497 2.94748 -80 2 -25 10 48735 1 
119.354 -20.9773 -179.767 0.327497 2.94748 -80 2 -25 10 48736 1 
119.343 -20.9773 -179.767 0.327497 2.94748 -80 2 -25 10 48737 1 
119.332 -20.9773 -179.767 0.327497 2.94748 -80 2 -25 10 48738 1 
119.321 -20.9774 -179.767 0.327497 2.94748 -80 2 -25 10 48739 1 
119.31 -20.9774 -179.767 0.327497 2.94748 -80 2 -25 10 48740 1 
119.299 -20.9775 -179.767 0.327497 2.94748 -80 2 -25 10 48741 1 
119.288 -20.9775 -179.767 0.327497 2.94748 -80 2 -25 10 48742 1 
119.277 -20.9776 -179.767 0.327497 2.94748 -80 2 -25 10 48743 1 
119.266 -20.9776 -179.767 0.327497 2.94748 -80 2 -25 10 48744 1 
119.255 -20.9777 -179.767 0.327497 2.94748 -80 2 -25 10 48745 1 
119.244 -20.9777 -179.767 0.327497 2.94748 -80 2 -25 10 48746 1 
119.233 -20.9777 -179.767 0.327497 2.94748 -80 2 -25 10 48747 1 
119.223 -20.9778 -179.767 0.327497 2.94748 -80 2 -25 10 48748 1 
119.212 -20.9778 -179.767 0.327497 2.94748 -80 2 -25 10 48749 1 
119.201 -20.9779 -179.767 0.327497 2.94748 -80 2 -25 10 48750 1 
119.19 -20.9779 -179.767 0.327497 2.94748 -80 2 -25 10 48751 1 
119.179 -20.978 -179.767 0.327497 2.94748 -80 2 -25 10 48752 1 
119.168 -20.978 -179.767 0.327497 2.94748 -80 2 -25 10 48753 1 
119.157 -20.9781 -179.767 0.327497 2.94748 -80 2 -25 10 48754 1 
119.146 -20.9781 -179.767 0.327497 2.94748 -80 2 -25 10 48755 1 
119.135 -20.9781 -179.767 0.327497 2.94748 -80 2 -25 10 48756 1 
119.124 -20.9782 -179.767 0.327497 2.94748 -80 2 -25 10 48757 1 
119.113 -20.9782 -179.767 0.327497 2.94748 -80 2 -25 10 48758 1 
119.102 -20.9783 -179.767 0.327497 2.94748 -80 2 -25 10 48759 1 
119.092 -20.9783 -179.767 0.327497 2.94748 -80 2 -25 10 48760 1 
119.081 -20.9784 -179.767 0.327497 2.94748 -80 2 -25 10 48761 1 
119.07 -20.9784 -179.767 0.327497 2.94748 -80 2 -25 10 48762 1 
119.059 -20.9784 -179.767 0.327497 2.94748 -80 2 -25 10 48763 1 
119.048 -20.9785 -179.767 0.327497 2.94748 -80 2 -25 10 48764 1 
119.037 -20.9785 -179.767 0.327497 2.94748 -80 2 -25 10 48765 1 
119.026 -20.9786 -179.767 0.327497 2.94748 -80 2 -25 10 48766 1 
119.015 -20.9786 -179.767 0.327497 2.94748 -80 2 -25 10 48767 1 
119.004 -20.9787 -179.767 0.327497 2.94748 -80 2 -25 10 48768 1 
118.993 -20.9787 -179.767 0.327497 2.94748 -80 2 -25 10 48769 1 
118.982 -20.9788 -179.767 0.327497 2.94748 -80 2 -25 10 48770 1 
118.971 -20.9788 -179.767 0.327497 2.94748 -80 2 -25 10 48771 1 
118.961 -20.9788 -179.767 0.327497 2.94748 -80 2 -25 10 48772 1 
118.95 -20.9789 -179.766 0.327497 2.94748 -80 2 -25 10 48773 1 
118.939 -20.9789 -179.766 0.327497 2.94748 -80 2 -25 10 48774 1 
118.928 -20.979 -179.766 0.327497 2.94748 -80 2 -25 10 48775 1 
118.917 -20.979 -179.766 0.327497 2.94748 -80 2 -25 10 48776 1 
118.906 -20.9791 -179.766 0.327497 2.94748 -80 2 -25 10 48777 1 
118.895 -20.9791 -179.766 0.327497 2.94748 -80 2 -25 10 48778 1 
118.884 -20.9791 -179.766 0.327497 2.94748 -80 2 -25 10 48779 1 
118.873 -20.9792 -179.766 0.327497 2.94748 -80 2 -25 10 48780 1 
118.862 -20.9792 -179.766 0.327497 2.94748 -80 2 -25 10 48781 1 
118.851 -20.9793 -179.766 0.327497 2.94748 -80 2 -25 10 48782 1 
118.84 -20.9793 -179.766 0.327497 2.94748 -80 2 -25 10 48783 1 
118.83 -20.9794 -179.766 0.327497 2.94748 -80 2 -25 10 48784 1 
118.819 -20.9794 -179.766 0.327497 2.94748 -80 2 -25 10 48785 1 
118.808 -20.9795 -179.766 0.327497 2.94748 -80 2 -25 10 48786 1 
118.797 -20.9795 -179.766 0.327497 2.94748 -80 2 -25 10 48787 1 
118.786 -20.9795 -179.766 0.327497 2.94748 -80 2 -25 10 48788 1 
118.775 -20.9796 -179.766 0.327497 2.94748 -80 2 -25 10 48789 1 
118.764 -20.9796 -179.766 0.327497 2.94748 -80 2 -25 10 48790 1 
118.753 -20.9797 -179.766 0.327497 2.94748 -80 2 -25 10 48791 1 
118.742 -20.9797 -179.766 0.327497 2.94748 -80 2 -25 10 48792 1 
118.731 -20.9798 -179.766 0.327497 2.94748 -80 2 -25 10 48793 1 
118.72 -20.9798 -179.766 0.327497 2.94748 -80 2 -25 10 48794 1 
118.709 -20.9798 -179.766 0.327497 2.94748 -80 2 -25 10 48795 1 
118.699 -20.9799 -179.766 0.327497 2.94748 -80 2 -25 10 48796 1 
118.688 -20.9799 -179.766 0.327497 2.94748 -80 2 -25 10 48797 1 
118.677 -20.98 -179.766 0.327497 2.94748 -80 2 -25 10 48798 1 
118.666 -20.98 -179.766 0.327497 2.94748 -80 2 -25 10 48799 1 
118.655 -20.9801 -179.766 0.327497 2.94748 -80 2 -25 10 48800 1 
118.644 -20.9801 -179.766 0.327497 2.94748 -80 2 -25 10 48801 1 
118.633 -20.9802 -179.766 0.327497 2.94748 -80 2 -25 10 48802 1 
118.622 -20.9802 -179.766 0.327497 2.94748 -80 2 -25 10 48803 1 
118.611 -20.9802 -179.766 0.327497 2.94748 -80 2 -25 10 48804 1 
118.6 -20.9803 -179.766 0.327497 2.94748 -80 2 -25 10 48805 1 
118.589 -20.9803 -179.766 0.327497 2.94748 -80 2 -25 10 48806 1 
118.578 -20.9804 -179.766 0.327497 2.94748 -80 2 -25 10 48807 1 
118.567 -20.9804 -179.766 0.327497 2.94748 -80 2 -25 10 48808 1 
118.557 -20.9805 -179.766 0.327497 2.94748 -80 2 -25 10 48809 1 
118.546 -20.9805 -179.766 0.327497 2.94748 -80 2 -25 10 48810 1 
118.535 -20.9806 -179.766 0.327497 2.94748 -80 2 -25 10 48811 1 
118.524 -20.9806 -179.766 0.327497 2.94748 -80 2 -25 10 48812 1 
118.513 -20.9806 -179.766 0.327497 2.94748 -80 2 -25 10 48813 1 
118.502 -20.9807 -179.766 0.327497 2.94748 -80 2 -25 10 48814 1 
118.491 -20.9807 -179.766 0.327497 2.94748 -80 2 -25 10 48815 1 
118.48 -20.9808 -179.766 0.327497 2.94748 -80 2 -25 10 48816 1 
118.469 -20.9808 -179.766 0.327497 2.94748 -80 2 -25 10 48817 1 
118.458 -20.9809 -179.766 0.327497 2.94748 -80 2 -25 10 48818 1 
118.447 -20.9809 -179.766 0.327497 2.94748 -80 2 -25 10 48819 1 
118.436 -20.9809 -179.766 0.327497 2.94748 -80 2 -25 10 48820 1 
118.426 -20.981 -179.766 0.327497 2.94748 -80 2 -25 10 48821 1 
118.415 -20.981 -179.766 0.327497 2.94748 -80 2 -25 10 48822 1 
118.404 -20.9811 -179.766 0.327497 2.94748 -80 2 -25 10 48823 1 
118.393 -20.9811 -179.766 0.327497 2.94748 -80 2 -25 10 48824 1 
118.382 -20.9812 -179.766 0.327497 2.94748 -80 2 -25 10 48825 1 
118.371 -20.9812 -179.766 0.327497 2.94748 -80 2 -25 10 48826 1 
118.36 -20.9813 -179.766 0.327497 2.94748 -80 2 -25 10 48827 1 
118.349 -20.9813 -179.766 0.327497 2.94748 -80 2 -25 10 48828 1 
118.338 -20.9813 -179.766 0.327497 2.94748 -80 2 -25 10 48829 1 
118.327 -20.9814 -179.766 0.327497 2.94748 -80 2 -25 10 48830 1 
118.316 -20.9814 -179.766 0.327497 2.94748 -80 2 -25 10 48831 1 
118.305 -20.9815 -179.766 0.327497 2.94748 -80 2 -25 10 48832 1 
118.295 -20.9815 -179.766 0.327497 2.94748 -80 2 -25 10 48833 1 
118.284 -20.9816 -179.766 0.327497 2.94748 -80 2 -25 10 48834 1 
118.273 -20.9816 -179.766 0.327497 2.94748 -80 2 -25 10 48835 1 
118.262 -20.9816 -179.766 0.327497 2.94748 -80 2 -25 10 48836 1 
118.251 -20.9817 -179.766 0.327497 2.94748 -80 2 -25 10 48837 1 
118.24 -20.9817 -179.766 0.327497 2.94748 -80 2 -25 10 48838 1 
118.229 -20.9818 -179.766 0.327497 2.94748 -80 2 -25 10 48839 1 
118.218 -20.9818 -179.766 0.327497 2.94748 -80 2 -25 10 48840 1 
118.207 -20.9819 -179.766 0.327497 2.94748 -80 2 -25 10 48841 1 
118.196 -20.9819 -179.766 0.327497 2.94748 -80 2 -25 10 48842 1 
118.185 -20.982 -179.766 0.327497 2.94748 -80 2 -25 10 48843 1 
118.174 -20.982 -179.766 0.327497 2.94748 -80 2 -25 10 48844 1 
118.164 -20.982 -179.766 0.327497 2.94748 -80 2 -25 10 48845 1 
118.153 -20.9821 -179.766 0.327497 2.94748 -80 2 -25 10 48846 1 
118.142 -20.9821 -179.766 0.327497 2.94748 -80 2 -25 10 48847 1 
118.131 -20.9822 -179.766 0.327497 2.94748 -80 2 -25 10 48848 1 
118.12 -20.9822 -179.766 0.327497 2.94748 -80 2 -25 10 48849 1 
118.109 -20.9823 -179.766 0.327497 2.94748 -80 2 -25 10 48850 1 
118.098 -20.9823 -179.766 0.327497 2.94748 -80 2 -25 10 48851 1 
118.087 -20.9823 -179.766 0.327497 2.94748 -80 2 -25 10 48852 1 
118.076 -20.9824 -179.766 0.327497 2.94748 -80 2 -25 10 48853 1 
118.065 -20.9824 -179.766 0.327497 2.94748 -80 2 -25 10 48854 1 
118.054 -20.9825 -179.766 0.327497 2.94748 -80 2 -25 10 48855 1 
118.043 -20.9825 -179.766 0.327497 2.94748 -80 2 -25 10 48856 1 
118.033 -20.9826 -179.766 0.327497 2.94748 -80 2 -25 10 48857 1 
118.022 -20.9826 -179.766 0.327497 2.94748 -80 2 -25 10 48858 1 
118.011 -20.9827 -179.766 0.327497 2.94748 -80 2 -25 10 48859 1 
118 -20.9827 -179.766 0.327497 2.94748 -80 2 -25 10 48860 1 
117.989 -20.9827 -179.766 0.327497 2.94748 -80 2 -25 10 48861 1 
117.978 -20.9828 -179.766 0.327497 2.94748 -80 2 -25 10 48862 1 
117.967 -20.9828 -179.766 0.327497 2.94748 -80 2 -25 10 48863 1 
117.956 -20.9829 -179.766 0.327497 2.94748 -80 2 -25 10 48864 1 
117.945 -20.9829 -179.766 0.327497 2.94748 -80 2 -25 10 48865 1 
117.934 -20.983 -179.766 0.327497 2.94748 -80 2 -25 10 48866 1 
117.923 -20.983 -179.766 0.327497 2.94748 -80 2 -25 10 48867 1 
117.912 -20.9831 -179.766 0.327497 2.94748 -80 2 -25 10 48868 1 
117.902 -20.9831 -179.766 0.327497 2.94748 -80 2 -25 10 48869 1 
117.891 -20.9831 -179.765 0.327497 2.94748 -80 2 -25 10 48870 1 
117.88 -20.9832 -179.765 0.327497 2.94748 -80 2 -25 10 48871 1 
117.869 -20.9832 -179.765 0.327497 2.94748 -80 2 -25 10 48872 1 
117.858 -20.9833 -179.765 0.327497 2.94748 -80 2 -25 10 48873 1 
117.847 -20.9833 -179.765 0.327497 2.94748 -80 2 -25 10 48874 1 
117.836 -20.9834 -179.765 0.327497 2.94748 -80 2 -25 10 48875 1 
117.825 -20.9834 -179.765 0.327497 2.94748 -80 2 -25 10 48876 1 
117.814 -20.9834 -179.765 0.327497 2.94748 -80 2 -25 10 48877 1 
117.803 -20.9835 -179.765 0.327497 2.94748 -80 2 -25 10 48878 1 
117.792 -20.9835 -179.765 0.327497 2.94748 -80 2 -25 10 48879 1 
117.781 -20.9836 -179.765 0.327497 2.94748 -80 2 -25 10 48880 1 
117.771 -20.9836 -179.765 0.327497 2.94748 -80 2 -25 10 48881 1 
117.76 -20.9837 -179.765 0.327497 2.94748 -80 2 -25 10 48882 1 
117.749 -20.9837 -179.765 0.327497 2.94748 -80 2 -25 10 48883 1 
117.738 -20.9838 -179.765 0.327497 2.94748 -80 2 -25 10 48884 1 
117.727 -20.9838 -179.765 0.327497 2.94748 -80 2 -25 10 48885 1 
117.716 -20.9838 -179.765 0.327497 2.94748 -80 2 -25 10 48886 1 
117.705 -20.9839 -179.765 0.327497 2.94748 -80 2 -25 10 48887 1 
117.694 -20.9839 -179.765 0.327497 2.94748 -80 2 -25 10 48888 1 
117.683 -20.984 -179.765 0.327497 2.94748 -80 2 -25 10 48889 1 
117.672 -20.984 -179.765 0.327497 2.94748 -80 2 -25 10 48890 1 
117.661 -20.9841 -179.765 0.327497 2.94748 -80 2 -25 10 48891 1 
117.65 -20.9841 -179.765 0.327497 2.94748 -80 2 -25 10 48892 1 
117.639 -20.9841 -179.765 0.327497 2.94748 -80 2 -25 10 48893 1 
117.629 -20.9842 -179.765 0.327497 2.94748 -80 2 -25 10 48894 1 
117.618 -20.9842 -179.765 0.327497 2.94748 -80 2 -25 10 48895 1 
117.607 -20.9843 -179.765 0.327497 2.94748 -80 2 -25 10 48896 1 
117.596 -20.9843 -179.765 0.327497 2.94748 -80 2 -25 10 48897 1 
117.585 -20.9844 -179.765 0.327497 2.94748 -80 2 -25 10 48898 1 
117.574 -20.9844 -179.765 0.327497 2.94748 -80 2 -25 10 48899 1 
117.563 -20.9845 -179.765 0.327497 2.94748 -80 2 -25 10 48900 1 
117.552 -20.9845 -179.765 0.327497 2.94748 -80 2 -25 10 48901 1 
117.541 -20.9845 -179.765 0.327497 2.94748 -80 2 -25 10 48902 1 
117.53 -20.9846 -179.765 0.327497 2.94748 -80 2 -25 10 48903 1 
117.519 -20.9846 -179.765 0.327497 2.94748 -80 2 -25 10 48904 1 
117.508 -20.9847 -179.765 0.327497 2.94748 -80 2 -25 10 48905 1 
117.498 -20.9847 -179.765 0.327497 2.94748 -80 2 -25 10 48906 1 
117.487 -20.9848 -179.765 0.327497 2.94748 -80 2 -25 10 48907 1 
117.476 -20.9848 -179.765 0.327497 2.94748 -80 2 -25 10 48908 1 
117.465 -20.9848 -179.765 0.327497 2.94748 -80 2 -25 10 48909 1 
117.454 -20.9849 -179.765 0.327497 2.94748 -80 2 -25 10 48910 1 
117.443 -20.9849 -179.765 0.327497 2.94748 -80 2 -25 10 48911 1 
117.432 -20.985 -179.765 0.327497 2.94748 -80 2 -25 10 48912 1 
117.421 -20.985 -179.765 0.327497 2.94748 -80 2 -25 10 48913 1 
117.41 -20.9851 -179.765 0.327497 2.94748 -80 2 -25 10 48914 1 
117.399 -20.9851 -179.765 0.327497 2.94748 -80 2 -25 10 48915 1 
117.388 -20.9852 -179.765 0.327497 2.94748 -80 2 -25 10 48916 1 
117.377 -20.9852 -179.765 0.327497 2.94748 -80 2 -25 10 48917 1 
117.367 -20.9852 -179.765 0.327497 2.94748 -80 2 -25 10 48918 1 
117.356 -20.9853 -179.765 0.327497 2.94748 -80 2 -25 10 48919 1 
117.345 -20.9853 -179.765 0.327497 2.94748 -80 2 -25 10 48920 1 
117.334 -20.9854 -179.765 0.327497 2.94748 -80 2 -25 10 48921 1 
117.323 -20.9854 -179.765 0.327497 2.94748 -80 2 -25 10 48922 1 
117.312 -20.9855 -179.765 0.327497 2.94748 -80 2 -25 10 48923 1 
117.301 -20.9855 -179.765 0.327497 2.94748 -80 2 -25 10 48924 1 
117.29 -20.9856 -179.765 0.327497 2.94748 -80 2 -25 10 48925 1 
117.279 -20.9856 -179.765 0.327497 2.94748 -80 2 -25 10 48926 1 
117.268 -20.9856 -179.765 0.327497 2.94748 -80 2 -25 10 48927 1 
117.257 -20.9857 -179.765 0.327497 2.94748 -80 2 -25 10 48928 1 
117.246 -20.9857 -179.765 0.327497 2.94748 -80 2 -25 10 48929 1 
117.236 -20.9858 -179.765 0.327497 2.94748 -80 2 -25 10 48930 1 
117.225 -20.9858 -179.765 0.327497 2.94748 -80 2 -25 10 48931 1 
117.214 -20.9859 -179.765 0.327497 2.94748 -80 2 -25 10 48932 1 
117.203 -20.9859 -179.765 0.327497 2.94748 -80 2 -25 10 48933 1 
117.192 -20.9859 -179.765 0.327497 2.94748 -80 2 -25 10 48934 1 
117.181 -20.986 -179.765 0.327497 2.94748 -80 2 -25 10 48935 1 
117.17 -20.986 -179.765 0.327497 2.94748 -80 2 -25 10 48936 1 
117.159 -20.9861 -179.765 0.327497 2.94748 -80 2 -25 10 48937 1 
117.148 -20.9861 -179.765 0.327497 2.94748 -80 2 -25 10 48938 1 
117.137 -20.9862 -179.765 0.327497 2.94748 -80 2 -25 10 48939 1 
117.126 -20.9862 -179.765 0.327497 2.94748 -80 2 -25 10 48940 1 
117.115 -20.9863 -179.765 0.327497 2.94748 -80 2 -25 10 48941 1 
117.105 -20.9863 -179.765 0.327497 2.94748 -80 2 -25 10 48942 1 
117.094 -20.9863 -179.765 0.327497 2.94748 -80 2 -25 10 48943 1 
117.083 -20.9864 -179.765 0.327497 2.94748 -80 2 -25 10 48944 1 
117.072 -20.9864 -179.765 0.327497 2.94748 -80 2 -25 10 48945 1 
117.061 -20.9865 -179.765 0.327497 2.94748 -80 2 -25 10 48946 1 
117.05 -20.9865 -179.765 0.327497 2.94748 -80 2 -25 10 48947 1 
117.039 -20.9866 -179.765 0.327497 2.94748 -80 2 -25 10 48948 1 
117.028 -20.9866 -179.765 0.327497 2.94748 -80 2 -25 10 48949 1 
117.017 -20.9867 -179.765 0.327497 2.94748 -80 2 -25 10 48950 1 
117.006 -20.9867 -179.765 0.327497 2.94748 -80 2 -25 10 48951 1 
116.995 -20.9868 -179.765 0.327497 2.94748 -80 2 -25 10 48952 1 
116.984 -20.9868 -179.765 0.327497 2.94748 -80 2 -25 10 48953 1 
116.974 -20.9869 -179.765 0.327497 2.94748 -80 2 -25 10 48954 1 
116.963 -20.9869 -179.765 0.327497 2.94748 -80 2 -25 10 48955 1 
116.952 -20.9869 -179.765 0.327497 2.94748 -80 2 -25 10 48956 1 
116.941 -20.987 -179.765 0.327497 2.94748 -80 2 -25 10 48957 1 
116.93 -20.987 -179.765 0.327497 2.94748 -80 2 -25 10 48958 1 
116.919 -20.9871 -179.765 0.327497 2.94748 -80 2 -25 10 48959 1 
116.908 -20.9871 -179.765 0.327497 2.94748 -80 2 -25 10 48960 1 
116.897 -20.9872 -179.765 0.327497 2.94748 -80 2 -25 10 48961 1 
116.886 -20.9872 -179.765 0.327497 2.94748 -80 2 -25 10 48962 1 
116.875 -20.9873 -179.764 0.327497 2.94748 -80 2 -25 10 48963 1 
116.864 -20.9873 -179.764 0.327497 2.94748 -80 2 -25 10 48964 1 
116.853 -20.9874 -179.764 0.327497 2.94748 -80 2 -25 10 48965 1 
116.842 -20.9874 -179.764 0.327497 2.94748 -80 2 -25 10 48966 1 
116.832 -20.9874 -179.764 0.327497 2.94748 -80 2 -25 10 48967 1 
116.821 -20.9875 -179.764 0.327497 2.94748 -80 2 -25 10 48968 1 
116.81 -20.9875 -179.764 0.327497 2.94748 -80 2 -25 10 48969 1 
116.799 -20.9876 -179.764 0.327497 2.94748 -80 2 -25 10 48970 1 
116.788 -20.9876 -179.764 0.327497 2.94748 -80 2 -25 10 48971 1 
116.777 -20.9877 -179.764 0.327497 2.94748 -80 2 -25 10 48972 1 
116.766 -20.9877 -179.764 0.327497 2.94748 -80 2 -25 10 48973 1 
116.755 -20.9878 -179.764 0.327497 2.94748 -80 2 -25 10 48974 1 
116.744 -20.9878 -179.764 0.327497 2.94748 -80 2 -25 10 48975 1 
116.733 -20.9879 -179.764 0.327497 2.94748 -80 2 -25 10 48976 1 
116.722 -20.9879 -179.764 0.327497 2.94748 -80 2 -25 10 48977 1 
116.711 -20.9879 -179.764 0.327497 2.94748 -80 2 -25 10 48978 1 
116.701 -20.988 -179.764 0.327497 2.94748 -80 2 -25 10 48979 1 
116.69 -20.988 -179.764 0.327497 2.94748 -80 2 -25 10 48980 1 
116.679 -20.9881 -179.764 0.327497 2.94748 -80 2 -25 10 48981 1 
116.668 -20.9881 -179.764 0.327497 2.94748 -80 2 -25 10 48982 1 
116.657 -20.9882 -179.764 0.327497 2.94748 -80 2 -25 10 48983 1 
116.646 -20.9882 -179.764 0.327497 2.94748 -80 2 -25 10 48984 1 
116.635 -20.9883 -179.764 0.327497 2.94748 -80 2 -25 10 48985 1 
116.624 -20.9883 -179.764 0.327497 2.94748 -80 2 -25 10 48986 1 
116.613 -20.9884 -179.764 0.327497 2.94748 -80 2 -25 10 48987 1 
116.602 -20.9884 -179.764 0.327497 2.94748 -80 2 -25 10 48988 1 
116.591 -20.9885 -179.764 0.327497 2.94748 -80 2 -25 10 48989 1 
116.58 -20.9885 -179.764 0.327497 2.94748 -80 2 -25 10 48990 1 
116.57 -20.9885 -179.764 0.327497 2.94748 -80 2 -25 10 48991 1 
116.559 -20.9886 -179.764 0.327497 2.94748 -80 2 -25 10 48992 1 
116.548 -20.9886 -179.764 0.327497 2.94748 -80 2 -25 10 48993 1 
116.537 -20.9887 -179.764 0.327497 2.94748 -80 2 -25 10 48994 1 
116.526 -20.9887 -179.764 0.327497 2.94748 -80 2 -25 10 48995 1 
116.515 -20.9888 -179.764 0.327497 2.94748 -80 2 -25 10 48996 1 
116.504 -20.9888 -179.764 0.327497 2.94748 -80 2 -25 10 48997 1 
116.493 -20.9889 -179.764 0.327497 2.94748 -80 2 -25 10 48998 1 
116.482 -20.9889 -179.764 0.327497 2.94748 -80 2 -25 10 48999 1 
116.471 -20.989 -179.764 0.327497 2.94748 -80 2 -25 10 49000 1 
116.46 -20.989 -179.764 0.327497 2.94748 -80 2 -25 10 49001 1 
116.449 -20.989 -179.764 0.327497 2.94748 -80 2 -25 10 49002 1 
116.439 -20.9891 -179.764 0.327497 2.94748 -80 2 -25 10 49003 1 
116.428 -20.9891 -179.764 0.327497 2.94748 -80 2 -25 10 49004 1 
116.417 -20.9892 -179.764 0.327497 2.94748 -80 2 -25 10 49005 1 
116.406 -20.9892 -179.764 0.327497 2.94748 -80 2 -25 10 49006 1 
116.395 -20.9893 -179.764 0.327497 2.94748 -80 2 -25 10 49007 1 
116.384 -20.9893 -179.764 0.327497 2.94748 -80 2 -25 10 49008 1 
116.373 -20.9894 -179.764 0.327497 2.94748 -80 2 -25 10 49009 1 
116.362 -20.9894 -179.764 0.327497 2.94748 -80 2 -25 10 49010 1 
116.351 -20.9895 -179.764 0.327497 2.94748 -80 2 -25 10 49011 1 
116.34 -20.9895 -179.764 0.327497 2.94748 -80 2 -25 10 49012 1 
116.329 -20.9896 -179.764 0.327497 2.94748 -80 2 -25 10 49013 1 
116.318 -20.9896 -179.764 0.327497 2.94748 -80 2 -25 10 49014 1 
116.308 -20.9896 -179.764 0.327497 2.94748 -80 2 -25 10 49015 1 
116.297 -20.9897 -179.764 0.327497 2.94748 -80 2 -25 10 49016 1 
116.286 -20.9897 -179.764 0.327497 2.94748 -80 2 -25 10 49017 1 
116.275 -20.9898 -179.764 0.327497 2.94748 -80 2 -25 10 49018 1 
116.264 -20.9898 -179.764 0.327497 2.94748 -80 2 -25 10 49019 1 
116.253 -20.9899 -179.764 0.327497 2.94748 -80 2 -25 10 49020 1 
116.242 -20.9899 -179.764 0.327497 2.94748 -80 2 -25 10 49021 1 
116.231 -20.99 -179.764 0.327497 2.94748 -80 2 -25 10 49022 1 
116.22 -20.99 -179.764 0.327497 2.94748 -80 2 -25 10 49023 1 
116.209 -20.9901 -179.764 0.327497 2.94748 -80 2 -25 10 49024 1 
116.198 -20.9901 -179.764 0.327497 2.94748 -80 2 -25 10 49025 1 
116.187 -20.9901 -179.764 0.327497 2.94748 -80 2 -25 10 49026 1 
116.177 -20.9902 -179.764 0.327497 2.94748 -80 2 -25 10 49027 1 
116.166 -20.9902 -179.764 0.327497 2.94748 -80 2 -25 10 49028 1 
116.155 -20.9903 -179.764 0.327497 2.94748 -80 2 -25 10 49029 1 
116.144 -20.9903 -179.764 0.327497 2.94748 -80 2 -25 10 49030 1 
116.133 -20.9904 -179.764 0.327497 2.94748 -80 2 -25 10 49031 1 
116.122 -20.9904 -179.764 0.327497 2.94748 -80 2 -25 10 49032 1 
116.111 -20.9905 -179.764 0.327497 2.94748 -80 2 -25 10 49033 1 
116.1 -20.9905 -179.764 0.327497 2.94748 -80 2 -25 10 49034 1 
116.089 -20.9906 -179.764 0.327497 2.94748 -80 2 -25 10 49035 1 
116.078 -20.9906 -179.764 0.327497 2.94748 -80 2 -25 10 49036 1 
116.067 -20.9907 -179.764 0.327497 2.94748 -80 2 -25 10 49037 1 
116.056 -20.9907 -179.764 0.327497 2.94748 -80 2 -25 10 49038 1 
116.046 -20.9907 -179.764 0.327497 2.94748 -80 2 -25 10 49039 1 
116.035 -20.9908 -179.764 0.327497 2.94748 -80 2 -25 10 49040 1 
116.024 -20.9908 -179.764 0.327497 2.94748 -80 2 -25 10 49041 1 
116.013 -20.9909 -179.764 0.327497 2.94748 -80 2 -25 10 49042 1 
116.002 -20.9909 -179.764 0.327497 2.94748 -80 2 -25 10 49043 1 
115.991 -20.991 -179.764 0.327497 2.94748 -80 2 -25 10 49044 1 
115.98 -20.991 -179.764 0.327497 2.94748 -80 2 -25 10 49045 1 
115.969 -20.9911 -179.764 0.327497 2.94748 -80 2 -25 10 49046 1 
115.958 -20.9911 -179.764 0.327497 2.94748 -80 2 -25 10 49047 1 
115.947 -20.9912 -179.764 0.327497 2.94748 -80 2 -25 10 49048 1 
115.936 -20.9912 -179.764 0.327497 2.94748 -80 2 -25 10 49049 1 
115.925 -20.9912 -179.764 0.327497 2.94748 -80 2 -25 10 49050 1 
115.914 -20.9913 -179.764 0.327497 2.94748 -80 2 -25 10 49051 1 
115.904 -20.9913 -179.764 0.327497 2.94748 -80 2 -25 10 49052 1 
115.893 -20.9914 -179.764 0.327497 2.94748 -80 2 -25 10 49053 1 
115.882 -20.9914 -179.764 0.327497 2.94748 -80 2 -25 10 49054 1 
115.871 -20.9915 -179.764 0.327497 2.94748 -80 2 -25 10 49055 1 
115.86 -20.9915 -179.764 0.327497 2.94748 -80 2 -25 10 49056 1 
115.849 -20.9916 -179.764 0.327497 2.94748 -80 2 -25 10 49057 1 
115.838 -20.9916 -179.764 0.327497 2.94748 -80 2 -25 10 49058 1 
115.827 -20.9917 -179.763 0.327497 2.94748 -80 2 -25 10 49059 1 
115.816 -20.9917 -179.763 0.327497 2.94748 -80 2 -25 10 49060 1 
115.805 -20.9917 -179.763 0.327497 2.94748 -80 2 -25 10 49061 1 
115.794 -20.9918 -179.763 0.327497 2.94748 -80 2 -25 10 49062 1 
115.783 -20.9918 -179.763 0.327497 2.94748 -80 2 -25 10 49063 1 
115.773 -20.9919 -179.763 0.327497 2.94748 -80 2 -25 10 49064 1 
115.762 -20.9919 -179.763 0.327497 2.94748 -80 2 -25 10 49065 1 
115.751 -20.992 -179.763 0.327497 2.94748 -80 2 -25 10 49066 1 
115.74 -20.992 -179.763 0.327497 2.94748 -80 2 -25 10 49067 1 
115.729 -20.9921 -179.763 0.327497 2.94748 -80 2 -25 10 49068 1 
115.718 -20.9921 -179.763 0.327497 2.94748 -80 2 -25 10 49069 1 
115.707 -20.9922 -179.763 0.327497 2.94748 -80 2 -25 10 49070 1 
115.696 -20.9922 -179.763 0.327497 2.94748 -80 2 -25 10 49071 1 
115.685 -20.9923 -179.763 0.327497 2.94748 -80 2 -25 10 49072 1 
115.674 -20.9923 -179.763 0.327497 2.94748 -80 2 -25 10 49073 1 
115.663 -20.9923 -179.763 0.327497 2.94748 -80 2 -25 10 49074 1 
115.652 -20.9924 -179.763 0.327497 2.94748 -80 2 -25 10 49075 1 
115.642 -20.9924 -179.763 0.327497 2.94748 -80 2 -25 10 49076 1 
115.631 -20.9925 -179.763 0.327497 2.94748 -80 2 -25 10 49077 1 
115.62 -20.9925 -179.763 0.327497 2.94748 -80 2 -25 10 49078 1 
115.609 -20.9926 -179.763 0.327497 2.94748 -80 2 -25 10 49079 1 
115.598 -20.9926 -179.763 0.327497 2.94748 -80 2 -25 10 49080 1 
115.587 -20.9927 -179.763 0.327497 2.94748 -80 2 -25 10 49081 1 
115.576 -20.9927 -179.763 0.327497 2.94748 -80 2 -25 10 49082 1 
115.565 -20.9928 -179.763 0.327497 2.94748 -80 2 -25 10 49083 1 
115.554 -20.9928 -179.763 0.327497 2.94748 -80 2 -25 10 49084 1 
115.543 -20.9928 -179.763 0.327497 2.94748 -80 2 -25 10 49085 1 
115.532 -20.9929 -179.763 0.327497 2.94748 -80 2 -25 10 49086 1 
115.521 -20.9929 -179.763 0.327497 2.94748 -80 2 -25 10 49087 1 
115.511 -20.993 -179.763 0.327497 2.94748 -80 2 -25 10 49088 1 
115.5 -20.993 -179.763 0.327497 2.94748 -80 2 -25 10 49089 1 
115.489 -20.9931 -179.763 0.327497 2.94748 -80 2 -25 10 49090 1 
115.478 -20.9931 -179.763 0.327497 2.94748 -80 2 -25 10 49091 1 
115.467 -20.9932 -179.763 0.327497 2.94748 -80 2 -25 10 49092 1 
115.456 -20.9932 -179.763 0.327497 2.94748 -80 2 -25 10 49093 1 
115.445 -20.9933 -179.763 0.327497 2.94748 -80 2 -25 10 49094 1 
115.434 -20.9933 -179.763 0.327497 2.94748 -80 2 -25 10 49095 1 
115.423 -20.9934 -179.763 0.327497 2.94748 -80 2 -25 10 49096 1 
115.412 -20.9934 -179.763 0.327497 2.94748 -80 2 -25 10 49097 1 
115.401 -20.9934 -179.763 0.327497 2.94748 -80 2 -25 10 49098 1 
115.39 -20.9935 -179.763 0.327497 2.94748 -80 2 -25 10 49099 1 
115.38 -20.9935 -179.763 0.327497 2.94748 -80 2 -25 10 49100 1 
115.369 -20.9936 -179.763 0.327497 2.94748 -80 2 -25 10 49101 1 
115.358 -20.9936 -179.763 0.327497 2.94748 -80 2 -25 10 49102 1 
115.347 -20.9937 -179.763 0.327497 2.94748 -80 2 -25 10 49103 1 
115.336 -20.9937 -179.763 0.327497 2.94748 -80 2 -25 10 49104 1 
115.325 -20.9938 -179.763 0.327497 2.94748 -80 2 -25 10 49105 1 
115.314 -20.9938 -179.763 0.327497 2.94748 -80 2 -25 10 49106 1 
115.303 -20.9939 -179.763 0.327497 2.94748 -80 2 -25 10 49107 1 
115.292 -20.9939 -179.763 0.327497 2.94748 -80 2 -25 10 49108 1 
115.281 -20.9939 -179.763 0.327497 2.94748 -80 2 -25 10 49109 1 
115.27 -20.994 -179.763 0.327497 2.94748 -80 2 -25 10 49110 1 
115.259 -20.994 -179.763 0.327497 2.94748 -80 2 -25 10 49111 1 
115.249 -20.9941 -179.763 0.327497 2.94748 -80 2 -25 10 49112 1 
115.238 -20.9941 -179.763 0.327497 2.94748 -80 2 -25 10 49113 1 
115.227 -20.9942 -179.763 0.327497 2.94748 -80 2 -25 10 49114 1 
115.216 -20.9942 -179.763 0.327497 2.94748 -80 2 -25 10 49115 1 
115.205 -20.9943 -179.763 0.327497 2.94748 -80 2 -25 10 49116 1 
115.194 -20.9943 -179.763 0.327497 2.94748 -80 2 -25 10 49117 1 
115.183 -20.9944 -179.763 0.327497 2.94748 -80 2 -25 10 49118 1 
115.172 -20.9944 -179.763 0.327497 2.94748 -80 2 -25 10 49119 1 
115.161 -20.9944 -179.763 0.327497 2.94748 -80 2 -25 10 49120 1 
115.15 -20.9945 -179.763 0.327497 2.94748 -80 2 -25 10 49121 1 
115.139 -20.9945 -179.763 0.327497 2.94748 -80 2 -25 10 49122 1 
115.128 -20.9946 -179.763 0.327497 2.94748 -80 2 -25 10 49123 1 
115.118 -20.9946 -179.763 0.327497 2.94748 -80 2 -25 10 49124 1 
115.107 -20.9947 -179.763 0.327497 2.94748 -80 2 -25 10 49125 1 
115.096 -20.9947 -179.763 0.327497 2.94748 -80 2 -25 10 49126 1 
115.085 -20.9948 -179.763 0.327497 2.94748 -80 2 -25 10 49127 1 
115.074 -20.9948 -179.763 0.327497 2.94748 -80 2 -25 10 49128 1 
115.063 -20.9949 -179.763 0.327497 2.94748 -80 2 -25 10 49129 1 
115.052 -20.9949 -179.763 0.327497 2.94748 -80 2 -25 10 49130 1 
115.041 -20.995 -179.763 0.327497 2.94748 -80 2 -25 10 49131 1 
115.03 -20.995 -179.763 0.327497 2.94748 -80 2 -25 10 49132 1 
115.019 -20.995 -179.763 0.327497 2.94748 -80 2 -25 10 49133 1 
115.008 -20.9951 -179.763 0.327497 2.94748 -80 2 -25 10 49134 1 
114.997 -20.9951 -179.763 0.327497 2.94748 -80 2 -25 10 49135 1 
114.986 -20.9952 -179.763 0.327497 2.94748 -80 2 -25 10 49136 1 
114.976 -20.9952 -179.763 0.327497 2.94748 -80 2 -25 10 49137 1 
114.965 -20.9953 -179.763 0.327497 2.94748 -80 2 -25 10 49138 1 
114.954 -20.9953 -179.763 0.327497 2.94748 -80 2 -25 10 49139 1 
114.943 -20.9954 -179.763 0.327497 2.94748 -80 2 -25 10 49140 1 
114.932 -20.9954 -179.763 0.327497 2.94748 -80 2 -25 10 49141 1 
114.921 -20.9955 -179.763 0.327497 2.94748 -80 2 -25 10 49142 1 
114.91 -20.9955 -179.763 0.327497 2.94748 -80 2 -25 10 49143 1 
114.899 -20.9955 -179.763 0.327497 2.94748 -80 2 -25 10 49144 1 
114.888 -20.9956 -179.763 0.327497 2.94748 -80 2 -25 10 49145 1 
114.877 -20.9956 -179.763 0.327497 2.94748 -80 2 -25 10 49146 1 
114.866 -20.9957 -179.763 0.327497 2.94748 -80 2 -25 10 49147 1 
114.855 -20.9957 -179.763 0.327497 2.94748 -80 2 -25 10 49148 1 
114.845 -20.9958 -179.763 0.327497 2.94748 -80 2 -25 10 49149 1 
114.834 -20.9958 -179.763 0.327497 2.94748 -80 2 -25 10 49150 1 
114.823 -20.9959 -179.762 0.327497 2.94748 -80 2 -25 10 49151 1 
114.812 -20.9959 -179.762 0.327497 2.94748 -80 2 -25 10 49152 1 
114.801 -20.996 -179.762 0.327497 2.94748 -80 2 -25 10 49153 1 
114.79 -20.996 -179.762 0.327497 2.94748 -80 2 -25 10 49154 1 
114.779 -20.9961 -179.762 0.327497 2.94748 -80 2 -25 10 49155 1 
114.768 -20.9961 -179.762 0.327497 2.94748 -80 2 -25 10 49156 1 
114.757 -20.9961 -179.762 0.327497 2.94748 -80 2 -25 10 49157 1 
114.746 -20.9962 -179.762 0.327497 2.94748 -80 2 -25 10 49158 1 
114.735 -20.9962 -179.762 0.327497 2.94748 -80 2 -25 10 49159 1 
114.724 -20.9963 -179.762 0.327497 2.94748 -80 2 -25 10 49160 1 
114.714 -20.9963 -179.762 0.327497 2.94748 -80 2 -25 10 49161 1 
114.703 -20.9964 -179.762 0.327497 2.94748 -80 2 -25 10 49162 1 
114.692 -20.9964 -179.762 0.327497 2.94748 -80 2 -25 10 49163 1 
114.681 -20.9965 -179.762 0.327497 2.94748 -80 2 -25 10 49164 1 
114.67 -20.9965 -179.762 0.327497 2.94748 -80 2 -25 10 49165 1 
114.659 -20.9966 -179.762 0.327497 2.94748 -80 2 -25 10 49166 1 
114.648 -20.9966 -179.762 0.327497 2.94748 -80 2 -25 10 49167 1 
114.637 -20.9966 -179.762 0.327497 2.94748 -80 2 -25 10 49168 1 
114.626 -20.9967 -179.762 0.327497 2.94748 -80 2 -25 10 49169 1 
114.615 -20.9967 -179.762 0.327497 2.94748 -80 2 -25 10 49170 1 
114.604 -20.9968 -179.762 0.327497 2.94748 -80 2 -25 10 49171 1 
114.593 -20.9968 -179.762 0.327497 2.94748 -80 2 -25 10 49172 1 
114.583 -20.9969 -179.762 0.327497 2.94748 -80 2 -25 10 49173 1 
114.572 -20.9969 -179.762 0.327497 2.94748 -80 2 -25 10 49174 1 
114.561 -20.997 -179.762 0.327497 2.94748 -80 2 -25 10 49175 1 
114.55 -20.997 -179.762 0.327497 2.94748 -80 2 -25 10 49176 1 
114.539 -20.9971 -179.762 0.327497 2.94748 -80 2 -25 10 49177 1 
114.528 -20.9971 -179.762 0.327497 2.94748 -80 2 -25 10 49178 1 
114.517 -20.9972 -179.762 0.327497 2.94748 -80 2 -25 10 49179 1 
114.506 -20.9972 -179.762 0.327497 2.94748 -80 2 -25 10 49180 1 
114.495 -20.9972 -179.762 0.327497 2.94748 -80 2 -25 10 49181 1 
114.484 -20.9973 -179.762 0.327497 2.94748 -80 2 -25 10 49182 1 
114.473 -20.9973 -179.762 0.327497 2.94748 -80 2 -25 10 49183 1 
114.462 -20.9974 -179.762 0.327497 2.94748 -80 2 -25 10 49184 1 
114.452 -20.9974 -179.762 0.327497 2.94748 -80 2 -25 10 49185 1 
114.441 -20.9975 -179.762 0.327497 2.94748 -80 2 -25 10 49186 1 
114.43 -20.9975 -179.762 0.327497 2.94748 -80 2 -25 10 49187 1 
114.419 -20.9976 -179.762 0.327497 2.94748 -80 2 -25 10 49188 1 
114.408 -20.9976 -179.762 0.327497 2.94748 -80 2 -25 10 49189 1 
114.397 -20.9977 -179.762 0.327497 2.94748 -80 2 -25 10 49190 1 
114.386 -20.9977 -179.762 0.327497 2.94748 -80 2 -25 10 49191 1 
114.375 -20.9977 -179.762 0.327497 2.94748 -80 2 -25 10 49192 1 
114.364 -20.9978 -179.762 0.327497 2.94748 -80 2 -25 10 49193 1 
114.353 -20.9978 -179.762 0.327497 2.94748 -80 2 -25 10 49194 1 
114.342 -20.9979 -179.762 0.327497 2.94748 -80 2 -25 10 49195 1 
114.331 -20.9979 -179.762 0.327497 2.94748 -80 2 -25 10 49196 1 
114.321 -20.998 -179.762 0.327497 2.94748 -80 2 -25 10 49197 1 
114.31 -20.998 -179.762 0.327497 2.94748 -80 2 -25 10 49198 1 
114.299 -20.9981 -179.762 0.327497 2.94748 -80 2 -25 10 49199 1 
114.288 -20.9981 -179.762 0.327497 2.94748 -80 2 -25 10 49200 1 
114.277 -20.9982 -179.762 0.327497 2.94748 -80 2 -25 10 49201 1 
114.266 -20.9982 -179.762 0.327497 2.94748 -80 2 -25 10 49202 1 
114.255 -20.9982 -179.762 0.327497 2.94748 -80 2 -25 10 49203 1 
114.244 -20.9983 -179.762 0.327497 2.94748 -80 2 -25 10 49204 1 
114.233 -20.9983 -179.762 0.327497 2.94748 -80 2 -25 10 49205 1 
114.222 -20.9984 -179.762 0.327497 2.94748 -80 2 -25 10 49206 1 
114.211 -20.9984 -179.762 0.327497 2.94748 -80 2 -25 10 49207 1 
114.2 -20.9985 -179.762 0.327497 2.94748 -80 2 -25 10 49208 1 
114.19 -20.9985 -179.762 0.327497 2.94748 -80 2 -25 10 49209 1 
114.179 -20.9986 -179.762 0.327497 2.94748 -80 2 -25 10 49210 1 
114.168 -20.9986 -179.762 0.327497 2.94748 -80 2 -25 10 49211 1 
114.157 -20.9987 -179.762 0.327497 2.94748 -80 2 -25 10 49212 1 
114.146 -20.9987 -179.762 0.327497 2.94748 -80 2 -25 10 49213 1 
114.135 -20.9988 -179.762 0.327497 2.94748 -80 2 -25 10 49214 1 
114.124 -20.9988 -179.762 0.327497 2.94748 -80 2 -25 10 49215 1 
114.113 -20.9988 -179.762 0.327497 2.94748 -80 2 -25 10 49216 1 
114.102 -20.9989 -179.762 0.327497 2.94748 -80 2 -25 10 49217 1 
114.091 -20.9989 -179.762 0.327497 2.94748 -80 2 -25 10 49218 1 
114.08 -20.999 -179.762 0.327497 2.94748 -80 2 -25 10 49219 1 
114.069 -20.999 -179.762 0.327497 2.94748 -80 2 -25 10 49220 1 
114.058 -20.9991 -179.762 0.327497 2.94748 -80 2 -25 10 49221 1 
114.048 -20.9991 -179.762 0.327497 2.94748 -80 2 -25 10 49222 1 
114.037 -20.9992 -179.762 0.327497 2.94748 -80 2 -25 10 49223 1 
114.026 -20.9992 -179.762 0.327497 2.94748 -80 2 -25 10 49224 1 
114.015 -20.9993 -179.762 0.327497 2.94748 -80 2 -25 10 49225 1 
114.004 -20.9993 -179.762 0.327497 2.94748 -80 2 -25 10 49226 1 
113.993 -20.9993 -179.762 0.327497 2.94748 -80 2 -25 10 49227 1 
113.982 -20.9994 -179.762 0.327497 2.94748 -80 2 -25 10 49228 1 
113.971 -20.9994 -179.762 0.327497 2.94748 -80 2 -25 10 49229 1 
113.96 -20.9995 -179.762 0.327497 2.94748 -80 2 -25 10 49230 1 
113.949 -20.9995 -179.762 0.327497 2.94748 -80 2 -25 10 49231 1 
113.938 -20.9996 -179.762 0.327497 2.94748 -80 2 -25 10 49232 1 
113.927 -20.9996 -179.762 0.327497 2.94748 -80 2 -25 10 49233 1 
113.917 -20.9997 -179.762 0.327497 2.94748 -80 2 -25 10 49234 1 
113.906 -20.9997 -179.762 0.327497 2.94748 -80 2 -25 10 49235 1 
113.895 -20.9998 -179.762 0.327497 2.94748 -80 2 -25 10 49236 1 
113.884 -20.9998 -179.762 0.327497 2.94748 -80 2 -25 10 49237 1 
113.873 -20.9999 -179.762 0.327497 2.94748 -80 2 -25 10 49238 1 
113.862 -20.9999 -179.762 0.327497 2.94748 -80 2 -25 10 49239 1 
113.851 -20.9999 -179.762 0.327497 2.94748 -80 2 -25 10 49240 1 
113.84 -21 -179.762 0.327497 2.94748 -80 2 -25 10 49241 1 
113.829 -21 -179.762 0.327497 2.94748 -80 2 -25 10 49242 1 
113.818 -21.0001 -179.762 0.327497 2.94748 -80 2 -25 10 49243 1 
113.807 -21.0001 -179.762 0.327497 2.94748 -80 2 -25 10 49244 1 
113.796 -21.0002 -179.761 0.327497 2.94748 -80 2 -25 10 49245 1 
113.786 -21.0002 -179.761 0.327497 2.94748 -80 2 -25 10 49246 1 
113.775 -21.0003 -179.761 0.327497 2.94748 -80 2 -25 10 49247 1 
113.764 -21.0003 -179.761 0.327497 2.94748 -80 2 -25 10 49248 1 
113.753 -21.0004 -179.761 0.327497 2.94748 -80 2 -25 10 49249 1 
113.742 -21.0004 -179.761 0.327497 2.94748 -80 2 -25 10 49250 1 
113.731 -21.0004 -179.761 0.327497 2.94748 -80 2 -25 10 49251 1 
113.72 -21.0005 -179.761 0.327497 2.94748 -80 2 -25 10 49252 1 
113.709 -21.0005 -179.761 0.327497 2.94748 -80 2 -25 10 49253 1 
113.698 -21.0006 -179.761 0.327497 2.94748 -80 2 -25 10 49254 1 
113.687 -21.0006 -179.761 0.327497 2.94748 -80 2 -25 10 49255 1 
113.676 -21.0007 -179.761 0.327497 2.94748 -80 2 -25 10 49256 1 
113.665 -21.0007 -179.761 0.327497 2.94748 -80 2 -25 10 49257 1 
113.655 -21.0008 -179.761 0.327497 2.94748 -80 2 -25 10 49258 1 
113.644 -21.0008 -179.761 0.327497 2.94748 -80 2 -25 10 49259 1 
113.633 -21.0009 -179.761 0.327497 2.94748 -80 2 -25 10 49260 1 
113.622 -21.0009 -179.761 0.327497 2.94748 -80 2 -25 10 49261 1 
113.611 -21.0009 -179.761 0.327497 2.94748 -80 2 -25 10 49262 1 
113.6 -21.001 -179.761 0.327497 2.94748 -80 2 -25 10 49263 1 
113.589 -21.001 -179.761 0.327497 2.94748 -80 2 -25 10 49264 1 
113.578 -21.0011 -179.761 0.327497 2.94748 -80 2 -25 10 49265 1 
113.567 -21.0011 -179.761 0.327497 2.94748 -80 2 -25 10 49266 1 
113.556 -21.0012 -179.761 0.327497 2.94748 -80 2 -25 10 49267 1 
113.545 -21.0012 -179.761 0.327497 2.94748 -80 2 -25 10 49268 1 
113.534 -21.0013 -179.761 0.327497 2.94748 -80 2 -25 10 49269 1 
113.524 -21.0013 -179.761 0.327497 2.94748 -80 2 -25 10 49270 1 
113.513 -21.0014 -179.761 0.327497 2.94748 -80 2 -25 10 49271 1 
113.502 -21.0014 -179.761 0.327497 2.94748 -80 2 -25 10 49272 1 
113.491 -21.0015 -179.761 0.327497 2.94748 -80 2 -25 10 49273 1 
113.48 -21.0015 -179.761 0.327497 2.94748 -80 2 -25 10 49274 1 
113.469 -21.0015 -179.761 0.327497 2.94748 -80 2 -25 10 49275 1 
113.458 -21.0016 -179.761 0.327497 2.94748 -80 2 -25 10 49276 1 
113.447 -21.0016 -179.761 0.327497 2.94748 -80 2 -25 10 49277 1 
113.436 -21.0017 -179.761 0.327497 2.94748 -80 2 -25 10 49278 1 
113.425 -21.0017 -179.761 0.327497 2.94748 -80 2 -25 10 49279 1 
113.414 -21.0018 -179.761 0.327497 2.94748 -80 2 -25 10 49280 1 
113.403 -21.0018 -179.761 0.327497 2.94748 -80 2 -25 10 49281 1 
113.393 -21.0019 -179.761 0.327497 2.94748 -80 2 -25 10 49282 1 
113.382 -21.0019 -179.761 0.327497 2.94748 -80 2 -25 10 49283 1 
113.371 -21.002 -179.761 0.327497 2.94748 -80 2 -25 10 49284 1 
113.36 -21.002 -179.761 0.327497 2.94748 -80 2 -25 10 49285 1 
113.349 -21.002 -179.761 0.327497 2.94748 -80 2 -25 10 49286 1 
113.338 -21.0021 -179.761 0.327497 2.94748 -80 2 -25 10 49287 1 
113.327 -21.0021 -179.761 0.327497 2.94748 -80 2 -25 10 49288 1 
113.316 -21.0022 -179.761 0.327497 2.94748 -80 2 -25 10 49289 1 
113.305 -21.0022 -179.761 0.327497 2.94748 -80 2 -25 10 49290 1 
113.294 -21.0023 -179.761 0.327497 2.94748 -80 2 -25 10 49291 1 
113.283 -21.0023 -179.761 0.327497 2.94748 -80 2 -25 10 49292 1 
113.272 -21.0024 -179.761 0.327497 2.94748 -80 2 -25 10 49293 1 
113.262 -21.0024 -179.761 0.327497 2.94748 -80 2 -25 10 49294 1 
113.251 -21.0025 -179.761 0.327497 2.94748 -80 2 -25 10 49295 1 
113.24 -21.0025 -179.761 0.327497 2.94748 -80 2 -25 10 49296 1 
113.229 -21.0026 -179.761 0.327497 2.94748 -80 2 -25 10 49297 1 
113.218 -21.0026 -179.761 0.327497 2.94748 -80 2 -25 10 49298 1 
113.207 -21.0026 -179.761 0.327497 2.94748 -80 2 -25 10 49299 1 
113.196 -21.0027 -179.761 0.327497 2.94748 -80 2 -25 10 49300 1 
113.185 -21.0027 -179.761 0.327497 2.94748 -80 2 -25 10 49301 1 
113.174 -21.0028 -179.761 0.327497 2.94748 -80 2 -25 10 49302 1 
113.163 -21.0028 -179.761 0.327497 2.94748 -80 2 -25 10 49303 1 
113.152 -21.0029 -179.761 0.327497 2.94748 -80 2 -25 10 49304 1 
113.141 -21.0029 -179.761 0.327497 2.94748 -80 2 -25 10 49305 1 
113.13 -21.003 -179.761 0.327497 2.94748 -80 2 -25 10 49306 1 
113.12 -21.003 -179.761 0.327497 2.94748 -80 2 -25 10 49307 1 
113.109 -21.0031 -179.761 0.327497 2.94748 -80 2 -25 10 49308 1 
113.098 -21.0031 -179.761 0.327497 2.94748 -80 2 -25 10 49309 1 
113.087 -21.0031 -179.761 0.327497 2.94748 -80 2 -25 10 49310 1 
113.076 -21.0032 -179.761 0.327497 2.94748 -80 2 -25 10 49311 1 
113.065 -21.0032 -179.761 0.327497 2.94748 -80 2 -25 10 49312 1 
113.054 -21.0033 -179.761 0.327497 2.94748 -80 2 -25 10 49313 1 
113.043 -21.0033 -179.761 0.327497 2.94748 -80 2 -25 10 49314 1 
113.032 -21.0034 -179.761 0.327497 2.94748 -80 2 -25 10 49315 1 
113.021 -21.0034 -179.761 0.327497 2.94748 -80 2 -25 10 49316 1 
113.01 -21.0035 -179.761 0.327497 2.94748 -80 2 -25 10 49317 1 
112.999 -21.0035 -179.761 0.327497 2.94748 -80 2 -25 10 49318 1 
112.989 -21.0036 -179.761 0.327497 2.94748 -80 2 -25 10 49319 1 
112.978 -21.0036 -179.761 0.327497 2.94748 -80 2 -25 10 49320 1 
112.967 -21.0037 -179.761 0.327497 2.94748 -80 2 -25 10 49321 1 
112.956 -21.0037 -179.761 0.327497 2.94748 -80 2 -25 10 49322 1 
112.945 -21.0037 -179.761 0.327497 2.94748 -80 2 -25 10 49323 1 
112.934 -21.0038 -179.761 0.327497 2.94748 -80 2 -25 10 49324 1 
112.923 -21.0038 -179.761 0.327497 2.94748 -80 2 -25 10 49325 1 
112.912 -21.0039 -179.761 0.327497 2.94748 -80 2 -25 10 49326 1 
112.901 -21.0039 -179.761 0.327497 2.94748 -80 2 -25 10 49327 1 
112.89 -21.004 -179.761 0.327497 2.94748 -80 2 -25 10 49328 1 
112.879 -21.004 -179.761 0.327497 2.94748 -80 2 -25 10 49329 1 
112.868 -21.0041 -179.761 0.327497 2.94748 -80 2 -25 10 49330 1 
112.858 -21.0041 -179.761 0.327497 2.94748 -80 2 -25 10 49331 1 
112.847 -21.0042 -179.761 0.327497 2.94748 -80 2 -25 10 49332 1 
112.836 -21.0042 -179.761 0.327497 2.94748 -80 2 -25 10 49333 1 
112.825 -21.0042 -179.761 0.327497 2.94748 -80 2 -25 10 49334 1 
112.814 -21.0043 -179.76 0.327497 2.94748 -80 2 -25 10 49335 1 
112.803 -21.0043 -179.76 0.327497 2.94748 -80 2 -25 10 49336 1 
112.792 -21.0044 -179.76 0.327497 2.94748 -80 2 -25 10 49337 1 
112.781 -21.0044 -179.76 0.327497 2.94748 -80 2 -25 10 49338 1 
112.77 -21.0045 -179.76 0.327497 2.94748 -80 2 -25 10 49339 1 
112.759 -21.0045 -179.76 0.327497 2.94748 -80 2 -25 10 49340 1 
112.748 -21.0046 -179.76 0.327497 2.94748 -80 2 -25 10 49341 1 
112.737 -21.0046 -179.76 0.327497 2.94748 -80 2 -25 10 49342 1 
112.727 -21.0047 -179.76 0.327497 2.94748 -80 2 -25 10 49343 1 
112.716 -21.0047 -179.76 0.327497 2.94748 -80 2 -25 10 49344 1 
112.705 -21.0047 -179.76 0.327497 2.94748 -80 2 -25 10 49345 1 
112.694 -21.0048 -179.76 0.327497 2.94748 -80 2 -25 10 49346 1 
112.683 -21.0048 -179.76 0.327497 2.94748 -80 2 -25 10 49347 1 
112.672 -21.0049 -179.76 0.327497 2.94748 -80 2 -25 10 49348 1 
112.661 -21.0049 -179.76 0.327497 2.94748 -80 2 -25 10 49349 1 
112.65 -21.005 -179.76 0.327497 2.94748 -80 2 -25 10 49350 1 
112.639 -21.005 -179.76 0.327497 2.94748 -80 2 -25 10 49351 1 
112.628 -21.0051 -179.76 0.327497 2.94748 -80 2 -25 10 49352 1 
112.617 -21.0051 -179.76 0.327497 2.94748 -80 2 -25 10 49353 1 
112.606 -21.0052 -179.76 0.327497 2.94748 -80 2 -25 10 49354 1 
112.596 -21.0052 -179.76 0.327497 2.94748 -80 2 -25 10 49355 1 
112.585 -21.0053 -179.76 0.327497 2.94748 -80 2 -25 10 49356 1 
112.574 -21.0053 -179.76 0.327497 2.94748 -80 2 -25 10 49357 1 
112.563 -21.0053 -179.76 0.327497 2.94748 -80 2 -25 10 49358 1 
112.552 -21.0054 -179.76 0.327497 2.94748 -80 2 -25 10 49359 1 
112.541 -21.0054 -179.76 0.327497 2.94748 -80 2 -25 10 49360 1 
112.53 -21.0055 -179.76 0.327497 2.94748 -80 2 -25 10 49361 1 
112.519 -21.0055 -179.76 0.327497 2.94748 -80 2 -25 10 49362 1 
112.508 -21.0056 -179.76 0.327497 2.94748 -80 2 -25 10 49363 1 
112.497 -21.0056 -179.76 0.327497 2.94748 -80 2 -25 10 49364 1 
112.486 -21.0057 -179.76 0.327497 2.94748 -80 2 -25 10 49365 1 
112.475 -21.0057 -179.76 0.327497 2.94748 -80 2 -25 10 49366 1 
112.465 -21.0058 -179.76 0.327497 2.94748 -80 2 -25 10 49367 1 
112.454 -21.0058 -179.76 0.327497 2.94748 -80 2 -25 10 49368 1 
112.443 -21.0058 -179.76 0.327497 2.94748 -80 2 -25 10 49369 1 
112.432 -21.0059 -179.76 0.327497 2.94748 -80 2 -25 10 49370 1 
112.421 -21.0059 -179.76 0.327497 2.94748 -80 2 -25 10 49371 1 
112.41 -21.006 -179.76 0.327497 2.94748 -80 2 -25 10 49372 1 
112.399 -21.006 -179.76 0.327497 2.94748 -80 2 -25 10 49373 1 
112.388 -21.0061 -179.76 0.327497 2.94748 -80 2 -25 10 49374 1 
112.377 -21.0061 -179.76 0.327497 2.94748 -80 2 -25 10 49375 1 
112.366 -21.0062 -179.76 0.327497 2.94748 -80 2 -25 10 49376 1 
112.355 -21.0062 -179.76 0.327497 2.94748 -80 2 -25 10 49377 1 
112.344 -21.0063 -179.76 0.327497 2.94748 -80 2 -25 10 49378 1 
112.334 -21.0063 -179.76 0.327497 2.94748 -80 2 -25 10 49379 1 
112.323 -21.0064 -179.76 0.327497 2.94748 -80 2 -25 10 49380 1 
112.312 -21.0064 -179.76 0.327497 2.94748 -80 2 -25 10 49381 1 
112.301 -21.0064 -179.76 0.327497 2.94748 -80 2 -25 10 49382 1 
112.29 -21.0065 -179.76 0.327497 2.94748 -80 2 -25 10 49383 1 
112.279 -21.0065 -179.76 0.327497 2.94748 -80 2 -25 10 49384 1 
112.268 -21.0066 -179.76 0.327497 2.94748 -80 2 -25 10 49385 1 
112.257 -21.0066 -179.76 0.327497 2.94748 -80 2 -25 10 49386 1 
112.246 -21.0067 -179.76 0.327497 2.94748 -80 2 -25 10 49387 1 
112.235 -21.0067 -179.76 0.327497 2.94748 -80 2 -25 10 49388 1 
112.224 -21.0068 -179.76 0.327497 2.94748 -80 2 -25 10 49389 1 
112.213 -21.0068 -179.76 0.327497 2.94748 -80 2 -25 10 49390 1 
112.202 -21.0069 -179.76 0.327497 2.94748 -80 2 -25 10 49391 1 
112.192 -21.0069 -179.76 0.327497 2.94748 -80 2 -25 10 49392 1 
112.181 -21.0069 -179.76 0.327497 2.94748 -80 2 -25 10 49393 1 
112.17 -21.007 -179.76 0.327497 2.94748 -80 2 -25 10 49394 1 
112.159 -21.007 -179.76 0.327497 2.94748 -80 2 -25 10 49395 1 
112.148 -21.0071 -179.76 0.327497 2.94748 -80 2 -25 10 49396 1 
112.137 -21.0071 -179.76 0.327497 2.94748 -80 2 -25 10 49397 1 
112.126 -21.0072 -179.76 0.327497 2.94748 -80 2 -25 10 49398 1 
112.115 -21.0072 -179.76 0.327497 2.94748 -80 2 -25 10 49399 1 
112.104 -21.0073 -179.76 0.327497 2.94748 -80 2 -25 10 49400 1 
112.093 -21.0073 -179.76 0.327497 2.94748 -80 2 -25 10 49401 1 
112.082 -21.0074 -179.76 0.327497 2.94748 -80 2 -25 10 49402 1 
112.071 -21.0074 -179.76 0.327497 2.94748 -80 2 -25 10 49403 1 
112.061 -21.0075 -179.76 0.327497 2.94748 -80 2 -25 10 49404 1 
112.05 -21.0075 -179.76 0.327497 2.94748 -80 2 -25 10 49405 1 
112.039 -21.0075 -179.76 0.327497 2.94748 -80 2 -25 10 49406 1 
112.028 -21.0076 -179.76 0.327497 2.94748 -80 2 -25 10 49407 1 
112.017 -21.0076 -179.76 0.327497 2.94748 -80 2 -25 10 49408 1 
112.006 -21.0077 -179.76 0.327497 2.94748 -80 2 -25 10 49409 1 
111.995 -21.0077 -179.76 0.327497 2.94748 -80 2 -25 10 49410 1 
111.984 -21.0078 -179.76 0.327497 2.94748 -80 2 -25 10 49411 1 
111.973 -21.0078 -179.76 0.327497 2.94748 -80 2 -25 10 49412 1 
111.962 -21.0079 -179.76 0.327497 2.94748 -80 2 -25 10 49413 1 
111.951 -21.0079 -179.76 0.327497 2.94748 -80 2 -25 10 49414 1 
111.94 -21.008 -179.76 0.327497 2.94748 -80 2 -25 10 49415 1 
111.93 -21.008 -179.76 0.327497 2.94748 -80 2 -25 10 49416 1 
111.919 -21.008 -179.76 0.327497 2.94748 -80 2 -25 10 49417 1 
111.908 -21.0081 -179.76 0.327497 2.94748 -80 2 -25 10 49418 1 
111.897 -21.0081 -179.76 0.327497 2.94748 -80 2 -25 10 49419 1 
111.886 -21.0082 -179.76 0.327497 2.94748 -80 2 -25 10 49420 1 
111.875 -21.0082 -179.76 0.327497 2.94748 -80 2 -25 10 49421 1 
111.864 -21.0083 -179.76 0.327497 2.94748 -80 2 -25 10 49422 1 
111.853 -21.0083 -179.76 0.327497 2.94748 -80 2 -25 10 49423 1 
111.842 -21.0084 -179.76 0.327497 2.94748 -80 2 -25 10 49424 1 
111.831 -21.0084 -179.76 0.327497 2.94748 -80 2 -25 10 49425 1 
111.82 -21.0085 -179.76 0.327497 2.94748 -80 2 -25 10 49426 1 
111.809 -21.0085 -179.759 0.327497 2.94748 -80 2 -25 10 49427 1 
111.799 -21.0085 -179.759 0.327497 2.94748 -80 2 -25 10 49428 1 
111.788 -21.0086 -179.759 0.327497 2.94748 -80 2 -25 10 49429 1 
111.777 -21.0086 -179.759 0.327497 2.94748 -80 2 -25 10 49430 1 
111.766 -21.0087 -179.759 0.327497 2.94748 -80 2 -25 10 49431 1 
111.755 -21.0087 -179.759 0.327497 2.94748 -80 2 -25 10 49432 1 
111.744 -21.0088 -179.759 0.327497 2.94748 -80 2 -25 10 49433 1 
111.733 -21.0088 -179.759 0.327497 2.94748 -80 2 -25 10 49434 1 
111.722 -21.0089 -179.759 0.327497 2.94748 -80 2 -25 10 49435 1 
111.711 -21.0089 -179.759 0.327497 2.94748 -80 2 -25 10 49436 1 
111.7 -21.009 -179.759 0.327497 2.94748 -80 2 -25 10 49437 1 
111.689 -21.009 -179.759 0.327497 2.94748 -80 2 -25 10 49438 1 
111.678 -21.0091 -179.759 0.327497 2.94748 -80 2 -25 10 49439 1 
111.668 -21.0091 -179.759 0.327497 2.94748 -80 2 -25 10 49440 1 
111.657 -21.0091 -179.759 0.327497 2.94748 -80 2 -25 10 49441 1 
111.646 -21.0092 -179.759 0.327497 2.94748 -80 2 -25 10 49442 1 
111.635 -21.0092 -179.759 0.327497 2.94748 -80 2 -25 10 49443 1 
111.624 -21.0093 -179.759 0.327497 2.94748 -80 2 -25 10 49444 1 
111.613 -21.0093 -179.759 0.327497 2.94748 -80 2 -25 10 49445 1 
111.602 -21.0094 -179.759 0.327497 2.94748 -80 2 -25 10 49446 1 
111.591 -21.0094 -179.759 0.327497 2.94748 -80 2 -25 10 49447 1 
111.58 -21.0095 -179.759 0.327497 2.94748 -80 2 -25 10 49448 1 
111.569 -21.0095 -179.759 0.327497 2.94748 -80 2 -25 10 49449 1 
111.558 -21.0096 -179.759 0.327497 2.94748 -80 2 -25 10 49450 1 
111.547 -21.0096 -179.759 0.327497 2.94748 -80 2 -25 10 49451 1 
111.537 -21.0096 -179.759 0.327497 2.94748 -80 2 -25 10 49452 1 
111.526 -21.0097 -179.759 0.327497 2.94748 -80 2 -25 10 49453 1 
111.515 -21.0097 -179.759 0.327497 2.94748 -80 2 -25 10 49454 1 
111.504 -21.0098 -179.759 0.327497 2.94748 -80 2 -25 10 49455 1 
111.493 -21.0098 -179.759 0.327497 2.94748 -80 2 -25 10 49456 1 
111.482 -21.0099 -179.759 0.327497 2.94748 -80 2 -25 10 49457 1 
111.471 -21.0099 -179.759 0.327497 2.94748 -80 2 -25 10 49458 1 
111.46 -21.01 -179.759 0.327497 2.94748 -80 2 -25 10 49459 1 
111.449 -21.01 -179.759 0.327497 2.94748 -80 2 -25 10 49460 1 
111.438 -21.0101 -179.759 0.327497 2.94748 -80 2 -25 10 49461 1 
111.427 -21.0101 -179.759 0.327497 2.94748 -80 2 -25 10 49462 1 
111.416 -21.0102 -179.759 0.327497 2.94748 -80 2 -25 10 49463 1 
111.406 -21.0102 -179.759 0.327497 2.94748 -80 2 -25 10 49464 1 
111.395 -21.0102 -179.759 0.327497 2.94748 -80 2 -25 10 49465 1 
111.384 -21.0103 -179.759 0.327497 2.94748 -80 2 -25 10 49466 1 
111.373 -21.0103 -179.759 0.327497 2.94748 -80 2 -25 10 49467 1 
111.362 -21.0104 -179.759 0.327497 2.94748 -80 2 -25 10 49468 1 
111.351 -21.0104 -179.759 0.327497 2.94748 -80 2 -25 10 49469 1 
111.34 -21.0105 -179.759 0.327497 2.94748 -80 2 -25 10 49470 1 
111.329 -21.0105 -179.759 0.327497 2.94748 -80 2 -25 10 49471 1 
111.318 -21.0106 -179.759 0.327497 2.94748 -80 2 -25 10 49472 1 
111.307 -21.0106 -179.759 0.327497 2.94748 -80 2 -25 10 49473 1 
111.296 -21.0107 -179.759 0.327497 2.94748 -80 2 -25 10 49474 1 
111.285 -21.0107 -179.759 0.327497 2.94748 -80 2 -25 10 49475 1 
111.274 -21.0107 -179.759 0.327497 2.94748 -80 2 -25 10 49476 1 
111.264 -21.0108 -179.759 0.327497 2.94748 -80 2 -25 10 49477 1 
111.253 -21.0108 -179.759 0.327497 2.94748 -80 2 -25 10 49478 1 
111.242 -21.0109 -179.759 0.327497 2.94748 -80 2 -25 10 49479 1 
111.231 -21.0109 -179.759 0.327497 2.94748 -80 2 -25 10 49480 1 
111.22 -21.011 -179.759 0.327497 2.94748 -80 2 -25 10 49481 1 
111.209 -21.011 -179.759 0.327497 2.94748 -80 2 -25 10 49482 1 
111.198 -21.0111 -179.759 0.327497 2.94748 -80 2 -25 10 49483 1 
111.187 -21.0111 -179.759 0.327497 2.94748 -80 2 -25 10 49484 1 
111.176 -21.0112 -179.759 0.327497 2.94748 -80 2 -25 10 49485 1 
111.165 -21.0112 -179.759 0.327497 2.94748 -80 2 -25 10 49486 1 
111.154 -21.0112 -179.759 0.327497 2.94748 -80 2 -25 10 49487 1 
111.143 -21.0113 -179.759 0.327497 2.94748 -80 2 -25 10 49488 1 
111.133 -21.0113 -179.759 0.327497 2.94748 -80 2 -25 10 49489 1 
111.122 -21.0114 -179.759 0.327497 2.94748 -80 2 -25 10 49490 1 
111.111 -21.0114 -179.759 0.327497 2.94748 -80 2 -25 10 49491 1 
111.1 -21.0115 -179.759 0.327497 2.94748 -80 2 -25 10 49492 1 
111.089 -21.0115 -179.759 0.327497 2.94748 -80 2 -25 10 49493 1 
111.078 -21.0116 -179.759 0.327497 2.94748 -80 2 -25 10 49494 1 
111.067 -21.0116 -179.759 0.327497 2.94748 -80 2 -25 10 49495 1 
111.056 -21.0117 -179.759 0.327497 2.94748 -80 2 -25 10 49496 1 
111.045 -21.0117 -179.759 0.327497 2.94748 -80 2 -25 10 49497 1 
111.034 -21.0118 -179.759 0.327497 2.94748 -80 2 -25 10 49498 1 
111.023 -21.0118 -179.759 0.327497 2.94748 -80 2 -25 10 49499 1 
111.012 -21.0118 -179.759 0.327497 2.94748 -80 2 -25 10 49500 1 
111.002 -21.0119 -179.759 0.327497 2.94748 -80 2 -25 10 49501 1 
110.991 -21.0119 -179.759 0.327497 2.94748 -80 2 -25 10 49502 1 
110.98 -21.012 -179.759 0.327497 2.94748 -80 2 -25 10 49503 1 
110.969 -21.012 -179.759 0.327497 2.94748 -80 2 -25 10 49504 1 
110.958 -21.0121 -179.759 0.327497 2.94748 -80 2 -25 10 49505 1 
110.947 -21.0121 -179.759 0.327497 2.94748 -80 2 -25 10 49506 1 
110.936 -21.0122 -179.759 0.327497 2.94748 -80 2 -25 10 49507 1 
110.925 -21.0122 -179.759 0.327497 2.94748 -80 2 -25 10 49508 1 
110.914 -21.0123 -179.759 0.327497 2.94748 -80 2 -25 10 49509 1 
110.903 -21.0123 -179.759 0.327497 2.94748 -80 2 -25 10 49510 1 
110.892 -21.0123 -179.759 0.327497 2.94748 -80 2 -25 10 49511 1 
110.881 -21.0124 -179.759 0.327497 2.94748 -80 2 -25 10 49512 1 
110.871 -21.0124 -179.759 0.327497 2.94748 -80 2 -25 10 49513 1 
110.86 -21.0125 -179.759 0.327497 2.94748 -80 2 -25 10 49514 1 
110.849 -21.0125 -179.759 0.327497 2.94748 -80 2 -25 10 49515 1 
110.838 -21.0126 -179.758 0.327497 2.94748 -80 2 -25 10 49516 1 
110.827 -21.0126 -179.758 0.327497 2.94748 -80 2 -25 10 49517 1 
110.816 -21.0127 -179.758 0.327497 2.94748 -80 2 -25 10 49518 1 
110.805 -21.0127 -179.758 0.327497 2.94748 -80 2 -25 10 49519 1 
110.794 -21.0128 -179.758 0.327497 2.94748 -80 2 -25 10 49520 1 
110.783 -21.0128 -179.758 0.327497 2.94748 -80 2 -25 10 49521 1 
110.772 -21.0129 -179.758 0.327497 2.94748 -80 2 -25 10 49522 1 
110.761 -21.0129 -179.758 0.327497 2.94748 -80 2 -25 10 49523 1 
110.75 -21.0129 -179.758 0.327497 2.94748 -80 2 -25 10 49524 1 
110.74 -21.013 -179.758 0.327497 2.94748 -80 2 -25 10 49525 1 
110.729 -21.013 -179.758 0.327497 2.94748 -80 2 -25 10 49526 1 
110.718 -21.0131 -179.758 0.327497 2.94748 -80 2 -25 10 49527 1 
110.707 -21.0131 -179.758 0.327497 2.94748 -80 2 -25 10 49528 1 
110.696 -21.0132 -179.758 0.327497 2.94748 -80 2 -25 10 49529 1 
110.685 -21.0132 -179.758 0.327497 2.94748 -80 2 -25 10 49530 1 
110.674 -21.0133 -179.758 0.327497 2.94748 -80 2 -25 10 49531 1 
110.663 -21.0133 -179.758 0.327497 2.94748 -80 2 -25 10 49532 1 
110.652 -21.0134 -179.758 0.327497 2.94748 -80 2 -25 10 49533 1 
110.641 -21.0134 -179.758 0.327497 2.94748 -80 2 -25 10 49534 1 
110.63 -21.0134 -179.758 0.327497 2.94748 -80 2 -25 10 49535 1 
110.619 -21.0135 -179.758 0.327497 2.94748 -80 2 -25 10 49536 1 
110.609 -21.0135 -179.758 0.327497 2.94748 -80 2 -25 10 49537 1 
110.598 -21.0136 -179.758 0.327497 2.94748 -80 2 -25 10 49538 1 
110.587 -21.0136 -179.758 0.327497 2.94748 -80 2 -25 10 49539 1 
110.576 -21.0137 -179.758 0.327497 2.94748 -80 2 -25 10 49540 1 
110.565 -21.0137 -179.758 0.327497 2.94748 -80 2 -25 10 49541 1 
110.554 -21.0138 -179.758 0.327497 2.94748 -80 2 -25 10 49542 1 
110.543 -21.0138 -179.758 0.327497 2.94748 -80 2 -25 10 49543 1 
110.532 -21.0139 -179.758 0.327497 2.94748 -80 2 -25 10 49544 1 
110.521 -21.0139 -179.758 0.327497 2.94748 -80 2 -25 10 49545 1 
110.51 -21.014 -179.758 0.327497 2.94748 -80 2 -25 10 49546 1 
110.499 -21.014 -179.758 0.327497 2.94748 -80 2 -25 10 49547 1 
110.488 -21.014 -179.758 0.327497 2.94748 -80 2 -25 10 49548 1 
110.478 -21.0141 -179.758 0.327497 2.94748 -80 2 -25 10 49549 1 
110.467 -21.0141 -179.758 0.327497 2.94748 -80 2 -25 10 49550 1 
110.456 -21.0142 -179.758 0.327497 2.94748 -80 2 -25 10 49551 1 
110.445 -21.0142 -179.758 0.327497 2.94748 -80 2 -25 10 49552 1 
110.434 -21.0143 -179.758 0.327497 2.94748 -80 2 -25 10 49553 1 
110.423 -21.0143 -179.758 0.327497 2.94748 -80 2 -25 10 49554 1 
110.412 -21.0144 -179.758 0.327497 2.94748 -80 2 -25 10 49555 1 
110.401 -21.0144 -179.758 0.327497 2.94748 -80 2 -25 10 49556 1 
110.39 -21.0145 -179.758 0.327497 2.94748 -80 2 -25 10 49557 1 
110.379 -21.0145 -179.758 0.327497 2.94748 -80 2 -25 10 49558 1 
110.368 -21.0145 -179.758 0.327497 2.94748 -80 2 -25 10 49559 1 
110.357 -21.0146 -179.758 0.327497 2.94748 -80 2 -25 10 49560 1 
110.346 -21.0146 -179.758 0.327497 2.94748 -80 2 -25 10 49561 1 
110.336 -21.0147 -179.758 0.327497 2.94748 -80 2 -25 10 49562 1 
110.325 -21.0147 -179.758 0.327497 2.94748 -80 2 -25 10 49563 1 
110.314 -21.0148 -179.758 0.327497 2.94748 -80 2 -25 10 49564 1 
110.303 -21.0148 -179.758 0.327497 2.94748 -80 2 -25 10 49565 1 
110.292 -21.0149 -179.758 0.327497 2.94748 -80 2 -25 10 49566 1 
110.281 -21.0149 -179.758 0.327497 2.94748 -80 2 -25 10 49567 1 
110.27 -21.015 -179.758 0.327497 2.94748 -80 2 -25 10 49568 1 
110.259 -21.015 -179.758 0.327497 2.94748 -80 2 -25 10 49569 1 
110.248 -21.015 -179.758 0.327497 2.94748 -80 2 -25 10 49570 1 
110.237 -21.0151 -179.758 0.327497 2.94748 -80 2 -25 10 49571 1 
110.226 -21.0151 -179.758 0.327497 2.94748 -80 2 -25 10 49572 1 
110.215 -21.0152 -179.758 0.327497 2.94748 -80 2 -25 10 49573 1 
110.205 -21.0152 -179.758 0.327497 2.94748 -80 2 -25 10 49574 1 
110.194 -21.0153 -179.758 0.327497 2.94748 -80 2 -25 10 49575 1 
110.183 -21.0153 -179.758 0.327497 2.94748 -80 2 -25 10 49576 1 
110.172 -21.0154 -179.758 0.327497 2.94748 -80 2 -25 10 49577 1 
110.161 -21.0154 -179.758 0.327497 2.94748 -80 2 -25 10 49578 1 
110.15 -21.0155 -179.758 0.327497 2.94748 -80 2 -25 10 49579 1 
110.139 -21.0155 -179.758 0.327497 2.94748 -80 2 -25 10 49580 1 
110.128 -21.0156 -179.758 0.327497 2.94748 -80 2 -25 10 49581 1 
110.117 -21.0156 -179.758 0.327497 2.94748 -80 2 -25 10 49582 1 
110.106 -21.0156 -179.758 0.327497 2.94748 -80 2 -25 10 49583 1 
110.095 -21.0157 -179.758 0.327497 2.94748 -80 2 -25 10 49584 1 
110.084 -21.0157 -179.758 0.327497 2.94748 -80 2 -25 10 49585 1 
110.074 -21.0158 -179.758 0.327497 2.94748 -80 2 -25 10 49586 1 
110.063 -21.0158 -179.758 0.327497 2.94748 -80 2 -25 10 49587 1 
110.052 -21.0159 -179.758 0.327497 2.94748 -80 2 -25 10 49588 1 
110.041 -21.0159 -179.758 0.327497 2.94748 -80 2 -25 10 49589 1 
110.03 -21.016 -179.758 0.327497 2.94748 -80 2 -25 10 49590 1 
110.019 -21.016 -179.758 0.327497 2.94748 -80 2 -25 10 49591 1 
110.008 -21.0161 -179.758 0.327497 2.94748 -80 2 -25 10 49592 1 
109.997 -21.0161 -179.758 0.327497 2.94748 -80 2 -25 10 49593 1 
109.986 -21.0161 -179.758 0.327497 2.94748 -80 2 -25 10 49594 1 
109.975 -21.0162 -179.758 0.327497 2.94748 -80 2 -25 10 49595 1 
109.964 -21.0162 -179.758 0.327497 2.94748 -80 2 -25 10 49596 1 
109.953 -21.0163 -179.758 0.327497 2.94748 -80 2 -25 10 49597 1 
109.943 -21.0163 -179.758 0.327497 2.94748 -80 2 -25 10 49598 1 
109.932 -21.0164 -179.758 0.327497 2.94748 -80 2 -25 10 49599 1 
109.921 -21.0164 -179.758 0.327497 2.94748 -80 2 -25 10 49600 1 
109.91 -21.0165 -179.758 0.327497 2.94748 -80 2 -25 10 49601 1 
109.899 -21.0165 -179.758 0.327497 2.94748 -80 2 -25 10 49602 1 
109.888 -21.0166 -179.758 0.327497 2.94748 -80 2 -25 10 49603 1 
109.877 -21.0166 -179.758 0.327497 2.94748 -80 2 -25 10 49604 1 
109.866 -21.0167 -179.757 0.327497 2.94748 -80 2 -25 10 49605 1 
109.855 -21.0167 -179.757 0.327497 2.94748 -80 2 -25 10 49606 1 
109.844 -21.0167 -179.757 0.327497 2.94748 -80 2 -25 10 49607 1 
109.833 -21.0168 -179.757 0.327497 2.94748 -80 2 -25 10 49608 1 
109.822 -21.0168 -179.757 0.327497 2.94748 -80 2 -25 10 49609 1 
109.812 -21.0169 -179.757 0.327497 2.94748 -80 2 -25 10 49610 1 
109.801 -21.0169 -179.757 0.327497 2.94748 -80 2 -25 10 49611 1 
109.79 -21.017 -179.757 0.327497 2.94748 -80 2 -25 10 49612 1 
109.779 -21.017 -179.757 0.327497 2.94748 -80 2 -25 10 49613 1 
109.768 -21.0171 -179.757 0.327497 2.94748 -80 2 -25 10 49614 1 
109.757 -21.0171 -179.757 0.327497 2.94748 -80 2 -25 10 49615 1 
109.746 -21.0172 -179.757 0.327497 2.94748 -80 2 -25 10 49616 1 
109.735 -21.0172 -179.757 0.327497 2.94748 -80 2 -25 10 49617 1 
109.724 -21.0172 -179.757 0.327497 2.94748 -80 2 -25 10 49618 1 
109.713 -21.0173 -179.757 0.327497 2.94748 -80 2 -25 10 49619 1 
109.702 -21.0173 -179.757 0.327497 2.94748 -80 2 -25 10 49620 1 
109.691 -21.0174 -179.757 0.327497 2.94748 -80 2 -25 10 49621 1 
109.681 -21.0174 -179.757 0.327497 2.94748 -80 2 -25 10 49622 1 
109.67 -21.0175 -179.757 0.327497 2.94748 -80 2 -25 10 49623 1 
109.659 -21.0175 -179.757 0.327497 2.94748 -80 2 -25 10 49624 1 
109.648 -21.0176 -179.757 0.327497 2.94748 -80 2 -25 10 49625 1 
109.637 -21.0176 -179.757 0.327497 2.94748 -80 2 -25 10 49626 1 
109.626 -21.0177 -179.757 0.327497 2.94748 -80 2 -25 10 49627 1 
109.615 -21.0177 -179.757 0.327497 2.94748 -80 2 -25 10 49628 1 
109.604 -21.0177 -179.757 0.327497 2.94748 -80 2 -25 10 49629 1 
109.593 -21.0178 -179.757 0.327497 2.94748 -80 2 -25 10 49630 1 
109.582 -21.0178 -179.757 0.327497 2.94748 -80 2 -25 10 49631 1 
109.571 -21.0179 -179.757 0.327497 2.94748 -80 2 -25 10 49632 1 
109.56 -21.0179 -179.757 0.327497 2.94748 -80 2 -25 10 49633 1 
109.549 -21.018 -179.757 0.327497 2.94748 -80 2 -25 10 49634 1 
109.539 -21.018 -179.757 0.327497 2.94748 -80 2 -25 10 49635 1 
109.528 -21.0181 -179.757 0.327497 2.94748 -80 2 -25 10 49636 1 
109.517 -21.0181 -179.757 0.327497 2.94748 -80 2 -25 10 49637 1 
109.506 -21.0182 -179.757 0.327497 2.94748 -80 2 -25 10 49638 1 
109.495 -21.0182 -179.757 0.327497 2.94748 -80 2 -25 10 49639 1 
109.484 -21.0183 -179.757 0.327497 2.94748 -80 2 -25 10 49640 1 
109.473 -21.0183 -179.757 0.327497 2.94748 -80 2 -25 10 49641 1 
109.462 -21.0183 -179.757 0.327497 2.94748 -80 2 -25 10 49642 1 
109.451 -21.0184 -179.757 0.327497 2.94748 -80 2 -25 10 49643 1 
109.44 -21.0184 -179.757 0.327497 2.94748 -80 2 -25 10 49644 1 
109.429 -21.0185 -179.757 0.327497 2.94748 -80 2 -25 10 49645 1 
109.418 -21.0185 -179.757 0.327497 2.94748 -80 2 -25 10 49646 1 
109.408 -21.0186 -179.757 0.327497 2.94748 -80 2 -25 10 49647 1 
109.397 -21.0186 -179.757 0.327497 2.94748 -80 2 -25 10 49648 1 
109.386 -21.0187 -179.757 0.327497 2.94748 -80 2 -25 10 49649 1 
109.375 -21.0187 -179.757 0.327497 2.94748 -80 2 -25 10 49650 1 
109.364 -21.0188 -179.757 0.327497 2.94748 -80 2 -25 10 49651 1 
109.353 -21.0188 -179.757 0.327497 2.94748 -80 2 -25 10 49652 1 
109.342 -21.0188 -179.757 0.327497 2.94748 -80 2 -25 10 49653 1 
109.331 -21.0189 -179.757 0.327497 2.94748 -80 2 -25 10 49654 1 
109.32 -21.0189 -179.757 0.327497 2.94748 -80 2 -25 10 49655 1 
109.309 -21.019 -179.757 0.327497 2.94748 -80 2 -25 10 49656 1 
109.298 -21.019 -179.757 0.327497 2.94748 -80 2 -25 10 49657 1 
109.287 -21.0191 -179.757 0.327497 2.94748 -80 2 -25 10 49658 1 
109.277 -21.0191 -179.757 0.327497 2.94748 -80 2 -25 10 49659 1 
109.266 -21.0192 -179.757 0.327497 2.94748 -80 2 -25 10 49660 1 
109.255 -21.0192 -179.757 0.327497 2.94748 -80 2 -25 10 49661 1 
109.244 -21.0193 -179.757 0.327497 2.94748 -80 2 -25 10 49662 1 
109.233 -21.0193 -179.757 0.327497 2.94748 -80 2 -25 10 49663 1 
109.222 -21.0194 -179.757 0.327497 2.94748 -80 2 -25 10 49664 1 
109.211 -21.0194 -179.757 0.327497 2.94748 -80 2 -25 10 49665 1 
109.2 -21.0194 -179.757 0.327497 2.94748 -80 2 -25 10 49666 1 
109.189 -21.0195 -179.757 0.327497 2.94748 -80 2 -25 10 49667 1 
109.178 -21.0195 -179.757 0.327497 2.94748 -80 2 -25 10 49668 1 
109.167 -21.0196 -179.757 0.327497 2.94748 -80 2 -25 10 49669 1 
109.156 -21.0196 -179.757 0.327497 2.94748 -80 2 -25 10 49670 1 
109.146 -21.0197 -179.757 0.327497 2.94748 -80 2 -25 10 49671 1 
109.135 -21.0197 -179.757 0.327497 2.94748 -80 2 -25 10 49672 1 
109.124 -21.0198 -179.757 0.327497 2.94748 -80 2 -25 10 49673 1 
109.113 -21.0198 -179.757 0.327497 2.94748 -80 2 -25 10 49674 1 
109.102 -21.0199 -179.757 0.327497 2.94748 -80 2 -25 10 49675 1 
109.091 -21.0199 -179.757 0.327497 2.94748 -80 2 -25 10 49676 1 
109.08 -21.0199 -179.757 0.327497 2.94748 -80 2 -25 10 49677 1 
109.069 -21.02 -179.757 0.327497 2.94748 -80 2 -25 10 49678 1 
109.058 -21.02 -179.757 0.327497 2.94748 -80 2 -25 10 49679 1 
109.047 -21.0201 -179.757 0.327497 2.94748 -80 2 -25 10 49680 1 
109.036 -21.0201 -179.757 0.327497 2.94748 -80 2 -25 10 49681 1 
109.025 -21.0202 -179.757 0.327497 2.94748 -80 2 -25 10 49682 1 
109.015 -21.0202 -179.757 0.327497 2.94748 -80 2 -25 10 49683 1 
109.004 -21.0203 -179.757 0.327497 2.94748 -80 2 -25 10 49684 1 
108.993 -21.0203 -179.757 0.327497 2.94748 -80 2 -25 10 49685 1 
108.982 -21.0204 -179.757 0.327497 2.94748 -80 2 -25 10 49686 1 
108.971 -21.0204 -179.757 0.327497 2.94748 -80 2 -25 10 49687 1 
108.96 -21.0205 -179.757 0.327497 2.94748 -80 2 -25 10 49688 1 
108.949 -21.0205 -179.757 0.327497 2.94748 -80 2 -25 10 49689 1 
108.938 -21.0205 -179.757 0.327497 2.94748 -80 2 -25 10 49690 1 
108.927 -21.0206 -179.757 0.327497 2.94748 -80 2 -25 10 49691 1 
108.916 -21.0206 -179.757 0.327497 2.94748 -80 2 -25 10 49692 1 
108.905 -21.0207 -179.756 0.327497 2.94748 -80 2 -25 10 49693 1 
108.894 -21.0207 -179.756 0.327497 2.94748 -80 2 -25 10 49694 1 
108.884 -21.0208 -179.756 0.327497 2.94748 -80 2 -25 10 49695 1 
108.873 -21.0208 -179.756 0.327497 2.94748 -80 2 -25 10 49696 1 
108.862 -21.0209 -179.756 0.327497 2.94748 -80 2 -25 10 49697 1 
108.851 -21.0209 -179.756 0.327497 2.94748 -80 2 -25 10 49698 1 
108.84 -21.021 -179.756 0.327497 2.94748 -80 2 -25 10 49699 1 
108.829 -21.021 -179.756 0.327497 2.94748 -80 2 -25 10 49700 1 
108.818 -21.021 -179.756 0.327497 2.94748 -80 2 -25 10 49701 1 
108.807 -21.0211 -179.756 0.327497 2.94748 -80 2 -25 10 49702 1 
108.796 -21.0211 -179.756 0.327497 2.94748 -80 2 -25 10 49703 1 
108.785 -21.0212 -179.756 0.327497 2.94748 -80 2 -25 10 49704 1 
108.774 -21.0212 -179.756 0.327497 2.94748 -80 2 -25 10 49705 1 
108.763 -21.0213 -179.756 0.327497 2.94748 -80 2 -25 10 49706 1 
108.753 -21.0213 -179.756 0.327497 2.94748 -80 2 -25 10 49707 1 
108.742 -21.0214 -179.756 0.327497 2.94748 -80 2 -25 10 49708 1 
108.731 -21.0214 -179.756 0.327497 2.94748 -80 2 -25 10 49709 1 
108.72 -21.0215 -179.756 0.327497 2.94748 -80 2 -25 10 49710 1 
108.709 -21.0215 -179.756 0.327497 2.94748 -80 2 -25 10 49711 1 
108.698 -21.0215 -179.756 0.327497 2.94748 -80 2 -25 10 49712 1 
108.687 -21.0216 -179.756 0.327497 2.94748 -80 2 -25 10 49713 1 
108.676 -21.0216 -179.756 0.327497 2.94748 -80 2 -25 10 49714 1 
108.665 -21.0217 -179.756 0.327497 2.94748 -80 2 -25 10 49715 1 
108.654 -21.0217 -179.756 0.327497 2.94748 -80 2 -25 10 49716 1 
108.643 -21.0218 -179.756 0.327497 2.94748 -80 2 -25 10 49717 1 
108.632 -21.0218 -179.756 0.327497 2.94748 -80 2 -25 10 49718 1 
108.621 -21.0219 -179.756 0.327497 2.94748 -80 2 -25 10 49719 1 
108.611 -21.0219 -179.756 0.327497 2.94748 -80 2 -25 10 49720 1 
108.6 -21.022 -179.756 0.327497 2.94748 -80 2 -25 10 49721 1 
108.589 -21.022 -179.756 0.327497 2.94748 -80 2 -25 10 49722 1 
108.578 -21.0221 -179.756 0.327497 2.94748 -80 2 -25 10 49723 1 
108.567 -21.0221 -179.756 0.327497 2.94748 -80 2 -25 10 49724 1 
108.556 -21.0221 -179.756 0.327497 2.94748 -80 2 -25 10 49725 1 
108.545 -21.0222 -179.756 0.327497 2.94748 -80 2 -25 10 49726 1 
108.534 -21.0222 -179.756 0.327497 2.94748 -80 2 -25 10 49727 1 
108.523 -21.0223 -179.756 0.327497 2.94748 -80 2 -25 10 49728 1 
108.512 -21.0223 -179.756 0.327497 2.94748 -80 2 -25 10 49729 1 
108.501 -21.0224 -179.756 0.327497 2.94748 -80 2 -25 10 49730 1 
108.49 -21.0224 -179.756 0.327497 2.94748 -80 2 -25 10 49731 1 
108.48 -21.0225 -179.756 0.327497 2.94748 -80 2 -25 10 49732 1 
108.469 -21.0225 -179.756 0.327497 2.94748 -80 2 -25 10 49733 1 
108.458 -21.0226 -179.756 0.327497 2.94748 -80 2 -25 10 49734 1 
108.447 -21.0226 -179.756 0.327497 2.94748 -80 2 -25 10 49735 1 
108.436 -21.0226 -179.756 0.327497 2.94748 -80 2 -25 10 49736 1 
108.425 -21.0227 -179.756 0.327497 2.94748 -80 2 -25 10 49737 1 
108.414 -21.0227 -179.756 0.327497 2.94748 -80 2 -25 10 49738 1 
108.403 -21.0228 -179.756 0.327497 2.94748 -80 2 -25 10 49739 1 
108.392 -21.0228 -179.756 0.327497 2.94748 -80 2 -25 10 49740 1 
108.381 -21.0229 -179.756 0.327497 2.94748 -80 2 -25 10 49741 1 
108.37 -21.0229 -179.756 0.327497 2.94748 -80 2 -25 10 49742 1 
108.359 -21.023 -179.756 0.327497 2.94748 -80 2 -25 10 49743 1 
108.349 -21.023 -179.756 0.327497 2.94748 -80 2 -25 10 49744 1 
108.338 -21.0231 -179.756 0.327497 2.94748 -80 2 -25 10 49745 1 
108.327 -21.0231 -179.756 0.327497 2.94748 -80 2 -25 10 49746 1 
108.316 -21.0232 -179.756 0.327497 2.94748 -80 2 -25 10 49747 1 
108.305 -21.0232 -179.756 0.327497 2.94748 -80 2 -25 10 49748 1 
108.294 -21.0232 -179.756 0.327497 2.94748 -80 2 -25 10 49749 1 
108.283 -21.0233 -179.756 0.327497 2.94748 -80 2 -25 10 49750 1 
108.272 -21.0233 -179.756 0.327497 2.94748 -80 2 -25 10 49751 1 
108.261 -21.0234 -179.756 0.327497 2.94748 -80 2 -25 10 49752 1 
108.25 -21.0234 -179.756 0.327497 2.94748 -80 2 -25 10 49753 1 
108.239 -21.0235 -179.756 0.327497 2.94748 -80 2 -25 10 49754 1 
108.228 -21.0235 -179.756 0.327497 2.94748 -80 2 -25 10 49755 1 
108.218 -21.0236 -179.756 0.327497 2.94748 -80 2 -25 10 49756 1 
108.207 -21.0236 -179.756 0.327497 2.94748 -80 2 -25 10 49757 1 
108.196 -21.0237 -179.756 0.327497 2.94748 -80 2 -25 10 49758 1 
108.185 -21.0237 -179.756 0.327497 2.94748 -80 2 -25 10 49759 1 
108.174 -21.0237 -179.756 0.327497 2.94748 -80 2 -25 10 49760 1 
108.163 -21.0238 -179.756 0.327497 2.94748 -80 2 -25 10 49761 1 
108.152 -21.0238 -179.756 0.327497 2.94748 -80 2 -25 10 49762 1 
108.141 -21.0239 -179.756 0.327497 2.94748 -80 2 -25 10 49763 1 
108.13 -21.0239 -179.756 0.327497 2.94748 -80 2 -25 10 49764 1 
108.119 -21.024 -179.756 0.327497 2.94748 -80 2 -25 10 49765 1 
108.108 -21.024 -179.756 0.327497 2.94748 -80 2 -25 10 49766 1 
108.097 -21.0241 -179.756 0.327497 2.94748 -80 2 -25 10 49767 1 
108.087 -21.0241 -179.756 0.327497 2.94748 -80 2 -25 10 49768 1 
108.076 -21.0242 -179.756 0.327497 2.94748 -80 2 -25 10 49769 1 
108.065 -21.0242 -179.756 0.327497 2.94748 -80 2 -25 10 49770 1 
108.054 -21.0243 -179.756 0.327497 2.94748 -80 2 -25 10 49771 1 
108.043 -21.0243 -179.756 0.327497 2.94748 -80 2 -25 10 49772 1 
108.032 -21.0243 -179.756 0.327497 2.94748 -80 2 -25 10 49773 1 
108.021 -21.0244 -179.756 0.327497 2.94748 -80 2 -25 10 49774 1 
108.01 -21.0244 -179.756 0.327497 2.94748 -80 2 -25 10 49775 1 
107.999 -21.0245 -179.756 0.327497 2.94748 -80 2 -25 10 49776 1 
107.988 -21.0245 -179.756 0.327497 2.94748 -80 2 -25 10 49777 1 
107.977 -21.0246 -179.756 0.327497 2.94748 -80 2 -25 10 49778 1 
107.966 -21.0246 -179.756 0.327497 2.94748 -80 2 -25 10 49779 1 
107.956 -21.0247 -179.755 0.327497 2.94748 -80 2 -25 10 49780 1 
107.945 -21.0247 -179.755 0.327497 2.94748 -80 2 -25 10 49781 1 
107.934 -21.0248 -179.755 0.327497 2.94748 -80 2 -25 10 49782 1 
107.923 -21.0248 -179.755 0.327497 2.94748 -80 2 -25 10 49783 1 
107.912 -21.0248 -179.755 0.327497 2.94748 -80 2 -25 10 49784 1 
107.901 -21.0249 -179.755 0.327497 2.94748 -80 2 -25 10 49785 1 
107.89 -21.0249 -179.755 0.327497 2.94748 -80 2 -25 10 49786 1 
107.879 -21.025 -179.755 0.327497 2.94748 -80 2 -25 10 49787 1 
107.868 -21.025 -179.755 0.327497 2.94748 -80 2 -25 10 49788 1 
107.857 -21.0251 -179.755 0.327497 2.94748 -80 2 -25 10 49789 1 
107.846 -21.0251 -179.755 0.327497 2.94748 -80 2 -25 10 49790 1 
107.835 -21.0252 -179.755 0.327497 2.94748 -80 2 -25 10 49791 1 
107.825 -21.0252 -179.755 0.327497 2.94748 -80 2 -25 10 49792 1 
107.814 -21.0253 -179.755 0.327497 2.94748 -80 2 -25 10 49793 1 
107.803 -21.0253 -179.755 0.327497 2.94748 -80 2 -25 10 49794 1 
107.792 -21.0253 -179.755 0.327497 2.94748 -80 2 -25 10 49795 1 
107.781 -21.0254 -179.755 0.327497 2.94748 -80 2 -25 10 49796 1 
107.77 -21.0254 -179.755 0.327497 2.94748 -80 2 -25 10 49797 1 
107.759 -21.0255 -179.755 0.327497 2.94748 -80 2 -25 10 49798 1 
107.748 -21.0255 -179.755 0.327497 2.94748 -80 2 -25 10 49799 1 
107.737 -21.0256 -179.755 0.327497 2.94748 -80 2 -25 10 49800 1 
107.726 -21.0256 -179.755 0.327497 2.94748 -80 2 -25 10 49801 1 
107.715 -21.0257 -179.755 0.327497 2.94748 -80 2 -25 10 49802 1 
107.704 -21.0257 -179.755 0.327497 2.94748 -80 2 -25 10 49803 1 
107.693 -21.0258 -179.755 0.327497 2.94748 -80 2 -25 10 49804 1 
107.683 -21.0258 -179.755 0.327497 2.94748 -80 2 -25 10 49805 1 
107.672 -21.0259 -179.755 0.327497 2.94748 -80 2 -25 10 49806 1 
107.661 -21.0259 -179.755 0.327497 2.94748 -80 2 -25 10 49807 1 
107.65 -21.0259 -179.755 0.327497 2.94748 -80 2 -25 10 49808 1 
107.639 -21.026 -179.755 0.327497 2.94748 -80 2 -25 10 49809 1 
107.628 -21.026 -179.755 0.327497 2.94748 -80 2 -25 10 49810 1 
107.617 -21.0261 -179.755 0.327497 2.94748 -80 2 -25 10 49811 1 
107.606 -21.0261 -179.755 0.327497 2.94748 -80 2 -25 10 49812 1 
107.595 -21.0262 -179.755 0.327497 2.94748 -80 2 -25 10 49813 1 
107.584 -21.0262 -179.755 0.327497 2.94748 -80 2 -25 10 49814 1 
107.573 -21.0263 -179.755 0.327497 2.94748 -80 2 -25 10 49815 1 
107.562 -21.0263 -179.755 0.327497 2.94748 -80 2 -25 10 49816 1 
107.552 -21.0264 -179.755 0.327497 2.94748 -80 2 -25 10 49817 1 
107.541 -21.0264 -179.755 0.327497 2.94748 -80 2 -25 10 49818 1 
107.53 -21.0264 -179.755 0.327497 2.94748 -80 2 -25 10 49819 1 
107.519 -21.0265 -179.755 0.327497 2.94748 -80 2 -25 10 49820 1 
107.508 -21.0265 -179.755 0.327497 2.94748 -80 2 -25 10 49821 1 
107.497 -21.0266 -179.755 0.327497 2.94748 -80 2 -25 10 49822 1 
107.486 -21.0266 -179.755 0.327497 2.94748 -80 2 -25 10 49823 1 
107.475 -21.0267 -179.755 0.327497 2.94748 -80 2 -25 10 49824 1 
107.464 -21.0267 -179.755 0.327497 2.94748 -80 2 -25 10 49825 1 
107.453 -21.0268 -179.755 0.327497 2.94748 -80 2 -25 10 49826 1 
107.442 -21.0268 -179.755 0.327497 2.94748 -80 2 -25 10 49827 1 
107.431 -21.0269 -179.755 0.327497 2.94748 -80 2 -25 10 49828 1 
107.421 -21.0269 -179.755 0.327497 2.94748 -80 2 -25 10 49829 1 
107.41 -21.027 -179.755 0.327497 2.94748 -80 2 -25 10 49830 1 
107.399 -21.027 -179.755 0.327497 2.94748 -80 2 -25 10 49831 1 
107.388 -21.027 -179.755 0.327497 2.94748 -80 2 -25 10 49832 1 
107.377 -21.0271 -179.755 0.327497 2.94748 -80 2 -25 10 49833 1 
107.366 -21.0271 -179.755 0.327497 2.94748 -80 2 -25 10 49834 1 
107.355 -21.0272 -179.755 0.327497 2.94748 -80 2 -25 10 49835 1 
107.344 -21.0272 -179.755 0.327497 2.94748 -80 2 -25 10 49836 1 
107.333 -21.0273 -179.755 0.327497 2.94748 -80 2 -25 10 49837 1 
107.322 -21.0273 -179.755 0.327497 2.94748 -80 2 -25 10 49838 1 
107.311 -21.0274 -179.755 0.327497 2.94748 -80 2 -25 10 49839 1 
107.3 -21.0274 -179.755 0.327497 2.94748 -80 2 -25 10 49840 1 
107.29 -21.0275 -179.755 0.327497 2.94748 -80 2 -25 10 49841 1 
107.279 -21.0275 -179.755 0.327497 2.94748 -80 2 -25 10 49842 1 
107.268 -21.0275 -179.755 0.327497 2.94748 -80 2 -25 10 49843 1 
107.257 -21.0276 -179.755 0.327497 2.94748 -80 2 -25 10 49844 1 
107.246 -21.0276 -179.755 0.327497 2.94748 -80 2 -25 10 49845 1 
107.235 -21.0277 -179.755 0.327497 2.94748 -80 2 -25 10 49846 1 
107.224 -21.0277 -179.755 0.327497 2.94748 -80 2 -25 10 49847 1 
107.213 -21.0278 -179.755 0.327497 2.94748 -80 2 -25 10 49848 1 
107.202 -21.0278 -179.755 0.327497 2.94748 -80 2 -25 10 49849 1 
107.191 -21.0279 -179.755 0.327497 2.94748 -80 2 -25 10 49850 1 
107.18 -21.0279 -179.755 0.327497 2.94748 -80 2 -25 10 49851 1 
107.169 -21.028 -179.755 0.327497 2.94748 -80 2 -25 10 49852 1 
107.159 -21.028 -179.755 0.327497 2.94748 -80 2 -25 10 49853 1 
107.148 -21.0281 -179.755 0.327497 2.94748 -80 2 -25 10 49854 1 
107.137 -21.0281 -179.755 0.327497 2.94748 -80 2 -25 10 49855 1 
107.126 -21.0282 -179.755 0.327497 2.94748 -80 2 -25 10 49856 1 
107.115 -21.0282 -179.755 0.327497 2.94748 -80 2 -25 10 49857 1 
107.104 -21.0283 -179.755 0.327497 2.94748 -80 2 -25 10 49858 1 
107.093 -21.0283 -179.755 0.327497 2.94748 -80 2 -25 10 49859 1 
107.082 -21.0284 -179.755 0.327497 2.94748 -80 2 -25 10 49860 1 
107.071 -21.0284 -179.755 0.327497 2.94748 -80 2 -25 10 49861 1 
107.06 -21.0284 -179.755 0.327497 2.94748 -80 2 -25 10 49862 1 
107.049 -21.0285 -179.755 0.327497 2.94748 -80 2 -25 10 49863 1 
107.038 -21.0285 -179.755 0.327497 2.94748 -80 2 -25 10 49864 1 
107.028 -21.0286 -179.755 0.327497 2.94748 -80 2 -25 10 49865 1 
107.017 -21.0286 -179.755 0.327497 2.94748 -80 2 -25 10 49866 1 
107.006 -21.0287 -179.754 0.327497 2.94748 -80 2 -25 10 49867 1 
106.995 -21.0287 -179.754 0.327497 2.94748 -80 2 -25 10 49868 1 
106.984 -21.0288 -179.754 0.327497 2.94748 -80 2 -25 10 49869 1 
106.973 -21.0288 -179.754 0.327497 2.94748 -80 2 -25 10 49870 1 
106.962 -21.0289 -179.754 0.327497 2.94748 -80 2 -25 10 49871 1 
106.951 -21.0289 -179.754 0.327497 2.94748 -80 2 -25 10 49872 1 
106.94 -21.029 -179.754 0.327497 2.94748 -80 2 -25 10 49873 1 
106.929 -21.029 -179.754 0.327497 2.94748 -80 2 -25 10 49874 1 
106.918 -21.0291 -179.754 0.327497 2.94748 -80 2 -25 10 49875 1 
106.907 -21.0291 -179.754 0.327497 2.94748 -80 2 -25 10 49876 1 
106.897 -21.0292 -179.754 0.327497 2.94748 -80 2 -25 10 49877 1 
106.886 -21.0292 -179.754 0.327497 2.94748 -80 2 -25 10 49878 1 
106.875 -21.0293 -179.754 0.327497 2.94748 -80 2 -25 10 49879 1 
106.864 -21.0293 -179.754 0.327497 2.94748 -80 2 -25 10 49880 1 
106.853 -21.0294 -179.754 0.327497 2.94748 -80 2 -25 10 49881 1 
106.842 -21.0294 -179.754 0.327497 2.94748 -80 2 -25 10 49882 1 
106.831 -21.0294 -179.754 0.327497 2.94748 -80 2 -25 10 49883 1 
106.82 -21.0295 -179.754 0.327497 2.94748 -80 2 -25 10 49884 1 
106.809 -21.0295 -179.754 0.327497 2.94748 -80 2 -25 10 49885 1 
106.798 -21.0296 -179.754 0.327497 2.94748 -80 2 -25 10 49886 1 
106.787 -21.0296 -179.754 0.327497 2.94748 -80 2 -25 10 49887 1 
106.776 -21.0297 -179.754 0.327497 2.94748 -80 2 -25 10 49888 1 
106.765 -21.0297 -179.754 0.327497 2.94748 -80 2 -25 10 49889 1 
106.755 -21.0298 -179.754 0.327497 2.94748 -80 2 -25 10 49890 1 
106.744 -21.0298 -179.754 0.327497 2.94748 -80 2 -25 10 49891 1 
106.733 -21.0299 -179.754 0.327497 2.94748 -80 2 -25 10 49892 1 
106.722 -21.0299 -179.754 0.327497 2.94748 -80 2 -25 10 49893 1 
106.711 -21.03 -179.754 0.327497 2.94748 -80 2 -25 10 49894 1 
106.7 -21.03 -179.754 0.327497 2.94748 -80 2 -25 10 49895 1 
106.689 -21.0301 -179.754 0.327497 2.94748 -80 2 -25 10 49896 1 
106.678 -21.0301 -179.754 0.327497 2.94748 -80 2 -25 10 49897 1 
106.667 -21.0302 -179.754 0.327497 2.94748 -80 2 -25 10 49898 1 
106.656 -21.0302 -179.754 0.327497 2.94748 -80 2 -25 10 49899 1 
106.645 -21.0303 -179.754 0.327497 2.94748 -80 2 -25 10 49900 1 
106.634 -21.0303 -179.754 0.327497 2.94748 -80 2 -25 10 49901 1 
106.624 -21.0304 -179.754 0.327497 2.94748 -80 2 -25 10 49902 1 
106.613 -21.0304 -179.754 0.327497 2.94748 -80 2 -25 10 49903 1 
106.602 -21.0305 -179.754 0.327497 2.94748 -80 2 -25 10 49904 1 
106.591 -21.0305 -179.754 0.327497 2.94748 -80 2 -25 10 49905 1 
106.58 -21.0305 -179.754 0.327497 2.94748 -80 2 -25 10 49906 1 
106.569 -21.0306 -179.754 0.327497 2.94748 -80 2 -25 10 49907 1 
106.558 -21.0306 -179.754 0.327497 2.94748 -80 2 -25 10 49908 1 
106.547 -21.0307 -179.754 0.327497 2.94748 -80 2 -25 10 49909 1 
106.536 -21.0307 -179.754 0.327497 2.94748 -80 2 -25 10 49910 1 
106.525 -21.0308 -179.754 0.327497 2.94748 -80 2 -25 10 49911 1 
106.514 -21.0308 -179.754 0.327497 2.94748 -80 2 -25 10 49912 1 
106.503 -21.0309 -179.754 0.327497 2.94748 -80 2 -25 10 49913 1 
106.493 -21.0309 -179.754 0.327497 2.94748 -80 2 -25 10 49914 1 
106.482 -21.031 -179.754 0.327497 2.94748 -80 2 -25 10 49915 1 
106.471 -21.031 -179.754 0.327497 2.94748 -80 2 -25 10 49916 1 
106.46 -21.0311 -179.754 0.327497 2.94748 -80 2 -25 10 49917 1 
106.449 -21.0311 -179.754 0.327497 2.94748 -80 2 -25 10 49918 1 
106.438 -21.0312 -179.754 0.327497 2.94748 -80 2 -25 10 49919 1 
106.427 -21.0312 -179.754 0.327497 2.94748 -80 2 -25 10 49920 1 
106.416 -21.0313 -179.754 0.327497 2.94748 -80 2 -25 10 49921 1 
106.405 -21.0313 -179.754 0.327497 2.94748 -80 2 -25 10 49922 1 
106.394 -21.0314 -179.754 0.327497 2.94748 -80 2 -25 10 49923 1 
106.383 -21.0314 -179.754 0.327497 2.94748 -80 2 -25 10 49924 1 
106.372 -21.0315 -179.754 0.327497 2.94748 -80 2 -25 10 49925 1 
106.362 -21.0315 -179.754 0.327497 2.94748 -80 2 -25 10 49926 1 
106.351 -21.0315 -179.754 0.327497 2.94748 -80 2 -25 10 49927 1 
106.34 -21.0316 -179.754 0.327497 2.94748 -80 2 -25 10 49928 1 
106.329 -21.0316 -179.754 0.327497 2.94748 -80 2 -25 10 49929 1 
106.318 -21.0317 -179.754 0.327497 2.94748 -80 2 -25 10 49930 1 
106.307 -21.0317 -179.754 0.327497 2.94748 -80 2 -25 10 49931 1 
106.296 -21.0318 -179.754 0.327497 2.94748 -80 2 -25 10 49932 1 
106.285 -21.0318 -179.754 0.327497 2.94748 -80 2 -25 10 49933 1 
106.274 -21.0319 -179.754 0.327497 2.94748 -80 2 -25 10 49934 1 
106.263 -21.0319 -179.754 0.327497 2.94748 -80 2 -25 10 49935 1 
106.252 -21.032 -179.754 0.327497 2.94748 -80 2 -25 10 49936 1 
106.241 -21.032 -179.754 0.327497 2.94748 -80 2 -25 10 49937 1 
106.231 -21.0321 -179.754 0.327497 2.94748 -80 2 -25 10 49938 1 
106.22 -21.0321 -179.754 0.327497 2.94748 -80 2 -25 10 49939 1 
106.209 -21.0322 -179.754 0.327497 2.94748 -80 2 -25 10 49940 1 
106.198 -21.0322 -179.754 0.327497 2.94748 -80 2 -25 10 49941 1 
106.187 -21.0323 -179.754 0.327497 2.94748 -80 2 -25 10 49942 1 
106.176 -21.0323 -179.754 0.327497 2.94748 -80 2 -25 10 49943 1 
106.165 -21.0324 -179.754 0.327497 2.94748 -80 2 -25 10 49944 1 
106.154 -21.0324 -179.754 0.327497 2.94748 -80 2 -25 10 49945 1 
106.143 -21.0325 -179.754 0.327497 2.94748 -80 2 -25 10 49946 1 
106.132 -21.0325 -179.754 0.327497 2.94748 -80 2 -25 10 49947 1 
106.121 -21.0325 -179.754 0.327497 2.94748 -80 2 -25 10 49948 1 
106.11 -21.0326 -179.754 0.327497 2.94748 -80 2 -25 10 49949 1 
106.1 -21.0326 -179.754 0.327497 2.94748 -80 2 -25 10 49950 1 
106.089 -21.0327 -179.754 0.327497 2.94748 -80 2 -25 10 49951 1 
106.078 -21.0327 -179.753 0.327497 2.94748 -80 2 -25 10 49952 1 
106.067 -21.0328 -179.753 0.327497 2.94748 -80 2 -25 10 49953 1 
106.056 -21.0328 -179.753 0.327497 2.94748 -80 2 -25 10 49954 1 
106.045 -21.0329 -179.753 0.327497 2.94748 -80 2 -25 10 49955 1 
106.034 -21.0329 -179.753 0.327497 2.94748 -80 2 -25 10 49956 1 
106.023 -21.033 -179.753 0.327497 2.94748 -80 2 -25 10 49957 1 
106.012 -21.033 -179.753 0.327497 2.94748 -80 2 -25 10 49958 1 
106.001 -21.0331 -179.753 0.327497 2.94748 -80 2 -25 10 49959 1 
105.99 -21.0331 -179.753 0.327497 2.94748 -80 2 -25 10 49960 1 
105.979 -21.0332 -179.753 0.327497 2.94748 -80 2 -25 10 49961 1 
105.969 -21.0332 -179.753 0.327497 2.94748 -80 2 -25 10 49962 1 
105.958 -21.0333 -179.753 0.327497 2.94748 -80 2 -25 10 49963 1 
105.947 -21.0333 -179.753 0.327497 2.94748 -80 2 -25 10 49964 1 
105.936 -21.0334 -179.753 0.327497 2.94748 -80 2 -25 10 49965 1 
105.925 -21.0334 -179.753 0.327497 2.94748 -80 2 -25 10 49966 1 
105.914 -21.0335 -179.753 0.327497 2.94748 -80 2 -25 10 49967 1 
105.903 -21.0335 -179.753 0.327497 2.94748 -80 2 -25 10 49968 1 
105.892 -21.0336 -179.753 0.327497 2.94748 -80 2 -25 10 49969 1 
105.881 -21.0336 -179.753 0.327497 2.94748 -80 2 -25 10 49970 1 
105.87 -21.0336 -179.753 0.327497 2.94748 -80 2 -25 10 49971 1 
105.859 -21.0337 -179.753 0.327497 2.94748 -80 2 -25 10 49972 1 
105.848 -21.0337 -179.753 0.327497 2.94748 -80 2 -25 10 49973 1 
105.837 -21.0338 -179.753 0.327497 2.94748 -80 2 -25 10 49974 1 
105.827 -21.0338 -179.753 0.327497 2.94748 -80 2 -25 10 49975 1 
105.816 -21.0339 -179.753 0.327497 2.94748 -80 2 -25 10 49976 1 
105.805 -21.0339 -179.753 0.327497 2.94748 -80 2 -25 10 49977 1 
105.794 -21.034 -179.753 0.327497 2.94748 -80 2 -25 10 49978 1 
105.783 -21.034 -179.753 0.327497 2.94748 -80 2 -25 10 49979 1 
105.772 -21.0341 -179.753 0.327497 2.94748 -80 2 -25 10 49980 1 
105.761 -21.0341 -179.753 0.327497 2.94748 -80 2 -25 10 49981 1 
105.75 -21.0342 -179.753 0.327497 2.94748 -80 2 -25 10 49982 1 
105.739 -21.0342 -179.753 0.327497 2.94748 -80 2 -25 10 49983 1 
105.728 -21.0343 -179.753 0.327497 2.94748 -80 2 -25 10 49984 1 
105.717 -21.0343 -179.753 0.327497 2.94748 -80 2 -25 10 49985 1 
105.706 -21.0344 -179.753 0.327497 2.94748 -80 2 -25 10 49986 1 
105.696 -21.0344 -179.753 0.327497 2.94748 -80 2 -25 10 49987 1 
105.685 -21.0345 -179.753 0.327497 2.94748 -80 2 -25 10 49988 1 
105.674 -21.0345 -179.753 0.327497 2.94748 -80 2 -25 10 49989 1 
105.663 -21.0346 -179.753 0.327497 2.94748 -80 2 -25 10 49990 1 
105.652 -21.0346 -179.753 0.327497 2.94748 -80 2 -25 10 49991 1 
105.641 -21.0346 -179.753 0.327497 2.94748 -80 2 -25 10 49992 1 
105.63 -21.0347 -179.753 0.327497 2.94748 -80 2 -25 10 49993 1 
105.619 -21.0347 -179.753 0.327497 2.94748 -80 2 -25 10 49994 1 
105.608 -21.0348 -179.753 0.327497 2.94748 -80 2 -25 10 49995 1 
105.597 -21.0348 -179.753 0.327497 2.94748 -80 2 -25 10 49996 1 
105.586 -21.0349 -179.753 0.327497 2.94748 -80 2 -25 10 49997 1 
105.575 -21.0349 -179.753 0.327497 2.94748 -80 2 -25 10 49998 1 
105.565 -21.035 -179.753 0.327497 2.94748 -80 2 -25 10 49999 1 
