-187.749 27.9053 -0.267013 0.277306 2.49576 80 2 25 10 38323 0 
-187.74 27.9053 -0.264651 0.277306 2.49576 80 2 25 10 38324 0 
-187.731 27.9052 -0.262328 0.277306 2.49576 80 2 25 10 38325 0 
-187.722 27.9052 -0.260044 0.277306 2.49576 80 2 25 10 38326 0 
-187.712 27.9051 -0.257798 0.277306 2.49576 80 2 25 10 38327 0 
-187.703 27.9051 -0.255589 0.277306 2.49576 80 2 25 10 38328 0 
-187.694 27.905 -0.253418 0.277306 2.49576 80 2 25 10 38329 0 
-187.685 27.905 -0.251282 0.277306 2.49576 80 2 25 10 38330 0 
-187.675 27.905 -0.249182 0.277306 2.49576 80 2 25 10 38331 0 
-187.666 27.9049 -0.247118 0.277306 2.49576 80 2 25 10 38332 0 
-187.657 27.9049 -0.245087 0.277306 2.49576 80 2 25 10 38333 0 
-187.648 27.9048 -0.243091 0.277306 2.49576 80 2 25 10 38334 0 
-187.638 27.9048 -0.241128 0.277306 2.49576 80 2 25 10 38335 0 
-187.629 27.9048 -0.239197 0.277306 2.49576 80 2 25 10 38336 0 
-187.62 27.9047 -0.237299 0.277306 2.49576 80 2 25 10 38337 0 
-187.611 27.9047 -0.235433 0.277306 2.49576 80 2 25 10 38338 0 
-187.601 27.9046 -0.233598 0.277306 2.49576 80 2 25 10 38339 0 
-187.592 27.9046 -0.231793 0.277306 2.49576 80 2 25 10 38340 0 
-187.583 27.9046 -0.230018 0.277306 2.49576 80 2 25 10 38341 0 
-187.574 27.9045 -0.228274 0.277306 2.49576 80 2 25 10 38342 0 
-187.564 27.9045 -0.226558 0.277306 2.49576 80 2 25 10 38343 0 
-187.555 27.9045 -0.224871 0.277306 2.49576 80 2 25 10 38344 0 
-187.546 27.9044 -0.223212 0.277306 2.49576 80 2 25 10 38345 0 
-187.537 27.9044 -0.22158 0.277306 2.49576 80 2 25 10 38346 0 
-187.527 27.9044 -0.219976 0.277306 2.49576 80 2 25 10 38347 0 
-187.518 27.9043 -0.218399 0.277306 2.49576 80 2 25 10 38348 0 
-187.509 27.9043 -0.216848 0.277306 2.49576 80 2 25 10 38349 0 
-187.5 27.9042 -0.215323 0.277306 2.49576 80 2 25 10 38350 0 
-187.491 27.9042 -0.213824 0.277306 2.49576 80 2 25 10 38351 0 
-187.481 27.9042 -0.212349 0.277306 2.49576 80 2 25 10 38352 0 
-187.472 27.9041 -0.210899 0.277306 2.49576 80 2 25 10 38353 0 
-187.463 27.9041 -0.209473 0.277306 2.49576 80 2 25 10 38354 0 
-187.454 27.9041 -0.208072 0.277306 2.49576 80 2 25 10 38355 0 
-187.444 27.904 -0.206693 0.277306 2.49576 80 2 25 10 38356 0 
-187.435 27.904 -0.205338 0.277306 2.49576 80 2 25 10 38357 0 
-187.426 27.904 -0.204005 0.277306 2.49576 80 2 25 10 38358 0 
-187.417 27.9039 -0.202694 0.277306 2.49576 80 2 25 10 38359 0 
-187.407 27.9039 -0.201406 0.277306 2.49576 80 2 25 10 38360 0 
-187.398 27.9039 -0.200139 0.277306 2.49576 80 2 25 10 38361 0 
-187.389 27.9038 -0.198893 0.277306 2.49576 80 2 25 10 38362 0 
-187.38 27.9038 -0.197667 0.277306 2.49576 80 2 25 10 38363 0 
-187.37 27.9038 -0.196463 0.277306 2.49576 80 2 25 10 38364 0 
-187.361 27.9038 -0.195278 0.277306 2.49576 80 2 25 10 38365 0 
-187.352 27.9037 -0.194113 0.277306 2.49576 80 2 25 10 38366 0 
-187.343 27.9037 -0.192968 0.277306 2.49576 80 2 25 10 38367 0 
-187.333 27.9037 -0.191842 0.277306 2.49576 80 2 25 10 38368 0 
-187.324 27.9036 -0.190735 0.277306 2.49576 80 2 25 10 38369 0 
-187.315 27.9036 -0.189646 0.277306 2.49576 80 2 25 10 38370 0 
-187.306 27.9036 -0.188575 0.277306 2.49576 80 2 25 10 38371 0 
-187.296 27.9035 -0.187523 0.277306 2.49576 80 2 25 10 38372 0 
-187.287 27.9035 -0.186487 0.277306 2.49576 80 2 25 10 38373 0 
-187.278 27.9035 -0.18547 0.277306 2.49576 80 2 25 10 38374 0 
-187.269 27.9034 -0.184469 0.277306 2.49576 80 2 25 10 38375 0 
-187.259 27.9034 -0.183485 0.277306 2.49576 80 2 25 10 38376 0 
-187.25 27.9034 -0.182517 0.277306 2.49576 80 2 25 10 38377 0 
-187.241 27.9034 -0.181566 0.277306 2.49576 80 2 25 10 38378 0 
-187.232 27.9033 -0.18063 0.277306 2.49576 80 2 25 10 38379 0 
-187.222 27.9033 -0.17971 0.277306 2.49576 80 2 25 10 38380 0 
-187.213 27.9033 -0.178806 0.277306 2.49576 80 2 25 10 38381 0 
-187.204 27.9032 -0.177916 0.277306 2.49576 80 2 25 10 38382 0 
-187.195 27.9032 -0.177042 0.277306 2.49576 80 2 25 10 38383 0 
-187.185 27.9032 -0.176182 0.277306 2.49576 80 2 25 10 38384 0 
-187.176 27.9032 -0.175336 0.277306 2.49576 80 2 25 10 38385 0 
-187.167 27.9031 -0.174505 0.277306 2.49576 80 2 25 10 38386 0 
-187.158 27.9031 -0.173688 0.277306 2.49576 80 2 25 10 38387 0 
-187.148 27.9031 -0.172884 0.277306 2.49576 80 2 25 10 38388 0 
-187.139 27.903 -0.172093 0.277306 2.49576 80 2 25 10 38389 0 
-187.13 27.903 -0.171316 0.277306 2.49576 80 2 25 10 38390 0 
-187.121 27.903 -0.170552 0.277306 2.49576 80 2 25 10 38391 0 
-187.111 27.903 -0.169801 0.277306 2.49576 80 2 25 10 38392 0 
-187.102 27.9029 -0.169062 0.277306 2.49576 80 2 25 10 38393 0 
-187.093 27.9029 -0.168336 0.277306 2.49576 80 2 25 10 38394 0 
-187.084 27.9029 -0.167622 0.277306 2.49576 80 2 25 10 38395 0 
-187.074 27.9029 -0.166919 0.277306 2.49576 80 2 25 10 38396 0 
-187.065 27.9028 -0.166229 0.277306 2.49576 80 2 25 10 38397 0 
-187.056 27.9028 -0.16555 0.277306 2.49576 80 2 25 10 38398 0 
-187.047 27.9028 -0.164882 0.277306 2.49576 80 2 25 10 38399 0 
-187.037 27.9027 -0.164226 0.277306 2.49576 80 2 25 10 38400 0 
-187.028 27.9027 -0.163581 0.277306 2.49576 80 2 25 10 38401 0 
-187.019 27.9027 -0.162946 0.277306 2.49576 80 2 25 10 38402 0 
-187.01 27.9027 -0.162322 0.277306 2.49576 80 2 25 10 38403 0 
-187 27.9026 -0.161709 0.277306 2.49576 80 2 25 10 38404 0 
-186.991 27.9026 -0.161105 0.277306 2.49576 80 2 25 10 38405 0 
-186.982 27.9026 -0.160512 0.277306 2.49576 80 2 25 10 38406 0 
-186.973 27.9026 -0.159929 0.277306 2.49576 80 2 25 10 38407 0 
-186.963 27.9025 -0.159356 0.277306 2.49576 80 2 25 10 38408 0 
-186.954 27.9025 -0.158792 0.277306 2.49576 80 2 25 10 38409 0 
-186.945 27.9025 -0.158238 0.277306 2.49576 80 2 25 10 38410 0 
-186.936 27.9025 -0.157693 0.277306 2.49576 80 2 25 10 38411 0 
-186.926 27.9024 -0.157157 0.277306 2.49576 80 2 25 10 38412 0 
-186.917 27.9024 -0.15663 0.277306 2.49576 80 2 25 10 38413 0 
-186.908 27.9024 -0.156112 0.277306 2.49576 80 2 25 10 38414 0 
-186.899 27.9024 -0.155602 0.277306 2.49576 80 2 25 10 38415 0 
-186.889 27.9023 -0.155101 0.277306 2.49576 80 2 25 10 38416 0 
-186.88 27.9023 -0.154609 0.277306 2.49576 80 2 25 10 38417 0 
-186.871 27.9023 -0.154125 0.277306 2.49576 80 2 25 10 38418 0 
-186.862 27.9023 -0.153649 0.277306 2.49576 80 2 25 10 38419 0 
-186.852 27.9022 -0.153181 0.277306 2.49576 80 2 25 10 38420 0 
-186.843 27.9022 -0.15272 0.277306 2.49576 80 2 25 10 38421 0 
-186.834 27.9022 -0.152268 0.277306 2.49576 80 2 25 10 38422 0 
-186.825 27.9022 -0.151823 0.277306 2.49576 80 2 25 10 38423 0 
-186.815 27.9021 -0.151386 0.277306 2.49576 80 2 25 10 38424 0 
-186.806 27.9021 -0.150956 0.277306 2.49576 80 2 25 10 38425 0 
-186.797 27.9021 -0.150533 0.277306 2.49576 80 2 25 10 38426 0 
-186.788 27.9021 -0.150117 0.277306 2.49576 80 2 25 10 38427 0 
-186.779 27.902 -0.149708 0.277306 2.49576 80 2 25 10 38428 0 
-186.769 27.902 -0.149306 0.277306 2.49576 80 2 25 10 38429 0 
-186.76 27.902 -0.148911 0.277306 2.49576 80 2 25 10 38430 0 
-186.751 27.902 -0.148523 0.277306 2.49576 80 2 25 10 38431 0 
-186.742 27.9019 -0.148141 0.277306 2.49576 80 2 25 10 38432 0 
-186.732 27.9019 -0.147765 0.277306 2.49576 80 2 25 10 38433 0 
-186.723 27.9019 -0.147396 0.277306 2.49576 80 2 25 10 38434 0 
-186.714 27.9019 -0.147033 0.277306 2.49576 80 2 25 10 38435 0 
-186.705 27.9018 -0.146676 0.277306 2.49576 80 2 25 10 38436 0 
-186.695 27.9018 -0.146325 0.277306 2.49576 80 2 25 10 38437 0 
-186.686 27.9018 -0.14598 0.277306 2.49576 80 2 25 10 38438 0 
-186.677 27.9018 -0.145641 0.277306 2.49576 80 2 25 10 38439 0 
-186.668 27.9018 -0.145308 0.277306 2.49576 80 2 25 10 38440 0 
-186.658 27.9017 -0.14498 0.277306 2.49576 80 2 25 10 38441 0 
-186.649 27.9017 -0.144657 0.277306 2.49576 80 2 25 10 38442 0 
-186.64 27.9017 -0.14434 0.277306 2.49576 80 2 25 10 38443 0 
-186.631 27.9017 -0.144029 0.277306 2.49576 80 2 25 10 38444 0 
-186.621 27.9016 -0.143722 0.277306 2.49576 80 2 25 10 38445 0 
-186.612 27.9016 -0.143421 0.277306 2.49576 80 2 25 10 38446 0 
-186.603 27.9016 -0.143125 0.277306 2.49576 80 2 25 10 38447 0 
-186.594 27.9016 -0.142834 0.277306 2.49576 80 2 25 10 38448 0 
-186.584 27.9015 -0.142548 0.277306 2.49576 80 2 25 10 38449 0 
-186.575 27.9015 -0.142267 0.277306 2.49576 80 2 25 10 38450 0 
-186.566 27.9015 -0.14199 0.277306 2.49576 80 2 25 10 38451 0 
-186.557 27.9015 -0.141718 0.277306 2.49576 80 2 25 10 38452 0 
-186.547 27.9015 -0.141451 0.277306 2.49576 80 2 25 10 38453 0 
-186.538 27.9014 -0.141188 0.277306 2.49576 80 2 25 10 38454 0 
-186.529 27.9014 -0.140929 0.277306 2.49576 80 2 25 10 38455 0 
-186.52 27.9014 -0.140675 0.277306 2.49576 80 2 25 10 38456 0 
-186.51 27.9014 -0.140425 0.277306 2.49576 80 2 25 10 38457 0 
-186.501 27.9013 -0.14018 0.277306 2.49576 80 2 25 10 38458 0 
-186.492 27.9013 -0.139939 0.277306 2.49576 80 2 25 10 38459 0 
-186.483 27.9013 -0.139701 0.277306 2.49576 80 2 25 10 38460 0 
-186.473 27.9013 -0.139468 0.277306 2.49576 80 2 25 10 38461 0 
-186.464 27.9012 -0.139239 0.277306 2.49576 80 2 25 10 38462 0 
-186.455 27.9012 -0.139013 0.277306 2.49576 80 2 25 10 38463 0 
-186.446 27.9012 -0.138791 0.277306 2.49576 80 2 25 10 38464 0 
-186.436 27.9012 -0.138574 0.277306 2.49576 80 2 25 10 38465 0 
-186.427 27.9012 -0.138359 0.277306 2.49576 80 2 25 10 38466 0 
-186.418 27.9011 -0.138149 0.277306 2.49576 80 2 25 10 38467 0 
-186.409 27.9011 -0.137942 0.277306 2.49576 80 2 25 10 38468 0 
-186.399 27.9011 -0.137738 0.277306 2.49576 80 2 25 10 38469 0 
-186.39 27.9011 -0.137538 0.277306 2.49576 80 2 25 10 38470 0 
-186.381 27.901 -0.137341 0.277306 2.49576 80 2 25 10 38471 0 
-186.372 27.901 -0.137148 0.277306 2.49576 80 2 25 10 38472 0 
-186.362 27.901 -0.136958 0.277306 2.49576 80 2 25 10 38473 0 
-186.353 27.901 -0.136771 0.277306 2.49576 80 2 25 10 38474 0 
-186.344 27.9009 -0.136587 0.277306 2.49576 80 2 25 10 38475 0 
-186.335 27.9009 -0.136407 0.277306 2.49576 80 2 25 10 38476 0 
-186.325 27.9009 -0.136229 0.277306 2.49576 80 2 25 10 38477 0 
-186.316 27.9009 -0.136055 0.277306 2.49576 80 2 25 10 38478 0 
-186.307 27.9009 -0.135883 0.277306 2.49576 80 2 25 10 38479 0 
-186.298 27.9008 -0.135715 0.277306 2.49576 80 2 25 10 38480 0 
-186.288 27.9008 -0.135549 0.277306 2.49576 80 2 25 10 38481 0 
-186.279 27.9008 -0.135386 0.277306 2.49576 80 2 25 10 38482 0 
-186.27 27.9008 -0.135226 0.277306 2.49576 80 2 25 10 38483 0 
-186.261 27.9008 -0.135069 0.277306 2.49576 80 2 25 10 38484 0 
-186.251 27.9007 -0.134914 0.277306 2.49576 80 2 25 10 38485 0 
-186.242 27.9007 -0.134762 0.277306 2.49576 80 2 25 10 38486 0 
-186.233 27.9007 -0.134612 0.277306 2.49576 80 2 25 10 38487 0 
-186.224 27.9007 -0.134465 0.277306 2.49576 80 2 25 10 38488 0 
-186.214 27.9006 -0.134321 0.277306 2.49576 80 2 25 10 38489 0 
-186.205 27.9006 -0.134179 0.277306 2.49576 80 2 25 10 38490 0 
-186.196 27.9006 -0.13404 0.277306 2.49576 80 2 25 10 38491 0 
-186.187 27.9006 -0.133902 0.277306 2.49576 80 2 25 10 38492 0 
-186.177 27.9006 -0.133768 0.277306 2.49576 80 2 25 10 38493 0 
-186.168 27.9005 -0.133635 0.277306 2.49576 80 2 25 10 38494 0 
-186.159 27.9005 -0.133505 0.277306 2.49576 80 2 25 10 38495 0 
-186.15 27.9005 -0.133377 0.277306 2.49576 80 2 25 10 38496 0 
-186.14 27.9005 -0.133251 0.277306 2.49576 80 2 25 10 38497 0 
-186.131 27.9005 -0.133127 0.277306 2.49576 80 2 25 10 38498 0 
-186.122 27.9004 -0.133006 0.277306 2.49576 80 2 25 10 38499 0 
-186.113 27.9004 -0.132886 0.277306 2.49576 80 2 25 10 38500 0 
-186.103 27.9004 -0.132769 0.277306 2.49576 80 2 25 10 38501 0 
-186.094 27.9004 -0.132653 0.277306 2.49576 80 2 25 10 38502 0 
-186.085 27.9004 -0.13254 0.277306 2.49576 80 2 25 10 38503 0 
-186.076 27.9003 -0.132429 0.277306 2.49576 80 2 25 10 38504 0 
-186.066 27.9003 -0.132319 0.277306 2.49576 80 2 25 10 38505 0 
-186.057 27.9003 -0.132211 0.277306 2.49576 80 2 25 10 38506 0 
-186.048 27.9003 -0.132106 0.277306 2.49576 80 2 25 10 38507 0 
-186.039 27.9002 -0.132002 0.277306 2.49576 80 2 25 10 38508 0 
-186.03 27.9002 -0.131899 0.277306 2.49576 80 2 25 10 38509 0 
-186.02 27.9002 -0.131799 0.277306 2.49576 80 2 25 10 38510 0 
-186.011 27.9002 -0.1317 0.277306 2.49576 80 2 25 10 38511 0 
-186.002 27.9002 -0.131603 0.277306 2.49576 80 2 25 10 38512 0 
-185.993 27.9001 -0.131508 0.277306 2.49576 80 2 25 10 38513 0 
-185.983 27.9001 -0.131414 0.277306 2.49576 80 2 25 10 38514 0 
-185.974 27.9001 -0.131322 0.277306 2.49576 80 2 25 10 38515 0 
-185.965 27.9001 -0.131232 0.277306 2.49576 80 2 25 10 38516 0 
-185.956 27.9001 -0.131143 0.277306 2.49576 80 2 25 10 38517 0 
-185.946 27.9 -0.131055 0.277306 2.49576 80 2 25 10 38518 0 
-185.937 27.9 -0.130969 0.277306 2.49576 80 2 25 10 38519 0 
-185.928 27.9 -0.130885 0.277306 2.49576 80 2 25 10 38520 0 
-185.919 27.9 -0.130802 0.277306 2.49576 80 2 25 10 38521 0 
-185.909 27.9 -0.130721 0.277306 2.49576 80 2 25 10 38522 0 
-185.9 27.8999 -0.130641 0.277306 2.49576 80 2 25 10 38523 0 
-185.891 27.8999 -0.130562 0.277306 2.49576 80 2 25 10 38524 0 
-185.882 27.8999 -0.130485 0.277306 2.49576 80 2 25 10 38525 0 
-185.872 27.8999 -0.130409 0.277306 2.49576 80 2 25 10 38526 0 
-185.863 27.8999 -0.130334 0.277306 2.49576 80 2 25 10 38527 0 
-185.854 27.8998 -0.130261 0.277306 2.49576 80 2 25 10 38528 0 
-185.845 27.8998 -0.130189 0.277306 2.49576 80 2 25 10 38529 0 
-185.835 27.8998 -0.130118 0.277306 2.49576 80 2 25 10 38530 0 
-185.826 27.8998 -0.130049 0.277306 2.49576 80 2 25 10 38531 0 
-185.817 27.8997 -0.12998 0.277306 2.49576 80 2 25 10 38532 0 
-185.808 27.8997 -0.129913 0.277306 2.49576 80 2 25 10 38533 0 
-185.798 27.8997 -0.129847 0.277306 2.49576 80 2 25 10 38534 0 
-185.789 27.8997 -0.129782 0.277306 2.49576 80 2 25 10 38535 0 
-185.78 27.8997 -0.129719 0.277306 2.49576 80 2 25 10 38536 0 
-185.771 27.8996 -0.129656 0.277306 2.49576 80 2 25 10 38537 0 
-185.761 27.8996 -0.129595 0.277306 2.49576 80 2 25 10 38538 0 
-185.752 27.8996 -0.129535 0.277306 2.49576 80 2 25 10 38539 0 
-185.743 27.8996 -0.129475 0.277306 2.49576 80 2 25 10 38540 0 
-185.734 27.8996 -0.129417 0.277306 2.49576 80 2 25 10 38541 0 
-185.724 27.8995 -0.12936 0.277306 2.49576 80 2 25 10 38542 0 
-185.715 27.8995 -0.129304 0.277306 2.49576 80 2 25 10 38543 0 
-185.706 27.8995 -0.129248 0.277306 2.49576 80 2 25 10 38544 0 
-185.697 27.8995 -0.129194 0.277306 2.49576 80 2 25 10 38545 0 
-185.687 27.8995 -0.129141 0.277306 2.49576 80 2 25 10 38546 0 
-185.678 27.8994 -0.129089 0.277306 2.49576 80 2 25 10 38547 0 
-185.669 27.8994 -0.129037 0.277306 2.49576 80 2 25 10 38548 0 
-185.66 27.8994 -0.128987 0.277306 2.49576 80 2 25 10 38549 0 
-185.65 27.8994 -0.128937 0.277306 2.49576 80 2 25 10 38550 0 
-185.641 27.8993 -0.128889 0.277306 2.49576 80 2 25 10 38551 0 
-185.632 27.8993 -0.128841 0.277306 2.49576 80 2 25 10 38552 0 
-185.623 27.8993 -0.128794 0.277306 2.49576 80 2 25 10 38553 0 
-185.613 27.8993 -0.128748 0.277306 2.49576 80 2 25 10 38554 0 
-185.604 27.8993 -0.128702 0.277306 2.49576 80 2 25 10 38555 0 
-185.595 27.8992 -0.128658 0.277306 2.49576 80 2 25 10 38556 0 
-185.586 27.8992 -0.128614 0.277306 2.49576 80 2 25 10 38557 0 
-185.576 27.8992 -0.128571 0.277306 2.49576 80 2 25 10 38558 0 
-185.567 27.8992 -0.128529 0.277306 2.49576 80 2 25 10 38559 0 
-185.558 27.8992 -0.128488 0.277306 2.49576 80 2 25 10 38560 0 
-185.549 27.8991 -0.128447 0.277306 2.49576 80 2 25 10 38561 0 
-185.539 27.8991 -0.128407 0.277306 2.49576 80 2 25 10 38562 0 
-185.53 27.8991 -0.128368 0.277306 2.49576 80 2 25 10 38563 0 
-185.521 27.8991 -0.12833 0.277306 2.49576 80 2 25 10 38564 0 
-185.512 27.8991 -0.128292 0.277306 2.49576 80 2 25 10 38565 0 
-185.502 27.899 -0.128255 0.277306 2.49576 80 2 25 10 38566 0 
-185.493 27.899 -0.128219 0.277306 2.49576 80 2 25 10 38567 0 
-185.484 27.899 -0.128183 0.277306 2.49576 80 2 25 10 38568 0 
-185.475 27.899 -0.128148 0.277306 2.49576 80 2 25 10 38569 0 
-185.465 27.8989 -0.128113 0.277306 2.49576 80 2 25 10 38570 0 
-185.456 27.8989 -0.12808 0.277306 2.49576 80 2 25 10 38571 0 
-185.447 27.8989 -0.128047 0.277306 2.49576 80 2 25 10 38572 0 
-185.438 27.8989 -0.128014 0.277306 2.49576 80 2 25 10 38573 0 
-185.428 27.8989 -0.127982 0.277306 2.49576 80 2 25 10 38574 0 
-185.419 27.8988 -0.127951 0.277306 2.49576 80 2 25 10 38575 0 
-185.41 27.8988 -0.12792 0.277306 2.49576 80 2 25 10 38576 0 
-185.401 27.8988 -0.12789 0.277306 2.49576 80 2 25 10 38577 0 
-185.391 27.8988 -0.12786 0.277306 2.49576 80 2 25 10 38578 0 
-185.382 27.8988 -0.127831 0.277306 2.49576 80 2 25 10 38579 0 
-185.373 27.8987 -0.127802 0.277306 2.49576 80 2 25 10 38580 0 
-185.364 27.8987 -0.127774 0.277306 2.49576 80 2 25 10 38581 0 
-185.354 27.8987 -0.127747 0.277306 2.49576 80 2 25 10 38582 0 
-185.345 27.8987 -0.12772 0.277306 2.49576 80 2 25 10 38583 0 
-185.336 27.8987 -0.127693 0.277306 2.49576 80 2 25 10 38584 0 
-185.327 27.8986 -0.127668 0.277306 2.49576 80 2 25 10 38585 0 
-185.318 27.8986 -0.127642 0.277306 2.49576 80 2 25 10 38586 0 
-185.308 27.8986 -0.127617 0.277306 2.49576 80 2 25 10 38587 0 
-185.299 27.8986 -0.127593 0.277306 2.49576 80 2 25 10 38588 0 
-185.29 27.8986 -0.127568 0.277306 2.49576 80 2 25 10 38589 0 
-185.281 27.8985 -0.127545 0.277306 2.49576 80 2 25 10 38590 0 
-185.271 27.8985 -0.127522 0.277306 2.49576 80 2 25 10 38591 0 
-185.262 27.8985 -0.127499 0.277306 2.49576 80 2 25 10 38592 0 
-185.253 27.8985 -0.127477 0.277306 2.49576 80 2 25 10 38593 0 
-185.244 27.8984 -0.127455 0.277306 2.49576 80 2 25 10 38594 0 
-185.234 27.8984 -0.127434 0.277306 2.49576 80 2 25 10 38595 0 
-185.225 27.8984 -0.127413 0.277306 2.49576 80 2 25 10 38596 0 
-185.216 27.8984 -0.127392 0.277306 2.49576 80 2 25 10 38597 0 
-185.207 27.8984 -0.127372 0.277306 2.49576 80 2 25 10 38598 0 
-185.197 27.8983 -0.127352 0.277306 2.49576 80 2 25 10 38599 0 
-185.188 27.8983 -0.127333 0.277306 2.49576 80 2 25 10 38600 0 
-185.179 27.8983 -0.127314 0.277306 2.49576 80 2 25 10 38601 0 
-185.17 27.8983 -0.127295 0.277306 2.49576 80 2 25 10 38602 0 
-185.16 27.8983 -0.127277 0.277306 2.49576 80 2 25 10 38603 0 
-185.151 27.8982 -0.127259 0.277306 2.49576 80 2 25 10 38604 0 
-185.142 27.8982 -0.127241 0.277306 2.49576 80 2 25 10 38605 0 
-185.133 27.8982 -0.127224 0.277306 2.49576 80 2 25 10 38606 0 
-185.123 27.8982 -0.127207 0.277306 2.49576 80 2 25 10 38607 0 
-185.114 27.8982 -0.127191 0.277306 2.49576 80 2 25 10 38608 0 
-185.105 27.8981 -0.127175 0.277306 2.49576 80 2 25 10 38609 0 
-185.096 27.8981 -0.127159 0.277306 2.49576 80 2 25 10 38610 0 
-185.086 27.8981 -0.127143 0.277306 2.49576 80 2 25 10 38611 0 
-185.077 27.8981 -0.127128 0.277306 2.49576 80 2 25 10 38612 0 
-185.068 27.898 -0.127113 0.277306 2.49576 80 2 25 10 38613 0 
-185.059 27.898 -0.127099 0.277306 2.49576 80 2 25 10 38614 0 
-185.049 27.898 -0.127084 0.277306 2.49576 80 2 25 10 38615 0 
-185.04 27.898 -0.12707 0.277306 2.49576 80 2 25 10 38616 0 
-185.031 27.898 -0.127057 0.277306 2.49576 80 2 25 10 38617 0 
-185.022 27.8979 -0.127043 0.277306 2.49576 80 2 25 10 38618 0 
-185.012 27.8979 -0.12703 0.277306 2.49576 80 2 25 10 38619 0 
-185.003 27.8979 -0.127017 0.277306 2.49576 80 2 25 10 38620 0 
-184.994 27.8979 -0.127005 0.277306 2.49576 80 2 25 10 38621 0 
-184.985 27.8979 -0.126992 0.277306 2.49576 80 2 25 10 38622 0 
-184.975 27.8978 -0.12698 0.277306 2.49576 80 2 25 10 38623 0 
-184.966 27.8978 -0.126968 0.277306 2.49576 80 2 25 10 38624 0 
-184.957 27.8978 -0.126957 0.277306 2.49576 80 2 25 10 38625 0 
-184.948 27.8978 -0.126946 0.277306 2.49576 80 2 25 10 38626 0 
-184.938 27.8978 -0.126935 0.277306 2.49576 80 2 25 10 38627 0 
-184.929 27.8977 -0.126924 0.277306 2.49576 80 2 25 10 38628 0 
-184.92 27.8977 -0.126913 0.277306 2.49576 80 2 25 10 38629 0 
-184.911 27.8977 -0.126903 0.277306 2.49576 80 2 25 10 38630 0 
-184.901 27.8977 -0.126893 0.277306 2.49576 80 2 25 10 38631 0 
-184.892 27.8976 -0.126883 0.277306 2.49576 80 2 25 10 38632 0 
-184.883 27.8976 -0.126873 0.277306 2.49576 80 2 25 10 38633 0 
-184.874 27.8976 -0.126864 0.277306 2.49576 80 2 25 10 38634 0 
-184.864 27.8976 -0.126855 0.277306 2.49576 80 2 25 10 38635 0 
-184.855 27.8976 -0.126846 0.277306 2.49576 80 2 25 10 38636 0 
-184.846 27.8975 -0.126837 0.277306 2.49576 80 2 25 10 38637 0 
-184.837 27.8975 -0.126828 0.277306 2.49576 80 2 25 10 38638 0 
-184.827 27.8975 -0.12682 0.277306 2.49576 80 2 25 10 38639 0 
-184.818 27.8975 -0.126812 0.277306 2.49576 80 2 25 10 38640 0 
-184.809 27.8975 -0.126804 0.277306 2.49576 80 2 25 10 38641 0 
-184.8 27.8974 -0.126796 0.277306 2.49576 80 2 25 10 38642 0 
-184.79 27.8974 -0.126788 0.277306 2.49576 80 2 25 10 38643 0 
-184.781 27.8974 -0.126781 0.277306 2.49576 80 2 25 10 38644 0 
-184.772 27.8974 -0.126774 0.277306 2.49576 80 2 25 10 38645 0 
-184.763 27.8974 -0.126767 0.277306 2.49576 80 2 25 10 38646 0 
-184.753 27.8973 -0.12676 0.277306 2.49576 80 2 25 10 38647 0 
-184.744 27.8973 -0.126753 0.277306 2.49576 80 2 25 10 38648 0 
-184.735 27.8973 -0.126747 0.277306 2.49576 80 2 25 10 38649 0 
-184.726 27.8973 -0.12674 0.277306 2.49576 80 2 25 10 38650 0 
-184.716 27.8972 -0.126734 0.277306 2.49576 80 2 25 10 38651 0 
-184.707 27.8972 -0.126728 0.277306 2.49576 80 2 25 10 38652 0 
-184.698 27.8972 -0.126722 0.277306 2.49576 80 2 25 10 38653 0 
-184.689 27.8972 -0.126716 0.277306 2.49576 80 2 25 10 38654 0 
-184.679 27.8972 -0.126711 0.277306 2.49576 80 2 25 10 38655 0 
-184.67 27.8971 -0.126706 0.277306 2.49576 80 2 25 10 38656 0 
-184.661 27.8971 -0.1267 0.277306 2.49576 80 2 25 10 38657 0 
-184.652 27.8971 -0.126695 0.277306 2.49576 80 2 25 10 38658 0 
-184.642 27.8971 -0.12669 0.277306 2.49576 80 2 25 10 38659 0 
-184.633 27.8971 -0.126685 0.277306 2.49576 80 2 25 10 38660 0 
-184.624 27.897 -0.126681 0.277306 2.49576 80 2 25 10 38661 0 
-184.615 27.897 -0.126676 0.277306 2.49576 80 2 25 10 38662 0 
-184.605 27.897 -0.126672 0.277306 2.49576 80 2 25 10 38663 0 
-184.596 27.897 -0.126667 0.277306 2.49576 80 2 25 10 38664 0 
-184.587 27.897 -0.126663 0.277306 2.49576 80 2 25 10 38665 0 
-184.578 27.8969 -0.126659 0.277306 2.49576 80 2 25 10 38666 0 
-184.569 27.8969 -0.126655 0.277306 2.49576 80 2 25 10 38667 0 
-184.559 27.8969 -0.126651 0.277306 2.49576 80 2 25 10 38668 0 
-184.55 27.8969 -0.126648 0.277306 2.49576 80 2 25 10 38669 0 
-184.541 27.8969 -0.126644 0.277306 2.49576 80 2 25 10 38670 0 
-184.532 27.8968 -0.126641 0.277306 2.49576 80 2 25 10 38671 0 
-184.522 27.8968 -0.126638 0.277306 2.49576 80 2 25 10 38672 0 
-184.513 27.8968 -0.126634 0.277306 2.49576 80 2 25 10 38673 0 
-184.504 27.8968 -0.126631 0.277306 2.49576 80 2 25 10 38674 0 
-184.495 27.8967 -0.126628 0.277306 2.49576 80 2 25 10 38675 0 
-184.485 27.8967 -0.126625 0.277306 2.49576 80 2 25 10 38676 0 
-184.476 27.8967 -0.126623 0.277306 2.49576 80 2 25 10 38677 0 
-184.467 27.8967 -0.12662 0.277306 2.49576 80 2 25 10 38678 0 
-184.458 27.8967 -0.126617 0.277306 2.49576 80 2 25 10 38679 0 
-184.448 27.8966 -0.126615 0.277306 2.49576 80 2 25 10 38680 0 
-184.439 27.8966 -0.126613 0.277306 2.49576 80 2 25 10 38681 0 
-184.43 27.8966 -0.12661 0.277306 2.49576 80 2 25 10 38682 0 
-184.421 27.8966 -0.126608 0.277306 2.49576 80 2 25 10 38683 0 
-184.411 27.8966 -0.126606 0.277306 2.49576 80 2 25 10 38684 0 
-184.402 27.8965 -0.126604 0.277306 2.49576 80 2 25 10 38685 0 
-184.393 27.8965 -0.126602 0.277306 2.49576 80 2 25 10 38686 0 
-184.384 27.8965 -0.126601 0.277306 2.49576 80 2 25 10 38687 0 
-184.374 27.8965 -0.126599 0.277306 2.49576 80 2 25 10 38688 0 
-184.365 27.8965 -0.126597 0.277306 2.49576 80 2 25 10 38689 0 
-184.356 27.8964 -0.126596 0.277306 2.49576 80 2 25 10 38690 0 
-184.347 27.8964 -0.126594 0.277306 2.49576 80 2 25 10 38691 0 
-184.337 27.8964 -0.126593 0.277306 2.49576 80 2 25 10 38692 0 
-184.328 27.8964 -0.126592 0.277306 2.49576 80 2 25 10 38693 0 
-184.319 27.8963 -0.126591 0.277306 2.49576 80 2 25 10 38694 0 
-184.31 27.8963 -0.126589 0.277306 2.49576 80 2 25 10 38695 0 
-184.3 27.8963 -0.126588 0.277306 2.49576 80 2 25 10 38696 0 
-184.291 27.8963 -0.126588 0.277306 2.49576 80 2 25 10 38697 0 
-184.282 27.8963 -0.126587 0.277306 2.49576 80 2 25 10 38698 0 
-184.273 27.8962 -0.126586 0.277306 2.49576 80 2 25 10 38699 0 
-184.263 27.8962 -0.126585 0.277306 2.49576 80 2 25 10 38700 0 
-184.254 27.8962 -0.126584 0.277306 2.49576 80 2 25 10 38701 0 
-184.245 27.8962 -0.126584 0.277306 2.49576 80 2 25 10 38702 0 
-184.236 27.8962 -0.126583 0.277306 2.49576 80 2 25 10 38703 0 
-184.226 27.8961 -0.126583 0.277306 2.49576 80 2 25 10 38704 0 
-184.217 27.8961 -0.126582 0.277306 2.49576 80 2 25 10 38705 0 
-184.208 27.8961 -0.126582 0.277306 2.49576 80 2 25 10 38706 0 
-184.199 27.8961 -0.126582 0.277306 2.49576 80 2 25 10 38707 0 
-184.189 27.8961 -0.126582 0.277306 2.49576 80 2 25 10 38708 0 
-184.18 27.896 -0.126582 0.277306 2.49576 80 2 25 10 38709 0 
-184.171 27.896 -0.126581 0.277306 2.49576 80 2 25 10 38710 0 
-184.162 27.896 -0.126581 0.277306 2.49576 80 2 25 10 38711 0 
-184.152 27.896 -0.126582 0.277306 2.49576 80 2 25 10 38712 0 
-184.143 27.8959 -0.126582 0.277306 2.49576 80 2 25 10 38713 0 
-184.134 27.8959 -0.126582 0.277306 2.49576 80 2 25 10 38714 0 
-184.125 27.8959 -0.126582 0.277306 2.49576 80 2 25 10 38715 0 
-184.115 27.8959 -0.126582 0.277306 2.49576 80 2 25 10 38716 0 
-184.106 27.8959 -0.126583 0.277306 2.49576 80 2 25 10 38717 0 
-184.097 27.8958 -0.126583 0.277306 2.49576 80 2 25 10 38718 0 
-184.088 27.8958 -0.126583 0.277306 2.49576 80 2 25 10 38719 0 
-184.078 27.8958 -0.126584 0.277306 2.49576 80 2 25 10 38720 0 
-184.069 27.8958 -0.126584 0.277306 2.49576 80 2 25 10 38721 0 
-184.06 27.8958 -0.126585 0.277306 2.49576 80 2 25 10 38722 0 
-184.051 27.8957 -0.126586 0.277306 2.49576 80 2 25 10 38723 0 
-184.041 27.8957 -0.126586 0.277306 2.49576 80 2 25 10 38724 0 
-184.032 27.8957 -0.126587 0.277306 2.49576 80 2 25 10 38725 0 
-184.023 27.8957 -0.126588 0.277306 2.49576 80 2 25 10 38726 0 
-184.014 27.8957 -0.126589 0.277306 2.49576 80 2 25 10 38727 0 
-184.004 27.8956 -0.12659 0.277306 2.49576 80 2 25 10 38728 0 
-183.995 27.8956 -0.126591 0.277306 2.49576 80 2 25 10 38729 0 
-183.986 27.8956 -0.126591 0.277306 2.49576 80 2 25 10 38730 0 
-183.977 27.8956 -0.126592 0.277306 2.49576 80 2 25 10 38731 0 
-183.967 27.8955 -0.126594 0.277306 2.49576 80 2 25 10 38732 0 
-183.958 27.8955 -0.126595 0.277306 2.49576 80 2 25 10 38733 0 
-183.949 27.8955 -0.126596 0.277306 2.49576 80 2 25 10 38734 0 
-183.94 27.8955 -0.126597 0.277306 2.49576 80 2 25 10 38735 0 
-183.93 27.8955 -0.126598 0.277306 2.49576 80 2 25 10 38736 0 
-183.921 27.8954 -0.126599 0.277306 2.49576 80 2 25 10 38737 0 
-183.912 27.8954 -0.126601 0.277306 2.49576 80 2 25 10 38738 0 
-183.903 27.8954 -0.126602 0.277306 2.49576 80 2 25 10 38739 0 
-183.893 27.8954 -0.126603 0.277306 2.49576 80 2 25 10 38740 0 
-183.884 27.8954 -0.126605 0.277306 2.49576 80 2 25 10 38741 0 
-183.875 27.8953 -0.126606 0.277306 2.49576 80 2 25 10 38742 0 
-183.866 27.8953 -0.126608 0.277306 2.49576 80 2 25 10 38743 0 
-183.857 27.8953 -0.126609 0.277306 2.49576 80 2 25 10 38744 0 
-183.847 27.8953 -0.126611 0.277306 2.49576 80 2 25 10 38745 0 
-183.838 27.8953 -0.126612 0.277306 2.49576 80 2 25 10 38746 0 
-183.829 27.8952 -0.126614 0.277306 2.49576 80 2 25 10 38747 0 
-183.82 27.8952 -0.126616 0.277306 2.49576 80 2 25 10 38748 0 
-183.81 27.8952 -0.126617 0.277306 2.49576 80 2 25 10 38749 0 
-183.801 27.8952 -0.126619 0.277306 2.49576 80 2 25 10 38750 0 
-183.792 27.8952 -0.126621 0.277306 2.49576 80 2 25 10 38751 0 
-183.783 27.8951 -0.126622 0.277306 2.49576 80 2 25 10 38752 0 
-183.773 27.8951 -0.126624 0.277306 2.49576 80 2 25 10 38753 0 
-183.764 27.8951 -0.126626 0.277306 2.49576 80 2 25 10 38754 0 
-183.755 27.8951 -0.126628 0.277306 2.49576 80 2 25 10 38755 0 
-183.746 27.895 -0.12663 0.277306 2.49576 80 2 25 10 38756 0 
-183.736 27.895 -0.126632 0.277306 2.49576 80 2 25 10 38757 0 
-183.727 27.895 -0.126634 0.277306 2.49576 80 2 25 10 38758 0 
-183.718 27.895 -0.126636 0.277306 2.49576 80 2 25 10 38759 0 
-183.709 27.895 -0.126638 0.277306 2.49576 80 2 25 10 38760 0 
-183.699 27.8949 -0.12664 0.277306 2.49576 80 2 25 10 38761 0 
-183.69 27.8949 -0.126642 0.277306 2.49576 80 2 25 10 38762 0 
-183.681 27.8949 -0.126644 0.277306 2.49576 80 2 25 10 38763 0 
-183.672 27.8949 -0.126646 0.277306 2.49576 80 2 25 10 38764 0 
-183.662 27.8949 -0.126648 0.277306 2.49576 80 2 25 10 38765 0 
-183.653 27.8948 -0.12665 0.277306 2.49576 80 2 25 10 38766 0 
-183.644 27.8948 -0.126652 0.277306 2.49576 80 2 25 10 38767 0 
-183.635 27.8948 -0.126654 0.277306 2.49576 80 2 25 10 38768 0 
-183.625 27.8948 -0.126657 0.277306 2.49576 80 2 25 10 38769 0 
-183.616 27.8948 -0.126659 0.277306 2.49576 80 2 25 10 38770 0 
-183.607 27.8947 -0.126661 0.277306 2.49576 80 2 25 10 38771 0 
-183.598 27.8947 -0.126663 0.277306 2.49576 80 2 25 10 38772 0 
-183.588 27.8947 -0.126666 0.277306 2.49576 80 2 25 10 38773 0 
-183.579 27.8947 -0.126668 0.277306 2.49576 80 2 25 10 38774 0 
-183.57 27.8946 -0.12667 0.277306 2.49576 80 2 25 10 38775 0 
-183.561 27.8946 -0.126673 0.277306 2.49576 80 2 25 10 38776 0 
-183.551 27.8946 -0.126675 0.277306 2.49576 80 2 25 10 38777 0 
-183.542 27.8946 -0.126677 0.277306 2.49576 80 2 25 10 38778 0 
-183.533 27.8946 -0.12668 0.277306 2.49576 80 2 25 10 38779 0 
-183.524 27.8945 -0.126682 0.277306 2.49576 80 2 25 10 38780 0 
-183.514 27.8945 -0.126685 0.277306 2.49576 80 2 25 10 38781 0 
-183.505 27.8945 -0.126687 0.277306 2.49576 80 2 25 10 38782 0 
-183.496 27.8945 -0.12669 0.277306 2.49576 80 2 25 10 38783 0 
-183.487 27.8945 -0.126692 0.277306 2.49576 80 2 25 10 38784 0 
-183.477 27.8944 -0.126695 0.277306 2.49576 80 2 25 10 38785 0 
-183.468 27.8944 -0.126697 0.277306 2.49576 80 2 25 10 38786 0 
-183.459 27.8944 -0.1267 0.277306 2.49576 80 2 25 10 38787 0 
-183.45 27.8944 -0.126702 0.277306 2.49576 80 2 25 10 38788 0 
-183.44 27.8944 -0.126705 0.277306 2.49576 80 2 25 10 38789 0 
-183.431 27.8943 -0.126708 0.277306 2.49576 80 2 25 10 38790 0 
-183.422 27.8943 -0.12671 0.277306 2.49576 80 2 25 10 38791 0 
-183.413 27.8943 -0.126713 0.277306 2.49576 80 2 25 10 38792 0 
-183.403 27.8943 -0.126716 0.277306 2.49576 80 2 25 10 38793 0 
-183.394 27.8942 -0.126718 0.277306 2.49576 80 2 25 10 38794 0 
-183.385 27.8942 -0.126721 0.277306 2.49576 80 2 25 10 38795 0 
-183.376 27.8942 -0.126724 0.277306 2.49576 80 2 25 10 38796 0 
-183.366 27.8942 -0.126726 0.277306 2.49576 80 2 25 10 38797 0 
-183.357 27.8942 -0.126729 0.277306 2.49576 80 2 25 10 38798 0 
-183.348 27.8941 -0.126732 0.277306 2.49576 80 2 25 10 38799 0 
-183.339 27.8941 -0.126735 0.277306 2.49576 80 2 25 10 38800 0 
-183.329 27.8941 -0.126737 0.277306 2.49576 80 2 25 10 38801 0 
-183.32 27.8941 -0.12674 0.277306 2.49576 80 2 25 10 38802 0 
-183.311 27.8941 -0.126743 0.277306 2.49576 80 2 25 10 38803 0 
-183.302 27.894 -0.126746 0.277306 2.49576 80 2 25 10 38804 0 
-183.292 27.894 -0.126749 0.277306 2.49576 80 2 25 10 38805 0 
-183.283 27.894 -0.126751 0.277306 2.49576 80 2 25 10 38806 0 
-183.274 27.894 -0.126754 0.277306 2.49576 80 2 25 10 38807 0 
-183.265 27.894 -0.126757 0.277306 2.49576 80 2 25 10 38808 0 
-183.255 27.8939 -0.12676 0.277306 2.49576 80 2 25 10 38809 0 
-183.246 27.8939 -0.126763 0.277306 2.49576 80 2 25 10 38810 0 
-183.237 27.8939 -0.126766 0.277306 2.49576 80 2 25 10 38811 0 
-183.228 27.8939 -0.126769 0.277306 2.49576 80 2 25 10 38812 0 
-183.218 27.8939 -0.126772 0.277306 2.49576 80 2 25 10 38813 0 
-183.209 27.8938 -0.126775 0.277306 2.49576 80 2 25 10 38814 0 
-183.2 27.8938 -0.126777 0.277306 2.49576 80 2 25 10 38815 0 
-183.191 27.8938 -0.12678 0.277306 2.49576 80 2 25 10 38816 0 
-183.181 27.8938 -0.126783 0.277306 2.49576 80 2 25 10 38817 0 
-183.172 27.8937 -0.126786 0.277306 2.49576 80 2 25 10 38818 0 
-183.163 27.8937 -0.126789 0.277306 2.49576 80 2 25 10 38819 0 
-183.154 27.8937 -0.126792 0.277306 2.49576 80 2 25 10 38820 0 
-183.145 27.8937 -0.126795 0.277306 2.49576 80 2 25 10 38821 0 
-183.135 27.8937 -0.126798 0.277306 2.49576 80 2 25 10 38822 0 
-183.126 27.8936 -0.126801 0.277306 2.49576 80 2 25 10 38823 0 
-183.117 27.8936 -0.126804 0.277306 2.49576 80 2 25 10 38824 0 
-183.108 27.8936 -0.126807 0.277306 2.49576 80 2 25 10 38825 0 
-183.098 27.8936 -0.126811 0.277306 2.49576 80 2 25 10 38826 0 
-183.089 27.8936 -0.126814 0.277306 2.49576 80 2 25 10 38827 0 
-183.08 27.8935 -0.126817 0.277306 2.49576 80 2 25 10 38828 0 
-183.071 27.8935 -0.12682 0.277306 2.49576 80 2 25 10 38829 0 
-183.061 27.8935 -0.126823 0.277306 2.49576 80 2 25 10 38830 0 
-183.052 27.8935 -0.126826 0.277306 2.49576 80 2 25 10 38831 0 
-183.043 27.8935 -0.126829 0.277306 2.49576 80 2 25 10 38832 0 
-183.034 27.8934 -0.126832 0.277306 2.49576 80 2 25 10 38833 0 
-183.024 27.8934 -0.126835 0.277306 2.49576 80 2 25 10 38834 0 
-183.015 27.8934 -0.126838 0.277306 2.49576 80 2 25 10 38835 0 
-183.006 27.8934 -0.126841 0.277306 2.49576 80 2 25 10 38836 0 
-182.997 27.8933 -0.126845 0.277306 2.49576 80 2 25 10 38837 0 
-182.987 27.8933 -0.126848 0.277306 2.49576 80 2 25 10 38838 0 
-182.978 27.8933 -0.126851 0.277306 2.49576 80 2 25 10 38839 0 
-182.969 27.8933 -0.126854 0.277306 2.49576 80 2 25 10 38840 0 
-182.96 27.8933 -0.126857 0.277306 2.49576 80 2 25 10 38841 0 
-182.95 27.8932 -0.12686 0.277306 2.49576 80 2 25 10 38842 0 
-182.941 27.8932 -0.126864 0.277306 2.49576 80 2 25 10 38843 0 
-182.932 27.8932 -0.126867 0.277306 2.49576 80 2 25 10 38844 0 
-182.923 27.8932 -0.12687 0.277306 2.49576 80 2 25 10 38845 0 
-182.913 27.8932 -0.126873 0.277306 2.49576 80 2 25 10 38846 0 
-182.904 27.8931 -0.126876 0.277306 2.49576 80 2 25 10 38847 0 
-182.895 27.8931 -0.12688 0.277306 2.49576 80 2 25 10 38848 0 
-182.886 27.8931 -0.126883 0.277306 2.49576 80 2 25 10 38849 0 
-182.876 27.8931 -0.126886 0.277306 2.49576 80 2 25 10 38850 0 
-182.867 27.8931 -0.126889 0.277306 2.49576 80 2 25 10 38851 0 
-182.858 27.893 -0.126892 0.277306 2.49576 80 2 25 10 38852 0 
-182.849 27.893 -0.126896 0.277306 2.49576 80 2 25 10 38853 0 
-182.839 27.893 -0.126899 0.277306 2.49576 80 2 25 10 38854 0 
-182.83 27.893 -0.126902 0.277306 2.49576 80 2 25 10 38855 0 
-182.821 27.8929 -0.126906 0.277306 2.49576 80 2 25 10 38856 0 
-182.812 27.8929 -0.126909 0.277306 2.49576 80 2 25 10 38857 0 
-182.802 27.8929 -0.126912 0.277306 2.49576 80 2 25 10 38858 0 
-182.793 27.8929 -0.126915 0.277306 2.49576 80 2 25 10 38859 0 
-182.784 27.8929 -0.126919 0.277306 2.49576 80 2 25 10 38860 0 
-182.775 27.8928 -0.126922 0.277306 2.49576 80 2 25 10 38861 0 
-182.765 27.8928 -0.126925 0.277306 2.49576 80 2 25 10 38862 0 
-182.756 27.8928 -0.126928 0.277306 2.49576 80 2 25 10 38863 0 
-182.747 27.8928 -0.126932 0.277306 2.49576 80 2 25 10 38864 0 
-182.738 27.8928 -0.126935 0.277306 2.49576 80 2 25 10 38865 0 
-182.728 27.8927 -0.126938 0.277306 2.49576 80 2 25 10 38866 0 
-182.719 27.8927 -0.126942 0.277306 2.49576 80 2 25 10 38867 0 
-182.71 27.8927 -0.126945 0.277306 2.49576 80 2 25 10 38868 0 
-182.701 27.8927 -0.126948 0.277306 2.49576 80 2 25 10 38869 0 
-182.691 27.8927 -0.126952 0.277306 2.49576 80 2 25 10 38870 0 
-182.682 27.8926 -0.126955 0.277306 2.49576 80 2 25 10 38871 0 
-182.673 27.8926 -0.126958 0.277306 2.49576 80 2 25 10 38872 0 
-182.664 27.8926 -0.126962 0.277306 2.49576 80 2 25 10 38873 0 
-182.654 27.8926 -0.126965 0.277306 2.49576 80 2 25 10 38874 0 
-182.645 27.8925 -0.126968 0.277306 2.49576 80 2 25 10 38875 0 
-182.636 27.8925 -0.126972 0.277306 2.49576 80 2 25 10 38876 0 
-182.627 27.8925 -0.126975 0.277306 2.49576 80 2 25 10 38877 0 
-182.617 27.8925 -0.126978 0.277306 2.49576 80 2 25 10 38878 0 
-182.608 27.8925 -0.126982 0.277306 2.49576 80 2 25 10 38879 0 
-182.599 27.8924 -0.126985 0.277306 2.49576 80 2 25 10 38880 0 
-182.59 27.8924 -0.126989 0.277306 2.49576 80 2 25 10 38881 0 
-182.58 27.8924 -0.126992 0.277306 2.49576 80 2 25 10 38882 0 
-182.571 27.8924 -0.126995 0.277306 2.49576 80 2 25 10 38883 0 
-182.562 27.8924 -0.126999 0.277306 2.49576 80 2 25 10 38884 0 
-182.553 27.8923 -0.127002 0.277306 2.49576 80 2 25 10 38885 0 
-182.543 27.8923 -0.127005 0.277306 2.49576 80 2 25 10 38886 0 
-182.534 27.8923 -0.127009 0.277306 2.49576 80 2 25 10 38887 0 
-182.525 27.8923 -0.127012 0.277306 2.49576 80 2 25 10 38888 0 
-182.516 27.8923 -0.127016 0.277306 2.49576 80 2 25 10 38889 0 
-182.506 27.8922 -0.127019 0.277306 2.49576 80 2 25 10 38890 0 
-182.497 27.8922 -0.127022 0.277306 2.49576 80 2 25 10 38891 0 
-182.488 27.8922 -0.127026 0.277306 2.49576 80 2 25 10 38892 0 
-182.479 27.8922 -0.127029 0.277306 2.49576 80 2 25 10 38893 0 
-182.469 27.8922 -0.127033 0.277306 2.49576 80 2 25 10 38894 0 
-182.46 27.8921 -0.127036 0.277306 2.49576 80 2 25 10 38895 0 
-182.451 27.8921 -0.12704 0.277306 2.49576 80 2 25 10 38896 0 
-182.442 27.8921 -0.127043 0.277306 2.49576 80 2 25 10 38897 0 
-182.432 27.8921 -0.127046 0.277306 2.49576 80 2 25 10 38898 0 
-182.423 27.892 -0.12705 0.277306 2.49576 80 2 25 10 38899 0 
-182.414 27.892 -0.127053 0.277306 2.49576 80 2 25 10 38900 0 
-182.405 27.892 -0.127057 0.277306 2.49576 80 2 25 10 38901 0 
-182.396 27.892 -0.12706 0.277306 2.49576 80 2 25 10 38902 0 
-182.386 27.892 -0.127064 0.277306 2.49576 80 2 25 10 38903 0 
-182.377 27.8919 -0.127067 0.277306 2.49576 80 2 25 10 38904 0 
-182.368 27.8919 -0.12707 0.277306 2.49576 80 2 25 10 38905 0 
-182.359 27.8919 -0.127074 0.277306 2.49576 80 2 25 10 38906 0 
-182.349 27.8919 -0.127077 0.277306 2.49576 80 2 25 10 38907 0 
-182.34 27.8919 -0.127081 0.277306 2.49576 80 2 25 10 38908 0 
-182.331 27.8918 -0.127084 0.277306 2.49576 80 2 25 10 38909 0 
-182.322 27.8918 -0.127088 0.277306 2.49576 80 2 25 10 38910 0 
-182.312 27.8918 -0.127091 0.277306 2.49576 80 2 25 10 38911 0 
-182.303 27.8918 -0.127095 0.277306 2.49576 80 2 25 10 38912 0 
-182.294 27.8918 -0.127098 0.277306 2.49576 80 2 25 10 38913 0 
-182.285 27.8917 -0.127102 0.277306 2.49576 80 2 25 10 38914 0 
-182.275 27.8917 -0.127105 0.277306 2.49576 80 2 25 10 38915 0 
-182.266 27.8917 -0.127108 0.277306 2.49576 80 2 25 10 38916 0 
-182.257 27.8917 -0.127112 0.277306 2.49576 80 2 25 10 38917 0 
-182.248 27.8916 -0.127115 0.277306 2.49576 80 2 25 10 38918 0 
-182.238 27.8916 -0.127119 0.277306 2.49576 80 2 25 10 38919 0 
-182.229 27.8916 -0.127122 0.277306 2.49576 80 2 25 10 38920 0 
-182.22 27.8916 -0.127126 0.277306 2.49576 80 2 25 10 38921 0 
-182.211 27.8916 -0.127129 0.277306 2.49576 80 2 25 10 38922 0 
-182.201 27.8915 -0.127133 0.277306 2.49576 80 2 25 10 38923 0 
-182.192 27.8915 -0.127136 0.277306 2.49576 80 2 25 10 38924 0 
-182.183 27.8915 -0.12714 0.277306 2.49576 80 2 25 10 38925 0 
-182.174 27.8915 -0.127143 0.277306 2.49576 80 2 25 10 38926 0 
-182.164 27.8915 -0.127147 0.277306 2.49576 80 2 25 10 38927 0 
-182.155 27.8914 -0.12715 0.277306 2.49576 80 2 25 10 38928 0 
-182.146 27.8914 -0.127154 0.277306 2.49576 80 2 25 10 38929 0 
-182.137 27.8914 -0.127157 0.277306 2.49576 80 2 25 10 38930 0 
-182.127 27.8914 -0.127161 0.277306 2.49576 80 2 25 10 38931 0 
-182.118 27.8914 -0.127164 0.277306 2.49576 80 2 25 10 38932 0 
-182.109 27.8913 -0.127168 0.277306 2.49576 80 2 25 10 38933 0 
-182.1 27.8913 -0.127171 0.277306 2.49576 80 2 25 10 38934 0 
-182.09 27.8913 -0.127175 0.277306 2.49576 80 2 25 10 38935 0 
-182.081 27.8913 -0.127178 0.277306 2.49576 80 2 25 10 38936 0 
-182.072 27.8912 -0.127182 0.277306 2.49576 80 2 25 10 38937 0 
-182.063 27.8912 -0.127185 0.277306 2.49576 80 2 25 10 38938 0 
-182.053 27.8912 -0.127189 0.277306 2.49576 80 2 25 10 38939 0 
-182.044 27.8912 -0.127192 0.277306 2.49576 80 2 25 10 38940 0 
-182.035 27.8912 -0.127196 0.277306 2.49576 80 2 25 10 38941 0 
-182.026 27.8911 -0.127199 0.277306 2.49576 80 2 25 10 38942 0 
-182.016 27.8911 -0.127203 0.277306 2.49576 80 2 25 10 38943 0 
-182.007 27.8911 -0.127206 0.277306 2.49576 80 2 25 10 38944 0 
-181.998 27.8911 -0.12721 0.277306 2.49576 80 2 25 10 38945 0 
-181.989 27.8911 -0.127213 0.277306 2.49576 80 2 25 10 38946 0 
-181.979 27.891 -0.127217 0.277306 2.49576 80 2 25 10 38947 0 
-181.97 27.891 -0.127221 0.277306 2.49576 80 2 25 10 38948 0 
-181.961 27.891 -0.127224 0.277306 2.49576 80 2 25 10 38949 0 
-181.952 27.891 -0.127228 0.277306 2.49576 80 2 25 10 38950 0 
-181.942 27.891 -0.127231 0.277306 2.49576 80 2 25 10 38951 0 
-181.933 27.8909 -0.127235 0.277306 2.49576 80 2 25 10 38952 0 
-181.924 27.8909 -0.127238 0.277306 2.49576 80 2 25 10 38953 0 
-181.915 27.8909 -0.127242 0.277306 2.49576 80 2 25 10 38954 0 
-181.905 27.8909 -0.127245 0.277306 2.49576 80 2 25 10 38955 0 
-181.896 27.8909 -0.127249 0.277306 2.49576 80 2 25 10 38956 0 
-181.887 27.8908 -0.127252 0.277306 2.49576 80 2 25 10 38957 0 
-181.878 27.8908 -0.127256 0.277306 2.49576 80 2 25 10 38958 0 
-181.868 27.8908 -0.127259 0.277306 2.49576 80 2 25 10 38959 0 
-181.859 27.8908 -0.127263 0.277306 2.49576 80 2 25 10 38960 0 
-181.85 27.8907 -0.127267 0.277306 2.49576 80 2 25 10 38961 0 
-181.841 27.8907 -0.12727 0.277306 2.49576 80 2 25 10 38962 0 
-181.831 27.8907 -0.127274 0.277306 2.49576 80 2 25 10 38963 0 
-181.822 27.8907 -0.127277 0.277306 2.49576 80 2 25 10 38964 0 
-181.813 27.8907 -0.127281 0.277306 2.49576 80 2 25 10 38965 0 
-181.804 27.8906 -0.127284 0.277306 2.49576 80 2 25 10 38966 0 
-181.794 27.8906 -0.127288 0.277306 2.49576 80 2 25 10 38967 0 
-181.785 27.8906 -0.127291 0.277306 2.49576 80 2 25 10 38968 0 
-181.776 27.8906 -0.127295 0.277306 2.49576 80 2 25 10 38969 0 
-181.767 27.8906 -0.127298 0.277306 2.49576 80 2 25 10 38970 0 
-181.757 27.8905 -0.127302 0.277306 2.49576 80 2 25 10 38971 0 
-181.748 27.8905 -0.127306 0.277306 2.49576 80 2 25 10 38972 0 
-181.739 27.8905 -0.127309 0.277306 2.49576 80 2 25 10 38973 0 
-181.73 27.8905 -0.127313 0.277306 2.49576 80 2 25 10 38974 0 
-181.72 27.8905 -0.127316 0.277306 2.49576 80 2 25 10 38975 0 
-181.711 27.8904 -0.12732 0.277306 2.49576 80 2 25 10 38976 0 
-181.702 27.8904 -0.127323 0.277306 2.49576 80 2 25 10 38977 0 
-181.693 27.8904 -0.127327 0.277306 2.49576 80 2 25 10 38978 0 
-181.684 27.8904 -0.12733 0.277306 2.49576 80 2 25 10 38979 0 
-181.674 27.8903 -0.127334 0.277306 2.49576 80 2 25 10 38980 0 
-181.665 27.8903 -0.127338 0.277306 2.49576 80 2 25 10 38981 0 
-181.656 27.8903 -0.127341 0.277306 2.49576 80 2 25 10 38982 0 
-181.647 27.8903 -0.127345 0.277306 2.49576 80 2 25 10 38983 0 
-181.637 27.8903 -0.127348 0.277306 2.49576 80 2 25 10 38984 0 
-181.628 27.8902 -0.127352 0.277306 2.49576 80 2 25 10 38985 0 
-181.619 27.8902 -0.127355 0.277306 2.49576 80 2 25 10 38986 0 
-181.61 27.8902 -0.127359 0.277306 2.49576 80 2 25 10 38987 0 
-181.6 27.8902 -0.127363 0.277306 2.49576 80 2 25 10 38988 0 
-181.591 27.8902 -0.127366 0.277306 2.49576 80 2 25 10 38989 0 
-181.582 27.8901 -0.12737 0.277306 2.49576 80 2 25 10 38990 0 
-181.573 27.8901 -0.127373 0.277306 2.49576 80 2 25 10 38991 0 
-181.563 27.8901 -0.127377 0.277306 2.49576 80 2 25 10 38992 0 
-181.554 27.8901 -0.12738 0.277306 2.49576 80 2 25 10 38993 0 
-181.545 27.8901 -0.127384 0.277306 2.49576 80 2 25 10 38994 0 
-181.536 27.89 -0.127388 0.277306 2.49576 80 2 25 10 38995 0 
-181.526 27.89 -0.127391 0.277306 2.49576 80 2 25 10 38996 0 
-181.517 27.89 -0.127395 0.277306 2.49576 80 2 25 10 38997 0 
-181.508 27.89 -0.127398 0.277306 2.49576 80 2 25 10 38998 0 
-181.499 27.8899 -0.127402 0.277306 2.49576 80 2 25 10 38999 0 
-181.489 27.8899 -0.127405 0.277306 2.49576 80 2 25 10 39000 0 
-181.48 27.8899 -0.127409 0.277306 2.49576 80 2 25 10 39001 0 
-181.471 27.8899 -0.127413 0.277306 2.49576 80 2 25 10 39002 0 
-181.462 27.8899 -0.127416 0.277306 2.49576 80 2 25 10 39003 0 
-181.452 27.8898 -0.12742 0.277306 2.49576 80 2 25 10 39004 0 
-181.443 27.8898 -0.127423 0.277306 2.49576 80 2 25 10 39005 0 
-181.434 27.8898 -0.127427 0.277306 2.49576 80 2 25 10 39006 0 
-181.425 27.8898 -0.12743 0.277306 2.49576 80 2 25 10 39007 0 
-181.415 27.8898 -0.127434 0.277306 2.49576 80 2 25 10 39008 0 
-181.406 27.8897 -0.127438 0.277306 2.49576 80 2 25 10 39009 0 
-181.397 27.8897 -0.127441 0.277306 2.49576 80 2 25 10 39010 0 
-181.388 27.8897 -0.127445 0.277306 2.49576 80 2 25 10 39011 0 
-181.378 27.8897 -0.127448 0.277306 2.49576 80 2 25 10 39012 0 
-181.369 27.8897 -0.127452 0.277306 2.49576 80 2 25 10 39013 0 
-181.36 27.8896 -0.127456 0.277306 2.49576 80 2 25 10 39014 0 
-181.351 27.8896 -0.127459 0.277306 2.49576 80 2 25 10 39015 0 
-181.341 27.8896 -0.127463 0.277306 2.49576 80 2 25 10 39016 0 
-181.332 27.8896 -0.127466 0.277306 2.49576 80 2 25 10 39017 0 
-181.323 27.8895 -0.12747 0.277306 2.49576 80 2 25 10 39018 0 
-181.314 27.8895 -0.127474 0.277306 2.49576 80 2 25 10 39019 0 
-181.304 27.8895 -0.127477 0.277306 2.49576 80 2 25 10 39020 0 
-181.295 27.8895 -0.127481 0.277306 2.49576 80 2 25 10 39021 0 
-181.286 27.8895 -0.127484 0.277306 2.49576 80 2 25 10 39022 0 
-181.277 27.8894 -0.127488 0.277306 2.49576 80 2 25 10 39023 0 
-181.267 27.8894 -0.127492 0.277306 2.49576 80 2 25 10 39024 0 
-181.258 27.8894 -0.127495 0.277306 2.49576 80 2 25 10 39025 0 
-181.249 27.8894 -0.127499 0.277306 2.49576 80 2 25 10 39026 0 
-181.24 27.8894 -0.127502 0.277306 2.49576 80 2 25 10 39027 0 
-181.23 27.8893 -0.127506 0.277306 2.49576 80 2 25 10 39028 0 
-181.221 27.8893 -0.127509 0.277306 2.49576 80 2 25 10 39029 0 
-181.212 27.8893 -0.127513 0.277306 2.49576 80 2 25 10 39030 0 
-181.203 27.8893 -0.127517 0.277306 2.49576 80 2 25 10 39031 0 
-181.193 27.8893 -0.12752 0.277306 2.49576 80 2 25 10 39032 0 
-181.184 27.8892 -0.127524 0.277306 2.49576 80 2 25 10 39033 0 
-181.175 27.8892 -0.127527 0.277306 2.49576 80 2 25 10 39034 0 
-181.166 27.8892 -0.127531 0.277306 2.49576 80 2 25 10 39035 0 
-181.156 27.8892 -0.127535 0.277306 2.49576 80 2 25 10 39036 0 
-181.147 27.8892 -0.127538 0.277306 2.49576 80 2 25 10 39037 0 
-181.138 27.8891 -0.127542 0.277306 2.49576 80 2 25 10 39038 0 
-181.129 27.8891 -0.127545 0.277306 2.49576 80 2 25 10 39039 0 
-181.119 27.8891 -0.127549 0.277306 2.49576 80 2 25 10 39040 0 
-181.11 27.8891 -0.127553 0.277306 2.49576 80 2 25 10 39041 0 
-181.101 27.889 -0.127556 0.277306 2.49576 80 2 25 10 39042 0 
-181.092 27.889 -0.12756 0.277306 2.49576 80 2 25 10 39043 0 
-181.082 27.889 -0.127564 0.277306 2.49576 80 2 25 10 39044 0 
-181.073 27.889 -0.127567 0.277306 2.49576 80 2 25 10 39045 0 
-181.064 27.889 -0.127571 0.277306 2.49576 80 2 25 10 39046 0 
-181.055 27.8889 -0.127574 0.277306 2.49576 80 2 25 10 39047 0 
-181.045 27.8889 -0.127578 0.277306 2.49576 80 2 25 10 39048 0 
-181.036 27.8889 -0.127582 0.277306 2.49576 80 2 25 10 39049 0 
-181.027 27.8889 -0.127585 0.277306 2.49576 80 2 25 10 39050 0 
-181.018 27.8889 -0.127589 0.277306 2.49576 80 2 25 10 39051 0 
-181.008 27.8888 -0.127592 0.277306 2.49576 80 2 25 10 39052 0 
-180.999 27.8888 -0.127596 0.277306 2.49576 80 2 25 10 39053 0 
-180.99 27.8888 -0.1276 0.277306 2.49576 80 2 25 10 39054 0 
-180.981 27.8888 -0.127603 0.277306 2.49576 80 2 25 10 39055 0 
-180.971 27.8888 -0.127607 0.277306 2.49576 80 2 25 10 39056 0 
-180.962 27.8887 -0.12761 0.277306 2.49576 80 2 25 10 39057 0 
-180.953 27.8887 -0.127614 0.277306 2.49576 80 2 25 10 39058 0 
-180.944 27.8887 -0.127618 0.277306 2.49576 80 2 25 10 39059 0 
-180.935 27.8887 -0.127621 0.277306 2.49576 80 2 25 10 39060 0 
-180.925 27.8886 -0.127625 0.277306 2.49576 80 2 25 10 39061 0 
-180.916 27.8886 -0.127628 0.277306 2.49576 80 2 25 10 39062 0 
-180.907 27.8886 -0.127632 0.277306 2.49576 80 2 25 10 39063 0 
-180.898 27.8886 -0.127636 0.277306 2.49576 80 2 25 10 39064 0 
-180.888 27.8886 -0.127639 0.277306 2.49576 80 2 25 10 39065 0 
-180.879 27.8885 -0.127643 0.277306 2.49576 80 2 25 10 39066 0 
-180.87 27.8885 -0.127646 0.277306 2.49576 80 2 25 10 39067 0 
-180.861 27.8885 -0.12765 0.277306 2.49576 80 2 25 10 39068 0 
-180.851 27.8885 -0.127654 0.277306 2.49576 80 2 25 10 39069 0 
-180.842 27.8885 -0.127657 0.277306 2.49576 80 2 25 10 39070 0 
-180.833 27.8884 -0.127661 0.277306 2.49576 80 2 25 10 39071 0 
-180.824 27.8884 -0.127665 0.277306 2.49576 80 2 25 10 39072 0 
-180.814 27.8884 -0.127668 0.277306 2.49576 80 2 25 10 39073 0 
-180.805 27.8884 -0.127672 0.277306 2.49576 80 2 25 10 39074 0 
-180.796 27.8884 -0.127675 0.277306 2.49576 80 2 25 10 39075 0 
-180.787 27.8883 -0.127679 0.277306 2.49576 80 2 25 10 39076 0 
-180.777 27.8883 -0.127683 0.277306 2.49576 80 2 25 10 39077 0 
-180.768 27.8883 -0.127686 0.277306 2.49576 80 2 25 10 39078 0 
-180.759 27.8883 -0.12769 0.277306 2.49576 80 2 25 10 39079 0 
-180.75 27.8882 -0.127694 0.277306 2.49576 80 2 25 10 39080 0 
-180.74 27.8882 -0.127697 0.277306 2.49576 80 2 25 10 39081 0 
-180.731 27.8882 -0.127701 0.277306 2.49576 80 2 25 10 39082 0 
-180.722 27.8882 -0.127704 0.277306 2.49576 80 2 25 10 39083 0 
-180.713 27.8882 -0.127708 0.277306 2.49576 80 2 25 10 39084 0 
-180.703 27.8881 -0.127712 0.277306 2.49576 80 2 25 10 39085 0 
-180.694 27.8881 -0.127715 0.277306 2.49576 80 2 25 10 39086 0 
-180.685 27.8881 -0.127719 0.277306 2.49576 80 2 25 10 39087 0 
-180.676 27.8881 -0.127723 0.277306 2.49576 80 2 25 10 39088 0 
-180.666 27.8881 -0.127726 0.277306 2.49576 80 2 25 10 39089 0 
-180.657 27.888 -0.12773 0.277306 2.49576 80 2 25 10 39090 0 
-180.648 27.888 -0.127733 0.277306 2.49576 80 2 25 10 39091 0 
-180.639 27.888 -0.127737 0.277306 2.49576 80 2 25 10 39092 0 
-180.629 27.888 -0.127741 0.277306 2.49576 80 2 25 10 39093 0 
-180.62 27.888 -0.127744 0.277306 2.49576 80 2 25 10 39094 0 
-180.611 27.8879 -0.127748 0.277306 2.49576 80 2 25 10 39095 0 
-180.602 27.8879 -0.127751 0.277306 2.49576 80 2 25 10 39096 0 
-180.592 27.8879 -0.127755 0.277306 2.49576 80 2 25 10 39097 0 
-180.583 27.8879 -0.127759 0.277306 2.49576 80 2 25 10 39098 0 
-180.574 27.8878 -0.127762 0.277306 2.49576 80 2 25 10 39099 0 
-180.565 27.8878 -0.127766 0.277306 2.49576 80 2 25 10 39100 0 
-180.555 27.8878 -0.12777 0.277306 2.49576 80 2 25 10 39101 0 
-180.546 27.8878 -0.127773 0.277306 2.49576 80 2 25 10 39102 0 
-180.537 27.8878 -0.127777 0.277306 2.49576 80 2 25 10 39103 0 
-180.528 27.8877 -0.12778 0.277306 2.49576 80 2 25 10 39104 0 
-180.518 27.8877 -0.127784 0.277306 2.49576 80 2 25 10 39105 0 
-180.509 27.8877 -0.127788 0.277306 2.49576 80 2 25 10 39106 0 
-180.5 27.8877 -0.127791 0.277306 2.49576 80 2 25 10 39107 0 
-180.491 27.8877 -0.127795 0.277306 2.49576 80 2 25 10 39108 0 
-180.481 27.8876 -0.127799 0.277306 2.49576 80 2 25 10 39109 0 
-180.472 27.8876 -0.127802 0.277306 2.49576 80 2 25 10 39110 0 
-180.463 27.8876 -0.127806 0.277306 2.49576 80 2 25 10 39111 0 
-180.454 27.8876 -0.12781 0.277306 2.49576 80 2 25 10 39112 0 
-180.444 27.8876 -0.127813 0.277306 2.49576 80 2 25 10 39113 0 
-180.435 27.8875 -0.127817 0.277306 2.49576 80 2 25 10 39114 0 
-180.426 27.8875 -0.12782 0.277306 2.49576 80 2 25 10 39115 0 
-180.417 27.8875 -0.127824 0.277306 2.49576 80 2 25 10 39116 0 
-180.407 27.8875 -0.127828 0.277306 2.49576 80 2 25 10 39117 0 
-180.398 27.8875 -0.127831 0.277306 2.49576 80 2 25 10 39118 0 
-180.389 27.8874 -0.127835 0.277306 2.49576 80 2 25 10 39119 0 
-180.38 27.8874 -0.127839 0.277306 2.49576 80 2 25 10 39120 0 
-180.37 27.8874 -0.127842 0.277306 2.49576 80 2 25 10 39121 0 
-180.361 27.8874 -0.127846 0.277306 2.49576 80 2 25 10 39122 0 
-180.352 27.8873 -0.12785 0.277306 2.49576 80 2 25 10 39123 0 
-180.343 27.8873 -0.127853 0.277306 2.49576 80 2 25 10 39124 0 
-180.333 27.8873 -0.127857 0.277306 2.49576 80 2 25 10 39125 0 
-180.324 27.8873 -0.12786 0.277306 2.49576 80 2 25 10 39126 0 
-180.315 27.8873 -0.127864 0.277306 2.49576 80 2 25 10 39127 0 
-180.306 27.8872 -0.127868 0.277306 2.49576 80 2 25 10 39128 0 
-180.296 27.8872 -0.127871 0.277306 2.49576 80 2 25 10 39129 0 
-180.287 27.8872 -0.127875 0.277306 2.49576 80 2 25 10 39130 0 
-180.278 27.8872 -0.127879 0.277306 2.49576 80 2 25 10 39131 0 
-180.269 27.8872 -0.127882 0.277306 2.49576 80 2 25 10 39132 0 
-180.259 27.8871 -0.127886 0.277306 2.49576 80 2 25 10 39133 0 
-180.25 27.8871 -0.12789 0.277306 2.49576 80 2 25 10 39134 0 
-180.241 27.8871 -0.127893 0.277306 2.49576 80 2 25 10 39135 0 
-180.232 27.8871 -0.127897 0.277306 2.49576 80 2 25 10 39136 0 
-180.223 27.8871 -0.1279 0.277306 2.49576 80 2 25 10 39137 0 
-180.213 27.887 -0.127904 0.277306 2.49576 80 2 25 10 39138 0 
-180.204 27.887 -0.127908 0.277306 2.49576 80 2 25 10 39139 0 
-180.195 27.887 -0.127911 0.277306 2.49576 80 2 25 10 39140 0 
-180.186 27.887 -0.127915 0.277306 2.49576 80 2 25 10 39141 0 
-180.176 27.8869 -0.127919 0.277306 2.49576 80 2 25 10 39142 0 
-180.167 27.8869 -0.127922 0.277306 2.49576 80 2 25 10 39143 0 
-180.158 27.8869 -0.127926 0.277306 2.49576 80 2 25 10 39144 0 
-180.149 27.8869 -0.12793 0.277306 2.49576 80 2 25 10 39145 0 
-180.139 27.8869 -0.127933 0.277306 2.49576 80 2 25 10 39146 0 
-180.13 27.8868 -0.127937 0.277306 2.49576 80 2 25 10 39147 0 
-180.121 27.8868 -0.12794 0.277306 2.49576 80 2 25 10 39148 0 
-180.112 27.8868 -0.127944 0.277306 2.49576 80 2 25 10 39149 0 
-180.102 27.8868 -0.127948 0.277306 2.49576 80 2 25 10 39150 0 
-180.093 27.8868 -0.127951 0.277306 2.49576 80 2 25 10 39151 0 
-180.084 27.8867 -0.127955 0.277306 2.49576 80 2 25 10 39152 0 
-180.075 27.8867 -0.127959 0.277306 2.49576 80 2 25 10 39153 0 
-180.065 27.8867 -0.127962 0.277306 2.49576 80 2 25 10 39154 0 
-180.056 27.8867 -0.127966 0.277306 2.49576 80 2 25 10 39155 0 
-180.047 27.8867 -0.12797 0.277306 2.49576 80 2 25 10 39156 0 
-180.038 27.8866 -0.127973 0.277306 2.49576 80 2 25 10 39157 0 
-180.028 27.8866 -0.127977 0.277306 2.49576 80 2 25 10 39158 0 
-180.019 27.8866 -0.127981 0.277306 2.49576 80 2 25 10 39159 0 
-180.01 27.8866 -0.127984 0.277306 2.49576 80 2 25 10 39160 0 
-180.001 27.8865 -0.127988 0.277306 2.49576 80 2 25 10 39161 0 
-179.991 27.8865 -0.127991 0.277306 2.49576 80 2 25 10 39162 0 
-179.982 27.8865 -0.127995 0.277306 2.49576 80 2 25 10 39163 0 
-179.973 27.8865 -0.127999 0.277306 2.49576 80 2 25 10 39164 0 
-179.964 27.8865 -0.128002 0.277306 2.49576 80 2 25 10 39165 0 
-179.954 27.8864 -0.128006 0.277306 2.49576 80 2 25 10 39166 0 
-179.945 27.8864 -0.12801 0.277306 2.49576 80 2 25 10 39167 0 
-179.936 27.8864 -0.128013 0.277306 2.49576 80 2 25 10 39168 0 
-179.927 27.8864 -0.128017 0.277306 2.49576 80 2 25 10 39169 0 
-179.917 27.8864 -0.128021 0.277306 2.49576 80 2 25 10 39170 0 
-179.908 27.8863 -0.128024 0.277306 2.49576 80 2 25 10 39171 0 
-179.899 27.8863 -0.128028 0.277306 2.49576 80 2 25 10 39172 0 
-179.89 27.8863 -0.128032 0.277306 2.49576 80 2 25 10 39173 0 
-179.88 27.8863 -0.128035 0.277306 2.49576 80 2 25 10 39174 0 
-179.871 27.8863 -0.128039 0.277306 2.49576 80 2 25 10 39175 0 
-179.862 27.8862 -0.128043 0.277306 2.49576 80 2 25 10 39176 0 
-179.853 27.8862 -0.128046 0.277306 2.49576 80 2 25 10 39177 0 
-179.843 27.8862 -0.12805 0.277306 2.49576 80 2 25 10 39178 0 
-179.834 27.8862 -0.128054 0.277306 2.49576 80 2 25 10 39179 0 
-179.825 27.8862 -0.128057 0.277306 2.49576 80 2 25 10 39180 0 
-179.816 27.8861 -0.128061 0.277306 2.49576 80 2 25 10 39181 0 
-179.806 27.8861 -0.128064 0.277306 2.49576 80 2 25 10 39182 0 
-179.797 27.8861 -0.128068 0.277306 2.49576 80 2 25 10 39183 0 
-179.788 27.8861 -0.128072 0.277306 2.49576 80 2 25 10 39184 0 
-179.779 27.886 -0.128075 0.277306 2.49576 80 2 25 10 39185 0 
-179.769 27.886 -0.128079 0.277306 2.49576 80 2 25 10 39186 0 
-179.76 27.886 -0.128083 0.277306 2.49576 80 2 25 10 39187 0 
-179.751 27.886 -0.128086 0.277306 2.49576 80 2 25 10 39188 0 
-179.742 27.886 -0.12809 0.277306 2.49576 80 2 25 10 39189 0 
-179.732 27.8859 -0.128094 0.277306 2.49576 80 2 25 10 39190 0 
-179.723 27.8859 -0.128097 0.277306 2.49576 80 2 25 10 39191 0 
-179.714 27.8859 -0.128101 0.277306 2.49576 80 2 25 10 39192 0 
-179.705 27.8859 -0.128105 0.277306 2.49576 80 2 25 10 39193 0 
-179.695 27.8859 -0.128108 0.277306 2.49576 80 2 25 10 39194 0 
-179.686 27.8858 -0.128112 0.277306 2.49576 80 2 25 10 39195 0 
-179.677 27.8858 -0.128116 0.277306 2.49576 80 2 25 10 39196 0 
-179.668 27.8858 -0.128119 0.277306 2.49576 80 2 25 10 39197 0 
-179.658 27.8858 -0.128123 0.277306 2.49576 80 2 25 10 39198 0 
-179.649 27.8858 -0.128127 0.277306 2.49576 80 2 25 10 39199 0 
-179.64 27.8857 -0.12813 0.277306 2.49576 80 2 25 10 39200 0 
-179.631 27.8857 -0.128134 0.277306 2.49576 80 2 25 10 39201 0 
-179.621 27.8857 -0.128138 0.277306 2.49576 80 2 25 10 39202 0 
-179.612 27.8857 -0.128141 0.277306 2.49576 80 2 25 10 39203 0 
-179.603 27.8856 -0.128145 0.277306 2.49576 80 2 25 10 39204 0 
-179.594 27.8856 -0.128148 0.277306 2.49576 80 2 25 10 39205 0 
-179.584 27.8856 -0.128152 0.277306 2.49576 80 2 25 10 39206 0 
-179.575 27.8856 -0.128156 0.277306 2.49576 80 2 25 10 39207 0 
-179.566 27.8856 -0.128159 0.277306 2.49576 80 2 25 10 39208 0 
-179.557 27.8855 -0.128163 0.277306 2.49576 80 2 25 10 39209 0 
-179.547 27.8855 -0.128167 0.277306 2.49576 80 2 25 10 39210 0 
-179.538 27.8855 -0.12817 0.277306 2.49576 80 2 25 10 39211 0 
-179.529 27.8855 -0.128174 0.277306 2.49576 80 2 25 10 39212 0 
-179.52 27.8855 -0.128178 0.277306 2.49576 80 2 25 10 39213 0 
-179.51 27.8854 -0.128181 0.277306 2.49576 80 2 25 10 39214 0 
-179.501 27.8854 -0.128185 0.277306 2.49576 80 2 25 10 39215 0 
-179.492 27.8854 -0.128189 0.277306 2.49576 80 2 25 10 39216 0 
-179.483 27.8854 -0.128192 0.277306 2.49576 80 2 25 10 39217 0 
-179.474 27.8854 -0.128196 0.277306 2.49576 80 2 25 10 39218 0 
-179.464 27.8853 -0.1282 0.277306 2.49576 80 2 25 10 39219 0 
-179.455 27.8853 -0.128203 0.277306 2.49576 80 2 25 10 39220 0 
-179.446 27.8853 -0.128207 0.277306 2.49576 80 2 25 10 39221 0 
-179.437 27.8853 -0.128211 0.277306 2.49576 80 2 25 10 39222 0 
-179.427 27.8852 -0.128214 0.277306 2.49576 80 2 25 10 39223 0 
-179.418 27.8852 -0.128218 0.277306 2.49576 80 2 25 10 39224 0 
-179.409 27.8852 -0.128222 0.277306 2.49576 80 2 25 10 39225 0 
-179.4 27.8852 -0.128225 0.277306 2.49576 80 2 25 10 39226 0 
-179.39 27.8852 -0.128229 0.277306 2.49576 80 2 25 10 39227 0 
-179.381 27.8851 -0.128233 0.277306 2.49576 80 2 25 10 39228 0 
-179.372 27.8851 -0.128236 0.277306 2.49576 80 2 25 10 39229 0 
-179.363 27.8851 -0.12824 0.277306 2.49576 80 2 25 10 39230 0 
-179.353 27.8851 -0.128244 0.277306 2.49576 80 2 25 10 39231 0 
-179.344 27.8851 -0.128247 0.277306 2.49576 80 2 25 10 39232 0 
-179.335 27.885 -0.128251 0.277306 2.49576 80 2 25 10 39233 0 
-179.326 27.885 -0.128255 0.277306 2.49576 80 2 25 10 39234 0 
-179.316 27.885 -0.128258 0.277306 2.49576 80 2 25 10 39235 0 
-179.307 27.885 -0.128262 0.277306 2.49576 80 2 25 10 39236 0 
-179.298 27.885 -0.128266 0.277306 2.49576 80 2 25 10 39237 0 
-179.289 27.8849 -0.128269 0.277306 2.49576 80 2 25 10 39238 0 
-179.279 27.8849 -0.128273 0.277306 2.49576 80 2 25 10 39239 0 
-179.27 27.8849 -0.128277 0.277306 2.49576 80 2 25 10 39240 0 
-179.261 27.8849 -0.12828 0.277306 2.49576 80 2 25 10 39241 0 
-179.252 27.8848 -0.128284 0.277306 2.49576 80 2 25 10 39242 0 
-179.242 27.8848 -0.128288 0.277306 2.49576 80 2 25 10 39243 0 
-179.233 27.8848 -0.128291 0.277306 2.49576 80 2 25 10 39244 0 
-179.224 27.8848 -0.128295 0.277306 2.49576 80 2 25 10 39245 0 
-179.215 27.8848 -0.128299 0.277306 2.49576 80 2 25 10 39246 0 
-179.205 27.8847 -0.128302 0.277306 2.49576 80 2 25 10 39247 0 
-179.196 27.8847 -0.128306 0.277306 2.49576 80 2 25 10 39248 0 
-179.187 27.8847 -0.12831 0.277306 2.49576 80 2 25 10 39249 0 
-179.178 27.8847 -0.128313 0.277306 2.49576 80 2 25 10 39250 0 
-179.168 27.8847 -0.128317 0.277306 2.49576 80 2 25 10 39251 0 
-179.159 27.8846 -0.128321 0.277306 2.49576 80 2 25 10 39252 0 
-179.15 27.8846 -0.128324 0.277306 2.49576 80 2 25 10 39253 0 
-179.141 27.8846 -0.128328 0.277306 2.49576 80 2 25 10 39254 0 
-179.131 27.8846 -0.128332 0.277306 2.49576 80 2 25 10 39255 0 
-179.122 27.8846 -0.128335 0.277306 2.49576 80 2 25 10 39256 0 
-179.113 27.8845 -0.128339 0.277306 2.49576 80 2 25 10 39257 0 
-179.104 27.8845 -0.128343 0.277306 2.49576 80 2 25 10 39258 0 
-179.094 27.8845 -0.128346 0.277306 2.49576 80 2 25 10 39259 0 
-179.085 27.8845 -0.12835 0.277306 2.49576 80 2 25 10 39260 0 
-179.076 27.8845 -0.128354 0.277306 2.49576 80 2 25 10 39261 0 
-179.067 27.8844 -0.128357 0.277306 2.49576 80 2 25 10 39262 0 
-179.057 27.8844 -0.128361 0.277306 2.49576 80 2 25 10 39263 0 
-179.048 27.8844 -0.128365 0.277306 2.49576 80 2 25 10 39264 0 
-179.039 27.8844 -0.128368 0.277306 2.49576 80 2 25 10 39265 0 
-179.03 27.8843 -0.128372 0.277306 2.49576 80 2 25 10 39266 0 
-179.02 27.8843 -0.128376 0.277306 2.49576 80 2 25 10 39267 0 
-179.011 27.8843 -0.12838 0.277306 2.49576 80 2 25 10 39268 0 
-179.002 27.8843 -0.128383 0.277306 2.49576 80 2 25 10 39269 0 
-178.993 27.8843 -0.128387 0.277306 2.49576 80 2 25 10 39270 0 
-178.983 27.8842 -0.128391 0.277306 2.49576 80 2 25 10 39271 0 
-178.974 27.8842 -0.128394 0.277306 2.49576 80 2 25 10 39272 0 
-178.965 27.8842 -0.128398 0.277306 2.49576 80 2 25 10 39273 0 
-178.956 27.8842 -0.128402 0.277306 2.49576 80 2 25 10 39274 0 
-178.946 27.8842 -0.128405 0.277306 2.49576 80 2 25 10 39275 0 
-178.937 27.8841 -0.128409 0.277306 2.49576 80 2 25 10 39276 0 
-178.928 27.8841 -0.128413 0.277306 2.49576 80 2 25 10 39277 0 
-178.919 27.8841 -0.128416 0.277306 2.49576 80 2 25 10 39278 0 
-178.909 27.8841 -0.12842 0.277306 2.49576 80 2 25 10 39279 0 
-178.9 27.8841 -0.128424 0.277306 2.49576 80 2 25 10 39280 0 
-178.891 27.884 -0.128427 0.277306 2.49576 80 2 25 10 39281 0 
-178.882 27.884 -0.128431 0.277306 2.49576 80 2 25 10 39282 0 
-178.872 27.884 -0.128435 0.277306 2.49576 80 2 25 10 39283 0 
-178.863 27.884 -0.128438 0.277306 2.49576 80 2 25 10 39284 0 
-178.854 27.8839 -0.128442 0.277306 2.49576 80 2 25 10 39285 0 
-178.845 27.8839 -0.128446 0.277306 2.49576 80 2 25 10 39286 0 
-178.835 27.8839 -0.128449 0.277306 2.49576 80 2 25 10 39287 0 
-178.826 27.8839 -0.128453 0.277306 2.49576 80 2 25 10 39288 0 
-178.817 27.8839 -0.128457 0.277306 2.49576 80 2 25 10 39289 0 
-178.808 27.8838 -0.12846 0.277306 2.49576 80 2 25 10 39290 0 
-178.798 27.8838 -0.128464 0.277306 2.49576 80 2 25 10 39291 0 
-178.789 27.8838 -0.128468 0.277306 2.49576 80 2 25 10 39292 0 
-178.78 27.8838 -0.128472 0.277306 2.49576 80 2 25 10 39293 0 
-178.771 27.8838 -0.128475 0.277306 2.49576 80 2 25 10 39294 0 
-178.762 27.8837 -0.128479 0.277306 2.49576 80 2 25 10 39295 0 
-178.752 27.8837 -0.128483 0.277306 2.49576 80 2 25 10 39296 0 
-178.743 27.8837 -0.128486 0.277306 2.49576 80 2 25 10 39297 0 
-178.734 27.8837 -0.12849 0.277306 2.49576 80 2 25 10 39298 0 
-178.725 27.8837 -0.128494 0.277306 2.49576 80 2 25 10 39299 0 
-178.715 27.8836 -0.128497 0.277306 2.49576 80 2 25 10 39300 0 
-178.706 27.8836 -0.128501 0.277306 2.49576 80 2 25 10 39301 0 
-178.697 27.8836 -0.128505 0.277306 2.49576 80 2 25 10 39302 0 
-178.688 27.8836 -0.128508 0.277306 2.49576 80 2 25 10 39303 0 
-178.678 27.8835 -0.128512 0.277306 2.49576 80 2 25 10 39304 0 
-178.669 27.8835 -0.128516 0.277306 2.49576 80 2 25 10 39305 0 
-178.66 27.8835 -0.128519 0.277306 2.49576 80 2 25 10 39306 0 
-178.651 27.8835 -0.128523 0.277306 2.49576 80 2 25 10 39307 0 
-178.641 27.8835 -0.128527 0.277306 2.49576 80 2 25 10 39308 0 
-178.632 27.8834 -0.12853 0.277306 2.49576 80 2 25 10 39309 0 
-178.623 27.8834 -0.128534 0.277306 2.49576 80 2 25 10 39310 0 
-178.614 27.8834 -0.128538 0.277306 2.49576 80 2 25 10 39311 0 
-178.604 27.8834 -0.128541 0.277306 2.49576 80 2 25 10 39312 0 
-178.595 27.8834 -0.128545 0.277306 2.49576 80 2 25 10 39313 0 
-178.586 27.8833 -0.128549 0.277306 2.49576 80 2 25 10 39314 0 
-178.577 27.8833 -0.128553 0.277306 2.49576 80 2 25 10 39315 0 
-178.567 27.8833 -0.128556 0.277306 2.49576 80 2 25 10 39316 0 
-178.558 27.8833 -0.12856 0.277306 2.49576 80 2 25 10 39317 0 
-178.549 27.8833 -0.128564 0.277306 2.49576 80 2 25 10 39318 0 
-178.54 27.8832 -0.128567 0.277306 2.49576 80 2 25 10 39319 0 
-178.53 27.8832 -0.128571 0.277306 2.49576 80 2 25 10 39320 0 
-178.521 27.8832 -0.128575 0.277306 2.49576 80 2 25 10 39321 0 
-178.512 27.8832 -0.128578 0.277306 2.49576 80 2 25 10 39322 0 
-178.503 27.8832 -0.128582 0.277306 2.49576 80 2 25 10 39323 0 
-178.493 27.8831 -0.128586 0.277306 2.49576 80 2 25 10 39324 0 
-178.484 27.8831 -0.128589 0.277306 2.49576 80 2 25 10 39325 0 
-178.475 27.8831 -0.128593 0.277306 2.49576 80 2 25 10 39326 0 
-178.466 27.8831 -0.128597 0.277306 2.49576 80 2 25 10 39327 0 
-178.456 27.883 -0.128601 0.277306 2.49576 80 2 25 10 39328 0 
-178.447 27.883 -0.128604 0.277306 2.49576 80 2 25 10 39329 0 
-178.438 27.883 -0.128608 0.277306 2.49576 80 2 25 10 39330 0 
-178.429 27.883 -0.128612 0.277306 2.49576 80 2 25 10 39331 0 
-178.419 27.883 -0.128615 0.277306 2.49576 80 2 25 10 39332 0 
-178.41 27.8829 -0.128619 0.277306 2.49576 80 2 25 10 39333 0 
-178.401 27.8829 -0.128623 0.277306 2.49576 80 2 25 10 39334 0 
-178.392 27.8829 -0.128626 0.277306 2.49576 80 2 25 10 39335 0 
-178.382 27.8829 -0.12863 0.277306 2.49576 80 2 25 10 39336 0 
-178.373 27.8829 -0.128634 0.277306 2.49576 80 2 25 10 39337 0 
-178.364 27.8828 -0.128637 0.277306 2.49576 80 2 25 10 39338 0 
-178.355 27.8828 -0.128641 0.277306 2.49576 80 2 25 10 39339 0 
-178.345 27.8828 -0.128645 0.277306 2.49576 80 2 25 10 39340 0 
-178.336 27.8828 -0.128649 0.277306 2.49576 80 2 25 10 39341 0 
-178.327 27.8828 -0.128652 0.277306 2.49576 80 2 25 10 39342 0 
-178.318 27.8827 -0.128656 0.277306 2.49576 80 2 25 10 39343 0 
-178.308 27.8827 -0.12866 0.277306 2.49576 80 2 25 10 39344 0 
-178.299 27.8827 -0.128663 0.277306 2.49576 80 2 25 10 39345 0 
-178.29 27.8827 -0.128667 0.277306 2.49576 80 2 25 10 39346 0 
-178.281 27.8826 -0.128671 0.277306 2.49576 80 2 25 10 39347 0 
-178.271 27.8826 -0.128674 0.277306 2.49576 80 2 25 10 39348 0 
-178.262 27.8826 -0.128678 0.277306 2.49576 80 2 25 10 39349 0 
-178.253 27.8826 -0.128682 0.277306 2.49576 80 2 25 10 39350 0 
-178.244 27.8826 -0.128686 0.277306 2.49576 80 2 25 10 39351 0 
-178.234 27.8825 -0.128689 0.277306 2.49576 80 2 25 10 39352 0 
-178.225 27.8825 -0.128693 0.277306 2.49576 80 2 25 10 39353 0 
-178.216 27.8825 -0.128697 0.277306 2.49576 80 2 25 10 39354 0 
-178.207 27.8825 -0.1287 0.277306 2.49576 80 2 25 10 39355 0 
-178.197 27.8825 -0.128704 0.277306 2.49576 80 2 25 10 39356 0 
-178.188 27.8824 -0.128708 0.277306 2.49576 80 2 25 10 39357 0 
-178.179 27.8824 -0.128711 0.277306 2.49576 80 2 25 10 39358 0 
-178.17 27.8824 -0.128715 0.277306 2.49576 80 2 25 10 39359 0 
-178.16 27.8824 -0.128719 0.277306 2.49576 80 2 25 10 39360 0 
-178.151 27.8824 -0.128722 0.277306 2.49576 80 2 25 10 39361 0 
-178.142 27.8823 -0.128726 0.277306 2.49576 80 2 25 10 39362 0 
-178.133 27.8823 -0.12873 0.277306 2.49576 80 2 25 10 39363 0 
-178.123 27.8823 -0.128734 0.277306 2.49576 80 2 25 10 39364 0 
-178.114 27.8823 -0.128737 0.277306 2.49576 80 2 25 10 39365 0 
-178.105 27.8822 -0.128741 0.277306 2.49576 80 2 25 10 39366 0 
-178.096 27.8822 -0.128745 0.277306 2.49576 80 2 25 10 39367 0 
-178.086 27.8822 -0.128748 0.277306 2.49576 80 2 25 10 39368 0 
-178.077 27.8822 -0.128752 0.277306 2.49576 80 2 25 10 39369 0 
-178.068 27.8822 -0.128756 0.277306 2.49576 80 2 25 10 39370 0 
-178.059 27.8821 -0.128759 0.277306 2.49576 80 2 25 10 39371 0 
-178.049 27.8821 -0.128763 0.277306 2.49576 80 2 25 10 39372 0 
-178.04 27.8821 -0.128767 0.277306 2.49576 80 2 25 10 39373 0 
-178.031 27.8821 -0.128771 0.277306 2.49576 80 2 25 10 39374 0 
-178.022 27.8821 -0.128774 0.277306 2.49576 80 2 25 10 39375 0 
-178.013 27.882 -0.128778 0.277306 2.49576 80 2 25 10 39376 0 
-178.003 27.882 -0.128782 0.277306 2.49576 80 2 25 10 39377 0 
-177.994 27.882 -0.128785 0.277306 2.49576 80 2 25 10 39378 0 
-177.985 27.882 -0.128789 0.277306 2.49576 80 2 25 10 39379 0 
-177.976 27.882 -0.128793 0.277306 2.49576 80 2 25 10 39380 0 
-177.966 27.8819 -0.128797 0.277306 2.49576 80 2 25 10 39381 0 
-177.957 27.8819 -0.1288 0.277306 2.49576 80 2 25 10 39382 0 
-177.948 27.8819 -0.128804 0.277306 2.49576 80 2 25 10 39383 0 
-177.939 27.8819 -0.128808 0.277306 2.49576 80 2 25 10 39384 0 
-177.929 27.8818 -0.128811 0.277306 2.49576 80 2 25 10 39385 0 
-177.92 27.8818 -0.128815 0.277306 2.49576 80 2 25 10 39386 0 
-177.911 27.8818 -0.128819 0.277306 2.49576 80 2 25 10 39387 0 
-177.902 27.8818 -0.128823 0.277306 2.49576 80 2 25 10 39388 0 
-177.892 27.8818 -0.128826 0.277306 2.49576 80 2 25 10 39389 0 
-177.883 27.8817 -0.12883 0.277306 2.49576 80 2 25 10 39390 0 
-177.874 27.8817 -0.128834 0.277306 2.49576 80 2 25 10 39391 0 
-177.865 27.8817 -0.128837 0.277306 2.49576 80 2 25 10 39392 0 
-177.855 27.8817 -0.128841 0.277306 2.49576 80 2 25 10 39393 0 
-177.846 27.8817 -0.128845 0.277306 2.49576 80 2 25 10 39394 0 
-177.837 27.8816 -0.128848 0.277306 2.49576 80 2 25 10 39395 0 
-177.828 27.8816 -0.128852 0.277306 2.49576 80 2 25 10 39396 0 
-177.818 27.8816 -0.128856 0.277306 2.49576 80 2 25 10 39397 0 
-177.809 27.8816 -0.12886 0.277306 2.49576 80 2 25 10 39398 0 
-177.8 27.8816 -0.128863 0.277306 2.49576 80 2 25 10 39399 0 
-177.791 27.8815 -0.128867 0.277306 2.49576 80 2 25 10 39400 0 
-177.781 27.8815 -0.128871 0.277306 2.49576 80 2 25 10 39401 0 
-177.772 27.8815 -0.128874 0.277306 2.49576 80 2 25 10 39402 0 
-177.763 27.8815 -0.128878 0.277306 2.49576 80 2 25 10 39403 0 
-177.754 27.8815 -0.128882 0.277306 2.49576 80 2 25 10 39404 0 
-177.744 27.8814 -0.128886 0.277306 2.49576 80 2 25 10 39405 0 
-177.735 27.8814 -0.128889 0.277306 2.49576 80 2 25 10 39406 0 
-177.726 27.8814 -0.128893 0.277306 2.49576 80 2 25 10 39407 0 
-177.717 27.8814 -0.128897 0.277306 2.49576 80 2 25 10 39408 0 
-177.707 27.8813 -0.1289 0.277306 2.49576 80 2 25 10 39409 0 
-177.698 27.8813 -0.128904 0.277306 2.49576 80 2 25 10 39410 0 
-177.689 27.8813 -0.128908 0.277306 2.49576 80 2 25 10 39411 0 
-177.68 27.8813 -0.128912 0.277306 2.49576 80 2 25 10 39412 0 
-177.67 27.8813 -0.128915 0.277306 2.49576 80 2 25 10 39413 0 
-177.661 27.8812 -0.128919 0.277306 2.49576 80 2 25 10 39414 0 
-177.652 27.8812 -0.128923 0.277306 2.49576 80 2 25 10 39415 0 
-177.643 27.8812 -0.128926 0.277306 2.49576 80 2 25 10 39416 0 
-177.633 27.8812 -0.12893 0.277306 2.49576 80 2 25 10 39417 0 
-177.624 27.8812 -0.128934 0.277306 2.49576 80 2 25 10 39418 0 
-177.615 27.8811 -0.128938 0.277306 2.49576 80 2 25 10 39419 0 
-177.606 27.8811 -0.128941 0.277306 2.49576 80 2 25 10 39420 0 
-177.596 27.8811 -0.128945 0.277306 2.49576 80 2 25 10 39421 0 
-177.587 27.8811 -0.128949 0.277306 2.49576 80 2 25 10 39422 0 
-177.578 27.8811 -0.128952 0.277306 2.49576 80 2 25 10 39423 0 
-177.569 27.881 -0.128956 0.277306 2.49576 80 2 25 10 39424 0 
-177.559 27.881 -0.12896 0.277306 2.49576 80 2 25 10 39425 0 
-177.55 27.881 -0.128964 0.277306 2.49576 80 2 25 10 39426 0 
-177.541 27.881 -0.128967 0.277306 2.49576 80 2 25 10 39427 0 
-177.532 27.8809 -0.128971 0.277306 2.49576 80 2 25 10 39428 0 
-177.522 27.8809 -0.128975 0.277306 2.49576 80 2 25 10 39429 0 
-177.513 27.8809 -0.128978 0.277306 2.49576 80 2 25 10 39430 0 
-177.504 27.8809 -0.128982 0.277306 2.49576 80 2 25 10 39431 0 
-177.495 27.8809 -0.128986 0.277306 2.49576 80 2 25 10 39432 0 
-177.485 27.8808 -0.12899 0.277306 2.49576 80 2 25 10 39433 0 
-177.476 27.8808 -0.128993 0.277306 2.49576 80 2 25 10 39434 0 
-177.467 27.8808 -0.128997 0.277306 2.49576 80 2 25 10 39435 0 
-177.458 27.8808 -0.129001 0.277306 2.49576 80 2 25 10 39436 0 
-177.448 27.8808 -0.129004 0.277306 2.49576 80 2 25 10 39437 0 
-177.439 27.8807 -0.129008 0.277306 2.49576 80 2 25 10 39438 0 
-177.43 27.8807 -0.129012 0.277306 2.49576 80 2 25 10 39439 0 
-177.421 27.8807 -0.129016 0.277306 2.49576 80 2 25 10 39440 0 
-177.411 27.8807 -0.129019 0.277306 2.49576 80 2 25 10 39441 0 
-177.402 27.8807 -0.129023 0.277306 2.49576 80 2 25 10 39442 0 
-177.393 27.8806 -0.129027 0.277306 2.49576 80 2 25 10 39443 0 
-177.384 27.8806 -0.129031 0.277306 2.49576 80 2 25 10 39444 0 
-177.374 27.8806 -0.129034 0.277306 2.49576 80 2 25 10 39445 0 
-177.365 27.8806 -0.129038 0.277306 2.49576 80 2 25 10 39446 0 
-177.356 27.8805 -0.129042 0.277306 2.49576 80 2 25 10 39447 0 
-177.347 27.8805 -0.129045 0.277306 2.49576 80 2 25 10 39448 0 
-177.337 27.8805 -0.129049 0.277306 2.49576 80 2 25 10 39449 0 
-177.328 27.8805 -0.129053 0.277306 2.49576 80 2 25 10 39450 0 
-177.319 27.8805 -0.129057 0.277306 2.49576 80 2 25 10 39451 0 
-177.31 27.8804 -0.12906 0.277306 2.49576 80 2 25 10 39452 0 
-177.301 27.8804 -0.129064 0.277306 2.49576 80 2 25 10 39453 0 
-177.291 27.8804 -0.129068 0.277306 2.49576 80 2 25 10 39454 0 
-177.282 27.8804 -0.129072 0.277306 2.49576 80 2 25 10 39455 0 
-177.273 27.8804 -0.129075 0.277306 2.49576 80 2 25 10 39456 0 
-177.264 27.8803 -0.129079 0.277306 2.49576 80 2 25 10 39457 0 
-177.254 27.8803 -0.129083 0.277306 2.49576 80 2 25 10 39458 0 
-177.245 27.8803 -0.129086 0.277306 2.49576 80 2 25 10 39459 0 
-177.236 27.8803 -0.12909 0.277306 2.49576 80 2 25 10 39460 0 
-177.227 27.8803 -0.129094 0.277306 2.49576 80 2 25 10 39461 0 
-177.217 27.8802 -0.129098 0.277306 2.49576 80 2 25 10 39462 0 
-177.208 27.8802 -0.129101 0.277306 2.49576 80 2 25 10 39463 0 
-177.199 27.8802 -0.129105 0.277306 2.49576 80 2 25 10 39464 0 
-177.19 27.8802 -0.129109 0.277306 2.49576 80 2 25 10 39465 0 
-177.18 27.8801 -0.129112 0.277306 2.49576 80 2 25 10 39466 0 
-177.171 27.8801 -0.129116 0.277306 2.49576 80 2 25 10 39467 0 
-177.162 27.8801 -0.12912 0.277306 2.49576 80 2 25 10 39468 0 
-177.153 27.8801 -0.129124 0.277306 2.49576 80 2 25 10 39469 0 
-177.143 27.8801 -0.129127 0.277306 2.49576 80 2 25 10 39470 0 
-177.134 27.88 -0.129131 0.277306 2.49576 80 2 25 10 39471 0 
-177.125 27.88 -0.129135 0.277306 2.49576 80 2 25 10 39472 0 
-177.116 27.88 -0.129139 0.277306 2.49576 80 2 25 10 39473 0 
-177.106 27.88 -0.129142 0.277306 2.49576 80 2 25 10 39474 0 
-177.097 27.88 -0.129146 0.277306 2.49576 80 2 25 10 39475 0 
-177.088 27.8799 -0.12915 0.277306 2.49576 80 2 25 10 39476 0 
-177.079 27.8799 -0.129153 0.277306 2.49576 80 2 25 10 39477 0 
-177.069 27.8799 -0.129157 0.277306 2.49576 80 2 25 10 39478 0 
-177.06 27.8799 -0.129161 0.277306 2.49576 80 2 25 10 39479 0 
-177.051 27.8799 -0.129165 0.277306 2.49576 80 2 25 10 39480 0 
-177.042 27.8798 -0.129168 0.277306 2.49576 80 2 25 10 39481 0 
-177.032 27.8798 -0.129172 0.277306 2.49576 80 2 25 10 39482 0 
-177.023 27.8798 -0.129176 0.277306 2.49576 80 2 25 10 39483 0 
-177.014 27.8798 -0.12918 0.277306 2.49576 80 2 25 10 39484 0 
-177.005 27.8798 -0.129183 0.277306 2.49576 80 2 25 10 39485 0 
-176.995 27.8797 -0.129187 0.277306 2.49576 80 2 25 10 39486 0 
-176.986 27.8797 -0.129191 0.277306 2.49576 80 2 25 10 39487 0 
-176.977 27.8797 -0.129195 0.277306 2.49576 80 2 25 10 39488 0 
-176.968 27.8797 -0.129198 0.277306 2.49576 80 2 25 10 39489 0 
-176.958 27.8796 -0.129202 0.277306 2.49576 80 2 25 10 39490 0 
-176.949 27.8796 -0.129206 0.277306 2.49576 80 2 25 10 39491 0 
-176.94 27.8796 -0.12921 0.277306 2.49576 80 2 25 10 39492 0 
-176.931 27.8796 -0.129213 0.277306 2.49576 80 2 25 10 39493 0 
-176.921 27.8796 -0.129217 0.277306 2.49576 80 2 25 10 39494 0 
-176.912 27.8795 -0.129221 0.277306 2.49576 80 2 25 10 39495 0 
-176.903 27.8795 -0.129224 0.277306 2.49576 80 2 25 10 39496 0 
-176.894 27.8795 -0.129228 0.277306 2.49576 80 2 25 10 39497 0 
-176.884 27.8795 -0.129232 0.277306 2.49576 80 2 25 10 39498 0 
-176.875 27.8795 -0.129236 0.277306 2.49576 80 2 25 10 39499 0 
-176.866 27.8794 -0.129239 0.277306 2.49576 80 2 25 10 39500 0 
-176.857 27.8794 -0.129243 0.277306 2.49576 80 2 25 10 39501 0 
-176.847 27.8794 -0.129247 0.277306 2.49576 80 2 25 10 39502 0 
-176.838 27.8794 -0.129251 0.277306 2.49576 80 2 25 10 39503 0 
-176.829 27.8794 -0.129254 0.277306 2.49576 80 2 25 10 39504 0 
-176.82 27.8793 -0.129258 0.277306 2.49576 80 2 25 10 39505 0 
-176.81 27.8793 -0.129262 0.277306 2.49576 80 2 25 10 39506 0 
-176.801 27.8793 -0.129266 0.277306 2.49576 80 2 25 10 39507 0 
-176.792 27.8793 -0.129269 0.277306 2.49576 80 2 25 10 39508 0 
-176.783 27.8792 -0.129273 0.277306 2.49576 80 2 25 10 39509 0 
-176.773 27.8792 -0.129277 0.277306 2.49576 80 2 25 10 39510 0 
-176.764 27.8792 -0.129281 0.277306 2.49576 80 2 25 10 39511 0 
-176.755 27.8792 -0.129284 0.277306 2.49576 80 2 25 10 39512 0 
-176.746 27.8792 -0.129288 0.277306 2.49576 80 2 25 10 39513 0 
-176.736 27.8791 -0.129292 0.277306 2.49576 80 2 25 10 39514 0 
-176.727 27.8791 -0.129296 0.277306 2.49576 80 2 25 10 39515 0 
-176.718 27.8791 -0.129299 0.277306 2.49576 80 2 25 10 39516 0 
-176.709 27.8791 -0.129303 0.277306 2.49576 80 2 25 10 39517 0 
-176.699 27.8791 -0.129307 0.277306 2.49576 80 2 25 10 39518 0 
-176.69 27.879 -0.12931 0.277306 2.49576 80 2 25 10 39519 0 
-176.681 27.879 -0.129314 0.277306 2.49576 80 2 25 10 39520 0 
-176.672 27.879 -0.129318 0.277306 2.49576 80 2 25 10 39521 0 
-176.662 27.879 -0.129322 0.277306 2.49576 80 2 25 10 39522 0 
-176.653 27.879 -0.129325 0.277306 2.49576 80 2 25 10 39523 0 
-176.644 27.8789 -0.129329 0.277306 2.49576 80 2 25 10 39524 0 
-176.635 27.8789 -0.129333 0.277306 2.49576 80 2 25 10 39525 0 
-176.625 27.8789 -0.129337 0.277306 2.49576 80 2 25 10 39526 0 
-176.616 27.8789 -0.12934 0.277306 2.49576 80 2 25 10 39527 0 
-176.607 27.8788 -0.129344 0.277306 2.49576 80 2 25 10 39528 0 
-176.598 27.8788 -0.129348 0.277306 2.49576 80 2 25 10 39529 0 
-176.589 27.8788 -0.129352 0.277306 2.49576 80 2 25 10 39530 0 
-176.579 27.8788 -0.129355 0.277306 2.49576 80 2 25 10 39531 0 
-176.57 27.8788 -0.129359 0.277306 2.49576 80 2 25 10 39532 0 
-176.561 27.8787 -0.129363 0.277306 2.49576 80 2 25 10 39533 0 
-176.552 27.8787 -0.129367 0.277306 2.49576 80 2 25 10 39534 0 
-176.542 27.8787 -0.12937 0.277306 2.49576 80 2 25 10 39535 0 
-176.533 27.8787 -0.129374 0.277306 2.49576 80 2 25 10 39536 0 
-176.524 27.8787 -0.129378 0.277306 2.49576 80 2 25 10 39537 0 
-176.515 27.8786 -0.129382 0.277306 2.49576 80 2 25 10 39538 0 
-176.505 27.8786 -0.129385 0.277306 2.49576 80 2 25 10 39539 0 
-176.496 27.8786 -0.129389 0.277306 2.49576 80 2 25 10 39540 0 
-176.487 27.8786 -0.129393 0.277306 2.49576 80 2 25 10 39541 0 
-176.478 27.8786 -0.129397 0.277306 2.49576 80 2 25 10 39542 0 
-176.468 27.8785 -0.1294 0.277306 2.49576 80 2 25 10 39543 0 
-176.459 27.8785 -0.129404 0.277306 2.49576 80 2 25 10 39544 0 
-176.45 27.8785 -0.129408 0.277306 2.49576 80 2 25 10 39545 0 
-176.441 27.8785 -0.129412 0.277306 2.49576 80 2 25 10 39546 0 
-176.431 27.8785 -0.129415 0.277306 2.49576 80 2 25 10 39547 0 
-176.422 27.8784 -0.129419 0.277306 2.49576 80 2 25 10 39548 0 
-176.413 27.8784 -0.129423 0.277306 2.49576 80 2 25 10 39549 0 
-176.404 27.8784 -0.129427 0.277306 2.49576 80 2 25 10 39550 0 
-176.394 27.8784 -0.12943 0.277306 2.49576 80 2 25 10 39551 0 
-176.385 27.8783 -0.129434 0.277306 2.49576 80 2 25 10 39552 0 
-176.376 27.8783 -0.129438 0.277306 2.49576 80 2 25 10 39553 0 
-176.367 27.8783 -0.129442 0.277306 2.49576 80 2 25 10 39554 0 
-176.357 27.8783 -0.129445 0.277306 2.49576 80 2 25 10 39555 0 
-176.348 27.8783 -0.129449 0.277306 2.49576 80 2 25 10 39556 0 
-176.339 27.8782 -0.129453 0.277306 2.49576 80 2 25 10 39557 0 
-176.33 27.8782 -0.129457 0.277306 2.49576 80 2 25 10 39558 0 
-176.32 27.8782 -0.12946 0.277306 2.49576 80 2 25 10 39559 0 
-176.311 27.8782 -0.129464 0.277306 2.49576 80 2 25 10 39560 0 
-176.302 27.8782 -0.129468 0.277306 2.49576 80 2 25 10 39561 0 
-176.293 27.8781 -0.129472 0.277306 2.49576 80 2 25 10 39562 0 
-176.283 27.8781 -0.129475 0.277306 2.49576 80 2 25 10 39563 0 
-176.274 27.8781 -0.129479 0.277306 2.49576 80 2 25 10 39564 0 
-176.265 27.8781 -0.129483 0.277306 2.49576 80 2 25 10 39565 0 
-176.256 27.8781 -0.129487 0.277306 2.49576 80 2 25 10 39566 0 
-176.246 27.878 -0.12949 0.277306 2.49576 80 2 25 10 39567 0 
-176.237 27.878 -0.129494 0.277306 2.49576 80 2 25 10 39568 0 
-176.228 27.878 -0.129498 0.277306 2.49576 80 2 25 10 39569 0 
-176.219 27.878 -0.129502 0.277306 2.49576 80 2 25 10 39570 0 
-176.209 27.8779 -0.129505 0.277306 2.49576 80 2 25 10 39571 0 
-176.2 27.8779 -0.129509 0.277306 2.49576 80 2 25 10 39572 0 
-176.191 27.8779 -0.129513 0.277306 2.49576 80 2 25 10 39573 0 
-176.182 27.8779 -0.129517 0.277306 2.49576 80 2 25 10 39574 0 
-176.172 27.8779 -0.12952 0.277306 2.49576 80 2 25 10 39575 0 
-176.163 27.8778 -0.129524 0.277306 2.49576 80 2 25 10 39576 0 
-176.154 27.8778 -0.129528 0.277306 2.49576 80 2 25 10 39577 0 
-176.145 27.8778 -0.129532 0.277306 2.49576 80 2 25 10 39578 0 
-176.135 27.8778 -0.129536 0.277306 2.49576 80 2 25 10 39579 0 
-176.126 27.8778 -0.129539 0.277306 2.49576 80 2 25 10 39580 0 
-176.117 27.8777 -0.129543 0.277306 2.49576 80 2 25 10 39581 0 
-176.108 27.8777 -0.129547 0.277306 2.49576 80 2 25 10 39582 0 
-176.098 27.8777 -0.129551 0.277306 2.49576 80 2 25 10 39583 0 
-176.089 27.8777 -0.129554 0.277306 2.49576 80 2 25 10 39584 0 
-176.08 27.8777 -0.129558 0.277306 2.49576 80 2 25 10 39585 0 
-176.071 27.8776 -0.129562 0.277306 2.49576 80 2 25 10 39586 0 
-176.061 27.8776 -0.129566 0.277306 2.49576 80 2 25 10 39587 0 
-176.052 27.8776 -0.129569 0.277306 2.49576 80 2 25 10 39588 0 
-176.043 27.8776 -0.129573 0.277306 2.49576 80 2 25 10 39589 0 
-176.034 27.8775 -0.129577 0.277306 2.49576 80 2 25 10 39590 0 
-176.024 27.8775 -0.129581 0.277306 2.49576 80 2 25 10 39591 0 
-176.015 27.8775 -0.129584 0.277306 2.49576 80 2 25 10 39592 0 
-176.006 27.8775 -0.129588 0.277306 2.49576 80 2 25 10 39593 0 
-175.997 27.8775 -0.129592 0.277306 2.49576 80 2 25 10 39594 0 
-175.987 27.8774 -0.129596 0.277306 2.49576 80 2 25 10 39595 0 
-175.978 27.8774 -0.129599 0.277306 2.49576 80 2 25 10 39596 0 
-175.969 27.8774 -0.129603 0.277306 2.49576 80 2 25 10 39597 0 
-175.96 27.8774 -0.129607 0.277306 2.49576 80 2 25 10 39598 0 
-175.95 27.8774 -0.129611 0.277306 2.49576 80 2 25 10 39599 0 
-175.941 27.8773 -0.129614 0.277306 2.49576 80 2 25 10 39600 0 
-175.932 27.8773 -0.129618 0.277306 2.49576 80 2 25 10 39601 0 
-175.923 27.8773 -0.129622 0.277306 2.49576 80 2 25 10 39602 0 
-175.913 27.8773 -0.129626 0.277306 2.49576 80 2 25 10 39603 0 
-175.904 27.8773 -0.12963 0.277306 2.49576 80 2 25 10 39604 0 
-175.895 27.8772 -0.129633 0.277306 2.49576 80 2 25 10 39605 0 
-175.886 27.8772 -0.129637 0.277306 2.49576 80 2 25 10 39606 0 
-175.876 27.8772 -0.129641 0.277306 2.49576 80 2 25 10 39607 0 
-175.867 27.8772 -0.129645 0.277306 2.49576 80 2 25 10 39608 0 
-175.858 27.8771 -0.129648 0.277306 2.49576 80 2 25 10 39609 0 
-175.849 27.8771 -0.129652 0.277306 2.49576 80 2 25 10 39610 0 
-175.84 27.8771 -0.129656 0.277306 2.49576 80 2 25 10 39611 0 
-175.83 27.8771 -0.12966 0.277306 2.49576 80 2 25 10 39612 0 
-175.821 27.8771 -0.129663 0.277306 2.49576 80 2 25 10 39613 0 
-175.812 27.877 -0.129667 0.277306 2.49576 80 2 25 10 39614 0 
-175.803 27.877 -0.129671 0.277306 2.49576 80 2 25 10 39615 0 
-175.793 27.877 -0.129675 0.277306 2.49576 80 2 25 10 39616 0 
-175.784 27.877 -0.129679 0.277306 2.49576 80 2 25 10 39617 0 
-175.775 27.877 -0.129682 0.277306 2.49576 80 2 25 10 39618 0 
-175.766 27.8769 -0.129686 0.277306 2.49576 80 2 25 10 39619 0 
-175.756 27.8769 -0.12969 0.277306 2.49576 80 2 25 10 39620 0 
-175.747 27.8769 -0.129694 0.277306 2.49576 80 2 25 10 39621 0 
-175.738 27.8769 -0.129697 0.277306 2.49576 80 2 25 10 39622 0 
-175.729 27.8769 -0.129701 0.277306 2.49576 80 2 25 10 39623 0 
-175.719 27.8768 -0.129705 0.277306 2.49576 80 2 25 10 39624 0 
-175.71 27.8768 -0.129709 0.277306 2.49576 80 2 25 10 39625 0 
-175.701 27.8768 -0.129713 0.277306 2.49576 80 2 25 10 39626 0 
-175.692 27.8768 -0.129716 0.277306 2.49576 80 2 25 10 39627 0 
-175.682 27.8768 -0.12972 0.277306 2.49576 80 2 25 10 39628 0 
-175.673 27.8767 -0.129724 0.277306 2.49576 80 2 25 10 39629 0 
-175.664 27.8767 -0.129728 0.277306 2.49576 80 2 25 10 39630 0 
-175.655 27.8767 -0.129731 0.277306 2.49576 80 2 25 10 39631 0 
-175.645 27.8767 -0.129735 0.277306 2.49576 80 2 25 10 39632 0 
-175.636 27.8766 -0.129739 0.277306 2.49576 80 2 25 10 39633 0 
-175.627 27.8766 -0.129743 0.277306 2.49576 80 2 25 10 39634 0 
-175.618 27.8766 -0.129746 0.277306 2.49576 80 2 25 10 39635 0 
-175.608 27.8766 -0.12975 0.277306 2.49576 80 2 25 10 39636 0 
-175.599 27.8766 -0.129754 0.277306 2.49576 80 2 25 10 39637 0 
-175.59 27.8765 -0.129758 0.277306 2.49576 80 2 25 10 39638 0 
-175.581 27.8765 -0.129762 0.277306 2.49576 80 2 25 10 39639 0 
-175.571 27.8765 -0.129765 0.277306 2.49576 80 2 25 10 39640 0 
-175.562 27.8765 -0.129769 0.277306 2.49576 80 2 25 10 39641 0 
-175.553 27.8765 -0.129773 0.277306 2.49576 80 2 25 10 39642 0 
-175.544 27.8764 -0.129777 0.277306 2.49576 80 2 25 10 39643 0 
-175.534 27.8764 -0.12978 0.277306 2.49576 80 2 25 10 39644 0 
-175.525 27.8764 -0.129784 0.277306 2.49576 80 2 25 10 39645 0 
-175.516 27.8764 -0.129788 0.277306 2.49576 80 2 25 10 39646 0 
-175.507 27.8764 -0.129792 0.277306 2.49576 80 2 25 10 39647 0 
-175.497 27.8763 -0.129795 0.277306 2.49576 80 2 25 10 39648 0 
-175.488 27.8763 -0.129799 0.277306 2.49576 80 2 25 10 39649 0 
-175.479 27.8763 -0.129803 0.277306 2.49576 80 2 25 10 39650 0 
-175.47 27.8763 -0.129807 0.277306 2.49576 80 2 25 10 39651 0 
-175.46 27.8762 -0.129811 0.277306 2.49576 80 2 25 10 39652 0 
-175.451 27.8762 -0.129814 0.277306 2.49576 80 2 25 10 39653 0 
-175.442 27.8762 -0.129818 0.277306 2.49576 80 2 25 10 39654 0 
-175.433 27.8762 -0.129822 0.277306 2.49576 80 2 25 10 39655 0 
-175.423 27.8762 -0.129826 0.277306 2.49576 80 2 25 10 39656 0 
-175.414 27.8761 -0.12983 0.277306 2.49576 80 2 25 10 39657 0 
-175.405 27.8761 -0.129833 0.277306 2.49576 80 2 25 10 39658 0 
-175.396 27.8761 -0.129837 0.277306 2.49576 80 2 25 10 39659 0 
-175.386 27.8761 -0.129841 0.277306 2.49576 80 2 25 10 39660 0 
-175.377 27.8761 -0.129845 0.277306 2.49576 80 2 25 10 39661 0 
-175.368 27.876 -0.129848 0.277306 2.49576 80 2 25 10 39662 0 
-175.359 27.876 -0.129852 0.277306 2.49576 80 2 25 10 39663 0 
-175.349 27.876 -0.129856 0.277306 2.49576 80 2 25 10 39664 0 
-175.34 27.876 -0.12986 0.277306 2.49576 80 2 25 10 39665 0 
-175.331 27.876 -0.129864 0.277306 2.49576 80 2 25 10 39666 0 
-175.322 27.8759 -0.129867 0.277306 2.49576 80 2 25 10 39667 0 
-175.312 27.8759 -0.129871 0.277306 2.49576 80 2 25 10 39668 0 
-175.303 27.8759 -0.129875 0.277306 2.49576 80 2 25 10 39669 0 
-175.294 27.8759 -0.129879 0.277306 2.49576 80 2 25 10 39670 0 
-175.285 27.8758 -0.129883 0.277306 2.49576 80 2 25 10 39671 0 
-175.275 27.8758 -0.129886 0.277306 2.49576 80 2 25 10 39672 0 
-175.266 27.8758 -0.12989 0.277306 2.49576 80 2 25 10 39673 0 
-175.257 27.8758 -0.129894 0.277306 2.49576 80 2 25 10 39674 0 
-175.248 27.8758 -0.129898 0.277306 2.49576 80 2 25 10 39675 0 
-175.238 27.8757 -0.129901 0.277306 2.49576 80 2 25 10 39676 0 
-175.229 27.8757 -0.129905 0.277306 2.49576 80 2 25 10 39677 0 
-175.22 27.8757 -0.129909 0.277306 2.49576 80 2 25 10 39678 0 
-175.211 27.8757 -0.129913 0.277306 2.49576 80 2 25 10 39679 0 
-175.201 27.8757 -0.129917 0.277306 2.49576 80 2 25 10 39680 0 
-175.192 27.8756 -0.12992 0.277306 2.49576 80 2 25 10 39681 0 
-175.183 27.8756 -0.129924 0.277306 2.49576 80 2 25 10 39682 0 
-175.174 27.8756 -0.129928 0.277306 2.49576 80 2 25 10 39683 0 
-175.164 27.8756 -0.129932 0.277306 2.49576 80 2 25 10 39684 0 
-175.155 27.8756 -0.129936 0.277306 2.49576 80 2 25 10 39685 0 
-175.146 27.8755 -0.129939 0.277306 2.49576 80 2 25 10 39686 0 
-175.137 27.8755 -0.129943 0.277306 2.49576 80 2 25 10 39687 0 
-175.128 27.8755 -0.129947 0.277306 2.49576 80 2 25 10 39688 0 
-175.118 27.8755 -0.129951 0.277306 2.49576 80 2 25 10 39689 0 
-175.109 27.8755 -0.129954 0.277306 2.49576 80 2 25 10 39690 0 
-175.1 27.8754 -0.129958 0.277306 2.49576 80 2 25 10 39691 0 
-175.091 27.8754 -0.129962 0.277306 2.49576 80 2 25 10 39692 0 
-175.081 27.8754 -0.129966 0.277306 2.49576 80 2 25 10 39693 0 
-175.072 27.8754 -0.12997 0.277306 2.49576 80 2 25 10 39694 0 
-175.063 27.8753 -0.129973 0.277306 2.49576 80 2 25 10 39695 0 
-175.054 27.8753 -0.129977 0.277306 2.49576 80 2 25 10 39696 0 
-175.044 27.8753 -0.129981 0.277306 2.49576 80 2 25 10 39697 0 
-175.035 27.8753 -0.129985 0.277306 2.49576 80 2 25 10 39698 0 
-175.026 27.8753 -0.129989 0.277306 2.49576 80 2 25 10 39699 0 
-175.017 27.8752 -0.129992 0.277306 2.49576 80 2 25 10 39700 0 
-175.007 27.8752 -0.129996 0.277306 2.49576 80 2 25 10 39701 0 
-174.998 27.8752 -0.13 0.277306 2.49576 80 2 25 10 39702 0 
-174.989 27.8752 -0.130004 0.277306 2.49576 80 2 25 10 39703 0 
-174.98 27.8752 -0.130007 0.277306 2.49576 80 2 25 10 39704 0 
-174.97 27.8751 -0.130011 0.277306 2.49576 80 2 25 10 39705 0 
-174.961 27.8751 -0.130015 0.277306 2.49576 80 2 25 10 39706 0 
-174.952 27.8751 -0.130019 0.277306 2.49576 80 2 25 10 39707 0 
-174.943 27.8751 -0.130023 0.277306 2.49576 80 2 25 10 39708 0 
-174.933 27.8751 -0.130026 0.277306 2.49576 80 2 25 10 39709 0 
-174.924 27.875 -0.13003 0.277306 2.49576 80 2 25 10 39710 0 
-174.915 27.875 -0.130034 0.277306 2.49576 80 2 25 10 39711 0 
-174.906 27.875 -0.130038 0.277306 2.49576 80 2 25 10 39712 0 
-174.896 27.875 -0.130042 0.277306 2.49576 80 2 25 10 39713 0 
-174.887 27.8749 -0.130045 0.277306 2.49576 80 2 25 10 39714 0 
-174.878 27.8749 -0.130049 0.277306 2.49576 80 2 25 10 39715 0 
-174.869 27.8749 -0.130053 0.277306 2.49576 80 2 25 10 39716 0 
-174.859 27.8749 -0.130057 0.277306 2.49576 80 2 25 10 39717 0 
-174.85 27.8749 -0.130061 0.277306 2.49576 80 2 25 10 39718 0 
-174.841 27.8748 -0.130064 0.277306 2.49576 80 2 25 10 39719 0 
-174.832 27.8748 -0.130068 0.277306 2.49576 80 2 25 10 39720 0 
-174.822 27.8748 -0.130072 0.277306 2.49576 80 2 25 10 39721 0 
-174.813 27.8748 -0.130076 0.277306 2.49576 80 2 25 10 39722 0 
-174.804 27.8748 -0.13008 0.277306 2.49576 80 2 25 10 39723 0 
-174.795 27.8747 -0.130083 0.277306 2.49576 80 2 25 10 39724 0 
-174.785 27.8747 -0.130087 0.277306 2.49576 80 2 25 10 39725 0 
-174.776 27.8747 -0.130091 0.277306 2.49576 80 2 25 10 39726 0 
-174.767 27.8747 -0.130095 0.277306 2.49576 80 2 25 10 39727 0 
-174.758 27.8747 -0.130099 0.277306 2.49576 80 2 25 10 39728 0 
-174.748 27.8746 -0.130102 0.277306 2.49576 80 2 25 10 39729 0 
-174.739 27.8746 -0.130106 0.277306 2.49576 80 2 25 10 39730 0 
-174.73 27.8746 -0.13011 0.277306 2.49576 80 2 25 10 39731 0 
-174.721 27.8746 -0.130114 0.277306 2.49576 80 2 25 10 39732 0 
-174.711 27.8745 -0.130118 0.277306 2.49576 80 2 25 10 39733 0 
-174.702 27.8745 -0.130121 0.277306 2.49576 80 2 25 10 39734 0 
-174.693 27.8745 -0.130125 0.277306 2.49576 80 2 25 10 39735 0 
-174.684 27.8745 -0.130129 0.277306 2.49576 80 2 25 10 39736 0 
-174.674 27.8745 -0.130133 0.277306 2.49576 80 2 25 10 39737 0 
-174.665 27.8744 -0.130137 0.277306 2.49576 80 2 25 10 39738 0 
-174.656 27.8744 -0.13014 0.277306 2.49576 80 2 25 10 39739 0 
-174.647 27.8744 -0.130144 0.277306 2.49576 80 2 25 10 39740 0 
-174.637 27.8744 -0.130148 0.277306 2.49576 80 2 25 10 39741 0 
-174.628 27.8744 -0.130152 0.277306 2.49576 80 2 25 10 39742 0 
-174.619 27.8743 -0.130156 0.277306 2.49576 80 2 25 10 39743 0 
-174.61 27.8743 -0.130159 0.277306 2.49576 80 2 25 10 39744 0 
-174.6 27.8743 -0.130163 0.277306 2.49576 80 2 25 10 39745 0 
-174.591 27.8743 -0.130167 0.277306 2.49576 80 2 25 10 39746 0 
-174.582 27.8743 -0.130171 0.277306 2.49576 80 2 25 10 39747 0 
-174.573 27.8742 -0.130175 0.277306 2.49576 80 2 25 10 39748 0 
-174.563 27.8742 -0.130178 0.277306 2.49576 80 2 25 10 39749 0 
-174.554 27.8742 -0.130182 0.277306 2.49576 80 2 25 10 39750 0 
-174.545 27.8742 -0.130186 0.277306 2.49576 80 2 25 10 39751 0 
-174.536 27.8741 -0.13019 0.277306 2.49576 80 2 25 10 39752 0 
-174.526 27.8741 -0.130194 0.277306 2.49576 80 2 25 10 39753 0 
-174.517 27.8741 -0.130197 0.277306 2.49576 80 2 25 10 39754 0 
-174.508 27.8741 -0.130201 0.277306 2.49576 80 2 25 10 39755 0 
-174.499 27.8741 -0.130205 0.277306 2.49576 80 2 25 10 39756 0 
-174.489 27.874 -0.130209 0.277306 2.49576 80 2 25 10 39757 0 
-174.48 27.874 -0.130213 0.277306 2.49576 80 2 25 10 39758 0 
-174.471 27.874 -0.130217 0.277306 2.49576 80 2 25 10 39759 0 
-174.462 27.874 -0.13022 0.277306 2.49576 80 2 25 10 39760 0 
-174.452 27.874 -0.130224 0.277306 2.49576 80 2 25 10 39761 0 
-174.443 27.8739 -0.130228 0.277306 2.49576 80 2 25 10 39762 0 
-174.434 27.8739 -0.130232 0.277306 2.49576 80 2 25 10 39763 0 
-174.425 27.8739 -0.130236 0.277306 2.49576 80 2 25 10 39764 0 
-174.415 27.8739 -0.130239 0.277306 2.49576 80 2 25 10 39765 0 
-174.406 27.8739 -0.130243 0.277306 2.49576 80 2 25 10 39766 0 
-174.397 27.8738 -0.130247 0.277306 2.49576 80 2 25 10 39767 0 
-174.388 27.8738 -0.130251 0.277306 2.49576 80 2 25 10 39768 0 
-174.379 27.8738 -0.130255 0.277306 2.49576 80 2 25 10 39769 0 
-174.369 27.8738 -0.130259 0.277306 2.49576 80 2 25 10 39770 0 
-174.36 27.8738 -0.130262 0.277306 2.49576 80 2 25 10 39771 0 
-174.351 27.8737 -0.130266 0.277306 2.49576 80 2 25 10 39772 0 
-174.342 27.8737 -0.13027 0.277306 2.49576 80 2 25 10 39773 0 
-174.332 27.8737 -0.130274 0.277306 2.49576 80 2 25 10 39774 0 
-174.323 27.8737 -0.130278 0.277306 2.49576 80 2 25 10 39775 0 
-174.314 27.8736 -0.130281 0.277306 2.49576 80 2 25 10 39776 0 
-174.305 27.8736 -0.130285 0.277306 2.49576 80 2 25 10 39777 0 
-174.295 27.8736 -0.130289 0.277306 2.49576 80 2 25 10 39778 0 
-174.286 27.8736 -0.130293 0.277306 2.49576 80 2 25 10 39779 0 
-174.277 27.8736 -0.130297 0.277306 2.49576 80 2 25 10 39780 0 
-174.268 27.8735 -0.1303 0.277306 2.49576 80 2 25 10 39781 0 
-174.258 27.8735 -0.130304 0.277306 2.49576 80 2 25 10 39782 0 
-174.249 27.8735 -0.130308 0.277306 2.49576 80 2 25 10 39783 0 
-174.24 27.8735 -0.130312 0.277306 2.49576 80 2 25 10 39784 0 
-174.231 27.8735 -0.130316 0.277306 2.49576 80 2 25 10 39785 0 
-174.221 27.8734 -0.13032 0.277306 2.49576 80 2 25 10 39786 0 
-174.212 27.8734 -0.130323 0.277306 2.49576 80 2 25 10 39787 0 
-174.203 27.8734 -0.130327 0.277306 2.49576 80 2 25 10 39788 0 
-174.194 27.8734 -0.130331 0.277306 2.49576 80 2 25 10 39789 0 
-174.184 27.8734 -0.130335 0.277306 2.49576 80 2 25 10 39790 0 
-174.175 27.8733 -0.130339 0.277306 2.49576 80 2 25 10 39791 0 
-174.166 27.8733 -0.130342 0.277306 2.49576 80 2 25 10 39792 0 
-174.157 27.8733 -0.130346 0.277306 2.49576 80 2 25 10 39793 0 
-174.147 27.8733 -0.13035 0.277306 2.49576 80 2 25 10 39794 0 
-174.138 27.8732 -0.130354 0.277306 2.49576 80 2 25 10 39795 0 
-174.129 27.8732 -0.130358 0.277306 2.49576 80 2 25 10 39796 0 
-174.12 27.8732 -0.130361 0.277306 2.49576 80 2 25 10 39797 0 
-174.11 27.8732 -0.130365 0.277306 2.49576 80 2 25 10 39798 0 
-174.101 27.8732 -0.130369 0.277306 2.49576 80 2 25 10 39799 0 
-174.092 27.8731 -0.130373 0.277306 2.49576 80 2 25 10 39800 0 
-174.083 27.8731 -0.130377 0.277306 2.49576 80 2 25 10 39801 0 
-174.073 27.8731 -0.130381 0.277306 2.49576 80 2 25 10 39802 0 
-174.064 27.8731 -0.130384 0.277306 2.49576 80 2 25 10 39803 0 
-174.055 27.8731 -0.130388 0.277306 2.49576 80 2 25 10 39804 0 
-174.046 27.873 -0.130392 0.277306 2.49576 80 2 25 10 39805 0 
-174.036 27.873 -0.130396 0.277306 2.49576 80 2 25 10 39806 0 
-174.027 27.873 -0.1304 0.277306 2.49576 80 2 25 10 39807 0 
-174.018 27.873 -0.130403 0.277306 2.49576 80 2 25 10 39808 0 
-174.009 27.873 -0.130407 0.277306 2.49576 80 2 25 10 39809 0 
-173.999 27.8729 -0.130411 0.277306 2.49576 80 2 25 10 39810 0 
-173.99 27.8729 -0.130415 0.277306 2.49576 80 2 25 10 39811 0 
-173.981 27.8729 -0.130419 0.277306 2.49576 80 2 25 10 39812 0 
-173.972 27.8729 -0.130423 0.277306 2.49576 80 2 25 10 39813 0 
-173.962 27.8728 -0.130426 0.277306 2.49576 80 2 25 10 39814 0 
-173.953 27.8728 -0.13043 0.277306 2.49576 80 2 25 10 39815 0 
-173.944 27.8728 -0.130434 0.277306 2.49576 80 2 25 10 39816 0 
-173.935 27.8728 -0.130438 0.277306 2.49576 80 2 25 10 39817 0 
-173.925 27.8728 -0.130442 0.277306 2.49576 80 2 25 10 39818 0 
-173.916 27.8727 -0.130446 0.277306 2.49576 80 2 25 10 39819 0 
-173.907 27.8727 -0.130449 0.277306 2.49576 80 2 25 10 39820 0 
-173.898 27.8727 -0.130453 0.277306 2.49576 80 2 25 10 39821 0 
-173.888 27.8727 -0.130457 0.277306 2.49576 80 2 25 10 39822 0 
-173.879 27.8727 -0.130461 0.277306 2.49576 80 2 25 10 39823 0 
-173.87 27.8726 -0.130465 0.277306 2.49576 80 2 25 10 39824 0 
-173.861 27.8726 -0.130469 0.277306 2.49576 80 2 25 10 39825 0 
-173.851 27.8726 -0.130472 0.277306 2.49576 80 2 25 10 39826 0 
-173.842 27.8726 -0.130476 0.277306 2.49576 80 2 25 10 39827 0 
-173.833 27.8726 -0.13048 0.277306 2.49576 80 2 25 10 39828 0 
-173.824 27.8725 -0.130484 0.277306 2.49576 80 2 25 10 39829 0 
-173.814 27.8725 -0.130488 0.277306 2.49576 80 2 25 10 39830 0 
-173.805 27.8725 -0.130492 0.277306 2.49576 80 2 25 10 39831 0 
-173.796 27.8725 -0.130495 0.277306 2.49576 80 2 25 10 39832 0 
-173.787 27.8724 -0.130499 0.277306 2.49576 80 2 25 10 39833 0 
-173.777 27.8724 -0.130503 0.277306 2.49576 80 2 25 10 39834 0 
-173.768 27.8724 -0.130507 0.277306 2.49576 80 2 25 10 39835 0 
-173.759 27.8724 -0.130511 0.277306 2.49576 80 2 25 10 39836 0 
-173.75 27.8724 -0.130515 0.277306 2.49576 80 2 25 10 39837 0 
-173.74 27.8723 -0.130518 0.277306 2.49576 80 2 25 10 39838 0 
-173.731 27.8723 -0.130522 0.277306 2.49576 80 2 25 10 39839 0 
-173.722 27.8723 -0.130526 0.277306 2.49576 80 2 25 10 39840 0 
-173.713 27.8723 -0.13053 0.277306 2.49576 80 2 25 10 39841 0 
-173.703 27.8723 -0.130534 0.277306 2.49576 80 2 25 10 39842 0 
-173.694 27.8722 -0.130537 0.277306 2.49576 80 2 25 10 39843 0 
-173.685 27.8722 -0.130541 0.277306 2.49576 80 2 25 10 39844 0 
-173.676 27.8722 -0.130545 0.277306 2.49576 80 2 25 10 39845 0 
-173.667 27.8722 -0.130549 0.277306 2.49576 80 2 25 10 39846 0 
-173.657 27.8722 -0.130553 0.277306 2.49576 80 2 25 10 39847 0 
-173.648 27.8721 -0.130557 0.277306 2.49576 80 2 25 10 39848 0 
-173.639 27.8721 -0.13056 0.277306 2.49576 80 2 25 10 39849 0 
-173.63 27.8721 -0.130564 0.277306 2.49576 80 2 25 10 39850 0 
-173.62 27.8721 -0.130568 0.277306 2.49576 80 2 25 10 39851 0 
-173.611 27.8721 -0.130572 0.277306 2.49576 80 2 25 10 39852 0 
-173.602 27.872 -0.130576 0.277306 2.49576 80 2 25 10 39853 0 
-173.593 27.872 -0.13058 0.277306 2.49576 80 2 25 10 39854 0 
-173.583 27.872 -0.130583 0.277306 2.49576 80 2 25 10 39855 0 
-173.574 27.872 -0.130587 0.277306 2.49576 80 2 25 10 39856 0 
-173.565 27.8719 -0.130591 0.277306 2.49576 80 2 25 10 39857 0 
-173.556 27.8719 -0.130595 0.277306 2.49576 80 2 25 10 39858 0 
-173.546 27.8719 -0.130599 0.277306 2.49576 80 2 25 10 39859 0 
-173.537 27.8719 -0.130603 0.277306 2.49576 80 2 25 10 39860 0 
-173.528 27.8719 -0.130606 0.277306 2.49576 80 2 25 10 39861 0 
-173.519 27.8718 -0.13061 0.277306 2.49576 80 2 25 10 39862 0 
-173.509 27.8718 -0.130614 0.277306 2.49576 80 2 25 10 39863 0 
-173.5 27.8718 -0.130618 0.277306 2.49576 80 2 25 10 39864 0 
-173.491 27.8718 -0.130622 0.277306 2.49576 80 2 25 10 39865 0 
-173.482 27.8718 -0.130626 0.277306 2.49576 80 2 25 10 39866 0 
-173.472 27.8717 -0.13063 0.277306 2.49576 80 2 25 10 39867 0 
-173.463 27.8717 -0.130633 0.277306 2.49576 80 2 25 10 39868 0 
-173.454 27.8717 -0.130637 0.277306 2.49576 80 2 25 10 39869 0 
-173.445 27.8717 -0.130641 0.277306 2.49576 80 2 25 10 39870 0 
-173.435 27.8717 -0.130645 0.277306 2.49576 80 2 25 10 39871 0 
-173.426 27.8716 -0.130649 0.277306 2.49576 80 2 25 10 39872 0 
-173.417 27.8716 -0.130653 0.277306 2.49576 80 2 25 10 39873 0 
-173.408 27.8716 -0.130656 0.277306 2.49576 80 2 25 10 39874 0 
-173.398 27.8716 -0.13066 0.277306 2.49576 80 2 25 10 39875 0 
-173.389 27.8715 -0.130664 0.277306 2.49576 80 2 25 10 39876 0 
-173.38 27.8715 -0.130668 0.277306 2.49576 80 2 25 10 39877 0 
-173.371 27.8715 -0.130672 0.277306 2.49576 80 2 25 10 39878 0 
-173.361 27.8715 -0.130676 0.277306 2.49576 80 2 25 10 39879 0 
-173.352 27.8715 -0.130679 0.277306 2.49576 80 2 25 10 39880 0 
-173.343 27.8714 -0.130683 0.277306 2.49576 80 2 25 10 39881 0 
-173.334 27.8714 -0.130687 0.277306 2.49576 80 2 25 10 39882 0 
-173.324 27.8714 -0.130691 0.277306 2.49576 80 2 25 10 39883 0 
-173.315 27.8714 -0.130695 0.277306 2.49576 80 2 25 10 39884 0 
-173.306 27.8714 -0.130699 0.277306 2.49576 80 2 25 10 39885 0 
-173.297 27.8713 -0.130703 0.277306 2.49576 80 2 25 10 39886 0 
-173.287 27.8713 -0.130706 0.277306 2.49576 80 2 25 10 39887 0 
-173.278 27.8713 -0.13071 0.277306 2.49576 80 2 25 10 39888 0 
-173.269 27.8713 -0.130714 0.277306 2.49576 80 2 25 10 39889 0 
-173.26 27.8713 -0.130718 0.277306 2.49576 80 2 25 10 39890 0 
-173.25 27.8712 -0.130722 0.277306 2.49576 80 2 25 10 39891 0 
-173.241 27.8712 -0.130726 0.277306 2.49576 80 2 25 10 39892 0 
-173.232 27.8712 -0.130729 0.277306 2.49576 80 2 25 10 39893 0 
-173.223 27.8712 -0.130733 0.277306 2.49576 80 2 25 10 39894 0 
-173.213 27.8711 -0.130737 0.277306 2.49576 80 2 25 10 39895 0 
-173.204 27.8711 -0.130741 0.277306 2.49576 80 2 25 10 39896 0 
-173.195 27.8711 -0.130745 0.277306 2.49576 80 2 25 10 39897 0 
-173.186 27.8711 -0.130749 0.277306 2.49576 80 2 25 10 39898 0 
-173.176 27.8711 -0.130753 0.277306 2.49576 80 2 25 10 39899 0 
-173.167 27.871 -0.130756 0.277306 2.49576 80 2 25 10 39900 0 
-173.158 27.871 -0.13076 0.277306 2.49576 80 2 25 10 39901 0 
-173.149 27.871 -0.130764 0.277306 2.49576 80 2 25 10 39902 0 
-173.139 27.871 -0.130768 0.277306 2.49576 80 2 25 10 39903 0 
-173.13 27.871 -0.130772 0.277306 2.49576 80 2 25 10 39904 0 
-173.121 27.8709 -0.130776 0.277306 2.49576 80 2 25 10 39905 0 
-173.112 27.8709 -0.130779 0.277306 2.49576 80 2 25 10 39906 0 
-173.102 27.8709 -0.130783 0.277306 2.49576 80 2 25 10 39907 0 
-173.093 27.8709 -0.130787 0.277306 2.49576 80 2 25 10 39908 0 
-173.084 27.8709 -0.130791 0.277306 2.49576 80 2 25 10 39909 0 
-173.075 27.8708 -0.130795 0.277306 2.49576 80 2 25 10 39910 0 
-173.065 27.8708 -0.130799 0.277306 2.49576 80 2 25 10 39911 0 
-173.056 27.8708 -0.130803 0.277306 2.49576 80 2 25 10 39912 0 
-173.047 27.8708 -0.130806 0.277306 2.49576 80 2 25 10 39913 0 
-173.038 27.8708 -0.13081 0.277306 2.49576 80 2 25 10 39914 0 
-173.028 27.8707 -0.130814 0.277306 2.49576 80 2 25 10 39915 0 
-173.019 27.8707 -0.130818 0.277306 2.49576 80 2 25 10 39916 0 
-173.01 27.8707 -0.130822 0.277306 2.49576 80 2 25 10 39917 0 
-173.001 27.8707 -0.130826 0.277306 2.49576 80 2 25 10 39918 0 
-172.991 27.8706 -0.130829 0.277306 2.49576 80 2 25 10 39919 0 
-172.982 27.8706 -0.130833 0.277306 2.49576 80 2 25 10 39920 0 
-172.973 27.8706 -0.130837 0.277306 2.49576 80 2 25 10 39921 0 
-172.964 27.8706 -0.130841 0.277306 2.49576 80 2 25 10 39922 0 
-172.954 27.8706 -0.130845 0.277306 2.49576 80 2 25 10 39923 0 
-172.945 27.8705 -0.130849 0.277306 2.49576 80 2 25 10 39924 0 
-172.936 27.8705 -0.130853 0.277306 2.49576 80 2 25 10 39925 0 
-172.927 27.8705 -0.130857 0.277306 2.49576 80 2 25 10 39926 0 
-172.918 27.8705 -0.13086 0.277306 2.49576 80 2 25 10 39927 0 
-172.908 27.8705 -0.130864 0.277306 2.49576 80 2 25 10 39928 0 
-172.899 27.8704 -0.130868 0.277306 2.49576 80 2 25 10 39929 0 
-172.89 27.8704 -0.130872 0.277306 2.49576 80 2 25 10 39930 0 
-172.881 27.8704 -0.130876 0.277306 2.49576 80 2 25 10 39931 0 
-172.871 27.8704 -0.13088 0.277306 2.49576 80 2 25 10 39932 0 
-172.862 27.8704 -0.130884 0.277306 2.49576 80 2 25 10 39933 0 
-172.853 27.8703 -0.130887 0.277306 2.49576 80 2 25 10 39934 0 
-172.844 27.8703 -0.130891 0.277306 2.49576 80 2 25 10 39935 0 
-172.834 27.8703 -0.130895 0.277306 2.49576 80 2 25 10 39936 0 
-172.825 27.8703 -0.130899 0.277306 2.49576 80 2 25 10 39937 0 
-172.816 27.8702 -0.130903 0.277306 2.49576 80 2 25 10 39938 0 
-172.807 27.8702 -0.130907 0.277306 2.49576 80 2 25 10 39939 0 
-172.797 27.8702 -0.130911 0.277306 2.49576 80 2 25 10 39940 0 
-172.788 27.8702 -0.130914 0.277306 2.49576 80 2 25 10 39941 0 
-172.779 27.8702 -0.130918 0.277306 2.49576 80 2 25 10 39942 0 
-172.77 27.8701 -0.130922 0.277306 2.49576 80 2 25 10 39943 0 
-172.76 27.8701 -0.130926 0.277306 2.49576 80 2 25 10 39944 0 
-172.751 27.8701 -0.13093 0.277306 2.49576 80 2 25 10 39945 0 
-172.742 27.8701 -0.130934 0.277306 2.49576 80 2 25 10 39946 0 
-172.733 27.8701 -0.130938 0.277306 2.49576 80 2 25 10 39947 0 
-172.723 27.87 -0.130941 0.277306 2.49576 80 2 25 10 39948 0 
-172.714 27.87 -0.130945 0.277306 2.49576 80 2 25 10 39949 0 
-172.705 27.87 -0.130949 0.277306 2.49576 80 2 25 10 39950 0 
-172.696 27.87 -0.130953 0.277306 2.49576 80 2 25 10 39951 0 
-172.686 27.87 -0.130957 0.277306 2.49576 80 2 25 10 39952 0 
-172.677 27.8699 -0.130961 0.277306 2.49576 80 2 25 10 39953 0 
-172.668 27.8699 -0.130965 0.277306 2.49576 80 2 25 10 39954 0 
-172.659 27.8699 -0.130968 0.277306 2.49576 80 2 25 10 39955 0 
-172.649 27.8699 -0.130972 0.277306 2.49576 80 2 25 10 39956 0 
-172.64 27.8698 -0.130976 0.277306 2.49576 80 2 25 10 39957 0 
-172.631 27.8698 -0.13098 0.277306 2.49576 80 2 25 10 39958 0 
-172.622 27.8698 -0.130984 0.277306 2.49576 80 2 25 10 39959 0 
-172.612 27.8698 -0.130988 0.277306 2.49576 80 2 25 10 39960 0 
-172.603 27.8698 -0.130992 0.277306 2.49576 80 2 25 10 39961 0 
-172.594 27.8697 -0.130995 0.277306 2.49576 80 2 25 10 39962 0 
-172.585 27.8697 -0.130999 0.277306 2.49576 80 2 25 10 39963 0 
-172.575 27.8697 -0.131003 0.277306 2.49576 80 2 25 10 39964 0 
-172.566 27.8697 -0.131007 0.277306 2.49576 80 2 25 10 39965 0 
-172.557 27.8697 -0.131011 0.277306 2.49576 80 2 25 10 39966 0 
-172.548 27.8696 -0.131015 0.277306 2.49576 80 2 25 10 39967 0 
-172.538 27.8696 -0.131019 0.277306 2.49576 80 2 25 10 39968 0 
-172.529 27.8696 -0.131023 0.277306 2.49576 80 2 25 10 39969 0 
-172.52 27.8696 -0.131026 0.277306 2.49576 80 2 25 10 39970 0 
-172.511 27.8696 -0.13103 0.277306 2.49576 80 2 25 10 39971 0 
-172.501 27.8695 -0.131034 0.277306 2.49576 80 2 25 10 39972 0 
-172.492 27.8695 -0.131038 0.277306 2.49576 80 2 25 10 39973 0 
-172.483 27.8695 -0.131042 0.277306 2.49576 80 2 25 10 39974 0 
-172.474 27.8695 -0.131046 0.277306 2.49576 80 2 25 10 39975 0 
-172.464 27.8694 -0.13105 0.277306 2.49576 80 2 25 10 39976 0 
-172.455 27.8694 -0.131054 0.277306 2.49576 80 2 25 10 39977 0 
-172.446 27.8694 -0.131057 0.277306 2.49576 80 2 25 10 39978 0 
-172.437 27.8694 -0.131061 0.277306 2.49576 80 2 25 10 39979 0 
-172.427 27.8694 -0.131065 0.277306 2.49576 80 2 25 10 39980 0 
-172.418 27.8693 -0.131069 0.277306 2.49576 80 2 25 10 39981 0 
-172.409 27.8693 -0.131073 0.277306 2.49576 80 2 25 10 39982 0 
-172.4 27.8693 -0.131077 0.277306 2.49576 80 2 25 10 39983 0 
-172.39 27.8693 -0.131081 0.277306 2.49576 80 2 25 10 39984 0 
-172.381 27.8693 -0.131085 0.277306 2.49576 80 2 25 10 39985 0 
-172.372 27.8692 -0.131088 0.277306 2.49576 80 2 25 10 39986 0 
-172.363 27.8692 -0.131092 0.277306 2.49576 80 2 25 10 39987 0 
-172.353 27.8692 -0.131096 0.277306 2.49576 80 2 25 10 39988 0 
-172.344 27.8692 -0.1311 0.277306 2.49576 80 2 25 10 39989 0 
-172.335 27.8692 -0.131104 0.277306 2.49576 80 2 25 10 39990 0 
-172.326 27.8691 -0.131108 0.277306 2.49576 80 2 25 10 39991 0 
-172.316 27.8691 -0.131112 0.277306 2.49576 80 2 25 10 39992 0 
-172.307 27.8691 -0.131115 0.277306 2.49576 80 2 25 10 39993 0 
-172.298 27.8691 -0.131119 0.277306 2.49576 80 2 25 10 39994 0 
-172.289 27.8691 -0.131123 0.277306 2.49576 80 2 25 10 39995 0 
-172.279 27.869 -0.131127 0.277306 2.49576 80 2 25 10 39996 0 
-172.27 27.869 -0.131131 0.277306 2.49576 80 2 25 10 39997 0 
-172.261 27.869 -0.131135 0.277306 2.49576 80 2 25 10 39998 0 
-172.252 27.869 -0.131139 0.277306 2.49576 80 2 25 10 39999 0 
-172.242 27.8689 -0.131143 0.277306 2.49576 80 2 25 10 40000 0 
-172.233 27.8689 -0.131146 0.277306 2.49576 80 2 25 10 40001 0 
-172.224 27.8689 -0.13115 0.277306 2.49576 80 2 25 10 40002 0 
-172.215 27.8689 -0.131154 0.277306 2.49576 80 2 25 10 40003 0 
-172.206 27.8689 -0.131158 0.277306 2.49576 80 2 25 10 40004 0 
-172.196 27.8688 -0.131162 0.277306 2.49576 80 2 25 10 40005 0 
-172.187 27.8688 -0.131166 0.277306 2.49576 80 2 25 10 40006 0 
-172.178 27.8688 -0.13117 0.277306 2.49576 80 2 25 10 40007 0 
-172.169 27.8688 -0.131174 0.277306 2.49576 80 2 25 10 40008 0 
-172.159 27.8688 -0.131177 0.277306 2.49576 80 2 25 10 40009 0 
-172.15 27.8687 -0.131181 0.277306 2.49576 80 2 25 10 40010 0 
-172.141 27.8687 -0.131185 0.277306 2.49576 80 2 25 10 40011 0 
-172.132 27.8687 -0.131189 0.277306 2.49576 80 2 25 10 40012 0 
-172.122 27.8687 -0.131193 0.277306 2.49576 80 2 25 10 40013 0 
-172.113 27.8687 -0.131197 0.277306 2.49576 80 2 25 10 40014 0 
-172.104 27.8686 -0.131201 0.277306 2.49576 80 2 25 10 40015 0 
-172.095 27.8686 -0.131205 0.277306 2.49576 80 2 25 10 40016 0 
-172.085 27.8686 -0.131208 0.277306 2.49576 80 2 25 10 40017 0 
-172.076 27.8686 -0.131212 0.277306 2.49576 80 2 25 10 40018 0 
-172.067 27.8685 -0.131216 0.277306 2.49576 80 2 25 10 40019 0 
-172.058 27.8685 -0.13122 0.277306 2.49576 80 2 25 10 40020 0 
-172.048 27.8685 -0.131224 0.277306 2.49576 80 2 25 10 40021 0 
-172.039 27.8685 -0.131228 0.277306 2.49576 80 2 25 10 40022 0 
-172.03 27.8685 -0.131232 0.277306 2.49576 80 2 25 10 40023 0 
-172.021 27.8684 -0.131236 0.277306 2.49576 80 2 25 10 40024 0 
-172.011 27.8684 -0.13124 0.277306 2.49576 80 2 25 10 40025 0 
-172.002 27.8684 -0.131243 0.277306 2.49576 80 2 25 10 40026 0 
-171.993 27.8684 -0.131247 0.277306 2.49576 80 2 25 10 40027 0 
-171.984 27.8684 -0.131251 0.277306 2.49576 80 2 25 10 40028 0 
-171.974 27.8683 -0.131255 0.277306 2.49576 80 2 25 10 40029 0 
-171.965 27.8683 -0.131259 0.277306 2.49576 80 2 25 10 40030 0 
-171.956 27.8683 -0.131263 0.277306 2.49576 80 2 25 10 40031 0 
-171.947 27.8683 -0.131267 0.277306 2.49576 80 2 25 10 40032 0 
-171.937 27.8683 -0.131271 0.277306 2.49576 80 2 25 10 40033 0 
-171.928 27.8682 -0.131275 0.277306 2.49576 80 2 25 10 40034 0 
-171.919 27.8682 -0.131278 0.277306 2.49576 80 2 25 10 40035 0 
-171.91 27.8682 -0.131282 0.277306 2.49576 80 2 25 10 40036 0 
-171.9 27.8682 -0.131286 0.277306 2.49576 80 2 25 10 40037 0 
-171.891 27.8681 -0.13129 0.277306 2.49576 80 2 25 10 40038 0 
-171.882 27.8681 -0.131294 0.277306 2.49576 80 2 25 10 40039 0 
-171.873 27.8681 -0.131298 0.277306 2.49576 80 2 25 10 40040 0 
-171.863 27.8681 -0.131302 0.277306 2.49576 80 2 25 10 40041 0 
-171.854 27.8681 -0.131306 0.277306 2.49576 80 2 25 10 40042 0 
-171.845 27.868 -0.13131 0.277306 2.49576 80 2 25 10 40043 0 
-171.836 27.868 -0.131313 0.277306 2.49576 80 2 25 10 40044 0 
-171.826 27.868 -0.131317 0.277306 2.49576 80 2 25 10 40045 0 
-171.817 27.868 -0.131321 0.277306 2.49576 80 2 25 10 40046 0 
-171.808 27.868 -0.131325 0.277306 2.49576 80 2 25 10 40047 0 
-171.799 27.8679 -0.131329 0.277306 2.49576 80 2 25 10 40048 0 
-171.789 27.8679 -0.131333 0.277306 2.49576 80 2 25 10 40049 0 
-171.78 27.8679 -0.131337 0.277306 2.49576 80 2 25 10 40050 0 
-171.771 27.8679 -0.131341 0.277306 2.49576 80 2 25 10 40051 0 
-171.762 27.8679 -0.131345 0.277306 2.49576 80 2 25 10 40052 0 
-171.752 27.8678 -0.131348 0.277306 2.49576 80 2 25 10 40053 0 
-171.743 27.8678 -0.131352 0.277306 2.49576 80 2 25 10 40054 0 
-171.734 27.8678 -0.131356 0.277306 2.49576 80 2 25 10 40055 0 
-171.725 27.8678 -0.13136 0.277306 2.49576 80 2 25 10 40056 0 
-171.715 27.8678 -0.131364 0.277306 2.49576 80 2 25 10 40057 0 
-171.706 27.8677 -0.131368 0.277306 2.49576 80 2 25 10 40058 0 
-171.697 27.8677 -0.131372 0.277306 2.49576 80 2 25 10 40059 0 
-171.688 27.8677 -0.131376 0.277306 2.49576 80 2 25 10 40060 0 
-171.678 27.8677 -0.13138 0.277306 2.49576 80 2 25 10 40061 0 
-171.669 27.8676 -0.131383 0.277306 2.49576 80 2 25 10 40062 0 
-171.66 27.8676 -0.131387 0.277306 2.49576 80 2 25 10 40063 0 
-171.651 27.8676 -0.131391 0.277306 2.49576 80 2 25 10 40064 0 
-171.641 27.8676 -0.131395 0.277306 2.49576 80 2 25 10 40065 0 
-171.632 27.8676 -0.131399 0.277306 2.49576 80 2 25 10 40066 0 
-171.623 27.8675 -0.131403 0.277306 2.49576 80 2 25 10 40067 0 
-171.614 27.8675 -0.131407 0.277306 2.49576 80 2 25 10 40068 0 
-171.604 27.8675 -0.131411 0.277306 2.49576 80 2 25 10 40069 0 
-171.595 27.8675 -0.131415 0.277306 2.49576 80 2 25 10 40070 0 
-171.586 27.8675 -0.131418 0.277306 2.49576 80 2 25 10 40071 0 
-171.577 27.8674 -0.131422 0.277306 2.49576 80 2 25 10 40072 0 
-171.567 27.8674 -0.131426 0.277306 2.49576 80 2 25 10 40073 0 
-171.558 27.8674 -0.13143 0.277306 2.49576 80 2 25 10 40074 0 
-171.549 27.8674 -0.131434 0.277306 2.49576 80 2 25 10 40075 0 
-171.54 27.8674 -0.131438 0.277306 2.49576 80 2 25 10 40076 0 
-171.53 27.8673 -0.131442 0.277306 2.49576 80 2 25 10 40077 0 
-171.521 27.8673 -0.131446 0.277306 2.49576 80 2 25 10 40078 0 
-171.512 27.8673 -0.13145 0.277306 2.49576 80 2 25 10 40079 0 
-171.503 27.8673 -0.131454 0.277306 2.49576 80 2 25 10 40080 0 
-171.493 27.8672 -0.131458 0.277306 2.49576 80 2 25 10 40081 0 
-171.484 27.8672 -0.131461 0.277306 2.49576 80 2 25 10 40082 0 
-171.475 27.8672 -0.131465 0.277306 2.49576 80 2 25 10 40083 0 
-171.466 27.8672 -0.131469 0.277306 2.49576 80 2 25 10 40084 0 
-171.457 27.8672 -0.131473 0.277306 2.49576 80 2 25 10 40085 0 
-171.447 27.8671 -0.131477 0.277306 2.49576 80 2 25 10 40086 0 
-171.438 27.8671 -0.131481 0.277306 2.49576 80 2 25 10 40087 0 
-171.429 27.8671 -0.131485 0.277306 2.49576 80 2 25 10 40088 0 
-171.42 27.8671 -0.131489 0.277306 2.49576 80 2 25 10 40089 0 
-171.41 27.8671 -0.131493 0.277306 2.49576 80 2 25 10 40090 0 
-171.401 27.867 -0.131497 0.277306 2.49576 80 2 25 10 40091 0 
-171.392 27.867 -0.1315 0.277306 2.49576 80 2 25 10 40092 0 
-171.383 27.867 -0.131504 0.277306 2.49576 80 2 25 10 40093 0 
-171.373 27.867 -0.131508 0.277306 2.49576 80 2 25 10 40094 0 
-171.364 27.867 -0.131512 0.277306 2.49576 80 2 25 10 40095 0 
-171.355 27.8669 -0.131516 0.277306 2.49576 80 2 25 10 40096 0 
-171.346 27.8669 -0.13152 0.277306 2.49576 80 2 25 10 40097 0 
-171.336 27.8669 -0.131524 0.277306 2.49576 80 2 25 10 40098 0 
-171.327 27.8669 -0.131528 0.277306 2.49576 80 2 25 10 40099 0 
-171.318 27.8668 -0.131532 0.277306 2.49576 80 2 25 10 40100 0 
-171.309 27.8668 -0.131536 0.277306 2.49576 80 2 25 10 40101 0 
-171.299 27.8668 -0.13154 0.277306 2.49576 80 2 25 10 40102 0 
-171.29 27.8668 -0.131543 0.277306 2.49576 80 2 25 10 40103 0 
-171.281 27.8668 -0.131547 0.277306 2.49576 80 2 25 10 40104 0 
-171.272 27.8667 -0.131551 0.277306 2.49576 80 2 25 10 40105 0 
-171.262 27.8667 -0.131555 0.277306 2.49576 80 2 25 10 40106 0 
-171.253 27.8667 -0.131559 0.277306 2.49576 80 2 25 10 40107 0 
-171.244 27.8667 -0.131563 0.277306 2.49576 80 2 25 10 40108 0 
-171.235 27.8667 -0.131567 0.277306 2.49576 80 2 25 10 40109 0 
-171.225 27.8666 -0.131571 0.277306 2.49576 80 2 25 10 40110 0 
-171.216 27.8666 -0.131575 0.277306 2.49576 80 2 25 10 40111 0 
-171.207 27.8666 -0.131579 0.277306 2.49576 80 2 25 10 40112 0 
-171.198 27.8666 -0.131582 0.277306 2.49576 80 2 25 10 40113 0 
-171.188 27.8666 -0.131586 0.277306 2.49576 80 2 25 10 40114 0 
-171.179 27.8665 -0.13159 0.277306 2.49576 80 2 25 10 40115 0 
-171.17 27.8665 -0.131594 0.277306 2.49576 80 2 25 10 40116 0 
-171.161 27.8665 -0.131598 0.277306 2.49576 80 2 25 10 40117 0 
-171.151 27.8665 -0.131602 0.277306 2.49576 80 2 25 10 40118 0 
-171.142 27.8664 -0.131606 0.277306 2.49576 80 2 25 10 40119 0 
-171.133 27.8664 -0.13161 0.277306 2.49576 80 2 25 10 40120 0 
-171.124 27.8664 -0.131614 0.277306 2.49576 80 2 25 10 40121 0 
-171.114 27.8664 -0.131618 0.277306 2.49576 80 2 25 10 40122 0 
-171.105 27.8664 -0.131622 0.277306 2.49576 80 2 25 10 40123 0 
-171.096 27.8663 -0.131625 0.277306 2.49576 80 2 25 10 40124 0 
-171.087 27.8663 -0.131629 0.277306 2.49576 80 2 25 10 40125 0 
-171.077 27.8663 -0.131633 0.277306 2.49576 80 2 25 10 40126 0 
-171.068 27.8663 -0.131637 0.277306 2.49576 80 2 25 10 40127 0 
-171.059 27.8663 -0.131641 0.277306 2.49576 80 2 25 10 40128 0 
-171.05 27.8662 -0.131645 0.277306 2.49576 80 2 25 10 40129 0 
-171.04 27.8662 -0.131649 0.277306 2.49576 80 2 25 10 40130 0 
-171.031 27.8662 -0.131653 0.277306 2.49576 80 2 25 10 40131 0 
-171.022 27.8662 -0.131657 0.277306 2.49576 80 2 25 10 40132 0 
-171.013 27.8662 -0.131661 0.277306 2.49576 80 2 25 10 40133 0 
-171.003 27.8661 -0.131665 0.277306 2.49576 80 2 25 10 40134 0 
-170.994 27.8661 -0.131669 0.277306 2.49576 80 2 25 10 40135 0 
-170.985 27.8661 -0.131672 0.277306 2.49576 80 2 25 10 40136 0 
-170.976 27.8661 -0.131676 0.277306 2.49576 80 2 25 10 40137 0 
-170.966 27.8661 -0.13168 0.277306 2.49576 80 2 25 10 40138 0 
-170.957 27.866 -0.131684 0.277306 2.49576 80 2 25 10 40139 0 
-170.948 27.866 -0.131688 0.277306 2.49576 80 2 25 10 40140 0 
-170.939 27.866 -0.131692 0.277306 2.49576 80 2 25 10 40141 0 
-170.929 27.866 -0.131696 0.277306 2.49576 80 2 25 10 40142 0 
-170.92 27.8659 -0.1317 0.277306 2.49576 80 2 25 10 40143 0 
-170.911 27.8659 -0.131704 0.277306 2.49576 80 2 25 10 40144 0 
-170.902 27.8659 -0.131708 0.277306 2.49576 80 2 25 10 40145 0 
-170.892 27.8659 -0.131712 0.277306 2.49576 80 2 25 10 40146 0 
-170.883 27.8659 -0.131716 0.277306 2.49576 80 2 25 10 40147 0 
-170.874 27.8658 -0.13172 0.277306 2.49576 80 2 25 10 40148 0 
-170.865 27.8658 -0.131723 0.277306 2.49576 80 2 25 10 40149 0 
-170.855 27.8658 -0.131727 0.277306 2.49576 80 2 25 10 40150 0 
-170.846 27.8658 -0.131731 0.277306 2.49576 80 2 25 10 40151 0 
-170.837 27.8658 -0.131735 0.277306 2.49576 80 2 25 10 40152 0 
-170.828 27.8657 -0.131739 0.277306 2.49576 80 2 25 10 40153 0 
-170.818 27.8657 -0.131743 0.277306 2.49576 80 2 25 10 40154 0 
-170.809 27.8657 -0.131747 0.277306 2.49576 80 2 25 10 40155 0 
-170.8 27.8657 -0.131751 0.277306 2.49576 80 2 25 10 40156 0 
-170.791 27.8657 -0.131755 0.277306 2.49576 80 2 25 10 40157 0 
-170.781 27.8656 -0.131759 0.277306 2.49576 80 2 25 10 40158 0 
-170.772 27.8656 -0.131763 0.277306 2.49576 80 2 25 10 40159 0 
-170.763 27.8656 -0.131767 0.277306 2.49576 80 2 25 10 40160 0 
-170.754 27.8656 -0.13177 0.277306 2.49576 80 2 25 10 40161 0 
-170.745 27.8655 -0.131774 0.277306 2.49576 80 2 25 10 40162 0 
-170.735 27.8655 -0.131778 0.277306 2.49576 80 2 25 10 40163 0 
-170.726 27.8655 -0.131782 0.277306 2.49576 80 2 25 10 40164 0 
-170.717 27.8655 -0.131786 0.277306 2.49576 80 2 25 10 40165 0 
-170.708 27.8655 -0.13179 0.277306 2.49576 80 2 25 10 40166 0 
-170.698 27.8654 -0.131794 0.277306 2.49576 80 2 25 10 40167 0 
-170.689 27.8654 -0.131798 0.277306 2.49576 80 2 25 10 40168 0 
-170.68 27.8654 -0.131802 0.277306 2.49576 80 2 25 10 40169 0 
-170.671 27.8654 -0.131806 0.277306 2.49576 80 2 25 10 40170 0 
-170.661 27.8654 -0.13181 0.277306 2.49576 80 2 25 10 40171 0 
-170.652 27.8653 -0.131814 0.277306 2.49576 80 2 25 10 40172 0 
-170.643 27.8653 -0.131817 0.277306 2.49576 80 2 25 10 40173 0 
-170.634 27.8653 -0.131821 0.277306 2.49576 80 2 25 10 40174 0 
-170.624 27.8653 -0.131825 0.277306 2.49576 80 2 25 10 40175 0 
-170.615 27.8653 -0.131829 0.277306 2.49576 80 2 25 10 40176 0 
-170.606 27.8652 -0.131833 0.277306 2.49576 80 2 25 10 40177 0 
-170.597 27.8652 -0.131837 0.277306 2.49576 80 2 25 10 40178 0 
-170.587 27.8652 -0.131841 0.277306 2.49576 80 2 25 10 40179 0 
-170.578 27.8652 -0.131845 0.277306 2.49576 80 2 25 10 40180 0 
-170.569 27.8651 -0.131849 0.277306 2.49576 80 2 25 10 40181 0 
-170.56 27.8651 -0.131853 0.277306 2.49576 80 2 25 10 40182 0 
-170.55 27.8651 -0.131857 0.277306 2.49576 80 2 25 10 40183 0 
-170.541 27.8651 -0.131861 0.277306 2.49576 80 2 25 10 40184 0 
-170.532 27.8651 -0.131865 0.277306 2.49576 80 2 25 10 40185 0 
-170.523 27.865 -0.131869 0.277306 2.49576 80 2 25 10 40186 0 
-170.513 27.865 -0.131873 0.277306 2.49576 80 2 25 10 40187 0 
-170.504 27.865 -0.131876 0.277306 2.49576 80 2 25 10 40188 0 
-170.495 27.865 -0.13188 0.277306 2.49576 80 2 25 10 40189 0 
-170.486 27.865 -0.131884 0.277306 2.49576 80 2 25 10 40190 0 
-170.476 27.8649 -0.131888 0.277306 2.49576 80 2 25 10 40191 0 
-170.467 27.8649 -0.131892 0.277306 2.49576 80 2 25 10 40192 0 
-170.458 27.8649 -0.131896 0.277306 2.49576 80 2 25 10 40193 0 
-170.449 27.8649 -0.1319 0.277306 2.49576 80 2 25 10 40194 0 
-170.439 27.8649 -0.131904 0.277306 2.49576 80 2 25 10 40195 0 
-170.43 27.8648 -0.131908 0.277306 2.49576 80 2 25 10 40196 0 
-170.421 27.8648 -0.131912 0.277306 2.49576 80 2 25 10 40197 0 
-170.412 27.8648 -0.131916 0.277306 2.49576 80 2 25 10 40198 0 
-170.402 27.8648 -0.13192 0.277306 2.49576 80 2 25 10 40199 0 
-170.393 27.8647 -0.131924 0.277306 2.49576 80 2 25 10 40200 0 
-170.384 27.8647 -0.131928 0.277306 2.49576 80 2 25 10 40201 0 
-170.375 27.8647 -0.131932 0.277306 2.49576 80 2 25 10 40202 0 
-170.365 27.8647 -0.131936 0.277306 2.49576 80 2 25 10 40203 0 
-170.356 27.8647 -0.131939 0.277306 2.49576 80 2 25 10 40204 0 
-170.347 27.8646 -0.131943 0.277306 2.49576 80 2 25 10 40205 0 
-170.338 27.8646 -0.131947 0.277306 2.49576 80 2 25 10 40206 0 
-170.328 27.8646 -0.131951 0.277306 2.49576 80 2 25 10 40207 0 
-170.319 27.8646 -0.131955 0.277306 2.49576 80 2 25 10 40208 0 
-170.31 27.8646 -0.131959 0.277306 2.49576 80 2 25 10 40209 0 
-170.301 27.8645 -0.131963 0.277306 2.49576 80 2 25 10 40210 0 
-170.291 27.8645 -0.131967 0.277306 2.49576 80 2 25 10 40211 0 
-170.282 27.8645 -0.131971 0.277306 2.49576 80 2 25 10 40212 0 
-170.273 27.8645 -0.131975 0.277306 2.49576 80 2 25 10 40213 0 
-170.264 27.8645 -0.131979 0.277306 2.49576 80 2 25 10 40214 0 
-170.254 27.8644 -0.131983 0.277306 2.49576 80 2 25 10 40215 0 
-170.245 27.8644 -0.131987 0.277306 2.49576 80 2 25 10 40216 0 
-170.236 27.8644 -0.131991 0.277306 2.49576 80 2 25 10 40217 0 
-170.227 27.8644 -0.131995 0.277306 2.49576 80 2 25 10 40218 0 
-170.217 27.8644 -0.131998 0.277306 2.49576 80 2 25 10 40219 0 
-170.208 27.8643 -0.132002 0.277306 2.49576 80 2 25 10 40220 0 
-170.199 27.8643 -0.132006 0.277306 2.49576 80 2 25 10 40221 0 
-170.19 27.8643 -0.13201 0.277306 2.49576 80 2 25 10 40222 0 
-170.18 27.8643 -0.132014 0.277306 2.49576 80 2 25 10 40223 0 
-170.171 27.8642 -0.132018 0.277306 2.49576 80 2 25 10 40224 0 
-170.162 27.8642 -0.132022 0.277306 2.49576 80 2 25 10 40225 0 
-170.153 27.8642 -0.132026 0.277306 2.49576 80 2 25 10 40226 0 
-170.143 27.8642 -0.13203 0.277306 2.49576 80 2 25 10 40227 0 
-170.134 27.8642 -0.132034 0.277306 2.49576 80 2 25 10 40228 0 
-170.125 27.8641 -0.132038 0.277306 2.49576 80 2 25 10 40229 0 
-170.116 27.8641 -0.132042 0.277306 2.49576 80 2 25 10 40230 0 
-170.106 27.8641 -0.132046 0.277306 2.49576 80 2 25 10 40231 0 
-170.097 27.8641 -0.13205 0.277306 2.49576 80 2 25 10 40232 0 
-170.088 27.8641 -0.132054 0.277306 2.49576 80 2 25 10 40233 0 
-170.079 27.864 -0.132058 0.277306 2.49576 80 2 25 10 40234 0 
-170.069 27.864 -0.132062 0.277306 2.49576 80 2 25 10 40235 0 
-170.06 27.864 -0.132066 0.277306 2.49576 80 2 25 10 40236 0 
-170.051 27.864 -0.132069 0.277306 2.49576 80 2 25 10 40237 0 
-170.042 27.864 -0.132073 0.277306 2.49576 80 2 25 10 40238 0 
-170.033 27.8639 -0.132077 0.277306 2.49576 80 2 25 10 40239 0 
-170.023 27.8639 -0.132081 0.277306 2.49576 80 2 25 10 40240 0 
-170.014 27.8639 -0.132085 0.277306 2.49576 80 2 25 10 40241 0 
-170.005 27.8639 -0.132089 0.277306 2.49576 80 2 25 10 40242 0 
-169.996 27.8638 -0.132093 0.277306 2.49576 80 2 25 10 40243 0 
-169.986 27.8638 -0.132097 0.277306 2.49576 80 2 25 10 40244 0 
-169.977 27.8638 -0.132101 0.277306 2.49576 80 2 25 10 40245 0 
-169.968 27.8638 -0.132105 0.277306 2.49576 80 2 25 10 40246 0 
-169.959 27.8638 -0.132109 0.277306 2.49576 80 2 25 10 40247 0 
-169.949 27.8637 -0.132113 0.277306 2.49576 80 2 25 10 40248 0 
-169.94 27.8637 -0.132117 0.277306 2.49576 80 2 25 10 40249 0 
-169.931 27.8637 -0.132121 0.277306 2.49576 80 2 25 10 40250 0 
-169.922 27.8637 -0.132125 0.277306 2.49576 80 2 25 10 40251 0 
-169.912 27.8637 -0.132129 0.277306 2.49576 80 2 25 10 40252 0 
-169.903 27.8636 -0.132133 0.277306 2.49576 80 2 25 10 40253 0 
-169.894 27.8636 -0.132137 0.277306 2.49576 80 2 25 10 40254 0 
-169.885 27.8636 -0.132141 0.277306 2.49576 80 2 25 10 40255 0 
-169.875 27.8636 -0.132144 0.277306 2.49576 80 2 25 10 40256 0 
-169.866 27.8636 -0.132148 0.277306 2.49576 80 2 25 10 40257 0 
-169.857 27.8635 -0.132152 0.277306 2.49576 80 2 25 10 40258 0 
-169.848 27.8635 -0.132156 0.277306 2.49576 80 2 25 10 40259 0 
-169.838 27.8635 -0.13216 0.277306 2.49576 80 2 25 10 40260 0 
-169.829 27.8635 -0.132164 0.277306 2.49576 80 2 25 10 40261 0 
-169.82 27.8634 -0.132168 0.277306 2.49576 80 2 25 10 40262 0 
-169.811 27.8634 -0.132172 0.277306 2.49576 80 2 25 10 40263 0 
-169.801 27.8634 -0.132176 0.277306 2.49576 80 2 25 10 40264 0 
-169.792 27.8634 -0.13218 0.277306 2.49576 80 2 25 10 40265 0 
-169.783 27.8634 -0.132184 0.277306 2.49576 80 2 25 10 40266 0 
-169.774 27.8633 -0.132188 0.277306 2.49576 80 2 25 10 40267 0 
-169.764 27.8633 -0.132192 0.277306 2.49576 80 2 25 10 40268 0 
-169.755 27.8633 -0.132196 0.277306 2.49576 80 2 25 10 40269 0 
-169.746 27.8633 -0.1322 0.277306 2.49576 80 2 25 10 40270 0 
-169.737 27.8633 -0.132204 0.277306 2.49576 80 2 25 10 40271 0 
-169.727 27.8632 -0.132208 0.277306 2.49576 80 2 25 10 40272 0 
-169.718 27.8632 -0.132212 0.277306 2.49576 80 2 25 10 40273 0 
-169.709 27.8632 -0.132216 0.277306 2.49576 80 2 25 10 40274 0 
-169.7 27.8632 -0.13222 0.277306 2.49576 80 2 25 10 40275 0 
-169.69 27.8632 -0.132223 0.277306 2.49576 80 2 25 10 40276 0 
-169.681 27.8631 -0.132227 0.277306 2.49576 80 2 25 10 40277 0 
-169.672 27.8631 -0.132231 0.277306 2.49576 80 2 25 10 40278 0 
-169.663 27.8631 -0.132235 0.277306 2.49576 80 2 25 10 40279 0 
-169.653 27.8631 -0.132239 0.277306 2.49576 80 2 25 10 40280 0 
-169.644 27.8631 -0.132243 0.277306 2.49576 80 2 25 10 40281 0 
-169.635 27.863 -0.132247 0.277306 2.49576 80 2 25 10 40282 0 
-169.626 27.863 -0.132251 0.277306 2.49576 80 2 25 10 40283 0 
-169.616 27.863 -0.132255 0.277306 2.49576 80 2 25 10 40284 0 
-169.607 27.863 -0.132259 0.277306 2.49576 80 2 25 10 40285 0 
-169.598 27.8629 -0.132263 0.277306 2.49576 80 2 25 10 40286 0 
-169.589 27.8629 -0.132267 0.277306 2.49576 80 2 25 10 40287 0 
-169.579 27.8629 -0.132271 0.277306 2.49576 80 2 25 10 40288 0 
-169.57 27.8629 -0.132275 0.277306 2.49576 80 2 25 10 40289 0 
-169.561 27.8629 -0.132279 0.277306 2.49576 80 2 25 10 40290 0 
-169.552 27.8628 -0.132283 0.277306 2.49576 80 2 25 10 40291 0 
-169.542 27.8628 -0.132287 0.277306 2.49576 80 2 25 10 40292 0 
-169.533 27.8628 -0.132291 0.277306 2.49576 80 2 25 10 40293 0 
-169.524 27.8628 -0.132295 0.277306 2.49576 80 2 25 10 40294 0 
-169.515 27.8628 -0.132299 0.277306 2.49576 80 2 25 10 40295 0 
-169.505 27.8627 -0.132303 0.277306 2.49576 80 2 25 10 40296 0 
-169.496 27.8627 -0.132307 0.277306 2.49576 80 2 25 10 40297 0 
-169.487 27.8627 -0.132311 0.277306 2.49576 80 2 25 10 40298 0 
-169.478 27.8627 -0.132315 0.277306 2.49576 80 2 25 10 40299 0 
-169.468 27.8627 -0.132319 0.277306 2.49576 80 2 25 10 40300 0 
-169.459 27.8626 -0.132323 0.277306 2.49576 80 2 25 10 40301 0 
-169.45 27.8626 -0.132327 0.277306 2.49576 80 2 25 10 40302 0 
-169.441 27.8626 -0.132331 0.277306 2.49576 80 2 25 10 40303 0 
-169.431 27.8626 -0.132334 0.277306 2.49576 80 2 25 10 40304 0 
-169.422 27.8625 -0.132338 0.277306 2.49576 80 2 25 10 40305 0 
-169.413 27.8625 -0.132342 0.277306 2.49576 80 2 25 10 40306 0 
-169.404 27.8625 -0.132346 0.277306 2.49576 80 2 25 10 40307 0 
-169.394 27.8625 -0.13235 0.277306 2.49576 80 2 25 10 40308 0 
-169.385 27.8625 -0.132354 0.277306 2.49576 80 2 25 10 40309 0 
-169.376 27.8624 -0.132358 0.277306 2.49576 80 2 25 10 40310 0 
-169.367 27.8624 -0.132362 0.277306 2.49576 80 2 25 10 40311 0 
-169.357 27.8624 -0.132366 0.277306 2.49576 80 2 25 10 40312 0 
-169.348 27.8624 -0.13237 0.277306 2.49576 80 2 25 10 40313 0 
-169.339 27.8624 -0.132374 0.277306 2.49576 80 2 25 10 40314 0 
-169.33 27.8623 -0.132378 0.277306 2.49576 80 2 25 10 40315 0 
-169.32 27.8623 -0.132382 0.277306 2.49576 80 2 25 10 40316 0 
-169.311 27.8623 -0.132386 0.277306 2.49576 80 2 25 10 40317 0 
-169.302 27.8623 -0.13239 0.277306 2.49576 80 2 25 10 40318 0 
-169.293 27.8623 -0.132394 0.277306 2.49576 80 2 25 10 40319 0 
-169.284 27.8622 -0.132398 0.277306 2.49576 80 2 25 10 40320 0 
-169.274 27.8622 -0.132402 0.277306 2.49576 80 2 25 10 40321 0 
-169.265 27.8622 -0.132406 0.277306 2.49576 80 2 25 10 40322 0 
-169.256 27.8622 -0.13241 0.277306 2.49576 80 2 25 10 40323 0 
-169.247 27.8621 -0.132414 0.277306 2.49576 80 2 25 10 40324 0 
-169.237 27.8621 -0.132418 0.277306 2.49576 80 2 25 10 40325 0 
-169.228 27.8621 -0.132422 0.277306 2.49576 80 2 25 10 40326 0 
-169.219 27.8621 -0.132426 0.277306 2.49576 80 2 25 10 40327 0 
-169.21 27.8621 -0.13243 0.277306 2.49576 80 2 25 10 40328 0 
-169.2 27.862 -0.132434 0.277306 2.49576 80 2 25 10 40329 0 
-169.191 27.862 -0.132438 0.277306 2.49576 80 2 25 10 40330 0 
-169.182 27.862 -0.132442 0.277306 2.49576 80 2 25 10 40331 0 
-169.173 27.862 -0.132446 0.277306 2.49576 80 2 25 10 40332 0 
-169.163 27.862 -0.13245 0.277306 2.49576 80 2 25 10 40333 0 
-169.154 27.8619 -0.132454 0.277306 2.49576 80 2 25 10 40334 0 
-169.145 27.8619 -0.132457 0.277306 2.49576 80 2 25 10 40335 0 
-169.136 27.8619 -0.132461 0.277306 2.49576 80 2 25 10 40336 0 
-169.126 27.8619 -0.132465 0.277306 2.49576 80 2 25 10 40337 0 
-169.117 27.8619 -0.132469 0.277306 2.49576 80 2 25 10 40338 0 
-169.108 27.8618 -0.132473 0.277306 2.49576 80 2 25 10 40339 0 
-169.099 27.8618 -0.132477 0.277306 2.49576 80 2 25 10 40340 0 
-169.089 27.8618 -0.132481 0.277306 2.49576 80 2 25 10 40341 0 
-169.08 27.8618 -0.132485 0.277306 2.49576 80 2 25 10 40342 0 
-169.071 27.8617 -0.132489 0.277306 2.49576 80 2 25 10 40343 0 
-169.062 27.8617 -0.132493 0.277306 2.49576 80 2 25 10 40344 0 
-169.052 27.8617 -0.132497 0.277306 2.49576 80 2 25 10 40345 0 
-169.043 27.8617 -0.132501 0.277306 2.49576 80 2 25 10 40346 0 
-169.034 27.8617 -0.132505 0.277306 2.49576 80 2 25 10 40347 0 
-169.025 27.8616 -0.132509 0.277306 2.49576 80 2 25 10 40348 0 
-169.015 27.8616 -0.132513 0.277306 2.49576 80 2 25 10 40349 0 
-169.006 27.8616 -0.132517 0.277306 2.49576 80 2 25 10 40350 0 
-168.997 27.8616 -0.132521 0.277306 2.49576 80 2 25 10 40351 0 
-168.988 27.8616 -0.132525 0.277306 2.49576 80 2 25 10 40352 0 
-168.978 27.8615 -0.132529 0.277306 2.49576 80 2 25 10 40353 0 
-168.969 27.8615 -0.132533 0.277306 2.49576 80 2 25 10 40354 0 
-168.96 27.8615 -0.132537 0.277306 2.49576 80 2 25 10 40355 0 
-168.951 27.8615 -0.132541 0.277306 2.49576 80 2 25 10 40356 0 
-168.941 27.8615 -0.132545 0.277306 2.49576 80 2 25 10 40357 0 
-168.932 27.8614 -0.132549 0.277306 2.49576 80 2 25 10 40358 0 
-168.923 27.8614 -0.132553 0.277306 2.49576 80 2 25 10 40359 0 
-168.914 27.8614 -0.132557 0.277306 2.49576 80 2 25 10 40360 0 
-168.904 27.8614 -0.132561 0.277306 2.49576 80 2 25 10 40361 0 
-168.895 27.8614 -0.132565 0.277306 2.49576 80 2 25 10 40362 0 
-168.886 27.8613 -0.132569 0.277306 2.49576 80 2 25 10 40363 0 
-168.877 27.8613 -0.132573 0.277306 2.49576 80 2 25 10 40364 0 
-168.867 27.8613 -0.132577 0.277306 2.49576 80 2 25 10 40365 0 
-168.858 27.8613 -0.132581 0.277306 2.49576 80 2 25 10 40366 0 
-168.849 27.8612 -0.132585 0.277306 2.49576 80 2 25 10 40367 0 
-168.84 27.8612 -0.132589 0.277306 2.49576 80 2 25 10 40368 0 
-168.83 27.8612 -0.132593 0.277306 2.49576 80 2 25 10 40369 0 
-168.821 27.8612 -0.132597 0.277306 2.49576 80 2 25 10 40370 0 
-168.812 27.8612 -0.132601 0.277306 2.49576 80 2 25 10 40371 0 
-168.803 27.8611 -0.132605 0.277306 2.49576 80 2 25 10 40372 0 
-168.793 27.8611 -0.132609 0.277306 2.49576 80 2 25 10 40373 0 
-168.784 27.8611 -0.132613 0.277306 2.49576 80 2 25 10 40374 0 
-168.775 27.8611 -0.132617 0.277306 2.49576 80 2 25 10 40375 0 
-168.766 27.8611 -0.132621 0.277306 2.49576 80 2 25 10 40376 0 
-168.756 27.861 -0.132625 0.277306 2.49576 80 2 25 10 40377 0 
-168.747 27.861 -0.132629 0.277306 2.49576 80 2 25 10 40378 0 
-168.738 27.861 -0.132633 0.277306 2.49576 80 2 25 10 40379 0 
-168.729 27.861 -0.132637 0.277306 2.49576 80 2 25 10 40380 0 
-168.719 27.861 -0.132641 0.277306 2.49576 80 2 25 10 40381 0 
-168.71 27.8609 -0.132645 0.277306 2.49576 80 2 25 10 40382 0 
-168.701 27.8609 -0.132649 0.277306 2.49576 80 2 25 10 40383 0 
-168.692 27.8609 -0.132653 0.277306 2.49576 80 2 25 10 40384 0 
-168.682 27.8609 -0.132657 0.277306 2.49576 80 2 25 10 40385 0 
-168.673 27.8608 -0.132661 0.277306 2.49576 80 2 25 10 40386 0 
-168.664 27.8608 -0.132665 0.277306 2.49576 80 2 25 10 40387 0 
-168.655 27.8608 -0.132669 0.277306 2.49576 80 2 25 10 40388 0 
-168.645 27.8608 -0.132673 0.277306 2.49576 80 2 25 10 40389 0 
-168.636 27.8608 -0.132677 0.277306 2.49576 80 2 25 10 40390 0 
-168.627 27.8607 -0.132681 0.277306 2.49576 80 2 25 10 40391 0 
-168.618 27.8607 -0.132685 0.277306 2.49576 80 2 25 10 40392 0 
-168.608 27.8607 -0.132689 0.277306 2.49576 80 2 25 10 40393 0 
-168.599 27.8607 -0.132693 0.277306 2.49576 80 2 25 10 40394 0 
-168.59 27.8607 -0.132697 0.277306 2.49576 80 2 25 10 40395 0 
-168.581 27.8606 -0.132701 0.277306 2.49576 80 2 25 10 40396 0 
-168.572 27.8606 -0.132704 0.277306 2.49576 80 2 25 10 40397 0 
-168.562 27.8606 -0.132708 0.277306 2.49576 80 2 25 10 40398 0 
-168.553 27.8606 -0.132712 0.277306 2.49576 80 2 25 10 40399 0 
-168.544 27.8606 -0.132716 0.277306 2.49576 80 2 25 10 40400 0 
-168.535 27.8605 -0.13272 0.277306 2.49576 80 2 25 10 40401 0 
-168.525 27.8605 -0.132724 0.277306 2.49576 80 2 25 10 40402 0 
-168.516 27.8605 -0.132728 0.277306 2.49576 80 2 25 10 40403 0 
-168.507 27.8605 -0.132732 0.277306 2.49576 80 2 25 10 40404 0 
-168.498 27.8604 -0.132736 0.277306 2.49576 80 2 25 10 40405 0 
-168.488 27.8604 -0.13274 0.277306 2.49576 80 2 25 10 40406 0 
-168.479 27.8604 -0.132744 0.277306 2.49576 80 2 25 10 40407 0 
-168.47 27.8604 -0.132748 0.277306 2.49576 80 2 25 10 40408 0 
-168.461 27.8604 -0.132752 0.277306 2.49576 80 2 25 10 40409 0 
-168.451 27.8603 -0.132756 0.277306 2.49576 80 2 25 10 40410 0 
-168.442 27.8603 -0.13276 0.277306 2.49576 80 2 25 10 40411 0 
-168.433 27.8603 -0.132764 0.277306 2.49576 80 2 25 10 40412 0 
-168.424 27.8603 -0.132768 0.277306 2.49576 80 2 25 10 40413 0 
-168.414 27.8603 -0.132772 0.277306 2.49576 80 2 25 10 40414 0 
-168.405 27.8602 -0.132776 0.277306 2.49576 80 2 25 10 40415 0 
-168.396 27.8602 -0.13278 0.277306 2.49576 80 2 25 10 40416 0 
-168.387 27.8602 -0.132784 0.277306 2.49576 80 2 25 10 40417 0 
-168.377 27.8602 -0.132788 0.277306 2.49576 80 2 25 10 40418 0 
-168.368 27.8602 -0.132792 0.277306 2.49576 80 2 25 10 40419 0 
-168.359 27.8601 -0.132796 0.277306 2.49576 80 2 25 10 40420 0 
-168.35 27.8601 -0.1328 0.277306 2.49576 80 2 25 10 40421 0 
-168.34 27.8601 -0.132804 0.277306 2.49576 80 2 25 10 40422 0 
-168.331 27.8601 -0.132808 0.277306 2.49576 80 2 25 10 40423 0 
-168.322 27.8601 -0.132812 0.277306 2.49576 80 2 25 10 40424 0 
-168.313 27.86 -0.132816 0.277306 2.49576 80 2 25 10 40425 0 
-168.303 27.86 -0.13282 0.277306 2.49576 80 2 25 10 40426 0 
-168.294 27.86 -0.132824 0.277306 2.49576 80 2 25 10 40427 0 
-168.285 27.86 -0.132828 0.277306 2.49576 80 2 25 10 40428 0 
-168.276 27.8599 -0.132832 0.277306 2.49576 80 2 25 10 40429 0 
-168.266 27.8599 -0.132836 0.277306 2.49576 80 2 25 10 40430 0 
-168.257 27.8599 -0.13284 0.277306 2.49576 80 2 25 10 40431 0 
-168.248 27.8599 -0.132844 0.277306 2.49576 80 2 25 10 40432 0 
-168.239 27.8599 -0.132848 0.277306 2.49576 80 2 25 10 40433 0 
-168.229 27.8598 -0.132852 0.277306 2.49576 80 2 25 10 40434 0 
-168.22 27.8598 -0.132856 0.277306 2.49576 80 2 25 10 40435 0 
-168.211 27.8598 -0.13286 0.277306 2.49576 80 2 25 10 40436 0 
-168.202 27.8598 -0.132864 0.277306 2.49576 80 2 25 10 40437 0 
-168.192 27.8598 -0.132868 0.277306 2.49576 80 2 25 10 40438 0 
-168.183 27.8597 -0.132872 0.277306 2.49576 80 2 25 10 40439 0 
-168.174 27.8597 -0.132876 0.277306 2.49576 80 2 25 10 40440 0 
-168.165 27.8597 -0.13288 0.277306 2.49576 80 2 25 10 40441 0 
-168.155 27.8597 -0.132884 0.277306 2.49576 80 2 25 10 40442 0 
-168.146 27.8597 -0.132888 0.277306 2.49576 80 2 25 10 40443 0 
-168.137 27.8596 -0.132892 0.277306 2.49576 80 2 25 10 40444 0 
-168.128 27.8596 -0.132896 0.277306 2.49576 80 2 25 10 40445 0 
-168.118 27.8596 -0.1329 0.277306 2.49576 80 2 25 10 40446 0 
-168.109 27.8596 -0.132904 0.277306 2.49576 80 2 25 10 40447 0 
-168.1 27.8595 -0.132909 0.277306 2.49576 80 2 25 10 40448 0 
-168.091 27.8595 -0.132913 0.277306 2.49576 80 2 25 10 40449 0 
-168.081 27.8595 -0.132917 0.277306 2.49576 80 2 25 10 40450 0 
-168.072 27.8595 -0.132921 0.277306 2.49576 80 2 25 10 40451 0 
-168.063 27.8595 -0.132925 0.277306 2.49576 80 2 25 10 40452 0 
-168.054 27.8594 -0.132929 0.277306 2.49576 80 2 25 10 40453 0 
-168.044 27.8594 -0.132933 0.277306 2.49576 80 2 25 10 40454 0 
-168.035 27.8594 -0.132937 0.277306 2.49576 80 2 25 10 40455 0 
-168.026 27.8594 -0.132941 0.277306 2.49576 80 2 25 10 40456 0 
-168.017 27.8594 -0.132945 0.277306 2.49576 80 2 25 10 40457 0 
-168.007 27.8593 -0.132949 0.277306 2.49576 80 2 25 10 40458 0 
-167.998 27.8593 -0.132953 0.277306 2.49576 80 2 25 10 40459 0 
-167.989 27.8593 -0.132957 0.277306 2.49576 80 2 25 10 40460 0 
-167.98 27.8593 -0.132961 0.277306 2.49576 80 2 25 10 40461 0 
-167.97 27.8593 -0.132965 0.277306 2.49576 80 2 25 10 40462 0 
-167.961 27.8592 -0.132969 0.277306 2.49576 80 2 25 10 40463 0 
-167.952 27.8592 -0.132973 0.277306 2.49576 80 2 25 10 40464 0 
-167.943 27.8592 -0.132977 0.277306 2.49576 80 2 25 10 40465 0 
-167.933 27.8592 -0.132981 0.277306 2.49576 80 2 25 10 40466 0 
-167.924 27.8591 -0.132985 0.277306 2.49576 80 2 25 10 40467 0 
-167.915 27.8591 -0.132989 0.277306 2.49576 80 2 25 10 40468 0 
-167.906 27.8591 -0.132993 0.277306 2.49576 80 2 25 10 40469 0 
-167.896 27.8591 -0.132997 0.277306 2.49576 80 2 25 10 40470 0 
-167.887 27.8591 -0.133001 0.277306 2.49576 80 2 25 10 40471 0 
-167.878 27.859 -0.133005 0.277306 2.49576 80 2 25 10 40472 0 
-167.869 27.859 -0.133009 0.277306 2.49576 80 2 25 10 40473 0 
-167.859 27.859 -0.133013 0.277306 2.49576 80 2 25 10 40474 0 
-167.85 27.859 -0.133017 0.277306 2.49576 80 2 25 10 40475 0 
-167.841 27.859 -0.133021 0.277306 2.49576 80 2 25 10 40476 0 
-167.832 27.8589 -0.133025 0.277306 2.49576 80 2 25 10 40477 0 
-167.823 27.8589 -0.133029 0.277306 2.49576 80 2 25 10 40478 0 
-167.813 27.8589 -0.133033 0.277306 2.49576 80 2 25 10 40479 0 
-167.804 27.8589 -0.133037 0.277306 2.49576 80 2 25 10 40480 0 
-167.795 27.8589 -0.133041 0.277306 2.49576 80 2 25 10 40481 0 
-167.786 27.8588 -0.133045 0.277306 2.49576 80 2 25 10 40482 0 
-167.776 27.8588 -0.133049 0.277306 2.49576 80 2 25 10 40483 0 
-167.767 27.8588 -0.133053 0.277306 2.49576 80 2 25 10 40484 0 
-167.758 27.8588 -0.133057 0.277306 2.49576 80 2 25 10 40485 0 
-167.749 27.8587 -0.133061 0.277306 2.49576 80 2 25 10 40486 0 
-167.739 27.8587 -0.133065 0.277306 2.49576 80 2 25 10 40487 0 
-167.73 27.8587 -0.133069 0.277306 2.49576 80 2 25 10 40488 0 
-167.721 27.8587 -0.133073 0.277306 2.49576 80 2 25 10 40489 0 
-167.712 27.8587 -0.133077 0.277306 2.49576 80 2 25 10 40490 0 
-167.702 27.8586 -0.133081 0.277306 2.49576 80 2 25 10 40491 0 
-167.693 27.8586 -0.133085 0.277306 2.49576 80 2 25 10 40492 0 
-167.684 27.8586 -0.133089 0.277306 2.49576 80 2 25 10 40493 0 
-167.675 27.8586 -0.133093 0.277306 2.49576 80 2 25 10 40494 0 
-167.665 27.8586 -0.133097 0.277306 2.49576 80 2 25 10 40495 0 
-167.656 27.8585 -0.133101 0.277306 2.49576 80 2 25 10 40496 0 
-167.647 27.8585 -0.133105 0.277306 2.49576 80 2 25 10 40497 0 
-167.638 27.8585 -0.133109 0.277306 2.49576 80 2 25 10 40498 0 
-167.628 27.8585 -0.133113 0.277306 2.49576 80 2 25 10 40499 0 
-167.619 27.8585 -0.133117 0.277306 2.49576 80 2 25 10 40500 0 
-167.61 27.8584 -0.133121 0.277306 2.49576 80 2 25 10 40501 0 
-167.601 27.8584 -0.133125 0.277306 2.49576 80 2 25 10 40502 0 
-167.591 27.8584 -0.133129 0.277306 2.49576 80 2 25 10 40503 0 
-167.582 27.8584 -0.133133 0.277306 2.49576 80 2 25 10 40504 0 
-167.573 27.8584 -0.133137 0.277306 2.49576 80 2 25 10 40505 0 
-167.564 27.8583 -0.133141 0.277306 2.49576 80 2 25 10 40506 0 
-167.554 27.8583 -0.133145 0.277306 2.49576 80 2 25 10 40507 0 
-167.545 27.8583 -0.13315 0.277306 2.49576 80 2 25 10 40508 0 
-167.536 27.8583 -0.133154 0.277306 2.49576 80 2 25 10 40509 0 
-167.527 27.8582 -0.133158 0.277306 2.49576 80 2 25 10 40510 0 
-167.517 27.8582 -0.133162 0.277306 2.49576 80 2 25 10 40511 0 
-167.508 27.8582 -0.133166 0.277306 2.49576 80 2 25 10 40512 0 
-167.499 27.8582 -0.13317 0.277306 2.49576 80 2 25 10 40513 0 
-167.49 27.8582 -0.133174 0.277306 2.49576 80 2 25 10 40514 0 
-167.48 27.8581 -0.133178 0.277306 2.49576 80 2 25 10 40515 0 
-167.471 27.8581 -0.133182 0.277306 2.49576 80 2 25 10 40516 0 
-167.462 27.8581 -0.133186 0.277306 2.49576 80 2 25 10 40517 0 
-167.453 27.8581 -0.13319 0.277306 2.49576 80 2 25 10 40518 0 
-167.443 27.8581 -0.133194 0.277306 2.49576 80 2 25 10 40519 0 
-167.434 27.858 -0.133198 0.277306 2.49576 80 2 25 10 40520 0 
-167.425 27.858 -0.133202 0.277306 2.49576 80 2 25 10 40521 0 
-167.416 27.858 -0.133206 0.277306 2.49576 80 2 25 10 40522 0 
-167.406 27.858 -0.13321 0.277306 2.49576 80 2 25 10 40523 0 
-167.397 27.858 -0.133214 0.277306 2.49576 80 2 25 10 40524 0 
-167.388 27.8579 -0.133218 0.277306 2.49576 80 2 25 10 40525 0 
-167.379 27.8579 -0.133222 0.277306 2.49576 80 2 25 10 40526 0 
-167.369 27.8579 -0.133226 0.277306 2.49576 80 2 25 10 40527 0 
-167.36 27.8579 -0.13323 0.277306 2.49576 80 2 25 10 40528 0 
-167.351 27.8578 -0.133234 0.277306 2.49576 80 2 25 10 40529 0 
-167.342 27.8578 -0.133238 0.277306 2.49576 80 2 25 10 40530 0 
-167.332 27.8578 -0.133242 0.277306 2.49576 80 2 25 10 40531 0 
-167.323 27.8578 -0.133246 0.277306 2.49576 80 2 25 10 40532 0 
-167.314 27.8578 -0.13325 0.277306 2.49576 80 2 25 10 40533 0 
-167.305 27.8577 -0.133254 0.277306 2.49576 80 2 25 10 40534 0 
-167.295 27.8577 -0.133258 0.277306 2.49576 80 2 25 10 40535 0 
-167.286 27.8577 -0.133262 0.277306 2.49576 80 2 25 10 40536 0 
-167.277 27.8577 -0.133266 0.277306 2.49576 80 2 25 10 40537 0 
-167.268 27.8577 -0.13327 0.277306 2.49576 80 2 25 10 40538 0 
-167.258 27.8576 -0.133274 0.277306 2.49576 80 2 25 10 40539 0 
-167.249 27.8576 -0.133278 0.277306 2.49576 80 2 25 10 40540 0 
-167.24 27.8576 -0.133283 0.277306 2.49576 80 2 25 10 40541 0 
-167.231 27.8576 -0.133287 0.277306 2.49576 80 2 25 10 40542 0 
-167.221 27.8576 -0.133291 0.277306 2.49576 80 2 25 10 40543 0 
-167.212 27.8575 -0.133295 0.277306 2.49576 80 2 25 10 40544 0 
-167.203 27.8575 -0.133299 0.277306 2.49576 80 2 25 10 40545 0 
-167.194 27.8575 -0.133303 0.277306 2.49576 80 2 25 10 40546 0 
-167.184 27.8575 -0.133307 0.277306 2.49576 80 2 25 10 40547 0 
-167.175 27.8574 -0.133311 0.277306 2.49576 80 2 25 10 40548 0 
-167.166 27.8574 -0.133315 0.277306 2.49576 80 2 25 10 40549 0 
-167.157 27.8574 -0.133319 0.277306 2.49576 80 2 25 10 40550 0 
-167.147 27.8574 -0.133323 0.277306 2.49576 80 2 25 10 40551 0 
-167.138 27.8574 -0.133327 0.277306 2.49576 80 2 25 10 40552 0 
-167.129 27.8573 -0.133331 0.277306 2.49576 80 2 25 10 40553 0 
-167.12 27.8573 -0.133335 0.277306 2.49576 80 2 25 10 40554 0 
-167.111 27.8573 -0.133339 0.277306 2.49576 80 2 25 10 40555 0 
-167.101 27.8573 -0.133343 0.277306 2.49576 80 2 25 10 40556 0 
-167.092 27.8573 -0.133347 0.277306 2.49576 80 2 25 10 40557 0 
-167.083 27.8572 -0.133351 0.277306 2.49576 80 2 25 10 40558 0 
-167.074 27.8572 -0.133355 0.277306 2.49576 80 2 25 10 40559 0 
-167.064 27.8572 -0.133359 0.277306 2.49576 80 2 25 10 40560 0 
-167.055 27.8572 -0.133363 0.277306 2.49576 80 2 25 10 40561 0 
-167.046 27.8572 -0.133367 0.277306 2.49576 80 2 25 10 40562 0 
-167.037 27.8571 -0.133371 0.277306 2.49576 80 2 25 10 40563 0 
-167.027 27.8571 -0.133375 0.277306 2.49576 80 2 25 10 40564 0 
-167.018 27.8571 -0.133379 0.277306 2.49576 80 2 25 10 40565 0 
-167.009 27.8571 -0.133383 0.277306 2.49576 80 2 25 10 40566 0 
-167 27.857 -0.133388 0.277306 2.49576 80 2 25 10 40567 0 
-166.99 27.857 -0.133392 0.277306 2.49576 80 2 25 10 40568 0 
-166.981 27.857 -0.133396 0.277306 2.49576 80 2 25 10 40569 0 
-166.972 27.857 -0.1334 0.277306 2.49576 80 2 25 10 40570 0 
-166.963 27.857 -0.133404 0.277306 2.49576 80 2 25 10 40571 0 
-166.953 27.8569 -0.133408 0.277306 2.49576 80 2 25 10 40572 0 
-166.944 27.8569 -0.133412 0.277306 2.49576 80 2 25 10 40573 0 
-166.935 27.8569 -0.133416 0.277306 2.49576 80 2 25 10 40574 0 
-166.926 27.8569 -0.13342 0.277306 2.49576 80 2 25 10 40575 0 
-166.916 27.8569 -0.133424 0.277306 2.49576 80 2 25 10 40576 0 
-166.907 27.8568 -0.133428 0.277306 2.49576 80 2 25 10 40577 0 
-166.898 27.8568 -0.133432 0.277306 2.49576 80 2 25 10 40578 0 
-166.889 27.8568 -0.133436 0.277306 2.49576 80 2 25 10 40579 0 
-166.879 27.8568 -0.13344 0.277306 2.49576 80 2 25 10 40580 0 
-166.87 27.8568 -0.133444 0.277306 2.49576 80 2 25 10 40581 0 
-166.861 27.8567 -0.133448 0.277306 2.49576 80 2 25 10 40582 0 
-166.852 27.8567 -0.133452 0.277306 2.49576 80 2 25 10 40583 0 
-166.842 27.8567 -0.133456 0.277306 2.49576 80 2 25 10 40584 0 
-166.833 27.8567 -0.13346 0.277306 2.49576 80 2 25 10 40585 0 
-166.824 27.8567 -0.133464 0.277306 2.49576 80 2 25 10 40586 0 
-166.815 27.8566 -0.133468 0.277306 2.49576 80 2 25 10 40587 0 
-166.805 27.8566 -0.133473 0.277306 2.49576 80 2 25 10 40588 0 
-166.796 27.8566 -0.133477 0.277306 2.49576 80 2 25 10 40589 0 
-166.787 27.8566 -0.133481 0.277306 2.49576 80 2 25 10 40590 0 
-166.778 27.8565 -0.133485 0.277306 2.49576 80 2 25 10 40591 0 
-166.768 27.8565 -0.133489 0.277306 2.49576 80 2 25 10 40592 0 
-166.759 27.8565 -0.133493 0.277306 2.49576 80 2 25 10 40593 0 
-166.75 27.8565 -0.133497 0.277306 2.49576 80 2 25 10 40594 0 
-166.741 27.8565 -0.133501 0.277306 2.49576 80 2 25 10 40595 0 
-166.731 27.8564 -0.133505 0.277306 2.49576 80 2 25 10 40596 0 
-166.722 27.8564 -0.133509 0.277306 2.49576 80 2 25 10 40597 0 
-166.713 27.8564 -0.133513 0.277306 2.49576 80 2 25 10 40598 0 
-166.704 27.8564 -0.133517 0.277306 2.49576 80 2 25 10 40599 0 
-166.694 27.8564 -0.133521 0.277306 2.49576 80 2 25 10 40600 0 
-166.685 27.8563 -0.133525 0.277306 2.49576 80 2 25 10 40601 0 
-166.676 27.8563 -0.133529 0.277306 2.49576 80 2 25 10 40602 0 
-166.667 27.8563 -0.133533 0.277306 2.49576 80 2 25 10 40603 0 
-166.657 27.8563 -0.133537 0.277306 2.49576 80 2 25 10 40604 0 
-166.648 27.8563 -0.133541 0.277306 2.49576 80 2 25 10 40605 0 
-166.639 27.8562 -0.133546 0.277306 2.49576 80 2 25 10 40606 0 
-166.63 27.8562 -0.13355 0.277306 2.49576 80 2 25 10 40607 0 
-166.62 27.8562 -0.133554 0.277306 2.49576 80 2 25 10 40608 0 
-166.611 27.8562 -0.133558 0.277306 2.49576 80 2 25 10 40609 0 
-166.602 27.8561 -0.133562 0.277306 2.49576 80 2 25 10 40610 0 
-166.593 27.8561 -0.133566 0.277306 2.49576 80 2 25 10 40611 0 
-166.583 27.8561 -0.13357 0.277306 2.49576 80 2 25 10 40612 0 
-166.574 27.8561 -0.133574 0.277306 2.49576 80 2 25 10 40613 0 
-166.565 27.8561 -0.133578 0.277306 2.49576 80 2 25 10 40614 0 
-166.556 27.856 -0.133582 0.277306 2.49576 80 2 25 10 40615 0 
-166.546 27.856 -0.133586 0.277306 2.49576 80 2 25 10 40616 0 
-166.537 27.856 -0.13359 0.277306 2.49576 80 2 25 10 40617 0 
-166.528 27.856 -0.133594 0.277306 2.49576 80 2 25 10 40618 0 
-166.519 27.856 -0.133598 0.277306 2.49576 80 2 25 10 40619 0 
-166.509 27.8559 -0.133602 0.277306 2.49576 80 2 25 10 40620 0 
-166.5 27.8559 -0.133606 0.277306 2.49576 80 2 25 10 40621 0 
-166.491 27.8559 -0.13361 0.277306 2.49576 80 2 25 10 40622 0 
-166.482 27.8559 -0.133614 0.277306 2.49576 80 2 25 10 40623 0 
-166.472 27.8559 -0.133619 0.277306 2.49576 80 2 25 10 40624 0 
-166.463 27.8558 -0.133623 0.277306 2.49576 80 2 25 10 40625 0 
-166.454 27.8558 -0.133627 0.277306 2.49576 80 2 25 10 40626 0 
-166.445 27.8558 -0.133631 0.277306 2.49576 80 2 25 10 40627 0 
-166.435 27.8558 -0.133635 0.277306 2.49576 80 2 25 10 40628 0 
-166.426 27.8557 -0.133639 0.277306 2.49576 80 2 25 10 40629 0 
-166.417 27.8557 -0.133643 0.277306 2.49576 80 2 25 10 40630 0 
-166.408 27.8557 -0.133647 0.277306 2.49576 80 2 25 10 40631 0 
-166.398 27.8557 -0.133651 0.277306 2.49576 80 2 25 10 40632 0 
-166.389 27.8557 -0.133655 0.277306 2.49576 80 2 25 10 40633 0 
-166.38 27.8556 -0.133659 0.277306 2.49576 80 2 25 10 40634 0 
-166.371 27.8556 -0.133663 0.277306 2.49576 80 2 25 10 40635 0 
-166.362 27.8556 -0.133667 0.277306 2.49576 80 2 25 10 40636 0 
-166.352 27.8556 -0.133671 0.277306 2.49576 80 2 25 10 40637 0 
-166.343 27.8556 -0.133675 0.277306 2.49576 80 2 25 10 40638 0 
-166.334 27.8555 -0.13368 0.277306 2.49576 80 2 25 10 40639 0 
-166.325 27.8555 -0.133684 0.277306 2.49576 80 2 25 10 40640 0 
-166.315 27.8555 -0.133688 0.277306 2.49576 80 2 25 10 40641 0 
-166.306 27.8555 -0.133692 0.277306 2.49576 80 2 25 10 40642 0 
-166.297 27.8555 -0.133696 0.277306 2.49576 80 2 25 10 40643 0 
-166.288 27.8554 -0.1337 0.277306 2.49576 80 2 25 10 40644 0 
-166.278 27.8554 -0.133704 0.277306 2.49576 80 2 25 10 40645 0 
-166.269 27.8554 -0.133708 0.277306 2.49576 80 2 25 10 40646 0 
-166.26 27.8554 -0.133712 0.277306 2.49576 80 2 25 10 40647 0 
-166.251 27.8554 -0.133716 0.277306 2.49576 80 2 25 10 40648 0 
-166.241 27.8553 -0.13372 0.277306 2.49576 80 2 25 10 40649 0 
-166.232 27.8553 -0.133724 0.277306 2.49576 80 2 25 10 40650 0 
-166.223 27.8553 -0.133728 0.277306 2.49576 80 2 25 10 40651 0 
-166.214 27.8553 -0.133732 0.277306 2.49576 80 2 25 10 40652 0 
-166.204 27.8552 -0.133736 0.277306 2.49576 80 2 25 10 40653 0 
-166.195 27.8552 -0.133741 0.277306 2.49576 80 2 25 10 40654 0 
-166.186 27.8552 -0.133745 0.277306 2.49576 80 2 25 10 40655 0 
-166.177 27.8552 -0.133749 0.277306 2.49576 80 2 25 10 40656 0 
-166.167 27.8552 -0.133753 0.277306 2.49576 80 2 25 10 40657 0 
-166.158 27.8551 -0.133757 0.277306 2.49576 80 2 25 10 40658 0 
-166.149 27.8551 -0.133761 0.277306 2.49576 80 2 25 10 40659 0 
-166.14 27.8551 -0.133765 0.277306 2.49576 80 2 25 10 40660 0 
-166.13 27.8551 -0.133769 0.277306 2.49576 80 2 25 10 40661 0 
-166.121 27.8551 -0.133773 0.277306 2.49576 80 2 25 10 40662 0 
-166.112 27.855 -0.133777 0.277306 2.49576 80 2 25 10 40663 0 
-166.103 27.855 -0.133781 0.277306 2.49576 80 2 25 10 40664 0 
-166.093 27.855 -0.133785 0.277306 2.49576 80 2 25 10 40665 0 
-166.084 27.855 -0.133789 0.277306 2.49576 80 2 25 10 40666 0 
-166.075 27.855 -0.133793 0.277306 2.49576 80 2 25 10 40667 0 
-166.066 27.8549 -0.133797 0.277306 2.49576 80 2 25 10 40668 0 
-166.056 27.8549 -0.133802 0.277306 2.49576 80 2 25 10 40669 0 
-166.047 27.8549 -0.133806 0.277306 2.49576 80 2 25 10 40670 0 
-166.038 27.8549 -0.13381 0.277306 2.49576 80 2 25 10 40671 0 
-166.029 27.8548 -0.133814 0.277306 2.49576 80 2 25 10 40672 0 
-166.019 27.8548 -0.133818 0.277306 2.49576 80 2 25 10 40673 0 
-166.01 27.8548 -0.133822 0.277306 2.49576 80 2 25 10 40674 0 
-166.001 27.8548 -0.133826 0.277306 2.49576 80 2 25 10 40675 0 
-165.992 27.8548 -0.13383 0.277306 2.49576 80 2 25 10 40676 0 
-165.982 27.8547 -0.133834 0.277306 2.49576 80 2 25 10 40677 0 
-165.973 27.8547 -0.133838 0.277306 2.49576 80 2 25 10 40678 0 
-165.964 27.8547 -0.133842 0.277306 2.49576 80 2 25 10 40679 0 
-165.955 27.8547 -0.133846 0.277306 2.49576 80 2 25 10 40680 0 
-165.945 27.8547 -0.133851 0.277306 2.49576 80 2 25 10 40681 0 
-165.936 27.8546 -0.133855 0.277306 2.49576 80 2 25 10 40682 0 
-165.927 27.8546 -0.133859 0.277306 2.49576 80 2 25 10 40683 0 
-165.918 27.8546 -0.133863 0.277306 2.49576 80 2 25 10 40684 0 
-165.908 27.8546 -0.133867 0.277306 2.49576 80 2 25 10 40685 0 
-165.899 27.8546 -0.133871 0.277306 2.49576 80 2 25 10 40686 0 
-165.89 27.8545 -0.133875 0.277306 2.49576 80 2 25 10 40687 0 
-165.881 27.8545 -0.133879 0.277306 2.49576 80 2 25 10 40688 0 
-165.871 27.8545 -0.133883 0.277306 2.49576 80 2 25 10 40689 0 
-165.862 27.8545 -0.133887 0.277306 2.49576 80 2 25 10 40690 0 
-165.853 27.8544 -0.133891 0.277306 2.49576 80 2 25 10 40691 0 
-165.844 27.8544 -0.133895 0.277306 2.49576 80 2 25 10 40692 0 
-165.834 27.8544 -0.1339 0.277306 2.49576 80 2 25 10 40693 0 
-165.825 27.8544 -0.133904 0.277306 2.49576 80 2 25 10 40694 0 
-165.816 27.8544 -0.133908 0.277306 2.49576 80 2 25 10 40695 0 
-165.807 27.8543 -0.133912 0.277306 2.49576 80 2 25 10 40696 0 
-165.797 27.8543 -0.133916 0.277306 2.49576 80 2 25 10 40697 0 
-165.788 27.8543 -0.13392 0.277306 2.49576 80 2 25 10 40698 0 
-165.779 27.8543 -0.133924 0.277306 2.49576 80 2 25 10 40699 0 
-165.77 27.8543 -0.133928 0.277306 2.49576 80 2 25 10 40700 0 
-165.76 27.8542 -0.133932 0.277306 2.49576 80 2 25 10 40701 0 
-165.751 27.8542 -0.133936 0.277306 2.49576 80 2 25 10 40702 0 
-165.742 27.8542 -0.13394 0.277306 2.49576 80 2 25 10 40703 0 
-165.733 27.8542 -0.133944 0.277306 2.49576 80 2 25 10 40704 0 
-165.723 27.8542 -0.133949 0.277306 2.49576 80 2 25 10 40705 0 
-165.714 27.8541 -0.133953 0.277306 2.49576 80 2 25 10 40706 0 
-165.705 27.8541 -0.133957 0.277306 2.49576 80 2 25 10 40707 0 
-165.696 27.8541 -0.133961 0.277306 2.49576 80 2 25 10 40708 0 
-165.686 27.8541 -0.133965 0.277306 2.49576 80 2 25 10 40709 0 
-165.677 27.854 -0.133969 0.277306 2.49576 80 2 25 10 40710 0 
-165.668 27.854 -0.133973 0.277306 2.49576 80 2 25 10 40711 0 
-165.659 27.854 -0.133977 0.277306 2.49576 80 2 25 10 40712 0 
-165.65 27.854 -0.133981 0.277306 2.49576 80 2 25 10 40713 0 
-165.64 27.854 -0.133985 0.277306 2.49576 80 2 25 10 40714 0 
-165.631 27.8539 -0.133989 0.277306 2.49576 80 2 25 10 40715 0 
-165.622 27.8539 -0.133993 0.277306 2.49576 80 2 25 10 40716 0 
-165.613 27.8539 -0.133998 0.277306 2.49576 80 2 25 10 40717 0 
-165.603 27.8539 -0.134002 0.277306 2.49576 80 2 25 10 40718 0 
-165.594 27.8539 -0.134006 0.277306 2.49576 80 2 25 10 40719 0 
-165.585 27.8538 -0.13401 0.277306 2.49576 80 2 25 10 40720 0 
-165.576 27.8538 -0.134014 0.277306 2.49576 80 2 25 10 40721 0 
-165.566 27.8538 -0.134018 0.277306 2.49576 80 2 25 10 40722 0 
-165.557 27.8538 -0.134022 0.277306 2.49576 80 2 25 10 40723 0 
-165.548 27.8538 -0.134026 0.277306 2.49576 80 2 25 10 40724 0 
-165.539 27.8537 -0.13403 0.277306 2.49576 80 2 25 10 40725 0 
-165.529 27.8537 -0.134034 0.277306 2.49576 80 2 25 10 40726 0 
-165.52 27.8537 -0.134038 0.277306 2.49576 80 2 25 10 40727 0 
-165.511 27.8537 -0.134043 0.277306 2.49576 80 2 25 10 40728 0 
-165.502 27.8537 -0.134047 0.277306 2.49576 80 2 25 10 40729 0 
-165.492 27.8536 -0.134051 0.277306 2.49576 80 2 25 10 40730 0 
-165.483 27.8536 -0.134055 0.277306 2.49576 80 2 25 10 40731 0 
-165.474 27.8536 -0.134059 0.277306 2.49576 80 2 25 10 40732 0 
-165.465 27.8536 -0.134063 0.277306 2.49576 80 2 25 10 40733 0 
-165.455 27.8535 -0.134067 0.277306 2.49576 80 2 25 10 40734 0 
-165.446 27.8535 -0.134071 0.277306 2.49576 80 2 25 10 40735 0 
-165.437 27.8535 -0.134075 0.277306 2.49576 80 2 25 10 40736 0 
-165.428 27.8535 -0.134079 0.277306 2.49576 80 2 25 10 40737 0 
-165.418 27.8535 -0.134084 0.277306 2.49576 80 2 25 10 40738 0 
-165.409 27.8534 -0.134088 0.277306 2.49576 80 2 25 10 40739 0 
-165.4 27.8534 -0.134092 0.277306 2.49576 80 2 25 10 40740 0 
-165.391 27.8534 -0.134096 0.277306 2.49576 80 2 25 10 40741 0 
-165.381 27.8534 -0.1341 0.277306 2.49576 80 2 25 10 40742 0 
-165.372 27.8534 -0.134104 0.277306 2.49576 80 2 25 10 40743 0 
-165.363 27.8533 -0.134108 0.277306 2.49576 80 2 25 10 40744 0 
-165.354 27.8533 -0.134112 0.277306 2.49576 80 2 25 10 40745 0 
-165.344 27.8533 -0.134116 0.277306 2.49576 80 2 25 10 40746 0 
-165.335 27.8533 -0.13412 0.277306 2.49576 80 2 25 10 40747 0 
-165.326 27.8533 -0.134125 0.277306 2.49576 80 2 25 10 40748 0 
-165.317 27.8532 -0.134129 0.277306 2.49576 80 2 25 10 40749 0 
-165.307 27.8532 -0.134133 0.277306 2.49576 80 2 25 10 40750 0 
-165.298 27.8532 -0.134137 0.277306 2.49576 80 2 25 10 40751 0 
-165.289 27.8532 -0.134141 0.277306 2.49576 80 2 25 10 40752 0 
-165.28 27.8531 -0.134145 0.277306 2.49576 80 2 25 10 40753 0 
-165.27 27.8531 -0.134149 0.277306 2.49576 80 2 25 10 40754 0 
-165.261 27.8531 -0.134153 0.277306 2.49576 80 2 25 10 40755 0 
-165.252 27.8531 -0.134157 0.277306 2.49576 80 2 25 10 40756 0 
-165.243 27.8531 -0.134161 0.277306 2.49576 80 2 25 10 40757 0 
-165.233 27.853 -0.134166 0.277306 2.49576 80 2 25 10 40758 0 
-165.224 27.853 -0.13417 0.277306 2.49576 80 2 25 10 40759 0 
-165.215 27.853 -0.134174 0.277306 2.49576 80 2 25 10 40760 0 
-165.206 27.853 -0.134178 0.277306 2.49576 80 2 25 10 40761 0 
-165.196 27.853 -0.134182 0.277306 2.49576 80 2 25 10 40762 0 
-165.187 27.8529 -0.134186 0.277306 2.49576 80 2 25 10 40763 0 
-165.178 27.8529 -0.13419 0.277306 2.49576 80 2 25 10 40764 0 
-165.169 27.8529 -0.134194 0.277306 2.49576 80 2 25 10 40765 0 
-165.159 27.8529 -0.134198 0.277306 2.49576 80 2 25 10 40766 0 
-165.15 27.8529 -0.134202 0.277306 2.49576 80 2 25 10 40767 0 
-165.141 27.8528 -0.134207 0.277306 2.49576 80 2 25 10 40768 0 
-165.132 27.8528 -0.134211 0.277306 2.49576 80 2 25 10 40769 0 
-165.122 27.8528 -0.134215 0.277306 2.49576 80 2 25 10 40770 0 
-165.113 27.8528 -0.134219 0.277306 2.49576 80 2 25 10 40771 0 
-165.104 27.8527 -0.134223 0.277306 2.49576 80 2 25 10 40772 0 
-165.095 27.8527 -0.134227 0.277306 2.49576 80 2 25 10 40773 0 
-165.085 27.8527 -0.134231 0.277306 2.49576 80 2 25 10 40774 0 
-165.076 27.8527 -0.134235 0.277306 2.49576 80 2 25 10 40775 0 
-165.067 27.8527 -0.134239 0.277306 2.49576 80 2 25 10 40776 0 
-165.058 27.8526 -0.134244 0.277306 2.49576 80 2 25 10 40777 0 
-165.048 27.8526 -0.134248 0.277306 2.49576 80 2 25 10 40778 0 
-165.039 27.8526 -0.134252 0.277306 2.49576 80 2 25 10 40779 0 
-165.03 27.8526 -0.134256 0.277306 2.49576 80 2 25 10 40780 0 
-165.021 27.8526 -0.13426 0.277306 2.49576 80 2 25 10 40781 0 
-165.011 27.8525 -0.134264 0.277306 2.49576 80 2 25 10 40782 0 
-165.002 27.8525 -0.134268 0.277306 2.49576 80 2 25 10 40783 0 
-164.993 27.8525 -0.134272 0.277306 2.49576 80 2 25 10 40784 0 
-164.984 27.8525 -0.134276 0.277306 2.49576 80 2 25 10 40785 0 
-164.974 27.8525 -0.134281 0.277306 2.49576 80 2 25 10 40786 0 
-164.965 27.8524 -0.134285 0.277306 2.49576 80 2 25 10 40787 0 
-164.956 27.8524 -0.134289 0.277306 2.49576 80 2 25 10 40788 0 
-164.947 27.8524 -0.134293 0.277306 2.49576 80 2 25 10 40789 0 
-164.938 27.8524 -0.134297 0.277306 2.49576 80 2 25 10 40790 0 
-164.928 27.8524 -0.134301 0.277306 2.49576 80 2 25 10 40791 0 
-164.919 27.8523 -0.134305 0.277306 2.49576 80 2 25 10 40792 0 
-164.91 27.8523 -0.134309 0.277306 2.49576 80 2 25 10 40793 0 
-164.901 27.8523 -0.134313 0.277306 2.49576 80 2 25 10 40794 0 
-164.891 27.8523 -0.134318 0.277306 2.49576 80 2 25 10 40795 0 
-164.882 27.8522 -0.134322 0.277306 2.49576 80 2 25 10 40796 0 
-164.873 27.8522 -0.134326 0.277306 2.49576 80 2 25 10 40797 0 
-164.864 27.8522 -0.13433 0.277306 2.49576 80 2 25 10 40798 0 
-164.854 27.8522 -0.134334 0.277306 2.49576 80 2 25 10 40799 0 
-164.845 27.8522 -0.134338 0.277306 2.49576 80 2 25 10 40800 0 
-164.836 27.8521 -0.134342 0.277306 2.49576 80 2 25 10 40801 0 
-164.827 27.8521 -0.134346 0.277306 2.49576 80 2 25 10 40802 0 
-164.817 27.8521 -0.13435 0.277306 2.49576 80 2 25 10 40803 0 
-164.808 27.8521 -0.134355 0.277306 2.49576 80 2 25 10 40804 0 
-164.799 27.8521 -0.134359 0.277306 2.49576 80 2 25 10 40805 0 
-164.79 27.852 -0.134363 0.277306 2.49576 80 2 25 10 40806 0 
-164.78 27.852 -0.134367 0.277306 2.49576 80 2 25 10 40807 0 
-164.771 27.852 -0.134371 0.277306 2.49576 80 2 25 10 40808 0 
-164.762 27.852 -0.134375 0.277306 2.49576 80 2 25 10 40809 0 
-164.753 27.852 -0.134379 0.277306 2.49576 80 2 25 10 40810 0 
-164.743 27.8519 -0.134383 0.277306 2.49576 80 2 25 10 40811 0 
-164.734 27.8519 -0.134387 0.277306 2.49576 80 2 25 10 40812 0 
-164.725 27.8519 -0.134392 0.277306 2.49576 80 2 25 10 40813 0 
-164.716 27.8519 -0.134396 0.277306 2.49576 80 2 25 10 40814 0 
-164.706 27.8518 -0.1344 0.277306 2.49576 80 2 25 10 40815 0 
-164.697 27.8518 -0.134404 0.277306 2.49576 80 2 25 10 40816 0 
-164.688 27.8518 -0.134408 0.277306 2.49576 80 2 25 10 40817 0 
-164.679 27.8518 -0.134412 0.277306 2.49576 80 2 25 10 40818 0 
-164.669 27.8518 -0.134416 0.277306 2.49576 80 2 25 10 40819 0 
-164.66 27.8517 -0.13442 0.277306 2.49576 80 2 25 10 40820 0 
-164.651 27.8517 -0.134425 0.277306 2.49576 80 2 25 10 40821 0 
-164.642 27.8517 -0.134429 0.277306 2.49576 80 2 25 10 40822 0 
-164.632 27.8517 -0.134433 0.277306 2.49576 80 2 25 10 40823 0 
-164.623 27.8517 -0.134437 0.277306 2.49576 80 2 25 10 40824 0 
-164.614 27.8516 -0.134441 0.277306 2.49576 80 2 25 10 40825 0 
-164.605 27.8516 -0.134445 0.277306 2.49576 80 2 25 10 40826 0 
-164.595 27.8516 -0.134449 0.277306 2.49576 80 2 25 10 40827 0 
-164.586 27.8516 -0.134453 0.277306 2.49576 80 2 25 10 40828 0 
-164.577 27.8516 -0.134458 0.277306 2.49576 80 2 25 10 40829 0 
-164.568 27.8515 -0.134462 0.277306 2.49576 80 2 25 10 40830 0 
-164.558 27.8515 -0.134466 0.277306 2.49576 80 2 25 10 40831 0 
-164.549 27.8515 -0.13447 0.277306 2.49576 80 2 25 10 40832 0 
-164.54 27.8515 -0.134474 0.277306 2.49576 80 2 25 10 40833 0 
-164.531 27.8514 -0.134478 0.277306 2.49576 80 2 25 10 40834 0 
-164.521 27.8514 -0.134482 0.277306 2.49576 80 2 25 10 40835 0 
-164.512 27.8514 -0.134487 0.277306 2.49576 80 2 25 10 40836 0 
-164.503 27.8514 -0.134491 0.277306 2.49576 80 2 25 10 40837 0 
-164.494 27.8514 -0.134495 0.277306 2.49576 80 2 25 10 40838 0 
-164.484 27.8513 -0.134499 0.277306 2.49576 80 2 25 10 40839 0 
-164.475 27.8513 -0.134503 0.277306 2.49576 80 2 25 10 40840 0 
-164.466 27.8513 -0.134507 0.277306 2.49576 80 2 25 10 40841 0 
-164.457 27.8513 -0.134511 0.277306 2.49576 80 2 25 10 40842 0 
-164.447 27.8513 -0.134515 0.277306 2.49576 80 2 25 10 40843 0 
-164.438 27.8512 -0.13452 0.277306 2.49576 80 2 25 10 40844 0 
-164.429 27.8512 -0.134524 0.277306 2.49576 80 2 25 10 40845 0 
-164.42 27.8512 -0.134528 0.277306 2.49576 80 2 25 10 40846 0 
-164.41 27.8512 -0.134532 0.277306 2.49576 80 2 25 10 40847 0 
-164.401 27.8512 -0.134536 0.277306 2.49576 80 2 25 10 40848 0 
-164.392 27.8511 -0.13454 0.277306 2.49576 80 2 25 10 40849 0 
-164.383 27.8511 -0.134544 0.277306 2.49576 80 2 25 10 40850 0 
-164.373 27.8511 -0.134548 0.277306 2.49576 80 2 25 10 40851 0 
-164.364 27.8511 -0.134553 0.277306 2.49576 80 2 25 10 40852 0 
-164.355 27.851 -0.134557 0.277306 2.49576 80 2 25 10 40853 0 
-164.346 27.851 -0.134561 0.277306 2.49576 80 2 25 10 40854 0 
-164.336 27.851 -0.134565 0.277306 2.49576 80 2 25 10 40855 0 
-164.327 27.851 -0.134569 0.277306 2.49576 80 2 25 10 40856 0 
-164.318 27.851 -0.134573 0.277306 2.49576 80 2 25 10 40857 0 
-164.309 27.8509 -0.134577 0.277306 2.49576 80 2 25 10 40858 0 
-164.299 27.8509 -0.134581 0.277306 2.49576 80 2 25 10 40859 0 
-164.29 27.8509 -0.134586 0.277306 2.49576 80 2 25 10 40860 0 
-164.281 27.8509 -0.13459 0.277306 2.49576 80 2 25 10 40861 0 
-164.272 27.8509 -0.134594 0.277306 2.49576 80 2 25 10 40862 0 
-164.262 27.8508 -0.134598 0.277306 2.49576 80 2 25 10 40863 0 
-164.253 27.8508 -0.134602 0.277306 2.49576 80 2 25 10 40864 0 
-164.244 27.8508 -0.134606 0.277306 2.49576 80 2 25 10 40865 0 
-164.235 27.8508 -0.13461 0.277306 2.49576 80 2 25 10 40866 0 
-164.225 27.8508 -0.134615 0.277306 2.49576 80 2 25 10 40867 0 
-164.216 27.8507 -0.134619 0.277306 2.49576 80 2 25 10 40868 0 
-164.207 27.8507 -0.134623 0.277306 2.49576 80 2 25 10 40869 0 
-164.198 27.8507 -0.134627 0.277306 2.49576 80 2 25 10 40870 0 
-164.189 27.8507 -0.134631 0.277306 2.49576 80 2 25 10 40871 0 
-164.179 27.8507 -0.134635 0.277306 2.49576 80 2 25 10 40872 0 
-164.17 27.8506 -0.134639 0.277306 2.49576 80 2 25 10 40873 0 
-164.161 27.8506 -0.134644 0.277306 2.49576 80 2 25 10 40874 0 
-164.152 27.8506 -0.134648 0.277306 2.49576 80 2 25 10 40875 0 
-164.142 27.8506 -0.134652 0.277306 2.49576 80 2 25 10 40876 0 
-164.133 27.8505 -0.134656 0.277306 2.49576 80 2 25 10 40877 0 
-164.124 27.8505 -0.13466 0.277306 2.49576 80 2 25 10 40878 0 
-164.115 27.8505 -0.134664 0.277306 2.49576 80 2 25 10 40879 0 
-164.105 27.8505 -0.134668 0.277306 2.49576 80 2 25 10 40880 0 
-164.096 27.8505 -0.134673 0.277306 2.49576 80 2 25 10 40881 0 
-164.087 27.8504 -0.134677 0.277306 2.49576 80 2 25 10 40882 0 
-164.078 27.8504 -0.134681 0.277306 2.49576 80 2 25 10 40883 0 
-164.068 27.8504 -0.134685 0.277306 2.49576 80 2 25 10 40884 0 
-164.059 27.8504 -0.134689 0.277306 2.49576 80 2 25 10 40885 0 
-164.05 27.8504 -0.134693 0.277306 2.49576 80 2 25 10 40886 0 
-164.041 27.8503 -0.134697 0.277306 2.49576 80 2 25 10 40887 0 
-164.031 27.8503 -0.134702 0.277306 2.49576 80 2 25 10 40888 0 
-164.022 27.8503 -0.134706 0.277306 2.49576 80 2 25 10 40889 0 
-164.013 27.8503 -0.13471 0.277306 2.49576 80 2 25 10 40890 0 
-164.004 27.8503 -0.134714 0.277306 2.49576 80 2 25 10 40891 0 
-163.994 27.8502 -0.134718 0.277306 2.49576 80 2 25 10 40892 0 
-163.985 27.8502 -0.134722 0.277306 2.49576 80 2 25 10 40893 0 
-163.976 27.8502 -0.134726 0.277306 2.49576 80 2 25 10 40894 0 
-163.967 27.8502 -0.134731 0.277306 2.49576 80 2 25 10 40895 0 
-163.957 27.8501 -0.134735 0.277306 2.49576 80 2 25 10 40896 0 
-163.948 27.8501 -0.134739 0.277306 2.49576 80 2 25 10 40897 0 
-163.939 27.8501 -0.134743 0.277306 2.49576 80 2 25 10 40898 0 
-163.93 27.8501 -0.134747 0.277306 2.49576 80 2 25 10 40899 0 
-163.92 27.8501 -0.134751 0.277306 2.49576 80 2 25 10 40900 0 
-163.911 27.85 -0.134755 0.277306 2.49576 80 2 25 10 40901 0 
-163.902 27.85 -0.13476 0.277306 2.49576 80 2 25 10 40902 0 
-163.893 27.85 -0.134764 0.277306 2.49576 80 2 25 10 40903 0 
-163.883 27.85 -0.134768 0.277306 2.49576 80 2 25 10 40904 0 
-163.874 27.85 -0.134772 0.277306 2.49576 80 2 25 10 40905 0 
-163.865 27.8499 -0.134776 0.277306 2.49576 80 2 25 10 40906 0 
-163.856 27.8499 -0.13478 0.277306 2.49576 80 2 25 10 40907 0 
-163.846 27.8499 -0.134784 0.277306 2.49576 80 2 25 10 40908 0 
-163.837 27.8499 -0.134789 0.277306 2.49576 80 2 25 10 40909 0 
-163.828 27.8499 -0.134793 0.277306 2.49576 80 2 25 10 40910 0 
-163.819 27.8498 -0.134797 0.277306 2.49576 80 2 25 10 40911 0 
-163.809 27.8498 -0.134801 0.277306 2.49576 80 2 25 10 40912 0 
-163.8 27.8498 -0.134805 0.277306 2.49576 80 2 25 10 40913 0 
-163.791 27.8498 -0.134809 0.277306 2.49576 80 2 25 10 40914 0 
-163.782 27.8497 -0.134813 0.277306 2.49576 80 2 25 10 40915 0 
-163.772 27.8497 -0.134818 0.277306 2.49576 80 2 25 10 40916 0 
-163.763 27.8497 -0.134822 0.277306 2.49576 80 2 25 10 40917 0 
-163.754 27.8497 -0.134826 0.277306 2.49576 80 2 25 10 40918 0 
-163.745 27.8497 -0.13483 0.277306 2.49576 80 2 25 10 40919 0 
-163.735 27.8496 -0.134834 0.277306 2.49576 80 2 25 10 40920 0 
-163.726 27.8496 -0.134838 0.277306 2.49576 80 2 25 10 40921 0 
-163.717 27.8496 -0.134843 0.277306 2.49576 80 2 25 10 40922 0 
-163.708 27.8496 -0.134847 0.277306 2.49576 80 2 25 10 40923 0 
-163.698 27.8496 -0.134851 0.277306 2.49576 80 2 25 10 40924 0 
-163.689 27.8495 -0.134855 0.277306 2.49576 80 2 25 10 40925 0 
-163.68 27.8495 -0.134859 0.277306 2.49576 80 2 25 10 40926 0 
-163.671 27.8495 -0.134863 0.277306 2.49576 80 2 25 10 40927 0 
-163.661 27.8495 -0.134868 0.277306 2.49576 80 2 25 10 40928 0 
-163.652 27.8495 -0.134872 0.277306 2.49576 80 2 25 10 40929 0 
-163.643 27.8494 -0.134876 0.277306 2.49576 80 2 25 10 40930 0 
-163.634 27.8494 -0.13488 0.277306 2.49576 80 2 25 10 40931 0 
-163.624 27.8494 -0.134884 0.277306 2.49576 80 2 25 10 40932 0 
-163.615 27.8494 -0.134888 0.277306 2.49576 80 2 25 10 40933 0 
-163.606 27.8493 -0.134892 0.277306 2.49576 80 2 25 10 40934 0 
-163.597 27.8493 -0.134897 0.277306 2.49576 80 2 25 10 40935 0 
-163.587 27.8493 -0.134901 0.277306 2.49576 80 2 25 10 40936 0 
-163.578 27.8493 -0.134905 0.277306 2.49576 80 2 25 10 40937 0 
-163.569 27.8493 -0.134909 0.277306 2.49576 80 2 25 10 40938 0 
-163.56 27.8492 -0.134913 0.277306 2.49576 80 2 25 10 40939 0 
-163.55 27.8492 -0.134917 0.277306 2.49576 80 2 25 10 40940 0 
-163.541 27.8492 -0.134922 0.277306 2.49576 80 2 25 10 40941 0 
-163.532 27.8492 -0.134926 0.277306 2.49576 80 2 25 10 40942 0 
-163.523 27.8492 -0.13493 0.277306 2.49576 80 2 25 10 40943 0 
-163.513 27.8491 -0.134934 0.277306 2.49576 80 2 25 10 40944 0 
-163.504 27.8491 -0.134938 0.277306 2.49576 80 2 25 10 40945 0 
-163.495 27.8491 -0.134942 0.277306 2.49576 80 2 25 10 40946 0 
-163.486 27.8491 -0.134947 0.277306 2.49576 80 2 25 10 40947 0 
-163.477 27.8491 -0.134951 0.277306 2.49576 80 2 25 10 40948 0 
-163.467 27.849 -0.134955 0.277306 2.49576 80 2 25 10 40949 0 
-163.458 27.849 -0.134959 0.277306 2.49576 80 2 25 10 40950 0 
-163.449 27.849 -0.134963 0.277306 2.49576 80 2 25 10 40951 0 
-163.44 27.849 -0.134967 0.277306 2.49576 80 2 25 10 40952 0 
-163.43 27.849 -0.134971 0.277306 2.49576 80 2 25 10 40953 0 
-163.421 27.8489 -0.134976 0.277306 2.49576 80 2 25 10 40954 0 
-163.412 27.8489 -0.13498 0.277306 2.49576 80 2 25 10 40955 0 
-163.403 27.8489 -0.134984 0.277306 2.49576 80 2 25 10 40956 0 
-163.393 27.8489 -0.134988 0.277306 2.49576 80 2 25 10 40957 0 
-163.384 27.8488 -0.134992 0.277306 2.49576 80 2 25 10 40958 0 
-163.375 27.8488 -0.134996 0.277306 2.49576 80 2 25 10 40959 0 
-163.366 27.8488 -0.135001 0.277306 2.49576 80 2 25 10 40960 0 
-163.356 27.8488 -0.135005 0.277306 2.49576 80 2 25 10 40961 0 
-163.347 27.8488 -0.135009 0.277306 2.49576 80 2 25 10 40962 0 
-163.338 27.8487 -0.135013 0.277306 2.49576 80 2 25 10 40963 0 
-163.329 27.8487 -0.135017 0.277306 2.49576 80 2 25 10 40964 0 
-163.319 27.8487 -0.135021 0.277306 2.49576 80 2 25 10 40965 0 
-163.31 27.8487 -0.135026 0.277306 2.49576 80 2 25 10 40966 0 
-163.301 27.8487 -0.13503 0.277306 2.49576 80 2 25 10 40967 0 
-163.292 27.8486 -0.135034 0.277306 2.49576 80 2 25 10 40968 0 
-163.282 27.8486 -0.135038 0.277306 2.49576 80 2 25 10 40969 0 
-163.273 27.8486 -0.135042 0.277306 2.49576 80 2 25 10 40970 0 
-163.264 27.8486 -0.135047 0.277306 2.49576 80 2 25 10 40971 0 
-163.255 27.8486 -0.135051 0.277306 2.49576 80 2 25 10 40972 0 
-163.245 27.8485 -0.135055 0.277306 2.49576 80 2 25 10 40973 0 
-163.236 27.8485 -0.135059 0.277306 2.49576 80 2 25 10 40974 0 
-163.227 27.8485 -0.135063 0.277306 2.49576 80 2 25 10 40975 0 
-163.218 27.8485 -0.135067 0.277306 2.49576 80 2 25 10 40976 0 
-163.208 27.8484 -0.135072 0.277306 2.49576 80 2 25 10 40977 0 
-163.199 27.8484 -0.135076 0.277306 2.49576 80 2 25 10 40978 0 
-163.19 27.8484 -0.13508 0.277306 2.49576 80 2 25 10 40979 0 
-163.181 27.8484 -0.135084 0.277306 2.49576 80 2 25 10 40980 0 
-163.171 27.8484 -0.135088 0.277306 2.49576 80 2 25 10 40981 0 
-163.162 27.8483 -0.135092 0.277306 2.49576 80 2 25 10 40982 0 
-163.153 27.8483 -0.135097 0.277306 2.49576 80 2 25 10 40983 0 
-163.144 27.8483 -0.135101 0.277306 2.49576 80 2 25 10 40984 0 
-163.134 27.8483 -0.135105 0.277306 2.49576 80 2 25 10 40985 0 
-163.125 27.8483 -0.135109 0.277306 2.49576 80 2 25 10 40986 0 
-163.116 27.8482 -0.135113 0.277306 2.49576 80 2 25 10 40987 0 
-163.107 27.8482 -0.135117 0.277306 2.49576 80 2 25 10 40988 0 
-163.097 27.8482 -0.135122 0.277306 2.49576 80 2 25 10 40989 0 
-163.088 27.8482 -0.135126 0.277306 2.49576 80 2 25 10 40990 0 
-163.079 27.8482 -0.13513 0.277306 2.49576 80 2 25 10 40991 0 
-163.07 27.8481 -0.135134 0.277306 2.49576 80 2 25 10 40992 0 
-163.06 27.8481 -0.135138 0.277306 2.49576 80 2 25 10 40993 0 
-163.051 27.8481 -0.135142 0.277306 2.49576 80 2 25 10 40994 0 
-163.042 27.8481 -0.135147 0.277306 2.49576 80 2 25 10 40995 0 
-163.033 27.848 -0.135151 0.277306 2.49576 80 2 25 10 40996 0 
-163.023 27.848 -0.135155 0.277306 2.49576 80 2 25 10 40997 0 
-163.014 27.848 -0.135159 0.277306 2.49576 80 2 25 10 40998 0 
-163.005 27.848 -0.135163 0.277306 2.49576 80 2 25 10 40999 0 
-162.996 27.848 -0.135168 0.277306 2.49576 80 2 25 10 41000 0 
-162.986 27.8479 -0.135172 0.277306 2.49576 80 2 25 10 41001 0 
-162.977 27.8479 -0.135176 0.277306 2.49576 80 2 25 10 41002 0 
-162.968 27.8479 -0.13518 0.277306 2.49576 80 2 25 10 41003 0 
-162.959 27.8479 -0.135184 0.277306 2.49576 80 2 25 10 41004 0 
-162.949 27.8479 -0.135188 0.277306 2.49576 80 2 25 10 41005 0 
-162.94 27.8478 -0.135193 0.277306 2.49576 80 2 25 10 41006 0 
-162.931 27.8478 -0.135197 0.277306 2.49576 80 2 25 10 41007 0 
-162.922 27.8478 -0.135201 0.277306 2.49576 80 2 25 10 41008 0 
-162.912 27.8478 -0.135205 0.277306 2.49576 80 2 25 10 41009 0 
-162.903 27.8478 -0.135209 0.277306 2.49576 80 2 25 10 41010 0 
-162.894 27.8477 -0.135214 0.277306 2.49576 80 2 25 10 41011 0 
-162.885 27.8477 -0.135218 0.277306 2.49576 80 2 25 10 41012 0 
-162.875 27.8477 -0.135222 0.277306 2.49576 80 2 25 10 41013 0 
-162.866 27.8477 -0.135226 0.277306 2.49576 80 2 25 10 41014 0 
-162.857 27.8477 -0.13523 0.277306 2.49576 80 2 25 10 41015 0 
-162.848 27.8476 -0.135234 0.277306 2.49576 80 2 25 10 41016 0 
-162.838 27.8476 -0.135239 0.277306 2.49576 80 2 25 10 41017 0 
-162.829 27.8476 -0.135243 0.277306 2.49576 80 2 25 10 41018 0 
-162.82 27.8476 -0.135247 0.277306 2.49576 80 2 25 10 41019 0 
-162.811 27.8475 -0.135251 0.277306 2.49576 80 2 25 10 41020 0 
-162.801 27.8475 -0.135255 0.277306 2.49576 80 2 25 10 41021 0 
-162.792 27.8475 -0.13526 0.277306 2.49576 80 2 25 10 41022 0 
-162.783 27.8475 -0.135264 0.277306 2.49576 80 2 25 10 41023 0 
-162.774 27.8475 -0.135268 0.277306 2.49576 80 2 25 10 41024 0 
-162.764 27.8474 -0.135272 0.277306 2.49576 80 2 25 10 41025 0 
-162.755 27.8474 -0.135276 0.277306 2.49576 80 2 25 10 41026 0 
-162.746 27.8474 -0.135281 0.277306 2.49576 80 2 25 10 41027 0 
-162.737 27.8474 -0.135285 0.277306 2.49576 80 2 25 10 41028 0 
-162.728 27.8474 -0.135289 0.277306 2.49576 80 2 25 10 41029 0 
-162.718 27.8473 -0.135293 0.277306 2.49576 80 2 25 10 41030 0 
-162.709 27.8473 -0.135297 0.277306 2.49576 80 2 25 10 41031 0 
-162.7 27.8473 -0.135301 0.277306 2.49576 80 2 25 10 41032 0 
-162.691 27.8473 -0.135306 0.277306 2.49576 80 2 25 10 41033 0 
-162.681 27.8473 -0.13531 0.277306 2.49576 80 2 25 10 41034 0 
-162.672 27.8472 -0.135314 0.277306 2.49576 80 2 25 10 41035 0 
-162.663 27.8472 -0.135318 0.277306 2.49576 80 2 25 10 41036 0 
-162.654 27.8472 -0.135322 0.277306 2.49576 80 2 25 10 41037 0 
-162.644 27.8472 -0.135327 0.277306 2.49576 80 2 25 10 41038 0 
-162.635 27.8471 -0.135331 0.277306 2.49576 80 2 25 10 41039 0 
-162.626 27.8471 -0.135335 0.277306 2.49576 80 2 25 10 41040 0 
-162.617 27.8471 -0.135339 0.277306 2.49576 80 2 25 10 41041 0 
-162.607 27.8471 -0.135343 0.277306 2.49576 80 2 25 10 41042 0 
-162.598 27.8471 -0.135348 0.277306 2.49576 80 2 25 10 41043 0 
-162.589 27.847 -0.135352 0.277306 2.49576 80 2 25 10 41044 0 
-162.58 27.847 -0.135356 0.277306 2.49576 80 2 25 10 41045 0 
-162.57 27.847 -0.13536 0.277306 2.49576 80 2 25 10 41046 0 
-162.561 27.847 -0.135364 0.277306 2.49576 80 2 25 10 41047 0 
-162.552 27.847 -0.135368 0.277306 2.49576 80 2 25 10 41048 0 
-162.543 27.8469 -0.135373 0.277306 2.49576 80 2 25 10 41049 0 
-162.533 27.8469 -0.135377 0.277306 2.49576 80 2 25 10 41050 0 
-162.524 27.8469 -0.135381 0.277306 2.49576 80 2 25 10 41051 0 
-162.515 27.8469 -0.135385 0.277306 2.49576 80 2 25 10 41052 0 
-162.506 27.8469 -0.135389 0.277306 2.49576 80 2 25 10 41053 0 
-162.496 27.8468 -0.135394 0.277306 2.49576 80 2 25 10 41054 0 
-162.487 27.8468 -0.135398 0.277306 2.49576 80 2 25 10 41055 0 
-162.478 27.8468 -0.135402 0.277306 2.49576 80 2 25 10 41056 0 
-162.469 27.8468 -0.135406 0.277306 2.49576 80 2 25 10 41057 0 
-162.459 27.8467 -0.13541 0.277306 2.49576 80 2 25 10 41058 0 
-162.45 27.8467 -0.135415 0.277306 2.49576 80 2 25 10 41059 0 
-162.441 27.8467 -0.135419 0.277306 2.49576 80 2 25 10 41060 0 
-162.432 27.8467 -0.135423 0.277306 2.49576 80 2 25 10 41061 0 
-162.422 27.8467 -0.135427 0.277306 2.49576 80 2 25 10 41062 0 
-162.413 27.8466 -0.135431 0.277306 2.49576 80 2 25 10 41063 0 
-162.404 27.8466 -0.135436 0.277306 2.49576 80 2 25 10 41064 0 
-162.395 27.8466 -0.13544 0.277306 2.49576 80 2 25 10 41065 0 
-162.385 27.8466 -0.135444 0.277306 2.49576 80 2 25 10 41066 0 
-162.376 27.8466 -0.135448 0.277306 2.49576 80 2 25 10 41067 0 
-162.367 27.8465 -0.135453 0.277306 2.49576 80 2 25 10 41068 0 
-162.358 27.8465 -0.135457 0.277306 2.49576 80 2 25 10 41069 0 
-162.348 27.8465 -0.135461 0.277306 2.49576 80 2 25 10 41070 0 
-162.339 27.8465 -0.135465 0.277306 2.49576 80 2 25 10 41071 0 
-162.33 27.8465 -0.135469 0.277306 2.49576 80 2 25 10 41072 0 
-162.321 27.8464 -0.135474 0.277306 2.49576 80 2 25 10 41073 0 
-162.311 27.8464 -0.135478 0.277306 2.49576 80 2 25 10 41074 0 
-162.302 27.8464 -0.135482 0.277306 2.49576 80 2 25 10 41075 0 
-162.293 27.8464 -0.135486 0.277306 2.49576 80 2 25 10 41076 0 
-162.284 27.8463 -0.13549 0.277306 2.49576 80 2 25 10 41077 0 
-162.274 27.8463 -0.135495 0.277306 2.49576 80 2 25 10 41078 0 
-162.265 27.8463 -0.135499 0.277306 2.49576 80 2 25 10 41079 0 
-162.256 27.8463 -0.135503 0.277306 2.49576 80 2 25 10 41080 0 
-162.247 27.8463 -0.135507 0.277306 2.49576 80 2 25 10 41081 0 
-162.237 27.8462 -0.135511 0.277306 2.49576 80 2 25 10 41082 0 
-162.228 27.8462 -0.135516 0.277306 2.49576 80 2 25 10 41083 0 
-162.219 27.8462 -0.13552 0.277306 2.49576 80 2 25 10 41084 0 
-162.21 27.8462 -0.135524 0.277306 2.49576 80 2 25 10 41085 0 
-162.2 27.8462 -0.135528 0.277306 2.49576 80 2 25 10 41086 0 
-162.191 27.8461 -0.135532 0.277306 2.49576 80 2 25 10 41087 0 
-162.182 27.8461 -0.135537 0.277306 2.49576 80 2 25 10 41088 0 
-162.173 27.8461 -0.135541 0.277306 2.49576 80 2 25 10 41089 0 
-162.163 27.8461 -0.135545 0.277306 2.49576 80 2 25 10 41090 0 
-162.154 27.8461 -0.135549 0.277306 2.49576 80 2 25 10 41091 0 
-162.145 27.846 -0.135553 0.277306 2.49576 80 2 25 10 41092 0 
-162.136 27.846 -0.135558 0.277306 2.49576 80 2 25 10 41093 0 
-162.126 27.846 -0.135562 0.277306 2.49576 80 2 25 10 41094 0 
-162.117 27.846 -0.135566 0.277306 2.49576 80 2 25 10 41095 0 
-162.108 27.846 -0.13557 0.277306 2.49576 80 2 25 10 41096 0 
-162.099 27.8459 -0.135574 0.277306 2.49576 80 2 25 10 41097 0 
-162.089 27.8459 -0.135579 0.277306 2.49576 80 2 25 10 41098 0 
-162.08 27.8459 -0.135583 0.277306 2.49576 80 2 25 10 41099 0 
-162.071 27.8459 -0.135587 0.277306 2.49576 80 2 25 10 41100 0 
-162.062 27.8458 -0.135591 0.277306 2.49576 80 2 25 10 41101 0 
-162.052 27.8458 -0.135595 0.277306 2.49576 80 2 25 10 41102 0 
-162.043 27.8458 -0.1356 0.277306 2.49576 80 2 25 10 41103 0 
-162.034 27.8458 -0.135604 0.277306 2.49576 80 2 25 10 41104 0 
-162.025 27.8458 -0.135608 0.277306 2.49576 80 2 25 10 41105 0 
-162.016 27.8457 -0.135612 0.277306 2.49576 80 2 25 10 41106 0 
-162.006 27.8457 -0.135617 0.277306 2.49576 80 2 25 10 41107 0 
-161.997 27.8457 -0.135621 0.277306 2.49576 80 2 25 10 41108 0 
-161.988 27.8457 -0.135625 0.277306 2.49576 80 2 25 10 41109 0 
-161.979 27.8457 -0.135629 0.277306 2.49576 80 2 25 10 41110 0 
-161.969 27.8456 -0.135633 0.277306 2.49576 80 2 25 10 41111 0 
-161.96 27.8456 -0.135638 0.277306 2.49576 80 2 25 10 41112 0 
-161.951 27.8456 -0.135642 0.277306 2.49576 80 2 25 10 41113 0 
-161.942 27.8456 -0.135646 0.277306 2.49576 80 2 25 10 41114 0 
-161.932 27.8456 -0.13565 0.277306 2.49576 80 2 25 10 41115 0 
-161.923 27.8455 -0.135655 0.277306 2.49576 80 2 25 10 41116 0 
-161.914 27.8455 -0.135659 0.277306 2.49576 80 2 25 10 41117 0 
-161.905 27.8455 -0.135663 0.277306 2.49576 80 2 25 10 41118 0 
-161.895 27.8455 -0.135667 0.277306 2.49576 80 2 25 10 41119 0 
-161.886 27.8454 -0.135671 0.277306 2.49576 80 2 25 10 41120 0 
-161.877 27.8454 -0.135676 0.277306 2.49576 80 2 25 10 41121 0 
-161.868 27.8454 -0.13568 0.277306 2.49576 80 2 25 10 41122 0 
-161.858 27.8454 -0.135684 0.277306 2.49576 80 2 25 10 41123 0 
-161.849 27.8454 -0.135688 0.277306 2.49576 80 2 25 10 41124 0 
-161.84 27.8453 -0.135692 0.277306 2.49576 80 2 25 10 41125 0 
-161.831 27.8453 -0.135697 0.277306 2.49576 80 2 25 10 41126 0 
-161.821 27.8453 -0.135701 0.277306 2.49576 80 2 25 10 41127 0 
-161.812 27.8453 -0.135705 0.277306 2.49576 80 2 25 10 41128 0 
-161.803 27.8453 -0.135709 0.277306 2.49576 80 2 25 10 41129 0 
-161.794 27.8452 -0.135714 0.277306 2.49576 80 2 25 10 41130 0 
-161.784 27.8452 -0.135718 0.277306 2.49576 80 2 25 10 41131 0 
-161.775 27.8452 -0.135722 0.277306 2.49576 80 2 25 10 41132 0 
-161.766 27.8452 -0.135726 0.277306 2.49576 80 2 25 10 41133 0 
-161.757 27.8452 -0.13573 0.277306 2.49576 80 2 25 10 41134 0 
-161.747 27.8451 -0.135735 0.277306 2.49576 80 2 25 10 41135 0 
-161.738 27.8451 -0.135739 0.277306 2.49576 80 2 25 10 41136 0 
-161.729 27.8451 -0.135743 0.277306 2.49576 80 2 25 10 41137 0 
-161.72 27.8451 -0.135747 0.277306 2.49576 80 2 25 10 41138 0 
-161.71 27.845 -0.135752 0.277306 2.49576 80 2 25 10 41139 0 
-161.701 27.845 -0.135756 0.277306 2.49576 80 2 25 10 41140 0 
-161.692 27.845 -0.13576 0.277306 2.49576 80 2 25 10 41141 0 
-161.683 27.845 -0.135764 0.277306 2.49576 80 2 25 10 41142 0 
-161.673 27.845 -0.135768 0.277306 2.49576 80 2 25 10 41143 0 
-161.664 27.8449 -0.135773 0.277306 2.49576 80 2 25 10 41144 0 
-161.655 27.8449 -0.135777 0.277306 2.49576 80 2 25 10 41145 0 
-161.646 27.8449 -0.135781 0.277306 2.49576 80 2 25 10 41146 0 
-161.636 27.8449 -0.135785 0.277306 2.49576 80 2 25 10 41147 0 
-161.627 27.8449 -0.13579 0.277306 2.49576 80 2 25 10 41148 0 
-161.618 27.8448 -0.135794 0.277306 2.49576 80 2 25 10 41149 0 
-161.609 27.8448 -0.135798 0.277306 2.49576 80 2 25 10 41150 0 
-161.599 27.8448 -0.135802 0.277306 2.49576 80 2 25 10 41151 0 
-161.59 27.8448 -0.135807 0.277306 2.49576 80 2 25 10 41152 0 
-161.581 27.8448 -0.135811 0.277306 2.49576 80 2 25 10 41153 0 
-161.572 27.8447 -0.135815 0.277306 2.49576 80 2 25 10 41154 0 
-161.562 27.8447 -0.135819 0.277306 2.49576 80 2 25 10 41155 0 
-161.553 27.8447 -0.135823 0.277306 2.49576 80 2 25 10 41156 0 
-161.544 27.8447 -0.135828 0.277306 2.49576 80 2 25 10 41157 0 
-161.535 27.8447 -0.135832 0.277306 2.49576 80 2 25 10 41158 0 
-161.525 27.8446 -0.135836 0.277306 2.49576 80 2 25 10 41159 0 
-161.516 27.8446 -0.13584 0.277306 2.49576 80 2 25 10 41160 0 
-161.507 27.8446 -0.135845 0.277306 2.49576 80 2 25 10 41161 0 
-161.498 27.8446 -0.135849 0.277306 2.49576 80 2 25 10 41162 0 
-161.488 27.8445 -0.135853 0.277306 2.49576 80 2 25 10 41163 0 
-161.479 27.8445 -0.135857 0.277306 2.49576 80 2 25 10 41164 0 
-161.47 27.8445 -0.135862 0.277306 2.49576 80 2 25 10 41165 0 
-161.461 27.8445 -0.135866 0.277306 2.49576 80 2 25 10 41166 0 
-161.451 27.8445 -0.13587 0.277306 2.49576 80 2 25 10 41167 0 
-161.442 27.8444 -0.135874 0.277306 2.49576 80 2 25 10 41168 0 
-161.433 27.8444 -0.135878 0.277306 2.49576 80 2 25 10 41169 0 
-161.424 27.8444 -0.135883 0.277306 2.49576 80 2 25 10 41170 0 
-161.414 27.8444 -0.135887 0.277306 2.49576 80 2 25 10 41171 0 
-161.405 27.8444 -0.135891 0.277306 2.49576 80 2 25 10 41172 0 
-161.396 27.8443 -0.135895 0.277306 2.49576 80 2 25 10 41173 0 
-161.387 27.8443 -0.1359 0.277306 2.49576 80 2 25 10 41174 0 
-161.377 27.8443 -0.135904 0.277306 2.49576 80 2 25 10 41175 0 
-161.368 27.8443 -0.135908 0.277306 2.49576 80 2 25 10 41176 0 
-161.359 27.8443 -0.135912 0.277306 2.49576 80 2 25 10 41177 0 
-161.35 27.8442 -0.135917 0.277306 2.49576 80 2 25 10 41178 0 
-161.34 27.8442 -0.135921 0.277306 2.49576 80 2 25 10 41179 0 
-161.331 27.8442 -0.135925 0.277306 2.49576 80 2 25 10 41180 0 
-161.322 27.8442 -0.135929 0.277306 2.49576 80 2 25 10 41181 0 
-161.313 27.8441 -0.135933 0.277306 2.49576 80 2 25 10 41182 0 
-161.303 27.8441 -0.135938 0.277306 2.49576 80 2 25 10 41183 0 
-161.294 27.8441 -0.135942 0.277306 2.49576 80 2 25 10 41184 0 
-161.285 27.8441 -0.135946 0.277306 2.49576 80 2 25 10 41185 0 
-161.276 27.8441 -0.13595 0.277306 2.49576 80 2 25 10 41186 0 
-161.267 27.844 -0.135955 0.277306 2.49576 80 2 25 10 41187 0 
-161.257 27.844 -0.135959 0.277306 2.49576 80 2 25 10 41188 0 
-161.248 27.844 -0.135963 0.277306 2.49576 80 2 25 10 41189 0 
-161.239 27.844 -0.135967 0.277306 2.49576 80 2 25 10 41190 0 
-161.23 27.844 -0.135972 0.277306 2.49576 80 2 25 10 41191 0 
-161.22 27.8439 -0.135976 0.277306 2.49576 80 2 25 10 41192 0 
-161.211 27.8439 -0.13598 0.277306 2.49576 80 2 25 10 41193 0 
-161.202 27.8439 -0.135984 0.277306 2.49576 80 2 25 10 41194 0 
-161.193 27.8439 -0.135989 0.277306 2.49576 80 2 25 10 41195 0 
-161.183 27.8438 -0.135993 0.277306 2.49576 80 2 25 10 41196 0 
-161.174 27.8438 -0.135997 0.277306 2.49576 80 2 25 10 41197 0 
-161.165 27.8438 -0.136001 0.277306 2.49576 80 2 25 10 41198 0 
-161.156 27.8438 -0.136005 0.277306 2.49576 80 2 25 10 41199 0 
-161.146 27.8437 -0.13601 0.277306 2.49576 80 2 25 10 41200 0 
-161.137 27.8437 -0.136014 0.277306 2.49576 80 2 25 10 41201 0 
-161.128 27.8437 -0.136018 0.277306 2.49576 80 2 25 10 41202 0 
-161.119 27.8437 -0.136022 0.277306 2.49576 80 2 25 10 41203 0 
-161.109 27.8437 -0.136027 0.277306 2.49576 80 2 25 10 41204 0 
-161.1 27.8436 -0.136031 0.277306 2.49576 80 2 25 10 41205 0 
-161.091 27.8436 -0.136035 0.277306 2.49576 80 2 25 10 41206 0 
-161.082 27.8436 -0.136039 0.277306 2.49576 80 2 25 10 41207 0 
-161.072 27.8436 -0.136044 0.277306 2.49576 80 2 25 10 41208 0 
-161.063 27.8435 -0.136048 0.277306 2.49576 80 2 25 10 41209 0 
-161.054 27.8435 -0.136052 0.277306 2.49576 80 2 25 10 41210 0 
-161.045 27.8435 -0.136056 0.277306 2.49576 80 2 25 10 41211 0 
-161.035 27.8435 -0.13606 0.277306 2.49576 80 2 25 10 41212 0 
-161.026 27.8435 -0.136065 0.277306 2.49576 80 2 25 10 41213 0 
-161.017 27.8434 -0.136069 0.277306 2.49576 80 2 25 10 41214 0 
-161.008 27.8434 -0.136073 0.277306 2.49576 80 2 25 10 41215 0 
-160.998 27.8434 -0.136077 0.277306 2.49576 80 2 25 10 41216 0 
-160.989 27.8434 -0.136081 0.277306 2.49576 80 2 25 10 41217 0 
-160.98 27.8433 -0.136086 0.277306 2.49576 80 2 25 10 41218 0 
-160.971 27.8433 -0.13609 0.277306 2.49576 80 2 25 10 41219 0 
-160.961 27.8433 -0.136094 0.277306 2.49576 80 2 25 10 41220 0 
-160.952 27.8433 -0.136098 0.277306 2.49576 80 2 25 10 41221 0 
-160.943 27.8432 -0.136103 0.277306 2.49576 80 2 25 10 41222 0 
-160.934 27.8432 -0.136107 0.277306 2.49576 80 2 25 10 41223 0 
-160.924 27.8432 -0.136111 0.277306 2.49576 80 2 25 10 41224 0 
-160.915 27.8432 -0.136115 0.277306 2.49576 80 2 25 10 41225 0 
-160.906 27.8432 -0.136119 0.277306 2.49576 80 2 25 10 41226 0 
-160.897 27.8431 -0.136124 0.277306 2.49576 80 2 25 10 41227 0 
-160.887 27.8431 -0.136128 0.277306 2.49576 80 2 25 10 41228 0 
-160.878 27.8431 -0.136132 0.277306 2.49576 80 2 25 10 41229 0 
-160.869 27.8431 -0.136136 0.277306 2.49576 80 2 25 10 41230 0 
-160.86 27.843 -0.13614 0.277306 2.49576 80 2 25 10 41231 0 
-160.85 27.843 -0.136145 0.277306 2.49576 80 2 25 10 41232 0 
-160.841 27.843 -0.136149 0.277306 2.49576 80 2 25 10 41233 0 
-160.832 27.843 -0.136153 0.277306 2.49576 80 2 25 10 41234 0 
-160.823 27.8429 -0.136157 0.277306 2.49576 80 2 25 10 41235 0 
-160.813 27.8429 -0.136161 0.277306 2.49576 80 2 25 10 41236 0 
-160.804 27.8429 -0.136166 0.277306 2.49576 80 2 25 10 41237 0 
-160.795 27.8429 -0.13617 0.277306 2.49576 80 2 25 10 41238 0 
-160.786 27.8429 -0.136174 0.277306 2.49576 80 2 25 10 41239 0 
-160.776 27.8428 -0.136178 0.277306 2.49576 80 2 25 10 41240 0 
-160.767 27.8428 -0.136182 0.277306 2.49576 80 2 25 10 41241 0 
-160.758 27.8428 -0.136187 0.277306 2.49576 80 2 25 10 41242 0 
-160.749 27.8428 -0.136191 0.277306 2.49576 80 2 25 10 41243 0 
-160.739 27.8427 -0.136195 0.277306 2.49576 80 2 25 10 41244 0 
-160.73 27.8427 -0.136199 0.277306 2.49576 80 2 25 10 41245 0 
-160.721 27.8427 -0.136203 0.277306 2.49576 80 2 25 10 41246 0 
-160.712 27.8427 -0.136208 0.277306 2.49576 80 2 25 10 41247 0 
-160.702 27.8426 -0.136212 0.277306 2.49576 80 2 25 10 41248 0 
-160.693 27.8426 -0.136216 0.277306 2.49576 80 2 25 10 41249 0 
-160.684 27.8426 -0.13622 0.277306 2.49576 80 2 25 10 41250 0 
-160.675 27.8426 -0.136224 0.277306 2.49576 80 2 25 10 41251 0 
-160.665 27.8426 -0.136229 0.277306 2.49576 80 2 25 10 41252 0 
-160.656 27.8425 -0.136233 0.277306 2.49576 80 2 25 10 41253 0 
-160.647 27.8425 -0.136237 0.277306 2.49576 80 2 25 10 41254 0 
-160.638 27.8425 -0.136241 0.277306 2.49576 80 2 25 10 41255 0 
-160.628 27.8425 -0.136245 0.277306 2.49576 80 2 25 10 41256 0 
-160.619 27.8424 -0.13625 0.277306 2.49576 80 2 25 10 41257 0 
-160.61 27.8424 -0.136254 0.277306 2.49576 80 2 25 10 41258 0 
-160.601 27.8424 -0.136258 0.277306 2.49576 80 2 25 10 41259 0 
-160.591 27.8424 -0.136262 0.277306 2.49576 80 2 25 10 41260 0 
-160.582 27.8424 -0.136266 0.277306 2.49576 80 2 25 10 41261 0 
-160.573 27.8423 -0.136271 0.277306 2.49576 80 2 25 10 41262 0 
-160.564 27.8423 -0.136275 0.277306 2.49576 80 2 25 10 41263 0 
-160.555 27.8423 -0.136279 0.277306 2.49576 80 2 25 10 41264 0 
-160.545 27.8423 -0.136283 0.277306 2.49576 80 2 25 10 41265 0 
-160.536 27.8422 -0.136288 0.277306 2.49576 80 2 25 10 41266 0 
-160.527 27.8422 -0.136292 0.277306 2.49576 80 2 25 10 41267 0 
-160.518 27.8422 -0.136296 0.277306 2.49576 80 2 25 10 41268 0 
-160.508 27.8422 -0.1363 0.277306 2.49576 80 2 25 10 41269 0 
-160.499 27.8421 -0.136304 0.277306 2.49576 80 2 25 10 41270 0 
-160.49 27.8421 -0.136309 0.277306 2.49576 80 2 25 10 41271 0 
-160.481 27.8421 -0.136313 0.277306 2.49576 80 2 25 10 41272 0 
-160.471 27.8421 -0.136317 0.277306 2.49576 80 2 25 10 41273 0 
-160.462 27.8421 -0.136321 0.277306 2.49576 80 2 25 10 41274 0 
-160.453 27.842 -0.136325 0.277306 2.49576 80 2 25 10 41275 0 
-160.444 27.842 -0.13633 0.277306 2.49576 80 2 25 10 41276 0 
-160.434 27.842 -0.136334 0.277306 2.49576 80 2 25 10 41277 0 
-160.425 27.842 -0.136338 0.277306 2.49576 80 2 25 10 41278 0 
-160.416 27.8419 -0.136342 0.277306 2.49576 80 2 25 10 41279 0 
-160.407 27.8419 -0.136346 0.277306 2.49576 80 2 25 10 41280 0 
-160.397 27.8419 -0.136351 0.277306 2.49576 80 2 25 10 41281 0 
-160.388 27.8419 -0.136355 0.277306 2.49576 80 2 25 10 41282 0 
-160.379 27.8418 -0.136359 0.277306 2.49576 80 2 25 10 41283 0 
-160.37 27.8418 -0.136363 0.277306 2.49576 80 2 25 10 41284 0 
-160.36 27.8418 -0.136367 0.277306 2.49576 80 2 25 10 41285 0 
-160.351 27.8418 -0.136372 0.277306 2.49576 80 2 25 10 41286 0 
-160.342 27.8418 -0.136376 0.277306 2.49576 80 2 25 10 41287 0 
-160.333 27.8417 -0.13638 0.277306 2.49576 80 2 25 10 41288 0 
-160.323 27.8417 -0.136384 0.277306 2.49576 80 2 25 10 41289 0 
-160.314 27.8417 -0.136388 0.277306 2.49576 80 2 25 10 41290 0 
-160.305 27.8417 -0.136393 0.277306 2.49576 80 2 25 10 41291 0 
-160.296 27.8416 -0.136397 0.277306 2.49576 80 2 25 10 41292 0 
-160.286 27.8416 -0.136401 0.277306 2.49576 80 2 25 10 41293 0 
-160.277 27.8416 -0.136405 0.277306 2.49576 80 2 25 10 41294 0 
-160.268 27.8416 -0.136409 0.277306 2.49576 80 2 25 10 41295 0 
-160.259 27.8416 -0.136414 0.277306 2.49576 80 2 25 10 41296 0 
-160.249 27.8415 -0.136418 0.277306 2.49576 80 2 25 10 41297 0 
-160.24 27.8415 -0.136422 0.277306 2.49576 80 2 25 10 41298 0 
-160.231 27.8415 -0.136426 0.277306 2.49576 80 2 25 10 41299 0 
-160.222 27.8415 -0.13643 0.277306 2.49576 80 2 25 10 41300 0 
-160.212 27.8414 -0.136435 0.277306 2.49576 80 2 25 10 41301 0 
-160.203 27.8414 -0.136439 0.277306 2.49576 80 2 25 10 41302 0 
-160.194 27.8414 -0.136443 0.277306 2.49576 80 2 25 10 41303 0 
-160.185 27.8414 -0.136447 0.277306 2.49576 80 2 25 10 41304 0 
-160.175 27.8413 -0.136451 0.277306 2.49576 80 2 25 10 41305 0 
-160.166 27.8413 -0.136456 0.277306 2.49576 80 2 25 10 41306 0 
-160.157 27.8413 -0.13646 0.277306 2.49576 80 2 25 10 41307 0 
-160.148 27.8413 -0.136464 0.277306 2.49576 80 2 25 10 41308 0 
-160.138 27.8413 -0.136468 0.277306 2.49576 80 2 25 10 41309 0 
-160.129 27.8412 -0.136472 0.277306 2.49576 80 2 25 10 41310 0 
-160.12 27.8412 -0.136477 0.277306 2.49576 80 2 25 10 41311 0 
-160.111 27.8412 -0.136481 0.277306 2.49576 80 2 25 10 41312 0 
-160.101 27.8412 -0.136485 0.277306 2.49576 80 2 25 10 41313 0 
-160.092 27.8411 -0.136489 0.277306 2.49576 80 2 25 10 41314 0 
-160.083 27.8411 -0.136493 0.277306 2.49576 80 2 25 10 41315 0 
-160.074 27.8411 -0.136498 0.277306 2.49576 80 2 25 10 41316 0 
-160.064 27.8411 -0.136502 0.277306 2.49576 80 2 25 10 41317 0 
-160.055 27.841 -0.136506 0.277306 2.49576 80 2 25 10 41318 0 
-160.046 27.841 -0.13651 0.277306 2.49576 80 2 25 10 41319 0 
-160.037 27.841 -0.136514 0.277306 2.49576 80 2 25 10 41320 0 
-160.027 27.841 -0.136519 0.277306 2.49576 80 2 25 10 41321 0 
-160.018 27.841 -0.136523 0.277306 2.49576 80 2 25 10 41322 0 
-160.009 27.8409 -0.136527 0.277306 2.49576 80 2 25 10 41323 0 
-160 27.8409 -0.136531 0.277306 2.49576 80 2 25 10 41324 0 
-159.99 27.8409 -0.136535 0.277306 2.49576 80 2 25 10 41325 0 
-159.981 27.8409 -0.13654 0.277306 2.49576 80 2 25 10 41326 0 
-159.972 27.8408 -0.136544 0.277306 2.49576 80 2 25 10 41327 0 
-159.963 27.8408 -0.136548 0.277306 2.49576 80 2 25 10 41328 0 
-159.953 27.8408 -0.136552 0.277306 2.49576 80 2 25 10 41329 0 
-159.944 27.8408 -0.136556 0.277306 2.49576 80 2 25 10 41330 0 
-159.935 27.8407 -0.136561 0.277306 2.49576 80 2 25 10 41331 0 
-159.926 27.8407 -0.136565 0.277306 2.49576 80 2 25 10 41332 0 
-159.916 27.8407 -0.136569 0.277306 2.49576 80 2 25 10 41333 0 
-159.907 27.8407 -0.136573 0.277306 2.49576 80 2 25 10 41334 0 
-159.898 27.8407 -0.136577 0.277306 2.49576 80 2 25 10 41335 0 
-159.889 27.8406 -0.136582 0.277306 2.49576 80 2 25 10 41336 0 
-159.879 27.8406 -0.136586 0.277306 2.49576 80 2 25 10 41337 0 
-159.87 27.8406 -0.13659 0.277306 2.49576 80 2 25 10 41338 0 
-159.861 27.8406 -0.136594 0.277306 2.49576 80 2 25 10 41339 0 
-159.852 27.8405 -0.136598 0.277306 2.49576 80 2 25 10 41340 0 
-159.842 27.8405 -0.136603 0.277306 2.49576 80 2 25 10 41341 0 
-159.833 27.8405 -0.136607 0.277306 2.49576 80 2 25 10 41342 0 
-159.824 27.8405 -0.136611 0.277306 2.49576 80 2 25 10 41343 0 
-159.815 27.8405 -0.136615 0.277306 2.49576 80 2 25 10 41344 0 
-159.806 27.8404 -0.136619 0.277306 2.49576 80 2 25 10 41345 0 
-159.796 27.8404 -0.136624 0.277306 2.49576 80 2 25 10 41346 0 
-159.787 27.8404 -0.136628 0.277306 2.49576 80 2 25 10 41347 0 
-159.778 27.8404 -0.136632 0.277306 2.49576 80 2 25 10 41348 0 
-159.769 27.8403 -0.136636 0.277306 2.49576 80 2 25 10 41349 0 
-159.759 27.8403 -0.13664 0.277306 2.49576 80 2 25 10 41350 0 
-159.75 27.8403 -0.136645 0.277306 2.49576 80 2 25 10 41351 0 
-159.741 27.8403 -0.136649 0.277306 2.49576 80 2 25 10 41352 0 
-159.732 27.8402 -0.136653 0.277306 2.49576 80 2 25 10 41353 0 
-159.722 27.8402 -0.136657 0.277306 2.49576 80 2 25 10 41354 0 
-159.713 27.8402 -0.136661 0.277306 2.49576 80 2 25 10 41355 0 
-159.704 27.8402 -0.136666 0.277306 2.49576 80 2 25 10 41356 0 
-159.695 27.8402 -0.13667 0.277306 2.49576 80 2 25 10 41357 0 
-159.685 27.8401 -0.136674 0.277306 2.49576 80 2 25 10 41358 0 
-159.676 27.8401 -0.136678 0.277306 2.49576 80 2 25 10 41359 0 
-159.667 27.8401 -0.136683 0.277306 2.49576 80 2 25 10 41360 0 
-159.658 27.8401 -0.136687 0.277306 2.49576 80 2 25 10 41361 0 
-159.648 27.84 -0.136691 0.277306 2.49576 80 2 25 10 41362 0 
-159.639 27.84 -0.136695 0.277306 2.49576 80 2 25 10 41363 0 
-159.63 27.84 -0.136699 0.277306 2.49576 80 2 25 10 41364 0 
-159.621 27.84 -0.136704 0.277306 2.49576 80 2 25 10 41365 0 
-159.611 27.8399 -0.136708 0.277306 2.49576 80 2 25 10 41366 0 
-159.602 27.8399 -0.136712 0.277306 2.49576 80 2 25 10 41367 0 
-159.593 27.8399 -0.136716 0.277306 2.49576 80 2 25 10 41368 0 
-159.584 27.8399 -0.13672 0.277306 2.49576 80 2 25 10 41369 0 
-159.574 27.8399 -0.136725 0.277306 2.49576 80 2 25 10 41370 0 
-159.565 27.8398 -0.136729 0.277306 2.49576 80 2 25 10 41371 0 
-159.556 27.8398 -0.136733 0.277306 2.49576 80 2 25 10 41372 0 
-159.547 27.8398 -0.136737 0.277306 2.49576 80 2 25 10 41373 0 
-159.537 27.8398 -0.136742 0.277306 2.49576 80 2 25 10 41374 0 
-159.528 27.8397 -0.136746 0.277306 2.49576 80 2 25 10 41375 0 
-159.519 27.8397 -0.13675 0.277306 2.49576 80 2 25 10 41376 0 
-159.51 27.8397 -0.136754 0.277306 2.49576 80 2 25 10 41377 0 
-159.5 27.8397 -0.136758 0.277306 2.49576 80 2 25 10 41378 0 
-159.491 27.8397 -0.136763 0.277306 2.49576 80 2 25 10 41379 0 
-159.482 27.8396 -0.136767 0.277306 2.49576 80 2 25 10 41380 0 
-159.473 27.8396 -0.136771 0.277306 2.49576 80 2 25 10 41381 0 
-159.463 27.8396 -0.136775 0.277306 2.49576 80 2 25 10 41382 0 
-159.454 27.8396 -0.13678 0.277306 2.49576 80 2 25 10 41383 0 
-159.445 27.8395 -0.136784 0.277306 2.49576 80 2 25 10 41384 0 
-159.436 27.8395 -0.136788 0.277306 2.49576 80 2 25 10 41385 0 
-159.426 27.8395 -0.136792 0.277306 2.49576 80 2 25 10 41386 0 
-159.417 27.8395 -0.136796 0.277306 2.49576 80 2 25 10 41387 0 
-159.408 27.8394 -0.136801 0.277306 2.49576 80 2 25 10 41388 0 
-159.399 27.8394 -0.136805 0.277306 2.49576 80 2 25 10 41389 0 
-159.389 27.8394 -0.136809 0.277306 2.49576 80 2 25 10 41390 0 
-159.38 27.8394 -0.136813 0.277306 2.49576 80 2 25 10 41391 0 
-159.371 27.8394 -0.136817 0.277306 2.49576 80 2 25 10 41392 0 
-159.362 27.8393 -0.136822 0.277306 2.49576 80 2 25 10 41393 0 
-159.352 27.8393 -0.136826 0.277306 2.49576 80 2 25 10 41394 0 
-159.343 27.8393 -0.13683 0.277306 2.49576 80 2 25 10 41395 0 
-159.334 27.8393 -0.136834 0.277306 2.49576 80 2 25 10 41396 0 
-159.325 27.8392 -0.136839 0.277306 2.49576 80 2 25 10 41397 0 
-159.315 27.8392 -0.136843 0.277306 2.49576 80 2 25 10 41398 0 
-159.306 27.8392 -0.136847 0.277306 2.49576 80 2 25 10 41399 0 
-159.297 27.8392 -0.136851 0.277306 2.49576 80 2 25 10 41400 0 
-159.288 27.8391 -0.136855 0.277306 2.49576 80 2 25 10 41401 0 
-159.278 27.8391 -0.13686 0.277306 2.49576 80 2 25 10 41402 0 
-159.269 27.8391 -0.136864 0.277306 2.49576 80 2 25 10 41403 0 
-159.26 27.8391 -0.136868 0.277306 2.49576 80 2 25 10 41404 0 
-159.251 27.8391 -0.136872 0.277306 2.49576 80 2 25 10 41405 0 
-159.241 27.839 -0.136876 0.277306 2.49576 80 2 25 10 41406 0 
-159.232 27.839 -0.136881 0.277306 2.49576 80 2 25 10 41407 0 
-159.223 27.839 -0.136885 0.277306 2.49576 80 2 25 10 41408 0 
-159.214 27.839 -0.136889 0.277306 2.49576 80 2 25 10 41409 0 
-159.204 27.8389 -0.136893 0.277306 2.49576 80 2 25 10 41410 0 
-159.195 27.8389 -0.136898 0.277306 2.49576 80 2 25 10 41411 0 
-159.186 27.8389 -0.136902 0.277306 2.49576 80 2 25 10 41412 0 
-159.177 27.8389 -0.136906 0.277306 2.49576 80 2 25 10 41413 0 
-159.167 27.8389 -0.13691 0.277306 2.49576 80 2 25 10 41414 0 
-159.158 27.8388 -0.136914 0.277306 2.49576 80 2 25 10 41415 0 
-159.149 27.8388 -0.136919 0.277306 2.49576 80 2 25 10 41416 0 
-159.14 27.8388 -0.136923 0.277306 2.49576 80 2 25 10 41417 0 
-159.13 27.8388 -0.136927 0.277306 2.49576 80 2 25 10 41418 0 
-159.121 27.8387 -0.136931 0.277306 2.49576 80 2 25 10 41419 0 
-159.112 27.8387 -0.136936 0.277306 2.49576 80 2 25 10 41420 0 
-159.103 27.8387 -0.13694 0.277306 2.49576 80 2 25 10 41421 0 
-159.094 27.8387 -0.136944 0.277306 2.49576 80 2 25 10 41422 0 
-159.084 27.8386 -0.136948 0.277306 2.49576 80 2 25 10 41423 0 
-159.075 27.8386 -0.136953 0.277306 2.49576 80 2 25 10 41424 0 
-159.066 27.8386 -0.136957 0.277306 2.49576 80 2 25 10 41425 0 
-159.057 27.8386 -0.136961 0.277306 2.49576 80 2 25 10 41426 0 
-159.047 27.8386 -0.136965 0.277306 2.49576 80 2 25 10 41427 0 
-159.038 27.8385 -0.136969 0.277306 2.49576 80 2 25 10 41428 0 
-159.029 27.8385 -0.136974 0.277306 2.49576 80 2 25 10 41429 0 
-159.02 27.8385 -0.136978 0.277306 2.49576 80 2 25 10 41430 0 
-159.01 27.8385 -0.136982 0.277306 2.49576 80 2 25 10 41431 0 
-159.001 27.8384 -0.136986 0.277306 2.49576 80 2 25 10 41432 0 
-158.992 27.8384 -0.136991 0.277306 2.49576 80 2 25 10 41433 0 
-158.983 27.8384 -0.136995 0.277306 2.49576 80 2 25 10 41434 0 
-158.973 27.8384 -0.136999 0.277306 2.49576 80 2 25 10 41435 0 
-158.964 27.8383 -0.137003 0.277306 2.49576 80 2 25 10 41436 0 
-158.955 27.8383 -0.137008 0.277306 2.49576 80 2 25 10 41437 0 
-158.946 27.8383 -0.137012 0.277306 2.49576 80 2 25 10 41438 0 
-158.936 27.8383 -0.137016 0.277306 2.49576 80 2 25 10 41439 0 
-158.927 27.8383 -0.13702 0.277306 2.49576 80 2 25 10 41440 0 
-158.918 27.8382 -0.137024 0.277306 2.49576 80 2 25 10 41441 0 
-158.909 27.8382 -0.137029 0.277306 2.49576 80 2 25 10 41442 0 
-158.899 27.8382 -0.137033 0.277306 2.49576 80 2 25 10 41443 0 
-158.89 27.8382 -0.137037 0.277306 2.49576 80 2 25 10 41444 0 
-158.881 27.8381 -0.137041 0.277306 2.49576 80 2 25 10 41445 0 
-158.872 27.8381 -0.137046 0.277306 2.49576 80 2 25 10 41446 0 
-158.862 27.8381 -0.13705 0.277306 2.49576 80 2 25 10 41447 0 
-158.853 27.8381 -0.137054 0.277306 2.49576 80 2 25 10 41448 0 
-158.844 27.838 -0.137058 0.277306 2.49576 80 2 25 10 41449 0 
-158.835 27.838 -0.137063 0.277306 2.49576 80 2 25 10 41450 0 
-158.825 27.838 -0.137067 0.277306 2.49576 80 2 25 10 41451 0 
-158.816 27.838 -0.137071 0.277306 2.49576 80 2 25 10 41452 0 
-158.807 27.838 -0.137075 0.277306 2.49576 80 2 25 10 41453 0 
-158.798 27.8379 -0.137079 0.277306 2.49576 80 2 25 10 41454 0 
-158.788 27.8379 -0.137084 0.277306 2.49576 80 2 25 10 41455 0 
-158.779 27.8379 -0.137088 0.277306 2.49576 80 2 25 10 41456 0 
-158.77 27.8379 -0.137092 0.277306 2.49576 80 2 25 10 41457 0 
-158.761 27.8378 -0.137096 0.277306 2.49576 80 2 25 10 41458 0 
-158.751 27.8378 -0.137101 0.277306 2.49576 80 2 25 10 41459 0 
-158.742 27.8378 -0.137105 0.277306 2.49576 80 2 25 10 41460 0 
-158.733 27.8378 -0.137109 0.277306 2.49576 80 2 25 10 41461 0 
-158.724 27.8378 -0.137113 0.277306 2.49576 80 2 25 10 41462 0 
-158.714 27.8377 -0.137118 0.277306 2.49576 80 2 25 10 41463 0 
-158.705 27.8377 -0.137122 0.277306 2.49576 80 2 25 10 41464 0 
-158.696 27.8377 -0.137126 0.277306 2.49576 80 2 25 10 41465 0 
-158.687 27.8377 -0.13713 0.277306 2.49576 80 2 25 10 41466 0 
-158.677 27.8376 -0.137135 0.277306 2.49576 80 2 25 10 41467 0 
-158.668 27.8376 -0.137139 0.277306 2.49576 80 2 25 10 41468 0 
-158.659 27.8376 -0.137143 0.277306 2.49576 80 2 25 10 41469 0 
-158.65 27.8376 -0.137147 0.277306 2.49576 80 2 25 10 41470 0 
-158.64 27.8375 -0.137152 0.277306 2.49576 80 2 25 10 41471 0 
-158.631 27.8375 -0.137156 0.277306 2.49576 80 2 25 10 41472 0 
-158.622 27.8375 -0.13716 0.277306 2.49576 80 2 25 10 41473 0 
-158.613 27.8375 -0.137164 0.277306 2.49576 80 2 25 10 41474 0 
-158.603 27.8375 -0.137169 0.277306 2.49576 80 2 25 10 41475 0 
-158.594 27.8374 -0.137173 0.277306 2.49576 80 2 25 10 41476 0 
-158.585 27.8374 -0.137177 0.277306 2.49576 80 2 25 10 41477 0 
-158.576 27.8374 -0.137181 0.277306 2.49576 80 2 25 10 41478 0 
-158.566 27.8374 -0.137185 0.277306 2.49576 80 2 25 10 41479 0 
-158.557 27.8373 -0.13719 0.277306 2.49576 80 2 25 10 41480 0 
-158.548 27.8373 -0.137194 0.277306 2.49576 80 2 25 10 41481 0 
-158.539 27.8373 -0.137198 0.277306 2.49576 80 2 25 10 41482 0 
-158.529 27.8373 -0.137202 0.277306 2.49576 80 2 25 10 41483 0 
-158.52 27.8372 -0.137207 0.277306 2.49576 80 2 25 10 41484 0 
-158.511 27.8372 -0.137211 0.277306 2.49576 80 2 25 10 41485 0 
-158.502 27.8372 -0.137215 0.277306 2.49576 80 2 25 10 41486 0 
-158.492 27.8372 -0.137219 0.277306 2.49576 80 2 25 10 41487 0 
-158.483 27.8372 -0.137224 0.277306 2.49576 80 2 25 10 41488 0 
-158.474 27.8371 -0.137228 0.277306 2.49576 80 2 25 10 41489 0 
-158.465 27.8371 -0.137232 0.277306 2.49576 80 2 25 10 41490 0 
-158.455 27.8371 -0.137236 0.277306 2.49576 80 2 25 10 41491 0 
-158.446 27.8371 -0.137241 0.277306 2.49576 80 2 25 10 41492 0 
-158.437 27.837 -0.137245 0.277306 2.49576 80 2 25 10 41493 0 
-158.428 27.837 -0.137249 0.277306 2.49576 80 2 25 10 41494 0 
-158.418 27.837 -0.137253 0.277306 2.49576 80 2 25 10 41495 0 
-158.409 27.837 -0.137258 0.277306 2.49576 80 2 25 10 41496 0 
-158.4 27.837 -0.137262 0.277306 2.49576 80 2 25 10 41497 0 
-158.391 27.8369 -0.137266 0.277306 2.49576 80 2 25 10 41498 0 
-158.382 27.8369 -0.13727 0.277306 2.49576 80 2 25 10 41499 0 
-158.372 27.8369 -0.137275 0.277306 2.49576 80 2 25 10 41500 0 
-158.363 27.8369 -0.137279 0.277306 2.49576 80 2 25 10 41501 0 
-158.354 27.8368 -0.137283 0.277306 2.49576 80 2 25 10 41502 0 
-158.345 27.8368 -0.137287 0.277306 2.49576 80 2 25 10 41503 0 
-158.335 27.8368 -0.137292 0.277306 2.49576 80 2 25 10 41504 0 
-158.326 27.8368 -0.137296 0.277306 2.49576 80 2 25 10 41505 0 
-158.317 27.8367 -0.1373 0.277306 2.49576 80 2 25 10 41506 0 
-158.308 27.8367 -0.137304 0.277306 2.49576 80 2 25 10 41507 0 
-158.298 27.8367 -0.137309 0.277306 2.49576 80 2 25 10 41508 0 
-158.289 27.8367 -0.137313 0.277306 2.49576 80 2 25 10 41509 0 
-158.28 27.8367 -0.137317 0.277306 2.49576 80 2 25 10 41510 0 
-158.271 27.8366 -0.137321 0.277306 2.49576 80 2 25 10 41511 0 
-158.261 27.8366 -0.137326 0.277306 2.49576 80 2 25 10 41512 0 
-158.252 27.8366 -0.13733 0.277306 2.49576 80 2 25 10 41513 0 
-158.243 27.8366 -0.137334 0.277306 2.49576 80 2 25 10 41514 0 
-158.234 27.8365 -0.137338 0.277306 2.49576 80 2 25 10 41515 0 
-158.224 27.8365 -0.137343 0.277306 2.49576 80 2 25 10 41516 0 
-158.215 27.8365 -0.137347 0.277306 2.49576 80 2 25 10 41517 0 
-158.206 27.8365 -0.137351 0.277306 2.49576 80 2 25 10 41518 0 
-158.197 27.8364 -0.137356 0.277306 2.49576 80 2 25 10 41519 0 
-158.187 27.8364 -0.13736 0.277306 2.49576 80 2 25 10 41520 0 
-158.178 27.8364 -0.137364 0.277306 2.49576 80 2 25 10 41521 0 
-158.169 27.8364 -0.137368 0.277306 2.49576 80 2 25 10 41522 0 
-158.16 27.8364 -0.137373 0.277306 2.49576 80 2 25 10 41523 0 
-158.15 27.8363 -0.137377 0.277306 2.49576 80 2 25 10 41524 0 
-158.141 27.8363 -0.137381 0.277306 2.49576 80 2 25 10 41525 0 
-158.132 27.8363 -0.137385 0.277306 2.49576 80 2 25 10 41526 0 
-158.123 27.8363 -0.13739 0.277306 2.49576 80 2 25 10 41527 0 
-158.113 27.8362 -0.137394 0.277306 2.49576 80 2 25 10 41528 0 
-158.104 27.8362 -0.137398 0.277306 2.49576 80 2 25 10 41529 0 
-158.095 27.8362 -0.137402 0.277306 2.49576 80 2 25 10 41530 0 
-158.086 27.8362 -0.137407 0.277306 2.49576 80 2 25 10 41531 0 
-158.076 27.8361 -0.137411 0.277306 2.49576 80 2 25 10 41532 0 
-158.067 27.8361 -0.137415 0.277306 2.49576 80 2 25 10 41533 0 
-158.058 27.8361 -0.137419 0.277306 2.49576 80 2 25 10 41534 0 
-158.049 27.8361 -0.137424 0.277306 2.49576 80 2 25 10 41535 0 
-158.039 27.8361 -0.137428 0.277306 2.49576 80 2 25 10 41536 0 
-158.03 27.836 -0.137432 0.277306 2.49576 80 2 25 10 41537 0 
-158.021 27.836 -0.137436 0.277306 2.49576 80 2 25 10 41538 0 
-158.012 27.836 -0.137441 0.277306 2.49576 80 2 25 10 41539 0 
-158.002 27.836 -0.137445 0.277306 2.49576 80 2 25 10 41540 0 
-157.993 27.8359 -0.137449 0.277306 2.49576 80 2 25 10 41541 0 
-157.984 27.8359 -0.137454 0.277306 2.49576 80 2 25 10 41542 0 
-157.975 27.8359 -0.137458 0.277306 2.49576 80 2 25 10 41543 0 
-157.965 27.8359 -0.137462 0.277306 2.49576 80 2 25 10 41544 0 
-157.956 27.8359 -0.137466 0.277306 2.49576 80 2 25 10 41545 0 
-157.947 27.8358 -0.137471 0.277306 2.49576 80 2 25 10 41546 0 
-157.938 27.8358 -0.137475 0.277306 2.49576 80 2 25 10 41547 0 
-157.928 27.8358 -0.137479 0.277306 2.49576 80 2 25 10 41548 0 
-157.919 27.8358 -0.137483 0.277306 2.49576 80 2 25 10 41549 0 
-157.91 27.8357 -0.137488 0.277306 2.49576 80 2 25 10 41550 0 
-157.901 27.8357 -0.137492 0.277306 2.49576 80 2 25 10 41551 0 
-157.891 27.8357 -0.137496 0.277306 2.49576 80 2 25 10 41552 0 
-157.882 27.8357 -0.1375 0.277306 2.49576 80 2 25 10 41553 0 
-157.873 27.8356 -0.137505 0.277306 2.49576 80 2 25 10 41554 0 
-157.864 27.8356 -0.137509 0.277306 2.49576 80 2 25 10 41555 0 
-157.854 27.8356 -0.137513 0.277306 2.49576 80 2 25 10 41556 0 
-157.845 27.8356 -0.137517 0.277306 2.49576 80 2 25 10 41557 0 
-157.836 27.8356 -0.137522 0.277306 2.49576 80 2 25 10 41558 0 
-157.827 27.8355 -0.137526 0.277306 2.49576 80 2 25 10 41559 0 
-157.817 27.8355 -0.13753 0.277306 2.49576 80 2 25 10 41560 0 
-157.808 27.8355 -0.137535 0.277306 2.49576 80 2 25 10 41561 0 
-157.799 27.8355 -0.137539 0.277306 2.49576 80 2 25 10 41562 0 
-157.79 27.8354 -0.137543 0.277306 2.49576 80 2 25 10 41563 0 
-157.78 27.8354 -0.137547 0.277306 2.49576 80 2 25 10 41564 0 
-157.771 27.8354 -0.137552 0.277306 2.49576 80 2 25 10 41565 0 
-157.762 27.8354 -0.137556 0.277306 2.49576 80 2 25 10 41566 0 
-157.753 27.8353 -0.13756 0.277306 2.49576 80 2 25 10 41567 0 
-157.743 27.8353 -0.137565 0.277306 2.49576 80 2 25 10 41568 0 
-157.734 27.8353 -0.137569 0.277306 2.49576 80 2 25 10 41569 0 
-157.725 27.8353 -0.137573 0.277306 2.49576 80 2 25 10 41570 0 
-157.716 27.8353 -0.137577 0.277306 2.49576 80 2 25 10 41571 0 
-157.706 27.8352 -0.137582 0.277306 2.49576 80 2 25 10 41572 0 
-157.697 27.8352 -0.137586 0.277306 2.49576 80 2 25 10 41573 0 
-157.688 27.8352 -0.13759 0.277306 2.49576 80 2 25 10 41574 0 
-157.679 27.8352 -0.137594 0.277306 2.49576 80 2 25 10 41575 0 
-157.669 27.8351 -0.137599 0.277306 2.49576 80 2 25 10 41576 0 
-157.66 27.8351 -0.137603 0.277306 2.49576 80 2 25 10 41577 0 
-157.651 27.8351 -0.137607 0.277306 2.49576 80 2 25 10 41578 0 
-157.642 27.8351 -0.137612 0.277306 2.49576 80 2 25 10 41579 0 
-157.633 27.8351 -0.137616 0.277306 2.49576 80 2 25 10 41580 0 
-157.623 27.835 -0.13762 0.277306 2.49576 80 2 25 10 41581 0 
-157.614 27.835 -0.137624 0.277306 2.49576 80 2 25 10 41582 0 
-157.605 27.835 -0.137629 0.277306 2.49576 80 2 25 10 41583 0 
-157.596 27.835 -0.137633 0.277306 2.49576 80 2 25 10 41584 0 
-157.586 27.8349 -0.137637 0.277306 2.49576 80 2 25 10 41585 0 
-157.577 27.8349 -0.137642 0.277306 2.49576 80 2 25 10 41586 0 
-157.568 27.8349 -0.137646 0.277306 2.49576 80 2 25 10 41587 0 
-157.559 27.8349 -0.13765 0.277306 2.49576 80 2 25 10 41588 0 
-157.549 27.8348 -0.137654 0.277306 2.49576 80 2 25 10 41589 0 
-157.54 27.8348 -0.137659 0.277306 2.49576 80 2 25 10 41590 0 
-157.531 27.8348 -0.137663 0.277306 2.49576 80 2 25 10 41591 0 
-157.522 27.8348 -0.137667 0.277306 2.49576 80 2 25 10 41592 0 
-157.512 27.8348 -0.137671 0.277306 2.49576 80 2 25 10 41593 0 
-157.503 27.8347 -0.137676 0.277306 2.49576 80 2 25 10 41594 0 
-157.494 27.8347 -0.13768 0.277306 2.49576 80 2 25 10 41595 0 
-157.485 27.8347 -0.137684 0.277306 2.49576 80 2 25 10 41596 0 
-157.475 27.8347 -0.137689 0.277306 2.49576 80 2 25 10 41597 0 
-157.466 27.8346 -0.137693 0.277306 2.49576 80 2 25 10 41598 0 
-157.457 27.8346 -0.137697 0.277306 2.49576 80 2 25 10 41599 0 
-157.448 27.8346 -0.137701 0.277306 2.49576 80 2 25 10 41600 0 
-157.438 27.8346 -0.137706 0.277306 2.49576 80 2 25 10 41601 0 
-157.429 27.8345 -0.13771 0.277306 2.49576 80 2 25 10 41602 0 
-157.42 27.8345 -0.137714 0.277306 2.49576 80 2 25 10 41603 0 
-157.411 27.8345 -0.137719 0.277306 2.49576 80 2 25 10 41604 0 
-157.401 27.8345 -0.137723 0.277306 2.49576 80 2 25 10 41605 0 
-157.392 27.8345 -0.137727 0.277306 2.49576 80 2 25 10 41606 0 
-157.383 27.8344 -0.137731 0.277306 2.49576 80 2 25 10 41607 0 
-157.374 27.8344 -0.137736 0.277306 2.49576 80 2 25 10 41608 0 
-157.364 27.8344 -0.13774 0.277306 2.49576 80 2 25 10 41609 0 
-157.355 27.8344 -0.137744 0.277306 2.49576 80 2 25 10 41610 0 
-157.346 27.8343 -0.137749 0.277306 2.49576 80 2 25 10 41611 0 
-157.337 27.8343 -0.137753 0.277306 2.49576 80 2 25 10 41612 0 
-157.327 27.8343 -0.137757 0.277306 2.49576 80 2 25 10 41613 0 
-157.318 27.8343 -0.137761 0.277306 2.49576 80 2 25 10 41614 0 
-157.309 27.8342 -0.137766 0.277306 2.49576 80 2 25 10 41615 0 
-157.3 27.8342 -0.13777 0.277306 2.49576 80 2 25 10 41616 0 
-157.29 27.8342 -0.137774 0.277306 2.49576 80 2 25 10 41617 0 
-157.281 27.8342 -0.137779 0.277306 2.49576 80 2 25 10 41618 0 
-157.272 27.8342 -0.137783 0.277306 2.49576 80 2 25 10 41619 0 
-157.263 27.8341 -0.137787 0.277306 2.49576 80 2 25 10 41620 0 
-157.253 27.8341 -0.137791 0.277306 2.49576 80 2 25 10 41621 0 
-157.244 27.8341 -0.137796 0.277306 2.49576 80 2 25 10 41622 0 
-157.235 27.8341 -0.1378 0.277306 2.49576 80 2 25 10 41623 0 
-157.226 27.834 -0.137804 0.277306 2.49576 80 2 25 10 41624 0 
-157.216 27.834 -0.137809 0.277306 2.49576 80 2 25 10 41625 0 
-157.207 27.834 -0.137813 0.277306 2.49576 80 2 25 10 41626 0 
-157.198 27.834 -0.137817 0.277306 2.49576 80 2 25 10 41627 0 
-157.189 27.834 -0.137822 0.277306 2.49576 80 2 25 10 41628 0 
-157.179 27.8339 -0.137826 0.277306 2.49576 80 2 25 10 41629 0 
-157.17 27.8339 -0.13783 0.277306 2.49576 80 2 25 10 41630 0 
-157.161 27.8339 -0.137834 0.277306 2.49576 80 2 25 10 41631 0 
-157.152 27.8339 -0.137839 0.277306 2.49576 80 2 25 10 41632 0 
-157.142 27.8338 -0.137843 0.277306 2.49576 80 2 25 10 41633 0 
-157.133 27.8338 -0.137847 0.277306 2.49576 80 2 25 10 41634 0 
-157.124 27.8338 -0.137852 0.277306 2.49576 80 2 25 10 41635 0 
-157.115 27.8338 -0.137856 0.277306 2.49576 80 2 25 10 41636 0 
-157.105 27.8337 -0.13786 0.277306 2.49576 80 2 25 10 41637 0 
-157.096 27.8337 -0.137864 0.277306 2.49576 80 2 25 10 41638 0 
-157.087 27.8337 -0.137869 0.277306 2.49576 80 2 25 10 41639 0 
-157.078 27.8337 -0.137873 0.277306 2.49576 80 2 25 10 41640 0 
-157.068 27.8337 -0.137877 0.277306 2.49576 80 2 25 10 41641 0 
-157.059 27.8336 -0.137882 0.277306 2.49576 80 2 25 10 41642 0 
-157.05 27.8336 -0.137886 0.277306 2.49576 80 2 25 10 41643 0 
-157.041 27.8336 -0.13789 0.277306 2.49576 80 2 25 10 41644 0 
-157.031 27.8336 -0.137894 0.277306 2.49576 80 2 25 10 41645 0 
-157.022 27.8335 -0.137899 0.277306 2.49576 80 2 25 10 41646 0 
-157.013 27.8335 -0.137903 0.277306 2.49576 80 2 25 10 41647 0 
-157.004 27.8335 -0.137907 0.277306 2.49576 80 2 25 10 41648 0 
-156.994 27.8335 -0.137912 0.277306 2.49576 80 2 25 10 41649 0 
-156.985 27.8334 -0.137916 0.277306 2.49576 80 2 25 10 41650 0 
-156.976 27.8334 -0.13792 0.277306 2.49576 80 2 25 10 41651 0 
-156.967 27.8334 -0.137925 0.277306 2.49576 80 2 25 10 41652 0 
-156.957 27.8334 -0.137929 0.277306 2.49576 80 2 25 10 41653 0 
-156.948 27.8334 -0.137933 0.277306 2.49576 80 2 25 10 41654 0 
-156.939 27.8333 -0.137938 0.277306 2.49576 80 2 25 10 41655 0 
-156.93 27.8333 -0.137942 0.277306 2.49576 80 2 25 10 41656 0 
-156.921 27.8333 -0.137946 0.277306 2.49576 80 2 25 10 41657 0 
-156.911 27.8333 -0.13795 0.277306 2.49576 80 2 25 10 41658 0 
-156.902 27.8332 -0.137955 0.277306 2.49576 80 2 25 10 41659 0 
-156.893 27.8332 -0.137959 0.277306 2.49576 80 2 25 10 41660 0 
-156.884 27.8332 -0.137963 0.277306 2.49576 80 2 25 10 41661 0 
-156.874 27.8332 -0.137968 0.277306 2.49576 80 2 25 10 41662 0 
-156.865 27.8332 -0.137972 0.277306 2.49576 80 2 25 10 41663 0 
-156.856 27.8331 -0.137976 0.277306 2.49576 80 2 25 10 41664 0 
-156.847 27.8331 -0.137981 0.277306 2.49576 80 2 25 10 41665 0 
-156.837 27.8331 -0.137985 0.277306 2.49576 80 2 25 10 41666 0 
-156.828 27.8331 -0.137989 0.277306 2.49576 80 2 25 10 41667 0 
-156.819 27.833 -0.137994 0.277306 2.49576 80 2 25 10 41668 0 
-156.81 27.833 -0.137998 0.277306 2.49576 80 2 25 10 41669 0 
-156.8 27.833 -0.138002 0.277306 2.49576 80 2 25 10 41670 0 
-156.791 27.833 -0.138006 0.277306 2.49576 80 2 25 10 41671 0 
-156.782 27.8329 -0.138011 0.277306 2.49576 80 2 25 10 41672 0 
-156.773 27.8329 -0.138015 0.277306 2.49576 80 2 25 10 41673 0 
-156.763 27.8329 -0.138019 0.277306 2.49576 80 2 25 10 41674 0 
-156.754 27.8329 -0.138024 0.277306 2.49576 80 2 25 10 41675 0 
-156.745 27.8329 -0.138028 0.277306 2.49576 80 2 25 10 41676 0 
-156.736 27.8328 -0.138032 0.277306 2.49576 80 2 25 10 41677 0 
-156.726 27.8328 -0.138037 0.277306 2.49576 80 2 25 10 41678 0 
-156.717 27.8328 -0.138041 0.277306 2.49576 80 2 25 10 41679 0 
-156.708 27.8328 -0.138045 0.277306 2.49576 80 2 25 10 41680 0 
-156.699 27.8327 -0.13805 0.277306 2.49576 80 2 25 10 41681 0 
-156.689 27.8327 -0.138054 0.277306 2.49576 80 2 25 10 41682 0 
-156.68 27.8327 -0.138058 0.277306 2.49576 80 2 25 10 41683 0 
-156.671 27.8327 -0.138062 0.277306 2.49576 80 2 25 10 41684 0 
-156.662 27.8326 -0.138067 0.277306 2.49576 80 2 25 10 41685 0 
-156.652 27.8326 -0.138071 0.277306 2.49576 80 2 25 10 41686 0 
-156.643 27.8326 -0.138075 0.277306 2.49576 80 2 25 10 41687 0 
-156.634 27.8326 -0.13808 0.277306 2.49576 80 2 25 10 41688 0 
-156.625 27.8326 -0.138084 0.277306 2.49576 80 2 25 10 41689 0 
-156.615 27.8325 -0.138088 0.277306 2.49576 80 2 25 10 41690 0 
-156.606 27.8325 -0.138093 0.277306 2.49576 80 2 25 10 41691 0 
-156.597 27.8325 -0.138097 0.277306 2.49576 80 2 25 10 41692 0 
-156.588 27.8325 -0.138101 0.277306 2.49576 80 2 25 10 41693 0 
-156.578 27.8324 -0.138106 0.277306 2.49576 80 2 25 10 41694 0 
-156.569 27.8324 -0.13811 0.277306 2.49576 80 2 25 10 41695 0 
-156.56 27.8324 -0.138114 0.277306 2.49576 80 2 25 10 41696 0 
-156.551 27.8324 -0.138119 0.277306 2.49576 80 2 25 10 41697 0 
-156.541 27.8323 -0.138123 0.277306 2.49576 80 2 25 10 41698 0 
-156.532 27.8323 -0.138127 0.277306 2.49576 80 2 25 10 41699 0 
-156.523 27.8323 -0.138132 0.277306 2.49576 80 2 25 10 41700 0 
-156.514 27.8323 -0.138136 0.277306 2.49576 80 2 25 10 41701 0 
-156.504 27.8323 -0.13814 0.277306 2.49576 80 2 25 10 41702 0 
-156.495 27.8322 -0.138144 0.277306 2.49576 80 2 25 10 41703 0 
-156.486 27.8322 -0.138149 0.277306 2.49576 80 2 25 10 41704 0 
-156.477 27.8322 -0.138153 0.277306 2.49576 80 2 25 10 41705 0 
-156.467 27.8322 -0.138157 0.277306 2.49576 80 2 25 10 41706 0 
-156.458 27.8321 -0.138162 0.277306 2.49576 80 2 25 10 41707 0 
-156.449 27.8321 -0.138166 0.277306 2.49576 80 2 25 10 41708 0 
-156.44 27.8321 -0.13817 0.277306 2.49576 80 2 25 10 41709 0 
-156.43 27.8321 -0.138175 0.277306 2.49576 80 2 25 10 41710 0 
-156.421 27.8321 -0.138179 0.277306 2.49576 80 2 25 10 41711 0 
-156.412 27.832 -0.138183 0.277306 2.49576 80 2 25 10 41712 0 
-156.403 27.832 -0.138188 0.277306 2.49576 80 2 25 10 41713 0 
-156.393 27.832 -0.138192 0.277306 2.49576 80 2 25 10 41714 0 
-156.384 27.832 -0.138196 0.277306 2.49576 80 2 25 10 41715 0 
-156.375 27.8319 -0.138201 0.277306 2.49576 80 2 25 10 41716 0 
-156.366 27.8319 -0.138205 0.277306 2.49576 80 2 25 10 41717 0 
-156.356 27.8319 -0.138209 0.277306 2.49576 80 2 25 10 41718 0 
-156.347 27.8319 -0.138214 0.277306 2.49576 80 2 25 10 41719 0 
-156.338 27.8318 -0.138218 0.277306 2.49576 80 2 25 10 41720 0 
-156.329 27.8318 -0.138222 0.277306 2.49576 80 2 25 10 41721 0 
-156.319 27.8318 -0.138227 0.277306 2.49576 80 2 25 10 41722 0 
-156.31 27.8318 -0.138231 0.277306 2.49576 80 2 25 10 41723 0 
-156.301 27.8318 -0.138235 0.277306 2.49576 80 2 25 10 41724 0 
-156.292 27.8317 -0.13824 0.277306 2.49576 80 2 25 10 41725 0 
-156.282 27.8317 -0.138244 0.277306 2.49576 80 2 25 10 41726 0 
-156.273 27.8317 -0.138248 0.277306 2.49576 80 2 25 10 41727 0 
-156.264 27.8317 -0.138253 0.277306 2.49576 80 2 25 10 41728 0 
-156.255 27.8316 -0.138257 0.277306 2.49576 80 2 25 10 41729 0 
-156.245 27.8316 -0.138261 0.277306 2.49576 80 2 25 10 41730 0 
-156.236 27.8316 -0.138265 0.277306 2.49576 80 2 25 10 41731 0 
-156.227 27.8316 -0.13827 0.277306 2.49576 80 2 25 10 41732 0 
-156.218 27.8315 -0.138274 0.277306 2.49576 80 2 25 10 41733 0 
-156.208 27.8315 -0.138278 0.277306 2.49576 80 2 25 10 41734 0 
-156.199 27.8315 -0.138283 0.277306 2.49576 80 2 25 10 41735 0 
-156.19 27.8315 -0.138287 0.277306 2.49576 80 2 25 10 41736 0 
-156.181 27.8315 -0.138291 0.277306 2.49576 80 2 25 10 41737 0 
-156.172 27.8314 -0.138296 0.277306 2.49576 80 2 25 10 41738 0 
-156.162 27.8314 -0.1383 0.277306 2.49576 80 2 25 10 41739 0 
-156.153 27.8314 -0.138305 0.277306 2.49576 80 2 25 10 41740 0 
-156.144 27.8314 -0.138309 0.277306 2.49576 80 2 25 10 41741 0 
-156.135 27.8313 -0.138313 0.277306 2.49576 80 2 25 10 41742 0 
-156.125 27.8313 -0.138318 0.277306 2.49576 80 2 25 10 41743 0 
-156.116 27.8313 -0.138322 0.277306 2.49576 80 2 25 10 41744 0 
-156.107 27.8313 -0.138326 0.277306 2.49576 80 2 25 10 41745 0 
-156.098 27.8313 -0.138331 0.277306 2.49576 80 2 25 10 41746 0 
-156.088 27.8312 -0.138335 0.277306 2.49576 80 2 25 10 41747 0 
-156.079 27.8312 -0.138339 0.277306 2.49576 80 2 25 10 41748 0 
-156.07 27.8312 -0.138344 0.277306 2.49576 80 2 25 10 41749 0 
-156.061 27.8312 -0.138348 0.277306 2.49576 80 2 25 10 41750 0 
-156.051 27.8311 -0.138352 0.277306 2.49576 80 2 25 10 41751 0 
-156.042 27.8311 -0.138357 0.277306 2.49576 80 2 25 10 41752 0 
-156.033 27.8311 -0.138361 0.277306 2.49576 80 2 25 10 41753 0 
-156.024 27.8311 -0.138365 0.277306 2.49576 80 2 25 10 41754 0 
-156.014 27.831 -0.13837 0.277306 2.49576 80 2 25 10 41755 0 
-156.005 27.831 -0.138374 0.277306 2.49576 80 2 25 10 41756 0 
-155.996 27.831 -0.138378 0.277306 2.49576 80 2 25 10 41757 0 
-155.987 27.831 -0.138383 0.277306 2.49576 80 2 25 10 41758 0 
-155.977 27.831 -0.138387 0.277306 2.49576 80 2 25 10 41759 0 
-155.968 27.8309 -0.138391 0.277306 2.49576 80 2 25 10 41760 0 
-155.959 27.8309 -0.138396 0.277306 2.49576 80 2 25 10 41761 0 
-155.95 27.8309 -0.1384 0.277306 2.49576 80 2 25 10 41762 0 
-155.94 27.8309 -0.138404 0.277306 2.49576 80 2 25 10 41763 0 
-155.931 27.8308 -0.138409 0.277306 2.49576 80 2 25 10 41764 0 
-155.922 27.8308 -0.138413 0.277306 2.49576 80 2 25 10 41765 0 
-155.913 27.8308 -0.138417 0.277306 2.49576 80 2 25 10 41766 0 
-155.903 27.8308 -0.138422 0.277306 2.49576 80 2 25 10 41767 0 
-155.894 27.8307 -0.138426 0.277306 2.49576 80 2 25 10 41768 0 
-155.885 27.8307 -0.13843 0.277306 2.49576 80 2 25 10 41769 0 
-155.876 27.8307 -0.138435 0.277306 2.49576 80 2 25 10 41770 0 
-155.866 27.8307 -0.138439 0.277306 2.49576 80 2 25 10 41771 0 
-155.857 27.8307 -0.138443 0.277306 2.49576 80 2 25 10 41772 0 
-155.848 27.8306 -0.138448 0.277306 2.49576 80 2 25 10 41773 0 
-155.839 27.8306 -0.138452 0.277306 2.49576 80 2 25 10 41774 0 
-155.829 27.8306 -0.138456 0.277306 2.49576 80 2 25 10 41775 0 
-155.82 27.8306 -0.138461 0.277306 2.49576 80 2 25 10 41776 0 
-155.811 27.8305 -0.138465 0.277306 2.49576 80 2 25 10 41777 0 
-155.802 27.8305 -0.138469 0.277306 2.49576 80 2 25 10 41778 0 
-155.792 27.8305 -0.138474 0.277306 2.49576 80 2 25 10 41779 0 
-155.783 27.8305 -0.138478 0.277306 2.49576 80 2 25 10 41780 0 
-155.774 27.8305 -0.138482 0.277306 2.49576 80 2 25 10 41781 0 
-155.765 27.8304 -0.138487 0.277306 2.49576 80 2 25 10 41782 0 
-155.755 27.8304 -0.138491 0.277306 2.49576 80 2 25 10 41783 0 
-155.746 27.8304 -0.138495 0.277306 2.49576 80 2 25 10 41784 0 
-155.737 27.8304 -0.1385 0.277306 2.49576 80 2 25 10 41785 0 
-155.728 27.8303 -0.138504 0.277306 2.49576 80 2 25 10 41786 0 
-155.718 27.8303 -0.138508 0.277306 2.49576 80 2 25 10 41787 0 
-155.709 27.8303 -0.138513 0.277306 2.49576 80 2 25 10 41788 0 
-155.7 27.8303 -0.138517 0.277306 2.49576 80 2 25 10 41789 0 
-155.691 27.8302 -0.138522 0.277306 2.49576 80 2 25 10 41790 0 
-155.681 27.8302 -0.138526 0.277306 2.49576 80 2 25 10 41791 0 
-155.672 27.8302 -0.13853 0.277306 2.49576 80 2 25 10 41792 0 
-155.663 27.8302 -0.138535 0.277306 2.49576 80 2 25 10 41793 0 
-155.654 27.8302 -0.138539 0.277306 2.49576 80 2 25 10 41794 0 
-155.644 27.8301 -0.138543 0.277306 2.49576 80 2 25 10 41795 0 
-155.635 27.8301 -0.138548 0.277306 2.49576 80 2 25 10 41796 0 
-155.626 27.8301 -0.138552 0.277306 2.49576 80 2 25 10 41797 0 
-155.617 27.8301 -0.138556 0.277306 2.49576 80 2 25 10 41798 0 
-155.607 27.83 -0.138561 0.277306 2.49576 80 2 25 10 41799 0 
-155.598 27.83 -0.138565 0.277306 2.49576 80 2 25 10 41800 0 
-155.589 27.83 -0.138569 0.277306 2.49576 80 2 25 10 41801 0 
-155.58 27.83 -0.138574 0.277306 2.49576 80 2 25 10 41802 0 
-155.57 27.8299 -0.138578 0.277306 2.49576 80 2 25 10 41803 0 
-155.561 27.8299 -0.138582 0.277306 2.49576 80 2 25 10 41804 0 
-155.552 27.8299 -0.138587 0.277306 2.49576 80 2 25 10 41805 0 
-155.543 27.8299 -0.138591 0.277306 2.49576 80 2 25 10 41806 0 
-155.533 27.8299 -0.138595 0.277306 2.49576 80 2 25 10 41807 0 
-155.524 27.8298 -0.1386 0.277306 2.49576 80 2 25 10 41808 0 
-155.515 27.8298 -0.138604 0.277306 2.49576 80 2 25 10 41809 0 
-155.506 27.8298 -0.138609 0.277306 2.49576 80 2 25 10 41810 0 
-155.496 27.8298 -0.138613 0.277306 2.49576 80 2 25 10 41811 0 
-155.487 27.8297 -0.138617 0.277306 2.49576 80 2 25 10 41812 0 
-155.478 27.8297 -0.138622 0.277306 2.49576 80 2 25 10 41813 0 
-155.469 27.8297 -0.138626 0.277306 2.49576 80 2 25 10 41814 0 
-155.46 27.8297 -0.13863 0.277306 2.49576 80 2 25 10 41815 0 
-155.45 27.8296 -0.138635 0.277306 2.49576 80 2 25 10 41816 0 
-155.441 27.8296 -0.138639 0.277306 2.49576 80 2 25 10 41817 0 
-155.432 27.8296 -0.138643 0.277306 2.49576 80 2 25 10 41818 0 
-155.423 27.8296 -0.138648 0.277306 2.49576 80 2 25 10 41819 0 
-155.413 27.8296 -0.138652 0.277306 2.49576 80 2 25 10 41820 0 
-155.404 27.8295 -0.138656 0.277306 2.49576 80 2 25 10 41821 0 
-155.395 27.8295 -0.138661 0.277306 2.49576 80 2 25 10 41822 0 
-155.386 27.8295 -0.138665 0.277306 2.49576 80 2 25 10 41823 0 
-155.376 27.8295 -0.13867 0.277306 2.49576 80 2 25 10 41824 0 
-155.367 27.8294 -0.138674 0.277306 2.49576 80 2 25 10 41825 0 
-155.358 27.8294 -0.138678 0.277306 2.49576 80 2 25 10 41826 0 
-155.349 27.8294 -0.138683 0.277306 2.49576 80 2 25 10 41827 0 
-155.339 27.8294 -0.138687 0.277306 2.49576 80 2 25 10 41828 0 
-155.33 27.8294 -0.138691 0.277306 2.49576 80 2 25 10 41829 0 
-155.321 27.8293 -0.138696 0.277306 2.49576 80 2 25 10 41830 0 
-155.312 27.8293 -0.1387 0.277306 2.49576 80 2 25 10 41831 0 
-155.302 27.8293 -0.138704 0.277306 2.49576 80 2 25 10 41832 0 
-155.293 27.8293 -0.138709 0.277306 2.49576 80 2 25 10 41833 0 
-155.284 27.8292 -0.138713 0.277306 2.49576 80 2 25 10 41834 0 
-155.275 27.8292 -0.138718 0.277306 2.49576 80 2 25 10 41835 0 
-155.265 27.8292 -0.138722 0.277306 2.49576 80 2 25 10 41836 0 
-155.256 27.8292 -0.138726 0.277306 2.49576 80 2 25 10 41837 0 
-155.247 27.8291 -0.138731 0.277306 2.49576 80 2 25 10 41838 0 
-155.238 27.8291 -0.138735 0.277306 2.49576 80 2 25 10 41839 0 
-155.228 27.8291 -0.138739 0.277306 2.49576 80 2 25 10 41840 0 
-155.219 27.8291 -0.138744 0.277306 2.49576 80 2 25 10 41841 0 
-155.21 27.8291 -0.138748 0.277306 2.49576 80 2 25 10 41842 0 
-155.201 27.829 -0.138752 0.277306 2.49576 80 2 25 10 41843 0 
-155.191 27.829 -0.138757 0.277306 2.49576 80 2 25 10 41844 0 
-155.182 27.829 -0.138761 0.277306 2.49576 80 2 25 10 41845 0 
-155.173 27.829 -0.138766 0.277306 2.49576 80 2 25 10 41846 0 
-155.164 27.8289 -0.13877 0.277306 2.49576 80 2 25 10 41847 0 
-155.154 27.8289 -0.138774 0.277306 2.49576 80 2 25 10 41848 0 
-155.145 27.8289 -0.138779 0.277306 2.49576 80 2 25 10 41849 0 
-155.136 27.8289 -0.138783 0.277306 2.49576 80 2 25 10 41850 0 
-155.127 27.8288 -0.138787 0.277306 2.49576 80 2 25 10 41851 0 
-155.117 27.8288 -0.138792 0.277306 2.49576 80 2 25 10 41852 0 
-155.108 27.8288 -0.138796 0.277306 2.49576 80 2 25 10 41853 0 
-155.099 27.8288 -0.138801 0.277306 2.49576 80 2 25 10 41854 0 
-155.09 27.8288 -0.138805 0.277306 2.49576 80 2 25 10 41855 0 
-155.08 27.8287 -0.138809 0.277306 2.49576 80 2 25 10 41856 0 
-155.071 27.8287 -0.138814 0.277306 2.49576 80 2 25 10 41857 0 
-155.062 27.8287 -0.138818 0.277306 2.49576 80 2 25 10 41858 0 
-155.053 27.8287 -0.138822 0.277306 2.49576 80 2 25 10 41859 0 
-155.043 27.8286 -0.138827 0.277306 2.49576 80 2 25 10 41860 0 
-155.034 27.8286 -0.138831 0.277306 2.49576 80 2 25 10 41861 0 
-155.025 27.8286 -0.138835 0.277306 2.49576 80 2 25 10 41862 0 
-155.016 27.8286 -0.13884 0.277306 2.49576 80 2 25 10 41863 0 
-155.006 27.8286 -0.138844 0.277306 2.49576 80 2 25 10 41864 0 
-154.997 27.8285 -0.138849 0.277306 2.49576 80 2 25 10 41865 0 
-154.988 27.8285 -0.138853 0.277306 2.49576 80 2 25 10 41866 0 
-154.979 27.8285 -0.138857 0.277306 2.49576 80 2 25 10 41867 0 
-154.969 27.8285 -0.138862 0.277306 2.49576 80 2 25 10 41868 0 
-154.96 27.8284 -0.138866 0.277306 2.49576 80 2 25 10 41869 0 
-154.951 27.8284 -0.13887 0.277306 2.49576 80 2 25 10 41870 0 
-154.942 27.8284 -0.138875 0.277306 2.49576 80 2 25 10 41871 0 
-154.932 27.8284 -0.138879 0.277306 2.49576 80 2 25 10 41872 0 
-154.923 27.8283 -0.138884 0.277306 2.49576 80 2 25 10 41873 0 
-154.914 27.8283 -0.138888 0.277306 2.49576 80 2 25 10 41874 0 
-154.905 27.8283 -0.138892 0.277306 2.49576 80 2 25 10 41875 0 
-154.895 27.8283 -0.138897 0.277306 2.49576 80 2 25 10 41876 0 
-154.886 27.8283 -0.138901 0.277306 2.49576 80 2 25 10 41877 0 
-154.877 27.8282 -0.138906 0.277306 2.49576 80 2 25 10 41878 0 
-154.868 27.8282 -0.13891 0.277306 2.49576 80 2 25 10 41879 0 
-154.858 27.8282 -0.138914 0.277306 2.49576 80 2 25 10 41880 0 
-154.849 27.8282 -0.138919 0.277306 2.49576 80 2 25 10 41881 0 
-154.84 27.8281 -0.138923 0.277306 2.49576 80 2 25 10 41882 0 
-154.831 27.8281 -0.138927 0.277306 2.49576 80 2 25 10 41883 0 
-154.821 27.8281 -0.138932 0.277306 2.49576 80 2 25 10 41884 0 
-154.812 27.8281 -0.138936 0.277306 2.49576 80 2 25 10 41885 0 
-154.803 27.828 -0.138941 0.277306 2.49576 80 2 25 10 41886 0 
-154.794 27.828 -0.138945 0.277306 2.49576 80 2 25 10 41887 0 
-154.784 27.828 -0.138949 0.277306 2.49576 80 2 25 10 41888 0 
-154.775 27.828 -0.138954 0.277306 2.49576 80 2 25 10 41889 0 
-154.766 27.828 -0.138958 0.277306 2.49576 80 2 25 10 41890 0 
-154.757 27.8279 -0.138962 0.277306 2.49576 80 2 25 10 41891 0 
-154.747 27.8279 -0.138967 0.277306 2.49576 80 2 25 10 41892 0 
-154.738 27.8279 -0.138971 0.277306 2.49576 80 2 25 10 41893 0 
-154.729 27.8279 -0.138976 0.277306 2.49576 80 2 25 10 41894 0 
-154.72 27.8278 -0.13898 0.277306 2.49576 80 2 25 10 41895 0 
-154.711 27.8278 -0.138984 0.277306 2.49576 80 2 25 10 41896 0 
-154.701 27.8278 -0.138989 0.277306 2.49576 80 2 25 10 41897 0 
-154.692 27.8278 -0.138993 0.277306 2.49576 80 2 25 10 41898 0 
-154.683 27.8277 -0.138998 0.277306 2.49576 80 2 25 10 41899 0 
-154.674 27.8277 -0.139002 0.277306 2.49576 80 2 25 10 41900 0 
-154.664 27.8277 -0.139006 0.277306 2.49576 80 2 25 10 41901 0 
-154.655 27.8277 -0.139011 0.277306 2.49576 80 2 25 10 41902 0 
-154.646 27.8277 -0.139015 0.277306 2.49576 80 2 25 10 41903 0 
-154.637 27.8276 -0.139019 0.277306 2.49576 80 2 25 10 41904 0 
-154.627 27.8276 -0.139024 0.277306 2.49576 80 2 25 10 41905 0 
-154.618 27.8276 -0.139028 0.277306 2.49576 80 2 25 10 41906 0 
-154.609 27.8276 -0.139033 0.277306 2.49576 80 2 25 10 41907 0 
-154.6 27.8275 -0.139037 0.277306 2.49576 80 2 25 10 41908 0 
-154.59 27.8275 -0.139041 0.277306 2.49576 80 2 25 10 41909 0 
-154.581 27.8275 -0.139046 0.277306 2.49576 80 2 25 10 41910 0 
-154.572 27.8275 -0.13905 0.277306 2.49576 80 2 25 10 41911 0 
-154.563 27.8275 -0.139055 0.277306 2.49576 80 2 25 10 41912 0 
-154.553 27.8274 -0.139059 0.277306 2.49576 80 2 25 10 41913 0 
-154.544 27.8274 -0.139063 0.277306 2.49576 80 2 25 10 41914 0 
-154.535 27.8274 -0.139068 0.277306 2.49576 80 2 25 10 41915 0 
-154.526 27.8274 -0.139072 0.277306 2.49576 80 2 25 10 41916 0 
-154.516 27.8273 -0.139077 0.277306 2.49576 80 2 25 10 41917 0 
-154.507 27.8273 -0.139081 0.277306 2.49576 80 2 25 10 41918 0 
-154.498 27.8273 -0.139085 0.277306 2.49576 80 2 25 10 41919 0 
-154.489 27.8273 -0.13909 0.277306 2.49576 80 2 25 10 41920 0 
-154.479 27.8272 -0.139094 0.277306 2.49576 80 2 25 10 41921 0 
-154.47 27.8272 -0.139099 0.277306 2.49576 80 2 25 10 41922 0 
-154.461 27.8272 -0.139103 0.277306 2.49576 80 2 25 10 41923 0 
-154.452 27.8272 -0.139107 0.277306 2.49576 80 2 25 10 41924 0 
-154.442 27.8272 -0.139112 0.277306 2.49576 80 2 25 10 41925 0 
-154.433 27.8271 -0.139116 0.277306 2.49576 80 2 25 10 41926 0 
-154.424 27.8271 -0.139121 0.277306 2.49576 80 2 25 10 41927 0 
-154.415 27.8271 -0.139125 0.277306 2.49576 80 2 25 10 41928 0 
-154.405 27.8271 -0.139129 0.277306 2.49576 80 2 25 10 41929 0 
-154.396 27.827 -0.139134 0.277306 2.49576 80 2 25 10 41930 0 
-154.387 27.827 -0.139138 0.277306 2.49576 80 2 25 10 41931 0 
-154.378 27.827 -0.139142 0.277306 2.49576 80 2 25 10 41932 0 
-154.368 27.827 -0.139147 0.277306 2.49576 80 2 25 10 41933 0 
-154.359 27.8269 -0.139151 0.277306 2.49576 80 2 25 10 41934 0 
-154.35 27.8269 -0.139156 0.277306 2.49576 80 2 25 10 41935 0 
-154.341 27.8269 -0.13916 0.277306 2.49576 80 2 25 10 41936 0 
-154.331 27.8269 -0.139164 0.277306 2.49576 80 2 25 10 41937 0 
-154.322 27.8269 -0.139169 0.277306 2.49576 80 2 25 10 41938 0 
-154.313 27.8268 -0.139173 0.277306 2.49576 80 2 25 10 41939 0 
-154.304 27.8268 -0.139178 0.277306 2.49576 80 2 25 10 41940 0 
-154.294 27.8268 -0.139182 0.277306 2.49576 80 2 25 10 41941 0 
-154.285 27.8268 -0.139186 0.277306 2.49576 80 2 25 10 41942 0 
-154.276 27.8267 -0.139191 0.277306 2.49576 80 2 25 10 41943 0 
-154.267 27.8267 -0.139195 0.277306 2.49576 80 2 25 10 41944 0 
-154.257 27.8267 -0.1392 0.277306 2.49576 80 2 25 10 41945 0 
-154.248 27.8267 -0.139204 0.277306 2.49576 80 2 25 10 41946 0 
-154.239 27.8267 -0.139208 0.277306 2.49576 80 2 25 10 41947 0 
-154.23 27.8266 -0.139213 0.277306 2.49576 80 2 25 10 41948 0 
-154.22 27.8266 -0.139217 0.277306 2.49576 80 2 25 10 41949 0 
-154.211 27.8266 -0.139222 0.277306 2.49576 80 2 25 10 41950 0 
-154.202 27.8266 -0.139226 0.277306 2.49576 80 2 25 10 41951 0 
-154.193 27.8265 -0.13923 0.277306 2.49576 80 2 25 10 41952 0 
-154.183 27.8265 -0.139235 0.277306 2.49576 80 2 25 10 41953 0 
-154.174 27.8265 -0.139239 0.277306 2.49576 80 2 25 10 41954 0 
-154.165 27.8265 -0.139244 0.277306 2.49576 80 2 25 10 41955 0 
-154.156 27.8264 -0.139248 0.277306 2.49576 80 2 25 10 41956 0 
-154.146 27.8264 -0.139253 0.277306 2.49576 80 2 25 10 41957 0 
-154.137 27.8264 -0.139257 0.277306 2.49576 80 2 25 10 41958 0 
-154.128 27.8264 -0.139261 0.277306 2.49576 80 2 25 10 41959 0 
-154.119 27.8264 -0.139266 0.277306 2.49576 80 2 25 10 41960 0 
-154.109 27.8263 -0.13927 0.277306 2.49576 80 2 25 10 41961 0 
-154.1 27.8263 -0.139275 0.277306 2.49576 80 2 25 10 41962 0 
-154.091 27.8263 -0.139279 0.277306 2.49576 80 2 25 10 41963 0 
-154.082 27.8263 -0.139283 0.277306 2.49576 80 2 25 10 41964 0 
-154.072 27.8262 -0.139288 0.277306 2.49576 80 2 25 10 41965 0 
-154.063 27.8262 -0.139292 0.277306 2.49576 80 2 25 10 41966 0 
-154.054 27.8262 -0.139297 0.277306 2.49576 80 2 25 10 41967 0 
-154.045 27.8262 -0.139301 0.277306 2.49576 80 2 25 10 41968 0 
-154.035 27.8261 -0.139305 0.277306 2.49576 80 2 25 10 41969 0 
-154.026 27.8261 -0.13931 0.277306 2.49576 80 2 25 10 41970 0 
-154.017 27.8261 -0.139314 0.277306 2.49576 80 2 25 10 41971 0 
-154.008 27.8261 -0.139319 0.277306 2.49576 80 2 25 10 41972 0 
-153.999 27.8261 -0.139323 0.277306 2.49576 80 2 25 10 41973 0 
-153.989 27.826 -0.139327 0.277306 2.49576 80 2 25 10 41974 0 
-153.98 27.826 -0.139332 0.277306 2.49576 80 2 25 10 41975 0 
-153.971 27.826 -0.139336 0.277306 2.49576 80 2 25 10 41976 0 
-153.962 27.826 -0.139341 0.277306 2.49576 80 2 25 10 41977 0 
-153.952 27.8259 -0.139345 0.277306 2.49576 80 2 25 10 41978 0 
-153.943 27.8259 -0.13935 0.277306 2.49576 80 2 25 10 41979 0 
-153.934 27.8259 -0.139354 0.277306 2.49576 80 2 25 10 41980 0 
-153.925 27.8259 -0.139358 0.277306 2.49576 80 2 25 10 41981 0 
-153.915 27.8258 -0.139363 0.277306 2.49576 80 2 25 10 41982 0 
-153.906 27.8258 -0.139367 0.277306 2.49576 80 2 25 10 41983 0 
-153.897 27.8258 -0.139372 0.277306 2.49576 80 2 25 10 41984 0 
-153.888 27.8258 -0.139376 0.277306 2.49576 80 2 25 10 41985 0 
-153.878 27.8258 -0.13938 0.277306 2.49576 80 2 25 10 41986 0 
-153.869 27.8257 -0.139385 0.277306 2.49576 80 2 25 10 41987 0 
-153.86 27.8257 -0.139389 0.277306 2.49576 80 2 25 10 41988 0 
-153.851 27.8257 -0.139394 0.277306 2.49576 80 2 25 10 41989 0 
-153.841 27.8257 -0.139398 0.277306 2.49576 80 2 25 10 41990 0 
-153.832 27.8256 -0.139402 0.277306 2.49576 80 2 25 10 41991 0 
-153.823 27.8256 -0.139407 0.277306 2.49576 80 2 25 10 41992 0 
-153.814 27.8256 -0.139411 0.277306 2.49576 80 2 25 10 41993 0 
-153.804 27.8256 -0.139416 0.277306 2.49576 80 2 25 10 41994 0 
-153.795 27.8256 -0.13942 0.277306 2.49576 80 2 25 10 41995 0 
-153.786 27.8255 -0.139425 0.277306 2.49576 80 2 25 10 41996 0 
-153.777 27.8255 -0.139429 0.277306 2.49576 80 2 25 10 41997 0 
-153.767 27.8255 -0.139433 0.277306 2.49576 80 2 25 10 41998 0 
-153.758 27.8255 -0.139438 0.277306 2.49576 80 2 25 10 41999 0 
-153.749 27.8254 -0.139442 0.277306 2.49576 80 2 25 10 42000 0 
-153.74 27.8254 -0.139447 0.277306 2.49576 80 2 25 10 42001 0 
-153.73 27.8254 -0.139451 0.277306 2.49576 80 2 25 10 42002 0 
-153.721 27.8254 -0.139456 0.277306 2.49576 80 2 25 10 42003 0 
-153.712 27.8253 -0.13946 0.277306 2.49576 80 2 25 10 42004 0 
-153.703 27.8253 -0.139464 0.277306 2.49576 80 2 25 10 42005 0 
-153.693 27.8253 -0.139469 0.277306 2.49576 80 2 25 10 42006 0 
-153.684 27.8253 -0.139473 0.277306 2.49576 80 2 25 10 42007 0 
-153.675 27.8253 -0.139478 0.277306 2.49576 80 2 25 10 42008 0 
-153.666 27.8252 -0.139482 0.277306 2.49576 80 2 25 10 42009 0 
-153.656 27.8252 -0.139487 0.277306 2.49576 80 2 25 10 42010 0 
-153.647 27.8252 -0.139491 0.277306 2.49576 80 2 25 10 42011 0 
-153.638 27.8252 -0.139495 0.277306 2.49576 80 2 25 10 42012 0 
-153.629 27.8251 -0.1395 0.277306 2.49576 80 2 25 10 42013 0 
-153.619 27.8251 -0.139504 0.277306 2.49576 80 2 25 10 42014 0 
-153.61 27.8251 -0.139509 0.277306 2.49576 80 2 25 10 42015 0 
-153.601 27.8251 -0.139513 0.277306 2.49576 80 2 25 10 42016 0 
-153.592 27.825 -0.139518 0.277306 2.49576 80 2 25 10 42017 0 
-153.582 27.825 -0.139522 0.277306 2.49576 80 2 25 10 42018 0 
-153.573 27.825 -0.139526 0.277306 2.49576 80 2 25 10 42019 0 
-153.564 27.825 -0.139531 0.277306 2.49576 80 2 25 10 42020 0 
-153.555 27.825 -0.139535 0.277306 2.49576 80 2 25 10 42021 0 
-153.545 27.8249 -0.13954 0.277306 2.49576 80 2 25 10 42022 0 
-153.536 27.8249 -0.139544 0.277306 2.49576 80 2 25 10 42023 0 
-153.527 27.8249 -0.139549 0.277306 2.49576 80 2 25 10 42024 0 
-153.518 27.8249 -0.139553 0.277306 2.49576 80 2 25 10 42025 0 
-153.508 27.8248 -0.139557 0.277306 2.49576 80 2 25 10 42026 0 
-153.499 27.8248 -0.139562 0.277306 2.49576 80 2 25 10 42027 0 
-153.49 27.8248 -0.139566 0.277306 2.49576 80 2 25 10 42028 0 
-153.481 27.8248 -0.139571 0.277306 2.49576 80 2 25 10 42029 0 
-153.471 27.8248 -0.139575 0.277306 2.49576 80 2 25 10 42030 0 
-153.462 27.8247 -0.13958 0.277306 2.49576 80 2 25 10 42031 0 
-153.453 27.8247 -0.139584 0.277306 2.49576 80 2 25 10 42032 0 
-153.444 27.8247 -0.139588 0.277306 2.49576 80 2 25 10 42033 0 
-153.434 27.8247 -0.139593 0.277306 2.49576 80 2 25 10 42034 0 
-153.425 27.8246 -0.139597 0.277306 2.49576 80 2 25 10 42035 0 
-153.416 27.8246 -0.139602 0.277306 2.49576 80 2 25 10 42036 0 
-153.407 27.8246 -0.139606 0.277306 2.49576 80 2 25 10 42037 0 
-153.397 27.8246 -0.139611 0.277306 2.49576 80 2 25 10 42038 0 
-153.388 27.8245 -0.139615 0.277306 2.49576 80 2 25 10 42039 0 
-153.379 27.8245 -0.139619 0.277306 2.49576 80 2 25 10 42040 0 
-153.37 27.8245 -0.139624 0.277306 2.49576 80 2 25 10 42041 0 
-153.36 27.8245 -0.139628 0.277306 2.49576 80 2 25 10 42042 0 
-153.351 27.8245 -0.139633 0.277306 2.49576 80 2 25 10 42043 0 
-153.342 27.8244 -0.139637 0.277306 2.49576 80 2 25 10 42044 0 
-153.333 27.8244 -0.139642 0.277306 2.49576 80 2 25 10 42045 0 
-153.323 27.8244 -0.139646 0.277306 2.49576 80 2 25 10 42046 0 
-153.314 27.8244 -0.139651 0.277306 2.49576 80 2 25 10 42047 0 
-153.305 27.8243 -0.139655 0.277306 2.49576 80 2 25 10 42048 0 
-153.296 27.8243 -0.139659 0.277306 2.49576 80 2 25 10 42049 0 
-153.286 27.8243 -0.139664 0.277306 2.49576 80 2 25 10 42050 0 
-153.277 27.8243 -0.139668 0.277306 2.49576 80 2 25 10 42051 0 
-153.268 27.8242 -0.139673 0.277306 2.49576 80 2 25 10 42052 0 
-153.259 27.8242 -0.139677 0.277306 2.49576 80 2 25 10 42053 0 
-153.25 27.8242 -0.139682 0.277306 2.49576 80 2 25 10 42054 0 
-153.24 27.8242 -0.139686 0.277306 2.49576 80 2 25 10 42055 0 
-153.231 27.8242 -0.13969 0.277306 2.49576 80 2 25 10 42056 0 
-153.222 27.8241 -0.139695 0.277306 2.49576 80 2 25 10 42057 0 
-153.213 27.8241 -0.139699 0.277306 2.49576 80 2 25 10 42058 0 
-153.203 27.8241 -0.139704 0.277306 2.49576 80 2 25 10 42059 0 
-153.194 27.8241 -0.139708 0.277306 2.49576 80 2 25 10 42060 0 
-153.185 27.824 -0.139713 0.277306 2.49576 80 2 25 10 42061 0 
-153.176 27.824 -0.139717 0.277306 2.49576 80 2 25 10 42062 0 
-153.166 27.824 -0.139722 0.277306 2.49576 80 2 25 10 42063 0 
-153.157 27.824 -0.139726 0.277306 2.49576 80 2 25 10 42064 0 
-153.148 27.8239 -0.13973 0.277306 2.49576 80 2 25 10 42065 0 
-153.139 27.8239 -0.139735 0.277306 2.49576 80 2 25 10 42066 0 
-153.129 27.8239 -0.139739 0.277306 2.49576 80 2 25 10 42067 0 
-153.12 27.8239 -0.139744 0.277306 2.49576 80 2 25 10 42068 0 
-153.111 27.8239 -0.139748 0.277306 2.49576 80 2 25 10 42069 0 
-153.102 27.8238 -0.139753 0.277306 2.49576 80 2 25 10 42070 0 
-153.092 27.8238 -0.139757 0.277306 2.49576 80 2 25 10 42071 0 
-153.083 27.8238 -0.139762 0.277306 2.49576 80 2 25 10 42072 0 
-153.074 27.8238 -0.139766 0.277306 2.49576 80 2 25 10 42073 0 
-153.065 27.8237 -0.13977 0.277306 2.49576 80 2 25 10 42074 0 
-153.055 27.8237 -0.139775 0.277306 2.49576 80 2 25 10 42075 0 
-153.046 27.8237 -0.139779 0.277306 2.49576 80 2 25 10 42076 0 
-153.037 27.8237 -0.139784 0.277306 2.49576 80 2 25 10 42077 0 
-153.028 27.8237 -0.139788 0.277306 2.49576 80 2 25 10 42078 0 
-153.018 27.8236 -0.139793 0.277306 2.49576 80 2 25 10 42079 0 
-153.009 27.8236 -0.139797 0.277306 2.49576 80 2 25 10 42080 0 
-153 27.8236 -0.139802 0.277306 2.49576 80 2 25 10 42081 0 
-152.991 27.8236 -0.139806 0.277306 2.49576 80 2 25 10 42082 0 
-152.981 27.8235 -0.139811 0.277306 2.49576 80 2 25 10 42083 0 
-152.972 27.8235 -0.139815 0.277306 2.49576 80 2 25 10 42084 0 
-152.963 27.8235 -0.139819 0.277306 2.49576 80 2 25 10 42085 0 
-152.954 27.8235 -0.139824 0.277306 2.49576 80 2 25 10 42086 0 
-152.944 27.8234 -0.139828 0.277306 2.49576 80 2 25 10 42087 0 
-152.935 27.8234 -0.139833 0.277306 2.49576 80 2 25 10 42088 0 
-152.926 27.8234 -0.139837 0.277306 2.49576 80 2 25 10 42089 0 
-152.917 27.8234 -0.139842 0.277306 2.49576 80 2 25 10 42090 0 
-152.907 27.8234 -0.139846 0.277306 2.49576 80 2 25 10 42091 0 
-152.898 27.8233 -0.139851 0.277306 2.49576 80 2 25 10 42092 0 
-152.889 27.8233 -0.139855 0.277306 2.49576 80 2 25 10 42093 0 
-152.88 27.8233 -0.13986 0.277306 2.49576 80 2 25 10 42094 0 
-152.87 27.8233 -0.139864 0.277306 2.49576 80 2 25 10 42095 0 
-152.861 27.8232 -0.139868 0.277306 2.49576 80 2 25 10 42096 0 
-152.852 27.8232 -0.139873 0.277306 2.49576 80 2 25 10 42097 0 
-152.843 27.8232 -0.139877 0.277306 2.49576 80 2 25 10 42098 0 
-152.833 27.8232 -0.139882 0.277306 2.49576 80 2 25 10 42099 0 
-152.824 27.8231 -0.139886 0.277306 2.49576 80 2 25 10 42100 0 
-152.815 27.8231 -0.139891 0.277306 2.49576 80 2 25 10 42101 0 
-152.806 27.8231 -0.139895 0.277306 2.49576 80 2 25 10 42102 0 
-152.796 27.8231 -0.1399 0.277306 2.49576 80 2 25 10 42103 0 
-152.787 27.8231 -0.139904 0.277306 2.49576 80 2 25 10 42104 0 
-152.778 27.823 -0.139909 0.277306 2.49576 80 2 25 10 42105 0 
-152.769 27.823 -0.139913 0.277306 2.49576 80 2 25 10 42106 0 
-152.759 27.823 -0.139917 0.277306 2.49576 80 2 25 10 42107 0 
-152.75 27.823 -0.139922 0.277306 2.49576 80 2 25 10 42108 0 
-152.741 27.8229 -0.139926 0.277306 2.49576 80 2 25 10 42109 0 
-152.732 27.8229 -0.139931 0.277306 2.49576 80 2 25 10 42110 0 
-152.722 27.8229 -0.139935 0.277306 2.49576 80 2 25 10 42111 0 
-152.713 27.8229 -0.13994 0.277306 2.49576 80 2 25 10 42112 0 
-152.704 27.8229 -0.139944 0.277306 2.49576 80 2 25 10 42113 0 
-152.695 27.8228 -0.139949 0.277306 2.49576 80 2 25 10 42114 0 
-152.685 27.8228 -0.139953 0.277306 2.49576 80 2 25 10 42115 0 
-152.676 27.8228 -0.139958 0.277306 2.49576 80 2 25 10 42116 0 
-152.667 27.8228 -0.139962 0.277306 2.49576 80 2 25 10 42117 0 
-152.658 27.8227 -0.139966 0.277306 2.49576 80 2 25 10 42118 0 
-152.648 27.8227 -0.139971 0.277306 2.49576 80 2 25 10 42119 0 
-152.639 27.8227 -0.139975 0.277306 2.49576 80 2 25 10 42120 0 
-152.63 27.8227 -0.13998 0.277306 2.49576 80 2 25 10 42121 0 
-152.621 27.8226 -0.139984 0.277306 2.49576 80 2 25 10 42122 0 
-152.611 27.8226 -0.139989 0.277306 2.49576 80 2 25 10 42123 0 
-152.602 27.8226 -0.139993 0.277306 2.49576 80 2 25 10 42124 0 
-152.593 27.8226 -0.139998 0.277306 2.49576 80 2 25 10 42125 0 
-152.584 27.8226 -0.140002 0.277306 2.49576 80 2 25 10 42126 0 
-152.574 27.8225 -0.140007 0.277306 2.49576 80 2 25 10 42127 0 
-152.565 27.8225 -0.140011 0.277306 2.49576 80 2 25 10 42128 0 
-152.556 27.8225 -0.140016 0.277306 2.49576 80 2 25 10 42129 0 
-152.547 27.8225 -0.14002 0.277306 2.49576 80 2 25 10 42130 0 
-152.538 27.8224 -0.140025 0.277306 2.49576 80 2 25 10 42131 0 
-152.528 27.8224 -0.140029 0.277306 2.49576 80 2 25 10 42132 0 
-152.519 27.8224 -0.140034 0.277306 2.49576 80 2 25 10 42133 0 
-152.51 27.8224 -0.140038 0.277306 2.49576 80 2 25 10 42134 0 
-152.501 27.8223 -0.140042 0.277306 2.49576 80 2 25 10 42135 0 
-152.491 27.8223 -0.140047 0.277306 2.49576 80 2 25 10 42136 0 
-152.482 27.8223 -0.140051 0.277306 2.49576 80 2 25 10 42137 0 
-152.473 27.8223 -0.140056 0.277306 2.49576 80 2 25 10 42138 0 
-152.464 27.8223 -0.14006 0.277306 2.49576 80 2 25 10 42139 0 
-152.454 27.8222 -0.140065 0.277306 2.49576 80 2 25 10 42140 0 
-152.445 27.8222 -0.140069 0.277306 2.49576 80 2 25 10 42141 0 
-152.436 27.8222 -0.140074 0.277306 2.49576 80 2 25 10 42142 0 
-152.427 27.8222 -0.140078 0.277306 2.49576 80 2 25 10 42143 0 
-152.417 27.8221 -0.140083 0.277306 2.49576 80 2 25 10 42144 0 
-152.408 27.8221 -0.140087 0.277306 2.49576 80 2 25 10 42145 0 
-152.399 27.8221 -0.140092 0.277306 2.49576 80 2 25 10 42146 0 
-152.39 27.8221 -0.140096 0.277306 2.49576 80 2 25 10 42147 0 
-152.38 27.8221 -0.140101 0.277306 2.49576 80 2 25 10 42148 0 
-152.371 27.822 -0.140105 0.277306 2.49576 80 2 25 10 42149 0 
-152.362 27.822 -0.14011 0.277306 2.49576 80 2 25 10 42150 0 
-152.353 27.822 -0.140114 0.277306 2.49576 80 2 25 10 42151 0 
-152.343 27.822 -0.140118 0.277306 2.49576 80 2 25 10 42152 0 
-152.334 27.8219 -0.140123 0.277306 2.49576 80 2 25 10 42153 0 
-152.325 27.8219 -0.140127 0.277306 2.49576 80 2 25 10 42154 0 
-152.316 27.8219 -0.140132 0.277306 2.49576 80 2 25 10 42155 0 
-152.306 27.8219 -0.140136 0.277306 2.49576 80 2 25 10 42156 0 
-152.297 27.8218 -0.140141 0.277306 2.49576 80 2 25 10 42157 0 
-152.288 27.8218 -0.140145 0.277306 2.49576 80 2 25 10 42158 0 
-152.279 27.8218 -0.14015 0.277306 2.49576 80 2 25 10 42159 0 
-152.269 27.8218 -0.140154 0.277306 2.49576 80 2 25 10 42160 0 
-152.26 27.8218 -0.140159 0.277306 2.49576 80 2 25 10 42161 0 
-152.251 27.8217 -0.140163 0.277306 2.49576 80 2 25 10 42162 0 
-152.242 27.8217 -0.140168 0.277306 2.49576 80 2 25 10 42163 0 
-152.232 27.8217 -0.140172 0.277306 2.49576 80 2 25 10 42164 0 
-152.223 27.8217 -0.140177 0.277306 2.49576 80 2 25 10 42165 0 
-152.214 27.8216 -0.140181 0.277306 2.49576 80 2 25 10 42166 0 
-152.205 27.8216 -0.140186 0.277306 2.49576 80 2 25 10 42167 0 
-152.195 27.8216 -0.14019 0.277306 2.49576 80 2 25 10 42168 0 
-152.186 27.8216 -0.140195 0.277306 2.49576 80 2 25 10 42169 0 
-152.177 27.8215 -0.140199 0.277306 2.49576 80 2 25 10 42170 0 
-152.168 27.8215 -0.140204 0.277306 2.49576 80 2 25 10 42171 0 
-152.158 27.8215 -0.140208 0.277306 2.49576 80 2 25 10 42172 0 
-152.149 27.8215 -0.140213 0.277306 2.49576 80 2 25 10 42173 0 
-152.14 27.8215 -0.140217 0.277306 2.49576 80 2 25 10 42174 0 
-152.131 27.8214 -0.140222 0.277306 2.49576 80 2 25 10 42175 0 
-152.121 27.8214 -0.140226 0.277306 2.49576 80 2 25 10 42176 0 
-152.112 27.8214 -0.14023 0.277306 2.49576 80 2 25 10 42177 0 
-152.103 27.8214 -0.140235 0.277306 2.49576 80 2 25 10 42178 0 
-152.094 27.8213 -0.140239 0.277306 2.49576 80 2 25 10 42179 0 
-152.084 27.8213 -0.140244 0.277306 2.49576 80 2 25 10 42180 0 
-152.075 27.8213 -0.140248 0.277306 2.49576 80 2 25 10 42181 0 
-152.066 27.8213 -0.140253 0.277306 2.49576 80 2 25 10 42182 0 
-152.057 27.8212 -0.140257 0.277306 2.49576 80 2 25 10 42183 0 
-152.047 27.8212 -0.140262 0.277306 2.49576 80 2 25 10 42184 0 
-152.038 27.8212 -0.140266 0.277306 2.49576 80 2 25 10 42185 0 
-152.029 27.8212 -0.140271 0.277306 2.49576 80 2 25 10 42186 0 
-152.02 27.8212 -0.140275 0.277306 2.49576 80 2 25 10 42187 0 
-152.01 27.8211 -0.14028 0.277306 2.49576 80 2 25 10 42188 0 
-152.001 27.8211 -0.140284 0.277306 2.49576 80 2 25 10 42189 0 
-151.992 27.8211 -0.140289 0.277306 2.49576 80 2 25 10 42190 0 
-151.983 27.8211 -0.140293 0.277306 2.49576 80 2 25 10 42191 0 
-151.973 27.821 -0.140298 0.277306 2.49576 80 2 25 10 42192 0 
-151.964 27.821 -0.140302 0.277306 2.49576 80 2 25 10 42193 0 
-151.955 27.821 -0.140307 0.277306 2.49576 80 2 25 10 42194 0 
-151.946 27.821 -0.140311 0.277306 2.49576 80 2 25 10 42195 0 
-151.936 27.821 -0.140316 0.277306 2.49576 80 2 25 10 42196 0 
-151.927 27.8209 -0.14032 0.277306 2.49576 80 2 25 10 42197 0 
-151.918 27.8209 -0.140325 0.277306 2.49576 80 2 25 10 42198 0 
-151.909 27.8209 -0.140329 0.277306 2.49576 80 2 25 10 42199 0 
-151.899 27.8209 -0.140334 0.277306 2.49576 80 2 25 10 42200 0 
-151.89 27.8208 -0.140338 0.277306 2.49576 80 2 25 10 42201 0 
-151.881 27.8208 -0.140343 0.277306 2.49576 80 2 25 10 42202 0 
-151.872 27.8208 -0.140347 0.277306 2.49576 80 2 25 10 42203 0 
-151.862 27.8208 -0.140352 0.277306 2.49576 80 2 25 10 42204 0 
-151.853 27.8207 -0.140356 0.277306 2.49576 80 2 25 10 42205 0 
-151.844 27.8207 -0.140361 0.277306 2.49576 80 2 25 10 42206 0 
-151.835 27.8207 -0.140365 0.277306 2.49576 80 2 25 10 42207 0 
-151.826 27.8207 -0.14037 0.277306 2.49576 80 2 25 10 42208 0 
-151.816 27.8207 -0.140374 0.277306 2.49576 80 2 25 10 42209 0 
-151.807 27.8206 -0.140379 0.277306 2.49576 80 2 25 10 42210 0 
-151.798 27.8206 -0.140383 0.277306 2.49576 80 2 25 10 42211 0 
-151.789 27.8206 -0.140388 0.277306 2.49576 80 2 25 10 42212 0 
-151.779 27.8206 -0.140392 0.277306 2.49576 80 2 25 10 42213 0 
-151.77 27.8205 -0.140397 0.277306 2.49576 80 2 25 10 42214 0 
-151.761 27.8205 -0.140401 0.277306 2.49576 80 2 25 10 42215 0 
-151.752 27.8205 -0.140406 0.277306 2.49576 80 2 25 10 42216 0 
-151.742 27.8205 -0.14041 0.277306 2.49576 80 2 25 10 42217 0 
-151.733 27.8204 -0.140415 0.277306 2.49576 80 2 25 10 42218 0 
-151.724 27.8204 -0.140419 0.277306 2.49576 80 2 25 10 42219 0 
-151.715 27.8204 -0.140424 0.277306 2.49576 80 2 25 10 42220 0 
-151.705 27.8204 -0.140428 0.277306 2.49576 80 2 25 10 42221 0 
-151.696 27.8204 -0.140433 0.277306 2.49576 80 2 25 10 42222 0 
-151.687 27.8203 -0.140437 0.277306 2.49576 80 2 25 10 42223 0 
-151.678 27.8203 -0.140442 0.277306 2.49576 80 2 25 10 42224 0 
-151.668 27.8203 -0.140446 0.277306 2.49576 80 2 25 10 42225 0 
-151.659 27.8203 -0.140451 0.277306 2.49576 80 2 25 10 42226 0 
-151.65 27.8202 -0.140455 0.277306 2.49576 80 2 25 10 42227 0 
-151.641 27.8202 -0.14046 0.277306 2.49576 80 2 25 10 42228 0 
-151.631 27.8202 -0.140464 0.277306 2.49576 80 2 25 10 42229 0 
-151.622 27.8202 -0.140469 0.277306 2.49576 80 2 25 10 42230 0 
-151.613 27.8202 -0.140473 0.277306 2.49576 80 2 25 10 42231 0 
-151.604 27.8201 -0.140478 0.277306 2.49576 80 2 25 10 42232 0 
-151.594 27.8201 -0.140482 0.277306 2.49576 80 2 25 10 42233 0 
-151.585 27.8201 -0.140487 0.277306 2.49576 80 2 25 10 42234 0 
-151.576 27.8201 -0.140491 0.277306 2.49576 80 2 25 10 42235 0 
-151.567 27.82 -0.140496 0.277306 2.49576 80 2 25 10 42236 0 
-151.557 27.82 -0.1405 0.277306 2.49576 80 2 25 10 42237 0 
-151.548 27.82 -0.140505 0.277306 2.49576 80 2 25 10 42238 0 
-151.539 27.82 -0.140509 0.277306 2.49576 80 2 25 10 42239 0 
-151.53 27.8199 -0.140514 0.277306 2.49576 80 2 25 10 42240 0 
-151.52 27.8199 -0.140518 0.277306 2.49576 80 2 25 10 42241 0 
-151.511 27.8199 -0.140523 0.277306 2.49576 80 2 25 10 42242 0 
-151.502 27.8199 -0.140527 0.277306 2.49576 80 2 25 10 42243 0 
-151.493 27.8199 -0.140532 0.277306 2.49576 80 2 25 10 42244 0 
-151.483 27.8198 -0.140536 0.277306 2.49576 80 2 25 10 42245 0 
-151.474 27.8198 -0.140541 0.277306 2.49576 80 2 25 10 42246 0 
-151.465 27.8198 -0.140545 0.277306 2.49576 80 2 25 10 42247 0 
-151.456 27.8198 -0.14055 0.277306 2.49576 80 2 25 10 42248 0 
-151.446 27.8197 -0.140554 0.277306 2.49576 80 2 25 10 42249 0 
-151.437 27.8197 -0.140559 0.277306 2.49576 80 2 25 10 42250 0 
-151.428 27.8197 -0.140563 0.277306 2.49576 80 2 25 10 42251 0 
-151.419 27.8197 -0.140568 0.277306 2.49576 80 2 25 10 42252 0 
-151.409 27.8196 -0.140572 0.277306 2.49576 80 2 25 10 42253 0 
-151.4 27.8196 -0.140577 0.277306 2.49576 80 2 25 10 42254 0 
-151.391 27.8196 -0.140581 0.277306 2.49576 80 2 25 10 42255 0 
-151.382 27.8196 -0.140586 0.277306 2.49576 80 2 25 10 42256 0 
-151.372 27.8196 -0.14059 0.277306 2.49576 80 2 25 10 42257 0 
-151.363 27.8195 -0.140595 0.277306 2.49576 80 2 25 10 42258 0 
-151.354 27.8195 -0.140599 0.277306 2.49576 80 2 25 10 42259 0 
-151.345 27.8195 -0.140604 0.277306 2.49576 80 2 25 10 42260 0 
-151.335 27.8195 -0.140608 0.277306 2.49576 80 2 25 10 42261 0 
-151.326 27.8194 -0.140613 0.277306 2.49576 80 2 25 10 42262 0 
-151.317 27.8194 -0.140617 0.277306 2.49576 80 2 25 10 42263 0 
-151.308 27.8194 -0.140622 0.277306 2.49576 80 2 25 10 42264 0 
-151.298 27.8194 -0.140627 0.277306 2.49576 80 2 25 10 42265 0 
-151.289 27.8193 -0.140631 0.277306 2.49576 80 2 25 10 42266 0 
-151.28 27.8193 -0.140636 0.277306 2.49576 80 2 25 10 42267 0 
-151.271 27.8193 -0.14064 0.277306 2.49576 80 2 25 10 42268 0 
-151.261 27.8193 -0.140645 0.277306 2.49576 80 2 25 10 42269 0 
-151.252 27.8193 -0.140649 0.277306 2.49576 80 2 25 10 42270 0 
-151.243 27.8192 -0.140654 0.277306 2.49576 80 2 25 10 42271 0 
-151.234 27.8192 -0.140658 0.277306 2.49576 80 2 25 10 42272 0 
-151.224 27.8192 -0.140663 0.277306 2.49576 80 2 25 10 42273 0 
-151.215 27.8192 -0.140667 0.277306 2.49576 80 2 25 10 42274 0 
-151.206 27.8191 -0.140672 0.277306 2.49576 80 2 25 10 42275 0 
-151.197 27.8191 -0.140676 0.277306 2.49576 80 2 25 10 42276 0 
-151.187 27.8191 -0.140681 0.277306 2.49576 80 2 25 10 42277 0 
-151.178 27.8191 -0.140685 0.277306 2.49576 80 2 25 10 42278 0 
-151.169 27.8191 -0.14069 0.277306 2.49576 80 2 25 10 42279 0 
-151.16 27.819 -0.140694 0.277306 2.49576 80 2 25 10 42280 0 
-151.15 27.819 -0.140699 0.277306 2.49576 80 2 25 10 42281 0 
-151.141 27.819 -0.140703 0.277306 2.49576 80 2 25 10 42282 0 
-151.132 27.819 -0.140708 0.277306 2.49576 80 2 25 10 42283 0 
-151.123 27.8189 -0.140712 0.277306 2.49576 80 2 25 10 42284 0 
-151.113 27.8189 -0.140717 0.277306 2.49576 80 2 25 10 42285 0 
-151.104 27.8189 -0.140721 0.277306 2.49576 80 2 25 10 42286 0 
-151.095 27.8189 -0.140726 0.277306 2.49576 80 2 25 10 42287 0 
-151.086 27.8188 -0.14073 0.277306 2.49576 80 2 25 10 42288 0 
-151.077 27.8188 -0.140735 0.277306 2.49576 80 2 25 10 42289 0 
-151.067 27.8188 -0.14074 0.277306 2.49576 80 2 25 10 42290 0 
-151.058 27.8188 -0.140744 0.277306 2.49576 80 2 25 10 42291 0 
-151.049 27.8188 -0.140749 0.277306 2.49576 80 2 25 10 42292 0 
-151.04 27.8187 -0.140753 0.277306 2.49576 80 2 25 10 42293 0 
-151.03 27.8187 -0.140758 0.277306 2.49576 80 2 25 10 42294 0 
-151.021 27.8187 -0.140762 0.277306 2.49576 80 2 25 10 42295 0 
-151.012 27.8187 -0.140767 0.277306 2.49576 80 2 25 10 42296 0 
-151.003 27.8186 -0.140771 0.277306 2.49576 80 2 25 10 42297 0 
-150.993 27.8186 -0.140776 0.277306 2.49576 80 2 25 10 42298 0 
-150.984 27.8186 -0.14078 0.277306 2.49576 80 2 25 10 42299 0 
-150.975 27.8186 -0.140785 0.277306 2.49576 80 2 25 10 42300 0 
-150.966 27.8185 -0.140789 0.277306 2.49576 80 2 25 10 42301 0 
-150.956 27.8185 -0.140794 0.277306 2.49576 80 2 25 10 42302 0 
-150.947 27.8185 -0.140798 0.277306 2.49576 80 2 25 10 42303 0 
-150.938 27.8185 -0.140803 0.277306 2.49576 80 2 25 10 42304 0 
-150.929 27.8185 -0.140807 0.277306 2.49576 80 2 25 10 42305 0 
-150.919 27.8184 -0.140812 0.277306 2.49576 80 2 25 10 42306 0 
-150.91 27.8184 -0.140817 0.277306 2.49576 80 2 25 10 42307 0 
-150.901 27.8184 -0.140821 0.277306 2.49576 80 2 25 10 42308 0 
-150.892 27.8184 -0.140826 0.277306 2.49576 80 2 25 10 42309 0 
-150.882 27.8183 -0.14083 0.277306 2.49576 80 2 25 10 42310 0 
-150.873 27.8183 -0.140835 0.277306 2.49576 80 2 25 10 42311 0 
-150.864 27.8183 -0.140839 0.277306 2.49576 80 2 25 10 42312 0 
-150.855 27.8183 -0.140844 0.277306 2.49576 80 2 25 10 42313 0 
-150.845 27.8183 -0.140848 0.277306 2.49576 80 2 25 10 42314 0 
-150.836 27.8182 -0.140853 0.277306 2.49576 80 2 25 10 42315 0 
-150.827 27.8182 -0.140857 0.277306 2.49576 80 2 25 10 42316 0 
-150.818 27.8182 -0.140862 0.277306 2.49576 80 2 25 10 42317 0 
-150.808 27.8182 -0.140866 0.277306 2.49576 80 2 25 10 42318 0 
-150.799 27.8181 -0.140871 0.277306 2.49576 80 2 25 10 42319 0 
-150.79 27.8181 -0.140875 0.277306 2.49576 80 2 25 10 42320 0 
-150.781 27.8181 -0.14088 0.277306 2.49576 80 2 25 10 42321 0 
-150.771 27.8181 -0.140884 0.277306 2.49576 80 2 25 10 42322 0 
-150.762 27.818 -0.140889 0.277306 2.49576 80 2 25 10 42323 0 
-150.753 27.818 -0.140894 0.277306 2.49576 80 2 25 10 42324 0 
-150.744 27.818 -0.140898 0.277306 2.49576 80 2 25 10 42325 0 
-150.734 27.818 -0.140903 0.277306 2.49576 80 2 25 10 42326 0 
-150.725 27.818 -0.140907 0.277306 2.49576 80 2 25 10 42327 0 
-150.716 27.8179 -0.140912 0.277306 2.49576 80 2 25 10 42328 0 
-150.707 27.8179 -0.140916 0.277306 2.49576 80 2 25 10 42329 0 
-150.697 27.8179 -0.140921 0.277306 2.49576 80 2 25 10 42330 0 
-150.688 27.8179 -0.140925 0.277306 2.49576 80 2 25 10 42331 0 
-150.679 27.8178 -0.14093 0.277306 2.49576 80 2 25 10 42332 0 
-150.67 27.8178 -0.140934 0.277306 2.49576 80 2 25 10 42333 0 
-150.66 27.8178 -0.140939 0.277306 2.49576 80 2 25 10 42334 0 
-150.651 27.8178 -0.140944 0.277306 2.49576 80 2 25 10 42335 0 
-150.642 27.8177 -0.140948 0.277306 2.49576 80 2 25 10 42336 0 
-150.633 27.8177 -0.140953 0.277306 2.49576 80 2 25 10 42337 0 
-150.623 27.8177 -0.140957 0.277306 2.49576 80 2 25 10 42338 0 
-150.614 27.8177 -0.140962 0.277306 2.49576 80 2 25 10 42339 0 
-150.605 27.8177 -0.140966 0.277306 2.49576 80 2 25 10 42340 0 
-150.596 27.8176 -0.140971 0.277306 2.49576 80 2 25 10 42341 0 
-150.586 27.8176 -0.140975 0.277306 2.49576 80 2 25 10 42342 0 
-150.577 27.8176 -0.14098 0.277306 2.49576 80 2 25 10 42343 0 
-150.568 27.8176 -0.140984 0.277306 2.49576 80 2 25 10 42344 0 
-150.559 27.8175 -0.140989 0.277306 2.49576 80 2 25 10 42345 0 
-150.549 27.8175 -0.140994 0.277306 2.49576 80 2 25 10 42346 0 
-150.54 27.8175 -0.140998 0.277306 2.49576 80 2 25 10 42347 0 
-150.531 27.8175 -0.141003 0.277306 2.49576 80 2 25 10 42348 0 
-150.522 27.8174 -0.141007 0.277306 2.49576 80 2 25 10 42349 0 
-150.512 27.8174 -0.141012 0.277306 2.49576 80 2 25 10 42350 0 
-150.503 27.8174 -0.141016 0.277306 2.49576 80 2 25 10 42351 0 
-150.494 27.8174 -0.141021 0.277306 2.49576 80 2 25 10 42352 0 
-150.485 27.8174 -0.141025 0.277306 2.49576 80 2 25 10 42353 0 
-150.475 27.8173 -0.14103 0.277306 2.49576 80 2 25 10 42354 0 
-150.466 27.8173 -0.141034 0.277306 2.49576 80 2 25 10 42355 0 
-150.457 27.8173 -0.141039 0.277306 2.49576 80 2 25 10 42356 0 
-150.448 27.8173 -0.141044 0.277306 2.49576 80 2 25 10 42357 0 
-150.438 27.8172 -0.141048 0.277306 2.49576 80 2 25 10 42358 0 
-150.429 27.8172 -0.141053 0.277306 2.49576 80 2 25 10 42359 0 
-150.42 27.8172 -0.141057 0.277306 2.49576 80 2 25 10 42360 0 
-150.411 27.8172 -0.141062 0.277306 2.49576 80 2 25 10 42361 0 
-150.401 27.8172 -0.141066 0.277306 2.49576 80 2 25 10 42362 0 
-150.392 27.8171 -0.141071 0.277306 2.49576 80 2 25 10 42363 0 
-150.383 27.8171 -0.141075 0.277306 2.49576 80 2 25 10 42364 0 
-150.374 27.8171 -0.14108 0.277306 2.49576 80 2 25 10 42365 0 
-150.365 27.8171 -0.141084 0.277306 2.49576 80 2 25 10 42366 0 
-150.355 27.817 -0.141089 0.277306 2.49576 80 2 25 10 42367 0 
-150.346 27.817 -0.141094 0.277306 2.49576 80 2 25 10 42368 0 
-150.337 27.817 -0.141098 0.277306 2.49576 80 2 25 10 42369 0 
-150.328 27.817 -0.141103 0.277306 2.49576 80 2 25 10 42370 0 
-150.318 27.8169 -0.141107 0.277306 2.49576 80 2 25 10 42371 0 
-150.309 27.8169 -0.141112 0.277306 2.49576 80 2 25 10 42372 0 
-150.3 27.8169 -0.141116 0.277306 2.49576 80 2 25 10 42373 0 
-150.291 27.8169 -0.141121 0.277306 2.49576 80 2 25 10 42374 0 
-150.281 27.8169 -0.141126 0.277306 2.49576 80 2 25 10 42375 0 
-150.272 27.8168 -0.14113 0.277306 2.49576 80 2 25 10 42376 0 
-150.263 27.8168 -0.141135 0.277306 2.49576 80 2 25 10 42377 0 
-150.254 27.8168 -0.141139 0.277306 2.49576 80 2 25 10 42378 0 
-150.244 27.8168 -0.141144 0.277306 2.49576 80 2 25 10 42379 0 
-150.235 27.8167 -0.141148 0.277306 2.49576 80 2 25 10 42380 0 
-150.226 27.8167 -0.141153 0.277306 2.49576 80 2 25 10 42381 0 
-150.217 27.8167 -0.141157 0.277306 2.49576 80 2 25 10 42382 0 
-150.207 27.8167 -0.141162 0.277306 2.49576 80 2 25 10 42383 0 
-150.198 27.8166 -0.141167 0.277306 2.49576 80 2 25 10 42384 0 
-150.189 27.8166 -0.141171 0.277306 2.49576 80 2 25 10 42385 0 
-150.18 27.8166 -0.141176 0.277306 2.49576 80 2 25 10 42386 0 
-150.17 27.8166 -0.14118 0.277306 2.49576 80 2 25 10 42387 0 
-150.161 27.8166 -0.141185 0.277306 2.49576 80 2 25 10 42388 0 
-150.152 27.8165 -0.141189 0.277306 2.49576 80 2 25 10 42389 0 
-150.143 27.8165 -0.141194 0.277306 2.49576 80 2 25 10 42390 0 
-150.133 27.8165 -0.141198 0.277306 2.49576 80 2 25 10 42391 0 
-150.124 27.8165 -0.141203 0.277306 2.49576 80 2 25 10 42392 0 
-150.115 27.8164 -0.141208 0.277306 2.49576 80 2 25 10 42393 0 
-150.106 27.8164 -0.141212 0.277306 2.49576 80 2 25 10 42394 0 
-150.096 27.8164 -0.141217 0.277306 2.49576 80 2 25 10 42395 0 
-150.087 27.8164 -0.141221 0.277306 2.49576 80 2 25 10 42396 0 
-150.078 27.8164 -0.141226 0.277306 2.49576 80 2 25 10 42397 0 
-150.069 27.8163 -0.14123 0.277306 2.49576 80 2 25 10 42398 0 
-150.059 27.8163 -0.141235 0.277306 2.49576 80 2 25 10 42399 0 
-150.05 27.8163 -0.141239 0.277306 2.49576 80 2 25 10 42400 0 
-150.041 27.8163 -0.141244 0.277306 2.49576 80 2 25 10 42401 0 
-150.032 27.8162 -0.141249 0.277306 2.49576 80 2 25 10 42402 0 
-150.022 27.8162 -0.141253 0.277306 2.49576 80 2 25 10 42403 0 
-150.013 27.8162 -0.141258 0.277306 2.49576 80 2 25 10 42404 0 
-150.004 27.8162 -0.141262 0.277306 2.49576 80 2 25 10 42405 0 
-149.995 27.8161 -0.141267 0.277306 2.49576 80 2 25 10 42406 0 
-149.985 27.8161 -0.141271 0.277306 2.49576 80 2 25 10 42407 0 
-149.976 27.8161 -0.141276 0.277306 2.49576 80 2 25 10 42408 0 
-149.967 27.8161 -0.141281 0.277306 2.49576 80 2 25 10 42409 0 
-149.958 27.8161 -0.141285 0.277306 2.49576 80 2 25 10 42410 0 
-149.948 27.816 -0.14129 0.277306 2.49576 80 2 25 10 42411 0 
-149.939 27.816 -0.141294 0.277306 2.49576 80 2 25 10 42412 0 
-149.93 27.816 -0.141299 0.277306 2.49576 80 2 25 10 42413 0 
-149.921 27.816 -0.141303 0.277306 2.49576 80 2 25 10 42414 0 
-149.911 27.8159 -0.141308 0.277306 2.49576 80 2 25 10 42415 0 
-149.902 27.8159 -0.141313 0.277306 2.49576 80 2 25 10 42416 0 
-149.893 27.8159 -0.141317 0.277306 2.49576 80 2 25 10 42417 0 
-149.884 27.8159 -0.141322 0.277306 2.49576 80 2 25 10 42418 0 
-149.874 27.8158 -0.141326 0.277306 2.49576 80 2 25 10 42419 0 
-149.865 27.8158 -0.141331 0.277306 2.49576 80 2 25 10 42420 0 
-149.856 27.8158 -0.141336 0.277306 2.49576 80 2 25 10 42421 0 
-149.847 27.8158 -0.14134 0.277306 2.49576 80 2 25 10 42422 0 
-149.837 27.8158 -0.141345 0.277306 2.49576 80 2 25 10 42423 0 
-149.828 27.8157 -0.141349 0.277306 2.49576 80 2 25 10 42424 0 
-149.819 27.8157 -0.141354 0.277306 2.49576 80 2 25 10 42425 0 
-149.81 27.8157 -0.141358 0.277306 2.49576 80 2 25 10 42426 0 
-149.8 27.8157 -0.141363 0.277306 2.49576 80 2 25 10 42427 0 
-149.791 27.8156 -0.141368 0.277306 2.49576 80 2 25 10 42428 0 
-149.782 27.8156 -0.141372 0.277306 2.49576 80 2 25 10 42429 0 
-149.773 27.8156 -0.141377 0.277306 2.49576 80 2 25 10 42430 0 
-149.763 27.8156 -0.141381 0.277306 2.49576 80 2 25 10 42431 0 
-149.754 27.8155 -0.141386 0.277306 2.49576 80 2 25 10 42432 0 
-149.745 27.8155 -0.14139 0.277306 2.49576 80 2 25 10 42433 0 
-149.736 27.8155 -0.141395 0.277306 2.49576 80 2 25 10 42434 0 
-149.726 27.8155 -0.1414 0.277306 2.49576 80 2 25 10 42435 0 
-149.717 27.8155 -0.141404 0.277306 2.49576 80 2 25 10 42436 0 
-149.708 27.8154 -0.141409 0.277306 2.49576 80 2 25 10 42437 0 
-149.699 27.8154 -0.141413 0.277306 2.49576 80 2 25 10 42438 0 
-149.689 27.8154 -0.141418 0.277306 2.49576 80 2 25 10 42439 0 
-149.68 27.8154 -0.141422 0.277306 2.49576 80 2 25 10 42440 0 
-149.671 27.8153 -0.141427 0.277306 2.49576 80 2 25 10 42441 0 
-149.662 27.8153 -0.141432 0.277306 2.49576 80 2 25 10 42442 0 
-149.652 27.8153 -0.141436 0.277306 2.49576 80 2 25 10 42443 0 
-149.643 27.8153 -0.141441 0.277306 2.49576 80 2 25 10 42444 0 
-149.634 27.8153 -0.141445 0.277306 2.49576 80 2 25 10 42445 0 
-149.625 27.8152 -0.14145 0.277306 2.49576 80 2 25 10 42446 0 
-149.616 27.8152 -0.141454 0.277306 2.49576 80 2 25 10 42447 0 
-149.606 27.8152 -0.141459 0.277306 2.49576 80 2 25 10 42448 0 
-149.597 27.8152 -0.141464 0.277306 2.49576 80 2 25 10 42449 0 
-149.588 27.8151 -0.141468 0.277306 2.49576 80 2 25 10 42450 0 
-149.579 27.8151 -0.141473 0.277306 2.49576 80 2 25 10 42451 0 
-149.569 27.8151 -0.141477 0.277306 2.49576 80 2 25 10 42452 0 
-149.56 27.8151 -0.141482 0.277306 2.49576 80 2 25 10 42453 0 
-149.551 27.815 -0.141487 0.277306 2.49576 80 2 25 10 42454 0 
-149.542 27.815 -0.141491 0.277306 2.49576 80 2 25 10 42455 0 
-149.532 27.815 -0.141496 0.277306 2.49576 80 2 25 10 42456 0 
-149.523 27.815 -0.1415 0.277306 2.49576 80 2 25 10 42457 0 
-149.514 27.815 -0.141505 0.277306 2.49576 80 2 25 10 42458 0 
-149.505 27.8149 -0.14151 0.277306 2.49576 80 2 25 10 42459 0 
-149.495 27.8149 -0.141514 0.277306 2.49576 80 2 25 10 42460 0 
-149.486 27.8149 -0.141519 0.277306 2.49576 80 2 25 10 42461 0 
-149.477 27.8149 -0.141523 0.277306 2.49576 80 2 25 10 42462 0 
-149.468 27.8148 -0.141528 0.277306 2.49576 80 2 25 10 42463 0 
-149.458 27.8148 -0.141533 0.277306 2.49576 80 2 25 10 42464 0 
-149.449 27.8148 -0.141537 0.277306 2.49576 80 2 25 10 42465 0 
-149.44 27.8148 -0.141542 0.277306 2.49576 80 2 25 10 42466 0 
-149.431 27.8147 -0.141546 0.277306 2.49576 80 2 25 10 42467 0 
-149.421 27.8147 -0.141551 0.277306 2.49576 80 2 25 10 42468 0 
-149.412 27.8147 -0.141555 0.277306 2.49576 80 2 25 10 42469 0 
-149.403 27.8147 -0.14156 0.277306 2.49576 80 2 25 10 42470 0 
-149.394 27.8147 -0.141565 0.277306 2.49576 80 2 25 10 42471 0 
-149.384 27.8146 -0.141569 0.277306 2.49576 80 2 25 10 42472 0 
-149.375 27.8146 -0.141574 0.277306 2.49576 80 2 25 10 42473 0 
-149.366 27.8146 -0.141578 0.277306 2.49576 80 2 25 10 42474 0 
-149.357 27.8146 -0.141583 0.277306 2.49576 80 2 25 10 42475 0 
-149.347 27.8145 -0.141588 0.277306 2.49576 80 2 25 10 42476 0 
-149.338 27.8145 -0.141592 0.277306 2.49576 80 2 25 10 42477 0 
-149.329 27.8145 -0.141597 0.277306 2.49576 80 2 25 10 42478 0 
-149.32 27.8145 -0.141601 0.277306 2.49576 80 2 25 10 42479 0 
-149.31 27.8145 -0.141606 0.277306 2.49576 80 2 25 10 42480 0 
-149.301 27.8144 -0.141611 0.277306 2.49576 80 2 25 10 42481 0 
-149.292 27.8144 -0.141615 0.277306 2.49576 80 2 25 10 42482 0 
-149.283 27.8144 -0.14162 0.277306 2.49576 80 2 25 10 42483 0 
-149.273 27.8144 -0.141624 0.277306 2.49576 80 2 25 10 42484 0 
-149.264 27.8143 -0.141629 0.277306 2.49576 80 2 25 10 42485 0 
-149.255 27.8143 -0.141634 0.277306 2.49576 80 2 25 10 42486 0 
-149.246 27.8143 -0.141638 0.277306 2.49576 80 2 25 10 42487 0 
-149.236 27.8143 -0.141643 0.277306 2.49576 80 2 25 10 42488 0 
-149.227 27.8142 -0.141647 0.277306 2.49576 80 2 25 10 42489 0 
-149.218 27.8142 -0.141652 0.277306 2.49576 80 2 25 10 42490 0 
-149.209 27.8142 -0.141657 0.277306 2.49576 80 2 25 10 42491 0 
-149.199 27.8142 -0.141661 0.277306 2.49576 80 2 25 10 42492 0 
-149.19 27.8142 -0.141666 0.277306 2.49576 80 2 25 10 42493 0 
-149.181 27.8141 -0.14167 0.277306 2.49576 80 2 25 10 42494 0 
-149.172 27.8141 -0.141675 0.277306 2.49576 80 2 25 10 42495 0 
-149.162 27.8141 -0.14168 0.277306 2.49576 80 2 25 10 42496 0 
-149.153 27.8141 -0.141684 0.277306 2.49576 80 2 25 10 42497 0 
-149.144 27.814 -0.141689 0.277306 2.49576 80 2 25 10 42498 0 
-149.135 27.814 -0.141693 0.277306 2.49576 80 2 25 10 42499 0 
-149.125 27.814 -0.141698 0.277306 2.49576 80 2 25 10 42500 0 
-149.116 27.814 -0.141703 0.277306 2.49576 80 2 25 10 42501 0 
-149.107 27.8139 -0.141707 0.277306 2.49576 80 2 25 10 42502 0 
-149.098 27.8139 -0.141712 0.277306 2.49576 80 2 25 10 42503 0 
-149.088 27.8139 -0.141716 0.277306 2.49576 80 2 25 10 42504 0 
-149.079 27.8139 -0.141721 0.277306 2.49576 80 2 25 10 42505 0 
-149.07 27.8139 -0.141726 0.277306 2.49576 80 2 25 10 42506 0 
-149.061 27.8138 -0.14173 0.277306 2.49576 80 2 25 10 42507 0 
-149.051 27.8138 -0.141735 0.277306 2.49576 80 2 25 10 42508 0 
-149.042 27.8138 -0.141739 0.277306 2.49576 80 2 25 10 42509 0 
-149.033 27.8138 -0.141744 0.277306 2.49576 80 2 25 10 42510 0 
-149.024 27.8137 -0.141749 0.277306 2.49576 80 2 25 10 42511 0 
-149.014 27.8137 -0.141753 0.277306 2.49576 80 2 25 10 42512 0 
-149.005 27.8137 -0.141758 0.277306 2.49576 80 2 25 10 42513 0 
-148.996 27.8137 -0.141762 0.277306 2.49576 80 2 25 10 42514 0 
-148.987 27.8137 -0.141767 0.277306 2.49576 80 2 25 10 42515 0 
-148.977 27.8136 -0.141772 0.277306 2.49576 80 2 25 10 42516 0 
-148.968 27.8136 -0.141776 0.277306 2.49576 80 2 25 10 42517 0 
-148.959 27.8136 -0.141781 0.277306 2.49576 80 2 25 10 42518 0 
-148.95 27.8136 -0.141785 0.277306 2.49576 80 2 25 10 42519 0 
-148.94 27.8135 -0.14179 0.277306 2.49576 80 2 25 10 42520 0 
-148.931 27.8135 -0.141795 0.277306 2.49576 80 2 25 10 42521 0 
-148.922 27.8135 -0.141799 0.277306 2.49576 80 2 25 10 42522 0 
-148.913 27.8135 -0.141804 0.277306 2.49576 80 2 25 10 42523 0 
-148.904 27.8134 -0.141808 0.277306 2.49576 80 2 25 10 42524 0 
-148.894 27.8134 -0.141813 0.277306 2.49576 80 2 25 10 42525 0 
-148.885 27.8134 -0.141818 0.277306 2.49576 80 2 25 10 42526 0 
-148.876 27.8134 -0.141822 0.277306 2.49576 80 2 25 10 42527 0 
-148.867 27.8134 -0.141827 0.277306 2.49576 80 2 25 10 42528 0 
-148.857 27.8133 -0.141832 0.277306 2.49576 80 2 25 10 42529 0 
-148.848 27.8133 -0.141836 0.277306 2.49576 80 2 25 10 42530 0 
-148.839 27.8133 -0.141841 0.277306 2.49576 80 2 25 10 42531 0 
-148.83 27.8133 -0.141845 0.277306 2.49576 80 2 25 10 42532 0 
-148.82 27.8132 -0.14185 0.277306 2.49576 80 2 25 10 42533 0 
-148.811 27.8132 -0.141855 0.277306 2.49576 80 2 25 10 42534 0 
-148.802 27.8132 -0.141859 0.277306 2.49576 80 2 25 10 42535 0 
-148.793 27.8132 -0.141864 0.277306 2.49576 80 2 25 10 42536 0 
-148.783 27.8131 -0.141869 0.277306 2.49576 80 2 25 10 42537 0 
-148.774 27.8131 -0.141873 0.277306 2.49576 80 2 25 10 42538 0 
-148.765 27.8131 -0.141878 0.277306 2.49576 80 2 25 10 42539 0 
-148.756 27.8131 -0.141882 0.277306 2.49576 80 2 25 10 42540 0 
-148.746 27.8131 -0.141887 0.277306 2.49576 80 2 25 10 42541 0 
-148.737 27.813 -0.141892 0.277306 2.49576 80 2 25 10 42542 0 
-148.728 27.813 -0.141896 0.277306 2.49576 80 2 25 10 42543 0 
-148.719 27.813 -0.141901 0.277306 2.49576 80 2 25 10 42544 0 
-148.709 27.813 -0.141905 0.277306 2.49576 80 2 25 10 42545 0 
-148.7 27.8129 -0.14191 0.277306 2.49576 80 2 25 10 42546 0 
-148.691 27.8129 -0.141915 0.277306 2.49576 80 2 25 10 42547 0 
-148.682 27.8129 -0.141919 0.277306 2.49576 80 2 25 10 42548 0 
-148.672 27.8129 -0.141924 0.277306 2.49576 80 2 25 10 42549 0 
-148.663 27.8128 -0.141929 0.277306 2.49576 80 2 25 10 42550 0 
-148.654 27.8128 -0.141933 0.277306 2.49576 80 2 25 10 42551 0 
-148.645 27.8128 -0.141938 0.277306 2.49576 80 2 25 10 42552 0 
-148.635 27.8128 -0.141942 0.277306 2.49576 80 2 25 10 42553 0 
-148.626 27.8128 -0.141947 0.277306 2.49576 80 2 25 10 42554 0 
-148.617 27.8127 -0.141952 0.277306 2.49576 80 2 25 10 42555 0 
-148.608 27.8127 -0.141956 0.277306 2.49576 80 2 25 10 42556 0 
-148.598 27.8127 -0.141961 0.277306 2.49576 80 2 25 10 42557 0 
-148.589 27.8127 -0.141966 0.277306 2.49576 80 2 25 10 42558 0 
-148.58 27.8126 -0.14197 0.277306 2.49576 80 2 25 10 42559 0 
-148.571 27.8126 -0.141975 0.277306 2.49576 80 2 25 10 42560 0 
-148.561 27.8126 -0.141979 0.277306 2.49576 80 2 25 10 42561 0 
-148.552 27.8126 -0.141984 0.277306 2.49576 80 2 25 10 42562 0 
-148.543 27.8126 -0.141989 0.277306 2.49576 80 2 25 10 42563 0 
-148.534 27.8125 -0.141993 0.277306 2.49576 80 2 25 10 42564 0 
-148.524 27.8125 -0.141998 0.277306 2.49576 80 2 25 10 42565 0 
-148.515 27.8125 -0.142003 0.277306 2.49576 80 2 25 10 42566 0 
-148.506 27.8125 -0.142007 0.277306 2.49576 80 2 25 10 42567 0 
-148.497 27.8124 -0.142012 0.277306 2.49576 80 2 25 10 42568 0 
-148.487 27.8124 -0.142016 0.277306 2.49576 80 2 25 10 42569 0 
-148.478 27.8124 -0.142021 0.277306 2.49576 80 2 25 10 42570 0 
-148.469 27.8124 -0.142026 0.277306 2.49576 80 2 25 10 42571 0 
-148.46 27.8123 -0.14203 0.277306 2.49576 80 2 25 10 42572 0 
-148.45 27.8123 -0.142035 0.277306 2.49576 80 2 25 10 42573 0 
-148.441 27.8123 -0.14204 0.277306 2.49576 80 2 25 10 42574 0 
-148.432 27.8123 -0.142044 0.277306 2.49576 80 2 25 10 42575 0 
-148.423 27.8123 -0.142049 0.277306 2.49576 80 2 25 10 42576 0 
-148.413 27.8122 -0.142053 0.277306 2.49576 80 2 25 10 42577 0 
-148.404 27.8122 -0.142058 0.277306 2.49576 80 2 25 10 42578 0 
-148.395 27.8122 -0.142063 0.277306 2.49576 80 2 25 10 42579 0 
-148.386 27.8122 -0.142067 0.277306 2.49576 80 2 25 10 42580 0 
-148.376 27.8121 -0.142072 0.277306 2.49576 80 2 25 10 42581 0 
-148.367 27.8121 -0.142077 0.277306 2.49576 80 2 25 10 42582 0 
-148.358 27.8121 -0.142081 0.277306 2.49576 80 2 25 10 42583 0 
-148.349 27.8121 -0.142086 0.277306 2.49576 80 2 25 10 42584 0 
-148.339 27.812 -0.142091 0.277306 2.49576 80 2 25 10 42585 0 
-148.33 27.812 -0.142095 0.277306 2.49576 80 2 25 10 42586 0 
-148.321 27.812 -0.1421 0.277306 2.49576 80 2 25 10 42587 0 
-148.312 27.812 -0.142104 0.277306 2.49576 80 2 25 10 42588 0 
-148.302 27.812 -0.142109 0.277306 2.49576 80 2 25 10 42589 0 
-148.293 27.8119 -0.142114 0.277306 2.49576 80 2 25 10 42590 0 
-148.284 27.8119 -0.142118 0.277306 2.49576 80 2 25 10 42591 0 
-148.275 27.8119 -0.142123 0.277306 2.49576 80 2 25 10 42592 0 
-148.265 27.8119 -0.142128 0.277306 2.49576 80 2 25 10 42593 0 
-148.256 27.8118 -0.142132 0.277306 2.49576 80 2 25 10 42594 0 
-148.247 27.8118 -0.142137 0.277306 2.49576 80 2 25 10 42595 0 
-148.238 27.8118 -0.142142 0.277306 2.49576 80 2 25 10 42596 0 
-148.228 27.8118 -0.142146 0.277306 2.49576 80 2 25 10 42597 0 
-148.219 27.8118 -0.142151 0.277306 2.49576 80 2 25 10 42598 0 
-148.21 27.8117 -0.142155 0.277306 2.49576 80 2 25 10 42599 0 
-148.201 27.8117 -0.14216 0.277306 2.49576 80 2 25 10 42600 0 
-148.191 27.8117 -0.142165 0.277306 2.49576 80 2 25 10 42601 0 
-148.182 27.8117 -0.142169 0.277306 2.49576 80 2 25 10 42602 0 
-148.173 27.8116 -0.142174 0.277306 2.49576 80 2 25 10 42603 0 
-148.164 27.8116 -0.142179 0.277306 2.49576 80 2 25 10 42604 0 
-148.155 27.8116 -0.142183 0.277306 2.49576 80 2 25 10 42605 0 
-148.145 27.8116 -0.142188 0.277306 2.49576 80 2 25 10 42606 0 
-148.136 27.8115 -0.142193 0.277306 2.49576 80 2 25 10 42607 0 
-148.127 27.8115 -0.142197 0.277306 2.49576 80 2 25 10 42608 0 
-148.118 27.8115 -0.142202 0.277306 2.49576 80 2 25 10 42609 0 
-148.108 27.8115 -0.142207 0.277306 2.49576 80 2 25 10 42610 0 
-148.099 27.8115 -0.142211 0.277306 2.49576 80 2 25 10 42611 0 
-148.09 27.8114 -0.142216 0.277306 2.49576 80 2 25 10 42612 0 
-148.081 27.8114 -0.14222 0.277306 2.49576 80 2 25 10 42613 0 
-148.071 27.8114 -0.142225 0.277306 2.49576 80 2 25 10 42614 0 
-148.062 27.8114 -0.14223 0.277306 2.49576 80 2 25 10 42615 0 
-148.053 27.8113 -0.142234 0.277306 2.49576 80 2 25 10 42616 0 
-148.044 27.8113 -0.142239 0.277306 2.49576 80 2 25 10 42617 0 
-148.034 27.8113 -0.142244 0.277306 2.49576 80 2 25 10 42618 0 
-148.025 27.8113 -0.142248 0.277306 2.49576 80 2 25 10 42619 0 
-148.016 27.8112 -0.142253 0.277306 2.49576 80 2 25 10 42620 0 
-148.007 27.8112 -0.142258 0.277306 2.49576 80 2 25 10 42621 0 
-147.997 27.8112 -0.142262 0.277306 2.49576 80 2 25 10 42622 0 
-147.988 27.8112 -0.142267 0.277306 2.49576 80 2 25 10 42623 0 
-147.979 27.8112 -0.142272 0.277306 2.49576 80 2 25 10 42624 0 
-147.97 27.8111 -0.142276 0.277306 2.49576 80 2 25 10 42625 0 
-147.96 27.8111 -0.142281 0.277306 2.49576 80 2 25 10 42626 0 
-147.951 27.8111 -0.142286 0.277306 2.49576 80 2 25 10 42627 0 
-147.942 27.8111 -0.14229 0.277306 2.49576 80 2 25 10 42628 0 
-147.933 27.811 -0.142295 0.277306 2.49576 80 2 25 10 42629 0 
-147.923 27.811 -0.1423 0.277306 2.49576 80 2 25 10 42630 0 
-147.914 27.811 -0.142304 0.277306 2.49576 80 2 25 10 42631 0 
-147.905 27.811 -0.142309 0.277306 2.49576 80 2 25 10 42632 0 
-147.896 27.8109 -0.142313 0.277306 2.49576 80 2 25 10 42633 0 
-147.886 27.8109 -0.142318 0.277306 2.49576 80 2 25 10 42634 0 
-147.877 27.8109 -0.142323 0.277306 2.49576 80 2 25 10 42635 0 
-147.868 27.8109 -0.142327 0.277306 2.49576 80 2 25 10 42636 0 
-147.859 27.8109 -0.142332 0.277306 2.49576 80 2 25 10 42637 0 
-147.849 27.8108 -0.142337 0.277306 2.49576 80 2 25 10 42638 0 
-147.84 27.8108 -0.142341 0.277306 2.49576 80 2 25 10 42639 0 
-147.831 27.8108 -0.142346 0.277306 2.49576 80 2 25 10 42640 0 
-147.822 27.8108 -0.142351 0.277306 2.49576 80 2 25 10 42641 0 
-147.812 27.8107 -0.142355 0.277306 2.49576 80 2 25 10 42642 0 
-147.803 27.8107 -0.14236 0.277306 2.49576 80 2 25 10 42643 0 
-147.794 27.8107 -0.142365 0.277306 2.49576 80 2 25 10 42644 0 
-147.785 27.8107 -0.142369 0.277306 2.49576 80 2 25 10 42645 0 
-147.775 27.8107 -0.142374 0.277306 2.49576 80 2 25 10 42646 0 
-147.766 27.8106 -0.142379 0.277306 2.49576 80 2 25 10 42647 0 
-147.757 27.8106 -0.142383 0.277306 2.49576 80 2 25 10 42648 0 
-147.748 27.8106 -0.142388 0.277306 2.49576 80 2 25 10 42649 0 
-147.738 27.8106 -0.142393 0.277306 2.49576 80 2 25 10 42650 0 
-147.729 27.8105 -0.142397 0.277306 2.49576 80 2 25 10 42651 0 
-147.72 27.8105 -0.142402 0.277306 2.49576 80 2 25 10 42652 0 
-147.711 27.8105 -0.142407 0.277306 2.49576 80 2 25 10 42653 0 
-147.701 27.8105 -0.142411 0.277306 2.49576 80 2 25 10 42654 0 
-147.692 27.8104 -0.142416 0.277306 2.49576 80 2 25 10 42655 0 
-147.683 27.8104 -0.142421 0.277306 2.49576 80 2 25 10 42656 0 
-147.674 27.8104 -0.142425 0.277306 2.49576 80 2 25 10 42657 0 
-147.664 27.8104 -0.14243 0.277306 2.49576 80 2 25 10 42658 0 
-147.655 27.8104 -0.142435 0.277306 2.49576 80 2 25 10 42659 0 
-147.646 27.8103 -0.142439 0.277306 2.49576 80 2 25 10 42660 0 
-147.637 27.8103 -0.142444 0.277306 2.49576 80 2 25 10 42661 0 
-147.627 27.8103 -0.142449 0.277306 2.49576 80 2 25 10 42662 0 
-147.618 27.8103 -0.142453 0.277306 2.49576 80 2 25 10 42663 0 
-147.609 27.8102 -0.142458 0.277306 2.49576 80 2 25 10 42664 0 
-147.6 27.8102 -0.142463 0.277306 2.49576 80 2 25 10 42665 0 
-147.59 27.8102 -0.142467 0.277306 2.49576 80 2 25 10 42666 0 
-147.581 27.8102 -0.142472 0.277306 2.49576 80 2 25 10 42667 0 
-147.572 27.8101 -0.142477 0.277306 2.49576 80 2 25 10 42668 0 
-147.563 27.8101 -0.142481 0.277306 2.49576 80 2 25 10 42669 0 
-147.553 27.8101 -0.142486 0.277306 2.49576 80 2 25 10 42670 0 
-147.544 27.8101 -0.142491 0.277306 2.49576 80 2 25 10 42671 0 
-147.535 27.8101 -0.142495 0.277306 2.49576 80 2 25 10 42672 0 
-147.526 27.81 -0.1425 0.277306 2.49576 80 2 25 10 42673 0 
-147.516 27.81 -0.142505 0.277306 2.49576 80 2 25 10 42674 0 
-147.507 27.81 -0.142509 0.277306 2.49576 80 2 25 10 42675 0 
-147.498 27.81 -0.142514 0.277306 2.49576 80 2 25 10 42676 0 
-147.489 27.8099 -0.142519 0.277306 2.49576 80 2 25 10 42677 0 
-147.479 27.8099 -0.142523 0.277306 2.49576 80 2 25 10 42678 0 
-147.47 27.8099 -0.142528 0.277306 2.49576 80 2 25 10 42679 0 
-147.461 27.8099 -0.142533 0.277306 2.49576 80 2 25 10 42680 0 
-147.452 27.8099 -0.142537 0.277306 2.49576 80 2 25 10 42681 0 
-147.443 27.8098 -0.142542 0.277306 2.49576 80 2 25 10 42682 0 
-147.433 27.8098 -0.142547 0.277306 2.49576 80 2 25 10 42683 0 
-147.424 27.8098 -0.142551 0.277306 2.49576 80 2 25 10 42684 0 
-147.415 27.8098 -0.142556 0.277306 2.49576 80 2 25 10 42685 0 
-147.406 27.8097 -0.142561 0.277306 2.49576 80 2 25 10 42686 0 
-147.396 27.8097 -0.142565 0.277306 2.49576 80 2 25 10 42687 0 
-147.387 27.8097 -0.14257 0.277306 2.49576 80 2 25 10 42688 0 
-147.378 27.8097 -0.142575 0.277306 2.49576 80 2 25 10 42689 0 
-147.369 27.8096 -0.142579 0.277306 2.49576 80 2 25 10 42690 0 
-147.359 27.8096 -0.142584 0.277306 2.49576 80 2 25 10 42691 0 
-147.35 27.8096 -0.142589 0.277306 2.49576 80 2 25 10 42692 0 
-147.341 27.8096 -0.142593 0.277306 2.49576 80 2 25 10 42693 0 
-147.332 27.8096 -0.142598 0.277306 2.49576 80 2 25 10 42694 0 
-147.322 27.8095 -0.142603 0.277306 2.49576 80 2 25 10 42695 0 
-147.313 27.8095 -0.142607 0.277306 2.49576 80 2 25 10 42696 0 
-147.304 27.8095 -0.142612 0.277306 2.49576 80 2 25 10 42697 0 
-147.295 27.8095 -0.142617 0.277306 2.49576 80 2 25 10 42698 0 
-147.285 27.8094 -0.142621 0.277306 2.49576 80 2 25 10 42699 0 
-147.276 27.8094 -0.142626 0.277306 2.49576 80 2 25 10 42700 0 
-147.267 27.8094 -0.142631 0.277306 2.49576 80 2 25 10 42701 0 
-147.258 27.8094 -0.142635 0.277306 2.49576 80 2 25 10 42702 0 
-147.248 27.8093 -0.14264 0.277306 2.49576 80 2 25 10 42703 0 
-147.239 27.8093 -0.142645 0.277306 2.49576 80 2 25 10 42704 0 
-147.23 27.8093 -0.142649 0.277306 2.49576 80 2 25 10 42705 0 
-147.221 27.8093 -0.142654 0.277306 2.49576 80 2 25 10 42706 0 
-147.211 27.8093 -0.142659 0.277306 2.49576 80 2 25 10 42707 0 
-147.202 27.8092 -0.142664 0.277306 2.49576 80 2 25 10 42708 0 
-147.193 27.8092 -0.142668 0.277306 2.49576 80 2 25 10 42709 0 
-147.184 27.8092 -0.142673 0.277306 2.49576 80 2 25 10 42710 0 
-147.174 27.8092 -0.142678 0.277306 2.49576 80 2 25 10 42711 0 
-147.165 27.8091 -0.142682 0.277306 2.49576 80 2 25 10 42712 0 
-147.156 27.8091 -0.142687 0.277306 2.49576 80 2 25 10 42713 0 
-147.147 27.8091 -0.142692 0.277306 2.49576 80 2 25 10 42714 0 
-147.137 27.8091 -0.142696 0.277306 2.49576 80 2 25 10 42715 0 
-147.128 27.809 -0.142701 0.277306 2.49576 80 2 25 10 42716 0 
-147.119 27.809 -0.142706 0.277306 2.49576 80 2 25 10 42717 0 
-147.11 27.809 -0.14271 0.277306 2.49576 80 2 25 10 42718 0 
-147.1 27.809 -0.142715 0.277306 2.49576 80 2 25 10 42719 0 
-147.091 27.809 -0.14272 0.277306 2.49576 80 2 25 10 42720 0 
-147.082 27.8089 -0.142724 0.277306 2.49576 80 2 25 10 42721 0 
-147.073 27.8089 -0.142729 0.277306 2.49576 80 2 25 10 42722 0 
-147.063 27.8089 -0.142734 0.277306 2.49576 80 2 25 10 42723 0 
-147.054 27.8089 -0.142738 0.277306 2.49576 80 2 25 10 42724 0 
-147.045 27.8088 -0.142743 0.277306 2.49576 80 2 25 10 42725 0 
-147.036 27.8088 -0.142748 0.277306 2.49576 80 2 25 10 42726 0 
-147.026 27.8088 -0.142753 0.277306 2.49576 80 2 25 10 42727 0 
-147.017 27.8088 -0.142757 0.277306 2.49576 80 2 25 10 42728 0 
-147.008 27.8088 -0.142762 0.277306 2.49576 80 2 25 10 42729 0 
-146.999 27.8087 -0.142767 0.277306 2.49576 80 2 25 10 42730 0 
-146.989 27.8087 -0.142771 0.277306 2.49576 80 2 25 10 42731 0 
-146.98 27.8087 -0.142776 0.277306 2.49576 80 2 25 10 42732 0 
-146.971 27.8087 -0.142781 0.277306 2.49576 80 2 25 10 42733 0 
-146.962 27.8086 -0.142785 0.277306 2.49576 80 2 25 10 42734 0 
-146.952 27.8086 -0.14279 0.277306 2.49576 80 2 25 10 42735 0 
-146.943 27.8086 -0.142795 0.277306 2.49576 80 2 25 10 42736 0 
-146.934 27.8086 -0.142799 0.277306 2.49576 80 2 25 10 42737 0 
-146.925 27.8085 -0.142804 0.277306 2.49576 80 2 25 10 42738 0 
-146.915 27.8085 -0.142809 0.277306 2.49576 80 2 25 10 42739 0 
-146.906 27.8085 -0.142814 0.277306 2.49576 80 2 25 10 42740 0 
-146.897 27.8085 -0.142818 0.277306 2.49576 80 2 25 10 42741 0 
-146.888 27.8085 -0.142823 0.277306 2.49576 80 2 25 10 42742 0 
-146.878 27.8084 -0.142828 0.277306 2.49576 80 2 25 10 42743 0 
-146.869 27.8084 -0.142832 0.277306 2.49576 80 2 25 10 42744 0 
-146.86 27.8084 -0.142837 0.277306 2.49576 80 2 25 10 42745 0 
-146.851 27.8084 -0.142842 0.277306 2.49576 80 2 25 10 42746 0 
-146.841 27.8083 -0.142846 0.277306 2.49576 80 2 25 10 42747 0 
-146.832 27.8083 -0.142851 0.277306 2.49576 80 2 25 10 42748 0 
-146.823 27.8083 -0.142856 0.277306 2.49576 80 2 25 10 42749 0 
-146.814 27.8083 -0.14286 0.277306 2.49576 80 2 25 10 42750 0 
-146.804 27.8082 -0.142865 0.277306 2.49576 80 2 25 10 42751 0 
-146.795 27.8082 -0.14287 0.277306 2.49576 80 2 25 10 42752 0 
-146.786 27.8082 -0.142875 0.277306 2.49576 80 2 25 10 42753 0 
-146.777 27.8082 -0.142879 0.277306 2.49576 80 2 25 10 42754 0 
-146.767 27.8082 -0.142884 0.277306 2.49576 80 2 25 10 42755 0 
-146.758 27.8081 -0.142889 0.277306 2.49576 80 2 25 10 42756 0 
-146.749 27.8081 -0.142893 0.277306 2.49576 80 2 25 10 42757 0 
-146.74 27.8081 -0.142898 0.277306 2.49576 80 2 25 10 42758 0 
-146.73 27.8081 -0.142903 0.277306 2.49576 80 2 25 10 42759 0 
-146.721 27.808 -0.142907 0.277306 2.49576 80 2 25 10 42760 0 
-146.712 27.808 -0.142912 0.277306 2.49576 80 2 25 10 42761 0 
-146.703 27.808 -0.142917 0.277306 2.49576 80 2 25 10 42762 0 
-146.694 27.808 -0.142922 0.277306 2.49576 80 2 25 10 42763 0 
-146.684 27.808 -0.142926 0.277306 2.49576 80 2 25 10 42764 0 
-146.675 27.8079 -0.142931 0.277306 2.49576 80 2 25 10 42765 0 
-146.666 27.8079 -0.142936 0.277306 2.49576 80 2 25 10 42766 0 
-146.657 27.8079 -0.14294 0.277306 2.49576 80 2 25 10 42767 0 
-146.647 27.8079 -0.142945 0.277306 2.49576 80 2 25 10 42768 0 
-146.638 27.8078 -0.14295 0.277306 2.49576 80 2 25 10 42769 0 
-146.629 27.8078 -0.142955 0.277306 2.49576 80 2 25 10 42770 0 
-146.62 27.8078 -0.142959 0.277306 2.49576 80 2 25 10 42771 0 
-146.61 27.8078 -0.142964 0.277306 2.49576 80 2 25 10 42772 0 
-146.601 27.8077 -0.142969 0.277306 2.49576 80 2 25 10 42773 0 
-146.592 27.8077 -0.142973 0.277306 2.49576 80 2 25 10 42774 0 
-146.583 27.8077 -0.142978 0.277306 2.49576 80 2 25 10 42775 0 
-146.573 27.8077 -0.142983 0.277306 2.49576 80 2 25 10 42776 0 
-146.564 27.8077 -0.142987 0.277306 2.49576 80 2 25 10 42777 0 
-146.555 27.8076 -0.142992 0.277306 2.49576 80 2 25 10 42778 0 
-146.546 27.8076 -0.142997 0.277306 2.49576 80 2 25 10 42779 0 
-146.536 27.8076 -0.143002 0.277306 2.49576 80 2 25 10 42780 0 
-146.527 27.8076 -0.143006 0.277306 2.49576 80 2 25 10 42781 0 
-146.518 27.8075 -0.143011 0.277306 2.49576 80 2 25 10 42782 0 
-146.509 27.8075 -0.143016 0.277306 2.49576 80 2 25 10 42783 0 
-146.499 27.8075 -0.14302 0.277306 2.49576 80 2 25 10 42784 0 
-146.49 27.8075 -0.143025 0.277306 2.49576 80 2 25 10 42785 0 
-146.481 27.8074 -0.14303 0.277306 2.49576 80 2 25 10 42786 0 
-146.472 27.8074 -0.143035 0.277306 2.49576 80 2 25 10 42787 0 
-146.462 27.8074 -0.143039 0.277306 2.49576 80 2 25 10 42788 0 
-146.453 27.8074 -0.143044 0.277306 2.49576 80 2 25 10 42789 0 
-146.444 27.8074 -0.143049 0.277306 2.49576 80 2 25 10 42790 0 
-146.435 27.8073 -0.143053 0.277306 2.49576 80 2 25 10 42791 0 
-146.425 27.8073 -0.143058 0.277306 2.49576 80 2 25 10 42792 0 
-146.416 27.8073 -0.143063 0.277306 2.49576 80 2 25 10 42793 0 
-146.407 27.8073 -0.143068 0.277306 2.49576 80 2 25 10 42794 0 
-146.398 27.8072 -0.143072 0.277306 2.49576 80 2 25 10 42795 0 
-146.388 27.8072 -0.143077 0.277306 2.49576 80 2 25 10 42796 0 
-146.379 27.8072 -0.143082 0.277306 2.49576 80 2 25 10 42797 0 
-146.37 27.8072 -0.143086 0.277306 2.49576 80 2 25 10 42798 0 
-146.361 27.8071 -0.143091 0.277306 2.49576 80 2 25 10 42799 0 
-146.351 27.8071 -0.143096 0.277306 2.49576 80 2 25 10 42800 0 
-146.342 27.8071 -0.143101 0.277306 2.49576 80 2 25 10 42801 0 
-146.333 27.8071 -0.143105 0.277306 2.49576 80 2 25 10 42802 0 
-146.324 27.8071 -0.14311 0.277306 2.49576 80 2 25 10 42803 0 
-146.314 27.807 -0.143115 0.277306 2.49576 80 2 25 10 42804 0 
-146.305 27.807 -0.143119 0.277306 2.49576 80 2 25 10 42805 0 
-146.296 27.807 -0.143124 0.277306 2.49576 80 2 25 10 42806 0 
-146.287 27.807 -0.143129 0.277306 2.49576 80 2 25 10 42807 0 
-146.277 27.8069 -0.143134 0.277306 2.49576 80 2 25 10 42808 0 
-146.268 27.8069 -0.143138 0.277306 2.49576 80 2 25 10 42809 0 
-146.259 27.8069 -0.143143 0.277306 2.49576 80 2 25 10 42810 0 
-146.25 27.8069 -0.143148 0.277306 2.49576 80 2 25 10 42811 0 
-146.24 27.8069 -0.143152 0.277306 2.49576 80 2 25 10 42812 0 
-146.231 27.8068 -0.143157 0.277306 2.49576 80 2 25 10 42813 0 
-146.222 27.8068 -0.143162 0.277306 2.49576 80 2 25 10 42814 0 
-146.213 27.8068 -0.143167 0.277306 2.49576 80 2 25 10 42815 0 
-146.203 27.8068 -0.143171 0.277306 2.49576 80 2 25 10 42816 0 
-146.194 27.8067 -0.143176 0.277306 2.49576 80 2 25 10 42817 0 
-146.185 27.8067 -0.143181 0.277306 2.49576 80 2 25 10 42818 0 
-146.176 27.8067 -0.143186 0.277306 2.49576 80 2 25 10 42819 0 
-146.166 27.8067 -0.14319 0.277306 2.49576 80 2 25 10 42820 0 
-146.157 27.8066 -0.143195 0.277306 2.49576 80 2 25 10 42821 0 
-146.148 27.8066 -0.1432 0.277306 2.49576 80 2 25 10 42822 0 
-146.139 27.8066 -0.143204 0.277306 2.49576 80 2 25 10 42823 0 
-146.129 27.8066 -0.143209 0.277306 2.49576 80 2 25 10 42824 0 
-146.12 27.8066 -0.143214 0.277306 2.49576 80 2 25 10 42825 0 
-146.111 27.8065 -0.143219 0.277306 2.49576 80 2 25 10 42826 0 
-146.102 27.8065 -0.143223 0.277306 2.49576 80 2 25 10 42827 0 
-146.092 27.8065 -0.143228 0.277306 2.49576 80 2 25 10 42828 0 
-146.083 27.8065 -0.143233 0.277306 2.49576 80 2 25 10 42829 0 
-146.074 27.8064 -0.143238 0.277306 2.49576 80 2 25 10 42830 0 
-146.065 27.8064 -0.143242 0.277306 2.49576 80 2 25 10 42831 0 
-146.055 27.8064 -0.143247 0.277306 2.49576 80 2 25 10 42832 0 
-146.046 27.8064 -0.143252 0.277306 2.49576 80 2 25 10 42833 0 
-146.037 27.8063 -0.143256 0.277306 2.49576 80 2 25 10 42834 0 
-146.028 27.8063 -0.143261 0.277306 2.49576 80 2 25 10 42835 0 
-146.018 27.8063 -0.143266 0.277306 2.49576 80 2 25 10 42836 0 
-146.009 27.8063 -0.143271 0.277306 2.49576 80 2 25 10 42837 0 
-146 27.8063 -0.143275 0.277306 2.49576 80 2 25 10 42838 0 
-145.991 27.8062 -0.14328 0.277306 2.49576 80 2 25 10 42839 0 
-145.982 27.8062 -0.143285 0.277306 2.49576 80 2 25 10 42840 0 
-145.972 27.8062 -0.14329 0.277306 2.49576 80 2 25 10 42841 0 
-145.963 27.8062 -0.143294 0.277306 2.49576 80 2 25 10 42842 0 
-145.954 27.8061 -0.143299 0.277306 2.49576 80 2 25 10 42843 0 
-145.945 27.8061 -0.143304 0.277306 2.49576 80 2 25 10 42844 0 
-145.935 27.8061 -0.143309 0.277306 2.49576 80 2 25 10 42845 0 
-145.926 27.8061 -0.143313 0.277306 2.49576 80 2 25 10 42846 0 
-145.917 27.8061 -0.143318 0.277306 2.49576 80 2 25 10 42847 0 
-145.908 27.806 -0.143323 0.277306 2.49576 80 2 25 10 42848 0 
-145.898 27.806 -0.143327 0.277306 2.49576 80 2 25 10 42849 0 
-145.889 27.806 -0.143332 0.277306 2.49576 80 2 25 10 42850 0 
-145.88 27.806 -0.143337 0.277306 2.49576 80 2 25 10 42851 0 
-145.871 27.8059 -0.143342 0.277306 2.49576 80 2 25 10 42852 0 
-145.861 27.8059 -0.143346 0.277306 2.49576 80 2 25 10 42853 0 
-145.852 27.8059 -0.143351 0.277306 2.49576 80 2 25 10 42854 0 
-145.843 27.8059 -0.143356 0.277306 2.49576 80 2 25 10 42855 0 
-145.834 27.8058 -0.143361 0.277306 2.49576 80 2 25 10 42856 0 
-145.824 27.8058 -0.143365 0.277306 2.49576 80 2 25 10 42857 0 
-145.815 27.8058 -0.14337 0.277306 2.49576 80 2 25 10 42858 0 
-145.806 27.8058 -0.143375 0.277306 2.49576 80 2 25 10 42859 0 
-145.797 27.8058 -0.14338 0.277306 2.49576 80 2 25 10 42860 0 
-145.787 27.8057 -0.143384 0.277306 2.49576 80 2 25 10 42861 0 
-145.778 27.8057 -0.143389 0.277306 2.49576 80 2 25 10 42862 0 
-145.769 27.8057 -0.143394 0.277306 2.49576 80 2 25 10 42863 0 
-145.76 27.8057 -0.143399 0.277306 2.49576 80 2 25 10 42864 0 
-145.75 27.8056 -0.143403 0.277306 2.49576 80 2 25 10 42865 0 
-145.741 27.8056 -0.143408 0.277306 2.49576 80 2 25 10 42866 0 
-145.732 27.8056 -0.143413 0.277306 2.49576 80 2 25 10 42867 0 
-145.723 27.8056 -0.143417 0.277306 2.49576 80 2 25 10 42868 0 
-145.713 27.8055 -0.143422 0.277306 2.49576 80 2 25 10 42869 0 
-145.704 27.8055 -0.143427 0.277306 2.49576 80 2 25 10 42870 0 
-145.695 27.8055 -0.143432 0.277306 2.49576 80 2 25 10 42871 0 
-145.686 27.8055 -0.143436 0.277306 2.49576 80 2 25 10 42872 0 
-145.676 27.8055 -0.143441 0.277306 2.49576 80 2 25 10 42873 0 
-145.667 27.8054 -0.143446 0.277306 2.49576 80 2 25 10 42874 0 
-145.658 27.8054 -0.143451 0.277306 2.49576 80 2 25 10 42875 0 
-145.649 27.8054 -0.143455 0.277306 2.49576 80 2 25 10 42876 0 
-145.639 27.8054 -0.14346 0.277306 2.49576 80 2 25 10 42877 0 
-145.63 27.8053 -0.143465 0.277306 2.49576 80 2 25 10 42878 0 
-145.621 27.8053 -0.14347 0.277306 2.49576 80 2 25 10 42879 0 
-145.612 27.8053 -0.143474 0.277306 2.49576 80 2 25 10 42880 0 
-145.602 27.8053 -0.143479 0.277306 2.49576 80 2 25 10 42881 0 
-145.593 27.8053 -0.143484 0.277306 2.49576 80 2 25 10 42882 0 
-145.584 27.8052 -0.143489 0.277306 2.49576 80 2 25 10 42883 0 
-145.575 27.8052 -0.143493 0.277306 2.49576 80 2 25 10 42884 0 
-145.565 27.8052 -0.143498 0.277306 2.49576 80 2 25 10 42885 0 
-145.556 27.8052 -0.143503 0.277306 2.49576 80 2 25 10 42886 0 
-145.547 27.8051 -0.143508 0.277306 2.49576 80 2 25 10 42887 0 
-145.538 27.8051 -0.143512 0.277306 2.49576 80 2 25 10 42888 0 
-145.528 27.8051 -0.143517 0.277306 2.49576 80 2 25 10 42889 0 
-145.519 27.8051 -0.143522 0.277306 2.49576 80 2 25 10 42890 0 
-145.51 27.805 -0.143527 0.277306 2.49576 80 2 25 10 42891 0 
-145.501 27.805 -0.143531 0.277306 2.49576 80 2 25 10 42892 0 
-145.491 27.805 -0.143536 0.277306 2.49576 80 2 25 10 42893 0 
-145.482 27.805 -0.143541 0.277306 2.49576 80 2 25 10 42894 0 
-145.473 27.805 -0.143546 0.277306 2.49576 80 2 25 10 42895 0 
-145.464 27.8049 -0.143551 0.277306 2.49576 80 2 25 10 42896 0 
-145.454 27.8049 -0.143555 0.277306 2.49576 80 2 25 10 42897 0 
-145.445 27.8049 -0.14356 0.277306 2.49576 80 2 25 10 42898 0 
-145.436 27.8049 -0.143565 0.277306 2.49576 80 2 25 10 42899 0 
-145.427 27.8048 -0.14357 0.277306 2.49576 80 2 25 10 42900 0 
-145.417 27.8048 -0.143574 0.277306 2.49576 80 2 25 10 42901 0 
-145.408 27.8048 -0.143579 0.277306 2.49576 80 2 25 10 42902 0 
-145.399 27.8048 -0.143584 0.277306 2.49576 80 2 25 10 42903 0 
-145.39 27.8047 -0.143589 0.277306 2.49576 80 2 25 10 42904 0 
-145.38 27.8047 -0.143593 0.277306 2.49576 80 2 25 10 42905 0 
-145.371 27.8047 -0.143598 0.277306 2.49576 80 2 25 10 42906 0 
-145.362 27.8047 -0.143603 0.277306 2.49576 80 2 25 10 42907 0 
-145.353 27.8047 -0.143608 0.277306 2.49576 80 2 25 10 42908 0 
-145.343 27.8046 -0.143612 0.277306 2.49576 80 2 25 10 42909 0 
-145.334 27.8046 -0.143617 0.277306 2.49576 80 2 25 10 42910 0 
-145.325 27.8046 -0.143622 0.277306 2.49576 80 2 25 10 42911 0 
-145.316 27.8046 -0.143627 0.277306 2.49576 80 2 25 10 42912 0 
-145.306 27.8045 -0.143631 0.277306 2.49576 80 2 25 10 42913 0 
-145.297 27.8045 -0.143636 0.277306 2.49576 80 2 25 10 42914 0 
-145.288 27.8045 -0.143641 0.277306 2.49576 80 2 25 10 42915 0 
-145.279 27.8045 -0.143646 0.277306 2.49576 80 2 25 10 42916 0 
-145.27 27.8044 -0.14365 0.277306 2.49576 80 2 25 10 42917 0 
-145.26 27.8044 -0.143655 0.277306 2.49576 80 2 25 10 42918 0 
-145.251 27.8044 -0.14366 0.277306 2.49576 80 2 25 10 42919 0 
-145.242 27.8044 -0.143665 0.277306 2.49576 80 2 25 10 42920 0 
-145.233 27.8044 -0.143669 0.277306 2.49576 80 2 25 10 42921 0 
-145.223 27.8043 -0.143674 0.277306 2.49576 80 2 25 10 42922 0 
-145.214 27.8043 -0.143679 0.277306 2.49576 80 2 25 10 42923 0 
-145.205 27.8043 -0.143684 0.277306 2.49576 80 2 25 10 42924 0 
-145.196 27.8043 -0.143689 0.277306 2.49576 80 2 25 10 42925 0 
-145.186 27.8042 -0.143693 0.277306 2.49576 80 2 25 10 42926 0 
-145.177 27.8042 -0.143698 0.277306 2.49576 80 2 25 10 42927 0 
-145.168 27.8042 -0.143703 0.277306 2.49576 80 2 25 10 42928 0 
-145.159 27.8042 -0.143708 0.277306 2.49576 80 2 25 10 42929 0 
-145.149 27.8042 -0.143712 0.277306 2.49576 80 2 25 10 42930 0 
-145.14 27.8041 -0.143717 0.277306 2.49576 80 2 25 10 42931 0 
-145.131 27.8041 -0.143722 0.277306 2.49576 80 2 25 10 42932 0 
-145.122 27.8041 -0.143727 0.277306 2.49576 80 2 25 10 42933 0 
-145.112 27.8041 -0.143731 0.277306 2.49576 80 2 25 10 42934 0 
-145.103 27.804 -0.143736 0.277306 2.49576 80 2 25 10 42935 0 
-145.094 27.804 -0.143741 0.277306 2.49576 80 2 25 10 42936 0 
-145.085 27.804 -0.143746 0.277306 2.49576 80 2 25 10 42937 0 
-145.075 27.804 -0.143751 0.277306 2.49576 80 2 25 10 42938 0 
-145.066 27.8039 -0.143755 0.277306 2.49576 80 2 25 10 42939 0 
-145.057 27.8039 -0.14376 0.277306 2.49576 80 2 25 10 42940 0 
-145.048 27.8039 -0.143765 0.277306 2.49576 80 2 25 10 42941 0 
-145.038 27.8039 -0.14377 0.277306 2.49576 80 2 25 10 42942 0 
-145.029 27.8039 -0.143774 0.277306 2.49576 80 2 25 10 42943 0 
-145.02 27.8038 -0.143779 0.277306 2.49576 80 2 25 10 42944 0 
-145.011 27.8038 -0.143784 0.277306 2.49576 80 2 25 10 42945 0 
-145.001 27.8038 -0.143789 0.277306 2.49576 80 2 25 10 42946 0 
-144.992 27.8038 -0.143793 0.277306 2.49576 80 2 25 10 42947 0 
-144.983 27.8037 -0.143798 0.277306 2.49576 80 2 25 10 42948 0 
-144.974 27.8037 -0.143803 0.277306 2.49576 80 2 25 10 42949 0 
-144.964 27.8037 -0.143808 0.277306 2.49576 80 2 25 10 42950 0 
-144.955 27.8037 -0.143813 0.277306 2.49576 80 2 25 10 42951 0 
-144.946 27.8036 -0.143817 0.277306 2.49576 80 2 25 10 42952 0 
-144.937 27.8036 -0.143822 0.277306 2.49576 80 2 25 10 42953 0 
-144.927 27.8036 -0.143827 0.277306 2.49576 80 2 25 10 42954 0 
-144.918 27.8036 -0.143832 0.277306 2.49576 80 2 25 10 42955 0 
-144.909 27.8036 -0.143836 0.277306 2.49576 80 2 25 10 42956 0 
-144.9 27.8035 -0.143841 0.277306 2.49576 80 2 25 10 42957 0 
-144.89 27.8035 -0.143846 0.277306 2.49576 80 2 25 10 42958 0 
-144.881 27.8035 -0.143851 0.277306 2.49576 80 2 25 10 42959 0 
-144.872 27.8035 -0.143856 0.277306 2.49576 80 2 25 10 42960 0 
-144.863 27.8034 -0.14386 0.277306 2.49576 80 2 25 10 42961 0 
-144.853 27.8034 -0.143865 0.277306 2.49576 80 2 25 10 42962 0 
-144.844 27.8034 -0.14387 0.277306 2.49576 80 2 25 10 42963 0 
-144.835 27.8034 -0.143875 0.277306 2.49576 80 2 25 10 42964 0 
-144.826 27.8034 -0.14388 0.277306 2.49576 80 2 25 10 42965 0 
-144.816 27.8033 -0.143884 0.277306 2.49576 80 2 25 10 42966 0 
-144.807 27.8033 -0.143889 0.277306 2.49576 80 2 25 10 42967 0 
-144.798 27.8033 -0.143894 0.277306 2.49576 80 2 25 10 42968 0 
-144.789 27.8033 -0.143899 0.277306 2.49576 80 2 25 10 42969 0 
-144.779 27.8032 -0.143903 0.277306 2.49576 80 2 25 10 42970 0 
-144.77 27.8032 -0.143908 0.277306 2.49576 80 2 25 10 42971 0 
-144.761 27.8032 -0.143913 0.277306 2.49576 80 2 25 10 42972 0 
-144.752 27.8032 -0.143918 0.277306 2.49576 80 2 25 10 42973 0 
-144.742 27.8031 -0.143923 0.277306 2.49576 80 2 25 10 42974 0 
-144.733 27.8031 -0.143927 0.277306 2.49576 80 2 25 10 42975 0 
-144.724 27.8031 -0.143932 0.277306 2.49576 80 2 25 10 42976 0 
-144.715 27.8031 -0.143937 0.277306 2.49576 80 2 25 10 42977 0 
-144.705 27.8031 -0.143942 0.277306 2.49576 80 2 25 10 42978 0 
-144.696 27.803 -0.143946 0.277306 2.49576 80 2 25 10 42979 0 
-144.687 27.803 -0.143951 0.277306 2.49576 80 2 25 10 42980 0 
-144.678 27.803 -0.143956 0.277306 2.49576 80 2 25 10 42981 0 
-144.668 27.803 -0.143961 0.277306 2.49576 80 2 25 10 42982 0 
-144.659 27.8029 -0.143966 0.277306 2.49576 80 2 25 10 42983 0 
-144.65 27.8029 -0.14397 0.277306 2.49576 80 2 25 10 42984 0 
-144.641 27.8029 -0.143975 0.277306 2.49576 80 2 25 10 42985 0 
-144.631 27.8029 -0.14398 0.277306 2.49576 80 2 25 10 42986 0 
-144.622 27.8028 -0.143985 0.277306 2.49576 80 2 25 10 42987 0 
-144.613 27.8028 -0.14399 0.277306 2.49576 80 2 25 10 42988 0 
-144.604 27.8028 -0.143994 0.277306 2.49576 80 2 25 10 42989 0 
-144.594 27.8028 -0.143999 0.277306 2.49576 80 2 25 10 42990 0 
-144.585 27.8028 -0.144004 0.277306 2.49576 80 2 25 10 42991 0 
-144.576 27.8027 -0.144009 0.277306 2.49576 80 2 25 10 42992 0 
-144.567 27.8027 -0.144014 0.277306 2.49576 80 2 25 10 42993 0 
-144.557 27.8027 -0.144018 0.277306 2.49576 80 2 25 10 42994 0 
-144.548 27.8027 -0.144023 0.277306 2.49576 80 2 25 10 42995 0 
-144.539 27.8026 -0.144028 0.277306 2.49576 80 2 25 10 42996 0 
-144.53 27.8026 -0.144033 0.277306 2.49576 80 2 25 10 42997 0 
-144.521 27.8026 -0.144038 0.277306 2.49576 80 2 25 10 42998 0 
-144.511 27.8026 -0.144042 0.277306 2.49576 80 2 25 10 42999 0 
-144.502 27.8025 -0.144047 0.277306 2.49576 80 2 25 10 43000 0 
-144.493 27.8025 -0.144052 0.277306 2.49576 80 2 25 10 43001 0 
-144.484 27.8025 -0.144057 0.277306 2.49576 80 2 25 10 43002 0 
-144.474 27.8025 -0.144061 0.277306 2.49576 80 2 25 10 43003 0 
-144.465 27.8025 -0.144066 0.277306 2.49576 80 2 25 10 43004 0 
-144.456 27.8024 -0.144071 0.277306 2.49576 80 2 25 10 43005 0 
-144.447 27.8024 -0.144076 0.277306 2.49576 80 2 25 10 43006 0 
-144.437 27.8024 -0.144081 0.277306 2.49576 80 2 25 10 43007 0 
-144.428 27.8024 -0.144085 0.277306 2.49576 80 2 25 10 43008 0 
-144.419 27.8023 -0.14409 0.277306 2.49576 80 2 25 10 43009 0 
-144.41 27.8023 -0.144095 0.277306 2.49576 80 2 25 10 43010 0 
-144.4 27.8023 -0.1441 0.277306 2.49576 80 2 25 10 43011 0 
-144.391 27.8023 -0.144105 0.277306 2.49576 80 2 25 10 43012 0 
-144.382 27.8023 -0.144109 0.277306 2.49576 80 2 25 10 43013 0 
-144.373 27.8022 -0.144114 0.277306 2.49576 80 2 25 10 43014 0 
-144.363 27.8022 -0.144119 0.277306 2.49576 80 2 25 10 43015 0 
-144.354 27.8022 -0.144124 0.277306 2.49576 80 2 25 10 43016 0 
-144.345 27.8022 -0.144129 0.277306 2.49576 80 2 25 10 43017 0 
-144.336 27.8021 -0.144133 0.277306 2.49576 80 2 25 10 43018 0 
-144.326 27.8021 -0.144138 0.277306 2.49576 80 2 25 10 43019 0 
-144.317 27.8021 -0.144143 0.277306 2.49576 80 2 25 10 43020 0 
-144.308 27.8021 -0.144148 0.277306 2.49576 80 2 25 10 43021 0 
-144.299 27.802 -0.144153 0.277306 2.49576 80 2 25 10 43022 0 
-144.289 27.802 -0.144157 0.277306 2.49576 80 2 25 10 43023 0 
-144.28 27.802 -0.144162 0.277306 2.49576 80 2 25 10 43024 0 
-144.271 27.802 -0.144167 0.277306 2.49576 80 2 25 10 43025 0 
-144.262 27.802 -0.144172 0.277306 2.49576 80 2 25 10 43026 0 
-144.252 27.8019 -0.144177 0.277306 2.49576 80 2 25 10 43027 0 
-144.243 27.8019 -0.144181 0.277306 2.49576 80 2 25 10 43028 0 
-144.234 27.8019 -0.144186 0.277306 2.49576 80 2 25 10 43029 0 
-144.225 27.8019 -0.144191 0.277306 2.49576 80 2 25 10 43030 0 
-144.215 27.8018 -0.144196 0.277306 2.49576 80 2 25 10 43031 0 
-144.206 27.8018 -0.144201 0.277306 2.49576 80 2 25 10 43032 0 
-144.197 27.8018 -0.144206 0.277306 2.49576 80 2 25 10 43033 0 
-144.188 27.8018 -0.14421 0.277306 2.49576 80 2 25 10 43034 0 
-144.178 27.8017 -0.144215 0.277306 2.49576 80 2 25 10 43035 0 
-144.169 27.8017 -0.14422 0.277306 2.49576 80 2 25 10 43036 0 
-144.16 27.8017 -0.144225 0.277306 2.49576 80 2 25 10 43037 0 
-144.151 27.8017 -0.14423 0.277306 2.49576 80 2 25 10 43038 0 
-144.141 27.8017 -0.144234 0.277306 2.49576 80 2 25 10 43039 0 
-144.132 27.8016 -0.144239 0.277306 2.49576 80 2 25 10 43040 0 
-144.123 27.8016 -0.144244 0.277306 2.49576 80 2 25 10 43041 0 
-144.114 27.8016 -0.144249 0.277306 2.49576 80 2 25 10 43042 0 
-144.104 27.8016 -0.144254 0.277306 2.49576 80 2 25 10 43043 0 
-144.095 27.8015 -0.144258 0.277306 2.49576 80 2 25 10 43044 0 
-144.086 27.8015 -0.144263 0.277306 2.49576 80 2 25 10 43045 0 
-144.077 27.8015 -0.144268 0.277306 2.49576 80 2 25 10 43046 0 
-144.067 27.8015 -0.144273 0.277306 2.49576 80 2 25 10 43047 0 
-144.058 27.8015 -0.144278 0.277306 2.49576 80 2 25 10 43048 0 
-144.049 27.8014 -0.144283 0.277306 2.49576 80 2 25 10 43049 0 
-144.04 27.8014 -0.144287 0.277306 2.49576 80 2 25 10 43050 0 
-144.03 27.8014 -0.144292 0.277306 2.49576 80 2 25 10 43051 0 
-144.021 27.8014 -0.144297 0.277306 2.49576 80 2 25 10 43052 0 
-144.012 27.8013 -0.144302 0.277306 2.49576 80 2 25 10 43053 0 
-144.003 27.8013 -0.144307 0.277306 2.49576 80 2 25 10 43054 0 
-143.993 27.8013 -0.144311 0.277306 2.49576 80 2 25 10 43055 0 
-143.984 27.8013 -0.144316 0.277306 2.49576 80 2 25 10 43056 0 
-143.975 27.8012 -0.144321 0.277306 2.49576 80 2 25 10 43057 0 
-143.966 27.8012 -0.144326 0.277306 2.49576 80 2 25 10 43058 0 
-143.956 27.8012 -0.144331 0.277306 2.49576 80 2 25 10 43059 0 
-143.947 27.8012 -0.144336 0.277306 2.49576 80 2 25 10 43060 0 
-143.938 27.8012 -0.14434 0.277306 2.49576 80 2 25 10 43061 0 
-143.929 27.8011 -0.144345 0.277306 2.49576 80 2 25 10 43062 0 
-143.919 27.8011 -0.14435 0.277306 2.49576 80 2 25 10 43063 0 
-143.91 27.8011 -0.144355 0.277306 2.49576 80 2 25 10 43064 0 
-143.901 27.8011 -0.14436 0.277306 2.49576 80 2 25 10 43065 0 
-143.892 27.801 -0.144364 0.277306 2.49576 80 2 25 10 43066 0 
-143.882 27.801 -0.144369 0.277306 2.49576 80 2 25 10 43067 0 
-143.873 27.801 -0.144374 0.277306 2.49576 80 2 25 10 43068 0 
-143.864 27.801 -0.144379 0.277306 2.49576 80 2 25 10 43069 0 
-143.855 27.8009 -0.144384 0.277306 2.49576 80 2 25 10 43070 0 
-143.845 27.8009 -0.144389 0.277306 2.49576 80 2 25 10 43071 0 
-143.836 27.8009 -0.144393 0.277306 2.49576 80 2 25 10 43072 0 
-143.827 27.8009 -0.144398 0.277306 2.49576 80 2 25 10 43073 0 
-143.818 27.8009 -0.144403 0.277306 2.49576 80 2 25 10 43074 0 
-143.809 27.8008 -0.144408 0.277306 2.49576 80 2 25 10 43075 0 
-143.799 27.8008 -0.144413 0.277306 2.49576 80 2 25 10 43076 0 
-143.79 27.8008 -0.144418 0.277306 2.49576 80 2 25 10 43077 0 
-143.781 27.8008 -0.144422 0.277306 2.49576 80 2 25 10 43078 0 
-143.772 27.8007 -0.144427 0.277306 2.49576 80 2 25 10 43079 0 
-143.762 27.8007 -0.144432 0.277306 2.49576 80 2 25 10 43080 0 
-143.753 27.8007 -0.144437 0.277306 2.49576 80 2 25 10 43081 0 
-143.744 27.8007 -0.144442 0.277306 2.49576 80 2 25 10 43082 0 
-143.735 27.8006 -0.144447 0.277306 2.49576 80 2 25 10 43083 0 
-143.725 27.8006 -0.144451 0.277306 2.49576 80 2 25 10 43084 0 
-143.716 27.8006 -0.144456 0.277306 2.49576 80 2 25 10 43085 0 
-143.707 27.8006 -0.144461 0.277306 2.49576 80 2 25 10 43086 0 
-143.698 27.8006 -0.144466 0.277306 2.49576 80 2 25 10 43087 0 
-143.688 27.8005 -0.144471 0.277306 2.49576 80 2 25 10 43088 0 
-143.679 27.8005 -0.144475 0.277306 2.49576 80 2 25 10 43089 0 
-143.67 27.8005 -0.14448 0.277306 2.49576 80 2 25 10 43090 0 
-143.661 27.8005 -0.144485 0.277306 2.49576 80 2 25 10 43091 0 
-143.651 27.8004 -0.14449 0.277306 2.49576 80 2 25 10 43092 0 
-143.642 27.8004 -0.144495 0.277306 2.49576 80 2 25 10 43093 0 
-143.633 27.8004 -0.1445 0.277306 2.49576 80 2 25 10 43094 0 
-143.624 27.8004 -0.144504 0.277306 2.49576 80 2 25 10 43095 0 
-143.614 27.8004 -0.144509 0.277306 2.49576 80 2 25 10 43096 0 
-143.605 27.8003 -0.144514 0.277306 2.49576 80 2 25 10 43097 0 
-143.596 27.8003 -0.144519 0.277306 2.49576 80 2 25 10 43098 0 
-143.587 27.8003 -0.144524 0.277306 2.49576 80 2 25 10 43099 0 
-143.577 27.8003 -0.144529 0.277306 2.49576 80 2 25 10 43100 0 
-143.568 27.8002 -0.144533 0.277306 2.49576 80 2 25 10 43101 0 
-143.559 27.8002 -0.144538 0.277306 2.49576 80 2 25 10 43102 0 
-143.55 27.8002 -0.144543 0.277306 2.49576 80 2 25 10 43103 0 
-143.54 27.8002 -0.144548 0.277306 2.49576 80 2 25 10 43104 0 
-143.531 27.8001 -0.144553 0.277306 2.49576 80 2 25 10 43105 0 
-143.522 27.8001 -0.144558 0.277306 2.49576 80 2 25 10 43106 0 
-143.513 27.8001 -0.144563 0.277306 2.49576 80 2 25 10 43107 0 
-143.503 27.8001 -0.144567 0.277306 2.49576 80 2 25 10 43108 0 
-143.494 27.8001 -0.144572 0.277306 2.49576 80 2 25 10 43109 0 
-143.485 27.8 -0.144577 0.277306 2.49576 80 2 25 10 43110 0 
-143.476 27.8 -0.144582 0.277306 2.49576 80 2 25 10 43111 0 
-143.466 27.8 -0.144587 0.277306 2.49576 80 2 25 10 43112 0 
-143.457 27.8 -0.144592 0.277306 2.49576 80 2 25 10 43113 0 
-143.448 27.7999 -0.144596 0.277306 2.49576 80 2 25 10 43114 0 
-143.439 27.7999 -0.144601 0.277306 2.49576 80 2 25 10 43115 0 
-143.429 27.7999 -0.144606 0.277306 2.49576 80 2 25 10 43116 0 
-143.42 27.7999 -0.144611 0.277306 2.49576 80 2 25 10 43117 0 
-143.411 27.7998 -0.144616 0.277306 2.49576 80 2 25 10 43118 0 
-143.402 27.7998 -0.144621 0.277306 2.49576 80 2 25 10 43119 0 
-143.392 27.7998 -0.144625 0.277306 2.49576 80 2 25 10 43120 0 
-143.383 27.7998 -0.14463 0.277306 2.49576 80 2 25 10 43121 0 
-143.374 27.7998 -0.144635 0.277306 2.49576 80 2 25 10 43122 0 
-143.365 27.7997 -0.14464 0.277306 2.49576 80 2 25 10 43123 0 
-143.355 27.7997 -0.144645 0.277306 2.49576 80 2 25 10 43124 0 
-143.346 27.7997 -0.14465 0.277306 2.49576 80 2 25 10 43125 0 
-143.337 27.7997 -0.144655 0.277306 2.49576 80 2 25 10 43126 0 
-143.328 27.7996 -0.144659 0.277306 2.49576 80 2 25 10 43127 0 
-143.318 27.7996 -0.144664 0.277306 2.49576 80 2 25 10 43128 0 
-143.309 27.7996 -0.144669 0.277306 2.49576 80 2 25 10 43129 0 
-143.3 27.7996 -0.144674 0.277306 2.49576 80 2 25 10 43130 0 
-143.291 27.7996 -0.144679 0.277306 2.49576 80 2 25 10 43131 0 
-143.281 27.7995 -0.144684 0.277306 2.49576 80 2 25 10 43132 0 
-143.272 27.7995 -0.144688 0.277306 2.49576 80 2 25 10 43133 0 
-143.263 27.7995 -0.144693 0.277306 2.49576 80 2 25 10 43134 0 
-143.254 27.7995 -0.144698 0.277306 2.49576 80 2 25 10 43135 0 
-143.244 27.7994 -0.144703 0.277306 2.49576 80 2 25 10 43136 0 
-143.235 27.7994 -0.144708 0.277306 2.49576 80 2 25 10 43137 0 
-143.226 27.7994 -0.144713 0.277306 2.49576 80 2 25 10 43138 0 
-143.217 27.7994 -0.144718 0.277306 2.49576 80 2 25 10 43139 0 
-143.207 27.7993 -0.144722 0.277306 2.49576 80 2 25 10 43140 0 
-143.198 27.7993 -0.144727 0.277306 2.49576 80 2 25 10 43141 0 
-143.189 27.7993 -0.144732 0.277306 2.49576 80 2 25 10 43142 0 
-143.18 27.7993 -0.144737 0.277306 2.49576 80 2 25 10 43143 0 
-143.17 27.7993 -0.144742 0.277306 2.49576 80 2 25 10 43144 0 
-143.161 27.7992 -0.144747 0.277306 2.49576 80 2 25 10 43145 0 
-143.152 27.7992 -0.144752 0.277306 2.49576 80 2 25 10 43146 0 
-143.143 27.7992 -0.144756 0.277306 2.49576 80 2 25 10 43147 0 
-143.133 27.7992 -0.144761 0.277306 2.49576 80 2 25 10 43148 0 
-143.124 27.7991 -0.144766 0.277306 2.49576 80 2 25 10 43149 0 
-143.115 27.7991 -0.144771 0.277306 2.49576 80 2 25 10 43150 0 
-143.106 27.7991 -0.144776 0.277306 2.49576 80 2 25 10 43151 0 
-143.096 27.7991 -0.144781 0.277306 2.49576 80 2 25 10 43152 0 
-143.087 27.799 -0.144786 0.277306 2.49576 80 2 25 10 43153 0 
-143.078 27.799 -0.14479 0.277306 2.49576 80 2 25 10 43154 0 
-143.069 27.799 -0.144795 0.277306 2.49576 80 2 25 10 43155 0 
-143.06 27.799 -0.1448 0.277306 2.49576 80 2 25 10 43156 0 
-143.05 27.799 -0.144805 0.277306 2.49576 80 2 25 10 43157 0 
-143.041 27.7989 -0.14481 0.277306 2.49576 80 2 25 10 43158 0 
-143.032 27.7989 -0.144815 0.277306 2.49576 80 2 25 10 43159 0 
-143.023 27.7989 -0.14482 0.277306 2.49576 80 2 25 10 43160 0 
-143.013 27.7989 -0.144824 0.277306 2.49576 80 2 25 10 43161 0 
-143.004 27.7988 -0.144829 0.277306 2.49576 80 2 25 10 43162 0 
-142.995 27.7988 -0.144834 0.277306 2.49576 80 2 25 10 43163 0 
-142.986 27.7988 -0.144839 0.277306 2.49576 80 2 25 10 43164 0 
-142.976 27.7988 -0.144844 0.277306 2.49576 80 2 25 10 43165 0 
-142.967 27.7987 -0.144849 0.277306 2.49576 80 2 25 10 43166 0 
-142.958 27.7987 -0.144854 0.277306 2.49576 80 2 25 10 43167 0 
-142.949 27.7987 -0.144858 0.277306 2.49576 80 2 25 10 43168 0 
-142.939 27.7987 -0.144863 0.277306 2.49576 80 2 25 10 43169 0 
-142.93 27.7987 -0.144868 0.277306 2.49576 80 2 25 10 43170 0 
-142.921 27.7986 -0.144873 0.277306 2.49576 80 2 25 10 43171 0 
-142.912 27.7986 -0.144878 0.277306 2.49576 80 2 25 10 43172 0 
-142.902 27.7986 -0.144883 0.277306 2.49576 80 2 25 10 43173 0 
-142.893 27.7986 -0.144888 0.277306 2.49576 80 2 25 10 43174 0 
-142.884 27.7985 -0.144892 0.277306 2.49576 80 2 25 10 43175 0 
-142.875 27.7985 -0.144897 0.277306 2.49576 80 2 25 10 43176 0 
-142.865 27.7985 -0.144902 0.277306 2.49576 80 2 25 10 43177 0 
-142.856 27.7985 -0.144907 0.277306 2.49576 80 2 25 10 43178 0 
-142.847 27.7985 -0.144912 0.277306 2.49576 80 2 25 10 43179 0 
-142.838 27.7984 -0.144917 0.277306 2.49576 80 2 25 10 43180 0 
-142.828 27.7984 -0.144922 0.277306 2.49576 80 2 25 10 43181 0 
-142.819 27.7984 -0.144927 0.277306 2.49576 80 2 25 10 43182 0 
-142.81 27.7984 -0.144931 0.277306 2.49576 80 2 25 10 43183 0 
-142.801 27.7983 -0.144936 0.277306 2.49576 80 2 25 10 43184 0 
-142.791 27.7983 -0.144941 0.277306 2.49576 80 2 25 10 43185 0 
-142.782 27.7983 -0.144946 0.277306 2.49576 80 2 25 10 43186 0 
-142.773 27.7983 -0.144951 0.277306 2.49576 80 2 25 10 43187 0 
-142.764 27.7982 -0.144956 0.277306 2.49576 80 2 25 10 43188 0 
-142.754 27.7982 -0.144961 0.277306 2.49576 80 2 25 10 43189 0 
-142.745 27.7982 -0.144966 0.277306 2.49576 80 2 25 10 43190 0 
-142.736 27.7982 -0.14497 0.277306 2.49576 80 2 25 10 43191 0 
-142.727 27.7982 -0.144975 0.277306 2.49576 80 2 25 10 43192 0 
-142.717 27.7981 -0.14498 0.277306 2.49576 80 2 25 10 43193 0 
-142.708 27.7981 -0.144985 0.277306 2.49576 80 2 25 10 43194 0 
-142.699 27.7981 -0.14499 0.277306 2.49576 80 2 25 10 43195 0 
-142.69 27.7981 -0.144995 0.277306 2.49576 80 2 25 10 43196 0 
-142.68 27.798 -0.145 0.277306 2.49576 80 2 25 10 43197 0 
-142.671 27.798 -0.145004 0.277306 2.49576 80 2 25 10 43198 0 
-142.662 27.798 -0.145009 0.277306 2.49576 80 2 25 10 43199 0 
-142.653 27.798 -0.145014 0.277306 2.49576 80 2 25 10 43200 0 
-142.643 27.7979 -0.145019 0.277306 2.49576 80 2 25 10 43201 0 
-142.634 27.7979 -0.145024 0.277306 2.49576 80 2 25 10 43202 0 
-142.625 27.7979 -0.145029 0.277306 2.49576 80 2 25 10 43203 0 
-142.616 27.7979 -0.145034 0.277306 2.49576 80 2 25 10 43204 0 
-142.606 27.7979 -0.145039 0.277306 2.49576 80 2 25 10 43205 0 
-142.597 27.7978 -0.145043 0.277306 2.49576 80 2 25 10 43206 0 
-142.588 27.7978 -0.145048 0.277306 2.49576 80 2 25 10 43207 0 
-142.579 27.7978 -0.145053 0.277306 2.49576 80 2 25 10 43208 0 
-142.569 27.7978 -0.145058 0.277306 2.49576 80 2 25 10 43209 0 
-142.56 27.7977 -0.145063 0.277306 2.49576 80 2 25 10 43210 0 
-142.551 27.7977 -0.145068 0.277306 2.49576 80 2 25 10 43211 0 
-142.542 27.7977 -0.145073 0.277306 2.49576 80 2 25 10 43212 0 
-142.532 27.7977 -0.145078 0.277306 2.49576 80 2 25 10 43213 0 
-142.523 27.7977 -0.145083 0.277306 2.49576 80 2 25 10 43214 0 
-142.514 27.7976 -0.145087 0.277306 2.49576 80 2 25 10 43215 0 
-142.505 27.7976 -0.145092 0.277306 2.49576 80 2 25 10 43216 0 
-142.495 27.7976 -0.145097 0.277306 2.49576 80 2 25 10 43217 0 
-142.486 27.7976 -0.145102 0.277306 2.49576 80 2 25 10 43218 0 
-142.477 27.7975 -0.145107 0.277306 2.49576 80 2 25 10 43219 0 
-142.468 27.7975 -0.145112 0.277306 2.49576 80 2 25 10 43220 0 
-142.458 27.7975 -0.145117 0.277306 2.49576 80 2 25 10 43221 0 
-142.449 27.7975 -0.145122 0.277306 2.49576 80 2 25 10 43222 0 
-142.44 27.7974 -0.145127 0.277306 2.49576 80 2 25 10 43223 0 
-142.431 27.7974 -0.145131 0.277306 2.49576 80 2 25 10 43224 0 
-142.421 27.7974 -0.145136 0.277306 2.49576 80 2 25 10 43225 0 
-142.412 27.7974 -0.145141 0.277306 2.49576 80 2 25 10 43226 0 
-142.403 27.7974 -0.145146 0.277306 2.49576 80 2 25 10 43227 0 
-142.394 27.7973 -0.145151 0.277306 2.49576 80 2 25 10 43228 0 
-142.384 27.7973 -0.145156 0.277306 2.49576 80 2 25 10 43229 0 
-142.375 27.7973 -0.145161 0.277306 2.49576 80 2 25 10 43230 0 
-142.366 27.7973 -0.145166 0.277306 2.49576 80 2 25 10 43231 0 
-142.357 27.7972 -0.14517 0.277306 2.49576 80 2 25 10 43232 0 
-142.348 27.7972 -0.145175 0.277306 2.49576 80 2 25 10 43233 0 
-142.338 27.7972 -0.14518 0.277306 2.49576 80 2 25 10 43234 0 
-142.329 27.7972 -0.145185 0.277306 2.49576 80 2 25 10 43235 0 
-142.32 27.7971 -0.14519 0.277306 2.49576 80 2 25 10 43236 0 
-142.311 27.7971 -0.145195 0.277306 2.49576 80 2 25 10 43237 0 
-142.301 27.7971 -0.1452 0.277306 2.49576 80 2 25 10 43238 0 
-142.292 27.7971 -0.145205 0.277306 2.49576 80 2 25 10 43239 0 
-142.283 27.7971 -0.14521 0.277306 2.49576 80 2 25 10 43240 0 
-142.274 27.797 -0.145214 0.277306 2.49576 80 2 25 10 43241 0 
-142.264 27.797 -0.145219 0.277306 2.49576 80 2 25 10 43242 0 
-142.255 27.797 -0.145224 0.277306 2.49576 80 2 25 10 43243 0 
-142.246 27.797 -0.145229 0.277306 2.49576 80 2 25 10 43244 0 
-142.237 27.7969 -0.145234 0.277306 2.49576 80 2 25 10 43245 0 
-142.227 27.7969 -0.145239 0.277306 2.49576 80 2 25 10 43246 0 
-142.218 27.7969 -0.145244 0.277306 2.49576 80 2 25 10 43247 0 
-142.209 27.7969 -0.145249 0.277306 2.49576 80 2 25 10 43248 0 
-142.2 27.7969 -0.145254 0.277306 2.49576 80 2 25 10 43249 0 
-142.19 27.7968 -0.145259 0.277306 2.49576 80 2 25 10 43250 0 
-142.181 27.7968 -0.145263 0.277306 2.49576 80 2 25 10 43251 0 
-142.172 27.7968 -0.145268 0.277306 2.49576 80 2 25 10 43252 0 
-142.163 27.7968 -0.145273 0.277306 2.49576 80 2 25 10 43253 0 
-142.153 27.7967 -0.145278 0.277306 2.49576 80 2 25 10 43254 0 
-142.144 27.7967 -0.145283 0.277306 2.49576 80 2 25 10 43255 0 
-142.135 27.7967 -0.145288 0.277306 2.49576 80 2 25 10 43256 0 
-142.126 27.7967 -0.145293 0.277306 2.49576 80 2 25 10 43257 0 
-142.116 27.7966 -0.145298 0.277306 2.49576 80 2 25 10 43258 0 
-142.107 27.7966 -0.145303 0.277306 2.49576 80 2 25 10 43259 0 
-142.098 27.7966 -0.145308 0.277306 2.49576 80 2 25 10 43260 0 
-142.089 27.7966 -0.145312 0.277306 2.49576 80 2 25 10 43261 0 
-142.079 27.7966 -0.145317 0.277306 2.49576 80 2 25 10 43262 0 
-142.07 27.7965 -0.145322 0.277306 2.49576 80 2 25 10 43263 0 
-142.061 27.7965 -0.145327 0.277306 2.49576 80 2 25 10 43264 0 
-142.052 27.7965 -0.145332 0.277306 2.49576 80 2 25 10 43265 0 
-142.042 27.7965 -0.145337 0.277306 2.49576 80 2 25 10 43266 0 
-142.033 27.7964 -0.145342 0.277306 2.49576 80 2 25 10 43267 0 
-142.024 27.7964 -0.145347 0.277306 2.49576 80 2 25 10 43268 0 
-142.015 27.7964 -0.145352 0.277306 2.49576 80 2 25 10 43269 0 
-142.005 27.7964 -0.145357 0.277306 2.49576 80 2 25 10 43270 0 
-141.996 27.7963 -0.145361 0.277306 2.49576 80 2 25 10 43271 0 
-141.987 27.7963 -0.145366 0.277306 2.49576 80 2 25 10 43272 0 
-141.978 27.7963 -0.145371 0.277306 2.49576 80 2 25 10 43273 0 
-141.968 27.7963 -0.145376 0.277306 2.49576 80 2 25 10 43274 0 
-141.959 27.7963 -0.145381 0.277306 2.49576 80 2 25 10 43275 0 
-141.95 27.7962 -0.145386 0.277306 2.49576 80 2 25 10 43276 0 
-141.941 27.7962 -0.145391 0.277306 2.49576 80 2 25 10 43277 0 
-141.931 27.7962 -0.145396 0.277306 2.49576 80 2 25 10 43278 0 
-141.922 27.7962 -0.145401 0.277306 2.49576 80 2 25 10 43279 0 
-141.913 27.7961 -0.145406 0.277306 2.49576 80 2 25 10 43280 0 
-141.904 27.7961 -0.145411 0.277306 2.49576 80 2 25 10 43281 0 
-141.894 27.7961 -0.145415 0.277306 2.49576 80 2 25 10 43282 0 
-141.885 27.7961 -0.14542 0.277306 2.49576 80 2 25 10 43283 0 
-141.876 27.796 -0.145425 0.277306 2.49576 80 2 25 10 43284 0 
-141.867 27.796 -0.14543 0.277306 2.49576 80 2 25 10 43285 0 
-141.857 27.796 -0.145435 0.277306 2.49576 80 2 25 10 43286 0 
-141.848 27.796 -0.14544 0.277306 2.49576 80 2 25 10 43287 0 
-141.839 27.796 -0.145445 0.277306 2.49576 80 2 25 10 43288 0 
-141.83 27.7959 -0.14545 0.277306 2.49576 80 2 25 10 43289 0 
-141.82 27.7959 -0.145455 0.277306 2.49576 80 2 25 10 43290 0 
-141.811 27.7959 -0.14546 0.277306 2.49576 80 2 25 10 43291 0 
-141.802 27.7959 -0.145465 0.277306 2.49576 80 2 25 10 43292 0 
-141.793 27.7958 -0.14547 0.277306 2.49576 80 2 25 10 43293 0 
-141.783 27.7958 -0.145474 0.277306 2.49576 80 2 25 10 43294 0 
-141.774 27.7958 -0.145479 0.277306 2.49576 80 2 25 10 43295 0 
-141.765 27.7958 -0.145484 0.277306 2.49576 80 2 25 10 43296 0 
-141.756 27.7958 -0.145489 0.277306 2.49576 80 2 25 10 43297 0 
-141.746 27.7957 -0.145494 0.277306 2.49576 80 2 25 10 43298 0 
-141.737 27.7957 -0.145499 0.277306 2.49576 80 2 25 10 43299 0 
-141.728 27.7957 -0.145504 0.277306 2.49576 80 2 25 10 43300 0 
-141.719 27.7957 -0.145509 0.277306 2.49576 80 2 25 10 43301 0 
-141.709 27.7956 -0.145514 0.277306 2.49576 80 2 25 10 43302 0 
-141.7 27.7956 -0.145519 0.277306 2.49576 80 2 25 10 43303 0 
-141.691 27.7956 -0.145524 0.277306 2.49576 80 2 25 10 43304 0 
-141.682 27.7956 -0.145529 0.277306 2.49576 80 2 25 10 43305 0 
-141.672 27.7955 -0.145533 0.277306 2.49576 80 2 25 10 43306 0 
-141.663 27.7955 -0.145538 0.277306 2.49576 80 2 25 10 43307 0 
-141.654 27.7955 -0.145543 0.277306 2.49576 80 2 25 10 43308 0 
-141.645 27.7955 -0.145548 0.277306 2.49576 80 2 25 10 43309 0 
-141.635 27.7955 -0.145553 0.277306 2.49576 80 2 25 10 43310 0 
-141.626 27.7954 -0.145558 0.277306 2.49576 80 2 25 10 43311 0 
-141.617 27.7954 -0.145563 0.277306 2.49576 80 2 25 10 43312 0 
-141.608 27.7954 -0.145568 0.277306 2.49576 80 2 25 10 43313 0 
-141.599 27.7954 -0.145573 0.277306 2.49576 80 2 25 10 43314 0 
-141.589 27.7953 -0.145578 0.277306 2.49576 80 2 25 10 43315 0 
-141.58 27.7953 -0.145583 0.277306 2.49576 80 2 25 10 43316 0 
-141.571 27.7953 -0.145588 0.277306 2.49576 80 2 25 10 43317 0 
-141.562 27.7953 -0.145592 0.277306 2.49576 80 2 25 10 43318 0 
-141.552 27.7952 -0.145597 0.277306 2.49576 80 2 25 10 43319 0 
-141.543 27.7952 -0.145602 0.277306 2.49576 80 2 25 10 43320 0 
-141.534 27.7952 -0.145607 0.277306 2.49576 80 2 25 10 43321 0 
-141.525 27.7952 -0.145612 0.277306 2.49576 80 2 25 10 43322 0 
-141.515 27.7952 -0.145617 0.277306 2.49576 80 2 25 10 43323 0 
-141.506 27.7951 -0.145622 0.277306 2.49576 80 2 25 10 43324 0 
-141.497 27.7951 -0.145627 0.277306 2.49576 80 2 25 10 43325 0 
-141.488 27.7951 -0.145632 0.277306 2.49576 80 2 25 10 43326 0 
-141.478 27.7951 -0.145637 0.277306 2.49576 80 2 25 10 43327 0 
-141.469 27.795 -0.145642 0.277306 2.49576 80 2 25 10 43328 0 
-141.46 27.795 -0.145647 0.277306 2.49576 80 2 25 10 43329 0 
-141.451 27.795 -0.145652 0.277306 2.49576 80 2 25 10 43330 0 
-141.441 27.795 -0.145657 0.277306 2.49576 80 2 25 10 43331 0 
-141.432 27.795 -0.145661 0.277306 2.49576 80 2 25 10 43332 0 
-141.423 27.7949 -0.145666 0.277306 2.49576 80 2 25 10 43333 0 
-141.414 27.7949 -0.145671 0.277306 2.49576 80 2 25 10 43334 0 
-141.404 27.7949 -0.145676 0.277306 2.49576 80 2 25 10 43335 0 
-141.395 27.7949 -0.145681 0.277306 2.49576 80 2 25 10 43336 0 
-141.386 27.7948 -0.145686 0.277306 2.49576 80 2 25 10 43337 0 
-141.377 27.7948 -0.145691 0.277306 2.49576 80 2 25 10 43338 0 
-141.367 27.7948 -0.145696 0.277306 2.49576 80 2 25 10 43339 0 
-141.358 27.7948 -0.145701 0.277306 2.49576 80 2 25 10 43340 0 
-141.349 27.7947 -0.145706 0.277306 2.49576 80 2 25 10 43341 0 
-141.34 27.7947 -0.145711 0.277306 2.49576 80 2 25 10 43342 0 
-141.33 27.7947 -0.145716 0.277306 2.49576 80 2 25 10 43343 0 
-141.321 27.7947 -0.145721 0.277306 2.49576 80 2 25 10 43344 0 
-141.312 27.7947 -0.145726 0.277306 2.49576 80 2 25 10 43345 0 
-141.303 27.7946 -0.145731 0.277306 2.49576 80 2 25 10 43346 0 
-141.293 27.7946 -0.145735 0.277306 2.49576 80 2 25 10 43347 0 
-141.284 27.7946 -0.14574 0.277306 2.49576 80 2 25 10 43348 0 
-141.275 27.7946 -0.145745 0.277306 2.49576 80 2 25 10 43349 0 
-141.266 27.7945 -0.14575 0.277306 2.49576 80 2 25 10 43350 0 
-141.256 27.7945 -0.145755 0.277306 2.49576 80 2 25 10 43351 0 
-141.247 27.7945 -0.14576 0.277306 2.49576 80 2 25 10 43352 0 
-141.238 27.7945 -0.145765 0.277306 2.49576 80 2 25 10 43353 0 
-141.229 27.7944 -0.14577 0.277306 2.49576 80 2 25 10 43354 0 
-141.219 27.7944 -0.145775 0.277306 2.49576 80 2 25 10 43355 0 
-141.21 27.7944 -0.14578 0.277306 2.49576 80 2 25 10 43356 0 
-141.201 27.7944 -0.145785 0.277306 2.49576 80 2 25 10 43357 0 
-141.192 27.7944 -0.14579 0.277306 2.49576 80 2 25 10 43358 0 
-141.182 27.7943 -0.145795 0.277306 2.49576 80 2 25 10 43359 0 
-141.173 27.7943 -0.1458 0.277306 2.49576 80 2 25 10 43360 0 
-141.164 27.7943 -0.145805 0.277306 2.49576 80 2 25 10 43361 0 
-141.155 27.7943 -0.14581 0.277306 2.49576 80 2 25 10 43362 0 
-141.145 27.7942 -0.145815 0.277306 2.49576 80 2 25 10 43363 0 
-141.136 27.7942 -0.145819 0.277306 2.49576 80 2 25 10 43364 0 
-141.127 27.7942 -0.145824 0.277306 2.49576 80 2 25 10 43365 0 
-141.118 27.7942 -0.145829 0.277306 2.49576 80 2 25 10 43366 0 
-141.108 27.7941 -0.145834 0.277306 2.49576 80 2 25 10 43367 0 
-141.099 27.7941 -0.145839 0.277306 2.49576 80 2 25 10 43368 0 
-141.09 27.7941 -0.145844 0.277306 2.49576 80 2 25 10 43369 0 
-141.081 27.7941 -0.145849 0.277306 2.49576 80 2 25 10 43370 0 
-141.071 27.7941 -0.145854 0.277306 2.49576 80 2 25 10 43371 0 
-141.062 27.794 -0.145859 0.277306 2.49576 80 2 25 10 43372 0 
-141.053 27.794 -0.145864 0.277306 2.49576 80 2 25 10 43373 0 
-141.044 27.794 -0.145869 0.277306 2.49576 80 2 25 10 43374 0 
-141.034 27.794 -0.145874 0.277306 2.49576 80 2 25 10 43375 0 
-141.025 27.7939 -0.145879 0.277306 2.49576 80 2 25 10 43376 0 
-141.016 27.7939 -0.145884 0.277306 2.49576 80 2 25 10 43377 0 
-141.007 27.7939 -0.145889 0.277306 2.49576 80 2 25 10 43378 0 
-140.997 27.7939 -0.145894 0.277306 2.49576 80 2 25 10 43379 0 
-140.988 27.7939 -0.145899 0.277306 2.49576 80 2 25 10 43380 0 
-140.979 27.7938 -0.145904 0.277306 2.49576 80 2 25 10 43381 0 
-140.97 27.7938 -0.145909 0.277306 2.49576 80 2 25 10 43382 0 
-140.96 27.7938 -0.145913 0.277306 2.49576 80 2 25 10 43383 0 
-140.951 27.7938 -0.145918 0.277306 2.49576 80 2 25 10 43384 0 
-140.942 27.7937 -0.145923 0.277306 2.49576 80 2 25 10 43385 0 
-140.933 27.7937 -0.145928 0.277306 2.49576 80 2 25 10 43386 0 
-140.923 27.7937 -0.145933 0.277306 2.49576 80 2 25 10 43387 0 
-140.914 27.7937 -0.145938 0.277306 2.49576 80 2 25 10 43388 0 
-140.905 27.7936 -0.145943 0.277306 2.49576 80 2 25 10 43389 0 
-140.896 27.7936 -0.145948 0.277306 2.49576 80 2 25 10 43390 0 
-140.887 27.7936 -0.145953 0.277306 2.49576 80 2 25 10 43391 0 
-140.877 27.7936 -0.145958 0.277306 2.49576 80 2 25 10 43392 0 
-140.868 27.7936 -0.145963 0.277306 2.49576 80 2 25 10 43393 0 
-140.859 27.7935 -0.145968 0.277306 2.49576 80 2 25 10 43394 0 
-140.85 27.7935 -0.145973 0.277306 2.49576 80 2 25 10 43395 0 
-140.84 27.7935 -0.145978 0.277306 2.49576 80 2 25 10 43396 0 
-140.831 27.7935 -0.145983 0.277306 2.49576 80 2 25 10 43397 0 
-140.822 27.7934 -0.145988 0.277306 2.49576 80 2 25 10 43398 0 
-140.813 27.7934 -0.145993 0.277306 2.49576 80 2 25 10 43399 0 
-140.803 27.7934 -0.145998 0.277306 2.49576 80 2 25 10 43400 0 
-140.794 27.7934 -0.146003 0.277306 2.49576 80 2 25 10 43401 0 
-140.785 27.7933 -0.146008 0.277306 2.49576 80 2 25 10 43402 0 
-140.776 27.7933 -0.146013 0.277306 2.49576 80 2 25 10 43403 0 
-140.766 27.7933 -0.146018 0.277306 2.49576 80 2 25 10 43404 0 
-140.757 27.7933 -0.146023 0.277306 2.49576 80 2 25 10 43405 0 
-140.748 27.7933 -0.146027 0.277306 2.49576 80 2 25 10 43406 0 
-140.739 27.7932 -0.146032 0.277306 2.49576 80 2 25 10 43407 0 
-140.729 27.7932 -0.146037 0.277306 2.49576 80 2 25 10 43408 0 
-140.72 27.7932 -0.146042 0.277306 2.49576 80 2 25 10 43409 0 
-140.711 27.7932 -0.146047 0.277306 2.49576 80 2 25 10 43410 0 
-140.702 27.7931 -0.146052 0.277306 2.49576 80 2 25 10 43411 0 
-140.692 27.7931 -0.146057 0.277306 2.49576 80 2 25 10 43412 0 
-140.683 27.7931 -0.146062 0.277306 2.49576 80 2 25 10 43413 0 
-140.674 27.7931 -0.146067 0.277306 2.49576 80 2 25 10 43414 0 
-140.665 27.7931 -0.146072 0.277306 2.49576 80 2 25 10 43415 0 
-140.655 27.793 -0.146077 0.277306 2.49576 80 2 25 10 43416 0 
-140.646 27.793 -0.146082 0.277306 2.49576 80 2 25 10 43417 0 
-140.637 27.793 -0.146087 0.277306 2.49576 80 2 25 10 43418 0 
-140.628 27.793 -0.146092 0.277306 2.49576 80 2 25 10 43419 0 
-140.618 27.7929 -0.146097 0.277306 2.49576 80 2 25 10 43420 0 
-140.609 27.7929 -0.146102 0.277306 2.49576 80 2 25 10 43421 0 
-140.6 27.7929 -0.146107 0.277306 2.49576 80 2 25 10 43422 0 
-140.591 27.7929 -0.146112 0.277306 2.49576 80 2 25 10 43423 0 
-140.581 27.7928 -0.146117 0.277306 2.49576 80 2 25 10 43424 0 
-140.572 27.7928 -0.146122 0.277306 2.49576 80 2 25 10 43425 0 
-140.563 27.7928 -0.146127 0.277306 2.49576 80 2 25 10 43426 0 
-140.554 27.7928 -0.146132 0.277306 2.49576 80 2 25 10 43427 0 
-140.544 27.7928 -0.146137 0.277306 2.49576 80 2 25 10 43428 0 
-140.535 27.7927 -0.146142 0.277306 2.49576 80 2 25 10 43429 0 
-140.526 27.7927 -0.146147 0.277306 2.49576 80 2 25 10 43430 0 
-140.517 27.7927 -0.146152 0.277306 2.49576 80 2 25 10 43431 0 
-140.507 27.7927 -0.146157 0.277306 2.49576 80 2 25 10 43432 0 
-140.498 27.7926 -0.146162 0.277306 2.49576 80 2 25 10 43433 0 
-140.489 27.7926 -0.146167 0.277306 2.49576 80 2 25 10 43434 0 
-140.48 27.7926 -0.146172 0.277306 2.49576 80 2 25 10 43435 0 
-140.47 27.7926 -0.146176 0.277306 2.49576 80 2 25 10 43436 0 
-140.461 27.7925 -0.146181 0.277306 2.49576 80 2 25 10 43437 0 
-140.452 27.7925 -0.146186 0.277306 2.49576 80 2 25 10 43438 0 
-140.443 27.7925 -0.146191 0.277306 2.49576 80 2 25 10 43439 0 
-140.433 27.7925 -0.146196 0.277306 2.49576 80 2 25 10 43440 0 
-140.424 27.7925 -0.146201 0.277306 2.49576 80 2 25 10 43441 0 
-140.415 27.7924 -0.146206 0.277306 2.49576 80 2 25 10 43442 0 
-140.406 27.7924 -0.146211 0.277306 2.49576 80 2 25 10 43443 0 
-140.396 27.7924 -0.146216 0.277306 2.49576 80 2 25 10 43444 0 
-140.387 27.7924 -0.146221 0.277306 2.49576 80 2 25 10 43445 0 
-140.378 27.7923 -0.146226 0.277306 2.49576 80 2 25 10 43446 0 
-140.369 27.7923 -0.146231 0.277306 2.49576 80 2 25 10 43447 0 
-140.359 27.7923 -0.146236 0.277306 2.49576 80 2 25 10 43448 0 
-140.35 27.7923 -0.146241 0.277306 2.49576 80 2 25 10 43449 0 
-140.341 27.7922 -0.146246 0.277306 2.49576 80 2 25 10 43450 0 
-140.332 27.7922 -0.146251 0.277306 2.49576 80 2 25 10 43451 0 
-140.322 27.7922 -0.146256 0.277306 2.49576 80 2 25 10 43452 0 
-140.313 27.7922 -0.146261 0.277306 2.49576 80 2 25 10 43453 0 
-140.304 27.7922 -0.146266 0.277306 2.49576 80 2 25 10 43454 0 
-140.295 27.7921 -0.146271 0.277306 2.49576 80 2 25 10 43455 0 
-140.285 27.7921 -0.146276 0.277306 2.49576 80 2 25 10 43456 0 
-140.276 27.7921 -0.146281 0.277306 2.49576 80 2 25 10 43457 0 
-140.267 27.7921 -0.146286 0.277306 2.49576 80 2 25 10 43458 0 
-140.258 27.792 -0.146291 0.277306 2.49576 80 2 25 10 43459 0 
-140.248 27.792 -0.146296 0.277306 2.49576 80 2 25 10 43460 0 
-140.239 27.792 -0.146301 0.277306 2.49576 80 2 25 10 43461 0 
-140.23 27.792 -0.146306 0.277306 2.49576 80 2 25 10 43462 0 
-140.221 27.792 -0.146311 0.277306 2.49576 80 2 25 10 43463 0 
-140.211 27.7919 -0.146316 0.277306 2.49576 80 2 25 10 43464 0 
-140.202 27.7919 -0.146321 0.277306 2.49576 80 2 25 10 43465 0 
-140.193 27.7919 -0.146326 0.277306 2.49576 80 2 25 10 43466 0 
-140.184 27.7919 -0.146331 0.277306 2.49576 80 2 25 10 43467 0 
-140.174 27.7918 -0.146336 0.277306 2.49576 80 2 25 10 43468 0 
-140.165 27.7918 -0.146341 0.277306 2.49576 80 2 25 10 43469 0 
-140.156 27.7918 -0.146346 0.277306 2.49576 80 2 25 10 43470 0 
-140.147 27.7918 -0.146351 0.277306 2.49576 80 2 25 10 43471 0 
-140.138 27.7917 -0.146356 0.277306 2.49576 80 2 25 10 43472 0 
-140.128 27.7917 -0.146361 0.277306 2.49576 80 2 25 10 43473 0 
-140.119 27.7917 -0.146366 0.277306 2.49576 80 2 25 10 43474 0 
-140.11 27.7917 -0.146371 0.277306 2.49576 80 2 25 10 43475 0 
-140.101 27.7917 -0.146376 0.277306 2.49576 80 2 25 10 43476 0 
-140.091 27.7916 -0.146381 0.277306 2.49576 80 2 25 10 43477 0 
-140.082 27.7916 -0.146386 0.277306 2.49576 80 2 25 10 43478 0 
-140.073 27.7916 -0.146391 0.277306 2.49576 80 2 25 10 43479 0 
-140.064 27.7916 -0.146396 0.277306 2.49576 80 2 25 10 43480 0 
-140.054 27.7915 -0.146401 0.277306 2.49576 80 2 25 10 43481 0 
-140.045 27.7915 -0.146406 0.277306 2.49576 80 2 25 10 43482 0 
-140.036 27.7915 -0.146411 0.277306 2.49576 80 2 25 10 43483 0 
-140.027 27.7915 -0.146416 0.277306 2.49576 80 2 25 10 43484 0 
-140.017 27.7914 -0.146421 0.277306 2.49576 80 2 25 10 43485 0 
-140.008 27.7914 -0.146426 0.277306 2.49576 80 2 25 10 43486 0 
-139.999 27.7914 -0.146431 0.277306 2.49576 80 2 25 10 43487 0 
-139.99 27.7914 -0.146436 0.277306 2.49576 80 2 25 10 43488 0 
-139.98 27.7914 -0.146441 0.277306 2.49576 80 2 25 10 43489 0 
-139.971 27.7913 -0.146446 0.277306 2.49576 80 2 25 10 43490 0 
-139.962 27.7913 -0.146451 0.277306 2.49576 80 2 25 10 43491 0 
-139.953 27.7913 -0.146456 0.277306 2.49576 80 2 25 10 43492 0 
-139.943 27.7913 -0.146461 0.277306 2.49576 80 2 25 10 43493 0 
-139.934 27.7912 -0.146466 0.277306 2.49576 80 2 25 10 43494 0 
-139.925 27.7912 -0.146471 0.277306 2.49576 80 2 25 10 43495 0 
-139.916 27.7912 -0.146476 0.277306 2.49576 80 2 25 10 43496 0 
-139.906 27.7912 -0.146481 0.277306 2.49576 80 2 25 10 43497 0 
-139.897 27.7912 -0.146486 0.277306 2.49576 80 2 25 10 43498 0 
-139.888 27.7911 -0.146491 0.277306 2.49576 80 2 25 10 43499 0 
-139.879 27.7911 -0.146496 0.277306 2.49576 80 2 25 10 43500 0 
-139.869 27.7911 -0.146501 0.277306 2.49576 80 2 25 10 43501 0 
-139.86 27.7911 -0.146506 0.277306 2.49576 80 2 25 10 43502 0 
-139.851 27.791 -0.146511 0.277306 2.49576 80 2 25 10 43503 0 
-139.842 27.791 -0.146516 0.277306 2.49576 80 2 25 10 43504 0 
-139.832 27.791 -0.146521 0.277306 2.49576 80 2 25 10 43505 0 
-139.823 27.791 -0.146526 0.277306 2.49576 80 2 25 10 43506 0 
-139.814 27.7909 -0.146531 0.277306 2.49576 80 2 25 10 43507 0 
-139.805 27.7909 -0.146536 0.277306 2.49576 80 2 25 10 43508 0 
-139.795 27.7909 -0.146541 0.277306 2.49576 80 2 25 10 43509 0 
-139.786 27.7909 -0.146546 0.277306 2.49576 80 2 25 10 43510 0 
-139.777 27.7909 -0.146551 0.277306 2.49576 80 2 25 10 43511 0 
-139.768 27.7908 -0.146556 0.277306 2.49576 80 2 25 10 43512 0 
-139.758 27.7908 -0.146561 0.277306 2.49576 80 2 25 10 43513 0 
-139.749 27.7908 -0.146566 0.277306 2.49576 80 2 25 10 43514 0 
-139.74 27.7908 -0.146571 0.277306 2.49576 80 2 25 10 43515 0 
-139.731 27.7907 -0.146576 0.277306 2.49576 80 2 25 10 43516 0 
-139.721 27.7907 -0.146581 0.277306 2.49576 80 2 25 10 43517 0 
-139.712 27.7907 -0.146586 0.277306 2.49576 80 2 25 10 43518 0 
-139.703 27.7907 -0.146591 0.277306 2.49576 80 2 25 10 43519 0 
-139.694 27.7906 -0.146596 0.277306 2.49576 80 2 25 10 43520 0 
-139.684 27.7906 -0.146601 0.277306 2.49576 80 2 25 10 43521 0 
-139.675 27.7906 -0.146606 0.277306 2.49576 80 2 25 10 43522 0 
-139.666 27.7906 -0.146611 0.277306 2.49576 80 2 25 10 43523 0 
-139.657 27.7906 -0.146616 0.277306 2.49576 80 2 25 10 43524 0 
-139.647 27.7905 -0.146621 0.277306 2.49576 80 2 25 10 43525 0 
-139.638 27.7905 -0.146626 0.277306 2.49576 80 2 25 10 43526 0 
-139.629 27.7905 -0.146631 0.277306 2.49576 80 2 25 10 43527 0 
-139.62 27.7905 -0.146636 0.277306 2.49576 80 2 25 10 43528 0 
-139.61 27.7904 -0.146641 0.277306 2.49576 80 2 25 10 43529 0 
-139.601 27.7904 -0.146646 0.277306 2.49576 80 2 25 10 43530 0 
-139.592 27.7904 -0.146651 0.277306 2.49576 80 2 25 10 43531 0 
-139.583 27.7904 -0.146656 0.277306 2.49576 80 2 25 10 43532 0 
-139.573 27.7903 -0.146661 0.277306 2.49576 80 2 25 10 43533 0 
-139.564 27.7903 -0.146666 0.277306 2.49576 80 2 25 10 43534 0 
-139.555 27.7903 -0.146671 0.277306 2.49576 80 2 25 10 43535 0 
-139.546 27.7903 -0.146676 0.277306 2.49576 80 2 25 10 43536 0 
-139.536 27.7903 -0.146681 0.277306 2.49576 80 2 25 10 43537 0 
-139.527 27.7902 -0.146686 0.277306 2.49576 80 2 25 10 43538 0 
-139.518 27.7902 -0.146691 0.277306 2.49576 80 2 25 10 43539 0 
-139.509 27.7902 -0.146696 0.277306 2.49576 80 2 25 10 43540 0 
-139.499 27.7902 -0.146701 0.277306 2.49576 80 2 25 10 43541 0 
-139.49 27.7901 -0.146706 0.277306 2.49576 80 2 25 10 43542 0 
-139.481 27.7901 -0.146711 0.277306 2.49576 80 2 25 10 43543 0 
-139.472 27.7901 -0.146716 0.277306 2.49576 80 2 25 10 43544 0 
-139.462 27.7901 -0.146721 0.277306 2.49576 80 2 25 10 43545 0 
-139.453 27.7901 -0.146726 0.277306 2.49576 80 2 25 10 43546 0 
-139.444 27.79 -0.146731 0.277306 2.49576 80 2 25 10 43547 0 
-139.435 27.79 -0.146736 0.277306 2.49576 80 2 25 10 43548 0 
-139.426 27.79 -0.146741 0.277306 2.49576 80 2 25 10 43549 0 
-139.416 27.79 -0.146746 0.277306 2.49576 80 2 25 10 43550 0 
-139.407 27.7899 -0.146751 0.277306 2.49576 80 2 25 10 43551 0 
-139.398 27.7899 -0.146756 0.277306 2.49576 80 2 25 10 43552 0 
-139.389 27.7899 -0.146761 0.277306 2.49576 80 2 25 10 43553 0 
-139.379 27.7899 -0.146766 0.277306 2.49576 80 2 25 10 43554 0 
-139.37 27.7898 -0.146771 0.277306 2.49576 80 2 25 10 43555 0 
-139.361 27.7898 -0.146776 0.277306 2.49576 80 2 25 10 43556 0 
-139.352 27.7898 -0.146781 0.277306 2.49576 80 2 25 10 43557 0 
-139.342 27.7898 -0.146786 0.277306 2.49576 80 2 25 10 43558 0 
-139.333 27.7898 -0.146791 0.277306 2.49576 80 2 25 10 43559 0 
-139.324 27.7897 -0.146796 0.277306 2.49576 80 2 25 10 43560 0 
-139.315 27.7897 -0.146802 0.277306 2.49576 80 2 25 10 43561 0 
-139.305 27.7897 -0.146807 0.277306 2.49576 80 2 25 10 43562 0 
-139.296 27.7897 -0.146812 0.277306 2.49576 80 2 25 10 43563 0 
-139.287 27.7896 -0.146817 0.277306 2.49576 80 2 25 10 43564 0 
-139.278 27.7896 -0.146822 0.277306 2.49576 80 2 25 10 43565 0 
-139.268 27.7896 -0.146827 0.277306 2.49576 80 2 25 10 43566 0 
-139.259 27.7896 -0.146832 0.277306 2.49576 80 2 25 10 43567 0 
-139.25 27.7895 -0.146837 0.277306 2.49576 80 2 25 10 43568 0 
-139.241 27.7895 -0.146842 0.277306 2.49576 80 2 25 10 43569 0 
-139.231 27.7895 -0.146847 0.277306 2.49576 80 2 25 10 43570 0 
-139.222 27.7895 -0.146852 0.277306 2.49576 80 2 25 10 43571 0 
-139.213 27.7895 -0.146857 0.277306 2.49576 80 2 25 10 43572 0 
-139.204 27.7894 -0.146862 0.277306 2.49576 80 2 25 10 43573 0 
-139.194 27.7894 -0.146867 0.277306 2.49576 80 2 25 10 43574 0 
-139.185 27.7894 -0.146872 0.277306 2.49576 80 2 25 10 43575 0 
-139.176 27.7894 -0.146877 0.277306 2.49576 80 2 25 10 43576 0 
-139.167 27.7893 -0.146882 0.277306 2.49576 80 2 25 10 43577 0 
-139.157 27.7893 -0.146887 0.277306 2.49576 80 2 25 10 43578 0 
-139.148 27.7893 -0.146892 0.277306 2.49576 80 2 25 10 43579 0 
-139.139 27.7893 -0.146897 0.277306 2.49576 80 2 25 10 43580 0 
-139.13 27.7893 -0.146902 0.277306 2.49576 80 2 25 10 43581 0 
-139.12 27.7892 -0.146907 0.277306 2.49576 80 2 25 10 43582 0 
-139.111 27.7892 -0.146912 0.277306 2.49576 80 2 25 10 43583 0 
-139.102 27.7892 -0.146917 0.277306 2.49576 80 2 25 10 43584 0 
-139.093 27.7892 -0.146922 0.277306 2.49576 80 2 25 10 43585 0 
-139.083 27.7891 -0.146927 0.277306 2.49576 80 2 25 10 43586 0 
-139.074 27.7891 -0.146932 0.277306 2.49576 80 2 25 10 43587 0 
-139.065 27.7891 -0.146937 0.277306 2.49576 80 2 25 10 43588 0 
-139.056 27.7891 -0.146942 0.277306 2.49576 80 2 25 10 43589 0 
-139.046 27.789 -0.146947 0.277306 2.49576 80 2 25 10 43590 0 
-139.037 27.789 -0.146953 0.277306 2.49576 80 2 25 10 43591 0 
-139.028 27.789 -0.146958 0.277306 2.49576 80 2 25 10 43592 0 
-139.019 27.789 -0.146963 0.277306 2.49576 80 2 25 10 43593 0 
-139.009 27.789 -0.146968 0.277306 2.49576 80 2 25 10 43594 0 
-139 27.7889 -0.146973 0.277306 2.49576 80 2 25 10 43595 0 
-138.991 27.7889 -0.146978 0.277306 2.49576 80 2 25 10 43596 0 
-138.982 27.7889 -0.146983 0.277306 2.49576 80 2 25 10 43597 0 
-138.972 27.7889 -0.146988 0.277306 2.49576 80 2 25 10 43598 0 
-138.963 27.7888 -0.146993 0.277306 2.49576 80 2 25 10 43599 0 
-138.954 27.7888 -0.146998 0.277306 2.49576 80 2 25 10 43600 0 
-138.945 27.7888 -0.147003 0.277306 2.49576 80 2 25 10 43601 0 
-138.935 27.7888 -0.147008 0.277306 2.49576 80 2 25 10 43602 0 
-138.926 27.7887 -0.147013 0.277306 2.49576 80 2 25 10 43603 0 
-138.917 27.7887 -0.147018 0.277306 2.49576 80 2 25 10 43604 0 
-138.908 27.7887 -0.147023 0.277306 2.49576 80 2 25 10 43605 0 
-138.898 27.7887 -0.147028 0.277306 2.49576 80 2 25 10 43606 0 
-138.889 27.7887 -0.147033 0.277306 2.49576 80 2 25 10 43607 0 
-138.88 27.7886 -0.147038 0.277306 2.49576 80 2 25 10 43608 0 
-138.871 27.7886 -0.147043 0.277306 2.49576 80 2 25 10 43609 0 
-138.861 27.7886 -0.147048 0.277306 2.49576 80 2 25 10 43610 0 
-138.852 27.7886 -0.147053 0.277306 2.49576 80 2 25 10 43611 0 
-138.843 27.7885 -0.147058 0.277306 2.49576 80 2 25 10 43612 0 
-138.834 27.7885 -0.147063 0.277306 2.49576 80 2 25 10 43613 0 
-138.824 27.7885 -0.147069 0.277306 2.49576 80 2 25 10 43614 0 
-138.815 27.7885 -0.147074 0.277306 2.49576 80 2 25 10 43615 0 
-138.806 27.7885 -0.147079 0.277306 2.49576 80 2 25 10 43616 0 
-138.797 27.7884 -0.147084 0.277306 2.49576 80 2 25 10 43617 0 
-138.787 27.7884 -0.147089 0.277306 2.49576 80 2 25 10 43618 0 
-138.778 27.7884 -0.147094 0.277306 2.49576 80 2 25 10 43619 0 
-138.769 27.7884 -0.147099 0.277306 2.49576 80 2 25 10 43620 0 
-138.76 27.7883 -0.147104 0.277306 2.49576 80 2 25 10 43621 0 
-138.75 27.7883 -0.147109 0.277306 2.49576 80 2 25 10 43622 0 
-138.741 27.7883 -0.147114 0.277306 2.49576 80 2 25 10 43623 0 
-138.732 27.7883 -0.147119 0.277306 2.49576 80 2 25 10 43624 0 
-138.723 27.7882 -0.147124 0.277306 2.49576 80 2 25 10 43625 0 
-138.714 27.7882 -0.147129 0.277306 2.49576 80 2 25 10 43626 0 
-138.704 27.7882 -0.147134 0.277306 2.49576 80 2 25 10 43627 0 
-138.695 27.7882 -0.147139 0.277306 2.49576 80 2 25 10 43628 0 
-138.686 27.7882 -0.147144 0.277306 2.49576 80 2 25 10 43629 0 
-138.677 27.7881 -0.147149 0.277306 2.49576 80 2 25 10 43630 0 
-138.667 27.7881 -0.147154 0.277306 2.49576 80 2 25 10 43631 0 
-138.658 27.7881 -0.147159 0.277306 2.49576 80 2 25 10 43632 0 
-138.649 27.7881 -0.147165 0.277306 2.49576 80 2 25 10 43633 0 
-138.64 27.788 -0.14717 0.277306 2.49576 80 2 25 10 43634 0 
-138.63 27.788 -0.147175 0.277306 2.49576 80 2 25 10 43635 0 
-138.621 27.788 -0.14718 0.277306 2.49576 80 2 25 10 43636 0 
-138.612 27.788 -0.147185 0.277306 2.49576 80 2 25 10 43637 0 
-138.603 27.7879 -0.14719 0.277306 2.49576 80 2 25 10 43638 0 
-138.593 27.7879 -0.147195 0.277306 2.49576 80 2 25 10 43639 0 
-138.584 27.7879 -0.1472 0.277306 2.49576 80 2 25 10 43640 0 
-138.575 27.7879 -0.147205 0.277306 2.49576 80 2 25 10 43641 0 
-138.566 27.7879 -0.14721 0.277306 2.49576 80 2 25 10 43642 0 
-138.556 27.7878 -0.147215 0.277306 2.49576 80 2 25 10 43643 0 
-138.547 27.7878 -0.14722 0.277306 2.49576 80 2 25 10 43644 0 
-138.538 27.7878 -0.147225 0.277306 2.49576 80 2 25 10 43645 0 
-138.529 27.7878 -0.14723 0.277306 2.49576 80 2 25 10 43646 0 
-138.519 27.7877 -0.147235 0.277306 2.49576 80 2 25 10 43647 0 
-138.51 27.7877 -0.14724 0.277306 2.49576 80 2 25 10 43648 0 
-138.501 27.7877 -0.147246 0.277306 2.49576 80 2 25 10 43649 0 
-138.492 27.7877 -0.147251 0.277306 2.49576 80 2 25 10 43650 0 
-138.482 27.7876 -0.147256 0.277306 2.49576 80 2 25 10 43651 0 
-138.473 27.7876 -0.147261 0.277306 2.49576 80 2 25 10 43652 0 
-138.464 27.7876 -0.147266 0.277306 2.49576 80 2 25 10 43653 0 
-138.455 27.7876 -0.147271 0.277306 2.49576 80 2 25 10 43654 0 
-138.445 27.7876 -0.147276 0.277306 2.49576 80 2 25 10 43655 0 
-138.436 27.7875 -0.147281 0.277306 2.49576 80 2 25 10 43656 0 
-138.427 27.7875 -0.147286 0.277306 2.49576 80 2 25 10 43657 0 
-138.418 27.7875 -0.147291 0.277306 2.49576 80 2 25 10 43658 0 
-138.408 27.7875 -0.147296 0.277306 2.49576 80 2 25 10 43659 0 
-138.399 27.7874 -0.147301 0.277306 2.49576 80 2 25 10 43660 0 
-138.39 27.7874 -0.147306 0.277306 2.49576 80 2 25 10 43661 0 
-138.381 27.7874 -0.147311 0.277306 2.49576 80 2 25 10 43662 0 
-138.371 27.7874 -0.147316 0.277306 2.49576 80 2 25 10 43663 0 
-138.362 27.7874 -0.147322 0.277306 2.49576 80 2 25 10 43664 0 
-138.353 27.7873 -0.147327 0.277306 2.49576 80 2 25 10 43665 0 
-138.344 27.7873 -0.147332 0.277306 2.49576 80 2 25 10 43666 0 
-138.334 27.7873 -0.147337 0.277306 2.49576 80 2 25 10 43667 0 
-138.325 27.7873 -0.147342 0.277306 2.49576 80 2 25 10 43668 0 
-138.316 27.7872 -0.147347 0.277306 2.49576 80 2 25 10 43669 0 
-138.307 27.7872 -0.147352 0.277306 2.49576 80 2 25 10 43670 0 
-138.297 27.7872 -0.147357 0.277306 2.49576 80 2 25 10 43671 0 
-138.288 27.7872 -0.147362 0.277306 2.49576 80 2 25 10 43672 0 
-138.279 27.7871 -0.147367 0.277306 2.49576 80 2 25 10 43673 0 
-138.27 27.7871 -0.147372 0.277306 2.49576 80 2 25 10 43674 0 
-138.26 27.7871 -0.147377 0.277306 2.49576 80 2 25 10 43675 0 
-138.251 27.7871 -0.147382 0.277306 2.49576 80 2 25 10 43676 0 
-138.242 27.7871 -0.147387 0.277306 2.49576 80 2 25 10 43677 0 
-138.233 27.787 -0.147393 0.277306 2.49576 80 2 25 10 43678 0 
-138.223 27.787 -0.147398 0.277306 2.49576 80 2 25 10 43679 0 
-138.214 27.787 -0.147403 0.277306 2.49576 80 2 25 10 43680 0 
-138.205 27.787 -0.147408 0.277306 2.49576 80 2 25 10 43681 0 
-138.196 27.7869 -0.147413 0.277306 2.49576 80 2 25 10 43682 0 
-138.186 27.7869 -0.147418 0.277306 2.49576 80 2 25 10 43683 0 
-138.177 27.7869 -0.147423 0.277306 2.49576 80 2 25 10 43684 0 
-138.168 27.7869 -0.147428 0.277306 2.49576 80 2 25 10 43685 0 
-138.159 27.7868 -0.147433 0.277306 2.49576 80 2 25 10 43686 0 
-138.149 27.7868 -0.147438 0.277306 2.49576 80 2 25 10 43687 0 
-138.14 27.7868 -0.147443 0.277306 2.49576 80 2 25 10 43688 0 
-138.131 27.7868 -0.147448 0.277306 2.49576 80 2 25 10 43689 0 
-138.122 27.7868 -0.147454 0.277306 2.49576 80 2 25 10 43690 0 
-138.112 27.7867 -0.147459 0.277306 2.49576 80 2 25 10 43691 0 
-138.103 27.7867 -0.147464 0.277306 2.49576 80 2 25 10 43692 0 
-138.094 27.7867 -0.147469 0.277306 2.49576 80 2 25 10 43693 0 
-138.085 27.7867 -0.147474 0.277306 2.49576 80 2 25 10 43694 0 
-138.075 27.7866 -0.147479 0.277306 2.49576 80 2 25 10 43695 0 
-138.066 27.7866 -0.147484 0.277306 2.49576 80 2 25 10 43696 0 
-138.057 27.7866 -0.147489 0.277306 2.49576 80 2 25 10 43697 0 
-138.048 27.7866 -0.147494 0.277306 2.49576 80 2 25 10 43698 0 
-138.038 27.7866 -0.147499 0.277306 2.49576 80 2 25 10 43699 0 
-138.029 27.7865 -0.147504 0.277306 2.49576 80 2 25 10 43700 0 
-138.02 27.7865 -0.147509 0.277306 2.49576 80 2 25 10 43701 0 
-138.011 27.7865 -0.147515 0.277306 2.49576 80 2 25 10 43702 0 
-138.001 27.7865 -0.14752 0.277306 2.49576 80 2 25 10 43703 0 
-137.992 27.7864 -0.147525 0.277306 2.49576 80 2 25 10 43704 0 
-137.983 27.7864 -0.14753 0.277306 2.49576 80 2 25 10 43705 0 
-137.974 27.7864 -0.147535 0.277306 2.49576 80 2 25 10 43706 0 
-137.965 27.7864 -0.14754 0.277306 2.49576 80 2 25 10 43707 0 
-137.955 27.7863 -0.147545 0.277306 2.49576 80 2 25 10 43708 0 
-137.946 27.7863 -0.14755 0.277306 2.49576 80 2 25 10 43709 0 
-137.937 27.7863 -0.147555 0.277306 2.49576 80 2 25 10 43710 0 
-137.928 27.7863 -0.14756 0.277306 2.49576 80 2 25 10 43711 0 
-137.918 27.7863 -0.147565 0.277306 2.49576 80 2 25 10 43712 0 
-137.909 27.7862 -0.147571 0.277306 2.49576 80 2 25 10 43713 0 
-137.9 27.7862 -0.147576 0.277306 2.49576 80 2 25 10 43714 0 
-137.891 27.7862 -0.147581 0.277306 2.49576 80 2 25 10 43715 0 
-137.881 27.7862 -0.147586 0.277306 2.49576 80 2 25 10 43716 0 
-137.872 27.7861 -0.147591 0.277306 2.49576 80 2 25 10 43717 0 
-137.863 27.7861 -0.147596 0.277306 2.49576 80 2 25 10 43718 0 
-137.854 27.7861 -0.147601 0.277306 2.49576 80 2 25 10 43719 0 
-137.844 27.7861 -0.147606 0.277306 2.49576 80 2 25 10 43720 0 
-137.835 27.786 -0.147611 0.277306 2.49576 80 2 25 10 43721 0 
-137.826 27.786 -0.147616 0.277306 2.49576 80 2 25 10 43722 0 
-137.817 27.786 -0.147621 0.277306 2.49576 80 2 25 10 43723 0 
-137.807 27.786 -0.147627 0.277306 2.49576 80 2 25 10 43724 0 
-137.798 27.786 -0.147632 0.277306 2.49576 80 2 25 10 43725 0 
-137.789 27.7859 -0.147637 0.277306 2.49576 80 2 25 10 43726 0 
-137.78 27.7859 -0.147642 0.277306 2.49576 80 2 25 10 43727 0 
-137.77 27.7859 -0.147647 0.277306 2.49576 80 2 25 10 43728 0 
-137.761 27.7859 -0.147652 0.277306 2.49576 80 2 25 10 43729 0 
-137.752 27.7858 -0.147657 0.277306 2.49576 80 2 25 10 43730 0 
-137.743 27.7858 -0.147662 0.277306 2.49576 80 2 25 10 43731 0 
-137.733 27.7858 -0.147667 0.277306 2.49576 80 2 25 10 43732 0 
-137.724 27.7858 -0.147672 0.277306 2.49576 80 2 25 10 43733 0 
-137.715 27.7857 -0.147678 0.277306 2.49576 80 2 25 10 43734 0 
-137.706 27.7857 -0.147683 0.277306 2.49576 80 2 25 10 43735 0 
-137.696 27.7857 -0.147688 0.277306 2.49576 80 2 25 10 43736 0 
-137.687 27.7857 -0.147693 0.277306 2.49576 80 2 25 10 43737 0 
-137.678 27.7857 -0.147698 0.277306 2.49576 80 2 25 10 43738 0 
-137.669 27.7856 -0.147703 0.277306 2.49576 80 2 25 10 43739 0 
-137.659 27.7856 -0.147708 0.277306 2.49576 80 2 25 10 43740 0 
-137.65 27.7856 -0.147713 0.277306 2.49576 80 2 25 10 43741 0 
-137.641 27.7856 -0.147718 0.277306 2.49576 80 2 25 10 43742 0 
-137.632 27.7855 -0.147723 0.277306 2.49576 80 2 25 10 43743 0 
-137.622 27.7855 -0.147729 0.277306 2.49576 80 2 25 10 43744 0 
-137.613 27.7855 -0.147734 0.277306 2.49576 80 2 25 10 43745 0 
-137.604 27.7855 -0.147739 0.277306 2.49576 80 2 25 10 43746 0 
-137.595 27.7855 -0.147744 0.277306 2.49576 80 2 25 10 43747 0 
-137.585 27.7854 -0.147749 0.277306 2.49576 80 2 25 10 43748 0 
-137.576 27.7854 -0.147754 0.277306 2.49576 80 2 25 10 43749 0 
-137.567 27.7854 -0.147759 0.277306 2.49576 80 2 25 10 43750 0 
-137.558 27.7854 -0.147764 0.277306 2.49576 80 2 25 10 43751 0 
-137.548 27.7853 -0.147769 0.277306 2.49576 80 2 25 10 43752 0 
-137.539 27.7853 -0.147775 0.277306 2.49576 80 2 25 10 43753 0 
-137.53 27.7853 -0.14778 0.277306 2.49576 80 2 25 10 43754 0 
-137.521 27.7853 -0.147785 0.277306 2.49576 80 2 25 10 43755 0 
-137.511 27.7852 -0.14779 0.277306 2.49576 80 2 25 10 43756 0 
-137.502 27.7852 -0.147795 0.277306 2.49576 80 2 25 10 43757 0 
-137.493 27.7852 -0.1478 0.277306 2.49576 80 2 25 10 43758 0 
-137.484 27.7852 -0.147805 0.277306 2.49576 80 2 25 10 43759 0 
-137.474 27.7851 -0.14781 0.277306 2.49576 80 2 25 10 43760 0 
-137.465 27.7851 -0.147815 0.277306 2.49576 80 2 25 10 43761 0 
-137.456 27.7851 -0.147821 0.277306 2.49576 80 2 25 10 43762 0 
-137.447 27.7851 -0.147826 0.277306 2.49576 80 2 25 10 43763 0 
-137.437 27.785 -0.147831 0.277306 2.49576 80 2 25 10 43764 0 
-137.428 27.785 -0.147836 0.277306 2.49576 80 2 25 10 43765 0 
-137.419 27.785 -0.147841 0.277306 2.49576 80 2 25 10 43766 0 
-137.41 27.785 -0.147846 0.277306 2.49576 80 2 25 10 43767 0 
-137.4 27.7849 -0.147851 0.277306 2.49576 80 2 25 10 43768 0 
-137.391 27.7849 -0.147856 0.277306 2.49576 80 2 25 10 43769 0 
-137.382 27.7849 -0.147861 0.277306 2.49576 80 2 25 10 43770 0 
-137.373 27.7849 -0.147866 0.277306 2.49576 80 2 25 10 43771 0 
-137.363 27.7848 -0.147872 0.277306 2.49576 80 2 25 10 43772 0 
-137.354 27.7848 -0.147877 0.277306 2.49576 80 2 25 10 43773 0 
-137.345 27.7848 -0.147882 0.277306 2.49576 80 2 25 10 43774 0 
-137.336 27.7848 -0.147887 0.277306 2.49576 80 2 25 10 43775 0 
-137.326 27.7847 -0.147892 0.277306 2.49576 80 2 25 10 43776 0 
-137.317 27.7847 -0.147897 0.277306 2.49576 80 2 25 10 43777 0 
-137.308 27.7847 -0.147902 0.277306 2.49576 80 2 25 10 43778 0 
-137.299 27.7847 -0.147907 0.277306 2.49576 80 2 25 10 43779 0 
-137.289 27.7846 -0.147912 0.277306 2.49576 80 2 25 10 43780 0 
-137.28 27.7846 -0.147917 0.277306 2.49576 80 2 25 10 43781 0 
-137.271 27.7846 -0.147922 0.277306 2.49576 80 2 25 10 43782 0 
-137.262 27.7846 -0.147927 0.277306 2.49576 80 2 25 10 43783 0 
-137.253 27.7845 -0.147933 0.277306 2.49576 80 2 25 10 43784 0 
-137.243 27.7845 -0.147938 0.277306 2.49576 80 2 25 10 43785 0 
-137.234 27.7845 -0.147943 0.277306 2.49576 80 2 25 10 43786 0 
-137.225 27.7845 -0.147948 0.277306 2.49576 80 2 25 10 43787 0 
-137.216 27.7845 -0.147953 0.277306 2.49576 80 2 25 10 43788 0 
-137.206 27.7844 -0.147958 0.277306 2.49576 80 2 25 10 43789 0 
-137.197 27.7844 -0.147963 0.277306 2.49576 80 2 25 10 43790 0 
-137.188 27.7844 -0.147968 0.277306 2.49576 80 2 25 10 43791 0 
-137.179 27.7844 -0.147973 0.277306 2.49576 80 2 25 10 43792 0 
-137.169 27.7843 -0.147978 0.277306 2.49576 80 2 25 10 43793 0 
-137.16 27.7843 -0.147983 0.277306 2.49576 80 2 25 10 43794 0 
-137.151 27.7843 -0.147988 0.277306 2.49576 80 2 25 10 43795 0 
-137.142 27.7843 -0.147994 0.277306 2.49576 80 2 25 10 43796 0 
-137.132 27.7842 -0.147999 0.277306 2.49576 80 2 25 10 43797 0 
-137.123 27.7842 -0.148004 0.277306 2.49576 80 2 25 10 43798 0 
-137.114 27.7842 -0.148009 0.277306 2.49576 80 2 25 10 43799 0 
-137.105 27.7842 -0.148014 0.277306 2.49576 80 2 25 10 43800 0 
-137.095 27.7841 -0.148019 0.277306 2.49576 80 2 25 10 43801 0 
-137.086 27.7841 -0.148024 0.277306 2.49576 80 2 25 10 43802 0 
-137.077 27.7841 -0.148029 0.277306 2.49576 80 2 25 10 43803 0 
-137.068 27.7841 -0.148034 0.277306 2.49576 80 2 25 10 43804 0 
-137.058 27.784 -0.148039 0.277306 2.49576 80 2 25 10 43805 0 
-137.049 27.784 -0.148044 0.277306 2.49576 80 2 25 10 43806 0 
-137.04 27.784 -0.148049 0.277306 2.49576 80 2 25 10 43807 0 
-137.031 27.784 -0.148054 0.277306 2.49576 80 2 25 10 43808 0 
-137.021 27.7839 -0.14806 0.277306 2.49576 80 2 25 10 43809 0 
-137.012 27.7839 -0.148065 0.277306 2.49576 80 2 25 10 43810 0 
-137.003 27.7839 -0.14807 0.277306 2.49576 80 2 25 10 43811 0 
-136.994 27.7839 -0.148075 0.277306 2.49576 80 2 25 10 43812 0 
-136.984 27.7838 -0.14808 0.277306 2.49576 80 2 25 10 43813 0 
-136.975 27.7838 -0.148085 0.277306 2.49576 80 2 25 10 43814 0 
-136.966 27.7838 -0.14809 0.277306 2.49576 80 2 25 10 43815 0 
-136.957 27.7838 -0.148095 0.277306 2.49576 80 2 25 10 43816 0 
-136.947 27.7837 -0.1481 0.277306 2.49576 80 2 25 10 43817 0 
-136.938 27.7837 -0.148105 0.277306 2.49576 80 2 25 10 43818 0 
-136.929 27.7837 -0.14811 0.277306 2.49576 80 2 25 10 43819 0 
-136.92 27.7837 -0.148115 0.277306 2.49576 80 2 25 10 43820 0 
-136.91 27.7836 -0.14812 0.277306 2.49576 80 2 25 10 43821 0 
-136.901 27.7836 -0.148125 0.277306 2.49576 80 2 25 10 43822 0 
-136.892 27.7836 -0.14813 0.277306 2.49576 80 2 25 10 43823 0 
-136.883 27.7836 -0.148136 0.277306 2.49576 80 2 25 10 43824 0 
-136.873 27.7835 -0.148141 0.277306 2.49576 80 2 25 10 43825 0 
-136.864 27.7835 -0.148146 0.277306 2.49576 80 2 25 10 43826 0 
-136.855 27.7835 -0.148151 0.277306 2.49576 80 2 25 10 43827 0 
-136.846 27.7835 -0.148156 0.277306 2.49576 80 2 25 10 43828 0 
-136.836 27.7834 -0.148161 0.277306 2.49576 80 2 25 10 43829 0 
-136.827 27.7834 -0.148166 0.277306 2.49576 80 2 25 10 43830 0 
-136.818 27.7834 -0.148171 0.277306 2.49576 80 2 25 10 43831 0 
-136.809 27.7834 -0.148176 0.277306 2.49576 80 2 25 10 43832 0 
-136.799 27.7833 -0.148181 0.277306 2.49576 80 2 25 10 43833 0 
-136.79 27.7833 -0.148186 0.277306 2.49576 80 2 25 10 43834 0 
-136.781 27.7833 -0.148191 0.277306 2.49576 80 2 25 10 43835 0 
-136.772 27.7833 -0.148196 0.277306 2.49576 80 2 25 10 43836 0 
-136.762 27.7832 -0.148201 0.277306 2.49576 80 2 25 10 43837 0 
-136.753 27.7832 -0.148206 0.277306 2.49576 80 2 25 10 43838 0 
-136.744 27.7832 -0.148212 0.277306 2.49576 80 2 25 10 43839 0 
-136.735 27.7832 -0.148217 0.277306 2.49576 80 2 25 10 43840 0 
-136.725 27.7831 -0.148222 0.277306 2.49576 80 2 25 10 43841 0 
-136.716 27.7831 -0.148227 0.277306 2.49576 80 2 25 10 43842 0 
-136.707 27.7831 -0.148232 0.277306 2.49576 80 2 25 10 43843 0 
-136.698 27.7831 -0.148237 0.277306 2.49576 80 2 25 10 43844 0 
-136.688 27.783 -0.148242 0.277306 2.49576 80 2 25 10 43845 0 
-136.679 27.783 -0.148247 0.277306 2.49576 80 2 25 10 43846 0 
-136.67 27.783 -0.148252 0.277306 2.49576 80 2 25 10 43847 0 
-136.661 27.783 -0.148257 0.277306 2.49576 80 2 25 10 43848 0 
-136.651 27.7829 -0.148262 0.277306 2.49576 80 2 25 10 43849 0 
-136.642 27.7829 -0.148267 0.277306 2.49576 80 2 25 10 43850 0 
-136.633 27.7829 -0.148272 0.277306 2.49576 80 2 25 10 43851 0 
-136.624 27.7829 -0.148277 0.277306 2.49576 80 2 25 10 43852 0 
-136.614 27.7828 -0.148283 0.277306 2.49576 80 2 25 10 43853 0 
-136.605 27.7828 -0.148288 0.277306 2.49576 80 2 25 10 43854 0 
-136.596 27.7828 -0.148293 0.277306 2.49576 80 2 25 10 43855 0 
-136.587 27.7828 -0.148298 0.277306 2.49576 80 2 25 10 43856 0 
-136.577 27.7827 -0.148303 0.277306 2.49576 80 2 25 10 43857 0 
-136.568 27.7827 -0.148308 0.277306 2.49576 80 2 25 10 43858 0 
-136.559 27.7827 -0.148313 0.277306 2.49576 80 2 25 10 43859 0 
-136.55 27.7827 -0.148318 0.277306 2.49576 80 2 25 10 43860 0 
-136.54 27.7826 -0.148323 0.277306 2.49576 80 2 25 10 43861 0 
-136.531 27.7826 -0.148328 0.277306 2.49576 80 2 25 10 43862 0 
-136.522 27.7826 -0.148333 0.277306 2.49576 80 2 25 10 43863 0 
-136.513 27.7826 -0.148338 0.277306 2.49576 80 2 25 10 43864 0 
-136.504 27.7825 -0.148343 0.277306 2.49576 80 2 25 10 43865 0 
-136.494 27.7825 -0.148349 0.277306 2.49576 80 2 25 10 43866 0 
-136.485 27.7825 -0.148354 0.277306 2.49576 80 2 25 10 43867 0 
-136.476 27.7825 -0.148359 0.277306 2.49576 80 2 25 10 43868 0 
-136.467 27.7824 -0.148364 0.277306 2.49576 80 2 25 10 43869 0 
-136.457 27.7824 -0.148369 0.277306 2.49576 80 2 25 10 43870 0 
-136.448 27.7824 -0.148374 0.277306 2.49576 80 2 25 10 43871 0 
-136.439 27.7824 -0.148379 0.277306 2.49576 80 2 25 10 43872 0 
-136.43 27.7823 -0.148384 0.277306 2.49576 80 2 25 10 43873 0 
-136.42 27.7823 -0.148389 0.277306 2.49576 80 2 25 10 43874 0 
-136.411 27.7823 -0.148394 0.277306 2.49576 80 2 25 10 43875 0 
-136.402 27.7823 -0.148399 0.277306 2.49576 80 2 25 10 43876 0 
-136.393 27.7822 -0.148404 0.277306 2.49576 80 2 25 10 43877 0 
-136.383 27.7822 -0.14841 0.277306 2.49576 80 2 25 10 43878 0 
-136.374 27.7822 -0.148415 0.277306 2.49576 80 2 25 10 43879 0 
-136.365 27.7822 -0.14842 0.277306 2.49576 80 2 25 10 43880 0 
-136.356 27.7821 -0.148425 0.277306 2.49576 80 2 25 10 43881 0 
-136.346 27.7821 -0.14843 0.277306 2.49576 80 2 25 10 43882 0 
-136.337 27.7821 -0.148435 0.277306 2.49576 80 2 25 10 43883 0 
-136.328 27.7821 -0.14844 0.277306 2.49576 80 2 25 10 43884 0 
-136.319 27.782 -0.148445 0.277306 2.49576 80 2 25 10 43885 0 
-136.309 27.782 -0.14845 0.277306 2.49576 80 2 25 10 43886 0 
-136.3 27.782 -0.148455 0.277306 2.49576 80 2 25 10 43887 0 
-136.291 27.782 -0.14846 0.277306 2.49576 80 2 25 10 43888 0 
-136.282 27.7819 -0.148465 0.277306 2.49576 80 2 25 10 43889 0 
-136.272 27.7819 -0.148471 0.277306 2.49576 80 2 25 10 43890 0 
-136.263 27.7819 -0.148476 0.277306 2.49576 80 2 25 10 43891 0 
-136.254 27.7819 -0.148481 0.277306 2.49576 80 2 25 10 43892 0 
-136.245 27.7818 -0.148486 0.277306 2.49576 80 2 25 10 43893 0 
-136.235 27.7818 -0.148491 0.277306 2.49576 80 2 25 10 43894 0 
-136.226 27.7818 -0.148496 0.277306 2.49576 80 2 25 10 43895 0 
-136.217 27.7818 -0.148501 0.277306 2.49576 80 2 25 10 43896 0 
-136.208 27.7817 -0.148506 0.277306 2.49576 80 2 25 10 43897 0 
-136.198 27.7817 -0.148511 0.277306 2.49576 80 2 25 10 43898 0 
-136.189 27.7817 -0.148516 0.277306 2.49576 80 2 25 10 43899 0 
-136.18 27.7817 -0.148521 0.277306 2.49576 80 2 25 10 43900 0 
-136.171 27.7816 -0.148526 0.277306 2.49576 80 2 25 10 43901 0 
-136.161 27.7816 -0.148531 0.277306 2.49576 80 2 25 10 43902 0 
-136.152 27.7816 -0.148537 0.277306 2.49576 80 2 25 10 43903 0 
-136.143 27.7816 -0.148542 0.277306 2.49576 80 2 25 10 43904 0 
-136.134 27.7815 -0.148547 0.277306 2.49576 80 2 25 10 43905 0 
-136.124 27.7815 -0.148552 0.277306 2.49576 80 2 25 10 43906 0 
-136.115 27.7815 -0.148557 0.277306 2.49576 80 2 25 10 43907 0 
-136.106 27.7815 -0.148562 0.277306 2.49576 80 2 25 10 43908 0 
-136.097 27.7815 -0.148567 0.277306 2.49576 80 2 25 10 43909 0 
-136.087 27.7814 -0.148572 0.277306 2.49576 80 2 25 10 43910 0 
-136.078 27.7814 -0.148577 0.277306 2.49576 80 2 25 10 43911 0 
-136.069 27.7814 -0.148582 0.277306 2.49576 80 2 25 10 43912 0 
-136.06 27.7814 -0.148587 0.277306 2.49576 80 2 25 10 43913 0 
-136.05 27.7813 -0.148592 0.277306 2.49576 80 2 25 10 43914 0 
-136.041 27.7813 -0.148598 0.277306 2.49576 80 2 25 10 43915 0 
-136.032 27.7813 -0.148603 0.277306 2.49576 80 2 25 10 43916 0 
-136.023 27.7813 -0.148608 0.277306 2.49576 80 2 25 10 43917 0 
-136.013 27.7812 -0.148613 0.277306 2.49576 80 2 25 10 43918 0 
-136.004 27.7812 -0.148618 0.277306 2.49576 80 2 25 10 43919 0 
-135.995 27.7812 -0.148623 0.277306 2.49576 80 2 25 10 43920 0 
-135.986 27.7812 -0.148628 0.277306 2.49576 80 2 25 10 43921 0 
-135.976 27.7811 -0.148633 0.277306 2.49576 80 2 25 10 43922 0 
-135.967 27.7811 -0.148638 0.277306 2.49576 80 2 25 10 43923 0 
-135.958 27.7811 -0.148643 0.277306 2.49576 80 2 25 10 43924 0 
-135.949 27.7811 -0.148648 0.277306 2.49576 80 2 25 10 43925 0 
-135.939 27.781 -0.148653 0.277306 2.49576 80 2 25 10 43926 0 
-135.93 27.781 -0.148659 0.277306 2.49576 80 2 25 10 43927 0 
-135.921 27.781 -0.148664 0.277306 2.49576 80 2 25 10 43928 0 
-135.912 27.781 -0.148669 0.277306 2.49576 80 2 25 10 43929 0 
-135.902 27.7809 -0.148674 0.277306 2.49576 80 2 25 10 43930 0 
-135.893 27.7809 -0.148679 0.277306 2.49576 80 2 25 10 43931 0 
-135.884 27.7809 -0.148684 0.277306 2.49576 80 2 25 10 43932 0 
-135.875 27.7809 -0.148689 0.277306 2.49576 80 2 25 10 43933 0 
-135.865 27.7808 -0.148694 0.277306 2.49576 80 2 25 10 43934 0 
-135.856 27.7808 -0.148699 0.277306 2.49576 80 2 25 10 43935 0 
-135.847 27.7808 -0.148704 0.277306 2.49576 80 2 25 10 43936 0 
-135.838 27.7808 -0.14871 0.277306 2.49576 80 2 25 10 43937 0 
-135.828 27.7807 -0.148715 0.277306 2.49576 80 2 25 10 43938 0 
-135.819 27.7807 -0.14872 0.277306 2.49576 80 2 25 10 43939 0 
-135.81 27.7807 -0.148725 0.277306 2.49576 80 2 25 10 43940 0 
-135.801 27.7807 -0.14873 0.277306 2.49576 80 2 25 10 43941 0 
-135.792 27.7806 -0.148735 0.277306 2.49576 80 2 25 10 43942 0 
-135.782 27.7806 -0.14874 0.277306 2.49576 80 2 25 10 43943 0 
-135.773 27.7806 -0.148745 0.277306 2.49576 80 2 25 10 43944 0 
-135.764 27.7806 -0.14875 0.277306 2.49576 80 2 25 10 43945 0 
-135.755 27.7805 -0.148755 0.277306 2.49576 80 2 25 10 43946 0 
-135.745 27.7805 -0.14876 0.277306 2.49576 80 2 25 10 43947 0 
-135.736 27.7805 -0.148766 0.277306 2.49576 80 2 25 10 43948 0 
-135.727 27.7805 -0.148771 0.277306 2.49576 80 2 25 10 43949 0 
-135.718 27.7804 -0.148776 0.277306 2.49576 80 2 25 10 43950 0 
-135.708 27.7804 -0.148781 0.277306 2.49576 80 2 25 10 43951 0 
-135.699 27.7804 -0.148786 0.277306 2.49576 80 2 25 10 43952 0 
-135.69 27.7804 -0.148791 0.277306 2.49576 80 2 25 10 43953 0 
-135.681 27.7803 -0.148796 0.277306 2.49576 80 2 25 10 43954 0 
-135.671 27.7803 -0.148801 0.277306 2.49576 80 2 25 10 43955 0 
-135.662 27.7803 -0.148806 0.277306 2.49576 80 2 25 10 43956 0 
-135.653 27.7803 -0.148811 0.277306 2.49576 80 2 25 10 43957 0 
-135.644 27.7802 -0.148817 0.277306 2.49576 80 2 25 10 43958 0 
-135.634 27.7802 -0.148822 0.277306 2.49576 80 2 25 10 43959 0 
-135.625 27.7802 -0.148827 0.277306 2.49576 80 2 25 10 43960 0 
-135.616 27.7802 -0.148832 0.277306 2.49576 80 2 25 10 43961 0 
-135.607 27.7801 -0.148837 0.277306 2.49576 80 2 25 10 43962 0 
-135.597 27.7801 -0.148842 0.277306 2.49576 80 2 25 10 43963 0 
-135.588 27.7801 -0.148847 0.277306 2.49576 80 2 25 10 43964 0 
-135.579 27.7801 -0.148852 0.277306 2.49576 80 2 25 10 43965 0 
-135.57 27.78 -0.148857 0.277306 2.49576 80 2 25 10 43966 0 
-135.56 27.78 -0.148862 0.277306 2.49576 80 2 25 10 43967 0 
-135.551 27.78 -0.148868 0.277306 2.49576 80 2 25 10 43968 0 
-135.542 27.78 -0.148873 0.277306 2.49576 80 2 25 10 43969 0 
-135.533 27.7799 -0.148878 0.277306 2.49576 80 2 25 10 43970 0 
-135.523 27.7799 -0.148883 0.277306 2.49576 80 2 25 10 43971 0 
-135.514 27.7799 -0.148888 0.277306 2.49576 80 2 25 10 43972 0 
-135.505 27.7799 -0.148893 0.277306 2.49576 80 2 25 10 43973 0 
-135.496 27.7798 -0.148898 0.277306 2.49576 80 2 25 10 43974 0 
-135.486 27.7798 -0.148903 0.277306 2.49576 80 2 25 10 43975 0 
-135.477 27.7798 -0.148908 0.277306 2.49576 80 2 25 10 43976 0 
-135.468 27.7798 -0.148914 0.277306 2.49576 80 2 25 10 43977 0 
-135.459 27.7797 -0.148919 0.277306 2.49576 80 2 25 10 43978 0 
-135.449 27.7797 -0.148924 0.277306 2.49576 80 2 25 10 43979 0 
-135.44 27.7797 -0.148929 0.277306 2.49576 80 2 25 10 43980 0 
-135.431 27.7797 -0.148934 0.277306 2.49576 80 2 25 10 43981 0 
-135.422 27.7796 -0.148939 0.277306 2.49576 80 2 25 10 43982 0 
-135.412 27.7796 -0.148944 0.277306 2.49576 80 2 25 10 43983 0 
-135.403 27.7796 -0.148949 0.277306 2.49576 80 2 25 10 43984 0 
-135.394 27.7796 -0.148954 0.277306 2.49576 80 2 25 10 43985 0 
-135.385 27.7795 -0.14896 0.277306 2.49576 80 2 25 10 43986 0 
-135.375 27.7795 -0.148965 0.277306 2.49576 80 2 25 10 43987 0 
-135.366 27.7795 -0.14897 0.277306 2.49576 80 2 25 10 43988 0 
-135.357 27.7795 -0.148975 0.277306 2.49576 80 2 25 10 43989 0 
-135.348 27.7794 -0.14898 0.277306 2.49576 80 2 25 10 43990 0 
-135.338 27.7794 -0.148985 0.277306 2.49576 80 2 25 10 43991 0 
-135.329 27.7794 -0.14899 0.277306 2.49576 80 2 25 10 43992 0 
-135.32 27.7794 -0.148995 0.277306 2.49576 80 2 25 10 43993 0 
-135.311 27.7793 -0.149 0.277306 2.49576 80 2 25 10 43994 0 
-135.301 27.7793 -0.149006 0.277306 2.49576 80 2 25 10 43995 0 
-135.292 27.7793 -0.149011 0.277306 2.49576 80 2 25 10 43996 0 
-135.283 27.7793 -0.149016 0.277306 2.49576 80 2 25 10 43997 0 
-135.274 27.7792 -0.149021 0.277306 2.49576 80 2 25 10 43998 0 
-135.264 27.7792 -0.149026 0.277306 2.49576 80 2 25 10 43999 0 
-135.255 27.7792 -0.149031 0.277306 2.49576 80 2 25 10 44000 0 
-135.246 27.7792 -0.149036 0.277306 2.49576 80 2 25 10 44001 0 
-135.237 27.7791 -0.149041 0.277306 2.49576 80 2 25 10 44002 0 
-135.227 27.7791 -0.149046 0.277306 2.49576 80 2 25 10 44003 0 
-135.218 27.7791 -0.149052 0.277306 2.49576 80 2 25 10 44004 0 
-135.209 27.7791 -0.149057 0.277306 2.49576 80 2 25 10 44005 0 
-135.2 27.779 -0.149062 0.277306 2.49576 80 2 25 10 44006 0 
-135.19 27.779 -0.149067 0.277306 2.49576 80 2 25 10 44007 0 
-135.181 27.779 -0.149072 0.277306 2.49576 80 2 25 10 44008 0 
-135.172 27.779 -0.149077 0.277306 2.49576 80 2 25 10 44009 0 
-135.163 27.7789 -0.149082 0.277306 2.49576 80 2 25 10 44010 0 
-135.153 27.7789 -0.149087 0.277306 2.49576 80 2 25 10 44011 0 
-135.144 27.7789 -0.149093 0.277306 2.49576 80 2 25 10 44012 0 
-135.135 27.7789 -0.149098 0.277306 2.49576 80 2 25 10 44013 0 
-135.126 27.7788 -0.149103 0.277306 2.49576 80 2 25 10 44014 0 
-135.116 27.7788 -0.149108 0.277306 2.49576 80 2 25 10 44015 0 
-135.107 27.7788 -0.149113 0.277306 2.49576 80 2 25 10 44016 0 
-135.098 27.7788 -0.149118 0.277306 2.49576 80 2 25 10 44017 0 
-135.089 27.7787 -0.149123 0.277306 2.49576 80 2 25 10 44018 0 
-135.079 27.7787 -0.149128 0.277306 2.49576 80 2 25 10 44019 0 
-135.07 27.7787 -0.149134 0.277306 2.49576 80 2 25 10 44020 0 
-135.061 27.7787 -0.149139 0.277306 2.49576 80 2 25 10 44021 0 
-135.052 27.7786 -0.149144 0.277306 2.49576 80 2 25 10 44022 0 
-135.043 27.7786 -0.149149 0.277306 2.49576 80 2 25 10 44023 0 
-135.033 27.7786 -0.149154 0.277306 2.49576 80 2 25 10 44024 0 
-135.024 27.7786 -0.149159 0.277306 2.49576 80 2 25 10 44025 0 
-135.015 27.7785 -0.149164 0.277306 2.49576 80 2 25 10 44026 0 
-135.006 27.7785 -0.149169 0.277306 2.49576 80 2 25 10 44027 0 
-134.996 27.7785 -0.149175 0.277306 2.49576 80 2 25 10 44028 0 
-134.987 27.7785 -0.14918 0.277306 2.49576 80 2 25 10 44029 0 
-134.978 27.7785 -0.149185 0.277306 2.49576 80 2 25 10 44030 0 
-134.969 27.7784 -0.14919 0.277306 2.49576 80 2 25 10 44031 0 
-134.959 27.7784 -0.149195 0.277306 2.49576 80 2 25 10 44032 0 
-134.95 27.7784 -0.1492 0.277306 2.49576 80 2 25 10 44033 0 
-134.941 27.7784 -0.149205 0.277306 2.49576 80 2 25 10 44034 0 
-134.932 27.7783 -0.14921 0.277306 2.49576 80 2 25 10 44035 0 
-134.922 27.7783 -0.149216 0.277306 2.49576 80 2 25 10 44036 0 
-134.913 27.7783 -0.149221 0.277306 2.49576 80 2 25 10 44037 0 
-134.904 27.7783 -0.149226 0.277306 2.49576 80 2 25 10 44038 0 
-134.895 27.7782 -0.149231 0.277306 2.49576 80 2 25 10 44039 0 
-134.885 27.7782 -0.149236 0.277306 2.49576 80 2 25 10 44040 0 
-134.876 27.7782 -0.149241 0.277306 2.49576 80 2 25 10 44041 0 
-134.867 27.7782 -0.149246 0.277306 2.49576 80 2 25 10 44042 0 
-134.858 27.7781 -0.149252 0.277306 2.49576 80 2 25 10 44043 0 
-134.848 27.7781 -0.149257 0.277306 2.49576 80 2 25 10 44044 0 
-134.839 27.7781 -0.149262 0.277306 2.49576 80 2 25 10 44045 0 
-134.83 27.7781 -0.149267 0.277306 2.49576 80 2 25 10 44046 0 
-134.821 27.778 -0.149272 0.277306 2.49576 80 2 25 10 44047 0 
-134.811 27.778 -0.149277 0.277306 2.49576 80 2 25 10 44048 0 
-134.802 27.778 -0.149282 0.277306 2.49576 80 2 25 10 44049 0 
-134.793 27.778 -0.149288 0.277306 2.49576 80 2 25 10 44050 0 
-134.784 27.7779 -0.149293 0.277306 2.49576 80 2 25 10 44051 0 
-134.774 27.7779 -0.149298 0.277306 2.49576 80 2 25 10 44052 0 
-134.765 27.7779 -0.149303 0.277306 2.49576 80 2 25 10 44053 0 
-134.756 27.7779 -0.149308 0.277306 2.49576 80 2 25 10 44054 0 
-134.747 27.7778 -0.149313 0.277306 2.49576 80 2 25 10 44055 0 
-134.737 27.7778 -0.149318 0.277306 2.49576 80 2 25 10 44056 0 
-134.728 27.7778 -0.149324 0.277306 2.49576 80 2 25 10 44057 0 
-134.719 27.7778 -0.149329 0.277306 2.49576 80 2 25 10 44058 0 
-134.71 27.7777 -0.149334 0.277306 2.49576 80 2 25 10 44059 0 
-134.7 27.7777 -0.149339 0.277306 2.49576 80 2 25 10 44060 0 
-134.691 27.7777 -0.149344 0.277306 2.49576 80 2 25 10 44061 0 
-134.682 27.7777 -0.149349 0.277306 2.49576 80 2 25 10 44062 0 
-134.673 27.7776 -0.149354 0.277306 2.49576 80 2 25 10 44063 0 
-134.663 27.7776 -0.14936 0.277306 2.49576 80 2 25 10 44064 0 
-134.654 27.7776 -0.149365 0.277306 2.49576 80 2 25 10 44065 0 
-134.645 27.7776 -0.14937 0.277306 2.49576 80 2 25 10 44066 0 
-134.636 27.7775 -0.149375 0.277306 2.49576 80 2 25 10 44067 0 
-134.626 27.7775 -0.14938 0.277306 2.49576 80 2 25 10 44068 0 
-134.617 27.7775 -0.149385 0.277306 2.49576 80 2 25 10 44069 0 
-134.608 27.7775 -0.14939 0.277306 2.49576 80 2 25 10 44070 0 
-134.599 27.7774 -0.149396 0.277306 2.49576 80 2 25 10 44071 0 
-134.589 27.7774 -0.149401 0.277306 2.49576 80 2 25 10 44072 0 
-134.58 27.7774 -0.149406 0.277306 2.49576 80 2 25 10 44073 0 
-134.571 27.7774 -0.149411 0.277306 2.49576 80 2 25 10 44074 0 
-134.562 27.7773 -0.149416 0.277306 2.49576 80 2 25 10 44075 0 
-134.552 27.7773 -0.149421 0.277306 2.49576 80 2 25 10 44076 0 
-134.543 27.7773 -0.149426 0.277306 2.49576 80 2 25 10 44077 0 
-134.534 27.7773 -0.149432 0.277306 2.49576 80 2 25 10 44078 0 
-134.525 27.7772 -0.149437 0.277306 2.49576 80 2 25 10 44079 0 
-134.515 27.7772 -0.149442 0.277306 2.49576 80 2 25 10 44080 0 
-134.506 27.7772 -0.149447 0.277306 2.49576 80 2 25 10 44081 0 
-134.497 27.7772 -0.149452 0.277306 2.49576 80 2 25 10 44082 0 
-134.488 27.7771 -0.149457 0.277306 2.49576 80 2 25 10 44083 0 
-134.478 27.7771 -0.149463 0.277306 2.49576 80 2 25 10 44084 0 
-134.469 27.7771 -0.149468 0.277306 2.49576 80 2 25 10 44085 0 
-134.46 27.7771 -0.149473 0.277306 2.49576 80 2 25 10 44086 0 
-134.451 27.777 -0.149478 0.277306 2.49576 80 2 25 10 44087 0 
-134.441 27.777 -0.149483 0.277306 2.49576 80 2 25 10 44088 0 
-134.432 27.777 -0.149488 0.277306 2.49576 80 2 25 10 44089 0 
-134.423 27.777 -0.149494 0.277306 2.49576 80 2 25 10 44090 0 
-134.414 27.7769 -0.149499 0.277306 2.49576 80 2 25 10 44091 0 
-134.404 27.7769 -0.149504 0.277306 2.49576 80 2 25 10 44092 0 
-134.395 27.7769 -0.149509 0.277306 2.49576 80 2 25 10 44093 0 
-134.386 27.7769 -0.149514 0.277306 2.49576 80 2 25 10 44094 0 
-134.377 27.7768 -0.149519 0.277306 2.49576 80 2 25 10 44095 0 
-134.367 27.7768 -0.149524 0.277306 2.49576 80 2 25 10 44096 0 
-134.358 27.7768 -0.14953 0.277306 2.49576 80 2 25 10 44097 0 
-134.349 27.7768 -0.149535 0.277306 2.49576 80 2 25 10 44098 0 
-134.34 27.7767 -0.14954 0.277306 2.49576 80 2 25 10 44099 0 
-134.331 27.7767 -0.149545 0.277306 2.49576 80 2 25 10 44100 0 
-134.321 27.7767 -0.14955 0.277306 2.49576 80 2 25 10 44101 0 
-134.312 27.7767 -0.149555 0.277306 2.49576 80 2 25 10 44102 0 
-134.303 27.7766 -0.149561 0.277306 2.49576 80 2 25 10 44103 0 
-134.294 27.7766 -0.149566 0.277306 2.49576 80 2 25 10 44104 0 
-134.284 27.7766 -0.149571 0.277306 2.49576 80 2 25 10 44105 0 
-134.275 27.7766 -0.149576 0.277306 2.49576 80 2 25 10 44106 0 
-134.266 27.7765 -0.149581 0.277306 2.49576 80 2 25 10 44107 0 
-134.257 27.7765 -0.149586 0.277306 2.49576 80 2 25 10 44108 0 
-134.247 27.7765 -0.149592 0.277306 2.49576 80 2 25 10 44109 0 
-134.238 27.7765 -0.149597 0.277306 2.49576 80 2 25 10 44110 0 
-134.229 27.7764 -0.149602 0.277306 2.49576 80 2 25 10 44111 0 
-134.22 27.7764 -0.149607 0.277306 2.49576 80 2 25 10 44112 0 
-134.21 27.7764 -0.149612 0.277306 2.49576 80 2 25 10 44113 0 
-134.201 27.7764 -0.149617 0.277306 2.49576 80 2 25 10 44114 0 
-134.192 27.7763 -0.149623 0.277306 2.49576 80 2 25 10 44115 0 
-134.183 27.7763 -0.149628 0.277306 2.49576 80 2 25 10 44116 0 
-134.173 27.7763 -0.149633 0.277306 2.49576 80 2 25 10 44117 0 
-134.164 27.7763 -0.149638 0.277306 2.49576 80 2 25 10 44118 0 
-134.155 27.7762 -0.149643 0.277306 2.49576 80 2 25 10 44119 0 
-134.146 27.7762 -0.149648 0.277306 2.49576 80 2 25 10 44120 0 
-134.136 27.7762 -0.149654 0.277306 2.49576 80 2 25 10 44121 0 
-134.127 27.7762 -0.149659 0.277306 2.49576 80 2 25 10 44122 0 
-134.118 27.7761 -0.149664 0.277306 2.49576 80 2 25 10 44123 0 
-134.109 27.7761 -0.149669 0.277306 2.49576 80 2 25 10 44124 0 
-134.099 27.7761 -0.149674 0.277306 2.49576 80 2 25 10 44125 0 
-134.09 27.7761 -0.149679 0.277306 2.49576 80 2 25 10 44126 0 
-134.081 27.776 -0.149685 0.277306 2.49576 80 2 25 10 44127 0 
-134.072 27.776 -0.14969 0.277306 2.49576 80 2 25 10 44128 0 
-134.062 27.776 -0.149695 0.277306 2.49576 80 2 25 10 44129 0 
-134.053 27.776 -0.1497 0.277306 2.49576 80 2 25 10 44130 0 
-134.044 27.7759 -0.149705 0.277306 2.49576 80 2 25 10 44131 0 
-134.035 27.7759 -0.14971 0.277306 2.49576 80 2 25 10 44132 0 
-134.025 27.7759 -0.149716 0.277306 2.49576 80 2 25 10 44133 0 
-134.016 27.7759 -0.149721 0.277306 2.49576 80 2 25 10 44134 0 
-134.007 27.7758 -0.149726 0.277306 2.49576 80 2 25 10 44135 0 
-133.998 27.7758 -0.149731 0.277306 2.49576 80 2 25 10 44136 0 
-133.988 27.7758 -0.149736 0.277306 2.49576 80 2 25 10 44137 0 
-133.979 27.7758 -0.149741 0.277306 2.49576 80 2 25 10 44138 0 
-133.97 27.7757 -0.149747 0.277306 2.49576 80 2 25 10 44139 0 
-133.961 27.7757 -0.149752 0.277306 2.49576 80 2 25 10 44140 0 
-133.951 27.7757 -0.149757 0.277306 2.49576 80 2 25 10 44141 0 
-133.942 27.7757 -0.149762 0.277306 2.49576 80 2 25 10 44142 0 
-133.933 27.7756 -0.149767 0.277306 2.49576 80 2 25 10 44143 0 
-133.924 27.7756 -0.149773 0.277306 2.49576 80 2 25 10 44144 0 
-133.914 27.7756 -0.149778 0.277306 2.49576 80 2 25 10 44145 0 
-133.905 27.7756 -0.149783 0.277306 2.49576 80 2 25 10 44146 0 
-133.896 27.7755 -0.149788 0.277306 2.49576 80 2 25 10 44147 0 
-133.887 27.7755 -0.149793 0.277306 2.49576 80 2 25 10 44148 0 
-133.877 27.7755 -0.149799 0.277306 2.49576 80 2 25 10 44149 0 
-133.868 27.7755 -0.149804 0.277306 2.49576 80 2 25 10 44150 0 
-133.859 27.7754 -0.149809 0.277306 2.49576 80 2 25 10 44151 0 
-133.85 27.7754 -0.149814 0.277306 2.49576 80 2 25 10 44152 0 
-133.84 27.7754 -0.149819 0.277306 2.49576 80 2 25 10 44153 0 
-133.831 27.7754 -0.149824 0.277306 2.49576 80 2 25 10 44154 0 
-133.822 27.7754 -0.14983 0.277306 2.49576 80 2 25 10 44155 0 
-133.813 27.7753 -0.149835 0.277306 2.49576 80 2 25 10 44156 0 
-133.803 27.7753 -0.14984 0.277306 2.49576 80 2 25 10 44157 0 
-133.794 27.7753 -0.149845 0.277306 2.49576 80 2 25 10 44158 0 
-133.785 27.7753 -0.14985 0.277306 2.49576 80 2 25 10 44159 0 
-133.776 27.7752 -0.149856 0.277306 2.49576 80 2 25 10 44160 0 
-133.766 27.7752 -0.149861 0.277306 2.49576 80 2 25 10 44161 0 
-133.757 27.7752 -0.149866 0.277306 2.49576 80 2 25 10 44162 0 
-133.748 27.7752 -0.149871 0.277306 2.49576 80 2 25 10 44163 0 
-133.739 27.7751 -0.149876 0.277306 2.49576 80 2 25 10 44164 0 
-133.729 27.7751 -0.149881 0.277306 2.49576 80 2 25 10 44165 0 
-133.72 27.7751 -0.149887 0.277306 2.49576 80 2 25 10 44166 0 
-133.711 27.7751 -0.149892 0.277306 2.49576 80 2 25 10 44167 0 
-133.702 27.775 -0.149897 0.277306 2.49576 80 2 25 10 44168 0 
-133.692 27.775 -0.149902 0.277306 2.49576 80 2 25 10 44169 0 
-133.683 27.775 -0.149907 0.277306 2.49576 80 2 25 10 44170 0 
-133.674 27.775 -0.149913 0.277306 2.49576 80 2 25 10 44171 0 
-133.665 27.7749 -0.149918 0.277306 2.49576 80 2 25 10 44172 0 
-133.655 27.7749 -0.149923 0.277306 2.49576 80 2 25 10 44173 0 
-133.646 27.7749 -0.149928 0.277306 2.49576 80 2 25 10 44174 0 
-133.637 27.7749 -0.149933 0.277306 2.49576 80 2 25 10 44175 0 
-133.628 27.7748 -0.149939 0.277306 2.49576 80 2 25 10 44176 0 
-133.618 27.7748 -0.149944 0.277306 2.49576 80 2 25 10 44177 0 
-133.609 27.7748 -0.149949 0.277306 2.49576 80 2 25 10 44178 0 
-133.6 27.7748 -0.149954 0.277306 2.49576 80 2 25 10 44179 0 
-133.591 27.7747 -0.149959 0.277306 2.49576 80 2 25 10 44180 0 
-133.582 27.7747 -0.149965 0.277306 2.49576 80 2 25 10 44181 0 
-133.572 27.7747 -0.14997 0.277306 2.49576 80 2 25 10 44182 0 
-133.563 27.7747 -0.149975 0.277306 2.49576 80 2 25 10 44183 0 
-133.554 27.7746 -0.14998 0.277306 2.49576 80 2 25 10 44184 0 
-133.545 27.7746 -0.149985 0.277306 2.49576 80 2 25 10 44185 0 
-133.535 27.7746 -0.149991 0.277306 2.49576 80 2 25 10 44186 0 
-133.526 27.7746 -0.149996 0.277306 2.49576 80 2 25 10 44187 0 
-133.517 27.7745 -0.150001 0.277306 2.49576 80 2 25 10 44188 0 
-133.508 27.7745 -0.150006 0.277306 2.49576 80 2 25 10 44189 0 
-133.498 27.7745 -0.150011 0.277306 2.49576 80 2 25 10 44190 0 
-133.489 27.7745 -0.150017 0.277306 2.49576 80 2 25 10 44191 0 
-133.48 27.7744 -0.150022 0.277306 2.49576 80 2 25 10 44192 0 
-133.471 27.7744 -0.150027 0.277306 2.49576 80 2 25 10 44193 0 
-133.461 27.7744 -0.150032 0.277306 2.49576 80 2 25 10 44194 0 
-133.452 27.7744 -0.150037 0.277306 2.49576 80 2 25 10 44195 0 
-133.443 27.7743 -0.150043 0.277306 2.49576 80 2 25 10 44196 0 
-133.434 27.7743 -0.150048 0.277306 2.49576 80 2 25 10 44197 0 
-133.424 27.7743 -0.150053 0.277306 2.49576 80 2 25 10 44198 0 
-133.415 27.7743 -0.150058 0.277306 2.49576 80 2 25 10 44199 0 
-133.406 27.7742 -0.150063 0.277306 2.49576 80 2 25 10 44200 0 
-133.397 27.7742 -0.150069 0.277306 2.49576 80 2 25 10 44201 0 
-133.387 27.7742 -0.150074 0.277306 2.49576 80 2 25 10 44202 0 
-133.378 27.7742 -0.150079 0.277306 2.49576 80 2 25 10 44203 0 
-133.369 27.7741 -0.150084 0.277306 2.49576 80 2 25 10 44204 0 
-133.36 27.7741 -0.150089 0.277306 2.49576 80 2 25 10 44205 0 
-133.35 27.7741 -0.150095 0.277306 2.49576 80 2 25 10 44206 0 
-133.341 27.7741 -0.1501 0.277306 2.49576 80 2 25 10 44207 0 
-133.332 27.774 -0.150105 0.277306 2.49576 80 2 25 10 44208 0 
-133.323 27.774 -0.15011 0.277306 2.49576 80 2 25 10 44209 0 
-133.313 27.774 -0.150116 0.277306 2.49576 80 2 25 10 44210 0 
-133.304 27.774 -0.150121 0.277306 2.49576 80 2 25 10 44211 0 
-133.295 27.7739 -0.150126 0.277306 2.49576 80 2 25 10 44212 0 
-133.286 27.7739 -0.150131 0.277306 2.49576 80 2 25 10 44213 0 
-133.276 27.7739 -0.150136 0.277306 2.49576 80 2 25 10 44214 0 
-133.267 27.7739 -0.150142 0.277306 2.49576 80 2 25 10 44215 0 
-133.258 27.7738 -0.150147 0.277306 2.49576 80 2 25 10 44216 0 
-133.249 27.7738 -0.150152 0.277306 2.49576 80 2 25 10 44217 0 
-133.239 27.7738 -0.150157 0.277306 2.49576 80 2 25 10 44218 0 
-133.23 27.7738 -0.150162 0.277306 2.49576 80 2 25 10 44219 0 
-133.221 27.7737 -0.150168 0.277306 2.49576 80 2 25 10 44220 0 
-133.212 27.7737 -0.150173 0.277306 2.49576 80 2 25 10 44221 0 
-133.202 27.7737 -0.150178 0.277306 2.49576 80 2 25 10 44222 0 
-133.193 27.7737 -0.150183 0.277306 2.49576 80 2 25 10 44223 0 
-133.184 27.7736 -0.150189 0.277306 2.49576 80 2 25 10 44224 0 
-133.175 27.7736 -0.150194 0.277306 2.49576 80 2 25 10 44225 0 
-133.165 27.7736 -0.150199 0.277306 2.49576 80 2 25 10 44226 0 
-133.156 27.7736 -0.150204 0.277306 2.49576 80 2 25 10 44227 0 
-133.147 27.7735 -0.150209 0.277306 2.49576 80 2 25 10 44228 0 
-133.138 27.7735 -0.150215 0.277306 2.49576 80 2 25 10 44229 0 
-133.128 27.7735 -0.15022 0.277306 2.49576 80 2 25 10 44230 0 
-133.119 27.7735 -0.150225 0.277306 2.49576 80 2 25 10 44231 0 
-133.11 27.7734 -0.15023 0.277306 2.49576 80 2 25 10 44232 0 
-133.101 27.7734 -0.150235 0.277306 2.49576 80 2 25 10 44233 0 
-133.091 27.7734 -0.150241 0.277306 2.49576 80 2 25 10 44234 0 
-133.082 27.7734 -0.150246 0.277306 2.49576 80 2 25 10 44235 0 
-133.073 27.7733 -0.150251 0.277306 2.49576 80 2 25 10 44236 0 
-133.064 27.7733 -0.150256 0.277306 2.49576 80 2 25 10 44237 0 
-133.054 27.7733 -0.150262 0.277306 2.49576 80 2 25 10 44238 0 
-133.045 27.7733 -0.150267 0.277306 2.49576 80 2 25 10 44239 0 
-133.036 27.7732 -0.150272 0.277306 2.49576 80 2 25 10 44240 0 
-133.027 27.7732 -0.150277 0.277306 2.49576 80 2 25 10 44241 0 
-133.017 27.7732 -0.150282 0.277306 2.49576 80 2 25 10 44242 0 
-133.008 27.7732 -0.150288 0.277306 2.49576 80 2 25 10 44243 0 
-132.999 27.7731 -0.150293 0.277306 2.49576 80 2 25 10 44244 0 
-132.99 27.7731 -0.150298 0.277306 2.49576 80 2 25 10 44245 0 
-132.98 27.7731 -0.150303 0.277306 2.49576 80 2 25 10 44246 0 
-132.971 27.7731 -0.150309 0.277306 2.49576 80 2 25 10 44247 0 
-132.962 27.773 -0.150314 0.277306 2.49576 80 2 25 10 44248 0 
-132.953 27.773 -0.150319 0.277306 2.49576 80 2 25 10 44249 0 
-132.943 27.773 -0.150324 0.277306 2.49576 80 2 25 10 44250 0 
-132.934 27.773 -0.15033 0.277306 2.49576 80 2 25 10 44251 0 
-132.925 27.7729 -0.150335 0.277306 2.49576 80 2 25 10 44252 0 
-132.916 27.7729 -0.15034 0.277306 2.49576 80 2 25 10 44253 0 
-132.906 27.7729 -0.150345 0.277306 2.49576 80 2 25 10 44254 0 
-132.897 27.7729 -0.15035 0.277306 2.49576 80 2 25 10 44255 0 
-132.888 27.7728 -0.150356 0.277306 2.49576 80 2 25 10 44256 0 
-132.879 27.7728 -0.150361 0.277306 2.49576 80 2 25 10 44257 0 
-132.87 27.7728 -0.150366 0.277306 2.49576 80 2 25 10 44258 0 
-132.86 27.7728 -0.150371 0.277306 2.49576 80 2 25 10 44259 0 
-132.851 27.7727 -0.150377 0.277306 2.49576 80 2 25 10 44260 0 
-132.842 27.7727 -0.150382 0.277306 2.49576 80 2 25 10 44261 0 
-132.833 27.7727 -0.150387 0.277306 2.49576 80 2 25 10 44262 0 
-132.823 27.7727 -0.150392 0.277306 2.49576 80 2 25 10 44263 0 
-132.814 27.7726 -0.150398 0.277306 2.49576 80 2 25 10 44264 0 
-132.805 27.7726 -0.150403 0.277306 2.49576 80 2 25 10 44265 0 
-132.796 27.7726 -0.150408 0.277306 2.49576 80 2 25 10 44266 0 
-132.786 27.7726 -0.150413 0.277306 2.49576 80 2 25 10 44267 0 
-132.777 27.7725 -0.150418 0.277306 2.49576 80 2 25 10 44268 0 
-132.768 27.7725 -0.150424 0.277306 2.49576 80 2 25 10 44269 0 
-132.759 27.7725 -0.150429 0.277306 2.49576 80 2 25 10 44270 0 
-132.749 27.7725 -0.150434 0.277306 2.49576 80 2 25 10 44271 0 
-132.74 27.7724 -0.150439 0.277306 2.49576 80 2 25 10 44272 0 
-132.731 27.7724 -0.150445 0.277306 2.49576 80 2 25 10 44273 0 
-132.722 27.7724 -0.15045 0.277306 2.49576 80 2 25 10 44274 0 
-132.712 27.7724 -0.150455 0.277306 2.49576 80 2 25 10 44275 0 
-132.703 27.7724 -0.15046 0.277306 2.49576 80 2 25 10 44276 0 
-132.694 27.7723 -0.150466 0.277306 2.49576 80 2 25 10 44277 0 
-132.685 27.7723 -0.150471 0.277306 2.49576 80 2 25 10 44278 0 
-132.675 27.7723 -0.150476 0.277306 2.49576 80 2 25 10 44279 0 
-132.666 27.7723 -0.150481 0.277306 2.49576 80 2 25 10 44280 0 
-132.657 27.7722 -0.150487 0.277306 2.49576 80 2 25 10 44281 0 
-132.648 27.7722 -0.150492 0.277306 2.49576 80 2 25 10 44282 0 
-132.638 27.7722 -0.150497 0.277306 2.49576 80 2 25 10 44283 0 
-132.629 27.7722 -0.150502 0.277306 2.49576 80 2 25 10 44284 0 
-132.62 27.7721 -0.150508 0.277306 2.49576 80 2 25 10 44285 0 
-132.611 27.7721 -0.150513 0.277306 2.49576 80 2 25 10 44286 0 
-132.601 27.7721 -0.150518 0.277306 2.49576 80 2 25 10 44287 0 
-132.592 27.7721 -0.150523 0.277306 2.49576 80 2 25 10 44288 0 
-132.583 27.772 -0.150529 0.277306 2.49576 80 2 25 10 44289 0 
-132.574 27.772 -0.150534 0.277306 2.49576 80 2 25 10 44290 0 
-132.564 27.772 -0.150539 0.277306 2.49576 80 2 25 10 44291 0 
-132.555 27.772 -0.150544 0.277306 2.49576 80 2 25 10 44292 0 
-132.546 27.7719 -0.15055 0.277306 2.49576 80 2 25 10 44293 0 
-132.537 27.7719 -0.150555 0.277306 2.49576 80 2 25 10 44294 0 
-132.527 27.7719 -0.15056 0.277306 2.49576 80 2 25 10 44295 0 
-132.518 27.7719 -0.150565 0.277306 2.49576 80 2 25 10 44296 0 
-132.509 27.7718 -0.150571 0.277306 2.49576 80 2 25 10 44297 0 
-132.5 27.7718 -0.150576 0.277306 2.49576 80 2 25 10 44298 0 
-132.49 27.7718 -0.150581 0.277306 2.49576 80 2 25 10 44299 0 
-132.481 27.7718 -0.150586 0.277306 2.49576 80 2 25 10 44300 0 
-132.472 27.7717 -0.150592 0.277306 2.49576 80 2 25 10 44301 0 
-132.463 27.7717 -0.150597 0.277306 2.49576 80 2 25 10 44302 0 
-132.453 27.7717 -0.150602 0.277306 2.49576 80 2 25 10 44303 0 
-132.444 27.7717 -0.150607 0.277306 2.49576 80 2 25 10 44304 0 
-132.435 27.7716 -0.150613 0.277306 2.49576 80 2 25 10 44305 0 
-132.426 27.7716 -0.150618 0.277306 2.49576 80 2 25 10 44306 0 
-132.416 27.7716 -0.150623 0.277306 2.49576 80 2 25 10 44307 0 
-132.407 27.7716 -0.150628 0.277306 2.49576 80 2 25 10 44308 0 
-132.398 27.7715 -0.150634 0.277306 2.49576 80 2 25 10 44309 0 
-132.389 27.7715 -0.150639 0.277306 2.49576 80 2 25 10 44310 0 
-132.379 27.7715 -0.150644 0.277306 2.49576 80 2 25 10 44311 0 
-132.37 27.7715 -0.150649 0.277306 2.49576 80 2 25 10 44312 0 
-132.361 27.7714 -0.150655 0.277306 2.49576 80 2 25 10 44313 0 
-132.352 27.7714 -0.15066 0.277306 2.49576 80 2 25 10 44314 0 
-132.342 27.7714 -0.150665 0.277306 2.49576 80 2 25 10 44315 0 
-132.333 27.7714 -0.15067 0.277306 2.49576 80 2 25 10 44316 0 
-132.324 27.7713 -0.150676 0.277306 2.49576 80 2 25 10 44317 0 
-132.315 27.7713 -0.150681 0.277306 2.49576 80 2 25 10 44318 0 
-132.305 27.7713 -0.150686 0.277306 2.49576 80 2 25 10 44319 0 
-132.296 27.7713 -0.150691 0.277306 2.49576 80 2 25 10 44320 0 
-132.287 27.7712 -0.150697 0.277306 2.49576 80 2 25 10 44321 0 
-132.278 27.7712 -0.150702 0.277306 2.49576 80 2 25 10 44322 0 
-132.268 27.7712 -0.150707 0.277306 2.49576 80 2 25 10 44323 0 
-132.259 27.7712 -0.150713 0.277306 2.49576 80 2 25 10 44324 0 
-132.25 27.7711 -0.150718 0.277306 2.49576 80 2 25 10 44325 0 
-132.241 27.7711 -0.150723 0.277306 2.49576 80 2 25 10 44326 0 
-132.231 27.7711 -0.150728 0.277306 2.49576 80 2 25 10 44327 0 
-132.222 27.7711 -0.150734 0.277306 2.49576 80 2 25 10 44328 0 
-132.213 27.771 -0.150739 0.277306 2.49576 80 2 25 10 44329 0 
-132.204 27.771 -0.150744 0.277306 2.49576 80 2 25 10 44330 0 
-132.194 27.771 -0.150749 0.277306 2.49576 80 2 25 10 44331 0 
-132.185 27.771 -0.150755 0.277306 2.49576 80 2 25 10 44332 0 
-132.176 27.7709 -0.15076 0.277306 2.49576 80 2 25 10 44333 0 
-132.167 27.7709 -0.150765 0.277306 2.49576 80 2 25 10 44334 0 
-132.158 27.7709 -0.15077 0.277306 2.49576 80 2 25 10 44335 0 
-132.148 27.7709 -0.150776 0.277306 2.49576 80 2 25 10 44336 0 
-132.139 27.7708 -0.150781 0.277306 2.49576 80 2 25 10 44337 0 
-132.13 27.7708 -0.150786 0.277306 2.49576 80 2 25 10 44338 0 
-132.121 27.7708 -0.150791 0.277306 2.49576 80 2 25 10 44339 0 
-132.111 27.7708 -0.150797 0.277306 2.49576 80 2 25 10 44340 0 
-132.102 27.7707 -0.150802 0.277306 2.49576 80 2 25 10 44341 0 
-132.093 27.7707 -0.150807 0.277306 2.49576 80 2 25 10 44342 0 
-132.084 27.7707 -0.150813 0.277306 2.49576 80 2 25 10 44343 0 
-132.074 27.7707 -0.150818 0.277306 2.49576 80 2 25 10 44344 0 
-132.065 27.7706 -0.150823 0.277306 2.49576 80 2 25 10 44345 0 
-132.056 27.7706 -0.150828 0.277306 2.49576 80 2 25 10 44346 0 
-132.047 27.7706 -0.150834 0.277306 2.49576 80 2 25 10 44347 0 
-132.037 27.7706 -0.150839 0.277306 2.49576 80 2 25 10 44348 0 
-132.028 27.7705 -0.150844 0.277306 2.49576 80 2 25 10 44349 0 
-132.019 27.7705 -0.15085 0.277306 2.49576 80 2 25 10 44350 0 
-132.01 27.7705 -0.150855 0.277306 2.49576 80 2 25 10 44351 0 
-132 27.7705 -0.15086 0.277306 2.49576 80 2 25 10 44352 0 
-131.991 27.7704 -0.150865 0.277306 2.49576 80 2 25 10 44353 0 
-131.982 27.7704 -0.150871 0.277306 2.49576 80 2 25 10 44354 0 
-131.973 27.7704 -0.150876 0.277306 2.49576 80 2 25 10 44355 0 
-131.963 27.7704 -0.150881 0.277306 2.49576 80 2 25 10 44356 0 
-131.954 27.7703 -0.150886 0.277306 2.49576 80 2 25 10 44357 0 
-131.945 27.7703 -0.150892 0.277306 2.49576 80 2 25 10 44358 0 
-131.936 27.7703 -0.150897 0.277306 2.49576 80 2 25 10 44359 0 
-131.926 27.7703 -0.150902 0.277306 2.49576 80 2 25 10 44360 0 
-131.917 27.7702 -0.150908 0.277306 2.49576 80 2 25 10 44361 0 
-131.908 27.7702 -0.150913 0.277306 2.49576 80 2 25 10 44362 0 
-131.899 27.7702 -0.150918 0.277306 2.49576 80 2 25 10 44363 0 
-131.889 27.7702 -0.150923 0.277306 2.49576 80 2 25 10 44364 0 
-131.88 27.7701 -0.150929 0.277306 2.49576 80 2 25 10 44365 0 
-131.871 27.7701 -0.150934 0.277306 2.49576 80 2 25 10 44366 0 
-131.862 27.7701 -0.150939 0.277306 2.49576 80 2 25 10 44367 0 
-131.852 27.7701 -0.150945 0.277306 2.49576 80 2 25 10 44368 0 
-131.843 27.77 -0.15095 0.277306 2.49576 80 2 25 10 44369 0 
-131.834 27.77 -0.150955 0.277306 2.49576 80 2 25 10 44370 0 
-131.825 27.77 -0.15096 0.277306 2.49576 80 2 25 10 44371 0 
-131.815 27.77 -0.150966 0.277306 2.49576 80 2 25 10 44372 0 
-131.806 27.7699 -0.150971 0.277306 2.49576 80 2 25 10 44373 0 
-131.797 27.7699 -0.150976 0.277306 2.49576 80 2 25 10 44374 0 
-131.788 27.7699 -0.150982 0.277306 2.49576 80 2 25 10 44375 0 
-131.778 27.7699 -0.150987 0.277306 2.49576 80 2 25 10 44376 0 
-131.769 27.7698 -0.150992 0.277306 2.49576 80 2 25 10 44377 0 
-131.76 27.7698 -0.150997 0.277306 2.49576 80 2 25 10 44378 0 
-131.751 27.7698 -0.151003 0.277306 2.49576 80 2 25 10 44379 0 
-131.741 27.7698 -0.151008 0.277306 2.49576 80 2 25 10 44380 0 
-131.732 27.7697 -0.151013 0.277306 2.49576 80 2 25 10 44381 0 
-131.723 27.7697 -0.151019 0.277306 2.49576 80 2 25 10 44382 0 
-131.714 27.7697 -0.151024 0.277306 2.49576 80 2 25 10 44383 0 
-131.704 27.7697 -0.151029 0.277306 2.49576 80 2 25 10 44384 0 
-131.695 27.7696 -0.151034 0.277306 2.49576 80 2 25 10 44385 0 
-131.686 27.7696 -0.15104 0.277306 2.49576 80 2 25 10 44386 0 
-131.677 27.7696 -0.151045 0.277306 2.49576 80 2 25 10 44387 0 
-131.667 27.7696 -0.15105 0.277306 2.49576 80 2 25 10 44388 0 
-131.658 27.7695 -0.151056 0.277306 2.49576 80 2 25 10 44389 0 
-131.649 27.7695 -0.151061 0.277306 2.49576 80 2 25 10 44390 0 
-131.64 27.7695 -0.151066 0.277306 2.49576 80 2 25 10 44391 0 
-131.63 27.7695 -0.151071 0.277306 2.49576 80 2 25 10 44392 0 
-131.621 27.7694 -0.151077 0.277306 2.49576 80 2 25 10 44393 0 
-131.612 27.7694 -0.151082 0.277306 2.49576 80 2 25 10 44394 0 
-131.603 27.7694 -0.151087 0.277306 2.49576 80 2 25 10 44395 0 
-131.593 27.7694 -0.151093 0.277306 2.49576 80 2 25 10 44396 0 
-131.584 27.7694 -0.151098 0.277306 2.49576 80 2 25 10 44397 0 
-131.575 27.7693 -0.151103 0.277306 2.49576 80 2 25 10 44398 0 
-131.566 27.7693 -0.151108 0.277306 2.49576 80 2 25 10 44399 0 
-131.556 27.7693 -0.151114 0.277306 2.49576 80 2 25 10 44400 0 
-131.547 27.7693 -0.151119 0.277306 2.49576 80 2 25 10 44401 0 
-131.538 27.7692 -0.151124 0.277306 2.49576 80 2 25 10 44402 0 
-131.529 27.7692 -0.15113 0.277306 2.49576 80 2 25 10 44403 0 
-131.519 27.7692 -0.151135 0.277306 2.49576 80 2 25 10 44404 0 
-131.51 27.7692 -0.15114 0.277306 2.49576 80 2 25 10 44405 0 
-131.501 27.7691 -0.151146 0.277306 2.49576 80 2 25 10 44406 0 
-131.492 27.7691 -0.151151 0.277306 2.49576 80 2 25 10 44407 0 
-131.482 27.7691 -0.151156 0.277306 2.49576 80 2 25 10 44408 0 
-131.473 27.7691 -0.151162 0.277306 2.49576 80 2 25 10 44409 0 
-131.464 27.769 -0.151167 0.277306 2.49576 80 2 25 10 44410 0 
-131.455 27.769 -0.151172 0.277306 2.49576 80 2 25 10 44411 0 
-131.445 27.769 -0.151177 0.277306 2.49576 80 2 25 10 44412 0 
-131.436 27.769 -0.151183 0.277306 2.49576 80 2 25 10 44413 0 
-131.427 27.7689 -0.151188 0.277306 2.49576 80 2 25 10 44414 0 
-131.418 27.7689 -0.151193 0.277306 2.49576 80 2 25 10 44415 0 
-131.409 27.7689 -0.151199 0.277306 2.49576 80 2 25 10 44416 0 
-131.399 27.7689 -0.151204 0.277306 2.49576 80 2 25 10 44417 0 
-131.39 27.7688 -0.151209 0.277306 2.49576 80 2 25 10 44418 0 
-131.381 27.7688 -0.151215 0.277306 2.49576 80 2 25 10 44419 0 
-131.372 27.7688 -0.15122 0.277306 2.49576 80 2 25 10 44420 0 
-131.362 27.7688 -0.151225 0.277306 2.49576 80 2 25 10 44421 0 
-131.353 27.7687 -0.15123 0.277306 2.49576 80 2 25 10 44422 0 
-131.344 27.7687 -0.151236 0.277306 2.49576 80 2 25 10 44423 0 
-131.335 27.7687 -0.151241 0.277306 2.49576 80 2 25 10 44424 0 
-131.325 27.7687 -0.151246 0.277306 2.49576 80 2 25 10 44425 0 
-131.316 27.7686 -0.151252 0.277306 2.49576 80 2 25 10 44426 0 
-131.307 27.7686 -0.151257 0.277306 2.49576 80 2 25 10 44427 0 
-131.298 27.7686 -0.151262 0.277306 2.49576 80 2 25 10 44428 0 
-131.288 27.7686 -0.151268 0.277306 2.49576 80 2 25 10 44429 0 
-131.279 27.7685 -0.151273 0.277306 2.49576 80 2 25 10 44430 0 
-131.27 27.7685 -0.151278 0.277306 2.49576 80 2 25 10 44431 0 
-131.261 27.7685 -0.151284 0.277306 2.49576 80 2 25 10 44432 0 
-131.251 27.7685 -0.151289 0.277306 2.49576 80 2 25 10 44433 0 
-131.242 27.7684 -0.151294 0.277306 2.49576 80 2 25 10 44434 0 
-131.233 27.7684 -0.1513 0.277306 2.49576 80 2 25 10 44435 0 
-131.224 27.7684 -0.151305 0.277306 2.49576 80 2 25 10 44436 0 
-131.214 27.7684 -0.15131 0.277306 2.49576 80 2 25 10 44437 0 
-131.205 27.7683 -0.151315 0.277306 2.49576 80 2 25 10 44438 0 
-131.196 27.7683 -0.151321 0.277306 2.49576 80 2 25 10 44439 0 
-131.187 27.7683 -0.151326 0.277306 2.49576 80 2 25 10 44440 0 
-131.177 27.7683 -0.151331 0.277306 2.49576 80 2 25 10 44441 0 
-131.168 27.7682 -0.151337 0.277306 2.49576 80 2 25 10 44442 0 
-131.159 27.7682 -0.151342 0.277306 2.49576 80 2 25 10 44443 0 
-131.15 27.7682 -0.151347 0.277306 2.49576 80 2 25 10 44444 0 
-131.14 27.7682 -0.151353 0.277306 2.49576 80 2 25 10 44445 0 
-131.131 27.7681 -0.151358 0.277306 2.49576 80 2 25 10 44446 0 
-131.122 27.7681 -0.151363 0.277306 2.49576 80 2 25 10 44447 0 
-131.113 27.7681 -0.151369 0.277306 2.49576 80 2 25 10 44448 0 
-131.103 27.7681 -0.151374 0.277306 2.49576 80 2 25 10 44449 0 
-131.094 27.768 -0.151379 0.277306 2.49576 80 2 25 10 44450 0 
-131.085 27.768 -0.151385 0.277306 2.49576 80 2 25 10 44451 0 
-131.076 27.768 -0.15139 0.277306 2.49576 80 2 25 10 44452 0 
-131.066 27.768 -0.151395 0.277306 2.49576 80 2 25 10 44453 0 
-131.057 27.7679 -0.151401 0.277306 2.49576 80 2 25 10 44454 0 
-131.048 27.7679 -0.151406 0.277306 2.49576 80 2 25 10 44455 0 
-131.039 27.7679 -0.151411 0.277306 2.49576 80 2 25 10 44456 0 
-131.029 27.7679 -0.151417 0.277306 2.49576 80 2 25 10 44457 0 
-131.02 27.7678 -0.151422 0.277306 2.49576 80 2 25 10 44458 0 
-131.011 27.7678 -0.151427 0.277306 2.49576 80 2 25 10 44459 0 
-131.002 27.7678 -0.151433 0.277306 2.49576 80 2 25 10 44460 0 
-130.992 27.7678 -0.151438 0.277306 2.49576 80 2 25 10 44461 0 
-130.983 27.7677 -0.151443 0.277306 2.49576 80 2 25 10 44462 0 
-130.974 27.7677 -0.151449 0.277306 2.49576 80 2 25 10 44463 0 
-130.965 27.7677 -0.151454 0.277306 2.49576 80 2 25 10 44464 0 
-130.955 27.7677 -0.151459 0.277306 2.49576 80 2 25 10 44465 0 
-130.946 27.7676 -0.151465 0.277306 2.49576 80 2 25 10 44466 0 
-130.937 27.7676 -0.15147 0.277306 2.49576 80 2 25 10 44467 0 
-130.928 27.7676 -0.151475 0.277306 2.49576 80 2 25 10 44468 0 
-130.918 27.7676 -0.151481 0.277306 2.49576 80 2 25 10 44469 0 
-130.909 27.7675 -0.151486 0.277306 2.49576 80 2 25 10 44470 0 
-130.9 27.7675 -0.151491 0.277306 2.49576 80 2 25 10 44471 0 
-130.891 27.7675 -0.151497 0.277306 2.49576 80 2 25 10 44472 0 
-130.881 27.7675 -0.151502 0.277306 2.49576 80 2 25 10 44473 0 
-130.872 27.7674 -0.151507 0.277306 2.49576 80 2 25 10 44474 0 
-130.863 27.7674 -0.151513 0.277306 2.49576 80 2 25 10 44475 0 
-130.854 27.7674 -0.151518 0.277306 2.49576 80 2 25 10 44476 0 
-130.844 27.7674 -0.151523 0.277306 2.49576 80 2 25 10 44477 0 
-130.835 27.7673 -0.151529 0.277306 2.49576 80 2 25 10 44478 0 
-130.826 27.7673 -0.151534 0.277306 2.49576 80 2 25 10 44479 0 
-130.817 27.7673 -0.151539 0.277306 2.49576 80 2 25 10 44480 0 
-130.807 27.7673 -0.151545 0.277306 2.49576 80 2 25 10 44481 0 
-130.798 27.7672 -0.15155 0.277306 2.49576 80 2 25 10 44482 0 
-130.789 27.7672 -0.151555 0.277306 2.49576 80 2 25 10 44483 0 
-130.78 27.7672 -0.151561 0.277306 2.49576 80 2 25 10 44484 0 
-130.77 27.7672 -0.151566 0.277306 2.49576 80 2 25 10 44485 0 
-130.761 27.7671 -0.151571 0.277306 2.49576 80 2 25 10 44486 0 
-130.752 27.7671 -0.151577 0.277306 2.49576 80 2 25 10 44487 0 
-130.743 27.7671 -0.151582 0.277306 2.49576 80 2 25 10 44488 0 
-130.733 27.7671 -0.151587 0.277306 2.49576 80 2 25 10 44489 0 
-130.724 27.767 -0.151593 0.277306 2.49576 80 2 25 10 44490 0 
-130.715 27.767 -0.151598 0.277306 2.49576 80 2 25 10 44491 0 
-130.706 27.767 -0.151603 0.277306 2.49576 80 2 25 10 44492 0 
-130.697 27.767 -0.151609 0.277306 2.49576 80 2 25 10 44493 0 
-130.687 27.7669 -0.151614 0.277306 2.49576 80 2 25 10 44494 0 
-130.678 27.7669 -0.151619 0.277306 2.49576 80 2 25 10 44495 0 
-130.669 27.7669 -0.151625 0.277306 2.49576 80 2 25 10 44496 0 
-130.66 27.7669 -0.15163 0.277306 2.49576 80 2 25 10 44497 0 
-130.65 27.7668 -0.151635 0.277306 2.49576 80 2 25 10 44498 0 
-130.641 27.7668 -0.151641 0.277306 2.49576 80 2 25 10 44499 0 
-130.632 27.7668 -0.151646 0.277306 2.49576 80 2 25 10 44500 0 
-130.623 27.7668 -0.151651 0.277306 2.49576 80 2 25 10 44501 0 
-130.613 27.7667 -0.151657 0.277306 2.49576 80 2 25 10 44502 0 
-130.604 27.7667 -0.151662 0.277306 2.49576 80 2 25 10 44503 0 
-130.595 27.7667 -0.151667 0.277306 2.49576 80 2 25 10 44504 0 
-130.586 27.7667 -0.151673 0.277306 2.49576 80 2 25 10 44505 0 
-130.576 27.7666 -0.151678 0.277306 2.49576 80 2 25 10 44506 0 
-130.567 27.7666 -0.151683 0.277306 2.49576 80 2 25 10 44507 0 
-130.558 27.7666 -0.151689 0.277306 2.49576 80 2 25 10 44508 0 
-130.549 27.7666 -0.151694 0.277306 2.49576 80 2 25 10 44509 0 
-130.539 27.7665 -0.151699 0.277306 2.49576 80 2 25 10 44510 0 
-130.53 27.7665 -0.151705 0.277306 2.49576 80 2 25 10 44511 0 
-130.521 27.7665 -0.15171 0.277306 2.49576 80 2 25 10 44512 0 
-130.512 27.7665 -0.151716 0.277306 2.49576 80 2 25 10 44513 0 
-130.502 27.7664 -0.151721 0.277306 2.49576 80 2 25 10 44514 0 
-130.493 27.7664 -0.151726 0.277306 2.49576 80 2 25 10 44515 0 
-130.484 27.7664 -0.151732 0.277306 2.49576 80 2 25 10 44516 0 
-130.475 27.7664 -0.151737 0.277306 2.49576 80 2 25 10 44517 0 
-130.465 27.7663 -0.151742 0.277306 2.49576 80 2 25 10 44518 0 
-130.456 27.7663 -0.151748 0.277306 2.49576 80 2 25 10 44519 0 
-130.447 27.7663 -0.151753 0.277306 2.49576 80 2 25 10 44520 0 
-130.438 27.7663 -0.151758 0.277306 2.49576 80 2 25 10 44521 0 
-130.428 27.7663 -0.151764 0.277306 2.49576 80 2 25 10 44522 0 
-130.419 27.7662 -0.151769 0.277306 2.49576 80 2 25 10 44523 0 
-130.41 27.7662 -0.151774 0.277306 2.49576 80 2 25 10 44524 0 
-130.401 27.7662 -0.15178 0.277306 2.49576 80 2 25 10 44525 0 
-130.391 27.7662 -0.151785 0.277306 2.49576 80 2 25 10 44526 0 
-130.382 27.7661 -0.15179 0.277306 2.49576 80 2 25 10 44527 0 
-130.373 27.7661 -0.151796 0.277306 2.49576 80 2 25 10 44528 0 
-130.364 27.7661 -0.151801 0.277306 2.49576 80 2 25 10 44529 0 
-130.354 27.7661 -0.151807 0.277306 2.49576 80 2 25 10 44530 0 
-130.345 27.766 -0.151812 0.277306 2.49576 80 2 25 10 44531 0 
-130.336 27.766 -0.151817 0.277306 2.49576 80 2 25 10 44532 0 
-130.327 27.766 -0.151823 0.277306 2.49576 80 2 25 10 44533 0 
-130.317 27.766 -0.151828 0.277306 2.49576 80 2 25 10 44534 0 
-130.308 27.7659 -0.151833 0.277306 2.49576 80 2 25 10 44535 0 
-130.299 27.7659 -0.151839 0.277306 2.49576 80 2 25 10 44536 0 
-130.29 27.7659 -0.151844 0.277306 2.49576 80 2 25 10 44537 0 
-130.28 27.7659 -0.151849 0.277306 2.49576 80 2 25 10 44538 0 
-130.271 27.7658 -0.151855 0.277306 2.49576 80 2 25 10 44539 0 
-130.262 27.7658 -0.15186 0.277306 2.49576 80 2 25 10 44540 0 
-130.253 27.7658 -0.151866 0.277306 2.49576 80 2 25 10 44541 0 
-130.243 27.7658 -0.151871 0.277306 2.49576 80 2 25 10 44542 0 
-130.234 27.7657 -0.151876 0.277306 2.49576 80 2 25 10 44543 0 
-130.225 27.7657 -0.151882 0.277306 2.49576 80 2 25 10 44544 0 
-130.216 27.7657 -0.151887 0.277306 2.49576 80 2 25 10 44545 0 
-130.206 27.7657 -0.151892 0.277306 2.49576 80 2 25 10 44546 0 
-130.197 27.7656 -0.151898 0.277306 2.49576 80 2 25 10 44547 0 
-130.188 27.7656 -0.151903 0.277306 2.49576 80 2 25 10 44548 0 
-130.179 27.7656 -0.151908 0.277306 2.49576 80 2 25 10 44549 0 
-130.169 27.7656 -0.151914 0.277306 2.49576 80 2 25 10 44550 0 
-130.16 27.7655 -0.151919 0.277306 2.49576 80 2 25 10 44551 0 
-130.151 27.7655 -0.151925 0.277306 2.49576 80 2 25 10 44552 0 
-130.142 27.7655 -0.15193 0.277306 2.49576 80 2 25 10 44553 0 
-130.132 27.7655 -0.151935 0.277306 2.49576 80 2 25 10 44554 0 
-130.123 27.7654 -0.151941 0.277306 2.49576 80 2 25 10 44555 0 
-130.114 27.7654 -0.151946 0.277306 2.49576 80 2 25 10 44556 0 
-130.105 27.7654 -0.151951 0.277306 2.49576 80 2 25 10 44557 0 
-130.095 27.7654 -0.151957 0.277306 2.49576 80 2 25 10 44558 0 
-130.086 27.7653 -0.151962 0.277306 2.49576 80 2 25 10 44559 0 
-130.077 27.7653 -0.151968 0.277306 2.49576 80 2 25 10 44560 0 
-130.068 27.7653 -0.151973 0.277306 2.49576 80 2 25 10 44561 0 
-130.058 27.7653 -0.151978 0.277306 2.49576 80 2 25 10 44562 0 
-130.049 27.7652 -0.151984 0.277306 2.49576 80 2 25 10 44563 0 
-130.04 27.7652 -0.151989 0.277306 2.49576 80 2 25 10 44564 0 
-130.031 27.7652 -0.151994 0.277306 2.49576 80 2 25 10 44565 0 
-130.021 27.7652 -0.152 0.277306 2.49576 80 2 25 10 44566 0 
-130.012 27.7651 -0.152005 0.277306 2.49576 80 2 25 10 44567 0 
-130.003 27.7651 -0.152011 0.277306 2.49576 80 2 25 10 44568 0 
-129.994 27.7651 -0.152016 0.277306 2.49576 80 2 25 10 44569 0 
-129.984 27.7651 -0.152021 0.277306 2.49576 80 2 25 10 44570 0 
-129.975 27.765 -0.152027 0.277306 2.49576 80 2 25 10 44571 0 
-129.966 27.765 -0.152032 0.277306 2.49576 80 2 25 10 44572 0 
-129.957 27.765 -0.152037 0.277306 2.49576 80 2 25 10 44573 0 
-129.948 27.765 -0.152043 0.277306 2.49576 80 2 25 10 44574 0 
-129.938 27.7649 -0.152048 0.277306 2.49576 80 2 25 10 44575 0 
-129.929 27.7649 -0.152054 0.277306 2.49576 80 2 25 10 44576 0 
-129.92 27.7649 -0.152059 0.277306 2.49576 80 2 25 10 44577 0 
-129.911 27.7649 -0.152064 0.277306 2.49576 80 2 25 10 44578 0 
-129.901 27.7648 -0.15207 0.277306 2.49576 80 2 25 10 44579 0 
-129.892 27.7648 -0.152075 0.277306 2.49576 80 2 25 10 44580 0 
-129.883 27.7648 -0.15208 0.277306 2.49576 80 2 25 10 44581 0 
-129.874 27.7648 -0.152086 0.277306 2.49576 80 2 25 10 44582 0 
-129.864 27.7647 -0.152091 0.277306 2.49576 80 2 25 10 44583 0 
-129.855 27.7647 -0.152097 0.277306 2.49576 80 2 25 10 44584 0 
-129.846 27.7647 -0.152102 0.277306 2.49576 80 2 25 10 44585 0 
-129.837 27.7647 -0.152107 0.277306 2.49576 80 2 25 10 44586 0 
-129.827 27.7646 -0.152113 0.277306 2.49576 80 2 25 10 44587 0 
-129.818 27.7646 -0.152118 0.277306 2.49576 80 2 25 10 44588 0 
-129.809 27.7646 -0.152124 0.277306 2.49576 80 2 25 10 44589 0 
-129.8 27.7646 -0.152129 0.277306 2.49576 80 2 25 10 44590 0 
-129.79 27.7645 -0.152134 0.277306 2.49576 80 2 25 10 44591 0 
-129.781 27.7645 -0.15214 0.277306 2.49576 80 2 25 10 44592 0 
-129.772 27.7645 -0.152145 0.277306 2.49576 80 2 25 10 44593 0 
-129.763 27.7645 -0.15215 0.277306 2.49576 80 2 25 10 44594 0 
-129.753 27.7644 -0.152156 0.277306 2.49576 80 2 25 10 44595 0 
-129.744 27.7644 -0.152161 0.277306 2.49576 80 2 25 10 44596 0 
-129.735 27.7644 -0.152167 0.277306 2.49576 80 2 25 10 44597 0 
-129.726 27.7644 -0.152172 0.277306 2.49576 80 2 25 10 44598 0 
-129.716 27.7643 -0.152177 0.277306 2.49576 80 2 25 10 44599 0 
-129.707 27.7643 -0.152183 0.277306 2.49576 80 2 25 10 44600 0 
-129.698 27.7643 -0.152188 0.277306 2.49576 80 2 25 10 44601 0 
-129.689 27.7643 -0.152194 0.277306 2.49576 80 2 25 10 44602 0 
-129.679 27.7642 -0.152199 0.277306 2.49576 80 2 25 10 44603 0 
-129.67 27.7642 -0.152204 0.277306 2.49576 80 2 25 10 44604 0 
-129.661 27.7642 -0.15221 0.277306 2.49576 80 2 25 10 44605 0 
-129.652 27.7642 -0.152215 0.277306 2.49576 80 2 25 10 44606 0 
-129.642 27.7641 -0.152221 0.277306 2.49576 80 2 25 10 44607 0 
-129.633 27.7641 -0.152226 0.277306 2.49576 80 2 25 10 44608 0 
-129.624 27.7641 -0.152231 0.277306 2.49576 80 2 25 10 44609 0 
-129.615 27.7641 -0.152237 0.277306 2.49576 80 2 25 10 44610 0 
-129.605 27.764 -0.152242 0.277306 2.49576 80 2 25 10 44611 0 
-129.596 27.764 -0.152248 0.277306 2.49576 80 2 25 10 44612 0 
-129.587 27.764 -0.152253 0.277306 2.49576 80 2 25 10 44613 0 
-129.578 27.764 -0.152258 0.277306 2.49576 80 2 25 10 44614 0 
-129.568 27.7639 -0.152264 0.277306 2.49576 80 2 25 10 44615 0 
-129.559 27.7639 -0.152269 0.277306 2.49576 80 2 25 10 44616 0 
-129.55 27.7639 -0.152275 0.277306 2.49576 80 2 25 10 44617 0 
-129.541 27.7639 -0.15228 0.277306 2.49576 80 2 25 10 44618 0 
-129.531 27.7638 -0.152285 0.277306 2.49576 80 2 25 10 44619 0 
-129.522 27.7638 -0.152291 0.277306 2.49576 80 2 25 10 44620 0 
-129.513 27.7638 -0.152296 0.277306 2.49576 80 2 25 10 44621 0 
-129.504 27.7638 -0.152302 0.277306 2.49576 80 2 25 10 44622 0 
-129.494 27.7637 -0.152307 0.277306 2.49576 80 2 25 10 44623 0 
-129.485 27.7637 -0.152312 0.277306 2.49576 80 2 25 10 44624 0 
-129.476 27.7637 -0.152318 0.277306 2.49576 80 2 25 10 44625 0 
-129.467 27.7637 -0.152323 0.277306 2.49576 80 2 25 10 44626 0 
-129.457 27.7636 -0.152329 0.277306 2.49576 80 2 25 10 44627 0 
-129.448 27.7636 -0.152334 0.277306 2.49576 80 2 25 10 44628 0 
-129.439 27.7636 -0.152339 0.277306 2.49576 80 2 25 10 44629 0 
-129.43 27.7636 -0.152345 0.277306 2.49576 80 2 25 10 44630 0 
-129.42 27.7635 -0.15235 0.277306 2.49576 80 2 25 10 44631 0 
-129.411 27.7635 -0.152356 0.277306 2.49576 80 2 25 10 44632 0 
-129.402 27.7635 -0.152361 0.277306 2.49576 80 2 25 10 44633 0 
-129.393 27.7635 -0.152366 0.277306 2.49576 80 2 25 10 44634 0 
-129.383 27.7634 -0.152372 0.277306 2.49576 80 2 25 10 44635 0 
-129.374 27.7634 -0.152377 0.277306 2.49576 80 2 25 10 44636 0 
-129.365 27.7634 -0.152383 0.277306 2.49576 80 2 25 10 44637 0 
-129.356 27.7634 -0.152388 0.277306 2.49576 80 2 25 10 44638 0 
-129.346 27.7633 -0.152394 0.277306 2.49576 80 2 25 10 44639 0 
-129.337 27.7633 -0.152399 0.277306 2.49576 80 2 25 10 44640 0 
-129.328 27.7633 -0.152404 0.277306 2.49576 80 2 25 10 44641 0 
-129.319 27.7633 -0.15241 0.277306 2.49576 80 2 25 10 44642 0 
-129.309 27.7633 -0.152415 0.277306 2.49576 80 2 25 10 44643 0 
-129.3 27.7632 -0.152421 0.277306 2.49576 80 2 25 10 44644 0 
-129.291 27.7632 -0.152426 0.277306 2.49576 80 2 25 10 44645 0 
-129.282 27.7632 -0.152431 0.277306 2.49576 80 2 25 10 44646 0 
-129.272 27.7632 -0.152437 0.277306 2.49576 80 2 25 10 44647 0 
-129.263 27.7631 -0.152442 0.277306 2.49576 80 2 25 10 44648 0 
-129.254 27.7631 -0.152448 0.277306 2.49576 80 2 25 10 44649 0 
-129.245 27.7631 -0.152453 0.277306 2.49576 80 2 25 10 44650 0 
-129.236 27.7631 -0.152458 0.277306 2.49576 80 2 25 10 44651 0 
-129.226 27.763 -0.152464 0.277306 2.49576 80 2 25 10 44652 0 
-129.217 27.763 -0.152469 0.277306 2.49576 80 2 25 10 44653 0 
-129.208 27.763 -0.152475 0.277306 2.49576 80 2 25 10 44654 0 
-129.199 27.763 -0.15248 0.277306 2.49576 80 2 25 10 44655 0 
-129.189 27.7629 -0.152486 0.277306 2.49576 80 2 25 10 44656 0 
-129.18 27.7629 -0.152491 0.277306 2.49576 80 2 25 10 44657 0 
-129.171 27.7629 -0.152496 0.277306 2.49576 80 2 25 10 44658 0 
-129.162 27.7629 -0.152502 0.277306 2.49576 80 2 25 10 44659 0 
-129.152 27.7628 -0.152507 0.277306 2.49576 80 2 25 10 44660 0 
-129.143 27.7628 -0.152513 0.277306 2.49576 80 2 25 10 44661 0 
-129.134 27.7628 -0.152518 0.277306 2.49576 80 2 25 10 44662 0 
-129.125 27.7628 -0.152524 0.277306 2.49576 80 2 25 10 44663 0 
-129.115 27.7627 -0.152529 0.277306 2.49576 80 2 25 10 44664 0 
-129.106 27.7627 -0.152534 0.277306 2.49576 80 2 25 10 44665 0 
-129.097 27.7627 -0.15254 0.277306 2.49576 80 2 25 10 44666 0 
-129.088 27.7627 -0.152545 0.277306 2.49576 80 2 25 10 44667 0 
-129.078 27.7626 -0.152551 0.277306 2.49576 80 2 25 10 44668 0 
-129.069 27.7626 -0.152556 0.277306 2.49576 80 2 25 10 44669 0 
-129.06 27.7626 -0.152562 0.277306 2.49576 80 2 25 10 44670 0 
-129.051 27.7626 -0.152567 0.277306 2.49576 80 2 25 10 44671 0 
-129.041 27.7625 -0.152572 0.277306 2.49576 80 2 25 10 44672 0 
-129.032 27.7625 -0.152578 0.277306 2.49576 80 2 25 10 44673 0 
-129.023 27.7625 -0.152583 0.277306 2.49576 80 2 25 10 44674 0 
-129.014 27.7625 -0.152589 0.277306 2.49576 80 2 25 10 44675 0 
-129.004 27.7624 -0.152594 0.277306 2.49576 80 2 25 10 44676 0 
-128.995 27.7624 -0.152599 0.277306 2.49576 80 2 25 10 44677 0 
-128.986 27.7624 -0.152605 0.277306 2.49576 80 2 25 10 44678 0 
-128.977 27.7624 -0.15261 0.277306 2.49576 80 2 25 10 44679 0 
-128.967 27.7623 -0.152616 0.277306 2.49576 80 2 25 10 44680 0 
-128.958 27.7623 -0.152621 0.277306 2.49576 80 2 25 10 44681 0 
-128.949 27.7623 -0.152627 0.277306 2.49576 80 2 25 10 44682 0 
-128.94 27.7623 -0.152632 0.277306 2.49576 80 2 25 10 44683 0 
-128.93 27.7622 -0.152638 0.277306 2.49576 80 2 25 10 44684 0 
-128.921 27.7622 -0.152643 0.277306 2.49576 80 2 25 10 44685 0 
-128.912 27.7622 -0.152648 0.277306 2.49576 80 2 25 10 44686 0 
-128.903 27.7622 -0.152654 0.277306 2.49576 80 2 25 10 44687 0 
-128.893 27.7621 -0.152659 0.277306 2.49576 80 2 25 10 44688 0 
-128.884 27.7621 -0.152665 0.277306 2.49576 80 2 25 10 44689 0 
-128.875 27.7621 -0.15267 0.277306 2.49576 80 2 25 10 44690 0 
-128.866 27.7621 -0.152676 0.277306 2.49576 80 2 25 10 44691 0 
-128.856 27.762 -0.152681 0.277306 2.49576 80 2 25 10 44692 0 
-128.847 27.762 -0.152686 0.277306 2.49576 80 2 25 10 44693 0 
-128.838 27.762 -0.152692 0.277306 2.49576 80 2 25 10 44694 0 
-128.829 27.762 -0.152697 0.277306 2.49576 80 2 25 10 44695 0 
-128.819 27.7619 -0.152703 0.277306 2.49576 80 2 25 10 44696 0 
-128.81 27.7619 -0.152708 0.277306 2.49576 80 2 25 10 44697 0 
-128.801 27.7619 -0.152714 0.277306 2.49576 80 2 25 10 44698 0 
-128.792 27.7619 -0.152719 0.277306 2.49576 80 2 25 10 44699 0 
-128.782 27.7618 -0.152725 0.277306 2.49576 80 2 25 10 44700 0 
-128.773 27.7618 -0.15273 0.277306 2.49576 80 2 25 10 44701 0 
-128.764 27.7618 -0.152735 0.277306 2.49576 80 2 25 10 44702 0 
-128.755 27.7618 -0.152741 0.277306 2.49576 80 2 25 10 44703 0 
-128.745 27.7617 -0.152746 0.277306 2.49576 80 2 25 10 44704 0 
-128.736 27.7617 -0.152752 0.277306 2.49576 80 2 25 10 44705 0 
-128.727 27.7617 -0.152757 0.277306 2.49576 80 2 25 10 44706 0 
-128.718 27.7617 -0.152763 0.277306 2.49576 80 2 25 10 44707 0 
-128.708 27.7616 -0.152768 0.277306 2.49576 80 2 25 10 44708 0 
-128.699 27.7616 -0.152773 0.277306 2.49576 80 2 25 10 44709 0 
-128.69 27.7616 -0.152779 0.277306 2.49576 80 2 25 10 44710 0 
-128.681 27.7616 -0.152784 0.277306 2.49576 80 2 25 10 44711 0 
-128.671 27.7615 -0.15279 0.277306 2.49576 80 2 25 10 44712 0 
-128.662 27.7615 -0.152795 0.277306 2.49576 80 2 25 10 44713 0 
-128.653 27.7615 -0.152801 0.277306 2.49576 80 2 25 10 44714 0 
-128.644 27.7615 -0.152806 0.277306 2.49576 80 2 25 10 44715 0 
-128.634 27.7614 -0.152812 0.277306 2.49576 80 2 25 10 44716 0 
-128.625 27.7614 -0.152817 0.277306 2.49576 80 2 25 10 44717 0 
-128.616 27.7614 -0.152823 0.277306 2.49576 80 2 25 10 44718 0 
-128.607 27.7614 -0.152828 0.277306 2.49576 80 2 25 10 44719 0 
-128.597 27.7613 -0.152833 0.277306 2.49576 80 2 25 10 44720 0 
-128.588 27.7613 -0.152839 0.277306 2.49576 80 2 25 10 44721 0 
-128.579 27.7613 -0.152844 0.277306 2.49576 80 2 25 10 44722 0 
-128.57 27.7613 -0.15285 0.277306 2.49576 80 2 25 10 44723 0 
-128.56 27.7612 -0.152855 0.277306 2.49576 80 2 25 10 44724 0 
-128.551 27.7612 -0.152861 0.277306 2.49576 80 2 25 10 44725 0 
-128.542 27.7612 -0.152866 0.277306 2.49576 80 2 25 10 44726 0 
-128.533 27.7612 -0.152872 0.277306 2.49576 80 2 25 10 44727 0 
-128.523 27.7611 -0.152877 0.277306 2.49576 80 2 25 10 44728 0 
-128.514 27.7611 -0.152883 0.277306 2.49576 80 2 25 10 44729 0 
-128.505 27.7611 -0.152888 0.277306 2.49576 80 2 25 10 44730 0 
-128.496 27.7611 -0.152893 0.277306 2.49576 80 2 25 10 44731 0 
-128.487 27.761 -0.152899 0.277306 2.49576 80 2 25 10 44732 0 
-128.477 27.761 -0.152904 0.277306 2.49576 80 2 25 10 44733 0 
-128.468 27.761 -0.15291 0.277306 2.49576 80 2 25 10 44734 0 
-128.459 27.761 -0.152915 0.277306 2.49576 80 2 25 10 44735 0 
-128.45 27.7609 -0.152921 0.277306 2.49576 80 2 25 10 44736 0 
-128.44 27.7609 -0.152926 0.277306 2.49576 80 2 25 10 44737 0 
-128.431 27.7609 -0.152932 0.277306 2.49576 80 2 25 10 44738 0 
-128.422 27.7609 -0.152937 0.277306 2.49576 80 2 25 10 44739 0 
-128.413 27.7608 -0.152943 0.277306 2.49576 80 2 25 10 44740 0 
-128.403 27.7608 -0.152948 0.277306 2.49576 80 2 25 10 44741 0 
-128.394 27.7608 -0.152953 0.277306 2.49576 80 2 25 10 44742 0 
-128.385 27.7608 -0.152959 0.277306 2.49576 80 2 25 10 44743 0 
-128.376 27.7607 -0.152964 0.277306 2.49576 80 2 25 10 44744 0 
-128.366 27.7607 -0.15297 0.277306 2.49576 80 2 25 10 44745 0 
-128.357 27.7607 -0.152975 0.277306 2.49576 80 2 25 10 44746 0 
-128.348 27.7607 -0.152981 0.277306 2.49576 80 2 25 10 44747 0 
-128.339 27.7606 -0.152986 0.277306 2.49576 80 2 25 10 44748 0 
-128.329 27.7606 -0.152992 0.277306 2.49576 80 2 25 10 44749 0 
-128.32 27.7606 -0.152997 0.277306 2.49576 80 2 25 10 44750 0 
-128.311 27.7606 -0.153003 0.277306 2.49576 80 2 25 10 44751 0 
-128.302 27.7605 -0.153008 0.277306 2.49576 80 2 25 10 44752 0 
-128.292 27.7605 -0.153014 0.277306 2.49576 80 2 25 10 44753 0 
-128.283 27.7605 -0.153019 0.277306 2.49576 80 2 25 10 44754 0 
-128.274 27.7605 -0.153025 0.277306 2.49576 80 2 25 10 44755 0 
-128.265 27.7604 -0.15303 0.277306 2.49576 80 2 25 10 44756 0 
-128.255 27.7604 -0.153035 0.277306 2.49576 80 2 25 10 44757 0 
-128.246 27.7604 -0.153041 0.277306 2.49576 80 2 25 10 44758 0 
-128.237 27.7604 -0.153046 0.277306 2.49576 80 2 25 10 44759 0 
-128.228 27.7603 -0.153052 0.277306 2.49576 80 2 25 10 44760 0 
-128.218 27.7603 -0.153057 0.277306 2.49576 80 2 25 10 44761 0 
-128.209 27.7603 -0.153063 0.277306 2.49576 80 2 25 10 44762 0 
-128.2 27.7603 -0.153068 0.277306 2.49576 80 2 25 10 44763 0 
-128.191 27.7603 -0.153074 0.277306 2.49576 80 2 25 10 44764 0 
-128.181 27.7602 -0.153079 0.277306 2.49576 80 2 25 10 44765 0 
-128.172 27.7602 -0.153085 0.277306 2.49576 80 2 25 10 44766 0 
-128.163 27.7602 -0.15309 0.277306 2.49576 80 2 25 10 44767 0 
-128.154 27.7602 -0.153096 0.277306 2.49576 80 2 25 10 44768 0 
-128.144 27.7601 -0.153101 0.277306 2.49576 80 2 25 10 44769 0 
-128.135 27.7601 -0.153107 0.277306 2.49576 80 2 25 10 44770 0 
-128.126 27.7601 -0.153112 0.277306 2.49576 80 2 25 10 44771 0 
-128.117 27.7601 -0.153117 0.277306 2.49576 80 2 25 10 44772 0 
-128.107 27.76 -0.153123 0.277306 2.49576 80 2 25 10 44773 0 
-128.098 27.76 -0.153128 0.277306 2.49576 80 2 25 10 44774 0 
-128.089 27.76 -0.153134 0.277306 2.49576 80 2 25 10 44775 0 
-128.08 27.76 -0.153139 0.277306 2.49576 80 2 25 10 44776 0 
-128.07 27.7599 -0.153145 0.277306 2.49576 80 2 25 10 44777 0 
-128.061 27.7599 -0.15315 0.277306 2.49576 80 2 25 10 44778 0 
-128.052 27.7599 -0.153156 0.277306 2.49576 80 2 25 10 44779 0 
-128.043 27.7599 -0.153161 0.277306 2.49576 80 2 25 10 44780 0 
-128.033 27.7598 -0.153167 0.277306 2.49576 80 2 25 10 44781 0 
-128.024 27.7598 -0.153172 0.277306 2.49576 80 2 25 10 44782 0 
-128.015 27.7598 -0.153178 0.277306 2.49576 80 2 25 10 44783 0 
-128.006 27.7598 -0.153183 0.277306 2.49576 80 2 25 10 44784 0 
-127.996 27.7597 -0.153189 0.277306 2.49576 80 2 25 10 44785 0 
-127.987 27.7597 -0.153194 0.277306 2.49576 80 2 25 10 44786 0 
-127.978 27.7597 -0.1532 0.277306 2.49576 80 2 25 10 44787 0 
-127.969 27.7597 -0.153205 0.277306 2.49576 80 2 25 10 44788 0 
-127.959 27.7596 -0.153211 0.277306 2.49576 80 2 25 10 44789 0 
-127.95 27.7596 -0.153216 0.277306 2.49576 80 2 25 10 44790 0 
-127.941 27.7596 -0.153222 0.277306 2.49576 80 2 25 10 44791 0 
-127.932 27.7596 -0.153227 0.277306 2.49576 80 2 25 10 44792 0 
-127.922 27.7595 -0.153233 0.277306 2.49576 80 2 25 10 44793 0 
-127.913 27.7595 -0.153238 0.277306 2.49576 80 2 25 10 44794 0 
-127.904 27.7595 -0.153244 0.277306 2.49576 80 2 25 10 44795 0 
-127.895 27.7595 -0.153249 0.277306 2.49576 80 2 25 10 44796 0 
-127.885 27.7594 -0.153255 0.277306 2.49576 80 2 25 10 44797 0 
-127.876 27.7594 -0.15326 0.277306 2.49576 80 2 25 10 44798 0 
-127.867 27.7594 -0.153266 0.277306 2.49576 80 2 25 10 44799 0 
-127.858 27.7594 -0.153271 0.277306 2.49576 80 2 25 10 44800 0 
-127.848 27.7593 -0.153277 0.277306 2.49576 80 2 25 10 44801 0 
-127.839 27.7593 -0.153282 0.277306 2.49576 80 2 25 10 44802 0 
-127.83 27.7593 -0.153287 0.277306 2.49576 80 2 25 10 44803 0 
-127.821 27.7593 -0.153293 0.277306 2.49576 80 2 25 10 44804 0 
-127.811 27.7592 -0.153298 0.277306 2.49576 80 2 25 10 44805 0 
-127.802 27.7592 -0.153304 0.277306 2.49576 80 2 25 10 44806 0 
-127.793 27.7592 -0.153309 0.277306 2.49576 80 2 25 10 44807 0 
-127.784 27.7592 -0.153315 0.277306 2.49576 80 2 25 10 44808 0 
-127.775 27.7591 -0.15332 0.277306 2.49576 80 2 25 10 44809 0 
-127.765 27.7591 -0.153326 0.277306 2.49576 80 2 25 10 44810 0 
-127.756 27.7591 -0.153331 0.277306 2.49576 80 2 25 10 44811 0 
-127.747 27.7591 -0.153337 0.277306 2.49576 80 2 25 10 44812 0 
-127.738 27.759 -0.153342 0.277306 2.49576 80 2 25 10 44813 0 
-127.728 27.759 -0.153348 0.277306 2.49576 80 2 25 10 44814 0 
-127.719 27.759 -0.153353 0.277306 2.49576 80 2 25 10 44815 0 
-127.71 27.759 -0.153359 0.277306 2.49576 80 2 25 10 44816 0 
-127.701 27.7589 -0.153364 0.277306 2.49576 80 2 25 10 44817 0 
-127.691 27.7589 -0.15337 0.277306 2.49576 80 2 25 10 44818 0 
-127.682 27.7589 -0.153375 0.277306 2.49576 80 2 25 10 44819 0 
-127.673 27.7589 -0.153381 0.277306 2.49576 80 2 25 10 44820 0 
-127.664 27.7588 -0.153386 0.277306 2.49576 80 2 25 10 44821 0 
-127.654 27.7588 -0.153392 0.277306 2.49576 80 2 25 10 44822 0 
-127.645 27.7588 -0.153397 0.277306 2.49576 80 2 25 10 44823 0 
-127.636 27.7588 -0.153403 0.277306 2.49576 80 2 25 10 44824 0 
-127.627 27.7587 -0.153408 0.277306 2.49576 80 2 25 10 44825 0 
-127.617 27.7587 -0.153414 0.277306 2.49576 80 2 25 10 44826 0 
-127.608 27.7587 -0.153419 0.277306 2.49576 80 2 25 10 44827 0 
-127.599 27.7587 -0.153425 0.277306 2.49576 80 2 25 10 44828 0 
-127.59 27.7586 -0.15343 0.277306 2.49576 80 2 25 10 44829 0 
-127.58 27.7586 -0.153436 0.277306 2.49576 80 2 25 10 44830 0 
-127.571 27.7586 -0.153441 0.277306 2.49576 80 2 25 10 44831 0 
-127.562 27.7586 -0.153447 0.277306 2.49576 80 2 25 10 44832 0 
-127.553 27.7585 -0.153452 0.277306 2.49576 80 2 25 10 44833 0 
-127.543 27.7585 -0.153458 0.277306 2.49576 80 2 25 10 44834 0 
-127.534 27.7585 -0.153463 0.277306 2.49576 80 2 25 10 44835 0 
-127.525 27.7585 -0.153469 0.277306 2.49576 80 2 25 10 44836 0 
-127.516 27.7584 -0.153474 0.277306 2.49576 80 2 25 10 44837 0 
-127.506 27.7584 -0.15348 0.277306 2.49576 80 2 25 10 44838 0 
-127.497 27.7584 -0.153486 0.277306 2.49576 80 2 25 10 44839 0 
-127.488 27.7584 -0.153491 0.277306 2.49576 80 2 25 10 44840 0 
-127.479 27.7583 -0.153497 0.277306 2.49576 80 2 25 10 44841 0 
-127.469 27.7583 -0.153502 0.277306 2.49576 80 2 25 10 44842 0 
-127.46 27.7583 -0.153508 0.277306 2.49576 80 2 25 10 44843 0 
-127.451 27.7583 -0.153513 0.277306 2.49576 80 2 25 10 44844 0 
-127.442 27.7582 -0.153519 0.277306 2.49576 80 2 25 10 44845 0 
-127.432 27.7582 -0.153524 0.277306 2.49576 80 2 25 10 44846 0 
-127.423 27.7582 -0.15353 0.277306 2.49576 80 2 25 10 44847 0 
-127.414 27.7582 -0.153535 0.277306 2.49576 80 2 25 10 44848 0 
-127.405 27.7581 -0.153541 0.277306 2.49576 80 2 25 10 44849 0 
-127.395 27.7581 -0.153546 0.277306 2.49576 80 2 25 10 44850 0 
-127.386 27.7581 -0.153552 0.277306 2.49576 80 2 25 10 44851 0 
-127.377 27.7581 -0.153557 0.277306 2.49576 80 2 25 10 44852 0 
-127.368 27.758 -0.153563 0.277306 2.49576 80 2 25 10 44853 0 
-127.358 27.758 -0.153568 0.277306 2.49576 80 2 25 10 44854 0 
-127.349 27.758 -0.153574 0.277306 2.49576 80 2 25 10 44855 0 
-127.34 27.758 -0.153579 0.277306 2.49576 80 2 25 10 44856 0 
-127.331 27.7579 -0.153585 0.277306 2.49576 80 2 25 10 44857 0 
-127.321 27.7579 -0.15359 0.277306 2.49576 80 2 25 10 44858 0 
-127.312 27.7579 -0.153596 0.277306 2.49576 80 2 25 10 44859 0 
-127.303 27.7579 -0.153601 0.277306 2.49576 80 2 25 10 44860 0 
-127.294 27.7578 -0.153607 0.277306 2.49576 80 2 25 10 44861 0 
-127.284 27.7578 -0.153612 0.277306 2.49576 80 2 25 10 44862 0 
-127.275 27.7578 -0.153618 0.277306 2.49576 80 2 25 10 44863 0 
-127.266 27.7578 -0.153623 0.277306 2.49576 80 2 25 10 44864 0 
-127.257 27.7577 -0.153629 0.277306 2.49576 80 2 25 10 44865 0 
-127.247 27.7577 -0.153634 0.277306 2.49576 80 2 25 10 44866 0 
-127.238 27.7577 -0.15364 0.277306 2.49576 80 2 25 10 44867 0 
-127.229 27.7577 -0.153645 0.277306 2.49576 80 2 25 10 44868 0 
-127.22 27.7576 -0.153651 0.277306 2.49576 80 2 25 10 44869 0 
-127.21 27.7576 -0.153657 0.277306 2.49576 80 2 25 10 44870 0 
-127.201 27.7576 -0.153662 0.277306 2.49576 80 2 25 10 44871 0 
-127.192 27.7576 -0.153668 0.277306 2.49576 80 2 25 10 44872 0 
-127.183 27.7575 -0.153673 0.277306 2.49576 80 2 25 10 44873 0 
-127.173 27.7575 -0.153679 0.277306 2.49576 80 2 25 10 44874 0 
-127.164 27.7575 -0.153684 0.277306 2.49576 80 2 25 10 44875 0 
-127.155 27.7575 -0.15369 0.277306 2.49576 80 2 25 10 44876 0 
-127.146 27.7574 -0.153695 0.277306 2.49576 80 2 25 10 44877 0 
-127.136 27.7574 -0.153701 0.277306 2.49576 80 2 25 10 44878 0 
-127.127 27.7574 -0.153706 0.277306 2.49576 80 2 25 10 44879 0 
-127.118 27.7574 -0.153712 0.277306 2.49576 80 2 25 10 44880 0 
-127.109 27.7573 -0.153717 0.277306 2.49576 80 2 25 10 44881 0 
-127.099 27.7573 -0.153723 0.277306 2.49576 80 2 25 10 44882 0 
-127.09 27.7573 -0.153728 0.277306 2.49576 80 2 25 10 44883 0 
-127.081 27.7573 -0.153734 0.277306 2.49576 80 2 25 10 44884 0 
-127.072 27.7572 -0.153739 0.277306 2.49576 80 2 25 10 44885 0 
-127.062 27.7572 -0.153745 0.277306 2.49576 80 2 25 10 44886 0 
-127.053 27.7572 -0.153751 0.277306 2.49576 80 2 25 10 44887 0 
-127.044 27.7572 -0.153756 0.277306 2.49576 80 2 25 10 44888 0 
-127.035 27.7572 -0.153762 0.277306 2.49576 80 2 25 10 44889 0 
-127.026 27.7571 -0.153767 0.277306 2.49576 80 2 25 10 44890 0 
-127.016 27.7571 -0.153773 0.277306 2.49576 80 2 25 10 44891 0 
-127.007 27.7571 -0.153778 0.277306 2.49576 80 2 25 10 44892 0 
-126.998 27.7571 -0.153784 0.277306 2.49576 80 2 25 10 44893 0 
-126.989 27.757 -0.153789 0.277306 2.49576 80 2 25 10 44894 0 
-126.979 27.757 -0.153795 0.277306 2.49576 80 2 25 10 44895 0 
-126.97 27.757 -0.1538 0.277306 2.49576 80 2 25 10 44896 0 
-126.961 27.757 -0.153806 0.277306 2.49576 80 2 25 10 44897 0 
-126.952 27.7569 -0.153811 0.277306 2.49576 80 2 25 10 44898 0 
-126.942 27.7569 -0.153817 0.277306 2.49576 80 2 25 10 44899 0 
-126.933 27.7569 -0.153822 0.277306 2.49576 80 2 25 10 44900 0 
-126.924 27.7569 -0.153828 0.277306 2.49576 80 2 25 10 44901 0 
-126.915 27.7568 -0.153834 0.277306 2.49576 80 2 25 10 44902 0 
-126.905 27.7568 -0.153839 0.277306 2.49576 80 2 25 10 44903 0 
-126.896 27.7568 -0.153845 0.277306 2.49576 80 2 25 10 44904 0 
-126.887 27.7568 -0.15385 0.277306 2.49576 80 2 25 10 44905 0 
-126.878 27.7567 -0.153856 0.277306 2.49576 80 2 25 10 44906 0 
-126.868 27.7567 -0.153861 0.277306 2.49576 80 2 25 10 44907 0 
-126.859 27.7567 -0.153867 0.277306 2.49576 80 2 25 10 44908 0 
-126.85 27.7567 -0.153872 0.277306 2.49576 80 2 25 10 44909 0 
-126.841 27.7566 -0.153878 0.277306 2.49576 80 2 25 10 44910 0 
-126.831 27.7566 -0.153883 0.277306 2.49576 80 2 25 10 44911 0 
-126.822 27.7566 -0.153889 0.277306 2.49576 80 2 25 10 44912 0 
-126.813 27.7566 -0.153895 0.277306 2.49576 80 2 25 10 44913 0 
-126.804 27.7565 -0.1539 0.277306 2.49576 80 2 25 10 44914 0 
-126.794 27.7565 -0.153906 0.277306 2.49576 80 2 25 10 44915 0 
-126.785 27.7565 -0.153911 0.277306 2.49576 80 2 25 10 44916 0 
-126.776 27.7565 -0.153917 0.277306 2.49576 80 2 25 10 44917 0 
-126.767 27.7564 -0.153922 0.277306 2.49576 80 2 25 10 44918 0 
-126.757 27.7564 -0.153928 0.277306 2.49576 80 2 25 10 44919 0 
-126.748 27.7564 -0.153933 0.277306 2.49576 80 2 25 10 44920 0 
-126.739 27.7564 -0.153939 0.277306 2.49576 80 2 25 10 44921 0 
-126.73 27.7563 -0.153944 0.277306 2.49576 80 2 25 10 44922 0 
-126.72 27.7563 -0.15395 0.277306 2.49576 80 2 25 10 44923 0 
-126.711 27.7563 -0.153956 0.277306 2.49576 80 2 25 10 44924 0 
-126.702 27.7563 -0.153961 0.277306 2.49576 80 2 25 10 44925 0 
-126.693 27.7562 -0.153967 0.277306 2.49576 80 2 25 10 44926 0 
-126.683 27.7562 -0.153972 0.277306 2.49576 80 2 25 10 44927 0 
-126.674 27.7562 -0.153978 0.277306 2.49576 80 2 25 10 44928 0 
-126.665 27.7562 -0.153983 0.277306 2.49576 80 2 25 10 44929 0 
-126.656 27.7561 -0.153989 0.277306 2.49576 80 2 25 10 44930 0 
-126.646 27.7561 -0.153994 0.277306 2.49576 80 2 25 10 44931 0 
-126.637 27.7561 -0.154 0.277306 2.49576 80 2 25 10 44932 0 
-126.628 27.7561 -0.154006 0.277306 2.49576 80 2 25 10 44933 0 
-126.619 27.756 -0.154011 0.277306 2.49576 80 2 25 10 44934 0 
-126.609 27.756 -0.154017 0.277306 2.49576 80 2 25 10 44935 0 
-126.6 27.756 -0.154022 0.277306 2.49576 80 2 25 10 44936 0 
-126.591 27.756 -0.154028 0.277306 2.49576 80 2 25 10 44937 0 
-126.582 27.7559 -0.154033 0.277306 2.49576 80 2 25 10 44938 0 
-126.572 27.7559 -0.154039 0.277306 2.49576 80 2 25 10 44939 0 
-126.563 27.7559 -0.154044 0.277306 2.49576 80 2 25 10 44940 0 
-126.554 27.7559 -0.15405 0.277306 2.49576 80 2 25 10 44941 0 
-126.545 27.7558 -0.154056 0.277306 2.49576 80 2 25 10 44942 0 
-126.535 27.7558 -0.154061 0.277306 2.49576 80 2 25 10 44943 0 
-126.526 27.7558 -0.154067 0.277306 2.49576 80 2 25 10 44944 0 
-126.517 27.7558 -0.154072 0.277306 2.49576 80 2 25 10 44945 0 
-126.508 27.7557 -0.154078 0.277306 2.49576 80 2 25 10 44946 0 
-126.498 27.7557 -0.154083 0.277306 2.49576 80 2 25 10 44947 0 
-126.489 27.7557 -0.154089 0.277306 2.49576 80 2 25 10 44948 0 
-126.48 27.7557 -0.154095 0.277306 2.49576 80 2 25 10 44949 0 
-126.471 27.7556 -0.1541 0.277306 2.49576 80 2 25 10 44950 0 
-126.461 27.7556 -0.154106 0.277306 2.49576 80 2 25 10 44951 0 
-126.452 27.7556 -0.154111 0.277306 2.49576 80 2 25 10 44952 0 
-126.443 27.7556 -0.154117 0.277306 2.49576 80 2 25 10 44953 0 
-126.434 27.7555 -0.154122 0.277306 2.49576 80 2 25 10 44954 0 
-126.424 27.7555 -0.154128 0.277306 2.49576 80 2 25 10 44955 0 
-126.415 27.7555 -0.154133 0.277306 2.49576 80 2 25 10 44956 0 
-126.406 27.7555 -0.154139 0.277306 2.49576 80 2 25 10 44957 0 
-126.397 27.7554 -0.154145 0.277306 2.49576 80 2 25 10 44958 0 
-126.387 27.7554 -0.15415 0.277306 2.49576 80 2 25 10 44959 0 
-126.378 27.7554 -0.154156 0.277306 2.49576 80 2 25 10 44960 0 
-126.369 27.7554 -0.154161 0.277306 2.49576 80 2 25 10 44961 0 
-126.36 27.7553 -0.154167 0.277306 2.49576 80 2 25 10 44962 0 
-126.35 27.7553 -0.154172 0.277306 2.49576 80 2 25 10 44963 0 
-126.341 27.7553 -0.154178 0.277306 2.49576 80 2 25 10 44964 0 
-126.332 27.7553 -0.154184 0.277306 2.49576 80 2 25 10 44965 0 
-126.323 27.7552 -0.154189 0.277306 2.49576 80 2 25 10 44966 0 
-126.314 27.7552 -0.154195 0.277306 2.49576 80 2 25 10 44967 0 
-126.304 27.7552 -0.1542 0.277306 2.49576 80 2 25 10 44968 0 
-126.295 27.7552 -0.154206 0.277306 2.49576 80 2 25 10 44969 0 
-126.286 27.7551 -0.154211 0.277306 2.49576 80 2 25 10 44970 0 
-126.277 27.7551 -0.154217 0.277306 2.49576 80 2 25 10 44971 0 
-126.267 27.7551 -0.154223 0.277306 2.49576 80 2 25 10 44972 0 
-126.258 27.7551 -0.154228 0.277306 2.49576 80 2 25 10 44973 0 
-126.249 27.755 -0.154234 0.277306 2.49576 80 2 25 10 44974 0 
-126.24 27.755 -0.154239 0.277306 2.49576 80 2 25 10 44975 0 
-126.23 27.755 -0.154245 0.277306 2.49576 80 2 25 10 44976 0 
-126.221 27.755 -0.15425 0.277306 2.49576 80 2 25 10 44977 0 
-126.212 27.7549 -0.154256 0.277306 2.49576 80 2 25 10 44978 0 
-126.203 27.7549 -0.154262 0.277306 2.49576 80 2 25 10 44979 0 
-126.193 27.7549 -0.154267 0.277306 2.49576 80 2 25 10 44980 0 
-126.184 27.7549 -0.154273 0.277306 2.49576 80 2 25 10 44981 0 
-126.175 27.7548 -0.154278 0.277306 2.49576 80 2 25 10 44982 0 
-126.166 27.7548 -0.154284 0.277306 2.49576 80 2 25 10 44983 0 
-126.156 27.7548 -0.15429 0.277306 2.49576 80 2 25 10 44984 0 
-126.147 27.7548 -0.154295 0.277306 2.49576 80 2 25 10 44985 0 
-126.138 27.7547 -0.154301 0.277306 2.49576 80 2 25 10 44986 0 
-126.129 27.7547 -0.154306 0.277306 2.49576 80 2 25 10 44987 0 
-126.119 27.7547 -0.154312 0.277306 2.49576 80 2 25 10 44988 0 
-126.11 27.7547 -0.154317 0.277306 2.49576 80 2 25 10 44989 0 
-126.101 27.7546 -0.154323 0.277306 2.49576 80 2 25 10 44990 0 
-126.092 27.7546 -0.154329 0.277306 2.49576 80 2 25 10 44991 0 
-126.082 27.7546 -0.154334 0.277306 2.49576 80 2 25 10 44992 0 
-126.073 27.7546 -0.15434 0.277306 2.49576 80 2 25 10 44993 0 
-126.064 27.7545 -0.154345 0.277306 2.49576 80 2 25 10 44994 0 
-126.055 27.7545 -0.154351 0.277306 2.49576 80 2 25 10 44995 0 
-126.045 27.7545 -0.154357 0.277306 2.49576 80 2 25 10 44996 0 
-126.036 27.7545 -0.154362 0.277306 2.49576 80 2 25 10 44997 0 
-126.027 27.7544 -0.154368 0.277306 2.49576 80 2 25 10 44998 0 
-126.018 27.7544 -0.154373 0.277306 2.49576 80 2 25 10 44999 0 
-126.008 27.7544 -0.154379 0.277306 2.49576 80 2 25 10 45000 0 
-125.999 27.7544 -0.154385 0.277306 2.49576 80 2 25 10 45001 0 
-125.99 27.7543 -0.15439 0.277306 2.49576 80 2 25 10 45002 0 
-125.981 27.7543 -0.154396 0.277306 2.49576 80 2 25 10 45003 0 
-125.971 27.7543 -0.154401 0.277306 2.49576 80 2 25 10 45004 0 
-125.962 27.7543 -0.154407 0.277306 2.49576 80 2 25 10 45005 0 
-125.953 27.7542 -0.154412 0.277306 2.49576 80 2 25 10 45006 0 
-125.944 27.7542 -0.154418 0.277306 2.49576 80 2 25 10 45007 0 
-125.934 27.7542 -0.154424 0.277306 2.49576 80 2 25 10 45008 0 
-125.925 27.7542 -0.154429 0.277306 2.49576 80 2 25 10 45009 0 
-125.916 27.7542 -0.154435 0.277306 2.49576 80 2 25 10 45010 0 
-125.907 27.7541 -0.15444 0.277306 2.49576 80 2 25 10 45011 0 
-125.897 27.7541 -0.154446 0.277306 2.49576 80 2 25 10 45012 0 
-125.888 27.7541 -0.154452 0.277306 2.49576 80 2 25 10 45013 0 
-125.879 27.7541 -0.154457 0.277306 2.49576 80 2 25 10 45014 0 
-125.87 27.754 -0.154463 0.277306 2.49576 80 2 25 10 45015 0 
-125.86 27.754 -0.154468 0.277306 2.49576 80 2 25 10 45016 0 
-125.851 27.754 -0.154474 0.277306 2.49576 80 2 25 10 45017 0 
-125.842 27.754 -0.15448 0.277306 2.49576 80 2 25 10 45018 0 
-125.833 27.7539 -0.154485 0.277306 2.49576 80 2 25 10 45019 0 
-125.823 27.7539 -0.154491 0.277306 2.49576 80 2 25 10 45020 0 
-125.814 27.7539 -0.154496 0.277306 2.49576 80 2 25 10 45021 0 
-125.805 27.7539 -0.154502 0.277306 2.49576 80 2 25 10 45022 0 
-125.796 27.7538 -0.154508 0.277306 2.49576 80 2 25 10 45023 0 
-125.786 27.7538 -0.154513 0.277306 2.49576 80 2 25 10 45024 0 
-125.777 27.7538 -0.154519 0.277306 2.49576 80 2 25 10 45025 0 
-125.768 27.7538 -0.154524 0.277306 2.49576 80 2 25 10 45026 0 
-125.759 27.7537 -0.15453 0.277306 2.49576 80 2 25 10 45027 0 
-125.749 27.7537 -0.154536 0.277306 2.49576 80 2 25 10 45028 0 
-125.74 27.7537 -0.154541 0.277306 2.49576 80 2 25 10 45029 0 
-125.731 27.7537 -0.154547 0.277306 2.49576 80 2 25 10 45030 0 
-125.722 27.7536 -0.154552 0.277306 2.49576 80 2 25 10 45031 0 
-125.712 27.7536 -0.154558 0.277306 2.49576 80 2 25 10 45032 0 
-125.703 27.7536 -0.154564 0.277306 2.49576 80 2 25 10 45033 0 
-125.694 27.7536 -0.154569 0.277306 2.49576 80 2 25 10 45034 0 
-125.685 27.7535 -0.154575 0.277306 2.49576 80 2 25 10 45035 0 
-125.675 27.7535 -0.15458 0.277306 2.49576 80 2 25 10 45036 0 
-125.666 27.7535 -0.154586 0.277306 2.49576 80 2 25 10 45037 0 
-125.657 27.7535 -0.154592 0.277306 2.49576 80 2 25 10 45038 0 
-125.648 27.7534 -0.154597 0.277306 2.49576 80 2 25 10 45039 0 
-125.638 27.7534 -0.154603 0.277306 2.49576 80 2 25 10 45040 0 
-125.629 27.7534 -0.154608 0.277306 2.49576 80 2 25 10 45041 0 
-125.62 27.7534 -0.154614 0.277306 2.49576 80 2 25 10 45042 0 
-125.611 27.7533 -0.15462 0.277306 2.49576 80 2 25 10 45043 0 
-125.602 27.7533 -0.154625 0.277306 2.49576 80 2 25 10 45044 0 
-125.592 27.7533 -0.154631 0.277306 2.49576 80 2 25 10 45045 0 
-125.583 27.7533 -0.154637 0.277306 2.49576 80 2 25 10 45046 0 
-125.574 27.7532 -0.154642 0.277306 2.49576 80 2 25 10 45047 0 
-125.565 27.7532 -0.154648 0.277306 2.49576 80 2 25 10 45048 0 
-125.555 27.7532 -0.154653 0.277306 2.49576 80 2 25 10 45049 0 
-125.546 27.7532 -0.154659 0.277306 2.49576 80 2 25 10 45050 0 
-125.537 27.7531 -0.154665 0.277306 2.49576 80 2 25 10 45051 0 
-125.528 27.7531 -0.15467 0.277306 2.49576 80 2 25 10 45052 0 
-125.518 27.7531 -0.154676 0.277306 2.49576 80 2 25 10 45053 0 
-125.509 27.7531 -0.154682 0.277306 2.49576 80 2 25 10 45054 0 
-125.5 27.753 -0.154687 0.277306 2.49576 80 2 25 10 45055 0 
-125.491 27.753 -0.154693 0.277306 2.49576 80 2 25 10 45056 0 
-125.481 27.753 -0.154698 0.277306 2.49576 80 2 25 10 45057 0 
-125.472 27.753 -0.154704 0.277306 2.49576 80 2 25 10 45058 0 
-125.463 27.7529 -0.15471 0.277306 2.49576 80 2 25 10 45059 0 
-125.454 27.7529 -0.154715 0.277306 2.49576 80 2 25 10 45060 0 
-125.444 27.7529 -0.154721 0.277306 2.49576 80 2 25 10 45061 0 
-125.435 27.7529 -0.154726 0.277306 2.49576 80 2 25 10 45062 0 
-125.426 27.7528 -0.154732 0.277306 2.49576 80 2 25 10 45063 0 
-125.417 27.7528 -0.154738 0.277306 2.49576 80 2 25 10 45064 0 
-125.407 27.7528 -0.154743 0.277306 2.49576 80 2 25 10 45065 0 
-125.398 27.7528 -0.154749 0.277306 2.49576 80 2 25 10 45066 0 
-125.389 27.7527 -0.154755 0.277306 2.49576 80 2 25 10 45067 0 
-125.38 27.7527 -0.15476 0.277306 2.49576 80 2 25 10 45068 0 
-125.37 27.7527 -0.154766 0.277306 2.49576 80 2 25 10 45069 0 
-125.361 27.7527 -0.154771 0.277306 2.49576 80 2 25 10 45070 0 
-125.352 27.7526 -0.154777 0.277306 2.49576 80 2 25 10 45071 0 
-125.343 27.7526 -0.154783 0.277306 2.49576 80 2 25 10 45072 0 
-125.333 27.7526 -0.154788 0.277306 2.49576 80 2 25 10 45073 0 
-125.324 27.7526 -0.154794 0.277306 2.49576 80 2 25 10 45074 0 
-125.315 27.7525 -0.1548 0.277306 2.49576 80 2 25 10 45075 0 
-125.306 27.7525 -0.154805 0.277306 2.49576 80 2 25 10 45076 0 
-125.296 27.7525 -0.154811 0.277306 2.49576 80 2 25 10 45077 0 
-125.287 27.7525 -0.154816 0.277306 2.49576 80 2 25 10 45078 0 
-125.278 27.7524 -0.154822 0.277306 2.49576 80 2 25 10 45079 0 
-125.269 27.7524 -0.154828 0.277306 2.49576 80 2 25 10 45080 0 
-125.259 27.7524 -0.154833 0.277306 2.49576 80 2 25 10 45081 0 
-125.25 27.7524 -0.154839 0.277306 2.49576 80 2 25 10 45082 0 
-125.241 27.7523 -0.154845 0.277306 2.49576 80 2 25 10 45083 0 
-125.232 27.7523 -0.15485 0.277306 2.49576 80 2 25 10 45084 0 
-125.222 27.7523 -0.154856 0.277306 2.49576 80 2 25 10 45085 0 
-125.213 27.7523 -0.154861 0.277306 2.49576 80 2 25 10 45086 0 
-125.204 27.7522 -0.154867 0.277306 2.49576 80 2 25 10 45087 0 
-125.195 27.7522 -0.154873 0.277306 2.49576 80 2 25 10 45088 0 
-125.185 27.7522 -0.154878 0.277306 2.49576 80 2 25 10 45089 0 
-125.176 27.7522 -0.154884 0.277306 2.49576 80 2 25 10 45090 0 
-125.167 27.7521 -0.15489 0.277306 2.49576 80 2 25 10 45091 0 
-125.158 27.7521 -0.154895 0.277306 2.49576 80 2 25 10 45092 0 
-125.148 27.7521 -0.154901 0.277306 2.49576 80 2 25 10 45093 0 
-125.139 27.7521 -0.154907 0.277306 2.49576 80 2 25 10 45094 0 
-125.13 27.752 -0.154912 0.277306 2.49576 80 2 25 10 45095 0 
-125.121 27.752 -0.154918 0.277306 2.49576 80 2 25 10 45096 0 
-125.111 27.752 -0.154923 0.277306 2.49576 80 2 25 10 45097 0 
-125.102 27.752 -0.154929 0.277306 2.49576 80 2 25 10 45098 0 
-125.093 27.7519 -0.154935 0.277306 2.49576 80 2 25 10 45099 0 
-125.084 27.7519 -0.15494 0.277306 2.49576 80 2 25 10 45100 0 
-125.074 27.7519 -0.154946 0.277306 2.49576 80 2 25 10 45101 0 
-125.065 27.7519 -0.154952 0.277306 2.49576 80 2 25 10 45102 0 
-125.056 27.7518 -0.154957 0.277306 2.49576 80 2 25 10 45103 0 
-125.047 27.7518 -0.154963 0.277306 2.49576 80 2 25 10 45104 0 
-125.037 27.7518 -0.154969 0.277306 2.49576 80 2 25 10 45105 0 
-125.028 27.7518 -0.154974 0.277306 2.49576 80 2 25 10 45106 0 
-125.019 27.7517 -0.15498 0.277306 2.49576 80 2 25 10 45107 0 
-125.01 27.7517 -0.154986 0.277306 2.49576 80 2 25 10 45108 0 
-125 27.7517 -0.154991 0.277306 2.49576 80 2 25 10 45109 0 
-124.991 27.7517 -0.154997 0.277306 2.49576 80 2 25 10 45110 0 
-124.982 27.7516 -0.155002 0.277306 2.49576 80 2 25 10 45111 0 
-124.973 27.7516 -0.155008 0.277306 2.49576 80 2 25 10 45112 0 
-124.963 27.7516 -0.155014 0.277306 2.49576 80 2 25 10 45113 0 
-124.954 27.7516 -0.155019 0.277306 2.49576 80 2 25 10 45114 0 
-124.945 27.7515 -0.155025 0.277306 2.49576 80 2 25 10 45115 0 
-124.936 27.7515 -0.155031 0.277306 2.49576 80 2 25 10 45116 0 
-124.926 27.7515 -0.155036 0.277306 2.49576 80 2 25 10 45117 0 
-124.917 27.7515 -0.155042 0.277306 2.49576 80 2 25 10 45118 0 
-124.908 27.7514 -0.155048 0.277306 2.49576 80 2 25 10 45119 0 
-124.899 27.7514 -0.155053 0.277306 2.49576 80 2 25 10 45120 0 
-124.889 27.7514 -0.155059 0.277306 2.49576 80 2 25 10 45121 0 
-124.88 27.7514 -0.155065 0.277306 2.49576 80 2 25 10 45122 0 
-124.871 27.7513 -0.15507 0.277306 2.49576 80 2 25 10 45123 0 
-124.862 27.7513 -0.155076 0.277306 2.49576 80 2 25 10 45124 0 
-124.853 27.7513 -0.155082 0.277306 2.49576 80 2 25 10 45125 0 
-124.843 27.7513 -0.155087 0.277306 2.49576 80 2 25 10 45126 0 
-124.834 27.7512 -0.155093 0.277306 2.49576 80 2 25 10 45127 0 
-124.825 27.7512 -0.155098 0.277306 2.49576 80 2 25 10 45128 0 
-124.816 27.7512 -0.155104 0.277306 2.49576 80 2 25 10 45129 0 
-124.806 27.7512 -0.15511 0.277306 2.49576 80 2 25 10 45130 0 
-124.797 27.7512 -0.155115 0.277306 2.49576 80 2 25 10 45131 0 
-124.788 27.7511 -0.155121 0.277306 2.49576 80 2 25 10 45132 0 
-124.779 27.7511 -0.155127 0.277306 2.49576 80 2 25 10 45133 0 
-124.769 27.7511 -0.155132 0.277306 2.49576 80 2 25 10 45134 0 
-124.76 27.7511 -0.155138 0.277306 2.49576 80 2 25 10 45135 0 
-124.751 27.751 -0.155144 0.277306 2.49576 80 2 25 10 45136 0 
-124.742 27.751 -0.155149 0.277306 2.49576 80 2 25 10 45137 0 
-124.732 27.751 -0.155155 0.277306 2.49576 80 2 25 10 45138 0 
-124.723 27.751 -0.155161 0.277306 2.49576 80 2 25 10 45139 0 
-124.714 27.7509 -0.155166 0.277306 2.49576 80 2 25 10 45140 0 
-124.705 27.7509 -0.155172 0.277306 2.49576 80 2 25 10 45141 0 
-124.695 27.7509 -0.155178 0.277306 2.49576 80 2 25 10 45142 0 
-124.686 27.7509 -0.155183 0.277306 2.49576 80 2 25 10 45143 0 
-124.677 27.7508 -0.155189 0.277306 2.49576 80 2 25 10 45144 0 
-124.668 27.7508 -0.155195 0.277306 2.49576 80 2 25 10 45145 0 
-124.658 27.7508 -0.1552 0.277306 2.49576 80 2 25 10 45146 0 
-124.649 27.7508 -0.155206 0.277306 2.49576 80 2 25 10 45147 0 
-124.64 27.7507 -0.155212 0.277306 2.49576 80 2 25 10 45148 0 
-124.631 27.7507 -0.155217 0.277306 2.49576 80 2 25 10 45149 0 
-124.621 27.7507 -0.155223 0.277306 2.49576 80 2 25 10 45150 0 
-124.612 27.7507 -0.155229 0.277306 2.49576 80 2 25 10 45151 0 
-124.603 27.7506 -0.155234 0.277306 2.49576 80 2 25 10 45152 0 
-124.594 27.7506 -0.15524 0.277306 2.49576 80 2 25 10 45153 0 
-124.584 27.7506 -0.155246 0.277306 2.49576 80 2 25 10 45154 0 
-124.575 27.7506 -0.155251 0.277306 2.49576 80 2 25 10 45155 0 
-124.566 27.7505 -0.155257 0.277306 2.49576 80 2 25 10 45156 0 
-124.557 27.7505 -0.155263 0.277306 2.49576 80 2 25 10 45157 0 
-124.547 27.7505 -0.155268 0.277306 2.49576 80 2 25 10 45158 0 
-124.538 27.7505 -0.155274 0.277306 2.49576 80 2 25 10 45159 0 
-124.529 27.7504 -0.15528 0.277306 2.49576 80 2 25 10 45160 0 
-124.52 27.7504 -0.155285 0.277306 2.49576 80 2 25 10 45161 0 
-124.51 27.7504 -0.155291 0.277306 2.49576 80 2 25 10 45162 0 
-124.501 27.7504 -0.155297 0.277306 2.49576 80 2 25 10 45163 0 
-124.492 27.7503 -0.155302 0.277306 2.49576 80 2 25 10 45164 0 
-124.483 27.7503 -0.155308 0.277306 2.49576 80 2 25 10 45165 0 
-124.473 27.7503 -0.155314 0.277306 2.49576 80 2 25 10 45166 0 
-124.464 27.7503 -0.155319 0.277306 2.49576 80 2 25 10 45167 0 
-124.455 27.7502 -0.155325 0.277306 2.49576 80 2 25 10 45168 0 
-124.446 27.7502 -0.155331 0.277306 2.49576 80 2 25 10 45169 0 
-124.436 27.7502 -0.155336 0.277306 2.49576 80 2 25 10 45170 0 
-124.427 27.7502 -0.155342 0.277306 2.49576 80 2 25 10 45171 0 
-124.418 27.7501 -0.155348 0.277306 2.49576 80 2 25 10 45172 0 
-124.409 27.7501 -0.155354 0.277306 2.49576 80 2 25 10 45173 0 
-124.399 27.7501 -0.155359 0.277306 2.49576 80 2 25 10 45174 0 
-124.39 27.7501 -0.155365 0.277306 2.49576 80 2 25 10 45175 0 
-124.381 27.75 -0.155371 0.277306 2.49576 80 2 25 10 45176 0 
-124.372 27.75 -0.155376 0.277306 2.49576 80 2 25 10 45177 0 
-124.362 27.75 -0.155382 0.277306 2.49576 80 2 25 10 45178 0 
-124.353 27.75 -0.155388 0.277306 2.49576 80 2 25 10 45179 0 
-124.344 27.7499 -0.155393 0.277306 2.49576 80 2 25 10 45180 0 
-124.335 27.7499 -0.155399 0.277306 2.49576 80 2 25 10 45181 0 
-124.325 27.7499 -0.155405 0.277306 2.49576 80 2 25 10 45182 0 
-124.316 27.7499 -0.15541 0.277306 2.49576 80 2 25 10 45183 0 
-124.307 27.7498 -0.155416 0.277306 2.49576 80 2 25 10 45184 0 
-124.298 27.7498 -0.155422 0.277306 2.49576 80 2 25 10 45185 0 
-124.288 27.7498 -0.155427 0.277306 2.49576 80 2 25 10 45186 0 
-124.279 27.7498 -0.155433 0.277306 2.49576 80 2 25 10 45187 0 
-124.27 27.7497 -0.155439 0.277306 2.49576 80 2 25 10 45188 0 
-124.261 27.7497 -0.155444 0.277306 2.49576 80 2 25 10 45189 0 
-124.251 27.7497 -0.15545 0.277306 2.49576 80 2 25 10 45190 0 
-124.242 27.7497 -0.155456 0.277306 2.49576 80 2 25 10 45191 0 
-124.233 27.7496 -0.155461 0.277306 2.49576 80 2 25 10 45192 0 
-124.224 27.7496 -0.155467 0.277306 2.49576 80 2 25 10 45193 0 
-124.214 27.7496 -0.155473 0.277306 2.49576 80 2 25 10 45194 0 
-124.205 27.7496 -0.155479 0.277306 2.49576 80 2 25 10 45195 0 
-124.196 27.7495 -0.155484 0.277306 2.49576 80 2 25 10 45196 0 
-124.187 27.7495 -0.15549 0.277306 2.49576 80 2 25 10 45197 0 
-124.177 27.7495 -0.155496 0.277306 2.49576 80 2 25 10 45198 0 
-124.168 27.7495 -0.155501 0.277306 2.49576 80 2 25 10 45199 0 
-124.159 27.7494 -0.155507 0.277306 2.49576 80 2 25 10 45200 0 
-124.15 27.7494 -0.155513 0.277306 2.49576 80 2 25 10 45201 0 
-124.141 27.7494 -0.155518 0.277306 2.49576 80 2 25 10 45202 0 
-124.131 27.7494 -0.155524 0.277306 2.49576 80 2 25 10 45203 0 
-124.122 27.7493 -0.15553 0.277306 2.49576 80 2 25 10 45204 0 
-124.113 27.7493 -0.155535 0.277306 2.49576 80 2 25 10 45205 0 
-124.104 27.7493 -0.155541 0.277306 2.49576 80 2 25 10 45206 0 
-124.094 27.7493 -0.155547 0.277306 2.49576 80 2 25 10 45207 0 
-124.085 27.7492 -0.155553 0.277306 2.49576 80 2 25 10 45208 0 
-124.076 27.7492 -0.155558 0.277306 2.49576 80 2 25 10 45209 0 
-124.067 27.7492 -0.155564 0.277306 2.49576 80 2 25 10 45210 0 
-124.057 27.7492 -0.15557 0.277306 2.49576 80 2 25 10 45211 0 
-124.048 27.7491 -0.155575 0.277306 2.49576 80 2 25 10 45212 0 
-124.039 27.7491 -0.155581 0.277306 2.49576 80 2 25 10 45213 0 
-124.03 27.7491 -0.155587 0.277306 2.49576 80 2 25 10 45214 0 
-124.02 27.7491 -0.155592 0.277306 2.49576 80 2 25 10 45215 0 
-124.011 27.749 -0.155598 0.277306 2.49576 80 2 25 10 45216 0 
-124.002 27.749 -0.155604 0.277306 2.49576 80 2 25 10 45217 0 
-123.993 27.749 -0.15561 0.277306 2.49576 80 2 25 10 45218 0 
-123.983 27.749 -0.155615 0.277306 2.49576 80 2 25 10 45219 0 
-123.974 27.7489 -0.155621 0.277306 2.49576 80 2 25 10 45220 0 
-123.965 27.7489 -0.155627 0.277306 2.49576 80 2 25 10 45221 0 
-123.956 27.7489 -0.155632 0.277306 2.49576 80 2 25 10 45222 0 
-123.946 27.7489 -0.155638 0.277306 2.49576 80 2 25 10 45223 0 
-123.937 27.7488 -0.155644 0.277306 2.49576 80 2 25 10 45224 0 
-123.928 27.7488 -0.155649 0.277306 2.49576 80 2 25 10 45225 0 
-123.919 27.7488 -0.155655 0.277306 2.49576 80 2 25 10 45226 0 
-123.909 27.7488 -0.155661 0.277306 2.49576 80 2 25 10 45227 0 
-123.9 27.7487 -0.155667 0.277306 2.49576 80 2 25 10 45228 0 
-123.891 27.7487 -0.155672 0.277306 2.49576 80 2 25 10 45229 0 
-123.882 27.7487 -0.155678 0.277306 2.49576 80 2 25 10 45230 0 
-123.872 27.7487 -0.155684 0.277306 2.49576 80 2 25 10 45231 0 
-123.863 27.7486 -0.155689 0.277306 2.49576 80 2 25 10 45232 0 
-123.854 27.7486 -0.155695 0.277306 2.49576 80 2 25 10 45233 0 
-123.845 27.7486 -0.155701 0.277306 2.49576 80 2 25 10 45234 0 
-123.835 27.7486 -0.155707 0.277306 2.49576 80 2 25 10 45235 0 
-123.826 27.7485 -0.155712 0.277306 2.49576 80 2 25 10 45236 0 
-123.817 27.7485 -0.155718 0.277306 2.49576 80 2 25 10 45237 0 
-123.808 27.7485 -0.155724 0.277306 2.49576 80 2 25 10 45238 0 
-123.798 27.7485 -0.155729 0.277306 2.49576 80 2 25 10 45239 0 
-123.789 27.7484 -0.155735 0.277306 2.49576 80 2 25 10 45240 0 
-123.78 27.7484 -0.155741 0.277306 2.49576 80 2 25 10 45241 0 
-123.771 27.7484 -0.155746 0.277306 2.49576 80 2 25 10 45242 0 
-123.761 27.7484 -0.155752 0.277306 2.49576 80 2 25 10 45243 0 
-123.752 27.7483 -0.155758 0.277306 2.49576 80 2 25 10 45244 0 
-123.743 27.7483 -0.155764 0.277306 2.49576 80 2 25 10 45245 0 
-123.734 27.7483 -0.155769 0.277306 2.49576 80 2 25 10 45246 0 
-123.724 27.7483 -0.155775 0.277306 2.49576 80 2 25 10 45247 0 
-123.715 27.7482 -0.155781 0.277306 2.49576 80 2 25 10 45248 0 
-123.706 27.7482 -0.155787 0.277306 2.49576 80 2 25 10 45249 0 
-123.697 27.7482 -0.155792 0.277306 2.49576 80 2 25 10 45250 0 
-123.687 27.7482 -0.155798 0.277306 2.49576 80 2 25 10 45251 0 
-123.678 27.7481 -0.155804 0.277306 2.49576 80 2 25 10 45252 0 
-123.669 27.7481 -0.155809 0.277306 2.49576 80 2 25 10 45253 0 
-123.66 27.7481 -0.155815 0.277306 2.49576 80 2 25 10 45254 0 
-123.65 27.7481 -0.155821 0.277306 2.49576 80 2 25 10 45255 0 
-123.641 27.7481 -0.155827 0.277306 2.49576 80 2 25 10 45256 0 
-123.632 27.748 -0.155832 0.277306 2.49576 80 2 25 10 45257 0 
-123.623 27.748 -0.155838 0.277306 2.49576 80 2 25 10 45258 0 
-123.613 27.748 -0.155844 0.277306 2.49576 80 2 25 10 45259 0 
-123.604 27.748 -0.155849 0.277306 2.49576 80 2 25 10 45260 0 
-123.595 27.7479 -0.155855 0.277306 2.49576 80 2 25 10 45261 0 
-123.586 27.7479 -0.155861 0.277306 2.49576 80 2 25 10 45262 0 
-123.576 27.7479 -0.155867 0.277306 2.49576 80 2 25 10 45263 0 
-123.567 27.7479 -0.155872 0.277306 2.49576 80 2 25 10 45264 0 
-123.558 27.7478 -0.155878 0.277306 2.49576 80 2 25 10 45265 0 
-123.549 27.7478 -0.155884 0.277306 2.49576 80 2 25 10 45266 0 
-123.539 27.7478 -0.15589 0.277306 2.49576 80 2 25 10 45267 0 
-123.53 27.7478 -0.155895 0.277306 2.49576 80 2 25 10 45268 0 
-123.521 27.7477 -0.155901 0.277306 2.49576 80 2 25 10 45269 0 
-123.512 27.7477 -0.155907 0.277306 2.49576 80 2 25 10 45270 0 
-123.502 27.7477 -0.155912 0.277306 2.49576 80 2 25 10 45271 0 
-123.493 27.7477 -0.155918 0.277306 2.49576 80 2 25 10 45272 0 
-123.484 27.7476 -0.155924 0.277306 2.49576 80 2 25 10 45273 0 
-123.475 27.7476 -0.15593 0.277306 2.49576 80 2 25 10 45274 0 
-123.465 27.7476 -0.155935 0.277306 2.49576 80 2 25 10 45275 0 
-123.456 27.7476 -0.155941 0.277306 2.49576 80 2 25 10 45276 0 
-123.447 27.7475 -0.155947 0.277306 2.49576 80 2 25 10 45277 0 
-123.438 27.7475 -0.155953 0.277306 2.49576 80 2 25 10 45278 0 
-123.428 27.7475 -0.155958 0.277306 2.49576 80 2 25 10 45279 0 
-123.419 27.7475 -0.155964 0.277306 2.49576 80 2 25 10 45280 0 
-123.41 27.7474 -0.15597 0.277306 2.49576 80 2 25 10 45281 0 
-123.401 27.7474 -0.155975 0.277306 2.49576 80 2 25 10 45282 0 
-123.392 27.7474 -0.155981 0.277306 2.49576 80 2 25 10 45283 0 
-123.382 27.7474 -0.155987 0.277306 2.49576 80 2 25 10 45284 0 
-123.373 27.7473 -0.155993 0.277306 2.49576 80 2 25 10 45285 0 
-123.364 27.7473 -0.155998 0.277306 2.49576 80 2 25 10 45286 0 
-123.355 27.7473 -0.156004 0.277306 2.49576 80 2 25 10 45287 0 
-123.345 27.7473 -0.15601 0.277306 2.49576 80 2 25 10 45288 0 
-123.336 27.7472 -0.156016 0.277306 2.49576 80 2 25 10 45289 0 
-123.327 27.7472 -0.156021 0.277306 2.49576 80 2 25 10 45290 0 
-123.318 27.7472 -0.156027 0.277306 2.49576 80 2 25 10 45291 0 
-123.308 27.7472 -0.156033 0.277306 2.49576 80 2 25 10 45292 0 
-123.299 27.7471 -0.156039 0.277306 2.49576 80 2 25 10 45293 0 
-123.29 27.7471 -0.156044 0.277306 2.49576 80 2 25 10 45294 0 
-123.281 27.7471 -0.15605 0.277306 2.49576 80 2 25 10 45295 0 
-123.271 27.7471 -0.156056 0.277306 2.49576 80 2 25 10 45296 0 
-123.262 27.747 -0.156062 0.277306 2.49576 80 2 25 10 45297 0 
-123.253 27.747 -0.156067 0.277306 2.49576 80 2 25 10 45298 0 
-123.244 27.747 -0.156073 0.277306 2.49576 80 2 25 10 45299 0 
-123.234 27.747 -0.156079 0.277306 2.49576 80 2 25 10 45300 0 
-123.225 27.7469 -0.156085 0.277306 2.49576 80 2 25 10 45301 0 
-123.216 27.7469 -0.15609 0.277306 2.49576 80 2 25 10 45302 0 
-123.207 27.7469 -0.156096 0.277306 2.49576 80 2 25 10 45303 0 
-123.197 27.7469 -0.156102 0.277306 2.49576 80 2 25 10 45304 0 
-123.188 27.7468 -0.156108 0.277306 2.49576 80 2 25 10 45305 0 
-123.179 27.7468 -0.156113 0.277306 2.49576 80 2 25 10 45306 0 
-123.17 27.7468 -0.156119 0.277306 2.49576 80 2 25 10 45307 0 
-123.16 27.7468 -0.156125 0.277306 2.49576 80 2 25 10 45308 0 
-123.151 27.7467 -0.156131 0.277306 2.49576 80 2 25 10 45309 0 
-123.142 27.7467 -0.156136 0.277306 2.49576 80 2 25 10 45310 0 
-123.133 27.7467 -0.156142 0.277306 2.49576 80 2 25 10 45311 0 
-123.123 27.7467 -0.156148 0.277306 2.49576 80 2 25 10 45312 0 
-123.114 27.7466 -0.156154 0.277306 2.49576 80 2 25 10 45313 0 
-123.105 27.7466 -0.156159 0.277306 2.49576 80 2 25 10 45314 0 
-123.096 27.7466 -0.156165 0.277306 2.49576 80 2 25 10 45315 0 
-123.086 27.7466 -0.156171 0.277306 2.49576 80 2 25 10 45316 0 
-123.077 27.7465 -0.156177 0.277306 2.49576 80 2 25 10 45317 0 
-123.068 27.7465 -0.156182 0.277306 2.49576 80 2 25 10 45318 0 
-123.059 27.7465 -0.156188 0.277306 2.49576 80 2 25 10 45319 0 
-123.049 27.7465 -0.156194 0.277306 2.49576 80 2 25 10 45320 0 
-123.04 27.7464 -0.1562 0.277306 2.49576 80 2 25 10 45321 0 
-123.031 27.7464 -0.156205 0.277306 2.49576 80 2 25 10 45322 0 
-123.022 27.7464 -0.156211 0.277306 2.49576 80 2 25 10 45323 0 
-123.012 27.7464 -0.156217 0.277306 2.49576 80 2 25 10 45324 0 
-123.003 27.7463 -0.156223 0.277306 2.49576 80 2 25 10 45325 0 
-122.994 27.7463 -0.156228 0.277306 2.49576 80 2 25 10 45326 0 
-122.985 27.7463 -0.156234 0.277306 2.49576 80 2 25 10 45327 0 
-122.975 27.7463 -0.15624 0.277306 2.49576 80 2 25 10 45328 0 
-122.966 27.7462 -0.156246 0.277306 2.49576 80 2 25 10 45329 0 
-122.957 27.7462 -0.156251 0.277306 2.49576 80 2 25 10 45330 0 
-122.948 27.7462 -0.156257 0.277306 2.49576 80 2 25 10 45331 0 
-122.938 27.7462 -0.156263 0.277306 2.49576 80 2 25 10 45332 0 
-122.929 27.7461 -0.156269 0.277306 2.49576 80 2 25 10 45333 0 
-122.92 27.7461 -0.156274 0.277306 2.49576 80 2 25 10 45334 0 
-122.911 27.7461 -0.15628 0.277306 2.49576 80 2 25 10 45335 0 
-122.901 27.7461 -0.156286 0.277306 2.49576 80 2 25 10 45336 0 
-122.892 27.746 -0.156292 0.277306 2.49576 80 2 25 10 45337 0 
-122.883 27.746 -0.156297 0.277306 2.49576 80 2 25 10 45338 0 
-122.874 27.746 -0.156303 0.277306 2.49576 80 2 25 10 45339 0 
-122.864 27.746 -0.156309 0.277306 2.49576 80 2 25 10 45340 0 
-122.855 27.7459 -0.156315 0.277306 2.49576 80 2 25 10 45341 0 
-122.846 27.7459 -0.156321 0.277306 2.49576 80 2 25 10 45342 0 
-122.837 27.7459 -0.156326 0.277306 2.49576 80 2 25 10 45343 0 
-122.827 27.7459 -0.156332 0.277306 2.49576 80 2 25 10 45344 0 
-122.818 27.7458 -0.156338 0.277306 2.49576 80 2 25 10 45345 0 
-122.809 27.7458 -0.156344 0.277306 2.49576 80 2 25 10 45346 0 
-122.8 27.7458 -0.156349 0.277306 2.49576 80 2 25 10 45347 0 
-122.79 27.7458 -0.156355 0.277306 2.49576 80 2 25 10 45348 0 
-122.781 27.7457 -0.156361 0.277306 2.49576 80 2 25 10 45349 0 
-122.772 27.7457 -0.156367 0.277306 2.49576 80 2 25 10 45350 0 
-122.763 27.7457 -0.156372 0.277306 2.49576 80 2 25 10 45351 0 
-122.753 27.7457 -0.156378 0.277306 2.49576 80 2 25 10 45352 0 
-122.744 27.7456 -0.156384 0.277306 2.49576 80 2 25 10 45353 0 
-122.735 27.7456 -0.15639 0.277306 2.49576 80 2 25 10 45354 0 
-122.726 27.7456 -0.156395 0.277306 2.49576 80 2 25 10 45355 0 
-122.716 27.7456 -0.156401 0.277306 2.49576 80 2 25 10 45356 0 
-122.707 27.7455 -0.156407 0.277306 2.49576 80 2 25 10 45357 0 
-122.698 27.7455 -0.156413 0.277306 2.49576 80 2 25 10 45358 0 
-122.689 27.7455 -0.156419 0.277306 2.49576 80 2 25 10 45359 0 
-122.68 27.7455 -0.156424 0.277306 2.49576 80 2 25 10 45360 0 
-122.67 27.7454 -0.15643 0.277306 2.49576 80 2 25 10 45361 0 
-122.661 27.7454 -0.156436 0.277306 2.49576 80 2 25 10 45362 0 
-122.652 27.7454 -0.156442 0.277306 2.49576 80 2 25 10 45363 0 
-122.643 27.7454 -0.156447 0.277306 2.49576 80 2 25 10 45364 0 
-122.633 27.7453 -0.156453 0.277306 2.49576 80 2 25 10 45365 0 
-122.624 27.7453 -0.156459 0.277306 2.49576 80 2 25 10 45366 0 
-122.615 27.7453 -0.156465 0.277306 2.49576 80 2 25 10 45367 0 
-122.606 27.7453 -0.156471 0.277306 2.49576 80 2 25 10 45368 0 
-122.596 27.7452 -0.156476 0.277306 2.49576 80 2 25 10 45369 0 
-122.587 27.7452 -0.156482 0.277306 2.49576 80 2 25 10 45370 0 
-122.578 27.7452 -0.156488 0.277306 2.49576 80 2 25 10 45371 0 
-122.569 27.7452 -0.156494 0.277306 2.49576 80 2 25 10 45372 0 
-122.559 27.7451 -0.1565 0.277306 2.49576 80 2 25 10 45373 0 
-122.55 27.7451 -0.156505 0.277306 2.49576 80 2 25 10 45374 0 
-122.541 27.7451 -0.156511 0.277306 2.49576 80 2 25 10 45375 0 
-122.532 27.7451 -0.156517 0.277306 2.49576 80 2 25 10 45376 0 
-122.522 27.7451 -0.156523 0.277306 2.49576 80 2 25 10 45377 0 
-122.513 27.745 -0.156528 0.277306 2.49576 80 2 25 10 45378 0 
-122.504 27.745 -0.156534 0.277306 2.49576 80 2 25 10 45379 0 
-122.495 27.745 -0.15654 0.277306 2.49576 80 2 25 10 45380 0 
-122.485 27.745 -0.156546 0.277306 2.49576 80 2 25 10 45381 0 
-122.476 27.7449 -0.156552 0.277306 2.49576 80 2 25 10 45382 0 
-122.467 27.7449 -0.156557 0.277306 2.49576 80 2 25 10 45383 0 
-122.458 27.7449 -0.156563 0.277306 2.49576 80 2 25 10 45384 0 
-122.448 27.7449 -0.156569 0.277306 2.49576 80 2 25 10 45385 0 
-122.439 27.7448 -0.156575 0.277306 2.49576 80 2 25 10 45386 0 
-122.43 27.7448 -0.156581 0.277306 2.49576 80 2 25 10 45387 0 
-122.421 27.7448 -0.156586 0.277306 2.49576 80 2 25 10 45388 0 
-122.411 27.7448 -0.156592 0.277306 2.49576 80 2 25 10 45389 0 
-122.402 27.7447 -0.156598 0.277306 2.49576 80 2 25 10 45390 0 
-122.393 27.7447 -0.156604 0.277306 2.49576 80 2 25 10 45391 0 
-122.384 27.7447 -0.156609 0.277306 2.49576 80 2 25 10 45392 0 
-122.374 27.7447 -0.156615 0.277306 2.49576 80 2 25 10 45393 0 
-122.365 27.7446 -0.156621 0.277306 2.49576 80 2 25 10 45394 0 
-122.356 27.7446 -0.156627 0.277306 2.49576 80 2 25 10 45395 0 
-122.347 27.7446 -0.156633 0.277306 2.49576 80 2 25 10 45396 0 
-122.337 27.7446 -0.156638 0.277306 2.49576 80 2 25 10 45397 0 
-122.328 27.7445 -0.156644 0.277306 2.49576 80 2 25 10 45398 0 
-122.319 27.7445 -0.15665 0.277306 2.49576 80 2 25 10 45399 0 
-122.31 27.7445 -0.156656 0.277306 2.49576 80 2 25 10 45400 0 
-122.3 27.7445 -0.156662 0.277306 2.49576 80 2 25 10 45401 0 
-122.291 27.7444 -0.156667 0.277306 2.49576 80 2 25 10 45402 0 
-122.282 27.7444 -0.156673 0.277306 2.49576 80 2 25 10 45403 0 
-122.273 27.7444 -0.156679 0.277306 2.49576 80 2 25 10 45404 0 
-122.263 27.7444 -0.156685 0.277306 2.49576 80 2 25 10 45405 0 
-122.254 27.7443 -0.156691 0.277306 2.49576 80 2 25 10 45406 0 
-122.245 27.7443 -0.156696 0.277306 2.49576 80 2 25 10 45407 0 
-122.236 27.7443 -0.156702 0.277306 2.49576 80 2 25 10 45408 0 
-122.226 27.7443 -0.156708 0.277306 2.49576 80 2 25 10 45409 0 
-122.217 27.7442 -0.156714 0.277306 2.49576 80 2 25 10 45410 0 
-122.208 27.7442 -0.15672 0.277306 2.49576 80 2 25 10 45411 0 
-122.199 27.7442 -0.156725 0.277306 2.49576 80 2 25 10 45412 0 
-122.189 27.7442 -0.156731 0.277306 2.49576 80 2 25 10 45413 0 
-122.18 27.7441 -0.156737 0.277306 2.49576 80 2 25 10 45414 0 
-122.171 27.7441 -0.156743 0.277306 2.49576 80 2 25 10 45415 0 
-122.162 27.7441 -0.156749 0.277306 2.49576 80 2 25 10 45416 0 
-122.152 27.7441 -0.156754 0.277306 2.49576 80 2 25 10 45417 0 
-122.143 27.744 -0.15676 0.277306 2.49576 80 2 25 10 45418 0 
-122.134 27.744 -0.156766 0.277306 2.49576 80 2 25 10 45419 0 
-122.125 27.744 -0.156772 0.277306 2.49576 80 2 25 10 45420 0 
-122.115 27.744 -0.156778 0.277306 2.49576 80 2 25 10 45421 0 
-122.106 27.7439 -0.156784 0.277306 2.49576 80 2 25 10 45422 0 
-122.097 27.7439 -0.156789 0.277306 2.49576 80 2 25 10 45423 0 
-122.088 27.7439 -0.156795 0.277306 2.49576 80 2 25 10 45424 0 
-122.078 27.7439 -0.156801 0.277306 2.49576 80 2 25 10 45425 0 
-122.069 27.7438 -0.156807 0.277306 2.49576 80 2 25 10 45426 0 
-122.06 27.7438 -0.156813 0.277306 2.49576 80 2 25 10 45427 0 
-122.051 27.7438 -0.156818 0.277306 2.49576 80 2 25 10 45428 0 
-122.041 27.7438 -0.156824 0.277306 2.49576 80 2 25 10 45429 0 
-122.032 27.7437 -0.15683 0.277306 2.49576 80 2 25 10 45430 0 
-122.023 27.7437 -0.156836 0.277306 2.49576 80 2 25 10 45431 0 
-122.014 27.7437 -0.156842 0.277306 2.49576 80 2 25 10 45432 0 
-122.004 27.7437 -0.156847 0.277306 2.49576 80 2 25 10 45433 0 
-121.995 27.7436 -0.156853 0.277306 2.49576 80 2 25 10 45434 0 
-121.986 27.7436 -0.156859 0.277306 2.49576 80 2 25 10 45435 0 
-121.977 27.7436 -0.156865 0.277306 2.49576 80 2 25 10 45436 0 
-121.967 27.7436 -0.156871 0.277306 2.49576 80 2 25 10 45437 0 
-121.958 27.7435 -0.156877 0.277306 2.49576 80 2 25 10 45438 0 
-121.949 27.7435 -0.156882 0.277306 2.49576 80 2 25 10 45439 0 
-121.94 27.7435 -0.156888 0.277306 2.49576 80 2 25 10 45440 0 
-121.931 27.7435 -0.156894 0.277306 2.49576 80 2 25 10 45441 0 
-121.921 27.7434 -0.1569 0.277306 2.49576 80 2 25 10 45442 0 
-121.912 27.7434 -0.156906 0.277306 2.49576 80 2 25 10 45443 0 
-121.903 27.7434 -0.156911 0.277306 2.49576 80 2 25 10 45444 0 
-121.894 27.7434 -0.156917 0.277306 2.49576 80 2 25 10 45445 0 
-121.884 27.7433 -0.156923 0.277306 2.49576 80 2 25 10 45446 0 
-121.875 27.7433 -0.156929 0.277306 2.49576 80 2 25 10 45447 0 
-121.866 27.7433 -0.156935 0.277306 2.49576 80 2 25 10 45448 0 
-121.857 27.7433 -0.156941 0.277306 2.49576 80 2 25 10 45449 0 
-121.847 27.7432 -0.156946 0.277306 2.49576 80 2 25 10 45450 0 
-121.838 27.7432 -0.156952 0.277306 2.49576 80 2 25 10 45451 0 
-121.829 27.7432 -0.156958 0.277306 2.49576 80 2 25 10 45452 0 
-121.82 27.7432 -0.156964 0.277306 2.49576 80 2 25 10 45453 0 
-121.81 27.7431 -0.15697 0.277306 2.49576 80 2 25 10 45454 0 
-121.801 27.7431 -0.156976 0.277306 2.49576 80 2 25 10 45455 0 
-121.792 27.7431 -0.156981 0.277306 2.49576 80 2 25 10 45456 0 
-121.783 27.7431 -0.156987 0.277306 2.49576 80 2 25 10 45457 0 
-121.773 27.743 -0.156993 0.277306 2.49576 80 2 25 10 45458 0 
-121.764 27.743 -0.156999 0.277306 2.49576 80 2 25 10 45459 0 
-121.755 27.743 -0.157005 0.277306 2.49576 80 2 25 10 45460 0 
-121.746 27.743 -0.15701 0.277306 2.49576 80 2 25 10 45461 0 
-121.736 27.7429 -0.157016 0.277306 2.49576 80 2 25 10 45462 0 
-121.727 27.7429 -0.157022 0.277306 2.49576 80 2 25 10 45463 0 
-121.718 27.7429 -0.157028 0.277306 2.49576 80 2 25 10 45464 0 
-121.709 27.7429 -0.157034 0.277306 2.49576 80 2 25 10 45465 0 
-121.699 27.7428 -0.15704 0.277306 2.49576 80 2 25 10 45466 0 
-121.69 27.7428 -0.157045 0.277306 2.49576 80 2 25 10 45467 0 
-121.681 27.7428 -0.157051 0.277306 2.49576 80 2 25 10 45468 0 
-121.672 27.7428 -0.157057 0.277306 2.49576 80 2 25 10 45469 0 
-121.662 27.7427 -0.157063 0.277306 2.49576 80 2 25 10 45470 0 
-121.653 27.7427 -0.157069 0.277306 2.49576 80 2 25 10 45471 0 
-121.644 27.7427 -0.157075 0.277306 2.49576 80 2 25 10 45472 0 
-121.635 27.7427 -0.15708 0.277306 2.49576 80 2 25 10 45473 0 
-121.625 27.7426 -0.157086 0.277306 2.49576 80 2 25 10 45474 0 
-121.616 27.7426 -0.157092 0.277306 2.49576 80 2 25 10 45475 0 
-121.607 27.7426 -0.157098 0.277306 2.49576 80 2 25 10 45476 0 
-121.598 27.7426 -0.157104 0.277306 2.49576 80 2 25 10 45477 0 
-121.588 27.7425 -0.15711 0.277306 2.49576 80 2 25 10 45478 0 
-121.579 27.7425 -0.157116 0.277306 2.49576 80 2 25 10 45479 0 
-121.57 27.7425 -0.157121 0.277306 2.49576 80 2 25 10 45480 0 
-121.561 27.7425 -0.157127 0.277306 2.49576 80 2 25 10 45481 0 
-121.551 27.7424 -0.157133 0.277306 2.49576 80 2 25 10 45482 0 
-121.542 27.7424 -0.157139 0.277306 2.49576 80 2 25 10 45483 0 
-121.533 27.7424 -0.157145 0.277306 2.49576 80 2 25 10 45484 0 
-121.524 27.7424 -0.157151 0.277306 2.49576 80 2 25 10 45485 0 
-121.514 27.7423 -0.157156 0.277306 2.49576 80 2 25 10 45486 0 
-121.505 27.7423 -0.157162 0.277306 2.49576 80 2 25 10 45487 0 
-121.496 27.7423 -0.157168 0.277306 2.49576 80 2 25 10 45488 0 
-121.487 27.7423 -0.157174 0.277306 2.49576 80 2 25 10 45489 0 
-121.477 27.7422 -0.15718 0.277306 2.49576 80 2 25 10 45490 0 
-121.468 27.7422 -0.157186 0.277306 2.49576 80 2 25 10 45491 0 
-121.459 27.7422 -0.157191 0.277306 2.49576 80 2 25 10 45492 0 
-121.45 27.7422 -0.157197 0.277306 2.49576 80 2 25 10 45493 0 
-121.44 27.7421 -0.157203 0.277306 2.49576 80 2 25 10 45494 0 
-121.431 27.7421 -0.157209 0.277306 2.49576 80 2 25 10 45495 0 
-121.422 27.7421 -0.157215 0.277306 2.49576 80 2 25 10 45496 0 
-121.413 27.7421 -0.157221 0.277306 2.49576 80 2 25 10 45497 0 
-121.403 27.7421 -0.157227 0.277306 2.49576 80 2 25 10 45498 0 
-121.394 27.742 -0.157232 0.277306 2.49576 80 2 25 10 45499 0 
-121.385 27.742 -0.157238 0.277306 2.49576 80 2 25 10 45500 0 
-121.376 27.742 -0.157244 0.277306 2.49576 80 2 25 10 45501 0 
-121.366 27.742 -0.15725 0.277306 2.49576 80 2 25 10 45502 0 
-121.357 27.7419 -0.157256 0.277306 2.49576 80 2 25 10 45503 0 
-121.348 27.7419 -0.157262 0.277306 2.49576 80 2 25 10 45504 0 
-121.339 27.7419 -0.157268 0.277306 2.49576 80 2 25 10 45505 0 
-121.329 27.7419 -0.157273 0.277306 2.49576 80 2 25 10 45506 0 
-121.32 27.7418 -0.157279 0.277306 2.49576 80 2 25 10 45507 0 
-121.311 27.7418 -0.157285 0.277306 2.49576 80 2 25 10 45508 0 
-121.302 27.7418 -0.157291 0.277306 2.49576 80 2 25 10 45509 0 
-121.292 27.7418 -0.157297 0.277306 2.49576 80 2 25 10 45510 0 
-121.283 27.7417 -0.157303 0.277306 2.49576 80 2 25 10 45511 0 
-121.274 27.7417 -0.157309 0.277306 2.49576 80 2 25 10 45512 0 
-121.265 27.7417 -0.157314 0.277306 2.49576 80 2 25 10 45513 0 
-121.255 27.7417 -0.15732 0.277306 2.49576 80 2 25 10 45514 0 
-121.246 27.7416 -0.157326 0.277306 2.49576 80 2 25 10 45515 0 
-121.237 27.7416 -0.157332 0.277306 2.49576 80 2 25 10 45516 0 
-121.228 27.7416 -0.157338 0.277306 2.49576 80 2 25 10 45517 0 
-121.219 27.7416 -0.157344 0.277306 2.49576 80 2 25 10 45518 0 
-121.209 27.7415 -0.15735 0.277306 2.49576 80 2 25 10 45519 0 
-121.2 27.7415 -0.157355 0.277306 2.49576 80 2 25 10 45520 0 
-121.191 27.7415 -0.157361 0.277306 2.49576 80 2 25 10 45521 0 
-121.182 27.7415 -0.157367 0.277306 2.49576 80 2 25 10 45522 0 
-121.172 27.7414 -0.157373 0.277306 2.49576 80 2 25 10 45523 0 
-121.163 27.7414 -0.157379 0.277306 2.49576 80 2 25 10 45524 0 
-121.154 27.7414 -0.157385 0.277306 2.49576 80 2 25 10 45525 0 
-121.145 27.7414 -0.157391 0.277306 2.49576 80 2 25 10 45526 0 
-121.135 27.7413 -0.157396 0.277306 2.49576 80 2 25 10 45527 0 
-121.126 27.7413 -0.157402 0.277306 2.49576 80 2 25 10 45528 0 
-121.117 27.7413 -0.157408 0.277306 2.49576 80 2 25 10 45529 0 
-121.108 27.7413 -0.157414 0.277306 2.49576 80 2 25 10 45530 0 
-121.098 27.7412 -0.15742 0.277306 2.49576 80 2 25 10 45531 0 
-121.089 27.7412 -0.157426 0.277306 2.49576 80 2 25 10 45532 0 
-121.08 27.7412 -0.157432 0.277306 2.49576 80 2 25 10 45533 0 
-121.071 27.7412 -0.157438 0.277306 2.49576 80 2 25 10 45534 0 
-121.061 27.7411 -0.157443 0.277306 2.49576 80 2 25 10 45535 0 
-121.052 27.7411 -0.157449 0.277306 2.49576 80 2 25 10 45536 0 
-121.043 27.7411 -0.157455 0.277306 2.49576 80 2 25 10 45537 0 
-121.034 27.7411 -0.157461 0.277306 2.49576 80 2 25 10 45538 0 
-121.024 27.741 -0.157467 0.277306 2.49576 80 2 25 10 45539 0 
-121.015 27.741 -0.157473 0.277306 2.49576 80 2 25 10 45540 0 
-121.006 27.741 -0.157479 0.277306 2.49576 80 2 25 10 45541 0 
-120.997 27.741 -0.157484 0.277306 2.49576 80 2 25 10 45542 0 
-120.987 27.7409 -0.15749 0.277306 2.49576 80 2 25 10 45543 0 
-120.978 27.7409 -0.157496 0.277306 2.49576 80 2 25 10 45544 0 
-120.969 27.7409 -0.157502 0.277306 2.49576 80 2 25 10 45545 0 
-120.96 27.7409 -0.157508 0.277306 2.49576 80 2 25 10 45546 0 
-120.95 27.7408 -0.157514 0.277306 2.49576 80 2 25 10 45547 0 
-120.941 27.7408 -0.15752 0.277306 2.49576 80 2 25 10 45548 0 
-120.932 27.7408 -0.157526 0.277306 2.49576 80 2 25 10 45549 0 
-120.923 27.7408 -0.157531 0.277306 2.49576 80 2 25 10 45550 0 
-120.913 27.7407 -0.157537 0.277306 2.49576 80 2 25 10 45551 0 
-120.904 27.7407 -0.157543 0.277306 2.49576 80 2 25 10 45552 0 
-120.895 27.7407 -0.157549 0.277306 2.49576 80 2 25 10 45553 0 
-120.886 27.7407 -0.157555 0.277306 2.49576 80 2 25 10 45554 0 
-120.876 27.7406 -0.157561 0.277306 2.49576 80 2 25 10 45555 0 
-120.867 27.7406 -0.157567 0.277306 2.49576 80 2 25 10 45556 0 
-120.858 27.7406 -0.157573 0.277306 2.49576 80 2 25 10 45557 0 
-120.849 27.7406 -0.157579 0.277306 2.49576 80 2 25 10 45558 0 
-120.839 27.7405 -0.157584 0.277306 2.49576 80 2 25 10 45559 0 
-120.83 27.7405 -0.15759 0.277306 2.49576 80 2 25 10 45560 0 
-120.821 27.7405 -0.157596 0.277306 2.49576 80 2 25 10 45561 0 
-120.812 27.7405 -0.157602 0.277306 2.49576 80 2 25 10 45562 0 
-120.802 27.7404 -0.157608 0.277306 2.49576 80 2 25 10 45563 0 
-120.793 27.7404 -0.157614 0.277306 2.49576 80 2 25 10 45564 0 
-120.784 27.7404 -0.15762 0.277306 2.49576 80 2 25 10 45565 0 
-120.775 27.7404 -0.157626 0.277306 2.49576 80 2 25 10 45566 0 
-120.765 27.7403 -0.157632 0.277306 2.49576 80 2 25 10 45567 0 
-120.756 27.7403 -0.157637 0.277306 2.49576 80 2 25 10 45568 0 
-120.747 27.7403 -0.157643 0.277306 2.49576 80 2 25 10 45569 0 
-120.738 27.7403 -0.157649 0.277306 2.49576 80 2 25 10 45570 0 
-120.728 27.7402 -0.157655 0.277306 2.49576 80 2 25 10 45571 0 
-120.719 27.7402 -0.157661 0.277306 2.49576 80 2 25 10 45572 0 
-120.71 27.7402 -0.157667 0.277306 2.49576 80 2 25 10 45573 0 
-120.701 27.7402 -0.157673 0.277306 2.49576 80 2 25 10 45574 0 
-120.691 27.7401 -0.157679 0.277306 2.49576 80 2 25 10 45575 0 
-120.682 27.7401 -0.157684 0.277306 2.49576 80 2 25 10 45576 0 
-120.673 27.7401 -0.15769 0.277306 2.49576 80 2 25 10 45577 0 
-120.664 27.7401 -0.157696 0.277306 2.49576 80 2 25 10 45578 0 
-120.654 27.74 -0.157702 0.277306 2.49576 80 2 25 10 45579 0 
-120.645 27.74 -0.157708 0.277306 2.49576 80 2 25 10 45580 0 
-120.636 27.74 -0.157714 0.277306 2.49576 80 2 25 10 45581 0 
-120.627 27.74 -0.15772 0.277306 2.49576 80 2 25 10 45582 0 
-120.617 27.7399 -0.157726 0.277306 2.49576 80 2 25 10 45583 0 
-120.608 27.7399 -0.157732 0.277306 2.49576 80 2 25 10 45584 0 
-120.599 27.7399 -0.157738 0.277306 2.49576 80 2 25 10 45585 0 
-120.59 27.7399 -0.157743 0.277306 2.49576 80 2 25 10 45586 0 
-120.58 27.7398 -0.157749 0.277306 2.49576 80 2 25 10 45587 0 
-120.571 27.7398 -0.157755 0.277306 2.49576 80 2 25 10 45588 0 
-120.562 27.7398 -0.157761 0.277306 2.49576 80 2 25 10 45589 0 
-120.553 27.7398 -0.157767 0.277306 2.49576 80 2 25 10 45590 0 
-120.543 27.7397 -0.157773 0.277306 2.49576 80 2 25 10 45591 0 
-120.534 27.7397 -0.157779 0.277306 2.49576 80 2 25 10 45592 0 
-120.525 27.7397 -0.157785 0.277306 2.49576 80 2 25 10 45593 0 
-120.516 27.7397 -0.157791 0.277306 2.49576 80 2 25 10 45594 0 
-120.507 27.7396 -0.157797 0.277306 2.49576 80 2 25 10 45595 0 
-120.497 27.7396 -0.157802 0.277306 2.49576 80 2 25 10 45596 0 
-120.488 27.7396 -0.157808 0.277306 2.49576 80 2 25 10 45597 0 
-120.479 27.7396 -0.157814 0.277306 2.49576 80 2 25 10 45598 0 
-120.47 27.7395 -0.15782 0.277306 2.49576 80 2 25 10 45599 0 
-120.46 27.7395 -0.157826 0.277306 2.49576 80 2 25 10 45600 0 
-120.451 27.7395 -0.157832 0.277306 2.49576 80 2 25 10 45601 0 
-120.442 27.7395 -0.157838 0.277306 2.49576 80 2 25 10 45602 0 
-120.433 27.7394 -0.157844 0.277306 2.49576 80 2 25 10 45603 0 
-120.423 27.7394 -0.15785 0.277306 2.49576 80 2 25 10 45604 0 
-120.414 27.7394 -0.157856 0.277306 2.49576 80 2 25 10 45605 0 
-120.405 27.7394 -0.157861 0.277306 2.49576 80 2 25 10 45606 0 
-120.396 27.7393 -0.157867 0.277306 2.49576 80 2 25 10 45607 0 
-120.386 27.7393 -0.157873 0.277306 2.49576 80 2 25 10 45608 0 
-120.377 27.7393 -0.157879 0.277306 2.49576 80 2 25 10 45609 0 
-120.368 27.7393 -0.157885 0.277306 2.49576 80 2 25 10 45610 0 
-120.359 27.7392 -0.157891 0.277306 2.49576 80 2 25 10 45611 0 
-120.349 27.7392 -0.157897 0.277306 2.49576 80 2 25 10 45612 0 
-120.34 27.7392 -0.157903 0.277306 2.49576 80 2 25 10 45613 0 
-120.331 27.7392 -0.157909 0.277306 2.49576 80 2 25 10 45614 0 
-120.322 27.7391 -0.157915 0.277306 2.49576 80 2 25 10 45615 0 
-120.312 27.7391 -0.157921 0.277306 2.49576 80 2 25 10 45616 0 
-120.303 27.7391 -0.157927 0.277306 2.49576 80 2 25 10 45617 0 
-120.294 27.7391 -0.157932 0.277306 2.49576 80 2 25 10 45618 0 
-120.285 27.739 -0.157938 0.277306 2.49576 80 2 25 10 45619 0 
-120.275 27.739 -0.157944 0.277306 2.49576 80 2 25 10 45620 0 
-120.266 27.739 -0.15795 0.277306 2.49576 80 2 25 10 45621 0 
-120.257 27.739 -0.157956 0.277306 2.49576 80 2 25 10 45622 0 
-120.248 27.739 -0.157962 0.277306 2.49576 80 2 25 10 45623 0 
-120.238 27.7389 -0.157968 0.277306 2.49576 80 2 25 10 45624 0 
-120.229 27.7389 -0.157974 0.277306 2.49576 80 2 25 10 45625 0 
-120.22 27.7389 -0.15798 0.277306 2.49576 80 2 25 10 45626 0 
-120.211 27.7389 -0.157986 0.277306 2.49576 80 2 25 10 45627 0 
-120.201 27.7388 -0.157992 0.277306 2.49576 80 2 25 10 45628 0 
-120.192 27.7388 -0.157998 0.277306 2.49576 80 2 25 10 45629 0 
-120.183 27.7388 -0.158003 0.277306 2.49576 80 2 25 10 45630 0 
-120.174 27.7388 -0.158009 0.277306 2.49576 80 2 25 10 45631 0 
-120.164 27.7387 -0.158015 0.277306 2.49576 80 2 25 10 45632 0 
-120.155 27.7387 -0.158021 0.277306 2.49576 80 2 25 10 45633 0 
-120.146 27.7387 -0.158027 0.277306 2.49576 80 2 25 10 45634 0 
-120.137 27.7387 -0.158033 0.277306 2.49576 80 2 25 10 45635 0 
-120.127 27.7386 -0.158039 0.277306 2.49576 80 2 25 10 45636 0 
-120.118 27.7386 -0.158045 0.277306 2.49576 80 2 25 10 45637 0 
-120.109 27.7386 -0.158051 0.277306 2.49576 80 2 25 10 45638 0 
-120.1 27.7386 -0.158057 0.277306 2.49576 80 2 25 10 45639 0 
-120.09 27.7385 -0.158063 0.277306 2.49576 80 2 25 10 45640 0 
-120.081 27.7385 -0.158069 0.277306 2.49576 80 2 25 10 45641 0 
-120.072 27.7385 -0.158075 0.277306 2.49576 80 2 25 10 45642 0 
-120.063 27.7385 -0.158081 0.277306 2.49576 80 2 25 10 45643 0 
-120.053 27.7384 -0.158086 0.277306 2.49576 80 2 25 10 45644 0 
-120.044 27.7384 -0.158092 0.277306 2.49576 80 2 25 10 45645 0 
-120.035 27.7384 -0.158098 0.277306 2.49576 80 2 25 10 45646 0 
-120.026 27.7384 -0.158104 0.277306 2.49576 80 2 25 10 45647 0 
-120.016 27.7383 -0.15811 0.277306 2.49576 80 2 25 10 45648 0 
-120.007 27.7383 -0.158116 0.277306 2.49576 80 2 25 10 45649 0 
-119.998 27.7383 -0.158122 0.277306 2.49576 80 2 25 10 45650 0 
-119.989 27.7383 -0.158128 0.277306 2.49576 80 2 25 10 45651 0 
-119.979 27.7382 -0.158134 0.277306 2.49576 80 2 25 10 45652 0 
-119.97 27.7382 -0.15814 0.277306 2.49576 80 2 25 10 45653 0 
-119.961 27.7382 -0.158146 0.277306 2.49576 80 2 25 10 45654 0 
-119.952 27.7382 -0.158152 0.277306 2.49576 80 2 25 10 45655 0 
-119.942 27.7381 -0.158158 0.277306 2.49576 80 2 25 10 45656 0 
-119.933 27.7381 -0.158164 0.277306 2.49576 80 2 25 10 45657 0 
-119.924 27.7381 -0.158169 0.277306 2.49576 80 2 25 10 45658 0 
-119.915 27.7381 -0.158175 0.277306 2.49576 80 2 25 10 45659 0 
-119.905 27.738 -0.158181 0.277306 2.49576 80 2 25 10 45660 0 
-119.896 27.738 -0.158187 0.277306 2.49576 80 2 25 10 45661 0 
-119.887 27.738 -0.158193 0.277306 2.49576 80 2 25 10 45662 0 
-119.878 27.738 -0.158199 0.277306 2.49576 80 2 25 10 45663 0 
-119.868 27.7379 -0.158205 0.277306 2.49576 80 2 25 10 45664 0 
-119.859 27.7379 -0.158211 0.277306 2.49576 80 2 25 10 45665 0 
-119.85 27.7379 -0.158217 0.277306 2.49576 80 2 25 10 45666 0 
-119.841 27.7379 -0.158223 0.277306 2.49576 80 2 25 10 45667 0 
-119.831 27.7378 -0.158229 0.277306 2.49576 80 2 25 10 45668 0 
-119.822 27.7378 -0.158235 0.277306 2.49576 80 2 25 10 45669 0 
-119.813 27.7378 -0.158241 0.277306 2.49576 80 2 25 10 45670 0 
-119.804 27.7378 -0.158247 0.277306 2.49576 80 2 25 10 45671 0 
-119.794 27.7377 -0.158253 0.277306 2.49576 80 2 25 10 45672 0 
-119.785 27.7377 -0.158259 0.277306 2.49576 80 2 25 10 45673 0 
-119.776 27.7377 -0.158265 0.277306 2.49576 80 2 25 10 45674 0 
-119.767 27.7377 -0.158271 0.277306 2.49576 80 2 25 10 45675 0 
-119.758 27.7376 -0.158276 0.277306 2.49576 80 2 25 10 45676 0 
-119.748 27.7376 -0.158282 0.277306 2.49576 80 2 25 10 45677 0 
-119.739 27.7376 -0.158288 0.277306 2.49576 80 2 25 10 45678 0 
-119.73 27.7376 -0.158294 0.277306 2.49576 80 2 25 10 45679 0 
-119.721 27.7375 -0.1583 0.277306 2.49576 80 2 25 10 45680 0 
-119.711 27.7375 -0.158306 0.277306 2.49576 80 2 25 10 45681 0 
-119.702 27.7375 -0.158312 0.277306 2.49576 80 2 25 10 45682 0 
-119.693 27.7375 -0.158318 0.277306 2.49576 80 2 25 10 45683 0 
-119.684 27.7374 -0.158324 0.277306 2.49576 80 2 25 10 45684 0 
-119.674 27.7374 -0.15833 0.277306 2.49576 80 2 25 10 45685 0 
-119.665 27.7374 -0.158336 0.277306 2.49576 80 2 25 10 45686 0 
-119.656 27.7374 -0.158342 0.277306 2.49576 80 2 25 10 45687 0 
-119.647 27.7373 -0.158348 0.277306 2.49576 80 2 25 10 45688 0 
-119.637 27.7373 -0.158354 0.277306 2.49576 80 2 25 10 45689 0 
-119.628 27.7373 -0.15836 0.277306 2.49576 80 2 25 10 45690 0 
-119.619 27.7373 -0.158366 0.277306 2.49576 80 2 25 10 45691 0 
-119.61 27.7372 -0.158372 0.277306 2.49576 80 2 25 10 45692 0 
-119.6 27.7372 -0.158378 0.277306 2.49576 80 2 25 10 45693 0 
-119.591 27.7372 -0.158384 0.277306 2.49576 80 2 25 10 45694 0 
-119.582 27.7372 -0.15839 0.277306 2.49576 80 2 25 10 45695 0 
-119.573 27.7371 -0.158396 0.277306 2.49576 80 2 25 10 45696 0 
-119.563 27.7371 -0.158402 0.277306 2.49576 80 2 25 10 45697 0 
-119.554 27.7371 -0.158407 0.277306 2.49576 80 2 25 10 45698 0 
-119.545 27.7371 -0.158413 0.277306 2.49576 80 2 25 10 45699 0 
-119.536 27.737 -0.158419 0.277306 2.49576 80 2 25 10 45700 0 
-119.526 27.737 -0.158425 0.277306 2.49576 80 2 25 10 45701 0 
-119.517 27.737 -0.158431 0.277306 2.49576 80 2 25 10 45702 0 
-119.508 27.737 -0.158437 0.277306 2.49576 80 2 25 10 45703 0 
-119.499 27.7369 -0.158443 0.277306 2.49576 80 2 25 10 45704 0 
-119.489 27.7369 -0.158449 0.277306 2.49576 80 2 25 10 45705 0 
-119.48 27.7369 -0.158455 0.277306 2.49576 80 2 25 10 45706 0 
-119.471 27.7369 -0.158461 0.277306 2.49576 80 2 25 10 45707 0 
-119.462 27.7368 -0.158467 0.277306 2.49576 80 2 25 10 45708 0 
-119.452 27.7368 -0.158473 0.277306 2.49576 80 2 25 10 45709 0 
-119.443 27.7368 -0.158479 0.277306 2.49576 80 2 25 10 45710 0 
-119.434 27.7368 -0.158485 0.277306 2.49576 80 2 25 10 45711 0 
-119.425 27.7367 -0.158491 0.277306 2.49576 80 2 25 10 45712 0 
-119.415 27.7367 -0.158497 0.277306 2.49576 80 2 25 10 45713 0 
-119.406 27.7367 -0.158503 0.277306 2.49576 80 2 25 10 45714 0 
-119.397 27.7367 -0.158509 0.277306 2.49576 80 2 25 10 45715 0 
-119.388 27.7366 -0.158515 0.277306 2.49576 80 2 25 10 45716 0 
-119.378 27.7366 -0.158521 0.277306 2.49576 80 2 25 10 45717 0 
-119.369 27.7366 -0.158527 0.277306 2.49576 80 2 25 10 45718 0 
-119.36 27.7366 -0.158533 0.277306 2.49576 80 2 25 10 45719 0 
-119.351 27.7365 -0.158539 0.277306 2.49576 80 2 25 10 45720 0 
-119.341 27.7365 -0.158545 0.277306 2.49576 80 2 25 10 45721 0 
-119.332 27.7365 -0.158551 0.277306 2.49576 80 2 25 10 45722 0 
-119.323 27.7365 -0.158557 0.277306 2.49576 80 2 25 10 45723 0 
-119.314 27.7364 -0.158563 0.277306 2.49576 80 2 25 10 45724 0 
-119.304 27.7364 -0.158569 0.277306 2.49576 80 2 25 10 45725 0 
-119.295 27.7364 -0.158575 0.277306 2.49576 80 2 25 10 45726 0 
-119.286 27.7364 -0.158581 0.277306 2.49576 80 2 25 10 45727 0 
-119.277 27.7363 -0.158587 0.277306 2.49576 80 2 25 10 45728 0 
-119.267 27.7363 -0.158592 0.277306 2.49576 80 2 25 10 45729 0 
-119.258 27.7363 -0.158598 0.277306 2.49576 80 2 25 10 45730 0 
-119.249 27.7363 -0.158604 0.277306 2.49576 80 2 25 10 45731 0 
-119.24 27.7362 -0.15861 0.277306 2.49576 80 2 25 10 45732 0 
-119.23 27.7362 -0.158616 0.277306 2.49576 80 2 25 10 45733 0 
-119.221 27.7362 -0.158622 0.277306 2.49576 80 2 25 10 45734 0 
-119.212 27.7362 -0.158628 0.277306 2.49576 80 2 25 10 45735 0 
-119.203 27.7361 -0.158634 0.277306 2.49576 80 2 25 10 45736 0 
-119.193 27.7361 -0.15864 0.277306 2.49576 80 2 25 10 45737 0 
-119.184 27.7361 -0.158646 0.277306 2.49576 80 2 25 10 45738 0 
-119.175 27.7361 -0.158652 0.277306 2.49576 80 2 25 10 45739 0 
-119.166 27.736 -0.158658 0.277306 2.49576 80 2 25 10 45740 0 
-119.156 27.736 -0.158664 0.277306 2.49576 80 2 25 10 45741 0 
-119.147 27.736 -0.15867 0.277306 2.49576 80 2 25 10 45742 0 
-119.138 27.736 -0.158676 0.277306 2.49576 80 2 25 10 45743 0 
-119.129 27.736 -0.158682 0.277306 2.49576 80 2 25 10 45744 0 
-119.119 27.7359 -0.158688 0.277306 2.49576 80 2 25 10 45745 0 
-119.11 27.7359 -0.158694 0.277306 2.49576 80 2 25 10 45746 0 
-119.101 27.7359 -0.1587 0.277306 2.49576 80 2 25 10 45747 0 
-119.092 27.7359 -0.158706 0.277306 2.49576 80 2 25 10 45748 0 
-119.082 27.7358 -0.158712 0.277306 2.49576 80 2 25 10 45749 0 
-119.073 27.7358 -0.158718 0.277306 2.49576 80 2 25 10 45750 0 
-119.064 27.7358 -0.158724 0.277306 2.49576 80 2 25 10 45751 0 
-119.055 27.7358 -0.15873 0.277306 2.49576 80 2 25 10 45752 0 
-119.046 27.7357 -0.158736 0.277306 2.49576 80 2 25 10 45753 0 
-119.036 27.7357 -0.158742 0.277306 2.49576 80 2 25 10 45754 0 
-119.027 27.7357 -0.158748 0.277306 2.49576 80 2 25 10 45755 0 
-119.018 27.7357 -0.158754 0.277306 2.49576 80 2 25 10 45756 0 
-119.009 27.7356 -0.15876 0.277306 2.49576 80 2 25 10 45757 0 
-118.999 27.7356 -0.158766 0.277306 2.49576 80 2 25 10 45758 0 
-118.99 27.7356 -0.158772 0.277306 2.49576 80 2 25 10 45759 0 
-118.981 27.7356 -0.158778 0.277306 2.49576 80 2 25 10 45760 0 
-118.972 27.7355 -0.158784 0.277306 2.49576 80 2 25 10 45761 0 
-118.962 27.7355 -0.15879 0.277306 2.49576 80 2 25 10 45762 0 
-118.953 27.7355 -0.158796 0.277306 2.49576 80 2 25 10 45763 0 
-118.944 27.7355 -0.158802 0.277306 2.49576 80 2 25 10 45764 0 
-118.935 27.7354 -0.158808 0.277306 2.49576 80 2 25 10 45765 0 
-118.925 27.7354 -0.158814 0.277306 2.49576 80 2 25 10 45766 0 
-118.916 27.7354 -0.15882 0.277306 2.49576 80 2 25 10 45767 0 
-118.907 27.7354 -0.158826 0.277306 2.49576 80 2 25 10 45768 0 
-118.898 27.7353 -0.158832 0.277306 2.49576 80 2 25 10 45769 0 
-118.888 27.7353 -0.158838 0.277306 2.49576 80 2 25 10 45770 0 
-118.879 27.7353 -0.158844 0.277306 2.49576 80 2 25 10 45771 0 
-118.87 27.7353 -0.15885 0.277306 2.49576 80 2 25 10 45772 0 
-118.861 27.7352 -0.158856 0.277306 2.49576 80 2 25 10 45773 0 
-118.851 27.7352 -0.158862 0.277306 2.49576 80 2 25 10 45774 0 
-118.842 27.7352 -0.158868 0.277306 2.49576 80 2 25 10 45775 0 
-118.833 27.7352 -0.158874 0.277306 2.49576 80 2 25 10 45776 0 
-118.824 27.7351 -0.15888 0.277306 2.49576 80 2 25 10 45777 0 
-118.814 27.7351 -0.158886 0.277306 2.49576 80 2 25 10 45778 0 
-118.805 27.7351 -0.158892 0.277306 2.49576 80 2 25 10 45779 0 
-118.796 27.7351 -0.158898 0.277306 2.49576 80 2 25 10 45780 0 
-118.787 27.735 -0.158904 0.277306 2.49576 80 2 25 10 45781 0 
-118.777 27.735 -0.15891 0.277306 2.49576 80 2 25 10 45782 0 
-118.768 27.735 -0.158916 0.277306 2.49576 80 2 25 10 45783 0 
-118.759 27.735 -0.158922 0.277306 2.49576 80 2 25 10 45784 0 
-118.75 27.7349 -0.158928 0.277306 2.49576 80 2 25 10 45785 0 
-118.74 27.7349 -0.158934 0.277306 2.49576 80 2 25 10 45786 0 
-118.731 27.7349 -0.15894 0.277306 2.49576 80 2 25 10 45787 0 
-118.722 27.7349 -0.158946 0.277306 2.49576 80 2 25 10 45788 0 
-118.713 27.7348 -0.158952 0.277306 2.49576 80 2 25 10 45789 0 
-118.703 27.7348 -0.158958 0.277306 2.49576 80 2 25 10 45790 0 
-118.694 27.7348 -0.158964 0.277306 2.49576 80 2 25 10 45791 0 
-118.685 27.7348 -0.15897 0.277306 2.49576 80 2 25 10 45792 0 
-118.676 27.7347 -0.158976 0.277306 2.49576 80 2 25 10 45793 0 
-118.666 27.7347 -0.158982 0.277306 2.49576 80 2 25 10 45794 0 
-118.657 27.7347 -0.158988 0.277306 2.49576 80 2 25 10 45795 0 
-118.648 27.7347 -0.158994 0.277306 2.49576 80 2 25 10 45796 0 
-118.639 27.7346 -0.159 0.277306 2.49576 80 2 25 10 45797 0 
-118.629 27.7346 -0.159006 0.277306 2.49576 80 2 25 10 45798 0 
-118.62 27.7346 -0.159012 0.277306 2.49576 80 2 25 10 45799 0 
-118.611 27.7346 -0.159018 0.277306 2.49576 80 2 25 10 45800 0 
-118.602 27.7345 -0.159024 0.277306 2.49576 80 2 25 10 45801 0 
-118.592 27.7345 -0.15903 0.277306 2.49576 80 2 25 10 45802 0 
-118.583 27.7345 -0.159036 0.277306 2.49576 80 2 25 10 45803 0 
-118.574 27.7345 -0.159042 0.277306 2.49576 80 2 25 10 45804 0 
-118.565 27.7344 -0.159048 0.277306 2.49576 80 2 25 10 45805 0 
-118.555 27.7344 -0.159054 0.277306 2.49576 80 2 25 10 45806 0 
-118.546 27.7344 -0.15906 0.277306 2.49576 80 2 25 10 45807 0 
-118.537 27.7344 -0.159066 0.277306 2.49576 80 2 25 10 45808 0 
-118.528 27.7343 -0.159072 0.277306 2.49576 80 2 25 10 45809 0 
-118.518 27.7343 -0.159078 0.277306 2.49576 80 2 25 10 45810 0 
-118.509 27.7343 -0.159084 0.277306 2.49576 80 2 25 10 45811 0 
-118.5 27.7343 -0.15909 0.277306 2.49576 80 2 25 10 45812 0 
-118.491 27.7342 -0.159096 0.277306 2.49576 80 2 25 10 45813 0 
-118.481 27.7342 -0.159103 0.277306 2.49576 80 2 25 10 45814 0 
-118.472 27.7342 -0.159109 0.277306 2.49576 80 2 25 10 45815 0 
-118.463 27.7342 -0.159115 0.277306 2.49576 80 2 25 10 45816 0 
-118.454 27.7341 -0.159121 0.277306 2.49576 80 2 25 10 45817 0 
-118.444 27.7341 -0.159127 0.277306 2.49576 80 2 25 10 45818 0 
-118.435 27.7341 -0.159133 0.277306 2.49576 80 2 25 10 45819 0 
-118.426 27.7341 -0.159139 0.277306 2.49576 80 2 25 10 45820 0 
-118.417 27.734 -0.159145 0.277306 2.49576 80 2 25 10 45821 0 
-118.407 27.734 -0.159151 0.277306 2.49576 80 2 25 10 45822 0 
-118.398 27.734 -0.159157 0.277306 2.49576 80 2 25 10 45823 0 
-118.389 27.734 -0.159163 0.277306 2.49576 80 2 25 10 45824 0 
-118.38 27.7339 -0.159169 0.277306 2.49576 80 2 25 10 45825 0 
-118.37 27.7339 -0.159175 0.277306 2.49576 80 2 25 10 45826 0 
-118.361 27.7339 -0.159181 0.277306 2.49576 80 2 25 10 45827 0 
-118.352 27.7339 -0.159187 0.277306 2.49576 80 2 25 10 45828 0 
-118.343 27.7338 -0.159193 0.277306 2.49576 80 2 25 10 45829 0 
-118.333 27.7338 -0.159199 0.277306 2.49576 80 2 25 10 45830 0 
-118.324 27.7338 -0.159205 0.277306 2.49576 80 2 25 10 45831 0 
-118.315 27.7338 -0.159211 0.277306 2.49576 80 2 25 10 45832 0 
-118.306 27.7337 -0.159217 0.277306 2.49576 80 2 25 10 45833 0 
-118.297 27.7337 -0.159223 0.277306 2.49576 80 2 25 10 45834 0 
-118.287 27.7337 -0.159229 0.277306 2.49576 80 2 25 10 45835 0 
-118.278 27.7337 -0.159235 0.277306 2.49576 80 2 25 10 45836 0 
-118.269 27.7336 -0.159241 0.277306 2.49576 80 2 25 10 45837 0 
-118.26 27.7336 -0.159247 0.277306 2.49576 80 2 25 10 45838 0 
-118.25 27.7336 -0.159253 0.277306 2.49576 80 2 25 10 45839 0 
-118.241 27.7336 -0.159259 0.277306 2.49576 80 2 25 10 45840 0 
-118.232 27.7335 -0.159265 0.277306 2.49576 80 2 25 10 45841 0 
-118.223 27.7335 -0.159271 0.277306 2.49576 80 2 25 10 45842 0 
-118.213 27.7335 -0.159277 0.277306 2.49576 80 2 25 10 45843 0 
-118.204 27.7335 -0.159283 0.277306 2.49576 80 2 25 10 45844 0 
-118.195 27.7334 -0.15929 0.277306 2.49576 80 2 25 10 45845 0 
-118.186 27.7334 -0.159296 0.277306 2.49576 80 2 25 10 45846 0 
-118.176 27.7334 -0.159302 0.277306 2.49576 80 2 25 10 45847 0 
-118.167 27.7334 -0.159308 0.277306 2.49576 80 2 25 10 45848 0 
-118.158 27.7333 -0.159314 0.277306 2.49576 80 2 25 10 45849 0 
-118.149 27.7333 -0.15932 0.277306 2.49576 80 2 25 10 45850 0 
-118.139 27.7333 -0.159326 0.277306 2.49576 80 2 25 10 45851 0 
-118.13 27.7333 -0.159332 0.277306 2.49576 80 2 25 10 45852 0 
-118.121 27.7332 -0.159338 0.277306 2.49576 80 2 25 10 45853 0 
-118.112 27.7332 -0.159344 0.277306 2.49576 80 2 25 10 45854 0 
-118.102 27.7332 -0.15935 0.277306 2.49576 80 2 25 10 45855 0 
-118.093 27.7332 -0.159356 0.277306 2.49576 80 2 25 10 45856 0 
-118.084 27.7331 -0.159362 0.277306 2.49576 80 2 25 10 45857 0 
-118.075 27.7331 -0.159368 0.277306 2.49576 80 2 25 10 45858 0 
-118.065 27.7331 -0.159374 0.277306 2.49576 80 2 25 10 45859 0 
-118.056 27.7331 -0.15938 0.277306 2.49576 80 2 25 10 45860 0 
-118.047 27.733 -0.159386 0.277306 2.49576 80 2 25 10 45861 0 
-118.038 27.733 -0.159392 0.277306 2.49576 80 2 25 10 45862 0 
-118.028 27.733 -0.159398 0.277306 2.49576 80 2 25 10 45863 0 
-118.019 27.733 -0.159404 0.277306 2.49576 80 2 25 10 45864 0 
-118.01 27.733 -0.159411 0.277306 2.49576 80 2 25 10 45865 0 
-118.001 27.7329 -0.159417 0.277306 2.49576 80 2 25 10 45866 0 
-117.991 27.7329 -0.159423 0.277306 2.49576 80 2 25 10 45867 0 
-117.982 27.7329 -0.159429 0.277306 2.49576 80 2 25 10 45868 0 
-117.973 27.7329 -0.159435 0.277306 2.49576 80 2 25 10 45869 0 
-117.964 27.7328 -0.159441 0.277306 2.49576 80 2 25 10 45870 0 
-117.954 27.7328 -0.159447 0.277306 2.49576 80 2 25 10 45871 0 
-117.945 27.7328 -0.159453 0.277306 2.49576 80 2 25 10 45872 0 
-117.936 27.7328 -0.159459 0.277306 2.49576 80 2 25 10 45873 0 
-117.927 27.7327 -0.159465 0.277306 2.49576 80 2 25 10 45874 0 
-117.917 27.7327 -0.159471 0.277306 2.49576 80 2 25 10 45875 0 
-117.908 27.7327 -0.159477 0.277306 2.49576 80 2 25 10 45876 0 
-117.899 27.7327 -0.159483 0.277306 2.49576 80 2 25 10 45877 0 
-117.89 27.7326 -0.159489 0.277306 2.49576 80 2 25 10 45878 0 
-117.88 27.7326 -0.159495 0.277306 2.49576 80 2 25 10 45879 0 
-117.871 27.7326 -0.159501 0.277306 2.49576 80 2 25 10 45880 0 
-117.862 27.7326 -0.159507 0.277306 2.49576 80 2 25 10 45881 0 
-117.853 27.7325 -0.159514 0.277306 2.49576 80 2 25 10 45882 0 
-117.843 27.7325 -0.15952 0.277306 2.49576 80 2 25 10 45883 0 
-117.834 27.7325 -0.159526 0.277306 2.49576 80 2 25 10 45884 0 
-117.825 27.7325 -0.159532 0.277306 2.49576 80 2 25 10 45885 0 
-117.816 27.7324 -0.159538 0.277306 2.49576 80 2 25 10 45886 0 
-117.806 27.7324 -0.159544 0.277306 2.49576 80 2 25 10 45887 0 
-117.797 27.7324 -0.15955 0.277306 2.49576 80 2 25 10 45888 0 
-117.788 27.7324 -0.159556 0.277306 2.49576 80 2 25 10 45889 0 
-117.779 27.7323 -0.159562 0.277306 2.49576 80 2 25 10 45890 0 
-117.769 27.7323 -0.159568 0.277306 2.49576 80 2 25 10 45891 0 
-117.76 27.7323 -0.159574 0.277306 2.49576 80 2 25 10 45892 0 
-117.751 27.7323 -0.15958 0.277306 2.49576 80 2 25 10 45893 0 
-117.742 27.7322 -0.159586 0.277306 2.49576 80 2 25 10 45894 0 
-117.732 27.7322 -0.159592 0.277306 2.49576 80 2 25 10 45895 0 
-117.723 27.7322 -0.159598 0.277306 2.49576 80 2 25 10 45896 0 
-117.714 27.7322 -0.159604 0.277306 2.49576 80 2 25 10 45897 0 
-117.705 27.7321 -0.159611 0.277306 2.49576 80 2 25 10 45898 0 
-117.695 27.7321 -0.159617 0.277306 2.49576 80 2 25 10 45899 0 
-117.686 27.7321 -0.159623 0.277306 2.49576 80 2 25 10 45900 0 
-117.677 27.7321 -0.159629 0.277306 2.49576 80 2 25 10 45901 0 
-117.668 27.732 -0.159635 0.277306 2.49576 80 2 25 10 45902 0 
-117.658 27.732 -0.159641 0.277306 2.49576 80 2 25 10 45903 0 
-117.649 27.732 -0.159647 0.277306 2.49576 80 2 25 10 45904 0 
-117.64 27.7319 -0.159653 0.277306 2.49576 80 2 25 10 45905 0 
-117.631 27.7319 -0.159659 0.277306 2.49576 80 2 25 10 45906 0 
-117.621 27.7319 -0.159665 0.277306 2.49576 80 2 25 10 45907 0 
-117.612 27.7319 -0.159671 0.277306 2.49576 80 2 25 10 45908 0 
-117.603 27.7318 -0.159677 0.277306 2.49576 80 2 25 10 45909 0 
-117.594 27.7318 -0.159683 0.277306 2.49576 80 2 25 10 45910 0 
-117.585 27.7318 -0.159689 0.277306 2.49576 80 2 25 10 45911 0 
-117.575 27.7318 -0.159695 0.277306 2.49576 80 2 25 10 45912 0 
-117.566 27.7317 -0.159702 0.277306 2.49576 80 2 25 10 45913 0 
-117.557 27.7317 -0.159708 0.277306 2.49576 80 2 25 10 45914 0 
-117.548 27.7317 -0.159714 0.277306 2.49576 80 2 25 10 45915 0 
-117.538 27.7317 -0.15972 0.277306 2.49576 80 2 25 10 45916 0 
-117.529 27.7316 -0.159726 0.277306 2.49576 80 2 25 10 45917 0 
-117.52 27.7316 -0.159732 0.277306 2.49576 80 2 25 10 45918 0 
-117.511 27.7316 -0.159738 0.277306 2.49576 80 2 25 10 45919 0 
-117.501 27.7315 -0.159744 0.277306 2.49576 80 2 25 10 45920 0 
-117.492 27.7315 -0.15975 0.277306 2.49576 80 2 25 10 45921 0 
-117.483 27.7315 -0.159756 0.277306 2.49576 80 2 25 10 45922 0 
-117.474 27.7315 -0.159762 0.277306 2.49576 80 2 25 10 45923 0 
-117.464 27.7314 -0.159768 0.277306 2.49576 80 2 25 10 45924 0 
-117.455 27.7314 -0.159774 0.277306 2.49576 80 2 25 10 45925 0 
-117.446 27.7314 -0.15978 0.277306 2.49576 80 2 25 10 45926 0 
-117.437 27.7314 -0.159786 0.277306 2.49576 80 2 25 10 45927 0 
-117.427 27.7313 -0.159792 0.277306 2.49576 80 2 25 10 45928 0 
-117.418 27.7313 -0.159798 0.277306 2.49576 80 2 25 10 45929 0 
-117.409 27.7313 -0.159804 0.277306 2.49576 80 2 25 10 45930 0 
-117.4 27.7313 -0.15981 0.277306 2.49576 80 2 25 10 45931 0 
-117.39 27.7312 -0.159816 0.277306 2.49576 80 2 25 10 45932 0 
-117.381 27.7312 -0.159823 0.277306 2.49576 80 2 25 10 45933 0 
-117.372 27.7312 -0.159829 0.277306 2.49576 80 2 25 10 45934 0 
-117.363 27.7311 -0.159835 0.277306 2.49576 80 2 25 10 45935 0 
-117.353 27.7311 -0.159841 0.277306 2.49576 80 2 25 10 45936 0 
-117.344 27.7311 -0.159847 0.277306 2.49576 80 2 25 10 45937 0 
-117.335 27.7311 -0.159853 0.277306 2.49576 80 2 25 10 45938 0 
-117.326 27.731 -0.159859 0.277306 2.49576 80 2 25 10 45939 0 
-117.316 27.731 -0.159865 0.277306 2.49576 80 2 25 10 45940 0 
-117.307 27.731 -0.159871 0.277306 2.49576 80 2 25 10 45941 0 
-117.298 27.731 -0.159877 0.277306 2.49576 80 2 25 10 45942 0 
-117.289 27.7309 -0.159883 0.277306 2.49576 80 2 25 10 45943 0 
-117.279 27.7309 -0.159889 0.277306 2.49576 80 2 25 10 45944 0 
-117.27 27.7309 -0.159895 0.277306 2.49576 80 2 25 10 45945 0 
-117.261 27.7309 -0.159901 0.277306 2.49576 80 2 25 10 45946 0 
-117.252 27.7308 -0.159907 0.277306 2.49576 80 2 25 10 45947 0 
-117.242 27.7308 -0.159913 0.277306 2.49576 80 2 25 10 45948 0 
-117.233 27.7308 -0.159919 0.277306 2.49576 80 2 25 10 45949 0 
-117.224 27.7307 -0.159925 0.277306 2.49576 80 2 25 10 45950 0 
-117.215 27.7307 -0.159931 0.277306 2.49576 80 2 25 10 45951 0 
-117.205 27.7307 -0.159937 0.277306 2.49576 80 2 25 10 45952 0 
-117.196 27.7307 -0.159943 0.277306 2.49576 80 2 25 10 45953 0 
-117.187 27.7306 -0.159949 0.277306 2.49576 80 2 25 10 45954 0 
-117.178 27.7306 -0.159955 0.277306 2.49576 80 2 25 10 45955 0 
-117.168 27.7306 -0.159961 0.277306 2.49576 80 2 25 10 45956 0 
-117.159 27.7306 -0.159967 0.277306 2.49576 80 2 25 10 45957 0 
-117.15 27.7305 -0.159973 0.277306 2.49576 80 2 25 10 45958 0 
-117.141 27.7305 -0.159979 0.277306 2.49576 80 2 25 10 45959 0 
-117.131 27.7305 -0.159985 0.277306 2.49576 80 2 25 10 45960 0 
-117.122 27.7304 -0.159992 0.277306 2.49576 80 2 25 10 45961 0 
-117.113 27.7304 -0.159998 0.277306 2.49576 80 2 25 10 45962 0 
-117.104 27.7304 -0.160004 0.277306 2.49576 80 2 25 10 45963 0 
-117.094 27.7304 -0.16001 0.277306 2.49576 80 2 25 10 45964 0 
-117.085 27.7303 -0.160016 0.277306 2.49576 80 2 25 10 45965 0 
-117.076 27.7303 -0.160022 0.277306 2.49576 80 2 25 10 45966 0 
-117.067 27.7303 -0.160028 0.277306 2.49576 80 2 25 10 45967 0 
-117.057 27.7303 -0.160034 0.277306 2.49576 80 2 25 10 45968 0 
-117.048 27.7302 -0.16004 0.277306 2.49576 80 2 25 10 45969 0 
-117.039 27.7302 -0.160046 0.277306 2.49576 80 2 25 10 45970 0 
-117.03 27.7302 -0.160052 0.277306 2.49576 80 2 25 10 45971 0 
-117.02 27.7302 -0.160058 0.277306 2.49576 80 2 25 10 45972 0 
-117.011 27.7301 -0.160064 0.277306 2.49576 80 2 25 10 45973 0 
-117.002 27.7301 -0.16007 0.277306 2.49576 80 2 25 10 45974 0 
-116.993 27.7301 -0.160076 0.277306 2.49576 80 2 25 10 45975 0 
-116.983 27.73 -0.160082 0.277306 2.49576 80 2 25 10 45976 0 
-116.974 27.73 -0.160088 0.277306 2.49576 80 2 25 10 45977 0 
-116.965 27.73 -0.160094 0.277306 2.49576 80 2 25 10 45978 0 
-116.956 27.73 -0.1601 0.277306 2.49576 80 2 25 10 45979 0 
-116.946 27.7299 -0.160106 0.277306 2.49576 80 2 25 10 45980 0 
-116.937 27.7299 -0.160112 0.277306 2.49576 80 2 25 10 45981 0 
-116.928 27.7299 -0.160118 0.277306 2.49576 80 2 25 10 45982 0 
-116.919 27.7299 -0.160124 0.277306 2.49576 80 2 25 10 45983 0 
-116.909 27.7298 -0.16013 0.277306 2.49576 80 2 25 10 45984 0 
-116.9 27.7298 -0.160136 0.277306 2.49576 80 2 25 10 45985 0 
-116.891 27.7298 -0.160142 0.277306 2.49576 80 2 25 10 45986 0 
-116.882 27.7298 -0.160148 0.277306 2.49576 80 2 25 10 45987 0 
-116.872 27.7297 -0.160154 0.277306 2.49576 80 2 25 10 45988 0 
-116.863 27.7297 -0.16016 0.277306 2.49576 80 2 25 10 45989 0 
-116.854 27.7297 -0.160167 0.277306 2.49576 80 2 25 10 45990 0 
-116.845 27.7296 -0.160173 0.277306 2.49576 80 2 25 10 45991 0 
-116.836 27.7296 -0.160179 0.277306 2.49576 80 2 25 10 45992 0 
-116.826 27.7296 -0.160185 0.277306 2.49576 80 2 25 10 45993 0 
-116.817 27.7296 -0.160191 0.277306 2.49576 80 2 25 10 45994 0 
-116.808 27.7295 -0.160197 0.277306 2.49576 80 2 25 10 45995 0 
-116.799 27.7295 -0.160203 0.277306 2.49576 80 2 25 10 45996 0 
-116.789 27.7295 -0.160209 0.277306 2.49576 80 2 25 10 45997 0 
-116.78 27.7295 -0.160215 0.277306 2.49576 80 2 25 10 45998 0 
-116.771 27.7294 -0.160221 0.277306 2.49576 80 2 25 10 45999 0 
-116.762 27.7294 -0.160227 0.277306 2.49576 80 2 25 10 46000 0 
-116.752 27.7294 -0.160233 0.277306 2.49576 80 2 25 10 46001 0 
-116.743 27.7294 -0.160239 0.277306 2.49576 80 2 25 10 46002 0 
-116.734 27.7293 -0.160245 0.277306 2.49576 80 2 25 10 46003 0 
-116.725 27.7293 -0.160251 0.277306 2.49576 80 2 25 10 46004 0 
-116.715 27.7293 -0.160257 0.277306 2.49576 80 2 25 10 46005 0 
-116.706 27.7292 -0.160263 0.277306 2.49576 80 2 25 10 46006 0 
-116.697 27.7292 -0.160269 0.277306 2.49576 80 2 25 10 46007 0 
-116.688 27.7292 -0.160275 0.277306 2.49576 80 2 25 10 46008 0 
-116.678 27.7292 -0.160281 0.277306 2.49576 80 2 25 10 46009 0 
-116.669 27.7291 -0.160287 0.277306 2.49576 80 2 25 10 46010 0 
-116.66 27.7291 -0.160293 0.277306 2.49576 80 2 25 10 46011 0 
-116.651 27.7291 -0.160299 0.277306 2.49576 80 2 25 10 46012 0 
-116.641 27.7291 -0.160305 0.277306 2.49576 80 2 25 10 46013 0 
-116.632 27.729 -0.160312 0.277306 2.49576 80 2 25 10 46014 0 
-116.623 27.729 -0.160318 0.277306 2.49576 80 2 25 10 46015 0 
-116.614 27.729 -0.160324 0.277306 2.49576 80 2 25 10 46016 0 
-116.604 27.729 -0.16033 0.277306 2.49576 80 2 25 10 46017 0 
-116.595 27.7289 -0.160336 0.277306 2.49576 80 2 25 10 46018 0 
-116.586 27.7289 -0.160342 0.277306 2.49576 80 2 25 10 46019 0 
-116.577 27.7289 -0.160348 0.277306 2.49576 80 2 25 10 46020 0 
-116.567 27.7288 -0.160354 0.277306 2.49576 80 2 25 10 46021 0 
-116.558 27.7288 -0.16036 0.277306 2.49576 80 2 25 10 46022 0 
-116.549 27.7288 -0.160366 0.277306 2.49576 80 2 25 10 46023 0 
-116.54 27.7288 -0.160372 0.277306 2.49576 80 2 25 10 46024 0 
-116.53 27.7287 -0.160378 0.277306 2.49576 80 2 25 10 46025 0 
-116.521 27.7287 -0.160384 0.277306 2.49576 80 2 25 10 46026 0 
-116.512 27.7287 -0.16039 0.277306 2.49576 80 2 25 10 46027 0 
-116.503 27.7287 -0.160396 0.277306 2.49576 80 2 25 10 46028 0 
-116.493 27.7286 -0.160402 0.277306 2.49576 80 2 25 10 46029 0 
-116.484 27.7286 -0.160408 0.277306 2.49576 80 2 25 10 46030 0 
-116.475 27.7286 -0.160414 0.277306 2.49576 80 2 25 10 46031 0 
-116.466 27.7286 -0.16042 0.277306 2.49576 80 2 25 10 46032 0 
-116.456 27.7285 -0.160426 0.277306 2.49576 80 2 25 10 46033 0 
-116.447 27.7285 -0.160433 0.277306 2.49576 80 2 25 10 46034 0 
-116.438 27.7285 -0.160439 0.277306 2.49576 80 2 25 10 46035 0 
-116.429 27.7284 -0.160445 0.277306 2.49576 80 2 25 10 46036 0 
-116.419 27.7284 -0.160451 0.277306 2.49576 80 2 25 10 46037 0 
-116.41 27.7284 -0.160457 0.277306 2.49576 80 2 25 10 46038 0 
-116.401 27.7284 -0.160463 0.277306 2.49576 80 2 25 10 46039 0 
-116.392 27.7283 -0.160469 0.277306 2.49576 80 2 25 10 46040 0 
-116.382 27.7283 -0.160475 0.277306 2.49576 80 2 25 10 46041 0 
-116.373 27.7283 -0.160481 0.277306 2.49576 80 2 25 10 46042 0 
-116.364 27.7283 -0.160487 0.277306 2.49576 80 2 25 10 46043 0 
-116.355 27.7282 -0.160493 0.277306 2.49576 80 2 25 10 46044 0 
-116.345 27.7282 -0.160499 0.277306 2.49576 80 2 25 10 46045 0 
-116.336 27.7282 -0.160505 0.277306 2.49576 80 2 25 10 46046 0 
-116.327 27.7282 -0.160511 0.277306 2.49576 80 2 25 10 46047 0 
-116.318 27.7281 -0.160517 0.277306 2.49576 80 2 25 10 46048 0 
-116.308 27.7281 -0.160523 0.277306 2.49576 80 2 25 10 46049 0 
-116.299 27.7281 -0.160529 0.277306 2.49576 80 2 25 10 46050 0 
-116.29 27.728 -0.160535 0.277306 2.49576 80 2 25 10 46051 0 
-116.281 27.728 -0.160541 0.277306 2.49576 80 2 25 10 46052 0 
-116.271 27.728 -0.160548 0.277306 2.49576 80 2 25 10 46053 0 
-116.262 27.728 -0.160554 0.277306 2.49576 80 2 25 10 46054 0 
-116.253 27.7279 -0.16056 0.277306 2.49576 80 2 25 10 46055 0 
-116.244 27.7279 -0.160566 0.277306 2.49576 80 2 25 10 46056 0 
-116.234 27.7279 -0.160572 0.277306 2.49576 80 2 25 10 46057 0 
-116.225 27.7279 -0.160578 0.277306 2.49576 80 2 25 10 46058 0 
-116.216 27.7278 -0.160584 0.277306 2.49576 80 2 25 10 46059 0 
-116.207 27.7278 -0.16059 0.277306 2.49576 80 2 25 10 46060 0 
-116.197 27.7278 -0.160596 0.277306 2.49576 80 2 25 10 46061 0 
-116.188 27.7278 -0.160602 0.277306 2.49576 80 2 25 10 46062 0 
-116.179 27.7277 -0.160608 0.277306 2.49576 80 2 25 10 46063 0 
-116.17 27.7277 -0.160614 0.277306 2.49576 80 2 25 10 46064 0 
-116.16 27.7277 -0.16062 0.277306 2.49576 80 2 25 10 46065 0 
-116.151 27.7276 -0.160626 0.277306 2.49576 80 2 25 10 46066 0 
-116.142 27.7276 -0.160632 0.277306 2.49576 80 2 25 10 46067 0 
-116.133 27.7276 -0.160638 0.277306 2.49576 80 2 25 10 46068 0 
-116.124 27.7276 -0.160645 0.277306 2.49576 80 2 25 10 46069 0 
-116.114 27.7275 -0.160651 0.277306 2.49576 80 2 25 10 46070 0 
-116.105 27.7275 -0.160657 0.277306 2.49576 80 2 25 10 46071 0 
-116.096 27.7275 -0.160663 0.277306 2.49576 80 2 25 10 46072 0 
-116.087 27.7275 -0.160669 0.277306 2.49576 80 2 25 10 46073 0 
-116.077 27.7274 -0.160675 0.277306 2.49576 80 2 25 10 46074 0 
-116.068 27.7274 -0.160681 0.277306 2.49576 80 2 25 10 46075 0 
-116.059 27.7274 -0.160687 0.277306 2.49576 80 2 25 10 46076 0 
-116.05 27.7274 -0.160693 0.277306 2.49576 80 2 25 10 46077 0 
-116.04 27.7273 -0.160699 0.277306 2.49576 80 2 25 10 46078 0 
-116.031 27.7273 -0.160705 0.277306 2.49576 80 2 25 10 46079 0 
-116.022 27.7273 -0.160711 0.277306 2.49576 80 2 25 10 46080 0 
-116.013 27.7272 -0.160717 0.277306 2.49576 80 2 25 10 46081 0 
-116.003 27.7272 -0.160723 0.277306 2.49576 80 2 25 10 46082 0 
-115.994 27.7272 -0.160729 0.277306 2.49576 80 2 25 10 46083 0 
-115.985 27.7272 -0.160736 0.277306 2.49576 80 2 25 10 46084 0 
-115.976 27.7271 -0.160742 0.277306 2.49576 80 2 25 10 46085 0 
-115.966 27.7271 -0.160748 0.277306 2.49576 80 2 25 10 46086 0 
-115.957 27.7271 -0.160754 0.277306 2.49576 80 2 25 10 46087 0 
-115.948 27.7271 -0.16076 0.277306 2.49576 80 2 25 10 46088 0 
-115.939 27.727 -0.160766 0.277306 2.49576 80 2 25 10 46089 0 
-115.929 27.727 -0.160772 0.277306 2.49576 80 2 25 10 46090 0 
-115.92 27.727 -0.160778 0.277306 2.49576 80 2 25 10 46091 0 
-115.911 27.727 -0.160784 0.277306 2.49576 80 2 25 10 46092 0 
-115.902 27.7269 -0.16079 0.277306 2.49576 80 2 25 10 46093 0 
-115.892 27.7269 -0.160796 0.277306 2.49576 80 2 25 10 46094 0 
-115.883 27.7269 -0.160802 0.277306 2.49576 80 2 25 10 46095 0 
-115.874 27.7268 -0.160808 0.277306 2.49576 80 2 25 10 46096 0 
-115.865 27.7268 -0.160815 0.277306 2.49576 80 2 25 10 46097 0 
-115.855 27.7268 -0.160821 0.277306 2.49576 80 2 25 10 46098 0 
-115.846 27.7268 -0.160827 0.277306 2.49576 80 2 25 10 46099 0 
-115.837 27.7267 -0.160833 0.277306 2.49576 80 2 25 10 46100 0 
-115.828 27.7267 -0.160839 0.277306 2.49576 80 2 25 10 46101 0 
-115.818 27.7267 -0.160845 0.277306 2.49576 80 2 25 10 46102 0 
-115.809 27.7267 -0.160851 0.277306 2.49576 80 2 25 10 46103 0 
-115.8 27.7266 -0.160857 0.277306 2.49576 80 2 25 10 46104 0 
-115.791 27.7266 -0.160863 0.277306 2.49576 80 2 25 10 46105 0 
-115.781 27.7266 -0.160869 0.277306 2.49576 80 2 25 10 46106 0 
-115.772 27.7266 -0.160875 0.277306 2.49576 80 2 25 10 46107 0 
-115.763 27.7265 -0.160881 0.277306 2.49576 80 2 25 10 46108 0 
-115.754 27.7265 -0.160888 0.277306 2.49576 80 2 25 10 46109 0 
-115.744 27.7265 -0.160894 0.277306 2.49576 80 2 25 10 46110 0 
-115.735 27.7264 -0.1609 0.277306 2.49576 80 2 25 10 46111 0 
-115.726 27.7264 -0.160906 0.277306 2.49576 80 2 25 10 46112 0 
-115.717 27.7264 -0.160912 0.277306 2.49576 80 2 25 10 46113 0 
-115.707 27.7264 -0.160918 0.277306 2.49576 80 2 25 10 46114 0 
-115.698 27.7263 -0.160924 0.277306 2.49576 80 2 25 10 46115 0 
-115.689 27.7263 -0.16093 0.277306 2.49576 80 2 25 10 46116 0 
-115.68 27.7263 -0.160936 0.277306 2.49576 80 2 25 10 46117 0 
-115.67 27.7263 -0.160942 0.277306 2.49576 80 2 25 10 46118 0 
-115.661 27.7262 -0.160948 0.277306 2.49576 80 2 25 10 46119 0 
-115.652 27.7262 -0.160954 0.277306 2.49576 80 2 25 10 46120 0 
-115.643 27.7262 -0.160961 0.277306 2.49576 80 2 25 10 46121 0 
-115.633 27.7262 -0.160967 0.277306 2.49576 80 2 25 10 46122 0 
-115.624 27.7261 -0.160973 0.277306 2.49576 80 2 25 10 46123 0 
-115.615 27.7261 -0.160979 0.277306 2.49576 80 2 25 10 46124 0 
-115.606 27.7261 -0.160985 0.277306 2.49576 80 2 25 10 46125 0 
-115.596 27.726 -0.160991 0.277306 2.49576 80 2 25 10 46126 0 
-115.587 27.726 -0.160997 0.277306 2.49576 80 2 25 10 46127 0 
-115.578 27.726 -0.161003 0.277306 2.49576 80 2 25 10 46128 0 
-115.569 27.726 -0.161009 0.277306 2.49576 80 2 25 10 46129 0 
-115.559 27.7259 -0.161015 0.277306 2.49576 80 2 25 10 46130 0 
-115.55 27.7259 -0.161022 0.277306 2.49576 80 2 25 10 46131 0 
-115.541 27.7259 -0.161028 0.277306 2.49576 80 2 25 10 46132 0 
-115.532 27.7259 -0.161034 0.277306 2.49576 80 2 25 10 46133 0 
-115.522 27.7258 -0.16104 0.277306 2.49576 80 2 25 10 46134 0 
-115.513 27.7258 -0.161046 0.277306 2.49576 80 2 25 10 46135 0 
-115.504 27.7258 -0.161052 0.277306 2.49576 80 2 25 10 46136 0 
-115.495 27.7257 -0.161058 0.277306 2.49576 80 2 25 10 46137 0 
-115.485 27.7257 -0.161064 0.277306 2.49576 80 2 25 10 46138 0 
-115.476 27.7257 -0.16107 0.277306 2.49576 80 2 25 10 46139 0 
-115.467 27.7257 -0.161076 0.277306 2.49576 80 2 25 10 46140 0 
-115.458 27.7256 -0.161082 0.277306 2.49576 80 2 25 10 46141 0 
-115.448 27.7256 -0.161089 0.277306 2.49576 80 2 25 10 46142 0 
-115.439 27.7256 -0.161095 0.277306 2.49576 80 2 25 10 46143 0 
-115.43 27.7256 -0.161101 0.277306 2.49576 80 2 25 10 46144 0 
-115.421 27.7255 -0.161107 0.277306 2.49576 80 2 25 10 46145 0 
-115.411 27.7255 -0.161113 0.277306 2.49576 80 2 25 10 46146 0 
-115.402 27.7255 -0.161119 0.277306 2.49576 80 2 25 10 46147 0 
-115.393 27.7255 -0.161125 0.277306 2.49576 80 2 25 10 46148 0 
-115.384 27.7254 -0.161131 0.277306 2.49576 80 2 25 10 46149 0 
-115.375 27.7254 -0.161137 0.277306 2.49576 80 2 25 10 46150 0 
-115.365 27.7254 -0.161144 0.277306 2.49576 80 2 25 10 46151 0 
-115.356 27.7253 -0.16115 0.277306 2.49576 80 2 25 10 46152 0 
-115.347 27.7253 -0.161156 0.277306 2.49576 80 2 25 10 46153 0 
-115.338 27.7253 -0.161162 0.277306 2.49576 80 2 25 10 46154 0 
-115.328 27.7253 -0.161168 0.277306 2.49576 80 2 25 10 46155 0 
-115.319 27.7252 -0.161174 0.277306 2.49576 80 2 25 10 46156 0 
-115.31 27.7252 -0.16118 0.277306 2.49576 80 2 25 10 46157 0 
-115.301 27.7252 -0.161186 0.277306 2.49576 80 2 25 10 46158 0 
-115.291 27.7252 -0.161192 0.277306 2.49576 80 2 25 10 46159 0 
-115.282 27.7251 -0.161199 0.277306 2.49576 80 2 25 10 46160 0 
-115.273 27.7251 -0.161205 0.277306 2.49576 80 2 25 10 46161 0 
-115.264 27.7251 -0.161211 0.277306 2.49576 80 2 25 10 46162 0 
-115.254 27.7251 -0.161217 0.277306 2.49576 80 2 25 10 46163 0 
-115.245 27.725 -0.161223 0.277306 2.49576 80 2 25 10 46164 0 
-115.236 27.725 -0.161229 0.277306 2.49576 80 2 25 10 46165 0 
-115.227 27.725 -0.161235 0.277306 2.49576 80 2 25 10 46166 0 
-115.217 27.7249 -0.161241 0.277306 2.49576 80 2 25 10 46167 0 
-115.208 27.7249 -0.161247 0.277306 2.49576 80 2 25 10 46168 0 
-115.199 27.7249 -0.161254 0.277306 2.49576 80 2 25 10 46169 0 
-115.19 27.7249 -0.16126 0.277306 2.49576 80 2 25 10 46170 0 
-115.18 27.7248 -0.161266 0.277306 2.49576 80 2 25 10 46171 0 
-115.171 27.7248 -0.161272 0.277306 2.49576 80 2 25 10 46172 0 
-115.162 27.7248 -0.161278 0.277306 2.49576 80 2 25 10 46173 0 
-115.153 27.7248 -0.161284 0.277306 2.49576 80 2 25 10 46174 0 
-115.143 27.7247 -0.16129 0.277306 2.49576 80 2 25 10 46175 0 
-115.134 27.7247 -0.161296 0.277306 2.49576 80 2 25 10 46176 0 
-115.125 27.7247 -0.161303 0.277306 2.49576 80 2 25 10 46177 0 
-115.116 27.7247 -0.161309 0.277306 2.49576 80 2 25 10 46178 0 
-115.106 27.7246 -0.161315 0.277306 2.49576 80 2 25 10 46179 0 
-115.097 27.7246 -0.161321 0.277306 2.49576 80 2 25 10 46180 0 
-115.088 27.7246 -0.161327 0.277306 2.49576 80 2 25 10 46181 0 
-115.079 27.7245 -0.161333 0.277306 2.49576 80 2 25 10 46182 0 
-115.069 27.7245 -0.161339 0.277306 2.49576 80 2 25 10 46183 0 
-115.06 27.7245 -0.161345 0.277306 2.49576 80 2 25 10 46184 0 
-115.051 27.7245 -0.161352 0.277306 2.49576 80 2 25 10 46185 0 
-115.042 27.7244 -0.161358 0.277306 2.49576 80 2 25 10 46186 0 
-115.032 27.7244 -0.161364 0.277306 2.49576 80 2 25 10 46187 0 
-115.023 27.7244 -0.16137 0.277306 2.49576 80 2 25 10 46188 0 
-115.014 27.7244 -0.161376 0.277306 2.49576 80 2 25 10 46189 0 
-115.005 27.7243 -0.161382 0.277306 2.49576 80 2 25 10 46190 0 
-114.995 27.7243 -0.161388 0.277306 2.49576 80 2 25 10 46191 0 
-114.986 27.7243 -0.161394 0.277306 2.49576 80 2 25 10 46192 0 
-114.977 27.7243 -0.161401 0.277306 2.49576 80 2 25 10 46193 0 
-114.968 27.7242 -0.161407 0.277306 2.49576 80 2 25 10 46194 0 
-114.958 27.7242 -0.161413 0.277306 2.49576 80 2 25 10 46195 0 
-114.949 27.7242 -0.161419 0.277306 2.49576 80 2 25 10 46196 0 
-114.94 27.7241 -0.161425 0.277306 2.49576 80 2 25 10 46197 0 
-114.931 27.7241 -0.161431 0.277306 2.49576 80 2 25 10 46198 0 
-114.921 27.7241 -0.161437 0.277306 2.49576 80 2 25 10 46199 0 
-114.912 27.7241 -0.161444 0.277306 2.49576 80 2 25 10 46200 0 
-114.903 27.724 -0.16145 0.277306 2.49576 80 2 25 10 46201 0 
-114.894 27.724 -0.161456 0.277306 2.49576 80 2 25 10 46202 0 
-114.884 27.724 -0.161462 0.277306 2.49576 80 2 25 10 46203 0 
-114.875 27.724 -0.161468 0.277306 2.49576 80 2 25 10 46204 0 
-114.866 27.7239 -0.161474 0.277306 2.49576 80 2 25 10 46205 0 
-114.857 27.7239 -0.16148 0.277306 2.49576 80 2 25 10 46206 0 
-114.847 27.7239 -0.161486 0.277306 2.49576 80 2 25 10 46207 0 
-114.838 27.7239 -0.161493 0.277306 2.49576 80 2 25 10 46208 0 
-114.829 27.7238 -0.161499 0.277306 2.49576 80 2 25 10 46209 0 
-114.82 27.7238 -0.161505 0.277306 2.49576 80 2 25 10 46210 0 
-114.81 27.7238 -0.161511 0.277306 2.49576 80 2 25 10 46211 0 
-114.801 27.7237 -0.161517 0.277306 2.49576 80 2 25 10 46212 0 
-114.792 27.7237 -0.161523 0.277306 2.49576 80 2 25 10 46213 0 
-114.783 27.7237 -0.161529 0.277306 2.49576 80 2 25 10 46214 0 
-114.773 27.7237 -0.161536 0.277306 2.49576 80 2 25 10 46215 0 
-114.764 27.7236 -0.161542 0.277306 2.49576 80 2 25 10 46216 0 
-114.755 27.7236 -0.161548 0.277306 2.49576 80 2 25 10 46217 0 
-114.746 27.7236 -0.161554 0.277306 2.49576 80 2 25 10 46218 0 
-114.736 27.7236 -0.16156 0.277306 2.49576 80 2 25 10 46219 0 
-114.727 27.7235 -0.161566 0.277306 2.49576 80 2 25 10 46220 0 
-114.718 27.7235 -0.161572 0.277306 2.49576 80 2 25 10 46221 0 
-114.709 27.7235 -0.161579 0.277306 2.49576 80 2 25 10 46222 0 
-114.699 27.7235 -0.161585 0.277306 2.49576 80 2 25 10 46223 0 
-114.69 27.7234 -0.161591 0.277306 2.49576 80 2 25 10 46224 0 
-114.681 27.7234 -0.161597 0.277306 2.49576 80 2 25 10 46225 0 
-114.672 27.7234 -0.161603 0.277306 2.49576 80 2 25 10 46226 0 
-114.663 27.7233 -0.161609 0.277306 2.49576 80 2 25 10 46227 0 
-114.653 27.7233 -0.161616 0.277306 2.49576 80 2 25 10 46228 0 
-114.644 27.7233 -0.161622 0.277306 2.49576 80 2 25 10 46229 0 
-114.635 27.7233 -0.161628 0.277306 2.49576 80 2 25 10 46230 0 
-114.626 27.7232 -0.161634 0.277306 2.49576 80 2 25 10 46231 0 
-114.616 27.7232 -0.16164 0.277306 2.49576 80 2 25 10 46232 0 
-114.607 27.7232 -0.161646 0.277306 2.49576 80 2 25 10 46233 0 
-114.598 27.7232 -0.161652 0.277306 2.49576 80 2 25 10 46234 0 
-114.589 27.7231 -0.161659 0.277306 2.49576 80 2 25 10 46235 0 
-114.579 27.7231 -0.161665 0.277306 2.49576 80 2 25 10 46236 0 
-114.57 27.7231 -0.161671 0.277306 2.49576 80 2 25 10 46237 0 
-114.561 27.7231 -0.161677 0.277306 2.49576 80 2 25 10 46238 0 
-114.552 27.723 -0.161683 0.277306 2.49576 80 2 25 10 46239 0 
-114.542 27.723 -0.161689 0.277306 2.49576 80 2 25 10 46240 0 
-114.533 27.723 -0.161696 0.277306 2.49576 80 2 25 10 46241 0 
-114.524 27.7229 -0.161702 0.277306 2.49576 80 2 25 10 46242 0 
-114.515 27.7229 -0.161708 0.277306 2.49576 80 2 25 10 46243 0 
-114.505 27.7229 -0.161714 0.277306 2.49576 80 2 25 10 46244 0 
-114.496 27.7229 -0.16172 0.277306 2.49576 80 2 25 10 46245 0 
-114.487 27.7228 -0.161726 0.277306 2.49576 80 2 25 10 46246 0 
-114.478 27.7228 -0.161733 0.277306 2.49576 80 2 25 10 46247 0 
-114.468 27.7228 -0.161739 0.277306 2.49576 80 2 25 10 46248 0 
-114.459 27.7228 -0.161745 0.277306 2.49576 80 2 25 10 46249 0 
-114.45 27.7227 -0.161751 0.277306 2.49576 80 2 25 10 46250 0 
-114.441 27.7227 -0.161757 0.277306 2.49576 80 2 25 10 46251 0 
-114.431 27.7227 -0.161763 0.277306 2.49576 80 2 25 10 46252 0 
-114.422 27.7227 -0.16177 0.277306 2.49576 80 2 25 10 46253 0 
-114.413 27.7226 -0.161776 0.277306 2.49576 80 2 25 10 46254 0 
-114.404 27.7226 -0.161782 0.277306 2.49576 80 2 25 10 46255 0 
-114.394 27.7226 -0.161788 0.277306 2.49576 80 2 25 10 46256 0 
-114.385 27.7225 -0.161794 0.277306 2.49576 80 2 25 10 46257 0 
-114.376 27.7225 -0.1618 0.277306 2.49576 80 2 25 10 46258 0 
-114.367 27.7225 -0.161807 0.277306 2.49576 80 2 25 10 46259 0 
-114.357 27.7225 -0.161813 0.277306 2.49576 80 2 25 10 46260 0 
-114.348 27.7224 -0.161819 0.277306 2.49576 80 2 25 10 46261 0 
-114.339 27.7224 -0.161825 0.277306 2.49576 80 2 25 10 46262 0 
-114.33 27.7224 -0.161831 0.277306 2.49576 80 2 25 10 46263 0 
-114.32 27.7224 -0.161837 0.277306 2.49576 80 2 25 10 46264 0 
-114.311 27.7223 -0.161844 0.277306 2.49576 80 2 25 10 46265 0 
-114.302 27.7223 -0.16185 0.277306 2.49576 80 2 25 10 46266 0 
-114.293 27.7223 -0.161856 0.277306 2.49576 80 2 25 10 46267 0 
-114.283 27.7223 -0.161862 0.277306 2.49576 80 2 25 10 46268 0 
-114.274 27.7222 -0.161868 0.277306 2.49576 80 2 25 10 46269 0 
-114.265 27.7222 -0.161874 0.277306 2.49576 80 2 25 10 46270 0 
-114.256 27.7222 -0.161881 0.277306 2.49576 80 2 25 10 46271 0 
-114.246 27.7221 -0.161887 0.277306 2.49576 80 2 25 10 46272 0 
-114.237 27.7221 -0.161893 0.277306 2.49576 80 2 25 10 46273 0 
-114.228 27.7221 -0.161899 0.277306 2.49576 80 2 25 10 46274 0 
-114.219 27.7221 -0.161905 0.277306 2.49576 80 2 25 10 46275 0 
-114.209 27.722 -0.161911 0.277306 2.49576 80 2 25 10 46276 0 
-114.2 27.722 -0.161918 0.277306 2.49576 80 2 25 10 46277 0 
-114.191 27.722 -0.161924 0.277306 2.49576 80 2 25 10 46278 0 
-114.182 27.722 -0.16193 0.277306 2.49576 80 2 25 10 46279 0 
-114.172 27.7219 -0.161936 0.277306 2.49576 80 2 25 10 46280 0 
-114.163 27.7219 -0.161942 0.277306 2.49576 80 2 25 10 46281 0 
-114.154 27.7219 -0.161949 0.277306 2.49576 80 2 25 10 46282 0 
-114.145 27.7219 -0.161955 0.277306 2.49576 80 2 25 10 46283 0 
-114.135 27.7218 -0.161961 0.277306 2.49576 80 2 25 10 46284 0 
-114.126 27.7218 -0.161967 0.277306 2.49576 80 2 25 10 46285 0 
-114.117 27.7218 -0.161973 0.277306 2.49576 80 2 25 10 46286 0 
-114.108 27.7217 -0.16198 0.277306 2.49576 80 2 25 10 46287 0 
-114.098 27.7217 -0.161986 0.277306 2.49576 80 2 25 10 46288 0 
-114.089 27.7217 -0.161992 0.277306 2.49576 80 2 25 10 46289 0 
-114.08 27.7217 -0.161998 0.277306 2.49576 80 2 25 10 46290 0 
-114.071 27.7216 -0.162004 0.277306 2.49576 80 2 25 10 46291 0 
-114.061 27.7216 -0.16201 0.277306 2.49576 80 2 25 10 46292 0 
-114.052 27.7216 -0.162017 0.277306 2.49576 80 2 25 10 46293 0 
-114.043 27.7216 -0.162023 0.277306 2.49576 80 2 25 10 46294 0 
-114.034 27.7215 -0.162029 0.277306 2.49576 80 2 25 10 46295 0 
-114.024 27.7215 -0.162035 0.277306 2.49576 80 2 25 10 46296 0 
-114.015 27.7215 -0.162041 0.277306 2.49576 80 2 25 10 46297 0 
-114.006 27.7215 -0.162048 0.277306 2.49576 80 2 25 10 46298 0 
-113.997 27.7214 -0.162054 0.277306 2.49576 80 2 25 10 46299 0 
-113.987 27.7214 -0.16206 0.277306 2.49576 80 2 25 10 46300 0 
-113.978 27.7214 -0.162066 0.277306 2.49576 80 2 25 10 46301 0 
-113.969 27.7213 -0.162072 0.277306 2.49576 80 2 25 10 46302 0 
-113.96 27.7213 -0.162079 0.277306 2.49576 80 2 25 10 46303 0 
-113.951 27.7213 -0.162085 0.277306 2.49576 80 2 25 10 46304 0 
-113.941 27.7213 -0.162091 0.277306 2.49576 80 2 25 10 46305 0 
-113.932 27.7212 -0.162097 0.277306 2.49576 80 2 25 10 46306 0 
-113.923 27.7212 -0.162103 0.277306 2.49576 80 2 25 10 46307 0 
-113.914 27.7212 -0.16211 0.277306 2.49576 80 2 25 10 46308 0 
-113.904 27.7212 -0.162116 0.277306 2.49576 80 2 25 10 46309 0 
-113.895 27.7211 -0.162122 0.277306 2.49576 80 2 25 10 46310 0 
-113.886 27.7211 -0.162128 0.277306 2.49576 80 2 25 10 46311 0 
-113.877 27.7211 -0.162134 0.277306 2.49576 80 2 25 10 46312 0 
-113.867 27.7211 -0.162141 0.277306 2.49576 80 2 25 10 46313 0 
-113.858 27.721 -0.162147 0.277306 2.49576 80 2 25 10 46314 0 
-113.849 27.721 -0.162153 0.277306 2.49576 80 2 25 10 46315 0 
-113.84 27.721 -0.162159 0.277306 2.49576 80 2 25 10 46316 0 
-113.83 27.7209 -0.162165 0.277306 2.49576 80 2 25 10 46317 0 
-113.821 27.7209 -0.162172 0.277306 2.49576 80 2 25 10 46318 0 
-113.812 27.7209 -0.162178 0.277306 2.49576 80 2 25 10 46319 0 
-113.803 27.7209 -0.162184 0.277306 2.49576 80 2 25 10 46320 0 
-113.793 27.7208 -0.16219 0.277306 2.49576 80 2 25 10 46321 0 
-113.784 27.7208 -0.162196 0.277306 2.49576 80 2 25 10 46322 0 
-113.775 27.7208 -0.162203 0.277306 2.49576 80 2 25 10 46323 0 
-113.766 27.7208 -0.162209 0.277306 2.49576 80 2 25 10 46324 0 
-113.756 27.7207 -0.162215 0.277306 2.49576 80 2 25 10 46325 0 
-113.747 27.7207 -0.162221 0.277306 2.49576 80 2 25 10 46326 0 
-113.738 27.7207 -0.162227 0.277306 2.49576 80 2 25 10 46327 0 
-113.729 27.7206 -0.162234 0.277306 2.49576 80 2 25 10 46328 0 
-113.719 27.7206 -0.16224 0.277306 2.49576 80 2 25 10 46329 0 
-113.71 27.7206 -0.162246 0.277306 2.49576 80 2 25 10 46330 0 
-113.701 27.7206 -0.162252 0.277306 2.49576 80 2 25 10 46331 0 
-113.692 27.7205 -0.162258 0.277306 2.49576 80 2 25 10 46332 0 
-113.682 27.7205 -0.162265 0.277306 2.49576 80 2 25 10 46333 0 
-113.673 27.7205 -0.162271 0.277306 2.49576 80 2 25 10 46334 0 
-113.664 27.7205 -0.162277 0.277306 2.49576 80 2 25 10 46335 0 
-113.655 27.7204 -0.162283 0.277306 2.49576 80 2 25 10 46336 0 
-113.645 27.7204 -0.16229 0.277306 2.49576 80 2 25 10 46337 0 
-113.636 27.7204 -0.162296 0.277306 2.49576 80 2 25 10 46338 0 
-113.627 27.7204 -0.162302 0.277306 2.49576 80 2 25 10 46339 0 
-113.618 27.7203 -0.162308 0.277306 2.49576 80 2 25 10 46340 0 
-113.608 27.7203 -0.162314 0.277306 2.49576 80 2 25 10 46341 0 
-113.599 27.7203 -0.162321 0.277306 2.49576 80 2 25 10 46342 0 
-113.59 27.7202 -0.162327 0.277306 2.49576 80 2 25 10 46343 0 
-113.581 27.7202 -0.162333 0.277306 2.49576 80 2 25 10 46344 0 
-113.571 27.7202 -0.162339 0.277306 2.49576 80 2 25 10 46345 0 
-113.562 27.7202 -0.162345 0.277306 2.49576 80 2 25 10 46346 0 
-113.553 27.7201 -0.162352 0.277306 2.49576 80 2 25 10 46347 0 
-113.544 27.7201 -0.162358 0.277306 2.49576 80 2 25 10 46348 0 
-113.534 27.7201 -0.162364 0.277306 2.49576 80 2 25 10 46349 0 
-113.525 27.7201 -0.16237 0.277306 2.49576 80 2 25 10 46350 0 
-113.516 27.72 -0.162377 0.277306 2.49576 80 2 25 10 46351 0 
-113.507 27.72 -0.162383 0.277306 2.49576 80 2 25 10 46352 0 
-113.497 27.72 -0.162389 0.277306 2.49576 80 2 25 10 46353 0 
-113.488 27.72 -0.162395 0.277306 2.49576 80 2 25 10 46354 0 
-113.479 27.7199 -0.162402 0.277306 2.49576 80 2 25 10 46355 0 
-113.47 27.7199 -0.162408 0.277306 2.49576 80 2 25 10 46356 0 
-113.46 27.7199 -0.162414 0.277306 2.49576 80 2 25 10 46357 0 
-113.451 27.7198 -0.16242 0.277306 2.49576 80 2 25 10 46358 0 
-113.442 27.7198 -0.162426 0.277306 2.49576 80 2 25 10 46359 0 
-113.433 27.7198 -0.162433 0.277306 2.49576 80 2 25 10 46360 0 
-113.423 27.7198 -0.162439 0.277306 2.49576 80 2 25 10 46361 0 
-113.414 27.7197 -0.162445 0.277306 2.49576 80 2 25 10 46362 0 
-113.405 27.7197 -0.162451 0.277306 2.49576 80 2 25 10 46363 0 
-113.396 27.7197 -0.162458 0.277306 2.49576 80 2 25 10 46364 0 
-113.386 27.7197 -0.162464 0.277306 2.49576 80 2 25 10 46365 0 
-113.377 27.7196 -0.16247 0.277306 2.49576 80 2 25 10 46366 0 
-113.368 27.7196 -0.162476 0.277306 2.49576 80 2 25 10 46367 0 
-113.359 27.7196 -0.162483 0.277306 2.49576 80 2 25 10 46368 0 
-113.349 27.7196 -0.162489 0.277306 2.49576 80 2 25 10 46369 0 
-113.34 27.7195 -0.162495 0.277306 2.49576 80 2 25 10 46370 0 
-113.331 27.7195 -0.162501 0.277306 2.49576 80 2 25 10 46371 0 
-113.322 27.7195 -0.162507 0.277306 2.49576 80 2 25 10 46372 0 
-113.312 27.7194 -0.162514 0.277306 2.49576 80 2 25 10 46373 0 
-113.303 27.7194 -0.16252 0.277306 2.49576 80 2 25 10 46374 0 
-113.294 27.7194 -0.162526 0.277306 2.49576 80 2 25 10 46375 0 
-113.285 27.7194 -0.162532 0.277306 2.49576 80 2 25 10 46376 0 
-113.275 27.7193 -0.162539 0.277306 2.49576 80 2 25 10 46377 0 
-113.266 27.7193 -0.162545 0.277306 2.49576 80 2 25 10 46378 0 
-113.257 27.7193 -0.162551 0.277306 2.49576 80 2 25 10 46379 0 
-113.248 27.7193 -0.162557 0.277306 2.49576 80 2 25 10 46380 0 
-113.238 27.7192 -0.162564 0.277306 2.49576 80 2 25 10 46381 0 
-113.229 27.7192 -0.16257 0.277306 2.49576 80 2 25 10 46382 0 
-113.22 27.7192 -0.162576 0.277306 2.49576 80 2 25 10 46383 0 
-113.211 27.7192 -0.162582 0.277306 2.49576 80 2 25 10 46384 0 
-113.202 27.7191 -0.162589 0.277306 2.49576 80 2 25 10 46385 0 
-113.192 27.7191 -0.162595 0.277306 2.49576 80 2 25 10 46386 0 
-113.183 27.7191 -0.162601 0.277306 2.49576 80 2 25 10 46387 0 
-113.174 27.719 -0.162607 0.277306 2.49576 80 2 25 10 46388 0 
-113.165 27.719 -0.162614 0.277306 2.49576 80 2 25 10 46389 0 
-113.155 27.719 -0.16262 0.277306 2.49576 80 2 25 10 46390 0 
-113.146 27.719 -0.162626 0.277306 2.49576 80 2 25 10 46391 0 
-113.137 27.7189 -0.162632 0.277306 2.49576 80 2 25 10 46392 0 
-113.128 27.7189 -0.162639 0.277306 2.49576 80 2 25 10 46393 0 
-113.118 27.7189 -0.162645 0.277306 2.49576 80 2 25 10 46394 0 
-113.109 27.7189 -0.162651 0.277306 2.49576 80 2 25 10 46395 0 
-113.1 27.7188 -0.162657 0.277306 2.49576 80 2 25 10 46396 0 
-113.091 27.7188 -0.162664 0.277306 2.49576 80 2 25 10 46397 0 
-113.081 27.7188 -0.16267 0.277306 2.49576 80 2 25 10 46398 0 
-113.072 27.7188 -0.162676 0.277306 2.49576 80 2 25 10 46399 0 
-113.063 27.7187 -0.162682 0.277306 2.49576 80 2 25 10 46400 0 
-113.054 27.7187 -0.162689 0.277306 2.49576 80 2 25 10 46401 0 
-113.044 27.7187 -0.162695 0.277306 2.49576 80 2 25 10 46402 0 
-113.035 27.7186 -0.162701 0.277306 2.49576 80 2 25 10 46403 0 
-113.026 27.7186 -0.162707 0.277306 2.49576 80 2 25 10 46404 0 
-113.017 27.7186 -0.162714 0.277306 2.49576 80 2 25 10 46405 0 
-113.007 27.7186 -0.16272 0.277306 2.49576 80 2 25 10 46406 0 
-112.998 27.7185 -0.162726 0.277306 2.49576 80 2 25 10 46407 0 
-112.989 27.7185 -0.162732 0.277306 2.49576 80 2 25 10 46408 0 
-112.98 27.7185 -0.162739 0.277306 2.49576 80 2 25 10 46409 0 
-112.97 27.7185 -0.162745 0.277306 2.49576 80 2 25 10 46410 0 
-112.961 27.7184 -0.162751 0.277306 2.49576 80 2 25 10 46411 0 
-112.952 27.7184 -0.162757 0.277306 2.49576 80 2 25 10 46412 0 
-112.943 27.7184 -0.162764 0.277306 2.49576 80 2 25 10 46413 0 
-112.933 27.7184 -0.16277 0.277306 2.49576 80 2 25 10 46414 0 
-112.924 27.7183 -0.162776 0.277306 2.49576 80 2 25 10 46415 0 
-112.915 27.7183 -0.162782 0.277306 2.49576 80 2 25 10 46416 0 
-112.906 27.7183 -0.162789 0.277306 2.49576 80 2 25 10 46417 0 
-112.896 27.7182 -0.162795 0.277306 2.49576 80 2 25 10 46418 0 
-112.887 27.7182 -0.162801 0.277306 2.49576 80 2 25 10 46419 0 
-112.878 27.7182 -0.162808 0.277306 2.49576 80 2 25 10 46420 0 
-112.869 27.7182 -0.162814 0.277306 2.49576 80 2 25 10 46421 0 
-112.859 27.7181 -0.16282 0.277306 2.49576 80 2 25 10 46422 0 
-112.85 27.7181 -0.162826 0.277306 2.49576 80 2 25 10 46423 0 
-112.841 27.7181 -0.162833 0.277306 2.49576 80 2 25 10 46424 0 
-112.832 27.7181 -0.162839 0.277306 2.49576 80 2 25 10 46425 0 
-112.822 27.718 -0.162845 0.277306 2.49576 80 2 25 10 46426 0 
-112.813 27.718 -0.162851 0.277306 2.49576 80 2 25 10 46427 0 
-112.804 27.718 -0.162858 0.277306 2.49576 80 2 25 10 46428 0 
-112.795 27.718 -0.162864 0.277306 2.49576 80 2 25 10 46429 0 
-112.785 27.7179 -0.16287 0.277306 2.49576 80 2 25 10 46430 0 
-112.776 27.7179 -0.162877 0.277306 2.49576 80 2 25 10 46431 0 
-112.767 27.7179 -0.162883 0.277306 2.49576 80 2 25 10 46432 0 
-112.758 27.7178 -0.162889 0.277306 2.49576 80 2 25 10 46433 0 
-112.748 27.7178 -0.162895 0.277306 2.49576 80 2 25 10 46434 0 
-112.739 27.7178 -0.162902 0.277306 2.49576 80 2 25 10 46435 0 
-112.73 27.7178 -0.162908 0.277306 2.49576 80 2 25 10 46436 0 
-112.721 27.7177 -0.162914 0.277306 2.49576 80 2 25 10 46437 0 
-112.711 27.7177 -0.16292 0.277306 2.49576 80 2 25 10 46438 0 
-112.702 27.7177 -0.162927 0.277306 2.49576 80 2 25 10 46439 0 
-112.693 27.7177 -0.162933 0.277306 2.49576 80 2 25 10 46440 0 
-112.684 27.7176 -0.162939 0.277306 2.49576 80 2 25 10 46441 0 
-112.674 27.7176 -0.162946 0.277306 2.49576 80 2 25 10 46442 0 
-112.665 27.7176 -0.162952 0.277306 2.49576 80 2 25 10 46443 0 
-112.656 27.7176 -0.162958 0.277306 2.49576 80 2 25 10 46444 0 
-112.647 27.7175 -0.162964 0.277306 2.49576 80 2 25 10 46445 0 
-112.637 27.7175 -0.162971 0.277306 2.49576 80 2 25 10 46446 0 
-112.628 27.7175 -0.162977 0.277306 2.49576 80 2 25 10 46447 0 
-112.619 27.7174 -0.162983 0.277306 2.49576 80 2 25 10 46448 0 
-112.61 27.7174 -0.162989 0.277306 2.49576 80 2 25 10 46449 0 
-112.6 27.7174 -0.162996 0.277306 2.49576 80 2 25 10 46450 0 
-112.591 27.7174 -0.163002 0.277306 2.49576 80 2 25 10 46451 0 
-112.582 27.7173 -0.163008 0.277306 2.49576 80 2 25 10 46452 0 
-112.573 27.7173 -0.163015 0.277306 2.49576 80 2 25 10 46453 0 
-112.563 27.7173 -0.163021 0.277306 2.49576 80 2 25 10 46454 0 
-112.554 27.7173 -0.163027 0.277306 2.49576 80 2 25 10 46455 0 
-112.545 27.7172 -0.163034 0.277306 2.49576 80 2 25 10 46456 0 
-112.536 27.7172 -0.16304 0.277306 2.49576 80 2 25 10 46457 0 
-112.526 27.7172 -0.163046 0.277306 2.49576 80 2 25 10 46458 0 
-112.517 27.7172 -0.163052 0.277306 2.49576 80 2 25 10 46459 0 
-112.508 27.7171 -0.163059 0.277306 2.49576 80 2 25 10 46460 0 
-112.499 27.7171 -0.163065 0.277306 2.49576 80 2 25 10 46461 0 
-112.49 27.7171 -0.163071 0.277306 2.49576 80 2 25 10 46462 0 
-112.48 27.717 -0.163078 0.277306 2.49576 80 2 25 10 46463 0 
-112.471 27.717 -0.163084 0.277306 2.49576 80 2 25 10 46464 0 
-112.462 27.717 -0.16309 0.277306 2.49576 80 2 25 10 46465 0 
-112.453 27.717 -0.163096 0.277306 2.49576 80 2 25 10 46466 0 
-112.443 27.7169 -0.163103 0.277306 2.49576 80 2 25 10 46467 0 
-112.434 27.7169 -0.163109 0.277306 2.49576 80 2 25 10 46468 0 
-112.425 27.7169 -0.163115 0.277306 2.49576 80 2 25 10 46469 0 
-112.416 27.7169 -0.163122 0.277306 2.49576 80 2 25 10 46470 0 
-112.406 27.7168 -0.163128 0.277306 2.49576 80 2 25 10 46471 0 
-112.397 27.7168 -0.163134 0.277306 2.49576 80 2 25 10 46472 0 
-112.388 27.7168 -0.16314 0.277306 2.49576 80 2 25 10 46473 0 
-112.379 27.7168 -0.163147 0.277306 2.49576 80 2 25 10 46474 0 
-112.369 27.7167 -0.163153 0.277306 2.49576 80 2 25 10 46475 0 
-112.36 27.7167 -0.163159 0.277306 2.49576 80 2 25 10 46476 0 
-112.351 27.7167 -0.163166 0.277306 2.49576 80 2 25 10 46477 0 
-112.342 27.7166 -0.163172 0.277306 2.49576 80 2 25 10 46478 0 
-112.332 27.7166 -0.163178 0.277306 2.49576 80 2 25 10 46479 0 
-112.323 27.7166 -0.163185 0.277306 2.49576 80 2 25 10 46480 0 
-112.314 27.7166 -0.163191 0.277306 2.49576 80 2 25 10 46481 0 
-112.305 27.7165 -0.163197 0.277306 2.49576 80 2 25 10 46482 0 
-112.295 27.7165 -0.163204 0.277306 2.49576 80 2 25 10 46483 0 
-112.286 27.7165 -0.16321 0.277306 2.49576 80 2 25 10 46484 0 
-112.277 27.7165 -0.163216 0.277306 2.49576 80 2 25 10 46485 0 
-112.268 27.7164 -0.163222 0.277306 2.49576 80 2 25 10 46486 0 
-112.258 27.7164 -0.163229 0.277306 2.49576 80 2 25 10 46487 0 
-112.249 27.7164 -0.163235 0.277306 2.49576 80 2 25 10 46488 0 
-112.24 27.7164 -0.163241 0.277306 2.49576 80 2 25 10 46489 0 
-112.231 27.7163 -0.163248 0.277306 2.49576 80 2 25 10 46490 0 
-112.221 27.7163 -0.163254 0.277306 2.49576 80 2 25 10 46491 0 
-112.212 27.7163 -0.16326 0.277306 2.49576 80 2 25 10 46492 0 
-112.203 27.7162 -0.163267 0.277306 2.49576 80 2 25 10 46493 0 
-112.194 27.7162 -0.163273 0.277306 2.49576 80 2 25 10 46494 0 
-112.184 27.7162 -0.163279 0.277306 2.49576 80 2 25 10 46495 0 
-112.175 27.7162 -0.163285 0.277306 2.49576 80 2 25 10 46496 0 
-112.166 27.7161 -0.163292 0.277306 2.49576 80 2 25 10 46497 0 
-112.157 27.7161 -0.163298 0.277306 2.49576 80 2 25 10 46498 0 
-112.147 27.7161 -0.163304 0.277306 2.49576 80 2 25 10 46499 0 
-112.138 27.7161 -0.163311 0.277306 2.49576 80 2 25 10 46500 0 
-112.129 27.716 -0.163317 0.277306 2.49576 80 2 25 10 46501 0 
-112.12 27.716 -0.163323 0.277306 2.49576 80 2 25 10 46502 0 
-112.11 27.716 -0.16333 0.277306 2.49576 80 2 25 10 46503 0 
-112.101 27.716 -0.163336 0.277306 2.49576 80 2 25 10 46504 0 
-112.092 27.7159 -0.163342 0.277306 2.49576 80 2 25 10 46505 0 
-112.083 27.7159 -0.163349 0.277306 2.49576 80 2 25 10 46506 0 
-112.073 27.7159 -0.163355 0.277306 2.49576 80 2 25 10 46507 0 
-112.064 27.7158 -0.163361 0.277306 2.49576 80 2 25 10 46508 0 
-112.055 27.7158 -0.163368 0.277306 2.49576 80 2 25 10 46509 0 
-112.046 27.7158 -0.163374 0.277306 2.49576 80 2 25 10 46510 0 
-112.036 27.7158 -0.16338 0.277306 2.49576 80 2 25 10 46511 0 
-112.027 27.7157 -0.163387 0.277306 2.49576 80 2 25 10 46512 0 
-112.018 27.7157 -0.163393 0.277306 2.49576 80 2 25 10 46513 0 
-112.009 27.7157 -0.163399 0.277306 2.49576 80 2 25 10 46514 0 
-111.999 27.7157 -0.163406 0.277306 2.49576 80 2 25 10 46515 0 
-111.99 27.7156 -0.163412 0.277306 2.49576 80 2 25 10 46516 0 
-111.981 27.7156 -0.163418 0.277306 2.49576 80 2 25 10 46517 0 
-111.972 27.7156 -0.163424 0.277306 2.49576 80 2 25 10 46518 0 
-111.962 27.7155 -0.163431 0.277306 2.49576 80 2 25 10 46519 0 
-111.953 27.7155 -0.163437 0.277306 2.49576 80 2 25 10 46520 0 
-111.944 27.7155 -0.163443 0.277306 2.49576 80 2 25 10 46521 0 
-111.935 27.7155 -0.16345 0.277306 2.49576 80 2 25 10 46522 0 
-111.925 27.7154 -0.163456 0.277306 2.49576 80 2 25 10 46523 0 
-111.916 27.7154 -0.163462 0.277306 2.49576 80 2 25 10 46524 0 
-111.907 27.7154 -0.163469 0.277306 2.49576 80 2 25 10 46525 0 
-111.898 27.7154 -0.163475 0.277306 2.49576 80 2 25 10 46526 0 
-111.888 27.7153 -0.163481 0.277306 2.49576 80 2 25 10 46527 0 
-111.879 27.7153 -0.163488 0.277306 2.49576 80 2 25 10 46528 0 
-111.87 27.7153 -0.163494 0.277306 2.49576 80 2 25 10 46529 0 
-111.861 27.7153 -0.1635 0.277306 2.49576 80 2 25 10 46530 0 
-111.851 27.7152 -0.163507 0.277306 2.49576 80 2 25 10 46531 0 
-111.842 27.7152 -0.163513 0.277306 2.49576 80 2 25 10 46532 0 
-111.833 27.7152 -0.163519 0.277306 2.49576 80 2 25 10 46533 0 
-111.824 27.7151 -0.163526 0.277306 2.49576 80 2 25 10 46534 0 
-111.814 27.7151 -0.163532 0.277306 2.49576 80 2 25 10 46535 0 
-111.805 27.7151 -0.163538 0.277306 2.49576 80 2 25 10 46536 0 
-111.796 27.7151 -0.163545 0.277306 2.49576 80 2 25 10 46537 0 
-111.787 27.715 -0.163551 0.277306 2.49576 80 2 25 10 46538 0 
-111.777 27.715 -0.163557 0.277306 2.49576 80 2 25 10 46539 0 
-111.768 27.715 -0.163564 0.277306 2.49576 80 2 25 10 46540 0 
-111.759 27.715 -0.16357 0.277306 2.49576 80 2 25 10 46541 0 
-111.75 27.7149 -0.163576 0.277306 2.49576 80 2 25 10 46542 0 
-111.741 27.7149 -0.163583 0.277306 2.49576 80 2 25 10 46543 0 
-111.731 27.7149 -0.163589 0.277306 2.49576 80 2 25 10 46544 0 
-111.722 27.7149 -0.163596 0.277306 2.49576 80 2 25 10 46545 0 
-111.713 27.7148 -0.163602 0.277306 2.49576 80 2 25 10 46546 0 
-111.704 27.7148 -0.163608 0.277306 2.49576 80 2 25 10 46547 0 
-111.694 27.7148 -0.163615 0.277306 2.49576 80 2 25 10 46548 0 
-111.685 27.7147 -0.163621 0.277306 2.49576 80 2 25 10 46549 0 
-111.676 27.7147 -0.163627 0.277306 2.49576 80 2 25 10 46550 0 
-111.667 27.7147 -0.163634 0.277306 2.49576 80 2 25 10 46551 0 
-111.657 27.7147 -0.16364 0.277306 2.49576 80 2 25 10 46552 0 
-111.648 27.7146 -0.163646 0.277306 2.49576 80 2 25 10 46553 0 
-111.639 27.7146 -0.163653 0.277306 2.49576 80 2 25 10 46554 0 
-111.63 27.7146 -0.163659 0.277306 2.49576 80 2 25 10 46555 0 
-111.62 27.7146 -0.163665 0.277306 2.49576 80 2 25 10 46556 0 
-111.611 27.7145 -0.163672 0.277306 2.49576 80 2 25 10 46557 0 
-111.602 27.7145 -0.163678 0.277306 2.49576 80 2 25 10 46558 0 
-111.593 27.7145 -0.163684 0.277306 2.49576 80 2 25 10 46559 0 
-111.583 27.7145 -0.163691 0.277306 2.49576 80 2 25 10 46560 0 
-111.574 27.7144 -0.163697 0.277306 2.49576 80 2 25 10 46561 0 
-111.565 27.7144 -0.163703 0.277306 2.49576 80 2 25 10 46562 0 
-111.556 27.7144 -0.16371 0.277306 2.49576 80 2 25 10 46563 0 
-111.546 27.7143 -0.163716 0.277306 2.49576 80 2 25 10 46564 0 
-111.537 27.7143 -0.163722 0.277306 2.49576 80 2 25 10 46565 0 
-111.528 27.7143 -0.163729 0.277306 2.49576 80 2 25 10 46566 0 
-111.519 27.7143 -0.163735 0.277306 2.49576 80 2 25 10 46567 0 
-111.509 27.7142 -0.163742 0.277306 2.49576 80 2 25 10 46568 0 
-111.5 27.7142 -0.163748 0.277306 2.49576 80 2 25 10 46569 0 
-111.491 27.7142 -0.163754 0.277306 2.49576 80 2 25 10 46570 0 
-111.482 27.7142 -0.163761 0.277306 2.49576 80 2 25 10 46571 0 
-111.472 27.7141 -0.163767 0.277306 2.49576 80 2 25 10 46572 0 
-111.463 27.7141 -0.163773 0.277306 2.49576 80 2 25 10 46573 0 
-111.454 27.7141 -0.16378 0.277306 2.49576 80 2 25 10 46574 0 
-111.445 27.7141 -0.163786 0.277306 2.49576 80 2 25 10 46575 0 
-111.435 27.714 -0.163792 0.277306 2.49576 80 2 25 10 46576 0 
-111.426 27.714 -0.163799 0.277306 2.49576 80 2 25 10 46577 0 
-111.417 27.714 -0.163805 0.277306 2.49576 80 2 25 10 46578 0 
-111.408 27.7139 -0.163812 0.277306 2.49576 80 2 25 10 46579 0 
-111.398 27.7139 -0.163818 0.277306 2.49576 80 2 25 10 46580 0 
-111.389 27.7139 -0.163824 0.277306 2.49576 80 2 25 10 46581 0 
-111.38 27.7139 -0.163831 0.277306 2.49576 80 2 25 10 46582 0 
-111.371 27.7138 -0.163837 0.277306 2.49576 80 2 25 10 46583 0 
-111.361 27.7138 -0.163843 0.277306 2.49576 80 2 25 10 46584 0 
-111.352 27.7138 -0.16385 0.277306 2.49576 80 2 25 10 46585 0 
-111.343 27.7138 -0.163856 0.277306 2.49576 80 2 25 10 46586 0 
-111.334 27.7137 -0.163862 0.277306 2.49576 80 2 25 10 46587 0 
-111.324 27.7137 -0.163869 0.277306 2.49576 80 2 25 10 46588 0 
-111.315 27.7137 -0.163875 0.277306 2.49576 80 2 25 10 46589 0 
-111.306 27.7137 -0.163882 0.277306 2.49576 80 2 25 10 46590 0 
-111.297 27.7136 -0.163888 0.277306 2.49576 80 2 25 10 46591 0 
-111.287 27.7136 -0.163894 0.277306 2.49576 80 2 25 10 46592 0 
-111.278 27.7136 -0.163901 0.277306 2.49576 80 2 25 10 46593 0 
-111.269 27.7135 -0.163907 0.277306 2.49576 80 2 25 10 46594 0 
-111.26 27.7135 -0.163913 0.277306 2.49576 80 2 25 10 46595 0 
-111.25 27.7135 -0.16392 0.277306 2.49576 80 2 25 10 46596 0 
-111.241 27.7135 -0.163926 0.277306 2.49576 80 2 25 10 46597 0 
-111.232 27.7134 -0.163933 0.277306 2.49576 80 2 25 10 46598 0 
-111.223 27.7134 -0.163939 0.277306 2.49576 80 2 25 10 46599 0 
-111.213 27.7134 -0.163945 0.277306 2.49576 80 2 25 10 46600 0 
-111.204 27.7134 -0.163952 0.277306 2.49576 80 2 25 10 46601 0 
-111.195 27.7133 -0.163958 0.277306 2.49576 80 2 25 10 46602 0 
-111.186 27.7133 -0.163964 0.277306 2.49576 80 2 25 10 46603 0 
-111.176 27.7133 -0.163971 0.277306 2.49576 80 2 25 10 46604 0 
-111.167 27.7133 -0.163977 0.277306 2.49576 80 2 25 10 46605 0 
-111.158 27.7132 -0.163984 0.277306 2.49576 80 2 25 10 46606 0 
-111.149 27.7132 -0.16399 0.277306 2.49576 80 2 25 10 46607 0 
-111.139 27.7132 -0.163996 0.277306 2.49576 80 2 25 10 46608 0 
-111.13 27.7131 -0.164003 0.277306 2.49576 80 2 25 10 46609 0 
-111.121 27.7131 -0.164009 0.277306 2.49576 80 2 25 10 46610 0 
-111.112 27.7131 -0.164015 0.277306 2.49576 80 2 25 10 46611 0 
-111.102 27.7131 -0.164022 0.277306 2.49576 80 2 25 10 46612 0 
-111.093 27.713 -0.164028 0.277306 2.49576 80 2 25 10 46613 0 
-111.084 27.713 -0.164035 0.277306 2.49576 80 2 25 10 46614 0 
-111.075 27.713 -0.164041 0.277306 2.49576 80 2 25 10 46615 0 
-111.065 27.713 -0.164047 0.277306 2.49576 80 2 25 10 46616 0 
-111.056 27.7129 -0.164054 0.277306 2.49576 80 2 25 10 46617 0 
-111.047 27.7129 -0.16406 0.277306 2.49576 80 2 25 10 46618 0 
-111.038 27.7129 -0.164067 0.277306 2.49576 80 2 25 10 46619 0 
-111.029 27.7129 -0.164073 0.277306 2.49576 80 2 25 10 46620 0 
-111.019 27.7128 -0.164079 0.277306 2.49576 80 2 25 10 46621 0 
-111.01 27.7128 -0.164086 0.277306 2.49576 80 2 25 10 46622 0 
-111.001 27.7128 -0.164092 0.277306 2.49576 80 2 25 10 46623 0 
-110.992 27.7127 -0.164098 0.277306 2.49576 80 2 25 10 46624 0 
-110.982 27.7127 -0.164105 0.277306 2.49576 80 2 25 10 46625 0 
-110.973 27.7127 -0.164111 0.277306 2.49576 80 2 25 10 46626 0 
-110.964 27.7127 -0.164118 0.277306 2.49576 80 2 25 10 46627 0 
-110.955 27.7126 -0.164124 0.277306 2.49576 80 2 25 10 46628 0 
-110.945 27.7126 -0.16413 0.277306 2.49576 80 2 25 10 46629 0 
-110.936 27.7126 -0.164137 0.277306 2.49576 80 2 25 10 46630 0 
-110.927 27.7126 -0.164143 0.277306 2.49576 80 2 25 10 46631 0 
-110.918 27.7125 -0.16415 0.277306 2.49576 80 2 25 10 46632 0 
-110.908 27.7125 -0.164156 0.277306 2.49576 80 2 25 10 46633 0 
-110.899 27.7125 -0.164162 0.277306 2.49576 80 2 25 10 46634 0 
-110.89 27.7125 -0.164169 0.277306 2.49576 80 2 25 10 46635 0 
-110.881 27.7124 -0.164175 0.277306 2.49576 80 2 25 10 46636 0 
-110.871 27.7124 -0.164182 0.277306 2.49576 80 2 25 10 46637 0 
-110.862 27.7124 -0.164188 0.277306 2.49576 80 2 25 10 46638 0 
-110.853 27.7123 -0.164194 0.277306 2.49576 80 2 25 10 46639 0 
-110.844 27.7123 -0.164201 0.277306 2.49576 80 2 25 10 46640 0 
-110.834 27.7123 -0.164207 0.277306 2.49576 80 2 25 10 46641 0 
-110.825 27.7123 -0.164214 0.277306 2.49576 80 2 25 10 46642 0 
-110.816 27.7122 -0.16422 0.277306 2.49576 80 2 25 10 46643 0 
-110.807 27.7122 -0.164226 0.277306 2.49576 80 2 25 10 46644 0 
-110.797 27.7122 -0.164233 0.277306 2.49576 80 2 25 10 46645 0 
-110.788 27.7122 -0.164239 0.277306 2.49576 80 2 25 10 46646 0 
-110.779 27.7121 -0.164246 0.277306 2.49576 80 2 25 10 46647 0 
-110.77 27.7121 -0.164252 0.277306 2.49576 80 2 25 10 46648 0 
-110.76 27.7121 -0.164258 0.277306 2.49576 80 2 25 10 46649 0 
-110.751 27.7121 -0.164265 0.277306 2.49576 80 2 25 10 46650 0 
-110.742 27.712 -0.164271 0.277306 2.49576 80 2 25 10 46651 0 
-110.733 27.712 -0.164278 0.277306 2.49576 80 2 25 10 46652 0 
-110.723 27.712 -0.164284 0.277306 2.49576 80 2 25 10 46653 0 
-110.714 27.7119 -0.164291 0.277306 2.49576 80 2 25 10 46654 0 
-110.705 27.7119 -0.164297 0.277306 2.49576 80 2 25 10 46655 0 
-110.696 27.7119 -0.164303 0.277306 2.49576 80 2 25 10 46656 0 
-110.686 27.7119 -0.16431 0.277306 2.49576 80 2 25 10 46657 0 
-110.677 27.7118 -0.164316 0.277306 2.49576 80 2 25 10 46658 0 
-110.668 27.7118 -0.164323 0.277306 2.49576 80 2 25 10 46659 0 
-110.659 27.7118 -0.164329 0.277306 2.49576 80 2 25 10 46660 0 
-110.649 27.7118 -0.164335 0.277306 2.49576 80 2 25 10 46661 0 
-110.64 27.7117 -0.164342 0.277306 2.49576 80 2 25 10 46662 0 
-110.631 27.7117 -0.164348 0.277306 2.49576 80 2 25 10 46663 0 
-110.622 27.7117 -0.164355 0.277306 2.49576 80 2 25 10 46664 0 
-110.612 27.7117 -0.164361 0.277306 2.49576 80 2 25 10 46665 0 
-110.603 27.7116 -0.164367 0.277306 2.49576 80 2 25 10 46666 0 
-110.594 27.7116 -0.164374 0.277306 2.49576 80 2 25 10 46667 0 
-110.585 27.7116 -0.16438 0.277306 2.49576 80 2 25 10 46668 0 
-110.575 27.7115 -0.164387 0.277306 2.49576 80 2 25 10 46669 0 
-110.566 27.7115 -0.164393 0.277306 2.49576 80 2 25 10 46670 0 
-110.557 27.7115 -0.1644 0.277306 2.49576 80 2 25 10 46671 0 
-110.548 27.7115 -0.164406 0.277306 2.49576 80 2 25 10 46672 0 
-110.538 27.7114 -0.164412 0.277306 2.49576 80 2 25 10 46673 0 
-110.529 27.7114 -0.164419 0.277306 2.49576 80 2 25 10 46674 0 
-110.52 27.7114 -0.164425 0.277306 2.49576 80 2 25 10 46675 0 
-110.511 27.7114 -0.164432 0.277306 2.49576 80 2 25 10 46676 0 
-110.501 27.7113 -0.164438 0.277306 2.49576 80 2 25 10 46677 0 
-110.492 27.7113 -0.164445 0.277306 2.49576 80 2 25 10 46678 0 
-110.483 27.7113 -0.164451 0.277306 2.49576 80 2 25 10 46679 0 
-110.474 27.7113 -0.164457 0.277306 2.49576 80 2 25 10 46680 0 
-110.464 27.7112 -0.164464 0.277306 2.49576 80 2 25 10 46681 0 
-110.455 27.7112 -0.16447 0.277306 2.49576 80 2 25 10 46682 0 
-110.446 27.7112 -0.164477 0.277306 2.49576 80 2 25 10 46683 0 
-110.437 27.7111 -0.164483 0.277306 2.49576 80 2 25 10 46684 0 
-110.427 27.7111 -0.164489 0.277306 2.49576 80 2 25 10 46685 0 
-110.418 27.7111 -0.164496 0.277306 2.49576 80 2 25 10 46686 0 
-110.409 27.7111 -0.164502 0.277306 2.49576 80 2 25 10 46687 0 
-110.4 27.711 -0.164509 0.277306 2.49576 80 2 25 10 46688 0 
-110.39 27.711 -0.164515 0.277306 2.49576 80 2 25 10 46689 0 
-110.381 27.711 -0.164522 0.277306 2.49576 80 2 25 10 46690 0 
-110.372 27.711 -0.164528 0.277306 2.49576 80 2 25 10 46691 0 
-110.363 27.7109 -0.164535 0.277306 2.49576 80 2 25 10 46692 0 
-110.353 27.7109 -0.164541 0.277306 2.49576 80 2 25 10 46693 0 
-110.344 27.7109 -0.164547 0.277306 2.49576 80 2 25 10 46694 0 
-110.335 27.7108 -0.164554 0.277306 2.49576 80 2 25 10 46695 0 
-110.326 27.7108 -0.16456 0.277306 2.49576 80 2 25 10 46696 0 
-110.316 27.7108 -0.164567 0.277306 2.49576 80 2 25 10 46697 0 
-110.307 27.7108 -0.164573 0.277306 2.49576 80 2 25 10 46698 0 
-110.298 27.7107 -0.16458 0.277306 2.49576 80 2 25 10 46699 0 
-110.289 27.7107 -0.164586 0.277306 2.49576 80 2 25 10 46700 0 
-110.28 27.7107 -0.164592 0.277306 2.49576 80 2 25 10 46701 0 
-110.27 27.7107 -0.164599 0.277306 2.49576 80 2 25 10 46702 0 
-110.261 27.7106 -0.164605 0.277306 2.49576 80 2 25 10 46703 0 
-110.252 27.7106 -0.164612 0.277306 2.49576 80 2 25 10 46704 0 
-110.243 27.7106 -0.164618 0.277306 2.49576 80 2 25 10 46705 0 
-110.233 27.7106 -0.164625 0.277306 2.49576 80 2 25 10 46706 0 
-110.224 27.7105 -0.164631 0.277306 2.49576 80 2 25 10 46707 0 
-110.215 27.7105 -0.164638 0.277306 2.49576 80 2 25 10 46708 0 
-110.206 27.7105 -0.164644 0.277306 2.49576 80 2 25 10 46709 0 
-110.196 27.7104 -0.16465 0.277306 2.49576 80 2 25 10 46710 0 
-110.187 27.7104 -0.164657 0.277306 2.49576 80 2 25 10 46711 0 
-110.178 27.7104 -0.164663 0.277306 2.49576 80 2 25 10 46712 0 
-110.169 27.7104 -0.16467 0.277306 2.49576 80 2 25 10 46713 0 
-110.159 27.7103 -0.164676 0.277306 2.49576 80 2 25 10 46714 0 
-110.15 27.7103 -0.164683 0.277306 2.49576 80 2 25 10 46715 0 
-110.141 27.7103 -0.164689 0.277306 2.49576 80 2 25 10 46716 0 
-110.132 27.7103 -0.164696 0.277306 2.49576 80 2 25 10 46717 0 
-110.122 27.7102 -0.164702 0.277306 2.49576 80 2 25 10 46718 0 
-110.113 27.7102 -0.164708 0.277306 2.49576 80 2 25 10 46719 0 
-110.104 27.7102 -0.164715 0.277306 2.49576 80 2 25 10 46720 0 
-110.095 27.7102 -0.164721 0.277306 2.49576 80 2 25 10 46721 0 
-110.085 27.7101 -0.164728 0.277306 2.49576 80 2 25 10 46722 0 
-110.076 27.7101 -0.164734 0.277306 2.49576 80 2 25 10 46723 0 
-110.067 27.7101 -0.164741 0.277306 2.49576 80 2 25 10 46724 0 
-110.058 27.71 -0.164747 0.277306 2.49576 80 2 25 10 46725 0 
-110.048 27.71 -0.164754 0.277306 2.49576 80 2 25 10 46726 0 
-110.039 27.71 -0.16476 0.277306 2.49576 80 2 25 10 46727 0 
-110.03 27.71 -0.164767 0.277306 2.49576 80 2 25 10 46728 0 
-110.021 27.7099 -0.164773 0.277306 2.49576 80 2 25 10 46729 0 
-110.011 27.7099 -0.164779 0.277306 2.49576 80 2 25 10 46730 0 
-110.002 27.7099 -0.164786 0.277306 2.49576 80 2 25 10 46731 0 
-109.993 27.7099 -0.164792 0.277306 2.49576 80 2 25 10 46732 0 
-109.984 27.7098 -0.164799 0.277306 2.49576 80 2 25 10 46733 0 
-109.974 27.7098 -0.164805 0.277306 2.49576 80 2 25 10 46734 0 
-109.965 27.7098 -0.164812 0.277306 2.49576 80 2 25 10 46735 0 
-109.956 27.7098 -0.164818 0.277306 2.49576 80 2 25 10 46736 0 
-109.947 27.7097 -0.164825 0.277306 2.49576 80 2 25 10 46737 0 
-109.937 27.7097 -0.164831 0.277306 2.49576 80 2 25 10 46738 0 
-109.928 27.7097 -0.164838 0.277306 2.49576 80 2 25 10 46739 0 
-109.919 27.7096 -0.164844 0.277306 2.49576 80 2 25 10 46740 0 
-109.91 27.7096 -0.164851 0.277306 2.49576 80 2 25 10 46741 0 
-109.9 27.7096 -0.164857 0.277306 2.49576 80 2 25 10 46742 0 
-109.891 27.7096 -0.164863 0.277306 2.49576 80 2 25 10 46743 0 
-109.882 27.7095 -0.16487 0.277306 2.49576 80 2 25 10 46744 0 
-109.873 27.7095 -0.164876 0.277306 2.49576 80 2 25 10 46745 0 
-109.863 27.7095 -0.164883 0.277306 2.49576 80 2 25 10 46746 0 
-109.854 27.7095 -0.164889 0.277306 2.49576 80 2 25 10 46747 0 
-109.845 27.7094 -0.164896 0.277306 2.49576 80 2 25 10 46748 0 
-109.836 27.7094 -0.164902 0.277306 2.49576 80 2 25 10 46749 0 
-109.826 27.7094 -0.164909 0.277306 2.49576 80 2 25 10 46750 0 
-109.817 27.7094 -0.164915 0.277306 2.49576 80 2 25 10 46751 0 
-109.808 27.7093 -0.164922 0.277306 2.49576 80 2 25 10 46752 0 
-109.799 27.7093 -0.164928 0.277306 2.49576 80 2 25 10 46753 0 
-109.789 27.7093 -0.164935 0.277306 2.49576 80 2 25 10 46754 0 
-109.78 27.7092 -0.164941 0.277306 2.49576 80 2 25 10 46755 0 
-109.771 27.7092 -0.164948 0.277306 2.49576 80 2 25 10 46756 0 
-109.762 27.7092 -0.164954 0.277306 2.49576 80 2 25 10 46757 0 
-109.752 27.7092 -0.164961 0.277306 2.49576 80 2 25 10 46758 0 
-109.743 27.7091 -0.164967 0.277306 2.49576 80 2 25 10 46759 0 
-109.734 27.7091 -0.164973 0.277306 2.49576 80 2 25 10 46760 0 
-109.725 27.7091 -0.16498 0.277306 2.49576 80 2 25 10 46761 0 
-109.715 27.7091 -0.164986 0.277306 2.49576 80 2 25 10 46762 0 
-109.706 27.709 -0.164993 0.277306 2.49576 80 2 25 10 46763 0 
-109.697 27.709 -0.164999 0.277306 2.49576 80 2 25 10 46764 0 
-109.688 27.709 -0.165006 0.277306 2.49576 80 2 25 10 46765 0 
-109.678 27.709 -0.165012 0.277306 2.49576 80 2 25 10 46766 0 
-109.669 27.7089 -0.165019 0.277306 2.49576 80 2 25 10 46767 0 
-109.66 27.7089 -0.165025 0.277306 2.49576 80 2 25 10 46768 0 
-109.651 27.7089 -0.165032 0.277306 2.49576 80 2 25 10 46769 0 
-109.641 27.7088 -0.165038 0.277306 2.49576 80 2 25 10 46770 0 
-109.632 27.7088 -0.165045 0.277306 2.49576 80 2 25 10 46771 0 
-109.623 27.7088 -0.165051 0.277306 2.49576 80 2 25 10 46772 0 
-109.614 27.7088 -0.165058 0.277306 2.49576 80 2 25 10 46773 0 
-109.604 27.7087 -0.165064 0.277306 2.49576 80 2 25 10 46774 0 
-109.595 27.7087 -0.165071 0.277306 2.49576 80 2 25 10 46775 0 
-109.586 27.7087 -0.165077 0.277306 2.49576 80 2 25 10 46776 0 
-109.577 27.7087 -0.165084 0.277306 2.49576 80 2 25 10 46777 0 
-109.568 27.7086 -0.16509 0.277306 2.49576 80 2 25 10 46778 0 
-109.558 27.7086 -0.165097 0.277306 2.49576 80 2 25 10 46779 0 
-109.549 27.7086 -0.165103 0.277306 2.49576 80 2 25 10 46780 0 
-109.54 27.7086 -0.16511 0.277306 2.49576 80 2 25 10 46781 0 
-109.531 27.7085 -0.165116 0.277306 2.49576 80 2 25 10 46782 0 
-109.521 27.7085 -0.165123 0.277306 2.49576 80 2 25 10 46783 0 
-109.512 27.7085 -0.165129 0.277306 2.49576 80 2 25 10 46784 0 
-109.503 27.7084 -0.165136 0.277306 2.49576 80 2 25 10 46785 0 
-109.494 27.7084 -0.165142 0.277306 2.49576 80 2 25 10 46786 0 
-109.484 27.7084 -0.165149 0.277306 2.49576 80 2 25 10 46787 0 
-109.475 27.7084 -0.165155 0.277306 2.49576 80 2 25 10 46788 0 
-109.466 27.7083 -0.165162 0.277306 2.49576 80 2 25 10 46789 0 
-109.457 27.7083 -0.165168 0.277306 2.49576 80 2 25 10 46790 0 
-109.447 27.7083 -0.165175 0.277306 2.49576 80 2 25 10 46791 0 
-109.438 27.7083 -0.165181 0.277306 2.49576 80 2 25 10 46792 0 
-109.429 27.7082 -0.165188 0.277306 2.49576 80 2 25 10 46793 0 
-109.42 27.7082 -0.165194 0.277306 2.49576 80 2 25 10 46794 0 
-109.41 27.7082 -0.165201 0.277306 2.49576 80 2 25 10 46795 0 
-109.401 27.7082 -0.165207 0.277306 2.49576 80 2 25 10 46796 0 
-109.392 27.7081 -0.165214 0.277306 2.49576 80 2 25 10 46797 0 
-109.383 27.7081 -0.16522 0.277306 2.49576 80 2 25 10 46798 0 
-109.373 27.7081 -0.165227 0.277306 2.49576 80 2 25 10 46799 0 
-109.364 27.708 -0.165233 0.277306 2.49576 80 2 25 10 46800 0 
-109.355 27.708 -0.16524 0.277306 2.49576 80 2 25 10 46801 0 
-109.346 27.708 -0.165246 0.277306 2.49576 80 2 25 10 46802 0 
-109.336 27.708 -0.165253 0.277306 2.49576 80 2 25 10 46803 0 
-109.327 27.7079 -0.165259 0.277306 2.49576 80 2 25 10 46804 0 
-109.318 27.7079 -0.165266 0.277306 2.49576 80 2 25 10 46805 0 
-109.309 27.7079 -0.165272 0.277306 2.49576 80 2 25 10 46806 0 
-109.299 27.7079 -0.165279 0.277306 2.49576 80 2 25 10 46807 0 
-109.29 27.7078 -0.165285 0.277306 2.49576 80 2 25 10 46808 0 
-109.281 27.7078 -0.165292 0.277306 2.49576 80 2 25 10 46809 0 
-109.272 27.7078 -0.165298 0.277306 2.49576 80 2 25 10 46810 0 
-109.262 27.7078 -0.165305 0.277306 2.49576 80 2 25 10 46811 0 
-109.253 27.7077 -0.165311 0.277306 2.49576 80 2 25 10 46812 0 
-109.244 27.7077 -0.165318 0.277306 2.49576 80 2 25 10 46813 0 
-109.235 27.7077 -0.165324 0.277306 2.49576 80 2 25 10 46814 0 
-109.225 27.7076 -0.165331 0.277306 2.49576 80 2 25 10 46815 0 
-109.216 27.7076 -0.165337 0.277306 2.49576 80 2 25 10 46816 0 
-109.207 27.7076 -0.165344 0.277306 2.49576 80 2 25 10 46817 0 
-109.198 27.7076 -0.16535 0.277306 2.49576 80 2 25 10 46818 0 
-109.188 27.7075 -0.165357 0.277306 2.49576 80 2 25 10 46819 0 
-109.179 27.7075 -0.165363 0.277306 2.49576 80 2 25 10 46820 0 
-109.17 27.7075 -0.16537 0.277306 2.49576 80 2 25 10 46821 0 
-109.161 27.7075 -0.165376 0.277306 2.49576 80 2 25 10 46822 0 
-109.151 27.7074 -0.165383 0.277306 2.49576 80 2 25 10 46823 0 
-109.142 27.7074 -0.165389 0.277306 2.49576 80 2 25 10 46824 0 
-109.133 27.7074 -0.165396 0.277306 2.49576 80 2 25 10 46825 0 
-109.124 27.7074 -0.165402 0.277306 2.49576 80 2 25 10 46826 0 
-109.114 27.7073 -0.165409 0.277306 2.49576 80 2 25 10 46827 0 
-109.105 27.7073 -0.165415 0.277306 2.49576 80 2 25 10 46828 0 
-109.096 27.7073 -0.165422 0.277306 2.49576 80 2 25 10 46829 0 
-109.087 27.7072 -0.165428 0.277306 2.49576 80 2 25 10 46830 0 
-109.077 27.7072 -0.165435 0.277306 2.49576 80 2 25 10 46831 0 
-109.068 27.7072 -0.165441 0.277306 2.49576 80 2 25 10 46832 0 
-109.059 27.7072 -0.165448 0.277306 2.49576 80 2 25 10 46833 0 
-109.05 27.7071 -0.165455 0.277306 2.49576 80 2 25 10 46834 0 
-109.04 27.7071 -0.165461 0.277306 2.49576 80 2 25 10 46835 0 
-109.031 27.7071 -0.165468 0.277306 2.49576 80 2 25 10 46836 0 
-109.022 27.7071 -0.165474 0.277306 2.49576 80 2 25 10 46837 0 
-109.013 27.707 -0.165481 0.277306 2.49576 80 2 25 10 46838 0 
-109.003 27.707 -0.165487 0.277306 2.49576 80 2 25 10 46839 0 
-108.994 27.707 -0.165494 0.277306 2.49576 80 2 25 10 46840 0 
-108.985 27.707 -0.1655 0.277306 2.49576 80 2 25 10 46841 0 
-108.976 27.7069 -0.165507 0.277306 2.49576 80 2 25 10 46842 0 
-108.966 27.7069 -0.165513 0.277306 2.49576 80 2 25 10 46843 0 
-108.957 27.7069 -0.16552 0.277306 2.49576 80 2 25 10 46844 0 
-108.948 27.7068 -0.165526 0.277306 2.49576 80 2 25 10 46845 0 
-108.939 27.7068 -0.165533 0.277306 2.49576 80 2 25 10 46846 0 
-108.929 27.7068 -0.165539 0.277306 2.49576 80 2 25 10 46847 0 
-108.92 27.7068 -0.165546 0.277306 2.49576 80 2 25 10 46848 0 
-108.911 27.7067 -0.165552 0.277306 2.49576 80 2 25 10 46849 0 
-108.902 27.7067 -0.165559 0.277306 2.49576 80 2 25 10 46850 0 
-108.892 27.7067 -0.165565 0.277306 2.49576 80 2 25 10 46851 0 
-108.883 27.7067 -0.165572 0.277306 2.49576 80 2 25 10 46852 0 
-108.874 27.7066 -0.165579 0.277306 2.49576 80 2 25 10 46853 0 
-108.865 27.7066 -0.165585 0.277306 2.49576 80 2 25 10 46854 0 
-108.855 27.7066 -0.165592 0.277306 2.49576 80 2 25 10 46855 0 
-108.846 27.7066 -0.165598 0.277306 2.49576 80 2 25 10 46856 0 
-108.837 27.7065 -0.165605 0.277306 2.49576 80 2 25 10 46857 0 
-108.828 27.7065 -0.165611 0.277306 2.49576 80 2 25 10 46858 0 
-108.819 27.7065 -0.165618 0.277306 2.49576 80 2 25 10 46859 0 
-108.809 27.7064 -0.165624 0.277306 2.49576 80 2 25 10 46860 0 
-108.8 27.7064 -0.165631 0.277306 2.49576 80 2 25 10 46861 0 
-108.791 27.7064 -0.165637 0.277306 2.49576 80 2 25 10 46862 0 
-108.782 27.7064 -0.165644 0.277306 2.49576 80 2 25 10 46863 0 
-108.772 27.7063 -0.165651 0.277306 2.49576 80 2 25 10 46864 0 
-108.763 27.7063 -0.165657 0.277306 2.49576 80 2 25 10 46865 0 
-108.754 27.7063 -0.165664 0.277306 2.49576 80 2 25 10 46866 0 
-108.745 27.7063 -0.16567 0.277306 2.49576 80 2 25 10 46867 0 
-108.735 27.7062 -0.165677 0.277306 2.49576 80 2 25 10 46868 0 
-108.726 27.7062 -0.165683 0.277306 2.49576 80 2 25 10 46869 0 
-108.717 27.7062 -0.16569 0.277306 2.49576 80 2 25 10 46870 0 
-108.708 27.7062 -0.165696 0.277306 2.49576 80 2 25 10 46871 0 
-108.698 27.7061 -0.165703 0.277306 2.49576 80 2 25 10 46872 0 
-108.689 27.7061 -0.165709 0.277306 2.49576 80 2 25 10 46873 0 
-108.68 27.7061 -0.165716 0.277306 2.49576 80 2 25 10 46874 0 
-108.671 27.706 -0.165723 0.277306 2.49576 80 2 25 10 46875 0 
-108.661 27.706 -0.165729 0.277306 2.49576 80 2 25 10 46876 0 
-108.652 27.706 -0.165736 0.277306 2.49576 80 2 25 10 46877 0 
-108.643 27.706 -0.165742 0.277306 2.49576 80 2 25 10 46878 0 
-108.634 27.7059 -0.165749 0.277306 2.49576 80 2 25 10 46879 0 
-108.624 27.7059 -0.165755 0.277306 2.49576 80 2 25 10 46880 0 
-108.615 27.7059 -0.165762 0.277306 2.49576 80 2 25 10 46881 0 
-108.606 27.7059 -0.165768 0.277306 2.49576 80 2 25 10 46882 0 
-108.597 27.7058 -0.165775 0.277306 2.49576 80 2 25 10 46883 0 
-108.587 27.7058 -0.165782 0.277306 2.49576 80 2 25 10 46884 0 
-108.578 27.7058 -0.165788 0.277306 2.49576 80 2 25 10 46885 0 
-108.569 27.7057 -0.165795 0.277306 2.49576 80 2 25 10 46886 0 
-108.56 27.7057 -0.165801 0.277306 2.49576 80 2 25 10 46887 0 
-108.55 27.7057 -0.165808 0.277306 2.49576 80 2 25 10 46888 0 
-108.541 27.7057 -0.165814 0.277306 2.49576 80 2 25 10 46889 0 
-108.532 27.7056 -0.165821 0.277306 2.49576 80 2 25 10 46890 0 
-108.523 27.7056 -0.165827 0.277306 2.49576 80 2 25 10 46891 0 
-108.513 27.7056 -0.165834 0.277306 2.49576 80 2 25 10 46892 0 
-108.504 27.7056 -0.165841 0.277306 2.49576 80 2 25 10 46893 0 
-108.495 27.7055 -0.165847 0.277306 2.49576 80 2 25 10 46894 0 
-108.486 27.7055 -0.165854 0.277306 2.49576 80 2 25 10 46895 0 
-108.476 27.7055 -0.16586 0.277306 2.49576 80 2 25 10 46896 0 
-108.467 27.7055 -0.165867 0.277306 2.49576 80 2 25 10 46897 0 
-108.458 27.7054 -0.165873 0.277306 2.49576 80 2 25 10 46898 0 
-108.449 27.7054 -0.16588 0.277306 2.49576 80 2 25 10 46899 0 
-108.439 27.7054 -0.165886 0.277306 2.49576 80 2 25 10 46900 0 
-108.43 27.7053 -0.165893 0.277306 2.49576 80 2 25 10 46901 0 
-108.421 27.7053 -0.1659 0.277306 2.49576 80 2 25 10 46902 0 
-108.412 27.7053 -0.165906 0.277306 2.49576 80 2 25 10 46903 0 
-108.402 27.7053 -0.165913 0.277306 2.49576 80 2 25 10 46904 0 
-108.393 27.7052 -0.165919 0.277306 2.49576 80 2 25 10 46905 0 
-108.384 27.7052 -0.165926 0.277306 2.49576 80 2 25 10 46906 0 
-108.375 27.7052 -0.165932 0.277306 2.49576 80 2 25 10 46907 0 
-108.365 27.7052 -0.165939 0.277306 2.49576 80 2 25 10 46908 0 
-108.356 27.7051 -0.165946 0.277306 2.49576 80 2 25 10 46909 0 
-108.347 27.7051 -0.165952 0.277306 2.49576 80 2 25 10 46910 0 
-108.338 27.7051 -0.165959 0.277306 2.49576 80 2 25 10 46911 0 
-108.328 27.7051 -0.165965 0.277306 2.49576 80 2 25 10 46912 0 
-108.319 27.705 -0.165972 0.277306 2.49576 80 2 25 10 46913 0 
-108.31 27.705 -0.165978 0.277306 2.49576 80 2 25 10 46914 0 
-108.301 27.705 -0.165985 0.277306 2.49576 80 2 25 10 46915 0 
-108.291 27.7049 -0.165992 0.277306 2.49576 80 2 25 10 46916 0 
-108.282 27.7049 -0.165998 0.277306 2.49576 80 2 25 10 46917 0 
-108.273 27.7049 -0.166005 0.277306 2.49576 80 2 25 10 46918 0 
-108.264 27.7049 -0.166011 0.277306 2.49576 80 2 25 10 46919 0 
-108.254 27.7048 -0.166018 0.277306 2.49576 80 2 25 10 46920 0 
-108.245 27.7048 -0.166025 0.277306 2.49576 80 2 25 10 46921 0 
-108.236 27.7048 -0.166031 0.277306 2.49576 80 2 25 10 46922 0 
-108.227 27.7048 -0.166038 0.277306 2.49576 80 2 25 10 46923 0 
-108.217 27.7047 -0.166044 0.277306 2.49576 80 2 25 10 46924 0 
-108.208 27.7047 -0.166051 0.277306 2.49576 80 2 25 10 46925 0 
-108.199 27.7047 -0.166057 0.277306 2.49576 80 2 25 10 46926 0 
-108.19 27.7047 -0.166064 0.277306 2.49576 80 2 25 10 46927 0 
-108.18 27.7046 -0.166071 0.277306 2.49576 80 2 25 10 46928 0 
-108.171 27.7046 -0.166077 0.277306 2.49576 80 2 25 10 46929 0 
-108.162 27.7046 -0.166084 0.277306 2.49576 80 2 25 10 46930 0 
-108.153 27.7045 -0.16609 0.277306 2.49576 80 2 25 10 46931 0 
-108.143 27.7045 -0.166097 0.277306 2.49576 80 2 25 10 46932 0 
-108.134 27.7045 -0.166104 0.277306 2.49576 80 2 25 10 46933 0 
-108.125 27.7045 -0.16611 0.277306 2.49576 80 2 25 10 46934 0 
-108.116 27.7044 -0.166117 0.277306 2.49576 80 2 25 10 46935 0 
-108.107 27.7044 -0.166123 0.277306 2.49576 80 2 25 10 46936 0 
-108.097 27.7044 -0.16613 0.277306 2.49576 80 2 25 10 46937 0 
-108.088 27.7044 -0.166136 0.277306 2.49576 80 2 25 10 46938 0 
-108.079 27.7043 -0.166143 0.277306 2.49576 80 2 25 10 46939 0 
-108.07 27.7043 -0.16615 0.277306 2.49576 80 2 25 10 46940 0 
-108.06 27.7043 -0.166156 0.277306 2.49576 80 2 25 10 46941 0 
-108.051 27.7043 -0.166163 0.277306 2.49576 80 2 25 10 46942 0 
-108.042 27.7042 -0.166169 0.277306 2.49576 80 2 25 10 46943 0 
-108.033 27.7042 -0.166176 0.277306 2.49576 80 2 25 10 46944 0 
-108.023 27.7042 -0.166183 0.277306 2.49576 80 2 25 10 46945 0 
-108.014 27.7041 -0.166189 0.277306 2.49576 80 2 25 10 46946 0 
-108.005 27.7041 -0.166196 0.277306 2.49576 80 2 25 10 46947 0 
-107.996 27.7041 -0.166202 0.277306 2.49576 80 2 25 10 46948 0 
-107.986 27.7041 -0.166209 0.277306 2.49576 80 2 25 10 46949 0 
-107.977 27.704 -0.166216 0.277306 2.49576 80 2 25 10 46950 0 
-107.968 27.704 -0.166222 0.277306 2.49576 80 2 25 10 46951 0 
-107.959 27.704 -0.166229 0.277306 2.49576 80 2 25 10 46952 0 
-107.949 27.704 -0.166235 0.277306 2.49576 80 2 25 10 46953 0 
-107.94 27.7039 -0.166242 0.277306 2.49576 80 2 25 10 46954 0 
-107.931 27.7039 -0.166249 0.277306 2.49576 80 2 25 10 46955 0 
-107.922 27.7039 -0.166255 0.277306 2.49576 80 2 25 10 46956 0 
-107.912 27.7039 -0.166262 0.277306 2.49576 80 2 25 10 46957 0 
-107.903 27.7038 -0.166268 0.277306 2.49576 80 2 25 10 46958 0 
-107.894 27.7038 -0.166275 0.277306 2.49576 80 2 25 10 46959 0 
-107.885 27.7038 -0.166282 0.277306 2.49576 80 2 25 10 46960 0 
-107.875 27.7037 -0.166288 0.277306 2.49576 80 2 25 10 46961 0 
-107.866 27.7037 -0.166295 0.277306 2.49576 80 2 25 10 46962 0 
-107.857 27.7037 -0.166301 0.277306 2.49576 80 2 25 10 46963 0 
-107.848 27.7037 -0.166308 0.277306 2.49576 80 2 25 10 46964 0 
-107.838 27.7036 -0.166315 0.277306 2.49576 80 2 25 10 46965 0 
-107.829 27.7036 -0.166321 0.277306 2.49576 80 2 25 10 46966 0 
-107.82 27.7036 -0.166328 0.277306 2.49576 80 2 25 10 46967 0 
-107.811 27.7036 -0.166335 0.277306 2.49576 80 2 25 10 46968 0 
-107.801 27.7035 -0.166341 0.277306 2.49576 80 2 25 10 46969 0 
-107.792 27.7035 -0.166348 0.277306 2.49576 80 2 25 10 46970 0 
-107.783 27.7035 -0.166354 0.277306 2.49576 80 2 25 10 46971 0 
-107.774 27.7035 -0.166361 0.277306 2.49576 80 2 25 10 46972 0 
-107.764 27.7034 -0.166368 0.277306 2.49576 80 2 25 10 46973 0 
-107.755 27.7034 -0.166374 0.277306 2.49576 80 2 25 10 46974 0 
-107.746 27.7034 -0.166381 0.277306 2.49576 80 2 25 10 46975 0 
-107.737 27.7033 -0.166387 0.277306 2.49576 80 2 25 10 46976 0 
-107.727 27.7033 -0.166394 0.277306 2.49576 80 2 25 10 46977 0 
-107.718 27.7033 -0.166401 0.277306 2.49576 80 2 25 10 46978 0 
-107.709 27.7033 -0.166407 0.277306 2.49576 80 2 25 10 46979 0 
-107.7 27.7032 -0.166414 0.277306 2.49576 80 2 25 10 46980 0 
-107.69 27.7032 -0.166421 0.277306 2.49576 80 2 25 10 46981 0 
-107.681 27.7032 -0.166427 0.277306 2.49576 80 2 25 10 46982 0 
-107.672 27.7032 -0.166434 0.277306 2.49576 80 2 25 10 46983 0 
-107.663 27.7031 -0.16644 0.277306 2.49576 80 2 25 10 46984 0 
-107.653 27.7031 -0.166447 0.277306 2.49576 80 2 25 10 46985 0 
-107.644 27.7031 -0.166454 0.277306 2.49576 80 2 25 10 46986 0 
-107.635 27.7031 -0.16646 0.277306 2.49576 80 2 25 10 46987 0 
-107.626 27.703 -0.166467 0.277306 2.49576 80 2 25 10 46988 0 
-107.616 27.703 -0.166474 0.277306 2.49576 80 2 25 10 46989 0 
-107.607 27.703 -0.16648 0.277306 2.49576 80 2 25 10 46990 0 
-107.598 27.7029 -0.166487 0.277306 2.49576 80 2 25 10 46991 0 
-107.589 27.7029 -0.166493 0.277306 2.49576 80 2 25 10 46992 0 
-107.579 27.7029 -0.1665 0.277306 2.49576 80 2 25 10 46993 0 
-107.57 27.7029 -0.166507 0.277306 2.49576 80 2 25 10 46994 0 
-107.561 27.7028 -0.166513 0.277306 2.49576 80 2 25 10 46995 0 
-107.552 27.7028 -0.16652 0.277306 2.49576 80 2 25 10 46996 0 
-107.542 27.7028 -0.166527 0.277306 2.49576 80 2 25 10 46997 0 
-107.533 27.7028 -0.166533 0.277306 2.49576 80 2 25 10 46998 0 
-107.524 27.7027 -0.16654 0.277306 2.49576 80 2 25 10 46999 0 
-107.515 27.7027 -0.166546 0.277306 2.49576 80 2 25 10 47000 0 
-107.505 27.7027 -0.166553 0.277306 2.49576 80 2 25 10 47001 0 
-107.496 27.7027 -0.16656 0.277306 2.49576 80 2 25 10 47002 0 
-107.487 27.7026 -0.166566 0.277306 2.49576 80 2 25 10 47003 0 
-107.478 27.7026 -0.166573 0.277306 2.49576 80 2 25 10 47004 0 
-107.468 27.7026 -0.16658 0.277306 2.49576 80 2 25 10 47005 0 
-107.459 27.7025 -0.166586 0.277306 2.49576 80 2 25 10 47006 0 
-107.45 27.7025 -0.166593 0.277306 2.49576 80 2 25 10 47007 0 
-107.441 27.7025 -0.166599 0.277306 2.49576 80 2 25 10 47008 0 
-107.431 27.7025 -0.166606 0.277306 2.49576 80 2 25 10 47009 0 
-107.422 27.7024 -0.166613 0.277306 2.49576 80 2 25 10 47010 0 
-107.413 27.7024 -0.166619 0.277306 2.49576 80 2 25 10 47011 0 
-107.404 27.7024 -0.166626 0.277306 2.49576 80 2 25 10 47012 0 
-107.395 27.7024 -0.166633 0.277306 2.49576 80 2 25 10 47013 0 
-107.385 27.7023 -0.166639 0.277306 2.49576 80 2 25 10 47014 0 
-107.376 27.7023 -0.166646 0.277306 2.49576 80 2 25 10 47015 0 
-107.367 27.7023 -0.166653 0.277306 2.49576 80 2 25 10 47016 0 
-107.358 27.7023 -0.166659 0.277306 2.49576 80 2 25 10 47017 0 
-107.348 27.7022 -0.166666 0.277306 2.49576 80 2 25 10 47018 0 
-107.339 27.7022 -0.166673 0.277306 2.49576 80 2 25 10 47019 0 
-107.33 27.7022 -0.166679 0.277306 2.49576 80 2 25 10 47020 0 
-107.321 27.7021 -0.166686 0.277306 2.49576 80 2 25 10 47021 0 
-107.311 27.7021 -0.166693 0.277306 2.49576 80 2 25 10 47022 0 
-107.302 27.7021 -0.166699 0.277306 2.49576 80 2 25 10 47023 0 
-107.293 27.7021 -0.166706 0.277306 2.49576 80 2 25 10 47024 0 
-107.284 27.702 -0.166712 0.277306 2.49576 80 2 25 10 47025 0 
-107.274 27.702 -0.166719 0.277306 2.49576 80 2 25 10 47026 0 
-107.265 27.702 -0.166726 0.277306 2.49576 80 2 25 10 47027 0 
-107.256 27.702 -0.166732 0.277306 2.49576 80 2 25 10 47028 0 
-107.247 27.7019 -0.166739 0.277306 2.49576 80 2 25 10 47029 0 
-107.237 27.7019 -0.166746 0.277306 2.49576 80 2 25 10 47030 0 
-107.228 27.7019 -0.166752 0.277306 2.49576 80 2 25 10 47031 0 
-107.219 27.7019 -0.166759 0.277306 2.49576 80 2 25 10 47032 0 
-107.21 27.7018 -0.166766 0.277306 2.49576 80 2 25 10 47033 0 
-107.2 27.7018 -0.166772 0.277306 2.49576 80 2 25 10 47034 0 
-107.191 27.7018 -0.166779 0.277306 2.49576 80 2 25 10 47035 0 
-107.182 27.7017 -0.166786 0.277306 2.49576 80 2 25 10 47036 0 
-107.173 27.7017 -0.166792 0.277306 2.49576 80 2 25 10 47037 0 
-107.163 27.7017 -0.166799 0.277306 2.49576 80 2 25 10 47038 0 
-107.154 27.7017 -0.166806 0.277306 2.49576 80 2 25 10 47039 0 
-107.145 27.7016 -0.166812 0.277306 2.49576 80 2 25 10 47040 0 
-107.136 27.7016 -0.166819 0.277306 2.49576 80 2 25 10 47041 0 
-107.126 27.7016 -0.166826 0.277306 2.49576 80 2 25 10 47042 0 
-107.117 27.7016 -0.166832 0.277306 2.49576 80 2 25 10 47043 0 
-107.108 27.7015 -0.166839 0.277306 2.49576 80 2 25 10 47044 0 
-107.099 27.7015 -0.166846 0.277306 2.49576 80 2 25 10 47045 0 
-107.089 27.7015 -0.166852 0.277306 2.49576 80 2 25 10 47046 0 
-107.08 27.7015 -0.166859 0.277306 2.49576 80 2 25 10 47047 0 
-107.071 27.7014 -0.166866 0.277306 2.49576 80 2 25 10 47048 0 
-107.062 27.7014 -0.166872 0.277306 2.49576 80 2 25 10 47049 0 
-107.052 27.7014 -0.166879 0.277306 2.49576 80 2 25 10 47050 0 
-107.043 27.7013 -0.166886 0.277306 2.49576 80 2 25 10 47051 0 
-107.034 27.7013 -0.166892 0.277306 2.49576 80 2 25 10 47052 0 
-107.025 27.7013 -0.166899 0.277306 2.49576 80 2 25 10 47053 0 
-107.015 27.7013 -0.166906 0.277306 2.49576 80 2 25 10 47054 0 
-107.006 27.7012 -0.166912 0.277306 2.49576 80 2 25 10 47055 0 
-106.997 27.7012 -0.166919 0.277306 2.49576 80 2 25 10 47056 0 
-106.988 27.7012 -0.166926 0.277306 2.49576 80 2 25 10 47057 0 
-106.978 27.7012 -0.166932 0.277306 2.49576 80 2 25 10 47058 0 
-106.969 27.7011 -0.166939 0.277306 2.49576 80 2 25 10 47059 0 
-106.96 27.7011 -0.166946 0.277306 2.49576 80 2 25 10 47060 0 
-106.951 27.7011 -0.166952 0.277306 2.49576 80 2 25 10 47061 0 
-106.941 27.701 -0.166959 0.277306 2.49576 80 2 25 10 47062 0 
-106.932 27.701 -0.166966 0.277306 2.49576 80 2 25 10 47063 0 
-106.923 27.701 -0.166972 0.277306 2.49576 80 2 25 10 47064 0 
-106.914 27.701 -0.166979 0.277306 2.49576 80 2 25 10 47065 0 
-106.904 27.7009 -0.166986 0.277306 2.49576 80 2 25 10 47066 0 
-106.895 27.7009 -0.166992 0.277306 2.49576 80 2 25 10 47067 0 
-106.886 27.7009 -0.166999 0.277306 2.49576 80 2 25 10 47068 0 
-106.877 27.7009 -0.167006 0.277306 2.49576 80 2 25 10 47069 0 
-106.867 27.7008 -0.167012 0.277306 2.49576 80 2 25 10 47070 0 
-106.858 27.7008 -0.167019 0.277306 2.49576 80 2 25 10 47071 0 
-106.849 27.7008 -0.167026 0.277306 2.49576 80 2 25 10 47072 0 
-106.84 27.7008 -0.167032 0.277306 2.49576 80 2 25 10 47073 0 
-106.83 27.7007 -0.167039 0.277306 2.49576 80 2 25 10 47074 0 
-106.821 27.7007 -0.167046 0.277306 2.49576 80 2 25 10 47075 0 
-106.812 27.7007 -0.167052 0.277306 2.49576 80 2 25 10 47076 0 
-106.803 27.7006 -0.167059 0.277306 2.49576 80 2 25 10 47077 0 
-106.793 27.7006 -0.167066 0.277306 2.49576 80 2 25 10 47078 0 
-106.784 27.7006 -0.167072 0.277306 2.49576 80 2 25 10 47079 0 
-106.775 27.7006 -0.167079 0.277306 2.49576 80 2 25 10 47080 0 
-106.766 27.7005 -0.167086 0.277306 2.49576 80 2 25 10 47081 0 
-106.756 27.7005 -0.167093 0.277306 2.49576 80 2 25 10 47082 0 
-106.747 27.7005 -0.167099 0.277306 2.49576 80 2 25 10 47083 0 
-106.738 27.7005 -0.167106 0.277306 2.49576 80 2 25 10 47084 0 
-106.729 27.7004 -0.167113 0.277306 2.49576 80 2 25 10 47085 0 
-106.719 27.7004 -0.167119 0.277306 2.49576 80 2 25 10 47086 0 
-106.71 27.7004 -0.167126 0.277306 2.49576 80 2 25 10 47087 0 
-106.701 27.7004 -0.167133 0.277306 2.49576 80 2 25 10 47088 0 
-106.692 27.7003 -0.167139 0.277306 2.49576 80 2 25 10 47089 0 
-106.682 27.7003 -0.167146 0.277306 2.49576 80 2 25 10 47090 0 
-106.673 27.7003 -0.167153 0.277306 2.49576 80 2 25 10 47091 0 
-106.664 27.7002 -0.167159 0.277306 2.49576 80 2 25 10 47092 0 
-106.655 27.7002 -0.167166 0.277306 2.49576 80 2 25 10 47093 0 
-106.646 27.7002 -0.167173 0.277306 2.49576 80 2 25 10 47094 0 
-106.636 27.7002 -0.167179 0.277306 2.49576 80 2 25 10 47095 0 
-106.627 27.7001 -0.167186 0.277306 2.49576 80 2 25 10 47096 0 
-106.618 27.7001 -0.167193 0.277306 2.49576 80 2 25 10 47097 0 
-106.609 27.7001 -0.1672 0.277306 2.49576 80 2 25 10 47098 0 
-106.599 27.7001 -0.167206 0.277306 2.49576 80 2 25 10 47099 0 
-106.59 27.7 -0.167213 0.277306 2.49576 80 2 25 10 47100 0 
-106.581 27.7 -0.16722 0.277306 2.49576 80 2 25 10 47101 0 
-106.572 27.7 -0.167226 0.277306 2.49576 80 2 25 10 47102 0 
-106.562 27.7 -0.167233 0.277306 2.49576 80 2 25 10 47103 0 
-106.553 27.6999 -0.16724 0.277306 2.49576 80 2 25 10 47104 0 
-106.544 27.6999 -0.167246 0.277306 2.49576 80 2 25 10 47105 0 
-106.535 27.6999 -0.167253 0.277306 2.49576 80 2 25 10 47106 0 
-106.525 27.6998 -0.16726 0.277306 2.49576 80 2 25 10 47107 0 
-106.516 27.6998 -0.167267 0.277306 2.49576 80 2 25 10 47108 0 
-106.507 27.6998 -0.167273 0.277306 2.49576 80 2 25 10 47109 0 
-106.498 27.6998 -0.16728 0.277306 2.49576 80 2 25 10 47110 0 
-106.488 27.6997 -0.167287 0.277306 2.49576 80 2 25 10 47111 0 
-106.479 27.6997 -0.167293 0.277306 2.49576 80 2 25 10 47112 0 
-106.47 27.6997 -0.1673 0.277306 2.49576 80 2 25 10 47113 0 
-106.461 27.6997 -0.167307 0.277306 2.49576 80 2 25 10 47114 0 
-106.451 27.6996 -0.167314 0.277306 2.49576 80 2 25 10 47115 0 
-106.442 27.6996 -0.16732 0.277306 2.49576 80 2 25 10 47116 0 
-106.433 27.6996 -0.167327 0.277306 2.49576 80 2 25 10 47117 0 
-106.424 27.6996 -0.167334 0.277306 2.49576 80 2 25 10 47118 0 
-106.414 27.6995 -0.16734 0.277306 2.49576 80 2 25 10 47119 0 
-106.405 27.6995 -0.167347 0.277306 2.49576 80 2 25 10 47120 0 
-106.396 27.6995 -0.167354 0.277306 2.49576 80 2 25 10 47121 0 
-106.387 27.6994 -0.16736 0.277306 2.49576 80 2 25 10 47122 0 
-106.377 27.6994 -0.167367 0.277306 2.49576 80 2 25 10 47123 0 
-106.368 27.6994 -0.167374 0.277306 2.49576 80 2 25 10 47124 0 
-106.359 27.6994 -0.167381 0.277306 2.49576 80 2 25 10 47125 0 
-106.35 27.6993 -0.167387 0.277306 2.49576 80 2 25 10 47126 0 
-106.34 27.6993 -0.167394 0.277306 2.49576 80 2 25 10 47127 0 
-106.331 27.6993 -0.167401 0.277306 2.49576 80 2 25 10 47128 0 
-106.322 27.6993 -0.167408 0.277306 2.49576 80 2 25 10 47129 0 
-106.313 27.6992 -0.167414 0.277306 2.49576 80 2 25 10 47130 0 
-106.303 27.6992 -0.167421 0.277306 2.49576 80 2 25 10 47131 0 
-106.294 27.6992 -0.167428 0.277306 2.49576 80 2 25 10 47132 0 
-106.285 27.6992 -0.167434 0.277306 2.49576 80 2 25 10 47133 0 
-106.276 27.6991 -0.167441 0.277306 2.49576 80 2 25 10 47134 0 
-106.266 27.6991 -0.167448 0.277306 2.49576 80 2 25 10 47135 0 
-106.257 27.6991 -0.167455 0.277306 2.49576 80 2 25 10 47136 0 
-106.248 27.699 -0.167461 0.277306 2.49576 80 2 25 10 47137 0 
-106.239 27.699 -0.167468 0.277306 2.49576 80 2 25 10 47138 0 
-106.229 27.699 -0.167475 0.277306 2.49576 80 2 25 10 47139 0 
-106.22 27.699 -0.167481 0.277306 2.49576 80 2 25 10 47140 0 
-106.211 27.6989 -0.167488 0.277306 2.49576 80 2 25 10 47141 0 
-106.202 27.6989 -0.167495 0.277306 2.49576 80 2 25 10 47142 0 
-106.192 27.6989 -0.167502 0.277306 2.49576 80 2 25 10 47143 0 
-106.183 27.6989 -0.167508 0.277306 2.49576 80 2 25 10 47144 0 
-106.174 27.6988 -0.167515 0.277306 2.49576 80 2 25 10 47145 0 
-106.165 27.6988 -0.167522 0.277306 2.49576 80 2 25 10 47146 0 
-106.155 27.6988 -0.167529 0.277306 2.49576 80 2 25 10 47147 0 
-106.146 27.6988 -0.167535 0.277306 2.49576 80 2 25 10 47148 0 
-106.137 27.6987 -0.167542 0.277306 2.49576 80 2 25 10 47149 0 
-106.128 27.6987 -0.167549 0.277306 2.49576 80 2 25 10 47150 0 
-106.118 27.6987 -0.167555 0.277306 2.49576 80 2 25 10 47151 0 
-106.109 27.6986 -0.167562 0.277306 2.49576 80 2 25 10 47152 0 
-106.1 27.6986 -0.167569 0.277306 2.49576 80 2 25 10 47153 0 
-106.091 27.6986 -0.167576 0.277306 2.49576 80 2 25 10 47154 0 
-106.081 27.6986 -0.167582 0.277306 2.49576 80 2 25 10 47155 0 
-106.072 27.6985 -0.167589 0.277306 2.49576 80 2 25 10 47156 0 
-106.063 27.6985 -0.167596 0.277306 2.49576 80 2 25 10 47157 0 
-106.054 27.6985 -0.167603 0.277306 2.49576 80 2 25 10 47158 0 
-106.044 27.6985 -0.167609 0.277306 2.49576 80 2 25 10 47159 0 
-106.035 27.6984 -0.167616 0.277306 2.49576 80 2 25 10 47160 0 
-106.026 27.6984 -0.167623 0.277306 2.49576 80 2 25 10 47161 0 
-106.017 27.6984 -0.16763 0.277306 2.49576 80 2 25 10 47162 0 
-106.007 27.6984 -0.167636 0.277306 2.49576 80 2 25 10 47163 0 
-105.998 27.6983 -0.167643 0.277306 2.49576 80 2 25 10 47164 0 
-105.989 27.6983 -0.16765 0.277306 2.49576 80 2 25 10 47165 0 
-105.98 27.6983 -0.167657 0.277306 2.49576 80 2 25 10 47166 0 
-105.97 27.6982 -0.167663 0.277306 2.49576 80 2 25 10 47167 0 
-105.961 27.6982 -0.16767 0.277306 2.49576 80 2 25 10 47168 0 
-105.952 27.6982 -0.167677 0.277306 2.49576 80 2 25 10 47169 0 
-105.943 27.6982 -0.167684 0.277306 2.49576 80 2 25 10 47170 0 
-105.934 27.6981 -0.16769 0.277306 2.49576 80 2 25 10 47171 0 
-105.924 27.6981 -0.167697 0.277306 2.49576 80 2 25 10 47172 0 
-105.915 27.6981 -0.167704 0.277306 2.49576 80 2 25 10 47173 0 
-105.906 27.6981 -0.167711 0.277306 2.49576 80 2 25 10 47174 0 
-105.897 27.698 -0.167717 0.277306 2.49576 80 2 25 10 47175 0 
-105.887 27.698 -0.167724 0.277306 2.49576 80 2 25 10 47176 0 
-105.878 27.698 -0.167731 0.277306 2.49576 80 2 25 10 47177 0 
-105.869 27.698 -0.167738 0.277306 2.49576 80 2 25 10 47178 0 
-105.86 27.6979 -0.167744 0.277306 2.49576 80 2 25 10 47179 0 
-105.85 27.6979 -0.167751 0.277306 2.49576 80 2 25 10 47180 0 
-105.841 27.6979 -0.167758 0.277306 2.49576 80 2 25 10 47181 0 
-105.832 27.6978 -0.167765 0.277306 2.49576 80 2 25 10 47182 0 
-105.823 27.6978 -0.167771 0.277306 2.49576 80 2 25 10 47183 0 
-105.813 27.6978 -0.167778 0.277306 2.49576 80 2 25 10 47184 0 
-105.804 27.6978 -0.167785 0.277306 2.49576 80 2 25 10 47185 0 
-105.795 27.6977 -0.167792 0.277306 2.49576 80 2 25 10 47186 0 
-105.786 27.6977 -0.167798 0.277306 2.49576 80 2 25 10 47187 0 
-105.776 27.6977 -0.167805 0.277306 2.49576 80 2 25 10 47188 0 
-105.767 27.6977 -0.167812 0.277306 2.49576 80 2 25 10 47189 0 
-105.758 27.6976 -0.167819 0.277306 2.49576 80 2 25 10 47190 0 
-105.749 27.6976 -0.167825 0.277306 2.49576 80 2 25 10 47191 0 
-105.739 27.6976 -0.167832 0.277306 2.49576 80 2 25 10 47192 0 
-105.73 27.6976 -0.167839 0.277306 2.49576 80 2 25 10 47193 0 
-105.721 27.6975 -0.167846 0.277306 2.49576 80 2 25 10 47194 0 
-105.712 27.6975 -0.167852 0.277306 2.49576 80 2 25 10 47195 0 
-105.702 27.6975 -0.167859 0.277306 2.49576 80 2 25 10 47196 0 
-105.693 27.6974 -0.167866 0.277306 2.49576 80 2 25 10 47197 0 
-105.684 27.6974 -0.167873 0.277306 2.49576 80 2 25 10 47198 0 
-105.675 27.6974 -0.167879 0.277306 2.49576 80 2 25 10 47199 0 
-105.665 27.6974 -0.167886 0.277306 2.49576 80 2 25 10 47200 0 
-105.656 27.6973 -0.167893 0.277306 2.49576 80 2 25 10 47201 0 
-105.647 27.6973 -0.1679 0.277306 2.49576 80 2 25 10 47202 0 
-105.638 27.6973 -0.167906 0.277306 2.49576 80 2 25 10 47203 0 
-105.628 27.6973 -0.167913 0.277306 2.49576 80 2 25 10 47204 0 
-105.619 27.6972 -0.16792 0.277306 2.49576 80 2 25 10 47205 0 
-105.61 27.6972 -0.167927 0.277306 2.49576 80 2 25 10 47206 0 
-105.601 27.6972 -0.167934 0.277306 2.49576 80 2 25 10 47207 0 
-105.591 27.6972 -0.16794 0.277306 2.49576 80 2 25 10 47208 0 
-105.582 27.6971 -0.167947 0.277306 2.49576 80 2 25 10 47209 0 
-105.573 27.6971 -0.167954 0.277306 2.49576 80 2 25 10 47210 0 
-105.564 27.6971 -0.167961 0.277306 2.49576 80 2 25 10 47211 0 
-105.554 27.697 -0.167967 0.277306 2.49576 80 2 25 10 47212 0 
-105.545 27.697 -0.167974 0.277306 2.49576 80 2 25 10 47213 0 
-105.536 27.697 -0.167981 0.277306 2.49576 80 2 25 10 47214 0 
-105.527 27.697 -0.167988 0.277306 2.49576 80 2 25 10 47215 0 
-105.517 27.6969 -0.167995 0.277306 2.49576 80 2 25 10 47216 0 
-105.508 27.6969 -0.168001 0.277306 2.49576 80 2 25 10 47217 0 
-105.499 27.6969 -0.168008 0.277306 2.49576 80 2 25 10 47218 0 
-105.49 27.6969 -0.168015 0.277306 2.49576 80 2 25 10 47219 0 
-105.48 27.6968 -0.168022 0.277306 2.49576 80 2 25 10 47220 0 
-105.471 27.6968 -0.168028 0.277306 2.49576 80 2 25 10 47221 0 
-105.462 27.6968 -0.168035 0.277306 2.49576 80 2 25 10 47222 0 
-105.453 27.6968 -0.168042 0.277306 2.49576 80 2 25 10 47223 0 
-105.443 27.6967 -0.168049 0.277306 2.49576 80 2 25 10 47224 0 
-105.434 27.6967 -0.168056 0.277306 2.49576 80 2 25 10 47225 0 
-105.425 27.6967 -0.168062 0.277306 2.49576 80 2 25 10 47226 0 
-105.416 27.6966 -0.168069 0.277306 2.49576 80 2 25 10 47227 0 
-105.406 27.6966 -0.168076 0.277306 2.49576 80 2 25 10 47228 0 
-105.397 27.6966 -0.168083 0.277306 2.49576 80 2 25 10 47229 0 
-105.388 27.6966 -0.168089 0.277306 2.49576 80 2 25 10 47230 0 
-105.379 27.6965 -0.168096 0.277306 2.49576 80 2 25 10 47231 0 
-105.369 27.6965 -0.168103 0.277306 2.49576 80 2 25 10 47232 0 
-105.36 27.6965 -0.16811 0.277306 2.49576 80 2 25 10 47233 0 
-105.351 27.6965 -0.168117 0.277306 2.49576 80 2 25 10 47234 0 
-105.342 27.6964 -0.168123 0.277306 2.49576 80 2 25 10 47235 0 
-105.332 27.6964 -0.16813 0.277306 2.49576 80 2 25 10 47236 0 
-105.323 27.6964 -0.168137 0.277306 2.49576 80 2 25 10 47237 0 
-105.314 27.6964 -0.168144 0.277306 2.49576 80 2 25 10 47238 0 
-105.305 27.6963 -0.168151 0.277306 2.49576 80 2 25 10 47239 0 
-105.295 27.6963 -0.168157 0.277306 2.49576 80 2 25 10 47240 0 
-105.286 27.6963 -0.168164 0.277306 2.49576 80 2 25 10 47241 0 
-105.277 27.6962 -0.168171 0.277306 2.49576 80 2 25 10 47242 0 
-105.268 27.6962 -0.168178 0.277306 2.49576 80 2 25 10 47243 0 
-105.258 27.6962 -0.168185 0.277306 2.49576 80 2 25 10 47244 0 
-105.249 27.6962 -0.168191 0.277306 2.49576 80 2 25 10 47245 0 
-105.24 27.6961 -0.168198 0.277306 2.49576 80 2 25 10 47246 0 
-105.231 27.6961 -0.168205 0.277306 2.49576 80 2 25 10 47247 0 
-105.221 27.6961 -0.168212 0.277306 2.49576 80 2 25 10 47248 0 
-105.212 27.6961 -0.168219 0.277306 2.49576 80 2 25 10 47249 0 
-105.203 27.696 -0.168225 0.277306 2.49576 80 2 25 10 47250 0 
-105.194 27.696 -0.168232 0.277306 2.49576 80 2 25 10 47251 0 
-105.185 27.696 -0.168239 0.277306 2.49576 80 2 25 10 47252 0 
-105.175 27.6959 -0.168246 0.277306 2.49576 80 2 25 10 47253 0 
-105.166 27.6959 -0.168253 0.277306 2.49576 80 2 25 10 47254 0 
-105.157 27.6959 -0.168259 0.277306 2.49576 80 2 25 10 47255 0 
-105.148 27.6959 -0.168266 0.277306 2.49576 80 2 25 10 47256 0 
-105.138 27.6958 -0.168273 0.277306 2.49576 80 2 25 10 47257 0 
-105.129 27.6958 -0.16828 0.277306 2.49576 80 2 25 10 47258 0 
-105.12 27.6958 -0.168287 0.277306 2.49576 80 2 25 10 47259 0 
-105.111 27.6958 -0.168293 0.277306 2.49576 80 2 25 10 47260 0 
-105.101 27.6957 -0.1683 0.277306 2.49576 80 2 25 10 47261 0 
-105.092 27.6957 -0.168307 0.277306 2.49576 80 2 25 10 47262 0 
-105.083 27.6957 -0.168314 0.277306 2.49576 80 2 25 10 47263 0 
-105.074 27.6957 -0.168321 0.277306 2.49576 80 2 25 10 47264 0 
-105.064 27.6956 -0.168327 0.277306 2.49576 80 2 25 10 47265 0 
-105.055 27.6956 -0.168334 0.277306 2.49576 80 2 25 10 47266 0 
-105.046 27.6956 -0.168341 0.277306 2.49576 80 2 25 10 47267 0 
-105.037 27.6955 -0.168348 0.277306 2.49576 80 2 25 10 47268 0 
-105.027 27.6955 -0.168355 0.277306 2.49576 80 2 25 10 47269 0 
-105.018 27.6955 -0.168361 0.277306 2.49576 80 2 25 10 47270 0 
-105.009 27.6955 -0.168368 0.277306 2.49576 80 2 25 10 47271 0 
-105 27.6954 -0.168375 0.277306 2.49576 80 2 25 10 47272 0 
-104.99 27.6954 -0.168382 0.277306 2.49576 80 2 25 10 47273 0 
-104.981 27.6954 -0.168389 0.277306 2.49576 80 2 25 10 47274 0 
-104.972 27.6954 -0.168396 0.277306 2.49576 80 2 25 10 47275 0 
-104.963 27.6953 -0.168402 0.277306 2.49576 80 2 25 10 47276 0 
-104.953 27.6953 -0.168409 0.277306 2.49576 80 2 25 10 47277 0 
-104.944 27.6953 -0.168416 0.277306 2.49576 80 2 25 10 47278 0 
-104.935 27.6953 -0.168423 0.277306 2.49576 80 2 25 10 47279 0 
-104.926 27.6952 -0.16843 0.277306 2.49576 80 2 25 10 47280 0 
-104.916 27.6952 -0.168436 0.277306 2.49576 80 2 25 10 47281 0 
-104.907 27.6952 -0.168443 0.277306 2.49576 80 2 25 10 47282 0 
-104.898 27.6951 -0.16845 0.277306 2.49576 80 2 25 10 47283 0 
-104.889 27.6951 -0.168457 0.277306 2.49576 80 2 25 10 47284 0 
-104.879 27.6951 -0.168464 0.277306 2.49576 80 2 25 10 47285 0 
-104.87 27.6951 -0.168471 0.277306 2.49576 80 2 25 10 47286 0 
-104.861 27.695 -0.168477 0.277306 2.49576 80 2 25 10 47287 0 
-104.852 27.695 -0.168484 0.277306 2.49576 80 2 25 10 47288 0 
-104.842 27.695 -0.168491 0.277306 2.49576 80 2 25 10 47289 0 
-104.833 27.695 -0.168498 0.277306 2.49576 80 2 25 10 47290 0 
-104.824 27.6949 -0.168505 0.277306 2.49576 80 2 25 10 47291 0 
-104.815 27.6949 -0.168512 0.277306 2.49576 80 2 25 10 47292 0 
-104.805 27.6949 -0.168518 0.277306 2.49576 80 2 25 10 47293 0 
-104.796 27.6949 -0.168525 0.277306 2.49576 80 2 25 10 47294 0 
-104.787 27.6948 -0.168532 0.277306 2.49576 80 2 25 10 47295 0 
-104.778 27.6948 -0.168539 0.277306 2.49576 80 2 25 10 47296 0 
-104.768 27.6948 -0.168546 0.277306 2.49576 80 2 25 10 47297 0 
-104.759 27.6947 -0.168553 0.277306 2.49576 80 2 25 10 47298 0 
-104.75 27.6947 -0.168559 0.277306 2.49576 80 2 25 10 47299 0 
-104.741 27.6947 -0.168566 0.277306 2.49576 80 2 25 10 47300 0 
-104.731 27.6947 -0.168573 0.277306 2.49576 80 2 25 10 47301 0 
-104.722 27.6946 -0.16858 0.277306 2.49576 80 2 25 10 47302 0 
-104.713 27.6946 -0.168587 0.277306 2.49576 80 2 25 10 47303 0 
-104.704 27.6946 -0.168594 0.277306 2.49576 80 2 25 10 47304 0 
-104.694 27.6946 -0.1686 0.277306 2.49576 80 2 25 10 47305 0 
-104.685 27.6945 -0.168607 0.277306 2.49576 80 2 25 10 47306 0 
-104.676 27.6945 -0.168614 0.277306 2.49576 80 2 25 10 47307 0 
-104.667 27.6945 -0.168621 0.277306 2.49576 80 2 25 10 47308 0 
-104.657 27.6945 -0.168628 0.277306 2.49576 80 2 25 10 47309 0 
-104.648 27.6944 -0.168635 0.277306 2.49576 80 2 25 10 47310 0 
-104.639 27.6944 -0.168641 0.277306 2.49576 80 2 25 10 47311 0 
-104.63 27.6944 -0.168648 0.277306 2.49576 80 2 25 10 47312 0 
-104.62 27.6943 -0.168655 0.277306 2.49576 80 2 25 10 47313 0 
-104.611 27.6943 -0.168662 0.277306 2.49576 80 2 25 10 47314 0 
-104.602 27.6943 -0.168669 0.277306 2.49576 80 2 25 10 47315 0 
-104.593 27.6943 -0.168676 0.277306 2.49576 80 2 25 10 47316 0 
-104.583 27.6942 -0.168682 0.277306 2.49576 80 2 25 10 47317 0 
-104.574 27.6942 -0.168689 0.277306 2.49576 80 2 25 10 47318 0 
-104.565 27.6942 -0.168696 0.277306 2.49576 80 2 25 10 47319 0 
-104.556 27.6942 -0.168703 0.277306 2.49576 80 2 25 10 47320 0 
-104.546 27.6941 -0.16871 0.277306 2.49576 80 2 25 10 47321 0 
-104.537 27.6941 -0.168717 0.277306 2.49576 80 2 25 10 47322 0 
-104.528 27.6941 -0.168724 0.277306 2.49576 80 2 25 10 47323 0 
-104.519 27.6941 -0.16873 0.277306 2.49576 80 2 25 10 47324 0 
-104.509 27.694 -0.168737 0.277306 2.49576 80 2 25 10 47325 0 
-104.5 27.694 -0.168744 0.277306 2.49576 80 2 25 10 47326 0 
-104.491 27.694 -0.168751 0.277306 2.49576 80 2 25 10 47327 0 
-104.482 27.6939 -0.168758 0.277306 2.49576 80 2 25 10 47328 0 
-104.473 27.6939 -0.168765 0.277306 2.49576 80 2 25 10 47329 0 
-104.463 27.6939 -0.168772 0.277306 2.49576 80 2 25 10 47330 0 
-104.454 27.6939 -0.168778 0.277306 2.49576 80 2 25 10 47331 0 
-104.445 27.6938 -0.168785 0.277306 2.49576 80 2 25 10 47332 0 
-104.436 27.6938 -0.168792 0.277306 2.49576 80 2 25 10 47333 0 
-104.426 27.6938 -0.168799 0.277306 2.49576 80 2 25 10 47334 0 
-104.417 27.6938 -0.168806 0.277306 2.49576 80 2 25 10 47335 0 
-104.408 27.6937 -0.168813 0.277306 2.49576 80 2 25 10 47336 0 
-104.399 27.6937 -0.16882 0.277306 2.49576 80 2 25 10 47337 0 
-104.389 27.6937 -0.168826 0.277306 2.49576 80 2 25 10 47338 0 
-104.38 27.6937 -0.168833 0.277306 2.49576 80 2 25 10 47339 0 
-104.371 27.6936 -0.16884 0.277306 2.49576 80 2 25 10 47340 0 
-104.362 27.6936 -0.168847 0.277306 2.49576 80 2 25 10 47341 0 
-104.352 27.6936 -0.168854 0.277306 2.49576 80 2 25 10 47342 0 
-104.343 27.6935 -0.168861 0.277306 2.49576 80 2 25 10 47343 0 
-104.334 27.6935 -0.168868 0.277306 2.49576 80 2 25 10 47344 0 
-104.325 27.6935 -0.168874 0.277306 2.49576 80 2 25 10 47345 0 
-104.315 27.6935 -0.168881 0.277306 2.49576 80 2 25 10 47346 0 
-104.306 27.6934 -0.168888 0.277306 2.49576 80 2 25 10 47347 0 
-104.297 27.6934 -0.168895 0.277306 2.49576 80 2 25 10 47348 0 
-104.288 27.6934 -0.168902 0.277306 2.49576 80 2 25 10 47349 0 
-104.278 27.6934 -0.168909 0.277306 2.49576 80 2 25 10 47350 0 
-104.269 27.6933 -0.168916 0.277306 2.49576 80 2 25 10 47351 0 
-104.26 27.6933 -0.168923 0.277306 2.49576 80 2 25 10 47352 0 
-104.251 27.6933 -0.168929 0.277306 2.49576 80 2 25 10 47353 0 
-104.241 27.6933 -0.168936 0.277306 2.49576 80 2 25 10 47354 0 
-104.232 27.6932 -0.168943 0.277306 2.49576 80 2 25 10 47355 0 
-104.223 27.6932 -0.16895 0.277306 2.49576 80 2 25 10 47356 0 
-104.214 27.6932 -0.168957 0.277306 2.49576 80 2 25 10 47357 0 
-104.204 27.6931 -0.168964 0.277306 2.49576 80 2 25 10 47358 0 
-104.195 27.6931 -0.168971 0.277306 2.49576 80 2 25 10 47359 0 
-104.186 27.6931 -0.168977 0.277306 2.49576 80 2 25 10 47360 0 
-104.177 27.6931 -0.168984 0.277306 2.49576 80 2 25 10 47361 0 
-104.167 27.693 -0.168991 0.277306 2.49576 80 2 25 10 47362 0 
-104.158 27.693 -0.168998 0.277306 2.49576 80 2 25 10 47363 0 
-104.149 27.693 -0.169005 0.277306 2.49576 80 2 25 10 47364 0 
-104.14 27.693 -0.169012 0.277306 2.49576 80 2 25 10 47365 0 
-104.13 27.6929 -0.169019 0.277306 2.49576 80 2 25 10 47366 0 
-104.121 27.6929 -0.169026 0.277306 2.49576 80 2 25 10 47367 0 
-104.112 27.6929 -0.169033 0.277306 2.49576 80 2 25 10 47368 0 
-104.103 27.6929 -0.169039 0.277306 2.49576 80 2 25 10 47369 0 
-104.093 27.6928 -0.169046 0.277306 2.49576 80 2 25 10 47370 0 
-104.084 27.6928 -0.169053 0.277306 2.49576 80 2 25 10 47371 0 
-104.075 27.6928 -0.16906 0.277306 2.49576 80 2 25 10 47372 0 
-104.066 27.6927 -0.169067 0.277306 2.49576 80 2 25 10 47373 0 
-104.056 27.6927 -0.169074 0.277306 2.49576 80 2 25 10 47374 0 
-104.047 27.6927 -0.169081 0.277306 2.49576 80 2 25 10 47375 0 
-104.038 27.6927 -0.169088 0.277306 2.49576 80 2 25 10 47376 0 
-104.029 27.6926 -0.169095 0.277306 2.49576 80 2 25 10 47377 0 
-104.019 27.6926 -0.169101 0.277306 2.49576 80 2 25 10 47378 0 
-104.01 27.6926 -0.169108 0.277306 2.49576 80 2 25 10 47379 0 
-104.001 27.6926 -0.169115 0.277306 2.49576 80 2 25 10 47380 0 
-103.992 27.6925 -0.169122 0.277306 2.49576 80 2 25 10 47381 0 
-103.982 27.6925 -0.169129 0.277306 2.49576 80 2 25 10 47382 0 
-103.973 27.6925 -0.169136 0.277306 2.49576 80 2 25 10 47383 0 
-103.964 27.6925 -0.169143 0.277306 2.49576 80 2 25 10 47384 0 
-103.955 27.6924 -0.16915 0.277306 2.49576 80 2 25 10 47385 0 
-103.945 27.6924 -0.169157 0.277306 2.49576 80 2 25 10 47386 0 
-103.936 27.6924 -0.169163 0.277306 2.49576 80 2 25 10 47387 0 
-103.927 27.6923 -0.16917 0.277306 2.49576 80 2 25 10 47388 0 
-103.918 27.6923 -0.169177 0.277306 2.49576 80 2 25 10 47389 0 
-103.908 27.6923 -0.169184 0.277306 2.49576 80 2 25 10 47390 0 
-103.899 27.6923 -0.169191 0.277306 2.49576 80 2 25 10 47391 0 
-103.89 27.6922 -0.169198 0.277306 2.49576 80 2 25 10 47392 0 
-103.881 27.6922 -0.169205 0.277306 2.49576 80 2 25 10 47393 0 
-103.871 27.6922 -0.169212 0.277306 2.49576 80 2 25 10 47394 0 
-103.862 27.6922 -0.169219 0.277306 2.49576 80 2 25 10 47395 0 
-103.853 27.6921 -0.169226 0.277306 2.49576 80 2 25 10 47396 0 
-103.844 27.6921 -0.169232 0.277306 2.49576 80 2 25 10 47397 0 
-103.834 27.6921 -0.169239 0.277306 2.49576 80 2 25 10 47398 0 
-103.825 27.6921 -0.169246 0.277306 2.49576 80 2 25 10 47399 0 
-103.816 27.692 -0.169253 0.277306 2.49576 80 2 25 10 47400 0 
-103.807 27.692 -0.16926 0.277306 2.49576 80 2 25 10 47401 0 
-103.797 27.692 -0.169267 0.277306 2.49576 80 2 25 10 47402 0 
-103.788 27.6919 -0.169274 0.277306 2.49576 80 2 25 10 47403 0 
-103.779 27.6919 -0.169281 0.277306 2.49576 80 2 25 10 47404 0 
-103.77 27.6919 -0.169288 0.277306 2.49576 80 2 25 10 47405 0 
-103.76 27.6919 -0.169295 0.277306 2.49576 80 2 25 10 47406 0 
-103.751 27.6918 -0.169301 0.277306 2.49576 80 2 25 10 47407 0 
-103.742 27.6918 -0.169308 0.277306 2.49576 80 2 25 10 47408 0 
-103.733 27.6918 -0.169315 0.277306 2.49576 80 2 25 10 47409 0 
-103.724 27.6918 -0.169322 0.277306 2.49576 80 2 25 10 47410 0 
-103.714 27.6917 -0.169329 0.277306 2.49576 80 2 25 10 47411 0 
-103.705 27.6917 -0.169336 0.277306 2.49576 80 2 25 10 47412 0 
-103.696 27.6917 -0.169343 0.277306 2.49576 80 2 25 10 47413 0 
-103.687 27.6917 -0.16935 0.277306 2.49576 80 2 25 10 47414 0 
-103.677 27.6916 -0.169357 0.277306 2.49576 80 2 25 10 47415 0 
-103.668 27.6916 -0.169364 0.277306 2.49576 80 2 25 10 47416 0 
-103.659 27.6916 -0.169371 0.277306 2.49576 80 2 25 10 47417 0 
-103.65 27.6915 -0.169378 0.277306 2.49576 80 2 25 10 47418 0 
-103.64 27.6915 -0.169384 0.277306 2.49576 80 2 25 10 47419 0 
-103.631 27.6915 -0.169391 0.277306 2.49576 80 2 25 10 47420 0 
-103.622 27.6915 -0.169398 0.277306 2.49576 80 2 25 10 47421 0 
-103.613 27.6914 -0.169405 0.277306 2.49576 80 2 25 10 47422 0 
-103.603 27.6914 -0.169412 0.277306 2.49576 80 2 25 10 47423 0 
-103.594 27.6914 -0.169419 0.277306 2.49576 80 2 25 10 47424 0 
-103.585 27.6914 -0.169426 0.277306 2.49576 80 2 25 10 47425 0 
-103.576 27.6913 -0.169433 0.277306 2.49576 80 2 25 10 47426 0 
-103.566 27.6913 -0.16944 0.277306 2.49576 80 2 25 10 47427 0 
-103.557 27.6913 -0.169447 0.277306 2.49576 80 2 25 10 47428 0 
-103.548 27.6912 -0.169454 0.277306 2.49576 80 2 25 10 47429 0 
-103.539 27.6912 -0.169461 0.277306 2.49576 80 2 25 10 47430 0 
-103.529 27.6912 -0.169467 0.277306 2.49576 80 2 25 10 47431 0 
-103.52 27.6912 -0.169474 0.277306 2.49576 80 2 25 10 47432 0 
-103.511 27.6911 -0.169481 0.277306 2.49576 80 2 25 10 47433 0 
-103.502 27.6911 -0.169488 0.277306 2.49576 80 2 25 10 47434 0 
-103.492 27.6911 -0.169495 0.277306 2.49576 80 2 25 10 47435 0 
-103.483 27.6911 -0.169502 0.277306 2.49576 80 2 25 10 47436 0 
-103.474 27.691 -0.169509 0.277306 2.49576 80 2 25 10 47437 0 
-103.465 27.691 -0.169516 0.277306 2.49576 80 2 25 10 47438 0 
-103.455 27.691 -0.169523 0.277306 2.49576 80 2 25 10 47439 0 
-103.446 27.691 -0.16953 0.277306 2.49576 80 2 25 10 47440 0 
-103.437 27.6909 -0.169537 0.277306 2.49576 80 2 25 10 47441 0 
-103.428 27.6909 -0.169544 0.277306 2.49576 80 2 25 10 47442 0 
-103.418 27.6909 -0.169551 0.277306 2.49576 80 2 25 10 47443 0 
-103.409 27.6908 -0.169558 0.277306 2.49576 80 2 25 10 47444 0 
-103.4 27.6908 -0.169564 0.277306 2.49576 80 2 25 10 47445 0 
-103.391 27.6908 -0.169571 0.277306 2.49576 80 2 25 10 47446 0 
-103.381 27.6908 -0.169578 0.277306 2.49576 80 2 25 10 47447 0 
-103.372 27.6907 -0.169585 0.277306 2.49576 80 2 25 10 47448 0 
-103.363 27.6907 -0.169592 0.277306 2.49576 80 2 25 10 47449 0 
-103.354 27.6907 -0.169599 0.277306 2.49576 80 2 25 10 47450 0 
-103.344 27.6907 -0.169606 0.277306 2.49576 80 2 25 10 47451 0 
-103.335 27.6906 -0.169613 0.277306 2.49576 80 2 25 10 47452 0 
-103.326 27.6906 -0.16962 0.277306 2.49576 80 2 25 10 47453 0 
-103.317 27.6906 -0.169627 0.277306 2.49576 80 2 25 10 47454 0 
-103.307 27.6906 -0.169634 0.277306 2.49576 80 2 25 10 47455 0 
-103.298 27.6905 -0.169641 0.277306 2.49576 80 2 25 10 47456 0 
-103.289 27.6905 -0.169648 0.277306 2.49576 80 2 25 10 47457 0 
-103.28 27.6905 -0.169655 0.277306 2.49576 80 2 25 10 47458 0 
-103.27 27.6904 -0.169662 0.277306 2.49576 80 2 25 10 47459 0 
-103.261 27.6904 -0.169669 0.277306 2.49576 80 2 25 10 47460 0 
-103.252 27.6904 -0.169676 0.277306 2.49576 80 2 25 10 47461 0 
-103.243 27.6904 -0.169683 0.277306 2.49576 80 2 25 10 47462 0 
-103.233 27.6903 -0.169689 0.277306 2.49576 80 2 25 10 47463 0 
-103.224 27.6903 -0.169696 0.277306 2.49576 80 2 25 10 47464 0 
-103.215 27.6903 -0.169703 0.277306 2.49576 80 2 25 10 47465 0 
-103.206 27.6903 -0.16971 0.277306 2.49576 80 2 25 10 47466 0 
-103.196 27.6902 -0.169717 0.277306 2.49576 80 2 25 10 47467 0 
-103.187 27.6902 -0.169724 0.277306 2.49576 80 2 25 10 47468 0 
-103.178 27.6902 -0.169731 0.277306 2.49576 80 2 25 10 47469 0 
-103.169 27.6902 -0.169738 0.277306 2.49576 80 2 25 10 47470 0 
-103.159 27.6901 -0.169745 0.277306 2.49576 80 2 25 10 47471 0 
-103.15 27.6901 -0.169752 0.277306 2.49576 80 2 25 10 47472 0 
-103.141 27.6901 -0.169759 0.277306 2.49576 80 2 25 10 47473 0 
-103.132 27.69 -0.169766 0.277306 2.49576 80 2 25 10 47474 0 
-103.122 27.69 -0.169773 0.277306 2.49576 80 2 25 10 47475 0 
-103.113 27.69 -0.16978 0.277306 2.49576 80 2 25 10 47476 0 
-103.104 27.69 -0.169787 0.277306 2.49576 80 2 25 10 47477 0 
-103.095 27.6899 -0.169794 0.277306 2.49576 80 2 25 10 47478 0 
-103.085 27.6899 -0.169801 0.277306 2.49576 80 2 25 10 47479 0 
-103.076 27.6899 -0.169808 0.277306 2.49576 80 2 25 10 47480 0 
-103.067 27.6899 -0.169815 0.277306 2.49576 80 2 25 10 47481 0 
-103.058 27.6898 -0.169822 0.277306 2.49576 80 2 25 10 47482 0 
-103.048 27.6898 -0.169829 0.277306 2.49576 80 2 25 10 47483 0 
-103.039 27.6898 -0.169836 0.277306 2.49576 80 2 25 10 47484 0 
-103.03 27.6898 -0.169842 0.277306 2.49576 80 2 25 10 47485 0 
-103.021 27.6897 -0.169849 0.277306 2.49576 80 2 25 10 47486 0 
-103.012 27.6897 -0.169856 0.277306 2.49576 80 2 25 10 47487 0 
-103.002 27.6897 -0.169863 0.277306 2.49576 80 2 25 10 47488 0 
-102.993 27.6896 -0.16987 0.277306 2.49576 80 2 25 10 47489 0 
-102.984 27.6896 -0.169877 0.277306 2.49576 80 2 25 10 47490 0 
-102.975 27.6896 -0.169884 0.277306 2.49576 80 2 25 10 47491 0 
-102.965 27.6896 -0.169891 0.277306 2.49576 80 2 25 10 47492 0 
-102.956 27.6895 -0.169898 0.277306 2.49576 80 2 25 10 47493 0 
-102.947 27.6895 -0.169905 0.277306 2.49576 80 2 25 10 47494 0 
-102.938 27.6895 -0.169912 0.277306 2.49576 80 2 25 10 47495 0 
-102.928 27.6895 -0.169919 0.277306 2.49576 80 2 25 10 47496 0 
-102.919 27.6894 -0.169926 0.277306 2.49576 80 2 25 10 47497 0 
-102.91 27.6894 -0.169933 0.277306 2.49576 80 2 25 10 47498 0 
-102.901 27.6894 -0.16994 0.277306 2.49576 80 2 25 10 47499 0 
-102.891 27.6894 -0.169947 0.277306 2.49576 80 2 25 10 47500 0 
-102.882 27.6893 -0.169954 0.277306 2.49576 80 2 25 10 47501 0 
-102.873 27.6893 -0.169961 0.277306 2.49576 80 2 25 10 47502 0 
-102.864 27.6893 -0.169968 0.277306 2.49576 80 2 25 10 47503 0 
-102.854 27.6892 -0.169975 0.277306 2.49576 80 2 25 10 47504 0 
-102.845 27.6892 -0.169982 0.277306 2.49576 80 2 25 10 47505 0 
-102.836 27.6892 -0.169989 0.277306 2.49576 80 2 25 10 47506 0 
-102.827 27.6892 -0.169996 0.277306 2.49576 80 2 25 10 47507 0 
-102.817 27.6891 -0.170003 0.277306 2.49576 80 2 25 10 47508 0 
-102.808 27.6891 -0.17001 0.277306 2.49576 80 2 25 10 47509 0 
-102.799 27.6891 -0.170017 0.277306 2.49576 80 2 25 10 47510 0 
-102.79 27.6891 -0.170024 0.277306 2.49576 80 2 25 10 47511 0 
-102.78 27.689 -0.170031 0.277306 2.49576 80 2 25 10 47512 0 
-102.771 27.689 -0.170038 0.277306 2.49576 80 2 25 10 47513 0 
-102.762 27.689 -0.170045 0.277306 2.49576 80 2 25 10 47514 0 
-102.753 27.689 -0.170052 0.277306 2.49576 80 2 25 10 47515 0 
-102.743 27.6889 -0.170059 0.277306 2.49576 80 2 25 10 47516 0 
-102.734 27.6889 -0.170066 0.277306 2.49576 80 2 25 10 47517 0 
-102.725 27.6889 -0.170073 0.277306 2.49576 80 2 25 10 47518 0 
-102.716 27.6888 -0.17008 0.277306 2.49576 80 2 25 10 47519 0 
-102.706 27.6888 -0.170087 0.277306 2.49576 80 2 25 10 47520 0 
-102.697 27.6888 -0.170094 0.277306 2.49576 80 2 25 10 47521 0 
-102.688 27.6888 -0.170101 0.277306 2.49576 80 2 25 10 47522 0 
-102.679 27.6887 -0.170108 0.277306 2.49576 80 2 25 10 47523 0 
-102.669 27.6887 -0.170115 0.277306 2.49576 80 2 25 10 47524 0 
-102.66 27.6887 -0.170122 0.277306 2.49576 80 2 25 10 47525 0 
-102.651 27.6887 -0.170129 0.277306 2.49576 80 2 25 10 47526 0 
-102.642 27.6886 -0.170136 0.277306 2.49576 80 2 25 10 47527 0 
-102.632 27.6886 -0.170143 0.277306 2.49576 80 2 25 10 47528 0 
-102.623 27.6886 -0.17015 0.277306 2.49576 80 2 25 10 47529 0 
-102.614 27.6886 -0.170157 0.277306 2.49576 80 2 25 10 47530 0 
-102.605 27.6885 -0.170164 0.277306 2.49576 80 2 25 10 47531 0 
-102.595 27.6885 -0.170171 0.277306 2.49576 80 2 25 10 47532 0 
-102.586 27.6885 -0.170178 0.277306 2.49576 80 2 25 10 47533 0 
-102.577 27.6884 -0.170185 0.277306 2.49576 80 2 25 10 47534 0 
-102.568 27.6884 -0.170192 0.277306 2.49576 80 2 25 10 47535 0 
-102.558 27.6884 -0.170199 0.277306 2.49576 80 2 25 10 47536 0 
-102.549 27.6884 -0.170206 0.277306 2.49576 80 2 25 10 47537 0 
-102.54 27.6883 -0.170213 0.277306 2.49576 80 2 25 10 47538 0 
-102.531 27.6883 -0.17022 0.277306 2.49576 80 2 25 10 47539 0 
-102.521 27.6883 -0.170227 0.277306 2.49576 80 2 25 10 47540 0 
-102.512 27.6883 -0.170234 0.277306 2.49576 80 2 25 10 47541 0 
-102.503 27.6882 -0.170241 0.277306 2.49576 80 2 25 10 47542 0 
-102.494 27.6882 -0.170248 0.277306 2.49576 80 2 25 10 47543 0 
-102.484 27.6882 -0.170255 0.277306 2.49576 80 2 25 10 47544 0 
-102.475 27.6882 -0.170262 0.277306 2.49576 80 2 25 10 47545 0 
-102.466 27.6881 -0.170269 0.277306 2.49576 80 2 25 10 47546 0 
-102.457 27.6881 -0.170276 0.277306 2.49576 80 2 25 10 47547 0 
-102.447 27.6881 -0.170283 0.277306 2.49576 80 2 25 10 47548 0 
-102.438 27.688 -0.17029 0.277306 2.49576 80 2 25 10 47549 0 
-102.429 27.688 -0.170297 0.277306 2.49576 80 2 25 10 47550 0 
-102.42 27.688 -0.170304 0.277306 2.49576 80 2 25 10 47551 0 
-102.41 27.688 -0.170311 0.277306 2.49576 80 2 25 10 47552 0 
-102.401 27.6879 -0.170318 0.277306 2.49576 80 2 25 10 47553 0 
-102.392 27.6879 -0.170325 0.277306 2.49576 80 2 25 10 47554 0 
-102.383 27.6879 -0.170332 0.277306 2.49576 80 2 25 10 47555 0 
-102.373 27.6879 -0.170339 0.277306 2.49576 80 2 25 10 47556 0 
-102.364 27.6878 -0.170346 0.277306 2.49576 80 2 25 10 47557 0 
-102.355 27.6878 -0.170353 0.277306 2.49576 80 2 25 10 47558 0 
-102.346 27.6878 -0.17036 0.277306 2.49576 80 2 25 10 47559 0 
-102.336 27.6878 -0.170367 0.277306 2.49576 80 2 25 10 47560 0 
-102.327 27.6877 -0.170374 0.277306 2.49576 80 2 25 10 47561 0 
-102.318 27.6877 -0.170381 0.277306 2.49576 80 2 25 10 47562 0 
-102.309 27.6877 -0.170388 0.277306 2.49576 80 2 25 10 47563 0 
-102.299 27.6876 -0.170395 0.277306 2.49576 80 2 25 10 47564 0 
-102.29 27.6876 -0.170402 0.277306 2.49576 80 2 25 10 47565 0 
-102.281 27.6876 -0.170409 0.277306 2.49576 80 2 25 10 47566 0 
-102.272 27.6876 -0.170416 0.277306 2.49576 80 2 25 10 47567 0 
-102.263 27.6875 -0.170423 0.277306 2.49576 80 2 25 10 47568 0 
-102.253 27.6875 -0.17043 0.277306 2.49576 80 2 25 10 47569 0 
-102.244 27.6875 -0.170437 0.277306 2.49576 80 2 25 10 47570 0 
-102.235 27.6875 -0.170444 0.277306 2.49576 80 2 25 10 47571 0 
-102.226 27.6874 -0.170451 0.277306 2.49576 80 2 25 10 47572 0 
-102.216 27.6874 -0.170458 0.277306 2.49576 80 2 25 10 47573 0 
-102.207 27.6874 -0.170465 0.277306 2.49576 80 2 25 10 47574 0 
-102.198 27.6874 -0.170472 0.277306 2.49576 80 2 25 10 47575 0 
-102.189 27.6873 -0.170479 0.277306 2.49576 80 2 25 10 47576 0 
-102.179 27.6873 -0.170486 0.277306 2.49576 80 2 25 10 47577 0 
-102.17 27.6873 -0.170493 0.277306 2.49576 80 2 25 10 47578 0 
-102.161 27.6872 -0.1705 0.277306 2.49576 80 2 25 10 47579 0 
-102.152 27.6872 -0.170507 0.277306 2.49576 80 2 25 10 47580 0 
-102.142 27.6872 -0.170514 0.277306 2.49576 80 2 25 10 47581 0 
-102.133 27.6872 -0.170521 0.277306 2.49576 80 2 25 10 47582 0 
-102.124 27.6871 -0.170528 0.277306 2.49576 80 2 25 10 47583 0 
-102.115 27.6871 -0.170535 0.277306 2.49576 80 2 25 10 47584 0 
-102.105 27.6871 -0.170542 0.277306 2.49576 80 2 25 10 47585 0 
-102.096 27.6871 -0.170549 0.277306 2.49576 80 2 25 10 47586 0 
-102.087 27.687 -0.170557 0.277306 2.49576 80 2 25 10 47587 0 
-102.078 27.687 -0.170564 0.277306 2.49576 80 2 25 10 47588 0 
-102.068 27.687 -0.170571 0.277306 2.49576 80 2 25 10 47589 0 
-102.059 27.687 -0.170578 0.277306 2.49576 80 2 25 10 47590 0 
-102.05 27.6869 -0.170585 0.277306 2.49576 80 2 25 10 47591 0 
-102.041 27.6869 -0.170592 0.277306 2.49576 80 2 25 10 47592 0 
-102.031 27.6869 -0.170599 0.277306 2.49576 80 2 25 10 47593 0 
-102.022 27.6868 -0.170606 0.277306 2.49576 80 2 25 10 47594 0 
-102.013 27.6868 -0.170613 0.277306 2.49576 80 2 25 10 47595 0 
-102.004 27.6868 -0.17062 0.277306 2.49576 80 2 25 10 47596 0 
-101.994 27.6868 -0.170627 0.277306 2.49576 80 2 25 10 47597 0 
-101.985 27.6867 -0.170634 0.277306 2.49576 80 2 25 10 47598 0 
-101.976 27.6867 -0.170641 0.277306 2.49576 80 2 25 10 47599 0 
-101.967 27.6867 -0.170648 0.277306 2.49576 80 2 25 10 47600 0 
-101.957 27.6867 -0.170655 0.277306 2.49576 80 2 25 10 47601 0 
-101.948 27.6866 -0.170662 0.277306 2.49576 80 2 25 10 47602 0 
-101.939 27.6866 -0.170669 0.277306 2.49576 80 2 25 10 47603 0 
-101.93 27.6866 -0.170676 0.277306 2.49576 80 2 25 10 47604 0 
-101.92 27.6866 -0.170683 0.277306 2.49576 80 2 25 10 47605 0 
-101.911 27.6865 -0.17069 0.277306 2.49576 80 2 25 10 47606 0 
-101.902 27.6865 -0.170697 0.277306 2.49576 80 2 25 10 47607 0 
-101.893 27.6865 -0.170704 0.277306 2.49576 80 2 25 10 47608 0 
-101.883 27.6864 -0.170711 0.277306 2.49576 80 2 25 10 47609 0 
-101.874 27.6864 -0.170719 0.277306 2.49576 80 2 25 10 47610 0 
-101.865 27.6864 -0.170726 0.277306 2.49576 80 2 25 10 47611 0 
-101.856 27.6864 -0.170733 0.277306 2.49576 80 2 25 10 47612 0 
-101.846 27.6863 -0.17074 0.277306 2.49576 80 2 25 10 47613 0 
-101.837 27.6863 -0.170747 0.277306 2.49576 80 2 25 10 47614 0 
-101.828 27.6863 -0.170754 0.277306 2.49576 80 2 25 10 47615 0 
-101.819 27.6863 -0.170761 0.277306 2.49576 80 2 25 10 47616 0 
-101.809 27.6862 -0.170768 0.277306 2.49576 80 2 25 10 47617 0 
-101.8 27.6862 -0.170775 0.277306 2.49576 80 2 25 10 47618 0 
-101.791 27.6862 -0.170782 0.277306 2.49576 80 2 25 10 47619 0 
-101.782 27.6861 -0.170789 0.277306 2.49576 80 2 25 10 47620 0 
-101.772 27.6861 -0.170796 0.277306 2.49576 80 2 25 10 47621 0 
-101.763 27.6861 -0.170803 0.277306 2.49576 80 2 25 10 47622 0 
-101.754 27.6861 -0.17081 0.277306 2.49576 80 2 25 10 47623 0 
-101.745 27.686 -0.170817 0.277306 2.49576 80 2 25 10 47624 0 
-101.735 27.686 -0.170824 0.277306 2.49576 80 2 25 10 47625 0 
-101.726 27.686 -0.170832 0.277306 2.49576 80 2 25 10 47626 0 
-101.717 27.686 -0.170839 0.277306 2.49576 80 2 25 10 47627 0 
-101.708 27.6859 -0.170846 0.277306 2.49576 80 2 25 10 47628 0 
-101.698 27.6859 -0.170853 0.277306 2.49576 80 2 25 10 47629 0 
-101.689 27.6859 -0.17086 0.277306 2.49576 80 2 25 10 47630 0 
-101.68 27.6859 -0.170867 0.277306 2.49576 80 2 25 10 47631 0 
-101.671 27.6858 -0.170874 0.277306 2.49576 80 2 25 10 47632 0 
-101.661 27.6858 -0.170881 0.277306 2.49576 80 2 25 10 47633 0 
-101.652 27.6858 -0.170888 0.277306 2.49576 80 2 25 10 47634 0 
-101.643 27.6857 -0.170895 0.277306 2.49576 80 2 25 10 47635 0 
-101.634 27.6857 -0.170902 0.277306 2.49576 80 2 25 10 47636 0 
-101.624 27.6857 -0.170909 0.277306 2.49576 80 2 25 10 47637 0 
-101.615 27.6857 -0.170916 0.277306 2.49576 80 2 25 10 47638 0 
-101.606 27.6856 -0.170923 0.277306 2.49576 80 2 25 10 47639 0 
-101.597 27.6856 -0.17093 0.277306 2.49576 80 2 25 10 47640 0 
-101.587 27.6856 -0.170938 0.277306 2.49576 80 2 25 10 47641 0 
-101.578 27.6856 -0.170945 0.277306 2.49576 80 2 25 10 47642 0 
-101.569 27.6855 -0.170952 0.277306 2.49576 80 2 25 10 47643 0 
-101.56 27.6855 -0.170959 0.277306 2.49576 80 2 25 10 47644 0 
-101.551 27.6855 -0.170966 0.277306 2.49576 80 2 25 10 47645 0 
-101.541 27.6855 -0.170973 0.277306 2.49576 80 2 25 10 47646 0 
-101.532 27.6854 -0.17098 0.277306 2.49576 80 2 25 10 47647 0 
-101.523 27.6854 -0.170987 0.277306 2.49576 80 2 25 10 47648 0 
-101.514 27.6854 -0.170994 0.277306 2.49576 80 2 25 10 47649 0 
-101.504 27.6853 -0.171001 0.277306 2.49576 80 2 25 10 47650 0 
-101.495 27.6853 -0.171008 0.277306 2.49576 80 2 25 10 47651 0 
-101.486 27.6853 -0.171015 0.277306 2.49576 80 2 25 10 47652 0 
-101.477 27.6853 -0.171022 0.277306 2.49576 80 2 25 10 47653 0 
-101.467 27.6852 -0.17103 0.277306 2.49576 80 2 25 10 47654 0 
-101.458 27.6852 -0.171037 0.277306 2.49576 80 2 25 10 47655 0 
-101.449 27.6852 -0.171044 0.277306 2.49576 80 2 25 10 47656 0 
-101.44 27.6852 -0.171051 0.277306 2.49576 80 2 25 10 47657 0 
-101.43 27.6851 -0.171058 0.277306 2.49576 80 2 25 10 47658 0 
-101.421 27.6851 -0.171065 0.277306 2.49576 80 2 25 10 47659 0 
-101.412 27.6851 -0.171072 0.277306 2.49576 80 2 25 10 47660 0 
-101.403 27.6851 -0.171079 0.277306 2.49576 80 2 25 10 47661 0 
-101.393 27.685 -0.171086 0.277306 2.49576 80 2 25 10 47662 0 
-101.384 27.685 -0.171093 0.277306 2.49576 80 2 25 10 47663 0 
-101.375 27.685 -0.1711 0.277306 2.49576 80 2 25 10 47664 0 
-101.366 27.6849 -0.171108 0.277306 2.49576 80 2 25 10 47665 0 
-101.356 27.6849 -0.171115 0.277306 2.49576 80 2 25 10 47666 0 
-101.347 27.6849 -0.171122 0.277306 2.49576 80 2 25 10 47667 0 
-101.338 27.6849 -0.171129 0.277306 2.49576 80 2 25 10 47668 0 
-101.329 27.6848 -0.171136 0.277306 2.49576 80 2 25 10 47669 0 
-101.319 27.6848 -0.171143 0.277306 2.49576 80 2 25 10 47670 0 
-101.31 27.6848 -0.17115 0.277306 2.49576 80 2 25 10 47671 0 
-101.301 27.6848 -0.171157 0.277306 2.49576 80 2 25 10 47672 0 
-101.292 27.6847 -0.171164 0.277306 2.49576 80 2 25 10 47673 0 
-101.282 27.6847 -0.171171 0.277306 2.49576 80 2 25 10 47674 0 
-101.273 27.6847 -0.171179 0.277306 2.49576 80 2 25 10 47675 0 
-101.264 27.6847 -0.171186 0.277306 2.49576 80 2 25 10 47676 0 
-101.255 27.6846 -0.171193 0.277306 2.49576 80 2 25 10 47677 0 
-101.245 27.6846 -0.1712 0.277306 2.49576 80 2 25 10 47678 0 
-101.236 27.6846 -0.171207 0.277306 2.49576 80 2 25 10 47679 0 
-101.227 27.6845 -0.171214 0.277306 2.49576 80 2 25 10 47680 0 
-101.218 27.6845 -0.171221 0.277306 2.49576 80 2 25 10 47681 0 
-101.208 27.6845 -0.171228 0.277306 2.49576 80 2 25 10 47682 0 
-101.199 27.6845 -0.171235 0.277306 2.49576 80 2 25 10 47683 0 
-101.19 27.6844 -0.171242 0.277306 2.49576 80 2 25 10 47684 0 
-101.181 27.6844 -0.17125 0.277306 2.49576 80 2 25 10 47685 0 
-101.171 27.6844 -0.171257 0.277306 2.49576 80 2 25 10 47686 0 
-101.162 27.6844 -0.171264 0.277306 2.49576 80 2 25 10 47687 0 
-101.153 27.6843 -0.171271 0.277306 2.49576 80 2 25 10 47688 0 
-101.144 27.6843 -0.171278 0.277306 2.49576 80 2 25 10 47689 0 
-101.134 27.6843 -0.171285 0.277306 2.49576 80 2 25 10 47690 0 
-101.125 27.6843 -0.171292 0.277306 2.49576 80 2 25 10 47691 0 
-101.116 27.6842 -0.171299 0.277306 2.49576 80 2 25 10 47692 0 
-101.107 27.6842 -0.171306 0.277306 2.49576 80 2 25 10 47693 0 
-101.097 27.6842 -0.171314 0.277306 2.49576 80 2 25 10 47694 0 
-101.088 27.6841 -0.171321 0.277306 2.49576 80 2 25 10 47695 0 
-101.079 27.6841 -0.171328 0.277306 2.49576 80 2 25 10 47696 0 
-101.07 27.6841 -0.171335 0.277306 2.49576 80 2 25 10 47697 0 
-101.06 27.6841 -0.171342 0.277306 2.49576 80 2 25 10 47698 0 
-101.051 27.684 -0.171349 0.277306 2.49576 80 2 25 10 47699 0 
-101.042 27.684 -0.171356 0.277306 2.49576 80 2 25 10 47700 0 
-101.033 27.684 -0.171363 0.277306 2.49576 80 2 25 10 47701 0 
-101.023 27.684 -0.171371 0.277306 2.49576 80 2 25 10 47702 0 
-101.014 27.6839 -0.171378 0.277306 2.49576 80 2 25 10 47703 0 
-101.005 27.6839 -0.171385 0.277306 2.49576 80 2 25 10 47704 0 
-100.996 27.6839 -0.171392 0.277306 2.49576 80 2 25 10 47705 0 
-100.986 27.6839 -0.171399 0.277306 2.49576 80 2 25 10 47706 0 
-100.977 27.6838 -0.171406 0.277306 2.49576 80 2 25 10 47707 0 
-100.968 27.6838 -0.171413 0.277306 2.49576 80 2 25 10 47708 0 
-100.959 27.6838 -0.17142 0.277306 2.49576 80 2 25 10 47709 0 
-100.949 27.6837 -0.171428 0.277306 2.49576 80 2 25 10 47710 0 
-100.94 27.6837 -0.171435 0.277306 2.49576 80 2 25 10 47711 0 
-100.931 27.6837 -0.171442 0.277306 2.49576 80 2 25 10 47712 0 
-100.922 27.6837 -0.171449 0.277306 2.49576 80 2 25 10 47713 0 
-100.912 27.6836 -0.171456 0.277306 2.49576 80 2 25 10 47714 0 
-100.903 27.6836 -0.171463 0.277306 2.49576 80 2 25 10 47715 0 
-100.894 27.6836 -0.17147 0.277306 2.49576 80 2 25 10 47716 0 
-100.885 27.6835 -0.171477 0.277306 2.49576 80 2 25 10 47717 0 
-100.875 27.6835 -0.171485 0.277306 2.49576 80 2 25 10 47718 0 
-100.866 27.6835 -0.171492 0.277306 2.49576 80 2 25 10 47719 0 
-100.857 27.6835 -0.171499 0.277306 2.49576 80 2 25 10 47720 0 
-100.848 27.6834 -0.171506 0.277306 2.49576 80 2 25 10 47721 0 
-100.839 27.6834 -0.171513 0.277306 2.49576 80 2 25 10 47722 0 
-100.829 27.6834 -0.17152 0.277306 2.49576 80 2 25 10 47723 0 
-100.82 27.6833 -0.171527 0.277306 2.49576 80 2 25 10 47724 0 
-100.811 27.6833 -0.171534 0.277306 2.49576 80 2 25 10 47725 0 
-100.802 27.6833 -0.171541 0.277306 2.49576 80 2 25 10 47726 0 
-100.792 27.6833 -0.171549 0.277306 2.49576 80 2 25 10 47727 0 
-100.783 27.6832 -0.171556 0.277306 2.49576 80 2 25 10 47728 0 
-100.774 27.6832 -0.171563 0.277306 2.49576 80 2 25 10 47729 0 
-100.765 27.6832 -0.17157 0.277306 2.49576 80 2 25 10 47730 0 
-100.755 27.6831 -0.171577 0.277306 2.49576 80 2 25 10 47731 0 
-100.746 27.6831 -0.171584 0.277306 2.49576 80 2 25 10 47732 0 
-100.737 27.6831 -0.171591 0.277306 2.49576 80 2 25 10 47733 0 
-100.728 27.6831 -0.171598 0.277306 2.49576 80 2 25 10 47734 0 
-100.718 27.683 -0.171605 0.277306 2.49576 80 2 25 10 47735 0 
-100.709 27.683 -0.171612 0.277306 2.49576 80 2 25 10 47736 0 
-100.7 27.683 -0.17162 0.277306 2.49576 80 2 25 10 47737 0 
-100.691 27.6829 -0.171627 0.277306 2.49576 80 2 25 10 47738 0 
-100.681 27.6829 -0.171634 0.277306 2.49576 80 2 25 10 47739 0 
-100.672 27.6829 -0.171641 0.277306 2.49576 80 2 25 10 47740 0 
-100.663 27.6829 -0.171648 0.277306 2.49576 80 2 25 10 47741 0 
-100.654 27.6828 -0.171655 0.277306 2.49576 80 2 25 10 47742 0 
-100.644 27.6828 -0.171662 0.277306 2.49576 80 2 25 10 47743 0 
-100.635 27.6828 -0.171669 0.277306 2.49576 80 2 25 10 47744 0 
-100.626 27.6827 -0.171676 0.277306 2.49576 80 2 25 10 47745 0 
-100.617 27.6827 -0.171684 0.277306 2.49576 80 2 25 10 47746 0 
-100.607 27.6827 -0.171691 0.277306 2.49576 80 2 25 10 47747 0 
-100.598 27.6827 -0.171698 0.277306 2.49576 80 2 25 10 47748 0 
-100.589 27.6826 -0.171705 0.277306 2.49576 80 2 25 10 47749 0 
-100.58 27.6826 -0.171712 0.277306 2.49576 80 2 25 10 47750 0 
-100.57 27.6826 -0.171719 0.277306 2.49576 80 2 25 10 47751 0 
-100.561 27.6825 -0.171726 0.277306 2.49576 80 2 25 10 47752 0 
-100.552 27.6825 -0.171733 0.277306 2.49576 80 2 25 10 47753 0 
-100.543 27.6825 -0.17174 0.277306 2.49576 80 2 25 10 47754 0 
-100.533 27.6825 -0.171747 0.277306 2.49576 80 2 25 10 47755 0 
-100.524 27.6824 -0.171754 0.277306 2.49576 80 2 25 10 47756 0 
-100.515 27.6824 -0.171762 0.277306 2.49576 80 2 25 10 47757 0 
-100.506 27.6824 -0.171769 0.277306 2.49576 80 2 25 10 47758 0 
-100.496 27.6823 -0.171776 0.277306 2.49576 80 2 25 10 47759 0 
-100.487 27.6823 -0.171783 0.277306 2.49576 80 2 25 10 47760 0 
-100.478 27.6823 -0.17179 0.277306 2.49576 80 2 25 10 47761 0 
-100.469 27.6823 -0.171797 0.277306 2.49576 80 2 25 10 47762 0 
-100.459 27.6822 -0.171804 0.277306 2.49576 80 2 25 10 47763 0 
-100.45 27.6822 -0.171811 0.277306 2.49576 80 2 25 10 47764 0 
-100.441 27.6822 -0.171818 0.277306 2.49576 80 2 25 10 47765 0 
-100.432 27.6821 -0.171825 0.277306 2.49576 80 2 25 10 47766 0 
-100.422 27.6821 -0.171832 0.277306 2.49576 80 2 25 10 47767 0 
-100.413 27.6821 -0.17184 0.277306 2.49576 80 2 25 10 47768 0 
-100.404 27.6821 -0.171847 0.277306 2.49576 80 2 25 10 47769 0 
-100.395 27.682 -0.171854 0.277306 2.49576 80 2 25 10 47770 0 
-100.385 27.682 -0.171861 0.277306 2.49576 80 2 25 10 47771 0 
-100.376 27.682 -0.171868 0.277306 2.49576 80 2 25 10 47772 0 
-100.367 27.6819 -0.171875 0.277306 2.49576 80 2 25 10 47773 0 
-100.358 27.6819 -0.171882 0.277306 2.49576 80 2 25 10 47774 0 
-100.348 27.6819 -0.171889 0.277306 2.49576 80 2 25 10 47775 0 
-100.339 27.6819 -0.171896 0.277306 2.49576 80 2 25 10 47776 0 
-100.33 27.6818 -0.171903 0.277306 2.49576 80 2 25 10 47777 0 
-100.321 27.6818 -0.17191 0.277306 2.49576 80 2 25 10 47778 0 
-100.311 27.6818 -0.171918 0.277306 2.49576 80 2 25 10 47779 0 
-100.302 27.6817 -0.171925 0.277306 2.49576 80 2 25 10 47780 0 
-100.293 27.6817 -0.171932 0.277306 2.49576 80 2 25 10 47781 0 
-100.284 27.6817 -0.171939 0.277306 2.49576 80 2 25 10 47782 0 
-100.274 27.6817 -0.171946 0.277306 2.49576 80 2 25 10 47783 0 
-100.265 27.6816 -0.171953 0.277306 2.49576 80 2 25 10 47784 0 
-100.256 27.6816 -0.17196 0.277306 2.49576 80 2 25 10 47785 0 
-100.247 27.6816 -0.171967 0.277306 2.49576 80 2 25 10 47786 0 
-100.237 27.6815 -0.171974 0.277306 2.49576 80 2 25 10 47787 0 
-100.228 27.6815 -0.171981 0.277306 2.49576 80 2 25 10 47788 0 
-100.219 27.6815 -0.171989 0.277306 2.49576 80 2 25 10 47789 0 
-100.21 27.6815 -0.171996 0.277306 2.49576 80 2 25 10 47790 0 
-100.2 27.6814 -0.172003 0.277306 2.49576 80 2 25 10 47791 0 
-100.191 27.6814 -0.17201 0.277306 2.49576 80 2 25 10 47792 0 
-100.182 27.6814 -0.172017 0.277306 2.49576 80 2 25 10 47793 0 
-100.173 27.6813 -0.172024 0.277306 2.49576 80 2 25 10 47794 0 
-100.163 27.6813 -0.172031 0.277306 2.49576 80 2 25 10 47795 0 
-100.154 27.6813 -0.172038 0.277306 2.49576 80 2 25 10 47796 0 
-100.145 27.6813 -0.172045 0.277306 2.49576 80 2 25 10 47797 0 
-100.136 27.6812 -0.172052 0.277306 2.49576 80 2 25 10 47798 0 
-100.126 27.6812 -0.172059 0.277306 2.49576 80 2 25 10 47799 0 
-100.117 27.6812 -0.172067 0.277306 2.49576 80 2 25 10 47800 0 
-100.108 27.6811 -0.172074 0.277306 2.49576 80 2 25 10 47801 0 
-100.099 27.6811 -0.172081 0.277306 2.49576 80 2 25 10 47802 0 
-100.09 27.6811 -0.172088 0.277306 2.49576 80 2 25 10 47803 0 
-100.08 27.6811 -0.172095 0.277306 2.49576 80 2 25 10 47804 0 
-100.071 27.681 -0.172102 0.277306 2.49576 80 2 25 10 47805 0 
-100.062 27.681 -0.172109 0.277306 2.49576 80 2 25 10 47806 0 
-100.053 27.681 -0.172116 0.277306 2.49576 80 2 25 10 47807 0 
-100.043 27.6809 -0.172123 0.277306 2.49576 80 2 25 10 47808 0 
-100.034 27.6809 -0.17213 0.277306 2.49576 80 2 25 10 47809 0 
-100.025 27.6809 -0.172138 0.277306 2.49576 80 2 25 10 47810 0 
-100.016 27.6809 -0.172145 0.277306 2.49576 80 2 25 10 47811 0 
-100.006 27.6808 -0.172152 0.277306 2.49576 80 2 25 10 47812 0 
-99.997 27.6808 -0.172159 0.277306 2.49576 80 2 25 10 47813 0 
-99.9878 27.6808 -0.172166 0.277306 2.49576 80 2 25 10 47814 0 
-99.9785 27.6807 -0.172173 0.277306 2.49576 80 2 25 10 47815 0 
-99.9693 27.6807 -0.17218 0.277306 2.49576 80 2 25 10 47816 0 
-99.9601 27.6807 -0.172187 0.277306 2.49576 80 2 25 10 47817 0 
-99.9508 27.6807 -0.172194 0.277306 2.49576 80 2 25 10 47818 0 
-99.9416 27.6806 -0.172202 0.277306 2.49576 80 2 25 10 47819 0 
-99.9323 27.6806 -0.172209 0.277306 2.49576 80 2 25 10 47820 0 
-99.9231 27.6806 -0.172216 0.277306 2.49576 80 2 25 10 47821 0 
-99.9138 27.6805 -0.172223 0.277306 2.49576 80 2 25 10 47822 0 
-99.9046 27.6805 -0.17223 0.277306 2.49576 80 2 25 10 47823 0 
-99.8953 27.6805 -0.172237 0.277306 2.49576 80 2 25 10 47824 0 
-99.8861 27.6805 -0.172244 0.277306 2.49576 80 2 25 10 47825 0 
-99.8768 27.6804 -0.172251 0.277306 2.49576 80 2 25 10 47826 0 
-99.8676 27.6804 -0.172258 0.277306 2.49576 80 2 25 10 47827 0 
-99.8583 27.6804 -0.172265 0.277306 2.49576 80 2 25 10 47828 0 
-99.8491 27.6803 -0.172273 0.277306 2.49576 80 2 25 10 47829 0 
-99.8398 27.6803 -0.17228 0.277306 2.49576 80 2 25 10 47830 0 
-99.8306 27.6803 -0.172287 0.277306 2.49576 80 2 25 10 47831 0 
-99.8214 27.6803 -0.172294 0.277306 2.49576 80 2 25 10 47832 0 
-99.8121 27.6802 -0.172301 0.277306 2.49576 80 2 25 10 47833 0 
-99.8029 27.6802 -0.172308 0.277306 2.49576 80 2 25 10 47834 0 
-99.7936 27.6802 -0.172315 0.277306 2.49576 80 2 25 10 47835 0 
-99.7844 27.6801 -0.172322 0.277306 2.49576 80 2 25 10 47836 0 
-99.7751 27.6801 -0.172329 0.277306 2.49576 80 2 25 10 47837 0 
-99.7659 27.6801 -0.172337 0.277306 2.49576 80 2 25 10 47838 0 
-99.7566 27.6801 -0.172344 0.277306 2.49576 80 2 25 10 47839 0 
-99.7474 27.68 -0.172351 0.277306 2.49576 80 2 25 10 47840 0 
-99.7381 27.68 -0.172358 0.277306 2.49576 80 2 25 10 47841 0 
-99.7289 27.68 -0.172365 0.277306 2.49576 80 2 25 10 47842 0 
-99.7196 27.6799 -0.172372 0.277306 2.49576 80 2 25 10 47843 0 
-99.7104 27.6799 -0.172379 0.277306 2.49576 80 2 25 10 47844 0 
-99.7011 27.6799 -0.172386 0.277306 2.49576 80 2 25 10 47845 0 
-99.6919 27.6799 -0.172394 0.277306 2.49576 80 2 25 10 47846 0 
-99.6826 27.6798 -0.172401 0.277306 2.49576 80 2 25 10 47847 0 
-99.6734 27.6798 -0.172408 0.277306 2.49576 80 2 25 10 47848 0 
-99.6642 27.6798 -0.172415 0.277306 2.49576 80 2 25 10 47849 0 
-99.6549 27.6797 -0.172422 0.277306 2.49576 80 2 25 10 47850 0 
-99.6457 27.6797 -0.172429 0.277306 2.49576 80 2 25 10 47851 0 
-99.6364 27.6797 -0.172436 0.277306 2.49576 80 2 25 10 47852 0 
-99.6272 27.6797 -0.172443 0.277306 2.49576 80 2 25 10 47853 0 
-99.6179 27.6796 -0.17245 0.277306 2.49576 80 2 25 10 47854 0 
-99.6087 27.6796 -0.172458 0.277306 2.49576 80 2 25 10 47855 0 
-99.5994 27.6796 -0.172465 0.277306 2.49576 80 2 25 10 47856 0 
-99.5902 27.6795 -0.172472 0.277306 2.49576 80 2 25 10 47857 0 
-99.5809 27.6795 -0.172479 0.277306 2.49576 80 2 25 10 47858 0 
-99.5717 27.6795 -0.172486 0.277306 2.49576 80 2 25 10 47859 0 
-99.5624 27.6795 -0.172493 0.277306 2.49576 80 2 25 10 47860 0 
-99.5532 27.6794 -0.1725 0.277306 2.49576 80 2 25 10 47861 0 
-99.5439 27.6794 -0.172507 0.277306 2.49576 80 2 25 10 47862 0 
-99.5347 27.6794 -0.172515 0.277306 2.49576 80 2 25 10 47863 0 
-99.5255 27.6793 -0.172522 0.277306 2.49576 80 2 25 10 47864 0 
-99.5162 27.6793 -0.172529 0.277306 2.49576 80 2 25 10 47865 0 
-99.507 27.6793 -0.172536 0.277306 2.49576 80 2 25 10 47866 0 
-99.4977 27.6793 -0.172543 0.277306 2.49576 80 2 25 10 47867 0 
-99.4885 27.6792 -0.17255 0.277306 2.49576 80 2 25 10 47868 0 
-99.4792 27.6792 -0.172557 0.277306 2.49576 80 2 25 10 47869 0 
-99.47 27.6792 -0.172564 0.277306 2.49576 80 2 25 10 47870 0 
-99.4607 27.6791 -0.172572 0.277306 2.49576 80 2 25 10 47871 0 
-99.4515 27.6791 -0.172579 0.277306 2.49576 80 2 25 10 47872 0 
-99.4422 27.6791 -0.172586 0.277306 2.49576 80 2 25 10 47873 0 
-99.433 27.6791 -0.172593 0.277306 2.49576 80 2 25 10 47874 0 
-99.4237 27.679 -0.1726 0.277306 2.49576 80 2 25 10 47875 0 
-99.4145 27.679 -0.172607 0.277306 2.49576 80 2 25 10 47876 0 
-99.4052 27.679 -0.172614 0.277306 2.49576 80 2 25 10 47877 0 
-99.396 27.6789 -0.172622 0.277306 2.49576 80 2 25 10 47878 0 
-99.3867 27.6789 -0.172629 0.277306 2.49576 80 2 25 10 47879 0 
-99.3775 27.6789 -0.172636 0.277306 2.49576 80 2 25 10 47880 0 
-99.3683 27.6789 -0.172643 0.277306 2.49576 80 2 25 10 47881 0 
-99.359 27.6788 -0.17265 0.277306 2.49576 80 2 25 10 47882 0 
-99.3498 27.6788 -0.172657 0.277306 2.49576 80 2 25 10 47883 0 
-99.3405 27.6788 -0.172664 0.277306 2.49576 80 2 25 10 47884 0 
-99.3313 27.6787 -0.172672 0.277306 2.49576 80 2 25 10 47885 0 
-99.322 27.6787 -0.172679 0.277306 2.49576 80 2 25 10 47886 0 
-99.3128 27.6787 -0.172686 0.277306 2.49576 80 2 25 10 47887 0 
-99.3035 27.6787 -0.172693 0.277306 2.49576 80 2 25 10 47888 0 
-99.2943 27.6786 -0.1727 0.277306 2.49576 80 2 25 10 47889 0 
-99.285 27.6786 -0.172707 0.277306 2.49576 80 2 25 10 47890 0 
-99.2758 27.6786 -0.172714 0.277306 2.49576 80 2 25 10 47891 0 
-99.2665 27.6785 -0.172721 0.277306 2.49576 80 2 25 10 47892 0 
-99.2573 27.6785 -0.172729 0.277306 2.49576 80 2 25 10 47893 0 
-99.248 27.6785 -0.172736 0.277306 2.49576 80 2 25 10 47894 0 
-99.2388 27.6785 -0.172743 0.277306 2.49576 80 2 25 10 47895 0 
-99.2296 27.6784 -0.17275 0.277306 2.49576 80 2 25 10 47896 0 
-99.2203 27.6784 -0.172757 0.277306 2.49576 80 2 25 10 47897 0 
-99.2111 27.6784 -0.172764 0.277306 2.49576 80 2 25 10 47898 0 
-99.2018 27.6783 -0.172772 0.277306 2.49576 80 2 25 10 47899 0 
-99.1926 27.6783 -0.172779 0.277306 2.49576 80 2 25 10 47900 0 
-99.1833 27.6783 -0.172786 0.277306 2.49576 80 2 25 10 47901 0 
-99.1741 27.6783 -0.172793 0.277306 2.49576 80 2 25 10 47902 0 
-99.1648 27.6782 -0.1728 0.277306 2.49576 80 2 25 10 47903 0 
-99.1556 27.6782 -0.172807 0.277306 2.49576 80 2 25 10 47904 0 
-99.1463 27.6782 -0.172814 0.277306 2.49576 80 2 25 10 47905 0 
-99.1371 27.6781 -0.172822 0.277306 2.49576 80 2 25 10 47906 0 
-99.1278 27.6781 -0.172829 0.277306 2.49576 80 2 25 10 47907 0 
-99.1186 27.6781 -0.172836 0.277306 2.49576 80 2 25 10 47908 0 
-99.1093 27.6781 -0.172843 0.277306 2.49576 80 2 25 10 47909 0 
-99.1001 27.678 -0.17285 0.277306 2.49576 80 2 25 10 47910 0 
-99.0909 27.678 -0.172857 0.277306 2.49576 80 2 25 10 47911 0 
-99.0816 27.678 -0.172865 0.277306 2.49576 80 2 25 10 47912 0 
-99.0724 27.6779 -0.172872 0.277306 2.49576 80 2 25 10 47913 0 
-99.0631 27.6779 -0.172879 0.277306 2.49576 80 2 25 10 47914 0 
-99.0539 27.6779 -0.172886 0.277306 2.49576 80 2 25 10 47915 0 
-99.0446 27.6779 -0.172893 0.277306 2.49576 80 2 25 10 47916 0 
-99.0354 27.6778 -0.1729 0.277306 2.49576 80 2 25 10 47917 0 
-99.0261 27.6778 -0.172907 0.277306 2.49576 80 2 25 10 47918 0 
-99.0169 27.6778 -0.172915 0.277306 2.49576 80 2 25 10 47919 0 
-99.0076 27.6777 -0.172922 0.277306 2.49576 80 2 25 10 47920 0 
-98.9984 27.6777 -0.172929 0.277306 2.49576 80 2 25 10 47921 0 
-98.9891 27.6777 -0.172936 0.277306 2.49576 80 2 25 10 47922 0 
-98.9799 27.6777 -0.172943 0.277306 2.49576 80 2 25 10 47923 0 
-98.9706 27.6776 -0.17295 0.277306 2.49576 80 2 25 10 47924 0 
-98.9614 27.6776 -0.172958 0.277306 2.49576 80 2 25 10 47925 0 
-98.9521 27.6776 -0.172965 0.277306 2.49576 80 2 25 10 47926 0 
-98.9429 27.6775 -0.172972 0.277306 2.49576 80 2 25 10 47927 0 
-98.9337 27.6775 -0.172979 0.277306 2.49576 80 2 25 10 47928 0 
-98.9244 27.6775 -0.172986 0.277306 2.49576 80 2 25 10 47929 0 
-98.9152 27.6775 -0.172993 0.277306 2.49576 80 2 25 10 47930 0 
-98.9059 27.6774 -0.173001 0.277306 2.49576 80 2 25 10 47931 0 
-98.8967 27.6774 -0.173008 0.277306 2.49576 80 2 25 10 47932 0 
-98.8874 27.6774 -0.173015 0.277306 2.49576 80 2 25 10 47933 0 
-98.8782 27.6773 -0.173022 0.277306 2.49576 80 2 25 10 47934 0 
-98.8689 27.6773 -0.173029 0.277306 2.49576 80 2 25 10 47935 0 
-98.8597 27.6773 -0.173036 0.277306 2.49576 80 2 25 10 47936 0 
-98.8504 27.6773 -0.173044 0.277306 2.49576 80 2 25 10 47937 0 
-98.8412 27.6772 -0.173051 0.277306 2.49576 80 2 25 10 47938 0 
-98.8319 27.6772 -0.173058 0.277306 2.49576 80 2 25 10 47939 0 
-98.8227 27.6772 -0.173065 0.277306 2.49576 80 2 25 10 47940 0 
-98.8134 27.6771 -0.173072 0.277306 2.49576 80 2 25 10 47941 0 
-98.8042 27.6771 -0.17308 0.277306 2.49576 80 2 25 10 47942 0 
-98.795 27.6771 -0.173087 0.277306 2.49576 80 2 25 10 47943 0 
-98.7857 27.6771 -0.173094 0.277306 2.49576 80 2 25 10 47944 0 
-98.7765 27.677 -0.173101 0.277306 2.49576 80 2 25 10 47945 0 
-98.7672 27.677 -0.173108 0.277306 2.49576 80 2 25 10 47946 0 
-98.758 27.677 -0.173115 0.277306 2.49576 80 2 25 10 47947 0 
-98.7487 27.6769 -0.173123 0.277306 2.49576 80 2 25 10 47948 0 
-98.7395 27.6769 -0.17313 0.277306 2.49576 80 2 25 10 47949 0 
-98.7302 27.6769 -0.173137 0.277306 2.49576 80 2 25 10 47950 0 
-98.721 27.6769 -0.173144 0.277306 2.49576 80 2 25 10 47951 0 
-98.7117 27.6768 -0.173151 0.277306 2.49576 80 2 25 10 47952 0 
-98.7025 27.6768 -0.173159 0.277306 2.49576 80 2 25 10 47953 0 
-98.6932 27.6768 -0.173166 0.277306 2.49576 80 2 25 10 47954 0 
-98.684 27.6767 -0.173173 0.277306 2.49576 80 2 25 10 47955 0 
-98.6747 27.6767 -0.17318 0.277306 2.49576 80 2 25 10 47956 0 
-98.6655 27.6767 -0.173187 0.277306 2.49576 80 2 25 10 47957 0 
-98.6562 27.6767 -0.173194 0.277306 2.49576 80 2 25 10 47958 0 
-98.647 27.6766 -0.173202 0.277306 2.49576 80 2 25 10 47959 0 
-98.6378 27.6766 -0.173209 0.277306 2.49576 80 2 25 10 47960 0 
-98.6285 27.6766 -0.173216 0.277306 2.49576 80 2 25 10 47961 0 
-98.6193 27.6765 -0.173223 0.277306 2.49576 80 2 25 10 47962 0 
-98.61 27.6765 -0.17323 0.277306 2.49576 80 2 25 10 47963 0 
-98.6008 27.6765 -0.173238 0.277306 2.49576 80 2 25 10 47964 0 
-98.5915 27.6765 -0.173245 0.277306 2.49576 80 2 25 10 47965 0 
-98.5823 27.6764 -0.173252 0.277306 2.49576 80 2 25 10 47966 0 
-98.573 27.6764 -0.173259 0.277306 2.49576 80 2 25 10 47967 0 
-98.5638 27.6764 -0.173266 0.277306 2.49576 80 2 25 10 47968 0 
-98.5545 27.6763 -0.173274 0.277306 2.49576 80 2 25 10 47969 0 
-98.5453 27.6763 -0.173281 0.277306 2.49576 80 2 25 10 47970 0 
-98.536 27.6763 -0.173288 0.277306 2.49576 80 2 25 10 47971 0 
-98.5268 27.6763 -0.173295 0.277306 2.49576 80 2 25 10 47972 0 
-98.5175 27.6762 -0.173302 0.277306 2.49576 80 2 25 10 47973 0 
-98.5083 27.6762 -0.17331 0.277306 2.49576 80 2 25 10 47974 0 
-98.4991 27.6762 -0.173317 0.277306 2.49576 80 2 25 10 47975 0 
-98.4898 27.6761 -0.173324 0.277306 2.49576 80 2 25 10 47976 0 
-98.4806 27.6761 -0.173331 0.277306 2.49576 80 2 25 10 47977 0 
-98.4713 27.6761 -0.173338 0.277306 2.49576 80 2 25 10 47978 0 
-98.4621 27.6761 -0.173346 0.277306 2.49576 80 2 25 10 47979 0 
-98.4528 27.676 -0.173353 0.277306 2.49576 80 2 25 10 47980 0 
-98.4436 27.676 -0.17336 0.277306 2.49576 80 2 25 10 47981 0 
-98.4343 27.676 -0.173367 0.277306 2.49576 80 2 25 10 47982 0 
-98.4251 27.6759 -0.173374 0.277306 2.49576 80 2 25 10 47983 0 
-98.4158 27.6759 -0.173382 0.277306 2.49576 80 2 25 10 47984 0 
-98.4066 27.6759 -0.173389 0.277306 2.49576 80 2 25 10 47985 0 
-98.3973 27.6759 -0.173396 0.277306 2.49576 80 2 25 10 47986 0 
-98.3881 27.6758 -0.173403 0.277306 2.49576 80 2 25 10 47987 0 
-98.3788 27.6758 -0.17341 0.277306 2.49576 80 2 25 10 47988 0 
-98.3696 27.6758 -0.173418 0.277306 2.49576 80 2 25 10 47989 0 
-98.3604 27.6757 -0.173425 0.277306 2.49576 80 2 25 10 47990 0 
-98.3511 27.6757 -0.173432 0.277306 2.49576 80 2 25 10 47991 0 
-98.3419 27.6757 -0.173439 0.277306 2.49576 80 2 25 10 47992 0 
-98.3326 27.6757 -0.173447 0.277306 2.49576 80 2 25 10 47993 0 
-98.3234 27.6756 -0.173454 0.277306 2.49576 80 2 25 10 47994 0 
-98.3141 27.6756 -0.173461 0.277306 2.49576 80 2 25 10 47995 0 
-98.3049 27.6756 -0.173468 0.277306 2.49576 80 2 25 10 47996 0 
-98.2956 27.6755 -0.173475 0.277306 2.49576 80 2 25 10 47997 0 
-98.2864 27.6755 -0.173483 0.277306 2.49576 80 2 25 10 47998 0 
-98.2771 27.6755 -0.17349 0.277306 2.49576 80 2 25 10 47999 0 
-98.2679 27.6755 -0.173497 0.277306 2.49576 80 2 25 10 48000 0 
-98.2586 27.6754 -0.173504 0.277306 2.49576 80 2 25 10 48001 0 
-98.2494 27.6754 -0.173511 0.277306 2.49576 80 2 25 10 48002 0 
-98.2401 27.6754 -0.173519 0.277306 2.49576 80 2 25 10 48003 0 
-98.2309 27.6753 -0.173526 0.277306 2.49576 80 2 25 10 48004 0 
-98.2216 27.6753 -0.173533 0.277306 2.49576 80 2 25 10 48005 0 
-98.2124 27.6753 -0.17354 0.277306 2.49576 80 2 25 10 48006 0 
-98.2032 27.6753 -0.173548 0.277306 2.49576 80 2 25 10 48007 0 
-98.1939 27.6752 -0.173555 0.277306 2.49576 80 2 25 10 48008 0 
-98.1847 27.6752 -0.173562 0.277306 2.49576 80 2 25 10 48009 0 
-98.1754 27.6752 -0.173569 0.277306 2.49576 80 2 25 10 48010 0 
-98.1662 27.6751 -0.173577 0.277306 2.49576 80 2 25 10 48011 0 
-98.1569 27.6751 -0.173584 0.277306 2.49576 80 2 25 10 48012 0 
-98.1477 27.6751 -0.173591 0.277306 2.49576 80 2 25 10 48013 0 
-98.1384 27.6751 -0.173598 0.277306 2.49576 80 2 25 10 48014 0 
-98.1292 27.675 -0.173605 0.277306 2.49576 80 2 25 10 48015 0 
-98.1199 27.675 -0.173613 0.277306 2.49576 80 2 25 10 48016 0 
-98.1107 27.675 -0.17362 0.277306 2.49576 80 2 25 10 48017 0 
-98.1014 27.6749 -0.173627 0.277306 2.49576 80 2 25 10 48018 0 
-98.0922 27.6749 -0.173634 0.277306 2.49576 80 2 25 10 48019 0 
-98.0829 27.6749 -0.173642 0.277306 2.49576 80 2 25 10 48020 0 
-98.0737 27.6749 -0.173649 0.277306 2.49576 80 2 25 10 48021 0 
-98.0645 27.6748 -0.173656 0.277306 2.49576 80 2 25 10 48022 0 
-98.0552 27.6748 -0.173663 0.277306 2.49576 80 2 25 10 48023 0 
-98.046 27.6748 -0.173671 0.277306 2.49576 80 2 25 10 48024 0 
-98.0367 27.6747 -0.173678 0.277306 2.49576 80 2 25 10 48025 0 
-98.0275 27.6747 -0.173685 0.277306 2.49576 80 2 25 10 48026 0 
-98.0182 27.6747 -0.173692 0.277306 2.49576 80 2 25 10 48027 0 
-98.009 27.6747 -0.1737 0.277306 2.49576 80 2 25 10 48028 0 
-97.9997 27.6746 -0.173707 0.277306 2.49576 80 2 25 10 48029 0 
-97.9905 27.6746 -0.173714 0.277306 2.49576 80 2 25 10 48030 0 
-97.9812 27.6746 -0.173721 0.277306 2.49576 80 2 25 10 48031 0 
-97.972 27.6745 -0.173728 0.277306 2.49576 80 2 25 10 48032 0 
-97.9627 27.6745 -0.173736 0.277306 2.49576 80 2 25 10 48033 0 
-97.9535 27.6745 -0.173743 0.277306 2.49576 80 2 25 10 48034 0 
-97.9442 27.6744 -0.17375 0.277306 2.49576 80 2 25 10 48035 0 
-97.935 27.6744 -0.173757 0.277306 2.49576 80 2 25 10 48036 0 
-97.9258 27.6744 -0.173765 0.277306 2.49576 80 2 25 10 48037 0 
-97.9165 27.6744 -0.173772 0.277306 2.49576 80 2 25 10 48038 0 
-97.9073 27.6743 -0.173779 0.277306 2.49576 80 2 25 10 48039 0 
-97.898 27.6743 -0.173786 0.277306 2.49576 80 2 25 10 48040 0 
-97.8888 27.6743 -0.173794 0.277306 2.49576 80 2 25 10 48041 0 
-97.8795 27.6742 -0.173801 0.277306 2.49576 80 2 25 10 48042 0 
-97.8703 27.6742 -0.173808 0.277306 2.49576 80 2 25 10 48043 0 
-97.861 27.6742 -0.173815 0.277306 2.49576 80 2 25 10 48044 0 
-97.8518 27.6742 -0.173823 0.277306 2.49576 80 2 25 10 48045 0 
-97.8425 27.6741 -0.17383 0.277306 2.49576 80 2 25 10 48046 0 
-97.8333 27.6741 -0.173837 0.277306 2.49576 80 2 25 10 48047 0 
-97.824 27.6741 -0.173844 0.277306 2.49576 80 2 25 10 48048 0 
-97.8148 27.674 -0.173852 0.277306 2.49576 80 2 25 10 48049 0 
-97.8055 27.674 -0.173859 0.277306 2.49576 80 2 25 10 48050 0 
-97.7963 27.674 -0.173866 0.277306 2.49576 80 2 25 10 48051 0 
-97.787 27.674 -0.173874 0.277306 2.49576 80 2 25 10 48052 0 
-97.7778 27.6739 -0.173881 0.277306 2.49576 80 2 25 10 48053 0 
-97.7686 27.6739 -0.173888 0.277306 2.49576 80 2 25 10 48054 0 
-97.7593 27.6739 -0.173895 0.277306 2.49576 80 2 25 10 48055 0 
-97.7501 27.6738 -0.173903 0.277306 2.49576 80 2 25 10 48056 0 
-97.7408 27.6738 -0.17391 0.277306 2.49576 80 2 25 10 48057 0 
-97.7316 27.6738 -0.173917 0.277306 2.49576 80 2 25 10 48058 0 
-97.7223 27.6738 -0.173924 0.277306 2.49576 80 2 25 10 48059 0 
-97.7131 27.6737 -0.173932 0.277306 2.49576 80 2 25 10 48060 0 
-97.7038 27.6737 -0.173939 0.277306 2.49576 80 2 25 10 48061 0 
-97.6946 27.6737 -0.173946 0.277306 2.49576 80 2 25 10 48062 0 
-97.6853 27.6736 -0.173953 0.277306 2.49576 80 2 25 10 48063 0 
-97.6761 27.6736 -0.173961 0.277306 2.49576 80 2 25 10 48064 0 
-97.6668 27.6736 -0.173968 0.277306 2.49576 80 2 25 10 48065 0 
-97.6576 27.6736 -0.173975 0.277306 2.49576 80 2 25 10 48066 0 
-97.6483 27.6735 -0.173982 0.277306 2.49576 80 2 25 10 48067 0 
-97.6391 27.6735 -0.17399 0.277306 2.49576 80 2 25 10 48068 0 
-97.6299 27.6735 -0.173997 0.277306 2.49576 80 2 25 10 48069 0 
-97.6206 27.6734 -0.174004 0.277306 2.49576 80 2 25 10 48070 0 
-97.6114 27.6734 -0.174012 0.277306 2.49576 80 2 25 10 48071 0 
-97.6021 27.6734 -0.174019 0.277306 2.49576 80 2 25 10 48072 0 
-97.5929 27.6734 -0.174026 0.277306 2.49576 80 2 25 10 48073 0 
-97.5836 27.6733 -0.174033 0.277306 2.49576 80 2 25 10 48074 0 
-97.5744 27.6733 -0.174041 0.277306 2.49576 80 2 25 10 48075 0 
-97.5651 27.6733 -0.174048 0.277306 2.49576 80 2 25 10 48076 0 
-97.5559 27.6732 -0.174055 0.277306 2.49576 80 2 25 10 48077 0 
-97.5466 27.6732 -0.174062 0.277306 2.49576 80 2 25 10 48078 0 
-97.5374 27.6732 -0.17407 0.277306 2.49576 80 2 25 10 48079 0 
-97.5281 27.6732 -0.174077 0.277306 2.49576 80 2 25 10 48080 0 
-97.5189 27.6731 -0.174084 0.277306 2.49576 80 2 25 10 48081 0 
-97.5096 27.6731 -0.174092 0.277306 2.49576 80 2 25 10 48082 0 
-97.5004 27.6731 -0.174099 0.277306 2.49576 80 2 25 10 48083 0 
-97.4911 27.673 -0.174106 0.277306 2.49576 80 2 25 10 48084 0 
-97.4819 27.673 -0.174113 0.277306 2.49576 80 2 25 10 48085 0 
-97.4727 27.673 -0.174121 0.277306 2.49576 80 2 25 10 48086 0 
-97.4634 27.673 -0.174128 0.277306 2.49576 80 2 25 10 48087 0 
-97.4542 27.6729 -0.174135 0.277306 2.49576 80 2 25 10 48088 0 
-97.4449 27.6729 -0.174143 0.277306 2.49576 80 2 25 10 48089 0 
-97.4357 27.6729 -0.17415 0.277306 2.49576 80 2 25 10 48090 0 
-97.4264 27.6728 -0.174157 0.277306 2.49576 80 2 25 10 48091 0 
-97.4172 27.6728 -0.174164 0.277306 2.49576 80 2 25 10 48092 0 
-97.4079 27.6728 -0.174172 0.277306 2.49576 80 2 25 10 48093 0 
-97.3987 27.6728 -0.174179 0.277306 2.49576 80 2 25 10 48094 0 
-97.3894 27.6727 -0.174186 0.277306 2.49576 80 2 25 10 48095 0 
-97.3802 27.6727 -0.174194 0.277306 2.49576 80 2 25 10 48096 0 
-97.3709 27.6727 -0.174201 0.277306 2.49576 80 2 25 10 48097 0 
-97.3617 27.6726 -0.174208 0.277306 2.49576 80 2 25 10 48098 0 
-97.3524 27.6726 -0.174215 0.277306 2.49576 80 2 25 10 48099 0 
-97.3432 27.6726 -0.174223 0.277306 2.49576 80 2 25 10 48100 0 
-97.334 27.6726 -0.17423 0.277306 2.49576 80 2 25 10 48101 0 
-97.3247 27.6725 -0.174237 0.277306 2.49576 80 2 25 10 48102 0 
-97.3155 27.6725 -0.174245 0.277306 2.49576 80 2 25 10 48103 0 
-97.3062 27.6725 -0.174252 0.277306 2.49576 80 2 25 10 48104 0 
-97.297 27.6724 -0.174259 0.277306 2.49576 80 2 25 10 48105 0 
-97.2877 27.6724 -0.174267 0.277306 2.49576 80 2 25 10 48106 0 
-97.2785 27.6724 -0.174274 0.277306 2.49576 80 2 25 10 48107 0 
-97.2692 27.6724 -0.174281 0.277306 2.49576 80 2 25 10 48108 0 
-97.26 27.6723 -0.174288 0.277306 2.49576 80 2 25 10 48109 0 
-97.2507 27.6723 -0.174296 0.277306 2.49576 80 2 25 10 48110 0 
-97.2415 27.6723 -0.174303 0.277306 2.49576 80 2 25 10 48111 0 
-97.2322 27.6722 -0.17431 0.277306 2.49576 80 2 25 10 48112 0 
-97.223 27.6722 -0.174318 0.277306 2.49576 80 2 25 10 48113 0 
-97.2137 27.6722 -0.174325 0.277306 2.49576 80 2 25 10 48114 0 
-97.2045 27.6722 -0.174332 0.277306 2.49576 80 2 25 10 48115 0 
-97.1953 27.6721 -0.17434 0.277306 2.49576 80 2 25 10 48116 0 
-97.186 27.6721 -0.174347 0.277306 2.49576 80 2 25 10 48117 0 
-97.1768 27.6721 -0.174354 0.277306 2.49576 80 2 25 10 48118 0 
-97.1675 27.672 -0.174362 0.277306 2.49576 80 2 25 10 48119 0 
-97.1583 27.672 -0.174369 0.277306 2.49576 80 2 25 10 48120 0 
-97.149 27.672 -0.174376 0.277306 2.49576 80 2 25 10 48121 0 
-97.1398 27.672 -0.174383 0.277306 2.49576 80 2 25 10 48122 0 
-97.1305 27.6719 -0.174391 0.277306 2.49576 80 2 25 10 48123 0 
-97.1213 27.6719 -0.174398 0.277306 2.49576 80 2 25 10 48124 0 
-97.112 27.6719 -0.174405 0.277306 2.49576 80 2 25 10 48125 0 
-97.1028 27.6718 -0.174413 0.277306 2.49576 80 2 25 10 48126 0 
-97.0935 27.6718 -0.17442 0.277306 2.49576 80 2 25 10 48127 0 
-97.0843 27.6718 -0.174427 0.277306 2.49576 80 2 25 10 48128 0 
-97.075 27.6718 -0.174435 0.277306 2.49576 80 2 25 10 48129 0 
-97.0658 27.6717 -0.174442 0.277306 2.49576 80 2 25 10 48130 0 
-97.0565 27.6717 -0.174449 0.277306 2.49576 80 2 25 10 48131 0 
-97.0473 27.6717 -0.174457 0.277306 2.49576 80 2 25 10 48132 0 
-97.0381 27.6716 -0.174464 0.277306 2.49576 80 2 25 10 48133 0 
-97.0288 27.6716 -0.174471 0.277306 2.49576 80 2 25 10 48134 0 
-97.0196 27.6716 -0.174479 0.277306 2.49576 80 2 25 10 48135 0 
-97.0103 27.6716 -0.174486 0.277306 2.49576 80 2 25 10 48136 0 
-97.0011 27.6715 -0.174493 0.277306 2.49576 80 2 25 10 48137 0 
-96.9918 27.6715 -0.174501 0.277306 2.49576 80 2 25 10 48138 0 
-96.9826 27.6715 -0.174508 0.277306 2.49576 80 2 25 10 48139 0 
-96.9733 27.6714 -0.174515 0.277306 2.49576 80 2 25 10 48140 0 
-96.9641 27.6714 -0.174523 0.277306 2.49576 80 2 25 10 48141 0 
-96.9548 27.6714 -0.17453 0.277306 2.49576 80 2 25 10 48142 0 
-96.9456 27.6714 -0.174537 0.277306 2.49576 80 2 25 10 48143 0 
-96.9363 27.6713 -0.174545 0.277306 2.49576 80 2 25 10 48144 0 
-96.9271 27.6713 -0.174552 0.277306 2.49576 80 2 25 10 48145 0 
-96.9178 27.6713 -0.174559 0.277306 2.49576 80 2 25 10 48146 0 
-96.9086 27.6712 -0.174567 0.277306 2.49576 80 2 25 10 48147 0 
-96.8994 27.6712 -0.174574 0.277306 2.49576 80 2 25 10 48148 0 
-96.8901 27.6712 -0.174581 0.277306 2.49576 80 2 25 10 48149 0 
-96.8809 27.6712 -0.174589 0.277306 2.49576 80 2 25 10 48150 0 
-96.8716 27.6711 -0.174596 0.277306 2.49576 80 2 25 10 48151 0 
-96.8624 27.6711 -0.174603 0.277306 2.49576 80 2 25 10 48152 0 
-96.8531 27.6711 -0.174611 0.277306 2.49576 80 2 25 10 48153 0 
-96.8439 27.671 -0.174618 0.277306 2.49576 80 2 25 10 48154 0 
-96.8346 27.671 -0.174625 0.277306 2.49576 80 2 25 10 48155 0 
-96.8254 27.671 -0.174633 0.277306 2.49576 80 2 25 10 48156 0 
-96.8161 27.671 -0.17464 0.277306 2.49576 80 2 25 10 48157 0 
-96.8069 27.6709 -0.174647 0.277306 2.49576 80 2 25 10 48158 0 
-96.7976 27.6709 -0.174655 0.277306 2.49576 80 2 25 10 48159 0 
-96.7884 27.6709 -0.174662 0.277306 2.49576 80 2 25 10 48160 0 
-96.7791 27.6708 -0.174669 0.277306 2.49576 80 2 25 10 48161 0 
-96.7699 27.6708 -0.174677 0.277306 2.49576 80 2 25 10 48162 0 
-96.7607 27.6708 -0.174684 0.277306 2.49576 80 2 25 10 48163 0 
-96.7514 27.6708 -0.174691 0.277306 2.49576 80 2 25 10 48164 0 
-96.7422 27.6707 -0.174699 0.277306 2.49576 80 2 25 10 48165 0 
-96.7329 27.6707 -0.174706 0.277306 2.49576 80 2 25 10 48166 0 
-96.7237 27.6707 -0.174713 0.277306 2.49576 80 2 25 10 48167 0 
-96.7144 27.6706 -0.174721 0.277306 2.49576 80 2 25 10 48168 0 
-96.7052 27.6706 -0.174728 0.277306 2.49576 80 2 25 10 48169 0 
-96.6959 27.6706 -0.174735 0.277306 2.49576 80 2 25 10 48170 0 
-96.6867 27.6706 -0.174743 0.277306 2.49576 80 2 25 10 48171 0 
-96.6774 27.6705 -0.17475 0.277306 2.49576 80 2 25 10 48172 0 
-96.6682 27.6705 -0.174757 0.277306 2.49576 80 2 25 10 48173 0 
-96.6589 27.6705 -0.174765 0.277306 2.49576 80 2 25 10 48174 0 
-96.6497 27.6704 -0.174772 0.277306 2.49576 80 2 25 10 48175 0 
-96.6404 27.6704 -0.174779 0.277306 2.49576 80 2 25 10 48176 0 
-96.6312 27.6704 -0.174787 0.277306 2.49576 80 2 25 10 48177 0 
-96.6219 27.6704 -0.174794 0.277306 2.49576 80 2 25 10 48178 0 
-96.6127 27.6703 -0.174802 0.277306 2.49576 80 2 25 10 48179 0 
-96.6035 27.6703 -0.174809 0.277306 2.49576 80 2 25 10 48180 0 
-96.5942 27.6703 -0.174816 0.277306 2.49576 80 2 25 10 48181 0 
-96.585 27.6702 -0.174824 0.277306 2.49576 80 2 25 10 48182 0 
-96.5757 27.6702 -0.174831 0.277306 2.49576 80 2 25 10 48183 0 
-96.5665 27.6702 -0.174838 0.277306 2.49576 80 2 25 10 48184 0 
-96.5572 27.6702 -0.174846 0.277306 2.49576 80 2 25 10 48185 0 
-96.548 27.6701 -0.174853 0.277306 2.49576 80 2 25 10 48186 0 
-96.5387 27.6701 -0.17486 0.277306 2.49576 80 2 25 10 48187 0 
-96.5295 27.6701 -0.174868 0.277306 2.49576 80 2 25 10 48188 0 
-96.5202 27.67 -0.174875 0.277306 2.49576 80 2 25 10 48189 0 
-96.511 27.67 -0.174882 0.277306 2.49576 80 2 25 10 48190 0 
-96.5017 27.67 -0.17489 0.277306 2.49576 80 2 25 10 48191 0 
-96.4925 27.67 -0.174897 0.277306 2.49576 80 2 25 10 48192 0 
-96.4832 27.6699 -0.174905 0.277306 2.49576 80 2 25 10 48193 0 
-96.474 27.6699 -0.174912 0.277306 2.49576 80 2 25 10 48194 0 
-96.4648 27.6699 -0.174919 0.277306 2.49576 80 2 25 10 48195 0 
-96.4555 27.6698 -0.174927 0.277306 2.49576 80 2 25 10 48196 0 
-96.4463 27.6698 -0.174934 0.277306 2.49576 80 2 25 10 48197 0 
-96.437 27.6698 -0.174941 0.277306 2.49576 80 2 25 10 48198 0 
-96.4278 27.6698 -0.174949 0.277306 2.49576 80 2 25 10 48199 0 
-96.4185 27.6697 -0.174956 0.277306 2.49576 80 2 25 10 48200 0 
-96.4093 27.6697 -0.174964 0.277306 2.49576 80 2 25 10 48201 0 
-96.4 27.6697 -0.174971 0.277306 2.49576 80 2 25 10 48202 0 
-96.3908 27.6696 -0.174978 0.277306 2.49576 80 2 25 10 48203 0 
-96.3815 27.6696 -0.174986 0.277306 2.49576 80 2 25 10 48204 0 
-96.3723 27.6696 -0.174993 0.277306 2.49576 80 2 25 10 48205 0 
-96.363 27.6696 -0.175 0.277306 2.49576 80 2 25 10 48206 0 
-96.3538 27.6695 -0.175008 0.277306 2.49576 80 2 25 10 48207 0 
-96.3445 27.6695 -0.175015 0.277306 2.49576 80 2 25 10 48208 0 
-96.3353 27.6695 -0.175023 0.277306 2.49576 80 2 25 10 48209 0 
-96.326 27.6694 -0.17503 0.277306 2.49576 80 2 25 10 48210 0 
-96.3168 27.6694 -0.175037 0.277306 2.49576 80 2 25 10 48211 0 
-96.3076 27.6694 -0.175045 0.277306 2.49576 80 2 25 10 48212 0 
-96.2983 27.6694 -0.175052 0.277306 2.49576 80 2 25 10 48213 0 
-96.2891 27.6693 -0.175059 0.277306 2.49576 80 2 25 10 48214 0 
-96.2798 27.6693 -0.175067 0.277306 2.49576 80 2 25 10 48215 0 
-96.2706 27.6693 -0.175074 0.277306 2.49576 80 2 25 10 48216 0 
-96.2613 27.6692 -0.175082 0.277306 2.49576 80 2 25 10 48217 0 
-96.2521 27.6692 -0.175089 0.277306 2.49576 80 2 25 10 48218 0 
-96.2428 27.6692 -0.175096 0.277306 2.49576 80 2 25 10 48219 0 
-96.2336 27.6692 -0.175104 0.277306 2.49576 80 2 25 10 48220 0 
-96.2243 27.6691 -0.175111 0.277306 2.49576 80 2 25 10 48221 0 
-96.2151 27.6691 -0.175119 0.277306 2.49576 80 2 25 10 48222 0 
-96.2058 27.6691 -0.175126 0.277306 2.49576 80 2 25 10 48223 0 
-96.1966 27.669 -0.175133 0.277306 2.49576 80 2 25 10 48224 0 
-96.1873 27.669 -0.175141 0.277306 2.49576 80 2 25 10 48225 0 
-96.1781 27.669 -0.175148 0.277306 2.49576 80 2 25 10 48226 0 
-96.1689 27.669 -0.175156 0.277306 2.49576 80 2 25 10 48227 0 
-96.1596 27.6689 -0.175163 0.277306 2.49576 80 2 25 10 48228 0 
-96.1504 27.6689 -0.17517 0.277306 2.49576 80 2 25 10 48229 0 
-96.1411 27.6689 -0.175178 0.277306 2.49576 80 2 25 10 48230 0 
-96.1319 27.6688 -0.175185 0.277306 2.49576 80 2 25 10 48231 0 
-96.1226 27.6688 -0.175192 0.277306 2.49576 80 2 25 10 48232 0 
-96.1134 27.6688 -0.1752 0.277306 2.49576 80 2 25 10 48233 0 
-96.1041 27.6688 -0.175207 0.277306 2.49576 80 2 25 10 48234 0 
-96.0949 27.6687 -0.175215 0.277306 2.49576 80 2 25 10 48235 0 
-96.0856 27.6687 -0.175222 0.277306 2.49576 80 2 25 10 48236 0 
-96.0764 27.6687 -0.175229 0.277306 2.49576 80 2 25 10 48237 0 
-96.0671 27.6686 -0.175237 0.277306 2.49576 80 2 25 10 48238 0 
-96.0579 27.6686 -0.175244 0.277306 2.49576 80 2 25 10 48239 0 
-96.0486 27.6686 -0.175252 0.277306 2.49576 80 2 25 10 48240 0 
-96.0394 27.6686 -0.175259 0.277306 2.49576 80 2 25 10 48241 0 
-96.0302 27.6685 -0.175267 0.277306 2.49576 80 2 25 10 48242 0 
-96.0209 27.6685 -0.175274 0.277306 2.49576 80 2 25 10 48243 0 
-96.0117 27.6685 -0.175281 0.277306 2.49576 80 2 25 10 48244 0 
-96.0024 27.6684 -0.175289 0.277306 2.49576 80 2 25 10 48245 0 
-95.9932 27.6684 -0.175296 0.277306 2.49576 80 2 25 10 48246 0 
-95.9839 27.6684 -0.175304 0.277306 2.49576 80 2 25 10 48247 0 
-95.9747 27.6684 -0.175311 0.277306 2.49576 80 2 25 10 48248 0 
-95.9654 27.6683 -0.175318 0.277306 2.49576 80 2 25 10 48249 0 
-95.9562 27.6683 -0.175326 0.277306 2.49576 80 2 25 10 48250 0 
-95.9469 27.6683 -0.175333 0.277306 2.49576 80 2 25 10 48251 0 
-95.9377 27.6682 -0.175341 0.277306 2.49576 80 2 25 10 48252 0 
-95.9284 27.6682 -0.175348 0.277306 2.49576 80 2 25 10 48253 0 
-95.9192 27.6682 -0.175355 0.277306 2.49576 80 2 25 10 48254 0 
-95.9099 27.6682 -0.175363 0.277306 2.49576 80 2 25 10 48255 0 
-95.9007 27.6681 -0.17537 0.277306 2.49576 80 2 25 10 48256 0 
-95.8914 27.6681 -0.175378 0.277306 2.49576 80 2 25 10 48257 0 
-95.8822 27.6681 -0.175385 0.277306 2.49576 80 2 25 10 48258 0 
-95.873 27.668 -0.175393 0.277306 2.49576 80 2 25 10 48259 0 
-95.8637 27.668 -0.1754 0.277306 2.49576 80 2 25 10 48260 0 
-95.8545 27.668 -0.175407 0.277306 2.49576 80 2 25 10 48261 0 
-95.8452 27.668 -0.175415 0.277306 2.49576 80 2 25 10 48262 0 
-95.836 27.6679 -0.175422 0.277306 2.49576 80 2 25 10 48263 0 
-95.8267 27.6679 -0.17543 0.277306 2.49576 80 2 25 10 48264 0 
-95.8175 27.6679 -0.175437 0.277306 2.49576 80 2 25 10 48265 0 
-95.8082 27.6678 -0.175444 0.277306 2.49576 80 2 25 10 48266 0 
-95.799 27.6678 -0.175452 0.277306 2.49576 80 2 25 10 48267 0 
-95.7897 27.6678 -0.175459 0.277306 2.49576 80 2 25 10 48268 0 
-95.7805 27.6678 -0.175467 0.277306 2.49576 80 2 25 10 48269 0 
-95.7712 27.6677 -0.175474 0.277306 2.49576 80 2 25 10 48270 0 
-95.762 27.6677 -0.175482 0.277306 2.49576 80 2 25 10 48271 0 
-95.7527 27.6677 -0.175489 0.277306 2.49576 80 2 25 10 48272 0 
-95.7435 27.6676 -0.175496 0.277306 2.49576 80 2 25 10 48273 0 
-95.7343 27.6676 -0.175504 0.277306 2.49576 80 2 25 10 48274 0 
-95.725 27.6676 -0.175511 0.277306 2.49576 80 2 25 10 48275 0 
-95.7158 27.6676 -0.175519 0.277306 2.49576 80 2 25 10 48276 0 
-95.7065 27.6675 -0.175526 0.277306 2.49576 80 2 25 10 48277 0 
-95.6973 27.6675 -0.175534 0.277306 2.49576 80 2 25 10 48278 0 
-95.688 27.6675 -0.175541 0.277306 2.49576 80 2 25 10 48279 0 
-95.6788 27.6674 -0.175548 0.277306 2.49576 80 2 25 10 48280 0 
-95.6695 27.6674 -0.175556 0.277306 2.49576 80 2 25 10 48281 0 
-95.6603 27.6674 -0.175563 0.277306 2.49576 80 2 25 10 48282 0 
-95.651 27.6674 -0.175571 0.277306 2.49576 80 2 25 10 48283 0 
-95.6418 27.6673 -0.175578 0.277306 2.49576 80 2 25 10 48284 0 
-95.6325 27.6673 -0.175586 0.277306 2.49576 80 2 25 10 48285 0 
-95.6233 27.6673 -0.175593 0.277306 2.49576 80 2 25 10 48286 0 
-95.614 27.6672 -0.175601 0.277306 2.49576 80 2 25 10 48287 0 
-95.6048 27.6672 -0.175608 0.277306 2.49576 80 2 25 10 48288 0 
-95.5956 27.6672 -0.175615 0.277306 2.49576 80 2 25 10 48289 0 
-95.5863 27.6672 -0.175623 0.277306 2.49576 80 2 25 10 48290 0 
-95.5771 27.6671 -0.17563 0.277306 2.49576 80 2 25 10 48291 0 
-95.5678 27.6671 -0.175638 0.277306 2.49576 80 2 25 10 48292 0 
-95.5586 27.6671 -0.175645 0.277306 2.49576 80 2 25 10 48293 0 
-95.5493 27.667 -0.175653 0.277306 2.49576 80 2 25 10 48294 0 
-95.5401 27.667 -0.17566 0.277306 2.49576 80 2 25 10 48295 0 
-95.5308 27.667 -0.175668 0.277306 2.49576 80 2 25 10 48296 0 
-95.5216 27.667 -0.175675 0.277306 2.49576 80 2 25 10 48297 0 
-95.5123 27.6669 -0.175682 0.277306 2.49576 80 2 25 10 48298 0 
-95.5031 27.6669 -0.17569 0.277306 2.49576 80 2 25 10 48299 0 
-95.4938 27.6669 -0.175697 0.277306 2.49576 80 2 25 10 48300 0 
-95.4846 27.6668 -0.175705 0.277306 2.49576 80 2 25 10 48301 0 
-95.4753 27.6668 -0.175712 0.277306 2.49576 80 2 25 10 48302 0 
-95.4661 27.6668 -0.17572 0.277306 2.49576 80 2 25 10 48303 0 
-95.4568 27.6668 -0.175727 0.277306 2.49576 80 2 25 10 48304 0 
-95.4476 27.6667 -0.175735 0.277306 2.49576 80 2 25 10 48305 0 
-95.4384 27.6667 -0.175742 0.277306 2.49576 80 2 25 10 48306 0 
-95.4291 27.6667 -0.175749 0.277306 2.49576 80 2 25 10 48307 0 
-95.4199 27.6666 -0.175757 0.277306 2.49576 80 2 25 10 48308 0 
-95.4106 27.6666 -0.175764 0.277306 2.49576 80 2 25 10 48309 0 
-95.4014 27.6666 -0.175772 0.277306 2.49576 80 2 25 10 48310 0 
-95.3921 27.6666 -0.175779 0.277306 2.49576 80 2 25 10 48311 0 
-95.3829 27.6665 -0.175787 0.277306 2.49576 80 2 25 10 48312 0 
-95.3736 27.6665 -0.175794 0.277306 2.49576 80 2 25 10 48313 0 
-95.3644 27.6665 -0.175802 0.277306 2.49576 80 2 25 10 48314 0 
-95.3551 27.6664 -0.175809 0.277306 2.49576 80 2 25 10 48315 0 
-95.3459 27.6664 -0.175817 0.277306 2.49576 80 2 25 10 48316 0 
-95.3366 27.6664 -0.175824 0.277306 2.49576 80 2 25 10 48317 0 
-95.3274 27.6664 -0.175832 0.277306 2.49576 80 2 25 10 48318 0 
-95.3181 27.6663 -0.175839 0.277306 2.49576 80 2 25 10 48319 0 
-95.3089 27.6663 -0.175847 0.277306 2.49576 80 2 25 10 48320 0 
-95.2997 27.6663 -0.175854 0.277306 2.49576 80 2 25 10 48321 0 
-95.2904 27.6662 -0.175861 0.277306 2.49576 80 2 25 10 48322 0 
-95.2812 27.6662 -0.175869 0.277306 2.49576 80 2 25 10 48323 0 
-95.2719 27.6662 -0.175876 0.277306 2.49576 80 2 25 10 48324 0 
-95.2627 27.6662 -0.175884 0.277306 2.49576 80 2 25 10 48325 0 
-95.2534 27.6661 -0.175891 0.277306 2.49576 80 2 25 10 48326 0 
-95.2442 27.6661 -0.175899 0.277306 2.49576 80 2 25 10 48327 0 
-95.2349 27.6661 -0.175906 0.277306 2.49576 80 2 25 10 48328 0 
-95.2257 27.666 -0.175914 0.277306 2.49576 80 2 25 10 48329 0 
-95.2164 27.666 -0.175921 0.277306 2.49576 80 2 25 10 48330 0 
-95.2072 27.666 -0.175929 0.277306 2.49576 80 2 25 10 48331 0 
-95.1979 27.666 -0.175936 0.277306 2.49576 80 2 25 10 48332 0 
-95.1887 27.6659 -0.175944 0.277306 2.49576 80 2 25 10 48333 0 
-95.1794 27.6659 -0.175951 0.277306 2.49576 80 2 25 10 48334 0 
-95.1702 27.6659 -0.175959 0.277306 2.49576 80 2 25 10 48335 0 
-95.1609 27.6658 -0.175966 0.277306 2.49576 80 2 25 10 48336 0 
-95.1517 27.6658 -0.175974 0.277306 2.49576 80 2 25 10 48337 0 
-95.1425 27.6658 -0.175981 0.277306 2.49576 80 2 25 10 48338 0 
-95.1332 27.6658 -0.175989 0.277306 2.49576 80 2 25 10 48339 0 
-95.124 27.6657 -0.175996 0.277306 2.49576 80 2 25 10 48340 0 
-95.1147 27.6657 -0.176003 0.277306 2.49576 80 2 25 10 48341 0 
-95.1055 27.6657 -0.176011 0.277306 2.49576 80 2 25 10 48342 0 
-95.0962 27.6656 -0.176018 0.277306 2.49576 80 2 25 10 48343 0 
-95.087 27.6656 -0.176026 0.277306 2.49576 80 2 25 10 48344 0 
-95.0777 27.6656 -0.176033 0.277306 2.49576 80 2 25 10 48345 0 
-95.0685 27.6656 -0.176041 0.277306 2.49576 80 2 25 10 48346 0 
-95.0592 27.6655 -0.176048 0.277306 2.49576 80 2 25 10 48347 0 
-95.05 27.6655 -0.176056 0.277306 2.49576 80 2 25 10 48348 0 
-95.0407 27.6655 -0.176063 0.277306 2.49576 80 2 25 10 48349 0 
-95.0315 27.6654 -0.176071 0.277306 2.49576 80 2 25 10 48350 0 
-95.0222 27.6654 -0.176078 0.277306 2.49576 80 2 25 10 48351 0 
-95.013 27.6654 -0.176086 0.277306 2.49576 80 2 25 10 48352 0 
-95.0038 27.6654 -0.176093 0.277306 2.49576 80 2 25 10 48353 0 
-94.9945 27.6653 -0.176101 0.277306 2.49576 80 2 25 10 48354 0 
-94.9853 27.6653 -0.176108 0.277306 2.49576 80 2 25 10 48355 0 
-94.976 27.6653 -0.176116 0.277306 2.49576 80 2 25 10 48356 0 
-94.9668 27.6652 -0.176123 0.277306 2.49576 80 2 25 10 48357 0 
-94.9575 27.6652 -0.176131 0.277306 2.49576 80 2 25 10 48358 0 
-94.9483 27.6652 -0.176138 0.277306 2.49576 80 2 25 10 48359 0 
-94.939 27.6652 -0.176146 0.277306 2.49576 80 2 25 10 48360 0 
-94.9298 27.6651 -0.176153 0.277306 2.49576 80 2 25 10 48361 0 
-94.9205 27.6651 -0.176161 0.277306 2.49576 80 2 25 10 48362 0 
-94.9113 27.6651 -0.176168 0.277306 2.49576 80 2 25 10 48363 0 
-94.902 27.665 -0.176176 0.277306 2.49576 80 2 25 10 48364 0 
-94.8928 27.665 -0.176183 0.277306 2.49576 80 2 25 10 48365 0 
-94.8835 27.665 -0.176191 0.277306 2.49576 80 2 25 10 48366 0 
-94.8743 27.665 -0.176198 0.277306 2.49576 80 2 25 10 48367 0 
-94.8651 27.6649 -0.176206 0.277306 2.49576 80 2 25 10 48368 0 
-94.8558 27.6649 -0.176213 0.277306 2.49576 80 2 25 10 48369 0 
-94.8466 27.6649 -0.176221 0.277306 2.49576 80 2 25 10 48370 0 
-94.8373 27.6648 -0.176228 0.277306 2.49576 80 2 25 10 48371 0 
-94.8281 27.6648 -0.176236 0.277306 2.49576 80 2 25 10 48372 0 
-94.8188 27.6648 -0.176243 0.277306 2.49576 80 2 25 10 48373 0 
-94.8096 27.6648 -0.176251 0.277306 2.49576 80 2 25 10 48374 0 
-94.8003 27.6647 -0.176258 0.277306 2.49576 80 2 25 10 48375 0 
-94.7911 27.6647 -0.176266 0.277306 2.49576 80 2 25 10 48376 0 
-94.7818 27.6647 -0.176273 0.277306 2.49576 80 2 25 10 48377 0 
-94.7726 27.6646 -0.176281 0.277306 2.49576 80 2 25 10 48378 0 
-94.7633 27.6646 -0.176288 0.277306 2.49576 80 2 25 10 48379 0 
-94.7541 27.6646 -0.176296 0.277306 2.49576 80 2 25 10 48380 0 
-94.7448 27.6646 -0.176303 0.277306 2.49576 80 2 25 10 48381 0 
-94.7356 27.6645 -0.176311 0.277306 2.49576 80 2 25 10 48382 0 
-94.7263 27.6645 -0.176318 0.277306 2.49576 80 2 25 10 48383 0 
-94.7171 27.6645 -0.176326 0.277306 2.49576 80 2 25 10 48384 0 
-94.7079 27.6644 -0.176334 0.277306 2.49576 80 2 25 10 48385 0 
-94.6986 27.6644 -0.176341 0.277306 2.49576 80 2 25 10 48386 0 
-94.6894 27.6644 -0.176349 0.277306 2.49576 80 2 25 10 48387 0 
-94.6801 27.6644 -0.176356 0.277306 2.49576 80 2 25 10 48388 0 
-94.6709 27.6643 -0.176364 0.277306 2.49576 80 2 25 10 48389 0 
-94.6616 27.6643 -0.176371 0.277306 2.49576 80 2 25 10 48390 0 
-94.6524 27.6643 -0.176379 0.277306 2.49576 80 2 25 10 48391 0 
-94.6431 27.6642 -0.176386 0.277306 2.49576 80 2 25 10 48392 0 
-94.6339 27.6642 -0.176394 0.277306 2.49576 80 2 25 10 48393 0 
-94.6246 27.6642 -0.176401 0.277306 2.49576 80 2 25 10 48394 0 
-94.6154 27.6642 -0.176409 0.277306 2.49576 80 2 25 10 48395 0 
-94.6061 27.6641 -0.176416 0.277306 2.49576 80 2 25 10 48396 0 
-94.5969 27.6641 -0.176424 0.277306 2.49576 80 2 25 10 48397 0 
-94.5876 27.6641 -0.176431 0.277306 2.49576 80 2 25 10 48398 0 
-94.5784 27.664 -0.176439 0.277306 2.49576 80 2 25 10 48399 0 
-94.5692 27.664 -0.176446 0.277306 2.49576 80 2 25 10 48400 0 
-94.5599 27.664 -0.176454 0.277306 2.49576 80 2 25 10 48401 0 
-94.5507 27.6639 -0.176461 0.277306 2.49576 80 2 25 10 48402 0 
-94.5414 27.6639 -0.176469 0.277306 2.49576 80 2 25 10 48403 0 
-94.5322 27.6639 -0.176477 0.277306 2.49576 80 2 25 10 48404 0 
-94.5229 27.6639 -0.176484 0.277306 2.49576 80 2 25 10 48405 0 
-94.5137 27.6638 -0.176492 0.277306 2.49576 80 2 25 10 48406 0 
-94.5044 27.6638 -0.176499 0.277306 2.49576 80 2 25 10 48407 0 
-94.4952 27.6638 -0.176507 0.277306 2.49576 80 2 25 10 48408 0 
-94.4859 27.6637 -0.176514 0.277306 2.49576 80 2 25 10 48409 0 
-94.4767 27.6637 -0.176522 0.277306 2.49576 80 2 25 10 48410 0 
-94.4674 27.6637 -0.176529 0.277306 2.49576 80 2 25 10 48411 0 
-94.4582 27.6637 -0.176537 0.277306 2.49576 80 2 25 10 48412 0 
-94.4489 27.6636 -0.176544 0.277306 2.49576 80 2 25 10 48413 0 
-94.4397 27.6636 -0.176552 0.277306 2.49576 80 2 25 10 48414 0 
-94.4305 27.6636 -0.176559 0.277306 2.49576 80 2 25 10 48415 0 
-94.4212 27.6635 -0.176567 0.277306 2.49576 80 2 25 10 48416 0 
-94.412 27.6635 -0.176575 0.277306 2.49576 80 2 25 10 48417 0 
-94.4027 27.6635 -0.176582 0.277306 2.49576 80 2 25 10 48418 0 
-94.3935 27.6635 -0.17659 0.277306 2.49576 80 2 25 10 48419 0 
-94.3842 27.6634 -0.176597 0.277306 2.49576 80 2 25 10 48420 0 
-94.375 27.6634 -0.176605 0.277306 2.49576 80 2 25 10 48421 0 
-94.3657 27.6634 -0.176612 0.277306 2.49576 80 2 25 10 48422 0 
-94.3565 27.6633 -0.17662 0.277306 2.49576 80 2 25 10 48423 0 
-94.3472 27.6633 -0.176627 0.277306 2.49576 80 2 25 10 48424 0 
-94.338 27.6633 -0.176635 0.277306 2.49576 80 2 25 10 48425 0 
-94.3287 27.6633 -0.176642 0.277306 2.49576 80 2 25 10 48426 0 
-94.3195 27.6632 -0.17665 0.277306 2.49576 80 2 25 10 48427 0 
-94.3102 27.6632 -0.176658 0.277306 2.49576 80 2 25 10 48428 0 
-94.301 27.6632 -0.176665 0.277306 2.49576 80 2 25 10 48429 0 
-94.2917 27.6631 -0.176673 0.277306 2.49576 80 2 25 10 48430 0 
-94.2825 27.6631 -0.17668 0.277306 2.49576 80 2 25 10 48431 0 
-94.2733 27.6631 -0.176688 0.277306 2.49576 80 2 25 10 48432 0 
-94.264 27.6631 -0.176695 0.277306 2.49576 80 2 25 10 48433 0 
-94.2548 27.663 -0.176703 0.277306 2.49576 80 2 25 10 48434 0 
-94.2455 27.663 -0.17671 0.277306 2.49576 80 2 25 10 48435 0 
-94.2363 27.663 -0.176718 0.277306 2.49576 80 2 25 10 48436 0 
-94.227 27.6629 -0.176726 0.277306 2.49576 80 2 25 10 48437 0 
-94.2178 27.6629 -0.176733 0.277306 2.49576 80 2 25 10 48438 0 
-94.2085 27.6629 -0.176741 0.277306 2.49576 80 2 25 10 48439 0 
-94.1993 27.6629 -0.176748 0.277306 2.49576 80 2 25 10 48440 0 
-94.19 27.6628 -0.176756 0.277306 2.49576 80 2 25 10 48441 0 
-94.1808 27.6628 -0.176763 0.277306 2.49576 80 2 25 10 48442 0 
-94.1715 27.6628 -0.176771 0.277306 2.49576 80 2 25 10 48443 0 
-94.1623 27.6627 -0.176779 0.277306 2.49576 80 2 25 10 48444 0 
-94.153 27.6627 -0.176786 0.277306 2.49576 80 2 25 10 48445 0 
-94.1438 27.6627 -0.176794 0.277306 2.49576 80 2 25 10 48446 0 
-94.1346 27.6627 -0.176801 0.277306 2.49576 80 2 25 10 48447 0 
-94.1253 27.6626 -0.176809 0.277306 2.49576 80 2 25 10 48448 0 
-94.1161 27.6626 -0.176816 0.277306 2.49576 80 2 25 10 48449 0 
-94.1068 27.6626 -0.176824 0.277306 2.49576 80 2 25 10 48450 0 
-94.0976 27.6625 -0.176832 0.277306 2.49576 80 2 25 10 48451 0 
-94.0883 27.6625 -0.176839 0.277306 2.49576 80 2 25 10 48452 0 
-94.0791 27.6625 -0.176847 0.277306 2.49576 80 2 25 10 48453 0 
-94.0698 27.6625 -0.176854 0.277306 2.49576 80 2 25 10 48454 0 
-94.0606 27.6624 -0.176862 0.277306 2.49576 80 2 25 10 48455 0 
-94.0513 27.6624 -0.176869 0.277306 2.49576 80 2 25 10 48456 0 
-94.0421 27.6624 -0.176877 0.277306 2.49576 80 2 25 10 48457 0 
-94.0328 27.6623 -0.176885 0.277306 2.49576 80 2 25 10 48458 0 
-94.0236 27.6623 -0.176892 0.277306 2.49576 80 2 25 10 48459 0 
-94.0143 27.6623 -0.1769 0.277306 2.49576 80 2 25 10 48460 0 
-94.0051 27.6623 -0.176907 0.277306 2.49576 80 2 25 10 48461 0 
-93.9958 27.6622 -0.176915 0.277306 2.49576 80 2 25 10 48462 0 
-93.9866 27.6622 -0.176922 0.277306 2.49576 80 2 25 10 48463 0 
-93.9774 27.6622 -0.17693 0.277306 2.49576 80 2 25 10 48464 0 
-93.9681 27.6621 -0.176938 0.277306 2.49576 80 2 25 10 48465 0 
-93.9589 27.6621 -0.176945 0.277306 2.49576 80 2 25 10 48466 0 
-93.9496 27.6621 -0.176953 0.277306 2.49576 80 2 25 10 48467 0 
-93.9404 27.6621 -0.17696 0.277306 2.49576 80 2 25 10 48468 0 
-93.9311 27.662 -0.176968 0.277306 2.49576 80 2 25 10 48469 0 
-93.9219 27.662 -0.176976 0.277306 2.49576 80 2 25 10 48470 0 
-93.9126 27.662 -0.176983 0.277306 2.49576 80 2 25 10 48471 0 
-93.9034 27.6619 -0.176991 0.277306 2.49576 80 2 25 10 48472 0 
-93.8941 27.6619 -0.176998 0.277306 2.49576 80 2 25 10 48473 0 
-93.8849 27.6619 -0.177006 0.277306 2.49576 80 2 25 10 48474 0 
-93.8756 27.6619 -0.177013 0.277306 2.49576 80 2 25 10 48475 0 
-93.8664 27.6618 -0.177021 0.277306 2.49576 80 2 25 10 48476 0 
-93.8571 27.6618 -0.177029 0.277306 2.49576 80 2 25 10 48477 0 
-93.8479 27.6618 -0.177036 0.277306 2.49576 80 2 25 10 48478 0 
-93.8387 27.6617 -0.177044 0.277306 2.49576 80 2 25 10 48479 0 
-93.8294 27.6617 -0.177051 0.277306 2.49576 80 2 25 10 48480 0 
-93.8202 27.6617 -0.177059 0.277306 2.49576 80 2 25 10 48481 0 
-93.8109 27.6617 -0.177067 0.277306 2.49576 80 2 25 10 48482 0 
-93.8017 27.6616 -0.177074 0.277306 2.49576 80 2 25 10 48483 0 
-93.7924 27.6616 -0.177082 0.277306 2.49576 80 2 25 10 48484 0 
-93.7832 27.6616 -0.177089 0.277306 2.49576 80 2 25 10 48485 0 
-93.7739 27.6615 -0.177097 0.277306 2.49576 80 2 25 10 48486 0 
-93.7647 27.6615 -0.177105 0.277306 2.49576 80 2 25 10 48487 0 
-93.7554 27.6615 -0.177112 0.277306 2.49576 80 2 25 10 48488 0 
-93.7462 27.6615 -0.17712 0.277306 2.49576 80 2 25 10 48489 0 
-93.7369 27.6614 -0.177127 0.277306 2.49576 80 2 25 10 48490 0 
-93.7277 27.6614 -0.177135 0.277306 2.49576 80 2 25 10 48491 0 
-93.7184 27.6614 -0.177143 0.277306 2.49576 80 2 25 10 48492 0 
-93.7092 27.6613 -0.17715 0.277306 2.49576 80 2 25 10 48493 0 
-93.7 27.6613 -0.177158 0.277306 2.49576 80 2 25 10 48494 0 
-93.6907 27.6613 -0.177165 0.277306 2.49576 80 2 25 10 48495 0 
-93.6815 27.6613 -0.177173 0.277306 2.49576 80 2 25 10 48496 0 
-93.6722 27.6612 -0.177181 0.277306 2.49576 80 2 25 10 48497 0 
-93.663 27.6612 -0.177188 0.277306 2.49576 80 2 25 10 48498 0 
-93.6537 27.6612 -0.177196 0.277306 2.49576 80 2 25 10 48499 0 
-93.6445 27.6611 -0.177204 0.277306 2.49576 80 2 25 10 48500 0 
-93.6352 27.6611 -0.177211 0.277306 2.49576 80 2 25 10 48501 0 
-93.626 27.6611 -0.177219 0.277306 2.49576 80 2 25 10 48502 0 
-93.6167 27.6611 -0.177226 0.277306 2.49576 80 2 25 10 48503 0 
-93.6075 27.661 -0.177234 0.277306 2.49576 80 2 25 10 48504 0 
-93.5982 27.661 -0.177242 0.277306 2.49576 80 2 25 10 48505 0 
-93.589 27.661 -0.177249 0.277306 2.49576 80 2 25 10 48506 0 
-93.5797 27.6609 -0.177257 0.277306 2.49576 80 2 25 10 48507 0 
-93.5705 27.6609 -0.177264 0.277306 2.49576 80 2 25 10 48508 0 
-93.5612 27.6609 -0.177272 0.277306 2.49576 80 2 25 10 48509 0 
-93.552 27.6609 -0.17728 0.277306 2.49576 80 2 25 10 48510 0 
-93.5428 27.6608 -0.177287 0.277306 2.49576 80 2 25 10 48511 0 
-93.5335 27.6608 -0.177295 0.277306 2.49576 80 2 25 10 48512 0 
-93.5243 27.6608 -0.177302 0.277306 2.49576 80 2 25 10 48513 0 
-93.515 27.6607 -0.17731 0.277306 2.49576 80 2 25 10 48514 0 
-93.5058 27.6607 -0.177318 0.277306 2.49576 80 2 25 10 48515 0 
-93.4965 27.6607 -0.177325 0.277306 2.49576 80 2 25 10 48516 0 
-93.4873 27.6607 -0.177333 0.277306 2.49576 80 2 25 10 48517 0 
-93.478 27.6606 -0.177341 0.277306 2.49576 80 2 25 10 48518 0 
-93.4688 27.6606 -0.177348 0.277306 2.49576 80 2 25 10 48519 0 
-93.4595 27.6606 -0.177356 0.277306 2.49576 80 2 25 10 48520 0 
-93.4503 27.6605 -0.177364 0.277306 2.49576 80 2 25 10 48521 0 
-93.441 27.6605 -0.177371 0.277306 2.49576 80 2 25 10 48522 0 
-93.4318 27.6605 -0.177379 0.277306 2.49576 80 2 25 10 48523 0 
-93.4225 27.6605 -0.177386 0.277306 2.49576 80 2 25 10 48524 0 
-93.4133 27.6604 -0.177394 0.277306 2.49576 80 2 25 10 48525 0 
-93.4041 27.6604 -0.177402 0.277306 2.49576 80 2 25 10 48526 0 
-93.3948 27.6604 -0.177409 0.277306 2.49576 80 2 25 10 48527 0 
-93.3856 27.6603 -0.177417 0.277306 2.49576 80 2 25 10 48528 0 
-93.3763 27.6603 -0.177425 0.277306 2.49576 80 2 25 10 48529 0 
-93.3671 27.6603 -0.177432 0.277306 2.49576 80 2 25 10 48530 0 
-93.3578 27.6603 -0.17744 0.277306 2.49576 80 2 25 10 48531 0 
-93.3486 27.6602 -0.177447 0.277306 2.49576 80 2 25 10 48532 0 
-93.3393 27.6602 -0.177455 0.277306 2.49576 80 2 25 10 48533 0 
-93.3301 27.6602 -0.177463 0.277306 2.49576 80 2 25 10 48534 0 
-93.3208 27.6601 -0.17747 0.277306 2.49576 80 2 25 10 48535 0 
-93.3116 27.6601 -0.177478 0.277306 2.49576 80 2 25 10 48536 0 
-93.3023 27.6601 -0.177486 0.277306 2.49576 80 2 25 10 48537 0 
-93.2931 27.6601 -0.177493 0.277306 2.49576 80 2 25 10 48538 0 
-93.2838 27.66 -0.177501 0.277306 2.49576 80 2 25 10 48539 0 
-93.2746 27.66 -0.177509 0.277306 2.49576 80 2 25 10 48540 0 
-93.2654 27.66 -0.177516 0.277306 2.49576 80 2 25 10 48541 0 
-93.2561 27.6599 -0.177524 0.277306 2.49576 80 2 25 10 48542 0 
-93.2469 27.6599 -0.177532 0.277306 2.49576 80 2 25 10 48543 0 
-93.2376 27.6599 -0.177539 0.277306 2.49576 80 2 25 10 48544 0 
-93.2284 27.6599 -0.177547 0.277306 2.49576 80 2 25 10 48545 0 
-93.2191 27.6598 -0.177554 0.277306 2.49576 80 2 25 10 48546 0 
-93.2099 27.6598 -0.177562 0.277306 2.49576 80 2 25 10 48547 0 
-93.2006 27.6598 -0.17757 0.277306 2.49576 80 2 25 10 48548 0 
-93.1914 27.6597 -0.177577 0.277306 2.49576 80 2 25 10 48549 0 
-93.1821 27.6597 -0.177585 0.277306 2.49576 80 2 25 10 48550 0 
-93.1729 27.6597 -0.177593 0.277306 2.49576 80 2 25 10 48551 0 
-93.1636 27.6597 -0.1776 0.277306 2.49576 80 2 25 10 48552 0 
-93.1544 27.6596 -0.177608 0.277306 2.49576 80 2 25 10 48553 0 
-93.1451 27.6596 -0.177616 0.277306 2.49576 80 2 25 10 48554 0 
-93.1359 27.6596 -0.177623 0.277306 2.49576 80 2 25 10 48555 0 
-93.1266 27.6595 -0.177631 0.277306 2.49576 80 2 25 10 48556 0 
-93.1174 27.6595 -0.177639 0.277306 2.49576 80 2 25 10 48557 0 
-93.1082 27.6595 -0.177646 0.277306 2.49576 80 2 25 10 48558 0 
-93.0989 27.6595 -0.177654 0.277306 2.49576 80 2 25 10 48559 0 
-93.0897 27.6594 -0.177662 0.277306 2.49576 80 2 25 10 48560 0 
-93.0804 27.6594 -0.177669 0.277306 2.49576 80 2 25 10 48561 0 
-93.0712 27.6594 -0.177677 0.277306 2.49576 80 2 25 10 48562 0 
-93.0619 27.6593 -0.177685 0.277306 2.49576 80 2 25 10 48563 0 
-93.0527 27.6593 -0.177692 0.277306 2.49576 80 2 25 10 48564 0 
-93.0434 27.6593 -0.1777 0.277306 2.49576 80 2 25 10 48565 0 
-93.0342 27.6593 -0.177708 0.277306 2.49576 80 2 25 10 48566 0 
-93.0249 27.6592 -0.177715 0.277306 2.49576 80 2 25 10 48567 0 
-93.0157 27.6592 -0.177723 0.277306 2.49576 80 2 25 10 48568 0 
-93.0064 27.6592 -0.177731 0.277306 2.49576 80 2 25 10 48569 0 
-92.9972 27.6591 -0.177738 0.277306 2.49576 80 2 25 10 48570 0 
-92.9879 27.6591 -0.177746 0.277306 2.49576 80 2 25 10 48571 0 
-92.9787 27.6591 -0.177754 0.277306 2.49576 80 2 25 10 48572 0 
-92.9695 27.6591 -0.177761 0.277306 2.49576 80 2 25 10 48573 0 
-92.9602 27.659 -0.177769 0.277306 2.49576 80 2 25 10 48574 0 
-92.951 27.659 -0.177777 0.277306 2.49576 80 2 25 10 48575 0 
-92.9417 27.659 -0.177784 0.277306 2.49576 80 2 25 10 48576 0 
-92.9325 27.6589 -0.177792 0.277306 2.49576 80 2 25 10 48577 0 
-92.9232 27.6589 -0.1778 0.277306 2.49576 80 2 25 10 48578 0 
-92.914 27.6589 -0.177807 0.277306 2.49576 80 2 25 10 48579 0 
-92.9047 27.6589 -0.177815 0.277306 2.49576 80 2 25 10 48580 0 
-92.8955 27.6588 -0.177823 0.277306 2.49576 80 2 25 10 48581 0 
-92.8862 27.6588 -0.17783 0.277306 2.49576 80 2 25 10 48582 0 
-92.877 27.6588 -0.177838 0.277306 2.49576 80 2 25 10 48583 0 
-92.8677 27.6587 -0.177846 0.277306 2.49576 80 2 25 10 48584 0 
-92.8585 27.6587 -0.177853 0.277306 2.49576 80 2 25 10 48585 0 
-92.8492 27.6587 -0.177861 0.277306 2.49576 80 2 25 10 48586 0 
-92.84 27.6587 -0.177869 0.277306 2.49576 80 2 25 10 48587 0 
-92.8307 27.6586 -0.177876 0.277306 2.49576 80 2 25 10 48588 0 
-92.8215 27.6586 -0.177884 0.277306 2.49576 80 2 25 10 48589 0 
-92.8123 27.6586 -0.177892 0.277306 2.49576 80 2 25 10 48590 0 
-92.803 27.6585 -0.1779 0.277306 2.49576 80 2 25 10 48591 0 
-92.7938 27.6585 -0.177907 0.277306 2.49576 80 2 25 10 48592 0 
-92.7845 27.6585 -0.177915 0.277306 2.49576 80 2 25 10 48593 0 
-92.7753 27.6585 -0.177923 0.277306 2.49576 80 2 25 10 48594 0 
-92.766 27.6584 -0.17793 0.277306 2.49576 80 2 25 10 48595 0 
-92.7568 27.6584 -0.177938 0.277306 2.49576 80 2 25 10 48596 0 
-92.7475 27.6584 -0.177946 0.277306 2.49576 80 2 25 10 48597 0 
-92.7383 27.6583 -0.177953 0.277306 2.49576 80 2 25 10 48598 0 
-92.729 27.6583 -0.177961 0.277306 2.49576 80 2 25 10 48599 0 
-92.7198 27.6583 -0.177969 0.277306 2.49576 80 2 25 10 48600 0 
-92.7105 27.6583 -0.177976 0.277306 2.49576 80 2 25 10 48601 0 
-92.7013 27.6582 -0.177984 0.277306 2.49576 80 2 25 10 48602 0 
-92.692 27.6582 -0.177992 0.277306 2.49576 80 2 25 10 48603 0 
-92.6828 27.6582 -0.178 0.277306 2.49576 80 2 25 10 48604 0 
-92.6736 27.6581 -0.178007 0.277306 2.49576 80 2 25 10 48605 0 
-92.6643 27.6581 -0.178015 0.277306 2.49576 80 2 25 10 48606 0 
-92.6551 27.6581 -0.178023 0.277306 2.49576 80 2 25 10 48607 0 
-92.6458 27.6581 -0.17803 0.277306 2.49576 80 2 25 10 48608 0 
-92.6366 27.658 -0.178038 0.277306 2.49576 80 2 25 10 48609 0 
-92.6273 27.658 -0.178046 0.277306 2.49576 80 2 25 10 48610 0 
-92.6181 27.658 -0.178053 0.277306 2.49576 80 2 25 10 48611 0 
-92.6088 27.6579 -0.178061 0.277306 2.49576 80 2 25 10 48612 0 
-92.5996 27.6579 -0.178069 0.277306 2.49576 80 2 25 10 48613 0 
-92.5903 27.6579 -0.178077 0.277306 2.49576 80 2 25 10 48614 0 
-92.5811 27.6579 -0.178084 0.277306 2.49576 80 2 25 10 48615 0 
-92.5718 27.6578 -0.178092 0.277306 2.49576 80 2 25 10 48616 0 
-92.5626 27.6578 -0.1781 0.277306 2.49576 80 2 25 10 48617 0 
-92.5533 27.6578 -0.178107 0.277306 2.49576 80 2 25 10 48618 0 
-92.5441 27.6577 -0.178115 0.277306 2.49576 80 2 25 10 48619 0 
-92.5349 27.6577 -0.178123 0.277306 2.49576 80 2 25 10 48620 0 
-92.5256 27.6577 -0.178131 0.277306 2.49576 80 2 25 10 48621 0 
-92.5164 27.6577 -0.178138 0.277306 2.49576 80 2 25 10 48622 0 
-92.5071 27.6576 -0.178146 0.277306 2.49576 80 2 25 10 48623 0 
-92.4979 27.6576 -0.178154 0.277306 2.49576 80 2 25 10 48624 0 
-92.4886 27.6576 -0.178161 0.277306 2.49576 80 2 25 10 48625 0 
-92.4794 27.6575 -0.178169 0.277306 2.49576 80 2 25 10 48626 0 
-92.4701 27.6575 -0.178177 0.277306 2.49576 80 2 25 10 48627 0 
-92.4609 27.6575 -0.178185 0.277306 2.49576 80 2 25 10 48628 0 
-92.4516 27.6575 -0.178192 0.277306 2.49576 80 2 25 10 48629 0 
-92.4424 27.6574 -0.1782 0.277306 2.49576 80 2 25 10 48630 0 
-92.4331 27.6574 -0.178208 0.277306 2.49576 80 2 25 10 48631 0 
-92.4239 27.6574 -0.178215 0.277306 2.49576 80 2 25 10 48632 0 
-92.4146 27.6573 -0.178223 0.277306 2.49576 80 2 25 10 48633 0 
-92.4054 27.6573 -0.178231 0.277306 2.49576 80 2 25 10 48634 0 
-92.3961 27.6573 -0.178239 0.277306 2.49576 80 2 25 10 48635 0 
-92.3869 27.6573 -0.178246 0.277306 2.49576 80 2 25 10 48636 0 
-92.3777 27.6572 -0.178254 0.277306 2.49576 80 2 25 10 48637 0 
-92.3684 27.6572 -0.178262 0.277306 2.49576 80 2 25 10 48638 0 
-92.3592 27.6572 -0.178269 0.277306 2.49576 80 2 25 10 48639 0 
-92.3499 27.6571 -0.178277 0.277306 2.49576 80 2 25 10 48640 0 
-92.3407 27.6571 -0.178285 0.277306 2.49576 80 2 25 10 48641 0 
-92.3314 27.6571 -0.178293 0.277306 2.49576 80 2 25 10 48642 0 
-92.3222 27.6571 -0.1783 0.277306 2.49576 80 2 25 10 48643 0 
-92.3129 27.657 -0.178308 0.277306 2.49576 80 2 25 10 48644 0 
-92.3037 27.657 -0.178316 0.277306 2.49576 80 2 25 10 48645 0 
-92.2944 27.657 -0.178324 0.277306 2.49576 80 2 25 10 48646 0 
-92.2852 27.6569 -0.178331 0.277306 2.49576 80 2 25 10 48647 0 
-92.2759 27.6569 -0.178339 0.277306 2.49576 80 2 25 10 48648 0 
-92.2667 27.6569 -0.178347 0.277306 2.49576 80 2 25 10 48649 0 
-92.2574 27.6569 -0.178355 0.277306 2.49576 80 2 25 10 48650 0 
-92.2482 27.6568 -0.178362 0.277306 2.49576 80 2 25 10 48651 0 
-92.239 27.6568 -0.17837 0.277306 2.49576 80 2 25 10 48652 0 
-92.2297 27.6568 -0.178378 0.277306 2.49576 80 2 25 10 48653 0 
-92.2205 27.6567 -0.178385 0.277306 2.49576 80 2 25 10 48654 0 
-92.2112 27.6567 -0.178393 0.277306 2.49576 80 2 25 10 48655 0 
-92.202 27.6567 -0.178401 0.277306 2.49576 80 2 25 10 48656 0 
-92.1927 27.6567 -0.178409 0.277306 2.49576 80 2 25 10 48657 0 
-92.1835 27.6566 -0.178416 0.277306 2.49576 80 2 25 10 48658 0 
-92.1742 27.6566 -0.178424 0.277306 2.49576 80 2 25 10 48659 0 
-92.165 27.6566 -0.178432 0.277306 2.49576 80 2 25 10 48660 0 
-92.1557 27.6565 -0.17844 0.277306 2.49576 80 2 25 10 48661 0 
-92.1465 27.6565 -0.178447 0.277306 2.49576 80 2 25 10 48662 0 
-92.1372 27.6565 -0.178455 0.277306 2.49576 80 2 25 10 48663 0 
-92.128 27.6565 -0.178463 0.277306 2.49576 80 2 25 10 48664 0 
-92.1187 27.6564 -0.178471 0.277306 2.49576 80 2 25 10 48665 0 
-92.1095 27.6564 -0.178478 0.277306 2.49576 80 2 25 10 48666 0 
-92.1003 27.6564 -0.178486 0.277306 2.49576 80 2 25 10 48667 0 
-92.091 27.6563 -0.178494 0.277306 2.49576 80 2 25 10 48668 0 
-92.0818 27.6563 -0.178502 0.277306 2.49576 80 2 25 10 48669 0 
-92.0725 27.6563 -0.178509 0.277306 2.49576 80 2 25 10 48670 0 
-92.0633 27.6563 -0.178517 0.277306 2.49576 80 2 25 10 48671 0 
-92.054 27.6562 -0.178525 0.277306 2.49576 80 2 25 10 48672 0 
-92.0448 27.6562 -0.178533 0.277306 2.49576 80 2 25 10 48673 0 
-92.0355 27.6562 -0.17854 0.277306 2.49576 80 2 25 10 48674 0 
-92.0263 27.6561 -0.178548 0.277306 2.49576 80 2 25 10 48675 0 
-92.017 27.6561 -0.178556 0.277306 2.49576 80 2 25 10 48676 0 
-92.0078 27.6561 -0.178564 0.277306 2.49576 80 2 25 10 48677 0 
-91.9985 27.6561 -0.178571 0.277306 2.49576 80 2 25 10 48678 0 
-91.9893 27.656 -0.178579 0.277306 2.49576 80 2 25 10 48679 0 
-91.98 27.656 -0.178587 0.277306 2.49576 80 2 25 10 48680 0 
-91.9708 27.656 -0.178595 0.277306 2.49576 80 2 25 10 48681 0 
-91.9615 27.6559 -0.178603 0.277306 2.49576 80 2 25 10 48682 0 
-91.9523 27.6559 -0.17861 0.277306 2.49576 80 2 25 10 48683 0 
-91.9431 27.6559 -0.178618 0.277306 2.49576 80 2 25 10 48684 0 
-91.9338 27.6559 -0.178626 0.277306 2.49576 80 2 25 10 48685 0 
-91.9246 27.6558 -0.178634 0.277306 2.49576 80 2 25 10 48686 0 
-91.9153 27.6558 -0.178641 0.277306 2.49576 80 2 25 10 48687 0 
-91.9061 27.6558 -0.178649 0.277306 2.49576 80 2 25 10 48688 0 
-91.8968 27.6557 -0.178657 0.277306 2.49576 80 2 25 10 48689 0 
-91.8876 27.6557 -0.178665 0.277306 2.49576 80 2 25 10 48690 0 
-91.8783 27.6557 -0.178672 0.277306 2.49576 80 2 25 10 48691 0 
-91.8691 27.6557 -0.17868 0.277306 2.49576 80 2 25 10 48692 0 
-91.8598 27.6556 -0.178688 0.277306 2.49576 80 2 25 10 48693 0 
-91.8506 27.6556 -0.178696 0.277306 2.49576 80 2 25 10 48694 0 
-91.8413 27.6556 -0.178703 0.277306 2.49576 80 2 25 10 48695 0 
-91.8321 27.6555 -0.178711 0.277306 2.49576 80 2 25 10 48696 0 
-91.8228 27.6555 -0.178719 0.277306 2.49576 80 2 25 10 48697 0 
-91.8136 27.6555 -0.178727 0.277306 2.49576 80 2 25 10 48698 0 
-91.8044 27.6555 -0.178735 0.277306 2.49576 80 2 25 10 48699 0 
-91.7951 27.6554 -0.178742 0.277306 2.49576 80 2 25 10 48700 0 
-91.7859 27.6554 -0.17875 0.277306 2.49576 80 2 25 10 48701 0 
-91.7766 27.6554 -0.178758 0.277306 2.49576 80 2 25 10 48702 0 
-91.7674 27.6553 -0.178766 0.277306 2.49576 80 2 25 10 48703 0 
-91.7581 27.6553 -0.178773 0.277306 2.49576 80 2 25 10 48704 0 
-91.7489 27.6553 -0.178781 0.277306 2.49576 80 2 25 10 48705 0 
-91.7396 27.6553 -0.178789 0.277306 2.49576 80 2 25 10 48706 0 
-91.7304 27.6552 -0.178797 0.277306 2.49576 80 2 25 10 48707 0 
-91.7211 27.6552 -0.178805 0.277306 2.49576 80 2 25 10 48708 0 
-91.7119 27.6552 -0.178812 0.277306 2.49576 80 2 25 10 48709 0 
-91.7026 27.6551 -0.17882 0.277306 2.49576 80 2 25 10 48710 0 
-91.6934 27.6551 -0.178828 0.277306 2.49576 80 2 25 10 48711 0 
-91.6841 27.6551 -0.178836 0.277306 2.49576 80 2 25 10 48712 0 
-91.6749 27.6551 -0.178844 0.277306 2.49576 80 2 25 10 48713 0 
-91.6656 27.655 -0.178851 0.277306 2.49576 80 2 25 10 48714 0 
-91.6564 27.655 -0.178859 0.277306 2.49576 80 2 25 10 48715 0 
-91.6472 27.655 -0.178867 0.277306 2.49576 80 2 25 10 48716 0 
-91.6379 27.6549 -0.178875 0.277306 2.49576 80 2 25 10 48717 0 
-91.6287 27.6549 -0.178883 0.277306 2.49576 80 2 25 10 48718 0 
-91.6194 27.6549 -0.17889 0.277306 2.49576 80 2 25 10 48719 0 
-91.6102 27.6549 -0.178898 0.277306 2.49576 80 2 25 10 48720 0 
-91.6009 27.6548 -0.178906 0.277306 2.49576 80 2 25 10 48721 0 
-91.5917 27.6548 -0.178914 0.277306 2.49576 80 2 25 10 48722 0 
-91.5824 27.6548 -0.178921 0.277306 2.49576 80 2 25 10 48723 0 
-91.5732 27.6547 -0.178929 0.277306 2.49576 80 2 25 10 48724 0 
-91.5639 27.6547 -0.178937 0.277306 2.49576 80 2 25 10 48725 0 
-91.5547 27.6547 -0.178945 0.277306 2.49576 80 2 25 10 48726 0 
-91.5454 27.6547 -0.178953 0.277306 2.49576 80 2 25 10 48727 0 
-91.5362 27.6546 -0.17896 0.277306 2.49576 80 2 25 10 48728 0 
-91.5269 27.6546 -0.178968 0.277306 2.49576 80 2 25 10 48729 0 
-91.5177 27.6546 -0.178976 0.277306 2.49576 80 2 25 10 48730 0 
-91.5085 27.6545 -0.178984 0.277306 2.49576 80 2 25 10 48731 0 
-91.4992 27.6545 -0.178992 0.277306 2.49576 80 2 25 10 48732 0 
-91.49 27.6545 -0.179 0.277306 2.49576 80 2 25 10 48733 0 
-91.4807 27.6545 -0.179007 0.277306 2.49576 80 2 25 10 48734 0 
-91.4715 27.6544 -0.179015 0.277306 2.49576 80 2 25 10 48735 0 
-91.4622 27.6544 -0.179023 0.277306 2.49576 80 2 25 10 48736 0 
-91.453 27.6544 -0.179031 0.277306 2.49576 80 2 25 10 48737 0 
-91.4437 27.6543 -0.179039 0.277306 2.49576 80 2 25 10 48738 0 
-91.4345 27.6543 -0.179046 0.277306 2.49576 80 2 25 10 48739 0 
-91.4252 27.6543 -0.179054 0.277306 2.49576 80 2 25 10 48740 0 
-91.416 27.6543 -0.179062 0.277306 2.49576 80 2 25 10 48741 0 
-91.4067 27.6542 -0.17907 0.277306 2.49576 80 2 25 10 48742 0 
-91.3975 27.6542 -0.179078 0.277306 2.49576 80 2 25 10 48743 0 
-91.3882 27.6542 -0.179085 0.277306 2.49576 80 2 25 10 48744 0 
-91.379 27.6541 -0.179093 0.277306 2.49576 80 2 25 10 48745 0 
-91.3698 27.6541 -0.179101 0.277306 2.49576 80 2 25 10 48746 0 
-91.3605 27.6541 -0.179109 0.277306 2.49576 80 2 25 10 48747 0 
-91.3513 27.6541 -0.179117 0.277306 2.49576 80 2 25 10 48748 0 
-91.342 27.654 -0.179125 0.277306 2.49576 80 2 25 10 48749 0 
-91.3328 27.654 -0.179132 0.277306 2.49576 80 2 25 10 48750 0 
-91.3235 27.654 -0.17914 0.277306 2.49576 80 2 25 10 48751 0 
-91.3143 27.6539 -0.179148 0.277306 2.49576 80 2 25 10 48752 0 
-91.305 27.6539 -0.179156 0.277306 2.49576 80 2 25 10 48753 0 
-91.2958 27.6539 -0.179164 0.277306 2.49576 80 2 25 10 48754 0 
-91.2865 27.6539 -0.179171 0.277306 2.49576 80 2 25 10 48755 0 
-91.2773 27.6538 -0.179179 0.277306 2.49576 80 2 25 10 48756 0 
-91.268 27.6538 -0.179187 0.277306 2.49576 80 2 25 10 48757 0 
-91.2588 27.6538 -0.179195 0.277306 2.49576 80 2 25 10 48758 0 
-91.2495 27.6537 -0.179203 0.277306 2.49576 80 2 25 10 48759 0 
-91.2403 27.6537 -0.179211 0.277306 2.49576 80 2 25 10 48760 0 
-91.231 27.6537 -0.179218 0.277306 2.49576 80 2 25 10 48761 0 
-91.2218 27.6537 -0.179226 0.277306 2.49576 80 2 25 10 48762 0 
-91.2126 27.6536 -0.179234 0.277306 2.49576 80 2 25 10 48763 0 
-91.2033 27.6536 -0.179242 0.277306 2.49576 80 2 25 10 48764 0 
-91.1941 27.6536 -0.17925 0.277306 2.49576 80 2 25 10 48765 0 
-91.1848 27.6535 -0.179258 0.277306 2.49576 80 2 25 10 48766 0 
-91.1756 27.6535 -0.179265 0.277306 2.49576 80 2 25 10 48767 0 
-91.1663 27.6535 -0.179273 0.277306 2.49576 80 2 25 10 48768 0 
-91.1571 27.6535 -0.179281 0.277306 2.49576 80 2 25 10 48769 0 
-91.1478 27.6534 -0.179289 0.277306 2.49576 80 2 25 10 48770 0 
-91.1386 27.6534 -0.179297 0.277306 2.49576 80 2 25 10 48771 0 
-91.1293 27.6534 -0.179305 0.277306 2.49576 80 2 25 10 48772 0 
-91.1201 27.6533 -0.179312 0.277306 2.49576 80 2 25 10 48773 0 
-91.1108 27.6533 -0.17932 0.277306 2.49576 80 2 25 10 48774 0 
-91.1016 27.6533 -0.179328 0.277306 2.49576 80 2 25 10 48775 0 
-91.0923 27.6532 -0.179336 0.277306 2.49576 80 2 25 10 48776 0 
-91.0831 27.6532 -0.179344 0.277306 2.49576 80 2 25 10 48777 0 
-91.0739 27.6532 -0.179352 0.277306 2.49576 80 2 25 10 48778 0 
-91.0646 27.6532 -0.179359 0.277306 2.49576 80 2 25 10 48779 0 
-91.0554 27.6531 -0.179367 0.277306 2.49576 80 2 25 10 48780 0 
-91.0461 27.6531 -0.179375 0.277306 2.49576 80 2 25 10 48781 0 
-91.0369 27.6531 -0.179383 0.277306 2.49576 80 2 25 10 48782 0 
-91.0276 27.653 -0.179391 0.277306 2.49576 80 2 25 10 48783 0 
-91.0184 27.653 -0.179399 0.277306 2.49576 80 2 25 10 48784 0 
-91.0091 27.653 -0.179407 0.277306 2.49576 80 2 25 10 48785 0 
-90.9999 27.653 -0.179414 0.277306 2.49576 80 2 25 10 48786 0 
-90.9906 27.6529 -0.179422 0.277306 2.49576 80 2 25 10 48787 0 
-90.9814 27.6529 -0.17943 0.277306 2.49576 80 2 25 10 48788 0 
-90.9721 27.6529 -0.179438 0.277306 2.49576 80 2 25 10 48789 0 
-90.9629 27.6528 -0.179446 0.277306 2.49576 80 2 25 10 48790 0 
-90.9536 27.6528 -0.179454 0.277306 2.49576 80 2 25 10 48791 0 
-90.9444 27.6528 -0.179462 0.277306 2.49576 80 2 25 10 48792 0 
-90.9352 27.6528 -0.179469 0.277306 2.49576 80 2 25 10 48793 0 
-90.9259 27.6527 -0.179477 0.277306 2.49576 80 2 25 10 48794 0 
-90.9167 27.6527 -0.179485 0.277306 2.49576 80 2 25 10 48795 0 
-90.9074 27.6527 -0.179493 0.277306 2.49576 80 2 25 10 48796 0 
-90.8982 27.6526 -0.179501 0.277306 2.49576 80 2 25 10 48797 0 
-90.8889 27.6526 -0.179509 0.277306 2.49576 80 2 25 10 48798 0 
-90.8797 27.6526 -0.179517 0.277306 2.49576 80 2 25 10 48799 0 
-90.8704 27.6526 -0.179524 0.277306 2.49576 80 2 25 10 48800 0 
-90.8612 27.6525 -0.179532 0.277306 2.49576 80 2 25 10 48801 0 
-90.8519 27.6525 -0.17954 0.277306 2.49576 80 2 25 10 48802 0 
-90.8427 27.6525 -0.179548 0.277306 2.49576 80 2 25 10 48803 0 
-90.8334 27.6524 -0.179556 0.277306 2.49576 80 2 25 10 48804 0 
-90.8242 27.6524 -0.179564 0.277306 2.49576 80 2 25 10 48805 0 
-90.8149 27.6524 -0.179572 0.277306 2.49576 80 2 25 10 48806 0 
-90.8057 27.6524 -0.179579 0.277306 2.49576 80 2 25 10 48807 0 
-90.7964 27.6523 -0.179587 0.277306 2.49576 80 2 25 10 48808 0 
-90.7872 27.6523 -0.179595 0.277306 2.49576 80 2 25 10 48809 0 
-90.778 27.6523 -0.179603 0.277306 2.49576 80 2 25 10 48810 0 
-90.7687 27.6522 -0.179611 0.277306 2.49576 80 2 25 10 48811 0 
-90.7595 27.6522 -0.179619 0.277306 2.49576 80 2 25 10 48812 0 
-90.7502 27.6522 -0.179627 0.277306 2.49576 80 2 25 10 48813 0 
-90.741 27.6522 -0.179635 0.277306 2.49576 80 2 25 10 48814 0 
-90.7317 27.6521 -0.179642 0.277306 2.49576 80 2 25 10 48815 0 
-90.7225 27.6521 -0.17965 0.277306 2.49576 80 2 25 10 48816 0 
-90.7132 27.6521 -0.179658 0.277306 2.49576 80 2 25 10 48817 0 
-90.704 27.652 -0.179666 0.277306 2.49576 80 2 25 10 48818 0 
-90.6947 27.652 -0.179674 0.277306 2.49576 80 2 25 10 48819 0 
-90.6855 27.652 -0.179682 0.277306 2.49576 80 2 25 10 48820 0 
-90.6762 27.652 -0.17969 0.277306 2.49576 80 2 25 10 48821 0 
-90.667 27.6519 -0.179698 0.277306 2.49576 80 2 25 10 48822 0 
-90.6577 27.6519 -0.179706 0.277306 2.49576 80 2 25 10 48823 0 
-90.6485 27.6519 -0.179713 0.277306 2.49576 80 2 25 10 48824 0 
-90.6393 27.6518 -0.179721 0.277306 2.49576 80 2 25 10 48825 0 
-90.63 27.6518 -0.179729 0.277306 2.49576 80 2 25 10 48826 0 
-90.6208 27.6518 -0.179737 0.277306 2.49576 80 2 25 10 48827 0 
-90.6115 27.6518 -0.179745 0.277306 2.49576 80 2 25 10 48828 0 
-90.6023 27.6517 -0.179753 0.277306 2.49576 80 2 25 10 48829 0 
-90.593 27.6517 -0.179761 0.277306 2.49576 80 2 25 10 48830 0 
-90.5838 27.6517 -0.179769 0.277306 2.49576 80 2 25 10 48831 0 
-90.5745 27.6516 -0.179776 0.277306 2.49576 80 2 25 10 48832 0 
-90.5653 27.6516 -0.179784 0.277306 2.49576 80 2 25 10 48833 0 
-90.556 27.6516 -0.179792 0.277306 2.49576 80 2 25 10 48834 0 
-90.5468 27.6516 -0.1798 0.277306 2.49576 80 2 25 10 48835 0 
-90.5375 27.6515 -0.179808 0.277306 2.49576 80 2 25 10 48836 0 
-90.5283 27.6515 -0.179816 0.277306 2.49576 80 2 25 10 48837 0 
-90.519 27.6515 -0.179824 0.277306 2.49576 80 2 25 10 48838 0 
-90.5098 27.6514 -0.179832 0.277306 2.49576 80 2 25 10 48839 0 
-90.5005 27.6514 -0.17984 0.277306 2.49576 80 2 25 10 48840 0 
-90.4913 27.6514 -0.179848 0.277306 2.49576 80 2 25 10 48841 0 
-90.4821 27.6514 -0.179855 0.277306 2.49576 80 2 25 10 48842 0 
-90.4728 27.6513 -0.179863 0.277306 2.49576 80 2 25 10 48843 0 
-90.4636 27.6513 -0.179871 0.277306 2.49576 80 2 25 10 48844 0 
-90.4543 27.6513 -0.179879 0.277306 2.49576 80 2 25 10 48845 0 
-90.4451 27.6512 -0.179887 0.277306 2.49576 80 2 25 10 48846 0 
-90.4358 27.6512 -0.179895 0.277306 2.49576 80 2 25 10 48847 0 
-90.4266 27.6512 -0.179903 0.277306 2.49576 80 2 25 10 48848 0 
-90.4173 27.6512 -0.179911 0.277306 2.49576 80 2 25 10 48849 0 
-90.4081 27.6511 -0.179919 0.277306 2.49576 80 2 25 10 48850 0 
-90.3988 27.6511 -0.179927 0.277306 2.49576 80 2 25 10 48851 0 
-90.3896 27.6511 -0.179934 0.277306 2.49576 80 2 25 10 48852 0 
-90.3803 27.651 -0.179942 0.277306 2.49576 80 2 25 10 48853 0 
-90.3711 27.651 -0.17995 0.277306 2.49576 80 2 25 10 48854 0 
-90.3618 27.651 -0.179958 0.277306 2.49576 80 2 25 10 48855 0 
-90.3526 27.651 -0.179966 0.277306 2.49576 80 2 25 10 48856 0 
-90.3434 27.6509 -0.179974 0.277306 2.49576 80 2 25 10 48857 0 
-90.3341 27.6509 -0.179982 0.277306 2.49576 80 2 25 10 48858 0 
-90.3249 27.6509 -0.17999 0.277306 2.49576 80 2 25 10 48859 0 
-90.3156 27.6508 -0.179998 0.277306 2.49576 80 2 25 10 48860 0 
-90.3064 27.6508 -0.180006 0.277306 2.49576 80 2 25 10 48861 0 
-90.2971 27.6508 -0.180014 0.277306 2.49576 80 2 25 10 48862 0 
-90.2879 27.6508 -0.180021 0.277306 2.49576 80 2 25 10 48863 0 
-90.2786 27.6507 -0.180029 0.277306 2.49576 80 2 25 10 48864 0 
-90.2694 27.6507 -0.180037 0.277306 2.49576 80 2 25 10 48865 0 
-90.2601 27.6507 -0.180045 0.277306 2.49576 80 2 25 10 48866 0 
-90.2509 27.6506 -0.180053 0.277306 2.49576 80 2 25 10 48867 0 
-90.2416 27.6506 -0.180061 0.277306 2.49576 80 2 25 10 48868 0 
-90.2324 27.6506 -0.180069 0.277306 2.49576 80 2 25 10 48869 0 
-90.2231 27.6506 -0.180077 0.277306 2.49576 80 2 25 10 48870 0 
-90.2139 27.6505 -0.180085 0.277306 2.49576 80 2 25 10 48871 0 
-90.2047 27.6505 -0.180093 0.277306 2.49576 80 2 25 10 48872 0 
-90.1954 27.6505 -0.180101 0.277306 2.49576 80 2 25 10 48873 0 
-90.1862 27.6504 -0.180109 0.277306 2.49576 80 2 25 10 48874 0 
-90.1769 27.6504 -0.180117 0.277306 2.49576 80 2 25 10 48875 0 
-90.1677 27.6504 -0.180124 0.277306 2.49576 80 2 25 10 48876 0 
-90.1584 27.6504 -0.180132 0.277306 2.49576 80 2 25 10 48877 0 
-90.1492 27.6503 -0.18014 0.277306 2.49576 80 2 25 10 48878 0 
-90.1399 27.6503 -0.180148 0.277306 2.49576 80 2 25 10 48879 0 
-90.1307 27.6503 -0.180156 0.277306 2.49576 80 2 25 10 48880 0 
-90.1214 27.6502 -0.180164 0.277306 2.49576 80 2 25 10 48881 0 
-90.1122 27.6502 -0.180172 0.277306 2.49576 80 2 25 10 48882 0 
-90.1029 27.6502 -0.18018 0.277306 2.49576 80 2 25 10 48883 0 
-90.0937 27.6502 -0.180188 0.277306 2.49576 80 2 25 10 48884 0 
-90.0844 27.6501 -0.180196 0.277306 2.49576 80 2 25 10 48885 0 
-90.0752 27.6501 -0.180204 0.277306 2.49576 80 2 25 10 48886 0 
-90.0659 27.6501 -0.180212 0.277306 2.49576 80 2 25 10 48887 0 
-90.0567 27.65 -0.18022 0.277306 2.49576 80 2 25 10 48888 0 
-90.0475 27.65 -0.180228 0.277306 2.49576 80 2 25 10 48889 0 
-90.0382 27.65 -0.180236 0.277306 2.49576 80 2 25 10 48890 0 
-90.029 27.65 -0.180244 0.277306 2.49576 80 2 25 10 48891 0 
-90.0197 27.6499 -0.180251 0.277306 2.49576 80 2 25 10 48892 0 
-90.0105 27.6499 -0.180259 0.277306 2.49576 80 2 25 10 48893 0 
-90.0012 27.6499 -0.180267 0.277306 2.49576 80 2 25 10 48894 0 
-89.992 27.6498 -0.180275 0.277306 2.49576 80 2 25 10 48895 0 
-89.9827 27.6498 -0.180283 0.277306 2.49576 80 2 25 10 48896 0 
-89.9735 27.6498 -0.180291 0.277306 2.49576 80 2 25 10 48897 0 
-89.9642 27.6498 -0.180299 0.277306 2.49576 80 2 25 10 48898 0 
-89.955 27.6497 -0.180307 0.277306 2.49576 80 2 25 10 48899 0 
-89.9457 27.6497 -0.180315 0.277306 2.49576 80 2 25 10 48900 0 
-89.9365 27.6497 -0.180323 0.277306 2.49576 80 2 25 10 48901 0 
-89.9272 27.6496 -0.180331 0.277306 2.49576 80 2 25 10 48902 0 
-89.918 27.6496 -0.180339 0.277306 2.49576 80 2 25 10 48903 0 
-89.9088 27.6496 -0.180347 0.277306 2.49576 80 2 25 10 48904 0 
-89.8995 27.6496 -0.180355 0.277306 2.49576 80 2 25 10 48905 0 
-89.8903 27.6495 -0.180363 0.277306 2.49576 80 2 25 10 48906 0 
-89.881 27.6495 -0.180371 0.277306 2.49576 80 2 25 10 48907 0 
-89.8718 27.6495 -0.180379 0.277306 2.49576 80 2 25 10 48908 0 
-89.8625 27.6494 -0.180387 0.277306 2.49576 80 2 25 10 48909 0 
-89.8533 27.6494 -0.180395 0.277306 2.49576 80 2 25 10 48910 0 
-89.844 27.6494 -0.180403 0.277306 2.49576 80 2 25 10 48911 0 
-89.8348 27.6494 -0.18041 0.277306 2.49576 80 2 25 10 48912 0 
-89.8255 27.6493 -0.180418 0.277306 2.49576 80 2 25 10 48913 0 
-89.8163 27.6493 -0.180426 0.277306 2.49576 80 2 25 10 48914 0 
-89.807 27.6493 -0.180434 0.277306 2.49576 80 2 25 10 48915 0 
-89.7978 27.6492 -0.180442 0.277306 2.49576 80 2 25 10 48916 0 
-89.7885 27.6492 -0.18045 0.277306 2.49576 80 2 25 10 48917 0 
-89.7793 27.6492 -0.180458 0.277306 2.49576 80 2 25 10 48918 0 
-89.7701 27.6492 -0.180466 0.277306 2.49576 80 2 25 10 48919 0 
-89.7608 27.6491 -0.180474 0.277306 2.49576 80 2 25 10 48920 0 
-89.7516 27.6491 -0.180482 0.277306 2.49576 80 2 25 10 48921 0 
-89.7423 27.6491 -0.18049 0.277306 2.49576 80 2 25 10 48922 0 
-89.7331 27.649 -0.180498 0.277306 2.49576 80 2 25 10 48923 0 
-89.7238 27.649 -0.180506 0.277306 2.49576 80 2 25 10 48924 0 
-89.7146 27.649 -0.180514 0.277306 2.49576 80 2 25 10 48925 0 
-89.7053 27.649 -0.180522 0.277306 2.49576 80 2 25 10 48926 0 
-89.6961 27.6489 -0.18053 0.277306 2.49576 80 2 25 10 48927 0 
-89.6868 27.6489 -0.180538 0.277306 2.49576 80 2 25 10 48928 0 
-89.6776 27.6489 -0.180546 0.277306 2.49576 80 2 25 10 48929 0 
-89.6683 27.6488 -0.180554 0.277306 2.49576 80 2 25 10 48930 0 
-89.6591 27.6488 -0.180562 0.277306 2.49576 80 2 25 10 48931 0 
-89.6498 27.6488 -0.18057 0.277306 2.49576 80 2 25 10 48932 0 
-89.6406 27.6488 -0.180578 0.277306 2.49576 80 2 25 10 48933 0 
-89.6313 27.6487 -0.180586 0.277306 2.49576 80 2 25 10 48934 0 
-89.6221 27.6487 -0.180594 0.277306 2.49576 80 2 25 10 48935 0 
-89.6129 27.6487 -0.180602 0.277306 2.49576 80 2 25 10 48936 0 
-89.6036 27.6486 -0.18061 0.277306 2.49576 80 2 25 10 48937 0 
-89.5944 27.6486 -0.180618 0.277306 2.49576 80 2 25 10 48938 0 
-89.5851 27.6486 -0.180626 0.277306 2.49576 80 2 25 10 48939 0 
-89.5759 27.6486 -0.180634 0.277306 2.49576 80 2 25 10 48940 0 
-89.5666 27.6485 -0.180642 0.277306 2.49576 80 2 25 10 48941 0 
-89.5574 27.6485 -0.18065 0.277306 2.49576 80 2 25 10 48942 0 
-89.5481 27.6485 -0.180658 0.277306 2.49576 80 2 25 10 48943 0 
-89.5389 27.6484 -0.180666 0.277306 2.49576 80 2 25 10 48944 0 
-89.5296 27.6484 -0.180674 0.277306 2.49576 80 2 25 10 48945 0 
-89.5204 27.6484 -0.180682 0.277306 2.49576 80 2 25 10 48946 0 
-89.5111 27.6484 -0.18069 0.277306 2.49576 80 2 25 10 48947 0 
-89.5019 27.6483 -0.180698 0.277306 2.49576 80 2 25 10 48948 0 
-89.4926 27.6483 -0.180706 0.277306 2.49576 80 2 25 10 48949 0 
-89.4834 27.6483 -0.180714 0.277306 2.49576 80 2 25 10 48950 0 
-89.4742 27.6482 -0.180722 0.277306 2.49576 80 2 25 10 48951 0 
-89.4649 27.6482 -0.18073 0.277306 2.49576 80 2 25 10 48952 0 
-89.4557 27.6482 -0.180738 0.277306 2.49576 80 2 25 10 48953 0 
-89.4464 27.6482 -0.180746 0.277306 2.49576 80 2 25 10 48954 0 
-89.4372 27.6481 -0.180754 0.277306 2.49576 80 2 25 10 48955 0 
-89.4279 27.6481 -0.180762 0.277306 2.49576 80 2 25 10 48956 0 
-89.4187 27.6481 -0.18077 0.277306 2.49576 80 2 25 10 48957 0 
-89.4094 27.648 -0.180778 0.277306 2.49576 80 2 25 10 48958 0 
-89.4002 27.648 -0.180786 0.277306 2.49576 80 2 25 10 48959 0 
-89.3909 27.648 -0.180794 0.277306 2.49576 80 2 25 10 48960 0 
-89.3817 27.648 -0.180802 0.277306 2.49576 80 2 25 10 48961 0 
-89.3724 27.6479 -0.18081 0.277306 2.49576 80 2 25 10 48962 0 
-89.3632 27.6479 -0.180818 0.277306 2.49576 80 2 25 10 48963 0 
-89.3539 27.6479 -0.180826 0.277306 2.49576 80 2 25 10 48964 0 
-89.3447 27.6478 -0.180834 0.277306 2.49576 80 2 25 10 48965 0 
-89.3354 27.6478 -0.180842 0.277306 2.49576 80 2 25 10 48966 0 
-89.3262 27.6478 -0.18085 0.277306 2.49576 80 2 25 10 48967 0 
-89.317 27.6478 -0.180858 0.277306 2.49576 80 2 25 10 48968 0 
-89.3077 27.6477 -0.180866 0.277306 2.49576 80 2 25 10 48969 0 
-89.2985 27.6477 -0.180874 0.277306 2.49576 80 2 25 10 48970 0 
-89.2892 27.6477 -0.180882 0.277306 2.49576 80 2 25 10 48971 0 
-89.28 27.6476 -0.18089 0.277306 2.49576 80 2 25 10 48972 0 
-89.2707 27.6476 -0.180898 0.277306 2.49576 80 2 25 10 48973 0 
-89.2615 27.6476 -0.180906 0.277306 2.49576 80 2 25 10 48974 0 
-89.2522 27.6476 -0.180914 0.277306 2.49576 80 2 25 10 48975 0 
-89.243 27.6475 -0.180922 0.277306 2.49576 80 2 25 10 48976 0 
-89.2337 27.6475 -0.18093 0.277306 2.49576 80 2 25 10 48977 0 
-89.2245 27.6475 -0.180938 0.277306 2.49576 80 2 25 10 48978 0 
-89.2152 27.6474 -0.180946 0.277306 2.49576 80 2 25 10 48979 0 
-89.206 27.6474 -0.180954 0.277306 2.49576 80 2 25 10 48980 0 
-89.1967 27.6474 -0.180962 0.277306 2.49576 80 2 25 10 48981 0 
-89.1875 27.6474 -0.18097 0.277306 2.49576 80 2 25 10 48982 0 
-89.1783 27.6473 -0.180978 0.277306 2.49576 80 2 25 10 48983 0 
-89.169 27.6473 -0.180986 0.277306 2.49576 80 2 25 10 48984 0 
-89.1598 27.6473 -0.180994 0.277306 2.49576 80 2 25 10 48985 0 
-89.1505 27.6472 -0.181002 0.277306 2.49576 80 2 25 10 48986 0 
-89.1413 27.6472 -0.18101 0.277306 2.49576 80 2 25 10 48987 0 
-89.132 27.6472 -0.181018 0.277306 2.49576 80 2 25 10 48988 0 
-89.1228 27.6472 -0.181026 0.277306 2.49576 80 2 25 10 48989 0 
-89.1135 27.6471 -0.181034 0.277306 2.49576 80 2 25 10 48990 0 
-89.1043 27.6471 -0.181042 0.277306 2.49576 80 2 25 10 48991 0 
-89.095 27.6471 -0.18105 0.277306 2.49576 80 2 25 10 48992 0 
-89.0858 27.647 -0.181058 0.277306 2.49576 80 2 25 10 48993 0 
-89.0765 27.647 -0.181066 0.277306 2.49576 80 2 25 10 48994 0 
-89.0673 27.647 -0.181074 0.277306 2.49576 80 2 25 10 48995 0 
-89.058 27.647 -0.181082 0.277306 2.49576 80 2 25 10 48996 0 
-89.0488 27.6469 -0.18109 0.277306 2.49576 80 2 25 10 48997 0 
-89.0396 27.6469 -0.181098 0.277306 2.49576 80 2 25 10 48998 0 
-89.0303 27.6469 -0.181106 0.277306 2.49576 80 2 25 10 48999 0 
-89.0211 27.6468 -0.181114 0.277306 2.49576 80 2 25 10 49000 0 
-89.0118 27.6468 -0.181122 0.277306 2.49576 80 2 25 10 49001 0 
-89.0026 27.6468 -0.18113 0.277306 2.49576 80 2 25 10 49002 0 
-88.9933 27.6468 -0.181138 0.277306 2.49576 80 2 25 10 49003 0 
-88.9841 27.6467 -0.181147 0.277306 2.49576 80 2 25 10 49004 0 
-88.9748 27.6467 -0.181155 0.277306 2.49576 80 2 25 10 49005 0 
-88.9656 27.6467 -0.181163 0.277306 2.49576 80 2 25 10 49006 0 
-88.9563 27.6466 -0.181171 0.277306 2.49576 80 2 25 10 49007 0 
-88.9471 27.6466 -0.181179 0.277306 2.49576 80 2 25 10 49008 0 
-88.9378 27.6466 -0.181187 0.277306 2.49576 80 2 25 10 49009 0 
-88.9286 27.6466 -0.181195 0.277306 2.49576 80 2 25 10 49010 0 
-88.9193 27.6465 -0.181203 0.277306 2.49576 80 2 25 10 49011 0 
-88.9101 27.6465 -0.181211 0.277306 2.49576 80 2 25 10 49012 0 
-88.9008 27.6465 -0.181219 0.277306 2.49576 80 2 25 10 49013 0 
-88.8916 27.6464 -0.181227 0.277306 2.49576 80 2 25 10 49014 0 
-88.8824 27.6464 -0.181235 0.277306 2.49576 80 2 25 10 49015 0 
-88.8731 27.6464 -0.181243 0.277306 2.49576 80 2 25 10 49016 0 
-88.8639 27.6464 -0.181251 0.277306 2.49576 80 2 25 10 49017 0 
-88.8546 27.6463 -0.181259 0.277306 2.49576 80 2 25 10 49018 0 
-88.8454 27.6463 -0.181267 0.277306 2.49576 80 2 25 10 49019 0 
-88.8361 27.6463 -0.181275 0.277306 2.49576 80 2 25 10 49020 0 
-88.8269 27.6462 -0.181283 0.277306 2.49576 80 2 25 10 49021 0 
-88.8176 27.6462 -0.181291 0.277306 2.49576 80 2 25 10 49022 0 
-88.8084 27.6462 -0.181299 0.277306 2.49576 80 2 25 10 49023 0 
-88.7991 27.6462 -0.181308 0.277306 2.49576 80 2 25 10 49024 0 
-88.7899 27.6461 -0.181316 0.277306 2.49576 80 2 25 10 49025 0 
-88.7806 27.6461 -0.181324 0.277306 2.49576 80 2 25 10 49026 0 
-88.7714 27.6461 -0.181332 0.277306 2.49576 80 2 25 10 49027 0 
-88.7621 27.646 -0.18134 0.277306 2.49576 80 2 25 10 49028 0 
-88.7529 27.646 -0.181348 0.277306 2.49576 80 2 25 10 49029 0 
-88.7437 27.646 -0.181356 0.277306 2.49576 80 2 25 10 49030 0 
-88.7344 27.646 -0.181364 0.277306 2.49576 80 2 25 10 49031 0 
-88.7252 27.6459 -0.181372 0.277306 2.49576 80 2 25 10 49032 0 
-88.7159 27.6459 -0.18138 0.277306 2.49576 80 2 25 10 49033 0 
-88.7067 27.6459 -0.181388 0.277306 2.49576 80 2 25 10 49034 0 
-88.6974 27.6458 -0.181396 0.277306 2.49576 80 2 25 10 49035 0 
-88.6882 27.6458 -0.181404 0.277306 2.49576 80 2 25 10 49036 0 
-88.6789 27.6458 -0.181412 0.277306 2.49576 80 2 25 10 49037 0 
-88.6697 27.6458 -0.18142 0.277306 2.49576 80 2 25 10 49038 0 
-88.6604 27.6457 -0.181429 0.277306 2.49576 80 2 25 10 49039 0 
-88.6512 27.6457 -0.181437 0.277306 2.49576 80 2 25 10 49040 0 
-88.6419 27.6457 -0.181445 0.277306 2.49576 80 2 25 10 49041 0 
-88.6327 27.6456 -0.181453 0.277306 2.49576 80 2 25 10 49042 0 
-88.6234 27.6456 -0.181461 0.277306 2.49576 80 2 25 10 49043 0 
-88.6142 27.6456 -0.181469 0.277306 2.49576 80 2 25 10 49044 0 
-88.6049 27.6456 -0.181477 0.277306 2.49576 80 2 25 10 49045 0 
-88.5957 27.6455 -0.181485 0.277306 2.49576 80 2 25 10 49046 0 
-88.5865 27.6455 -0.181493 0.277306 2.49576 80 2 25 10 49047 0 
-88.5772 27.6455 -0.181501 0.277306 2.49576 80 2 25 10 49048 0 
-88.568 27.6454 -0.181509 0.277306 2.49576 80 2 25 10 49049 0 
-88.5587 27.6454 -0.181517 0.277306 2.49576 80 2 25 10 49050 0 
-88.5495 27.6454 -0.181525 0.277306 2.49576 80 2 25 10 49051 0 
-88.5402 27.6454 -0.181534 0.277306 2.49576 80 2 25 10 49052 0 
-88.531 27.6453 -0.181542 0.277306 2.49576 80 2 25 10 49053 0 
-88.5217 27.6453 -0.18155 0.277306 2.49576 80 2 25 10 49054 0 
-88.5125 27.6453 -0.181558 0.277306 2.49576 80 2 25 10 49055 0 
-88.5032 27.6452 -0.181566 0.277306 2.49576 80 2 25 10 49056 0 
-88.494 27.6452 -0.181574 0.277306 2.49576 80 2 25 10 49057 0 
-88.4847 27.6452 -0.181582 0.277306 2.49576 80 2 25 10 49058 0 
-88.4755 27.6452 -0.18159 0.277306 2.49576 80 2 25 10 49059 0 
-88.4662 27.6451 -0.181598 0.277306 2.49576 80 2 25 10 49060 0 
-88.457 27.6451 -0.181606 0.277306 2.49576 80 2 25 10 49061 0 
-88.4478 27.6451 -0.181614 0.277306 2.49576 80 2 25 10 49062 0 
-88.4385 27.645 -0.181623 0.277306 2.49576 80 2 25 10 49063 0 
-88.4293 27.645 -0.181631 0.277306 2.49576 80 2 25 10 49064 0 
-88.42 27.645 -0.181639 0.277306 2.49576 80 2 25 10 49065 0 
-88.4108 27.645 -0.181647 0.277306 2.49576 80 2 25 10 49066 0 
-88.4015 27.6449 -0.181655 0.277306 2.49576 80 2 25 10 49067 0 
-88.3923 27.6449 -0.181663 0.277306 2.49576 80 2 25 10 49068 0 
-88.383 27.6449 -0.181671 0.277306 2.49576 80 2 25 10 49069 0 
-88.3738 27.6448 -0.181679 0.277306 2.49576 80 2 25 10 49070 0 
-88.3645 27.6448 -0.181687 0.277306 2.49576 80 2 25 10 49071 0 
-88.3553 27.6448 -0.181695 0.277306 2.49576 80 2 25 10 49072 0 
-88.346 27.6448 -0.181703 0.277306 2.49576 80 2 25 10 49073 0 
-88.3368 27.6447 -0.181712 0.277306 2.49576 80 2 25 10 49074 0 
-88.3275 27.6447 -0.18172 0.277306 2.49576 80 2 25 10 49075 0 
-88.3183 27.6447 -0.181728 0.277306 2.49576 80 2 25 10 49076 0 
-88.3091 27.6446 -0.181736 0.277306 2.49576 80 2 25 10 49077 0 
-88.2998 27.6446 -0.181744 0.277306 2.49576 80 2 25 10 49078 0 
-88.2906 27.6446 -0.181752 0.277306 2.49576 80 2 25 10 49079 0 
-88.2813 27.6446 -0.18176 0.277306 2.49576 80 2 25 10 49080 0 
-88.2721 27.6445 -0.181768 0.277306 2.49576 80 2 25 10 49081 0 
-88.2628 27.6445 -0.181776 0.277306 2.49576 80 2 25 10 49082 0 
-88.2536 27.6445 -0.181785 0.277306 2.49576 80 2 25 10 49083 0 
-88.2443 27.6444 -0.181793 0.277306 2.49576 80 2 25 10 49084 0 
-88.2351 27.6444 -0.181801 0.277306 2.49576 80 2 25 10 49085 0 
-88.2258 27.6444 -0.181809 0.277306 2.49576 80 2 25 10 49086 0 
-88.2166 27.6444 -0.181817 0.277306 2.49576 80 2 25 10 49087 0 
-88.2073 27.6443 -0.181825 0.277306 2.49576 80 2 25 10 49088 0 
-88.1981 27.6443 -0.181833 0.277306 2.49576 80 2 25 10 49089 0 
-88.1888 27.6443 -0.181841 0.277306 2.49576 80 2 25 10 49090 0 
-88.1796 27.6442 -0.181849 0.277306 2.49576 80 2 25 10 49091 0 
-88.1703 27.6442 -0.181858 0.277306 2.49576 80 2 25 10 49092 0 
-88.1611 27.6442 -0.181866 0.277306 2.49576 80 2 25 10 49093 0 
-88.1519 27.6442 -0.181874 0.277306 2.49576 80 2 25 10 49094 0 
-88.1426 27.6441 -0.181882 0.277306 2.49576 80 2 25 10 49095 0 
-88.1334 27.6441 -0.18189 0.277306 2.49576 80 2 25 10 49096 0 
-88.1241 27.6441 -0.181898 0.277306 2.49576 80 2 25 10 49097 0 
-88.1149 27.644 -0.181906 0.277306 2.49576 80 2 25 10 49098 0 
-88.1056 27.644 -0.181914 0.277306 2.49576 80 2 25 10 49099 0 
-88.0964 27.644 -0.181923 0.277306 2.49576 80 2 25 10 49100 0 
-88.0871 27.644 -0.181931 0.277306 2.49576 80 2 25 10 49101 0 
-88.0779 27.6439 -0.181939 0.277306 2.49576 80 2 25 10 49102 0 
-88.0686 27.6439 -0.181947 0.277306 2.49576 80 2 25 10 49103 0 
-88.0594 27.6439 -0.181955 0.277306 2.49576 80 2 25 10 49104 0 
-88.0501 27.6438 -0.181963 0.277306 2.49576 80 2 25 10 49105 0 
-88.0409 27.6438 -0.181971 0.277306 2.49576 80 2 25 10 49106 0 
-88.0316 27.6438 -0.18198 0.277306 2.49576 80 2 25 10 49107 0 
-88.0224 27.6438 -0.181988 0.277306 2.49576 80 2 25 10 49108 0 
-88.0132 27.6437 -0.181996 0.277306 2.49576 80 2 25 10 49109 0 
-88.0039 27.6437 -0.182004 0.277306 2.49576 80 2 25 10 49110 0 
-87.9947 27.6437 -0.182012 0.277306 2.49576 80 2 25 10 49111 0 
-87.9854 27.6436 -0.18202 0.277306 2.49576 80 2 25 10 49112 0 
-87.9762 27.6436 -0.182028 0.277306 2.49576 80 2 25 10 49113 0 
-87.9669 27.6436 -0.182036 0.277306 2.49576 80 2 25 10 49114 0 
-87.9577 27.6436 -0.182045 0.277306 2.49576 80 2 25 10 49115 0 
-87.9484 27.6435 -0.182053 0.277306 2.49576 80 2 25 10 49116 0 
-87.9392 27.6435 -0.182061 0.277306 2.49576 80 2 25 10 49117 0 
-87.9299 27.6435 -0.182069 0.277306 2.49576 80 2 25 10 49118 0 
-87.9207 27.6434 -0.182077 0.277306 2.49576 80 2 25 10 49119 0 
-87.9114 27.6434 -0.182085 0.277306 2.49576 80 2 25 10 49120 0 
-87.9022 27.6434 -0.182093 0.277306 2.49576 80 2 25 10 49121 0 
-87.8929 27.6434 -0.182102 0.277306 2.49576 80 2 25 10 49122 0 
-87.8837 27.6433 -0.18211 0.277306 2.49576 80 2 25 10 49123 0 
-87.8745 27.6433 -0.182118 0.277306 2.49576 80 2 25 10 49124 0 
-87.8652 27.6433 -0.182126 0.277306 2.49576 80 2 25 10 49125 0 
-87.856 27.6432 -0.182134 0.277306 2.49576 80 2 25 10 49126 0 
-87.8467 27.6432 -0.182142 0.277306 2.49576 80 2 25 10 49127 0 
-87.8375 27.6432 -0.182151 0.277306 2.49576 80 2 25 10 49128 0 
-87.8282 27.6432 -0.182159 0.277306 2.49576 80 2 25 10 49129 0 
-87.819 27.6431 -0.182167 0.277306 2.49576 80 2 25 10 49130 0 
-87.8097 27.6431 -0.182175 0.277306 2.49576 80 2 25 10 49131 0 
-87.8005 27.6431 -0.182183 0.277306 2.49576 80 2 25 10 49132 0 
-87.7912 27.643 -0.182191 0.277306 2.49576 80 2 25 10 49133 0 
-87.782 27.643 -0.182199 0.277306 2.49576 80 2 25 10 49134 0 
-87.7727 27.643 -0.182208 0.277306 2.49576 80 2 25 10 49135 0 
-87.7635 27.643 -0.182216 0.277306 2.49576 80 2 25 10 49136 0 
-87.7542 27.6429 -0.182224 0.277306 2.49576 80 2 25 10 49137 0 
-87.745 27.6429 -0.182232 0.277306 2.49576 80 2 25 10 49138 0 
-87.7357 27.6429 -0.18224 0.277306 2.49576 80 2 25 10 49139 0 
-87.7265 27.6428 -0.182248 0.277306 2.49576 80 2 25 10 49140 0 
-87.7173 27.6428 -0.182257 0.277306 2.49576 80 2 25 10 49141 0 
-87.708 27.6428 -0.182265 0.277306 2.49576 80 2 25 10 49142 0 
-87.6988 27.6427 -0.182273 0.277306 2.49576 80 2 25 10 49143 0 
-87.6895 27.6427 -0.182281 0.277306 2.49576 80 2 25 10 49144 0 
-87.6803 27.6427 -0.182289 0.277306 2.49576 80 2 25 10 49145 0 
-87.671 27.6427 -0.182297 0.277306 2.49576 80 2 25 10 49146 0 
-87.6618 27.6426 -0.182306 0.277306 2.49576 80 2 25 10 49147 0 
-87.6525 27.6426 -0.182314 0.277306 2.49576 80 2 25 10 49148 0 
-87.6433 27.6426 -0.182322 0.277306 2.49576 80 2 25 10 49149 0 
-87.634 27.6425 -0.18233 0.277306 2.49576 80 2 25 10 49150 0 
-87.6248 27.6425 -0.182338 0.277306 2.49576 80 2 25 10 49151 0 
-87.6155 27.6425 -0.182346 0.277306 2.49576 80 2 25 10 49152 0 
-87.6063 27.6425 -0.182355 0.277306 2.49576 80 2 25 10 49153 0 
-87.597 27.6424 -0.182363 0.277306 2.49576 80 2 25 10 49154 0 
-87.5878 27.6424 -0.182371 0.277306 2.49576 80 2 25 10 49155 0 
-87.5786 27.6424 -0.182379 0.277306 2.49576 80 2 25 10 49156 0 
-87.5693 27.6423 -0.182387 0.277306 2.49576 80 2 25 10 49157 0 
-87.5601 27.6423 -0.182395 0.277306 2.49576 80 2 25 10 49158 0 
-87.5508 27.6423 -0.182404 0.277306 2.49576 80 2 25 10 49159 0 
-87.5416 27.6423 -0.182412 0.277306 2.49576 80 2 25 10 49160 0 
-87.5323 27.6422 -0.18242 0.277306 2.49576 80 2 25 10 49161 0 
-87.5231 27.6422 -0.182428 0.277306 2.49576 80 2 25 10 49162 0 
-87.5138 27.6422 -0.182436 0.277306 2.49576 80 2 25 10 49163 0 
-87.5046 27.6421 -0.182445 0.277306 2.49576 80 2 25 10 49164 0 
-87.4953 27.6421 -0.182453 0.277306 2.49576 80 2 25 10 49165 0 
-87.4861 27.6421 -0.182461 0.277306 2.49576 80 2 25 10 49166 0 
-87.4768 27.6421 -0.182469 0.277306 2.49576 80 2 25 10 49167 0 
-87.4676 27.642 -0.182477 0.277306 2.49576 80 2 25 10 49168 0 
-87.4583 27.642 -0.182486 0.277306 2.49576 80 2 25 10 49169 0 
-87.4491 27.642 -0.182494 0.277306 2.49576 80 2 25 10 49170 0 
-87.4398 27.6419 -0.182502 0.277306 2.49576 80 2 25 10 49171 0 
-87.4306 27.6419 -0.18251 0.277306 2.49576 80 2 25 10 49172 0 
-87.4214 27.6419 -0.182518 0.277306 2.49576 80 2 25 10 49173 0 
-87.4121 27.6419 -0.182526 0.277306 2.49576 80 2 25 10 49174 0 
-87.4029 27.6418 -0.182535 0.277306 2.49576 80 2 25 10 49175 0 
-87.3936 27.6418 -0.182543 0.277306 2.49576 80 2 25 10 49176 0 
-87.3844 27.6418 -0.182551 0.277306 2.49576 80 2 25 10 49177 0 
-87.3751 27.6417 -0.182559 0.277306 2.49576 80 2 25 10 49178 0 
-87.3659 27.6417 -0.182567 0.277306 2.49576 80 2 25 10 49179 0 
-87.3566 27.6417 -0.182576 0.277306 2.49576 80 2 25 10 49180 0 
-87.3474 27.6417 -0.182584 0.277306 2.49576 80 2 25 10 49181 0 
-87.3381 27.6416 -0.182592 0.277306 2.49576 80 2 25 10 49182 0 
-87.3289 27.6416 -0.1826 0.277306 2.49576 80 2 25 10 49183 0 
-87.3196 27.6416 -0.182608 0.277306 2.49576 80 2 25 10 49184 0 
-87.3104 27.6415 -0.182617 0.277306 2.49576 80 2 25 10 49185 0 
-87.3011 27.6415 -0.182625 0.277306 2.49576 80 2 25 10 49186 0 
-87.2919 27.6415 -0.182633 0.277306 2.49576 80 2 25 10 49187 0 
-87.2827 27.6415 -0.182641 0.277306 2.49576 80 2 25 10 49188 0 
-87.2734 27.6414 -0.182649 0.277306 2.49576 80 2 25 10 49189 0 
-87.2642 27.6414 -0.182658 0.277306 2.49576 80 2 25 10 49190 0 
-87.2549 27.6414 -0.182666 0.277306 2.49576 80 2 25 10 49191 0 
-87.2457 27.6413 -0.182674 0.277306 2.49576 80 2 25 10 49192 0 
-87.2364 27.6413 -0.182682 0.277306 2.49576 80 2 25 10 49193 0 
-87.2272 27.6413 -0.182691 0.277306 2.49576 80 2 25 10 49194 0 
-87.2179 27.6413 -0.182699 0.277306 2.49576 80 2 25 10 49195 0 
-87.2087 27.6412 -0.182707 0.277306 2.49576 80 2 25 10 49196 0 
-87.1994 27.6412 -0.182715 0.277306 2.49576 80 2 25 10 49197 0 
-87.1902 27.6412 -0.182723 0.277306 2.49576 80 2 25 10 49198 0 
-87.1809 27.6411 -0.182732 0.277306 2.49576 80 2 25 10 49199 0 
-87.1717 27.6411 -0.18274 0.277306 2.49576 80 2 25 10 49200 0 
-87.1624 27.6411 -0.182748 0.277306 2.49576 80 2 25 10 49201 0 
-87.1532 27.6411 -0.182756 0.277306 2.49576 80 2 25 10 49202 0 
-87.144 27.641 -0.182764 0.277306 2.49576 80 2 25 10 49203 0 
-87.1347 27.641 -0.182773 0.277306 2.49576 80 2 25 10 49204 0 
-87.1255 27.641 -0.182781 0.277306 2.49576 80 2 25 10 49205 0 
-87.1162 27.6409 -0.182789 0.277306 2.49576 80 2 25 10 49206 0 
-87.107 27.6409 -0.182797 0.277306 2.49576 80 2 25 10 49207 0 
-87.0977 27.6409 -0.182806 0.277306 2.49576 80 2 25 10 49208 0 
-87.0885 27.6409 -0.182814 0.277306 2.49576 80 2 25 10 49209 0 
-87.0792 27.6408 -0.182822 0.277306 2.49576 80 2 25 10 49210 0 
-87.07 27.6408 -0.18283 0.277306 2.49576 80 2 25 10 49211 0 
-87.0607 27.6408 -0.182839 0.277306 2.49576 80 2 25 10 49212 0 
-87.0515 27.6407 -0.182847 0.277306 2.49576 80 2 25 10 49213 0 
-87.0422 27.6407 -0.182855 0.277306 2.49576 80 2 25 10 49214 0 
-87.033 27.6407 -0.182863 0.277306 2.49576 80 2 25 10 49215 0 
-87.0237 27.6407 -0.182871 0.277306 2.49576 80 2 25 10 49216 0 
-87.0145 27.6406 -0.18288 0.277306 2.49576 80 2 25 10 49217 0 
-87.0052 27.6406 -0.182888 0.277306 2.49576 80 2 25 10 49218 0 
-86.996 27.6406 -0.182896 0.277306 2.49576 80 2 25 10 49219 0 
-86.9868 27.6405 -0.182904 0.277306 2.49576 80 2 25 10 49220 0 
-86.9775 27.6405 -0.182913 0.277306 2.49576 80 2 25 10 49221 0 
-86.9683 27.6405 -0.182921 0.277306 2.49576 80 2 25 10 49222 0 
-86.959 27.6405 -0.182929 0.277306 2.49576 80 2 25 10 49223 0 
-86.9498 27.6404 -0.182937 0.277306 2.49576 80 2 25 10 49224 0 
-86.9405 27.6404 -0.182946 0.277306 2.49576 80 2 25 10 49225 0 
-86.9313 27.6404 -0.182954 0.277306 2.49576 80 2 25 10 49226 0 
-86.922 27.6403 -0.182962 0.277306 2.49576 80 2 25 10 49227 0 
-86.9128 27.6403 -0.18297 0.277306 2.49576 80 2 25 10 49228 0 
-86.9035 27.6403 -0.182979 0.277306 2.49576 80 2 25 10 49229 0 
-86.8943 27.6403 -0.182987 0.277306 2.49576 80 2 25 10 49230 0 
-86.885 27.6402 -0.182995 0.277306 2.49576 80 2 25 10 49231 0 
-86.8758 27.6402 -0.183003 0.277306 2.49576 80 2 25 10 49232 0 
-86.8665 27.6402 -0.183012 0.277306 2.49576 80 2 25 10 49233 0 
-86.8573 27.6401 -0.18302 0.277306 2.49576 80 2 25 10 49234 0 
-86.8481 27.6401 -0.183028 0.277306 2.49576 80 2 25 10 49235 0 
-86.8388 27.6401 -0.183036 0.277306 2.49576 80 2 25 10 49236 0 
-86.8296 27.6401 -0.183045 0.277306 2.49576 80 2 25 10 49237 0 
-86.8203 27.64 -0.183053 0.277306 2.49576 80 2 25 10 49238 0 
-86.8111 27.64 -0.183061 0.277306 2.49576 80 2 25 10 49239 0 
-86.8018 27.64 -0.183069 0.277306 2.49576 80 2 25 10 49240 0 
-86.7926 27.6399 -0.183078 0.277306 2.49576 80 2 25 10 49241 0 
-86.7833 27.6399 -0.183086 0.277306 2.49576 80 2 25 10 49242 0 
-86.7741 27.6399 -0.183094 0.277306 2.49576 80 2 25 10 49243 0 
-86.7648 27.6399 -0.183102 0.277306 2.49576 80 2 25 10 49244 0 
-86.7556 27.6398 -0.183111 0.277306 2.49576 80 2 25 10 49245 0 
-86.7463 27.6398 -0.183119 0.277306 2.49576 80 2 25 10 49246 0 
-86.7371 27.6398 -0.183127 0.277306 2.49576 80 2 25 10 49247 0 
-86.7278 27.6397 -0.183135 0.277306 2.49576 80 2 25 10 49248 0 
-86.7186 27.6397 -0.183144 0.277306 2.49576 80 2 25 10 49249 0 
-86.7094 27.6397 -0.183152 0.277306 2.49576 80 2 25 10 49250 0 
-86.7001 27.6397 -0.18316 0.277306 2.49576 80 2 25 10 49251 0 
-86.6909 27.6396 -0.183168 0.277306 2.49576 80 2 25 10 49252 0 
-86.6816 27.6396 -0.183177 0.277306 2.49576 80 2 25 10 49253 0 
-86.6724 27.6396 -0.183185 0.277306 2.49576 80 2 25 10 49254 0 
-86.6631 27.6395 -0.183193 0.277306 2.49576 80 2 25 10 49255 0 
-86.6539 27.6395 -0.183201 0.277306 2.49576 80 2 25 10 49256 0 
-86.6446 27.6395 -0.18321 0.277306 2.49576 80 2 25 10 49257 0 
-86.6354 27.6395 -0.183218 0.277306 2.49576 80 2 25 10 49258 0 
-86.6261 27.6394 -0.183226 0.277306 2.49576 80 2 25 10 49259 0 
-86.6169 27.6394 -0.183235 0.277306 2.49576 80 2 25 10 49260 0 
-86.6076 27.6394 -0.183243 0.277306 2.49576 80 2 25 10 49261 0 
-86.5984 27.6393 -0.183251 0.277306 2.49576 80 2 25 10 49262 0 
-86.5891 27.6393 -0.183259 0.277306 2.49576 80 2 25 10 49263 0 
-86.5799 27.6393 -0.183268 0.277306 2.49576 80 2 25 10 49264 0 
-86.5706 27.6393 -0.183276 0.277306 2.49576 80 2 25 10 49265 0 
-86.5614 27.6392 -0.183284 0.277306 2.49576 80 2 25 10 49266 0 
-86.5522 27.6392 -0.183292 0.277306 2.49576 80 2 25 10 49267 0 
-86.5429 27.6392 -0.183301 0.277306 2.49576 80 2 25 10 49268 0 
-86.5337 27.6391 -0.183309 0.277306 2.49576 80 2 25 10 49269 0 
-86.5244 27.6391 -0.183317 0.277306 2.49576 80 2 25 10 49270 0 
-86.5152 27.6391 -0.183326 0.277306 2.49576 80 2 25 10 49271 0 
-86.5059 27.639 -0.183334 0.277306 2.49576 80 2 25 10 49272 0 
-86.4967 27.639 -0.183342 0.277306 2.49576 80 2 25 10 49273 0 
-86.4874 27.639 -0.18335 0.277306 2.49576 80 2 25 10 49274 0 
-86.4782 27.639 -0.183359 0.277306 2.49576 80 2 25 10 49275 0 
-86.4689 27.6389 -0.183367 0.277306 2.49576 80 2 25 10 49276 0 
-86.4597 27.6389 -0.183375 0.277306 2.49576 80 2 25 10 49277 0 
-86.4504 27.6389 -0.183383 0.277306 2.49576 80 2 25 10 49278 0 
-86.4412 27.6388 -0.183392 0.277306 2.49576 80 2 25 10 49279 0 
-86.4319 27.6388 -0.1834 0.277306 2.49576 80 2 25 10 49280 0 
-86.4227 27.6388 -0.183408 0.277306 2.49576 80 2 25 10 49281 0 
-86.4135 27.6387 -0.183416 0.277306 2.49576 80 2 25 10 49282 0 
-86.4042 27.6387 -0.183425 0.277306 2.49576 80 2 25 10 49283 0 
-86.395 27.6387 -0.183433 0.277306 2.49576 80 2 25 10 49284 0 
-86.3857 27.6386 -0.183441 0.277306 2.49576 80 2 25 10 49285 0 
-86.3765 27.6386 -0.183449 0.277306 2.49576 80 2 25 10 49286 0 
-86.3672 27.6386 -0.183458 0.277306 2.49576 80 2 25 10 49287 0 
-86.358 27.6386 -0.183466 0.277306 2.49576 80 2 25 10 49288 0 
-86.3487 27.6385 -0.183474 0.277306 2.49576 80 2 25 10 49289 0 
-86.3395 27.6385 -0.183482 0.277306 2.49576 80 2 25 10 49290 0 
-86.3302 27.6385 -0.183491 0.277306 2.49576 80 2 25 10 49291 0 
-86.321 27.6384 -0.183499 0.277306 2.49576 80 2 25 10 49292 0 
-86.3117 27.6384 -0.183507 0.277306 2.49576 80 2 25 10 49293 0 
-86.3025 27.6384 -0.183515 0.277306 2.49576 80 2 25 10 49294 0 
-86.2932 27.6383 -0.183524 0.277306 2.49576 80 2 25 10 49295 0 
-86.284 27.6383 -0.183532 0.277306 2.49576 80 2 25 10 49296 0 
-86.2747 27.6383 -0.18354 0.277306 2.49576 80 2 25 10 49297 0 
-86.2655 27.6382 -0.183549 0.277306 2.49576 80 2 25 10 49298 0 
-86.2563 27.6382 -0.183557 0.277306 2.49576 80 2 25 10 49299 0 
-86.247 27.6382 -0.183565 0.277306 2.49576 80 2 25 10 49300 0 
-86.2378 27.6382 -0.183573 0.277306 2.49576 80 2 25 10 49301 0 
-86.2285 27.6381 -0.183582 0.277306 2.49576 80 2 25 10 49302 0 
-86.2193 27.6381 -0.18359 0.277306 2.49576 80 2 25 10 49303 0 
-86.21 27.6381 -0.183598 0.277306 2.49576 80 2 25 10 49304 0 
-86.2008 27.638 -0.183606 0.277306 2.49576 80 2 25 10 49305 0 
-86.1915 27.638 -0.183615 0.277306 2.49576 80 2 25 10 49306 0 
-86.1823 27.638 -0.183623 0.277306 2.49576 80 2 25 10 49307 0 
-86.173 27.6379 -0.183631 0.277306 2.49576 80 2 25 10 49308 0 
-86.1638 27.6379 -0.183639 0.277306 2.49576 80 2 25 10 49309 0 
-86.1545 27.6379 -0.183647 0.277306 2.49576 80 2 25 10 49310 0 
-86.1453 27.6379 -0.183656 0.277306 2.49576 80 2 25 10 49311 0 
-86.136 27.6378 -0.183664 0.277306 2.49576 80 2 25 10 49312 0 
-86.1268 27.6378 -0.183672 0.277306 2.49576 80 2 25 10 49313 0 
-86.1176 27.6378 -0.18368 0.277306 2.49576 80 2 25 10 49314 0 
-86.1083 27.6377 -0.183689 0.277306 2.49576 80 2 25 10 49315 0 
-86.0991 27.6377 -0.183697 0.277306 2.49576 80 2 25 10 49316 0 
-86.0898 27.6377 -0.183705 0.277306 2.49576 80 2 25 10 49317 0 
-86.0806 27.6376 -0.183713 0.277306 2.49576 80 2 25 10 49318 0 
-86.0713 27.6376 -0.183722 0.277306 2.49576 80 2 25 10 49319 0 
-86.0621 27.6376 -0.18373 0.277306 2.49576 80 2 25 10 49320 0 
-86.0528 27.6375 -0.183738 0.277306 2.49576 80 2 25 10 49321 0 
-86.0436 27.6375 -0.183746 0.277306 2.49576 80 2 25 10 49322 0 
-86.0343 27.6375 -0.183755 0.277306 2.49576 80 2 25 10 49323 0 
-86.0251 27.6375 -0.183763 0.277306 2.49576 80 2 25 10 49324 0 
-86.0158 27.6374 -0.183771 0.277306 2.49576 80 2 25 10 49325 0 
-86.0066 27.6374 -0.183779 0.277306 2.49576 80 2 25 10 49326 0 
-85.9973 27.6374 -0.183788 0.277306 2.49576 80 2 25 10 49327 0 
-85.9881 27.6373 -0.183796 0.277306 2.49576 80 2 25 10 49328 0 
-85.9789 27.6373 -0.183804 0.277306 2.49576 80 2 25 10 49329 0 
-85.9696 27.6373 -0.183812 0.277306 2.49576 80 2 25 10 49330 0 
-85.9604 27.6372 -0.183821 0.277306 2.49576 80 2 25 10 49331 0 
-85.9511 27.6372 -0.183829 0.277306 2.49576 80 2 25 10 49332 0 
-85.9419 27.6372 -0.183837 0.277306 2.49576 80 2 25 10 49333 0 
-85.9326 27.6371 -0.183845 0.277306 2.49576 80 2 25 10 49334 0 
-85.9234 27.6371 -0.183854 0.277306 2.49576 80 2 25 10 49335 0 
-85.9141 27.6371 -0.183862 0.277306 2.49576 80 2 25 10 49336 0 
-85.9049 27.6371 -0.18387 0.277306 2.49576 80 2 25 10 49337 0 
-85.8956 27.637 -0.183879 0.277306 2.49576 80 2 25 10 49338 0 
-85.8864 27.637 -0.183887 0.277306 2.49576 80 2 25 10 49339 0 
-85.8771 27.637 -0.183895 0.277306 2.49576 80 2 25 10 49340 0 
-85.8679 27.6369 -0.183903 0.277306 2.49576 80 2 25 10 49341 0 
-85.8586 27.6369 -0.183912 0.277306 2.49576 80 2 25 10 49342 0 
-85.8494 27.6369 -0.18392 0.277306 2.49576 80 2 25 10 49343 0 
-85.8401 27.6368 -0.183928 0.277306 2.49576 80 2 25 10 49344 0 
-85.8309 27.6368 -0.183936 0.277306 2.49576 80 2 25 10 49345 0 
-85.8217 27.6368 -0.183945 0.277306 2.49576 80 2 25 10 49346 0 
-85.8124 27.6368 -0.183953 0.277306 2.49576 80 2 25 10 49347 0 
-85.8032 27.6367 -0.183961 0.277306 2.49576 80 2 25 10 49348 0 
-85.7939 27.6367 -0.183969 0.277306 2.49576 80 2 25 10 49349 0 
-85.7847 27.6367 -0.183978 0.277306 2.49576 80 2 25 10 49350 0 
-85.7754 27.6366 -0.183986 0.277306 2.49576 80 2 25 10 49351 0 
-85.7662 27.6366 -0.183994 0.277306 2.49576 80 2 25 10 49352 0 
-85.7569 27.6366 -0.184002 0.277306 2.49576 80 2 25 10 49353 0 
-85.7477 27.6365 -0.184011 0.277306 2.49576 80 2 25 10 49354 0 
-85.7384 27.6365 -0.184019 0.277306 2.49576 80 2 25 10 49355 0 
-85.7292 27.6365 -0.184027 0.277306 2.49576 80 2 25 10 49356 0 
-85.7199 27.6364 -0.184035 0.277306 2.49576 80 2 25 10 49357 0 
-85.7107 27.6364 -0.184044 0.277306 2.49576 80 2 25 10 49358 0 
-85.7014 27.6364 -0.184052 0.277306 2.49576 80 2 25 10 49359 0 
-85.6922 27.6364 -0.18406 0.277306 2.49576 80 2 25 10 49360 0 
-85.683 27.6363 -0.184068 0.277306 2.49576 80 2 25 10 49361 0 
-85.6737 27.6363 -0.184077 0.277306 2.49576 80 2 25 10 49362 0 
-85.6645 27.6363 -0.184085 0.277306 2.49576 80 2 25 10 49363 0 
-85.6552 27.6362 -0.184093 0.277306 2.49576 80 2 25 10 49364 0 
-85.646 27.6362 -0.184101 0.277306 2.49576 80 2 25 10 49365 0 
-85.6367 27.6362 -0.18411 0.277306 2.49576 80 2 25 10 49366 0 
-85.6275 27.6361 -0.184118 0.277306 2.49576 80 2 25 10 49367 0 
-85.6182 27.6361 -0.184126 0.277306 2.49576 80 2 25 10 49368 0 
-85.609 27.6361 -0.184134 0.277306 2.49576 80 2 25 10 49369 0 
-85.5997 27.6361 -0.184143 0.277306 2.49576 80 2 25 10 49370 0 
-85.5905 27.636 -0.184151 0.277306 2.49576 80 2 25 10 49371 0 
-85.5812 27.636 -0.184159 0.277306 2.49576 80 2 25 10 49372 0 
-85.572 27.636 -0.184168 0.277306 2.49576 80 2 25 10 49373 0 
-85.5627 27.6359 -0.184176 0.277306 2.49576 80 2 25 10 49374 0 
-85.5535 27.6359 -0.184184 0.277306 2.49576 80 2 25 10 49375 0 
-85.5443 27.6359 -0.184192 0.277306 2.49576 80 2 25 10 49376 0 
-85.535 27.6358 -0.184201 0.277306 2.49576 80 2 25 10 49377 0 
-85.5258 27.6358 -0.184209 0.277306 2.49576 80 2 25 10 49378 0 
-85.5165 27.6358 -0.184217 0.277306 2.49576 80 2 25 10 49379 0 
-85.5073 27.6357 -0.184225 0.277306 2.49576 80 2 25 10 49380 0 
-85.498 27.6357 -0.184234 0.277306 2.49576 80 2 25 10 49381 0 
-85.4888 27.6357 -0.184242 0.277306 2.49576 80 2 25 10 49382 0 
-85.4795 27.6357 -0.18425 0.277306 2.49576 80 2 25 10 49383 0 
-85.4703 27.6356 -0.184258 0.277306 2.49576 80 2 25 10 49384 0 
-85.461 27.6356 -0.184267 0.277306 2.49576 80 2 25 10 49385 0 
-85.4518 27.6356 -0.184275 0.277306 2.49576 80 2 25 10 49386 0 
-85.4425 27.6355 -0.184283 0.277306 2.49576 80 2 25 10 49387 0 
-85.4333 27.6355 -0.184292 0.277306 2.49576 80 2 25 10 49388 0 
-85.424 27.6355 -0.1843 0.277306 2.49576 80 2 25 10 49389 0 
-85.4148 27.6354 -0.184308 0.277306 2.49576 80 2 25 10 49390 0 
-85.4055 27.6354 -0.184316 0.277306 2.49576 80 2 25 10 49391 0 
-85.3963 27.6354 -0.184325 0.277306 2.49576 80 2 25 10 49392 0 
-85.3871 27.6353 -0.184333 0.277306 2.49576 80 2 25 10 49393 0 
-85.3778 27.6353 -0.184341 0.277306 2.49576 80 2 25 10 49394 0 
-85.3686 27.6353 -0.18435 0.277306 2.49576 80 2 25 10 49395 0 
-85.3593 27.6353 -0.184358 0.277306 2.49576 80 2 25 10 49396 0 
-85.3501 27.6352 -0.184366 0.277306 2.49576 80 2 25 10 49397 0 
-85.3408 27.6352 -0.184374 0.277306 2.49576 80 2 25 10 49398 0 
-85.3316 27.6352 -0.184383 0.277306 2.49576 80 2 25 10 49399 0 
-85.3223 27.6351 -0.184391 0.277306 2.49576 80 2 25 10 49400 0 
-85.3131 27.6351 -0.184399 0.277306 2.49576 80 2 25 10 49401 0 
-85.3038 27.6351 -0.184408 0.277306 2.49576 80 2 25 10 49402 0 
-85.2946 27.635 -0.184416 0.277306 2.49576 80 2 25 10 49403 0 
-85.2853 27.635 -0.184424 0.277306 2.49576 80 2 25 10 49404 0 
-85.2761 27.635 -0.184432 0.277306 2.49576 80 2 25 10 49405 0 
-85.2668 27.635 -0.184441 0.277306 2.49576 80 2 25 10 49406 0 
-85.2576 27.6349 -0.184449 0.277306 2.49576 80 2 25 10 49407 0 
-85.2484 27.6349 -0.184457 0.277306 2.49576 80 2 25 10 49408 0 
-85.2391 27.6349 -0.184465 0.277306 2.49576 80 2 25 10 49409 0 
-85.2299 27.6348 -0.184474 0.277306 2.49576 80 2 25 10 49410 0 
-85.2206 27.6348 -0.184482 0.277306 2.49576 80 2 25 10 49411 0 
-85.2114 27.6348 -0.18449 0.277306 2.49576 80 2 25 10 49412 0 
-85.2021 27.6347 -0.184499 0.277306 2.49576 80 2 25 10 49413 0 
-85.1929 27.6347 -0.184507 0.277306 2.49576 80 2 25 10 49414 0 
-85.1836 27.6347 -0.184515 0.277306 2.49576 80 2 25 10 49415 0 
-85.1744 27.6346 -0.184524 0.277306 2.49576 80 2 25 10 49416 0 
-85.1651 27.6346 -0.184532 0.277306 2.49576 80 2 25 10 49417 0 
-85.1559 27.6346 -0.18454 0.277306 2.49576 80 2 25 10 49418 0 
-85.1466 27.6346 -0.184548 0.277306 2.49576 80 2 25 10 49419 0 
-85.1374 27.6345 -0.184557 0.277306 2.49576 80 2 25 10 49420 0 
-85.1281 27.6345 -0.184565 0.277306 2.49576 80 2 25 10 49421 0 
-85.1189 27.6345 -0.184573 0.277306 2.49576 80 2 25 10 49422 0 
-85.1096 27.6344 -0.184582 0.277306 2.49576 80 2 25 10 49423 0 
-85.1004 27.6344 -0.18459 0.277306 2.49576 80 2 25 10 49424 0 
-85.0912 27.6344 -0.184598 0.277306 2.49576 80 2 25 10 49425 0 
-85.0819 27.6343 -0.184607 0.277306 2.49576 80 2 25 10 49426 0 
-85.0727 27.6343 -0.184615 0.277306 2.49576 80 2 25 10 49427 0 
-85.0634 27.6343 -0.184623 0.277306 2.49576 80 2 25 10 49428 0 
-85.0542 27.6343 -0.184631 0.277306 2.49576 80 2 25 10 49429 0 
-85.0449 27.6342 -0.18464 0.277306 2.49576 80 2 25 10 49430 0 
-85.0357 27.6342 -0.184648 0.277306 2.49576 80 2 25 10 49431 0 
-85.0264 27.6342 -0.184656 0.277306 2.49576 80 2 25 10 49432 0 
-85.0172 27.6341 -0.184665 0.277306 2.49576 80 2 25 10 49433 0 
-85.0079 27.6341 -0.184673 0.277306 2.49576 80 2 25 10 49434 0 
-84.9987 27.6341 -0.184681 0.277306 2.49576 80 2 25 10 49435 0 
-84.9894 27.634 -0.18469 0.277306 2.49576 80 2 25 10 49436 0 
-84.9802 27.634 -0.184698 0.277306 2.49576 80 2 25 10 49437 0 
-84.9709 27.634 -0.184706 0.277306 2.49576 80 2 25 10 49438 0 
-84.9617 27.6339 -0.184715 0.277306 2.49576 80 2 25 10 49439 0 
-84.9525 27.6339 -0.184723 0.277306 2.49576 80 2 25 10 49440 0 
-84.9432 27.6339 -0.184731 0.277306 2.49576 80 2 25 10 49441 0 
-84.934 27.6339 -0.18474 0.277306 2.49576 80 2 25 10 49442 0 
-84.9247 27.6338 -0.184748 0.277306 2.49576 80 2 25 10 49443 0 
-84.9155 27.6338 -0.184756 0.277306 2.49576 80 2 25 10 49444 0 
-84.9062 27.6338 -0.184764 0.277306 2.49576 80 2 25 10 49445 0 
-84.897 27.6337 -0.184773 0.277306 2.49576 80 2 25 10 49446 0 
-84.8877 27.6337 -0.184781 0.277306 2.49576 80 2 25 10 49447 0 
-84.8785 27.6337 -0.184789 0.277306 2.49576 80 2 25 10 49448 0 
-84.8692 27.6336 -0.184798 0.277306 2.49576 80 2 25 10 49449 0 
-84.86 27.6336 -0.184806 0.277306 2.49576 80 2 25 10 49450 0 
-84.8507 27.6336 -0.184814 0.277306 2.49576 80 2 25 10 49451 0 
-84.8415 27.6335 -0.184823 0.277306 2.49576 80 2 25 10 49452 0 
-84.8322 27.6335 -0.184831 0.277306 2.49576 80 2 25 10 49453 0 
-84.823 27.6335 -0.184839 0.277306 2.49576 80 2 25 10 49454 0 
-84.8138 27.6335 -0.184848 0.277306 2.49576 80 2 25 10 49455 0 
-84.8045 27.6334 -0.184856 0.277306 2.49576 80 2 25 10 49456 0 
-84.7953 27.6334 -0.184864 0.277306 2.49576 80 2 25 10 49457 0 
-84.786 27.6334 -0.184873 0.277306 2.49576 80 2 25 10 49458 0 
-84.7768 27.6333 -0.184881 0.277306 2.49576 80 2 25 10 49459 0 
-84.7675 27.6333 -0.184889 0.277306 2.49576 80 2 25 10 49460 0 
-84.7583 27.6333 -0.184898 0.277306 2.49576 80 2 25 10 49461 0 
-84.749 27.6332 -0.184906 0.277306 2.49576 80 2 25 10 49462 0 
-84.7398 27.6332 -0.184914 0.277306 2.49576 80 2 25 10 49463 0 
-84.7305 27.6332 -0.184923 0.277306 2.49576 80 2 25 10 49464 0 
-84.7213 27.6332 -0.184931 0.277306 2.49576 80 2 25 10 49465 0 
-84.712 27.6331 -0.184939 0.277306 2.49576 80 2 25 10 49466 0 
-84.7028 27.6331 -0.184948 0.277306 2.49576 80 2 25 10 49467 0 
-84.6935 27.6331 -0.184956 0.277306 2.49576 80 2 25 10 49468 0 
-84.6843 27.633 -0.184964 0.277306 2.49576 80 2 25 10 49469 0 
-84.675 27.633 -0.184973 0.277306 2.49576 80 2 25 10 49470 0 
-84.6658 27.633 -0.184981 0.277306 2.49576 80 2 25 10 49471 0 
-84.6566 27.6329 -0.184989 0.277306 2.49576 80 2 25 10 49472 0 
-84.6473 27.6329 -0.184998 0.277306 2.49576 80 2 25 10 49473 0 
-84.6381 27.6329 -0.185006 0.277306 2.49576 80 2 25 10 49474 0 
-84.6288 27.6328 -0.185014 0.277306 2.49576 80 2 25 10 49475 0 
-84.6196 27.6328 -0.185023 0.277306 2.49576 80 2 25 10 49476 0 
-84.6103 27.6328 -0.185031 0.277306 2.49576 80 2 25 10 49477 0 
-84.6011 27.6328 -0.185039 0.277306 2.49576 80 2 25 10 49478 0 
-84.5918 27.6327 -0.185048 0.277306 2.49576 80 2 25 10 49479 0 
-84.5826 27.6327 -0.185056 0.277306 2.49576 80 2 25 10 49480 0 
-84.5733 27.6327 -0.185064 0.277306 2.49576 80 2 25 10 49481 0 
-84.5641 27.6326 -0.185073 0.277306 2.49576 80 2 25 10 49482 0 
-84.5548 27.6326 -0.185081 0.277306 2.49576 80 2 25 10 49483 0 
-84.5456 27.6326 -0.18509 0.277306 2.49576 80 2 25 10 49484 0 
-84.5363 27.6325 -0.185098 0.277306 2.49576 80 2 25 10 49485 0 
-84.5271 27.6325 -0.185106 0.277306 2.49576 80 2 25 10 49486 0 
-84.5179 27.6325 -0.185115 0.277306 2.49576 80 2 25 10 49487 0 
-84.5086 27.6325 -0.185123 0.277306 2.49576 80 2 25 10 49488 0 
-84.4994 27.6324 -0.185131 0.277306 2.49576 80 2 25 10 49489 0 
-84.4901 27.6324 -0.18514 0.277306 2.49576 80 2 25 10 49490 0 
-84.4809 27.6324 -0.185148 0.277306 2.49576 80 2 25 10 49491 0 
-84.4716 27.6323 -0.185156 0.277306 2.49576 80 2 25 10 49492 0 
-84.4624 27.6323 -0.185165 0.277306 2.49576 80 2 25 10 49493 0 
-84.4531 27.6323 -0.185173 0.277306 2.49576 80 2 25 10 49494 0 
-84.4439 27.6322 -0.185181 0.277306 2.49576 80 2 25 10 49495 0 
-84.4346 27.6322 -0.18519 0.277306 2.49576 80 2 25 10 49496 0 
-84.4254 27.6322 -0.185198 0.277306 2.49576 80 2 25 10 49497 0 
-84.4161 27.6321 -0.185207 0.277306 2.49576 80 2 25 10 49498 0 
-84.4069 27.6321 -0.185215 0.277306 2.49576 80 2 25 10 49499 0 
-84.3976 27.6321 -0.185223 0.277306 2.49576 80 2 25 10 49500 0 
-84.3884 27.6321 -0.185232 0.277306 2.49576 80 2 25 10 49501 0 
-84.3792 27.632 -0.18524 0.277306 2.49576 80 2 25 10 49502 0 
-84.3699 27.632 -0.185248 0.277306 2.49576 80 2 25 10 49503 0 
-84.3607 27.632 -0.185257 0.277306 2.49576 80 2 25 10 49504 0 
-84.3514 27.6319 -0.185265 0.277306 2.49576 80 2 25 10 49505 0 
-84.3422 27.6319 -0.185274 0.277306 2.49576 80 2 25 10 49506 0 
-84.3329 27.6319 -0.185282 0.277306 2.49576 80 2 25 10 49507 0 
-84.3237 27.6318 -0.18529 0.277306 2.49576 80 2 25 10 49508 0 
-84.3144 27.6318 -0.185299 0.277306 2.49576 80 2 25 10 49509 0 
-84.3052 27.6318 -0.185307 0.277306 2.49576 80 2 25 10 49510 0 
-84.2959 27.6317 -0.185315 0.277306 2.49576 80 2 25 10 49511 0 
-84.2867 27.6317 -0.185324 0.277306 2.49576 80 2 25 10 49512 0 
-84.2774 27.6317 -0.185332 0.277306 2.49576 80 2 25 10 49513 0 
-84.2682 27.6317 -0.185341 0.277306 2.49576 80 2 25 10 49514 0 
-84.2589 27.6316 -0.185349 0.277306 2.49576 80 2 25 10 49515 0 
-84.2497 27.6316 -0.185357 0.277306 2.49576 80 2 25 10 49516 0 
-84.2404 27.6316 -0.185366 0.277306 2.49576 80 2 25 10 49517 0 
-84.2312 27.6315 -0.185374 0.277306 2.49576 80 2 25 10 49518 0 
-84.222 27.6315 -0.185382 0.277306 2.49576 80 2 25 10 49519 0 
-84.2127 27.6315 -0.185391 0.277306 2.49576 80 2 25 10 49520 0 
-84.2035 27.6314 -0.185399 0.277306 2.49576 80 2 25 10 49521 0 
-84.1942 27.6314 -0.185408 0.277306 2.49576 80 2 25 10 49522 0 
-84.185 27.6314 -0.185416 0.277306 2.49576 80 2 25 10 49523 0 
-84.1757 27.6314 -0.185424 0.277306 2.49576 80 2 25 10 49524 0 
-84.1665 27.6313 -0.185433 0.277306 2.49576 80 2 25 10 49525 0 
-84.1572 27.6313 -0.185441 0.277306 2.49576 80 2 25 10 49526 0 
-84.148 27.6313 -0.18545 0.277306 2.49576 80 2 25 10 49527 0 
-84.1387 27.6312 -0.185458 0.277306 2.49576 80 2 25 10 49528 0 
-84.1295 27.6312 -0.185466 0.277306 2.49576 80 2 25 10 49529 0 
-84.1202 27.6312 -0.185475 0.277306 2.49576 80 2 25 10 49530 0 
-84.111 27.6311 -0.185483 0.277306 2.49576 80 2 25 10 49531 0 
-84.1017 27.6311 -0.185491 0.277306 2.49576 80 2 25 10 49532 0 
-84.0925 27.6311 -0.1855 0.277306 2.49576 80 2 25 10 49533 0 
-84.0833 27.631 -0.185508 0.277306 2.49576 80 2 25 10 49534 0 
-84.074 27.631 -0.185517 0.277306 2.49576 80 2 25 10 49535 0 
-84.0648 27.631 -0.185525 0.277306 2.49576 80 2 25 10 49536 0 
-84.0555 27.631 -0.185534 0.277306 2.49576 80 2 25 10 49537 0 
-84.0463 27.6309 -0.185542 0.277306 2.49576 80 2 25 10 49538 0 
-84.037 27.6309 -0.18555 0.277306 2.49576 80 2 25 10 49539 0 
-84.0278 27.6309 -0.185559 0.277306 2.49576 80 2 25 10 49540 0 
-84.0185 27.6308 -0.185567 0.277306 2.49576 80 2 25 10 49541 0 
-84.0093 27.6308 -0.185576 0.277306 2.49576 80 2 25 10 49542 0 
-84 27.6308 -0.185584 0.277306 2.49576 80 2 25 10 49543 0 
-83.9908 27.6307 -0.185592 0.277306 2.49576 80 2 25 10 49544 0 
-83.9815 27.6307 -0.185601 0.277306 2.49576 80 2 25 10 49545 0 
-83.9723 27.6307 -0.185609 0.277306 2.49576 80 2 25 10 49546 0 
-83.963 27.6306 -0.185618 0.277306 2.49576 80 2 25 10 49547 0 
-83.9538 27.6306 -0.185626 0.277306 2.49576 80 2 25 10 49548 0 
-83.9445 27.6306 -0.185634 0.277306 2.49576 80 2 25 10 49549 0 
-83.9353 27.6306 -0.185643 0.277306 2.49576 80 2 25 10 49550 0 
-83.9261 27.6305 -0.185651 0.277306 2.49576 80 2 25 10 49551 0 
-83.9168 27.6305 -0.18566 0.277306 2.49576 80 2 25 10 49552 0 
-83.9076 27.6305 -0.185668 0.277306 2.49576 80 2 25 10 49553 0 
-83.8983 27.6304 -0.185676 0.277306 2.49576 80 2 25 10 49554 0 
-83.8891 27.6304 -0.185685 0.277306 2.49576 80 2 25 10 49555 0 
-83.8798 27.6304 -0.185693 0.277306 2.49576 80 2 25 10 49556 0 
-83.8706 27.6303 -0.185702 0.277306 2.49576 80 2 25 10 49557 0 
-83.8613 27.6303 -0.18571 0.277306 2.49576 80 2 25 10 49558 0 
-83.8521 27.6303 -0.185719 0.277306 2.49576 80 2 25 10 49559 0 
-83.8428 27.6303 -0.185727 0.277306 2.49576 80 2 25 10 49560 0 
-83.8336 27.6302 -0.185735 0.277306 2.49576 80 2 25 10 49561 0 
-83.8243 27.6302 -0.185744 0.277306 2.49576 80 2 25 10 49562 0 
-83.8151 27.6302 -0.185752 0.277306 2.49576 80 2 25 10 49563 0 
-83.8058 27.6301 -0.185761 0.277306 2.49576 80 2 25 10 49564 0 
-83.7966 27.6301 -0.185769 0.277306 2.49576 80 2 25 10 49565 0 
-83.7874 27.6301 -0.185778 0.277306 2.49576 80 2 25 10 49566 0 
-83.7781 27.63 -0.185786 0.277306 2.49576 80 2 25 10 49567 0 
-83.7689 27.63 -0.185794 0.277306 2.49576 80 2 25 10 49568 0 
-83.7596 27.63 -0.185803 0.277306 2.49576 80 2 25 10 49569 0 
-83.7504 27.6299 -0.185811 0.277306 2.49576 80 2 25 10 49570 0 
-83.7411 27.6299 -0.18582 0.277306 2.49576 80 2 25 10 49571 0 
-83.7319 27.6299 -0.185828 0.277306 2.49576 80 2 25 10 49572 0 
-83.7226 27.6299 -0.185837 0.277306 2.49576 80 2 25 10 49573 0 
-83.7134 27.6298 -0.185845 0.277306 2.49576 80 2 25 10 49574 0 
-83.7041 27.6298 -0.185853 0.277306 2.49576 80 2 25 10 49575 0 
-83.6949 27.6298 -0.185862 0.277306 2.49576 80 2 25 10 49576 0 
-83.6856 27.6297 -0.18587 0.277306 2.49576 80 2 25 10 49577 0 
-83.6764 27.6297 -0.185879 0.277306 2.49576 80 2 25 10 49578 0 
-83.6671 27.6297 -0.185887 0.277306 2.49576 80 2 25 10 49579 0 
-83.6579 27.6296 -0.185896 0.277306 2.49576 80 2 25 10 49580 0 
-83.6487 27.6296 -0.185904 0.277306 2.49576 80 2 25 10 49581 0 
-83.6394 27.6296 -0.185913 0.277306 2.49576 80 2 25 10 49582 0 
-83.6302 27.6296 -0.185921 0.277306 2.49576 80 2 25 10 49583 0 
-83.6209 27.6295 -0.185929 0.277306 2.49576 80 2 25 10 49584 0 
-83.6117 27.6295 -0.185938 0.277306 2.49576 80 2 25 10 49585 0 
-83.6024 27.6295 -0.185946 0.277306 2.49576 80 2 25 10 49586 0 
-83.5932 27.6294 -0.185955 0.277306 2.49576 80 2 25 10 49587 0 
-83.5839 27.6294 -0.185963 0.277306 2.49576 80 2 25 10 49588 0 
-83.5747 27.6294 -0.185972 0.277306 2.49576 80 2 25 10 49589 0 
-83.5654 27.6293 -0.18598 0.277306 2.49576 80 2 25 10 49590 0 
-83.5562 27.6293 -0.185989 0.277306 2.49576 80 2 25 10 49591 0 
-83.5469 27.6293 -0.185997 0.277306 2.49576 80 2 25 10 49592 0 
-83.5377 27.6292 -0.186005 0.277306 2.49576 80 2 25 10 49593 0 
-83.5284 27.6292 -0.186014 0.277306 2.49576 80 2 25 10 49594 0 
-83.5192 27.6292 -0.186022 0.277306 2.49576 80 2 25 10 49595 0 
-83.5099 27.6292 -0.186031 0.277306 2.49576 80 2 25 10 49596 0 
-83.5007 27.6291 -0.186039 0.277306 2.49576 80 2 25 10 49597 0 
-83.4915 27.6291 -0.186048 0.277306 2.49576 80 2 25 10 49598 0 
-83.4822 27.6291 -0.186056 0.277306 2.49576 80 2 25 10 49599 0 
-83.473 27.629 -0.186065 0.277306 2.49576 80 2 25 10 49600 0 
-83.4637 27.629 -0.186073 0.277306 2.49576 80 2 25 10 49601 0 
-83.4545 27.629 -0.186082 0.277306 2.49576 80 2 25 10 49602 0 
-83.4452 27.6289 -0.18609 0.277306 2.49576 80 2 25 10 49603 0 
-83.436 27.6289 -0.186099 0.277306 2.49576 80 2 25 10 49604 0 
-83.4267 27.6289 -0.186107 0.277306 2.49576 80 2 25 10 49605 0 
-83.4175 27.6288 -0.186115 0.277306 2.49576 80 2 25 10 49606 0 
-83.4082 27.6288 -0.186124 0.277306 2.49576 80 2 25 10 49607 0 
-83.399 27.6288 -0.186132 0.277306 2.49576 80 2 25 10 49608 0 
-83.3897 27.6288 -0.186141 0.277306 2.49576 80 2 25 10 49609 0 
-83.3805 27.6287 -0.186149 0.277306 2.49576 80 2 25 10 49610 0 
-83.3712 27.6287 -0.186158 0.277306 2.49576 80 2 25 10 49611 0 
-83.362 27.6287 -0.186166 0.277306 2.49576 80 2 25 10 49612 0 
-83.3528 27.6286 -0.186175 0.277306 2.49576 80 2 25 10 49613 0 
-83.3435 27.6286 -0.186183 0.277306 2.49576 80 2 25 10 49614 0 
-83.3343 27.6286 -0.186192 0.277306 2.49576 80 2 25 10 49615 0 
-83.325 27.6285 -0.1862 0.277306 2.49576 80 2 25 10 49616 0 
-83.3158 27.6285 -0.186209 0.277306 2.49576 80 2 25 10 49617 0 
-83.3065 27.6285 -0.186217 0.277306 2.49576 80 2 25 10 49618 0 
-83.2973 27.6285 -0.186226 0.277306 2.49576 80 2 25 10 49619 0 
-83.288 27.6284 -0.186234 0.277306 2.49576 80 2 25 10 49620 0 
-83.2788 27.6284 -0.186243 0.277306 2.49576 80 2 25 10 49621 0 
-83.2695 27.6284 -0.186251 0.277306 2.49576 80 2 25 10 49622 0 
-83.2603 27.6283 -0.186259 0.277306 2.49576 80 2 25 10 49623 0 
-83.251 27.6283 -0.186268 0.277306 2.49576 80 2 25 10 49624 0 
-83.2418 27.6283 -0.186276 0.277306 2.49576 80 2 25 10 49625 0 
-83.2325 27.6282 -0.186285 0.277306 2.49576 80 2 25 10 49626 0 
-83.2233 27.6282 -0.186293 0.277306 2.49576 80 2 25 10 49627 0 
-83.2141 27.6282 -0.186302 0.277306 2.49576 80 2 25 10 49628 0 
-83.2048 27.6281 -0.18631 0.277306 2.49576 80 2 25 10 49629 0 
-83.1956 27.6281 -0.186319 0.277306 2.49576 80 2 25 10 49630 0 
-83.1863 27.6281 -0.186327 0.277306 2.49576 80 2 25 10 49631 0 
-83.1771 27.6281 -0.186336 0.277306 2.49576 80 2 25 10 49632 0 
-83.1678 27.628 -0.186344 0.277306 2.49576 80 2 25 10 49633 0 
-83.1586 27.628 -0.186353 0.277306 2.49576 80 2 25 10 49634 0 
-83.1493 27.628 -0.186361 0.277306 2.49576 80 2 25 10 49635 0 
-83.1401 27.6279 -0.18637 0.277306 2.49576 80 2 25 10 49636 0 
-83.1308 27.6279 -0.186378 0.277306 2.49576 80 2 25 10 49637 0 
-83.1216 27.6279 -0.186387 0.277306 2.49576 80 2 25 10 49638 0 
-83.1123 27.6278 -0.186395 0.277306 2.49576 80 2 25 10 49639 0 
-83.1031 27.6278 -0.186404 0.277306 2.49576 80 2 25 10 49640 0 
-83.0938 27.6278 -0.186412 0.277306 2.49576 80 2 25 10 49641 0 
-83.0846 27.6278 -0.186421 0.277306 2.49576 80 2 25 10 49642 0 
-83.0753 27.6277 -0.186429 0.277306 2.49576 80 2 25 10 49643 0 
-83.0661 27.6277 -0.186438 0.277306 2.49576 80 2 25 10 49644 0 
-83.0569 27.6277 -0.186446 0.277306 2.49576 80 2 25 10 49645 0 
-83.0476 27.6276 -0.186455 0.277306 2.49576 80 2 25 10 49646 0 
-83.0384 27.6276 -0.186463 0.277306 2.49576 80 2 25 10 49647 0 
-83.0291 27.6276 -0.186472 0.277306 2.49576 80 2 25 10 49648 0 
-83.0199 27.6275 -0.18648 0.277306 2.49576 80 2 25 10 49649 0 
-83.0106 27.6275 -0.186489 0.277306 2.49576 80 2 25 10 49650 0 
-83.0014 27.6275 -0.186497 0.277306 2.49576 80 2 25 10 49651 0 
-82.9921 27.6274 -0.186506 0.277306 2.49576 80 2 25 10 49652 0 
-82.9829 27.6274 -0.186514 0.277306 2.49576 80 2 25 10 49653 0 
-82.9736 27.6274 -0.186523 0.277306 2.49576 80 2 25 10 49654 0 
-82.9644 27.6274 -0.186531 0.277306 2.49576 80 2 25 10 49655 0 
-82.9551 27.6273 -0.18654 0.277306 2.49576 80 2 25 10 49656 0 
-82.9459 27.6273 -0.186548 0.277306 2.49576 80 2 25 10 49657 0 
-82.9366 27.6273 -0.186557 0.277306 2.49576 80 2 25 10 49658 0 
-82.9274 27.6272 -0.186566 0.277306 2.49576 80 2 25 10 49659 0 
-82.9182 27.6272 -0.186574 0.277306 2.49576 80 2 25 10 49660 0 
-82.9089 27.6272 -0.186583 0.277306 2.49576 80 2 25 10 49661 0 
-82.8997 27.6271 -0.186591 0.277306 2.49576 80 2 25 10 49662 0 
-82.8904 27.6271 -0.1866 0.277306 2.49576 80 2 25 10 49663 0 
-82.8812 27.6271 -0.186608 0.277306 2.49576 80 2 25 10 49664 0 
-82.8719 27.627 -0.186617 0.277306 2.49576 80 2 25 10 49665 0 
-82.8627 27.627 -0.186625 0.277306 2.49576 80 2 25 10 49666 0 
-82.8534 27.627 -0.186634 0.277306 2.49576 80 2 25 10 49667 0 
-82.8442 27.627 -0.186642 0.277306 2.49576 80 2 25 10 49668 0 
-82.8349 27.6269 -0.186651 0.277306 2.49576 80 2 25 10 49669 0 
-82.8257 27.6269 -0.186659 0.277306 2.49576 80 2 25 10 49670 0 
-82.8164 27.6269 -0.186668 0.277306 2.49576 80 2 25 10 49671 0 
-82.8072 27.6268 -0.186676 0.277306 2.49576 80 2 25 10 49672 0 
-82.7979 27.6268 -0.186685 0.277306 2.49576 80 2 25 10 49673 0 
-82.7887 27.6268 -0.186693 0.277306 2.49576 80 2 25 10 49674 0 
-82.7794 27.6267 -0.186702 0.277306 2.49576 80 2 25 10 49675 0 
-82.7702 27.6267 -0.18671 0.277306 2.49576 80 2 25 10 49676 0 
-82.761 27.6267 -0.186719 0.277306 2.49576 80 2 25 10 49677 0 
-82.7517 27.6267 -0.186728 0.277306 2.49576 80 2 25 10 49678 0 
-82.7425 27.6266 -0.186736 0.277306 2.49576 80 2 25 10 49679 0 
-82.7332 27.6266 -0.186745 0.277306 2.49576 80 2 25 10 49680 0 
-82.724 27.6266 -0.186753 0.277306 2.49576 80 2 25 10 49681 0 
-82.7147 27.6265 -0.186762 0.277306 2.49576 80 2 25 10 49682 0 
-82.7055 27.6265 -0.18677 0.277306 2.49576 80 2 25 10 49683 0 
-82.6962 27.6265 -0.186779 0.277306 2.49576 80 2 25 10 49684 0 
-82.687 27.6264 -0.186787 0.277306 2.49576 80 2 25 10 49685 0 
-82.6777 27.6264 -0.186796 0.277306 2.49576 80 2 25 10 49686 0 
-82.6685 27.6264 -0.186804 0.277306 2.49576 80 2 25 10 49687 0 
-82.6592 27.6263 -0.186813 0.277306 2.49576 80 2 25 10 49688 0 
-82.65 27.6263 -0.186821 0.277306 2.49576 80 2 25 10 49689 0 
-82.6407 27.6263 -0.18683 0.277306 2.49576 80 2 25 10 49690 0 
-82.6315 27.6263 -0.186839 0.277306 2.49576 80 2 25 10 49691 0 
-82.6223 27.6262 -0.186847 0.277306 2.49576 80 2 25 10 49692 0 
-82.613 27.6262 -0.186856 0.277306 2.49576 80 2 25 10 49693 0 
-82.6038 27.6262 -0.186864 0.277306 2.49576 80 2 25 10 49694 0 
-82.5945 27.6261 -0.186873 0.277306 2.49576 80 2 25 10 49695 0 
-82.5853 27.6261 -0.186881 0.277306 2.49576 80 2 25 10 49696 0 
-82.576 27.6261 -0.18689 0.277306 2.49576 80 2 25 10 49697 0 
-82.5668 27.626 -0.186898 0.277306 2.49576 80 2 25 10 49698 0 
-82.5575 27.626 -0.186907 0.277306 2.49576 80 2 25 10 49699 0 
-82.5483 27.626 -0.186916 0.277306 2.49576 80 2 25 10 49700 0 
-82.539 27.6259 -0.186924 0.277306 2.49576 80 2 25 10 49701 0 
-82.5298 27.6259 -0.186933 0.277306 2.49576 80 2 25 10 49702 0 
-82.5205 27.6259 -0.186941 0.277306 2.49576 80 2 25 10 49703 0 
-82.5113 27.6259 -0.18695 0.277306 2.49576 80 2 25 10 49704 0 
-82.502 27.6258 -0.186958 0.277306 2.49576 80 2 25 10 49705 0 
-82.4928 27.6258 -0.186967 0.277306 2.49576 80 2 25 10 49706 0 
-82.4836 27.6258 -0.186975 0.277306 2.49576 80 2 25 10 49707 0 
-82.4743 27.6257 -0.186984 0.277306 2.49576 80 2 25 10 49708 0 
-82.4651 27.6257 -0.186993 0.277306 2.49576 80 2 25 10 49709 0 
-82.4558 27.6257 -0.187001 0.277306 2.49576 80 2 25 10 49710 0 
-82.4466 27.6256 -0.18701 0.277306 2.49576 80 2 25 10 49711 0 
-82.4373 27.6256 -0.187018 0.277306 2.49576 80 2 25 10 49712 0 
-82.4281 27.6256 -0.187027 0.277306 2.49576 80 2 25 10 49713 0 
-82.4188 27.6256 -0.187035 0.277306 2.49576 80 2 25 10 49714 0 
-82.4096 27.6255 -0.187044 0.277306 2.49576 80 2 25 10 49715 0 
-82.4003 27.6255 -0.187053 0.277306 2.49576 80 2 25 10 49716 0 
-82.3911 27.6255 -0.187061 0.277306 2.49576 80 2 25 10 49717 0 
-82.3818 27.6254 -0.18707 0.277306 2.49576 80 2 25 10 49718 0 
-82.3726 27.6254 -0.187078 0.277306 2.49576 80 2 25 10 49719 0 
-82.3633 27.6254 -0.187087 0.277306 2.49576 80 2 25 10 49720 0 
-82.3541 27.6253 -0.187095 0.277306 2.49576 80 2 25 10 49721 0 
-82.3448 27.6253 -0.187104 0.277306 2.49576 80 2 25 10 49722 0 
-82.3356 27.6253 -0.187113 0.277306 2.49576 80 2 25 10 49723 0 
-82.3264 27.6252 -0.187121 0.277306 2.49576 80 2 25 10 49724 0 
-82.3171 27.6252 -0.18713 0.277306 2.49576 80 2 25 10 49725 0 
-82.3079 27.6252 -0.187138 0.277306 2.49576 80 2 25 10 49726 0 
-82.2986 27.6252 -0.187147 0.277306 2.49576 80 2 25 10 49727 0 
-82.2894 27.6251 -0.187156 0.277306 2.49576 80 2 25 10 49728 0 
-82.2801 27.6251 -0.187164 0.277306 2.49576 80 2 25 10 49729 0 
-82.2709 27.6251 -0.187173 0.277306 2.49576 80 2 25 10 49730 0 
-82.2616 27.625 -0.187181 0.277306 2.49576 80 2 25 10 49731 0 
-82.2524 27.625 -0.18719 0.277306 2.49576 80 2 25 10 49732 0 
-82.2431 27.625 -0.187198 0.277306 2.49576 80 2 25 10 49733 0 
-82.2339 27.6249 -0.187207 0.277306 2.49576 80 2 25 10 49734 0 
-82.2246 27.6249 -0.187216 0.277306 2.49576 80 2 25 10 49735 0 
-82.2154 27.6249 -0.187224 0.277306 2.49576 80 2 25 10 49736 0 
-82.2061 27.6249 -0.187233 0.277306 2.49576 80 2 25 10 49737 0 
-82.1969 27.6248 -0.187241 0.277306 2.49576 80 2 25 10 49738 0 
-82.1877 27.6248 -0.18725 0.277306 2.49576 80 2 25 10 49739 0 
-82.1784 27.6248 -0.187259 0.277306 2.49576 80 2 25 10 49740 0 
-82.1692 27.6247 -0.187267 0.277306 2.49576 80 2 25 10 49741 0 
-82.1599 27.6247 -0.187276 0.277306 2.49576 80 2 25 10 49742 0 
-82.1507 27.6247 -0.187284 0.277306 2.49576 80 2 25 10 49743 0 
-82.1414 27.6246 -0.187293 0.277306 2.49576 80 2 25 10 49744 0 
-82.1322 27.6246 -0.187302 0.277306 2.49576 80 2 25 10 49745 0 
-82.1229 27.6246 -0.18731 0.277306 2.49576 80 2 25 10 49746 0 
-82.1137 27.6245 -0.187319 0.277306 2.49576 80 2 25 10 49747 0 
-82.1044 27.6245 -0.187327 0.277306 2.49576 80 2 25 10 49748 0 
-82.0952 27.6245 -0.187336 0.277306 2.49576 80 2 25 10 49749 0 
-82.0859 27.6245 -0.187345 0.277306 2.49576 80 2 25 10 49750 0 
-82.0767 27.6244 -0.187353 0.277306 2.49576 80 2 25 10 49751 0 
-82.0674 27.6244 -0.187362 0.277306 2.49576 80 2 25 10 49752 0 
-82.0582 27.6244 -0.187371 0.277306 2.49576 80 2 25 10 49753 0 
-82.049 27.6243 -0.187379 0.277306 2.49576 80 2 25 10 49754 0 
-82.0397 27.6243 -0.187388 0.277306 2.49576 80 2 25 10 49755 0 
-82.0305 27.6243 -0.187396 0.277306 2.49576 80 2 25 10 49756 0 
-82.0212 27.6242 -0.187405 0.277306 2.49576 80 2 25 10 49757 0 
-82.012 27.6242 -0.187414 0.277306 2.49576 80 2 25 10 49758 0 
-82.0027 27.6242 -0.187422 0.277306 2.49576 80 2 25 10 49759 0 
-81.9935 27.6241 -0.187431 0.277306 2.49576 80 2 25 10 49760 0 
-81.9842 27.6241 -0.187439 0.277306 2.49576 80 2 25 10 49761 0 
-81.975 27.6241 -0.187448 0.277306 2.49576 80 2 25 10 49762 0 
-81.9657 27.6241 -0.187457 0.277306 2.49576 80 2 25 10 49763 0 
-81.9565 27.624 -0.187465 0.277306 2.49576 80 2 25 10 49764 0 
-81.9472 27.624 -0.187474 0.277306 2.49576 80 2 25 10 49765 0 
-81.938 27.624 -0.187483 0.277306 2.49576 80 2 25 10 49766 0 
-81.9287 27.6239 -0.187491 0.277306 2.49576 80 2 25 10 49767 0 
-81.9195 27.6239 -0.1875 0.277306 2.49576 80 2 25 10 49768 0 
-81.9102 27.6239 -0.187508 0.277306 2.49576 80 2 25 10 49769 0 
-81.901 27.6238 -0.187517 0.277306 2.49576 80 2 25 10 49770 0 
-81.8918 27.6238 -0.187526 0.277306 2.49576 80 2 25 10 49771 0 
-81.8825 27.6238 -0.187534 0.277306 2.49576 80 2 25 10 49772 0 
-81.8733 27.6238 -0.187543 0.277306 2.49576 80 2 25 10 49773 0 
-81.864 27.6237 -0.187552 0.277306 2.49576 80 2 25 10 49774 0 
-81.8548 27.6237 -0.18756 0.277306 2.49576 80 2 25 10 49775 0 
-81.8455 27.6237 -0.187569 0.277306 2.49576 80 2 25 10 49776 0 
-81.8363 27.6236 -0.187577 0.277306 2.49576 80 2 25 10 49777 0 
-81.827 27.6236 -0.187586 0.277306 2.49576 80 2 25 10 49778 0 
-81.8178 27.6236 -0.187595 0.277306 2.49576 80 2 25 10 49779 0 
-81.8085 27.6235 -0.187603 0.277306 2.49576 80 2 25 10 49780 0 
-81.7993 27.6235 -0.187612 0.277306 2.49576 80 2 25 10 49781 0 
-81.79 27.6235 -0.187621 0.277306 2.49576 80 2 25 10 49782 0 
-81.7808 27.6234 -0.187629 0.277306 2.49576 80 2 25 10 49783 0 
-81.7715 27.6234 -0.187638 0.277306 2.49576 80 2 25 10 49784 0 
-81.7623 27.6234 -0.187647 0.277306 2.49576 80 2 25 10 49785 0 
-81.7531 27.6234 -0.187655 0.277306 2.49576 80 2 25 10 49786 0 
-81.7438 27.6233 -0.187664 0.277306 2.49576 80 2 25 10 49787 0 
-81.7346 27.6233 -0.187672 0.277306 2.49576 80 2 25 10 49788 0 
-81.7253 27.6233 -0.187681 0.277306 2.49576 80 2 25 10 49789 0 
-81.7161 27.6232 -0.18769 0.277306 2.49576 80 2 25 10 49790 0 
-81.7068 27.6232 -0.187698 0.277306 2.49576 80 2 25 10 49791 0 
-81.6976 27.6232 -0.187707 0.277306 2.49576 80 2 25 10 49792 0 
-81.6883 27.6231 -0.187716 0.277306 2.49576 80 2 25 10 49793 0 
-81.6791 27.6231 -0.187724 0.277306 2.49576 80 2 25 10 49794 0 
-81.6698 27.6231 -0.187733 0.277306 2.49576 80 2 25 10 49795 0 
-81.6606 27.6231 -0.187742 0.277306 2.49576 80 2 25 10 49796 0 
-81.6513 27.623 -0.18775 0.277306 2.49576 80 2 25 10 49797 0 
-81.6421 27.623 -0.187759 0.277306 2.49576 80 2 25 10 49798 0 
-81.6328 27.623 -0.187768 0.277306 2.49576 80 2 25 10 49799 0 
-81.6236 27.6229 -0.187776 0.277306 2.49576 80 2 25 10 49800 0 
-81.6143 27.6229 -0.187785 0.277306 2.49576 80 2 25 10 49801 0 
-81.6051 27.6229 -0.187794 0.277306 2.49576 80 2 25 10 49802 0 
-81.5959 27.6228 -0.187802 0.277306 2.49576 80 2 25 10 49803 0 
-81.5866 27.6228 -0.187811 0.277306 2.49576 80 2 25 10 49804 0 
-81.5774 27.6228 -0.18782 0.277306 2.49576 80 2 25 10 49805 0 
-81.5681 27.6227 -0.187828 0.277306 2.49576 80 2 25 10 49806 0 
-81.5589 27.6227 -0.187837 0.277306 2.49576 80 2 25 10 49807 0 
-81.5496 27.6227 -0.187846 0.277306 2.49576 80 2 25 10 49808 0 
-81.5404 27.6227 -0.187854 0.277306 2.49576 80 2 25 10 49809 0 
-81.5311 27.6226 -0.187863 0.277306 2.49576 80 2 25 10 49810 0 
-81.5219 27.6226 -0.187872 0.277306 2.49576 80 2 25 10 49811 0 
-81.5126 27.6226 -0.18788 0.277306 2.49576 80 2 25 10 49812 0 
-81.5034 27.6225 -0.187889 0.277306 2.49576 80 2 25 10 49813 0 
-81.4941 27.6225 -0.187898 0.277306 2.49576 80 2 25 10 49814 0 
-81.4849 27.6225 -0.187906 0.277306 2.49576 80 2 25 10 49815 0 
-81.4756 27.6224 -0.187915 0.277306 2.49576 80 2 25 10 49816 0 
-81.4664 27.6224 -0.187924 0.277306 2.49576 80 2 25 10 49817 0 
-81.4572 27.6224 -0.187932 0.277306 2.49576 80 2 25 10 49818 0 
-81.4479 27.6223 -0.187941 0.277306 2.49576 80 2 25 10 49819 0 
-81.4387 27.6223 -0.18795 0.277306 2.49576 80 2 25 10 49820 0 
-81.4294 27.6223 -0.187958 0.277306 2.49576 80 2 25 10 49821 0 
-81.4202 27.6223 -0.187967 0.277306 2.49576 80 2 25 10 49822 0 
-81.4109 27.6222 -0.187976 0.277306 2.49576 80 2 25 10 49823 0 
-81.4017 27.6222 -0.187984 0.277306 2.49576 80 2 25 10 49824 0 
-81.3924 27.6222 -0.187993 0.277306 2.49576 80 2 25 10 49825 0 
-81.3832 27.6221 -0.188002 0.277306 2.49576 80 2 25 10 49826 0 
-81.3739 27.6221 -0.18801 0.277306 2.49576 80 2 25 10 49827 0 
-81.3647 27.6221 -0.188019 0.277306 2.49576 80 2 25 10 49828 0 
-81.3554 27.622 -0.188028 0.277306 2.49576 80 2 25 10 49829 0 
-81.3462 27.622 -0.188036 0.277306 2.49576 80 2 25 10 49830 0 
-81.3369 27.622 -0.188045 0.277306 2.49576 80 2 25 10 49831 0 
-81.3277 27.622 -0.188054 0.277306 2.49576 80 2 25 10 49832 0 
-81.3185 27.6219 -0.188063 0.277306 2.49576 80 2 25 10 49833 0 
-81.3092 27.6219 -0.188071 0.277306 2.49576 80 2 25 10 49834 0 
-81.3 27.6219 -0.18808 0.277306 2.49576 80 2 25 10 49835 0 
-81.2907 27.6218 -0.188089 0.277306 2.49576 80 2 25 10 49836 0 
-81.2815 27.6218 -0.188097 0.277306 2.49576 80 2 25 10 49837 0 
-81.2722 27.6218 -0.188106 0.277306 2.49576 80 2 25 10 49838 0 
-81.263 27.6217 -0.188115 0.277306 2.49576 80 2 25 10 49839 0 
-81.2537 27.6217 -0.188123 0.277306 2.49576 80 2 25 10 49840 0 
-81.2445 27.6217 -0.188132 0.277306 2.49576 80 2 25 10 49841 0 
-81.2352 27.6216 -0.188141 0.277306 2.49576 80 2 25 10 49842 0 
-81.226 27.6216 -0.188149 0.277306 2.49576 80 2 25 10 49843 0 
-81.2167 27.6216 -0.188158 0.277306 2.49576 80 2 25 10 49844 0 
-81.2075 27.6216 -0.188167 0.277306 2.49576 80 2 25 10 49845 0 
-81.1982 27.6215 -0.188176 0.277306 2.49576 80 2 25 10 49846 0 
-81.189 27.6215 -0.188184 0.277306 2.49576 80 2 25 10 49847 0 
-81.1797 27.6215 -0.188193 0.277306 2.49576 80 2 25 10 49848 0 
-81.1705 27.6214 -0.188202 0.277306 2.49576 80 2 25 10 49849 0 
-81.1613 27.6214 -0.18821 0.277306 2.49576 80 2 25 10 49850 0 
-81.152 27.6214 -0.188219 0.277306 2.49576 80 2 25 10 49851 0 
-81.1428 27.6213 -0.188228 0.277306 2.49576 80 2 25 10 49852 0 
-81.1335 27.6213 -0.188237 0.277306 2.49576 80 2 25 10 49853 0 
-81.1243 27.6213 -0.188245 0.277306 2.49576 80 2 25 10 49854 0 
-81.115 27.6213 -0.188254 0.277306 2.49576 80 2 25 10 49855 0 
-81.1058 27.6212 -0.188263 0.277306 2.49576 80 2 25 10 49856 0 
-81.0965 27.6212 -0.188271 0.277306 2.49576 80 2 25 10 49857 0 
-81.0873 27.6212 -0.18828 0.277306 2.49576 80 2 25 10 49858 0 
-81.078 27.6211 -0.188289 0.277306 2.49576 80 2 25 10 49859 0 
-81.0688 27.6211 -0.188298 0.277306 2.49576 80 2 25 10 49860 0 
-81.0595 27.6211 -0.188306 0.277306 2.49576 80 2 25 10 49861 0 
-81.0503 27.621 -0.188315 0.277306 2.49576 80 2 25 10 49862 0 
-81.041 27.621 -0.188324 0.277306 2.49576 80 2 25 10 49863 0 
-81.0318 27.621 -0.188332 0.277306 2.49576 80 2 25 10 49864 0 
-81.0226 27.6209 -0.188341 0.277306 2.49576 80 2 25 10 49865 0 
-81.0133 27.6209 -0.18835 0.277306 2.49576 80 2 25 10 49866 0 
-81.0041 27.6209 -0.188359 0.277306 2.49576 80 2 25 10 49867 0 
-80.9948 27.6209 -0.188367 0.277306 2.49576 80 2 25 10 49868 0 
-80.9856 27.6208 -0.188376 0.277306 2.49576 80 2 25 10 49869 0 
-80.9763 27.6208 -0.188385 0.277306 2.49576 80 2 25 10 49870 0 
-80.9671 27.6208 -0.188393 0.277306 2.49576 80 2 25 10 49871 0 
-80.9578 27.6207 -0.188402 0.277306 2.49576 80 2 25 10 49872 0 
-80.9486 27.6207 -0.188411 0.277306 2.49576 80 2 25 10 49873 0 
-80.9393 27.6207 -0.18842 0.277306 2.49576 80 2 25 10 49874 0 
-80.9301 27.6206 -0.188428 0.277306 2.49576 80 2 25 10 49875 0 
-80.9208 27.6206 -0.188437 0.277306 2.49576 80 2 25 10 49876 0 
-80.9116 27.6206 -0.188446 0.277306 2.49576 80 2 25 10 49877 0 
-80.9023 27.6205 -0.188455 0.277306 2.49576 80 2 25 10 49878 0 
-80.8931 27.6205 -0.188463 0.277306 2.49576 80 2 25 10 49879 0 
-80.8839 27.6205 -0.188472 0.277306 2.49576 80 2 25 10 49880 0 
-80.8746 27.6205 -0.188481 0.277306 2.49576 80 2 25 10 49881 0 
-80.8654 27.6204 -0.18849 0.277306 2.49576 80 2 25 10 49882 0 
-80.8561 27.6204 -0.188498 0.277306 2.49576 80 2 25 10 49883 0 
-80.8469 27.6204 -0.188507 0.277306 2.49576 80 2 25 10 49884 0 
-80.8376 27.6203 -0.188516 0.277306 2.49576 80 2 25 10 49885 0 
-80.8284 27.6203 -0.188525 0.277306 2.49576 80 2 25 10 49886 0 
-80.8191 27.6203 -0.188533 0.277306 2.49576 80 2 25 10 49887 0 
-80.8099 27.6202 -0.188542 0.277306 2.49576 80 2 25 10 49888 0 
-80.8006 27.6202 -0.188551 0.277306 2.49576 80 2 25 10 49889 0 
-80.7914 27.6202 -0.18856 0.277306 2.49576 80 2 25 10 49890 0 
-80.7821 27.6202 -0.188568 0.277306 2.49576 80 2 25 10 49891 0 
-80.7729 27.6201 -0.188577 0.277306 2.49576 80 2 25 10 49892 0 
-80.7636 27.6201 -0.188586 0.277306 2.49576 80 2 25 10 49893 0 
-80.7544 27.6201 -0.188594 0.277306 2.49576 80 2 25 10 49894 0 
-80.7451 27.62 -0.188603 0.277306 2.49576 80 2 25 10 49895 0 
-80.7359 27.62 -0.188612 0.277306 2.49576 80 2 25 10 49896 0 
-80.7267 27.62 -0.188621 0.277306 2.49576 80 2 25 10 49897 0 
-80.7174 27.6199 -0.188629 0.277306 2.49576 80 2 25 10 49898 0 
-80.7082 27.6199 -0.188638 0.277306 2.49576 80 2 25 10 49899 0 
-80.6989 27.6199 -0.188647 0.277306 2.49576 80 2 25 10 49900 0 
-80.6897 27.6198 -0.188656 0.277306 2.49576 80 2 25 10 49901 0 
-80.6804 27.6198 -0.188665 0.277306 2.49576 80 2 25 10 49902 0 
-80.6712 27.6198 -0.188673 0.277306 2.49576 80 2 25 10 49903 0 
-80.6619 27.6198 -0.188682 0.277306 2.49576 80 2 25 10 49904 0 
-80.6527 27.6197 -0.188691 0.277306 2.49576 80 2 25 10 49905 0 
-80.6434 27.6197 -0.1887 0.277306 2.49576 80 2 25 10 49906 0 
-80.6342 27.6197 -0.188708 0.277306 2.49576 80 2 25 10 49907 0 
-80.6249 27.6196 -0.188717 0.277306 2.49576 80 2 25 10 49908 0 
-80.6157 27.6196 -0.188726 0.277306 2.49576 80 2 25 10 49909 0 
-80.6064 27.6196 -0.188735 0.277306 2.49576 80 2 25 10 49910 0 
-80.5972 27.6195 -0.188743 0.277306 2.49576 80 2 25 10 49911 0 
-80.588 27.6195 -0.188752 0.277306 2.49576 80 2 25 10 49912 0 
-80.5787 27.6195 -0.188761 0.277306 2.49576 80 2 25 10 49913 0 
-80.5695 27.6194 -0.18877 0.277306 2.49576 80 2 25 10 49914 0 
-80.5602 27.6194 -0.188778 0.277306 2.49576 80 2 25 10 49915 0 
-80.551 27.6194 -0.188787 0.277306 2.49576 80 2 25 10 49916 0 
-80.5417 27.6194 -0.188796 0.277306 2.49576 80 2 25 10 49917 0 
-80.5325 27.6193 -0.188805 0.277306 2.49576 80 2 25 10 49918 0 
-80.5232 27.6193 -0.188814 0.277306 2.49576 80 2 25 10 49919 0 
-80.514 27.6193 -0.188822 0.277306 2.49576 80 2 25 10 49920 0 
-80.5047 27.6192 -0.188831 0.277306 2.49576 80 2 25 10 49921 0 
-80.4955 27.6192 -0.18884 0.277306 2.49576 80 2 25 10 49922 0 
-80.4862 27.6192 -0.188849 0.277306 2.49576 80 2 25 10 49923 0 
-80.477 27.6191 -0.188857 0.277306 2.49576 80 2 25 10 49924 0 
-80.4677 27.6191 -0.188866 0.277306 2.49576 80 2 25 10 49925 0 
-80.4585 27.6191 -0.188875 0.277306 2.49576 80 2 25 10 49926 0 
-80.4492 27.6191 -0.188884 0.277306 2.49576 80 2 25 10 49927 0 
-80.44 27.619 -0.188893 0.277306 2.49576 80 2 25 10 49928 0 
-80.4308 27.619 -0.188901 0.277306 2.49576 80 2 25 10 49929 0 
-80.4215 27.619 -0.18891 0.277306 2.49576 80 2 25 10 49930 0 
-80.4123 27.6189 -0.188919 0.277306 2.49576 80 2 25 10 49931 0 
-80.403 27.6189 -0.188928 0.277306 2.49576 80 2 25 10 49932 0 
-80.3938 27.6189 -0.188937 0.277306 2.49576 80 2 25 10 49933 0 
-80.3845 27.6188 -0.188945 0.277306 2.49576 80 2 25 10 49934 0 
-80.3753 27.6188 -0.188954 0.277306 2.49576 80 2 25 10 49935 0 
-80.366 27.6188 -0.188963 0.277306 2.49576 80 2 25 10 49936 0 
-80.3568 27.6187 -0.188972 0.277306 2.49576 80 2 25 10 49937 0 
-80.3475 27.6187 -0.188981 0.277306 2.49576 80 2 25 10 49938 0 
-80.3383 27.6187 -0.188989 0.277306 2.49576 80 2 25 10 49939 0 
-80.329 27.6187 -0.188998 0.277306 2.49576 80 2 25 10 49940 0 
-80.3198 27.6186 -0.189007 0.277306 2.49576 80 2 25 10 49941 0 
-80.3105 27.6186 -0.189016 0.277306 2.49576 80 2 25 10 49942 0 
-80.3013 27.6186 -0.189025 0.277306 2.49576 80 2 25 10 49943 0 
-80.2921 27.6185 -0.189033 0.277306 2.49576 80 2 25 10 49944 0 
-80.2828 27.6185 -0.189042 0.277306 2.49576 80 2 25 10 49945 0 
-80.2736 27.6185 -0.189051 0.277306 2.49576 80 2 25 10 49946 0 
-80.2643 27.6184 -0.18906 0.277306 2.49576 80 2 25 10 49947 0 
-80.2551 27.6184 -0.189069 0.277306 2.49576 80 2 25 10 49948 0 
-80.2458 27.6184 -0.189077 0.277306 2.49576 80 2 25 10 49949 0 
-80.2366 27.6184 -0.189086 0.277306 2.49576 80 2 25 10 49950 0 
-80.2273 27.6183 -0.189095 0.277306 2.49576 80 2 25 10 49951 0 
-80.2181 27.6183 -0.189104 0.277306 2.49576 80 2 25 10 49952 0 
-80.2088 27.6183 -0.189113 0.277306 2.49576 80 2 25 10 49953 0 
-80.1996 27.6182 -0.189121 0.277306 2.49576 80 2 25 10 49954 0 
-80.1903 27.6182 -0.18913 0.277306 2.49576 80 2 25 10 49955 0 
-80.1811 27.6182 -0.189139 0.277306 2.49576 80 2 25 10 49956 0 
-80.1718 27.6181 -0.189148 0.277306 2.49576 80 2 25 10 49957 0 
-80.1626 27.6181 -0.189157 0.277306 2.49576 80 2 25 10 49958 0 
-80.1534 27.6181 -0.189165 0.277306 2.49576 80 2 25 10 49959 0 
-80.1441 27.618 -0.189174 0.277306 2.49576 80 2 25 10 49960 0 
-80.1349 27.618 -0.189183 0.277306 2.49576 80 2 25 10 49961 0 
-80.1256 27.618 -0.189192 0.277306 2.49576 80 2 25 10 49962 0 
-80.1164 27.618 -0.189201 0.277306 2.49576 80 2 25 10 49963 0 
-80.1071 27.6179 -0.18921 0.277306 2.49576 80 2 25 10 49964 0 
-80.0979 27.6179 -0.189218 0.277306 2.49576 80 2 25 10 49965 0 
-80.0886 27.6179 -0.189227 0.277306 2.49576 80 2 25 10 49966 0 
-80.0794 27.6178 -0.189236 0.277306 2.49576 80 2 25 10 49967 0 
-80.0701 27.6178 -0.189245 0.277306 2.49576 80 2 25 10 49968 0 
-80.0609 27.6178 -0.189254 0.277306 2.49576 80 2 25 10 49969 0 
-80.0516 27.6177 -0.189263 0.277306 2.49576 80 2 25 10 49970 0 
-80.0424 27.6177 -0.189271 0.277306 2.49576 80 2 25 10 49971 0 
-80.0331 27.6177 -0.18928 0.277306 2.49576 80 2 25 10 49972 0 
-80.0239 27.6176 -0.189289 0.277306 2.49576 80 2 25 10 49973 0 
-80.0146 27.6176 -0.189298 0.277306 2.49576 80 2 25 10 49974 0 
-80.0054 27.6176 -0.189307 0.277306 2.49576 80 2 25 10 49975 0 
-79.9962 27.6176 -0.189316 0.277306 2.49576 80 2 25 10 49976 0 
-79.9869 27.6175 -0.189324 0.277306 2.49576 80 2 25 10 49977 0 
-79.9777 27.6175 -0.189333 0.277306 2.49576 80 2 25 10 49978 0 
-79.9684 27.6175 -0.189342 0.277306 2.49576 80 2 25 10 49979 0 
-79.9592 27.6174 -0.189351 0.277306 2.49576 80 2 25 10 49980 0 
-79.9499 27.6174 -0.18936 0.277306 2.49576 80 2 25 10 49981 0 
-79.9407 27.6174 -0.189369 0.277306 2.49576 80 2 25 10 49982 0 
-79.9314 27.6173 -0.189377 0.277306 2.49576 80 2 25 10 49983 0 
-79.9222 27.6173 -0.189386 0.277306 2.49576 80 2 25 10 49984 0 
-79.9129 27.6173 -0.189395 0.277306 2.49576 80 2 25 10 49985 0 
-79.9037 27.6173 -0.189404 0.277306 2.49576 80 2 25 10 49986 0 
-79.8944 27.6172 -0.189413 0.277306 2.49576 80 2 25 10 49987 0 
-79.8852 27.6172 -0.189422 0.277306 2.49576 80 2 25 10 49988 0 
-79.8759 27.6172 -0.189431 0.277306 2.49576 80 2 25 10 49989 0 
-79.8667 27.6171 -0.189439 0.277306 2.49576 80 2 25 10 49990 0 
-79.8575 27.6171 -0.189448 0.277306 2.49576 80 2 25 10 49991 0 
-79.8482 27.6171 -0.189457 0.277306 2.49576 80 2 25 10 49992 0 
-79.839 27.617 -0.189466 0.277306 2.49576 80 2 25 10 49993 0 
-79.8297 27.617 -0.189475 0.277306 2.49576 80 2 25 10 49994 0 
-79.8205 27.617 -0.189484 0.277306 2.49576 80 2 25 10 49995 0 
-79.8112 27.6169 -0.189492 0.277306 2.49576 80 2 25 10 49996 0 
-79.802 27.6169 -0.189501 0.277306 2.49576 80 2 25 10 49997 0 
-79.7927 27.6169 -0.18951 0.277306 2.49576 80 2 25 10 49998 0 
-79.7835 27.6169 -0.189519 0.277306 2.49576 80 2 25 10 49999 0 
