157.58 -28.8461 -182.681 0.293549 2.64194 -80 2 -25 10 37858 1 
157.57 -28.8457 -182.64 0.293549 2.64194 -80 2 -25 10 37859 1 
157.561 -28.8452 -182.599 0.293549 2.64194 -80 2 -25 10 37860 1 
157.551 -28.8448 -182.558 0.293549 2.64194 -80 2 -25 10 37861 1 
157.541 -28.8443 -182.519 0.293549 2.64194 -80 2 -25 10 37862 1 
157.531 -28.8439 -182.48 0.293549 2.64194 -80 2 -25 10 37863 1 
157.521 -28.8435 -182.442 0.293549 2.64194 -80 2 -25 10 37864 1 
157.512 -28.8431 -182.404 0.293549 2.64194 -80 2 -25 10 37865 1 
157.502 -28.8427 -182.367 0.293549 2.64194 -80 2 -25 10 37866 1 
157.492 -28.8423 -182.331 0.293549 2.64194 -80 2 -25 10 37867 1 
157.482 -28.8419 -182.295 0.293549 2.64194 -80 2 -25 10 37868 1 
157.473 -28.8415 -182.26 0.293549 2.64194 -80 2 -25 10 37869 1 
157.463 -28.8411 -182.226 0.293549 2.64194 -80 2 -25 10 37870 1 
157.453 -28.8407 -182.192 0.293549 2.64194 -80 2 -25 10 37871 1 
157.443 -28.8403 -182.158 0.293549 2.64194 -80 2 -25 10 37872 1 
157.433 -28.84 -182.125 0.293549 2.64194 -80 2 -25 10 37873 1 
157.424 -28.8396 -182.093 0.293549 2.64194 -80 2 -25 10 37874 1 
157.414 -28.8392 -182.061 0.293549 2.64194 -80 2 -25 10 37875 1 
157.404 -28.8389 -182.03 0.293549 2.64194 -80 2 -25 10 37876 1 
157.394 -28.8385 -181.999 0.293549 2.64194 -80 2 -25 10 37877 1 
157.385 -28.8382 -181.969 0.293549 2.64194 -80 2 -25 10 37878 1 
157.375 -28.8379 -181.939 0.293549 2.64194 -80 2 -25 10 37879 1 
157.365 -28.8375 -181.91 0.293549 2.64194 -80 2 -25 10 37880 1 
157.355 -28.8372 -181.881 0.293549 2.64194 -80 2 -25 10 37881 1 
157.345 -28.8369 -181.853 0.293549 2.64194 -80 2 -25 10 37882 1 
157.336 -28.8366 -181.825 0.293549 2.64194 -80 2 -25 10 37883 1 
157.326 -28.8363 -181.798 0.293549 2.64194 -80 2 -25 10 37884 1 
157.316 -28.8359 -181.771 0.293549 2.64194 -80 2 -25 10 37885 1 
157.306 -28.8356 -181.745 0.293549 2.64194 -80 2 -25 10 37886 1 
157.297 -28.8353 -181.719 0.293549 2.64194 -80 2 -25 10 37887 1 
157.287 -28.8351 -181.693 0.293549 2.64194 -80 2 -25 10 37888 1 
157.277 -28.8348 -181.668 0.293549 2.64194 -80 2 -25 10 37889 1 
157.267 -28.8345 -181.644 0.293549 2.64194 -80 2 -25 10 37890 1 
157.257 -28.8342 -181.619 0.293549 2.64194 -80 2 -25 10 37891 1 
157.248 -28.8339 -181.595 0.293549 2.64194 -80 2 -25 10 37892 1 
157.238 -28.8337 -181.572 0.293549 2.64194 -80 2 -25 10 37893 1 
157.228 -28.8334 -181.549 0.293549 2.64194 -80 2 -25 10 37894 1 
157.218 -28.8331 -181.526 0.293549 2.64194 -80 2 -25 10 37895 1 
157.208 -28.8329 -181.504 0.293549 2.64194 -80 2 -25 10 37896 1 
157.199 -28.8326 -181.482 0.293549 2.64194 -80 2 -25 10 37897 1 
157.189 -28.8323 -181.46 0.293549 2.64194 -80 2 -25 10 37898 1 
157.179 -28.8321 -181.439 0.293549 2.64194 -80 2 -25 10 37899 1 
157.169 -28.8318 -181.418 0.293549 2.64194 -80 2 -25 10 37900 1 
157.16 -28.8316 -181.398 0.293549 2.64194 -80 2 -25 10 37901 1 
157.15 -28.8314 -181.377 0.293549 2.64194 -80 2 -25 10 37902 1 
157.14 -28.8311 -181.358 0.293549 2.64194 -80 2 -25 10 37903 1 
157.13 -28.8309 -181.338 0.293549 2.64194 -80 2 -25 10 37904 1 
157.12 -28.8307 -181.319 0.293549 2.64194 -80 2 -25 10 37905 1 
157.111 -28.8304 -181.3 0.293549 2.64194 -80 2 -25 10 37906 1 
157.101 -28.8302 -181.281 0.293549 2.64194 -80 2 -25 10 37907 1 
157.091 -28.83 -181.263 0.293549 2.64194 -80 2 -25 10 37908 1 
157.081 -28.8298 -181.245 0.293549 2.64194 -80 2 -25 10 37909 1 
157.072 -28.8296 -181.228 0.293549 2.64194 -80 2 -25 10 37910 1 
157.062 -28.8294 -181.21 0.293549 2.64194 -80 2 -25 10 37911 1 
157.052 -28.8292 -181.193 0.293549 2.64194 -80 2 -25 10 37912 1 
157.042 -28.829 -181.176 0.293549 2.64194 -80 2 -25 10 37913 1 
157.032 -28.8288 -181.16 0.293549 2.64194 -80 2 -25 10 37914 1 
157.023 -28.8286 -181.144 0.293549 2.64194 -80 2 -25 10 37915 1 
157.013 -28.8284 -181.128 0.293549 2.64194 -80 2 -25 10 37916 1 
157.003 -28.8282 -181.112 0.293549 2.64194 -80 2 -25 10 37917 1 
156.993 -28.828 -181.097 0.293549 2.64194 -80 2 -25 10 37918 1 
156.984 -28.8278 -181.081 0.293549 2.64194 -80 2 -25 10 37919 1 
156.974 -28.8276 -181.067 0.293549 2.64194 -80 2 -25 10 37920 1 
156.964 -28.8274 -181.052 0.293549 2.64194 -80 2 -25 10 37921 1 
156.954 -28.8272 -181.037 0.293549 2.64194 -80 2 -25 10 37922 1 
156.944 -28.8271 -181.023 0.293549 2.64194 -80 2 -25 10 37923 1 
156.935 -28.8269 -181.009 0.293549 2.64194 -80 2 -25 10 37924 1 
156.925 -28.8267 -180.996 0.293549 2.64194 -80 2 -25 10 37925 1 
156.915 -28.8266 -180.982 0.293549 2.64194 -80 2 -25 10 37926 1 
156.905 -28.8264 -180.969 0.293549 2.64194 -80 2 -25 10 37927 1 
156.896 -28.8262 -180.956 0.293549 2.64194 -80 2 -25 10 37928 1 
156.886 -28.8261 -180.943 0.293549 2.64194 -80 2 -25 10 37929 1 
156.876 -28.8259 -180.93 0.293549 2.64194 -80 2 -25 10 37930 1 
156.866 -28.8257 -180.918 0.293549 2.64194 -80 2 -25 10 37931 1 
156.856 -28.8256 -180.906 0.293549 2.64194 -80 2 -25 10 37932 1 
156.847 -28.8254 -180.894 0.293549 2.64194 -80 2 -25 10 37933 1 
156.837 -28.8253 -180.882 0.293549 2.64194 -80 2 -25 10 37934 1 
156.827 -28.8251 -180.87 0.293549 2.64194 -80 2 -25 10 37935 1 
156.817 -28.825 -180.859 0.293549 2.64194 -80 2 -25 10 37936 1 
156.807 -28.8248 -180.848 0.293549 2.64194 -80 2 -25 10 37937 1 
156.798 -28.8247 -180.837 0.293549 2.64194 -80 2 -25 10 37938 1 
156.788 -28.8245 -180.826 0.293549 2.64194 -80 2 -25 10 37939 1 
156.778 -28.8244 -180.815 0.293549 2.64194 -80 2 -25 10 37940 1 
156.768 -28.8243 -180.805 0.293549 2.64194 -80 2 -25 10 37941 1 
156.759 -28.8241 -180.795 0.293549 2.64194 -80 2 -25 10 37942 1 
156.749 -28.824 -180.784 0.293549 2.64194 -80 2 -25 10 37943 1 
156.739 -28.8239 -180.775 0.293549 2.64194 -80 2 -25 10 37944 1 
156.729 -28.8237 -180.765 0.293549 2.64194 -80 2 -25 10 37945 1 
156.719 -28.8236 -180.755 0.293549 2.64194 -80 2 -25 10 37946 1 
156.71 -28.8235 -180.746 0.293549 2.64194 -80 2 -25 10 37947 1 
156.7 -28.8233 -180.736 0.293549 2.64194 -80 2 -25 10 37948 1 
156.69 -28.8232 -180.727 0.293549 2.64194 -80 2 -25 10 37949 1 
156.68 -28.8231 -180.718 0.293549 2.64194 -80 2 -25 10 37950 1 
156.671 -28.823 -180.709 0.293549 2.64194 -80 2 -25 10 37951 1 
156.661 -28.8228 -180.701 0.293549 2.64194 -80 2 -25 10 37952 1 
156.651 -28.8227 -180.692 0.293549 2.64194 -80 2 -25 10 37953 1 
156.641 -28.8226 -180.684 0.293549 2.64194 -80 2 -25 10 37954 1 
156.631 -28.8225 -180.675 0.293549 2.64194 -80 2 -25 10 37955 1 
156.622 -28.8224 -180.667 0.293549 2.64194 -80 2 -25 10 37956 1 
156.612 -28.8223 -180.659 0.293549 2.64194 -80 2 -25 10 37957 1 
156.602 -28.8221 -180.651 0.293549 2.64194 -80 2 -25 10 37958 1 
156.592 -28.822 -180.644 0.293549 2.64194 -80 2 -25 10 37959 1 
156.583 -28.8219 -180.636 0.293549 2.64194 -80 2 -25 10 37960 1 
156.573 -28.8218 -180.628 0.293549 2.64194 -80 2 -25 10 37961 1 
156.563 -28.8217 -180.621 0.293549 2.64194 -80 2 -25 10 37962 1 
156.553 -28.8216 -180.614 0.293549 2.64194 -80 2 -25 10 37963 1 
156.543 -28.8215 -180.607 0.293549 2.64194 -80 2 -25 10 37964 1 
156.534 -28.8214 -180.6 0.293549 2.64194 -80 2 -25 10 37965 1 
156.524 -28.8213 -180.593 0.293549 2.64194 -80 2 -25 10 37966 1 
156.514 -28.8212 -180.586 0.293549 2.64194 -80 2 -25 10 37967 1 
156.504 -28.8211 -180.579 0.293549 2.64194 -80 2 -25 10 37968 1 
156.494 -28.821 -180.573 0.293549 2.64194 -80 2 -25 10 37969 1 
156.485 -28.8209 -180.566 0.293549 2.64194 -80 2 -25 10 37970 1 
156.475 -28.8208 -180.56 0.293549 2.64194 -80 2 -25 10 37971 1 
156.465 -28.8207 -180.554 0.293549 2.64194 -80 2 -25 10 37972 1 
156.455 -28.8206 -180.548 0.293549 2.64194 -80 2 -25 10 37973 1 
156.446 -28.8205 -180.542 0.293549 2.64194 -80 2 -25 10 37974 1 
156.436 -28.8204 -180.536 0.293549 2.64194 -80 2 -25 10 37975 1 
156.426 -28.8203 -180.53 0.293549 2.64194 -80 2 -25 10 37976 1 
156.416 -28.8202 -180.524 0.293549 2.64194 -80 2 -25 10 37977 1 
156.406 -28.8201 -180.519 0.293549 2.64194 -80 2 -25 10 37978 1 
156.397 -28.8201 -180.513 0.293549 2.64194 -80 2 -25 10 37979 1 
156.387 -28.82 -180.508 0.293549 2.64194 -80 2 -25 10 37980 1 
156.377 -28.8199 -180.502 0.293549 2.64194 -80 2 -25 10 37981 1 
156.367 -28.8198 -180.497 0.293549 2.64194 -80 2 -25 10 37982 1 
156.358 -28.8197 -180.492 0.293549 2.64194 -80 2 -25 10 37983 1 
156.348 -28.8196 -180.487 0.293549 2.64194 -80 2 -25 10 37984 1 
156.338 -28.8195 -180.482 0.293549 2.64194 -80 2 -25 10 37985 1 
156.328 -28.8195 -180.477 0.293549 2.64194 -80 2 -25 10 37986 1 
156.318 -28.8194 -180.472 0.293549 2.64194 -80 2 -25 10 37987 1 
156.309 -28.8193 -180.467 0.293549 2.64194 -80 2 -25 10 37988 1 
156.299 -28.8192 -180.463 0.293549 2.64194 -80 2 -25 10 37989 1 
156.289 -28.8191 -180.458 0.293549 2.64194 -80 2 -25 10 37990 1 
156.279 -28.8191 -180.453 0.293549 2.64194 -80 2 -25 10 37991 1 
156.27 -28.819 -180.449 0.293549 2.64194 -80 2 -25 10 37992 1 
156.26 -28.8189 -180.445 0.293549 2.64194 -80 2 -25 10 37993 1 
156.25 -28.8188 -180.44 0.293549 2.64194 -80 2 -25 10 37994 1 
156.24 -28.8188 -180.436 0.293549 2.64194 -80 2 -25 10 37995 1 
156.23 -28.8187 -180.432 0.293549 2.64194 -80 2 -25 10 37996 1 
156.221 -28.8186 -180.428 0.293549 2.64194 -80 2 -25 10 37997 1 
156.211 -28.8185 -180.424 0.293549 2.64194 -80 2 -25 10 37998 1 
156.201 -28.8185 -180.42 0.293549 2.64194 -80 2 -25 10 37999 1 
156.191 -28.8184 -180.416 0.293549 2.64194 -80 2 -25 10 38000 1 
156.182 -28.8183 -180.412 0.293549 2.64194 -80 2 -25 10 38001 1 
156.172 -28.8183 -180.408 0.293549 2.64194 -80 2 -25 10 38002 1 
156.162 -28.8182 -180.405 0.293549 2.64194 -80 2 -25 10 38003 1 
156.152 -28.8181 -180.401 0.293549 2.64194 -80 2 -25 10 38004 1 
156.142 -28.818 -180.398 0.293549 2.64194 -80 2 -25 10 38005 1 
156.133 -28.818 -180.394 0.293549 2.64194 -80 2 -25 10 38006 1 
156.123 -28.8179 -180.391 0.293549 2.64194 -80 2 -25 10 38007 1 
156.113 -28.8178 -180.387 0.293549 2.64194 -80 2 -25 10 38008 1 
156.103 -28.8178 -180.384 0.293549 2.64194 -80 2 -25 10 38009 1 
156.093 -28.8177 -180.381 0.293549 2.64194 -80 2 -25 10 38010 1 
156.084 -28.8176 -180.377 0.293549 2.64194 -80 2 -25 10 38011 1 
156.074 -28.8176 -180.374 0.293549 2.64194 -80 2 -25 10 38012 1 
156.064 -28.8175 -180.371 0.293549 2.64194 -80 2 -25 10 38013 1 
156.054 -28.8175 -180.368 0.293549 2.64194 -80 2 -25 10 38014 1 
156.045 -28.8174 -180.365 0.293549 2.64194 -80 2 -25 10 38015 1 
156.035 -28.8173 -180.362 0.293549 2.64194 -80 2 -25 10 38016 1 
156.025 -28.8173 -180.359 0.293549 2.64194 -80 2 -25 10 38017 1 
156.015 -28.8172 -180.356 0.293549 2.64194 -80 2 -25 10 38018 1 
156.005 -28.8171 -180.353 0.293549 2.64194 -80 2 -25 10 38019 1 
155.996 -28.8171 -180.351 0.293549 2.64194 -80 2 -25 10 38020 1 
155.986 -28.817 -180.348 0.293549 2.64194 -80 2 -25 10 38021 1 
155.976 -28.817 -180.345 0.293549 2.64194 -80 2 -25 10 38022 1 
155.966 -28.8169 -180.343 0.293549 2.64194 -80 2 -25 10 38023 1 
155.957 -28.8168 -180.34 0.293549 2.64194 -80 2 -25 10 38024 1 
155.947 -28.8168 -180.337 0.293549 2.64194 -80 2 -25 10 38025 1 
155.937 -28.8167 -180.335 0.293549 2.64194 -80 2 -25 10 38026 1 
155.927 -28.8167 -180.332 0.293549 2.64194 -80 2 -25 10 38027 1 
155.917 -28.8166 -180.33 0.293549 2.64194 -80 2 -25 10 38028 1 
155.908 -28.8166 -180.328 0.293549 2.64194 -80 2 -25 10 38029 1 
155.898 -28.8165 -180.325 0.293549 2.64194 -80 2 -25 10 38030 1 
155.888 -28.8165 -180.323 0.293549 2.64194 -80 2 -25 10 38031 1 
155.878 -28.8164 -180.321 0.293549 2.64194 -80 2 -25 10 38032 1 
155.869 -28.8163 -180.318 0.293549 2.64194 -80 2 -25 10 38033 1 
155.859 -28.8163 -180.316 0.293549 2.64194 -80 2 -25 10 38034 1 
155.849 -28.8162 -180.314 0.293549 2.64194 -80 2 -25 10 38035 1 
155.839 -28.8162 -180.312 0.293549 2.64194 -80 2 -25 10 38036 1 
155.829 -28.8161 -180.31 0.293549 2.64194 -80 2 -25 10 38037 1 
155.82 -28.8161 -180.308 0.293549 2.64194 -80 2 -25 10 38038 1 
155.81 -28.816 -180.306 0.293549 2.64194 -80 2 -25 10 38039 1 
155.8 -28.816 -180.304 0.293549 2.64194 -80 2 -25 10 38040 1 
155.79 -28.8159 -180.302 0.293549 2.64194 -80 2 -25 10 38041 1 
155.78 -28.8159 -180.3 0.293549 2.64194 -80 2 -25 10 38042 1 
155.771 -28.8158 -180.298 0.293549 2.64194 -80 2 -25 10 38043 1 
155.761 -28.8158 -180.296 0.293549 2.64194 -80 2 -25 10 38044 1 
155.751 -28.8157 -180.294 0.293549 2.64194 -80 2 -25 10 38045 1 
155.741 -28.8157 -180.293 0.293549 2.64194 -80 2 -25 10 38046 1 
155.732 -28.8156 -180.291 0.293549 2.64194 -80 2 -25 10 38047 1 
155.722 -28.8156 -180.289 0.293549 2.64194 -80 2 -25 10 38048 1 
155.712 -28.8155 -180.288 0.293549 2.64194 -80 2 -25 10 38049 1 
155.702 -28.8155 -180.286 0.293549 2.64194 -80 2 -25 10 38050 1 
155.692 -28.8154 -180.284 0.293549 2.64194 -80 2 -25 10 38051 1 
155.683 -28.8154 -180.283 0.293549 2.64194 -80 2 -25 10 38052 1 
155.673 -28.8153 -180.281 0.293549 2.64194 -80 2 -25 10 38053 1 
155.663 -28.8153 -180.279 0.293549 2.64194 -80 2 -25 10 38054 1 
155.653 -28.8152 -180.278 0.293549 2.64194 -80 2 -25 10 38055 1 
155.644 -28.8152 -180.276 0.293549 2.64194 -80 2 -25 10 38056 1 
155.634 -28.8151 -180.275 0.293549 2.64194 -80 2 -25 10 38057 1 
155.624 -28.8151 -180.273 0.293549 2.64194 -80 2 -25 10 38058 1 
155.614 -28.815 -180.272 0.293549 2.64194 -80 2 -25 10 38059 1 
155.604 -28.815 -180.271 0.293549 2.64194 -80 2 -25 10 38060 1 
155.595 -28.8149 -180.269 0.293549 2.64194 -80 2 -25 10 38061 1 
155.585 -28.8149 -180.268 0.293549 2.64194 -80 2 -25 10 38062 1 
155.575 -28.8148 -180.266 0.293549 2.64194 -80 2 -25 10 38063 1 
155.565 -28.8148 -180.265 0.293549 2.64194 -80 2 -25 10 38064 1 
155.556 -28.8148 -180.264 0.293549 2.64194 -80 2 -25 10 38065 1 
155.546 -28.8147 -180.263 0.293549 2.64194 -80 2 -25 10 38066 1 
155.536 -28.8147 -180.261 0.293549 2.64194 -80 2 -25 10 38067 1 
155.526 -28.8146 -180.26 0.293549 2.64194 -80 2 -25 10 38068 1 
155.516 -28.8146 -180.259 0.293549 2.64194 -80 2 -25 10 38069 1 
155.507 -28.8145 -180.258 0.293549 2.64194 -80 2 -25 10 38070 1 
155.497 -28.8145 -180.256 0.293549 2.64194 -80 2 -25 10 38071 1 
155.487 -28.8144 -180.255 0.293549 2.64194 -80 2 -25 10 38072 1 
155.477 -28.8144 -180.254 0.293549 2.64194 -80 2 -25 10 38073 1 
155.467 -28.8144 -180.253 0.293549 2.64194 -80 2 -25 10 38074 1 
155.458 -28.8143 -180.252 0.293549 2.64194 -80 2 -25 10 38075 1 
155.448 -28.8143 -180.251 0.293549 2.64194 -80 2 -25 10 38076 1 
155.438 -28.8142 -180.25 0.293549 2.64194 -80 2 -25 10 38077 1 
155.428 -28.8142 -180.249 0.293549 2.64194 -80 2 -25 10 38078 1 
155.419 -28.8141 -180.248 0.293549 2.64194 -80 2 -25 10 38079 1 
155.409 -28.8141 -180.247 0.293549 2.64194 -80 2 -25 10 38080 1 
155.399 -28.8141 -180.246 0.293549 2.64194 -80 2 -25 10 38081 1 
155.389 -28.814 -180.245 0.293549 2.64194 -80 2 -25 10 38082 1 
155.379 -28.814 -180.244 0.293549 2.64194 -80 2 -25 10 38083 1 
155.37 -28.8139 -180.243 0.293549 2.64194 -80 2 -25 10 38084 1 
155.36 -28.8139 -180.242 0.293549 2.64194 -80 2 -25 10 38085 1 
155.35 -28.8139 -180.241 0.293549 2.64194 -80 2 -25 10 38086 1 
155.34 -28.8138 -180.24 0.293549 2.64194 -80 2 -25 10 38087 1 
155.331 -28.8138 -180.239 0.293549 2.64194 -80 2 -25 10 38088 1 
155.321 -28.8137 -180.238 0.293549 2.64194 -80 2 -25 10 38089 1 
155.311 -28.8137 -180.238 0.293549 2.64194 -80 2 -25 10 38090 1 
155.301 -28.8136 -180.237 0.293549 2.64194 -80 2 -25 10 38091 1 
155.291 -28.8136 -180.236 0.293549 2.64194 -80 2 -25 10 38092 1 
155.282 -28.8136 -180.235 0.293549 2.64194 -80 2 -25 10 38093 1 
155.272 -28.8135 -180.234 0.293549 2.64194 -80 2 -25 10 38094 1 
155.262 -28.8135 -180.233 0.293549 2.64194 -80 2 -25 10 38095 1 
155.252 -28.8134 -180.233 0.293549 2.64194 -80 2 -25 10 38096 1 
155.243 -28.8134 -180.232 0.293549 2.64194 -80 2 -25 10 38097 1 
155.233 -28.8134 -180.231 0.293549 2.64194 -80 2 -25 10 38098 1 
155.223 -28.8133 -180.23 0.293549 2.64194 -80 2 -25 10 38099 1 
155.213 -28.8133 -180.23 0.293549 2.64194 -80 2 -25 10 38100 1 
155.203 -28.8132 -180.229 0.293549 2.64194 -80 2 -25 10 38101 1 
155.194 -28.8132 -180.228 0.293549 2.64194 -80 2 -25 10 38102 1 
155.184 -28.8132 -180.228 0.293549 2.64194 -80 2 -25 10 38103 1 
155.174 -28.8131 -180.227 0.293549 2.64194 -80 2 -25 10 38104 1 
155.164 -28.8131 -180.226 0.293549 2.64194 -80 2 -25 10 38105 1 
155.155 -28.8131 -180.226 0.293549 2.64194 -80 2 -25 10 38106 1 
155.145 -28.813 -180.225 0.293549 2.64194 -80 2 -25 10 38107 1 
155.135 -28.813 -180.224 0.293549 2.64194 -80 2 -25 10 38108 1 
155.125 -28.8129 -180.224 0.293549 2.64194 -80 2 -25 10 38109 1 
155.115 -28.8129 -180.223 0.293549 2.64194 -80 2 -25 10 38110 1 
155.106 -28.8129 -180.223 0.293549 2.64194 -80 2 -25 10 38111 1 
155.096 -28.8128 -180.222 0.293549 2.64194 -80 2 -25 10 38112 1 
155.086 -28.8128 -180.221 0.293549 2.64194 -80 2 -25 10 38113 1 
155.076 -28.8127 -180.221 0.293549 2.64194 -80 2 -25 10 38114 1 
155.066 -28.8127 -180.22 0.293549 2.64194 -80 2 -25 10 38115 1 
155.057 -28.8127 -180.22 0.293549 2.64194 -80 2 -25 10 38116 1 
155.047 -28.8126 -180.219 0.293549 2.64194 -80 2 -25 10 38117 1 
155.037 -28.8126 -180.219 0.293549 2.64194 -80 2 -25 10 38118 1 
155.027 -28.8126 -180.218 0.293549 2.64194 -80 2 -25 10 38119 1 
155.018 -28.8125 -180.218 0.293549 2.64194 -80 2 -25 10 38120 1 
155.008 -28.8125 -180.217 0.293549 2.64194 -80 2 -25 10 38121 1 
154.998 -28.8124 -180.217 0.293549 2.64194 -80 2 -25 10 38122 1 
154.988 -28.8124 -180.216 0.293549 2.64194 -80 2 -25 10 38123 1 
154.978 -28.8124 -180.216 0.293549 2.64194 -80 2 -25 10 38124 1 
154.969 -28.8123 -180.215 0.293549 2.64194 -80 2 -25 10 38125 1 
154.959 -28.8123 -180.215 0.293549 2.64194 -80 2 -25 10 38126 1 
154.949 -28.8123 -180.214 0.293549 2.64194 -80 2 -25 10 38127 1 
154.939 -28.8122 -180.214 0.293549 2.64194 -80 2 -25 10 38128 1 
154.93 -28.8122 -180.213 0.293549 2.64194 -80 2 -25 10 38129 1 
154.92 -28.8122 -180.213 0.293549 2.64194 -80 2 -25 10 38130 1 
154.91 -28.8121 -180.213 0.293549 2.64194 -80 2 -25 10 38131 1 
154.9 -28.8121 -180.212 0.293549 2.64194 -80 2 -25 10 38132 1 
154.89 -28.812 -180.212 0.293549 2.64194 -80 2 -25 10 38133 1 
154.881 -28.812 -180.211 0.293549 2.64194 -80 2 -25 10 38134 1 
154.871 -28.812 -180.211 0.293549 2.64194 -80 2 -25 10 38135 1 
154.861 -28.8119 -180.211 0.293549 2.64194 -80 2 -25 10 38136 1 
154.851 -28.8119 -180.21 0.293549 2.64194 -80 2 -25 10 38137 1 
154.842 -28.8119 -180.21 0.293549 2.64194 -80 2 -25 10 38138 1 
154.832 -28.8118 -180.209 0.293549 2.64194 -80 2 -25 10 38139 1 
154.822 -28.8118 -180.209 0.293549 2.64194 -80 2 -25 10 38140 1 
154.812 -28.8118 -180.209 0.293549 2.64194 -80 2 -25 10 38141 1 
154.802 -28.8117 -180.208 0.293549 2.64194 -80 2 -25 10 38142 1 
154.793 -28.8117 -180.208 0.293549 2.64194 -80 2 -25 10 38143 1 
154.783 -28.8117 -180.208 0.293549 2.64194 -80 2 -25 10 38144 1 
154.773 -28.8116 -180.207 0.293549 2.64194 -80 2 -25 10 38145 1 
154.763 -28.8116 -180.207 0.293549 2.64194 -80 2 -25 10 38146 1 
154.753 -28.8115 -180.207 0.293549 2.64194 -80 2 -25 10 38147 1 
154.744 -28.8115 -180.206 0.293549 2.64194 -80 2 -25 10 38148 1 
154.734 -28.8115 -180.206 0.293549 2.64194 -80 2 -25 10 38149 1 
154.724 -28.8114 -180.206 0.293549 2.64194 -80 2 -25 10 38150 1 
154.714 -28.8114 -180.205 0.293549 2.64194 -80 2 -25 10 38151 1 
154.705 -28.8114 -180.205 0.293549 2.64194 -80 2 -25 10 38152 1 
154.695 -28.8113 -180.205 0.293549 2.64194 -80 2 -25 10 38153 1 
154.685 -28.8113 -180.205 0.293549 2.64194 -80 2 -25 10 38154 1 
154.675 -28.8113 -180.204 0.293549 2.64194 -80 2 -25 10 38155 1 
154.665 -28.8112 -180.204 0.293549 2.64194 -80 2 -25 10 38156 1 
154.656 -28.8112 -180.204 0.293549 2.64194 -80 2 -25 10 38157 1 
154.646 -28.8112 -180.203 0.293549 2.64194 -80 2 -25 10 38158 1 
154.636 -28.8111 -180.203 0.293549 2.64194 -80 2 -25 10 38159 1 
154.626 -28.8111 -180.203 0.293549 2.64194 -80 2 -25 10 38160 1 
154.617 -28.8111 -180.203 0.293549 2.64194 -80 2 -25 10 38161 1 
154.607 -28.811 -180.202 0.293549 2.64194 -80 2 -25 10 38162 1 
154.597 -28.811 -180.202 0.293549 2.64194 -80 2 -25 10 38163 1 
154.587 -28.811 -180.202 0.293549 2.64194 -80 2 -25 10 38164 1 
154.577 -28.8109 -180.202 0.293549 2.64194 -80 2 -25 10 38165 1 
154.568 -28.8109 -180.201 0.293549 2.64194 -80 2 -25 10 38166 1 
154.558 -28.8109 -180.201 0.293549 2.64194 -80 2 -25 10 38167 1 
154.548 -28.8108 -180.201 0.293549 2.64194 -80 2 -25 10 38168 1 
154.538 -28.8108 -180.201 0.293549 2.64194 -80 2 -25 10 38169 1 
154.529 -28.8108 -180.201 0.293549 2.64194 -80 2 -25 10 38170 1 
154.519 -28.8107 -180.2 0.293549 2.64194 -80 2 -25 10 38171 1 
154.509 -28.8107 -180.2 0.293549 2.64194 -80 2 -25 10 38172 1 
154.499 -28.8106 -180.2 0.293549 2.64194 -80 2 -25 10 38173 1 
154.489 -28.8106 -180.2 0.293549 2.64194 -80 2 -25 10 38174 1 
154.48 -28.8106 -180.2 0.293549 2.64194 -80 2 -25 10 38175 1 
154.47 -28.8105 -180.199 0.293549 2.64194 -80 2 -25 10 38176 1 
154.46 -28.8105 -180.199 0.293549 2.64194 -80 2 -25 10 38177 1 
154.45 -28.8105 -180.199 0.293549 2.64194 -80 2 -25 10 38178 1 
154.441 -28.8104 -180.199 0.293549 2.64194 -80 2 -25 10 38179 1 
154.431 -28.8104 -180.199 0.293549 2.64194 -80 2 -25 10 38180 1 
154.421 -28.8104 -180.198 0.293549 2.64194 -80 2 -25 10 38181 1 
154.411 -28.8103 -180.198 0.293549 2.64194 -80 2 -25 10 38182 1 
154.401 -28.8103 -180.198 0.293549 2.64194 -80 2 -25 10 38183 1 
154.392 -28.8103 -180.198 0.293549 2.64194 -80 2 -25 10 38184 1 
154.382 -28.8102 -180.198 0.293549 2.64194 -80 2 -25 10 38185 1 
154.372 -28.8102 -180.198 0.293549 2.64194 -80 2 -25 10 38186 1 
154.362 -28.8102 -180.197 0.293549 2.64194 -80 2 -25 10 38187 1 
154.352 -28.8101 -180.197 0.293549 2.64194 -80 2 -25 10 38188 1 
154.343 -28.8101 -180.197 0.293549 2.64194 -80 2 -25 10 38189 1 
154.333 -28.8101 -180.197 0.293549 2.64194 -80 2 -25 10 38190 1 
154.323 -28.81 -180.197 0.293549 2.64194 -80 2 -25 10 38191 1 
154.313 -28.81 -180.197 0.293549 2.64194 -80 2 -25 10 38192 1 
154.304 -28.81 -180.197 0.293549 2.64194 -80 2 -25 10 38193 1 
154.294 -28.8099 -180.196 0.293549 2.64194 -80 2 -25 10 38194 1 
154.284 -28.8099 -180.196 0.293549 2.64194 -80 2 -25 10 38195 1 
154.274 -28.8099 -180.196 0.293549 2.64194 -80 2 -25 10 38196 1 
154.264 -28.8098 -180.196 0.293549 2.64194 -80 2 -25 10 38197 1 
154.255 -28.8098 -180.196 0.293549 2.64194 -80 2 -25 10 38198 1 
154.245 -28.8098 -180.196 0.293549 2.64194 -80 2 -25 10 38199 1 
154.235 -28.8097 -180.196 0.293549 2.64194 -80 2 -25 10 38200 1 
154.225 -28.8097 -180.195 0.293549 2.64194 -80 2 -25 10 38201 1 
154.216 -28.8097 -180.195 0.293549 2.64194 -80 2 -25 10 38202 1 
154.206 -28.8096 -180.195 0.293549 2.64194 -80 2 -25 10 38203 1 
154.196 -28.8096 -180.195 0.293549 2.64194 -80 2 -25 10 38204 1 
154.186 -28.8096 -180.195 0.293549 2.64194 -80 2 -25 10 38205 1 
154.176 -28.8095 -180.195 0.293549 2.64194 -80 2 -25 10 38206 1 
154.167 -28.8095 -180.195 0.293549 2.64194 -80 2 -25 10 38207 1 
154.157 -28.8095 -180.195 0.293549 2.64194 -80 2 -25 10 38208 1 
154.147 -28.8094 -180.195 0.293549 2.64194 -80 2 -25 10 38209 1 
154.137 -28.8094 -180.194 0.293549 2.64194 -80 2 -25 10 38210 1 
154.128 -28.8094 -180.194 0.293549 2.64194 -80 2 -25 10 38211 1 
154.118 -28.8093 -180.194 0.293549 2.64194 -80 2 -25 10 38212 1 
154.108 -28.8093 -180.194 0.293549 2.64194 -80 2 -25 10 38213 1 
154.098 -28.8093 -180.194 0.293549 2.64194 -80 2 -25 10 38214 1 
154.088 -28.8092 -180.194 0.293549 2.64194 -80 2 -25 10 38215 1 
154.079 -28.8092 -180.194 0.293549 2.64194 -80 2 -25 10 38216 1 
154.069 -28.8092 -180.194 0.293549 2.64194 -80 2 -25 10 38217 1 
154.059 -28.8091 -180.194 0.293549 2.64194 -80 2 -25 10 38218 1 
154.049 -28.8091 -180.194 0.293549 2.64194 -80 2 -25 10 38219 1 
154.039 -28.8091 -180.193 0.293549 2.64194 -80 2 -25 10 38220 1 
154.03 -28.809 -180.193 0.293549 2.64194 -80 2 -25 10 38221 1 
154.02 -28.809 -180.193 0.293549 2.64194 -80 2 -25 10 38222 1 
154.01 -28.809 -180.193 0.293549 2.64194 -80 2 -25 10 38223 1 
154 -28.8089 -180.193 0.293549 2.64194 -80 2 -25 10 38224 1 
153.991 -28.8089 -180.193 0.293549 2.64194 -80 2 -25 10 38225 1 
153.981 -28.8089 -180.193 0.293549 2.64194 -80 2 -25 10 38226 1 
153.971 -28.8088 -180.193 0.293549 2.64194 -80 2 -25 10 38227 1 
153.961 -28.8088 -180.193 0.293549 2.64194 -80 2 -25 10 38228 1 
153.951 -28.8088 -180.193 0.293549 2.64194 -80 2 -25 10 38229 1 
153.942 -28.8087 -180.193 0.293549 2.64194 -80 2 -25 10 38230 1 
153.932 -28.8087 -180.193 0.293549 2.64194 -80 2 -25 10 38231 1 
153.922 -28.8087 -180.192 0.293549 2.64194 -80 2 -25 10 38232 1 
153.912 -28.8086 -180.192 0.293549 2.64194 -80 2 -25 10 38233 1 
153.903 -28.8086 -180.192 0.293549 2.64194 -80 2 -25 10 38234 1 
153.893 -28.8086 -180.192 0.293549 2.64194 -80 2 -25 10 38235 1 
153.883 -28.8086 -180.192 0.293549 2.64194 -80 2 -25 10 38236 1 
153.873 -28.8085 -180.192 0.293549 2.64194 -80 2 -25 10 38237 1 
153.863 -28.8085 -180.192 0.293549 2.64194 -80 2 -25 10 38238 1 
153.854 -28.8085 -180.192 0.293549 2.64194 -80 2 -25 10 38239 1 
153.844 -28.8084 -180.192 0.293549 2.64194 -80 2 -25 10 38240 1 
153.834 -28.8084 -180.192 0.293549 2.64194 -80 2 -25 10 38241 1 
153.824 -28.8084 -180.192 0.293549 2.64194 -80 2 -25 10 38242 1 
153.815 -28.8083 -180.192 0.293549 2.64194 -80 2 -25 10 38243 1 
153.805 -28.8083 -180.192 0.293549 2.64194 -80 2 -25 10 38244 1 
153.795 -28.8083 -180.192 0.293549 2.64194 -80 2 -25 10 38245 1 
153.785 -28.8082 -180.192 0.293549 2.64194 -80 2 -25 10 38246 1 
153.775 -28.8082 -180.192 0.293549 2.64194 -80 2 -25 10 38247 1 
153.766 -28.8082 -180.191 0.293549 2.64194 -80 2 -25 10 38248 1 
153.756 -28.8081 -180.191 0.293549 2.64194 -80 2 -25 10 38249 1 
153.746 -28.8081 -180.191 0.293549 2.64194 -80 2 -25 10 38250 1 
153.736 -28.8081 -180.191 0.293549 2.64194 -80 2 -25 10 38251 1 
153.727 -28.808 -180.191 0.293549 2.64194 -80 2 -25 10 38252 1 
153.717 -28.808 -180.191 0.293549 2.64194 -80 2 -25 10 38253 1 
153.707 -28.808 -180.191 0.293549 2.64194 -80 2 -25 10 38254 1 
153.697 -28.8079 -180.191 0.293549 2.64194 -80 2 -25 10 38255 1 
153.687 -28.8079 -180.191 0.293549 2.64194 -80 2 -25 10 38256 1 
153.678 -28.8079 -180.191 0.293549 2.64194 -80 2 -25 10 38257 1 
153.668 -28.8078 -180.191 0.293549 2.64194 -80 2 -25 10 38258 1 
153.658 -28.8078 -180.191 0.293549 2.64194 -80 2 -25 10 38259 1 
153.648 -28.8078 -180.191 0.293549 2.64194 -80 2 -25 10 38260 1 
153.638 -28.8077 -180.191 0.293549 2.64194 -80 2 -25 10 38261 1 
153.629 -28.8077 -180.191 0.293549 2.64194 -80 2 -25 10 38262 1 
153.619 -28.8077 -180.191 0.293549 2.64194 -80 2 -25 10 38263 1 
153.609 -28.8076 -180.191 0.293549 2.64194 -80 2 -25 10 38264 1 
153.599 -28.8076 -180.191 0.293549 2.64194 -80 2 -25 10 38265 1 
153.59 -28.8076 -180.191 0.293549 2.64194 -80 2 -25 10 38266 1 
153.58 -28.8075 -180.191 0.293549 2.64194 -80 2 -25 10 38267 1 
153.57 -28.8075 -180.191 0.293549 2.64194 -80 2 -25 10 38268 1 
153.56 -28.8075 -180.191 0.293549 2.64194 -80 2 -25 10 38269 1 
153.55 -28.8074 -180.191 0.293549 2.64194 -80 2 -25 10 38270 1 
153.541 -28.8074 -180.19 0.293549 2.64194 -80 2 -25 10 38271 1 
153.531 -28.8074 -180.19 0.293549 2.64194 -80 2 -25 10 38272 1 
153.521 -28.8074 -180.19 0.293549 2.64194 -80 2 -25 10 38273 1 
153.511 -28.8073 -180.19 0.293549 2.64194 -80 2 -25 10 38274 1 
153.502 -28.8073 -180.19 0.293549 2.64194 -80 2 -25 10 38275 1 
153.492 -28.8073 -180.19 0.293549 2.64194 -80 2 -25 10 38276 1 
153.482 -28.8072 -180.19 0.293549 2.64194 -80 2 -25 10 38277 1 
153.472 -28.8072 -180.19 0.293549 2.64194 -80 2 -25 10 38278 1 
153.462 -28.8072 -180.19 0.293549 2.64194 -80 2 -25 10 38279 1 
153.453 -28.8071 -180.19 0.293549 2.64194 -80 2 -25 10 38280 1 
153.443 -28.8071 -180.19 0.293549 2.64194 -80 2 -25 10 38281 1 
153.433 -28.8071 -180.19 0.293549 2.64194 -80 2 -25 10 38282 1 
153.423 -28.807 -180.19 0.293549 2.64194 -80 2 -25 10 38283 1 
153.414 -28.807 -180.19 0.293549 2.64194 -80 2 -25 10 38284 1 
153.404 -28.807 -180.19 0.293549 2.64194 -80 2 -25 10 38285 1 
153.394 -28.8069 -180.19 0.293549 2.64194 -80 2 -25 10 38286 1 
153.384 -28.8069 -180.19 0.293549 2.64194 -80 2 -25 10 38287 1 
153.374 -28.8069 -180.19 0.293549 2.64194 -80 2 -25 10 38288 1 
153.365 -28.8068 -180.19 0.293549 2.64194 -80 2 -25 10 38289 1 
153.355 -28.8068 -180.19 0.293549 2.64194 -80 2 -25 10 38290 1 
153.345 -28.8068 -180.19 0.293549 2.64194 -80 2 -25 10 38291 1 
153.335 -28.8067 -180.19 0.293549 2.64194 -80 2 -25 10 38292 1 
153.325 -28.8067 -180.19 0.293549 2.64194 -80 2 -25 10 38293 1 
153.316 -28.8067 -180.19 0.293549 2.64194 -80 2 -25 10 38294 1 
153.306 -28.8066 -180.19 0.293549 2.64194 -80 2 -25 10 38295 1 
153.296 -28.8066 -180.19 0.293549 2.64194 -80 2 -25 10 38296 1 
153.286 -28.8066 -180.19 0.293549 2.64194 -80 2 -25 10 38297 1 
153.277 -28.8065 -180.19 0.293549 2.64194 -80 2 -25 10 38298 1 
153.267 -28.8065 -180.19 0.293549 2.64194 -80 2 -25 10 38299 1 
153.257 -28.8065 -180.19 0.293549 2.64194 -80 2 -25 10 38300 1 
153.247 -28.8064 -180.19 0.293549 2.64194 -80 2 -25 10 38301 1 
153.237 -28.8064 -180.19 0.293549 2.64194 -80 2 -25 10 38302 1 
153.228 -28.8064 -180.19 0.293549 2.64194 -80 2 -25 10 38303 1 
153.218 -28.8063 -180.19 0.293549 2.64194 -80 2 -25 10 38304 1 
153.208 -28.8063 -180.19 0.293549 2.64194 -80 2 -25 10 38305 1 
153.198 -28.8063 -180.19 0.293549 2.64194 -80 2 -25 10 38306 1 
153.189 -28.8062 -180.19 0.293549 2.64194 -80 2 -25 10 38307 1 
153.179 -28.8062 -180.19 0.293549 2.64194 -80 2 -25 10 38308 1 
153.169 -28.8062 -180.19 0.293549 2.64194 -80 2 -25 10 38309 1 
153.159 -28.8062 -180.19 0.293549 2.64194 -80 2 -25 10 38310 1 
153.149 -28.8061 -180.19 0.293549 2.64194 -80 2 -25 10 38311 1 
153.14 -28.8061 -180.19 0.293549 2.64194 -80 2 -25 10 38312 1 
153.13 -28.8061 -180.19 0.293549 2.64194 -80 2 -25 10 38313 1 
153.12 -28.806 -180.19 0.293549 2.64194 -80 2 -25 10 38314 1 
153.11 -28.806 -180.19 0.293549 2.64194 -80 2 -25 10 38315 1 
153.101 -28.806 -180.19 0.293549 2.64194 -80 2 -25 10 38316 1 
153.091 -28.8059 -180.189 0.293549 2.64194 -80 2 -25 10 38317 1 
153.081 -28.8059 -180.189 0.293549 2.64194 -80 2 -25 10 38318 1 
153.071 -28.8059 -180.189 0.293549 2.64194 -80 2 -25 10 38319 1 
153.061 -28.8058 -180.189 0.293549 2.64194 -80 2 -25 10 38320 1 
153.052 -28.8058 -180.189 0.293549 2.64194 -80 2 -25 10 38321 1 
153.042 -28.8058 -180.189 0.293549 2.64194 -80 2 -25 10 38322 1 
153.032 -28.8057 -180.189 0.293549 2.64194 -80 2 -25 10 38323 1 
153.022 -28.8057 -180.189 0.293549 2.64194 -80 2 -25 10 38324 1 
153.012 -28.8057 -180.189 0.293549 2.64194 -80 2 -25 10 38325 1 
153.003 -28.8056 -180.189 0.293549 2.64194 -80 2 -25 10 38326 1 
152.993 -28.8056 -180.189 0.293549 2.64194 -80 2 -25 10 38327 1 
152.983 -28.8056 -180.189 0.293549 2.64194 -80 2 -25 10 38328 1 
152.973 -28.8055 -180.189 0.293549 2.64194 -80 2 -25 10 38329 1 
152.964 -28.8055 -180.189 0.293549 2.64194 -80 2 -25 10 38330 1 
152.954 -28.8055 -180.189 0.293549 2.64194 -80 2 -25 10 38331 1 
152.944 -28.8054 -180.189 0.293549 2.64194 -80 2 -25 10 38332 1 
152.934 -28.8054 -180.189 0.293549 2.64194 -80 2 -25 10 38333 1 
152.924 -28.8054 -180.189 0.293549 2.64194 -80 2 -25 10 38334 1 
152.915 -28.8053 -180.189 0.293549 2.64194 -80 2 -25 10 38335 1 
152.905 -28.8053 -180.189 0.293549 2.64194 -80 2 -25 10 38336 1 
152.895 -28.8053 -180.189 0.293549 2.64194 -80 2 -25 10 38337 1 
152.885 -28.8052 -180.189 0.293549 2.64194 -80 2 -25 10 38338 1 
152.876 -28.8052 -180.189 0.293549 2.64194 -80 2 -25 10 38339 1 
152.866 -28.8052 -180.189 0.293549 2.64194 -80 2 -25 10 38340 1 
152.856 -28.8051 -180.189 0.293549 2.64194 -80 2 -25 10 38341 1 
152.846 -28.8051 -180.189 0.293549 2.64194 -80 2 -25 10 38342 1 
152.836 -28.8051 -180.189 0.293549 2.64194 -80 2 -25 10 38343 1 
152.827 -28.805 -180.189 0.293549 2.64194 -80 2 -25 10 38344 1 
152.817 -28.805 -180.189 0.293549 2.64194 -80 2 -25 10 38345 1 
152.807 -28.805 -180.189 0.293549 2.64194 -80 2 -25 10 38346 1 
152.797 -28.805 -180.189 0.293549 2.64194 -80 2 -25 10 38347 1 
152.788 -28.8049 -180.189 0.293549 2.64194 -80 2 -25 10 38348 1 
152.778 -28.8049 -180.189 0.293549 2.64194 -80 2 -25 10 38349 1 
152.768 -28.8049 -180.189 0.293549 2.64194 -80 2 -25 10 38350 1 
152.758 -28.8048 -180.189 0.293549 2.64194 -80 2 -25 10 38351 1 
152.748 -28.8048 -180.189 0.293549 2.64194 -80 2 -25 10 38352 1 
152.739 -28.8048 -180.189 0.293549 2.64194 -80 2 -25 10 38353 1 
152.729 -28.8047 -180.189 0.293549 2.64194 -80 2 -25 10 38354 1 
152.719 -28.8047 -180.189 0.293549 2.64194 -80 2 -25 10 38355 1 
152.709 -28.8047 -180.189 0.293549 2.64194 -80 2 -25 10 38356 1 
152.7 -28.8046 -180.189 0.293549 2.64194 -80 2 -25 10 38357 1 
152.69 -28.8046 -180.189 0.293549 2.64194 -80 2 -25 10 38358 1 
152.68 -28.8046 -180.189 0.293549 2.64194 -80 2 -25 10 38359 1 
152.67 -28.8045 -180.189 0.293549 2.64194 -80 2 -25 10 38360 1 
152.66 -28.8045 -180.189 0.293549 2.64194 -80 2 -25 10 38361 1 
152.651 -28.8045 -180.189 0.293549 2.64194 -80 2 -25 10 38362 1 
152.641 -28.8044 -180.189 0.293549 2.64194 -80 2 -25 10 38363 1 
152.631 -28.8044 -180.189 0.293549 2.64194 -80 2 -25 10 38364 1 
152.621 -28.8044 -180.189 0.293549 2.64194 -80 2 -25 10 38365 1 
152.611 -28.8043 -180.189 0.293549 2.64194 -80 2 -25 10 38366 1 
152.602 -28.8043 -180.189 0.293549 2.64194 -80 2 -25 10 38367 1 
152.592 -28.8043 -180.189 0.293549 2.64194 -80 2 -25 10 38368 1 
152.582 -28.8042 -180.189 0.293549 2.64194 -80 2 -25 10 38369 1 
152.572 -28.8042 -180.189 0.293549 2.64194 -80 2 -25 10 38370 1 
152.563 -28.8042 -180.189 0.293549 2.64194 -80 2 -25 10 38371 1 
152.553 -28.8041 -180.189 0.293549 2.64194 -80 2 -25 10 38372 1 
152.543 -28.8041 -180.189 0.293549 2.64194 -80 2 -25 10 38373 1 
152.533 -28.8041 -180.189 0.293549 2.64194 -80 2 -25 10 38374 1 
152.523 -28.804 -180.189 0.293549 2.64194 -80 2 -25 10 38375 1 
152.514 -28.804 -180.189 0.293549 2.64194 -80 2 -25 10 38376 1 
152.504 -28.804 -180.189 0.293549 2.64194 -80 2 -25 10 38377 1 
152.494 -28.8039 -180.189 0.293549 2.64194 -80 2 -25 10 38378 1 
152.484 -28.8039 -180.189 0.293549 2.64194 -80 2 -25 10 38379 1 
152.475 -28.8039 -180.189 0.293549 2.64194 -80 2 -25 10 38380 1 
152.465 -28.8039 -180.189 0.293549 2.64194 -80 2 -25 10 38381 1 
152.455 -28.8038 -180.189 0.293549 2.64194 -80 2 -25 10 38382 1 
152.445 -28.8038 -180.189 0.293549 2.64194 -80 2 -25 10 38383 1 
152.435 -28.8038 -180.189 0.293549 2.64194 -80 2 -25 10 38384 1 
152.426 -28.8037 -180.189 0.293549 2.64194 -80 2 -25 10 38385 1 
152.416 -28.8037 -180.189 0.293549 2.64194 -80 2 -25 10 38386 1 
152.406 -28.8037 -180.189 0.293549 2.64194 -80 2 -25 10 38387 1 
152.396 -28.8036 -180.189 0.293549 2.64194 -80 2 -25 10 38388 1 
152.387 -28.8036 -180.189 0.293549 2.64194 -80 2 -25 10 38389 1 
152.377 -28.8036 -180.189 0.293549 2.64194 -80 2 -25 10 38390 1 
152.367 -28.8035 -180.189 0.293549 2.64194 -80 2 -25 10 38391 1 
152.357 -28.8035 -180.189 0.293549 2.64194 -80 2 -25 10 38392 1 
152.347 -28.8035 -180.189 0.293549 2.64194 -80 2 -25 10 38393 1 
152.338 -28.8034 -180.189 0.293549 2.64194 -80 2 -25 10 38394 1 
152.328 -28.8034 -180.189 0.293549 2.64194 -80 2 -25 10 38395 1 
152.318 -28.8034 -180.189 0.293549 2.64194 -80 2 -25 10 38396 1 
152.308 -28.8033 -180.189 0.293549 2.64194 -80 2 -25 10 38397 1 
152.298 -28.8033 -180.189 0.293549 2.64194 -80 2 -25 10 38398 1 
152.289 -28.8033 -180.189 0.293549 2.64194 -80 2 -25 10 38399 1 
152.279 -28.8032 -180.189 0.293549 2.64194 -80 2 -25 10 38400 1 
152.269 -28.8032 -180.189 0.293549 2.64194 -80 2 -25 10 38401 1 
152.259 -28.8032 -180.189 0.293549 2.64194 -80 2 -25 10 38402 1 
152.25 -28.8031 -180.189 0.293549 2.64194 -80 2 -25 10 38403 1 
152.24 -28.8031 -180.189 0.293549 2.64194 -80 2 -25 10 38404 1 
152.23 -28.8031 -180.189 0.293549 2.64194 -80 2 -25 10 38405 1 
152.22 -28.803 -180.189 0.293549 2.64194 -80 2 -25 10 38406 1 
152.21 -28.803 -180.189 0.293549 2.64194 -80 2 -25 10 38407 1 
152.201 -28.803 -180.189 0.293549 2.64194 -80 2 -25 10 38408 1 
152.191 -28.8029 -180.189 0.293549 2.64194 -80 2 -25 10 38409 1 
152.181 -28.8029 -180.189 0.293549 2.64194 -80 2 -25 10 38410 1 
152.171 -28.8029 -180.189 0.293549 2.64194 -80 2 -25 10 38411 1 
152.162 -28.8028 -180.189 0.293549 2.64194 -80 2 -25 10 38412 1 
152.152 -28.8028 -180.189 0.293549 2.64194 -80 2 -25 10 38413 1 
152.142 -28.8028 -180.189 0.293549 2.64194 -80 2 -25 10 38414 1 
152.132 -28.8027 -180.189 0.293549 2.64194 -80 2 -25 10 38415 1 
152.122 -28.8027 -180.189 0.293549 2.64194 -80 2 -25 10 38416 1 
152.113 -28.8027 -180.189 0.293549 2.64194 -80 2 -25 10 38417 1 
152.103 -28.8027 -180.189 0.293549 2.64194 -80 2 -25 10 38418 1 
152.093 -28.8026 -180.189 0.293549 2.64194 -80 2 -25 10 38419 1 
152.083 -28.8026 -180.189 0.293549 2.64194 -80 2 -25 10 38420 1 
152.074 -28.8026 -180.189 0.293549 2.64194 -80 2 -25 10 38421 1 
152.064 -28.8025 -180.189 0.293549 2.64194 -80 2 -25 10 38422 1 
152.054 -28.8025 -180.189 0.293549 2.64194 -80 2 -25 10 38423 1 
152.044 -28.8025 -180.189 0.293549 2.64194 -80 2 -25 10 38424 1 
152.034 -28.8024 -180.189 0.293549 2.64194 -80 2 -25 10 38425 1 
152.025 -28.8024 -180.189 0.293549 2.64194 -80 2 -25 10 38426 1 
152.015 -28.8024 -180.189 0.293549 2.64194 -80 2 -25 10 38427 1 
152.005 -28.8023 -180.189 0.293549 2.64194 -80 2 -25 10 38428 1 
151.995 -28.8023 -180.189 0.293549 2.64194 -80 2 -25 10 38429 1 
151.986 -28.8023 -180.189 0.293549 2.64194 -80 2 -25 10 38430 1 
151.976 -28.8022 -180.189 0.293549 2.64194 -80 2 -25 10 38431 1 
151.966 -28.8022 -180.189 0.293549 2.64194 -80 2 -25 10 38432 1 
151.956 -28.8022 -180.189 0.293549 2.64194 -80 2 -25 10 38433 1 
151.946 -28.8021 -180.189 0.293549 2.64194 -80 2 -25 10 38434 1 
151.937 -28.8021 -180.189 0.293549 2.64194 -80 2 -25 10 38435 1 
151.927 -28.8021 -180.189 0.293549 2.64194 -80 2 -25 10 38436 1 
151.917 -28.802 -180.189 0.293549 2.64194 -80 2 -25 10 38437 1 
151.907 -28.802 -180.189 0.293549 2.64194 -80 2 -25 10 38438 1 
151.897 -28.802 -180.189 0.293549 2.64194 -80 2 -25 10 38439 1 
151.888 -28.8019 -180.189 0.293549 2.64194 -80 2 -25 10 38440 1 
151.878 -28.8019 -180.189 0.293549 2.64194 -80 2 -25 10 38441 1 
151.868 -28.8019 -180.189 0.293549 2.64194 -80 2 -25 10 38442 1 
151.858 -28.8018 -180.189 0.293549 2.64194 -80 2 -25 10 38443 1 
151.849 -28.8018 -180.189 0.293549 2.64194 -80 2 -25 10 38444 1 
151.839 -28.8018 -180.189 0.293549 2.64194 -80 2 -25 10 38445 1 
151.829 -28.8017 -180.189 0.293549 2.64194 -80 2 -25 10 38446 1 
151.819 -28.8017 -180.189 0.293549 2.64194 -80 2 -25 10 38447 1 
151.809 -28.8017 -180.189 0.293549 2.64194 -80 2 -25 10 38448 1 
151.8 -28.8016 -180.189 0.293549 2.64194 -80 2 -25 10 38449 1 
151.79 -28.8016 -180.189 0.293549 2.64194 -80 2 -25 10 38450 1 
151.78 -28.8016 -180.189 0.293549 2.64194 -80 2 -25 10 38451 1 
151.77 -28.8015 -180.189 0.293549 2.64194 -80 2 -25 10 38452 1 
151.761 -28.8015 -180.189 0.293549 2.64194 -80 2 -25 10 38453 1 
151.751 -28.8015 -180.189 0.293549 2.64194 -80 2 -25 10 38454 1 
151.741 -28.8015 -180.189 0.293549 2.64194 -80 2 -25 10 38455 1 
151.731 -28.8014 -180.189 0.293549 2.64194 -80 2 -25 10 38456 1 
151.721 -28.8014 -180.189 0.293549 2.64194 -80 2 -25 10 38457 1 
151.712 -28.8014 -180.189 0.293549 2.64194 -80 2 -25 10 38458 1 
151.702 -28.8013 -180.189 0.293549 2.64194 -80 2 -25 10 38459 1 
151.692 -28.8013 -180.189 0.293549 2.64194 -80 2 -25 10 38460 1 
151.682 -28.8013 -180.189 0.293549 2.64194 -80 2 -25 10 38461 1 
151.673 -28.8012 -180.189 0.293549 2.64194 -80 2 -25 10 38462 1 
151.663 -28.8012 -180.189 0.293549 2.64194 -80 2 -25 10 38463 1 
151.653 -28.8012 -180.189 0.293549 2.64194 -80 2 -25 10 38464 1 
151.643 -28.8011 -180.189 0.293549 2.64194 -80 2 -25 10 38465 1 
151.633 -28.8011 -180.189 0.293549 2.64194 -80 2 -25 10 38466 1 
151.624 -28.8011 -180.189 0.293549 2.64194 -80 2 -25 10 38467 1 
151.614 -28.801 -180.189 0.293549 2.64194 -80 2 -25 10 38468 1 
151.604 -28.801 -180.189 0.293549 2.64194 -80 2 -25 10 38469 1 
151.594 -28.801 -180.189 0.293549 2.64194 -80 2 -25 10 38470 1 
151.584 -28.8009 -180.189 0.293549 2.64194 -80 2 -25 10 38471 1 
151.575 -28.8009 -180.189 0.293549 2.64194 -80 2 -25 10 38472 1 
151.565 -28.8009 -180.189 0.293549 2.64194 -80 2 -25 10 38473 1 
151.555 -28.8008 -180.189 0.293549 2.64194 -80 2 -25 10 38474 1 
151.545 -28.8008 -180.189 0.293549 2.64194 -80 2 -25 10 38475 1 
151.536 -28.8008 -180.189 0.293549 2.64194 -80 2 -25 10 38476 1 
151.526 -28.8007 -180.189 0.293549 2.64194 -80 2 -25 10 38477 1 
151.516 -28.8007 -180.189 0.293549 2.64194 -80 2 -25 10 38478 1 
151.506 -28.8007 -180.189 0.293549 2.64194 -80 2 -25 10 38479 1 
151.496 -28.8006 -180.189 0.293549 2.64194 -80 2 -25 10 38480 1 
151.487 -28.8006 -180.189 0.293549 2.64194 -80 2 -25 10 38481 1 
151.477 -28.8006 -180.189 0.293549 2.64194 -80 2 -25 10 38482 1 
151.467 -28.8005 -180.189 0.293549 2.64194 -80 2 -25 10 38483 1 
151.457 -28.8005 -180.189 0.293549 2.64194 -80 2 -25 10 38484 1 
151.448 -28.8005 -180.189 0.293549 2.64194 -80 2 -25 10 38485 1 
151.438 -28.8004 -180.189 0.293549 2.64194 -80 2 -25 10 38486 1 
151.428 -28.8004 -180.189 0.293549 2.64194 -80 2 -25 10 38487 1 
151.418 -28.8004 -180.189 0.293549 2.64194 -80 2 -25 10 38488 1 
151.408 -28.8003 -180.189 0.293549 2.64194 -80 2 -25 10 38489 1 
151.399 -28.8003 -180.189 0.293549 2.64194 -80 2 -25 10 38490 1 
151.389 -28.8003 -180.189 0.293549 2.64194 -80 2 -25 10 38491 1 
151.379 -28.8003 -180.189 0.293549 2.64194 -80 2 -25 10 38492 1 
151.369 -28.8002 -180.189 0.293549 2.64194 -80 2 -25 10 38493 1 
151.36 -28.8002 -180.189 0.293549 2.64194 -80 2 -25 10 38494 1 
151.35 -28.8002 -180.189 0.293549 2.64194 -80 2 -25 10 38495 1 
151.34 -28.8001 -180.189 0.293549 2.64194 -80 2 -25 10 38496 1 
151.33 -28.8001 -180.189 0.293549 2.64194 -80 2 -25 10 38497 1 
151.32 -28.8001 -180.189 0.293549 2.64194 -80 2 -25 10 38498 1 
151.311 -28.8 -180.189 0.293549 2.64194 -80 2 -25 10 38499 1 
151.301 -28.8 -180.189 0.293549 2.64194 -80 2 -25 10 38500 1 
151.291 -28.8 -180.189 0.293549 2.64194 -80 2 -25 10 38501 1 
151.281 -28.7999 -180.189 0.293549 2.64194 -80 2 -25 10 38502 1 
151.271 -28.7999 -180.189 0.293549 2.64194 -80 2 -25 10 38503 1 
151.262 -28.7999 -180.189 0.293549 2.64194 -80 2 -25 10 38504 1 
151.252 -28.7998 -180.189 0.293549 2.64194 -80 2 -25 10 38505 1 
151.242 -28.7998 -180.189 0.293549 2.64194 -80 2 -25 10 38506 1 
151.232 -28.7998 -180.189 0.293549 2.64194 -80 2 -25 10 38507 1 
151.223 -28.7997 -180.189 0.293549 2.64194 -80 2 -25 10 38508 1 
151.213 -28.7997 -180.189 0.293549 2.64194 -80 2 -25 10 38509 1 
151.203 -28.7997 -180.19 0.293549 2.64194 -80 2 -25 10 38510 1 
151.193 -28.7996 -180.19 0.293549 2.64194 -80 2 -25 10 38511 1 
151.183 -28.7996 -180.19 0.293549 2.64194 -80 2 -25 10 38512 1 
151.174 -28.7996 -180.19 0.293549 2.64194 -80 2 -25 10 38513 1 
151.164 -28.7995 -180.19 0.293549 2.64194 -80 2 -25 10 38514 1 
151.154 -28.7995 -180.19 0.293549 2.64194 -80 2 -25 10 38515 1 
151.144 -28.7995 -180.19 0.293549 2.64194 -80 2 -25 10 38516 1 
151.135 -28.7994 -180.19 0.293549 2.64194 -80 2 -25 10 38517 1 
151.125 -28.7994 -180.19 0.293549 2.64194 -80 2 -25 10 38518 1 
151.115 -28.7994 -180.19 0.293549 2.64194 -80 2 -25 10 38519 1 
151.105 -28.7993 -180.19 0.293549 2.64194 -80 2 -25 10 38520 1 
151.095 -28.7993 -180.19 0.293549 2.64194 -80 2 -25 10 38521 1 
151.086 -28.7993 -180.19 0.293549 2.64194 -80 2 -25 10 38522 1 
151.076 -28.7992 -180.19 0.293549 2.64194 -80 2 -25 10 38523 1 
151.066 -28.7992 -180.19 0.293549 2.64194 -80 2 -25 10 38524 1 
151.056 -28.7992 -180.19 0.293549 2.64194 -80 2 -25 10 38525 1 
151.047 -28.7991 -180.19 0.293549 2.64194 -80 2 -25 10 38526 1 
151.037 -28.7991 -180.19 0.293549 2.64194 -80 2 -25 10 38527 1 
151.027 -28.7991 -180.19 0.293549 2.64194 -80 2 -25 10 38528 1 
151.017 -28.7991 -180.19 0.293549 2.64194 -80 2 -25 10 38529 1 
151.007 -28.799 -180.19 0.293549 2.64194 -80 2 -25 10 38530 1 
150.998 -28.799 -180.19 0.293549 2.64194 -80 2 -25 10 38531 1 
150.988 -28.799 -180.19 0.293549 2.64194 -80 2 -25 10 38532 1 
150.978 -28.7989 -180.19 0.293549 2.64194 -80 2 -25 10 38533 1 
150.968 -28.7989 -180.19 0.293549 2.64194 -80 2 -25 10 38534 1 
150.959 -28.7989 -180.19 0.293549 2.64194 -80 2 -25 10 38535 1 
150.949 -28.7988 -180.19 0.293549 2.64194 -80 2 -25 10 38536 1 
150.939 -28.7988 -180.19 0.293549 2.64194 -80 2 -25 10 38537 1 
150.929 -28.7988 -180.19 0.293549 2.64194 -80 2 -25 10 38538 1 
150.919 -28.7987 -180.19 0.293549 2.64194 -80 2 -25 10 38539 1 
150.91 -28.7987 -180.19 0.293549 2.64194 -80 2 -25 10 38540 1 
150.9 -28.7987 -180.19 0.293549 2.64194 -80 2 -25 10 38541 1 
150.89 -28.7986 -180.19 0.293549 2.64194 -80 2 -25 10 38542 1 
150.88 -28.7986 -180.19 0.293549 2.64194 -80 2 -25 10 38543 1 
150.87 -28.7986 -180.19 0.293549 2.64194 -80 2 -25 10 38544 1 
150.861 -28.7985 -180.19 0.293549 2.64194 -80 2 -25 10 38545 1 
150.851 -28.7985 -180.19 0.293549 2.64194 -80 2 -25 10 38546 1 
150.841 -28.7985 -180.19 0.293549 2.64194 -80 2 -25 10 38547 1 
150.831 -28.7984 -180.19 0.293549 2.64194 -80 2 -25 10 38548 1 
150.822 -28.7984 -180.19 0.293549 2.64194 -80 2 -25 10 38549 1 
150.812 -28.7984 -180.19 0.293549 2.64194 -80 2 -25 10 38550 1 
150.802 -28.7983 -180.19 0.293549 2.64194 -80 2 -25 10 38551 1 
150.792 -28.7983 -180.19 0.293549 2.64194 -80 2 -25 10 38552 1 
150.782 -28.7983 -180.19 0.293549 2.64194 -80 2 -25 10 38553 1 
150.773 -28.7982 -180.19 0.293549 2.64194 -80 2 -25 10 38554 1 
150.763 -28.7982 -180.19 0.293549 2.64194 -80 2 -25 10 38555 1 
150.753 -28.7982 -180.19 0.293549 2.64194 -80 2 -25 10 38556 1 
150.743 -28.7981 -180.19 0.293549 2.64194 -80 2 -25 10 38557 1 
150.734 -28.7981 -180.19 0.293549 2.64194 -80 2 -25 10 38558 1 
150.724 -28.7981 -180.19 0.293549 2.64194 -80 2 -25 10 38559 1 
150.714 -28.798 -180.19 0.293549 2.64194 -80 2 -25 10 38560 1 
150.704 -28.798 -180.19 0.293549 2.64194 -80 2 -25 10 38561 1 
150.694 -28.798 -180.19 0.293549 2.64194 -80 2 -25 10 38562 1 
150.685 -28.7979 -180.19 0.293549 2.64194 -80 2 -25 10 38563 1 
150.675 -28.7979 -180.19 0.293549 2.64194 -80 2 -25 10 38564 1 
150.665 -28.7979 -180.19 0.293549 2.64194 -80 2 -25 10 38565 1 
150.655 -28.7979 -180.19 0.293549 2.64194 -80 2 -25 10 38566 1 
150.646 -28.7978 -180.19 0.293549 2.64194 -80 2 -25 10 38567 1 
150.636 -28.7978 -180.19 0.293549 2.64194 -80 2 -25 10 38568 1 
150.626 -28.7978 -180.19 0.293549 2.64194 -80 2 -25 10 38569 1 
150.616 -28.7977 -180.19 0.293549 2.64194 -80 2 -25 10 38570 1 
150.606 -28.7977 -180.19 0.293549 2.64194 -80 2 -25 10 38571 1 
150.597 -28.7977 -180.19 0.293549 2.64194 -80 2 -25 10 38572 1 
150.587 -28.7976 -180.19 0.293549 2.64194 -80 2 -25 10 38573 1 
150.577 -28.7976 -180.19 0.293549 2.64194 -80 2 -25 10 38574 1 
150.567 -28.7976 -180.19 0.293549 2.64194 -80 2 -25 10 38575 1 
150.557 -28.7975 -180.19 0.293549 2.64194 -80 2 -25 10 38576 1 
150.548 -28.7975 -180.19 0.293549 2.64194 -80 2 -25 10 38577 1 
150.538 -28.7975 -180.19 0.293549 2.64194 -80 2 -25 10 38578 1 
150.528 -28.7974 -180.19 0.293549 2.64194 -80 2 -25 10 38579 1 
150.518 -28.7974 -180.19 0.293549 2.64194 -80 2 -25 10 38580 1 
150.509 -28.7974 -180.19 0.293549 2.64194 -80 2 -25 10 38581 1 
150.499 -28.7973 -180.19 0.293549 2.64194 -80 2 -25 10 38582 1 
150.489 -28.7973 -180.19 0.293549 2.64194 -80 2 -25 10 38583 1 
150.479 -28.7973 -180.19 0.293549 2.64194 -80 2 -25 10 38584 1 
150.469 -28.7972 -180.19 0.293549 2.64194 -80 2 -25 10 38585 1 
150.46 -28.7972 -180.19 0.293549 2.64194 -80 2 -25 10 38586 1 
150.45 -28.7972 -180.19 0.293549 2.64194 -80 2 -25 10 38587 1 
150.44 -28.7971 -180.19 0.293549 2.64194 -80 2 -25 10 38588 1 
150.43 -28.7971 -180.19 0.293549 2.64194 -80 2 -25 10 38589 1 
150.421 -28.7971 -180.19 0.293549 2.64194 -80 2 -25 10 38590 1 
150.411 -28.797 -180.19 0.293549 2.64194 -80 2 -25 10 38591 1 
150.401 -28.797 -180.19 0.293549 2.64194 -80 2 -25 10 38592 1 
150.391 -28.797 -180.19 0.293549 2.64194 -80 2 -25 10 38593 1 
150.381 -28.7969 -180.19 0.293549 2.64194 -80 2 -25 10 38594 1 
150.372 -28.7969 -180.19 0.293549 2.64194 -80 2 -25 10 38595 1 
150.362 -28.7969 -180.19 0.293549 2.64194 -80 2 -25 10 38596 1 
150.352 -28.7968 -180.19 0.293549 2.64194 -80 2 -25 10 38597 1 
150.342 -28.7968 -180.19 0.293549 2.64194 -80 2 -25 10 38598 1 
150.333 -28.7968 -180.19 0.293549 2.64194 -80 2 -25 10 38599 1 
150.323 -28.7967 -180.19 0.293549 2.64194 -80 2 -25 10 38600 1 
150.313 -28.7967 -180.19 0.293549 2.64194 -80 2 -25 10 38601 1 
150.303 -28.7967 -180.19 0.293549 2.64194 -80 2 -25 10 38602 1 
150.293 -28.7967 -180.19 0.293549 2.64194 -80 2 -25 10 38603 1 
150.284 -28.7966 -180.19 0.293549 2.64194 -80 2 -25 10 38604 1 
150.274 -28.7966 -180.19 0.293549 2.64194 -80 2 -25 10 38605 1 
150.264 -28.7966 -180.19 0.293549 2.64194 -80 2 -25 10 38606 1 
150.254 -28.7965 -180.19 0.293549 2.64194 -80 2 -25 10 38607 1 
150.245 -28.7965 -180.19 0.293549 2.64194 -80 2 -25 10 38608 1 
150.235 -28.7965 -180.19 0.293549 2.64194 -80 2 -25 10 38609 1 
150.225 -28.7964 -180.19 0.293549 2.64194 -80 2 -25 10 38610 1 
150.215 -28.7964 -180.19 0.293549 2.64194 -80 2 -25 10 38611 1 
150.205 -28.7964 -180.19 0.293549 2.64194 -80 2 -25 10 38612 1 
150.196 -28.7963 -180.19 0.293549 2.64194 -80 2 -25 10 38613 1 
150.186 -28.7963 -180.19 0.293549 2.64194 -80 2 -25 10 38614 1 
150.176 -28.7963 -180.19 0.293549 2.64194 -80 2 -25 10 38615 1 
150.166 -28.7962 -180.19 0.293549 2.64194 -80 2 -25 10 38616 1 
150.156 -28.7962 -180.19 0.293549 2.64194 -80 2 -25 10 38617 1 
150.147 -28.7962 -180.19 0.293549 2.64194 -80 2 -25 10 38618 1 
150.137 -28.7961 -180.19 0.293549 2.64194 -80 2 -25 10 38619 1 
150.127 -28.7961 -180.19 0.293549 2.64194 -80 2 -25 10 38620 1 
150.117 -28.7961 -180.19 0.293549 2.64194 -80 2 -25 10 38621 1 
150.108 -28.796 -180.19 0.293549 2.64194 -80 2 -25 10 38622 1 
150.098 -28.796 -180.19 0.293549 2.64194 -80 2 -25 10 38623 1 
150.088 -28.796 -180.19 0.293549 2.64194 -80 2 -25 10 38624 1 
150.078 -28.7959 -180.19 0.293549 2.64194 -80 2 -25 10 38625 1 
150.068 -28.7959 -180.19 0.293549 2.64194 -80 2 -25 10 38626 1 
150.059 -28.7959 -180.19 0.293549 2.64194 -80 2 -25 10 38627 1 
150.049 -28.7958 -180.19 0.293549 2.64194 -80 2 -25 10 38628 1 
150.039 -28.7958 -180.19 0.293549 2.64194 -80 2 -25 10 38629 1 
150.029 -28.7958 -180.19 0.293549 2.64194 -80 2 -25 10 38630 1 
150.02 -28.7957 -180.19 0.293549 2.64194 -80 2 -25 10 38631 1 
150.01 -28.7957 -180.19 0.293549 2.64194 -80 2 -25 10 38632 1 
150 -28.7957 -180.19 0.293549 2.64194 -80 2 -25 10 38633 1 
149.99 -28.7956 -180.19 0.293549 2.64194 -80 2 -25 10 38634 1 
149.98 -28.7956 -180.19 0.293549 2.64194 -80 2 -25 10 38635 1 
149.971 -28.7956 -180.19 0.293549 2.64194 -80 2 -25 10 38636 1 
149.961 -28.7955 -180.19 0.293549 2.64194 -80 2 -25 10 38637 1 
149.951 -28.7955 -180.19 0.293549 2.64194 -80 2 -25 10 38638 1 
149.941 -28.7955 -180.19 0.293549 2.64194 -80 2 -25 10 38639 1 
149.932 -28.7955 -180.19 0.293549 2.64194 -80 2 -25 10 38640 1 
149.922 -28.7954 -180.19 0.293549 2.64194 -80 2 -25 10 38641 1 
149.912 -28.7954 -180.19 0.293549 2.64194 -80 2 -25 10 38642 1 
149.902 -28.7954 -180.19 0.293549 2.64194 -80 2 -25 10 38643 1 
149.892 -28.7953 -180.19 0.293549 2.64194 -80 2 -25 10 38644 1 
149.883 -28.7953 -180.19 0.293549 2.64194 -80 2 -25 10 38645 1 
149.873 -28.7953 -180.19 0.293549 2.64194 -80 2 -25 10 38646 1 
149.863 -28.7952 -180.19 0.293549 2.64194 -80 2 -25 10 38647 1 
149.853 -28.7952 -180.19 0.293549 2.64194 -80 2 -25 10 38648 1 
149.843 -28.7952 -180.19 0.293549 2.64194 -80 2 -25 10 38649 1 
149.834 -28.7951 -180.19 0.293549 2.64194 -80 2 -25 10 38650 1 
149.824 -28.7951 -180.19 0.293549 2.64194 -80 2 -25 10 38651 1 
149.814 -28.7951 -180.19 0.293549 2.64194 -80 2 -25 10 38652 1 
149.804 -28.795 -180.19 0.293549 2.64194 -80 2 -25 10 38653 1 
149.795 -28.795 -180.19 0.293549 2.64194 -80 2 -25 10 38654 1 
149.785 -28.795 -180.19 0.293549 2.64194 -80 2 -25 10 38655 1 
149.775 -28.7949 -180.19 0.293549 2.64194 -80 2 -25 10 38656 1 
149.765 -28.7949 -180.19 0.293549 2.64194 -80 2 -25 10 38657 1 
149.755 -28.7949 -180.19 0.293549 2.64194 -80 2 -25 10 38658 1 
149.746 -28.7948 -180.19 0.293549 2.64194 -80 2 -25 10 38659 1 
149.736 -28.7948 -180.19 0.293549 2.64194 -80 2 -25 10 38660 1 
149.726 -28.7948 -180.19 0.293549 2.64194 -80 2 -25 10 38661 1 
149.716 -28.7947 -180.191 0.293549 2.64194 -80 2 -25 10 38662 1 
149.707 -28.7947 -180.191 0.293549 2.64194 -80 2 -25 10 38663 1 
149.697 -28.7947 -180.191 0.293549 2.64194 -80 2 -25 10 38664 1 
149.687 -28.7946 -180.191 0.293549 2.64194 -80 2 -25 10 38665 1 
149.677 -28.7946 -180.191 0.293549 2.64194 -80 2 -25 10 38666 1 
149.667 -28.7946 -180.191 0.293549 2.64194 -80 2 -25 10 38667 1 
149.658 -28.7945 -180.191 0.293549 2.64194 -80 2 -25 10 38668 1 
149.648 -28.7945 -180.191 0.293549 2.64194 -80 2 -25 10 38669 1 
149.638 -28.7945 -180.191 0.293549 2.64194 -80 2 -25 10 38670 1 
149.628 -28.7944 -180.191 0.293549 2.64194 -80 2 -25 10 38671 1 
149.619 -28.7944 -180.191 0.293549 2.64194 -80 2 -25 10 38672 1 
149.609 -28.7944 -180.191 0.293549 2.64194 -80 2 -25 10 38673 1 
149.599 -28.7943 -180.191 0.293549 2.64194 -80 2 -25 10 38674 1 
149.589 -28.7943 -180.191 0.293549 2.64194 -80 2 -25 10 38675 1 
149.579 -28.7943 -180.191 0.293549 2.64194 -80 2 -25 10 38676 1 
149.57 -28.7943 -180.191 0.293549 2.64194 -80 2 -25 10 38677 1 
149.56 -28.7942 -180.191 0.293549 2.64194 -80 2 -25 10 38678 1 
149.55 -28.7942 -180.191 0.293549 2.64194 -80 2 -25 10 38679 1 
149.54 -28.7942 -180.191 0.293549 2.64194 -80 2 -25 10 38680 1 
149.531 -28.7941 -180.191 0.293549 2.64194 -80 2 -25 10 38681 1 
149.521 -28.7941 -180.191 0.293549 2.64194 -80 2 -25 10 38682 1 
149.511 -28.7941 -180.191 0.293549 2.64194 -80 2 -25 10 38683 1 
149.501 -28.794 -180.191 0.293549 2.64194 -80 2 -25 10 38684 1 
149.491 -28.794 -180.191 0.293549 2.64194 -80 2 -25 10 38685 1 
149.482 -28.794 -180.191 0.293549 2.64194 -80 2 -25 10 38686 1 
149.472 -28.7939 -180.191 0.293549 2.64194 -80 2 -25 10 38687 1 
149.462 -28.7939 -180.191 0.293549 2.64194 -80 2 -25 10 38688 1 
149.452 -28.7939 -180.191 0.293549 2.64194 -80 2 -25 10 38689 1 
149.442 -28.7938 -180.191 0.293549 2.64194 -80 2 -25 10 38690 1 
149.433 -28.7938 -180.191 0.293549 2.64194 -80 2 -25 10 38691 1 
149.423 -28.7938 -180.191 0.293549 2.64194 -80 2 -25 10 38692 1 
149.413 -28.7937 -180.191 0.293549 2.64194 -80 2 -25 10 38693 1 
149.403 -28.7937 -180.191 0.293549 2.64194 -80 2 -25 10 38694 1 
149.394 -28.7937 -180.191 0.293549 2.64194 -80 2 -25 10 38695 1 
149.384 -28.7936 -180.191 0.293549 2.64194 -80 2 -25 10 38696 1 
149.374 -28.7936 -180.191 0.293549 2.64194 -80 2 -25 10 38697 1 
149.364 -28.7936 -180.191 0.293549 2.64194 -80 2 -25 10 38698 1 
149.354 -28.7935 -180.191 0.293549 2.64194 -80 2 -25 10 38699 1 
149.345 -28.7935 -180.191 0.293549 2.64194 -80 2 -25 10 38700 1 
149.335 -28.7935 -180.191 0.293549 2.64194 -80 2 -25 10 38701 1 
149.325 -28.7934 -180.191 0.293549 2.64194 -80 2 -25 10 38702 1 
149.315 -28.7934 -180.191 0.293549 2.64194 -80 2 -25 10 38703 1 
149.306 -28.7934 -180.191 0.293549 2.64194 -80 2 -25 10 38704 1 
149.296 -28.7933 -180.191 0.293549 2.64194 -80 2 -25 10 38705 1 
149.286 -28.7933 -180.191 0.293549 2.64194 -80 2 -25 10 38706 1 
149.276 -28.7933 -180.191 0.293549 2.64194 -80 2 -25 10 38707 1 
149.266 -28.7932 -180.191 0.293549 2.64194 -80 2 -25 10 38708 1 
149.257 -28.7932 -180.191 0.293549 2.64194 -80 2 -25 10 38709 1 
149.247 -28.7932 -180.191 0.293549 2.64194 -80 2 -25 10 38710 1 
149.237 -28.7931 -180.191 0.293549 2.64194 -80 2 -25 10 38711 1 
149.227 -28.7931 -180.191 0.293549 2.64194 -80 2 -25 10 38712 1 
149.218 -28.7931 -180.191 0.293549 2.64194 -80 2 -25 10 38713 1 
149.208 -28.7931 -180.191 0.293549 2.64194 -80 2 -25 10 38714 1 
149.198 -28.793 -180.191 0.293549 2.64194 -80 2 -25 10 38715 1 
149.188 -28.793 -180.191 0.293549 2.64194 -80 2 -25 10 38716 1 
149.178 -28.793 -180.191 0.293549 2.64194 -80 2 -25 10 38717 1 
149.169 -28.7929 -180.191 0.293549 2.64194 -80 2 -25 10 38718 1 
149.159 -28.7929 -180.191 0.293549 2.64194 -80 2 -25 10 38719 1 
149.149 -28.7929 -180.191 0.293549 2.64194 -80 2 -25 10 38720 1 
149.139 -28.7928 -180.191 0.293549 2.64194 -80 2 -25 10 38721 1 
149.129 -28.7928 -180.191 0.293549 2.64194 -80 2 -25 10 38722 1 
149.12 -28.7928 -180.191 0.293549 2.64194 -80 2 -25 10 38723 1 
149.11 -28.7927 -180.191 0.293549 2.64194 -80 2 -25 10 38724 1 
149.1 -28.7927 -180.191 0.293549 2.64194 -80 2 -25 10 38725 1 
149.09 -28.7927 -180.191 0.293549 2.64194 -80 2 -25 10 38726 1 
149.081 -28.7926 -180.191 0.293549 2.64194 -80 2 -25 10 38727 1 
149.071 -28.7926 -180.191 0.293549 2.64194 -80 2 -25 10 38728 1 
149.061 -28.7926 -180.191 0.293549 2.64194 -80 2 -25 10 38729 1 
149.051 -28.7925 -180.191 0.293549 2.64194 -80 2 -25 10 38730 1 
149.041 -28.7925 -180.191 0.293549 2.64194 -80 2 -25 10 38731 1 
149.032 -28.7925 -180.191 0.293549 2.64194 -80 2 -25 10 38732 1 
149.022 -28.7924 -180.191 0.293549 2.64194 -80 2 -25 10 38733 1 
149.012 -28.7924 -180.191 0.293549 2.64194 -80 2 -25 10 38734 1 
149.002 -28.7924 -180.191 0.293549 2.64194 -80 2 -25 10 38735 1 
148.993 -28.7923 -180.191 0.293549 2.64194 -80 2 -25 10 38736 1 
148.983 -28.7923 -180.191 0.293549 2.64194 -80 2 -25 10 38737 1 
148.973 -28.7923 -180.191 0.293549 2.64194 -80 2 -25 10 38738 1 
148.963 -28.7922 -180.191 0.293549 2.64194 -80 2 -25 10 38739 1 
148.953 -28.7922 -180.191 0.293549 2.64194 -80 2 -25 10 38740 1 
148.944 -28.7922 -180.191 0.293549 2.64194 -80 2 -25 10 38741 1 
148.934 -28.7921 -180.191 0.293549 2.64194 -80 2 -25 10 38742 1 
148.924 -28.7921 -180.191 0.293549 2.64194 -80 2 -25 10 38743 1 
148.914 -28.7921 -180.191 0.293549 2.64194 -80 2 -25 10 38744 1 
148.905 -28.792 -180.191 0.293549 2.64194 -80 2 -25 10 38745 1 
148.895 -28.792 -180.191 0.293549 2.64194 -80 2 -25 10 38746 1 
148.885 -28.792 -180.191 0.293549 2.64194 -80 2 -25 10 38747 1 
148.875 -28.792 -180.191 0.293549 2.64194 -80 2 -25 10 38748 1 
148.865 -28.7919 -180.191 0.293549 2.64194 -80 2 -25 10 38749 1 
148.856 -28.7919 -180.191 0.293549 2.64194 -80 2 -25 10 38750 1 
148.846 -28.7919 -180.191 0.293549 2.64194 -80 2 -25 10 38751 1 
148.836 -28.7918 -180.191 0.293549 2.64194 -80 2 -25 10 38752 1 
148.826 -28.7918 -180.191 0.293549 2.64194 -80 2 -25 10 38753 1 
148.816 -28.7918 -180.191 0.293549 2.64194 -80 2 -25 10 38754 1 
148.807 -28.7917 -180.191 0.293549 2.64194 -80 2 -25 10 38755 1 
148.797 -28.7917 -180.191 0.293549 2.64194 -80 2 -25 10 38756 1 
148.787 -28.7917 -180.191 0.293549 2.64194 -80 2 -25 10 38757 1 
148.777 -28.7916 -180.191 0.293549 2.64194 -80 2 -25 10 38758 1 
148.768 -28.7916 -180.191 0.293549 2.64194 -80 2 -25 10 38759 1 
148.758 -28.7916 -180.191 0.293549 2.64194 -80 2 -25 10 38760 1 
148.748 -28.7915 -180.191 0.293549 2.64194 -80 2 -25 10 38761 1 
148.738 -28.7915 -180.191 0.293549 2.64194 -80 2 -25 10 38762 1 
148.728 -28.7915 -180.191 0.293549 2.64194 -80 2 -25 10 38763 1 
148.719 -28.7914 -180.191 0.293549 2.64194 -80 2 -25 10 38764 1 
148.709 -28.7914 -180.191 0.293549 2.64194 -80 2 -25 10 38765 1 
148.699 -28.7914 -180.191 0.293549 2.64194 -80 2 -25 10 38766 1 
148.689 -28.7913 -180.191 0.293549 2.64194 -80 2 -25 10 38767 1 
148.68 -28.7913 -180.191 0.293549 2.64194 -80 2 -25 10 38768 1 
148.67 -28.7913 -180.191 0.293549 2.64194 -80 2 -25 10 38769 1 
148.66 -28.7912 -180.191 0.293549 2.64194 -80 2 -25 10 38770 1 
148.65 -28.7912 -180.191 0.293549 2.64194 -80 2 -25 10 38771 1 
148.64 -28.7912 -180.191 0.293549 2.64194 -80 2 -25 10 38772 1 
148.631 -28.7911 -180.191 0.293549 2.64194 -80 2 -25 10 38773 1 
148.621 -28.7911 -180.191 0.293549 2.64194 -80 2 -25 10 38774 1 
148.611 -28.7911 -180.191 0.293549 2.64194 -80 2 -25 10 38775 1 
148.601 -28.791 -180.191 0.293549 2.64194 -80 2 -25 10 38776 1 
148.592 -28.791 -180.191 0.293549 2.64194 -80 2 -25 10 38777 1 
148.582 -28.791 -180.191 0.293549 2.64194 -80 2 -25 10 38778 1 
148.572 -28.7909 -180.191 0.293549 2.64194 -80 2 -25 10 38779 1 
148.562 -28.7909 -180.191 0.293549 2.64194 -80 2 -25 10 38780 1 
148.552 -28.7909 -180.191 0.293549 2.64194 -80 2 -25 10 38781 1 
148.543 -28.7908 -180.191 0.293549 2.64194 -80 2 -25 10 38782 1 
148.533 -28.7908 -180.191 0.293549 2.64194 -80 2 -25 10 38783 1 
148.523 -28.7908 -180.191 0.293549 2.64194 -80 2 -25 10 38784 1 
148.513 -28.7908 -180.191 0.293549 2.64194 -80 2 -25 10 38785 1 
148.504 -28.7907 -180.191 0.293549 2.64194 -80 2 -25 10 38786 1 
148.494 -28.7907 -180.191 0.293549 2.64194 -80 2 -25 10 38787 1 
148.484 -28.7907 -180.191 0.293549 2.64194 -80 2 -25 10 38788 1 
148.474 -28.7906 -180.191 0.293549 2.64194 -80 2 -25 10 38789 1 
148.464 -28.7906 -180.191 0.293549 2.64194 -80 2 -25 10 38790 1 
148.455 -28.7906 -180.191 0.293549 2.64194 -80 2 -25 10 38791 1 
148.445 -28.7905 -180.191 0.293549 2.64194 -80 2 -25 10 38792 1 
148.435 -28.7905 -180.191 0.293549 2.64194 -80 2 -25 10 38793 1 
148.425 -28.7905 -180.191 0.293549 2.64194 -80 2 -25 10 38794 1 
148.415 -28.7904 -180.191 0.293549 2.64194 -80 2 -25 10 38795 1 
148.406 -28.7904 -180.191 0.293549 2.64194 -80 2 -25 10 38796 1 
148.396 -28.7904 -180.191 0.293549 2.64194 -80 2 -25 10 38797 1 
148.386 -28.7903 -180.191 0.293549 2.64194 -80 2 -25 10 38798 1 
148.376 -28.7903 -180.191 0.293549 2.64194 -80 2 -25 10 38799 1 
148.367 -28.7903 -180.191 0.293549 2.64194 -80 2 -25 10 38800 1 
148.357 -28.7902 -180.191 0.293549 2.64194 -80 2 -25 10 38801 1 
148.347 -28.7902 -180.191 0.293549 2.64194 -80 2 -25 10 38802 1 
148.337 -28.7902 -180.191 0.293549 2.64194 -80 2 -25 10 38803 1 
148.327 -28.7901 -180.191 0.293549 2.64194 -80 2 -25 10 38804 1 
148.318 -28.7901 -180.191 0.293549 2.64194 -80 2 -25 10 38805 1 
148.308 -28.7901 -180.191 0.293549 2.64194 -80 2 -25 10 38806 1 
148.298 -28.79 -180.191 0.293549 2.64194 -80 2 -25 10 38807 1 
148.288 -28.79 -180.191 0.293549 2.64194 -80 2 -25 10 38808 1 
148.279 -28.79 -180.191 0.293549 2.64194 -80 2 -25 10 38809 1 
148.269 -28.7899 -180.191 0.293549 2.64194 -80 2 -25 10 38810 1 
148.259 -28.7899 -180.191 0.293549 2.64194 -80 2 -25 10 38811 1 
148.249 -28.7899 -180.191 0.293549 2.64194 -80 2 -25 10 38812 1 
148.239 -28.7898 -180.191 0.293549 2.64194 -80 2 -25 10 38813 1 
148.23 -28.7898 -180.192 0.293549 2.64194 -80 2 -25 10 38814 1 
148.22 -28.7898 -180.192 0.293549 2.64194 -80 2 -25 10 38815 1 
148.21 -28.7897 -180.192 0.293549 2.64194 -80 2 -25 10 38816 1 
148.2 -28.7897 -180.192 0.293549 2.64194 -80 2 -25 10 38817 1 
148.191 -28.7897 -180.192 0.293549 2.64194 -80 2 -25 10 38818 1 
148.181 -28.7896 -180.192 0.293549 2.64194 -80 2 -25 10 38819 1 
148.171 -28.7896 -180.192 0.293549 2.64194 -80 2 -25 10 38820 1 
148.161 -28.7896 -180.192 0.293549 2.64194 -80 2 -25 10 38821 1 
148.151 -28.7896 -180.192 0.293549 2.64194 -80 2 -25 10 38822 1 
148.142 -28.7895 -180.192 0.293549 2.64194 -80 2 -25 10 38823 1 
148.132 -28.7895 -180.192 0.293549 2.64194 -80 2 -25 10 38824 1 
148.122 -28.7895 -180.192 0.293549 2.64194 -80 2 -25 10 38825 1 
148.112 -28.7894 -180.192 0.293549 2.64194 -80 2 -25 10 38826 1 
148.102 -28.7894 -180.192 0.293549 2.64194 -80 2 -25 10 38827 1 
148.093 -28.7894 -180.192 0.293549 2.64194 -80 2 -25 10 38828 1 
148.083 -28.7893 -180.192 0.293549 2.64194 -80 2 -25 10 38829 1 
148.073 -28.7893 -180.192 0.293549 2.64194 -80 2 -25 10 38830 1 
148.063 -28.7893 -180.192 0.293549 2.64194 -80 2 -25 10 38831 1 
148.054 -28.7892 -180.192 0.293549 2.64194 -80 2 -25 10 38832 1 
148.044 -28.7892 -180.192 0.293549 2.64194 -80 2 -25 10 38833 1 
148.034 -28.7892 -180.192 0.293549 2.64194 -80 2 -25 10 38834 1 
148.024 -28.7891 -180.192 0.293549 2.64194 -80 2 -25 10 38835 1 
148.014 -28.7891 -180.192 0.293549 2.64194 -80 2 -25 10 38836 1 
148.005 -28.7891 -180.192 0.293549 2.64194 -80 2 -25 10 38837 1 
147.995 -28.789 -180.192 0.293549 2.64194 -80 2 -25 10 38838 1 
147.985 -28.789 -180.192 0.293549 2.64194 -80 2 -25 10 38839 1 
147.975 -28.789 -180.192 0.293549 2.64194 -80 2 -25 10 38840 1 
147.966 -28.7889 -180.192 0.293549 2.64194 -80 2 -25 10 38841 1 
147.956 -28.7889 -180.192 0.293549 2.64194 -80 2 -25 10 38842 1 
147.946 -28.7889 -180.192 0.293549 2.64194 -80 2 -25 10 38843 1 
147.936 -28.7888 -180.192 0.293549 2.64194 -80 2 -25 10 38844 1 
147.926 -28.7888 -180.192 0.293549 2.64194 -80 2 -25 10 38845 1 
147.917 -28.7888 -180.192 0.293549 2.64194 -80 2 -25 10 38846 1 
147.907 -28.7887 -180.192 0.293549 2.64194 -80 2 -25 10 38847 1 
147.897 -28.7887 -180.192 0.293549 2.64194 -80 2 -25 10 38848 1 
147.887 -28.7887 -180.192 0.293549 2.64194 -80 2 -25 10 38849 1 
147.878 -28.7886 -180.192 0.293549 2.64194 -80 2 -25 10 38850 1 
147.868 -28.7886 -180.192 0.293549 2.64194 -80 2 -25 10 38851 1 
147.858 -28.7886 -180.192 0.293549 2.64194 -80 2 -25 10 38852 1 
147.848 -28.7885 -180.192 0.293549 2.64194 -80 2 -25 10 38853 1 
147.838 -28.7885 -180.192 0.293549 2.64194 -80 2 -25 10 38854 1 
147.829 -28.7885 -180.192 0.293549 2.64194 -80 2 -25 10 38855 1 
147.819 -28.7884 -180.192 0.293549 2.64194 -80 2 -25 10 38856 1 
147.809 -28.7884 -180.192 0.293549 2.64194 -80 2 -25 10 38857 1 
147.799 -28.7884 -180.192 0.293549 2.64194 -80 2 -25 10 38858 1 
147.79 -28.7884 -180.192 0.293549 2.64194 -80 2 -25 10 38859 1 
147.78 -28.7883 -180.192 0.293549 2.64194 -80 2 -25 10 38860 1 
147.77 -28.7883 -180.192 0.293549 2.64194 -80 2 -25 10 38861 1 
147.76 -28.7883 -180.192 0.293549 2.64194 -80 2 -25 10 38862 1 
147.75 -28.7882 -180.192 0.293549 2.64194 -80 2 -25 10 38863 1 
147.741 -28.7882 -180.192 0.293549 2.64194 -80 2 -25 10 38864 1 
147.731 -28.7882 -180.192 0.293549 2.64194 -80 2 -25 10 38865 1 
147.721 -28.7881 -180.192 0.293549 2.64194 -80 2 -25 10 38866 1 
147.711 -28.7881 -180.192 0.293549 2.64194 -80 2 -25 10 38867 1 
147.701 -28.7881 -180.192 0.293549 2.64194 -80 2 -25 10 38868 1 
147.692 -28.788 -180.192 0.293549 2.64194 -80 2 -25 10 38869 1 
147.682 -28.788 -180.192 0.293549 2.64194 -80 2 -25 10 38870 1 
147.672 -28.788 -180.192 0.293549 2.64194 -80 2 -25 10 38871 1 
147.662 -28.7879 -180.192 0.293549 2.64194 -80 2 -25 10 38872 1 
147.653 -28.7879 -180.192 0.293549 2.64194 -80 2 -25 10 38873 1 
147.643 -28.7879 -180.192 0.293549 2.64194 -80 2 -25 10 38874 1 
147.633 -28.7878 -180.192 0.293549 2.64194 -80 2 -25 10 38875 1 
147.623 -28.7878 -180.192 0.293549 2.64194 -80 2 -25 10 38876 1 
147.613 -28.7878 -180.192 0.293549 2.64194 -80 2 -25 10 38877 1 
147.604 -28.7877 -180.192 0.293549 2.64194 -80 2 -25 10 38878 1 
147.594 -28.7877 -180.192 0.293549 2.64194 -80 2 -25 10 38879 1 
147.584 -28.7877 -180.192 0.293549 2.64194 -80 2 -25 10 38880 1 
147.574 -28.7876 -180.192 0.293549 2.64194 -80 2 -25 10 38881 1 
147.565 -28.7876 -180.192 0.293549 2.64194 -80 2 -25 10 38882 1 
147.555 -28.7876 -180.192 0.293549 2.64194 -80 2 -25 10 38883 1 
147.545 -28.7875 -180.192 0.293549 2.64194 -80 2 -25 10 38884 1 
147.535 -28.7875 -180.192 0.293549 2.64194 -80 2 -25 10 38885 1 
147.525 -28.7875 -180.192 0.293549 2.64194 -80 2 -25 10 38886 1 
147.516 -28.7874 -180.192 0.293549 2.64194 -80 2 -25 10 38887 1 
147.506 -28.7874 -180.192 0.293549 2.64194 -80 2 -25 10 38888 1 
147.496 -28.7874 -180.192 0.293549 2.64194 -80 2 -25 10 38889 1 
147.486 -28.7873 -180.192 0.293549 2.64194 -80 2 -25 10 38890 1 
147.477 -28.7873 -180.192 0.293549 2.64194 -80 2 -25 10 38891 1 
147.467 -28.7873 -180.192 0.293549 2.64194 -80 2 -25 10 38892 1 
147.457 -28.7872 -180.192 0.293549 2.64194 -80 2 -25 10 38893 1 
147.447 -28.7872 -180.192 0.293549 2.64194 -80 2 -25 10 38894 1 
147.437 -28.7872 -180.192 0.293549 2.64194 -80 2 -25 10 38895 1 
147.428 -28.7872 -180.192 0.293549 2.64194 -80 2 -25 10 38896 1 
147.418 -28.7871 -180.192 0.293549 2.64194 -80 2 -25 10 38897 1 
147.408 -28.7871 -180.192 0.293549 2.64194 -80 2 -25 10 38898 1 
147.398 -28.7871 -180.192 0.293549 2.64194 -80 2 -25 10 38899 1 
147.388 -28.787 -180.192 0.293549 2.64194 -80 2 -25 10 38900 1 
147.379 -28.787 -180.192 0.293549 2.64194 -80 2 -25 10 38901 1 
147.369 -28.787 -180.192 0.293549 2.64194 -80 2 -25 10 38902 1 
147.359 -28.7869 -180.192 0.293549 2.64194 -80 2 -25 10 38903 1 
147.349 -28.7869 -180.192 0.293549 2.64194 -80 2 -25 10 38904 1 
147.34 -28.7869 -180.192 0.293549 2.64194 -80 2 -25 10 38905 1 
147.33 -28.7868 -180.192 0.293549 2.64194 -80 2 -25 10 38906 1 
147.32 -28.7868 -180.192 0.293549 2.64194 -80 2 -25 10 38907 1 
147.31 -28.7868 -180.192 0.293549 2.64194 -80 2 -25 10 38908 1 
147.3 -28.7867 -180.192 0.293549 2.64194 -80 2 -25 10 38909 1 
147.291 -28.7867 -180.192 0.293549 2.64194 -80 2 -25 10 38910 1 
147.281 -28.7867 -180.192 0.293549 2.64194 -80 2 -25 10 38911 1 
147.271 -28.7866 -180.192 0.293549 2.64194 -80 2 -25 10 38912 1 
147.261 -28.7866 -180.192 0.293549 2.64194 -80 2 -25 10 38913 1 
147.252 -28.7866 -180.192 0.293549 2.64194 -80 2 -25 10 38914 1 
147.242 -28.7865 -180.192 0.293549 2.64194 -80 2 -25 10 38915 1 
147.232 -28.7865 -180.192 0.293549 2.64194 -80 2 -25 10 38916 1 
147.222 -28.7865 -180.192 0.293549 2.64194 -80 2 -25 10 38917 1 
147.212 -28.7864 -180.192 0.293549 2.64194 -80 2 -25 10 38918 1 
147.203 -28.7864 -180.192 0.293549 2.64194 -80 2 -25 10 38919 1 
147.193 -28.7864 -180.192 0.293549 2.64194 -80 2 -25 10 38920 1 
147.183 -28.7863 -180.192 0.293549 2.64194 -80 2 -25 10 38921 1 
147.173 -28.7863 -180.192 0.293549 2.64194 -80 2 -25 10 38922 1 
147.164 -28.7863 -180.192 0.293549 2.64194 -80 2 -25 10 38923 1 
147.154 -28.7862 -180.192 0.293549 2.64194 -80 2 -25 10 38924 1 
147.144 -28.7862 -180.192 0.293549 2.64194 -80 2 -25 10 38925 1 
147.134 -28.7862 -180.192 0.293549 2.64194 -80 2 -25 10 38926 1 
147.124 -28.7861 -180.192 0.293549 2.64194 -80 2 -25 10 38927 1 
147.115 -28.7861 -180.192 0.293549 2.64194 -80 2 -25 10 38928 1 
147.105 -28.7861 -180.192 0.293549 2.64194 -80 2 -25 10 38929 1 
147.095 -28.786 -180.192 0.293549 2.64194 -80 2 -25 10 38930 1 
147.085 -28.786 -180.192 0.293549 2.64194 -80 2 -25 10 38931 1 
147.076 -28.786 -180.192 0.293549 2.64194 -80 2 -25 10 38932 1 
147.066 -28.786 -180.192 0.293549 2.64194 -80 2 -25 10 38933 1 
147.056 -28.7859 -180.192 0.293549 2.64194 -80 2 -25 10 38934 1 
147.046 -28.7859 -180.192 0.293549 2.64194 -80 2 -25 10 38935 1 
147.036 -28.7859 -180.192 0.293549 2.64194 -80 2 -25 10 38936 1 
147.027 -28.7858 -180.192 0.293549 2.64194 -80 2 -25 10 38937 1 
147.017 -28.7858 -180.192 0.293549 2.64194 -80 2 -25 10 38938 1 
147.007 -28.7858 -180.192 0.293549 2.64194 -80 2 -25 10 38939 1 
146.997 -28.7857 -180.192 0.293549 2.64194 -80 2 -25 10 38940 1 
146.987 -28.7857 -180.192 0.293549 2.64194 -80 2 -25 10 38941 1 
146.978 -28.7857 -180.192 0.293549 2.64194 -80 2 -25 10 38942 1 
146.968 -28.7856 -180.192 0.293549 2.64194 -80 2 -25 10 38943 1 
146.958 -28.7856 -180.192 0.293549 2.64194 -80 2 -25 10 38944 1 
146.948 -28.7856 -180.192 0.293549 2.64194 -80 2 -25 10 38945 1 
146.939 -28.7855 -180.192 0.293549 2.64194 -80 2 -25 10 38946 1 
146.929 -28.7855 -180.192 0.293549 2.64194 -80 2 -25 10 38947 1 
146.919 -28.7855 -180.192 0.293549 2.64194 -80 2 -25 10 38948 1 
146.909 -28.7854 -180.192 0.293549 2.64194 -80 2 -25 10 38949 1 
146.899 -28.7854 -180.192 0.293549 2.64194 -80 2 -25 10 38950 1 
146.89 -28.7854 -180.192 0.293549 2.64194 -80 2 -25 10 38951 1 
146.88 -28.7853 -180.192 0.293549 2.64194 -80 2 -25 10 38952 1 
146.87 -28.7853 -180.192 0.293549 2.64194 -80 2 -25 10 38953 1 
146.86 -28.7853 -180.192 0.293549 2.64194 -80 2 -25 10 38954 1 
146.851 -28.7852 -180.192 0.293549 2.64194 -80 2 -25 10 38955 1 
146.841 -28.7852 -180.192 0.293549 2.64194 -80 2 -25 10 38956 1 
146.831 -28.7852 -180.192 0.293549 2.64194 -80 2 -25 10 38957 1 
146.821 -28.7851 -180.192 0.293549 2.64194 -80 2 -25 10 38958 1 
146.811 -28.7851 -180.192 0.293549 2.64194 -80 2 -25 10 38959 1 
146.802 -28.7851 -180.192 0.293549 2.64194 -80 2 -25 10 38960 1 
146.792 -28.785 -180.192 0.293549 2.64194 -80 2 -25 10 38961 1 
146.782 -28.785 -180.193 0.293549 2.64194 -80 2 -25 10 38962 1 
146.772 -28.785 -180.193 0.293549 2.64194 -80 2 -25 10 38963 1 
146.763 -28.7849 -180.193 0.293549 2.64194 -80 2 -25 10 38964 1 
146.753 -28.7849 -180.193 0.293549 2.64194 -80 2 -25 10 38965 1 
146.743 -28.7849 -180.193 0.293549 2.64194 -80 2 -25 10 38966 1 
146.733 -28.7848 -180.193 0.293549 2.64194 -80 2 -25 10 38967 1 
146.723 -28.7848 -180.193 0.293549 2.64194 -80 2 -25 10 38968 1 
146.714 -28.7848 -180.193 0.293549 2.64194 -80 2 -25 10 38969 1 
146.704 -28.7848 -180.193 0.293549 2.64194 -80 2 -25 10 38970 1 
146.694 -28.7847 -180.193 0.293549 2.64194 -80 2 -25 10 38971 1 
146.684 -28.7847 -180.193 0.293549 2.64194 -80 2 -25 10 38972 1 
146.674 -28.7847 -180.193 0.293549 2.64194 -80 2 -25 10 38973 1 
146.665 -28.7846 -180.193 0.293549 2.64194 -80 2 -25 10 38974 1 
146.655 -28.7846 -180.193 0.293549 2.64194 -80 2 -25 10 38975 1 
146.645 -28.7846 -180.193 0.293549 2.64194 -80 2 -25 10 38976 1 
146.635 -28.7845 -180.193 0.293549 2.64194 -80 2 -25 10 38977 1 
146.626 -28.7845 -180.193 0.293549 2.64194 -80 2 -25 10 38978 1 
146.616 -28.7845 -180.193 0.293549 2.64194 -80 2 -25 10 38979 1 
146.606 -28.7844 -180.193 0.293549 2.64194 -80 2 -25 10 38980 1 
146.596 -28.7844 -180.193 0.293549 2.64194 -80 2 -25 10 38981 1 
146.586 -28.7844 -180.193 0.293549 2.64194 -80 2 -25 10 38982 1 
146.577 -28.7843 -180.193 0.293549 2.64194 -80 2 -25 10 38983 1 
146.567 -28.7843 -180.193 0.293549 2.64194 -80 2 -25 10 38984 1 
146.557 -28.7843 -180.193 0.293549 2.64194 -80 2 -25 10 38985 1 
146.547 -28.7842 -180.193 0.293549 2.64194 -80 2 -25 10 38986 1 
146.538 -28.7842 -180.193 0.293549 2.64194 -80 2 -25 10 38987 1 
146.528 -28.7842 -180.193 0.293549 2.64194 -80 2 -25 10 38988 1 
146.518 -28.7841 -180.193 0.293549 2.64194 -80 2 -25 10 38989 1 
146.508 -28.7841 -180.193 0.293549 2.64194 -80 2 -25 10 38990 1 
146.498 -28.7841 -180.193 0.293549 2.64194 -80 2 -25 10 38991 1 
146.489 -28.784 -180.193 0.293549 2.64194 -80 2 -25 10 38992 1 
146.479 -28.784 -180.193 0.293549 2.64194 -80 2 -25 10 38993 1 
146.469 -28.784 -180.193 0.293549 2.64194 -80 2 -25 10 38994 1 
146.459 -28.7839 -180.193 0.293549 2.64194 -80 2 -25 10 38995 1 
146.45 -28.7839 -180.193 0.293549 2.64194 -80 2 -25 10 38996 1 
146.44 -28.7839 -180.193 0.293549 2.64194 -80 2 -25 10 38997 1 
146.43 -28.7838 -180.193 0.293549 2.64194 -80 2 -25 10 38998 1 
146.42 -28.7838 -180.193 0.293549 2.64194 -80 2 -25 10 38999 1 
146.41 -28.7838 -180.193 0.293549 2.64194 -80 2 -25 10 39000 1 
146.401 -28.7837 -180.193 0.293549 2.64194 -80 2 -25 10 39001 1 
146.391 -28.7837 -180.193 0.293549 2.64194 -80 2 -25 10 39002 1 
146.381 -28.7837 -180.193 0.293549 2.64194 -80 2 -25 10 39003 1 
146.371 -28.7836 -180.193 0.293549 2.64194 -80 2 -25 10 39004 1 
146.361 -28.7836 -180.193 0.293549 2.64194 -80 2 -25 10 39005 1 
146.352 -28.7836 -180.193 0.293549 2.64194 -80 2 -25 10 39006 1 
146.342 -28.7836 -180.193 0.293549 2.64194 -80 2 -25 10 39007 1 
146.332 -28.7835 -180.193 0.293549 2.64194 -80 2 -25 10 39008 1 
146.322 -28.7835 -180.193 0.293549 2.64194 -80 2 -25 10 39009 1 
146.313 -28.7835 -180.193 0.293549 2.64194 -80 2 -25 10 39010 1 
146.303 -28.7834 -180.193 0.293549 2.64194 -80 2 -25 10 39011 1 
146.293 -28.7834 -180.193 0.293549 2.64194 -80 2 -25 10 39012 1 
146.283 -28.7834 -180.193 0.293549 2.64194 -80 2 -25 10 39013 1 
146.273 -28.7833 -180.193 0.293549 2.64194 -80 2 -25 10 39014 1 
146.264 -28.7833 -180.193 0.293549 2.64194 -80 2 -25 10 39015 1 
146.254 -28.7833 -180.193 0.293549 2.64194 -80 2 -25 10 39016 1 
146.244 -28.7832 -180.193 0.293549 2.64194 -80 2 -25 10 39017 1 
146.234 -28.7832 -180.193 0.293549 2.64194 -80 2 -25 10 39018 1 
146.225 -28.7832 -180.193 0.293549 2.64194 -80 2 -25 10 39019 1 
146.215 -28.7831 -180.193 0.293549 2.64194 -80 2 -25 10 39020 1 
146.205 -28.7831 -180.193 0.293549 2.64194 -80 2 -25 10 39021 1 
146.195 -28.7831 -180.193 0.293549 2.64194 -80 2 -25 10 39022 1 
146.185 -28.783 -180.193 0.293549 2.64194 -80 2 -25 10 39023 1 
146.176 -28.783 -180.193 0.293549 2.64194 -80 2 -25 10 39024 1 
146.166 -28.783 -180.193 0.293549 2.64194 -80 2 -25 10 39025 1 
146.156 -28.7829 -180.193 0.293549 2.64194 -80 2 -25 10 39026 1 
146.146 -28.7829 -180.193 0.293549 2.64194 -80 2 -25 10 39027 1 
146.137 -28.7829 -180.193 0.293549 2.64194 -80 2 -25 10 39028 1 
146.127 -28.7828 -180.193 0.293549 2.64194 -80 2 -25 10 39029 1 
146.117 -28.7828 -180.193 0.293549 2.64194 -80 2 -25 10 39030 1 
146.107 -28.7828 -180.193 0.293549 2.64194 -80 2 -25 10 39031 1 
146.097 -28.7827 -180.193 0.293549 2.64194 -80 2 -25 10 39032 1 
146.088 -28.7827 -180.193 0.293549 2.64194 -80 2 -25 10 39033 1 
146.078 -28.7827 -180.193 0.293549 2.64194 -80 2 -25 10 39034 1 
146.068 -28.7826 -180.193 0.293549 2.64194 -80 2 -25 10 39035 1 
146.058 -28.7826 -180.193 0.293549 2.64194 -80 2 -25 10 39036 1 
146.049 -28.7826 -180.193 0.293549 2.64194 -80 2 -25 10 39037 1 
146.039 -28.7825 -180.193 0.293549 2.64194 -80 2 -25 10 39038 1 
146.029 -28.7825 -180.193 0.293549 2.64194 -80 2 -25 10 39039 1 
146.019 -28.7825 -180.193 0.293549 2.64194 -80 2 -25 10 39040 1 
146.009 -28.7824 -180.193 0.293549 2.64194 -80 2 -25 10 39041 1 
146 -28.7824 -180.193 0.293549 2.64194 -80 2 -25 10 39042 1 
145.99 -28.7824 -180.193 0.293549 2.64194 -80 2 -25 10 39043 1 
145.98 -28.7824 -180.193 0.293549 2.64194 -80 2 -25 10 39044 1 
145.97 -28.7823 -180.193 0.293549 2.64194 -80 2 -25 10 39045 1 
145.96 -28.7823 -180.193 0.293549 2.64194 -80 2 -25 10 39046 1 
145.951 -28.7823 -180.193 0.293549 2.64194 -80 2 -25 10 39047 1 
145.941 -28.7822 -180.193 0.293549 2.64194 -80 2 -25 10 39048 1 
145.931 -28.7822 -180.193 0.293549 2.64194 -80 2 -25 10 39049 1 
145.921 -28.7822 -180.193 0.293549 2.64194 -80 2 -25 10 39050 1 
145.912 -28.7821 -180.193 0.293549 2.64194 -80 2 -25 10 39051 1 
145.902 -28.7821 -180.193 0.293549 2.64194 -80 2 -25 10 39052 1 
145.892 -28.7821 -180.193 0.293549 2.64194 -80 2 -25 10 39053 1 
145.882 -28.782 -180.193 0.293549 2.64194 -80 2 -25 10 39054 1 
145.872 -28.782 -180.193 0.293549 2.64194 -80 2 -25 10 39055 1 
145.863 -28.782 -180.193 0.293549 2.64194 -80 2 -25 10 39056 1 
145.853 -28.7819 -180.193 0.293549 2.64194 -80 2 -25 10 39057 1 
145.843 -28.7819 -180.193 0.293549 2.64194 -80 2 -25 10 39058 1 
145.833 -28.7819 -180.193 0.293549 2.64194 -80 2 -25 10 39059 1 
145.824 -28.7818 -180.193 0.293549 2.64194 -80 2 -25 10 39060 1 
145.814 -28.7818 -180.193 0.293549 2.64194 -80 2 -25 10 39061 1 
145.804 -28.7818 -180.193 0.293549 2.64194 -80 2 -25 10 39062 1 
145.794 -28.7817 -180.193 0.293549 2.64194 -80 2 -25 10 39063 1 
145.784 -28.7817 -180.193 0.293549 2.64194 -80 2 -25 10 39064 1 
145.775 -28.7817 -180.193 0.293549 2.64194 -80 2 -25 10 39065 1 
145.765 -28.7816 -180.193 0.293549 2.64194 -80 2 -25 10 39066 1 
145.755 -28.7816 -180.193 0.293549 2.64194 -80 2 -25 10 39067 1 
145.745 -28.7816 -180.193 0.293549 2.64194 -80 2 -25 10 39068 1 
145.736 -28.7815 -180.193 0.293549 2.64194 -80 2 -25 10 39069 1 
145.726 -28.7815 -180.193 0.293549 2.64194 -80 2 -25 10 39070 1 
145.716 -28.7815 -180.193 0.293549 2.64194 -80 2 -25 10 39071 1 
145.706 -28.7814 -180.193 0.293549 2.64194 -80 2 -25 10 39072 1 
145.696 -28.7814 -180.193 0.293549 2.64194 -80 2 -25 10 39073 1 
145.687 -28.7814 -180.193 0.293549 2.64194 -80 2 -25 10 39074 1 
145.677 -28.7813 -180.193 0.293549 2.64194 -80 2 -25 10 39075 1 
145.667 -28.7813 -180.193 0.293549 2.64194 -80 2 -25 10 39076 1 
145.657 -28.7813 -180.193 0.293549 2.64194 -80 2 -25 10 39077 1 
145.647 -28.7812 -180.193 0.293549 2.64194 -80 2 -25 10 39078 1 
145.638 -28.7812 -180.193 0.293549 2.64194 -80 2 -25 10 39079 1 
145.628 -28.7812 -180.193 0.293549 2.64194 -80 2 -25 10 39080 1 
145.618 -28.7812 -180.193 0.293549 2.64194 -80 2 -25 10 39081 1 
145.608 -28.7811 -180.193 0.293549 2.64194 -80 2 -25 10 39082 1 
145.599 -28.7811 -180.193 0.293549 2.64194 -80 2 -25 10 39083 1 
145.589 -28.7811 -180.193 0.293549 2.64194 -80 2 -25 10 39084 1 
145.579 -28.781 -180.193 0.293549 2.64194 -80 2 -25 10 39085 1 
145.569 -28.781 -180.193 0.293549 2.64194 -80 2 -25 10 39086 1 
145.559 -28.781 -180.193 0.293549 2.64194 -80 2 -25 10 39087 1 
145.55 -28.7809 -180.193 0.293549 2.64194 -80 2 -25 10 39088 1 
145.54 -28.7809 -180.193 0.293549 2.64194 -80 2 -25 10 39089 1 
145.53 -28.7809 -180.193 0.293549 2.64194 -80 2 -25 10 39090 1 
145.52 -28.7808 -180.193 0.293549 2.64194 -80 2 -25 10 39091 1 
145.511 -28.7808 -180.193 0.293549 2.64194 -80 2 -25 10 39092 1 
145.501 -28.7808 -180.193 0.293549 2.64194 -80 2 -25 10 39093 1 
145.491 -28.7807 -180.193 0.293549 2.64194 -80 2 -25 10 39094 1 
145.481 -28.7807 -180.193 0.293549 2.64194 -80 2 -25 10 39095 1 
145.471 -28.7807 -180.193 0.293549 2.64194 -80 2 -25 10 39096 1 
145.462 -28.7806 -180.193 0.293549 2.64194 -80 2 -25 10 39097 1 
145.452 -28.7806 -180.193 0.293549 2.64194 -80 2 -25 10 39098 1 
145.442 -28.7806 -180.193 0.293549 2.64194 -80 2 -25 10 39099 1 
145.432 -28.7805 -180.193 0.293549 2.64194 -80 2 -25 10 39100 1 
145.423 -28.7805 -180.193 0.293549 2.64194 -80 2 -25 10 39101 1 
145.413 -28.7805 -180.193 0.293549 2.64194 -80 2 -25 10 39102 1 
145.403 -28.7804 -180.193 0.293549 2.64194 -80 2 -25 10 39103 1 
145.393 -28.7804 -180.193 0.293549 2.64194 -80 2 -25 10 39104 1 
145.383 -28.7804 -180.193 0.293549 2.64194 -80 2 -25 10 39105 1 
145.374 -28.7803 -180.193 0.293549 2.64194 -80 2 -25 10 39106 1 
145.364 -28.7803 -180.193 0.293549 2.64194 -80 2 -25 10 39107 1 
145.354 -28.7803 -180.193 0.293549 2.64194 -80 2 -25 10 39108 1 
145.344 -28.7802 -180.193 0.293549 2.64194 -80 2 -25 10 39109 1 
145.335 -28.7802 -180.193 0.293549 2.64194 -80 2 -25 10 39110 1 
145.325 -28.7802 -180.194 0.293549 2.64194 -80 2 -25 10 39111 1 
145.315 -28.7801 -180.194 0.293549 2.64194 -80 2 -25 10 39112 1 
145.305 -28.7801 -180.194 0.293549 2.64194 -80 2 -25 10 39113 1 
145.295 -28.7801 -180.194 0.293549 2.64194 -80 2 -25 10 39114 1 
145.286 -28.7801 -180.194 0.293549 2.64194 -80 2 -25 10 39115 1 
145.276 -28.78 -180.194 0.293549 2.64194 -80 2 -25 10 39116 1 
145.266 -28.78 -180.194 0.293549 2.64194 -80 2 -25 10 39117 1 
145.256 -28.78 -180.194 0.293549 2.64194 -80 2 -25 10 39118 1 
145.246 -28.7799 -180.194 0.293549 2.64194 -80 2 -25 10 39119 1 
145.237 -28.7799 -180.194 0.293549 2.64194 -80 2 -25 10 39120 1 
145.227 -28.7799 -180.194 0.293549 2.64194 -80 2 -25 10 39121 1 
145.217 -28.7798 -180.194 0.293549 2.64194 -80 2 -25 10 39122 1 
145.207 -28.7798 -180.194 0.293549 2.64194 -80 2 -25 10 39123 1 
145.198 -28.7798 -180.194 0.293549 2.64194 -80 2 -25 10 39124 1 
145.188 -28.7797 -180.194 0.293549 2.64194 -80 2 -25 10 39125 1 
145.178 -28.7797 -180.194 0.293549 2.64194 -80 2 -25 10 39126 1 
145.168 -28.7797 -180.194 0.293549 2.64194 -80 2 -25 10 39127 1 
145.158 -28.7796 -180.194 0.293549 2.64194 -80 2 -25 10 39128 1 
145.149 -28.7796 -180.194 0.293549 2.64194 -80 2 -25 10 39129 1 
145.139 -28.7796 -180.194 0.293549 2.64194 -80 2 -25 10 39130 1 
145.129 -28.7795 -180.194 0.293549 2.64194 -80 2 -25 10 39131 1 
145.119 -28.7795 -180.194 0.293549 2.64194 -80 2 -25 10 39132 1 
145.11 -28.7795 -180.194 0.293549 2.64194 -80 2 -25 10 39133 1 
145.1 -28.7794 -180.194 0.293549 2.64194 -80 2 -25 10 39134 1 
145.09 -28.7794 -180.194 0.293549 2.64194 -80 2 -25 10 39135 1 
145.08 -28.7794 -180.194 0.293549 2.64194 -80 2 -25 10 39136 1 
145.07 -28.7793 -180.194 0.293549 2.64194 -80 2 -25 10 39137 1 
145.061 -28.7793 -180.194 0.293549 2.64194 -80 2 -25 10 39138 1 
145.051 -28.7793 -180.194 0.293549 2.64194 -80 2 -25 10 39139 1 
145.041 -28.7792 -180.194 0.293549 2.64194 -80 2 -25 10 39140 1 
145.031 -28.7792 -180.194 0.293549 2.64194 -80 2 -25 10 39141 1 
145.022 -28.7792 -180.194 0.293549 2.64194 -80 2 -25 10 39142 1 
145.012 -28.7791 -180.194 0.293549 2.64194 -80 2 -25 10 39143 1 
145.002 -28.7791 -180.194 0.293549 2.64194 -80 2 -25 10 39144 1 
144.992 -28.7791 -180.194 0.293549 2.64194 -80 2 -25 10 39145 1 
144.982 -28.779 -180.194 0.293549 2.64194 -80 2 -25 10 39146 1 
144.973 -28.779 -180.194 0.293549 2.64194 -80 2 -25 10 39147 1 
144.963 -28.779 -180.194 0.293549 2.64194 -80 2 -25 10 39148 1 
144.953 -28.7789 -180.194 0.293549 2.64194 -80 2 -25 10 39149 1 
144.943 -28.7789 -180.194 0.293549 2.64194 -80 2 -25 10 39150 1 
144.933 -28.7789 -180.194 0.293549 2.64194 -80 2 -25 10 39151 1 
144.924 -28.7789 -180.194 0.293549 2.64194 -80 2 -25 10 39152 1 
144.914 -28.7788 -180.194 0.293549 2.64194 -80 2 -25 10 39153 1 
144.904 -28.7788 -180.194 0.293549 2.64194 -80 2 -25 10 39154 1 
144.894 -28.7788 -180.194 0.293549 2.64194 -80 2 -25 10 39155 1 
144.885 -28.7787 -180.194 0.293549 2.64194 -80 2 -25 10 39156 1 
144.875 -28.7787 -180.194 0.293549 2.64194 -80 2 -25 10 39157 1 
144.865 -28.7787 -180.194 0.293549 2.64194 -80 2 -25 10 39158 1 
144.855 -28.7786 -180.194 0.293549 2.64194 -80 2 -25 10 39159 1 
144.845 -28.7786 -180.194 0.293549 2.64194 -80 2 -25 10 39160 1 
144.836 -28.7786 -180.194 0.293549 2.64194 -80 2 -25 10 39161 1 
144.826 -28.7785 -180.194 0.293549 2.64194 -80 2 -25 10 39162 1 
144.816 -28.7785 -180.194 0.293549 2.64194 -80 2 -25 10 39163 1 
144.806 -28.7785 -180.194 0.293549 2.64194 -80 2 -25 10 39164 1 
144.797 -28.7784 -180.194 0.293549 2.64194 -80 2 -25 10 39165 1 
144.787 -28.7784 -180.194 0.293549 2.64194 -80 2 -25 10 39166 1 
144.777 -28.7784 -180.194 0.293549 2.64194 -80 2 -25 10 39167 1 
144.767 -28.7783 -180.194 0.293549 2.64194 -80 2 -25 10 39168 1 
144.757 -28.7783 -180.194 0.293549 2.64194 -80 2 -25 10 39169 1 
144.748 -28.7783 -180.194 0.293549 2.64194 -80 2 -25 10 39170 1 
144.738 -28.7782 -180.194 0.293549 2.64194 -80 2 -25 10 39171 1 
144.728 -28.7782 -180.194 0.293549 2.64194 -80 2 -25 10 39172 1 
144.718 -28.7782 -180.194 0.293549 2.64194 -80 2 -25 10 39173 1 
144.709 -28.7781 -180.194 0.293549 2.64194 -80 2 -25 10 39174 1 
144.699 -28.7781 -180.194 0.293549 2.64194 -80 2 -25 10 39175 1 
144.689 -28.7781 -180.194 0.293549 2.64194 -80 2 -25 10 39176 1 
144.679 -28.778 -180.194 0.293549 2.64194 -80 2 -25 10 39177 1 
144.669 -28.778 -180.194 0.293549 2.64194 -80 2 -25 10 39178 1 
144.66 -28.778 -180.194 0.293549 2.64194 -80 2 -25 10 39179 1 
144.65 -28.7779 -180.194 0.293549 2.64194 -80 2 -25 10 39180 1 
144.64 -28.7779 -180.194 0.293549 2.64194 -80 2 -25 10 39181 1 
144.63 -28.7779 -180.194 0.293549 2.64194 -80 2 -25 10 39182 1 
144.62 -28.7778 -180.194 0.293549 2.64194 -80 2 -25 10 39183 1 
144.611 -28.7778 -180.194 0.293549 2.64194 -80 2 -25 10 39184 1 
144.601 -28.7778 -180.194 0.293549 2.64194 -80 2 -25 10 39185 1 
144.591 -28.7777 -180.194 0.293549 2.64194 -80 2 -25 10 39186 1 
144.581 -28.7777 -180.194 0.293549 2.64194 -80 2 -25 10 39187 1 
144.572 -28.7777 -180.194 0.293549 2.64194 -80 2 -25 10 39188 1 
144.562 -28.7777 -180.194 0.293549 2.64194 -80 2 -25 10 39189 1 
144.552 -28.7776 -180.194 0.293549 2.64194 -80 2 -25 10 39190 1 
144.542 -28.7776 -180.194 0.293549 2.64194 -80 2 -25 10 39191 1 
144.532 -28.7776 -180.194 0.293549 2.64194 -80 2 -25 10 39192 1 
144.523 -28.7775 -180.194 0.293549 2.64194 -80 2 -25 10 39193 1 
144.513 -28.7775 -180.194 0.293549 2.64194 -80 2 -25 10 39194 1 
144.503 -28.7775 -180.194 0.293549 2.64194 -80 2 -25 10 39195 1 
144.493 -28.7774 -180.194 0.293549 2.64194 -80 2 -25 10 39196 1 
144.484 -28.7774 -180.194 0.293549 2.64194 -80 2 -25 10 39197 1 
144.474 -28.7774 -180.194 0.293549 2.64194 -80 2 -25 10 39198 1 
144.464 -28.7773 -180.194 0.293549 2.64194 -80 2 -25 10 39199 1 
144.454 -28.7773 -180.194 0.293549 2.64194 -80 2 -25 10 39200 1 
144.444 -28.7773 -180.194 0.293549 2.64194 -80 2 -25 10 39201 1 
144.435 -28.7772 -180.194 0.293549 2.64194 -80 2 -25 10 39202 1 
144.425 -28.7772 -180.194 0.293549 2.64194 -80 2 -25 10 39203 1 
144.415 -28.7772 -180.194 0.293549 2.64194 -80 2 -25 10 39204 1 
144.405 -28.7771 -180.194 0.293549 2.64194 -80 2 -25 10 39205 1 
144.396 -28.7771 -180.194 0.293549 2.64194 -80 2 -25 10 39206 1 
144.386 -28.7771 -180.194 0.293549 2.64194 -80 2 -25 10 39207 1 
144.376 -28.777 -180.194 0.293549 2.64194 -80 2 -25 10 39208 1 
144.366 -28.777 -180.194 0.293549 2.64194 -80 2 -25 10 39209 1 
144.356 -28.777 -180.194 0.293549 2.64194 -80 2 -25 10 39210 1 
144.347 -28.7769 -180.194 0.293549 2.64194 -80 2 -25 10 39211 1 
144.337 -28.7769 -180.194 0.293549 2.64194 -80 2 -25 10 39212 1 
144.327 -28.7769 -180.194 0.293549 2.64194 -80 2 -25 10 39213 1 
144.317 -28.7768 -180.194 0.293549 2.64194 -80 2 -25 10 39214 1 
144.308 -28.7768 -180.194 0.293549 2.64194 -80 2 -25 10 39215 1 
144.298 -28.7768 -180.194 0.293549 2.64194 -80 2 -25 10 39216 1 
144.288 -28.7767 -180.194 0.293549 2.64194 -80 2 -25 10 39217 1 
144.278 -28.7767 -180.194 0.293549 2.64194 -80 2 -25 10 39218 1 
144.268 -28.7767 -180.194 0.293549 2.64194 -80 2 -25 10 39219 1 
144.259 -28.7766 -180.194 0.293549 2.64194 -80 2 -25 10 39220 1 
144.249 -28.7766 -180.194 0.293549 2.64194 -80 2 -25 10 39221 1 
144.239 -28.7766 -180.194 0.293549 2.64194 -80 2 -25 10 39222 1 
144.229 -28.7765 -180.194 0.293549 2.64194 -80 2 -25 10 39223 1 
144.219 -28.7765 -180.194 0.293549 2.64194 -80 2 -25 10 39224 1 
144.21 -28.7765 -180.194 0.293549 2.64194 -80 2 -25 10 39225 1 
144.2 -28.7765 -180.194 0.293549 2.64194 -80 2 -25 10 39226 1 
144.19 -28.7764 -180.194 0.293549 2.64194 -80 2 -25 10 39227 1 
144.18 -28.7764 -180.194 0.293549 2.64194 -80 2 -25 10 39228 1 
144.171 -28.7764 -180.194 0.293549 2.64194 -80 2 -25 10 39229 1 
144.161 -28.7763 -180.194 0.293549 2.64194 -80 2 -25 10 39230 1 
144.151 -28.7763 -180.194 0.293549 2.64194 -80 2 -25 10 39231 1 
144.141 -28.7763 -180.194 0.293549 2.64194 -80 2 -25 10 39232 1 
144.131 -28.7762 -180.194 0.293549 2.64194 -80 2 -25 10 39233 1 
144.122 -28.7762 -180.194 0.293549 2.64194 -80 2 -25 10 39234 1 
144.112 -28.7762 -180.194 0.293549 2.64194 -80 2 -25 10 39235 1 
144.102 -28.7761 -180.194 0.293549 2.64194 -80 2 -25 10 39236 1 
144.092 -28.7761 -180.194 0.293549 2.64194 -80 2 -25 10 39237 1 
144.083 -28.7761 -180.194 0.293549 2.64194 -80 2 -25 10 39238 1 
144.073 -28.776 -180.194 0.293549 2.64194 -80 2 -25 10 39239 1 
144.063 -28.776 -180.194 0.293549 2.64194 -80 2 -25 10 39240 1 
144.053 -28.776 -180.194 0.293549 2.64194 -80 2 -25 10 39241 1 
144.043 -28.7759 -180.194 0.293549 2.64194 -80 2 -25 10 39242 1 
144.034 -28.7759 -180.194 0.293549 2.64194 -80 2 -25 10 39243 1 
144.024 -28.7759 -180.194 0.293549 2.64194 -80 2 -25 10 39244 1 
144.014 -28.7758 -180.194 0.293549 2.64194 -80 2 -25 10 39245 1 
144.004 -28.7758 -180.194 0.293549 2.64194 -80 2 -25 10 39246 1 
143.995 -28.7758 -180.194 0.293549 2.64194 -80 2 -25 10 39247 1 
143.985 -28.7757 -180.194 0.293549 2.64194 -80 2 -25 10 39248 1 
143.975 -28.7757 -180.194 0.293549 2.64194 -80 2 -25 10 39249 1 
143.965 -28.7757 -180.194 0.293549 2.64194 -80 2 -25 10 39250 1 
143.955 -28.7756 -180.194 0.293549 2.64194 -80 2 -25 10 39251 1 
143.946 -28.7756 -180.194 0.293549 2.64194 -80 2 -25 10 39252 1 
143.936 -28.7756 -180.194 0.293549 2.64194 -80 2 -25 10 39253 1 
143.926 -28.7755 -180.194 0.293549 2.64194 -80 2 -25 10 39254 1 
143.916 -28.7755 -180.195 0.293549 2.64194 -80 2 -25 10 39255 1 
143.906 -28.7755 -180.195 0.293549 2.64194 -80 2 -25 10 39256 1 
143.897 -28.7754 -180.195 0.293549 2.64194 -80 2 -25 10 39257 1 
143.887 -28.7754 -180.195 0.293549 2.64194 -80 2 -25 10 39258 1 
143.877 -28.7754 -180.195 0.293549 2.64194 -80 2 -25 10 39259 1 
143.867 -28.7753 -180.195 0.293549 2.64194 -80 2 -25 10 39260 1 
143.858 -28.7753 -180.195 0.293549 2.64194 -80 2 -25 10 39261 1 
143.848 -28.7753 -180.195 0.293549 2.64194 -80 2 -25 10 39262 1 
143.838 -28.7753 -180.195 0.293549 2.64194 -80 2 -25 10 39263 1 
143.828 -28.7752 -180.195 0.293549 2.64194 -80 2 -25 10 39264 1 
143.818 -28.7752 -180.195 0.293549 2.64194 -80 2 -25 10 39265 1 
143.809 -28.7752 -180.195 0.293549 2.64194 -80 2 -25 10 39266 1 
143.799 -28.7751 -180.195 0.293549 2.64194 -80 2 -25 10 39267 1 
143.789 -28.7751 -180.195 0.293549 2.64194 -80 2 -25 10 39268 1 
143.779 -28.7751 -180.195 0.293549 2.64194 -80 2 -25 10 39269 1 
143.77 -28.775 -180.195 0.293549 2.64194 -80 2 -25 10 39270 1 
143.76 -28.775 -180.195 0.293549 2.64194 -80 2 -25 10 39271 1 
143.75 -28.775 -180.195 0.293549 2.64194 -80 2 -25 10 39272 1 
143.74 -28.7749 -180.195 0.293549 2.64194 -80 2 -25 10 39273 1 
143.73 -28.7749 -180.195 0.293549 2.64194 -80 2 -25 10 39274 1 
143.721 -28.7749 -180.195 0.293549 2.64194 -80 2 -25 10 39275 1 
143.711 -28.7748 -180.195 0.293549 2.64194 -80 2 -25 10 39276 1 
143.701 -28.7748 -180.195 0.293549 2.64194 -80 2 -25 10 39277 1 
143.691 -28.7748 -180.195 0.293549 2.64194 -80 2 -25 10 39278 1 
143.682 -28.7747 -180.195 0.293549 2.64194 -80 2 -25 10 39279 1 
143.672 -28.7747 -180.195 0.293549 2.64194 -80 2 -25 10 39280 1 
143.662 -28.7747 -180.195 0.293549 2.64194 -80 2 -25 10 39281 1 
143.652 -28.7746 -180.195 0.293549 2.64194 -80 2 -25 10 39282 1 
143.642 -28.7746 -180.195 0.293549 2.64194 -80 2 -25 10 39283 1 
143.633 -28.7746 -180.195 0.293549 2.64194 -80 2 -25 10 39284 1 
143.623 -28.7745 -180.195 0.293549 2.64194 -80 2 -25 10 39285 1 
143.613 -28.7745 -180.195 0.293549 2.64194 -80 2 -25 10 39286 1 
143.603 -28.7745 -180.195 0.293549 2.64194 -80 2 -25 10 39287 1 
143.594 -28.7744 -180.195 0.293549 2.64194 -80 2 -25 10 39288 1 
143.584 -28.7744 -180.195 0.293549 2.64194 -80 2 -25 10 39289 1 
143.574 -28.7744 -180.195 0.293549 2.64194 -80 2 -25 10 39290 1 
143.564 -28.7743 -180.195 0.293549 2.64194 -80 2 -25 10 39291 1 
143.554 -28.7743 -180.195 0.293549 2.64194 -80 2 -25 10 39292 1 
143.545 -28.7743 -180.195 0.293549 2.64194 -80 2 -25 10 39293 1 
143.535 -28.7742 -180.195 0.293549 2.64194 -80 2 -25 10 39294 1 
143.525 -28.7742 -180.195 0.293549 2.64194 -80 2 -25 10 39295 1 
143.515 -28.7742 -180.195 0.293549 2.64194 -80 2 -25 10 39296 1 
143.505 -28.7741 -180.195 0.293549 2.64194 -80 2 -25 10 39297 1 
143.496 -28.7741 -180.195 0.293549 2.64194 -80 2 -25 10 39298 1 
143.486 -28.7741 -180.195 0.293549 2.64194 -80 2 -25 10 39299 1 
143.476 -28.7741 -180.195 0.293549 2.64194 -80 2 -25 10 39300 1 
143.466 -28.774 -180.195 0.293549 2.64194 -80 2 -25 10 39301 1 
143.457 -28.774 -180.195 0.293549 2.64194 -80 2 -25 10 39302 1 
143.447 -28.774 -180.195 0.293549 2.64194 -80 2 -25 10 39303 1 
143.437 -28.7739 -180.195 0.293549 2.64194 -80 2 -25 10 39304 1 
143.427 -28.7739 -180.195 0.293549 2.64194 -80 2 -25 10 39305 1 
143.417 -28.7739 -180.195 0.293549 2.64194 -80 2 -25 10 39306 1 
143.408 -28.7738 -180.195 0.293549 2.64194 -80 2 -25 10 39307 1 
143.398 -28.7738 -180.195 0.293549 2.64194 -80 2 -25 10 39308 1 
143.388 -28.7738 -180.195 0.293549 2.64194 -80 2 -25 10 39309 1 
143.378 -28.7737 -180.195 0.293549 2.64194 -80 2 -25 10 39310 1 
143.369 -28.7737 -180.195 0.293549 2.64194 -80 2 -25 10 39311 1 
143.359 -28.7737 -180.195 0.293549 2.64194 -80 2 -25 10 39312 1 
143.349 -28.7736 -180.195 0.293549 2.64194 -80 2 -25 10 39313 1 
143.339 -28.7736 -180.195 0.293549 2.64194 -80 2 -25 10 39314 1 
143.329 -28.7736 -180.195 0.293549 2.64194 -80 2 -25 10 39315 1 
143.32 -28.7735 -180.195 0.293549 2.64194 -80 2 -25 10 39316 1 
143.31 -28.7735 -180.195 0.293549 2.64194 -80 2 -25 10 39317 1 
143.3 -28.7735 -180.195 0.293549 2.64194 -80 2 -25 10 39318 1 
143.29 -28.7734 -180.195 0.293549 2.64194 -80 2 -25 10 39319 1 
143.281 -28.7734 -180.195 0.293549 2.64194 -80 2 -25 10 39320 1 
143.271 -28.7734 -180.195 0.293549 2.64194 -80 2 -25 10 39321 1 
143.261 -28.7733 -180.195 0.293549 2.64194 -80 2 -25 10 39322 1 
143.251 -28.7733 -180.195 0.293549 2.64194 -80 2 -25 10 39323 1 
143.241 -28.7733 -180.195 0.293549 2.64194 -80 2 -25 10 39324 1 
143.232 -28.7732 -180.195 0.293549 2.64194 -80 2 -25 10 39325 1 
143.222 -28.7732 -180.195 0.293549 2.64194 -80 2 -25 10 39326 1 
143.212 -28.7732 -180.195 0.293549 2.64194 -80 2 -25 10 39327 1 
143.202 -28.7731 -180.195 0.293549 2.64194 -80 2 -25 10 39328 1 
143.192 -28.7731 -180.195 0.293549 2.64194 -80 2 -25 10 39329 1 
143.183 -28.7731 -180.195 0.293549 2.64194 -80 2 -25 10 39330 1 
143.173 -28.773 -180.195 0.293549 2.64194 -80 2 -25 10 39331 1 
143.163 -28.773 -180.195 0.293549 2.64194 -80 2 -25 10 39332 1 
143.153 -28.773 -180.195 0.293549 2.64194 -80 2 -25 10 39333 1 
143.144 -28.7729 -180.195 0.293549 2.64194 -80 2 -25 10 39334 1 
143.134 -28.7729 -180.195 0.293549 2.64194 -80 2 -25 10 39335 1 
143.124 -28.7729 -180.195 0.293549 2.64194 -80 2 -25 10 39336 1 
143.114 -28.7729 -180.195 0.293549 2.64194 -80 2 -25 10 39337 1 
143.104 -28.7728 -180.195 0.293549 2.64194 -80 2 -25 10 39338 1 
143.095 -28.7728 -180.195 0.293549 2.64194 -80 2 -25 10 39339 1 
143.085 -28.7728 -180.195 0.293549 2.64194 -80 2 -25 10 39340 1 
143.075 -28.7727 -180.195 0.293549 2.64194 -80 2 -25 10 39341 1 
143.065 -28.7727 -180.195 0.293549 2.64194 -80 2 -25 10 39342 1 
143.056 -28.7727 -180.195 0.293549 2.64194 -80 2 -25 10 39343 1 
143.046 -28.7726 -180.195 0.293549 2.64194 -80 2 -25 10 39344 1 
143.036 -28.7726 -180.195 0.293549 2.64194 -80 2 -25 10 39345 1 
143.026 -28.7726 -180.195 0.293549 2.64194 -80 2 -25 10 39346 1 
143.016 -28.7725 -180.195 0.293549 2.64194 -80 2 -25 10 39347 1 
143.007 -28.7725 -180.195 0.293549 2.64194 -80 2 -25 10 39348 1 
142.997 -28.7725 -180.195 0.293549 2.64194 -80 2 -25 10 39349 1 
142.987 -28.7724 -180.195 0.293549 2.64194 -80 2 -25 10 39350 1 
142.977 -28.7724 -180.195 0.293549 2.64194 -80 2 -25 10 39351 1 
142.968 -28.7724 -180.195 0.293549 2.64194 -80 2 -25 10 39352 1 
142.958 -28.7723 -180.195 0.293549 2.64194 -80 2 -25 10 39353 1 
142.948 -28.7723 -180.195 0.293549 2.64194 -80 2 -25 10 39354 1 
142.938 -28.7723 -180.195 0.293549 2.64194 -80 2 -25 10 39355 1 
142.928 -28.7722 -180.195 0.293549 2.64194 -80 2 -25 10 39356 1 
142.919 -28.7722 -180.195 0.293549 2.64194 -80 2 -25 10 39357 1 
142.909 -28.7722 -180.195 0.293549 2.64194 -80 2 -25 10 39358 1 
142.899 -28.7721 -180.195 0.293549 2.64194 -80 2 -25 10 39359 1 
142.889 -28.7721 -180.195 0.293549 2.64194 -80 2 -25 10 39360 1 
142.88 -28.7721 -180.195 0.293549 2.64194 -80 2 -25 10 39361 1 
142.87 -28.772 -180.195 0.293549 2.64194 -80 2 -25 10 39362 1 
142.86 -28.772 -180.195 0.293549 2.64194 -80 2 -25 10 39363 1 
142.85 -28.772 -180.195 0.293549 2.64194 -80 2 -25 10 39364 1 
142.84 -28.7719 -180.195 0.293549 2.64194 -80 2 -25 10 39365 1 
142.831 -28.7719 -180.195 0.293549 2.64194 -80 2 -25 10 39366 1 
142.821 -28.7719 -180.195 0.293549 2.64194 -80 2 -25 10 39367 1 
142.811 -28.7718 -180.195 0.293549 2.64194 -80 2 -25 10 39368 1 
142.801 -28.7718 -180.195 0.293549 2.64194 -80 2 -25 10 39369 1 
142.791 -28.7718 -180.195 0.293549 2.64194 -80 2 -25 10 39370 1 
142.782 -28.7717 -180.195 0.293549 2.64194 -80 2 -25 10 39371 1 
142.772 -28.7717 -180.195 0.293549 2.64194 -80 2 -25 10 39372 1 
142.762 -28.7717 -180.195 0.293549 2.64194 -80 2 -25 10 39373 1 
142.752 -28.7717 -180.195 0.293549 2.64194 -80 2 -25 10 39374 1 
142.743 -28.7716 -180.195 0.293549 2.64194 -80 2 -25 10 39375 1 
142.733 -28.7716 -180.195 0.293549 2.64194 -80 2 -25 10 39376 1 
142.723 -28.7716 -180.195 0.293549 2.64194 -80 2 -25 10 39377 1 
142.713 -28.7715 -180.195 0.293549 2.64194 -80 2 -25 10 39378 1 
142.703 -28.7715 -180.195 0.293549 2.64194 -80 2 -25 10 39379 1 
142.694 -28.7715 -180.195 0.293549 2.64194 -80 2 -25 10 39380 1 
142.684 -28.7714 -180.195 0.293549 2.64194 -80 2 -25 10 39381 1 
142.674 -28.7714 -180.195 0.293549 2.64194 -80 2 -25 10 39382 1 
142.664 -28.7714 -180.195 0.293549 2.64194 -80 2 -25 10 39383 1 
142.655 -28.7713 -180.195 0.293549 2.64194 -80 2 -25 10 39384 1 
142.645 -28.7713 -180.195 0.293549 2.64194 -80 2 -25 10 39385 1 
142.635 -28.7713 -180.195 0.293549 2.64194 -80 2 -25 10 39386 1 
142.625 -28.7712 -180.195 0.293549 2.64194 -80 2 -25 10 39387 1 
142.615 -28.7712 -180.195 0.293549 2.64194 -80 2 -25 10 39388 1 
142.606 -28.7712 -180.195 0.293549 2.64194 -80 2 -25 10 39389 1 
142.596 -28.7711 -180.195 0.293549 2.64194 -80 2 -25 10 39390 1 
142.586 -28.7711 -180.195 0.293549 2.64194 -80 2 -25 10 39391 1 
142.576 -28.7711 -180.195 0.293549 2.64194 -80 2 -25 10 39392 1 
142.567 -28.771 -180.195 0.293549 2.64194 -80 2 -25 10 39393 1 
142.557 -28.771 -180.195 0.293549 2.64194 -80 2 -25 10 39394 1 
142.547 -28.771 -180.195 0.293549 2.64194 -80 2 -25 10 39395 1 
142.537 -28.7709 -180.195 0.293549 2.64194 -80 2 -25 10 39396 1 
142.527 -28.7709 -180.195 0.293549 2.64194 -80 2 -25 10 39397 1 
142.518 -28.7709 -180.195 0.293549 2.64194 -80 2 -25 10 39398 1 
142.508 -28.7708 -180.195 0.293549 2.64194 -80 2 -25 10 39399 1 
142.498 -28.7708 -180.196 0.293549 2.64194 -80 2 -25 10 39400 1 
142.488 -28.7708 -180.196 0.293549 2.64194 -80 2 -25 10 39401 1 
142.478 -28.7707 -180.196 0.293549 2.64194 -80 2 -25 10 39402 1 
142.469 -28.7707 -180.196 0.293549 2.64194 -80 2 -25 10 39403 1 
142.459 -28.7707 -180.196 0.293549 2.64194 -80 2 -25 10 39404 1 
142.449 -28.7706 -180.196 0.293549 2.64194 -80 2 -25 10 39405 1 
142.439 -28.7706 -180.196 0.293549 2.64194 -80 2 -25 10 39406 1 
142.43 -28.7706 -180.196 0.293549 2.64194 -80 2 -25 10 39407 1 
142.42 -28.7705 -180.196 0.293549 2.64194 -80 2 -25 10 39408 1 
142.41 -28.7705 -180.196 0.293549 2.64194 -80 2 -25 10 39409 1 
142.4 -28.7704 -180.196 0.293549 2.64194 -80 2 -25 10 39410 1 
142.39 -28.7704 -180.196 0.293549 2.64194 -80 2 -25 10 39411 1 
142.381 -28.7704 -180.196 0.293549 2.64194 -80 2 -25 10 39412 1 
142.371 -28.7703 -180.196 0.293549 2.64194 -80 2 -25 10 39413 1 
142.361 -28.7703 -180.196 0.293549 2.64194 -80 2 -25 10 39414 1 
142.351 -28.7703 -180.196 0.293549 2.64194 -80 2 -25 10 39415 1 
142.342 -28.7702 -180.196 0.293549 2.64194 -80 2 -25 10 39416 1 
142.332 -28.7702 -180.196 0.293549 2.64194 -80 2 -25 10 39417 1 
142.322 -28.7702 -180.196 0.293549 2.64194 -80 2 -25 10 39418 1 
142.312 -28.7701 -180.196 0.293549 2.64194 -80 2 -25 10 39419 1 
142.302 -28.7701 -180.196 0.293549 2.64194 -80 2 -25 10 39420 1 
142.293 -28.7701 -180.196 0.293549 2.64194 -80 2 -25 10 39421 1 
142.283 -28.77 -180.196 0.293549 2.64194 -80 2 -25 10 39422 1 
142.273 -28.77 -180.196 0.293549 2.64194 -80 2 -25 10 39423 1 
142.263 -28.77 -180.196 0.293549 2.64194 -80 2 -25 10 39424 1 
142.254 -28.7699 -180.196 0.293549 2.64194 -80 2 -25 10 39425 1 
142.244 -28.7699 -180.196 0.293549 2.64194 -80 2 -25 10 39426 1 
142.234 -28.7699 -180.196 0.293549 2.64194 -80 2 -25 10 39427 1 
142.224 -28.7698 -180.196 0.293549 2.64194 -80 2 -25 10 39428 1 
142.214 -28.7698 -180.196 0.293549 2.64194 -80 2 -25 10 39429 1 
142.205 -28.7698 -180.196 0.293549 2.64194 -80 2 -25 10 39430 1 
142.195 -28.7697 -180.196 0.293549 2.64194 -80 2 -25 10 39431 1 
142.185 -28.7697 -180.196 0.293549 2.64194 -80 2 -25 10 39432 1 
142.175 -28.7697 -180.196 0.293549 2.64194 -80 2 -25 10 39433 1 
142.165 -28.7696 -180.196 0.293549 2.64194 -80 2 -25 10 39434 1 
142.156 -28.7696 -180.196 0.293549 2.64194 -80 2 -25 10 39435 1 
142.146 -28.7696 -180.196 0.293549 2.64194 -80 2 -25 10 39436 1 
142.136 -28.7695 -180.196 0.293549 2.64194 -80 2 -25 10 39437 1 
142.126 -28.7695 -180.196 0.293549 2.64194 -80 2 -25 10 39438 1 
142.117 -28.7695 -180.196 0.293549 2.64194 -80 2 -25 10 39439 1 
142.107 -28.7694 -180.196 0.293549 2.64194 -80 2 -25 10 39440 1 
142.097 -28.7694 -180.196 0.293549 2.64194 -80 2 -25 10 39441 1 
142.087 -28.7694 -180.196 0.293549 2.64194 -80 2 -25 10 39442 1 
142.077 -28.7693 -180.196 0.293549 2.64194 -80 2 -25 10 39443 1 
142.068 -28.7693 -180.196 0.293549 2.64194 -80 2 -25 10 39444 1 
142.058 -28.7692 -180.196 0.293549 2.64194 -80 2 -25 10 39445 1 
142.048 -28.7692 -180.196 0.293549 2.64194 -80 2 -25 10 39446 1 
142.038 -28.7692 -180.196 0.293549 2.64194 -80 2 -25 10 39447 1 
142.029 -28.7691 -180.196 0.293549 2.64194 -80 2 -25 10 39448 1 
142.019 -28.7691 -180.196 0.293549 2.64194 -80 2 -25 10 39449 1 
142.009 -28.7691 -180.196 0.293549 2.64194 -80 2 -25 10 39450 1 
141.999 -28.769 -180.196 0.293549 2.64194 -80 2 -25 10 39451 1 
141.989 -28.769 -180.196 0.293549 2.64194 -80 2 -25 10 39452 1 
141.98 -28.769 -180.196 0.293549 2.64194 -80 2 -25 10 39453 1 
141.97 -28.7689 -180.196 0.293549 2.64194 -80 2 -25 10 39454 1 
141.96 -28.7689 -180.196 0.293549 2.64194 -80 2 -25 10 39455 1 
141.95 -28.7689 -180.196 0.293549 2.64194 -80 2 -25 10 39456 1 
141.941 -28.7688 -180.196 0.293549 2.64194 -80 2 -25 10 39457 1 
141.931 -28.7688 -180.196 0.293549 2.64194 -80 2 -25 10 39458 1 
141.921 -28.7688 -180.196 0.293549 2.64194 -80 2 -25 10 39459 1 
141.911 -28.7687 -180.196 0.293549 2.64194 -80 2 -25 10 39460 1 
141.901 -28.7687 -180.196 0.293549 2.64194 -80 2 -25 10 39461 1 
141.892 -28.7687 -180.196 0.293549 2.64194 -80 2 -25 10 39462 1 
141.882 -28.7686 -180.196 0.293549 2.64194 -80 2 -25 10 39463 1 
141.872 -28.7686 -180.196 0.293549 2.64194 -80 2 -25 10 39464 1 
141.862 -28.7686 -180.196 0.293549 2.64194 -80 2 -25 10 39465 1 
141.853 -28.7685 -180.196 0.293549 2.64194 -80 2 -25 10 39466 1 
141.843 -28.7685 -180.196 0.293549 2.64194 -80 2 -25 10 39467 1 
141.833 -28.7685 -180.196 0.293549 2.64194 -80 2 -25 10 39468 1 
141.823 -28.7684 -180.196 0.293549 2.64194 -80 2 -25 10 39469 1 
141.813 -28.7684 -180.196 0.293549 2.64194 -80 2 -25 10 39470 1 
141.804 -28.7684 -180.196 0.293549 2.64194 -80 2 -25 10 39471 1 
141.794 -28.7683 -180.196 0.293549 2.64194 -80 2 -25 10 39472 1 
141.784 -28.7683 -180.196 0.293549 2.64194 -80 2 -25 10 39473 1 
141.774 -28.7683 -180.196 0.293549 2.64194 -80 2 -25 10 39474 1 
141.764 -28.7682 -180.196 0.293549 2.64194 -80 2 -25 10 39475 1 
141.755 -28.7682 -180.196 0.293549 2.64194 -80 2 -25 10 39476 1 
141.745 -28.7681 -180.196 0.293549 2.64194 -80 2 -25 10 39477 1 
141.735 -28.7681 -180.196 0.293549 2.64194 -80 2 -25 10 39478 1 
141.725 -28.7681 -180.196 0.293549 2.64194 -80 2 -25 10 39479 1 
141.716 -28.768 -180.196 0.293549 2.64194 -80 2 -25 10 39480 1 
141.706 -28.768 -180.196 0.293549 2.64194 -80 2 -25 10 39481 1 
141.696 -28.768 -180.196 0.293549 2.64194 -80 2 -25 10 39482 1 
141.686 -28.7679 -180.196 0.293549 2.64194 -80 2 -25 10 39483 1 
141.676 -28.7679 -180.196 0.293549 2.64194 -80 2 -25 10 39484 1 
141.667 -28.7679 -180.196 0.293549 2.64194 -80 2 -25 10 39485 1 
141.657 -28.7678 -180.196 0.293549 2.64194 -80 2 -25 10 39486 1 
141.647 -28.7678 -180.196 0.293549 2.64194 -80 2 -25 10 39487 1 
141.637 -28.7678 -180.196 0.293549 2.64194 -80 2 -25 10 39488 1 
141.628 -28.7677 -180.196 0.293549 2.64194 -80 2 -25 10 39489 1 
141.618 -28.7677 -180.196 0.293549 2.64194 -80 2 -25 10 39490 1 
141.608 -28.7677 -180.196 0.293549 2.64194 -80 2 -25 10 39491 1 
141.598 -28.7676 -180.196 0.293549 2.64194 -80 2 -25 10 39492 1 
141.588 -28.7676 -180.196 0.293549 2.64194 -80 2 -25 10 39493 1 
141.579 -28.7676 -180.196 0.293549 2.64194 -80 2 -25 10 39494 1 
141.569 -28.7675 -180.196 0.293549 2.64194 -80 2 -25 10 39495 1 
141.559 -28.7675 -180.196 0.293549 2.64194 -80 2 -25 10 39496 1 
141.549 -28.7675 -180.196 0.293549 2.64194 -80 2 -25 10 39497 1 
141.54 -28.7674 -180.196 0.293549 2.64194 -80 2 -25 10 39498 1 
141.53 -28.7674 -180.196 0.293549 2.64194 -80 2 -25 10 39499 1 
141.52 -28.7674 -180.196 0.293549 2.64194 -80 2 -25 10 39500 1 
141.51 -28.7673 -180.196 0.293549 2.64194 -80 2 -25 10 39501 1 
141.5 -28.7673 -180.196 0.293549 2.64194 -80 2 -25 10 39502 1 
141.491 -28.7673 -180.196 0.293549 2.64194 -80 2 -25 10 39503 1 
141.481 -28.7672 -180.196 0.293549 2.64194 -80 2 -25 10 39504 1 
141.471 -28.7672 -180.196 0.293549 2.64194 -80 2 -25 10 39505 1 
141.461 -28.7672 -180.196 0.293549 2.64194 -80 2 -25 10 39506 1 
141.451 -28.7671 -180.196 0.293549 2.64194 -80 2 -25 10 39507 1 
141.442 -28.7671 -180.196 0.293549 2.64194 -80 2 -25 10 39508 1 
141.432 -28.767 -180.196 0.293549 2.64194 -80 2 -25 10 39509 1 
141.422 -28.767 -180.196 0.293549 2.64194 -80 2 -25 10 39510 1 
141.412 -28.767 -180.196 0.293549 2.64194 -80 2 -25 10 39511 1 
141.403 -28.7669 -180.196 0.293549 2.64194 -80 2 -25 10 39512 1 
141.393 -28.7669 -180.196 0.293549 2.64194 -80 2 -25 10 39513 1 
141.383 -28.7669 -180.196 0.293549 2.64194 -80 2 -25 10 39514 1 
141.373 -28.7668 -180.196 0.293549 2.64194 -80 2 -25 10 39515 1 
141.363 -28.7668 -180.196 0.293549 2.64194 -80 2 -25 10 39516 1 
141.354 -28.7668 -180.196 0.293549 2.64194 -80 2 -25 10 39517 1 
141.344 -28.7667 -180.196 0.293549 2.64194 -80 2 -25 10 39518 1 
141.334 -28.7667 -180.196 0.293549 2.64194 -80 2 -25 10 39519 1 
141.324 -28.7667 -180.196 0.293549 2.64194 -80 2 -25 10 39520 1 
141.315 -28.7666 -180.196 0.293549 2.64194 -80 2 -25 10 39521 1 
141.305 -28.7666 -180.196 0.293549 2.64194 -80 2 -25 10 39522 1 
141.295 -28.7666 -180.196 0.293549 2.64194 -80 2 -25 10 39523 1 
141.285 -28.7665 -180.196 0.293549 2.64194 -80 2 -25 10 39524 1 
141.275 -28.7665 -180.196 0.293549 2.64194 -80 2 -25 10 39525 1 
141.266 -28.7665 -180.196 0.293549 2.64194 -80 2 -25 10 39526 1 
141.256 -28.7664 -180.196 0.293549 2.64194 -80 2 -25 10 39527 1 
141.246 -28.7664 -180.196 0.293549 2.64194 -80 2 -25 10 39528 1 
141.236 -28.7664 -180.196 0.293549 2.64194 -80 2 -25 10 39529 1 
141.227 -28.7663 -180.196 0.293549 2.64194 -80 2 -25 10 39530 1 
141.217 -28.7663 -180.196 0.293549 2.64194 -80 2 -25 10 39531 1 
141.207 -28.7663 -180.196 0.293549 2.64194 -80 2 -25 10 39532 1 
141.197 -28.7662 -180.196 0.293549 2.64194 -80 2 -25 10 39533 1 
141.187 -28.7662 -180.196 0.293549 2.64194 -80 2 -25 10 39534 1 
141.178 -28.7662 -180.196 0.293549 2.64194 -80 2 -25 10 39535 1 
141.168 -28.7661 -180.196 0.293549 2.64194 -80 2 -25 10 39536 1 
141.158 -28.7661 -180.196 0.293549 2.64194 -80 2 -25 10 39537 1 
141.148 -28.7661 -180.196 0.293549 2.64194 -80 2 -25 10 39538 1 
141.139 -28.766 -180.196 0.293549 2.64194 -80 2 -25 10 39539 1 
141.129 -28.766 -180.196 0.293549 2.64194 -80 2 -25 10 39540 1 
141.119 -28.766 -180.196 0.293549 2.64194 -80 2 -25 10 39541 1 
141.109 -28.7659 -180.197 0.293549 2.64194 -80 2 -25 10 39542 1 
141.099 -28.7659 -180.197 0.293549 2.64194 -80 2 -25 10 39543 1 
141.09 -28.7658 -180.197 0.293549 2.64194 -80 2 -25 10 39544 1 
141.08 -28.7658 -180.197 0.293549 2.64194 -80 2 -25 10 39545 1 
141.07 -28.7658 -180.197 0.293549 2.64194 -80 2 -25 10 39546 1 
141.06 -28.7657 -180.197 0.293549 2.64194 -80 2 -25 10 39547 1 
141.05 -28.7657 -180.197 0.293549 2.64194 -80 2 -25 10 39548 1 
141.041 -28.7657 -180.197 0.293549 2.64194 -80 2 -25 10 39549 1 
141.031 -28.7656 -180.197 0.293549 2.64194 -80 2 -25 10 39550 1 
141.021 -28.7656 -180.197 0.293549 2.64194 -80 2 -25 10 39551 1 
141.011 -28.7656 -180.197 0.293549 2.64194 -80 2 -25 10 39552 1 
141.002 -28.7655 -180.197 0.293549 2.64194 -80 2 -25 10 39553 1 
140.992 -28.7655 -180.197 0.293549 2.64194 -80 2 -25 10 39554 1 
140.982 -28.7655 -180.197 0.293549 2.64194 -80 2 -25 10 39555 1 
140.972 -28.7654 -180.197 0.293549 2.64194 -80 2 -25 10 39556 1 
140.962 -28.7654 -180.197 0.293549 2.64194 -80 2 -25 10 39557 1 
140.953 -28.7654 -180.197 0.293549 2.64194 -80 2 -25 10 39558 1 
140.943 -28.7653 -180.197 0.293549 2.64194 -80 2 -25 10 39559 1 
140.933 -28.7653 -180.197 0.293549 2.64194 -80 2 -25 10 39560 1 
140.923 -28.7653 -180.197 0.293549 2.64194 -80 2 -25 10 39561 1 
140.914 -28.7652 -180.197 0.293549 2.64194 -80 2 -25 10 39562 1 
140.904 -28.7652 -180.197 0.293549 2.64194 -80 2 -25 10 39563 1 
140.894 -28.7652 -180.197 0.293549 2.64194 -80 2 -25 10 39564 1 
140.884 -28.7651 -180.197 0.293549 2.64194 -80 2 -25 10 39565 1 
140.874 -28.7651 -180.197 0.293549 2.64194 -80 2 -25 10 39566 1 
140.865 -28.7651 -180.197 0.293549 2.64194 -80 2 -25 10 39567 1 
140.855 -28.765 -180.197 0.293549 2.64194 -80 2 -25 10 39568 1 
140.845 -28.765 -180.197 0.293549 2.64194 -80 2 -25 10 39569 1 
140.835 -28.765 -180.197 0.293549 2.64194 -80 2 -25 10 39570 1 
140.826 -28.7649 -180.197 0.293549 2.64194 -80 2 -25 10 39571 1 
140.816 -28.7649 -180.197 0.293549 2.64194 -80 2 -25 10 39572 1 
140.806 -28.7649 -180.197 0.293549 2.64194 -80 2 -25 10 39573 1 
140.796 -28.7648 -180.197 0.293549 2.64194 -80 2 -25 10 39574 1 
140.786 -28.7648 -180.197 0.293549 2.64194 -80 2 -25 10 39575 1 
140.777 -28.7647 -180.197 0.293549 2.64194 -80 2 -25 10 39576 1 
140.767 -28.7647 -180.197 0.293549 2.64194 -80 2 -25 10 39577 1 
140.757 -28.7647 -180.197 0.293549 2.64194 -80 2 -25 10 39578 1 
140.747 -28.7646 -180.197 0.293549 2.64194 -80 2 -25 10 39579 1 
140.737 -28.7646 -180.197 0.293549 2.64194 -80 2 -25 10 39580 1 
140.728 -28.7646 -180.197 0.293549 2.64194 -80 2 -25 10 39581 1 
140.718 -28.7645 -180.197 0.293549 2.64194 -80 2 -25 10 39582 1 
140.708 -28.7645 -180.197 0.293549 2.64194 -80 2 -25 10 39583 1 
140.698 -28.7645 -180.197 0.293549 2.64194 -80 2 -25 10 39584 1 
140.689 -28.7644 -180.197 0.293549 2.64194 -80 2 -25 10 39585 1 
140.679 -28.7644 -180.197 0.293549 2.64194 -80 2 -25 10 39586 1 
140.669 -28.7644 -180.197 0.293549 2.64194 -80 2 -25 10 39587 1 
140.659 -28.7643 -180.197 0.293549 2.64194 -80 2 -25 10 39588 1 
140.649 -28.7643 -180.197 0.293549 2.64194 -80 2 -25 10 39589 1 
140.64 -28.7643 -180.197 0.293549 2.64194 -80 2 -25 10 39590 1 
140.63 -28.7642 -180.197 0.293549 2.64194 -80 2 -25 10 39591 1 
140.62 -28.7642 -180.197 0.293549 2.64194 -80 2 -25 10 39592 1 
140.61 -28.7642 -180.197 0.293549 2.64194 -80 2 -25 10 39593 1 
140.601 -28.7641 -180.197 0.293549 2.64194 -80 2 -25 10 39594 1 
140.591 -28.7641 -180.197 0.293549 2.64194 -80 2 -25 10 39595 1 
140.581 -28.7641 -180.197 0.293549 2.64194 -80 2 -25 10 39596 1 
140.571 -28.764 -180.197 0.293549 2.64194 -80 2 -25 10 39597 1 
140.561 -28.764 -180.197 0.293549 2.64194 -80 2 -25 10 39598 1 
140.552 -28.764 -180.197 0.293549 2.64194 -80 2 -25 10 39599 1 
140.542 -28.7639 -180.197 0.293549 2.64194 -80 2 -25 10 39600 1 
140.532 -28.7639 -180.197 0.293549 2.64194 -80 2 -25 10 39601 1 
140.522 -28.7639 -180.197 0.293549 2.64194 -80 2 -25 10 39602 1 
140.513 -28.7638 -180.197 0.293549 2.64194 -80 2 -25 10 39603 1 
140.503 -28.7638 -180.197 0.293549 2.64194 -80 2 -25 10 39604 1 
140.493 -28.7638 -180.197 0.293549 2.64194 -80 2 -25 10 39605 1 
140.483 -28.7637 -180.197 0.293549 2.64194 -80 2 -25 10 39606 1 
140.473 -28.7637 -180.197 0.293549 2.64194 -80 2 -25 10 39607 1 
140.464 -28.7637 -180.197 0.293549 2.64194 -80 2 -25 10 39608 1 
140.454 -28.7636 -180.197 0.293549 2.64194 -80 2 -25 10 39609 1 
140.444 -28.7636 -180.197 0.293549 2.64194 -80 2 -25 10 39610 1 
140.434 -28.7635 -180.197 0.293549 2.64194 -80 2 -25 10 39611 1 
140.424 -28.7635 -180.197 0.293549 2.64194 -80 2 -25 10 39612 1 
140.415 -28.7635 -180.197 0.293549 2.64194 -80 2 -25 10 39613 1 
140.405 -28.7634 -180.197 0.293549 2.64194 -80 2 -25 10 39614 1 
140.395 -28.7634 -180.197 0.293549 2.64194 -80 2 -25 10 39615 1 
140.385 -28.7634 -180.197 0.293549 2.64194 -80 2 -25 10 39616 1 
140.376 -28.7633 -180.197 0.293549 2.64194 -80 2 -25 10 39617 1 
140.366 -28.7633 -180.197 0.293549 2.64194 -80 2 -25 10 39618 1 
140.356 -28.7633 -180.197 0.293549 2.64194 -80 2 -25 10 39619 1 
140.346 -28.7632 -180.197 0.293549 2.64194 -80 2 -25 10 39620 1 
140.336 -28.7632 -180.197 0.293549 2.64194 -80 2 -25 10 39621 1 
140.327 -28.7632 -180.197 0.293549 2.64194 -80 2 -25 10 39622 1 
140.317 -28.7631 -180.197 0.293549 2.64194 -80 2 -25 10 39623 1 
140.307 -28.7631 -180.197 0.293549 2.64194 -80 2 -25 10 39624 1 
140.297 -28.7631 -180.197 0.293549 2.64194 -80 2 -25 10 39625 1 
140.288 -28.763 -180.197 0.293549 2.64194 -80 2 -25 10 39626 1 
140.278 -28.763 -180.197 0.293549 2.64194 -80 2 -25 10 39627 1 
140.268 -28.763 -180.197 0.293549 2.64194 -80 2 -25 10 39628 1 
140.258 -28.7629 -180.197 0.293549 2.64194 -80 2 -25 10 39629 1 
140.248 -28.7629 -180.197 0.293549 2.64194 -80 2 -25 10 39630 1 
140.239 -28.7629 -180.197 0.293549 2.64194 -80 2 -25 10 39631 1 
140.229 -28.7628 -180.197 0.293549 2.64194 -80 2 -25 10 39632 1 
140.219 -28.7628 -180.197 0.293549 2.64194 -80 2 -25 10 39633 1 
140.209 -28.7628 -180.197 0.293549 2.64194 -80 2 -25 10 39634 1 
140.2 -28.7627 -180.197 0.293549 2.64194 -80 2 -25 10 39635 1 
140.19 -28.7627 -180.197 0.293549 2.64194 -80 2 -25 10 39636 1 
140.18 -28.7627 -180.197 0.293549 2.64194 -80 2 -25 10 39637 1 
140.17 -28.7626 -180.197 0.293549 2.64194 -80 2 -25 10 39638 1 
140.16 -28.7626 -180.197 0.293549 2.64194 -80 2 -25 10 39639 1 
140.151 -28.7626 -180.197 0.293549 2.64194 -80 2 -25 10 39640 1 
140.141 -28.7625 -180.197 0.293549 2.64194 -80 2 -25 10 39641 1 
140.131 -28.7625 -180.197 0.293549 2.64194 -80 2 -25 10 39642 1 
140.121 -28.7624 -180.197 0.293549 2.64194 -80 2 -25 10 39643 1 
140.112 -28.7624 -180.197 0.293549 2.64194 -80 2 -25 10 39644 1 
140.102 -28.7624 -180.197 0.293549 2.64194 -80 2 -25 10 39645 1 
140.092 -28.7623 -180.197 0.293549 2.64194 -80 2 -25 10 39646 1 
140.082 -28.7623 -180.197 0.293549 2.64194 -80 2 -25 10 39647 1 
140.072 -28.7623 -180.197 0.293549 2.64194 -80 2 -25 10 39648 1 
140.063 -28.7622 -180.197 0.293549 2.64194 -80 2 -25 10 39649 1 
140.053 -28.7622 -180.197 0.293549 2.64194 -80 2 -25 10 39650 1 
140.043 -28.7622 -180.197 0.293549 2.64194 -80 2 -25 10 39651 1 
140.033 -28.7621 -180.197 0.293549 2.64194 -80 2 -25 10 39652 1 
140.023 -28.7621 -180.197 0.293549 2.64194 -80 2 -25 10 39653 1 
140.014 -28.7621 -180.197 0.293549 2.64194 -80 2 -25 10 39654 1 
140.004 -28.762 -180.197 0.293549 2.64194 -80 2 -25 10 39655 1 
139.994 -28.762 -180.197 0.293549 2.64194 -80 2 -25 10 39656 1 
139.984 -28.762 -180.197 0.293549 2.64194 -80 2 -25 10 39657 1 
139.975 -28.7619 -180.197 0.293549 2.64194 -80 2 -25 10 39658 1 
139.965 -28.7619 -180.197 0.293549 2.64194 -80 2 -25 10 39659 1 
139.955 -28.7619 -180.197 0.293549 2.64194 -80 2 -25 10 39660 1 
139.945 -28.7618 -180.197 0.293549 2.64194 -80 2 -25 10 39661 1 
139.935 -28.7618 -180.197 0.293549 2.64194 -80 2 -25 10 39662 1 
139.926 -28.7618 -180.197 0.293549 2.64194 -80 2 -25 10 39663 1 
139.916 -28.7617 -180.197 0.293549 2.64194 -80 2 -25 10 39664 1 
139.906 -28.7617 -180.197 0.293549 2.64194 -80 2 -25 10 39665 1 
139.896 -28.7617 -180.197 0.293549 2.64194 -80 2 -25 10 39666 1 
139.887 -28.7616 -180.197 0.293549 2.64194 -80 2 -25 10 39667 1 
139.877 -28.7616 -180.197 0.293549 2.64194 -80 2 -25 10 39668 1 
139.867 -28.7616 -180.197 0.293549 2.64194 -80 2 -25 10 39669 1 
139.857 -28.7615 -180.197 0.293549 2.64194 -80 2 -25 10 39670 1 
139.847 -28.7615 -180.197 0.293549 2.64194 -80 2 -25 10 39671 1 
139.838 -28.7615 -180.197 0.293549 2.64194 -80 2 -25 10 39672 1 
139.828 -28.7614 -180.197 0.293549 2.64194 -80 2 -25 10 39673 1 
139.818 -28.7614 -180.197 0.293549 2.64194 -80 2 -25 10 39674 1 
139.808 -28.7614 -180.197 0.293549 2.64194 -80 2 -25 10 39675 1 
139.799 -28.7613 -180.197 0.293549 2.64194 -80 2 -25 10 39676 1 
139.789 -28.7613 -180.197 0.293549 2.64194 -80 2 -25 10 39677 1 
139.779 -28.7612 -180.197 0.293549 2.64194 -80 2 -25 10 39678 1 
139.769 -28.7612 -180.197 0.293549 2.64194 -80 2 -25 10 39679 1 
139.759 -28.7612 -180.197 0.293549 2.64194 -80 2 -25 10 39680 1 
139.75 -28.7611 -180.197 0.293549 2.64194 -80 2 -25 10 39681 1 
139.74 -28.7611 -180.197 0.293549 2.64194 -80 2 -25 10 39682 1 
139.73 -28.7611 -180.197 0.293549 2.64194 -80 2 -25 10 39683 1 
139.72 -28.761 -180.197 0.293549 2.64194 -80 2 -25 10 39684 1 
139.71 -28.761 -180.198 0.293549 2.64194 -80 2 -25 10 39685 1 
139.701 -28.761 -180.198 0.293549 2.64194 -80 2 -25 10 39686 1 
139.691 -28.7609 -180.198 0.293549 2.64194 -80 2 -25 10 39687 1 
139.681 -28.7609 -180.198 0.293549 2.64194 -80 2 -25 10 39688 1 
139.671 -28.7609 -180.198 0.293549 2.64194 -80 2 -25 10 39689 1 
139.662 -28.7608 -180.198 0.293549 2.64194 -80 2 -25 10 39690 1 
139.652 -28.7608 -180.198 0.293549 2.64194 -80 2 -25 10 39691 1 
139.642 -28.7608 -180.198 0.293549 2.64194 -80 2 -25 10 39692 1 
139.632 -28.7607 -180.198 0.293549 2.64194 -80 2 -25 10 39693 1 
139.622 -28.7607 -180.198 0.293549 2.64194 -80 2 -25 10 39694 1 
139.613 -28.7607 -180.198 0.293549 2.64194 -80 2 -25 10 39695 1 
139.603 -28.7606 -180.198 0.293549 2.64194 -80 2 -25 10 39696 1 
139.593 -28.7606 -180.198 0.293549 2.64194 -80 2 -25 10 39697 1 
139.583 -28.7606 -180.198 0.293549 2.64194 -80 2 -25 10 39698 1 
139.574 -28.7605 -180.198 0.293549 2.64194 -80 2 -25 10 39699 1 
139.564 -28.7605 -180.198 0.293549 2.64194 -80 2 -25 10 39700 1 
139.554 -28.7605 -180.198 0.293549 2.64194 -80 2 -25 10 39701 1 
139.544 -28.7604 -180.198 0.293549 2.64194 -80 2 -25 10 39702 1 
139.534 -28.7604 -180.198 0.293549 2.64194 -80 2 -25 10 39703 1 
139.525 -28.7604 -180.198 0.293549 2.64194 -80 2 -25 10 39704 1 
139.515 -28.7603 -180.198 0.293549 2.64194 -80 2 -25 10 39705 1 
139.505 -28.7603 -180.198 0.293549 2.64194 -80 2 -25 10 39706 1 
139.495 -28.7603 -180.198 0.293549 2.64194 -80 2 -25 10 39707 1 
139.486 -28.7602 -180.198 0.293549 2.64194 -80 2 -25 10 39708 1 
139.476 -28.7602 -180.198 0.293549 2.64194 -80 2 -25 10 39709 1 
139.466 -28.7601 -180.198 0.293549 2.64194 -80 2 -25 10 39710 1 
139.456 -28.7601 -180.198 0.293549 2.64194 -80 2 -25 10 39711 1 
139.446 -28.7601 -180.198 0.293549 2.64194 -80 2 -25 10 39712 1 
139.437 -28.76 -180.198 0.293549 2.64194 -80 2 -25 10 39713 1 
139.427 -28.76 -180.198 0.293549 2.64194 -80 2 -25 10 39714 1 
139.417 -28.76 -180.198 0.293549 2.64194 -80 2 -25 10 39715 1 
139.407 -28.7599 -180.198 0.293549 2.64194 -80 2 -25 10 39716 1 
139.398 -28.7599 -180.198 0.293549 2.64194 -80 2 -25 10 39717 1 
139.388 -28.7599 -180.198 0.293549 2.64194 -80 2 -25 10 39718 1 
139.378 -28.7598 -180.198 0.293549 2.64194 -80 2 -25 10 39719 1 
139.368 -28.7598 -180.198 0.293549 2.64194 -80 2 -25 10 39720 1 
139.358 -28.7598 -180.198 0.293549 2.64194 -80 2 -25 10 39721 1 
139.349 -28.7597 -180.198 0.293549 2.64194 -80 2 -25 10 39722 1 
139.339 -28.7597 -180.198 0.293549 2.64194 -80 2 -25 10 39723 1 
139.329 -28.7597 -180.198 0.293549 2.64194 -80 2 -25 10 39724 1 
139.319 -28.7596 -180.198 0.293549 2.64194 -80 2 -25 10 39725 1 
139.309 -28.7596 -180.198 0.293549 2.64194 -80 2 -25 10 39726 1 
139.3 -28.7596 -180.198 0.293549 2.64194 -80 2 -25 10 39727 1 
139.29 -28.7595 -180.198 0.293549 2.64194 -80 2 -25 10 39728 1 
139.28 -28.7595 -180.198 0.293549 2.64194 -80 2 -25 10 39729 1 
139.27 -28.7595 -180.198 0.293549 2.64194 -80 2 -25 10 39730 1 
139.261 -28.7594 -180.198 0.293549 2.64194 -80 2 -25 10 39731 1 
139.251 -28.7594 -180.198 0.293549 2.64194 -80 2 -25 10 39732 1 
139.241 -28.7594 -180.198 0.293549 2.64194 -80 2 -25 10 39733 1 
139.231 -28.7593 -180.198 0.293549 2.64194 -80 2 -25 10 39734 1 
139.221 -28.7593 -180.198 0.293549 2.64194 -80 2 -25 10 39735 1 
139.212 -28.7593 -180.198 0.293549 2.64194 -80 2 -25 10 39736 1 
139.202 -28.7592 -180.198 0.293549 2.64194 -80 2 -25 10 39737 1 
139.192 -28.7592 -180.198 0.293549 2.64194 -80 2 -25 10 39738 1 
139.182 -28.7592 -180.198 0.293549 2.64194 -80 2 -25 10 39739 1 
139.173 -28.7591 -180.198 0.293549 2.64194 -80 2 -25 10 39740 1 
139.163 -28.7591 -180.198 0.293549 2.64194 -80 2 -25 10 39741 1 
139.153 -28.7591 -180.198 0.293549 2.64194 -80 2 -25 10 39742 1 
139.143 -28.759 -180.198 0.293549 2.64194 -80 2 -25 10 39743 1 
139.133 -28.759 -180.198 0.293549 2.64194 -80 2 -25 10 39744 1 
139.124 -28.7589 -180.198 0.293549 2.64194 -80 2 -25 10 39745 1 
139.114 -28.7589 -180.198 0.293549 2.64194 -80 2 -25 10 39746 1 
139.104 -28.7589 -180.198 0.293549 2.64194 -80 2 -25 10 39747 1 
139.094 -28.7588 -180.198 0.293549 2.64194 -80 2 -25 10 39748 1 
139.085 -28.7588 -180.198 0.293549 2.64194 -80 2 -25 10 39749 1 
139.075 -28.7588 -180.198 0.293549 2.64194 -80 2 -25 10 39750 1 
139.065 -28.7587 -180.198 0.293549 2.64194 -80 2 -25 10 39751 1 
139.055 -28.7587 -180.198 0.293549 2.64194 -80 2 -25 10 39752 1 
139.045 -28.7587 -180.198 0.293549 2.64194 -80 2 -25 10 39753 1 
139.036 -28.7586 -180.198 0.293549 2.64194 -80 2 -25 10 39754 1 
139.026 -28.7586 -180.198 0.293549 2.64194 -80 2 -25 10 39755 1 
139.016 -28.7586 -180.198 0.293549 2.64194 -80 2 -25 10 39756 1 
139.006 -28.7585 -180.198 0.293549 2.64194 -80 2 -25 10 39757 1 
138.996 -28.7585 -180.198 0.293549 2.64194 -80 2 -25 10 39758 1 
138.987 -28.7585 -180.198 0.293549 2.64194 -80 2 -25 10 39759 1 
138.977 -28.7584 -180.198 0.293549 2.64194 -80 2 -25 10 39760 1 
138.967 -28.7584 -180.198 0.293549 2.64194 -80 2 -25 10 39761 1 
138.957 -28.7584 -180.198 0.293549 2.64194 -80 2 -25 10 39762 1 
138.948 -28.7583 -180.198 0.293549 2.64194 -80 2 -25 10 39763 1 
138.938 -28.7583 -180.198 0.293549 2.64194 -80 2 -25 10 39764 1 
138.928 -28.7583 -180.198 0.293549 2.64194 -80 2 -25 10 39765 1 
138.918 -28.7582 -180.198 0.293549 2.64194 -80 2 -25 10 39766 1 
138.908 -28.7582 -180.198 0.293549 2.64194 -80 2 -25 10 39767 1 
138.899 -28.7582 -180.198 0.293549 2.64194 -80 2 -25 10 39768 1 
138.889 -28.7581 -180.198 0.293549 2.64194 -80 2 -25 10 39769 1 
138.879 -28.7581 -180.198 0.293549 2.64194 -80 2 -25 10 39770 1 
138.869 -28.7581 -180.198 0.293549 2.64194 -80 2 -25 10 39771 1 
138.86 -28.758 -180.198 0.293549 2.64194 -80 2 -25 10 39772 1 
138.85 -28.758 -180.198 0.293549 2.64194 -80 2 -25 10 39773 1 
138.84 -28.758 -180.198 0.293549 2.64194 -80 2 -25 10 39774 1 
138.83 -28.7579 -180.198 0.293549 2.64194 -80 2 -25 10 39775 1 
138.82 -28.7579 -180.198 0.293549 2.64194 -80 2 -25 10 39776 1 
138.811 -28.7578 -180.198 0.293549 2.64194 -80 2 -25 10 39777 1 
138.801 -28.7578 -180.198 0.293549 2.64194 -80 2 -25 10 39778 1 
138.791 -28.7578 -180.198 0.293549 2.64194 -80 2 -25 10 39779 1 
138.781 -28.7577 -180.198 0.293549 2.64194 -80 2 -25 10 39780 1 
138.772 -28.7577 -180.198 0.293549 2.64194 -80 2 -25 10 39781 1 
138.762 -28.7577 -180.198 0.293549 2.64194 -80 2 -25 10 39782 1 
138.752 -28.7576 -180.198 0.293549 2.64194 -80 2 -25 10 39783 1 
138.742 -28.7576 -180.198 0.293549 2.64194 -80 2 -25 10 39784 1 
138.732 -28.7576 -180.198 0.293549 2.64194 -80 2 -25 10 39785 1 
138.723 -28.7575 -180.198 0.293549 2.64194 -80 2 -25 10 39786 1 
138.713 -28.7575 -180.198 0.293549 2.64194 -80 2 -25 10 39787 1 
138.703 -28.7575 -180.198 0.293549 2.64194 -80 2 -25 10 39788 1 
138.693 -28.7574 -180.198 0.293549 2.64194 -80 2 -25 10 39789 1 
138.684 -28.7574 -180.198 0.293549 2.64194 -80 2 -25 10 39790 1 
138.674 -28.7574 -180.198 0.293549 2.64194 -80 2 -25 10 39791 1 
138.664 -28.7573 -180.198 0.293549 2.64194 -80 2 -25 10 39792 1 
138.654 -28.7573 -180.198 0.293549 2.64194 -80 2 -25 10 39793 1 
138.644 -28.7573 -180.198 0.293549 2.64194 -80 2 -25 10 39794 1 
138.635 -28.7572 -180.198 0.293549 2.64194 -80 2 -25 10 39795 1 
138.625 -28.7572 -180.198 0.293549 2.64194 -80 2 -25 10 39796 1 
138.615 -28.7572 -180.198 0.293549 2.64194 -80 2 -25 10 39797 1 
138.605 -28.7571 -180.198 0.293549 2.64194 -80 2 -25 10 39798 1 
138.595 -28.7571 -180.198 0.293549 2.64194 -80 2 -25 10 39799 1 
138.586 -28.7571 -180.198 0.293549 2.64194 -80 2 -25 10 39800 1 
138.576 -28.757 -180.198 0.293549 2.64194 -80 2 -25 10 39801 1 
138.566 -28.757 -180.198 0.293549 2.64194 -80 2 -25 10 39802 1 
138.556 -28.757 -180.198 0.293549 2.64194 -80 2 -25 10 39803 1 
138.547 -28.7569 -180.198 0.293549 2.64194 -80 2 -25 10 39804 1 
138.537 -28.7569 -180.198 0.293549 2.64194 -80 2 -25 10 39805 1 
138.527 -28.7569 -180.198 0.293549 2.64194 -80 2 -25 10 39806 1 
138.517 -28.7568 -180.198 0.293549 2.64194 -80 2 -25 10 39807 1 
138.507 -28.7568 -180.198 0.293549 2.64194 -80 2 -25 10 39808 1 
138.498 -28.7568 -180.198 0.293549 2.64194 -80 2 -25 10 39809 1 
138.488 -28.7567 -180.198 0.293549 2.64194 -80 2 -25 10 39810 1 
138.478 -28.7567 -180.198 0.293549 2.64194 -80 2 -25 10 39811 1 
138.468 -28.7566 -180.198 0.293549 2.64194 -80 2 -25 10 39812 1 
138.459 -28.7566 -180.198 0.293549 2.64194 -80 2 -25 10 39813 1 
138.449 -28.7566 -180.198 0.293549 2.64194 -80 2 -25 10 39814 1 
138.439 -28.7565 -180.198 0.293549 2.64194 -80 2 -25 10 39815 1 
138.429 -28.7565 -180.198 0.293549 2.64194 -80 2 -25 10 39816 1 
138.419 -28.7565 -180.198 0.293549 2.64194 -80 2 -25 10 39817 1 
138.41 -28.7564 -180.198 0.293549 2.64194 -80 2 -25 10 39818 1 
138.4 -28.7564 -180.198 0.293549 2.64194 -80 2 -25 10 39819 1 
138.39 -28.7564 -180.198 0.293549 2.64194 -80 2 -25 10 39820 1 
138.38 -28.7563 -180.198 0.293549 2.64194 -80 2 -25 10 39821 1 
138.371 -28.7563 -180.198 0.293549 2.64194 -80 2 -25 10 39822 1 
138.361 -28.7563 -180.198 0.293549 2.64194 -80 2 -25 10 39823 1 
138.351 -28.7562 -180.198 0.293549 2.64194 -80 2 -25 10 39824 1 
138.341 -28.7562 -180.199 0.293549 2.64194 -80 2 -25 10 39825 1 
138.331 -28.7562 -180.199 0.293549 2.64194 -80 2 -25 10 39826 1 
138.322 -28.7561 -180.199 0.293549 2.64194 -80 2 -25 10 39827 1 
138.312 -28.7561 -180.199 0.293549 2.64194 -80 2 -25 10 39828 1 
138.302 -28.7561 -180.199 0.293549 2.64194 -80 2 -25 10 39829 1 
138.292 -28.756 -180.199 0.293549 2.64194 -80 2 -25 10 39830 1 
138.282 -28.756 -180.199 0.293549 2.64194 -80 2 -25 10 39831 1 
138.273 -28.756 -180.199 0.293549 2.64194 -80 2 -25 10 39832 1 
138.263 -28.7559 -180.199 0.293549 2.64194 -80 2 -25 10 39833 1 
138.253 -28.7559 -180.199 0.293549 2.64194 -80 2 -25 10 39834 1 
138.243 -28.7559 -180.199 0.293549 2.64194 -80 2 -25 10 39835 1 
138.234 -28.7558 -180.199 0.293549 2.64194 -80 2 -25 10 39836 1 
138.224 -28.7558 -180.199 0.293549 2.64194 -80 2 -25 10 39837 1 
138.214 -28.7558 -180.199 0.293549 2.64194 -80 2 -25 10 39838 1 
138.204 -28.7557 -180.199 0.293549 2.64194 -80 2 -25 10 39839 1 
138.194 -28.7557 -180.199 0.293549 2.64194 -80 2 -25 10 39840 1 
138.185 -28.7557 -180.199 0.293549 2.64194 -80 2 -25 10 39841 1 
138.175 -28.7556 -180.199 0.293549 2.64194 -80 2 -25 10 39842 1 
138.165 -28.7556 -180.199 0.293549 2.64194 -80 2 -25 10 39843 1 
138.155 -28.7555 -180.199 0.293549 2.64194 -80 2 -25 10 39844 1 
138.146 -28.7555 -180.199 0.293549 2.64194 -80 2 -25 10 39845 1 
138.136 -28.7555 -180.199 0.293549 2.64194 -80 2 -25 10 39846 1 
138.126 -28.7554 -180.199 0.293549 2.64194 -80 2 -25 10 39847 1 
138.116 -28.7554 -180.199 0.293549 2.64194 -80 2 -25 10 39848 1 
138.106 -28.7554 -180.199 0.293549 2.64194 -80 2 -25 10 39849 1 
138.097 -28.7553 -180.199 0.293549 2.64194 -80 2 -25 10 39850 1 
138.087 -28.7553 -180.199 0.293549 2.64194 -80 2 -25 10 39851 1 
138.077 -28.7553 -180.199 0.293549 2.64194 -80 2 -25 10 39852 1 
138.067 -28.7552 -180.199 0.293549 2.64194 -80 2 -25 10 39853 1 
138.058 -28.7552 -180.199 0.293549 2.64194 -80 2 -25 10 39854 1 
138.048 -28.7552 -180.199 0.293549 2.64194 -80 2 -25 10 39855 1 
138.038 -28.7551 -180.199 0.293549 2.64194 -80 2 -25 10 39856 1 
138.028 -28.7551 -180.199 0.293549 2.64194 -80 2 -25 10 39857 1 
138.018 -28.7551 -180.199 0.293549 2.64194 -80 2 -25 10 39858 1 
138.009 -28.755 -180.199 0.293549 2.64194 -80 2 -25 10 39859 1 
137.999 -28.755 -180.199 0.293549 2.64194 -80 2 -25 10 39860 1 
137.989 -28.755 -180.199 0.293549 2.64194 -80 2 -25 10 39861 1 
137.979 -28.7549 -180.199 0.293549 2.64194 -80 2 -25 10 39862 1 
137.969 -28.7549 -180.199 0.293549 2.64194 -80 2 -25 10 39863 1 
137.96 -28.7549 -180.199 0.293549 2.64194 -80 2 -25 10 39864 1 
137.95 -28.7548 -180.199 0.293549 2.64194 -80 2 -25 10 39865 1 
137.94 -28.7548 -180.199 0.293549 2.64194 -80 2 -25 10 39866 1 
137.93 -28.7548 -180.199 0.293549 2.64194 -80 2 -25 10 39867 1 
137.921 -28.7547 -180.199 0.293549 2.64194 -80 2 -25 10 39868 1 
137.911 -28.7547 -180.199 0.293549 2.64194 -80 2 -25 10 39869 1 
137.901 -28.7547 -180.199 0.293549 2.64194 -80 2 -25 10 39870 1 
137.891 -28.7546 -180.199 0.293549 2.64194 -80 2 -25 10 39871 1 
137.881 -28.7546 -180.199 0.293549 2.64194 -80 2 -25 10 39872 1 
137.872 -28.7546 -180.199 0.293549 2.64194 -80 2 -25 10 39873 1 
137.862 -28.7545 -180.199 0.293549 2.64194 -80 2 -25 10 39874 1 
137.852 -28.7545 -180.199 0.293549 2.64194 -80 2 -25 10 39875 1 
137.842 -28.7544 -180.199 0.293549 2.64194 -80 2 -25 10 39876 1 
137.833 -28.7544 -180.199 0.293549 2.64194 -80 2 -25 10 39877 1 
137.823 -28.7544 -180.199 0.293549 2.64194 -80 2 -25 10 39878 1 
137.813 -28.7543 -180.199 0.293549 2.64194 -80 2 -25 10 39879 1 
137.803 -28.7543 -180.199 0.293549 2.64194 -80 2 -25 10 39880 1 
137.793 -28.7543 -180.199 0.293549 2.64194 -80 2 -25 10 39881 1 
137.784 -28.7542 -180.199 0.293549 2.64194 -80 2 -25 10 39882 1 
137.774 -28.7542 -180.199 0.293549 2.64194 -80 2 -25 10 39883 1 
137.764 -28.7542 -180.199 0.293549 2.64194 -80 2 -25 10 39884 1 
137.754 -28.7541 -180.199 0.293549 2.64194 -80 2 -25 10 39885 1 
137.745 -28.7541 -180.199 0.293549 2.64194 -80 2 -25 10 39886 1 
137.735 -28.7541 -180.199 0.293549 2.64194 -80 2 -25 10 39887 1 
137.725 -28.754 -180.199 0.293549 2.64194 -80 2 -25 10 39888 1 
137.715 -28.754 -180.199 0.293549 2.64194 -80 2 -25 10 39889 1 
137.705 -28.754 -180.199 0.293549 2.64194 -80 2 -25 10 39890 1 
137.696 -28.7539 -180.199 0.293549 2.64194 -80 2 -25 10 39891 1 
137.686 -28.7539 -180.199 0.293549 2.64194 -80 2 -25 10 39892 1 
137.676 -28.7539 -180.199 0.293549 2.64194 -80 2 -25 10 39893 1 
137.666 -28.7538 -180.199 0.293549 2.64194 -80 2 -25 10 39894 1 
137.657 -28.7538 -180.199 0.293549 2.64194 -80 2 -25 10 39895 1 
137.647 -28.7538 -180.199 0.293549 2.64194 -80 2 -25 10 39896 1 
137.637 -28.7537 -180.199 0.293549 2.64194 -80 2 -25 10 39897 1 
137.627 -28.7537 -180.199 0.293549 2.64194 -80 2 -25 10 39898 1 
137.617 -28.7537 -180.199 0.293549 2.64194 -80 2 -25 10 39899 1 
137.608 -28.7536 -180.199 0.293549 2.64194 -80 2 -25 10 39900 1 
137.598 -28.7536 -180.199 0.293549 2.64194 -80 2 -25 10 39901 1 
137.588 -28.7536 -180.199 0.293549 2.64194 -80 2 -25 10 39902 1 
137.578 -28.7535 -180.199 0.293549 2.64194 -80 2 -25 10 39903 1 
137.568 -28.7535 -180.199 0.293549 2.64194 -80 2 -25 10 39904 1 
137.559 -28.7535 -180.199 0.293549 2.64194 -80 2 -25 10 39905 1 
137.549 -28.7534 -180.199 0.293549 2.64194 -80 2 -25 10 39906 1 
137.539 -28.7534 -180.199 0.293549 2.64194 -80 2 -25 10 39907 1 
137.529 -28.7534 -180.199 0.293549 2.64194 -80 2 -25 10 39908 1 
137.52 -28.7533 -180.199 0.293549 2.64194 -80 2 -25 10 39909 1 
137.51 -28.7533 -180.199 0.293549 2.64194 -80 2 -25 10 39910 1 
137.5 -28.7532 -180.199 0.293549 2.64194 -80 2 -25 10 39911 1 
137.49 -28.7532 -180.199 0.293549 2.64194 -80 2 -25 10 39912 1 
137.48 -28.7532 -180.199 0.293549 2.64194 -80 2 -25 10 39913 1 
137.471 -28.7531 -180.199 0.293549 2.64194 -80 2 -25 10 39914 1 
137.461 -28.7531 -180.199 0.293549 2.64194 -80 2 -25 10 39915 1 
137.451 -28.7531 -180.199 0.293549 2.64194 -80 2 -25 10 39916 1 
137.441 -28.753 -180.199 0.293549 2.64194 -80 2 -25 10 39917 1 
137.432 -28.753 -180.199 0.293549 2.64194 -80 2 -25 10 39918 1 
137.422 -28.753 -180.199 0.293549 2.64194 -80 2 -25 10 39919 1 
137.412 -28.7529 -180.199 0.293549 2.64194 -80 2 -25 10 39920 1 
137.402 -28.7529 -180.199 0.293549 2.64194 -80 2 -25 10 39921 1 
137.392 -28.7529 -180.199 0.293549 2.64194 -80 2 -25 10 39922 1 
137.383 -28.7528 -180.199 0.293549 2.64194 -80 2 -25 10 39923 1 
137.373 -28.7528 -180.199 0.293549 2.64194 -80 2 -25 10 39924 1 
137.363 -28.7528 -180.199 0.293549 2.64194 -80 2 -25 10 39925 1 
137.353 -28.7527 -180.199 0.293549 2.64194 -80 2 -25 10 39926 1 
137.344 -28.7527 -180.199 0.293549 2.64194 -80 2 -25 10 39927 1 
137.334 -28.7527 -180.199 0.293549 2.64194 -80 2 -25 10 39928 1 
137.324 -28.7526 -180.199 0.293549 2.64194 -80 2 -25 10 39929 1 
137.314 -28.7526 -180.199 0.293549 2.64194 -80 2 -25 10 39930 1 
137.304 -28.7526 -180.199 0.293549 2.64194 -80 2 -25 10 39931 1 
137.295 -28.7525 -180.199 0.293549 2.64194 -80 2 -25 10 39932 1 
137.285 -28.7525 -180.199 0.293549 2.64194 -80 2 -25 10 39933 1 
137.275 -28.7525 -180.199 0.293549 2.64194 -80 2 -25 10 39934 1 
137.265 -28.7524 -180.199 0.293549 2.64194 -80 2 -25 10 39935 1 
137.255 -28.7524 -180.199 0.293549 2.64194 -80 2 -25 10 39936 1 
137.246 -28.7524 -180.199 0.293549 2.64194 -80 2 -25 10 39937 1 
137.236 -28.7523 -180.199 0.293549 2.64194 -80 2 -25 10 39938 1 
137.226 -28.7523 -180.199 0.293549 2.64194 -80 2 -25 10 39939 1 
137.216 -28.7523 -180.199 0.293549 2.64194 -80 2 -25 10 39940 1 
137.207 -28.7522 -180.199 0.293549 2.64194 -80 2 -25 10 39941 1 
137.197 -28.7522 -180.199 0.293549 2.64194 -80 2 -25 10 39942 1 
137.187 -28.7521 -180.199 0.293549 2.64194 -80 2 -25 10 39943 1 
137.177 -28.7521 -180.199 0.293549 2.64194 -80 2 -25 10 39944 1 
137.167 -28.7521 -180.199 0.293549 2.64194 -80 2 -25 10 39945 1 
137.158 -28.752 -180.199 0.293549 2.64194 -80 2 -25 10 39946 1 
137.148 -28.752 -180.199 0.293549 2.64194 -80 2 -25 10 39947 1 
137.138 -28.752 -180.199 0.293549 2.64194 -80 2 -25 10 39948 1 
137.128 -28.7519 -180.199 0.293549 2.64194 -80 2 -25 10 39949 1 
137.119 -28.7519 -180.199 0.293549 2.64194 -80 2 -25 10 39950 1 
137.109 -28.7519 -180.199 0.293549 2.64194 -80 2 -25 10 39951 1 
137.099 -28.7518 -180.199 0.293549 2.64194 -80 2 -25 10 39952 1 
137.089 -28.7518 -180.199 0.293549 2.64194 -80 2 -25 10 39953 1 
137.079 -28.7518 -180.199 0.293549 2.64194 -80 2 -25 10 39954 1 
137.07 -28.7517 -180.199 0.293549 2.64194 -80 2 -25 10 39955 1 
137.06 -28.7517 -180.199 0.293549 2.64194 -80 2 -25 10 39956 1 
137.05 -28.7517 -180.199 0.293549 2.64194 -80 2 -25 10 39957 1 
137.04 -28.7516 -180.199 0.293549 2.64194 -80 2 -25 10 39958 1 
137.031 -28.7516 -180.199 0.293549 2.64194 -80 2 -25 10 39959 1 
137.021 -28.7516 -180.199 0.293549 2.64194 -80 2 -25 10 39960 1 
137.011 -28.7515 -180.199 0.293549 2.64194 -80 2 -25 10 39961 1 
137.001 -28.7515 -180.199 0.293549 2.64194 -80 2 -25 10 39962 1 
136.991 -28.7515 -180.199 0.293549 2.64194 -80 2 -25 10 39963 1 
136.982 -28.7514 -180.2 0.293549 2.64194 -80 2 -25 10 39964 1 
136.972 -28.7514 -180.2 0.293549 2.64194 -80 2 -25 10 39965 1 
136.962 -28.7514 -180.2 0.293549 2.64194 -80 2 -25 10 39966 1 
136.952 -28.7513 -180.2 0.293549 2.64194 -80 2 -25 10 39967 1 
136.943 -28.7513 -180.2 0.293549 2.64194 -80 2 -25 10 39968 1 
136.933 -28.7513 -180.2 0.293549 2.64194 -80 2 -25 10 39969 1 
136.923 -28.7512 -180.2 0.293549 2.64194 -80 2 -25 10 39970 1 
136.913 -28.7512 -180.2 0.293549 2.64194 -80 2 -25 10 39971 1 
136.903 -28.7512 -180.2 0.293549 2.64194 -80 2 -25 10 39972 1 
136.894 -28.7511 -180.2 0.293549 2.64194 -80 2 -25 10 39973 1 
136.884 -28.7511 -180.2 0.293549 2.64194 -80 2 -25 10 39974 1 
136.874 -28.7511 -180.2 0.293549 2.64194 -80 2 -25 10 39975 1 
136.864 -28.751 -180.2 0.293549 2.64194 -80 2 -25 10 39976 1 
136.854 -28.751 -180.2 0.293549 2.64194 -80 2 -25 10 39977 1 
136.845 -28.7509 -180.2 0.293549 2.64194 -80 2 -25 10 39978 1 
136.835 -28.7509 -180.2 0.293549 2.64194 -80 2 -25 10 39979 1 
136.825 -28.7509 -180.2 0.293549 2.64194 -80 2 -25 10 39980 1 
136.815 -28.7508 -180.2 0.293549 2.64194 -80 2 -25 10 39981 1 
136.806 -28.7508 -180.2 0.293549 2.64194 -80 2 -25 10 39982 1 
136.796 -28.7508 -180.2 0.293549 2.64194 -80 2 -25 10 39983 1 
136.786 -28.7507 -180.2 0.293549 2.64194 -80 2 -25 10 39984 1 
136.776 -28.7507 -180.2 0.293549 2.64194 -80 2 -25 10 39985 1 
136.766 -28.7507 -180.2 0.293549 2.64194 -80 2 -25 10 39986 1 
136.757 -28.7506 -180.2 0.293549 2.64194 -80 2 -25 10 39987 1 
136.747 -28.7506 -180.2 0.293549 2.64194 -80 2 -25 10 39988 1 
136.737 -28.7506 -180.2 0.293549 2.64194 -80 2 -25 10 39989 1 
136.727 -28.7505 -180.2 0.293549 2.64194 -80 2 -25 10 39990 1 
136.718 -28.7505 -180.2 0.293549 2.64194 -80 2 -25 10 39991 1 
136.708 -28.7505 -180.2 0.293549 2.64194 -80 2 -25 10 39992 1 
136.698 -28.7504 -180.2 0.293549 2.64194 -80 2 -25 10 39993 1 
136.688 -28.7504 -180.2 0.293549 2.64194 -80 2 -25 10 39994 1 
136.678 -28.7504 -180.2 0.293549 2.64194 -80 2 -25 10 39995 1 
136.669 -28.7503 -180.2 0.293549 2.64194 -80 2 -25 10 39996 1 
136.659 -28.7503 -180.2 0.293549 2.64194 -80 2 -25 10 39997 1 
136.649 -28.7503 -180.2 0.293549 2.64194 -80 2 -25 10 39998 1 
136.639 -28.7502 -180.2 0.293549 2.64194 -80 2 -25 10 39999 1 
136.63 -28.7502 -180.2 0.293549 2.64194 -80 2 -25 10 40000 1 
136.62 -28.7502 -180.2 0.293549 2.64194 -80 2 -25 10 40001 1 
136.61 -28.7501 -180.2 0.293549 2.64194 -80 2 -25 10 40002 1 
136.6 -28.7501 -180.2 0.293549 2.64194 -80 2 -25 10 40003 1 
136.59 -28.7501 -180.2 0.293549 2.64194 -80 2 -25 10 40004 1 
136.581 -28.75 -180.2 0.293549 2.64194 -80 2 -25 10 40005 1 
136.571 -28.75 -180.2 0.293549 2.64194 -80 2 -25 10 40006 1 
136.561 -28.75 -180.2 0.293549 2.64194 -80 2 -25 10 40007 1 
136.551 -28.7499 -180.2 0.293549 2.64194 -80 2 -25 10 40008 1 
136.541 -28.7499 -180.2 0.293549 2.64194 -80 2 -25 10 40009 1 
136.532 -28.7498 -180.2 0.293549 2.64194 -80 2 -25 10 40010 1 
136.522 -28.7498 -180.2 0.293549 2.64194 -80 2 -25 10 40011 1 
136.512 -28.7498 -180.2 0.293549 2.64194 -80 2 -25 10 40012 1 
136.502 -28.7497 -180.2 0.293549 2.64194 -80 2 -25 10 40013 1 
136.493 -28.7497 -180.2 0.293549 2.64194 -80 2 -25 10 40014 1 
136.483 -28.7497 -180.2 0.293549 2.64194 -80 2 -25 10 40015 1 
136.473 -28.7496 -180.2 0.293549 2.64194 -80 2 -25 10 40016 1 
136.463 -28.7496 -180.2 0.293549 2.64194 -80 2 -25 10 40017 1 
136.453 -28.7496 -180.2 0.293549 2.64194 -80 2 -25 10 40018 1 
136.444 -28.7495 -180.2 0.293549 2.64194 -80 2 -25 10 40019 1 
136.434 -28.7495 -180.2 0.293549 2.64194 -80 2 -25 10 40020 1 
136.424 -28.7495 -180.2 0.293549 2.64194 -80 2 -25 10 40021 1 
136.414 -28.7494 -180.2 0.293549 2.64194 -80 2 -25 10 40022 1 
136.405 -28.7494 -180.2 0.293549 2.64194 -80 2 -25 10 40023 1 
136.395 -28.7494 -180.2 0.293549 2.64194 -80 2 -25 10 40024 1 
136.385 -28.7493 -180.2 0.293549 2.64194 -80 2 -25 10 40025 1 
136.375 -28.7493 -180.2 0.293549 2.64194 -80 2 -25 10 40026 1 
136.365 -28.7493 -180.2 0.293549 2.64194 -80 2 -25 10 40027 1 
136.356 -28.7492 -180.2 0.293549 2.64194 -80 2 -25 10 40028 1 
136.346 -28.7492 -180.2 0.293549 2.64194 -80 2 -25 10 40029 1 
136.336 -28.7492 -180.2 0.293549 2.64194 -80 2 -25 10 40030 1 
136.326 -28.7491 -180.2 0.293549 2.64194 -80 2 -25 10 40031 1 
136.317 -28.7491 -180.2 0.293549 2.64194 -80 2 -25 10 40032 1 
136.307 -28.7491 -180.2 0.293549 2.64194 -80 2 -25 10 40033 1 
136.297 -28.749 -180.2 0.293549 2.64194 -80 2 -25 10 40034 1 
136.287 -28.749 -180.2 0.293549 2.64194 -80 2 -25 10 40035 1 
136.277 -28.749 -180.2 0.293549 2.64194 -80 2 -25 10 40036 1 
136.268 -28.7489 -180.2 0.293549 2.64194 -80 2 -25 10 40037 1 
136.258 -28.7489 -180.2 0.293549 2.64194 -80 2 -25 10 40038 1 
136.248 -28.7489 -180.2 0.293549 2.64194 -80 2 -25 10 40039 1 
136.238 -28.7488 -180.2 0.293549 2.64194 -80 2 -25 10 40040 1 
136.229 -28.7488 -180.2 0.293549 2.64194 -80 2 -25 10 40041 1 
136.219 -28.7488 -180.2 0.293549 2.64194 -80 2 -25 10 40042 1 
136.209 -28.7487 -180.2 0.293549 2.64194 -80 2 -25 10 40043 1 
136.199 -28.7487 -180.2 0.293549 2.64194 -80 2 -25 10 40044 1 
136.189 -28.7486 -180.2 0.293549 2.64194 -80 2 -25 10 40045 1 
136.18 -28.7486 -180.2 0.293549 2.64194 -80 2 -25 10 40046 1 
136.17 -28.7486 -180.2 0.293549 2.64194 -80 2 -25 10 40047 1 
136.16 -28.7485 -180.2 0.293549 2.64194 -80 2 -25 10 40048 1 
136.15 -28.7485 -180.2 0.293549 2.64194 -80 2 -25 10 40049 1 
136.14 -28.7485 -180.2 0.293549 2.64194 -80 2 -25 10 40050 1 
136.131 -28.7484 -180.2 0.293549 2.64194 -80 2 -25 10 40051 1 
136.121 -28.7484 -180.2 0.293549 2.64194 -80 2 -25 10 40052 1 
136.111 -28.7484 -180.2 0.293549 2.64194 -80 2 -25 10 40053 1 
136.101 -28.7483 -180.2 0.293549 2.64194 -80 2 -25 10 40054 1 
136.092 -28.7483 -180.2 0.293549 2.64194 -80 2 -25 10 40055 1 
136.082 -28.7483 -180.2 0.293549 2.64194 -80 2 -25 10 40056 1 
136.072 -28.7482 -180.2 0.293549 2.64194 -80 2 -25 10 40057 1 
136.062 -28.7482 -180.2 0.293549 2.64194 -80 2 -25 10 40058 1 
136.052 -28.7482 -180.2 0.293549 2.64194 -80 2 -25 10 40059 1 
136.043 -28.7481 -180.2 0.293549 2.64194 -80 2 -25 10 40060 1 
136.033 -28.7481 -180.2 0.293549 2.64194 -80 2 -25 10 40061 1 
136.023 -28.7481 -180.2 0.293549 2.64194 -80 2 -25 10 40062 1 
136.013 -28.748 -180.2 0.293549 2.64194 -80 2 -25 10 40063 1 
136.004 -28.748 -180.2 0.293549 2.64194 -80 2 -25 10 40064 1 
135.994 -28.748 -180.2 0.293549 2.64194 -80 2 -25 10 40065 1 
135.984 -28.7479 -180.2 0.293549 2.64194 -80 2 -25 10 40066 1 
135.974 -28.7479 -180.2 0.293549 2.64194 -80 2 -25 10 40067 1 
135.964 -28.7479 -180.2 0.293549 2.64194 -80 2 -25 10 40068 1 
135.955 -28.7478 -180.2 0.293549 2.64194 -80 2 -25 10 40069 1 
135.945 -28.7478 -180.2 0.293549 2.64194 -80 2 -25 10 40070 1 
135.935 -28.7478 -180.2 0.293549 2.64194 -80 2 -25 10 40071 1 
135.925 -28.7477 -180.2 0.293549 2.64194 -80 2 -25 10 40072 1 
135.916 -28.7477 -180.2 0.293549 2.64194 -80 2 -25 10 40073 1 
135.906 -28.7477 -180.2 0.293549 2.64194 -80 2 -25 10 40074 1 
135.896 -28.7476 -180.2 0.293549 2.64194 -80 2 -25 10 40075 1 
135.886 -28.7476 -180.2 0.293549 2.64194 -80 2 -25 10 40076 1 
135.876 -28.7475 -180.2 0.293549 2.64194 -80 2 -25 10 40077 1 
135.867 -28.7475 -180.2 0.293549 2.64194 -80 2 -25 10 40078 1 
135.857 -28.7475 -180.2 0.293549 2.64194 -80 2 -25 10 40079 1 
135.847 -28.7474 -180.2 0.293549 2.64194 -80 2 -25 10 40080 1 
135.837 -28.7474 -180.2 0.293549 2.64194 -80 2 -25 10 40081 1 
135.827 -28.7474 -180.2 0.293549 2.64194 -80 2 -25 10 40082 1 
135.818 -28.7473 -180.2 0.293549 2.64194 -80 2 -25 10 40083 1 
135.808 -28.7473 -180.2 0.293549 2.64194 -80 2 -25 10 40084 1 
135.798 -28.7473 -180.2 0.293549 2.64194 -80 2 -25 10 40085 1 
135.788 -28.7472 -180.2 0.293549 2.64194 -80 2 -25 10 40086 1 
135.779 -28.7472 -180.2 0.293549 2.64194 -80 2 -25 10 40087 1 
135.769 -28.7472 -180.2 0.293549 2.64194 -80 2 -25 10 40088 1 
135.759 -28.7471 -180.2 0.293549 2.64194 -80 2 -25 10 40089 1 
135.749 -28.7471 -180.2 0.293549 2.64194 -80 2 -25 10 40090 1 
135.739 -28.7471 -180.2 0.293549 2.64194 -80 2 -25 10 40091 1 
135.73 -28.747 -180.2 0.293549 2.64194 -80 2 -25 10 40092 1 
135.72 -28.747 -180.2 0.293549 2.64194 -80 2 -25 10 40093 1 
135.71 -28.747 -180.2 0.293549 2.64194 -80 2 -25 10 40094 1 
135.7 -28.7469 -180.2 0.293549 2.64194 -80 2 -25 10 40095 1 
135.691 -28.7469 -180.2 0.293549 2.64194 -80 2 -25 10 40096 1 
135.681 -28.7469 -180.2 0.293549 2.64194 -80 2 -25 10 40097 1 
135.671 -28.7468 -180.2 0.293549 2.64194 -80 2 -25 10 40098 1 
135.661 -28.7468 -180.2 0.293549 2.64194 -80 2 -25 10 40099 1 
135.651 -28.7468 -180.201 0.293549 2.64194 -80 2 -25 10 40100 1 
135.642 -28.7467 -180.201 0.293549 2.64194 -80 2 -25 10 40101 1 
135.632 -28.7467 -180.201 0.293549 2.64194 -80 2 -25 10 40102 1 
135.622 -28.7467 -180.201 0.293549 2.64194 -80 2 -25 10 40103 1 
135.612 -28.7466 -180.201 0.293549 2.64194 -80 2 -25 10 40104 1 
135.603 -28.7466 -180.201 0.293549 2.64194 -80 2 -25 10 40105 1 
135.593 -28.7466 -180.201 0.293549 2.64194 -80 2 -25 10 40106 1 
135.583 -28.7465 -180.201 0.293549 2.64194 -80 2 -25 10 40107 1 
135.573 -28.7465 -180.201 0.293549 2.64194 -80 2 -25 10 40108 1 
135.563 -28.7465 -180.201 0.293549 2.64194 -80 2 -25 10 40109 1 
135.554 -28.7464 -180.201 0.293549 2.64194 -80 2 -25 10 40110 1 
135.544 -28.7464 -180.201 0.293549 2.64194 -80 2 -25 10 40111 1 
135.534 -28.7463 -180.201 0.293549 2.64194 -80 2 -25 10 40112 1 
135.524 -28.7463 -180.201 0.293549 2.64194 -80 2 -25 10 40113 1 
135.514 -28.7463 -180.201 0.293549 2.64194 -80 2 -25 10 40114 1 
135.505 -28.7462 -180.201 0.293549 2.64194 -80 2 -25 10 40115 1 
135.495 -28.7462 -180.201 0.293549 2.64194 -80 2 -25 10 40116 1 
135.485 -28.7462 -180.201 0.293549 2.64194 -80 2 -25 10 40117 1 
135.475 -28.7461 -180.201 0.293549 2.64194 -80 2 -25 10 40118 1 
135.466 -28.7461 -180.201 0.293549 2.64194 -80 2 -25 10 40119 1 
135.456 -28.7461 -180.201 0.293549 2.64194 -80 2 -25 10 40120 1 
135.446 -28.746 -180.201 0.293549 2.64194 -80 2 -25 10 40121 1 
135.436 -28.746 -180.201 0.293549 2.64194 -80 2 -25 10 40122 1 
135.426 -28.746 -180.201 0.293549 2.64194 -80 2 -25 10 40123 1 
135.417 -28.7459 -180.201 0.293549 2.64194 -80 2 -25 10 40124 1 
135.407 -28.7459 -180.201 0.293549 2.64194 -80 2 -25 10 40125 1 
135.397 -28.7459 -180.201 0.293549 2.64194 -80 2 -25 10 40126 1 
135.387 -28.7458 -180.201 0.293549 2.64194 -80 2 -25 10 40127 1 
135.378 -28.7458 -180.201 0.293549 2.64194 -80 2 -25 10 40128 1 
135.368 -28.7458 -180.201 0.293549 2.64194 -80 2 -25 10 40129 1 
135.358 -28.7457 -180.201 0.293549 2.64194 -80 2 -25 10 40130 1 
135.348 -28.7457 -180.201 0.293549 2.64194 -80 2 -25 10 40131 1 
135.338 -28.7457 -180.201 0.293549 2.64194 -80 2 -25 10 40132 1 
135.329 -28.7456 -180.201 0.293549 2.64194 -80 2 -25 10 40133 1 
135.319 -28.7456 -180.201 0.293549 2.64194 -80 2 -25 10 40134 1 
135.309 -28.7456 -180.201 0.293549 2.64194 -80 2 -25 10 40135 1 
135.299 -28.7455 -180.201 0.293549 2.64194 -80 2 -25 10 40136 1 
135.29 -28.7455 -180.201 0.293549 2.64194 -80 2 -25 10 40137 1 
135.28 -28.7455 -180.201 0.293549 2.64194 -80 2 -25 10 40138 1 
135.27 -28.7454 -180.201 0.293549 2.64194 -80 2 -25 10 40139 1 
135.26 -28.7454 -180.201 0.293549 2.64194 -80 2 -25 10 40140 1 
135.25 -28.7454 -180.201 0.293549 2.64194 -80 2 -25 10 40141 1 
135.241 -28.7453 -180.201 0.293549 2.64194 -80 2 -25 10 40142 1 
135.231 -28.7453 -180.201 0.293549 2.64194 -80 2 -25 10 40143 1 
135.221 -28.7452 -180.201 0.293549 2.64194 -80 2 -25 10 40144 1 
135.211 -28.7452 -180.201 0.293549 2.64194 -80 2 -25 10 40145 1 
135.202 -28.7452 -180.201 0.293549 2.64194 -80 2 -25 10 40146 1 
135.192 -28.7451 -180.201 0.293549 2.64194 -80 2 -25 10 40147 1 
135.182 -28.7451 -180.201 0.293549 2.64194 -80 2 -25 10 40148 1 
135.172 -28.7451 -180.201 0.293549 2.64194 -80 2 -25 10 40149 1 
135.162 -28.745 -180.201 0.293549 2.64194 -80 2 -25 10 40150 1 
135.153 -28.745 -180.201 0.293549 2.64194 -80 2 -25 10 40151 1 
135.143 -28.745 -180.201 0.293549 2.64194 -80 2 -25 10 40152 1 
135.133 -28.7449 -180.201 0.293549 2.64194 -80 2 -25 10 40153 1 
135.123 -28.7449 -180.201 0.293549 2.64194 -80 2 -25 10 40154 1 
135.113 -28.7449 -180.201 0.293549 2.64194 -80 2 -25 10 40155 1 
135.104 -28.7448 -180.201 0.293549 2.64194 -80 2 -25 10 40156 1 
135.094 -28.7448 -180.201 0.293549 2.64194 -80 2 -25 10 40157 1 
135.084 -28.7448 -180.201 0.293549 2.64194 -80 2 -25 10 40158 1 
135.074 -28.7447 -180.201 0.293549 2.64194 -80 2 -25 10 40159 1 
135.065 -28.7447 -180.201 0.293549 2.64194 -80 2 -25 10 40160 1 
135.055 -28.7447 -180.201 0.293549 2.64194 -80 2 -25 10 40161 1 
135.045 -28.7446 -180.201 0.293549 2.64194 -80 2 -25 10 40162 1 
135.035 -28.7446 -180.201 0.293549 2.64194 -80 2 -25 10 40163 1 
135.025 -28.7446 -180.201 0.293549 2.64194 -80 2 -25 10 40164 1 
135.016 -28.7445 -180.201 0.293549 2.64194 -80 2 -25 10 40165 1 
135.006 -28.7445 -180.201 0.293549 2.64194 -80 2 -25 10 40166 1 
134.996 -28.7445 -180.201 0.293549 2.64194 -80 2 -25 10 40167 1 
134.986 -28.7444 -180.201 0.293549 2.64194 -80 2 -25 10 40168 1 
134.977 -28.7444 -180.201 0.293549 2.64194 -80 2 -25 10 40169 1 
134.967 -28.7444 -180.201 0.293549 2.64194 -80 2 -25 10 40170 1 
134.957 -28.7443 -180.201 0.293549 2.64194 -80 2 -25 10 40171 1 
134.947 -28.7443 -180.201 0.293549 2.64194 -80 2 -25 10 40172 1 
134.937 -28.7443 -180.201 0.293549 2.64194 -80 2 -25 10 40173 1 
134.928 -28.7442 -180.201 0.293549 2.64194 -80 2 -25 10 40174 1 
134.918 -28.7442 -180.201 0.293549 2.64194 -80 2 -25 10 40175 1 
134.908 -28.7442 -180.201 0.293549 2.64194 -80 2 -25 10 40176 1 
134.898 -28.7441 -180.201 0.293549 2.64194 -80 2 -25 10 40177 1 
134.889 -28.7441 -180.201 0.293549 2.64194 -80 2 -25 10 40178 1 
134.879 -28.744 -180.201 0.293549 2.64194 -80 2 -25 10 40179 1 
134.869 -28.744 -180.201 0.293549 2.64194 -80 2 -25 10 40180 1 
134.859 -28.744 -180.201 0.293549 2.64194 -80 2 -25 10 40181 1 
134.849 -28.7439 -180.201 0.293549 2.64194 -80 2 -25 10 40182 1 
134.84 -28.7439 -180.201 0.293549 2.64194 -80 2 -25 10 40183 1 
134.83 -28.7439 -180.201 0.293549 2.64194 -80 2 -25 10 40184 1 
134.82 -28.7438 -180.201 0.293549 2.64194 -80 2 -25 10 40185 1 
134.81 -28.7438 -180.201 0.293549 2.64194 -80 2 -25 10 40186 1 
134.8 -28.7438 -180.201 0.293549 2.64194 -80 2 -25 10 40187 1 
134.791 -28.7437 -180.201 0.293549 2.64194 -80 2 -25 10 40188 1 
134.781 -28.7437 -180.201 0.293549 2.64194 -80 2 -25 10 40189 1 
134.771 -28.7437 -180.201 0.293549 2.64194 -80 2 -25 10 40190 1 
134.761 -28.7436 -180.201 0.293549 2.64194 -80 2 -25 10 40191 1 
134.752 -28.7436 -180.201 0.293549 2.64194 -80 2 -25 10 40192 1 
134.742 -28.7436 -180.201 0.293549 2.64194 -80 2 -25 10 40193 1 
134.732 -28.7435 -180.201 0.293549 2.64194 -80 2 -25 10 40194 1 
134.722 -28.7435 -180.201 0.293549 2.64194 -80 2 -25 10 40195 1 
134.712 -28.7435 -180.201 0.293549 2.64194 -80 2 -25 10 40196 1 
134.703 -28.7434 -180.201 0.293549 2.64194 -80 2 -25 10 40197 1 
134.693 -28.7434 -180.201 0.293549 2.64194 -80 2 -25 10 40198 1 
134.683 -28.7434 -180.201 0.293549 2.64194 -80 2 -25 10 40199 1 
134.673 -28.7433 -180.201 0.293549 2.64194 -80 2 -25 10 40200 1 
134.664 -28.7433 -180.201 0.293549 2.64194 -80 2 -25 10 40201 1 
134.654 -28.7433 -180.201 0.293549 2.64194 -80 2 -25 10 40202 1 
134.644 -28.7432 -180.201 0.293549 2.64194 -80 2 -25 10 40203 1 
134.634 -28.7432 -180.201 0.293549 2.64194 -80 2 -25 10 40204 1 
134.624 -28.7432 -180.201 0.293549 2.64194 -80 2 -25 10 40205 1 
134.615 -28.7431 -180.201 0.293549 2.64194 -80 2 -25 10 40206 1 
134.605 -28.7431 -180.201 0.293549 2.64194 -80 2 -25 10 40207 1 
134.595 -28.7431 -180.201 0.293549 2.64194 -80 2 -25 10 40208 1 
134.585 -28.743 -180.201 0.293549 2.64194 -80 2 -25 10 40209 1 
134.576 -28.743 -180.201 0.293549 2.64194 -80 2 -25 10 40210 1 
134.566 -28.7429 -180.201 0.293549 2.64194 -80 2 -25 10 40211 1 
134.556 -28.7429 -180.201 0.293549 2.64194 -80 2 -25 10 40212 1 
134.546 -28.7429 -180.201 0.293549 2.64194 -80 2 -25 10 40213 1 
134.536 -28.7428 -180.201 0.293549 2.64194 -80 2 -25 10 40214 1 
134.527 -28.7428 -180.201 0.293549 2.64194 -80 2 -25 10 40215 1 
134.517 -28.7428 -180.201 0.293549 2.64194 -80 2 -25 10 40216 1 
134.507 -28.7427 -180.201 0.293549 2.64194 -80 2 -25 10 40217 1 
134.497 -28.7427 -180.201 0.293549 2.64194 -80 2 -25 10 40218 1 
134.488 -28.7427 -180.201 0.293549 2.64194 -80 2 -25 10 40219 1 
134.478 -28.7426 -180.201 0.293549 2.64194 -80 2 -25 10 40220 1 
134.468 -28.7426 -180.201 0.293549 2.64194 -80 2 -25 10 40221 1 
134.458 -28.7426 -180.201 0.293549 2.64194 -80 2 -25 10 40222 1 
134.448 -28.7425 -180.201 0.293549 2.64194 -80 2 -25 10 40223 1 
134.439 -28.7425 -180.201 0.293549 2.64194 -80 2 -25 10 40224 1 
134.429 -28.7425 -180.201 0.293549 2.64194 -80 2 -25 10 40225 1 
134.419 -28.7424 -180.201 0.293549 2.64194 -80 2 -25 10 40226 1 
134.409 -28.7424 -180.201 0.293549 2.64194 -80 2 -25 10 40227 1 
134.399 -28.7424 -180.201 0.293549 2.64194 -80 2 -25 10 40228 1 
134.39 -28.7423 -180.201 0.293549 2.64194 -80 2 -25 10 40229 1 
134.38 -28.7423 -180.201 0.293549 2.64194 -80 2 -25 10 40230 1 
134.37 -28.7423 -180.201 0.293549 2.64194 -80 2 -25 10 40231 1 
134.36 -28.7422 -180.201 0.293549 2.64194 -80 2 -25 10 40232 1 
134.351 -28.7422 -180.201 0.293549 2.64194 -80 2 -25 10 40233 1 
134.341 -28.7422 -180.201 0.293549 2.64194 -80 2 -25 10 40234 1 
134.331 -28.7421 -180.201 0.293549 2.64194 -80 2 -25 10 40235 1 
134.321 -28.7421 -180.202 0.293549 2.64194 -80 2 -25 10 40236 1 
134.311 -28.7421 -180.202 0.293549 2.64194 -80 2 -25 10 40237 1 
134.302 -28.742 -180.202 0.293549 2.64194 -80 2 -25 10 40238 1 
134.292 -28.742 -180.202 0.293549 2.64194 -80 2 -25 10 40239 1 
134.282 -28.742 -180.202 0.293549 2.64194 -80 2 -25 10 40240 1 
134.272 -28.7419 -180.202 0.293549 2.64194 -80 2 -25 10 40241 1 
134.263 -28.7419 -180.202 0.293549 2.64194 -80 2 -25 10 40242 1 
134.253 -28.7418 -180.202 0.293549 2.64194 -80 2 -25 10 40243 1 
134.243 -28.7418 -180.202 0.293549 2.64194 -80 2 -25 10 40244 1 
134.233 -28.7418 -180.202 0.293549 2.64194 -80 2 -25 10 40245 1 
134.223 -28.7417 -180.202 0.293549 2.64194 -80 2 -25 10 40246 1 
134.214 -28.7417 -180.202 0.293549 2.64194 -80 2 -25 10 40247 1 
134.204 -28.7417 -180.202 0.293549 2.64194 -80 2 -25 10 40248 1 
134.194 -28.7416 -180.202 0.293549 2.64194 -80 2 -25 10 40249 1 
134.184 -28.7416 -180.202 0.293549 2.64194 -80 2 -25 10 40250 1 
134.175 -28.7416 -180.202 0.293549 2.64194 -80 2 -25 10 40251 1 
134.165 -28.7415 -180.202 0.293549 2.64194 -80 2 -25 10 40252 1 
134.155 -28.7415 -180.202 0.293549 2.64194 -80 2 -25 10 40253 1 
134.145 -28.7415 -180.202 0.293549 2.64194 -80 2 -25 10 40254 1 
134.135 -28.7414 -180.202 0.293549 2.64194 -80 2 -25 10 40255 1 
134.126 -28.7414 -180.202 0.293549 2.64194 -80 2 -25 10 40256 1 
134.116 -28.7414 -180.202 0.293549 2.64194 -80 2 -25 10 40257 1 
134.106 -28.7413 -180.202 0.293549 2.64194 -80 2 -25 10 40258 1 
134.096 -28.7413 -180.202 0.293549 2.64194 -80 2 -25 10 40259 1 
134.086 -28.7413 -180.202 0.293549 2.64194 -80 2 -25 10 40260 1 
134.077 -28.7412 -180.202 0.293549 2.64194 -80 2 -25 10 40261 1 
134.067 -28.7412 -180.202 0.293549 2.64194 -80 2 -25 10 40262 1 
134.057 -28.7412 -180.202 0.293549 2.64194 -80 2 -25 10 40263 1 
134.047 -28.7411 -180.202 0.293549 2.64194 -80 2 -25 10 40264 1 
134.038 -28.7411 -180.202 0.293549 2.64194 -80 2 -25 10 40265 1 
134.028 -28.7411 -180.202 0.293549 2.64194 -80 2 -25 10 40266 1 
134.018 -28.741 -180.202 0.293549 2.64194 -80 2 -25 10 40267 1 
134.008 -28.741 -180.202 0.293549 2.64194 -80 2 -25 10 40268 1 
133.998 -28.741 -180.202 0.293549 2.64194 -80 2 -25 10 40269 1 
133.989 -28.7409 -180.202 0.293549 2.64194 -80 2 -25 10 40270 1 
133.979 -28.7409 -180.202 0.293549 2.64194 -80 2 -25 10 40271 1 
133.969 -28.7409 -180.202 0.293549 2.64194 -80 2 -25 10 40272 1 
133.959 -28.7408 -180.202 0.293549 2.64194 -80 2 -25 10 40273 1 
133.95 -28.7408 -180.202 0.293549 2.64194 -80 2 -25 10 40274 1 
133.94 -28.7408 -180.202 0.293549 2.64194 -80 2 -25 10 40275 1 
133.93 -28.7407 -180.202 0.293549 2.64194 -80 2 -25 10 40276 1 
133.92 -28.7407 -180.202 0.293549 2.64194 -80 2 -25 10 40277 1 
133.91 -28.7406 -180.202 0.293549 2.64194 -80 2 -25 10 40278 1 
133.901 -28.7406 -180.202 0.293549 2.64194 -80 2 -25 10 40279 1 
133.891 -28.7406 -180.202 0.293549 2.64194 -80 2 -25 10 40280 1 
133.881 -28.7405 -180.202 0.293549 2.64194 -80 2 -25 10 40281 1 
133.871 -28.7405 -180.202 0.293549 2.64194 -80 2 -25 10 40282 1 
133.862 -28.7405 -180.202 0.293549 2.64194 -80 2 -25 10 40283 1 
133.852 -28.7404 -180.202 0.293549 2.64194 -80 2 -25 10 40284 1 
133.842 -28.7404 -180.202 0.293549 2.64194 -80 2 -25 10 40285 1 
133.832 -28.7404 -180.202 0.293549 2.64194 -80 2 -25 10 40286 1 
133.822 -28.7403 -180.202 0.293549 2.64194 -80 2 -25 10 40287 1 
133.813 -28.7403 -180.202 0.293549 2.64194 -80 2 -25 10 40288 1 
133.803 -28.7403 -180.202 0.293549 2.64194 -80 2 -25 10 40289 1 
133.793 -28.7402 -180.202 0.293549 2.64194 -80 2 -25 10 40290 1 
133.783 -28.7402 -180.202 0.293549 2.64194 -80 2 -25 10 40291 1 
133.773 -28.7402 -180.202 0.293549 2.64194 -80 2 -25 10 40292 1 
133.764 -28.7401 -180.202 0.293549 2.64194 -80 2 -25 10 40293 1 
133.754 -28.7401 -180.202 0.293549 2.64194 -80 2 -25 10 40294 1 
133.744 -28.7401 -180.202 0.293549 2.64194 -80 2 -25 10 40295 1 
133.734 -28.74 -180.202 0.293549 2.64194 -80 2 -25 10 40296 1 
133.725 -28.74 -180.202 0.293549 2.64194 -80 2 -25 10 40297 1 
133.715 -28.74 -180.202 0.293549 2.64194 -80 2 -25 10 40298 1 
133.705 -28.7399 -180.202 0.293549 2.64194 -80 2 -25 10 40299 1 
133.695 -28.7399 -180.202 0.293549 2.64194 -80 2 -25 10 40300 1 
133.685 -28.7399 -180.202 0.293549 2.64194 -80 2 -25 10 40301 1 
133.676 -28.7398 -180.202 0.293549 2.64194 -80 2 -25 10 40302 1 
133.666 -28.7398 -180.202 0.293549 2.64194 -80 2 -25 10 40303 1 
133.656 -28.7398 -180.202 0.293549 2.64194 -80 2 -25 10 40304 1 
133.646 -28.7397 -180.202 0.293549 2.64194 -80 2 -25 10 40305 1 
133.637 -28.7397 -180.202 0.293549 2.64194 -80 2 -25 10 40306 1 
133.627 -28.7397 -180.202 0.293549 2.64194 -80 2 -25 10 40307 1 
133.617 -28.7396 -180.202 0.293549 2.64194 -80 2 -25 10 40308 1 
133.607 -28.7396 -180.202 0.293549 2.64194 -80 2 -25 10 40309 1 
133.597 -28.7395 -180.202 0.293549 2.64194 -80 2 -25 10 40310 1 
133.588 -28.7395 -180.202 0.293549 2.64194 -80 2 -25 10 40311 1 
133.578 -28.7395 -180.202 0.293549 2.64194 -80 2 -25 10 40312 1 
133.568 -28.7394 -180.202 0.293549 2.64194 -80 2 -25 10 40313 1 
133.558 -28.7394 -180.202 0.293549 2.64194 -80 2 -25 10 40314 1 
133.549 -28.7394 -180.202 0.293549 2.64194 -80 2 -25 10 40315 1 
133.539 -28.7393 -180.202 0.293549 2.64194 -80 2 -25 10 40316 1 
133.529 -28.7393 -180.202 0.293549 2.64194 -80 2 -25 10 40317 1 
133.519 -28.7393 -180.202 0.293549 2.64194 -80 2 -25 10 40318 1 
133.509 -28.7392 -180.202 0.293549 2.64194 -80 2 -25 10 40319 1 
133.5 -28.7392 -180.202 0.293549 2.64194 -80 2 -25 10 40320 1 
133.49 -28.7392 -180.202 0.293549 2.64194 -80 2 -25 10 40321 1 
133.48 -28.7391 -180.202 0.293549 2.64194 -80 2 -25 10 40322 1 
133.47 -28.7391 -180.202 0.293549 2.64194 -80 2 -25 10 40323 1 
133.461 -28.7391 -180.202 0.293549 2.64194 -80 2 -25 10 40324 1 
133.451 -28.739 -180.202 0.293549 2.64194 -80 2 -25 10 40325 1 
133.441 -28.739 -180.202 0.293549 2.64194 -80 2 -25 10 40326 1 
133.431 -28.739 -180.202 0.293549 2.64194 -80 2 -25 10 40327 1 
133.421 -28.7389 -180.202 0.293549 2.64194 -80 2 -25 10 40328 1 
133.412 -28.7389 -180.202 0.293549 2.64194 -80 2 -25 10 40329 1 
133.402 -28.7389 -180.202 0.293549 2.64194 -80 2 -25 10 40330 1 
133.392 -28.7388 -180.202 0.293549 2.64194 -80 2 -25 10 40331 1 
133.382 -28.7388 -180.202 0.293549 2.64194 -80 2 -25 10 40332 1 
133.372 -28.7388 -180.202 0.293549 2.64194 -80 2 -25 10 40333 1 
133.363 -28.7387 -180.202 0.293549 2.64194 -80 2 -25 10 40334 1 
133.353 -28.7387 -180.202 0.293549 2.64194 -80 2 -25 10 40335 1 
133.343 -28.7387 -180.202 0.293549 2.64194 -80 2 -25 10 40336 1 
133.333 -28.7386 -180.202 0.293549 2.64194 -80 2 -25 10 40337 1 
133.324 -28.7386 -180.202 0.293549 2.64194 -80 2 -25 10 40338 1 
133.314 -28.7386 -180.202 0.293549 2.64194 -80 2 -25 10 40339 1 
133.304 -28.7385 -180.202 0.293549 2.64194 -80 2 -25 10 40340 1 
133.294 -28.7385 -180.202 0.293549 2.64194 -80 2 -25 10 40341 1 
133.284 -28.7385 -180.202 0.293549 2.64194 -80 2 -25 10 40342 1 
133.275 -28.7384 -180.202 0.293549 2.64194 -80 2 -25 10 40343 1 
133.265 -28.7384 -180.202 0.293549 2.64194 -80 2 -25 10 40344 1 
133.255 -28.7383 -180.202 0.293549 2.64194 -80 2 -25 10 40345 1 
133.245 -28.7383 -180.202 0.293549 2.64194 -80 2 -25 10 40346 1 
133.236 -28.7383 -180.202 0.293549 2.64194 -80 2 -25 10 40347 1 
133.226 -28.7382 -180.202 0.293549 2.64194 -80 2 -25 10 40348 1 
133.216 -28.7382 -180.202 0.293549 2.64194 -80 2 -25 10 40349 1 
133.206 -28.7382 -180.202 0.293549 2.64194 -80 2 -25 10 40350 1 
133.196 -28.7381 -180.202 0.293549 2.64194 -80 2 -25 10 40351 1 
133.187 -28.7381 -180.202 0.293549 2.64194 -80 2 -25 10 40352 1 
133.177 -28.7381 -180.202 0.293549 2.64194 -80 2 -25 10 40353 1 
133.167 -28.738 -180.202 0.293549 2.64194 -80 2 -25 10 40354 1 
133.157 -28.738 -180.202 0.293549 2.64194 -80 2 -25 10 40355 1 
133.148 -28.738 -180.202 0.293549 2.64194 -80 2 -25 10 40356 1 
133.138 -28.7379 -180.202 0.293549 2.64194 -80 2 -25 10 40357 1 
133.128 -28.7379 -180.202 0.293549 2.64194 -80 2 -25 10 40358 1 
133.118 -28.7379 -180.202 0.293549 2.64194 -80 2 -25 10 40359 1 
133.108 -28.7378 -180.202 0.293549 2.64194 -80 2 -25 10 40360 1 
133.099 -28.7378 -180.202 0.293549 2.64194 -80 2 -25 10 40361 1 
133.089 -28.7378 -180.202 0.293549 2.64194 -80 2 -25 10 40362 1 
133.079 -28.7377 -180.202 0.293549 2.64194 -80 2 -25 10 40363 1 
133.069 -28.7377 -180.202 0.293549 2.64194 -80 2 -25 10 40364 1 
133.059 -28.7377 -180.202 0.293549 2.64194 -80 2 -25 10 40365 1 
133.05 -28.7376 -180.202 0.293549 2.64194 -80 2 -25 10 40366 1 
133.04 -28.7376 -180.202 0.293549 2.64194 -80 2 -25 10 40367 1 
133.03 -28.7376 -180.202 0.293549 2.64194 -80 2 -25 10 40368 1 
133.02 -28.7375 -180.202 0.293549 2.64194 -80 2 -25 10 40369 1 
133.011 -28.7375 -180.203 0.293549 2.64194 -80 2 -25 10 40370 1 
133.001 -28.7375 -180.203 0.293549 2.64194 -80 2 -25 10 40371 1 
132.991 -28.7374 -180.203 0.293549 2.64194 -80 2 -25 10 40372 1 
132.981 -28.7374 -180.203 0.293549 2.64194 -80 2 -25 10 40373 1 
132.971 -28.7374 -180.203 0.293549 2.64194 -80 2 -25 10 40374 1 
132.962 -28.7373 -180.203 0.293549 2.64194 -80 2 -25 10 40375 1 
132.952 -28.7373 -180.203 0.293549 2.64194 -80 2 -25 10 40376 1 
132.942 -28.7372 -180.203 0.293549 2.64194 -80 2 -25 10 40377 1 
132.932 -28.7372 -180.203 0.293549 2.64194 -80 2 -25 10 40378 1 
132.923 -28.7372 -180.203 0.293549 2.64194 -80 2 -25 10 40379 1 
132.913 -28.7371 -180.203 0.293549 2.64194 -80 2 -25 10 40380 1 
132.903 -28.7371 -180.203 0.293549 2.64194 -80 2 -25 10 40381 1 
132.893 -28.7371 -180.203 0.293549 2.64194 -80 2 -25 10 40382 1 
132.883 -28.737 -180.203 0.293549 2.64194 -80 2 -25 10 40383 1 
132.874 -28.737 -180.203 0.293549 2.64194 -80 2 -25 10 40384 1 
132.864 -28.737 -180.203 0.293549 2.64194 -80 2 -25 10 40385 1 
132.854 -28.7369 -180.203 0.293549 2.64194 -80 2 -25 10 40386 1 
132.844 -28.7369 -180.203 0.293549 2.64194 -80 2 -25 10 40387 1 
132.835 -28.7369 -180.203 0.293549 2.64194 -80 2 -25 10 40388 1 
132.825 -28.7368 -180.203 0.293549 2.64194 -80 2 -25 10 40389 1 
132.815 -28.7368 -180.203 0.293549 2.64194 -80 2 -25 10 40390 1 
132.805 -28.7368 -180.203 0.293549 2.64194 -80 2 -25 10 40391 1 
132.795 -28.7367 -180.203 0.293549 2.64194 -80 2 -25 10 40392 1 
132.786 -28.7367 -180.203 0.293549 2.64194 -80 2 -25 10 40393 1 
132.776 -28.7367 -180.203 0.293549 2.64194 -80 2 -25 10 40394 1 
132.766 -28.7366 -180.203 0.293549 2.64194 -80 2 -25 10 40395 1 
132.756 -28.7366 -180.203 0.293549 2.64194 -80 2 -25 10 40396 1 
132.747 -28.7366 -180.203 0.293549 2.64194 -80 2 -25 10 40397 1 
132.737 -28.7365 -180.203 0.293549 2.64194 -80 2 -25 10 40398 1 
132.727 -28.7365 -180.203 0.293549 2.64194 -80 2 -25 10 40399 1 
132.717 -28.7365 -180.203 0.293549 2.64194 -80 2 -25 10 40400 1 
132.707 -28.7364 -180.203 0.293549 2.64194 -80 2 -25 10 40401 1 
132.698 -28.7364 -180.203 0.293549 2.64194 -80 2 -25 10 40402 1 
132.688 -28.7364 -180.203 0.293549 2.64194 -80 2 -25 10 40403 1 
132.678 -28.7363 -180.203 0.293549 2.64194 -80 2 -25 10 40404 1 
132.668 -28.7363 -180.203 0.293549 2.64194 -80 2 -25 10 40405 1 
132.658 -28.7363 -180.203 0.293549 2.64194 -80 2 -25 10 40406 1 
132.649 -28.7362 -180.203 0.293549 2.64194 -80 2 -25 10 40407 1 
132.639 -28.7362 -180.203 0.293549 2.64194 -80 2 -25 10 40408 1 
132.629 -28.7362 -180.203 0.293549 2.64194 -80 2 -25 10 40409 1 
132.619 -28.7361 -180.203 0.293549 2.64194 -80 2 -25 10 40410 1 
132.61 -28.7361 -180.203 0.293549 2.64194 -80 2 -25 10 40411 1 
132.6 -28.736 -180.203 0.293549 2.64194 -80 2 -25 10 40412 1 
132.59 -28.736 -180.203 0.293549 2.64194 -80 2 -25 10 40413 1 
132.58 -28.736 -180.203 0.293549 2.64194 -80 2 -25 10 40414 1 
132.57 -28.7359 -180.203 0.293549 2.64194 -80 2 -25 10 40415 1 
132.561 -28.7359 -180.203 0.293549 2.64194 -80 2 -25 10 40416 1 
132.551 -28.7359 -180.203 0.293549 2.64194 -80 2 -25 10 40417 1 
132.541 -28.7358 -180.203 0.293549 2.64194 -80 2 -25 10 40418 1 
132.531 -28.7358 -180.203 0.293549 2.64194 -80 2 -25 10 40419 1 
132.522 -28.7358 -180.203 0.293549 2.64194 -80 2 -25 10 40420 1 
132.512 -28.7357 -180.203 0.293549 2.64194 -80 2 -25 10 40421 1 
132.502 -28.7357 -180.203 0.293549 2.64194 -80 2 -25 10 40422 1 
132.492 -28.7357 -180.203 0.293549 2.64194 -80 2 -25 10 40423 1 
132.482 -28.7356 -180.203 0.293549 2.64194 -80 2 -25 10 40424 1 
132.473 -28.7356 -180.203 0.293549 2.64194 -80 2 -25 10 40425 1 
132.463 -28.7356 -180.203 0.293549 2.64194 -80 2 -25 10 40426 1 
132.453 -28.7355 -180.203 0.293549 2.64194 -80 2 -25 10 40427 1 
132.443 -28.7355 -180.203 0.293549 2.64194 -80 2 -25 10 40428 1 
132.434 -28.7355 -180.203 0.293549 2.64194 -80 2 -25 10 40429 1 
132.424 -28.7354 -180.203 0.293549 2.64194 -80 2 -25 10 40430 1 
132.414 -28.7354 -180.203 0.293549 2.64194 -80 2 -25 10 40431 1 
132.404 -28.7354 -180.203 0.293549 2.64194 -80 2 -25 10 40432 1 
132.394 -28.7353 -180.203 0.293549 2.64194 -80 2 -25 10 40433 1 
132.385 -28.7353 -180.203 0.293549 2.64194 -80 2 -25 10 40434 1 
132.375 -28.7353 -180.203 0.293549 2.64194 -80 2 -25 10 40435 1 
132.365 -28.7352 -180.203 0.293549 2.64194 -80 2 -25 10 40436 1 
132.355 -28.7352 -180.203 0.293549 2.64194 -80 2 -25 10 40437 1 
132.345 -28.7352 -180.203 0.293549 2.64194 -80 2 -25 10 40438 1 
132.336 -28.7351 -180.203 0.293549 2.64194 -80 2 -25 10 40439 1 
132.326 -28.7351 -180.203 0.293549 2.64194 -80 2 -25 10 40440 1 
132.316 -28.7351 -180.203 0.293549 2.64194 -80 2 -25 10 40441 1 
132.306 -28.735 -180.203 0.293549 2.64194 -80 2 -25 10 40442 1 
132.297 -28.735 -180.203 0.293549 2.64194 -80 2 -25 10 40443 1 
132.287 -28.7349 -180.203 0.293549 2.64194 -80 2 -25 10 40444 1 
132.277 -28.7349 -180.203 0.293549 2.64194 -80 2 -25 10 40445 1 
132.267 -28.7349 -180.203 0.293549 2.64194 -80 2 -25 10 40446 1 
132.257 -28.7348 -180.203 0.293549 2.64194 -80 2 -25 10 40447 1 
132.248 -28.7348 -180.203 0.293549 2.64194 -80 2 -25 10 40448 1 
132.238 -28.7348 -180.203 0.293549 2.64194 -80 2 -25 10 40449 1 
132.228 -28.7347 -180.203 0.293549 2.64194 -80 2 -25 10 40450 1 
132.218 -28.7347 -180.203 0.293549 2.64194 -80 2 -25 10 40451 1 
132.209 -28.7347 -180.203 0.293549 2.64194 -80 2 -25 10 40452 1 
132.199 -28.7346 -180.203 0.293549 2.64194 -80 2 -25 10 40453 1 
132.189 -28.7346 -180.203 0.293549 2.64194 -80 2 -25 10 40454 1 
132.179 -28.7346 -180.203 0.293549 2.64194 -80 2 -25 10 40455 1 
132.169 -28.7345 -180.203 0.293549 2.64194 -80 2 -25 10 40456 1 
132.16 -28.7345 -180.203 0.293549 2.64194 -80 2 -25 10 40457 1 
132.15 -28.7345 -180.203 0.293549 2.64194 -80 2 -25 10 40458 1 
132.14 -28.7344 -180.203 0.293549 2.64194 -80 2 -25 10 40459 1 
132.13 -28.7344 -180.203 0.293549 2.64194 -80 2 -25 10 40460 1 
132.121 -28.7344 -180.203 0.293549 2.64194 -80 2 -25 10 40461 1 
132.111 -28.7343 -180.203 0.293549 2.64194 -80 2 -25 10 40462 1 
132.101 -28.7343 -180.203 0.293549 2.64194 -80 2 -25 10 40463 1 
132.091 -28.7343 -180.203 0.293549 2.64194 -80 2 -25 10 40464 1 
132.081 -28.7342 -180.203 0.293549 2.64194 -80 2 -25 10 40465 1 
132.072 -28.7342 -180.203 0.293549 2.64194 -80 2 -25 10 40466 1 
132.062 -28.7342 -180.203 0.293549 2.64194 -80 2 -25 10 40467 1 
132.052 -28.7341 -180.203 0.293549 2.64194 -80 2 -25 10 40468 1 
132.042 -28.7341 -180.203 0.293549 2.64194 -80 2 -25 10 40469 1 
132.033 -28.7341 -180.203 0.293549 2.64194 -80 2 -25 10 40470 1 
132.023 -28.734 -180.203 0.293549 2.64194 -80 2 -25 10 40471 1 
132.013 -28.734 -180.203 0.293549 2.64194 -80 2 -25 10 40472 1 
132.003 -28.734 -180.203 0.293549 2.64194 -80 2 -25 10 40473 1 
131.993 -28.7339 -180.203 0.293549 2.64194 -80 2 -25 10 40474 1 
131.984 -28.7339 -180.203 0.293549 2.64194 -80 2 -25 10 40475 1 
131.974 -28.7339 -180.203 0.293549 2.64194 -80 2 -25 10 40476 1 
131.964 -28.7338 -180.203 0.293549 2.64194 -80 2 -25 10 40477 1 
131.954 -28.7338 -180.203 0.293549 2.64194 -80 2 -25 10 40478 1 
131.944 -28.7337 -180.203 0.293549 2.64194 -80 2 -25 10 40479 1 
131.935 -28.7337 -180.203 0.293549 2.64194 -80 2 -25 10 40480 1 
131.925 -28.7337 -180.203 0.293549 2.64194 -80 2 -25 10 40481 1 
131.915 -28.7336 -180.203 0.293549 2.64194 -80 2 -25 10 40482 1 
131.905 -28.7336 -180.203 0.293549 2.64194 -80 2 -25 10 40483 1 
131.896 -28.7336 -180.203 0.293549 2.64194 -80 2 -25 10 40484 1 
131.886 -28.7335 -180.203 0.293549 2.64194 -80 2 -25 10 40485 1 
131.876 -28.7335 -180.203 0.293549 2.64194 -80 2 -25 10 40486 1 
131.866 -28.7335 -180.203 0.293549 2.64194 -80 2 -25 10 40487 1 
131.856 -28.7334 -180.203 0.293549 2.64194 -80 2 -25 10 40488 1 
131.847 -28.7334 -180.203 0.293549 2.64194 -80 2 -25 10 40489 1 
131.837 -28.7334 -180.203 0.293549 2.64194 -80 2 -25 10 40490 1 
131.827 -28.7333 -180.203 0.293549 2.64194 -80 2 -25 10 40491 1 
131.817 -28.7333 -180.203 0.293549 2.64194 -80 2 -25 10 40492 1 
131.808 -28.7333 -180.203 0.293549 2.64194 -80 2 -25 10 40493 1 
131.798 -28.7332 -180.203 0.293549 2.64194 -80 2 -25 10 40494 1 
131.788 -28.7332 -180.203 0.293549 2.64194 -80 2 -25 10 40495 1 
131.778 -28.7332 -180.203 0.293549 2.64194 -80 2 -25 10 40496 1 
131.768 -28.7331 -180.203 0.293549 2.64194 -80 2 -25 10 40497 1 
131.759 -28.7331 -180.203 0.293549 2.64194 -80 2 -25 10 40498 1 
131.749 -28.7331 -180.203 0.293549 2.64194 -80 2 -25 10 40499 1 
131.739 -28.733 -180.203 0.293549 2.64194 -80 2 -25 10 40500 1 
131.729 -28.733 -180.204 0.293549 2.64194 -80 2 -25 10 40501 1 
131.72 -28.733 -180.204 0.293549 2.64194 -80 2 -25 10 40502 1 
131.71 -28.7329 -180.204 0.293549 2.64194 -80 2 -25 10 40503 1 
131.7 -28.7329 -180.204 0.293549 2.64194 -80 2 -25 10 40504 1 
131.69 -28.7329 -180.204 0.293549 2.64194 -80 2 -25 10 40505 1 
131.68 -28.7328 -180.204 0.293549 2.64194 -80 2 -25 10 40506 1 
131.671 -28.7328 -180.204 0.293549 2.64194 -80 2 -25 10 40507 1 
131.661 -28.7328 -180.204 0.293549 2.64194 -80 2 -25 10 40508 1 
131.651 -28.7327 -180.204 0.293549 2.64194 -80 2 -25 10 40509 1 
131.641 -28.7327 -180.204 0.293549 2.64194 -80 2 -25 10 40510 1 
131.631 -28.7326 -180.204 0.293549 2.64194 -80 2 -25 10 40511 1 
131.622 -28.7326 -180.204 0.293549 2.64194 -80 2 -25 10 40512 1 
131.612 -28.7326 -180.204 0.293549 2.64194 -80 2 -25 10 40513 1 
131.602 -28.7325 -180.204 0.293549 2.64194 -80 2 -25 10 40514 1 
131.592 -28.7325 -180.204 0.293549 2.64194 -80 2 -25 10 40515 1 
131.583 -28.7325 -180.204 0.293549 2.64194 -80 2 -25 10 40516 1 
131.573 -28.7324 -180.204 0.293549 2.64194 -80 2 -25 10 40517 1 
131.563 -28.7324 -180.204 0.293549 2.64194 -80 2 -25 10 40518 1 
131.553 -28.7324 -180.204 0.293549 2.64194 -80 2 -25 10 40519 1 
131.543 -28.7323 -180.204 0.293549 2.64194 -80 2 -25 10 40520 1 
131.534 -28.7323 -180.204 0.293549 2.64194 -80 2 -25 10 40521 1 
131.524 -28.7323 -180.204 0.293549 2.64194 -80 2 -25 10 40522 1 
131.514 -28.7322 -180.204 0.293549 2.64194 -80 2 -25 10 40523 1 
131.504 -28.7322 -180.204 0.293549 2.64194 -80 2 -25 10 40524 1 
131.495 -28.7322 -180.204 0.293549 2.64194 -80 2 -25 10 40525 1 
131.485 -28.7321 -180.204 0.293549 2.64194 -80 2 -25 10 40526 1 
131.475 -28.7321 -180.204 0.293549 2.64194 -80 2 -25 10 40527 1 
131.465 -28.7321 -180.204 0.293549 2.64194 -80 2 -25 10 40528 1 
131.455 -28.732 -180.204 0.293549 2.64194 -80 2 -25 10 40529 1 
131.446 -28.732 -180.204 0.293549 2.64194 -80 2 -25 10 40530 1 
131.436 -28.732 -180.204 0.293549 2.64194 -80 2 -25 10 40531 1 
131.426 -28.7319 -180.204 0.293549 2.64194 -80 2 -25 10 40532 1 
131.416 -28.7319 -180.204 0.293549 2.64194 -80 2 -25 10 40533 1 
131.407 -28.7319 -180.204 0.293549 2.64194 -80 2 -25 10 40534 1 
131.397 -28.7318 -180.204 0.293549 2.64194 -80 2 -25 10 40535 1 
131.387 -28.7318 -180.204 0.293549 2.64194 -80 2 -25 10 40536 1 
131.377 -28.7318 -180.204 0.293549 2.64194 -80 2 -25 10 40537 1 
131.367 -28.7317 -180.204 0.293549 2.64194 -80 2 -25 10 40538 1 
131.358 -28.7317 -180.204 0.293549 2.64194 -80 2 -25 10 40539 1 
131.348 -28.7317 -180.204 0.293549 2.64194 -80 2 -25 10 40540 1 
131.338 -28.7316 -180.204 0.293549 2.64194 -80 2 -25 10 40541 1 
131.328 -28.7316 -180.204 0.293549 2.64194 -80 2 -25 10 40542 1 
131.318 -28.7316 -180.204 0.293549 2.64194 -80 2 -25 10 40543 1 
131.309 -28.7315 -180.204 0.293549 2.64194 -80 2 -25 10 40544 1 
131.299 -28.7315 -180.204 0.293549 2.64194 -80 2 -25 10 40545 1 
131.289 -28.7314 -180.204 0.293549 2.64194 -80 2 -25 10 40546 1 
131.279 -28.7314 -180.204 0.293549 2.64194 -80 2 -25 10 40547 1 
131.27 -28.7314 -180.204 0.293549 2.64194 -80 2 -25 10 40548 1 
131.26 -28.7313 -180.204 0.293549 2.64194 -80 2 -25 10 40549 1 
131.25 -28.7313 -180.204 0.293549 2.64194 -80 2 -25 10 40550 1 
131.24 -28.7313 -180.204 0.293549 2.64194 -80 2 -25 10 40551 1 
131.23 -28.7312 -180.204 0.293549 2.64194 -80 2 -25 10 40552 1 
131.221 -28.7312 -180.204 0.293549 2.64194 -80 2 -25 10 40553 1 
131.211 -28.7312 -180.204 0.293549 2.64194 -80 2 -25 10 40554 1 
131.201 -28.7311 -180.204 0.293549 2.64194 -80 2 -25 10 40555 1 
131.191 -28.7311 -180.204 0.293549 2.64194 -80 2 -25 10 40556 1 
131.182 -28.7311 -180.204 0.293549 2.64194 -80 2 -25 10 40557 1 
131.172 -28.731 -180.204 0.293549 2.64194 -80 2 -25 10 40558 1 
131.162 -28.731 -180.204 0.293549 2.64194 -80 2 -25 10 40559 1 
131.152 -28.731 -180.204 0.293549 2.64194 -80 2 -25 10 40560 1 
131.142 -28.7309 -180.204 0.293549 2.64194 -80 2 -25 10 40561 1 
131.133 -28.7309 -180.204 0.293549 2.64194 -80 2 -25 10 40562 1 
131.123 -28.7309 -180.204 0.293549 2.64194 -80 2 -25 10 40563 1 
131.113 -28.7308 -180.204 0.293549 2.64194 -80 2 -25 10 40564 1 
131.103 -28.7308 -180.204 0.293549 2.64194 -80 2 -25 10 40565 1 
131.094 -28.7308 -180.204 0.293549 2.64194 -80 2 -25 10 40566 1 
131.084 -28.7307 -180.204 0.293549 2.64194 -80 2 -25 10 40567 1 
131.074 -28.7307 -180.204 0.293549 2.64194 -80 2 -25 10 40568 1 
131.064 -28.7307 -180.204 0.293549 2.64194 -80 2 -25 10 40569 1 
131.054 -28.7306 -180.204 0.293549 2.64194 -80 2 -25 10 40570 1 
131.045 -28.7306 -180.204 0.293549 2.64194 -80 2 -25 10 40571 1 
131.035 -28.7306 -180.204 0.293549 2.64194 -80 2 -25 10 40572 1 
131.025 -28.7305 -180.204 0.293549 2.64194 -80 2 -25 10 40573 1 
131.015 -28.7305 -180.204 0.293549 2.64194 -80 2 -25 10 40574 1 
131.006 -28.7305 -180.204 0.293549 2.64194 -80 2 -25 10 40575 1 
130.996 -28.7304 -180.204 0.293549 2.64194 -80 2 -25 10 40576 1 
130.986 -28.7304 -180.204 0.293549 2.64194 -80 2 -25 10 40577 1 
130.976 -28.7303 -180.204 0.293549 2.64194 -80 2 -25 10 40578 1 
130.966 -28.7303 -180.204 0.293549 2.64194 -80 2 -25 10 40579 1 
130.957 -28.7303 -180.204 0.293549 2.64194 -80 2 -25 10 40580 1 
130.947 -28.7302 -180.204 0.293549 2.64194 -80 2 -25 10 40581 1 
130.937 -28.7302 -180.204 0.293549 2.64194 -80 2 -25 10 40582 1 
130.927 -28.7302 -180.204 0.293549 2.64194 -80 2 -25 10 40583 1 
130.917 -28.7301 -180.204 0.293549 2.64194 -80 2 -25 10 40584 1 
130.908 -28.7301 -180.204 0.293549 2.64194 -80 2 -25 10 40585 1 
130.898 -28.7301 -180.204 0.293549 2.64194 -80 2 -25 10 40586 1 
130.888 -28.73 -180.204 0.293549 2.64194 -80 2 -25 10 40587 1 
130.878 -28.73 -180.204 0.293549 2.64194 -80 2 -25 10 40588 1 
130.869 -28.73 -180.204 0.293549 2.64194 -80 2 -25 10 40589 1 
130.859 -28.7299 -180.204 0.293549 2.64194 -80 2 -25 10 40590 1 
130.849 -28.7299 -180.204 0.293549 2.64194 -80 2 -25 10 40591 1 
130.839 -28.7299 -180.204 0.293549 2.64194 -80 2 -25 10 40592 1 
130.829 -28.7298 -180.204 0.293549 2.64194 -80 2 -25 10 40593 1 
130.82 -28.7298 -180.204 0.293549 2.64194 -80 2 -25 10 40594 1 
130.81 -28.7298 -180.204 0.293549 2.64194 -80 2 -25 10 40595 1 
130.8 -28.7297 -180.204 0.293549 2.64194 -80 2 -25 10 40596 1 
130.79 -28.7297 -180.204 0.293549 2.64194 -80 2 -25 10 40597 1 
130.781 -28.7297 -180.204 0.293549 2.64194 -80 2 -25 10 40598 1 
130.771 -28.7296 -180.204 0.293549 2.64194 -80 2 -25 10 40599 1 
130.761 -28.7296 -180.204 0.293549 2.64194 -80 2 -25 10 40600 1 
130.751 -28.7296 -180.204 0.293549 2.64194 -80 2 -25 10 40601 1 
130.741 -28.7295 -180.204 0.293549 2.64194 -80 2 -25 10 40602 1 
130.732 -28.7295 -180.204 0.293549 2.64194 -80 2 -25 10 40603 1 
130.722 -28.7295 -180.204 0.293549 2.64194 -80 2 -25 10 40604 1 
130.712 -28.7294 -180.204 0.293549 2.64194 -80 2 -25 10 40605 1 
130.702 -28.7294 -180.204 0.293549 2.64194 -80 2 -25 10 40606 1 
130.693 -28.7294 -180.204 0.293549 2.64194 -80 2 -25 10 40607 1 
130.683 -28.7293 -180.204 0.293549 2.64194 -80 2 -25 10 40608 1 
130.673 -28.7293 -180.204 0.293549 2.64194 -80 2 -25 10 40609 1 
130.663 -28.7292 -180.204 0.293549 2.64194 -80 2 -25 10 40610 1 
130.653 -28.7292 -180.204 0.293549 2.64194 -80 2 -25 10 40611 1 
130.644 -28.7292 -180.204 0.293549 2.64194 -80 2 -25 10 40612 1 
130.634 -28.7291 -180.204 0.293549 2.64194 -80 2 -25 10 40613 1 
130.624 -28.7291 -180.204 0.293549 2.64194 -80 2 -25 10 40614 1 
130.614 -28.7291 -180.204 0.293549 2.64194 -80 2 -25 10 40615 1 
130.604 -28.729 -180.204 0.293549 2.64194 -80 2 -25 10 40616 1 
130.595 -28.729 -180.204 0.293549 2.64194 -80 2 -25 10 40617 1 
130.585 -28.729 -180.204 0.293549 2.64194 -80 2 -25 10 40618 1 
130.575 -28.7289 -180.204 0.293549 2.64194 -80 2 -25 10 40619 1 
130.565 -28.7289 -180.204 0.293549 2.64194 -80 2 -25 10 40620 1 
130.556 -28.7289 -180.204 0.293549 2.64194 -80 2 -25 10 40621 1 
130.546 -28.7288 -180.204 0.293549 2.64194 -80 2 -25 10 40622 1 
130.536 -28.7288 -180.204 0.293549 2.64194 -80 2 -25 10 40623 1 
130.526 -28.7288 -180.204 0.293549 2.64194 -80 2 -25 10 40624 1 
130.516 -28.7287 -180.204 0.293549 2.64194 -80 2 -25 10 40625 1 
130.507 -28.7287 -180.204 0.293549 2.64194 -80 2 -25 10 40626 1 
130.497 -28.7287 -180.204 0.293549 2.64194 -80 2 -25 10 40627 1 
130.487 -28.7286 -180.204 0.293549 2.64194 -80 2 -25 10 40628 1 
130.477 -28.7286 -180.204 0.293549 2.64194 -80 2 -25 10 40629 1 
130.468 -28.7286 -180.204 0.293549 2.64194 -80 2 -25 10 40630 1 
130.458 -28.7285 -180.204 0.293549 2.64194 -80 2 -25 10 40631 1 
130.448 -28.7285 -180.205 0.293549 2.64194 -80 2 -25 10 40632 1 
130.438 -28.7285 -180.205 0.293549 2.64194 -80 2 -25 10 40633 1 
130.428 -28.7284 -180.205 0.293549 2.64194 -80 2 -25 10 40634 1 
130.419 -28.7284 -180.205 0.293549 2.64194 -80 2 -25 10 40635 1 
130.409 -28.7284 -180.205 0.293549 2.64194 -80 2 -25 10 40636 1 
130.399 -28.7283 -180.205 0.293549 2.64194 -80 2 -25 10 40637 1 
130.389 -28.7283 -180.205 0.293549 2.64194 -80 2 -25 10 40638 1 
130.38 -28.7283 -180.205 0.293549 2.64194 -80 2 -25 10 40639 1 
130.37 -28.7282 -180.205 0.293549 2.64194 -80 2 -25 10 40640 1 
130.36 -28.7282 -180.205 0.293549 2.64194 -80 2 -25 10 40641 1 
130.35 -28.7282 -180.205 0.293549 2.64194 -80 2 -25 10 40642 1 
130.34 -28.7281 -180.205 0.293549 2.64194 -80 2 -25 10 40643 1 
130.331 -28.7281 -180.205 0.293549 2.64194 -80 2 -25 10 40644 1 
130.321 -28.728 -180.205 0.293549 2.64194 -80 2 -25 10 40645 1 
130.311 -28.728 -180.205 0.293549 2.64194 -80 2 -25 10 40646 1 
130.301 -28.728 -180.205 0.293549 2.64194 -80 2 -25 10 40647 1 
130.292 -28.7279 -180.205 0.293549 2.64194 -80 2 -25 10 40648 1 
130.282 -28.7279 -180.205 0.293549 2.64194 -80 2 -25 10 40649 1 
130.272 -28.7279 -180.205 0.293549 2.64194 -80 2 -25 10 40650 1 
130.262 -28.7278 -180.205 0.293549 2.64194 -80 2 -25 10 40651 1 
130.252 -28.7278 -180.205 0.293549 2.64194 -80 2 -25 10 40652 1 
130.243 -28.7278 -180.205 0.293549 2.64194 -80 2 -25 10 40653 1 
130.233 -28.7277 -180.205 0.293549 2.64194 -80 2 -25 10 40654 1 
130.223 -28.7277 -180.205 0.293549 2.64194 -80 2 -25 10 40655 1 
130.213 -28.7277 -180.205 0.293549 2.64194 -80 2 -25 10 40656 1 
130.203 -28.7276 -180.205 0.293549 2.64194 -80 2 -25 10 40657 1 
130.194 -28.7276 -180.205 0.293549 2.64194 -80 2 -25 10 40658 1 
130.184 -28.7276 -180.205 0.293549 2.64194 -80 2 -25 10 40659 1 
130.174 -28.7275 -180.205 0.293549 2.64194 -80 2 -25 10 40660 1 
130.164 -28.7275 -180.205 0.293549 2.64194 -80 2 -25 10 40661 1 
130.155 -28.7275 -180.205 0.293549 2.64194 -80 2 -25 10 40662 1 
130.145 -28.7274 -180.205 0.293549 2.64194 -80 2 -25 10 40663 1 
130.135 -28.7274 -180.205 0.293549 2.64194 -80 2 -25 10 40664 1 
130.125 -28.7274 -180.205 0.293549 2.64194 -80 2 -25 10 40665 1 
130.115 -28.7273 -180.205 0.293549 2.64194 -80 2 -25 10 40666 1 
130.106 -28.7273 -180.205 0.293549 2.64194 -80 2 -25 10 40667 1 
130.096 -28.7273 -180.205 0.293549 2.64194 -80 2 -25 10 40668 1 
130.086 -28.7272 -180.205 0.293549 2.64194 -80 2 -25 10 40669 1 
130.076 -28.7272 -180.205 0.293549 2.64194 -80 2 -25 10 40670 1 
130.067 -28.7272 -180.205 0.293549 2.64194 -80 2 -25 10 40671 1 
130.057 -28.7271 -180.205 0.293549 2.64194 -80 2 -25 10 40672 1 
130.047 -28.7271 -180.205 0.293549 2.64194 -80 2 -25 10 40673 1 
130.037 -28.7271 -180.205 0.293549 2.64194 -80 2 -25 10 40674 1 
130.027 -28.727 -180.205 0.293549 2.64194 -80 2 -25 10 40675 1 
130.018 -28.727 -180.205 0.293549 2.64194 -80 2 -25 10 40676 1 
130.008 -28.7269 -180.205 0.293549 2.64194 -80 2 -25 10 40677 1 
129.998 -28.7269 -180.205 0.293549 2.64194 -80 2 -25 10 40678 1 
129.988 -28.7269 -180.205 0.293549 2.64194 -80 2 -25 10 40679 1 
129.979 -28.7268 -180.205 0.293549 2.64194 -80 2 -25 10 40680 1 
129.969 -28.7268 -180.205 0.293549 2.64194 -80 2 -25 10 40681 1 
129.959 -28.7268 -180.205 0.293549 2.64194 -80 2 -25 10 40682 1 
129.949 -28.7267 -180.205 0.293549 2.64194 -80 2 -25 10 40683 1 
129.939 -28.7267 -180.205 0.293549 2.64194 -80 2 -25 10 40684 1 
129.93 -28.7267 -180.205 0.293549 2.64194 -80 2 -25 10 40685 1 
129.92 -28.7266 -180.205 0.293549 2.64194 -80 2 -25 10 40686 1 
129.91 -28.7266 -180.205 0.293549 2.64194 -80 2 -25 10 40687 1 
129.9 -28.7266 -180.205 0.293549 2.64194 -80 2 -25 10 40688 1 
129.89 -28.7265 -180.205 0.293549 2.64194 -80 2 -25 10 40689 1 
129.881 -28.7265 -180.205 0.293549 2.64194 -80 2 -25 10 40690 1 
129.871 -28.7265 -180.205 0.293549 2.64194 -80 2 -25 10 40691 1 
129.861 -28.7264 -180.205 0.293549 2.64194 -80 2 -25 10 40692 1 
129.851 -28.7264 -180.205 0.293549 2.64194 -80 2 -25 10 40693 1 
129.842 -28.7264 -180.205 0.293549 2.64194 -80 2 -25 10 40694 1 
129.832 -28.7263 -180.205 0.293549 2.64194 -80 2 -25 10 40695 1 
129.822 -28.7263 -180.205 0.293549 2.64194 -80 2 -25 10 40696 1 
129.812 -28.7263 -180.205 0.293549 2.64194 -80 2 -25 10 40697 1 
129.802 -28.7262 -180.205 0.293549 2.64194 -80 2 -25 10 40698 1 
129.793 -28.7262 -180.205 0.293549 2.64194 -80 2 -25 10 40699 1 
129.783 -28.7262 -180.205 0.293549 2.64194 -80 2 -25 10 40700 1 
129.773 -28.7261 -180.205 0.293549 2.64194 -80 2 -25 10 40701 1 
129.763 -28.7261 -180.205 0.293549 2.64194 -80 2 -25 10 40702 1 
129.754 -28.7261 -180.205 0.293549 2.64194 -80 2 -25 10 40703 1 
129.744 -28.726 -180.205 0.293549 2.64194 -80 2 -25 10 40704 1 
129.734 -28.726 -180.205 0.293549 2.64194 -80 2 -25 10 40705 1 
129.724 -28.726 -180.205 0.293549 2.64194 -80 2 -25 10 40706 1 
129.714 -28.7259 -180.205 0.293549 2.64194 -80 2 -25 10 40707 1 
129.705 -28.7259 -180.205 0.293549 2.64194 -80 2 -25 10 40708 1 
129.695 -28.7259 -180.205 0.293549 2.64194 -80 2 -25 10 40709 1 
129.685 -28.7258 -180.205 0.293549 2.64194 -80 2 -25 10 40710 1 
129.675 -28.7258 -180.205 0.293549 2.64194 -80 2 -25 10 40711 1 
129.666 -28.7257 -180.205 0.293549 2.64194 -80 2 -25 10 40712 1 
129.656 -28.7257 -180.205 0.293549 2.64194 -80 2 -25 10 40713 1 
129.646 -28.7257 -180.205 0.293549 2.64194 -80 2 -25 10 40714 1 
129.636 -28.7256 -180.205 0.293549 2.64194 -80 2 -25 10 40715 1 
129.626 -28.7256 -180.205 0.293549 2.64194 -80 2 -25 10 40716 1 
129.617 -28.7256 -180.205 0.293549 2.64194 -80 2 -25 10 40717 1 
129.607 -28.7255 -180.205 0.293549 2.64194 -80 2 -25 10 40718 1 
129.597 -28.7255 -180.205 0.293549 2.64194 -80 2 -25 10 40719 1 
129.587 -28.7255 -180.205 0.293549 2.64194 -80 2 -25 10 40720 1 
129.577 -28.7254 -180.205 0.293549 2.64194 -80 2 -25 10 40721 1 
129.568 -28.7254 -180.205 0.293549 2.64194 -80 2 -25 10 40722 1 
129.558 -28.7254 -180.205 0.293549 2.64194 -80 2 -25 10 40723 1 
129.548 -28.7253 -180.205 0.293549 2.64194 -80 2 -25 10 40724 1 
129.538 -28.7253 -180.205 0.293549 2.64194 -80 2 -25 10 40725 1 
129.529 -28.7253 -180.205 0.293549 2.64194 -80 2 -25 10 40726 1 
129.519 -28.7252 -180.205 0.293549 2.64194 -80 2 -25 10 40727 1 
129.509 -28.7252 -180.205 0.293549 2.64194 -80 2 -25 10 40728 1 
129.499 -28.7252 -180.205 0.293549 2.64194 -80 2 -25 10 40729 1 
129.489 -28.7251 -180.205 0.293549 2.64194 -80 2 -25 10 40730 1 
129.48 -28.7251 -180.205 0.293549 2.64194 -80 2 -25 10 40731 1 
129.47 -28.7251 -180.205 0.293549 2.64194 -80 2 -25 10 40732 1 
129.46 -28.725 -180.205 0.293549 2.64194 -80 2 -25 10 40733 1 
129.45 -28.725 -180.205 0.293549 2.64194 -80 2 -25 10 40734 1 
129.441 -28.725 -180.205 0.293549 2.64194 -80 2 -25 10 40735 1 
129.431 -28.7249 -180.205 0.293549 2.64194 -80 2 -25 10 40736 1 
129.421 -28.7249 -180.205 0.293549 2.64194 -80 2 -25 10 40737 1 
129.411 -28.7249 -180.205 0.293549 2.64194 -80 2 -25 10 40738 1 
129.401 -28.7248 -180.205 0.293549 2.64194 -80 2 -25 10 40739 1 
129.392 -28.7248 -180.205 0.293549 2.64194 -80 2 -25 10 40740 1 
129.382 -28.7248 -180.205 0.293549 2.64194 -80 2 -25 10 40741 1 
129.372 -28.7247 -180.205 0.293549 2.64194 -80 2 -25 10 40742 1 
129.362 -28.7247 -180.205 0.293549 2.64194 -80 2 -25 10 40743 1 
129.353 -28.7246 -180.205 0.293549 2.64194 -80 2 -25 10 40744 1 
129.343 -28.7246 -180.205 0.293549 2.64194 -80 2 -25 10 40745 1 
129.333 -28.7246 -180.205 0.293549 2.64194 -80 2 -25 10 40746 1 
129.323 -28.7245 -180.205 0.293549 2.64194 -80 2 -25 10 40747 1 
129.313 -28.7245 -180.205 0.293549 2.64194 -80 2 -25 10 40748 1 
129.304 -28.7245 -180.205 0.293549 2.64194 -80 2 -25 10 40749 1 
129.294 -28.7244 -180.205 0.293549 2.64194 -80 2 -25 10 40750 1 
129.284 -28.7244 -180.205 0.293549 2.64194 -80 2 -25 10 40751 1 
129.274 -28.7244 -180.205 0.293549 2.64194 -80 2 -25 10 40752 1 
129.265 -28.7243 -180.205 0.293549 2.64194 -80 2 -25 10 40753 1 
129.255 -28.7243 -180.205 0.293549 2.64194 -80 2 -25 10 40754 1 
129.245 -28.7243 -180.205 0.293549 2.64194 -80 2 -25 10 40755 1 
129.235 -28.7242 -180.205 0.293549 2.64194 -80 2 -25 10 40756 1 
129.225 -28.7242 -180.205 0.293549 2.64194 -80 2 -25 10 40757 1 
129.216 -28.7242 -180.205 0.293549 2.64194 -80 2 -25 10 40758 1 
129.206 -28.7241 -180.206 0.293549 2.64194 -80 2 -25 10 40759 1 
129.196 -28.7241 -180.206 0.293549 2.64194 -80 2 -25 10 40760 1 
129.186 -28.7241 -180.206 0.293549 2.64194 -80 2 -25 10 40761 1 
129.176 -28.724 -180.206 0.293549 2.64194 -80 2 -25 10 40762 1 
129.167 -28.724 -180.206 0.293549 2.64194 -80 2 -25 10 40763 1 
129.157 -28.724 -180.206 0.293549 2.64194 -80 2 -25 10 40764 1 
129.147 -28.7239 -180.206 0.293549 2.64194 -80 2 -25 10 40765 1 
129.137 -28.7239 -180.206 0.293549 2.64194 -80 2 -25 10 40766 1 
129.128 -28.7239 -180.206 0.293549 2.64194 -80 2 -25 10 40767 1 
129.118 -28.7238 -180.206 0.293549 2.64194 -80 2 -25 10 40768 1 
129.108 -28.7238 -180.206 0.293549 2.64194 -80 2 -25 10 40769 1 
129.098 -28.7238 -180.206 0.293549 2.64194 -80 2 -25 10 40770 1 
129.088 -28.7237 -180.206 0.293549 2.64194 -80 2 -25 10 40771 1 
129.079 -28.7237 -180.206 0.293549 2.64194 -80 2 -25 10 40772 1 
129.069 -28.7237 -180.206 0.293549 2.64194 -80 2 -25 10 40773 1 
129.059 -28.7236 -180.206 0.293549 2.64194 -80 2 -25 10 40774 1 
129.049 -28.7236 -180.206 0.293549 2.64194 -80 2 -25 10 40775 1 
129.04 -28.7236 -180.206 0.293549 2.64194 -80 2 -25 10 40776 1 
129.03 -28.7235 -180.206 0.293549 2.64194 -80 2 -25 10 40777 1 
129.02 -28.7235 -180.206 0.293549 2.64194 -80 2 -25 10 40778 1 
129.01 -28.7234 -180.206 0.293549 2.64194 -80 2 -25 10 40779 1 
129 -28.7234 -180.206 0.293549 2.64194 -80 2 -25 10 40780 1 
128.991 -28.7234 -180.206 0.293549 2.64194 -80 2 -25 10 40781 1 
128.981 -28.7233 -180.206 0.293549 2.64194 -80 2 -25 10 40782 1 
128.971 -28.7233 -180.206 0.293549 2.64194 -80 2 -25 10 40783 1 
128.961 -28.7233 -180.206 0.293549 2.64194 -80 2 -25 10 40784 1 
128.952 -28.7232 -180.206 0.293549 2.64194 -80 2 -25 10 40785 1 
128.942 -28.7232 -180.206 0.293549 2.64194 -80 2 -25 10 40786 1 
128.932 -28.7232 -180.206 0.293549 2.64194 -80 2 -25 10 40787 1 
128.922 -28.7231 -180.206 0.293549 2.64194 -80 2 -25 10 40788 1 
128.912 -28.7231 -180.206 0.293549 2.64194 -80 2 -25 10 40789 1 
128.903 -28.7231 -180.206 0.293549 2.64194 -80 2 -25 10 40790 1 
128.893 -28.723 -180.206 0.293549 2.64194 -80 2 -25 10 40791 1 
128.883 -28.723 -180.206 0.293549 2.64194 -80 2 -25 10 40792 1 
128.873 -28.723 -180.206 0.293549 2.64194 -80 2 -25 10 40793 1 
128.863 -28.7229 -180.206 0.293549 2.64194 -80 2 -25 10 40794 1 
128.854 -28.7229 -180.206 0.293549 2.64194 -80 2 -25 10 40795 1 
128.844 -28.7229 -180.206 0.293549 2.64194 -80 2 -25 10 40796 1 
128.834 -28.7228 -180.206 0.293549 2.64194 -80 2 -25 10 40797 1 
128.824 -28.7228 -180.206 0.293549 2.64194 -80 2 -25 10 40798 1 
128.815 -28.7228 -180.206 0.293549 2.64194 -80 2 -25 10 40799 1 
128.805 -28.7227 -180.206 0.293549 2.64194 -80 2 -25 10 40800 1 
128.795 -28.7227 -180.206 0.293549 2.64194 -80 2 -25 10 40801 1 
128.785 -28.7227 -180.206 0.293549 2.64194 -80 2 -25 10 40802 1 
128.775 -28.7226 -180.206 0.293549 2.64194 -80 2 -25 10 40803 1 
128.766 -28.7226 -180.206 0.293549 2.64194 -80 2 -25 10 40804 1 
128.756 -28.7226 -180.206 0.293549 2.64194 -80 2 -25 10 40805 1 
128.746 -28.7225 -180.206 0.293549 2.64194 -80 2 -25 10 40806 1 
128.736 -28.7225 -180.206 0.293549 2.64194 -80 2 -25 10 40807 1 
128.727 -28.7225 -180.206 0.293549 2.64194 -80 2 -25 10 40808 1 
128.717 -28.7224 -180.206 0.293549 2.64194 -80 2 -25 10 40809 1 
128.707 -28.7224 -180.206 0.293549 2.64194 -80 2 -25 10 40810 1 
128.697 -28.7223 -180.206 0.293549 2.64194 -80 2 -25 10 40811 1 
128.687 -28.7223 -180.206 0.293549 2.64194 -80 2 -25 10 40812 1 
128.678 -28.7223 -180.206 0.293549 2.64194 -80 2 -25 10 40813 1 
128.668 -28.7222 -180.206 0.293549 2.64194 -80 2 -25 10 40814 1 
128.658 -28.7222 -180.206 0.293549 2.64194 -80 2 -25 10 40815 1 
128.648 -28.7222 -180.206 0.293549 2.64194 -80 2 -25 10 40816 1 
128.639 -28.7221 -180.206 0.293549 2.64194 -80 2 -25 10 40817 1 
128.629 -28.7221 -180.206 0.293549 2.64194 -80 2 -25 10 40818 1 
128.619 -28.7221 -180.206 0.293549 2.64194 -80 2 -25 10 40819 1 
128.609 -28.722 -180.206 0.293549 2.64194 -80 2 -25 10 40820 1 
128.599 -28.722 -180.206 0.293549 2.64194 -80 2 -25 10 40821 1 
128.59 -28.722 -180.206 0.293549 2.64194 -80 2 -25 10 40822 1 
128.58 -28.7219 -180.206 0.293549 2.64194 -80 2 -25 10 40823 1 
128.57 -28.7219 -180.206 0.293549 2.64194 -80 2 -25 10 40824 1 
128.56 -28.7219 -180.206 0.293549 2.64194 -80 2 -25 10 40825 1 
128.551 -28.7218 -180.206 0.293549 2.64194 -80 2 -25 10 40826 1 
128.541 -28.7218 -180.206 0.293549 2.64194 -80 2 -25 10 40827 1 
128.531 -28.7218 -180.206 0.293549 2.64194 -80 2 -25 10 40828 1 
128.521 -28.7217 -180.206 0.293549 2.64194 -80 2 -25 10 40829 1 
128.511 -28.7217 -180.206 0.293549 2.64194 -80 2 -25 10 40830 1 
128.502 -28.7217 -180.206 0.293549 2.64194 -80 2 -25 10 40831 1 
128.492 -28.7216 -180.206 0.293549 2.64194 -80 2 -25 10 40832 1 
128.482 -28.7216 -180.206 0.293549 2.64194 -80 2 -25 10 40833 1 
128.472 -28.7216 -180.206 0.293549 2.64194 -80 2 -25 10 40834 1 
128.462 -28.7215 -180.206 0.293549 2.64194 -80 2 -25 10 40835 1 
128.453 -28.7215 -180.206 0.293549 2.64194 -80 2 -25 10 40836 1 
128.443 -28.7215 -180.206 0.293549 2.64194 -80 2 -25 10 40837 1 
128.433 -28.7214 -180.206 0.293549 2.64194 -80 2 -25 10 40838 1 
128.423 -28.7214 -180.206 0.293549 2.64194 -80 2 -25 10 40839 1 
128.414 -28.7214 -180.206 0.293549 2.64194 -80 2 -25 10 40840 1 
128.404 -28.7213 -180.206 0.293549 2.64194 -80 2 -25 10 40841 1 
128.394 -28.7213 -180.206 0.293549 2.64194 -80 2 -25 10 40842 1 
128.384 -28.7213 -180.206 0.293549 2.64194 -80 2 -25 10 40843 1 
128.374 -28.7212 -180.206 0.293549 2.64194 -80 2 -25 10 40844 1 
128.365 -28.7212 -180.206 0.293549 2.64194 -80 2 -25 10 40845 1 
128.355 -28.7211 -180.206 0.293549 2.64194 -80 2 -25 10 40846 1 
128.345 -28.7211 -180.206 0.293549 2.64194 -80 2 -25 10 40847 1 
128.335 -28.7211 -180.206 0.293549 2.64194 -80 2 -25 10 40848 1 
128.326 -28.721 -180.206 0.293549 2.64194 -80 2 -25 10 40849 1 
128.316 -28.721 -180.206 0.293549 2.64194 -80 2 -25 10 40850 1 
128.306 -28.721 -180.206 0.293549 2.64194 -80 2 -25 10 40851 1 
128.296 -28.7209 -180.206 0.293549 2.64194 -80 2 -25 10 40852 1 
128.286 -28.7209 -180.206 0.293549 2.64194 -80 2 -25 10 40853 1 
128.277 -28.7209 -180.206 0.293549 2.64194 -80 2 -25 10 40854 1 
128.267 -28.7208 -180.206 0.293549 2.64194 -80 2 -25 10 40855 1 
128.257 -28.7208 -180.206 0.293549 2.64194 -80 2 -25 10 40856 1 
128.247 -28.7208 -180.206 0.293549 2.64194 -80 2 -25 10 40857 1 
128.238 -28.7207 -180.206 0.293549 2.64194 -80 2 -25 10 40858 1 
128.228 -28.7207 -180.206 0.293549 2.64194 -80 2 -25 10 40859 1 
128.218 -28.7207 -180.206 0.293549 2.64194 -80 2 -25 10 40860 1 
128.208 -28.7206 -180.206 0.293549 2.64194 -80 2 -25 10 40861 1 
128.198 -28.7206 -180.206 0.293549 2.64194 -80 2 -25 10 40862 1 
128.189 -28.7206 -180.206 0.293549 2.64194 -80 2 -25 10 40863 1 
128.179 -28.7205 -180.206 0.293549 2.64194 -80 2 -25 10 40864 1 
128.169 -28.7205 -180.206 0.293549 2.64194 -80 2 -25 10 40865 1 
128.159 -28.7205 -180.206 0.293549 2.64194 -80 2 -25 10 40866 1 
128.149 -28.7204 -180.206 0.293549 2.64194 -80 2 -25 10 40867 1 
128.14 -28.7204 -180.206 0.293549 2.64194 -80 2 -25 10 40868 1 
128.13 -28.7204 -180.206 0.293549 2.64194 -80 2 -25 10 40869 1 
128.12 -28.7203 -180.206 0.293549 2.64194 -80 2 -25 10 40870 1 
128.11 -28.7203 -180.206 0.293549 2.64194 -80 2 -25 10 40871 1 
128.101 -28.7203 -180.206 0.293549 2.64194 -80 2 -25 10 40872 1 
128.091 -28.7202 -180.206 0.293549 2.64194 -80 2 -25 10 40873 1 
128.081 -28.7202 -180.206 0.293549 2.64194 -80 2 -25 10 40874 1 
128.071 -28.7202 -180.206 0.293549 2.64194 -80 2 -25 10 40875 1 
128.061 -28.7201 -180.206 0.293549 2.64194 -80 2 -25 10 40876 1 
128.052 -28.7201 -180.206 0.293549 2.64194 -80 2 -25 10 40877 1 
128.042 -28.72 -180.206 0.293549 2.64194 -80 2 -25 10 40878 1 
128.032 -28.72 -180.206 0.293549 2.64194 -80 2 -25 10 40879 1 
128.022 -28.72 -180.206 0.293549 2.64194 -80 2 -25 10 40880 1 
128.013 -28.7199 -180.206 0.293549 2.64194 -80 2 -25 10 40881 1 
128.003 -28.7199 -180.206 0.293549 2.64194 -80 2 -25 10 40882 1 
127.993 -28.7199 -180.206 0.293549 2.64194 -80 2 -25 10 40883 1 
127.983 -28.7198 -180.206 0.293549 2.64194 -80 2 -25 10 40884 1 
127.973 -28.7198 -180.206 0.293549 2.64194 -80 2 -25 10 40885 1 
127.964 -28.7198 -180.206 0.293549 2.64194 -80 2 -25 10 40886 1 
127.954 -28.7197 -180.207 0.293549 2.64194 -80 2 -25 10 40887 1 
127.944 -28.7197 -180.207 0.293549 2.64194 -80 2 -25 10 40888 1 
127.934 -28.7197 -180.207 0.293549 2.64194 -80 2 -25 10 40889 1 
127.924 -28.7196 -180.207 0.293549 2.64194 -80 2 -25 10 40890 1 
127.915 -28.7196 -180.207 0.293549 2.64194 -80 2 -25 10 40891 1 
127.905 -28.7196 -180.207 0.293549 2.64194 -80 2 -25 10 40892 1 
127.895 -28.7195 -180.207 0.293549 2.64194 -80 2 -25 10 40893 1 
127.885 -28.7195 -180.207 0.293549 2.64194 -80 2 -25 10 40894 1 
127.876 -28.7195 -180.207 0.293549 2.64194 -80 2 -25 10 40895 1 
127.866 -28.7194 -180.207 0.293549 2.64194 -80 2 -25 10 40896 1 
127.856 -28.7194 -180.207 0.293549 2.64194 -80 2 -25 10 40897 1 
127.846 -28.7194 -180.207 0.293549 2.64194 -80 2 -25 10 40898 1 
127.836 -28.7193 -180.207 0.293549 2.64194 -80 2 -25 10 40899 1 
127.827 -28.7193 -180.207 0.293549 2.64194 -80 2 -25 10 40900 1 
127.817 -28.7193 -180.207 0.293549 2.64194 -80 2 -25 10 40901 1 
127.807 -28.7192 -180.207 0.293549 2.64194 -80 2 -25 10 40902 1 
127.797 -28.7192 -180.207 0.293549 2.64194 -80 2 -25 10 40903 1 
127.787 -28.7192 -180.207 0.293549 2.64194 -80 2 -25 10 40904 1 
127.778 -28.7191 -180.207 0.293549 2.64194 -80 2 -25 10 40905 1 
127.768 -28.7191 -180.207 0.293549 2.64194 -80 2 -25 10 40906 1 
127.758 -28.719 -180.207 0.293549 2.64194 -80 2 -25 10 40907 1 
127.748 -28.719 -180.207 0.293549 2.64194 -80 2 -25 10 40908 1 
127.738 -28.719 -180.207 0.293549 2.64194 -80 2 -25 10 40909 1 
127.729 -28.7189 -180.207 0.293549 2.64194 -80 2 -25 10 40910 1 
127.719 -28.7189 -180.207 0.293549 2.64194 -80 2 -25 10 40911 1 
127.709 -28.7189 -180.207 0.293549 2.64194 -80 2 -25 10 40912 1 
127.699 -28.7188 -180.207 0.293549 2.64194 -80 2 -25 10 40913 1 
127.69 -28.7188 -180.207 0.293549 2.64194 -80 2 -25 10 40914 1 
127.68 -28.7188 -180.207 0.293549 2.64194 -80 2 -25 10 40915 1 
127.67 -28.7187 -180.207 0.293549 2.64194 -80 2 -25 10 40916 1 
127.66 -28.7187 -180.207 0.293549 2.64194 -80 2 -25 10 40917 1 
127.65 -28.7186 -180.207 0.293549 2.64194 -80 2 -25 10 40918 1 
127.641 -28.7186 -180.207 0.293549 2.64194 -80 2 -25 10 40919 1 
127.631 -28.7186 -180.207 0.293549 2.64194 -80 2 -25 10 40920 1 
127.621 -28.7185 -180.207 0.293549 2.64194 -80 2 -25 10 40921 1 
127.611 -28.7185 -180.207 0.293549 2.64194 -80 2 -25 10 40922 1 
127.601 -28.7185 -180.207 0.293549 2.64194 -80 2 -25 10 40923 1 
127.592 -28.7184 -180.207 0.293549 2.64194 -80 2 -25 10 40924 1 
127.582 -28.7184 -180.207 0.293549 2.64194 -80 2 -25 10 40925 1 
127.572 -28.7184 -180.207 0.293549 2.64194 -80 2 -25 10 40926 1 
127.562 -28.7183 -180.207 0.293549 2.64194 -80 2 -25 10 40927 1 
127.553 -28.7183 -180.207 0.293549 2.64194 -80 2 -25 10 40928 1 
127.543 -28.7182 -180.207 0.293549 2.64194 -80 2 -25 10 40929 1 
127.533 -28.7182 -180.207 0.293549 2.64194 -80 2 -25 10 40930 1 
127.523 -28.7182 -180.207 0.293549 2.64194 -80 2 -25 10 40931 1 
127.513 -28.7181 -180.207 0.293549 2.64194 -80 2 -25 10 40932 1 
127.504 -28.7181 -180.207 0.293549 2.64194 -80 2 -25 10 40933 1 
127.494 -28.7181 -180.207 0.293549 2.64194 -80 2 -25 10 40934 1 
127.484 -28.718 -180.207 0.293549 2.64194 -80 2 -25 10 40935 1 
127.474 -28.718 -180.207 0.293549 2.64194 -80 2 -25 10 40936 1 
127.464 -28.718 -180.207 0.293549 2.64194 -80 2 -25 10 40937 1 
127.455 -28.7179 -180.207 0.293549 2.64194 -80 2 -25 10 40938 1 
127.445 -28.7179 -180.207 0.293549 2.64194 -80 2 -25 10 40939 1 
127.435 -28.7178 -180.207 0.293549 2.64194 -80 2 -25 10 40940 1 
127.425 -28.7178 -180.207 0.293549 2.64194 -80 2 -25 10 40941 1 
127.415 -28.7178 -180.207 0.293549 2.64194 -80 2 -25 10 40942 1 
127.406 -28.7177 -180.207 0.293549 2.64194 -80 2 -25 10 40943 1 
127.396 -28.7177 -180.207 0.293549 2.64194 -80 2 -25 10 40944 1 
127.386 -28.7177 -180.207 0.293549 2.64194 -80 2 -25 10 40945 1 
127.376 -28.7176 -180.207 0.293549 2.64194 -80 2 -25 10 40946 1 
127.367 -28.7176 -180.207 0.293549 2.64194 -80 2 -25 10 40947 1 
127.357 -28.7176 -180.207 0.293549 2.64194 -80 2 -25 10 40948 1 
127.347 -28.7175 -180.207 0.293549 2.64194 -80 2 -25 10 40949 1 
127.337 -28.7175 -180.207 0.293549 2.64194 -80 2 -25 10 40950 1 
127.327 -28.7174 -180.207 0.293549 2.64194 -80 2 -25 10 40951 1 
127.318 -28.7174 -180.207 0.293549 2.64194 -80 2 -25 10 40952 1 
127.308 -28.7174 -180.207 0.293549 2.64194 -80 2 -25 10 40953 1 
127.298 -28.7173 -180.207 0.293549 2.64194 -80 2 -25 10 40954 1 
127.288 -28.7173 -180.207 0.293549 2.64194 -80 2 -25 10 40955 1 
127.278 -28.7173 -180.207 0.293549 2.64194 -80 2 -25 10 40956 1 
127.269 -28.7172 -180.207 0.293549 2.64194 -80 2 -25 10 40957 1 
127.259 -28.7172 -180.207 0.293549 2.64194 -80 2 -25 10 40958 1 
127.249 -28.7172 -180.207 0.293549 2.64194 -80 2 -25 10 40959 1 
127.239 -28.7171 -180.207 0.293549 2.64194 -80 2 -25 10 40960 1 
127.229 -28.7171 -180.207 0.293549 2.64194 -80 2 -25 10 40961 1 
127.22 -28.717 -180.207 0.293549 2.64194 -80 2 -25 10 40962 1 
127.21 -28.717 -180.207 0.293549 2.64194 -80 2 -25 10 40963 1 
127.2 -28.717 -180.207 0.293549 2.64194 -80 2 -25 10 40964 1 
127.19 -28.7169 -180.207 0.293549 2.64194 -80 2 -25 10 40965 1 
127.181 -28.7169 -180.207 0.293549 2.64194 -80 2 -25 10 40966 1 
127.171 -28.7169 -180.207 0.293549 2.64194 -80 2 -25 10 40967 1 
127.161 -28.7168 -180.207 0.293549 2.64194 -80 2 -25 10 40968 1 
127.151 -28.7168 -180.207 0.293549 2.64194 -80 2 -25 10 40969 1 
127.141 -28.7168 -180.207 0.293549 2.64194 -80 2 -25 10 40970 1 
127.132 -28.7167 -180.207 0.293549 2.64194 -80 2 -25 10 40971 1 
127.122 -28.7167 -180.207 0.293549 2.64194 -80 2 -25 10 40972 1 
127.112 -28.7167 -180.207 0.293549 2.64194 -80 2 -25 10 40973 1 
127.102 -28.7166 -180.207 0.293549 2.64194 -80 2 -25 10 40974 1 
127.092 -28.7166 -180.207 0.293549 2.64194 -80 2 -25 10 40975 1 
127.083 -28.7165 -180.207 0.293549 2.64194 -80 2 -25 10 40976 1 
127.073 -28.7165 -180.207 0.293549 2.64194 -80 2 -25 10 40977 1 
127.063 -28.7165 -180.207 0.293549 2.64194 -80 2 -25 10 40978 1 
127.053 -28.7164 -180.207 0.293549 2.64194 -80 2 -25 10 40979 1 
127.044 -28.7164 -180.207 0.293549 2.64194 -80 2 -25 10 40980 1 
127.034 -28.7164 -180.207 0.293549 2.64194 -80 2 -25 10 40981 1 
127.024 -28.7163 -180.207 0.293549 2.64194 -80 2 -25 10 40982 1 
127.014 -28.7163 -180.207 0.293549 2.64194 -80 2 -25 10 40983 1 
127.004 -28.7163 -180.207 0.293549 2.64194 -80 2 -25 10 40984 1 
126.995 -28.7162 -180.207 0.293549 2.64194 -80 2 -25 10 40985 1 
126.985 -28.7162 -180.207 0.293549 2.64194 -80 2 -25 10 40986 1 
126.975 -28.7161 -180.207 0.293549 2.64194 -80 2 -25 10 40987 1 
126.965 -28.7161 -180.207 0.293549 2.64194 -80 2 -25 10 40988 1 
126.955 -28.7161 -180.207 0.293549 2.64194 -80 2 -25 10 40989 1 
126.946 -28.716 -180.207 0.293549 2.64194 -80 2 -25 10 40990 1 
126.936 -28.716 -180.207 0.293549 2.64194 -80 2 -25 10 40991 1 
126.926 -28.716 -180.207 0.293549 2.64194 -80 2 -25 10 40992 1 
126.916 -28.7159 -180.207 0.293549 2.64194 -80 2 -25 10 40993 1 
126.906 -28.7159 -180.207 0.293549 2.64194 -80 2 -25 10 40994 1 
126.897 -28.7159 -180.207 0.293549 2.64194 -80 2 -25 10 40995 1 
126.887 -28.7158 -180.207 0.293549 2.64194 -80 2 -25 10 40996 1 
126.877 -28.7158 -180.207 0.293549 2.64194 -80 2 -25 10 40997 1 
126.867 -28.7157 -180.207 0.293549 2.64194 -80 2 -25 10 40998 1 
126.858 -28.7157 -180.207 0.293549 2.64194 -80 2 -25 10 40999 1 
126.848 -28.7157 -180.207 0.293549 2.64194 -80 2 -25 10 41000 1 
126.838 -28.7156 -180.207 0.293549 2.64194 -80 2 -25 10 41001 1 
126.828 -28.7156 -180.207 0.293549 2.64194 -80 2 -25 10 41002 1 
126.818 -28.7156 -180.207 0.293549 2.64194 -80 2 -25 10 41003 1 
126.809 -28.7155 -180.207 0.293549 2.64194 -80 2 -25 10 41004 1 
126.799 -28.7155 -180.207 0.293549 2.64194 -80 2 -25 10 41005 1 
126.789 -28.7155 -180.207 0.293549 2.64194 -80 2 -25 10 41006 1 
126.779 -28.7154 -180.207 0.293549 2.64194 -80 2 -25 10 41007 1 
126.769 -28.7154 -180.207 0.293549 2.64194 -80 2 -25 10 41008 1 
126.76 -28.7153 -180.207 0.293549 2.64194 -80 2 -25 10 41009 1 
126.75 -28.7153 -180.207 0.293549 2.64194 -80 2 -25 10 41010 1 
126.74 -28.7153 -180.207 0.293549 2.64194 -80 2 -25 10 41011 1 
126.73 -28.7152 -180.207 0.293549 2.64194 -80 2 -25 10 41012 1 
126.72 -28.7152 -180.208 0.293549 2.64194 -80 2 -25 10 41013 1 
126.711 -28.7152 -180.208 0.293549 2.64194 -80 2 -25 10 41014 1 
126.701 -28.7151 -180.208 0.293549 2.64194 -80 2 -25 10 41015 1 
126.691 -28.7151 -180.208 0.293549 2.64194 -80 2 -25 10 41016 1 
126.681 -28.7151 -180.208 0.293549 2.64194 -80 2 -25 10 41017 1 
126.672 -28.715 -180.208 0.293549 2.64194 -80 2 -25 10 41018 1 
126.662 -28.715 -180.208 0.293549 2.64194 -80 2 -25 10 41019 1 
126.652 -28.7149 -180.208 0.293549 2.64194 -80 2 -25 10 41020 1 
126.642 -28.7149 -180.208 0.293549 2.64194 -80 2 -25 10 41021 1 
126.632 -28.7149 -180.208 0.293549 2.64194 -80 2 -25 10 41022 1 
126.623 -28.7148 -180.208 0.293549 2.64194 -80 2 -25 10 41023 1 
126.613 -28.7148 -180.208 0.293549 2.64194 -80 2 -25 10 41024 1 
126.603 -28.7148 -180.208 0.293549 2.64194 -80 2 -25 10 41025 1 
126.593 -28.7147 -180.208 0.293549 2.64194 -80 2 -25 10 41026 1 
126.583 -28.7147 -180.208 0.293549 2.64194 -80 2 -25 10 41027 1 
126.574 -28.7147 -180.208 0.293549 2.64194 -80 2 -25 10 41028 1 
126.564 -28.7146 -180.208 0.293549 2.64194 -80 2 -25 10 41029 1 
126.554 -28.7146 -180.208 0.293549 2.64194 -80 2 -25 10 41030 1 
126.544 -28.7145 -180.208 0.293549 2.64194 -80 2 -25 10 41031 1 
126.535 -28.7145 -180.208 0.293549 2.64194 -80 2 -25 10 41032 1 
126.525 -28.7145 -180.208 0.293549 2.64194 -80 2 -25 10 41033 1 
126.515 -28.7144 -180.208 0.293549 2.64194 -80 2 -25 10 41034 1 
126.505 -28.7144 -180.208 0.293549 2.64194 -80 2 -25 10 41035 1 
126.495 -28.7144 -180.208 0.293549 2.64194 -80 2 -25 10 41036 1 
126.486 -28.7143 -180.208 0.293549 2.64194 -80 2 -25 10 41037 1 
126.476 -28.7143 -180.208 0.293549 2.64194 -80 2 -25 10 41038 1 
126.466 -28.7143 -180.208 0.293549 2.64194 -80 2 -25 10 41039 1 
126.456 -28.7142 -180.208 0.293549 2.64194 -80 2 -25 10 41040 1 
126.446 -28.7142 -180.208 0.293549 2.64194 -80 2 -25 10 41041 1 
126.437 -28.7141 -180.208 0.293549 2.64194 -80 2 -25 10 41042 1 
126.427 -28.7141 -180.208 0.293549 2.64194 -80 2 -25 10 41043 1 
126.417 -28.7141 -180.208 0.293549 2.64194 -80 2 -25 10 41044 1 
126.407 -28.714 -180.208 0.293549 2.64194 -80 2 -25 10 41045 1 
126.397 -28.714 -180.208 0.293549 2.64194 -80 2 -25 10 41046 1 
126.388 -28.714 -180.208 0.293549 2.64194 -80 2 -25 10 41047 1 
126.378 -28.7139 -180.208 0.293549 2.64194 -80 2 -25 10 41048 1 
126.368 -28.7139 -180.208 0.293549 2.64194 -80 2 -25 10 41049 1 
126.358 -28.7139 -180.208 0.293549 2.64194 -80 2 -25 10 41050 1 
126.349 -28.7138 -180.208 0.293549 2.64194 -80 2 -25 10 41051 1 
126.339 -28.7138 -180.208 0.293549 2.64194 -80 2 -25 10 41052 1 
126.329 -28.7138 -180.208 0.293549 2.64194 -80 2 -25 10 41053 1 
126.319 -28.7137 -180.208 0.293549 2.64194 -80 2 -25 10 41054 1 
126.309 -28.7137 -180.208 0.293549 2.64194 -80 2 -25 10 41055 1 
126.3 -28.7136 -180.208 0.293549 2.64194 -80 2 -25 10 41056 1 
126.29 -28.7136 -180.208 0.293549 2.64194 -80 2 -25 10 41057 1 
126.28 -28.7136 -180.208 0.293549 2.64194 -80 2 -25 10 41058 1 
126.27 -28.7135 -180.208 0.293549 2.64194 -80 2 -25 10 41059 1 
126.26 -28.7135 -180.208 0.293549 2.64194 -80 2 -25 10 41060 1 
126.251 -28.7135 -180.208 0.293549 2.64194 -80 2 -25 10 41061 1 
126.241 -28.7134 -180.208 0.293549 2.64194 -80 2 -25 10 41062 1 
126.231 -28.7134 -180.208 0.293549 2.64194 -80 2 -25 10 41063 1 
126.221 -28.7134 -180.208 0.293549 2.64194 -80 2 -25 10 41064 1 
126.211 -28.7133 -180.208 0.293549 2.64194 -80 2 -25 10 41065 1 
126.202 -28.7133 -180.208 0.293549 2.64194 -80 2 -25 10 41066 1 
126.192 -28.7132 -180.208 0.293549 2.64194 -80 2 -25 10 41067 1 
126.182 -28.7132 -180.208 0.293549 2.64194 -80 2 -25 10 41068 1 
126.172 -28.7132 -180.208 0.293549 2.64194 -80 2 -25 10 41069 1 
126.163 -28.7131 -180.208 0.293549 2.64194 -80 2 -25 10 41070 1 
126.153 -28.7131 -180.208 0.293549 2.64194 -80 2 -25 10 41071 1 
126.143 -28.7131 -180.208 0.293549 2.64194 -80 2 -25 10 41072 1 
126.133 -28.713 -180.208 0.293549 2.64194 -80 2 -25 10 41073 1 
126.123 -28.713 -180.208 0.293549 2.64194 -80 2 -25 10 41074 1 
126.114 -28.713 -180.208 0.293549 2.64194 -80 2 -25 10 41075 1 
126.104 -28.7129 -180.208 0.293549 2.64194 -80 2 -25 10 41076 1 
126.094 -28.7129 -180.208 0.293549 2.64194 -80 2 -25 10 41077 1 
126.084 -28.7128 -180.208 0.293549 2.64194 -80 2 -25 10 41078 1 
126.074 -28.7128 -180.208 0.293549 2.64194 -80 2 -25 10 41079 1 
126.065 -28.7128 -180.208 0.293549 2.64194 -80 2 -25 10 41080 1 
126.055 -28.7127 -180.208 0.293549 2.64194 -80 2 -25 10 41081 1 
126.045 -28.7127 -180.208 0.293549 2.64194 -80 2 -25 10 41082 1 
126.035 -28.7127 -180.208 0.293549 2.64194 -80 2 -25 10 41083 1 
126.025 -28.7126 -180.208 0.293549 2.64194 -80 2 -25 10 41084 1 
126.016 -28.7126 -180.208 0.293549 2.64194 -80 2 -25 10 41085 1 
126.006 -28.7126 -180.208 0.293549 2.64194 -80 2 -25 10 41086 1 
125.996 -28.7125 -180.208 0.293549 2.64194 -80 2 -25 10 41087 1 
125.986 -28.7125 -180.208 0.293549 2.64194 -80 2 -25 10 41088 1 
125.977 -28.7124 -180.208 0.293549 2.64194 -80 2 -25 10 41089 1 
125.967 -28.7124 -180.208 0.293549 2.64194 -80 2 -25 10 41090 1 
125.957 -28.7124 -180.208 0.293549 2.64194 -80 2 -25 10 41091 1 
125.947 -28.7123 -180.208 0.293549 2.64194 -80 2 -25 10 41092 1 
125.937 -28.7123 -180.208 0.293549 2.64194 -80 2 -25 10 41093 1 
125.928 -28.7123 -180.208 0.293549 2.64194 -80 2 -25 10 41094 1 
125.918 -28.7122 -180.208 0.293549 2.64194 -80 2 -25 10 41095 1 
125.908 -28.7122 -180.208 0.293549 2.64194 -80 2 -25 10 41096 1 
125.898 -28.7122 -180.208 0.293549 2.64194 -80 2 -25 10 41097 1 
125.888 -28.7121 -180.208 0.293549 2.64194 -80 2 -25 10 41098 1 
125.879 -28.7121 -180.208 0.293549 2.64194 -80 2 -25 10 41099 1 
125.869 -28.712 -180.208 0.293549 2.64194 -80 2 -25 10 41100 1 
125.859 -28.712 -180.208 0.293549 2.64194 -80 2 -25 10 41101 1 
125.849 -28.712 -180.208 0.293549 2.64194 -80 2 -25 10 41102 1 
125.84 -28.7119 -180.208 0.293549 2.64194 -80 2 -25 10 41103 1 
125.83 -28.7119 -180.208 0.293549 2.64194 -80 2 -25 10 41104 1 
125.82 -28.7119 -180.208 0.293549 2.64194 -80 2 -25 10 41105 1 
125.81 -28.7118 -180.208 0.293549 2.64194 -80 2 -25 10 41106 1 
125.8 -28.7118 -180.208 0.293549 2.64194 -80 2 -25 10 41107 1 
125.791 -28.7118 -180.208 0.293549 2.64194 -80 2 -25 10 41108 1 
125.781 -28.7117 -180.208 0.293549 2.64194 -80 2 -25 10 41109 1 
125.771 -28.7117 -180.208 0.293549 2.64194 -80 2 -25 10 41110 1 
125.761 -28.7116 -180.208 0.293549 2.64194 -80 2 -25 10 41111 1 
125.751 -28.7116 -180.208 0.293549 2.64194 -80 2 -25 10 41112 1 
125.742 -28.7116 -180.208 0.293549 2.64194 -80 2 -25 10 41113 1 
125.732 -28.7115 -180.208 0.293549 2.64194 -80 2 -25 10 41114 1 
125.722 -28.7115 -180.208 0.293549 2.64194 -80 2 -25 10 41115 1 
125.712 -28.7115 -180.208 0.293549 2.64194 -80 2 -25 10 41116 1 
125.702 -28.7114 -180.208 0.293549 2.64194 -80 2 -25 10 41117 1 
125.693 -28.7114 -180.208 0.293549 2.64194 -80 2 -25 10 41118 1 
125.683 -28.7114 -180.208 0.293549 2.64194 -80 2 -25 10 41119 1 
125.673 -28.7113 -180.208 0.293549 2.64194 -80 2 -25 10 41120 1 
125.663 -28.7113 -180.208 0.293549 2.64194 -80 2 -25 10 41121 1 
125.654 -28.7113 -180.208 0.293549 2.64194 -80 2 -25 10 41122 1 
125.644 -28.7112 -180.208 0.293549 2.64194 -80 2 -25 10 41123 1 
125.634 -28.7112 -180.208 0.293549 2.64194 -80 2 -25 10 41124 1 
125.624 -28.7111 -180.208 0.293549 2.64194 -80 2 -25 10 41125 1 
125.614 -28.7111 -180.208 0.293549 2.64194 -80 2 -25 10 41126 1 
125.605 -28.7111 -180.208 0.293549 2.64194 -80 2 -25 10 41127 1 
125.595 -28.711 -180.208 0.293549 2.64194 -80 2 -25 10 41128 1 
125.585 -28.711 -180.208 0.293549 2.64194 -80 2 -25 10 41129 1 
125.575 -28.711 -180.208 0.293549 2.64194 -80 2 -25 10 41130 1 
125.565 -28.7109 -180.208 0.293549 2.64194 -80 2 -25 10 41131 1 
125.556 -28.7109 -180.208 0.293549 2.64194 -80 2 -25 10 41132 1 
125.546 -28.7109 -180.208 0.293549 2.64194 -80 2 -25 10 41133 1 
125.536 -28.7108 -180.208 0.293549 2.64194 -80 2 -25 10 41134 1 
125.526 -28.7108 -180.208 0.293549 2.64194 -80 2 -25 10 41135 1 
125.516 -28.7107 -180.208 0.293549 2.64194 -80 2 -25 10 41136 1 
125.507 -28.7107 -180.208 0.293549 2.64194 -80 2 -25 10 41137 1 
125.497 -28.7107 -180.208 0.293549 2.64194 -80 2 -25 10 41138 1 
125.487 -28.7106 -180.208 0.293549 2.64194 -80 2 -25 10 41139 1 
125.477 -28.7106 -180.209 0.293549 2.64194 -80 2 -25 10 41140 1 
125.468 -28.7106 -180.209 0.293549 2.64194 -80 2 -25 10 41141 1 
125.458 -28.7105 -180.209 0.293549 2.64194 -80 2 -25 10 41142 1 
125.448 -28.7105 -180.209 0.293549 2.64194 -80 2 -25 10 41143 1 
125.438 -28.7105 -180.209 0.293549 2.64194 -80 2 -25 10 41144 1 
125.428 -28.7104 -180.209 0.293549 2.64194 -80 2 -25 10 41145 1 
125.419 -28.7104 -180.209 0.293549 2.64194 -80 2 -25 10 41146 1 
125.409 -28.7103 -180.209 0.293549 2.64194 -80 2 -25 10 41147 1 
125.399 -28.7103 -180.209 0.293549 2.64194 -80 2 -25 10 41148 1 
125.389 -28.7103 -180.209 0.293549 2.64194 -80 2 -25 10 41149 1 
125.379 -28.7102 -180.209 0.293549 2.64194 -80 2 -25 10 41150 1 
125.37 -28.7102 -180.209 0.293549 2.64194 -80 2 -25 10 41151 1 
125.36 -28.7102 -180.209 0.293549 2.64194 -80 2 -25 10 41152 1 
125.35 -28.7101 -180.209 0.293549 2.64194 -80 2 -25 10 41153 1 
125.34 -28.7101 -180.209 0.293549 2.64194 -80 2 -25 10 41154 1 
125.331 -28.7101 -180.209 0.293549 2.64194 -80 2 -25 10 41155 1 
125.321 -28.71 -180.209 0.293549 2.64194 -80 2 -25 10 41156 1 
125.311 -28.71 -180.209 0.293549 2.64194 -80 2 -25 10 41157 1 
125.301 -28.7099 -180.209 0.293549 2.64194 -80 2 -25 10 41158 1 
125.291 -28.7099 -180.209 0.293549 2.64194 -80 2 -25 10 41159 1 
125.282 -28.7099 -180.209 0.293549 2.64194 -80 2 -25 10 41160 1 
125.272 -28.7098 -180.209 0.293549 2.64194 -80 2 -25 10 41161 1 
125.262 -28.7098 -180.209 0.293549 2.64194 -80 2 -25 10 41162 1 
125.252 -28.7098 -180.209 0.293549 2.64194 -80 2 -25 10 41163 1 
125.242 -28.7097 -180.209 0.293549 2.64194 -80 2 -25 10 41164 1 
125.233 -28.7097 -180.209 0.293549 2.64194 -80 2 -25 10 41165 1 
125.223 -28.7097 -180.209 0.293549 2.64194 -80 2 -25 10 41166 1 
125.213 -28.7096 -180.209 0.293549 2.64194 -80 2 -25 10 41167 1 
125.203 -28.7096 -180.209 0.293549 2.64194 -80 2 -25 10 41168 1 
125.193 -28.7095 -180.209 0.293549 2.64194 -80 2 -25 10 41169 1 
125.184 -28.7095 -180.209 0.293549 2.64194 -80 2 -25 10 41170 1 
125.174 -28.7095 -180.209 0.293549 2.64194 -80 2 -25 10 41171 1 
125.164 -28.7094 -180.209 0.293549 2.64194 -80 2 -25 10 41172 1 
125.154 -28.7094 -180.209 0.293549 2.64194 -80 2 -25 10 41173 1 
125.145 -28.7094 -180.209 0.293549 2.64194 -80 2 -25 10 41174 1 
125.135 -28.7093 -180.209 0.293549 2.64194 -80 2 -25 10 41175 1 
125.125 -28.7093 -180.209 0.293549 2.64194 -80 2 -25 10 41176 1 
125.115 -28.7093 -180.209 0.293549 2.64194 -80 2 -25 10 41177 1 
125.105 -28.7092 -180.209 0.293549 2.64194 -80 2 -25 10 41178 1 
125.096 -28.7092 -180.209 0.293549 2.64194 -80 2 -25 10 41179 1 
125.086 -28.7091 -180.209 0.293549 2.64194 -80 2 -25 10 41180 1 
125.076 -28.7091 -180.209 0.293549 2.64194 -80 2 -25 10 41181 1 
125.066 -28.7091 -180.209 0.293549 2.64194 -80 2 -25 10 41182 1 
125.056 -28.709 -180.209 0.293549 2.64194 -80 2 -25 10 41183 1 
125.047 -28.709 -180.209 0.293549 2.64194 -80 2 -25 10 41184 1 
125.037 -28.709 -180.209 0.293549 2.64194 -80 2 -25 10 41185 1 
125.027 -28.7089 -180.209 0.293549 2.64194 -80 2 -25 10 41186 1 
125.017 -28.7089 -180.209 0.293549 2.64194 -80 2 -25 10 41187 1 
125.007 -28.7089 -180.209 0.293549 2.64194 -80 2 -25 10 41188 1 
124.998 -28.7088 -180.209 0.293549 2.64194 -80 2 -25 10 41189 1 
124.988 -28.7088 -180.209 0.293549 2.64194 -80 2 -25 10 41190 1 
124.978 -28.7087 -180.209 0.293549 2.64194 -80 2 -25 10 41191 1 
124.968 -28.7087 -180.209 0.293549 2.64194 -80 2 -25 10 41192 1 
124.959 -28.7087 -180.209 0.293549 2.64194 -80 2 -25 10 41193 1 
124.949 -28.7086 -180.209 0.293549 2.64194 -80 2 -25 10 41194 1 
124.939 -28.7086 -180.209 0.293549 2.64194 -80 2 -25 10 41195 1 
124.929 -28.7086 -180.209 0.293549 2.64194 -80 2 -25 10 41196 1 
124.919 -28.7085 -180.209 0.293549 2.64194 -80 2 -25 10 41197 1 
124.91 -28.7085 -180.209 0.293549 2.64194 -80 2 -25 10 41198 1 
124.9 -28.7085 -180.209 0.293549 2.64194 -80 2 -25 10 41199 1 
124.89 -28.7084 -180.209 0.293549 2.64194 -80 2 -25 10 41200 1 
124.88 -28.7084 -180.209 0.293549 2.64194 -80 2 -25 10 41201 1 
124.87 -28.7084 -180.209 0.293549 2.64194 -80 2 -25 10 41202 1 
124.861 -28.7083 -180.209 0.293549 2.64194 -80 2 -25 10 41203 1 
124.851 -28.7083 -180.209 0.293549 2.64194 -80 2 -25 10 41204 1 
124.841 -28.7082 -180.209 0.293549 2.64194 -80 2 -25 10 41205 1 
124.831 -28.7082 -180.209 0.293549 2.64194 -80 2 -25 10 41206 1 
124.822 -28.7082 -180.209 0.293549 2.64194 -80 2 -25 10 41207 1 
124.812 -28.7081 -180.209 0.293549 2.64194 -80 2 -25 10 41208 1 
124.802 -28.7081 -180.209 0.293549 2.64194 -80 2 -25 10 41209 1 
124.792 -28.7081 -180.209 0.293549 2.64194 -80 2 -25 10 41210 1 
124.782 -28.708 -180.209 0.293549 2.64194 -80 2 -25 10 41211 1 
124.773 -28.708 -180.209 0.293549 2.64194 -80 2 -25 10 41212 1 
124.763 -28.708 -180.209 0.293549 2.64194 -80 2 -25 10 41213 1 
124.753 -28.7079 -180.209 0.293549 2.64194 -80 2 -25 10 41214 1 
124.743 -28.7079 -180.209 0.293549 2.64194 -80 2 -25 10 41215 1 
124.733 -28.7078 -180.209 0.293549 2.64194 -80 2 -25 10 41216 1 
124.724 -28.7078 -180.209 0.293549 2.64194 -80 2 -25 10 41217 1 
124.714 -28.7078 -180.209 0.293549 2.64194 -80 2 -25 10 41218 1 
124.704 -28.7077 -180.209 0.293549 2.64194 -80 2 -25 10 41219 1 
124.694 -28.7077 -180.209 0.293549 2.64194 -80 2 -25 10 41220 1 
124.684 -28.7077 -180.209 0.293549 2.64194 -80 2 -25 10 41221 1 
124.675 -28.7076 -180.209 0.293549 2.64194 -80 2 -25 10 41222 1 
124.665 -28.7076 -180.209 0.293549 2.64194 -80 2 -25 10 41223 1 
124.655 -28.7076 -180.209 0.293549 2.64194 -80 2 -25 10 41224 1 
124.645 -28.7075 -180.209 0.293549 2.64194 -80 2 -25 10 41225 1 
124.636 -28.7075 -180.209 0.293549 2.64194 -80 2 -25 10 41226 1 
124.626 -28.7074 -180.209 0.293549 2.64194 -80 2 -25 10 41227 1 
124.616 -28.7074 -180.209 0.293549 2.64194 -80 2 -25 10 41228 1 
124.606 -28.7074 -180.209 0.293549 2.64194 -80 2 -25 10 41229 1 
124.596 -28.7073 -180.209 0.293549 2.64194 -80 2 -25 10 41230 1 
124.587 -28.7073 -180.209 0.293549 2.64194 -80 2 -25 10 41231 1 
124.577 -28.7073 -180.209 0.293549 2.64194 -80 2 -25 10 41232 1 
124.567 -28.7072 -180.209 0.293549 2.64194 -80 2 -25 10 41233 1 
124.557 -28.7072 -180.209 0.293549 2.64194 -80 2 -25 10 41234 1 
124.547 -28.7072 -180.209 0.293549 2.64194 -80 2 -25 10 41235 1 
124.538 -28.7071 -180.209 0.293549 2.64194 -80 2 -25 10 41236 1 
124.528 -28.7071 -180.209 0.293549 2.64194 -80 2 -25 10 41237 1 
124.518 -28.707 -180.209 0.293549 2.64194 -80 2 -25 10 41238 1 
124.508 -28.707 -180.209 0.293549 2.64194 -80 2 -25 10 41239 1 
124.498 -28.707 -180.209 0.293549 2.64194 -80 2 -25 10 41240 1 
124.489 -28.7069 -180.209 0.293549 2.64194 -80 2 -25 10 41241 1 
124.479 -28.7069 -180.209 0.293549 2.64194 -80 2 -25 10 41242 1 
124.469 -28.7069 -180.209 0.293549 2.64194 -80 2 -25 10 41243 1 
124.459 -28.7068 -180.209 0.293549 2.64194 -80 2 -25 10 41244 1 
124.45 -28.7068 -180.209 0.293549 2.64194 -80 2 -25 10 41245 1 
124.44 -28.7068 -180.209 0.293549 2.64194 -80 2 -25 10 41246 1 
124.43 -28.7067 -180.209 0.293549 2.64194 -80 2 -25 10 41247 1 
124.42 -28.7067 -180.209 0.293549 2.64194 -80 2 -25 10 41248 1 
124.41 -28.7066 -180.209 0.293549 2.64194 -80 2 -25 10 41249 1 
124.401 -28.7066 -180.209 0.293549 2.64194 -80 2 -25 10 41250 1 
124.391 -28.7066 -180.209 0.293549 2.64194 -80 2 -25 10 41251 1 
124.381 -28.7065 -180.209 0.293549 2.64194 -80 2 -25 10 41252 1 
124.371 -28.7065 -180.209 0.293549 2.64194 -80 2 -25 10 41253 1 
124.361 -28.7065 -180.209 0.293549 2.64194 -80 2 -25 10 41254 1 
124.352 -28.7064 -180.209 0.293549 2.64194 -80 2 -25 10 41255 1 
124.342 -28.7064 -180.209 0.293549 2.64194 -80 2 -25 10 41256 1 
124.332 -28.7064 -180.209 0.293549 2.64194 -80 2 -25 10 41257 1 
124.322 -28.7063 -180.209 0.293549 2.64194 -80 2 -25 10 41258 1 
124.313 -28.7063 -180.209 0.293549 2.64194 -80 2 -25 10 41259 1 
124.303 -28.7062 -180.209 0.293549 2.64194 -80 2 -25 10 41260 1 
124.293 -28.7062 -180.209 0.293549 2.64194 -80 2 -25 10 41261 1 
124.283 -28.7062 -180.209 0.293549 2.64194 -80 2 -25 10 41262 1 
124.273 -28.7061 -180.21 0.293549 2.64194 -80 2 -25 10 41263 1 
124.264 -28.7061 -180.21 0.293549 2.64194 -80 2 -25 10 41264 1 
124.254 -28.7061 -180.21 0.293549 2.64194 -80 2 -25 10 41265 1 
124.244 -28.706 -180.21 0.293549 2.64194 -80 2 -25 10 41266 1 
124.234 -28.706 -180.21 0.293549 2.64194 -80 2 -25 10 41267 1 
124.224 -28.706 -180.21 0.293549 2.64194 -80 2 -25 10 41268 1 
124.215 -28.7059 -180.21 0.293549 2.64194 -80 2 -25 10 41269 1 
124.205 -28.7059 -180.21 0.293549 2.64194 -80 2 -25 10 41270 1 
124.195 -28.7059 -180.21 0.293549 2.64194 -80 2 -25 10 41271 1 
124.185 -28.7058 -180.21 0.293549 2.64194 -80 2 -25 10 41272 1 
124.175 -28.7058 -180.21 0.293549 2.64194 -80 2 -25 10 41273 1 
124.166 -28.7057 -180.21 0.293549 2.64194 -80 2 -25 10 41274 1 
124.156 -28.7057 -180.21 0.293549 2.64194 -80 2 -25 10 41275 1 
124.146 -28.7057 -180.21 0.293549 2.64194 -80 2 -25 10 41276 1 
124.136 -28.7056 -180.21 0.293549 2.64194 -80 2 -25 10 41277 1 
124.127 -28.7056 -180.21 0.293549 2.64194 -80 2 -25 10 41278 1 
124.117 -28.7056 -180.21 0.293549 2.64194 -80 2 -25 10 41279 1 
124.107 -28.7055 -180.21 0.293549 2.64194 -80 2 -25 10 41280 1 
124.097 -28.7055 -180.21 0.293549 2.64194 -80 2 -25 10 41281 1 
124.087 -28.7055 -180.21 0.293549 2.64194 -80 2 -25 10 41282 1 
124.078 -28.7054 -180.21 0.293549 2.64194 -80 2 -25 10 41283 1 
124.068 -28.7054 -180.21 0.293549 2.64194 -80 2 -25 10 41284 1 
124.058 -28.7053 -180.21 0.293549 2.64194 -80 2 -25 10 41285 1 
124.048 -28.7053 -180.21 0.293549 2.64194 -80 2 -25 10 41286 1 
124.038 -28.7053 -180.21 0.293549 2.64194 -80 2 -25 10 41287 1 
124.029 -28.7052 -180.21 0.293549 2.64194 -80 2 -25 10 41288 1 
124.019 -28.7052 -180.21 0.293549 2.64194 -80 2 -25 10 41289 1 
124.009 -28.7052 -180.21 0.293549 2.64194 -80 2 -25 10 41290 1 
123.999 -28.7051 -180.21 0.293549 2.64194 -80 2 -25 10 41291 1 
123.989 -28.7051 -180.21 0.293549 2.64194 -80 2 -25 10 41292 1 
123.98 -28.7051 -180.21 0.293549 2.64194 -80 2 -25 10 41293 1 
123.97 -28.705 -180.21 0.293549 2.64194 -80 2 -25 10 41294 1 
123.96 -28.705 -180.21 0.293549 2.64194 -80 2 -25 10 41295 1 
123.95 -28.7049 -180.21 0.293549 2.64194 -80 2 -25 10 41296 1 
123.941 -28.7049 -180.21 0.293549 2.64194 -80 2 -25 10 41297 1 
123.931 -28.7049 -180.21 0.293549 2.64194 -80 2 -25 10 41298 1 
123.921 -28.7048 -180.21 0.293549 2.64194 -80 2 -25 10 41299 1 
123.911 -28.7048 -180.21 0.293549 2.64194 -80 2 -25 10 41300 1 
123.901 -28.7048 -180.21 0.293549 2.64194 -80 2 -25 10 41301 1 
123.892 -28.7047 -180.21 0.293549 2.64194 -80 2 -25 10 41302 1 
123.882 -28.7047 -180.21 0.293549 2.64194 -80 2 -25 10 41303 1 
123.872 -28.7047 -180.21 0.293549 2.64194 -80 2 -25 10 41304 1 
123.862 -28.7046 -180.21 0.293549 2.64194 -80 2 -25 10 41305 1 
123.852 -28.7046 -180.21 0.293549 2.64194 -80 2 -25 10 41306 1 
123.843 -28.7045 -180.21 0.293549 2.64194 -80 2 -25 10 41307 1 
123.833 -28.7045 -180.21 0.293549 2.64194 -80 2 -25 10 41308 1 
123.823 -28.7045 -180.21 0.293549 2.64194 -80 2 -25 10 41309 1 
123.813 -28.7044 -180.21 0.293549 2.64194 -80 2 -25 10 41310 1 
123.804 -28.7044 -180.21 0.293549 2.64194 -80 2 -25 10 41311 1 
123.794 -28.7044 -180.21 0.293549 2.64194 -80 2 -25 10 41312 1 
123.784 -28.7043 -180.21 0.293549 2.64194 -80 2 -25 10 41313 1 
123.774 -28.7043 -180.21 0.293549 2.64194 -80 2 -25 10 41314 1 
123.764 -28.7043 -180.21 0.293549 2.64194 -80 2 -25 10 41315 1 
123.755 -28.7042 -180.21 0.293549 2.64194 -80 2 -25 10 41316 1 
123.745 -28.7042 -180.21 0.293549 2.64194 -80 2 -25 10 41317 1 
123.735 -28.7041 -180.21 0.293549 2.64194 -80 2 -25 10 41318 1 
123.725 -28.7041 -180.21 0.293549 2.64194 -80 2 -25 10 41319 1 
123.715 -28.7041 -180.21 0.293549 2.64194 -80 2 -25 10 41320 1 
123.706 -28.704 -180.21 0.293549 2.64194 -80 2 -25 10 41321 1 
123.696 -28.704 -180.21 0.293549 2.64194 -80 2 -25 10 41322 1 
123.686 -28.704 -180.21 0.293549 2.64194 -80 2 -25 10 41323 1 
123.676 -28.7039 -180.21 0.293549 2.64194 -80 2 -25 10 41324 1 
123.666 -28.7039 -180.21 0.293549 2.64194 -80 2 -25 10 41325 1 
123.657 -28.7039 -180.21 0.293549 2.64194 -80 2 -25 10 41326 1 
123.647 -28.7038 -180.21 0.293549 2.64194 -80 2 -25 10 41327 1 
123.637 -28.7038 -180.21 0.293549 2.64194 -80 2 -25 10 41328 1 
123.627 -28.7037 -180.21 0.293549 2.64194 -80 2 -25 10 41329 1 
123.618 -28.7037 -180.21 0.293549 2.64194 -80 2 -25 10 41330 1 
123.608 -28.7037 -180.21 0.293549 2.64194 -80 2 -25 10 41331 1 
123.598 -28.7036 -180.21 0.293549 2.64194 -80 2 -25 10 41332 1 
123.588 -28.7036 -180.21 0.293549 2.64194 -80 2 -25 10 41333 1 
123.578 -28.7036 -180.21 0.293549 2.64194 -80 2 -25 10 41334 1 
123.569 -28.7035 -180.21 0.293549 2.64194 -80 2 -25 10 41335 1 
123.559 -28.7035 -180.21 0.293549 2.64194 -80 2 -25 10 41336 1 
123.549 -28.7035 -180.21 0.293549 2.64194 -80 2 -25 10 41337 1 
123.539 -28.7034 -180.21 0.293549 2.64194 -80 2 -25 10 41338 1 
123.529 -28.7034 -180.21 0.293549 2.64194 -80 2 -25 10 41339 1 
123.52 -28.7034 -180.21 0.293549 2.64194 -80 2 -25 10 41340 1 
123.51 -28.7033 -180.21 0.293549 2.64194 -80 2 -25 10 41341 1 
123.5 -28.7033 -180.21 0.293549 2.64194 -80 2 -25 10 41342 1 
123.49 -28.7032 -180.21 0.293549 2.64194 -80 2 -25 10 41343 1 
123.48 -28.7032 -180.21 0.293549 2.64194 -80 2 -25 10 41344 1 
123.471 -28.7032 -180.21 0.293549 2.64194 -80 2 -25 10 41345 1 
123.461 -28.7031 -180.21 0.293549 2.64194 -80 2 -25 10 41346 1 
123.451 -28.7031 -180.21 0.293549 2.64194 -80 2 -25 10 41347 1 
123.441 -28.7031 -180.21 0.293549 2.64194 -80 2 -25 10 41348 1 
123.432 -28.703 -180.21 0.293549 2.64194 -80 2 -25 10 41349 1 
123.422 -28.703 -180.21 0.293549 2.64194 -80 2 -25 10 41350 1 
123.412 -28.703 -180.21 0.293549 2.64194 -80 2 -25 10 41351 1 
123.402 -28.7029 -180.21 0.293549 2.64194 -80 2 -25 10 41352 1 
123.392 -28.7029 -180.21 0.293549 2.64194 -80 2 -25 10 41353 1 
123.383 -28.7028 -180.21 0.293549 2.64194 -80 2 -25 10 41354 1 
123.373 -28.7028 -180.21 0.293549 2.64194 -80 2 -25 10 41355 1 
123.363 -28.7028 -180.21 0.293549 2.64194 -80 2 -25 10 41356 1 
123.353 -28.7027 -180.21 0.293549 2.64194 -80 2 -25 10 41357 1 
123.343 -28.7027 -180.21 0.293549 2.64194 -80 2 -25 10 41358 1 
123.334 -28.7027 -180.21 0.293549 2.64194 -80 2 -25 10 41359 1 
123.324 -28.7026 -180.21 0.293549 2.64194 -80 2 -25 10 41360 1 
123.314 -28.7026 -180.21 0.293549 2.64194 -80 2 -25 10 41361 1 
123.304 -28.7026 -180.21 0.293549 2.64194 -80 2 -25 10 41362 1 
123.295 -28.7025 -180.21 0.293549 2.64194 -80 2 -25 10 41363 1 
123.285 -28.7025 -180.21 0.293549 2.64194 -80 2 -25 10 41364 1 
123.275 -28.7024 -180.21 0.293549 2.64194 -80 2 -25 10 41365 1 
123.265 -28.7024 -180.21 0.293549 2.64194 -80 2 -25 10 41366 1 
123.255 -28.7024 -180.21 0.293549 2.64194 -80 2 -25 10 41367 1 
123.246 -28.7023 -180.21 0.293549 2.64194 -80 2 -25 10 41368 1 
123.236 -28.7023 -180.21 0.293549 2.64194 -80 2 -25 10 41369 1 
123.226 -28.7023 -180.21 0.293549 2.64194 -80 2 -25 10 41370 1 
123.216 -28.7022 -180.21 0.293549 2.64194 -80 2 -25 10 41371 1 
123.206 -28.7022 -180.21 0.293549 2.64194 -80 2 -25 10 41372 1 
123.197 -28.7022 -180.21 0.293549 2.64194 -80 2 -25 10 41373 1 
123.187 -28.7021 -180.21 0.293549 2.64194 -80 2 -25 10 41374 1 
123.177 -28.7021 -180.21 0.293549 2.64194 -80 2 -25 10 41375 1 
123.167 -28.702 -180.21 0.293549 2.64194 -80 2 -25 10 41376 1 
123.157 -28.702 -180.21 0.293549 2.64194 -80 2 -25 10 41377 1 
123.148 -28.702 -180.21 0.293549 2.64194 -80 2 -25 10 41378 1 
123.138 -28.7019 -180.21 0.293549 2.64194 -80 2 -25 10 41379 1 
123.128 -28.7019 -180.21 0.293549 2.64194 -80 2 -25 10 41380 1 
123.118 -28.7019 -180.21 0.293549 2.64194 -80 2 -25 10 41381 1 
123.109 -28.7018 -180.21 0.293549 2.64194 -80 2 -25 10 41382 1 
123.099 -28.7018 -180.21 0.293549 2.64194 -80 2 -25 10 41383 1 
123.089 -28.7018 -180.21 0.293549 2.64194 -80 2 -25 10 41384 1 
123.079 -28.7017 -180.21 0.293549 2.64194 -80 2 -25 10 41385 1 
123.069 -28.7017 -180.211 0.293549 2.64194 -80 2 -25 10 41386 1 
123.06 -28.7016 -180.211 0.293549 2.64194 -80 2 -25 10 41387 1 
123.05 -28.7016 -180.211 0.293549 2.64194 -80 2 -25 10 41388 1 
123.04 -28.7016 -180.211 0.293549 2.64194 -80 2 -25 10 41389 1 
123.03 -28.7015 -180.211 0.293549 2.64194 -80 2 -25 10 41390 1 
123.02 -28.7015 -180.211 0.293549 2.64194 -80 2 -25 10 41391 1 
123.011 -28.7015 -180.211 0.293549 2.64194 -80 2 -25 10 41392 1 
123.001 -28.7014 -180.211 0.293549 2.64194 -80 2 -25 10 41393 1 
122.991 -28.7014 -180.211 0.293549 2.64194 -80 2 -25 10 41394 1 
122.981 -28.7014 -180.211 0.293549 2.64194 -80 2 -25 10 41395 1 
122.971 -28.7013 -180.211 0.293549 2.64194 -80 2 -25 10 41396 1 
122.962 -28.7013 -180.211 0.293549 2.64194 -80 2 -25 10 41397 1 
122.952 -28.7012 -180.211 0.293549 2.64194 -80 2 -25 10 41398 1 
122.942 -28.7012 -180.211 0.293549 2.64194 -80 2 -25 10 41399 1 
122.932 -28.7012 -180.211 0.293549 2.64194 -80 2 -25 10 41400 1 
122.923 -28.7011 -180.211 0.293549 2.64194 -80 2 -25 10 41401 1 
122.913 -28.7011 -180.211 0.293549 2.64194 -80 2 -25 10 41402 1 
122.903 -28.7011 -180.211 0.293549 2.64194 -80 2 -25 10 41403 1 
122.893 -28.701 -180.211 0.293549 2.64194 -80 2 -25 10 41404 1 
122.883 -28.701 -180.211 0.293549 2.64194 -80 2 -25 10 41405 1 
122.874 -28.701 -180.211 0.293549 2.64194 -80 2 -25 10 41406 1 
122.864 -28.7009 -180.211 0.293549 2.64194 -80 2 -25 10 41407 1 
122.854 -28.7009 -180.211 0.293549 2.64194 -80 2 -25 10 41408 1 
122.844 -28.7008 -180.211 0.293549 2.64194 -80 2 -25 10 41409 1 
122.834 -28.7008 -180.211 0.293549 2.64194 -80 2 -25 10 41410 1 
122.825 -28.7008 -180.211 0.293549 2.64194 -80 2 -25 10 41411 1 
122.815 -28.7007 -180.211 0.293549 2.64194 -80 2 -25 10 41412 1 
122.805 -28.7007 -180.211 0.293549 2.64194 -80 2 -25 10 41413 1 
122.795 -28.7007 -180.211 0.293549 2.64194 -80 2 -25 10 41414 1 
122.785 -28.7006 -180.211 0.293549 2.64194 -80 2 -25 10 41415 1 
122.776 -28.7006 -180.211 0.293549 2.64194 -80 2 -25 10 41416 1 
122.766 -28.7006 -180.211 0.293549 2.64194 -80 2 -25 10 41417 1 
122.756 -28.7005 -180.211 0.293549 2.64194 -80 2 -25 10 41418 1 
122.746 -28.7005 -180.211 0.293549 2.64194 -80 2 -25 10 41419 1 
122.737 -28.7005 -180.211 0.293549 2.64194 -80 2 -25 10 41420 1 
122.727 -28.7004 -180.211 0.293549 2.64194 -80 2 -25 10 41421 1 
122.717 -28.7004 -180.211 0.293549 2.64194 -80 2 -25 10 41422 1 
122.707 -28.7003 -180.211 0.293549 2.64194 -80 2 -25 10 41423 1 
122.697 -28.7003 -180.211 0.293549 2.64194 -80 2 -25 10 41424 1 
122.688 -28.7003 -180.211 0.293549 2.64194 -80 2 -25 10 41425 1 
122.678 -28.7002 -180.211 0.293549 2.64194 -80 2 -25 10 41426 1 
122.668 -28.7002 -180.211 0.293549 2.64194 -80 2 -25 10 41427 1 
122.658 -28.7002 -180.211 0.293549 2.64194 -80 2 -25 10 41428 1 
122.648 -28.7001 -180.211 0.293549 2.64194 -80 2 -25 10 41429 1 
122.639 -28.7001 -180.211 0.293549 2.64194 -80 2 -25 10 41430 1 
122.629 -28.7001 -180.211 0.293549 2.64194 -80 2 -25 10 41431 1 
122.619 -28.7 -180.211 0.293549 2.64194 -80 2 -25 10 41432 1 
122.609 -28.7 -180.211 0.293549 2.64194 -80 2 -25 10 41433 1 
122.6 -28.6999 -180.211 0.293549 2.64194 -80 2 -25 10 41434 1 
122.59 -28.6999 -180.211 0.293549 2.64194 -80 2 -25 10 41435 1 
122.58 -28.6999 -180.211 0.293549 2.64194 -80 2 -25 10 41436 1 
122.57 -28.6998 -180.211 0.293549 2.64194 -80 2 -25 10 41437 1 
122.56 -28.6998 -180.211 0.293549 2.64194 -80 2 -25 10 41438 1 
122.551 -28.6998 -180.211 0.293549 2.64194 -80 2 -25 10 41439 1 
122.541 -28.6997 -180.211 0.293549 2.64194 -80 2 -25 10 41440 1 
122.531 -28.6997 -180.211 0.293549 2.64194 -80 2 -25 10 41441 1 
122.521 -28.6997 -180.211 0.293549 2.64194 -80 2 -25 10 41442 1 
122.511 -28.6996 -180.211 0.293549 2.64194 -80 2 -25 10 41443 1 
122.502 -28.6996 -180.211 0.293549 2.64194 -80 2 -25 10 41444 1 
122.492 -28.6995 -180.211 0.293549 2.64194 -80 2 -25 10 41445 1 
122.482 -28.6995 -180.211 0.293549 2.64194 -80 2 -25 10 41446 1 
122.472 -28.6995 -180.211 0.293549 2.64194 -80 2 -25 10 41447 1 
122.462 -28.6994 -180.211 0.293549 2.64194 -80 2 -25 10 41448 1 
122.453 -28.6994 -180.211 0.293549 2.64194 -80 2 -25 10 41449 1 
122.443 -28.6994 -180.211 0.293549 2.64194 -80 2 -25 10 41450 1 
122.433 -28.6993 -180.211 0.293549 2.64194 -80 2 -25 10 41451 1 
122.423 -28.6993 -180.211 0.293549 2.64194 -80 2 -25 10 41452 1 
122.414 -28.6993 -180.211 0.293549 2.64194 -80 2 -25 10 41453 1 
122.404 -28.6992 -180.211 0.293549 2.64194 -80 2 -25 10 41454 1 
122.394 -28.6992 -180.211 0.293549 2.64194 -80 2 -25 10 41455 1 
122.384 -28.6991 -180.211 0.293549 2.64194 -80 2 -25 10 41456 1 
122.374 -28.6991 -180.211 0.293549 2.64194 -80 2 -25 10 41457 1 
122.365 -28.6991 -180.211 0.293549 2.64194 -80 2 -25 10 41458 1 
122.355 -28.699 -180.211 0.293549 2.64194 -80 2 -25 10 41459 1 
122.345 -28.699 -180.211 0.293549 2.64194 -80 2 -25 10 41460 1 
122.335 -28.699 -180.211 0.293549 2.64194 -80 2 -25 10 41461 1 
122.325 -28.6989 -180.211 0.293549 2.64194 -80 2 -25 10 41462 1 
122.316 -28.6989 -180.211 0.293549 2.64194 -80 2 -25 10 41463 1 
122.306 -28.6989 -180.211 0.293549 2.64194 -80 2 -25 10 41464 1 
122.296 -28.6988 -180.211 0.293549 2.64194 -80 2 -25 10 41465 1 
122.286 -28.6988 -180.211 0.293549 2.64194 -80 2 -25 10 41466 1 
122.276 -28.6987 -180.211 0.293549 2.64194 -80 2 -25 10 41467 1 
122.267 -28.6987 -180.211 0.293549 2.64194 -80 2 -25 10 41468 1 
122.257 -28.6987 -180.211 0.293549 2.64194 -80 2 -25 10 41469 1 
122.247 -28.6986 -180.211 0.293549 2.64194 -80 2 -25 10 41470 1 
122.237 -28.6986 -180.211 0.293549 2.64194 -80 2 -25 10 41471 1 
122.228 -28.6986 -180.211 0.293549 2.64194 -80 2 -25 10 41472 1 
122.218 -28.6985 -180.211 0.293549 2.64194 -80 2 -25 10 41473 1 
122.208 -28.6985 -180.211 0.293549 2.64194 -80 2 -25 10 41474 1 
122.198 -28.6985 -180.211 0.293549 2.64194 -80 2 -25 10 41475 1 
122.188 -28.6984 -180.211 0.293549 2.64194 -80 2 -25 10 41476 1 
122.179 -28.6984 -180.211 0.293549 2.64194 -80 2 -25 10 41477 1 
122.169 -28.6983 -180.211 0.293549 2.64194 -80 2 -25 10 41478 1 
122.159 -28.6983 -180.211 0.293549 2.64194 -80 2 -25 10 41479 1 
122.149 -28.6983 -180.211 0.293549 2.64194 -80 2 -25 10 41480 1 
122.139 -28.6982 -180.211 0.293549 2.64194 -80 2 -25 10 41481 1 
122.13 -28.6982 -180.211 0.293549 2.64194 -80 2 -25 10 41482 1 
122.12 -28.6982 -180.211 0.293549 2.64194 -80 2 -25 10 41483 1 
122.11 -28.6981 -180.211 0.293549 2.64194 -80 2 -25 10 41484 1 
122.1 -28.6981 -180.211 0.293549 2.64194 -80 2 -25 10 41485 1 
122.091 -28.6981 -180.211 0.293549 2.64194 -80 2 -25 10 41486 1 
122.081 -28.698 -180.211 0.293549 2.64194 -80 2 -25 10 41487 1 
122.071 -28.698 -180.211 0.293549 2.64194 -80 2 -25 10 41488 1 
122.061 -28.698 -180.211 0.293549 2.64194 -80 2 -25 10 41489 1 
122.051 -28.6979 -180.211 0.293549 2.64194 -80 2 -25 10 41490 1 
122.042 -28.6979 -180.211 0.293549 2.64194 -80 2 -25 10 41491 1 
122.032 -28.6978 -180.211 0.293549 2.64194 -80 2 -25 10 41492 1 
122.022 -28.6978 -180.211 0.293549 2.64194 -80 2 -25 10 41493 1 
122.012 -28.6978 -180.211 0.293549 2.64194 -80 2 -25 10 41494 1 
122.002 -28.6977 -180.211 0.293549 2.64194 -80 2 -25 10 41495 1 
121.993 -28.6977 -180.211 0.293549 2.64194 -80 2 -25 10 41496 1 
121.983 -28.6977 -180.211 0.293549 2.64194 -80 2 -25 10 41497 1 
121.973 -28.6976 -180.211 0.293549 2.64194 -80 2 -25 10 41498 1 
121.963 -28.6976 -180.211 0.293549 2.64194 -80 2 -25 10 41499 1 
121.953 -28.6976 -180.211 0.293549 2.64194 -80 2 -25 10 41500 1 
121.944 -28.6975 -180.211 0.293549 2.64194 -80 2 -25 10 41501 1 
121.934 -28.6975 -180.211 0.293549 2.64194 -80 2 -25 10 41502 1 
121.924 -28.6974 -180.211 0.293549 2.64194 -80 2 -25 10 41503 1 
121.914 -28.6974 -180.211 0.293549 2.64194 -80 2 -25 10 41504 1 
121.905 -28.6974 -180.211 0.293549 2.64194 -80 2 -25 10 41505 1 
121.895 -28.6973 -180.211 0.293549 2.64194 -80 2 -25 10 41506 1 
121.885 -28.6973 -180.212 0.293549 2.64194 -80 2 -25 10 41507 1 
121.875 -28.6973 -180.212 0.293549 2.64194 -80 2 -25 10 41508 1 
121.865 -28.6972 -180.212 0.293549 2.64194 -80 2 -25 10 41509 1 
121.856 -28.6972 -180.212 0.293549 2.64194 -80 2 -25 10 41510 1 
121.846 -28.6972 -180.212 0.293549 2.64194 -80 2 -25 10 41511 1 
121.836 -28.6971 -180.212 0.293549 2.64194 -80 2 -25 10 41512 1 
121.826 -28.6971 -180.212 0.293549 2.64194 -80 2 -25 10 41513 1 
121.816 -28.697 -180.212 0.293549 2.64194 -80 2 -25 10 41514 1 
121.807 -28.697 -180.212 0.293549 2.64194 -80 2 -25 10 41515 1 
121.797 -28.697 -180.212 0.293549 2.64194 -80 2 -25 10 41516 1 
121.787 -28.6969 -180.212 0.293549 2.64194 -80 2 -25 10 41517 1 
121.777 -28.6969 -180.212 0.293549 2.64194 -80 2 -25 10 41518 1 
121.767 -28.6969 -180.212 0.293549 2.64194 -80 2 -25 10 41519 1 
121.758 -28.6968 -180.212 0.293549 2.64194 -80 2 -25 10 41520 1 
121.748 -28.6968 -180.212 0.293549 2.64194 -80 2 -25 10 41521 1 
121.738 -28.6968 -180.212 0.293549 2.64194 -80 2 -25 10 41522 1 
121.728 -28.6967 -180.212 0.293549 2.64194 -80 2 -25 10 41523 1 
121.719 -28.6967 -180.212 0.293549 2.64194 -80 2 -25 10 41524 1 
121.709 -28.6966 -180.212 0.293549 2.64194 -80 2 -25 10 41525 1 
121.699 -28.6966 -180.212 0.293549 2.64194 -80 2 -25 10 41526 1 
121.689 -28.6966 -180.212 0.293549 2.64194 -80 2 -25 10 41527 1 
121.679 -28.6965 -180.212 0.293549 2.64194 -80 2 -25 10 41528 1 
121.67 -28.6965 -180.212 0.293549 2.64194 -80 2 -25 10 41529 1 
121.66 -28.6965 -180.212 0.293549 2.64194 -80 2 -25 10 41530 1 
121.65 -28.6964 -180.212 0.293549 2.64194 -80 2 -25 10 41531 1 
121.64 -28.6964 -180.212 0.293549 2.64194 -80 2 -25 10 41532 1 
121.63 -28.6964 -180.212 0.293549 2.64194 -80 2 -25 10 41533 1 
121.621 -28.6963 -180.212 0.293549 2.64194 -80 2 -25 10 41534 1 
121.611 -28.6963 -180.212 0.293549 2.64194 -80 2 -25 10 41535 1 
121.601 -28.6962 -180.212 0.293549 2.64194 -80 2 -25 10 41536 1 
121.591 -28.6962 -180.212 0.293549 2.64194 -80 2 -25 10 41537 1 
121.582 -28.6962 -180.212 0.293549 2.64194 -80 2 -25 10 41538 1 
121.572 -28.6961 -180.212 0.293549 2.64194 -80 2 -25 10 41539 1 
121.562 -28.6961 -180.212 0.293549 2.64194 -80 2 -25 10 41540 1 
121.552 -28.6961 -180.212 0.293549 2.64194 -80 2 -25 10 41541 1 
121.542 -28.696 -180.212 0.293549 2.64194 -80 2 -25 10 41542 1 
121.533 -28.696 -180.212 0.293549 2.64194 -80 2 -25 10 41543 1 
121.523 -28.696 -180.212 0.293549 2.64194 -80 2 -25 10 41544 1 
121.513 -28.6959 -180.212 0.293549 2.64194 -80 2 -25 10 41545 1 
121.503 -28.6959 -180.212 0.293549 2.64194 -80 2 -25 10 41546 1 
121.493 -28.6958 -180.212 0.293549 2.64194 -80 2 -25 10 41547 1 
121.484 -28.6958 -180.212 0.293549 2.64194 -80 2 -25 10 41548 1 
121.474 -28.6958 -180.212 0.293549 2.64194 -80 2 -25 10 41549 1 
121.464 -28.6957 -180.212 0.293549 2.64194 -80 2 -25 10 41550 1 
121.454 -28.6957 -180.212 0.293549 2.64194 -80 2 -25 10 41551 1 
121.444 -28.6957 -180.212 0.293549 2.64194 -80 2 -25 10 41552 1 
121.435 -28.6956 -180.212 0.293549 2.64194 -80 2 -25 10 41553 1 
121.425 -28.6956 -180.212 0.293549 2.64194 -80 2 -25 10 41554 1 
121.415 -28.6956 -180.212 0.293549 2.64194 -80 2 -25 10 41555 1 
121.405 -28.6955 -180.212 0.293549 2.64194 -80 2 -25 10 41556 1 
121.396 -28.6955 -180.212 0.293549 2.64194 -80 2 -25 10 41557 1 
121.386 -28.6954 -180.212 0.293549 2.64194 -80 2 -25 10 41558 1 
121.376 -28.6954 -180.212 0.293549 2.64194 -80 2 -25 10 41559 1 
121.366 -28.6954 -180.212 0.293549 2.64194 -80 2 -25 10 41560 1 
121.356 -28.6953 -180.212 0.293549 2.64194 -80 2 -25 10 41561 1 
121.347 -28.6953 -180.212 0.293549 2.64194 -80 2 -25 10 41562 1 
121.337 -28.6953 -180.212 0.293549 2.64194 -80 2 -25 10 41563 1 
121.327 -28.6952 -180.212 0.293549 2.64194 -80 2 -25 10 41564 1 
121.317 -28.6952 -180.212 0.293549 2.64194 -80 2 -25 10 41565 1 
121.307 -28.6952 -180.212 0.293549 2.64194 -80 2 -25 10 41566 1 
121.298 -28.6951 -180.212 0.293549 2.64194 -80 2 -25 10 41567 1 
121.288 -28.6951 -180.212 0.293549 2.64194 -80 2 -25 10 41568 1 
121.278 -28.6951 -180.212 0.293549 2.64194 -80 2 -25 10 41569 1 
121.268 -28.695 -180.212 0.293549 2.64194 -80 2 -25 10 41570 1 
121.258 -28.695 -180.212 0.293549 2.64194 -80 2 -25 10 41571 1 
121.249 -28.6949 -180.212 0.293549 2.64194 -80 2 -25 10 41572 1 
121.239 -28.6949 -180.212 0.293549 2.64194 -80 2 -25 10 41573 1 
121.229 -28.6949 -180.212 0.293549 2.64194 -80 2 -25 10 41574 1 
121.219 -28.6948 -180.212 0.293549 2.64194 -80 2 -25 10 41575 1 
121.21 -28.6948 -180.212 0.293549 2.64194 -80 2 -25 10 41576 1 
121.2 -28.6948 -180.212 0.293549 2.64194 -80 2 -25 10 41577 1 
121.19 -28.6947 -180.212 0.293549 2.64194 -80 2 -25 10 41578 1 
121.18 -28.6947 -180.212 0.293549 2.64194 -80 2 -25 10 41579 1 
121.17 -28.6947 -180.212 0.293549 2.64194 -80 2 -25 10 41580 1 
121.161 -28.6946 -180.212 0.293549 2.64194 -80 2 -25 10 41581 1 
121.151 -28.6946 -180.212 0.293549 2.64194 -80 2 -25 10 41582 1 
121.141 -28.6945 -180.212 0.293549 2.64194 -80 2 -25 10 41583 1 
121.131 -28.6945 -180.212 0.293549 2.64194 -80 2 -25 10 41584 1 
121.121 -28.6945 -180.212 0.293549 2.64194 -80 2 -25 10 41585 1 
121.112 -28.6944 -180.212 0.293549 2.64194 -80 2 -25 10 41586 1 
121.102 -28.6944 -180.212 0.293549 2.64194 -80 2 -25 10 41587 1 
121.092 -28.6944 -180.212 0.293549 2.64194 -80 2 -25 10 41588 1 
121.082 -28.6943 -180.212 0.293549 2.64194 -80 2 -25 10 41589 1 
121.073 -28.6943 -180.212 0.293549 2.64194 -80 2 -25 10 41590 1 
121.063 -28.6943 -180.212 0.293549 2.64194 -80 2 -25 10 41591 1 
121.053 -28.6942 -180.212 0.293549 2.64194 -80 2 -25 10 41592 1 
121.043 -28.6942 -180.212 0.293549 2.64194 -80 2 -25 10 41593 1 
121.033 -28.6941 -180.212 0.293549 2.64194 -80 2 -25 10 41594 1 
121.024 -28.6941 -180.212 0.293549 2.64194 -80 2 -25 10 41595 1 
121.014 -28.6941 -180.212 0.293549 2.64194 -80 2 -25 10 41596 1 
121.004 -28.694 -180.212 0.293549 2.64194 -80 2 -25 10 41597 1 
120.994 -28.694 -180.212 0.293549 2.64194 -80 2 -25 10 41598 1 
120.984 -28.694 -180.212 0.293549 2.64194 -80 2 -25 10 41599 1 
120.975 -28.6939 -180.212 0.293549 2.64194 -80 2 -25 10 41600 1 
120.965 -28.6939 -180.212 0.293549 2.64194 -80 2 -25 10 41601 1 
120.955 -28.6939 -180.212 0.293549 2.64194 -80 2 -25 10 41602 1 
120.945 -28.6938 -180.212 0.293549 2.64194 -80 2 -25 10 41603 1 
120.935 -28.6938 -180.212 0.293549 2.64194 -80 2 -25 10 41604 1 
120.926 -28.6937 -180.212 0.293549 2.64194 -80 2 -25 10 41605 1 
120.916 -28.6937 -180.212 0.293549 2.64194 -80 2 -25 10 41606 1 
120.906 -28.6937 -180.212 0.293549 2.64194 -80 2 -25 10 41607 1 
120.896 -28.6936 -180.212 0.293549 2.64194 -80 2 -25 10 41608 1 
120.887 -28.6936 -180.212 0.293549 2.64194 -80 2 -25 10 41609 1 
120.877 -28.6936 -180.212 0.293549 2.64194 -80 2 -25 10 41610 1 
120.867 -28.6935 -180.212 0.293549 2.64194 -80 2 -25 10 41611 1 
120.857 -28.6935 -180.212 0.293549 2.64194 -80 2 -25 10 41612 1 
120.847 -28.6935 -180.212 0.293549 2.64194 -80 2 -25 10 41613 1 
120.838 -28.6934 -180.212 0.293549 2.64194 -80 2 -25 10 41614 1 
120.828 -28.6934 -180.212 0.293549 2.64194 -80 2 -25 10 41615 1 
120.818 -28.6933 -180.212 0.293549 2.64194 -80 2 -25 10 41616 1 
120.808 -28.6933 -180.212 0.293549 2.64194 -80 2 -25 10 41617 1 
120.798 -28.6933 -180.212 0.293549 2.64194 -80 2 -25 10 41618 1 
120.789 -28.6932 -180.212 0.293549 2.64194 -80 2 -25 10 41619 1 
120.779 -28.6932 -180.212 0.293549 2.64194 -80 2 -25 10 41620 1 
120.769 -28.6932 -180.212 0.293549 2.64194 -80 2 -25 10 41621 1 
120.759 -28.6931 -180.212 0.293549 2.64194 -80 2 -25 10 41622 1 
120.749 -28.6931 -180.212 0.293549 2.64194 -80 2 -25 10 41623 1 
120.74 -28.6931 -180.212 0.293549 2.64194 -80 2 -25 10 41624 1 
120.73 -28.693 -180.212 0.293549 2.64194 -80 2 -25 10 41625 1 
120.72 -28.693 -180.212 0.293549 2.64194 -80 2 -25 10 41626 1 
120.71 -28.6929 -180.213 0.293549 2.64194 -80 2 -25 10 41627 1 
120.701 -28.6929 -180.213 0.293549 2.64194 -80 2 -25 10 41628 1 
120.691 -28.6929 -180.213 0.293549 2.64194 -80 2 -25 10 41629 1 
120.681 -28.6928 -180.213 0.293549 2.64194 -80 2 -25 10 41630 1 
120.671 -28.6928 -180.213 0.293549 2.64194 -80 2 -25 10 41631 1 
120.661 -28.6928 -180.213 0.293549 2.64194 -80 2 -25 10 41632 1 
120.652 -28.6927 -180.213 0.293549 2.64194 -80 2 -25 10 41633 1 
120.642 -28.6927 -180.213 0.293549 2.64194 -80 2 -25 10 41634 1 
120.632 -28.6927 -180.213 0.293549 2.64194 -80 2 -25 10 41635 1 
120.622 -28.6926 -180.213 0.293549 2.64194 -80 2 -25 10 41636 1 
120.612 -28.6926 -180.213 0.293549 2.64194 -80 2 -25 10 41637 1 
120.603 -28.6926 -180.213 0.293549 2.64194 -80 2 -25 10 41638 1 
120.593 -28.6925 -180.213 0.293549 2.64194 -80 2 -25 10 41639 1 
120.583 -28.6925 -180.213 0.293549 2.64194 -80 2 -25 10 41640 1 
120.573 -28.6924 -180.213 0.293549 2.64194 -80 2 -25 10 41641 1 
120.564 -28.6924 -180.213 0.293549 2.64194 -80 2 -25 10 41642 1 
120.554 -28.6924 -180.213 0.293549 2.64194 -80 2 -25 10 41643 1 
120.544 -28.6923 -180.213 0.293549 2.64194 -80 2 -25 10 41644 1 
120.534 -28.6923 -180.213 0.293549 2.64194 -80 2 -25 10 41645 1 
120.524 -28.6923 -180.213 0.293549 2.64194 -80 2 -25 10 41646 1 
120.515 -28.6922 -180.213 0.293549 2.64194 -80 2 -25 10 41647 1 
120.505 -28.6922 -180.213 0.293549 2.64194 -80 2 -25 10 41648 1 
120.495 -28.6922 -180.213 0.293549 2.64194 -80 2 -25 10 41649 1 
120.485 -28.6921 -180.213 0.293549 2.64194 -80 2 -25 10 41650 1 
120.475 -28.6921 -180.213 0.293549 2.64194 -80 2 -25 10 41651 1 
120.466 -28.692 -180.213 0.293549 2.64194 -80 2 -25 10 41652 1 
120.456 -28.692 -180.213 0.293549 2.64194 -80 2 -25 10 41653 1 
120.446 -28.692 -180.213 0.293549 2.64194 -80 2 -25 10 41654 1 
120.436 -28.6919 -180.213 0.293549 2.64194 -80 2 -25 10 41655 1 
120.426 -28.6919 -180.213 0.293549 2.64194 -80 2 -25 10 41656 1 
120.417 -28.6919 -180.213 0.293549 2.64194 -80 2 -25 10 41657 1 
120.407 -28.6918 -180.213 0.293549 2.64194 -80 2 -25 10 41658 1 
120.397 -28.6918 -180.213 0.293549 2.64194 -80 2 -25 10 41659 1 
120.387 -28.6918 -180.213 0.293549 2.64194 -80 2 -25 10 41660 1 
120.378 -28.6917 -180.213 0.293549 2.64194 -80 2 -25 10 41661 1 
120.368 -28.6917 -180.213 0.293549 2.64194 -80 2 -25 10 41662 1 
120.358 -28.6916 -180.213 0.293549 2.64194 -80 2 -25 10 41663 1 
120.348 -28.6916 -180.213 0.293549 2.64194 -80 2 -25 10 41664 1 
120.338 -28.6916 -180.213 0.293549 2.64194 -80 2 -25 10 41665 1 
120.329 -28.6915 -180.213 0.293549 2.64194 -80 2 -25 10 41666 1 
120.319 -28.6915 -180.213 0.293549 2.64194 -80 2 -25 10 41667 1 
120.309 -28.6915 -180.213 0.293549 2.64194 -80 2 -25 10 41668 1 
120.299 -28.6914 -180.213 0.293549 2.64194 -80 2 -25 10 41669 1 
120.289 -28.6914 -180.213 0.293549 2.64194 -80 2 -25 10 41670 1 
120.28 -28.6914 -180.213 0.293549 2.64194 -80 2 -25 10 41671 1 
120.27 -28.6913 -180.213 0.293549 2.64194 -80 2 -25 10 41672 1 
120.26 -28.6913 -180.213 0.293549 2.64194 -80 2 -25 10 41673 1 
120.25 -28.6912 -180.213 0.293549 2.64194 -80 2 -25 10 41674 1 
120.24 -28.6912 -180.213 0.293549 2.64194 -80 2 -25 10 41675 1 
120.231 -28.6912 -180.213 0.293549 2.64194 -80 2 -25 10 41676 1 
120.221 -28.6911 -180.213 0.293549 2.64194 -80 2 -25 10 41677 1 
120.211 -28.6911 -180.213 0.293549 2.64194 -80 2 -25 10 41678 1 
120.201 -28.6911 -180.213 0.293549 2.64194 -80 2 -25 10 41679 1 
120.192 -28.691 -180.213 0.293549 2.64194 -80 2 -25 10 41680 1 
120.182 -28.691 -180.213 0.293549 2.64194 -80 2 -25 10 41681 1 
120.172 -28.691 -180.213 0.293549 2.64194 -80 2 -25 10 41682 1 
120.162 -28.6909 -180.213 0.293549 2.64194 -80 2 -25 10 41683 1 
120.152 -28.6909 -180.213 0.293549 2.64194 -80 2 -25 10 41684 1 
120.143 -28.6908 -180.213 0.293549 2.64194 -80 2 -25 10 41685 1 
120.133 -28.6908 -180.213 0.293549 2.64194 -80 2 -25 10 41686 1 
120.123 -28.6908 -180.213 0.293549 2.64194 -80 2 -25 10 41687 1 
120.113 -28.6907 -180.213 0.293549 2.64194 -80 2 -25 10 41688 1 
120.103 -28.6907 -180.213 0.293549 2.64194 -80 2 -25 10 41689 1 
120.094 -28.6907 -180.213 0.293549 2.64194 -80 2 -25 10 41690 1 
120.084 -28.6906 -180.213 0.293549 2.64194 -80 2 -25 10 41691 1 
120.074 -28.6906 -180.213 0.293549 2.64194 -80 2 -25 10 41692 1 
120.064 -28.6906 -180.213 0.293549 2.64194 -80 2 -25 10 41693 1 
120.055 -28.6905 -180.213 0.293549 2.64194 -80 2 -25 10 41694 1 
120.045 -28.6905 -180.213 0.293549 2.64194 -80 2 -25 10 41695 1 
120.035 -28.6904 -180.213 0.293549 2.64194 -80 2 -25 10 41696 1 
120.025 -28.6904 -180.213 0.293549 2.64194 -80 2 -25 10 41697 1 
120.015 -28.6904 -180.213 0.293549 2.64194 -80 2 -25 10 41698 1 
120.006 -28.6903 -180.213 0.293549 2.64194 -80 2 -25 10 41699 1 
119.996 -28.6903 -180.213 0.293549 2.64194 -80 2 -25 10 41700 1 
119.986 -28.6903 -180.213 0.293549 2.64194 -80 2 -25 10 41701 1 
119.976 -28.6902 -180.213 0.293549 2.64194 -80 2 -25 10 41702 1 
119.966 -28.6902 -180.213 0.293549 2.64194 -80 2 -25 10 41703 1 
119.957 -28.6902 -180.213 0.293549 2.64194 -80 2 -25 10 41704 1 
119.947 -28.6901 -180.213 0.293549 2.64194 -80 2 -25 10 41705 1 
119.937 -28.6901 -180.213 0.293549 2.64194 -80 2 -25 10 41706 1 
119.927 -28.6901 -180.213 0.293549 2.64194 -80 2 -25 10 41707 1 
119.917 -28.69 -180.213 0.293549 2.64194 -80 2 -25 10 41708 1 
119.908 -28.69 -180.213 0.293549 2.64194 -80 2 -25 10 41709 1 
119.898 -28.6899 -180.213 0.293549 2.64194 -80 2 -25 10 41710 1 
119.888 -28.6899 -180.213 0.293549 2.64194 -80 2 -25 10 41711 1 
119.878 -28.6899 -180.213 0.293549 2.64194 -80 2 -25 10 41712 1 
119.869 -28.6898 -180.213 0.293549 2.64194 -80 2 -25 10 41713 1 
119.859 -28.6898 -180.213 0.293549 2.64194 -80 2 -25 10 41714 1 
119.849 -28.6898 -180.213 0.293549 2.64194 -80 2 -25 10 41715 1 
119.839 -28.6897 -180.213 0.293549 2.64194 -80 2 -25 10 41716 1 
119.829 -28.6897 -180.213 0.293549 2.64194 -80 2 -25 10 41717 1 
119.82 -28.6897 -180.213 0.293549 2.64194 -80 2 -25 10 41718 1 
119.81 -28.6896 -180.213 0.293549 2.64194 -80 2 -25 10 41719 1 
119.8 -28.6896 -180.213 0.293549 2.64194 -80 2 -25 10 41720 1 
119.79 -28.6895 -180.213 0.293549 2.64194 -80 2 -25 10 41721 1 
119.78 -28.6895 -180.213 0.293549 2.64194 -80 2 -25 10 41722 1 
119.771 -28.6895 -180.213 0.293549 2.64194 -80 2 -25 10 41723 1 
119.761 -28.6894 -180.213 0.293549 2.64194 -80 2 -25 10 41724 1 
119.751 -28.6894 -180.213 0.293549 2.64194 -80 2 -25 10 41725 1 
119.741 -28.6894 -180.213 0.293549 2.64194 -80 2 -25 10 41726 1 
119.731 -28.6893 -180.213 0.293549 2.64194 -80 2 -25 10 41727 1 
119.722 -28.6893 -180.213 0.293549 2.64194 -80 2 -25 10 41728 1 
119.712 -28.6893 -180.213 0.293549 2.64194 -80 2 -25 10 41729 1 
119.702 -28.6892 -180.213 0.293549 2.64194 -80 2 -25 10 41730 1 
119.692 -28.6892 -180.213 0.293549 2.64194 -80 2 -25 10 41731 1 
119.683 -28.6891 -180.213 0.293549 2.64194 -80 2 -25 10 41732 1 
119.673 -28.6891 -180.213 0.293549 2.64194 -80 2 -25 10 41733 1 
119.663 -28.6891 -180.213 0.293549 2.64194 -80 2 -25 10 41734 1 
119.653 -28.689 -180.213 0.293549 2.64194 -80 2 -25 10 41735 1 
119.643 -28.689 -180.213 0.293549 2.64194 -80 2 -25 10 41736 1 
119.634 -28.689 -180.213 0.293549 2.64194 -80 2 -25 10 41737 1 
119.624 -28.6889 -180.213 0.293549 2.64194 -80 2 -25 10 41738 1 
119.614 -28.6889 -180.213 0.293549 2.64194 -80 2 -25 10 41739 1 
119.604 -28.6889 -180.213 0.293549 2.64194 -80 2 -25 10 41740 1 
119.594 -28.6888 -180.213 0.293549 2.64194 -80 2 -25 10 41741 1 
119.585 -28.6888 -180.213 0.293549 2.64194 -80 2 -25 10 41742 1 
119.575 -28.6887 -180.213 0.293549 2.64194 -80 2 -25 10 41743 1 
119.565 -28.6887 -180.213 0.293549 2.64194 -80 2 -25 10 41744 1 
119.555 -28.6887 -180.214 0.293549 2.64194 -80 2 -25 10 41745 1 
119.546 -28.6886 -180.214 0.293549 2.64194 -80 2 -25 10 41746 1 
119.536 -28.6886 -180.214 0.293549 2.64194 -80 2 -25 10 41747 1 
119.526 -28.6886 -180.214 0.293549 2.64194 -80 2 -25 10 41748 1 
119.516 -28.6885 -180.214 0.293549 2.64194 -80 2 -25 10 41749 1 
119.506 -28.6885 -180.214 0.293549 2.64194 -80 2 -25 10 41750 1 
119.497 -28.6885 -180.214 0.293549 2.64194 -80 2 -25 10 41751 1 
119.487 -28.6884 -180.214 0.293549 2.64194 -80 2 -25 10 41752 1 
119.477 -28.6884 -180.214 0.293549 2.64194 -80 2 -25 10 41753 1 
119.467 -28.6883 -180.214 0.293549 2.64194 -80 2 -25 10 41754 1 
119.457 -28.6883 -180.214 0.293549 2.64194 -80 2 -25 10 41755 1 
119.448 -28.6883 -180.214 0.293549 2.64194 -80 2 -25 10 41756 1 
119.438 -28.6882 -180.214 0.293549 2.64194 -80 2 -25 10 41757 1 
119.428 -28.6882 -180.214 0.293549 2.64194 -80 2 -25 10 41758 1 
119.418 -28.6882 -180.214 0.293549 2.64194 -80 2 -25 10 41759 1 
119.408 -28.6881 -180.214 0.293549 2.64194 -80 2 -25 10 41760 1 
119.399 -28.6881 -180.214 0.293549 2.64194 -80 2 -25 10 41761 1 
119.389 -28.6881 -180.214 0.293549 2.64194 -80 2 -25 10 41762 1 
119.379 -28.688 -180.214 0.293549 2.64194 -80 2 -25 10 41763 1 
119.369 -28.688 -180.214 0.293549 2.64194 -80 2 -25 10 41764 1 
119.36 -28.6879 -180.214 0.293549 2.64194 -80 2 -25 10 41765 1 
119.35 -28.6879 -180.214 0.293549 2.64194 -80 2 -25 10 41766 1 
119.34 -28.6879 -180.214 0.293549 2.64194 -80 2 -25 10 41767 1 
119.33 -28.6878 -180.214 0.293549 2.64194 -80 2 -25 10 41768 1 
119.32 -28.6878 -180.214 0.293549 2.64194 -80 2 -25 10 41769 1 
119.311 -28.6878 -180.214 0.293549 2.64194 -80 2 -25 10 41770 1 
119.301 -28.6877 -180.214 0.293549 2.64194 -80 2 -25 10 41771 1 
119.291 -28.6877 -180.214 0.293549 2.64194 -80 2 -25 10 41772 1 
119.281 -28.6877 -180.214 0.293549 2.64194 -80 2 -25 10 41773 1 
119.271 -28.6876 -180.214 0.293549 2.64194 -80 2 -25 10 41774 1 
119.262 -28.6876 -180.214 0.293549 2.64194 -80 2 -25 10 41775 1 
119.252 -28.6875 -180.214 0.293549 2.64194 -80 2 -25 10 41776 1 
119.242 -28.6875 -180.214 0.293549 2.64194 -80 2 -25 10 41777 1 
119.232 -28.6875 -180.214 0.293549 2.64194 -80 2 -25 10 41778 1 
119.222 -28.6874 -180.214 0.293549 2.64194 -80 2 -25 10 41779 1 
119.213 -28.6874 -180.214 0.293549 2.64194 -80 2 -25 10 41780 1 
119.203 -28.6874 -180.214 0.293549 2.64194 -80 2 -25 10 41781 1 
119.193 -28.6873 -180.214 0.293549 2.64194 -80 2 -25 10 41782 1 
119.183 -28.6873 -180.214 0.293549 2.64194 -80 2 -25 10 41783 1 
119.174 -28.6873 -180.214 0.293549 2.64194 -80 2 -25 10 41784 1 
119.164 -28.6872 -180.214 0.293549 2.64194 -80 2 -25 10 41785 1 
119.154 -28.6872 -180.214 0.293549 2.64194 -80 2 -25 10 41786 1 
119.144 -28.6872 -180.214 0.293549 2.64194 -80 2 -25 10 41787 1 
119.134 -28.6871 -180.214 0.293549 2.64194 -80 2 -25 10 41788 1 
119.125 -28.6871 -180.214 0.293549 2.64194 -80 2 -25 10 41789 1 
119.115 -28.687 -180.214 0.293549 2.64194 -80 2 -25 10 41790 1 
119.105 -28.687 -180.214 0.293549 2.64194 -80 2 -25 10 41791 1 
119.095 -28.687 -180.214 0.293549 2.64194 -80 2 -25 10 41792 1 
119.085 -28.6869 -180.214 0.293549 2.64194 -80 2 -25 10 41793 1 
119.076 -28.6869 -180.214 0.293549 2.64194 -80 2 -25 10 41794 1 
119.066 -28.6869 -180.214 0.293549 2.64194 -80 2 -25 10 41795 1 
119.056 -28.6868 -180.214 0.293549 2.64194 -80 2 -25 10 41796 1 
119.046 -28.6868 -180.214 0.293549 2.64194 -80 2 -25 10 41797 1 
119.036 -28.6868 -180.214 0.293549 2.64194 -80 2 -25 10 41798 1 
119.027 -28.6867 -180.214 0.293549 2.64194 -80 2 -25 10 41799 1 
119.017 -28.6867 -180.214 0.293549 2.64194 -80 2 -25 10 41800 1 
119.007 -28.6866 -180.214 0.293549 2.64194 -80 2 -25 10 41801 1 
118.997 -28.6866 -180.214 0.293549 2.64194 -80 2 -25 10 41802 1 
118.988 -28.6866 -180.214 0.293549 2.64194 -80 2 -25 10 41803 1 
118.978 -28.6865 -180.214 0.293549 2.64194 -80 2 -25 10 41804 1 
118.968 -28.6865 -180.214 0.293549 2.64194 -80 2 -25 10 41805 1 
118.958 -28.6865 -180.214 0.293549 2.64194 -80 2 -25 10 41806 1 
118.948 -28.6864 -180.214 0.293549 2.64194 -80 2 -25 10 41807 1 
118.939 -28.6864 -180.214 0.293549 2.64194 -80 2 -25 10 41808 1 
118.929 -28.6864 -180.214 0.293549 2.64194 -80 2 -25 10 41809 1 
118.919 -28.6863 -180.214 0.293549 2.64194 -80 2 -25 10 41810 1 
118.909 -28.6863 -180.214 0.293549 2.64194 -80 2 -25 10 41811 1 
118.899 -28.6862 -180.214 0.293549 2.64194 -80 2 -25 10 41812 1 
118.89 -28.6862 -180.214 0.293549 2.64194 -80 2 -25 10 41813 1 
118.88 -28.6862 -180.214 0.293549 2.64194 -80 2 -25 10 41814 1 
118.87 -28.6861 -180.214 0.293549 2.64194 -80 2 -25 10 41815 1 
118.86 -28.6861 -180.214 0.293549 2.64194 -80 2 -25 10 41816 1 
118.851 -28.6861 -180.214 0.293549 2.64194 -80 2 -25 10 41817 1 
118.841 -28.686 -180.214 0.293549 2.64194 -80 2 -25 10 41818 1 
118.831 -28.686 -180.214 0.293549 2.64194 -80 2 -25 10 41819 1 
118.821 -28.686 -180.214 0.293549 2.64194 -80 2 -25 10 41820 1 
118.811 -28.6859 -180.214 0.293549 2.64194 -80 2 -25 10 41821 1 
118.802 -28.6859 -180.214 0.293549 2.64194 -80 2 -25 10 41822 1 
118.792 -28.6858 -180.214 0.293549 2.64194 -80 2 -25 10 41823 1 
118.782 -28.6858 -180.214 0.293549 2.64194 -80 2 -25 10 41824 1 
118.772 -28.6858 -180.214 0.293549 2.64194 -80 2 -25 10 41825 1 
118.762 -28.6857 -180.214 0.293549 2.64194 -80 2 -25 10 41826 1 
118.753 -28.6857 -180.214 0.293549 2.64194 -80 2 -25 10 41827 1 
118.743 -28.6857 -180.214 0.293549 2.64194 -80 2 -25 10 41828 1 
118.733 -28.6856 -180.214 0.293549 2.64194 -80 2 -25 10 41829 1 
118.723 -28.6856 -180.214 0.293549 2.64194 -80 2 -25 10 41830 1 
118.713 -28.6856 -180.214 0.293549 2.64194 -80 2 -25 10 41831 1 
118.704 -28.6855 -180.214 0.293549 2.64194 -80 2 -25 10 41832 1 
118.694 -28.6855 -180.214 0.293549 2.64194 -80 2 -25 10 41833 1 
118.684 -28.6854 -180.214 0.293549 2.64194 -80 2 -25 10 41834 1 
118.674 -28.6854 -180.214 0.293549 2.64194 -80 2 -25 10 41835 1 
118.665 -28.6854 -180.214 0.293549 2.64194 -80 2 -25 10 41836 1 
118.655 -28.6853 -180.214 0.293549 2.64194 -80 2 -25 10 41837 1 
118.645 -28.6853 -180.214 0.293549 2.64194 -80 2 -25 10 41838 1 
118.635 -28.6853 -180.214 0.293549 2.64194 -80 2 -25 10 41839 1 
118.625 -28.6852 -180.214 0.293549 2.64194 -80 2 -25 10 41840 1 
118.616 -28.6852 -180.214 0.293549 2.64194 -80 2 -25 10 41841 1 
118.606 -28.6852 -180.214 0.293549 2.64194 -80 2 -25 10 41842 1 
118.596 -28.6851 -180.214 0.293549 2.64194 -80 2 -25 10 41843 1 
118.586 -28.6851 -180.214 0.293549 2.64194 -80 2 -25 10 41844 1 
118.576 -28.685 -180.214 0.293549 2.64194 -80 2 -25 10 41845 1 
118.567 -28.685 -180.214 0.293549 2.64194 -80 2 -25 10 41846 1 
118.557 -28.685 -180.214 0.293549 2.64194 -80 2 -25 10 41847 1 
118.547 -28.6849 -180.214 0.293549 2.64194 -80 2 -25 10 41848 1 
118.537 -28.6849 -180.214 0.293549 2.64194 -80 2 -25 10 41849 1 
118.527 -28.6849 -180.214 0.293549 2.64194 -80 2 -25 10 41850 1 
118.518 -28.6848 -180.214 0.293549 2.64194 -80 2 -25 10 41851 1 
118.508 -28.6848 -180.214 0.293549 2.64194 -80 2 -25 10 41852 1 
118.498 -28.6848 -180.214 0.293549 2.64194 -80 2 -25 10 41853 1 
118.488 -28.6847 -180.214 0.293549 2.64194 -80 2 -25 10 41854 1 
118.479 -28.6847 -180.214 0.293549 2.64194 -80 2 -25 10 41855 1 
118.469 -28.6847 -180.214 0.293549 2.64194 -80 2 -25 10 41856 1 
118.459 -28.6846 -180.214 0.293549 2.64194 -80 2 -25 10 41857 1 
118.449 -28.6846 -180.214 0.293549 2.64194 -80 2 -25 10 41858 1 
118.439 -28.6845 -180.214 0.293549 2.64194 -80 2 -25 10 41859 1 
118.43 -28.6845 -180.214 0.293549 2.64194 -80 2 -25 10 41860 1 
118.42 -28.6845 -180.214 0.293549 2.64194 -80 2 -25 10 41861 1 
118.41 -28.6844 -180.215 0.293549 2.64194 -80 2 -25 10 41862 1 
118.4 -28.6844 -180.215 0.293549 2.64194 -80 2 -25 10 41863 1 
118.39 -28.6844 -180.215 0.293549 2.64194 -80 2 -25 10 41864 1 
118.381 -28.6843 -180.215 0.293549 2.64194 -80 2 -25 10 41865 1 
118.371 -28.6843 -180.215 0.293549 2.64194 -80 2 -25 10 41866 1 
118.361 -28.6843 -180.215 0.293549 2.64194 -80 2 -25 10 41867 1 
118.351 -28.6842 -180.215 0.293549 2.64194 -80 2 -25 10 41868 1 
118.342 -28.6842 -180.215 0.293549 2.64194 -80 2 -25 10 41869 1 
118.332 -28.6841 -180.215 0.293549 2.64194 -80 2 -25 10 41870 1 
118.322 -28.6841 -180.215 0.293549 2.64194 -80 2 -25 10 41871 1 
118.312 -28.6841 -180.215 0.293549 2.64194 -80 2 -25 10 41872 1 
118.302 -28.684 -180.215 0.293549 2.64194 -80 2 -25 10 41873 1 
118.293 -28.684 -180.215 0.293549 2.64194 -80 2 -25 10 41874 1 
118.283 -28.684 -180.215 0.293549 2.64194 -80 2 -25 10 41875 1 
118.273 -28.6839 -180.215 0.293549 2.64194 -80 2 -25 10 41876 1 
118.263 -28.6839 -180.215 0.293549 2.64194 -80 2 -25 10 41877 1 
118.253 -28.6839 -180.215 0.293549 2.64194 -80 2 -25 10 41878 1 
118.244 -28.6838 -180.215 0.293549 2.64194 -80 2 -25 10 41879 1 
118.234 -28.6838 -180.215 0.293549 2.64194 -80 2 -25 10 41880 1 
118.224 -28.6837 -180.215 0.293549 2.64194 -80 2 -25 10 41881 1 
118.214 -28.6837 -180.215 0.293549 2.64194 -80 2 -25 10 41882 1 
118.204 -28.6837 -180.215 0.293549 2.64194 -80 2 -25 10 41883 1 
118.195 -28.6836 -180.215 0.293549 2.64194 -80 2 -25 10 41884 1 
118.185 -28.6836 -180.215 0.293549 2.64194 -80 2 -25 10 41885 1 
118.175 -28.6836 -180.215 0.293549 2.64194 -80 2 -25 10 41886 1 
118.165 -28.6835 -180.215 0.293549 2.64194 -80 2 -25 10 41887 1 
118.156 -28.6835 -180.215 0.293549 2.64194 -80 2 -25 10 41888 1 
118.146 -28.6835 -180.215 0.293549 2.64194 -80 2 -25 10 41889 1 
118.136 -28.6834 -180.215 0.293549 2.64194 -80 2 -25 10 41890 1 
118.126 -28.6834 -180.215 0.293549 2.64194 -80 2 -25 10 41891 1 
118.116 -28.6833 -180.215 0.293549 2.64194 -80 2 -25 10 41892 1 
118.107 -28.6833 -180.215 0.293549 2.64194 -80 2 -25 10 41893 1 
118.097 -28.6833 -180.215 0.293549 2.64194 -80 2 -25 10 41894 1 
118.087 -28.6832 -180.215 0.293549 2.64194 -80 2 -25 10 41895 1 
118.077 -28.6832 -180.215 0.293549 2.64194 -80 2 -25 10 41896 1 
118.067 -28.6832 -180.215 0.293549 2.64194 -80 2 -25 10 41897 1 
118.058 -28.6831 -180.215 0.293549 2.64194 -80 2 -25 10 41898 1 
118.048 -28.6831 -180.215 0.293549 2.64194 -80 2 -25 10 41899 1 
118.038 -28.6831 -180.215 0.293549 2.64194 -80 2 -25 10 41900 1 
118.028 -28.683 -180.215 0.293549 2.64194 -80 2 -25 10 41901 1 
118.018 -28.683 -180.215 0.293549 2.64194 -80 2 -25 10 41902 1 
118.009 -28.6829 -180.215 0.293549 2.64194 -80 2 -25 10 41903 1 
117.999 -28.6829 -180.215 0.293549 2.64194 -80 2 -25 10 41904 1 
117.989 -28.6829 -180.215 0.293549 2.64194 -80 2 -25 10 41905 1 
117.979 -28.6828 -180.215 0.293549 2.64194 -80 2 -25 10 41906 1 
117.97 -28.6828 -180.215 0.293549 2.64194 -80 2 -25 10 41907 1 
117.96 -28.6828 -180.215 0.293549 2.64194 -80 2 -25 10 41908 1 
117.95 -28.6827 -180.215 0.293549 2.64194 -80 2 -25 10 41909 1 
117.94 -28.6827 -180.215 0.293549 2.64194 -80 2 -25 10 41910 1 
117.93 -28.6827 -180.215 0.293549 2.64194 -80 2 -25 10 41911 1 
117.921 -28.6826 -180.215 0.293549 2.64194 -80 2 -25 10 41912 1 
117.911 -28.6826 -180.215 0.293549 2.64194 -80 2 -25 10 41913 1 
117.901 -28.6825 -180.215 0.293549 2.64194 -80 2 -25 10 41914 1 
117.891 -28.6825 -180.215 0.293549 2.64194 -80 2 -25 10 41915 1 
117.881 -28.6825 -180.215 0.293549 2.64194 -80 2 -25 10 41916 1 
117.872 -28.6824 -180.215 0.293549 2.64194 -80 2 -25 10 41917 1 
117.862 -28.6824 -180.215 0.293549 2.64194 -80 2 -25 10 41918 1 
117.852 -28.6824 -180.215 0.293549 2.64194 -80 2 -25 10 41919 1 
117.842 -28.6823 -180.215 0.293549 2.64194 -80 2 -25 10 41920 1 
117.833 -28.6823 -180.215 0.293549 2.64194 -80 2 -25 10 41921 1 
117.823 -28.6823 -180.215 0.293549 2.64194 -80 2 -25 10 41922 1 
117.813 -28.6822 -180.215 0.293549 2.64194 -80 2 -25 10 41923 1 
117.803 -28.6822 -180.215 0.293549 2.64194 -80 2 -25 10 41924 1 
117.793 -28.6821 -180.215 0.293549 2.64194 -80 2 -25 10 41925 1 
117.784 -28.6821 -180.215 0.293549 2.64194 -80 2 -25 10 41926 1 
117.774 -28.6821 -180.215 0.293549 2.64194 -80 2 -25 10 41927 1 
117.764 -28.682 -180.215 0.293549 2.64194 -80 2 -25 10 41928 1 
117.754 -28.682 -180.215 0.293549 2.64194 -80 2 -25 10 41929 1 
117.744 -28.682 -180.215 0.293549 2.64194 -80 2 -25 10 41930 1 
117.735 -28.6819 -180.215 0.293549 2.64194 -80 2 -25 10 41931 1 
117.725 -28.6819 -180.215 0.293549 2.64194 -80 2 -25 10 41932 1 
117.715 -28.6819 -180.215 0.293549 2.64194 -80 2 -25 10 41933 1 
117.705 -28.6818 -180.215 0.293549 2.64194 -80 2 -25 10 41934 1 
117.695 -28.6818 -180.215 0.293549 2.64194 -80 2 -25 10 41935 1 
117.686 -28.6818 -180.215 0.293549 2.64194 -80 2 -25 10 41936 1 
117.676 -28.6817 -180.215 0.293549 2.64194 -80 2 -25 10 41937 1 
117.666 -28.6817 -180.215 0.293549 2.64194 -80 2 -25 10 41938 1 
117.656 -28.6816 -180.215 0.293549 2.64194 -80 2 -25 10 41939 1 
117.647 -28.6816 -180.215 0.293549 2.64194 -80 2 -25 10 41940 1 
117.637 -28.6816 -180.215 0.293549 2.64194 -80 2 -25 10 41941 1 
117.627 -28.6815 -180.215 0.293549 2.64194 -80 2 -25 10 41942 1 
117.617 -28.6815 -180.215 0.293549 2.64194 -80 2 -25 10 41943 1 
117.607 -28.6815 -180.215 0.293549 2.64194 -80 2 -25 10 41944 1 
117.598 -28.6814 -180.215 0.293549 2.64194 -80 2 -25 10 41945 1 
117.588 -28.6814 -180.215 0.293549 2.64194 -80 2 -25 10 41946 1 
117.578 -28.6814 -180.215 0.293549 2.64194 -80 2 -25 10 41947 1 
117.568 -28.6813 -180.215 0.293549 2.64194 -80 2 -25 10 41948 1 
117.558 -28.6813 -180.215 0.293549 2.64194 -80 2 -25 10 41949 1 
117.549 -28.6812 -180.215 0.293549 2.64194 -80 2 -25 10 41950 1 
117.539 -28.6812 -180.215 0.293549 2.64194 -80 2 -25 10 41951 1 
117.529 -28.6812 -180.215 0.293549 2.64194 -80 2 -25 10 41952 1 
117.519 -28.6811 -180.215 0.293549 2.64194 -80 2 -25 10 41953 1 
117.509 -28.6811 -180.215 0.293549 2.64194 -80 2 -25 10 41954 1 
117.5 -28.6811 -180.215 0.293549 2.64194 -80 2 -25 10 41955 1 
117.49 -28.681 -180.215 0.293549 2.64194 -80 2 -25 10 41956 1 
117.48 -28.681 -180.215 0.293549 2.64194 -80 2 -25 10 41957 1 
117.47 -28.681 -180.215 0.293549 2.64194 -80 2 -25 10 41958 1 
117.461 -28.6809 -180.215 0.293549 2.64194 -80 2 -25 10 41959 1 
117.451 -28.6809 -180.215 0.293549 2.64194 -80 2 -25 10 41960 1 
117.441 -28.6808 -180.215 0.293549 2.64194 -80 2 -25 10 41961 1 
117.431 -28.6808 -180.215 0.293549 2.64194 -80 2 -25 10 41962 1 
117.421 -28.6808 -180.215 0.293549 2.64194 -80 2 -25 10 41963 1 
117.412 -28.6807 -180.215 0.293549 2.64194 -80 2 -25 10 41964 1 
117.402 -28.6807 -180.215 0.293549 2.64194 -80 2 -25 10 41965 1 
117.392 -28.6807 -180.215 0.293549 2.64194 -80 2 -25 10 41966 1 
117.382 -28.6806 -180.215 0.293549 2.64194 -80 2 -25 10 41967 1 
117.372 -28.6806 -180.215 0.293549 2.64194 -80 2 -25 10 41968 1 
117.363 -28.6806 -180.215 0.293549 2.64194 -80 2 -25 10 41969 1 
117.353 -28.6805 -180.215 0.293549 2.64194 -80 2 -25 10 41970 1 
117.343 -28.6805 -180.215 0.293549 2.64194 -80 2 -25 10 41971 1 
117.333 -28.6804 -180.215 0.293549 2.64194 -80 2 -25 10 41972 1 
117.324 -28.6804 -180.215 0.293549 2.64194 -80 2 -25 10 41973 1 
117.314 -28.6804 -180.215 0.293549 2.64194 -80 2 -25 10 41974 1 
117.304 -28.6803 -180.215 0.293549 2.64194 -80 2 -25 10 41975 1 
117.294 -28.6803 -180.215 0.293549 2.64194 -80 2 -25 10 41976 1 
117.284 -28.6803 -180.215 0.293549 2.64194 -80 2 -25 10 41977 1 
117.275 -28.6802 -180.215 0.293549 2.64194 -80 2 -25 10 41978 1 
117.265 -28.6802 -180.216 0.293549 2.64194 -80 2 -25 10 41979 1 
117.255 -28.6802 -180.216 0.293549 2.64194 -80 2 -25 10 41980 1 
117.245 -28.6801 -180.216 0.293549 2.64194 -80 2 -25 10 41981 1 
117.235 -28.6801 -180.216 0.293549 2.64194 -80 2 -25 10 41982 1 
117.226 -28.68 -180.216 0.293549 2.64194 -80 2 -25 10 41983 1 
117.216 -28.68 -180.216 0.293549 2.64194 -80 2 -25 10 41984 1 
117.206 -28.68 -180.216 0.293549 2.64194 -80 2 -25 10 41985 1 
117.196 -28.6799 -180.216 0.293549 2.64194 -80 2 -25 10 41986 1 
117.186 -28.6799 -180.216 0.293549 2.64194 -80 2 -25 10 41987 1 
117.177 -28.6799 -180.216 0.293549 2.64194 -80 2 -25 10 41988 1 
117.167 -28.6798 -180.216 0.293549 2.64194 -80 2 -25 10 41989 1 
117.157 -28.6798 -180.216 0.293549 2.64194 -80 2 -25 10 41990 1 
117.147 -28.6798 -180.216 0.293549 2.64194 -80 2 -25 10 41991 1 
117.138 -28.6797 -180.216 0.293549 2.64194 -80 2 -25 10 41992 1 
117.128 -28.6797 -180.216 0.293549 2.64194 -80 2 -25 10 41993 1 
117.118 -28.6796 -180.216 0.293549 2.64194 -80 2 -25 10 41994 1 
117.108 -28.6796 -180.216 0.293549 2.64194 -80 2 -25 10 41995 1 
117.098 -28.6796 -180.216 0.293549 2.64194 -80 2 -25 10 41996 1 
117.089 -28.6795 -180.216 0.293549 2.64194 -80 2 -25 10 41997 1 
117.079 -28.6795 -180.216 0.293549 2.64194 -80 2 -25 10 41998 1 
117.069 -28.6795 -180.216 0.293549 2.64194 -80 2 -25 10 41999 1 
117.059 -28.6794 -180.216 0.293549 2.64194 -80 2 -25 10 42000 1 
117.049 -28.6794 -180.216 0.293549 2.64194 -80 2 -25 10 42001 1 
117.04 -28.6794 -180.216 0.293549 2.64194 -80 2 -25 10 42002 1 
117.03 -28.6793 -180.216 0.293549 2.64194 -80 2 -25 10 42003 1 
117.02 -28.6793 -180.216 0.293549 2.64194 -80 2 -25 10 42004 1 
117.01 -28.6793 -180.216 0.293549 2.64194 -80 2 -25 10 42005 1 
117 -28.6792 -180.216 0.293549 2.64194 -80 2 -25 10 42006 1 
116.991 -28.6792 -180.216 0.293549 2.64194 -80 2 -25 10 42007 1 
116.981 -28.6791 -180.216 0.293549 2.64194 -80 2 -25 10 42008 1 
116.971 -28.6791 -180.216 0.293549 2.64194 -80 2 -25 10 42009 1 
116.961 -28.6791 -180.216 0.293549 2.64194 -80 2 -25 10 42010 1 
116.952 -28.679 -180.216 0.293549 2.64194 -80 2 -25 10 42011 1 
116.942 -28.679 -180.216 0.293549 2.64194 -80 2 -25 10 42012 1 
116.932 -28.679 -180.216 0.293549 2.64194 -80 2 -25 10 42013 1 
116.922 -28.6789 -180.216 0.293549 2.64194 -80 2 -25 10 42014 1 
116.912 -28.6789 -180.216 0.293549 2.64194 -80 2 -25 10 42015 1 
116.903 -28.6789 -180.216 0.293549 2.64194 -80 2 -25 10 42016 1 
116.893 -28.6788 -180.216 0.293549 2.64194 -80 2 -25 10 42017 1 
116.883 -28.6788 -180.216 0.293549 2.64194 -80 2 -25 10 42018 1 
116.873 -28.6787 -180.216 0.293549 2.64194 -80 2 -25 10 42019 1 
116.863 -28.6787 -180.216 0.293549 2.64194 -80 2 -25 10 42020 1 
116.854 -28.6787 -180.216 0.293549 2.64194 -80 2 -25 10 42021 1 
116.844 -28.6786 -180.216 0.293549 2.64194 -80 2 -25 10 42022 1 
116.834 -28.6786 -180.216 0.293549 2.64194 -80 2 -25 10 42023 1 
116.824 -28.6786 -180.216 0.293549 2.64194 -80 2 -25 10 42024 1 
116.815 -28.6785 -180.216 0.293549 2.64194 -80 2 -25 10 42025 1 
116.805 -28.6785 -180.216 0.293549 2.64194 -80 2 -25 10 42026 1 
116.795 -28.6785 -180.216 0.293549 2.64194 -80 2 -25 10 42027 1 
116.785 -28.6784 -180.216 0.293549 2.64194 -80 2 -25 10 42028 1 
116.775 -28.6784 -180.216 0.293549 2.64194 -80 2 -25 10 42029 1 
116.766 -28.6783 -180.216 0.293549 2.64194 -80 2 -25 10 42030 1 
116.756 -28.6783 -180.216 0.293549 2.64194 -80 2 -25 10 42031 1 
116.746 -28.6783 -180.216 0.293549 2.64194 -80 2 -25 10 42032 1 
116.736 -28.6782 -180.216 0.293549 2.64194 -80 2 -25 10 42033 1 
116.726 -28.6782 -180.216 0.293549 2.64194 -80 2 -25 10 42034 1 
116.717 -28.6782 -180.216 0.293549 2.64194 -80 2 -25 10 42035 1 
116.707 -28.6781 -180.216 0.293549 2.64194 -80 2 -25 10 42036 1 
116.697 -28.6781 -180.216 0.293549 2.64194 -80 2 -25 10 42037 1 
116.687 -28.6781 -180.216 0.293549 2.64194 -80 2 -25 10 42038 1 
116.677 -28.678 -180.216 0.293549 2.64194 -80 2 -25 10 42039 1 
116.668 -28.678 -180.216 0.293549 2.64194 -80 2 -25 10 42040 1 
116.658 -28.6779 -180.216 0.293549 2.64194 -80 2 -25 10 42041 1 
116.648 -28.6779 -180.216 0.293549 2.64194 -80 2 -25 10 42042 1 
116.638 -28.6779 -180.216 0.293549 2.64194 -80 2 -25 10 42043 1 
116.629 -28.6778 -180.216 0.293549 2.64194 -80 2 -25 10 42044 1 
116.619 -28.6778 -180.216 0.293549 2.64194 -80 2 -25 10 42045 1 
116.609 -28.6778 -180.216 0.293549 2.64194 -80 2 -25 10 42046 1 
116.599 -28.6777 -180.216 0.293549 2.64194 -80 2 -25 10 42047 1 
116.589 -28.6777 -180.216 0.293549 2.64194 -80 2 -25 10 42048 1 
116.58 -28.6777 -180.216 0.293549 2.64194 -80 2 -25 10 42049 1 
116.57 -28.6776 -180.216 0.293549 2.64194 -80 2 -25 10 42050 1 
116.56 -28.6776 -180.216 0.293549 2.64194 -80 2 -25 10 42051 1 
116.55 -28.6775 -180.216 0.293549 2.64194 -80 2 -25 10 42052 1 
116.54 -28.6775 -180.216 0.293549 2.64194 -80 2 -25 10 42053 1 
116.531 -28.6775 -180.216 0.293549 2.64194 -80 2 -25 10 42054 1 
116.521 -28.6774 -180.216 0.293549 2.64194 -80 2 -25 10 42055 1 
116.511 -28.6774 -180.216 0.293549 2.64194 -80 2 -25 10 42056 1 
116.501 -28.6774 -180.216 0.293549 2.64194 -80 2 -25 10 42057 1 
116.491 -28.6773 -180.216 0.293549 2.64194 -80 2 -25 10 42058 1 
116.482 -28.6773 -180.216 0.293549 2.64194 -80 2 -25 10 42059 1 
116.472 -28.6773 -180.216 0.293549 2.64194 -80 2 -25 10 42060 1 
116.462 -28.6772 -180.216 0.293549 2.64194 -80 2 -25 10 42061 1 
116.452 -28.6772 -180.216 0.293549 2.64194 -80 2 -25 10 42062 1 
116.443 -28.6771 -180.216 0.293549 2.64194 -80 2 -25 10 42063 1 
116.433 -28.6771 -180.216 0.293549 2.64194 -80 2 -25 10 42064 1 
116.423 -28.6771 -180.216 0.293549 2.64194 -80 2 -25 10 42065 1 
116.413 -28.677 -180.216 0.293549 2.64194 -80 2 -25 10 42066 1 
116.403 -28.677 -180.216 0.293549 2.64194 -80 2 -25 10 42067 1 
116.394 -28.677 -180.216 0.293549 2.64194 -80 2 -25 10 42068 1 
116.384 -28.6769 -180.216 0.293549 2.64194 -80 2 -25 10 42069 1 
116.374 -28.6769 -180.216 0.293549 2.64194 -80 2 -25 10 42070 1 
116.364 -28.6769 -180.216 0.293549 2.64194 -80 2 -25 10 42071 1 
116.354 -28.6768 -180.216 0.293549 2.64194 -80 2 -25 10 42072 1 
116.345 -28.6768 -180.216 0.293549 2.64194 -80 2 -25 10 42073 1 
116.335 -28.6768 -180.216 0.293549 2.64194 -80 2 -25 10 42074 1 
116.325 -28.6767 -180.216 0.293549 2.64194 -80 2 -25 10 42075 1 
116.315 -28.6767 -180.216 0.293549 2.64194 -80 2 -25 10 42076 1 
116.306 -28.6766 -180.216 0.293549 2.64194 -80 2 -25 10 42077 1 
116.296 -28.6766 -180.216 0.293549 2.64194 -80 2 -25 10 42078 1 
116.286 -28.6766 -180.216 0.293549 2.64194 -80 2 -25 10 42079 1 
116.276 -28.6765 -180.216 0.293549 2.64194 -80 2 -25 10 42080 1 
116.266 -28.6765 -180.216 0.293549 2.64194 -80 2 -25 10 42081 1 
116.257 -28.6765 -180.216 0.293549 2.64194 -80 2 -25 10 42082 1 
116.247 -28.6764 -180.216 0.293549 2.64194 -80 2 -25 10 42083 1 
116.237 -28.6764 -180.216 0.293549 2.64194 -80 2 -25 10 42084 1 
116.227 -28.6764 -180.216 0.293549 2.64194 -80 2 -25 10 42085 1 
116.217 -28.6763 -180.216 0.293549 2.64194 -80 2 -25 10 42086 1 
116.208 -28.6763 -180.216 0.293549 2.64194 -80 2 -25 10 42087 1 
116.198 -28.6762 -180.216 0.293549 2.64194 -80 2 -25 10 42088 1 
116.188 -28.6762 -180.216 0.293549 2.64194 -80 2 -25 10 42089 1 
116.178 -28.6762 -180.216 0.293549 2.64194 -80 2 -25 10 42090 1 
116.168 -28.6761 -180.216 0.293549 2.64194 -80 2 -25 10 42091 1 
116.159 -28.6761 -180.217 0.293549 2.64194 -80 2 -25 10 42092 1 
116.149 -28.6761 -180.217 0.293549 2.64194 -80 2 -25 10 42093 1 
116.139 -28.676 -180.217 0.293549 2.64194 -80 2 -25 10 42094 1 
116.129 -28.676 -180.217 0.293549 2.64194 -80 2 -25 10 42095 1 
116.12 -28.676 -180.217 0.293549 2.64194 -80 2 -25 10 42096 1 
116.11 -28.6759 -180.217 0.293549 2.64194 -80 2 -25 10 42097 1 
116.1 -28.6759 -180.217 0.293549 2.64194 -80 2 -25 10 42098 1 
116.09 -28.6758 -180.217 0.293549 2.64194 -80 2 -25 10 42099 1 
116.08 -28.6758 -180.217 0.293549 2.64194 -80 2 -25 10 42100 1 
116.071 -28.6758 -180.217 0.293549 2.64194 -80 2 -25 10 42101 1 
116.061 -28.6757 -180.217 0.293549 2.64194 -80 2 -25 10 42102 1 
116.051 -28.6757 -180.217 0.293549 2.64194 -80 2 -25 10 42103 1 
116.041 -28.6757 -180.217 0.293549 2.64194 -80 2 -25 10 42104 1 
116.031 -28.6756 -180.217 0.293549 2.64194 -80 2 -25 10 42105 1 
116.022 -28.6756 -180.217 0.293549 2.64194 -80 2 -25 10 42106 1 
116.012 -28.6756 -180.217 0.293549 2.64194 -80 2 -25 10 42107 1 
116.002 -28.6755 -180.217 0.293549 2.64194 -80 2 -25 10 42108 1 
115.992 -28.6755 -180.217 0.293549 2.64194 -80 2 -25 10 42109 1 
115.982 -28.6754 -180.217 0.293549 2.64194 -80 2 -25 10 42110 1 
115.973 -28.6754 -180.217 0.293549 2.64194 -80 2 -25 10 42111 1 
115.963 -28.6754 -180.217 0.293549 2.64194 -80 2 -25 10 42112 1 
115.953 -28.6753 -180.217 0.293549 2.64194 -80 2 -25 10 42113 1 
115.943 -28.6753 -180.217 0.293549 2.64194 -80 2 -25 10 42114 1 
115.934 -28.6753 -180.217 0.293549 2.64194 -80 2 -25 10 42115 1 
115.924 -28.6752 -180.217 0.293549 2.64194 -80 2 -25 10 42116 1 
115.914 -28.6752 -180.217 0.293549 2.64194 -80 2 -25 10 42117 1 
115.904 -28.6752 -180.217 0.293549 2.64194 -80 2 -25 10 42118 1 
115.894 -28.6751 -180.217 0.293549 2.64194 -80 2 -25 10 42119 1 
115.885 -28.6751 -180.217 0.293549 2.64194 -80 2 -25 10 42120 1 
115.875 -28.675 -180.217 0.293549 2.64194 -80 2 -25 10 42121 1 
115.865 -28.675 -180.217 0.293549 2.64194 -80 2 -25 10 42122 1 
115.855 -28.675 -180.217 0.293549 2.64194 -80 2 -25 10 42123 1 
115.845 -28.6749 -180.217 0.293549 2.64194 -80 2 -25 10 42124 1 
115.836 -28.6749 -180.217 0.293549 2.64194 -80 2 -25 10 42125 1 
115.826 -28.6749 -180.217 0.293549 2.64194 -80 2 -25 10 42126 1 
115.816 -28.6748 -180.217 0.293549 2.64194 -80 2 -25 10 42127 1 
115.806 -28.6748 -180.217 0.293549 2.64194 -80 2 -25 10 42128 1 
115.797 -28.6748 -180.217 0.293549 2.64194 -80 2 -25 10 42129 1 
115.787 -28.6747 -180.217 0.293549 2.64194 -80 2 -25 10 42130 1 
115.777 -28.6747 -180.217 0.293549 2.64194 -80 2 -25 10 42131 1 
115.767 -28.6746 -180.217 0.293549 2.64194 -80 2 -25 10 42132 1 
115.757 -28.6746 -180.217 0.293549 2.64194 -80 2 -25 10 42133 1 
115.748 -28.6746 -180.217 0.293549 2.64194 -80 2 -25 10 42134 1 
115.738 -28.6745 -180.217 0.293549 2.64194 -80 2 -25 10 42135 1 
115.728 -28.6745 -180.217 0.293549 2.64194 -80 2 -25 10 42136 1 
115.718 -28.6745 -180.217 0.293549 2.64194 -80 2 -25 10 42137 1 
115.708 -28.6744 -180.217 0.293549 2.64194 -80 2 -25 10 42138 1 
115.699 -28.6744 -180.217 0.293549 2.64194 -80 2 -25 10 42139 1 
115.689 -28.6744 -180.217 0.293549 2.64194 -80 2 -25 10 42140 1 
115.679 -28.6743 -180.217 0.293549 2.64194 -80 2 -25 10 42141 1 
115.669 -28.6743 -180.217 0.293549 2.64194 -80 2 -25 10 42142 1 
115.659 -28.6742 -180.217 0.293549 2.64194 -80 2 -25 10 42143 1 
115.65 -28.6742 -180.217 0.293549 2.64194 -80 2 -25 10 42144 1 
115.64 -28.6742 -180.217 0.293549 2.64194 -80 2 -25 10 42145 1 
115.63 -28.6741 -180.217 0.293549 2.64194 -80 2 -25 10 42146 1 
115.62 -28.6741 -180.217 0.293549 2.64194 -80 2 -25 10 42147 1 
115.611 -28.6741 -180.217 0.293549 2.64194 -80 2 -25 10 42148 1 
115.601 -28.674 -180.217 0.293549 2.64194 -80 2 -25 10 42149 1 
115.591 -28.674 -180.217 0.293549 2.64194 -80 2 -25 10 42150 1 
115.581 -28.674 -180.217 0.293549 2.64194 -80 2 -25 10 42151 1 
115.571 -28.6739 -180.217 0.293549 2.64194 -80 2 -25 10 42152 1 
115.562 -28.6739 -180.217 0.293549 2.64194 -80 2 -25 10 42153 1 
115.552 -28.6739 -180.217 0.293549 2.64194 -80 2 -25 10 42154 1 
115.542 -28.6738 -180.217 0.293549 2.64194 -80 2 -25 10 42155 1 
115.532 -28.6738 -180.217 0.293549 2.64194 -80 2 -25 10 42156 1 
115.522 -28.6737 -180.217 0.293549 2.64194 -80 2 -25 10 42157 1 
115.513 -28.6737 -180.217 0.293549 2.64194 -80 2 -25 10 42158 1 
115.503 -28.6737 -180.217 0.293549 2.64194 -80 2 -25 10 42159 1 
115.493 -28.6736 -180.217 0.293549 2.64194 -80 2 -25 10 42160 1 
115.483 -28.6736 -180.217 0.293549 2.64194 -80 2 -25 10 42161 1 
115.473 -28.6736 -180.217 0.293549 2.64194 -80 2 -25 10 42162 1 
115.464 -28.6735 -180.217 0.293549 2.64194 -80 2 -25 10 42163 1 
115.454 -28.6735 -180.217 0.293549 2.64194 -80 2 -25 10 42164 1 
115.444 -28.6735 -180.217 0.293549 2.64194 -80 2 -25 10 42165 1 
115.434 -28.6734 -180.217 0.293549 2.64194 -80 2 -25 10 42166 1 
115.425 -28.6734 -180.217 0.293549 2.64194 -80 2 -25 10 42167 1 
115.415 -28.6733 -180.217 0.293549 2.64194 -80 2 -25 10 42168 1 
115.405 -28.6733 -180.217 0.293549 2.64194 -80 2 -25 10 42169 1 
115.395 -28.6733 -180.217 0.293549 2.64194 -80 2 -25 10 42170 1 
115.385 -28.6732 -180.217 0.293549 2.64194 -80 2 -25 10 42171 1 
115.376 -28.6732 -180.217 0.293549 2.64194 -80 2 -25 10 42172 1 
115.366 -28.6732 -180.217 0.293549 2.64194 -80 2 -25 10 42173 1 
115.356 -28.6731 -180.217 0.293549 2.64194 -80 2 -25 10 42174 1 
115.346 -28.6731 -180.217 0.293549 2.64194 -80 2 -25 10 42175 1 
115.336 -28.6731 -180.217 0.293549 2.64194 -80 2 -25 10 42176 1 
115.327 -28.673 -180.217 0.293549 2.64194 -80 2 -25 10 42177 1 
115.317 -28.673 -180.217 0.293549 2.64194 -80 2 -25 10 42178 1 
115.307 -28.6729 -180.217 0.293549 2.64194 -80 2 -25 10 42179 1 
115.297 -28.6729 -180.217 0.293549 2.64194 -80 2 -25 10 42180 1 
115.287 -28.6729 -180.217 0.293549 2.64194 -80 2 -25 10 42181 1 
115.278 -28.6728 -180.217 0.293549 2.64194 -80 2 -25 10 42182 1 
115.268 -28.6728 -180.217 0.293549 2.64194 -80 2 -25 10 42183 1 
115.258 -28.6728 -180.217 0.293549 2.64194 -80 2 -25 10 42184 1 
115.248 -28.6727 -180.217 0.293549 2.64194 -80 2 -25 10 42185 1 
115.239 -28.6727 -180.217 0.293549 2.64194 -80 2 -25 10 42186 1 
115.229 -28.6727 -180.217 0.293549 2.64194 -80 2 -25 10 42187 1 
115.219 -28.6726 -180.217 0.293549 2.64194 -80 2 -25 10 42188 1 
115.209 -28.6726 -180.217 0.293549 2.64194 -80 2 -25 10 42189 1 
115.199 -28.6725 -180.217 0.293549 2.64194 -80 2 -25 10 42190 1 
115.19 -28.6725 -180.217 0.293549 2.64194 -80 2 -25 10 42191 1 
115.18 -28.6725 -180.217 0.293549 2.64194 -80 2 -25 10 42192 1 
115.17 -28.6724 -180.217 0.293549 2.64194 -80 2 -25 10 42193 1 
115.16 -28.6724 -180.217 0.293549 2.64194 -80 2 -25 10 42194 1 
115.15 -28.6724 -180.217 0.293549 2.64194 -80 2 -25 10 42195 1 
115.141 -28.6723 -180.217 0.293549 2.64194 -80 2 -25 10 42196 1 
115.131 -28.6723 -180.217 0.293549 2.64194 -80 2 -25 10 42197 1 
115.121 -28.6723 -180.217 0.293549 2.64194 -80 2 -25 10 42198 1 
115.111 -28.6722 -180.217 0.293549 2.64194 -80 2 -25 10 42199 1 
115.102 -28.6722 -180.217 0.293549 2.64194 -80 2 -25 10 42200 1 
115.092 -28.6721 -180.217 0.293549 2.64194 -80 2 -25 10 42201 1 
115.082 -28.6721 -180.217 0.293549 2.64194 -80 2 -25 10 42202 1 
115.072 -28.6721 -180.217 0.293549 2.64194 -80 2 -25 10 42203 1 
115.062 -28.672 -180.217 0.293549 2.64194 -80 2 -25 10 42204 1 
115.053 -28.672 -180.217 0.293549 2.64194 -80 2 -25 10 42205 1 
115.043 -28.672 -180.218 0.293549 2.64194 -80 2 -25 10 42206 1 
115.033 -28.6719 -180.218 0.293549 2.64194 -80 2 -25 10 42207 1 
115.023 -28.6719 -180.218 0.293549 2.64194 -80 2 -25 10 42208 1 
115.013 -28.6719 -180.218 0.293549 2.64194 -80 2 -25 10 42209 1 
115.004 -28.6718 -180.218 0.293549 2.64194 -80 2 -25 10 42210 1 
114.994 -28.6718 -180.218 0.293549 2.64194 -80 2 -25 10 42211 1 
114.984 -28.6717 -180.218 0.293549 2.64194 -80 2 -25 10 42212 1 
114.974 -28.6717 -180.218 0.293549 2.64194 -80 2 -25 10 42213 1 
114.964 -28.6717 -180.218 0.293549 2.64194 -80 2 -25 10 42214 1 
114.955 -28.6716 -180.218 0.293549 2.64194 -80 2 -25 10 42215 1 
114.945 -28.6716 -180.218 0.293549 2.64194 -80 2 -25 10 42216 1 
114.935 -28.6716 -180.218 0.293549 2.64194 -80 2 -25 10 42217 1 
114.925 -28.6715 -180.218 0.293549 2.64194 -80 2 -25 10 42218 1 
114.916 -28.6715 -180.218 0.293549 2.64194 -80 2 -25 10 42219 1 
114.906 -28.6715 -180.218 0.293549 2.64194 -80 2 -25 10 42220 1 
114.896 -28.6714 -180.218 0.293549 2.64194 -80 2 -25 10 42221 1 
114.886 -28.6714 -180.218 0.293549 2.64194 -80 2 -25 10 42222 1 
114.876 -28.6714 -180.218 0.293549 2.64194 -80 2 -25 10 42223 1 
114.867 -28.6713 -180.218 0.293549 2.64194 -80 2 -25 10 42224 1 
114.857 -28.6713 -180.218 0.293549 2.64194 -80 2 -25 10 42225 1 
114.847 -28.6712 -180.218 0.293549 2.64194 -80 2 -25 10 42226 1 
114.837 -28.6712 -180.218 0.293549 2.64194 -80 2 -25 10 42227 1 
114.827 -28.6712 -180.218 0.293549 2.64194 -80 2 -25 10 42228 1 
114.818 -28.6711 -180.218 0.293549 2.64194 -80 2 -25 10 42229 1 
114.808 -28.6711 -180.218 0.293549 2.64194 -80 2 -25 10 42230 1 
114.798 -28.6711 -180.218 0.293549 2.64194 -80 2 -25 10 42231 1 
114.788 -28.671 -180.218 0.293549 2.64194 -80 2 -25 10 42232 1 
114.778 -28.671 -180.218 0.293549 2.64194 -80 2 -25 10 42233 1 
114.769 -28.671 -180.218 0.293549 2.64194 -80 2 -25 10 42234 1 
114.759 -28.6709 -180.218 0.293549 2.64194 -80 2 -25 10 42235 1 
114.749 -28.6709 -180.218 0.293549 2.64194 -80 2 -25 10 42236 1 
114.739 -28.6708 -180.218 0.293549 2.64194 -80 2 -25 10 42237 1 
114.73 -28.6708 -180.218 0.293549 2.64194 -80 2 -25 10 42238 1 
114.72 -28.6708 -180.218 0.293549 2.64194 -80 2 -25 10 42239 1 
114.71 -28.6707 -180.218 0.293549 2.64194 -80 2 -25 10 42240 1 
114.7 -28.6707 -180.218 0.293549 2.64194 -80 2 -25 10 42241 1 
114.69 -28.6707 -180.218 0.293549 2.64194 -80 2 -25 10 42242 1 
114.681 -28.6706 -180.218 0.293549 2.64194 -80 2 -25 10 42243 1 
114.671 -28.6706 -180.218 0.293549 2.64194 -80 2 -25 10 42244 1 
114.661 -28.6705 -180.218 0.293549 2.64194 -80 2 -25 10 42245 1 
114.651 -28.6705 -180.218 0.293549 2.64194 -80 2 -25 10 42246 1 
114.641 -28.6705 -180.218 0.293549 2.64194 -80 2 -25 10 42247 1 
114.632 -28.6704 -180.218 0.293549 2.64194 -80 2 -25 10 42248 1 
114.622 -28.6704 -180.218 0.293549 2.64194 -80 2 -25 10 42249 1 
114.612 -28.6703 -180.218 0.293549 2.64194 -80 2 -25 10 42250 1 
114.602 -28.6703 -180.218 0.293549 2.64194 -80 2 -25 10 42251 1 
114.593 -28.6703 -180.218 0.293549 2.64194 -80 2 -25 10 42252 1 
114.583 -28.6702 -180.218 0.293549 2.64194 -80 2 -25 10 42253 1 
114.573 -28.6702 -180.218 0.293549 2.64194 -80 2 -25 10 42254 1 
114.563 -28.6702 -180.218 0.293549 2.64194 -80 2 -25 10 42255 1 
114.553 -28.6701 -180.218 0.293549 2.64194 -80 2 -25 10 42256 1 
114.544 -28.6701 -180.218 0.293549 2.64194 -80 2 -25 10 42257 1 
114.534 -28.67 -180.218 0.293549 2.64194 -80 2 -25 10 42258 1 
114.524 -28.67 -180.218 0.293549 2.64194 -80 2 -25 10 42259 1 
114.514 -28.67 -180.218 0.293549 2.64194 -80 2 -25 10 42260 1 
114.504 -28.6699 -180.218 0.293549 2.64194 -80 2 -25 10 42261 1 
114.495 -28.6699 -180.218 0.293549 2.64194 -80 2 -25 10 42262 1 
114.485 -28.6699 -180.218 0.293549 2.64194 -80 2 -25 10 42263 1 
114.475 -28.6698 -180.218 0.293549 2.64194 -80 2 -25 10 42264 1 
114.465 -28.6698 -180.218 0.293549 2.64194 -80 2 -25 10 42265 1 
114.455 -28.6697 -180.218 0.293549 2.64194 -80 2 -25 10 42266 1 
114.446 -28.6697 -180.218 0.293549 2.64194 -80 2 -25 10 42267 1 
114.436 -28.6697 -180.218 0.293549 2.64194 -80 2 -25 10 42268 1 
114.426 -28.6696 -180.218 0.293549 2.64194 -80 2 -25 10 42269 1 
114.416 -28.6696 -180.218 0.293549 2.64194 -80 2 -25 10 42270 1 
114.407 -28.6695 -180.218 0.293549 2.64194 -80 2 -25 10 42271 1 
114.397 -28.6695 -180.218 0.293549 2.64194 -80 2 -25 10 42272 1 
114.387 -28.6695 -180.218 0.293549 2.64194 -80 2 -25 10 42273 1 
114.377 -28.6694 -180.218 0.293549 2.64194 -80 2 -25 10 42274 1 
114.367 -28.6694 -180.218 0.293549 2.64194 -80 2 -25 10 42275 1 
114.358 -28.6694 -180.218 0.293549 2.64194 -80 2 -25 10 42276 1 
114.348 -28.6693 -180.218 0.293549 2.64194 -80 2 -25 10 42277 1 
114.338 -28.6693 -180.218 0.293549 2.64194 -80 2 -25 10 42278 1 
114.328 -28.6692 -180.218 0.293549 2.64194 -80 2 -25 10 42279 1 
114.318 -28.6692 -180.218 0.293549 2.64194 -80 2 -25 10 42280 1 
114.309 -28.6692 -180.218 0.293549 2.64194 -80 2 -25 10 42281 1 
114.299 -28.6691 -180.218 0.293549 2.64194 -80 2 -25 10 42282 1 
114.289 -28.6691 -180.218 0.293549 2.64194 -80 2 -25 10 42283 1 
114.279 -28.6691 -180.218 0.293549 2.64194 -80 2 -25 10 42284 1 
114.269 -28.669 -180.218 0.293549 2.64194 -80 2 -25 10 42285 1 
114.26 -28.669 -180.218 0.293549 2.64194 -80 2 -25 10 42286 1 
114.25 -28.6689 -180.218 0.293549 2.64194 -80 2 -25 10 42287 1 
114.24 -28.6689 -180.218 0.293549 2.64194 -80 2 -25 10 42288 1 
114.23 -28.6689 -180.218 0.293549 2.64194 -80 2 -25 10 42289 1 
114.221 -28.6688 -180.218 0.293549 2.64194 -80 2 -25 10 42290 1 
114.211 -28.6688 -180.218 0.293549 2.64194 -80 2 -25 10 42291 1 
114.201 -28.6687 -180.218 0.293549 2.64194 -80 2 -25 10 42292 1 
114.191 -28.6687 -180.218 0.293549 2.64194 -80 2 -25 10 42293 1 
114.181 -28.6687 -180.218 0.293549 2.64194 -80 2 -25 10 42294 1 
114.172 -28.6686 -180.218 0.293549 2.64194 -80 2 -25 10 42295 1 
114.162 -28.6686 -180.218 0.293549 2.64194 -80 2 -25 10 42296 1 
114.152 -28.6686 -180.218 0.293549 2.64194 -80 2 -25 10 42297 1 
114.142 -28.6685 -180.218 0.293549 2.64194 -80 2 -25 10 42298 1 
114.132 -28.6685 -180.218 0.293549 2.64194 -80 2 -25 10 42299 1 
114.123 -28.6684 -180.218 0.293549 2.64194 -80 2 -25 10 42300 1 
114.113 -28.6684 -180.218 0.293549 2.64194 -80 2 -25 10 42301 1 
114.103 -28.6684 -180.218 0.293549 2.64194 -80 2 -25 10 42302 1 
114.093 -28.6683 -180.218 0.293549 2.64194 -80 2 -25 10 42303 1 
114.084 -28.6683 -180.218 0.293549 2.64194 -80 2 -25 10 42304 1 
114.074 -28.6682 -180.218 0.293549 2.64194 -80 2 -25 10 42305 1 
114.064 -28.6682 -180.218 0.293549 2.64194 -80 2 -25 10 42306 1 
114.054 -28.6682 -180.218 0.293549 2.64194 -80 2 -25 10 42307 1 
114.044 -28.6681 -180.218 0.293549 2.64194 -80 2 -25 10 42308 1 
114.035 -28.6681 -180.218 0.293549 2.64194 -80 2 -25 10 42309 1 
114.025 -28.6681 -180.218 0.293549 2.64194 -80 2 -25 10 42310 1 
114.015 -28.668 -180.218 0.293549 2.64194 -80 2 -25 10 42311 1 
114.005 -28.668 -180.218 0.293549 2.64194 -80 2 -25 10 42312 1 
113.995 -28.6679 -180.218 0.293549 2.64194 -80 2 -25 10 42313 1 
113.986 -28.6679 -180.218 0.293549 2.64194 -80 2 -25 10 42314 1 
113.976 -28.6679 -180.218 0.293549 2.64194 -80 2 -25 10 42315 1 
113.966 -28.6678 -180.218 0.293549 2.64194 -80 2 -25 10 42316 1 
113.956 -28.6678 -180.218 0.293549 2.64194 -80 2 -25 10 42317 1 
113.946 -28.6678 -180.219 0.293549 2.64194 -80 2 -25 10 42318 1 
113.937 -28.6677 -180.219 0.293549 2.64194 -80 2 -25 10 42319 1 
113.927 -28.6677 -180.219 0.293549 2.64194 -80 2 -25 10 42320 1 
113.917 -28.6676 -180.219 0.293549 2.64194 -80 2 -25 10 42321 1 
113.907 -28.6676 -180.219 0.293549 2.64194 -80 2 -25 10 42322 1 
113.898 -28.6676 -180.219 0.293549 2.64194 -80 2 -25 10 42323 1 
113.888 -28.6675 -180.219 0.293549 2.64194 -80 2 -25 10 42324 1 
113.878 -28.6675 -180.219 0.293549 2.64194 -80 2 -25 10 42325 1 
113.868 -28.6674 -180.219 0.293549 2.64194 -80 2 -25 10 42326 1 
113.858 -28.6674 -180.219 0.293549 2.64194 -80 2 -25 10 42327 1 
113.849 -28.6674 -180.219 0.293549 2.64194 -80 2 -25 10 42328 1 
113.839 -28.6673 -180.219 0.293549 2.64194 -80 2 -25 10 42329 1 
113.829 -28.6673 -180.219 0.293549 2.64194 -80 2 -25 10 42330 1 
113.819 -28.6673 -180.219 0.293549 2.64194 -80 2 -25 10 42331 1 
113.809 -28.6672 -180.219 0.293549 2.64194 -80 2 -25 10 42332 1 
113.8 -28.6672 -180.219 0.293549 2.64194 -80 2 -25 10 42333 1 
113.79 -28.6671 -180.219 0.293549 2.64194 -80 2 -25 10 42334 1 
113.78 -28.6671 -180.219 0.293549 2.64194 -80 2 -25 10 42335 1 
113.77 -28.6671 -180.219 0.293549 2.64194 -80 2 -25 10 42336 1 
113.76 -28.667 -180.219 0.293549 2.64194 -80 2 -25 10 42337 1 
113.751 -28.667 -180.219 0.293549 2.64194 -80 2 -25 10 42338 1 
113.741 -28.667 -180.219 0.293549 2.64194 -80 2 -25 10 42339 1 
113.731 -28.6669 -180.219 0.293549 2.64194 -80 2 -25 10 42340 1 
113.721 -28.6669 -180.219 0.293549 2.64194 -80 2 -25 10 42341 1 
113.712 -28.6668 -180.219 0.293549 2.64194 -80 2 -25 10 42342 1 
113.702 -28.6668 -180.219 0.293549 2.64194 -80 2 -25 10 42343 1 
113.692 -28.6668 -180.219 0.293549 2.64194 -80 2 -25 10 42344 1 
113.682 -28.6667 -180.219 0.293549 2.64194 -80 2 -25 10 42345 1 
113.672 -28.6667 -180.219 0.293549 2.64194 -80 2 -25 10 42346 1 
113.663 -28.6666 -180.219 0.293549 2.64194 -80 2 -25 10 42347 1 
113.653 -28.6666 -180.219 0.293549 2.64194 -80 2 -25 10 42348 1 
113.643 -28.6666 -180.219 0.293549 2.64194 -80 2 -25 10 42349 1 
113.633 -28.6665 -180.219 0.293549 2.64194 -80 2 -25 10 42350 1 
113.623 -28.6665 -180.219 0.293549 2.64194 -80 2 -25 10 42351 1 
113.614 -28.6665 -180.219 0.293549 2.64194 -80 2 -25 10 42352 1 
113.604 -28.6664 -180.219 0.293549 2.64194 -80 2 -25 10 42353 1 
113.594 -28.6664 -180.219 0.293549 2.64194 -80 2 -25 10 42354 1 
113.584 -28.6663 -180.219 0.293549 2.64194 -80 2 -25 10 42355 1 
113.575 -28.6663 -180.219 0.293549 2.64194 -80 2 -25 10 42356 1 
113.565 -28.6663 -180.219 0.293549 2.64194 -80 2 -25 10 42357 1 
113.555 -28.6662 -180.219 0.293549 2.64194 -80 2 -25 10 42358 1 
113.545 -28.6662 -180.219 0.293549 2.64194 -80 2 -25 10 42359 1 
113.535 -28.6662 -180.219 0.293549 2.64194 -80 2 -25 10 42360 1 
113.526 -28.6661 -180.219 0.293549 2.64194 -80 2 -25 10 42361 1 
113.516 -28.6661 -180.219 0.293549 2.64194 -80 2 -25 10 42362 1 
113.506 -28.666 -180.219 0.293549 2.64194 -80 2 -25 10 42363 1 
113.496 -28.666 -180.219 0.293549 2.64194 -80 2 -25 10 42364 1 
113.486 -28.666 -180.219 0.293549 2.64194 -80 2 -25 10 42365 1 
113.477 -28.6659 -180.219 0.293549 2.64194 -80 2 -25 10 42366 1 
113.467 -28.6659 -180.219 0.293549 2.64194 -80 2 -25 10 42367 1 
113.457 -28.6658 -180.219 0.293549 2.64194 -80 2 -25 10 42368 1 
113.447 -28.6658 -180.219 0.293549 2.64194 -80 2 -25 10 42369 1 
113.437 -28.6658 -180.219 0.293549 2.64194 -80 2 -25 10 42370 1 
113.428 -28.6657 -180.219 0.293549 2.64194 -80 2 -25 10 42371 1 
113.418 -28.6657 -180.219 0.293549 2.64194 -80 2 -25 10 42372 1 
113.408 -28.6657 -180.219 0.293549 2.64194 -80 2 -25 10 42373 1 
113.398 -28.6656 -180.219 0.293549 2.64194 -80 2 -25 10 42374 1 
113.389 -28.6656 -180.219 0.293549 2.64194 -80 2 -25 10 42375 1 
113.379 -28.6655 -180.219 0.293549 2.64194 -80 2 -25 10 42376 1 
113.369 -28.6655 -180.219 0.293549 2.64194 -80 2 -25 10 42377 1 
113.359 -28.6655 -180.219 0.293549 2.64194 -80 2 -25 10 42378 1 
113.349 -28.6654 -180.219 0.293549 2.64194 -80 2 -25 10 42379 1 
113.34 -28.6654 -180.219 0.293549 2.64194 -80 2 -25 10 42380 1 
113.33 -28.6653 -180.219 0.293549 2.64194 -80 2 -25 10 42381 1 
113.32 -28.6653 -180.219 0.293549 2.64194 -80 2 -25 10 42382 1 
113.31 -28.6653 -180.219 0.293549 2.64194 -80 2 -25 10 42383 1 
113.3 -28.6652 -180.219 0.293549 2.64194 -80 2 -25 10 42384 1 
113.291 -28.6652 -180.219 0.293549 2.64194 -80 2 -25 10 42385 1 
113.281 -28.6652 -180.219 0.293549 2.64194 -80 2 -25 10 42386 1 
113.271 -28.6651 -180.219 0.293549 2.64194 -80 2 -25 10 42387 1 
113.261 -28.6651 -180.219 0.293549 2.64194 -80 2 -25 10 42388 1 
113.251 -28.665 -180.219 0.293549 2.64194 -80 2 -25 10 42389 1 
113.242 -28.665 -180.219 0.293549 2.64194 -80 2 -25 10 42390 1 
113.232 -28.665 -180.219 0.293549 2.64194 -80 2 -25 10 42391 1 
113.222 -28.6649 -180.219 0.293549 2.64194 -80 2 -25 10 42392 1 
113.212 -28.6649 -180.219 0.293549 2.64194 -80 2 -25 10 42393 1 
113.203 -28.6649 -180.219 0.293549 2.64194 -80 2 -25 10 42394 1 
113.193 -28.6648 -180.219 0.293549 2.64194 -80 2 -25 10 42395 1 
113.183 -28.6648 -180.219 0.293549 2.64194 -80 2 -25 10 42396 1 
113.173 -28.6647 -180.219 0.293549 2.64194 -80 2 -25 10 42397 1 
113.163 -28.6647 -180.219 0.293549 2.64194 -80 2 -25 10 42398 1 
113.154 -28.6647 -180.219 0.293549 2.64194 -80 2 -25 10 42399 1 
113.144 -28.6646 -180.219 0.293549 2.64194 -80 2 -25 10 42400 1 
113.134 -28.6646 -180.219 0.293549 2.64194 -80 2 -25 10 42401 1 
113.124 -28.6645 -180.219 0.293549 2.64194 -80 2 -25 10 42402 1 
113.114 -28.6645 -180.219 0.293549 2.64194 -80 2 -25 10 42403 1 
113.105 -28.6645 -180.219 0.293549 2.64194 -80 2 -25 10 42404 1 
113.095 -28.6644 -180.219 0.293549 2.64194 -80 2 -25 10 42405 1 
113.085 -28.6644 -180.219 0.293549 2.64194 -80 2 -25 10 42406 1 
113.075 -28.6644 -180.219 0.293549 2.64194 -80 2 -25 10 42407 1 
113.066 -28.6643 -180.219 0.293549 2.64194 -80 2 -25 10 42408 1 
113.056 -28.6643 -180.219 0.293549 2.64194 -80 2 -25 10 42409 1 
113.046 -28.6642 -180.219 0.293549 2.64194 -80 2 -25 10 42410 1 
113.036 -28.6642 -180.219 0.293549 2.64194 -80 2 -25 10 42411 1 
113.026 -28.6642 -180.219 0.293549 2.64194 -80 2 -25 10 42412 1 
113.017 -28.6641 -180.219 0.293549 2.64194 -80 2 -25 10 42413 1 
113.007 -28.6641 -180.219 0.293549 2.64194 -80 2 -25 10 42414 1 
112.997 -28.6641 -180.219 0.293549 2.64194 -80 2 -25 10 42415 1 
112.987 -28.664 -180.219 0.293549 2.64194 -80 2 -25 10 42416 1 
112.977 -28.664 -180.219 0.293549 2.64194 -80 2 -25 10 42417 1 
112.968 -28.6639 -180.219 0.293549 2.64194 -80 2 -25 10 42418 1 
112.958 -28.6639 -180.219 0.293549 2.64194 -80 2 -25 10 42419 1 
112.948 -28.6639 -180.219 0.293549 2.64194 -80 2 -25 10 42420 1 
112.938 -28.6638 -180.219 0.293549 2.64194 -80 2 -25 10 42421 1 
112.928 -28.6638 -180.219 0.293549 2.64194 -80 2 -25 10 42422 1 
112.919 -28.6637 -180.219 0.293549 2.64194 -80 2 -25 10 42423 1 
112.909 -28.6637 -180.219 0.293549 2.64194 -80 2 -25 10 42424 1 
112.899 -28.6637 -180.219 0.293549 2.64194 -80 2 -25 10 42425 1 
112.889 -28.6636 -180.219 0.293549 2.64194 -80 2 -25 10 42426 1 
112.88 -28.6636 -180.219 0.293549 2.64194 -80 2 -25 10 42427 1 
112.87 -28.6636 -180.219 0.293549 2.64194 -80 2 -25 10 42428 1 
112.86 -28.6635 -180.219 0.293549 2.64194 -80 2 -25 10 42429 1 
112.85 -28.6635 -180.219 0.293549 2.64194 -80 2 -25 10 42430 1 
112.84 -28.6634 -180.22 0.293549 2.64194 -80 2 -25 10 42431 1 
112.831 -28.6634 -180.22 0.293549 2.64194 -80 2 -25 10 42432 1 
112.821 -28.6634 -180.22 0.293549 2.64194 -80 2 -25 10 42433 1 
112.811 -28.6633 -180.22 0.293549 2.64194 -80 2 -25 10 42434 1 
112.801 -28.6633 -180.22 0.293549 2.64194 -80 2 -25 10 42435 1 
112.791 -28.6633 -180.22 0.293549 2.64194 -80 2 -25 10 42436 1 
112.782 -28.6632 -180.22 0.293549 2.64194 -80 2 -25 10 42437 1 
112.772 -28.6632 -180.22 0.293549 2.64194 -80 2 -25 10 42438 1 
112.762 -28.6631 -180.22 0.293549 2.64194 -80 2 -25 10 42439 1 
112.752 -28.6631 -180.22 0.293549 2.64194 -80 2 -25 10 42440 1 
112.742 -28.6631 -180.22 0.293549 2.64194 -80 2 -25 10 42441 1 
112.733 -28.663 -180.22 0.293549 2.64194 -80 2 -25 10 42442 1 
112.723 -28.663 -180.22 0.293549 2.64194 -80 2 -25 10 42443 1 
112.713 -28.6629 -180.22 0.293549 2.64194 -80 2 -25 10 42444 1 
112.703 -28.6629 -180.22 0.293549 2.64194 -80 2 -25 10 42445 1 
112.694 -28.6629 -180.22 0.293549 2.64194 -80 2 -25 10 42446 1 
112.684 -28.6628 -180.22 0.293549 2.64194 -80 2 -25 10 42447 1 
112.674 -28.6628 -180.22 0.293549 2.64194 -80 2 -25 10 42448 1 
112.664 -28.6628 -180.22 0.293549 2.64194 -80 2 -25 10 42449 1 
112.654 -28.6627 -180.22 0.293549 2.64194 -80 2 -25 10 42450 1 
112.645 -28.6627 -180.22 0.293549 2.64194 -80 2 -25 10 42451 1 
112.635 -28.6626 -180.22 0.293549 2.64194 -80 2 -25 10 42452 1 
112.625 -28.6626 -180.22 0.293549 2.64194 -80 2 -25 10 42453 1 
112.615 -28.6626 -180.22 0.293549 2.64194 -80 2 -25 10 42454 1 
112.605 -28.6625 -180.22 0.293549 2.64194 -80 2 -25 10 42455 1 
112.596 -28.6625 -180.22 0.293549 2.64194 -80 2 -25 10 42456 1 
112.586 -28.6625 -180.22 0.293549 2.64194 -80 2 -25 10 42457 1 
112.576 -28.6624 -180.22 0.293549 2.64194 -80 2 -25 10 42458 1 
112.566 -28.6624 -180.22 0.293549 2.64194 -80 2 -25 10 42459 1 
112.557 -28.6623 -180.22 0.293549 2.64194 -80 2 -25 10 42460 1 
112.547 -28.6623 -180.22 0.293549 2.64194 -80 2 -25 10 42461 1 
112.537 -28.6623 -180.22 0.293549 2.64194 -80 2 -25 10 42462 1 
112.527 -28.6622 -180.22 0.293549 2.64194 -80 2 -25 10 42463 1 
112.517 -28.6622 -180.22 0.293549 2.64194 -80 2 -25 10 42464 1 
112.508 -28.6621 -180.22 0.293549 2.64194 -80 2 -25 10 42465 1 
112.498 -28.6621 -180.22 0.293549 2.64194 -80 2 -25 10 42466 1 
112.488 -28.6621 -180.22 0.293549 2.64194 -80 2 -25 10 42467 1 
112.478 -28.662 -180.22 0.293549 2.64194 -80 2 -25 10 42468 1 
112.468 -28.662 -180.22 0.293549 2.64194 -80 2 -25 10 42469 1 
112.459 -28.662 -180.22 0.293549 2.64194 -80 2 -25 10 42470 1 
112.449 -28.6619 -180.22 0.293549 2.64194 -80 2 -25 10 42471 1 
112.439 -28.6619 -180.22 0.293549 2.64194 -80 2 -25 10 42472 1 
112.429 -28.6618 -180.22 0.293549 2.64194 -80 2 -25 10 42473 1 
112.419 -28.6618 -180.22 0.293549 2.64194 -80 2 -25 10 42474 1 
112.41 -28.6618 -180.22 0.293549 2.64194 -80 2 -25 10 42475 1 
112.4 -28.6617 -180.22 0.293549 2.64194 -80 2 -25 10 42476 1 
112.39 -28.6617 -180.22 0.293549 2.64194 -80 2 -25 10 42477 1 
112.38 -28.6616 -180.22 0.293549 2.64194 -80 2 -25 10 42478 1 
112.371 -28.6616 -180.22 0.293549 2.64194 -80 2 -25 10 42479 1 
112.361 -28.6616 -180.22 0.293549 2.64194 -80 2 -25 10 42480 1 
112.351 -28.6615 -180.22 0.293549 2.64194 -80 2 -25 10 42481 1 
112.341 -28.6615 -180.22 0.293549 2.64194 -80 2 -25 10 42482 1 
112.331 -28.6615 -180.22 0.293549 2.64194 -80 2 -25 10 42483 1 
112.322 -28.6614 -180.22 0.293549 2.64194 -80 2 -25 10 42484 1 
112.312 -28.6614 -180.22 0.293549 2.64194 -80 2 -25 10 42485 1 
112.302 -28.6613 -180.22 0.293549 2.64194 -80 2 -25 10 42486 1 
112.292 -28.6613 -180.22 0.293549 2.64194 -80 2 -25 10 42487 1 
112.282 -28.6613 -180.22 0.293549 2.64194 -80 2 -25 10 42488 1 
112.273 -28.6612 -180.22 0.293549 2.64194 -80 2 -25 10 42489 1 
112.263 -28.6612 -180.22 0.293549 2.64194 -80 2 -25 10 42490 1 
112.253 -28.6612 -180.22 0.293549 2.64194 -80 2 -25 10 42491 1 
112.243 -28.6611 -180.22 0.293549 2.64194 -80 2 -25 10 42492 1 
112.233 -28.6611 -180.22 0.293549 2.64194 -80 2 -25 10 42493 1 
112.224 -28.661 -180.22 0.293549 2.64194 -80 2 -25 10 42494 1 
112.214 -28.661 -180.22 0.293549 2.64194 -80 2 -25 10 42495 1 
112.204 -28.661 -180.22 0.293549 2.64194 -80 2 -25 10 42496 1 
112.194 -28.6609 -180.22 0.293549 2.64194 -80 2 -25 10 42497 1 
112.185 -28.6609 -180.22 0.293549 2.64194 -80 2 -25 10 42498 1 
112.175 -28.6608 -180.22 0.293549 2.64194 -80 2 -25 10 42499 1 
112.165 -28.6608 -180.22 0.293549 2.64194 -80 2 -25 10 42500 1 
112.155 -28.6608 -180.22 0.293549 2.64194 -80 2 -25 10 42501 1 
112.145 -28.6607 -180.22 0.293549 2.64194 -80 2 -25 10 42502 1 
112.136 -28.6607 -180.22 0.293549 2.64194 -80 2 -25 10 42503 1 
112.126 -28.6607 -180.22 0.293549 2.64194 -80 2 -25 10 42504 1 
112.116 -28.6606 -180.22 0.293549 2.64194 -80 2 -25 10 42505 1 
112.106 -28.6606 -180.22 0.293549 2.64194 -80 2 -25 10 42506 1 
112.096 -28.6605 -180.22 0.293549 2.64194 -80 2 -25 10 42507 1 
112.087 -28.6605 -180.22 0.293549 2.64194 -80 2 -25 10 42508 1 
112.077 -28.6605 -180.22 0.293549 2.64194 -80 2 -25 10 42509 1 
112.067 -28.6604 -180.22 0.293549 2.64194 -80 2 -25 10 42510 1 
112.057 -28.6604 -180.22 0.293549 2.64194 -80 2 -25 10 42511 1 
112.048 -28.6604 -180.22 0.293549 2.64194 -80 2 -25 10 42512 1 
112.038 -28.6603 -180.22 0.293549 2.64194 -80 2 -25 10 42513 1 
112.028 -28.6603 -180.22 0.293549 2.64194 -80 2 -25 10 42514 1 
112.018 -28.6602 -180.22 0.293549 2.64194 -80 2 -25 10 42515 1 
112.008 -28.6602 -180.22 0.293549 2.64194 -80 2 -25 10 42516 1 
111.999 -28.6602 -180.22 0.293549 2.64194 -80 2 -25 10 42517 1 
111.989 -28.6601 -180.22 0.293549 2.64194 -80 2 -25 10 42518 1 
111.979 -28.6601 -180.22 0.293549 2.64194 -80 2 -25 10 42519 1 
111.969 -28.66 -180.22 0.293549 2.64194 -80 2 -25 10 42520 1 
111.959 -28.66 -180.22 0.293549 2.64194 -80 2 -25 10 42521 1 
111.95 -28.66 -180.22 0.293549 2.64194 -80 2 -25 10 42522 1 
111.94 -28.6599 -180.22 0.293549 2.64194 -80 2 -25 10 42523 1 
111.93 -28.6599 -180.22 0.293549 2.64194 -80 2 -25 10 42524 1 
111.92 -28.6599 -180.22 0.293549 2.64194 -80 2 -25 10 42525 1 
111.91 -28.6598 -180.22 0.293549 2.64194 -80 2 -25 10 42526 1 
111.901 -28.6598 -180.22 0.293549 2.64194 -80 2 -25 10 42527 1 
111.891 -28.6597 -180.22 0.293549 2.64194 -80 2 -25 10 42528 1 
111.881 -28.6597 -180.22 0.293549 2.64194 -80 2 -25 10 42529 1 
111.871 -28.6597 -180.22 0.293549 2.64194 -80 2 -25 10 42530 1 
111.862 -28.6596 -180.22 0.293549 2.64194 -80 2 -25 10 42531 1 
111.852 -28.6596 -180.22 0.293549 2.64194 -80 2 -25 10 42532 1 
111.842 -28.6596 -180.22 0.293549 2.64194 -80 2 -25 10 42533 1 
111.832 -28.6595 -180.22 0.293549 2.64194 -80 2 -25 10 42534 1 
111.822 -28.6595 -180.22 0.293549 2.64194 -80 2 -25 10 42535 1 
111.813 -28.6594 -180.22 0.293549 2.64194 -80 2 -25 10 42536 1 
111.803 -28.6594 -180.22 0.293549 2.64194 -80 2 -25 10 42537 1 
111.793 -28.6594 -180.22 0.293549 2.64194 -80 2 -25 10 42538 1 
111.783 -28.6593 -180.22 0.293549 2.64194 -80 2 -25 10 42539 1 
111.773 -28.6593 -180.221 0.293549 2.64194 -80 2 -25 10 42540 1 
111.764 -28.6592 -180.221 0.293549 2.64194 -80 2 -25 10 42541 1 
111.754 -28.6592 -180.221 0.293549 2.64194 -80 2 -25 10 42542 1 
111.744 -28.6592 -180.221 0.293549 2.64194 -80 2 -25 10 42543 1 
111.734 -28.6591 -180.221 0.293549 2.64194 -80 2 -25 10 42544 1 
111.724 -28.6591 -180.221 0.293549 2.64194 -80 2 -25 10 42545 1 
111.715 -28.6591 -180.221 0.293549 2.64194 -80 2 -25 10 42546 1 
111.705 -28.659 -180.221 0.293549 2.64194 -80 2 -25 10 42547 1 
111.695 -28.659 -180.221 0.293549 2.64194 -80 2 -25 10 42548 1 
111.685 -28.6589 -180.221 0.293549 2.64194 -80 2 -25 10 42549 1 
111.676 -28.6589 -180.221 0.293549 2.64194 -80 2 -25 10 42550 1 
111.666 -28.6589 -180.221 0.293549 2.64194 -80 2 -25 10 42551 1 
111.656 -28.6588 -180.221 0.293549 2.64194 -80 2 -25 10 42552 1 
111.646 -28.6588 -180.221 0.293549 2.64194 -80 2 -25 10 42553 1 
111.636 -28.6588 -180.221 0.293549 2.64194 -80 2 -25 10 42554 1 
111.627 -28.6587 -180.221 0.293549 2.64194 -80 2 -25 10 42555 1 
111.617 -28.6587 -180.221 0.293549 2.64194 -80 2 -25 10 42556 1 
111.607 -28.6586 -180.221 0.293549 2.64194 -80 2 -25 10 42557 1 
111.597 -28.6586 -180.221 0.293549 2.64194 -80 2 -25 10 42558 1 
111.587 -28.6586 -180.221 0.293549 2.64194 -80 2 -25 10 42559 1 
111.578 -28.6585 -180.221 0.293549 2.64194 -80 2 -25 10 42560 1 
111.568 -28.6585 -180.221 0.293549 2.64194 -80 2 -25 10 42561 1 
111.558 -28.6584 -180.221 0.293549 2.64194 -80 2 -25 10 42562 1 
111.548 -28.6584 -180.221 0.293549 2.64194 -80 2 -25 10 42563 1 
111.538 -28.6584 -180.221 0.293549 2.64194 -80 2 -25 10 42564 1 
111.529 -28.6583 -180.221 0.293549 2.64194 -80 2 -25 10 42565 1 
111.519 -28.6583 -180.221 0.293549 2.64194 -80 2 -25 10 42566 1 
111.509 -28.6583 -180.221 0.293549 2.64194 -80 2 -25 10 42567 1 
111.499 -28.6582 -180.221 0.293549 2.64194 -80 2 -25 10 42568 1 
111.49 -28.6582 -180.221 0.293549 2.64194 -80 2 -25 10 42569 1 
111.48 -28.6581 -180.221 0.293549 2.64194 -80 2 -25 10 42570 1 
111.47 -28.6581 -180.221 0.293549 2.64194 -80 2 -25 10 42571 1 
111.46 -28.6581 -180.221 0.293549 2.64194 -80 2 -25 10 42572 1 
111.45 -28.658 -180.221 0.293549 2.64194 -80 2 -25 10 42573 1 
111.441 -28.658 -180.221 0.293549 2.64194 -80 2 -25 10 42574 1 
111.431 -28.6579 -180.221 0.293549 2.64194 -80 2 -25 10 42575 1 
111.421 -28.6579 -180.221 0.293549 2.64194 -80 2 -25 10 42576 1 
111.411 -28.6579 -180.221 0.293549 2.64194 -80 2 -25 10 42577 1 
111.401 -28.6578 -180.221 0.293549 2.64194 -80 2 -25 10 42578 1 
111.392 -28.6578 -180.221 0.293549 2.64194 -80 2 -25 10 42579 1 
111.382 -28.6578 -180.221 0.293549 2.64194 -80 2 -25 10 42580 1 
111.372 -28.6577 -180.221 0.293549 2.64194 -80 2 -25 10 42581 1 
111.362 -28.6577 -180.221 0.293549 2.64194 -80 2 -25 10 42582 1 
111.353 -28.6576 -180.221 0.293549 2.64194 -80 2 -25 10 42583 1 
111.343 -28.6576 -180.221 0.293549 2.64194 -80 2 -25 10 42584 1 
111.333 -28.6576 -180.221 0.293549 2.64194 -80 2 -25 10 42585 1 
111.323 -28.6575 -180.221 0.293549 2.64194 -80 2 -25 10 42586 1 
111.313 -28.6575 -180.221 0.293549 2.64194 -80 2 -25 10 42587 1 
111.304 -28.6575 -180.221 0.293549 2.64194 -80 2 -25 10 42588 1 
111.294 -28.6574 -180.221 0.293549 2.64194 -80 2 -25 10 42589 1 
111.284 -28.6574 -180.221 0.293549 2.64194 -80 2 -25 10 42590 1 
111.274 -28.6573 -180.221 0.293549 2.64194 -80 2 -25 10 42591 1 
111.264 -28.6573 -180.221 0.293549 2.64194 -80 2 -25 10 42592 1 
111.255 -28.6573 -180.221 0.293549 2.64194 -80 2 -25 10 42593 1 
111.245 -28.6572 -180.221 0.293549 2.64194 -80 2 -25 10 42594 1 
111.235 -28.6572 -180.221 0.293549 2.64194 -80 2 -25 10 42595 1 
111.225 -28.6571 -180.221 0.293549 2.64194 -80 2 -25 10 42596 1 
111.215 -28.6571 -180.221 0.293549 2.64194 -80 2 -25 10 42597 1 
111.206 -28.6571 -180.221 0.293549 2.64194 -80 2 -25 10 42598 1 
111.196 -28.657 -180.221 0.293549 2.64194 -80 2 -25 10 42599 1 
111.186 -28.657 -180.221 0.293549 2.64194 -80 2 -25 10 42600 1 
111.176 -28.657 -180.221 0.293549 2.64194 -80 2 -25 10 42601 1 
111.167 -28.6569 -180.221 0.293549 2.64194 -80 2 -25 10 42602 1 
111.157 -28.6569 -180.221 0.293549 2.64194 -80 2 -25 10 42603 1 
111.147 -28.6568 -180.221 0.293549 2.64194 -80 2 -25 10 42604 1 
111.137 -28.6568 -180.221 0.293549 2.64194 -80 2 -25 10 42605 1 
111.127 -28.6568 -180.221 0.293549 2.64194 -80 2 -25 10 42606 1 
111.118 -28.6567 -180.221 0.293549 2.64194 -80 2 -25 10 42607 1 
111.108 -28.6567 -180.221 0.293549 2.64194 -80 2 -25 10 42608 1 
111.098 -28.6567 -180.221 0.293549 2.64194 -80 2 -25 10 42609 1 
111.088 -28.6566 -180.221 0.293549 2.64194 -80 2 -25 10 42610 1 
111.078 -28.6566 -180.221 0.293549 2.64194 -80 2 -25 10 42611 1 
111.069 -28.6565 -180.221 0.293549 2.64194 -80 2 -25 10 42612 1 
111.059 -28.6565 -180.221 0.293549 2.64194 -80 2 -25 10 42613 1 
111.049 -28.6565 -180.221 0.293549 2.64194 -80 2 -25 10 42614 1 
111.039 -28.6564 -180.221 0.293549 2.64194 -80 2 -25 10 42615 1 
111.029 -28.6564 -180.221 0.293549 2.64194 -80 2 -25 10 42616 1 
111.02 -28.6563 -180.221 0.293549 2.64194 -80 2 -25 10 42617 1 
111.01 -28.6563 -180.221 0.293549 2.64194 -80 2 -25 10 42618 1 
111 -28.6563 -180.221 0.293549 2.64194 -80 2 -25 10 42619 1 
110.99 -28.6562 -180.221 0.293549 2.64194 -80 2 -25 10 42620 1 
110.981 -28.6562 -180.221 0.293549 2.64194 -80 2 -25 10 42621 1 
110.971 -28.6562 -180.221 0.293549 2.64194 -80 2 -25 10 42622 1 
110.961 -28.6561 -180.221 0.293549 2.64194 -80 2 -25 10 42623 1 
110.951 -28.6561 -180.221 0.293549 2.64194 -80 2 -25 10 42624 1 
110.941 -28.656 -180.221 0.293549 2.64194 -80 2 -25 10 42625 1 
110.932 -28.656 -180.221 0.293549 2.64194 -80 2 -25 10 42626 1 
110.922 -28.656 -180.221 0.293549 2.64194 -80 2 -25 10 42627 1 
110.912 -28.6559 -180.221 0.293549 2.64194 -80 2 -25 10 42628 1 
110.902 -28.6559 -180.221 0.293549 2.64194 -80 2 -25 10 42629 1 
110.892 -28.6559 -180.221 0.293549 2.64194 -80 2 -25 10 42630 1 
110.883 -28.6558 -180.221 0.293549 2.64194 -80 2 -25 10 42631 1 
110.873 -28.6558 -180.221 0.293549 2.64194 -80 2 -25 10 42632 1 
110.863 -28.6557 -180.221 0.293549 2.64194 -80 2 -25 10 42633 1 
110.853 -28.6557 -180.221 0.293549 2.64194 -80 2 -25 10 42634 1 
110.844 -28.6557 -180.221 0.293549 2.64194 -80 2 -25 10 42635 1 
110.834 -28.6556 -180.221 0.293549 2.64194 -80 2 -25 10 42636 1 
110.824 -28.6556 -180.221 0.293549 2.64194 -80 2 -25 10 42637 1 
110.814 -28.6555 -180.221 0.293549 2.64194 -80 2 -25 10 42638 1 
110.804 -28.6555 -180.221 0.293549 2.64194 -80 2 -25 10 42639 1 
110.795 -28.6555 -180.221 0.293549 2.64194 -80 2 -25 10 42640 1 
110.785 -28.6554 -180.221 0.293549 2.64194 -80 2 -25 10 42641 1 
110.775 -28.6554 -180.221 0.293549 2.64194 -80 2 -25 10 42642 1 
110.765 -28.6554 -180.221 0.293549 2.64194 -80 2 -25 10 42643 1 
110.755 -28.6553 -180.221 0.293549 2.64194 -80 2 -25 10 42644 1 
110.746 -28.6553 -180.221 0.293549 2.64194 -80 2 -25 10 42645 1 
110.736 -28.6552 -180.221 0.293549 2.64194 -80 2 -25 10 42646 1 
110.726 -28.6552 -180.221 0.293549 2.64194 -80 2 -25 10 42647 1 
110.716 -28.6552 -180.221 0.293549 2.64194 -80 2 -25 10 42648 1 
110.706 -28.6551 -180.221 0.293549 2.64194 -80 2 -25 10 42649 1 
110.697 -28.6551 -180.222 0.293549 2.64194 -80 2 -25 10 42650 1 
110.687 -28.6551 -180.222 0.293549 2.64194 -80 2 -25 10 42651 1 
110.677 -28.655 -180.222 0.293549 2.64194 -80 2 -25 10 42652 1 
110.667 -28.655 -180.222 0.293549 2.64194 -80 2 -25 10 42653 1 
110.658 -28.6549 -180.222 0.293549 2.64194 -80 2 -25 10 42654 1 
110.648 -28.6549 -180.222 0.293549 2.64194 -80 2 -25 10 42655 1 
110.638 -28.6549 -180.222 0.293549 2.64194 -80 2 -25 10 42656 1 
110.628 -28.6548 -180.222 0.293549 2.64194 -80 2 -25 10 42657 1 
110.618 -28.6548 -180.222 0.293549 2.64194 -80 2 -25 10 42658 1 
110.609 -28.6547 -180.222 0.293549 2.64194 -80 2 -25 10 42659 1 
110.599 -28.6547 -180.222 0.293549 2.64194 -80 2 -25 10 42660 1 
110.589 -28.6547 -180.222 0.293549 2.64194 -80 2 -25 10 42661 1 
110.579 -28.6546 -180.222 0.293549 2.64194 -80 2 -25 10 42662 1 
110.569 -28.6546 -180.222 0.293549 2.64194 -80 2 -25 10 42663 1 
110.56 -28.6546 -180.222 0.293549 2.64194 -80 2 -25 10 42664 1 
110.55 -28.6545 -180.222 0.293549 2.64194 -80 2 -25 10 42665 1 
110.54 -28.6545 -180.222 0.293549 2.64194 -80 2 -25 10 42666 1 
110.53 -28.6544 -180.222 0.293549 2.64194 -80 2 -25 10 42667 1 
110.52 -28.6544 -180.222 0.293549 2.64194 -80 2 -25 10 42668 1 
110.511 -28.6544 -180.222 0.293549 2.64194 -80 2 -25 10 42669 1 
110.501 -28.6543 -180.222 0.293549 2.64194 -80 2 -25 10 42670 1 
110.491 -28.6543 -180.222 0.293549 2.64194 -80 2 -25 10 42671 1 
110.481 -28.6542 -180.222 0.293549 2.64194 -80 2 -25 10 42672 1 
110.472 -28.6542 -180.222 0.293549 2.64194 -80 2 -25 10 42673 1 
110.462 -28.6542 -180.222 0.293549 2.64194 -80 2 -25 10 42674 1 
110.452 -28.6541 -180.222 0.293549 2.64194 -80 2 -25 10 42675 1 
110.442 -28.6541 -180.222 0.293549 2.64194 -80 2 -25 10 42676 1 
110.432 -28.6541 -180.222 0.293549 2.64194 -80 2 -25 10 42677 1 
110.423 -28.654 -180.222 0.293549 2.64194 -80 2 -25 10 42678 1 
110.413 -28.654 -180.222 0.293549 2.64194 -80 2 -25 10 42679 1 
110.403 -28.6539 -180.222 0.293549 2.64194 -80 2 -25 10 42680 1 
110.393 -28.6539 -180.222 0.293549 2.64194 -80 2 -25 10 42681 1 
110.383 -28.6539 -180.222 0.293549 2.64194 -80 2 -25 10 42682 1 
110.374 -28.6538 -180.222 0.293549 2.64194 -80 2 -25 10 42683 1 
110.364 -28.6538 -180.222 0.293549 2.64194 -80 2 -25 10 42684 1 
110.354 -28.6538 -180.222 0.293549 2.64194 -80 2 -25 10 42685 1 
110.344 -28.6537 -180.222 0.293549 2.64194 -80 2 -25 10 42686 1 
110.335 -28.6537 -180.222 0.293549 2.64194 -80 2 -25 10 42687 1 
110.325 -28.6536 -180.222 0.293549 2.64194 -80 2 -25 10 42688 1 
110.315 -28.6536 -180.222 0.293549 2.64194 -80 2 -25 10 42689 1 
110.305 -28.6536 -180.222 0.293549 2.64194 -80 2 -25 10 42690 1 
110.295 -28.6535 -180.222 0.293549 2.64194 -80 2 -25 10 42691 1 
110.286 -28.6535 -180.222 0.293549 2.64194 -80 2 -25 10 42692 1 
110.276 -28.6534 -180.222 0.293549 2.64194 -80 2 -25 10 42693 1 
110.266 -28.6534 -180.222 0.293549 2.64194 -80 2 -25 10 42694 1 
110.256 -28.6534 -180.222 0.293549 2.64194 -80 2 -25 10 42695 1 
110.246 -28.6533 -180.222 0.293549 2.64194 -80 2 -25 10 42696 1 
110.237 -28.6533 -180.222 0.293549 2.64194 -80 2 -25 10 42697 1 
110.227 -28.6533 -180.222 0.293549 2.64194 -80 2 -25 10 42698 1 
110.217 -28.6532 -180.222 0.293549 2.64194 -80 2 -25 10 42699 1 
110.207 -28.6532 -180.222 0.293549 2.64194 -80 2 -25 10 42700 1 
110.197 -28.6531 -180.222 0.293549 2.64194 -80 2 -25 10 42701 1 
110.188 -28.6531 -180.222 0.293549 2.64194 -80 2 -25 10 42702 1 
110.178 -28.6531 -180.222 0.293549 2.64194 -80 2 -25 10 42703 1 
110.168 -28.653 -180.222 0.293549 2.64194 -80 2 -25 10 42704 1 
110.158 -28.653 -180.222 0.293549 2.64194 -80 2 -25 10 42705 1 
110.149 -28.653 -180.222 0.293549 2.64194 -80 2 -25 10 42706 1 
110.139 -28.6529 -180.222 0.293549 2.64194 -80 2 -25 10 42707 1 
110.129 -28.6529 -180.222 0.293549 2.64194 -80 2 -25 10 42708 1 
110.119 -28.6528 -180.222 0.293549 2.64194 -80 2 -25 10 42709 1 
110.109 -28.6528 -180.222 0.293549 2.64194 -80 2 -25 10 42710 1 
110.1 -28.6528 -180.222 0.293549 2.64194 -80 2 -25 10 42711 1 
110.09 -28.6527 -180.222 0.293549 2.64194 -80 2 -25 10 42712 1 
110.08 -28.6527 -180.222 0.293549 2.64194 -80 2 -25 10 42713 1 
110.07 -28.6526 -180.222 0.293549 2.64194 -80 2 -25 10 42714 1 
110.06 -28.6526 -180.222 0.293549 2.64194 -80 2 -25 10 42715 1 
110.051 -28.6526 -180.222 0.293549 2.64194 -80 2 -25 10 42716 1 
110.041 -28.6525 -180.222 0.293549 2.64194 -80 2 -25 10 42717 1 
110.031 -28.6525 -180.222 0.293549 2.64194 -80 2 -25 10 42718 1 
110.021 -28.6525 -180.222 0.293549 2.64194 -80 2 -25 10 42719 1 
110.011 -28.6524 -180.222 0.293549 2.64194 -80 2 -25 10 42720 1 
110.002 -28.6524 -180.222 0.293549 2.64194 -80 2 -25 10 42721 1 
109.992 -28.6523 -180.222 0.293549 2.64194 -80 2 -25 10 42722 1 
109.982 -28.6523 -180.222 0.293549 2.64194 -80 2 -25 10 42723 1 
109.972 -28.6523 -180.222 0.293549 2.64194 -80 2 -25 10 42724 1 
109.963 -28.6522 -180.222 0.293549 2.64194 -80 2 -25 10 42725 1 
109.953 -28.6522 -180.222 0.293549 2.64194 -80 2 -25 10 42726 1 
109.943 -28.6522 -180.222 0.293549 2.64194 -80 2 -25 10 42727 1 
109.933 -28.6521 -180.222 0.293549 2.64194 -80 2 -25 10 42728 1 
109.923 -28.6521 -180.222 0.293549 2.64194 -80 2 -25 10 42729 1 
109.914 -28.652 -180.222 0.293549 2.64194 -80 2 -25 10 42730 1 
109.904 -28.652 -180.222 0.293549 2.64194 -80 2 -25 10 42731 1 
109.894 -28.652 -180.222 0.293549 2.64194 -80 2 -25 10 42732 1 
109.884 -28.6519 -180.222 0.293549 2.64194 -80 2 -25 10 42733 1 
109.874 -28.6519 -180.222 0.293549 2.64194 -80 2 -25 10 42734 1 
109.865 -28.6518 -180.222 0.293549 2.64194 -80 2 -25 10 42735 1 
109.855 -28.6518 -180.222 0.293549 2.64194 -80 2 -25 10 42736 1 
109.845 -28.6518 -180.222 0.293549 2.64194 -80 2 -25 10 42737 1 
109.835 -28.6517 -180.222 0.293549 2.64194 -80 2 -25 10 42738 1 
109.826 -28.6517 -180.222 0.293549 2.64194 -80 2 -25 10 42739 1 
109.816 -28.6517 -180.222 0.293549 2.64194 -80 2 -25 10 42740 1 
109.806 -28.6516 -180.222 0.293549 2.64194 -80 2 -25 10 42741 1 
109.796 -28.6516 -180.222 0.293549 2.64194 -80 2 -25 10 42742 1 
109.786 -28.6515 -180.222 0.293549 2.64194 -80 2 -25 10 42743 1 
109.777 -28.6515 -180.222 0.293549 2.64194 -80 2 -25 10 42744 1 
109.767 -28.6515 -180.222 0.293549 2.64194 -80 2 -25 10 42745 1 
109.757 -28.6514 -180.222 0.293549 2.64194 -80 2 -25 10 42746 1 
109.747 -28.6514 -180.222 0.293549 2.64194 -80 2 -25 10 42747 1 
109.737 -28.6514 -180.222 0.293549 2.64194 -80 2 -25 10 42748 1 
109.728 -28.6513 -180.222 0.293549 2.64194 -80 2 -25 10 42749 1 
109.718 -28.6513 -180.222 0.293549 2.64194 -80 2 -25 10 42750 1 
109.708 -28.6512 -180.222 0.293549 2.64194 -80 2 -25 10 42751 1 
109.698 -28.6512 -180.222 0.293549 2.64194 -80 2 -25 10 42752 1 
109.688 -28.6512 -180.222 0.293549 2.64194 -80 2 -25 10 42753 1 
109.679 -28.6511 -180.222 0.293549 2.64194 -80 2 -25 10 42754 1 
109.669 -28.6511 -180.222 0.293549 2.64194 -80 2 -25 10 42755 1 
109.659 -28.651 -180.222 0.293549 2.64194 -80 2 -25 10 42756 1 
109.649 -28.651 -180.222 0.293549 2.64194 -80 2 -25 10 42757 1 
109.64 -28.651 -180.223 0.293549 2.64194 -80 2 -25 10 42758 1 
109.63 -28.6509 -180.223 0.293549 2.64194 -80 2 -25 10 42759 1 
109.62 -28.6509 -180.223 0.293549 2.64194 -80 2 -25 10 42760 1 
109.61 -28.6509 -180.223 0.293549 2.64194 -80 2 -25 10 42761 1 
109.6 -28.6508 -180.223 0.293549 2.64194 -80 2 -25 10 42762 1 
109.591 -28.6508 -180.223 0.293549 2.64194 -80 2 -25 10 42763 1 
109.581 -28.6507 -180.223 0.293549 2.64194 -80 2 -25 10 42764 1 
109.571 -28.6507 -180.223 0.293549 2.64194 -80 2 -25 10 42765 1 
109.561 -28.6507 -180.223 0.293549 2.64194 -80 2 -25 10 42766 1 
109.551 -28.6506 -180.223 0.293549 2.64194 -80 2 -25 10 42767 1 
109.542 -28.6506 -180.223 0.293549 2.64194 -80 2 -25 10 42768 1 
109.532 -28.6505 -180.223 0.293549 2.64194 -80 2 -25 10 42769 1 
109.522 -28.6505 -180.223 0.293549 2.64194 -80 2 -25 10 42770 1 
109.512 -28.6505 -180.223 0.293549 2.64194 -80 2 -25 10 42771 1 
109.502 -28.6504 -180.223 0.293549 2.64194 -80 2 -25 10 42772 1 
109.493 -28.6504 -180.223 0.293549 2.64194 -80 2 -25 10 42773 1 
109.483 -28.6504 -180.223 0.293549 2.64194 -80 2 -25 10 42774 1 
109.473 -28.6503 -180.223 0.293549 2.64194 -80 2 -25 10 42775 1 
109.463 -28.6503 -180.223 0.293549 2.64194 -80 2 -25 10 42776 1 
109.454 -28.6502 -180.223 0.293549 2.64194 -80 2 -25 10 42777 1 
109.444 -28.6502 -180.223 0.293549 2.64194 -80 2 -25 10 42778 1 
109.434 -28.6502 -180.223 0.293549 2.64194 -80 2 -25 10 42779 1 
109.424 -28.6501 -180.223 0.293549 2.64194 -80 2 -25 10 42780 1 
109.414 -28.6501 -180.223 0.293549 2.64194 -80 2 -25 10 42781 1 
109.405 -28.6501 -180.223 0.293549 2.64194 -80 2 -25 10 42782 1 
109.395 -28.65 -180.223 0.293549 2.64194 -80 2 -25 10 42783 1 
109.385 -28.65 -180.223 0.293549 2.64194 -80 2 -25 10 42784 1 
109.375 -28.6499 -180.223 0.293549 2.64194 -80 2 -25 10 42785 1 
109.365 -28.6499 -180.223 0.293549 2.64194 -80 2 -25 10 42786 1 
109.356 -28.6499 -180.223 0.293549 2.64194 -80 2 -25 10 42787 1 
109.346 -28.6498 -180.223 0.293549 2.64194 -80 2 -25 10 42788 1 
109.336 -28.6498 -180.223 0.293549 2.64194 -80 2 -25 10 42789 1 
109.326 -28.6497 -180.223 0.293549 2.64194 -80 2 -25 10 42790 1 
109.317 -28.6497 -180.223 0.293549 2.64194 -80 2 -25 10 42791 1 
109.307 -28.6497 -180.223 0.293549 2.64194 -80 2 -25 10 42792 1 
109.297 -28.6496 -180.223 0.293549 2.64194 -80 2 -25 10 42793 1 
109.287 -28.6496 -180.223 0.293549 2.64194 -80 2 -25 10 42794 1 
109.277 -28.6496 -180.223 0.293549 2.64194 -80 2 -25 10 42795 1 
109.268 -28.6495 -180.223 0.293549 2.64194 -80 2 -25 10 42796 1 
109.258 -28.6495 -180.223 0.293549 2.64194 -80 2 -25 10 42797 1 
109.248 -28.6494 -180.223 0.293549 2.64194 -80 2 -25 10 42798 1 
109.238 -28.6494 -180.223 0.293549 2.64194 -80 2 -25 10 42799 1 
109.228 -28.6494 -180.223 0.293549 2.64194 -80 2 -25 10 42800 1 
109.219 -28.6493 -180.223 0.293549 2.64194 -80 2 -25 10 42801 1 
109.209 -28.6493 -180.223 0.293549 2.64194 -80 2 -25 10 42802 1 
109.199 -28.6493 -180.223 0.293549 2.64194 -80 2 -25 10 42803 1 
109.189 -28.6492 -180.223 0.293549 2.64194 -80 2 -25 10 42804 1 
109.179 -28.6492 -180.223 0.293549 2.64194 -80 2 -25 10 42805 1 
109.17 -28.6491 -180.223 0.293549 2.64194 -80 2 -25 10 42806 1 
109.16 -28.6491 -180.223 0.293549 2.64194 -80 2 -25 10 42807 1 
109.15 -28.6491 -180.223 0.293549 2.64194 -80 2 -25 10 42808 1 
109.14 -28.649 -180.223 0.293549 2.64194 -80 2 -25 10 42809 1 
109.131 -28.649 -180.223 0.293549 2.64194 -80 2 -25 10 42810 1 
109.121 -28.6489 -180.223 0.293549 2.64194 -80 2 -25 10 42811 1 
109.111 -28.6489 -180.223 0.293549 2.64194 -80 2 -25 10 42812 1 
109.101 -28.6489 -180.223 0.293549 2.64194 -80 2 -25 10 42813 1 
109.091 -28.6488 -180.223 0.293549 2.64194 -80 2 -25 10 42814 1 
109.082 -28.6488 -180.223 0.293549 2.64194 -80 2 -25 10 42815 1 
109.072 -28.6488 -180.223 0.293549 2.64194 -80 2 -25 10 42816 1 
109.062 -28.6487 -180.223 0.293549 2.64194 -80 2 -25 10 42817 1 
109.052 -28.6487 -180.223 0.293549 2.64194 -80 2 -25 10 42818 1 
109.042 -28.6486 -180.223 0.293549 2.64194 -80 2 -25 10 42819 1 
109.033 -28.6486 -180.223 0.293549 2.64194 -80 2 -25 10 42820 1 
109.023 -28.6486 -180.223 0.293549 2.64194 -80 2 -25 10 42821 1 
109.013 -28.6485 -180.223 0.293549 2.64194 -80 2 -25 10 42822 1 
109.003 -28.6485 -180.223 0.293549 2.64194 -80 2 -25 10 42823 1 
108.993 -28.6485 -180.223 0.293549 2.64194 -80 2 -25 10 42824 1 
108.984 -28.6484 -180.223 0.293549 2.64194 -80 2 -25 10 42825 1 
108.974 -28.6484 -180.223 0.293549 2.64194 -80 2 -25 10 42826 1 
108.964 -28.6483 -180.223 0.293549 2.64194 -80 2 -25 10 42827 1 
108.954 -28.6483 -180.223 0.293549 2.64194 -80 2 -25 10 42828 1 
108.945 -28.6483 -180.223 0.293549 2.64194 -80 2 -25 10 42829 1 
108.935 -28.6482 -180.223 0.293549 2.64194 -80 2 -25 10 42830 1 
108.925 -28.6482 -180.223 0.293549 2.64194 -80 2 -25 10 42831 1 
108.915 -28.6481 -180.223 0.293549 2.64194 -80 2 -25 10 42832 1 
108.905 -28.6481 -180.223 0.293549 2.64194 -80 2 -25 10 42833 1 
108.896 -28.6481 -180.223 0.293549 2.64194 -80 2 -25 10 42834 1 
108.886 -28.648 -180.223 0.293549 2.64194 -80 2 -25 10 42835 1 
108.876 -28.648 -180.223 0.293549 2.64194 -80 2 -25 10 42836 1 
108.866 -28.648 -180.223 0.293549 2.64194 -80 2 -25 10 42837 1 
108.856 -28.6479 -180.223 0.293549 2.64194 -80 2 -25 10 42838 1 
108.847 -28.6479 -180.223 0.293549 2.64194 -80 2 -25 10 42839 1 
108.837 -28.6478 -180.223 0.293549 2.64194 -80 2 -25 10 42840 1 
108.827 -28.6478 -180.223 0.293549 2.64194 -80 2 -25 10 42841 1 
108.817 -28.6478 -180.223 0.293549 2.64194 -80 2 -25 10 42842 1 
108.808 -28.6477 -180.223 0.293549 2.64194 -80 2 -25 10 42843 1 
108.798 -28.6477 -180.223 0.293549 2.64194 -80 2 -25 10 42844 1 
108.788 -28.6476 -180.223 0.293549 2.64194 -80 2 -25 10 42845 1 
108.778 -28.6476 -180.223 0.293549 2.64194 -80 2 -25 10 42846 1 
108.768 -28.6476 -180.223 0.293549 2.64194 -80 2 -25 10 42847 1 
108.759 -28.6475 -180.223 0.293549 2.64194 -80 2 -25 10 42848 1 
108.749 -28.6475 -180.223 0.293549 2.64194 -80 2 -25 10 42849 1 
108.739 -28.6475 -180.223 0.293549 2.64194 -80 2 -25 10 42850 1 
108.729 -28.6474 -180.223 0.293549 2.64194 -80 2 -25 10 42851 1 
108.719 -28.6474 -180.223 0.293549 2.64194 -80 2 -25 10 42852 1 
108.71 -28.6473 -180.223 0.293549 2.64194 -80 2 -25 10 42853 1 
108.7 -28.6473 -180.223 0.293549 2.64194 -80 2 -25 10 42854 1 
108.69 -28.6473 -180.223 0.293549 2.64194 -80 2 -25 10 42855 1 
108.68 -28.6472 -180.223 0.293549 2.64194 -80 2 -25 10 42856 1 
108.67 -28.6472 -180.223 0.293549 2.64194 -80 2 -25 10 42857 1 
108.661 -28.6472 -180.223 0.293549 2.64194 -80 2 -25 10 42858 1 
108.651 -28.6471 -180.223 0.293549 2.64194 -80 2 -25 10 42859 1 
108.641 -28.6471 -180.223 0.293549 2.64194 -80 2 -25 10 42860 1 
108.631 -28.647 -180.223 0.293549 2.64194 -80 2 -25 10 42861 1 
108.622 -28.647 -180.223 0.293549 2.64194 -80 2 -25 10 42862 1 
108.612 -28.647 -180.223 0.293549 2.64194 -80 2 -25 10 42863 1 
108.602 -28.6469 -180.223 0.293549 2.64194 -80 2 -25 10 42864 1 
108.592 -28.6469 -180.224 0.293549 2.64194 -80 2 -25 10 42865 1 
108.582 -28.6468 -180.224 0.293549 2.64194 -80 2 -25 10 42866 1 
108.573 -28.6468 -180.224 0.293549 2.64194 -80 2 -25 10 42867 1 
108.563 -28.6468 -180.224 0.293549 2.64194 -80 2 -25 10 42868 1 
108.553 -28.6467 -180.224 0.293549 2.64194 -80 2 -25 10 42869 1 
108.543 -28.6467 -180.224 0.293549 2.64194 -80 2 -25 10 42870 1 
108.533 -28.6467 -180.224 0.293549 2.64194 -80 2 -25 10 42871 1 
108.524 -28.6466 -180.224 0.293549 2.64194 -80 2 -25 10 42872 1 
108.514 -28.6466 -180.224 0.293549 2.64194 -80 2 -25 10 42873 1 
108.504 -28.6465 -180.224 0.293549 2.64194 -80 2 -25 10 42874 1 
108.494 -28.6465 -180.224 0.293549 2.64194 -80 2 -25 10 42875 1 
108.484 -28.6465 -180.224 0.293549 2.64194 -80 2 -25 10 42876 1 
108.475 -28.6464 -180.224 0.293549 2.64194 -80 2 -25 10 42877 1 
108.465 -28.6464 -180.224 0.293549 2.64194 -80 2 -25 10 42878 1 
108.455 -28.6464 -180.224 0.293549 2.64194 -80 2 -25 10 42879 1 
108.445 -28.6463 -180.224 0.293549 2.64194 -80 2 -25 10 42880 1 
108.436 -28.6463 -180.224 0.293549 2.64194 -80 2 -25 10 42881 1 
108.426 -28.6462 -180.224 0.293549 2.64194 -80 2 -25 10 42882 1 
108.416 -28.6462 -180.224 0.293549 2.64194 -80 2 -25 10 42883 1 
108.406 -28.6462 -180.224 0.293549 2.64194 -80 2 -25 10 42884 1 
108.396 -28.6461 -180.224 0.293549 2.64194 -80 2 -25 10 42885 1 
108.387 -28.6461 -180.224 0.293549 2.64194 -80 2 -25 10 42886 1 
108.377 -28.646 -180.224 0.293549 2.64194 -80 2 -25 10 42887 1 
108.367 -28.646 -180.224 0.293549 2.64194 -80 2 -25 10 42888 1 
108.357 -28.646 -180.224 0.293549 2.64194 -80 2 -25 10 42889 1 
108.347 -28.6459 -180.224 0.293549 2.64194 -80 2 -25 10 42890 1 
108.338 -28.6459 -180.224 0.293549 2.64194 -80 2 -25 10 42891 1 
108.328 -28.6459 -180.224 0.293549 2.64194 -80 2 -25 10 42892 1 
108.318 -28.6458 -180.224 0.293549 2.64194 -80 2 -25 10 42893 1 
108.308 -28.6458 -180.224 0.293549 2.64194 -80 2 -25 10 42894 1 
108.299 -28.6457 -180.224 0.293549 2.64194 -80 2 -25 10 42895 1 
108.289 -28.6457 -180.224 0.293549 2.64194 -80 2 -25 10 42896 1 
108.279 -28.6457 -180.224 0.293549 2.64194 -80 2 -25 10 42897 1 
108.269 -28.6456 -180.224 0.293549 2.64194 -80 2 -25 10 42898 1 
108.259 -28.6456 -180.224 0.293549 2.64194 -80 2 -25 10 42899 1 
108.25 -28.6456 -180.224 0.293549 2.64194 -80 2 -25 10 42900 1 
108.24 -28.6455 -180.224 0.293549 2.64194 -80 2 -25 10 42901 1 
108.23 -28.6455 -180.224 0.293549 2.64194 -80 2 -25 10 42902 1 
108.22 -28.6454 -180.224 0.293549 2.64194 -80 2 -25 10 42903 1 
108.21 -28.6454 -180.224 0.293549 2.64194 -80 2 -25 10 42904 1 
108.201 -28.6454 -180.224 0.293549 2.64194 -80 2 -25 10 42905 1 
108.191 -28.6453 -180.224 0.293549 2.64194 -80 2 -25 10 42906 1 
108.181 -28.6453 -180.224 0.293549 2.64194 -80 2 -25 10 42907 1 
108.171 -28.6452 -180.224 0.293549 2.64194 -80 2 -25 10 42908 1 
108.161 -28.6452 -180.224 0.293549 2.64194 -80 2 -25 10 42909 1 
108.152 -28.6452 -180.224 0.293549 2.64194 -80 2 -25 10 42910 1 
108.142 -28.6451 -180.224 0.293549 2.64194 -80 2 -25 10 42911 1 
108.132 -28.6451 -180.224 0.293549 2.64194 -80 2 -25 10 42912 1 
108.122 -28.6451 -180.224 0.293549 2.64194 -80 2 -25 10 42913 1 
108.113 -28.645 -180.224 0.293549 2.64194 -80 2 -25 10 42914 1 
108.103 -28.645 -180.224 0.293549 2.64194 -80 2 -25 10 42915 1 
108.093 -28.6449 -180.224 0.293549 2.64194 -80 2 -25 10 42916 1 
108.083 -28.6449 -180.224 0.293549 2.64194 -80 2 -25 10 42917 1 
108.073 -28.6449 -180.224 0.293549 2.64194 -80 2 -25 10 42918 1 
108.064 -28.6448 -180.224 0.293549 2.64194 -80 2 -25 10 42919 1 
108.054 -28.6448 -180.224 0.293549 2.64194 -80 2 -25 10 42920 1 
108.044 -28.6448 -180.224 0.293549 2.64194 -80 2 -25 10 42921 1 
108.034 -28.6447 -180.224 0.293549 2.64194 -80 2 -25 10 42922 1 
108.024 -28.6447 -180.224 0.293549 2.64194 -80 2 -25 10 42923 1 
108.015 -28.6446 -180.224 0.293549 2.64194 -80 2 -25 10 42924 1 
108.005 -28.6446 -180.224 0.293549 2.64194 -80 2 -25 10 42925 1 
107.995 -28.6446 -180.224 0.293549 2.64194 -80 2 -25 10 42926 1 
107.985 -28.6445 -180.224 0.293549 2.64194 -80 2 -25 10 42927 1 
107.975 -28.6445 -180.224 0.293549 2.64194 -80 2 -25 10 42928 1 
107.966 -28.6444 -180.224 0.293549 2.64194 -80 2 -25 10 42929 1 
107.956 -28.6444 -180.224 0.293549 2.64194 -80 2 -25 10 42930 1 
107.946 -28.6444 -180.224 0.293549 2.64194 -80 2 -25 10 42931 1 
107.936 -28.6443 -180.224 0.293549 2.64194 -80 2 -25 10 42932 1 
107.927 -28.6443 -180.224 0.293549 2.64194 -80 2 -25 10 42933 1 
107.917 -28.6443 -180.224 0.293549 2.64194 -80 2 -25 10 42934 1 
107.907 -28.6442 -180.224 0.293549 2.64194 -80 2 -25 10 42935 1 
107.897 -28.6442 -180.224 0.293549 2.64194 -80 2 -25 10 42936 1 
107.887 -28.6441 -180.224 0.293549 2.64194 -80 2 -25 10 42937 1 
107.878 -28.6441 -180.224 0.293549 2.64194 -80 2 -25 10 42938 1 
107.868 -28.6441 -180.224 0.293549 2.64194 -80 2 -25 10 42939 1 
107.858 -28.644 -180.224 0.293549 2.64194 -80 2 -25 10 42940 1 
107.848 -28.644 -180.224 0.293549 2.64194 -80 2 -25 10 42941 1 
107.838 -28.6439 -180.224 0.293549 2.64194 -80 2 -25 10 42942 1 
107.829 -28.6439 -180.224 0.293549 2.64194 -80 2 -25 10 42943 1 
107.819 -28.6439 -180.224 0.293549 2.64194 -80 2 -25 10 42944 1 
107.809 -28.6438 -180.224 0.293549 2.64194 -80 2 -25 10 42945 1 
107.799 -28.6438 -180.224 0.293549 2.64194 -80 2 -25 10 42946 1 
107.789 -28.6438 -180.224 0.293549 2.64194 -80 2 -25 10 42947 1 
107.78 -28.6437 -180.224 0.293549 2.64194 -80 2 -25 10 42948 1 
107.77 -28.6437 -180.224 0.293549 2.64194 -80 2 -25 10 42949 1 
107.76 -28.6436 -180.224 0.293549 2.64194 -80 2 -25 10 42950 1 
107.75 -28.6436 -180.224 0.293549 2.64194 -80 2 -25 10 42951 1 
107.741 -28.6436 -180.224 0.293549 2.64194 -80 2 -25 10 42952 1 
107.731 -28.6435 -180.224 0.293549 2.64194 -80 2 -25 10 42953 1 
107.721 -28.6435 -180.224 0.293549 2.64194 -80 2 -25 10 42954 1 
107.711 -28.6435 -180.224 0.293549 2.64194 -80 2 -25 10 42955 1 
107.701 -28.6434 -180.224 0.293549 2.64194 -80 2 -25 10 42956 1 
107.692 -28.6434 -180.224 0.293549 2.64194 -80 2 -25 10 42957 1 
107.682 -28.6433 -180.224 0.293549 2.64194 -80 2 -25 10 42958 1 
107.672 -28.6433 -180.224 0.293549 2.64194 -80 2 -25 10 42959 1 
107.662 -28.6433 -180.224 0.293549 2.64194 -80 2 -25 10 42960 1 
107.652 -28.6432 -180.224 0.293549 2.64194 -80 2 -25 10 42961 1 
107.643 -28.6432 -180.224 0.293549 2.64194 -80 2 -25 10 42962 1 
107.633 -28.6431 -180.224 0.293549 2.64194 -80 2 -25 10 42963 1 
107.623 -28.6431 -180.224 0.293549 2.64194 -80 2 -25 10 42964 1 
107.613 -28.6431 -180.224 0.293549 2.64194 -80 2 -25 10 42965 1 
107.604 -28.643 -180.224 0.293549 2.64194 -80 2 -25 10 42966 1 
107.594 -28.643 -180.224 0.293549 2.64194 -80 2 -25 10 42967 1 
107.584 -28.643 -180.224 0.293549 2.64194 -80 2 -25 10 42968 1 
107.574 -28.6429 -180.224 0.293549 2.64194 -80 2 -25 10 42969 1 
107.564 -28.6429 -180.225 0.293549 2.64194 -80 2 -25 10 42970 1 
107.555 -28.6428 -180.225 0.293549 2.64194 -80 2 -25 10 42971 1 
107.545 -28.6428 -180.225 0.293549 2.64194 -80 2 -25 10 42972 1 
107.535 -28.6428 -180.225 0.293549 2.64194 -80 2 -25 10 42973 1 
107.525 -28.6427 -180.225 0.293549 2.64194 -80 2 -25 10 42974 1 
107.515 -28.6427 -180.225 0.293549 2.64194 -80 2 -25 10 42975 1 
107.506 -28.6427 -180.225 0.293549 2.64194 -80 2 -25 10 42976 1 
107.496 -28.6426 -180.225 0.293549 2.64194 -80 2 -25 10 42977 1 
107.486 -28.6426 -180.225 0.293549 2.64194 -80 2 -25 10 42978 1 
107.476 -28.6425 -180.225 0.293549 2.64194 -80 2 -25 10 42979 1 
107.466 -28.6425 -180.225 0.293549 2.64194 -80 2 -25 10 42980 1 
107.457 -28.6425 -180.225 0.293549 2.64194 -80 2 -25 10 42981 1 
107.447 -28.6424 -180.225 0.293549 2.64194 -80 2 -25 10 42982 1 
107.437 -28.6424 -180.225 0.293549 2.64194 -80 2 -25 10 42983 1 
107.427 -28.6423 -180.225 0.293549 2.64194 -80 2 -25 10 42984 1 
107.418 -28.6423 -180.225 0.293549 2.64194 -80 2 -25 10 42985 1 
107.408 -28.6423 -180.225 0.293549 2.64194 -80 2 -25 10 42986 1 
107.398 -28.6422 -180.225 0.293549 2.64194 -80 2 -25 10 42987 1 
107.388 -28.6422 -180.225 0.293549 2.64194 -80 2 -25 10 42988 1 
107.378 -28.6422 -180.225 0.293549 2.64194 -80 2 -25 10 42989 1 
107.369 -28.6421 -180.225 0.293549 2.64194 -80 2 -25 10 42990 1 
107.359 -28.6421 -180.225 0.293549 2.64194 -80 2 -25 10 42991 1 
107.349 -28.642 -180.225 0.293549 2.64194 -80 2 -25 10 42992 1 
107.339 -28.642 -180.225 0.293549 2.64194 -80 2 -25 10 42993 1 
107.329 -28.642 -180.225 0.293549 2.64194 -80 2 -25 10 42994 1 
107.32 -28.6419 -180.225 0.293549 2.64194 -80 2 -25 10 42995 1 
107.31 -28.6419 -180.225 0.293549 2.64194 -80 2 -25 10 42996 1 
107.3 -28.6419 -180.225 0.293549 2.64194 -80 2 -25 10 42997 1 
107.29 -28.6418 -180.225 0.293549 2.64194 -80 2 -25 10 42998 1 
107.28 -28.6418 -180.225 0.293549 2.64194 -80 2 -25 10 42999 1 
107.271 -28.6417 -180.225 0.293549 2.64194 -80 2 -25 10 43000 1 
107.261 -28.6417 -180.225 0.293549 2.64194 -80 2 -25 10 43001 1 
107.251 -28.6417 -180.225 0.293549 2.64194 -80 2 -25 10 43002 1 
107.241 -28.6416 -180.225 0.293549 2.64194 -80 2 -25 10 43003 1 
107.232 -28.6416 -180.225 0.293549 2.64194 -80 2 -25 10 43004 1 
107.222 -28.6415 -180.225 0.293549 2.64194 -80 2 -25 10 43005 1 
107.212 -28.6415 -180.225 0.293549 2.64194 -80 2 -25 10 43006 1 
107.202 -28.6415 -180.225 0.293549 2.64194 -80 2 -25 10 43007 1 
107.192 -28.6414 -180.225 0.293549 2.64194 -80 2 -25 10 43008 1 
107.183 -28.6414 -180.225 0.293549 2.64194 -80 2 -25 10 43009 1 
107.173 -28.6414 -180.225 0.293549 2.64194 -80 2 -25 10 43010 1 
107.163 -28.6413 -180.225 0.293549 2.64194 -80 2 -25 10 43011 1 
107.153 -28.6413 -180.225 0.293549 2.64194 -80 2 -25 10 43012 1 
107.143 -28.6412 -180.225 0.293549 2.64194 -80 2 -25 10 43013 1 
107.134 -28.6412 -180.225 0.293549 2.64194 -80 2 -25 10 43014 1 
107.124 -28.6412 -180.225 0.293549 2.64194 -80 2 -25 10 43015 1 
107.114 -28.6411 -180.225 0.293549 2.64194 -80 2 -25 10 43016 1 
107.104 -28.6411 -180.225 0.293549 2.64194 -80 2 -25 10 43017 1 
107.095 -28.6411 -180.225 0.293549 2.64194 -80 2 -25 10 43018 1 
107.085 -28.641 -180.225 0.293549 2.64194 -80 2 -25 10 43019 1 
107.075 -28.641 -180.225 0.293549 2.64194 -80 2 -25 10 43020 1 
107.065 -28.6409 -180.225 0.293549 2.64194 -80 2 -25 10 43021 1 
107.055 -28.6409 -180.225 0.293549 2.64194 -80 2 -25 10 43022 1 
107.046 -28.6409 -180.225 0.293549 2.64194 -80 2 -25 10 43023 1 
107.036 -28.6408 -180.225 0.293549 2.64194 -80 2 -25 10 43024 1 
107.026 -28.6408 -180.225 0.293549 2.64194 -80 2 -25 10 43025 1 
107.016 -28.6407 -180.225 0.293549 2.64194 -80 2 -25 10 43026 1 
107.006 -28.6407 -180.225 0.293549 2.64194 -80 2 -25 10 43027 1 
106.997 -28.6407 -180.225 0.293549 2.64194 -80 2 -25 10 43028 1 
106.987 -28.6406 -180.225 0.293549 2.64194 -80 2 -25 10 43029 1 
106.977 -28.6406 -180.225 0.293549 2.64194 -80 2 -25 10 43030 1 
106.967 -28.6406 -180.225 0.293549 2.64194 -80 2 -25 10 43031 1 
106.957 -28.6405 -180.225 0.293549 2.64194 -80 2 -25 10 43032 1 
106.948 -28.6405 -180.225 0.293549 2.64194 -80 2 -25 10 43033 1 
106.938 -28.6404 -180.225 0.293549 2.64194 -80 2 -25 10 43034 1 
106.928 -28.6404 -180.225 0.293549 2.64194 -80 2 -25 10 43035 1 
106.918 -28.6404 -180.225 0.293549 2.64194 -80 2 -25 10 43036 1 
106.909 -28.6403 -180.225 0.293549 2.64194 -80 2 -25 10 43037 1 
106.899 -28.6403 -180.225 0.293549 2.64194 -80 2 -25 10 43038 1 
106.889 -28.6402 -180.225 0.293549 2.64194 -80 2 -25 10 43039 1 
106.879 -28.6402 -180.225 0.293549 2.64194 -80 2 -25 10 43040 1 
106.869 -28.6402 -180.225 0.293549 2.64194 -80 2 -25 10 43041 1 
106.86 -28.6401 -180.225 0.293549 2.64194 -80 2 -25 10 43042 1 
106.85 -28.6401 -180.225 0.293549 2.64194 -80 2 -25 10 43043 1 
106.84 -28.6401 -180.225 0.293549 2.64194 -80 2 -25 10 43044 1 
106.83 -28.64 -180.225 0.293549 2.64194 -80 2 -25 10 43045 1 
106.82 -28.64 -180.225 0.293549 2.64194 -80 2 -25 10 43046 1 
106.811 -28.6399 -180.225 0.293549 2.64194 -80 2 -25 10 43047 1 
106.801 -28.6399 -180.225 0.293549 2.64194 -80 2 -25 10 43048 1 
106.791 -28.6399 -180.225 0.293549 2.64194 -80 2 -25 10 43049 1 
106.781 -28.6398 -180.225 0.293549 2.64194 -80 2 -25 10 43050 1 
106.771 -28.6398 -180.225 0.293549 2.64194 -80 2 -25 10 43051 1 
106.762 -28.6398 -180.225 0.293549 2.64194 -80 2 -25 10 43052 1 
106.752 -28.6397 -180.225 0.293549 2.64194 -80 2 -25 10 43053 1 
106.742 -28.6397 -180.225 0.293549 2.64194 -80 2 -25 10 43054 1 
106.732 -28.6396 -180.225 0.293549 2.64194 -80 2 -25 10 43055 1 
106.723 -28.6396 -180.225 0.293549 2.64194 -80 2 -25 10 43056 1 
106.713 -28.6396 -180.225 0.293549 2.64194 -80 2 -25 10 43057 1 
106.703 -28.6395 -180.225 0.293549 2.64194 -80 2 -25 10 43058 1 
106.693 -28.6395 -180.225 0.293549 2.64194 -80 2 -25 10 43059 1 
106.683 -28.6394 -180.225 0.293549 2.64194 -80 2 -25 10 43060 1 
106.674 -28.6394 -180.225 0.293549 2.64194 -80 2 -25 10 43061 1 
106.664 -28.6394 -180.225 0.293549 2.64194 -80 2 -25 10 43062 1 
106.654 -28.6393 -180.225 0.293549 2.64194 -80 2 -25 10 43063 1 
106.644 -28.6393 -180.225 0.293549 2.64194 -80 2 -25 10 43064 1 
106.634 -28.6393 -180.225 0.293549 2.64194 -80 2 -25 10 43065 1 
106.625 -28.6392 -180.225 0.293549 2.64194 -80 2 -25 10 43066 1 
106.615 -28.6392 -180.225 0.293549 2.64194 -80 2 -25 10 43067 1 
106.605 -28.6391 -180.225 0.293549 2.64194 -80 2 -25 10 43068 1 
106.595 -28.6391 -180.225 0.293549 2.64194 -80 2 -25 10 43069 1 
106.586 -28.6391 -180.225 0.293549 2.64194 -80 2 -25 10 43070 1 
106.576 -28.639 -180.225 0.293549 2.64194 -80 2 -25 10 43071 1 
106.566 -28.639 -180.225 0.293549 2.64194 -80 2 -25 10 43072 1 
106.556 -28.639 -180.225 0.293549 2.64194 -80 2 -25 10 43073 1 
106.546 -28.6389 -180.225 0.293549 2.64194 -80 2 -25 10 43074 1 
106.537 -28.6389 -180.226 0.293549 2.64194 -80 2 -25 10 43075 1 
106.527 -28.6388 -180.226 0.293549 2.64194 -80 2 -25 10 43076 1 
106.517 -28.6388 -180.226 0.293549 2.64194 -80 2 -25 10 43077 1 
106.507 -28.6388 -180.226 0.293549 2.64194 -80 2 -25 10 43078 1 
106.497 -28.6387 -180.226 0.293549 2.64194 -80 2 -25 10 43079 1 
106.488 -28.6387 -180.226 0.293549 2.64194 -80 2 -25 10 43080 1 
106.478 -28.6386 -180.226 0.293549 2.64194 -80 2 -25 10 43081 1 
106.468 -28.6386 -180.226 0.293549 2.64194 -80 2 -25 10 43082 1 
106.458 -28.6386 -180.226 0.293549 2.64194 -80 2 -25 10 43083 1 
106.448 -28.6385 -180.226 0.293549 2.64194 -80 2 -25 10 43084 1 
106.439 -28.6385 -180.226 0.293549 2.64194 -80 2 -25 10 43085 1 
106.429 -28.6385 -180.226 0.293549 2.64194 -80 2 -25 10 43086 1 
106.419 -28.6384 -180.226 0.293549 2.64194 -80 2 -25 10 43087 1 
106.409 -28.6384 -180.226 0.293549 2.64194 -80 2 -25 10 43088 1 
106.4 -28.6383 -180.226 0.293549 2.64194 -80 2 -25 10 43089 1 
106.39 -28.6383 -180.226 0.293549 2.64194 -80 2 -25 10 43090 1 
106.38 -28.6383 -180.226 0.293549 2.64194 -80 2 -25 10 43091 1 
106.37 -28.6382 -180.226 0.293549 2.64194 -80 2 -25 10 43092 1 
106.36 -28.6382 -180.226 0.293549 2.64194 -80 2 -25 10 43093 1 
106.351 -28.6382 -180.226 0.293549 2.64194 -80 2 -25 10 43094 1 
106.341 -28.6381 -180.226 0.293549 2.64194 -80 2 -25 10 43095 1 
106.331 -28.6381 -180.226 0.293549 2.64194 -80 2 -25 10 43096 1 
106.321 -28.638 -180.226 0.293549 2.64194 -80 2 -25 10 43097 1 
106.311 -28.638 -180.226 0.293549 2.64194 -80 2 -25 10 43098 1 
106.302 -28.638 -180.226 0.293549 2.64194 -80 2 -25 10 43099 1 
106.292 -28.6379 -180.226 0.293549 2.64194 -80 2 -25 10 43100 1 
106.282 -28.6379 -180.226 0.293549 2.64194 -80 2 -25 10 43101 1 
106.272 -28.6378 -180.226 0.293549 2.64194 -80 2 -25 10 43102 1 
106.262 -28.6378 -180.226 0.293549 2.64194 -80 2 -25 10 43103 1 
106.253 -28.6378 -180.226 0.293549 2.64194 -80 2 -25 10 43104 1 
106.243 -28.6377 -180.226 0.293549 2.64194 -80 2 -25 10 43105 1 
106.233 -28.6377 -180.226 0.293549 2.64194 -80 2 -25 10 43106 1 
106.223 -28.6377 -180.226 0.293549 2.64194 -80 2 -25 10 43107 1 
106.214 -28.6376 -180.226 0.293549 2.64194 -80 2 -25 10 43108 1 
106.204 -28.6376 -180.226 0.293549 2.64194 -80 2 -25 10 43109 1 
106.194 -28.6375 -180.226 0.293549 2.64194 -80 2 -25 10 43110 1 
106.184 -28.6375 -180.226 0.293549 2.64194 -80 2 -25 10 43111 1 
106.174 -28.6375 -180.226 0.293549 2.64194 -80 2 -25 10 43112 1 
106.165 -28.6374 -180.226 0.293549 2.64194 -80 2 -25 10 43113 1 
106.155 -28.6374 -180.226 0.293549 2.64194 -80 2 -25 10 43114 1 
106.145 -28.6374 -180.226 0.293549 2.64194 -80 2 -25 10 43115 1 
106.135 -28.6373 -180.226 0.293549 2.64194 -80 2 -25 10 43116 1 
106.125 -28.6373 -180.226 0.293549 2.64194 -80 2 -25 10 43117 1 
106.116 -28.6372 -180.226 0.293549 2.64194 -80 2 -25 10 43118 1 
106.106 -28.6372 -180.226 0.293549 2.64194 -80 2 -25 10 43119 1 
106.096 -28.6372 -180.226 0.293549 2.64194 -80 2 -25 10 43120 1 
106.086 -28.6371 -180.226 0.293549 2.64194 -80 2 -25 10 43121 1 
106.077 -28.6371 -180.226 0.293549 2.64194 -80 2 -25 10 43122 1 
106.067 -28.637 -180.226 0.293549 2.64194 -80 2 -25 10 43123 1 
106.057 -28.637 -180.226 0.293549 2.64194 -80 2 -25 10 43124 1 
106.047 -28.637 -180.226 0.293549 2.64194 -80 2 -25 10 43125 1 
106.037 -28.6369 -180.226 0.293549 2.64194 -80 2 -25 10 43126 1 
106.028 -28.6369 -180.226 0.293549 2.64194 -80 2 -25 10 43127 1 
106.018 -28.6369 -180.226 0.293549 2.64194 -80 2 -25 10 43128 1 
106.008 -28.6368 -180.226 0.293549 2.64194 -80 2 -25 10 43129 1 
105.998 -28.6368 -180.226 0.293549 2.64194 -80 2 -25 10 43130 1 
105.988 -28.6367 -180.226 0.293549 2.64194 -80 2 -25 10 43131 1 
105.979 -28.6367 -180.226 0.293549 2.64194 -80 2 -25 10 43132 1 
105.969 -28.6367 -180.226 0.293549 2.64194 -80 2 -25 10 43133 1 
105.959 -28.6366 -180.226 0.293549 2.64194 -80 2 -25 10 43134 1 
105.949 -28.6366 -180.226 0.293549 2.64194 -80 2 -25 10 43135 1 
105.939 -28.6365 -180.226 0.293549 2.64194 -80 2 -25 10 43136 1 
105.93 -28.6365 -180.226 0.293549 2.64194 -80 2 -25 10 43137 1 
105.92 -28.6365 -180.226 0.293549 2.64194 -80 2 -25 10 43138 1 
105.91 -28.6364 -180.226 0.293549 2.64194 -80 2 -25 10 43139 1 
105.9 -28.6364 -180.226 0.293549 2.64194 -80 2 -25 10 43140 1 
105.891 -28.6364 -180.226 0.293549 2.64194 -80 2 -25 10 43141 1 
105.881 -28.6363 -180.226 0.293549 2.64194 -80 2 -25 10 43142 1 
105.871 -28.6363 -180.226 0.293549 2.64194 -80 2 -25 10 43143 1 
105.861 -28.6362 -180.226 0.293549 2.64194 -80 2 -25 10 43144 1 
105.851 -28.6362 -180.226 0.293549 2.64194 -80 2 -25 10 43145 1 
105.842 -28.6362 -180.226 0.293549 2.64194 -80 2 -25 10 43146 1 
105.832 -28.6361 -180.226 0.293549 2.64194 -80 2 -25 10 43147 1 
105.822 -28.6361 -180.226 0.293549 2.64194 -80 2 -25 10 43148 1 
105.812 -28.6361 -180.226 0.293549 2.64194 -80 2 -25 10 43149 1 
105.802 -28.636 -180.226 0.293549 2.64194 -80 2 -25 10 43150 1 
105.793 -28.636 -180.226 0.293549 2.64194 -80 2 -25 10 43151 1 
105.783 -28.6359 -180.226 0.293549 2.64194 -80 2 -25 10 43152 1 
105.773 -28.6359 -180.226 0.293549 2.64194 -80 2 -25 10 43153 1 
105.763 -28.6359 -180.226 0.293549 2.64194 -80 2 -25 10 43154 1 
105.753 -28.6358 -180.226 0.293549 2.64194 -80 2 -25 10 43155 1 
105.744 -28.6358 -180.226 0.293549 2.64194 -80 2 -25 10 43156 1 
105.734 -28.6357 -180.226 0.293549 2.64194 -80 2 -25 10 43157 1 
105.724 -28.6357 -180.226 0.293549 2.64194 -80 2 -25 10 43158 1 
105.714 -28.6357 -180.226 0.293549 2.64194 -80 2 -25 10 43159 1 
105.705 -28.6356 -180.226 0.293549 2.64194 -80 2 -25 10 43160 1 
105.695 -28.6356 -180.226 0.293549 2.64194 -80 2 -25 10 43161 1 
105.685 -28.6356 -180.226 0.293549 2.64194 -80 2 -25 10 43162 1 
105.675 -28.6355 -180.226 0.293549 2.64194 -80 2 -25 10 43163 1 
105.665 -28.6355 -180.226 0.293549 2.64194 -80 2 -25 10 43164 1 
105.656 -28.6354 -180.226 0.293549 2.64194 -80 2 -25 10 43165 1 
105.646 -28.6354 -180.226 0.293549 2.64194 -80 2 -25 10 43166 1 
105.636 -28.6354 -180.226 0.293549 2.64194 -80 2 -25 10 43167 1 
105.626 -28.6353 -180.226 0.293549 2.64194 -80 2 -25 10 43168 1 
105.616 -28.6353 -180.226 0.293549 2.64194 -80 2 -25 10 43169 1 
105.607 -28.6353 -180.226 0.293549 2.64194 -80 2 -25 10 43170 1 
105.597 -28.6352 -180.226 0.293549 2.64194 -80 2 -25 10 43171 1 
105.587 -28.6352 -180.226 0.293549 2.64194 -80 2 -25 10 43172 1 
105.577 -28.6351 -180.226 0.293549 2.64194 -80 2 -25 10 43173 1 
105.568 -28.6351 -180.226 0.293549 2.64194 -80 2 -25 10 43174 1 
105.558 -28.6351 -180.226 0.293549 2.64194 -80 2 -25 10 43175 1 
105.548 -28.635 -180.226 0.293549 2.64194 -80 2 -25 10 43176 1 
105.538 -28.635 -180.226 0.293549 2.64194 -80 2 -25 10 43177 1 
105.528 -28.6349 -180.227 0.293549 2.64194 -80 2 -25 10 43178 1 
105.519 -28.6349 -180.227 0.293549 2.64194 -80 2 -25 10 43179 1 
105.509 -28.6349 -180.227 0.293549 2.64194 -80 2 -25 10 43180 1 
105.499 -28.6348 -180.227 0.293549 2.64194 -80 2 -25 10 43181 1 
105.489 -28.6348 -180.227 0.293549 2.64194 -80 2 -25 10 43182 1 
105.479 -28.6348 -180.227 0.293549 2.64194 -80 2 -25 10 43183 1 
105.47 -28.6347 -180.227 0.293549 2.64194 -80 2 -25 10 43184 1 
105.46 -28.6347 -180.227 0.293549 2.64194 -80 2 -25 10 43185 1 
105.45 -28.6346 -180.227 0.293549 2.64194 -80 2 -25 10 43186 1 
105.44 -28.6346 -180.227 0.293549 2.64194 -80 2 -25 10 43187 1 
105.43 -28.6346 -180.227 0.293549 2.64194 -80 2 -25 10 43188 1 
105.421 -28.6345 -180.227 0.293549 2.64194 -80 2 -25 10 43189 1 
105.411 -28.6345 -180.227 0.293549 2.64194 -80 2 -25 10 43190 1 
105.401 -28.6345 -180.227 0.293549 2.64194 -80 2 -25 10 43191 1 
105.391 -28.6344 -180.227 0.293549 2.64194 -80 2 -25 10 43192 1 
105.382 -28.6344 -180.227 0.293549 2.64194 -80 2 -25 10 43193 1 
105.372 -28.6343 -180.227 0.293549 2.64194 -80 2 -25 10 43194 1 
105.362 -28.6343 -180.227 0.293549 2.64194 -80 2 -25 10 43195 1 
105.352 -28.6343 -180.227 0.293549 2.64194 -80 2 -25 10 43196 1 
105.342 -28.6342 -180.227 0.293549 2.64194 -80 2 -25 10 43197 1 
105.333 -28.6342 -180.227 0.293549 2.64194 -80 2 -25 10 43198 1 
105.323 -28.6341 -180.227 0.293549 2.64194 -80 2 -25 10 43199 1 
105.313 -28.6341 -180.227 0.293549 2.64194 -80 2 -25 10 43200 1 
105.303 -28.6341 -180.227 0.293549 2.64194 -80 2 -25 10 43201 1 
105.293 -28.634 -180.227 0.293549 2.64194 -80 2 -25 10 43202 1 
105.284 -28.634 -180.227 0.293549 2.64194 -80 2 -25 10 43203 1 
105.274 -28.634 -180.227 0.293549 2.64194 -80 2 -25 10 43204 1 
105.264 -28.6339 -180.227 0.293549 2.64194 -80 2 -25 10 43205 1 
105.254 -28.6339 -180.227 0.293549 2.64194 -80 2 -25 10 43206 1 
105.244 -28.6338 -180.227 0.293549 2.64194 -80 2 -25 10 43207 1 
105.235 -28.6338 -180.227 0.293549 2.64194 -80 2 -25 10 43208 1 
105.225 -28.6338 -180.227 0.293549 2.64194 -80 2 -25 10 43209 1 
105.215 -28.6337 -180.227 0.293549 2.64194 -80 2 -25 10 43210 1 
105.205 -28.6337 -180.227 0.293549 2.64194 -80 2 -25 10 43211 1 
105.196 -28.6336 -180.227 0.293549 2.64194 -80 2 -25 10 43212 1 
105.186 -28.6336 -180.227 0.293549 2.64194 -80 2 -25 10 43213 1 
105.176 -28.6336 -180.227 0.293549 2.64194 -80 2 -25 10 43214 1 
105.166 -28.6335 -180.227 0.293549 2.64194 -80 2 -25 10 43215 1 
105.156 -28.6335 -180.227 0.293549 2.64194 -80 2 -25 10 43216 1 
105.147 -28.6335 -180.227 0.293549 2.64194 -80 2 -25 10 43217 1 
105.137 -28.6334 -180.227 0.293549 2.64194 -80 2 -25 10 43218 1 
105.127 -28.6334 -180.227 0.293549 2.64194 -80 2 -25 10 43219 1 
105.117 -28.6333 -180.227 0.293549 2.64194 -80 2 -25 10 43220 1 
105.107 -28.6333 -180.227 0.293549 2.64194 -80 2 -25 10 43221 1 
105.098 -28.6333 -180.227 0.293549 2.64194 -80 2 -25 10 43222 1 
105.088 -28.6332 -180.227 0.293549 2.64194 -80 2 -25 10 43223 1 
105.078 -28.6332 -180.227 0.293549 2.64194 -80 2 -25 10 43224 1 
105.068 -28.6332 -180.227 0.293549 2.64194 -80 2 -25 10 43225 1 
105.059 -28.6331 -180.227 0.293549 2.64194 -80 2 -25 10 43226 1 
105.049 -28.6331 -180.227 0.293549 2.64194 -80 2 -25 10 43227 1 
105.039 -28.633 -180.227 0.293549 2.64194 -80 2 -25 10 43228 1 
105.029 -28.633 -180.227 0.293549 2.64194 -80 2 -25 10 43229 1 
105.019 -28.633 -180.227 0.293549 2.64194 -80 2 -25 10 43230 1 
105.01 -28.6329 -180.227 0.293549 2.64194 -80 2 -25 10 43231 1 
105 -28.6329 -180.227 0.293549 2.64194 -80 2 -25 10 43232 1 
104.99 -28.6328 -180.227 0.293549 2.64194 -80 2 -25 10 43233 1 
104.98 -28.6328 -180.227 0.293549 2.64194 -80 2 -25 10 43234 1 
104.97 -28.6328 -180.227 0.293549 2.64194 -80 2 -25 10 43235 1 
104.961 -28.6327 -180.227 0.293549 2.64194 -80 2 -25 10 43236 1 
104.951 -28.6327 -180.227 0.293549 2.64194 -80 2 -25 10 43237 1 
104.941 -28.6327 -180.227 0.293549 2.64194 -80 2 -25 10 43238 1 
104.931 -28.6326 -180.227 0.293549 2.64194 -80 2 -25 10 43239 1 
104.921 -28.6326 -180.227 0.293549 2.64194 -80 2 -25 10 43240 1 
104.912 -28.6325 -180.227 0.293549 2.64194 -80 2 -25 10 43241 1 
104.902 -28.6325 -180.227 0.293549 2.64194 -80 2 -25 10 43242 1 
104.892 -28.6325 -180.227 0.293549 2.64194 -80 2 -25 10 43243 1 
104.882 -28.6324 -180.227 0.293549 2.64194 -80 2 -25 10 43244 1 
104.873 -28.6324 -180.227 0.293549 2.64194 -80 2 -25 10 43245 1 
104.863 -28.6324 -180.227 0.293549 2.64194 -80 2 -25 10 43246 1 
104.853 -28.6323 -180.227 0.293549 2.64194 -80 2 -25 10 43247 1 
104.843 -28.6323 -180.227 0.293549 2.64194 -80 2 -25 10 43248 1 
104.833 -28.6322 -180.227 0.293549 2.64194 -80 2 -25 10 43249 1 
104.824 -28.6322 -180.227 0.293549 2.64194 -80 2 -25 10 43250 1 
104.814 -28.6322 -180.227 0.293549 2.64194 -80 2 -25 10 43251 1 
104.804 -28.6321 -180.227 0.293549 2.64194 -80 2 -25 10 43252 1 
104.794 -28.6321 -180.227 0.293549 2.64194 -80 2 -25 10 43253 1 
104.784 -28.632 -180.227 0.293549 2.64194 -80 2 -25 10 43254 1 
104.775 -28.632 -180.227 0.293549 2.64194 -80 2 -25 10 43255 1 
104.765 -28.632 -180.227 0.293549 2.64194 -80 2 -25 10 43256 1 
104.755 -28.6319 -180.227 0.293549 2.64194 -80 2 -25 10 43257 1 
104.745 -28.6319 -180.227 0.293549 2.64194 -80 2 -25 10 43258 1 
104.735 -28.6319 -180.227 0.293549 2.64194 -80 2 -25 10 43259 1 
104.726 -28.6318 -180.227 0.293549 2.64194 -80 2 -25 10 43260 1 
104.716 -28.6318 -180.227 0.293549 2.64194 -80 2 -25 10 43261 1 
104.706 -28.6317 -180.227 0.293549 2.64194 -80 2 -25 10 43262 1 
104.696 -28.6317 -180.227 0.293549 2.64194 -80 2 -25 10 43263 1 
104.687 -28.6317 -180.227 0.293549 2.64194 -80 2 -25 10 43264 1 
104.677 -28.6316 -180.227 0.293549 2.64194 -80 2 -25 10 43265 1 
104.667 -28.6316 -180.227 0.293549 2.64194 -80 2 -25 10 43266 1 
104.657 -28.6316 -180.227 0.293549 2.64194 -80 2 -25 10 43267 1 
104.647 -28.6315 -180.227 0.293549 2.64194 -80 2 -25 10 43268 1 
104.638 -28.6315 -180.227 0.293549 2.64194 -80 2 -25 10 43269 1 
104.628 -28.6314 -180.227 0.293549 2.64194 -80 2 -25 10 43270 1 
104.618 -28.6314 -180.227 0.293549 2.64194 -80 2 -25 10 43271 1 
104.608 -28.6314 -180.227 0.293549 2.64194 -80 2 -25 10 43272 1 
104.598 -28.6313 -180.227 0.293549 2.64194 -80 2 -25 10 43273 1 
104.589 -28.6313 -180.227 0.293549 2.64194 -80 2 -25 10 43274 1 
104.579 -28.6312 -180.227 0.293549 2.64194 -80 2 -25 10 43275 1 
104.569 -28.6312 -180.227 0.293549 2.64194 -80 2 -25 10 43276 1 
104.559 -28.6312 -180.227 0.293549 2.64194 -80 2 -25 10 43277 1 
104.549 -28.6311 -180.227 0.293549 2.64194 -80 2 -25 10 43278 1 
104.54 -28.6311 -180.227 0.293549 2.64194 -80 2 -25 10 43279 1 
104.53 -28.6311 -180.227 0.293549 2.64194 -80 2 -25 10 43280 1 
104.52 -28.631 -180.228 0.293549 2.64194 -80 2 -25 10 43281 1 
104.51 -28.631 -180.228 0.293549 2.64194 -80 2 -25 10 43282 1 
104.501 -28.6309 -180.228 0.293549 2.64194 -80 2 -25 10 43283 1 
104.491 -28.6309 -180.228 0.293549 2.64194 -80 2 -25 10 43284 1 
104.481 -28.6309 -180.228 0.293549 2.64194 -80 2 -25 10 43285 1 
104.471 -28.6308 -180.228 0.293549 2.64194 -80 2 -25 10 43286 1 
104.461 -28.6308 -180.228 0.293549 2.64194 -80 2 -25 10 43287 1 
104.452 -28.6308 -180.228 0.293549 2.64194 -80 2 -25 10 43288 1 
104.442 -28.6307 -180.228 0.293549 2.64194 -80 2 -25 10 43289 1 
104.432 -28.6307 -180.228 0.293549 2.64194 -80 2 -25 10 43290 1 
104.422 -28.6306 -180.228 0.293549 2.64194 -80 2 -25 10 43291 1 
104.412 -28.6306 -180.228 0.293549 2.64194 -80 2 -25 10 43292 1 
104.403 -28.6306 -180.228 0.293549 2.64194 -80 2 -25 10 43293 1 
104.393 -28.6305 -180.228 0.293549 2.64194 -80 2 -25 10 43294 1 
104.383 -28.6305 -180.228 0.293549 2.64194 -80 2 -25 10 43295 1 
104.373 -28.6304 -180.228 0.293549 2.64194 -80 2 -25 10 43296 1 
104.364 -28.6304 -180.228 0.293549 2.64194 -80 2 -25 10 43297 1 
104.354 -28.6304 -180.228 0.293549 2.64194 -80 2 -25 10 43298 1 
104.344 -28.6303 -180.228 0.293549 2.64194 -80 2 -25 10 43299 1 
104.334 -28.6303 -180.228 0.293549 2.64194 -80 2 -25 10 43300 1 
104.324 -28.6303 -180.228 0.293549 2.64194 -80 2 -25 10 43301 1 
104.315 -28.6302 -180.228 0.293549 2.64194 -80 2 -25 10 43302 1 
104.305 -28.6302 -180.228 0.293549 2.64194 -80 2 -25 10 43303 1 
104.295 -28.6301 -180.228 0.293549 2.64194 -80 2 -25 10 43304 1 
104.285 -28.6301 -180.228 0.293549 2.64194 -80 2 -25 10 43305 1 
104.275 -28.6301 -180.228 0.293549 2.64194 -80 2 -25 10 43306 1 
104.266 -28.63 -180.228 0.293549 2.64194 -80 2 -25 10 43307 1 
104.256 -28.63 -180.228 0.293549 2.64194 -80 2 -25 10 43308 1 
104.246 -28.6299 -180.228 0.293549 2.64194 -80 2 -25 10 43309 1 
104.236 -28.6299 -180.228 0.293549 2.64194 -80 2 -25 10 43310 1 
104.226 -28.6299 -180.228 0.293549 2.64194 -80 2 -25 10 43311 1 
104.217 -28.6298 -180.228 0.293549 2.64194 -80 2 -25 10 43312 1 
104.207 -28.6298 -180.228 0.293549 2.64194 -80 2 -25 10 43313 1 
104.197 -28.6298 -180.228 0.293549 2.64194 -80 2 -25 10 43314 1 
104.187 -28.6297 -180.228 0.293549 2.64194 -80 2 -25 10 43315 1 
104.178 -28.6297 -180.228 0.293549 2.64194 -80 2 -25 10 43316 1 
104.168 -28.6296 -180.228 0.293549 2.64194 -80 2 -25 10 43317 1 
104.158 -28.6296 -180.228 0.293549 2.64194 -80 2 -25 10 43318 1 
104.148 -28.6296 -180.228 0.293549 2.64194 -80 2 -25 10 43319 1 
104.138 -28.6295 -180.228 0.293549 2.64194 -80 2 -25 10 43320 1 
104.129 -28.6295 -180.228 0.293549 2.64194 -80 2 -25 10 43321 1 
104.119 -28.6295 -180.228 0.293549 2.64194 -80 2 -25 10 43322 1 
104.109 -28.6294 -180.228 0.293549 2.64194 -80 2 -25 10 43323 1 
104.099 -28.6294 -180.228 0.293549 2.64194 -80 2 -25 10 43324 1 
104.089 -28.6293 -180.228 0.293549 2.64194 -80 2 -25 10 43325 1 
104.08 -28.6293 -180.228 0.293549 2.64194 -80 2 -25 10 43326 1 
104.07 -28.6293 -180.228 0.293549 2.64194 -80 2 -25 10 43327 1 
104.06 -28.6292 -180.228 0.293549 2.64194 -80 2 -25 10 43328 1 
104.05 -28.6292 -180.228 0.293549 2.64194 -80 2 -25 10 43329 1 
104.04 -28.6291 -180.228 0.293549 2.64194 -80 2 -25 10 43330 1 
104.031 -28.6291 -180.228 0.293549 2.64194 -80 2 -25 10 43331 1 
104.021 -28.6291 -180.228 0.293549 2.64194 -80 2 -25 10 43332 1 
104.011 -28.629 -180.228 0.293549 2.64194 -80 2 -25 10 43333 1 
104.001 -28.629 -180.228 0.293549 2.64194 -80 2 -25 10 43334 1 
103.992 -28.629 -180.228 0.293549 2.64194 -80 2 -25 10 43335 1 
103.982 -28.6289 -180.228 0.293549 2.64194 -80 2 -25 10 43336 1 
103.972 -28.6289 -180.228 0.293549 2.64194 -80 2 -25 10 43337 1 
103.962 -28.6288 -180.228 0.293549 2.64194 -80 2 -25 10 43338 1 
103.952 -28.6288 -180.228 0.293549 2.64194 -80 2 -25 10 43339 1 
103.943 -28.6288 -180.228 0.293549 2.64194 -80 2 -25 10 43340 1 
103.933 -28.6287 -180.228 0.293549 2.64194 -80 2 -25 10 43341 1 
103.923 -28.6287 -180.228 0.293549 2.64194 -80 2 -25 10 43342 1 
103.913 -28.6287 -180.228 0.293549 2.64194 -80 2 -25 10 43343 1 
103.903 -28.6286 -180.228 0.293549 2.64194 -80 2 -25 10 43344 1 
103.894 -28.6286 -180.228 0.293549 2.64194 -80 2 -25 10 43345 1 
103.884 -28.6285 -180.228 0.293549 2.64194 -80 2 -25 10 43346 1 
103.874 -28.6285 -180.228 0.293549 2.64194 -80 2 -25 10 43347 1 
103.864 -28.6285 -180.228 0.293549 2.64194 -80 2 -25 10 43348 1 
103.855 -28.6284 -180.228 0.293549 2.64194 -80 2 -25 10 43349 1 
103.845 -28.6284 -180.228 0.293549 2.64194 -80 2 -25 10 43350 1 
103.835 -28.6283 -180.228 0.293549 2.64194 -80 2 -25 10 43351 1 
103.825 -28.6283 -180.228 0.293549 2.64194 -80 2 -25 10 43352 1 
103.815 -28.6283 -180.228 0.293549 2.64194 -80 2 -25 10 43353 1 
103.806 -28.6282 -180.228 0.293549 2.64194 -80 2 -25 10 43354 1 
103.796 -28.6282 -180.228 0.293549 2.64194 -80 2 -25 10 43355 1 
103.786 -28.6282 -180.228 0.293549 2.64194 -80 2 -25 10 43356 1 
103.776 -28.6281 -180.228 0.293549 2.64194 -80 2 -25 10 43357 1 
103.766 -28.6281 -180.228 0.293549 2.64194 -80 2 -25 10 43358 1 
103.757 -28.628 -180.228 0.293549 2.64194 -80 2 -25 10 43359 1 
103.747 -28.628 -180.228 0.293549 2.64194 -80 2 -25 10 43360 1 
103.737 -28.628 -180.228 0.293549 2.64194 -80 2 -25 10 43361 1 
103.727 -28.6279 -180.228 0.293549 2.64194 -80 2 -25 10 43362 1 
103.717 -28.6279 -180.228 0.293549 2.64194 -80 2 -25 10 43363 1 
103.708 -28.6279 -180.228 0.293549 2.64194 -80 2 -25 10 43364 1 
103.698 -28.6278 -180.228 0.293549 2.64194 -80 2 -25 10 43365 1 
103.688 -28.6278 -180.228 0.293549 2.64194 -80 2 -25 10 43366 1 
103.678 -28.6277 -180.228 0.293549 2.64194 -80 2 -25 10 43367 1 
103.669 -28.6277 -180.228 0.293549 2.64194 -80 2 -25 10 43368 1 
103.659 -28.6277 -180.228 0.293549 2.64194 -80 2 -25 10 43369 1 
103.649 -28.6276 -180.228 0.293549 2.64194 -80 2 -25 10 43370 1 
103.639 -28.6276 -180.228 0.293549 2.64194 -80 2 -25 10 43371 1 
103.629 -28.6275 -180.228 0.293549 2.64194 -80 2 -25 10 43372 1 
103.62 -28.6275 -180.228 0.293549 2.64194 -80 2 -25 10 43373 1 
103.61 -28.6275 -180.228 0.293549 2.64194 -80 2 -25 10 43374 1 
103.6 -28.6274 -180.228 0.293549 2.64194 -80 2 -25 10 43375 1 
103.59 -28.6274 -180.228 0.293549 2.64194 -80 2 -25 10 43376 1 
103.58 -28.6274 -180.228 0.293549 2.64194 -80 2 -25 10 43377 1 
103.571 -28.6273 -180.228 0.293549 2.64194 -80 2 -25 10 43378 1 
103.561 -28.6273 -180.228 0.293549 2.64194 -80 2 -25 10 43379 1 
103.551 -28.6272 -180.228 0.293549 2.64194 -80 2 -25 10 43380 1 
103.541 -28.6272 -180.229 0.293549 2.64194 -80 2 -25 10 43381 1 
103.531 -28.6272 -180.229 0.293549 2.64194 -80 2 -25 10 43382 1 
103.522 -28.6271 -180.229 0.293549 2.64194 -80 2 -25 10 43383 1 
103.512 -28.6271 -180.229 0.293549 2.64194 -80 2 -25 10 43384 1 
103.502 -28.6271 -180.229 0.293549 2.64194 -80 2 -25 10 43385 1 
103.492 -28.627 -180.229 0.293549 2.64194 -80 2 -25 10 43386 1 
103.483 -28.627 -180.229 0.293549 2.64194 -80 2 -25 10 43387 1 
103.473 -28.6269 -180.229 0.293549 2.64194 -80 2 -25 10 43388 1 
103.463 -28.6269 -180.229 0.293549 2.64194 -80 2 -25 10 43389 1 
103.453 -28.6269 -180.229 0.293549 2.64194 -80 2 -25 10 43390 1 
103.443 -28.6268 -180.229 0.293549 2.64194 -80 2 -25 10 43391 1 
103.434 -28.6268 -180.229 0.293549 2.64194 -80 2 -25 10 43392 1 
103.424 -28.6267 -180.229 0.293549 2.64194 -80 2 -25 10 43393 1 
103.414 -28.6267 -180.229 0.293549 2.64194 -80 2 -25 10 43394 1 
103.404 -28.6267 -180.229 0.293549 2.64194 -80 2 -25 10 43395 1 
103.394 -28.6266 -180.229 0.293549 2.64194 -80 2 -25 10 43396 1 
103.385 -28.6266 -180.229 0.293549 2.64194 -80 2 -25 10 43397 1 
103.375 -28.6266 -180.229 0.293549 2.64194 -80 2 -25 10 43398 1 
103.365 -28.6265 -180.229 0.293549 2.64194 -80 2 -25 10 43399 1 
103.355 -28.6265 -180.229 0.293549 2.64194 -80 2 -25 10 43400 1 
103.346 -28.6264 -180.229 0.293549 2.64194 -80 2 -25 10 43401 1 
103.336 -28.6264 -180.229 0.293549 2.64194 -80 2 -25 10 43402 1 
103.326 -28.6264 -180.229 0.293549 2.64194 -80 2 -25 10 43403 1 
103.316 -28.6263 -180.229 0.293549 2.64194 -80 2 -25 10 43404 1 
103.306 -28.6263 -180.229 0.293549 2.64194 -80 2 -25 10 43405 1 
103.297 -28.6262 -180.229 0.293549 2.64194 -80 2 -25 10 43406 1 
103.287 -28.6262 -180.229 0.293549 2.64194 -80 2 -25 10 43407 1 
103.277 -28.6262 -180.229 0.293549 2.64194 -80 2 -25 10 43408 1 
103.267 -28.6261 -180.229 0.293549 2.64194 -80 2 -25 10 43409 1 
103.257 -28.6261 -180.229 0.293549 2.64194 -80 2 -25 10 43410 1 
103.248 -28.6261 -180.229 0.293549 2.64194 -80 2 -25 10 43411 1 
103.238 -28.626 -180.229 0.293549 2.64194 -80 2 -25 10 43412 1 
103.228 -28.626 -180.229 0.293549 2.64194 -80 2 -25 10 43413 1 
103.218 -28.6259 -180.229 0.293549 2.64194 -80 2 -25 10 43414 1 
103.208 -28.6259 -180.229 0.293549 2.64194 -80 2 -25 10 43415 1 
103.199 -28.6259 -180.229 0.293549 2.64194 -80 2 -25 10 43416 1 
103.189 -28.6258 -180.229 0.293549 2.64194 -80 2 -25 10 43417 1 
103.179 -28.6258 -180.229 0.293549 2.64194 -80 2 -25 10 43418 1 
103.169 -28.6258 -180.229 0.293549 2.64194 -80 2 -25 10 43419 1 
103.16 -28.6257 -180.229 0.293549 2.64194 -80 2 -25 10 43420 1 
103.15 -28.6257 -180.229 0.293549 2.64194 -80 2 -25 10 43421 1 
103.14 -28.6256 -180.229 0.293549 2.64194 -80 2 -25 10 43422 1 
103.13 -28.6256 -180.229 0.293549 2.64194 -80 2 -25 10 43423 1 
103.12 -28.6256 -180.229 0.293549 2.64194 -80 2 -25 10 43424 1 
103.111 -28.6255 -180.229 0.293549 2.64194 -80 2 -25 10 43425 1 
103.101 -28.6255 -180.229 0.293549 2.64194 -80 2 -25 10 43426 1 
103.091 -28.6254 -180.229 0.293549 2.64194 -80 2 -25 10 43427 1 
103.081 -28.6254 -180.229 0.293549 2.64194 -80 2 -25 10 43428 1 
103.071 -28.6254 -180.229 0.293549 2.64194 -80 2 -25 10 43429 1 
103.062 -28.6253 -180.229 0.293549 2.64194 -80 2 -25 10 43430 1 
103.052 -28.6253 -180.229 0.293549 2.64194 -80 2 -25 10 43431 1 
103.042 -28.6252 -180.229 0.293549 2.64194 -80 2 -25 10 43432 1 
103.032 -28.6252 -180.229 0.293549 2.64194 -80 2 -25 10 43433 1 
103.022 -28.6252 -180.229 0.293549 2.64194 -80 2 -25 10 43434 1 
103.013 -28.6251 -180.229 0.293549 2.64194 -80 2 -25 10 43435 1 
103.003 -28.6251 -180.229 0.293549 2.64194 -80 2 -25 10 43436 1 
102.993 -28.625 -180.229 0.293549 2.64194 -80 2 -25 10 43437 1 
102.983 -28.625 -180.229 0.293549 2.64194 -80 2 -25 10 43438 1 
102.974 -28.625 -180.229 0.293549 2.64194 -80 2 -25 10 43439 1 
102.964 -28.6249 -180.229 0.293549 2.64194 -80 2 -25 10 43440 1 
102.954 -28.6249 -180.229 0.293549 2.64194 -80 2 -25 10 43441 1 
102.944 -28.6248 -180.229 0.293549 2.64194 -80 2 -25 10 43442 1 
102.934 -28.6248 -180.229 0.293549 2.64194 -80 2 -25 10 43443 1 
102.925 -28.6248 -180.229 0.293549 2.64194 -80 2 -25 10 43444 1 
102.915 -28.6247 -180.229 0.293549 2.64194 -80 2 -25 10 43445 1 
102.905 -28.6247 -180.229 0.293549 2.64194 -80 2 -25 10 43446 1 
102.895 -28.6246 -180.229 0.293549 2.64194 -80 2 -25 10 43447 1 
102.885 -28.6246 -180.229 0.293549 2.64194 -80 2 -25 10 43448 1 
102.876 -28.6246 -180.229 0.293549 2.64194 -80 2 -25 10 43449 1 
102.866 -28.6245 -180.229 0.293549 2.64194 -80 2 -25 10 43450 1 
102.856 -28.6245 -180.229 0.293549 2.64194 -80 2 -25 10 43451 1 
102.846 -28.6244 -180.229 0.293549 2.64194 -80 2 -25 10 43452 1 
102.837 -28.6244 -180.229 0.293549 2.64194 -80 2 -25 10 43453 1 
102.827 -28.6244 -180.229 0.293549 2.64194 -80 2 -25 10 43454 1 
102.817 -28.6243 -180.229 0.293549 2.64194 -80 2 -25 10 43455 1 
102.807 -28.6243 -180.229 0.293549 2.64194 -80 2 -25 10 43456 1 
102.797 -28.6242 -180.229 0.293549 2.64194 -80 2 -25 10 43457 1 
102.788 -28.6242 -180.229 0.293549 2.64194 -80 2 -25 10 43458 1 
102.778 -28.6242 -180.229 0.293549 2.64194 -80 2 -25 10 43459 1 
102.768 -28.6241 -180.229 0.293549 2.64194 -80 2 -25 10 43460 1 
102.758 -28.6241 -180.229 0.293549 2.64194 -80 2 -25 10 43461 1 
102.748 -28.624 -180.229 0.293549 2.64194 -80 2 -25 10 43462 1 
102.739 -28.624 -180.229 0.293549 2.64194 -80 2 -25 10 43463 1 
102.729 -28.624 -180.229 0.293549 2.64194 -80 2 -25 10 43464 1 
102.719 -28.6239 -180.229 0.293549 2.64194 -80 2 -25 10 43465 1 
102.709 -28.6239 -180.229 0.293549 2.64194 -80 2 -25 10 43466 1 
102.699 -28.6238 -180.229 0.293549 2.64194 -80 2 -25 10 43467 1 
102.69 -28.6238 -180.229 0.293549 2.64194 -80 2 -25 10 43468 1 
102.68 -28.6238 -180.229 0.293549 2.64194 -80 2 -25 10 43469 1 
102.67 -28.6237 -180.229 0.293549 2.64194 -80 2 -25 10 43470 1 
102.66 -28.6237 -180.229 0.293549 2.64194 -80 2 -25 10 43471 1 
102.651 -28.6236 -180.229 0.293549 2.64194 -80 2 -25 10 43472 1 
102.641 -28.6236 -180.229 0.293549 2.64194 -80 2 -25 10 43473 1 
102.631 -28.6236 -180.229 0.293549 2.64194 -80 2 -25 10 43474 1 
102.621 -28.6235 -180.229 0.293549 2.64194 -80 2 -25 10 43475 1 
102.611 -28.6235 -180.229 0.293549 2.64194 -80 2 -25 10 43476 1 
102.602 -28.6234 -180.229 0.293549 2.64194 -80 2 -25 10 43477 1 
102.592 -28.6234 -180.229 0.293549 2.64194 -80 2 -25 10 43478 1 
102.582 -28.6234 -180.229 0.293549 2.64194 -80 2 -25 10 43479 1 
102.572 -28.6233 -180.229 0.293549 2.64194 -80 2 -25 10 43480 1 
102.562 -28.6233 -180.229 0.293549 2.64194 -80 2 -25 10 43481 1 
102.553 -28.6232 -180.229 0.293549 2.64194 -80 2 -25 10 43482 1 
102.543 -28.6232 -180.23 0.293549 2.64194 -80 2 -25 10 43483 1 
102.533 -28.6232 -180.23 0.293549 2.64194 -80 2 -25 10 43484 1 
102.523 -28.6231 -180.23 0.293549 2.64194 -80 2 -25 10 43485 1 
102.513 -28.6231 -180.23 0.293549 2.64194 -80 2 -25 10 43486 1 
102.504 -28.623 -180.23 0.293549 2.64194 -80 2 -25 10 43487 1 
102.494 -28.623 -180.23 0.293549 2.64194 -80 2 -25 10 43488 1 
102.484 -28.623 -180.23 0.293549 2.64194 -80 2 -25 10 43489 1 
102.474 -28.6229 -180.23 0.293549 2.64194 -80 2 -25 10 43490 1 
102.465 -28.6229 -180.23 0.293549 2.64194 -80 2 -25 10 43491 1 
102.455 -28.6228 -180.23 0.293549 2.64194 -80 2 -25 10 43492 1 
102.445 -28.6228 -180.23 0.293549 2.64194 -80 2 -25 10 43493 1 
102.435 -28.6228 -180.23 0.293549 2.64194 -80 2 -25 10 43494 1 
102.425 -28.6227 -180.23 0.293549 2.64194 -80 2 -25 10 43495 1 
102.416 -28.6227 -180.23 0.293549 2.64194 -80 2 -25 10 43496 1 
102.406 -28.6226 -180.23 0.293549 2.64194 -80 2 -25 10 43497 1 
102.396 -28.6226 -180.23 0.293549 2.64194 -80 2 -25 10 43498 1 
102.386 -28.6226 -180.23 0.293549 2.64194 -80 2 -25 10 43499 1 
102.376 -28.6225 -180.23 0.293549 2.64194 -80 2 -25 10 43500 1 
102.367 -28.6225 -180.23 0.293549 2.64194 -80 2 -25 10 43501 1 
102.357 -28.6224 -180.23 0.293549 2.64194 -80 2 -25 10 43502 1 
102.347 -28.6224 -180.23 0.293549 2.64194 -80 2 -25 10 43503 1 
102.337 -28.6224 -180.23 0.293549 2.64194 -80 2 -25 10 43504 1 
102.328 -28.6223 -180.23 0.293549 2.64194 -80 2 -25 10 43505 1 
102.318 -28.6223 -180.23 0.293549 2.64194 -80 2 -25 10 43506 1 
102.308 -28.6222 -180.23 0.293549 2.64194 -80 2 -25 10 43507 1 
102.298 -28.6222 -180.23 0.293549 2.64194 -80 2 -25 10 43508 1 
102.288 -28.6222 -180.23 0.293549 2.64194 -80 2 -25 10 43509 1 
102.279 -28.6221 -180.23 0.293549 2.64194 -80 2 -25 10 43510 1 
102.269 -28.6221 -180.23 0.293549 2.64194 -80 2 -25 10 43511 1 
102.259 -28.622 -180.23 0.293549 2.64194 -80 2 -25 10 43512 1 
102.249 -28.622 -180.23 0.293549 2.64194 -80 2 -25 10 43513 1 
102.239 -28.622 -180.23 0.293549 2.64194 -80 2 -25 10 43514 1 
102.23 -28.6219 -180.23 0.293549 2.64194 -80 2 -25 10 43515 1 
102.22 -28.6219 -180.23 0.293549 2.64194 -80 2 -25 10 43516 1 
102.21 -28.6218 -180.23 0.293549 2.64194 -80 2 -25 10 43517 1 
102.2 -28.6218 -180.23 0.293549 2.64194 -80 2 -25 10 43518 1 
102.19 -28.6218 -180.23 0.293549 2.64194 -80 2 -25 10 43519 1 
102.181 -28.6217 -180.23 0.293549 2.64194 -80 2 -25 10 43520 1 
102.171 -28.6217 -180.23 0.293549 2.64194 -80 2 -25 10 43521 1 
102.161 -28.6216 -180.23 0.293549 2.64194 -80 2 -25 10 43522 1 
102.151 -28.6216 -180.23 0.293549 2.64194 -80 2 -25 10 43523 1 
102.142 -28.6216 -180.23 0.293549 2.64194 -80 2 -25 10 43524 1 
102.132 -28.6215 -180.23 0.293549 2.64194 -80 2 -25 10 43525 1 
102.122 -28.6215 -180.23 0.293549 2.64194 -80 2 -25 10 43526 1 
102.112 -28.6214 -180.23 0.293549 2.64194 -80 2 -25 10 43527 1 
102.102 -28.6214 -180.23 0.293549 2.64194 -80 2 -25 10 43528 1 
102.093 -28.6214 -180.23 0.293549 2.64194 -80 2 -25 10 43529 1 
102.083 -28.6213 -180.23 0.293549 2.64194 -80 2 -25 10 43530 1 
102.073 -28.6213 -180.23 0.293549 2.64194 -80 2 -25 10 43531 1 
102.063 -28.6212 -180.23 0.293549 2.64194 -80 2 -25 10 43532 1 
102.053 -28.6212 -180.23 0.293549 2.64194 -80 2 -25 10 43533 1 
102.044 -28.6212 -180.23 0.293549 2.64194 -80 2 -25 10 43534 1 
102.034 -28.6211 -180.23 0.293549 2.64194 -80 2 -25 10 43535 1 
102.024 -28.6211 -180.23 0.293549 2.64194 -80 2 -25 10 43536 1 
102.014 -28.621 -180.23 0.293549 2.64194 -80 2 -25 10 43537 1 
102.004 -28.621 -180.23 0.293549 2.64194 -80 2 -25 10 43538 1 
101.995 -28.621 -180.23 0.293549 2.64194 -80 2 -25 10 43539 1 
101.985 -28.6209 -180.23 0.293549 2.64194 -80 2 -25 10 43540 1 
101.975 -28.6209 -180.23 0.293549 2.64194 -80 2 -25 10 43541 1 
101.965 -28.6208 -180.23 0.293549 2.64194 -80 2 -25 10 43542 1 
101.956 -28.6208 -180.23 0.293549 2.64194 -80 2 -25 10 43543 1 
101.946 -28.6208 -180.23 0.293549 2.64194 -80 2 -25 10 43544 1 
101.936 -28.6207 -180.23 0.293549 2.64194 -80 2 -25 10 43545 1 
101.926 -28.6207 -180.23 0.293549 2.64194 -80 2 -25 10 43546 1 
101.916 -28.6206 -180.23 0.293549 2.64194 -80 2 -25 10 43547 1 
101.907 -28.6206 -180.23 0.293549 2.64194 -80 2 -25 10 43548 1 
101.897 -28.6206 -180.23 0.293549 2.64194 -80 2 -25 10 43549 1 
101.887 -28.6205 -180.23 0.293549 2.64194 -80 2 -25 10 43550 1 
101.877 -28.6205 -180.23 0.293549 2.64194 -80 2 -25 10 43551 1 
101.867 -28.6204 -180.23 0.293549 2.64194 -80 2 -25 10 43552 1 
101.858 -28.6204 -180.23 0.293549 2.64194 -80 2 -25 10 43553 1 
101.848 -28.6204 -180.23 0.293549 2.64194 -80 2 -25 10 43554 1 
101.838 -28.6203 -180.23 0.293549 2.64194 -80 2 -25 10 43555 1 
101.828 -28.6203 -180.23 0.293549 2.64194 -80 2 -25 10 43556 1 
101.819 -28.6202 -180.23 0.293549 2.64194 -80 2 -25 10 43557 1 
101.809 -28.6202 -180.23 0.293549 2.64194 -80 2 -25 10 43558 1 
101.799 -28.6202 -180.23 0.293549 2.64194 -80 2 -25 10 43559 1 
101.789 -28.6201 -180.23 0.293549 2.64194 -80 2 -25 10 43560 1 
101.779 -28.6201 -180.23 0.293549 2.64194 -80 2 -25 10 43561 1 
101.77 -28.62 -180.23 0.293549 2.64194 -80 2 -25 10 43562 1 
101.76 -28.62 -180.23 0.293549 2.64194 -80 2 -25 10 43563 1 
101.75 -28.62 -180.23 0.293549 2.64194 -80 2 -25 10 43564 1 
101.74 -28.6199 -180.23 0.293549 2.64194 -80 2 -25 10 43565 1 
101.73 -28.6199 -180.23 0.293549 2.64194 -80 2 -25 10 43566 1 
101.721 -28.6198 -180.23 0.293549 2.64194 -80 2 -25 10 43567 1 
101.711 -28.6198 -180.23 0.293549 2.64194 -80 2 -25 10 43568 1 
101.701 -28.6198 -180.23 0.293549 2.64194 -80 2 -25 10 43569 1 
101.691 -28.6197 -180.23 0.293549 2.64194 -80 2 -25 10 43570 1 
101.681 -28.6197 -180.23 0.293549 2.64194 -80 2 -25 10 43571 1 
101.672 -28.6196 -180.23 0.293549 2.64194 -80 2 -25 10 43572 1 
101.662 -28.6196 -180.23 0.293549 2.64194 -80 2 -25 10 43573 1 
101.652 -28.6196 -180.23 0.293549 2.64194 -80 2 -25 10 43574 1 
101.642 -28.6195 -180.23 0.293549 2.64194 -80 2 -25 10 43575 1 
101.633 -28.6195 -180.23 0.293549 2.64194 -80 2 -25 10 43576 1 
101.623 -28.6194 -180.23 0.293549 2.64194 -80 2 -25 10 43577 1 
101.613 -28.6194 -180.23 0.293549 2.64194 -80 2 -25 10 43578 1 
101.603 -28.6194 -180.23 0.293549 2.64194 -80 2 -25 10 43579 1 
101.593 -28.6193 -180.23 0.293549 2.64194 -80 2 -25 10 43580 1 
101.584 -28.6193 -180.23 0.293549 2.64194 -80 2 -25 10 43581 1 
101.574 -28.6192 -180.23 0.293549 2.64194 -80 2 -25 10 43582 1 
101.564 -28.6192 -180.23 0.293549 2.64194 -80 2 -25 10 43583 1 
101.554 -28.6192 -180.231 0.293549 2.64194 -80 2 -25 10 43584 1 
101.544 -28.6191 -180.231 0.293549 2.64194 -80 2 -25 10 43585 1 
101.535 -28.6191 -180.231 0.293549 2.64194 -80 2 -25 10 43586 1 
101.525 -28.619 -180.231 0.293549 2.64194 -80 2 -25 10 43587 1 
101.515 -28.619 -180.231 0.293549 2.64194 -80 2 -25 10 43588 1 
101.505 -28.619 -180.231 0.293549 2.64194 -80 2 -25 10 43589 1 
101.495 -28.6189 -180.231 0.293549 2.64194 -80 2 -25 10 43590 1 
101.486 -28.6189 -180.231 0.293549 2.64194 -80 2 -25 10 43591 1 
101.476 -28.6188 -180.231 0.293549 2.64194 -80 2 -25 10 43592 1 
101.466 -28.6188 -180.231 0.293549 2.64194 -80 2 -25 10 43593 1 
101.456 -28.6188 -180.231 0.293549 2.64194 -80 2 -25 10 43594 1 
101.447 -28.6187 -180.231 0.293549 2.64194 -80 2 -25 10 43595 1 
101.437 -28.6187 -180.231 0.293549 2.64194 -80 2 -25 10 43596 1 
101.427 -28.6186 -180.231 0.293549 2.64194 -80 2 -25 10 43597 1 
101.417 -28.6186 -180.231 0.293549 2.64194 -80 2 -25 10 43598 1 
101.407 -28.6186 -180.231 0.293549 2.64194 -80 2 -25 10 43599 1 
101.398 -28.6185 -180.231 0.293549 2.64194 -80 2 -25 10 43600 1 
101.388 -28.6185 -180.231 0.293549 2.64194 -80 2 -25 10 43601 1 
101.378 -28.6184 -180.231 0.293549 2.64194 -80 2 -25 10 43602 1 
101.368 -28.6184 -180.231 0.293549 2.64194 -80 2 -25 10 43603 1 
101.358 -28.6184 -180.231 0.293549 2.64194 -80 2 -25 10 43604 1 
101.349 -28.6183 -180.231 0.293549 2.64194 -80 2 -25 10 43605 1 
101.339 -28.6183 -180.231 0.293549 2.64194 -80 2 -25 10 43606 1 
101.329 -28.6182 -180.231 0.293549 2.64194 -80 2 -25 10 43607 1 
101.319 -28.6182 -180.231 0.293549 2.64194 -80 2 -25 10 43608 1 
101.31 -28.6182 -180.231 0.293549 2.64194 -80 2 -25 10 43609 1 
101.3 -28.6181 -180.231 0.293549 2.64194 -80 2 -25 10 43610 1 
101.29 -28.6181 -180.231 0.293549 2.64194 -80 2 -25 10 43611 1 
101.28 -28.618 -180.231 0.293549 2.64194 -80 2 -25 10 43612 1 
101.27 -28.618 -180.231 0.293549 2.64194 -80 2 -25 10 43613 1 
101.261 -28.618 -180.231 0.293549 2.64194 -80 2 -25 10 43614 1 
101.251 -28.6179 -180.231 0.293549 2.64194 -80 2 -25 10 43615 1 
101.241 -28.6179 -180.231 0.293549 2.64194 -80 2 -25 10 43616 1 
101.231 -28.6178 -180.231 0.293549 2.64194 -80 2 -25 10 43617 1 
101.221 -28.6178 -180.231 0.293549 2.64194 -80 2 -25 10 43618 1 
101.212 -28.6178 -180.231 0.293549 2.64194 -80 2 -25 10 43619 1 
101.202 -28.6177 -180.231 0.293549 2.64194 -80 2 -25 10 43620 1 
101.192 -28.6177 -180.231 0.293549 2.64194 -80 2 -25 10 43621 1 
101.182 -28.6176 -180.231 0.293549 2.64194 -80 2 -25 10 43622 1 
101.172 -28.6176 -180.231 0.293549 2.64194 -80 2 -25 10 43623 1 
101.163 -28.6176 -180.231 0.293549 2.64194 -80 2 -25 10 43624 1 
101.153 -28.6175 -180.231 0.293549 2.64194 -80 2 -25 10 43625 1 
101.143 -28.6175 -180.231 0.293549 2.64194 -80 2 -25 10 43626 1 
101.133 -28.6174 -180.231 0.293549 2.64194 -80 2 -25 10 43627 1 
101.124 -28.6174 -180.231 0.293549 2.64194 -80 2 -25 10 43628 1 
101.114 -28.6174 -180.231 0.293549 2.64194 -80 2 -25 10 43629 1 
101.104 -28.6173 -180.231 0.293549 2.64194 -80 2 -25 10 43630 1 
101.094 -28.6173 -180.231 0.293549 2.64194 -80 2 -25 10 43631 1 
101.084 -28.6172 -180.231 0.293549 2.64194 -80 2 -25 10 43632 1 
101.075 -28.6172 -180.231 0.293549 2.64194 -80 2 -25 10 43633 1 
101.065 -28.6172 -180.231 0.293549 2.64194 -80 2 -25 10 43634 1 
101.055 -28.6171 -180.231 0.293549 2.64194 -80 2 -25 10 43635 1 
101.045 -28.6171 -180.231 0.293549 2.64194 -80 2 -25 10 43636 1 
101.035 -28.617 -180.231 0.293549 2.64194 -80 2 -25 10 43637 1 
101.026 -28.617 -180.231 0.293549 2.64194 -80 2 -25 10 43638 1 
101.016 -28.617 -180.231 0.293549 2.64194 -80 2 -25 10 43639 1 
101.006 -28.6169 -180.231 0.293549 2.64194 -80 2 -25 10 43640 1 
100.996 -28.6169 -180.231 0.293549 2.64194 -80 2 -25 10 43641 1 
100.986 -28.6168 -180.231 0.293549 2.64194 -80 2 -25 10 43642 1 
100.977 -28.6168 -180.231 0.293549 2.64194 -80 2 -25 10 43643 1 
100.967 -28.6168 -180.231 0.293549 2.64194 -80 2 -25 10 43644 1 
100.957 -28.6167 -180.231 0.293549 2.64194 -80 2 -25 10 43645 1 
100.947 -28.6167 -180.231 0.293549 2.64194 -80 2 -25 10 43646 1 
100.938 -28.6166 -180.231 0.293549 2.64194 -80 2 -25 10 43647 1 
100.928 -28.6166 -180.231 0.293549 2.64194 -80 2 -25 10 43648 1 
100.918 -28.6166 -180.231 0.293549 2.64194 -80 2 -25 10 43649 1 
100.908 -28.6165 -180.231 0.293549 2.64194 -80 2 -25 10 43650 1 
100.898 -28.6165 -180.231 0.293549 2.64194 -80 2 -25 10 43651 1 
100.889 -28.6164 -180.231 0.293549 2.64194 -80 2 -25 10 43652 1 
100.879 -28.6164 -180.231 0.293549 2.64194 -80 2 -25 10 43653 1 
100.869 -28.6164 -180.231 0.293549 2.64194 -80 2 -25 10 43654 1 
100.859 -28.6163 -180.231 0.293549 2.64194 -80 2 -25 10 43655 1 
100.849 -28.6163 -180.231 0.293549 2.64194 -80 2 -25 10 43656 1 
100.84 -28.6162 -180.231 0.293549 2.64194 -80 2 -25 10 43657 1 
100.83 -28.6162 -180.231 0.293549 2.64194 -80 2 -25 10 43658 1 
100.82 -28.6162 -180.231 0.293549 2.64194 -80 2 -25 10 43659 1 
100.81 -28.6161 -180.231 0.293549 2.64194 -80 2 -25 10 43660 1 
100.8 -28.6161 -180.231 0.293549 2.64194 -80 2 -25 10 43661 1 
100.791 -28.616 -180.231 0.293549 2.64194 -80 2 -25 10 43662 1 
100.781 -28.616 -180.231 0.293549 2.64194 -80 2 -25 10 43663 1 
100.771 -28.616 -180.231 0.293549 2.64194 -80 2 -25 10 43664 1 
100.761 -28.6159 -180.231 0.293549 2.64194 -80 2 -25 10 43665 1 
100.752 -28.6159 -180.231 0.293549 2.64194 -80 2 -25 10 43666 1 
100.742 -28.6158 -180.231 0.293549 2.64194 -80 2 -25 10 43667 1 
100.732 -28.6158 -180.231 0.293549 2.64194 -80 2 -25 10 43668 1 
100.722 -28.6158 -180.231 0.293549 2.64194 -80 2 -25 10 43669 1 
100.712 -28.6157 -180.231 0.293549 2.64194 -80 2 -25 10 43670 1 
100.703 -28.6157 -180.231 0.293549 2.64194 -80 2 -25 10 43671 1 
100.693 -28.6156 -180.231 0.293549 2.64194 -80 2 -25 10 43672 1 
100.683 -28.6156 -180.231 0.293549 2.64194 -80 2 -25 10 43673 1 
100.673 -28.6156 -180.231 0.293549 2.64194 -80 2 -25 10 43674 1 
100.663 -28.6155 -180.231 0.293549 2.64194 -80 2 -25 10 43675 1 
100.654 -28.6155 -180.231 0.293549 2.64194 -80 2 -25 10 43676 1 
100.644 -28.6154 -180.231 0.293549 2.64194 -80 2 -25 10 43677 1 
100.634 -28.6154 -180.231 0.293549 2.64194 -80 2 -25 10 43678 1 
100.624 -28.6154 -180.231 0.293549 2.64194 -80 2 -25 10 43679 1 
100.615 -28.6153 -180.231 0.293549 2.64194 -80 2 -25 10 43680 1 
100.605 -28.6153 -180.231 0.293549 2.64194 -80 2 -25 10 43681 1 
100.595 -28.6152 -180.232 0.293549 2.64194 -80 2 -25 10 43682 1 
100.585 -28.6152 -180.232 0.293549 2.64194 -80 2 -25 10 43683 1 
100.575 -28.6152 -180.232 0.293549 2.64194 -80 2 -25 10 43684 1 
100.566 -28.6151 -180.232 0.293549 2.64194 -80 2 -25 10 43685 1 
100.556 -28.6151 -180.232 0.293549 2.64194 -80 2 -25 10 43686 1 
100.546 -28.615 -180.232 0.293549 2.64194 -80 2 -25 10 43687 1 
100.536 -28.615 -180.232 0.293549 2.64194 -80 2 -25 10 43688 1 
100.526 -28.615 -180.232 0.293549 2.64194 -80 2 -25 10 43689 1 
100.517 -28.6149 -180.232 0.293549 2.64194 -80 2 -25 10 43690 1 
100.507 -28.6149 -180.232 0.293549 2.64194 -80 2 -25 10 43691 1 
100.497 -28.6148 -180.232 0.293549 2.64194 -80 2 -25 10 43692 1 
100.487 -28.6148 -180.232 0.293549 2.64194 -80 2 -25 10 43693 1 
100.477 -28.6148 -180.232 0.293549 2.64194 -80 2 -25 10 43694 1 
100.468 -28.6147 -180.232 0.293549 2.64194 -80 2 -25 10 43695 1 
100.458 -28.6147 -180.232 0.293549 2.64194 -80 2 -25 10 43696 1 
100.448 -28.6146 -180.232 0.293549 2.64194 -80 2 -25 10 43697 1 
100.438 -28.6146 -180.232 0.293549 2.64194 -80 2 -25 10 43698 1 
100.429 -28.6146 -180.232 0.293549 2.64194 -80 2 -25 10 43699 1 
100.419 -28.6145 -180.232 0.293549 2.64194 -80 2 -25 10 43700 1 
100.409 -28.6145 -180.232 0.293549 2.64194 -80 2 -25 10 43701 1 
100.399 -28.6144 -180.232 0.293549 2.64194 -80 2 -25 10 43702 1 
100.389 -28.6144 -180.232 0.293549 2.64194 -80 2 -25 10 43703 1 
100.38 -28.6144 -180.232 0.293549 2.64194 -80 2 -25 10 43704 1 
100.37 -28.6143 -180.232 0.293549 2.64194 -80 2 -25 10 43705 1 
100.36 -28.6143 -180.232 0.293549 2.64194 -80 2 -25 10 43706 1 
100.35 -28.6142 -180.232 0.293549 2.64194 -80 2 -25 10 43707 1 
100.34 -28.6142 -180.232 0.293549 2.64194 -80 2 -25 10 43708 1 
100.331 -28.6142 -180.232 0.293549 2.64194 -80 2 -25 10 43709 1 
100.321 -28.6141 -180.232 0.293549 2.64194 -80 2 -25 10 43710 1 
100.311 -28.6141 -180.232 0.293549 2.64194 -80 2 -25 10 43711 1 
100.301 -28.614 -180.232 0.293549 2.64194 -80 2 -25 10 43712 1 
100.291 -28.614 -180.232 0.293549 2.64194 -80 2 -25 10 43713 1 
100.282 -28.614 -180.232 0.293549 2.64194 -80 2 -25 10 43714 1 
100.272 -28.6139 -180.232 0.293549 2.64194 -80 2 -25 10 43715 1 
100.262 -28.6139 -180.232 0.293549 2.64194 -80 2 -25 10 43716 1 
100.252 -28.6138 -180.232 0.293549 2.64194 -80 2 -25 10 43717 1 
100.243 -28.6138 -180.232 0.293549 2.64194 -80 2 -25 10 43718 1 
100.233 -28.6138 -180.232 0.293549 2.64194 -80 2 -25 10 43719 1 
100.223 -28.6137 -180.232 0.293549 2.64194 -80 2 -25 10 43720 1 
100.213 -28.6137 -180.232 0.293549 2.64194 -80 2 -25 10 43721 1 
100.203 -28.6136 -180.232 0.293549 2.64194 -80 2 -25 10 43722 1 
100.194 -28.6136 -180.232 0.293549 2.64194 -80 2 -25 10 43723 1 
100.184 -28.6136 -180.232 0.293549 2.64194 -80 2 -25 10 43724 1 
100.174 -28.6135 -180.232 0.293549 2.64194 -80 2 -25 10 43725 1 
100.164 -28.6135 -180.232 0.293549 2.64194 -80 2 -25 10 43726 1 
100.154 -28.6134 -180.232 0.293549 2.64194 -80 2 -25 10 43727 1 
100.145 -28.6134 -180.232 0.293549 2.64194 -80 2 -25 10 43728 1 
100.135 -28.6134 -180.232 0.293549 2.64194 -80 2 -25 10 43729 1 
100.125 -28.6133 -180.232 0.293549 2.64194 -80 2 -25 10 43730 1 
100.115 -28.6133 -180.232 0.293549 2.64194 -80 2 -25 10 43731 1 
100.106 -28.6132 -180.232 0.293549 2.64194 -80 2 -25 10 43732 1 
100.096 -28.6132 -180.232 0.293549 2.64194 -80 2 -25 10 43733 1 
100.086 -28.6132 -180.232 0.293549 2.64194 -80 2 -25 10 43734 1 
100.076 -28.6131 -180.232 0.293549 2.64194 -80 2 -25 10 43735 1 
100.066 -28.6131 -180.232 0.293549 2.64194 -80 2 -25 10 43736 1 
100.057 -28.613 -180.232 0.293549 2.64194 -80 2 -25 10 43737 1 
100.047 -28.613 -180.232 0.293549 2.64194 -80 2 -25 10 43738 1 
100.037 -28.613 -180.232 0.293549 2.64194 -80 2 -25 10 43739 1 
100.027 -28.6129 -180.232 0.293549 2.64194 -80 2 -25 10 43740 1 
100.017 -28.6129 -180.232 0.293549 2.64194 -80 2 -25 10 43741 1 
100.008 -28.6128 -180.232 0.293549 2.64194 -80 2 -25 10 43742 1 
99.9978 -28.6128 -180.232 0.293549 2.64194 -80 2 -25 10 43743 1 
99.9881 -28.6128 -180.232 0.293549 2.64194 -80 2 -25 10 43744 1 
99.9783 -28.6127 -180.232 0.293549 2.64194 -80 2 -25 10 43745 1 
99.9685 -28.6127 -180.232 0.293549 2.64194 -80 2 -25 10 43746 1 
99.9587 -28.6126 -180.232 0.293549 2.64194 -80 2 -25 10 43747 1 
99.9489 -28.6126 -180.232 0.293549 2.64194 -80 2 -25 10 43748 1 
99.9391 -28.6126 -180.232 0.293549 2.64194 -80 2 -25 10 43749 1 
99.9293 -28.6125 -180.232 0.293549 2.64194 -80 2 -25 10 43750 1 
99.9195 -28.6125 -180.232 0.293549 2.64194 -80 2 -25 10 43751 1 
99.9097 -28.6124 -180.232 0.293549 2.64194 -80 2 -25 10 43752 1 
99.9 -28.6124 -180.232 0.293549 2.64194 -80 2 -25 10 43753 1 
99.8902 -28.6124 -180.232 0.293549 2.64194 -80 2 -25 10 43754 1 
99.8804 -28.6123 -180.232 0.293549 2.64194 -80 2 -25 10 43755 1 
99.8706 -28.6123 -180.232 0.293549 2.64194 -80 2 -25 10 43756 1 
99.8608 -28.6122 -180.232 0.293549 2.64194 -80 2 -25 10 43757 1 
99.851 -28.6122 -180.232 0.293549 2.64194 -80 2 -25 10 43758 1 
99.8412 -28.6122 -180.232 0.293549 2.64194 -80 2 -25 10 43759 1 
99.8314 -28.6121 -180.232 0.293549 2.64194 -80 2 -25 10 43760 1 
99.8216 -28.6121 -180.232 0.293549 2.64194 -80 2 -25 10 43761 1 
99.8119 -28.612 -180.232 0.293549 2.64194 -80 2 -25 10 43762 1 
99.8021 -28.612 -180.232 0.293549 2.64194 -80 2 -25 10 43763 1 
99.7923 -28.6119 -180.232 0.293549 2.64194 -80 2 -25 10 43764 1 
99.7825 -28.6119 -180.232 0.293549 2.64194 -80 2 -25 10 43765 1 
99.7727 -28.6119 -180.232 0.293549 2.64194 -80 2 -25 10 43766 1 
99.7629 -28.6118 -180.232 0.293549 2.64194 -80 2 -25 10 43767 1 
99.7531 -28.6118 -180.232 0.293549 2.64194 -80 2 -25 10 43768 1 
99.7433 -28.6117 -180.232 0.293549 2.64194 -80 2 -25 10 43769 1 
99.7336 -28.6117 -180.232 0.293549 2.64194 -80 2 -25 10 43770 1 
99.7238 -28.6117 -180.232 0.293549 2.64194 -80 2 -25 10 43771 1 
99.714 -28.6116 -180.232 0.293549 2.64194 -80 2 -25 10 43772 1 
99.7042 -28.6116 -180.232 0.293549 2.64194 -80 2 -25 10 43773 1 
99.6944 -28.6115 -180.232 0.293549 2.64194 -80 2 -25 10 43774 1 
99.6846 -28.6115 -180.232 0.293549 2.64194 -80 2 -25 10 43775 1 
99.6748 -28.6115 -180.232 0.293549 2.64194 -80 2 -25 10 43776 1 
99.665 -28.6114 -180.232 0.293549 2.64194 -80 2 -25 10 43777 1 
99.6552 -28.6114 -180.232 0.293549 2.64194 -80 2 -25 10 43778 1 
99.6455 -28.6113 -180.232 0.293549 2.64194 -80 2 -25 10 43779 1 
99.6357 -28.6113 -180.232 0.293549 2.64194 -80 2 -25 10 43780 1 
99.6259 -28.6113 -180.233 0.293549 2.64194 -80 2 -25 10 43781 1 
99.6161 -28.6112 -180.233 0.293549 2.64194 -80 2 -25 10 43782 1 
99.6063 -28.6112 -180.233 0.293549 2.64194 -80 2 -25 10 43783 1 
99.5965 -28.6111 -180.233 0.293549 2.64194 -80 2 -25 10 43784 1 
99.5867 -28.6111 -180.233 0.293549 2.64194 -80 2 -25 10 43785 1 
99.5769 -28.6111 -180.233 0.293549 2.64194 -80 2 -25 10 43786 1 
99.5671 -28.611 -180.233 0.293549 2.64194 -80 2 -25 10 43787 1 
99.5574 -28.611 -180.233 0.293549 2.64194 -80 2 -25 10 43788 1 
99.5476 -28.6109 -180.233 0.293549 2.64194 -80 2 -25 10 43789 1 
99.5378 -28.6109 -180.233 0.293549 2.64194 -80 2 -25 10 43790 1 
99.528 -28.6109 -180.233 0.293549 2.64194 -80 2 -25 10 43791 1 
99.5182 -28.6108 -180.233 0.293549 2.64194 -80 2 -25 10 43792 1 
99.5084 -28.6108 -180.233 0.293549 2.64194 -80 2 -25 10 43793 1 
99.4986 -28.6107 -180.233 0.293549 2.64194 -80 2 -25 10 43794 1 
99.4888 -28.6107 -180.233 0.293549 2.64194 -80 2 -25 10 43795 1 
99.479 -28.6107 -180.233 0.293549 2.64194 -80 2 -25 10 43796 1 
99.4693 -28.6106 -180.233 0.293549 2.64194 -80 2 -25 10 43797 1 
99.4595 -28.6106 -180.233 0.293549 2.64194 -80 2 -25 10 43798 1 
99.4497 -28.6105 -180.233 0.293549 2.64194 -80 2 -25 10 43799 1 
99.4399 -28.6105 -180.233 0.293549 2.64194 -80 2 -25 10 43800 1 
99.4301 -28.6105 -180.233 0.293549 2.64194 -80 2 -25 10 43801 1 
99.4203 -28.6104 -180.233 0.293549 2.64194 -80 2 -25 10 43802 1 
99.4105 -28.6104 -180.233 0.293549 2.64194 -80 2 -25 10 43803 1 
99.4007 -28.6103 -180.233 0.293549 2.64194 -80 2 -25 10 43804 1 
99.391 -28.6103 -180.233 0.293549 2.64194 -80 2 -25 10 43805 1 
99.3812 -28.6103 -180.233 0.293549 2.64194 -80 2 -25 10 43806 1 
99.3714 -28.6102 -180.233 0.293549 2.64194 -80 2 -25 10 43807 1 
99.3616 -28.6102 -180.233 0.293549 2.64194 -80 2 -25 10 43808 1 
99.3518 -28.6101 -180.233 0.293549 2.64194 -80 2 -25 10 43809 1 
99.342 -28.6101 -180.233 0.293549 2.64194 -80 2 -25 10 43810 1 
99.3322 -28.6101 -180.233 0.293549 2.64194 -80 2 -25 10 43811 1 
99.3224 -28.61 -180.233 0.293549 2.64194 -80 2 -25 10 43812 1 
99.3126 -28.61 -180.233 0.293549 2.64194 -80 2 -25 10 43813 1 
99.3029 -28.6099 -180.233 0.293549 2.64194 -80 2 -25 10 43814 1 
99.2931 -28.6099 -180.233 0.293549 2.64194 -80 2 -25 10 43815 1 
99.2833 -28.6099 -180.233 0.293549 2.64194 -80 2 -25 10 43816 1 
99.2735 -28.6098 -180.233 0.293549 2.64194 -80 2 -25 10 43817 1 
99.2637 -28.6098 -180.233 0.293549 2.64194 -80 2 -25 10 43818 1 
99.2539 -28.6097 -180.233 0.293549 2.64194 -80 2 -25 10 43819 1 
99.2441 -28.6097 -180.233 0.293549 2.64194 -80 2 -25 10 43820 1 
99.2343 -28.6097 -180.233 0.293549 2.64194 -80 2 -25 10 43821 1 
99.2245 -28.6096 -180.233 0.293549 2.64194 -80 2 -25 10 43822 1 
99.2148 -28.6096 -180.233 0.293549 2.64194 -80 2 -25 10 43823 1 
99.205 -28.6095 -180.233 0.293549 2.64194 -80 2 -25 10 43824 1 
99.1952 -28.6095 -180.233 0.293549 2.64194 -80 2 -25 10 43825 1 
99.1854 -28.6095 -180.233 0.293549 2.64194 -80 2 -25 10 43826 1 
99.1756 -28.6094 -180.233 0.293549 2.64194 -80 2 -25 10 43827 1 
99.1658 -28.6094 -180.233 0.293549 2.64194 -80 2 -25 10 43828 1 
99.156 -28.6093 -180.233 0.293549 2.64194 -80 2 -25 10 43829 1 
99.1462 -28.6093 -180.233 0.293549 2.64194 -80 2 -25 10 43830 1 
99.1365 -28.6093 -180.233 0.293549 2.64194 -80 2 -25 10 43831 1 
99.1267 -28.6092 -180.233 0.293549 2.64194 -80 2 -25 10 43832 1 
99.1169 -28.6092 -180.233 0.293549 2.64194 -80 2 -25 10 43833 1 
99.1071 -28.6091 -180.233 0.293549 2.64194 -80 2 -25 10 43834 1 
99.0973 -28.6091 -180.233 0.293549 2.64194 -80 2 -25 10 43835 1 
99.0875 -28.6091 -180.233 0.293549 2.64194 -80 2 -25 10 43836 1 
99.0777 -28.609 -180.233 0.293549 2.64194 -80 2 -25 10 43837 1 
99.0679 -28.609 -180.233 0.293549 2.64194 -80 2 -25 10 43838 1 
99.0581 -28.6089 -180.233 0.293549 2.64194 -80 2 -25 10 43839 1 
99.0484 -28.6089 -180.233 0.293549 2.64194 -80 2 -25 10 43840 1 
99.0386 -28.6089 -180.233 0.293549 2.64194 -80 2 -25 10 43841 1 
99.0288 -28.6088 -180.233 0.293549 2.64194 -80 2 -25 10 43842 1 
99.019 -28.6088 -180.233 0.293549 2.64194 -80 2 -25 10 43843 1 
99.0092 -28.6087 -180.233 0.293549 2.64194 -80 2 -25 10 43844 1 
98.9994 -28.6087 -180.233 0.293549 2.64194 -80 2 -25 10 43845 1 
98.9896 -28.6087 -180.233 0.293549 2.64194 -80 2 -25 10 43846 1 
98.9798 -28.6086 -180.233 0.293549 2.64194 -80 2 -25 10 43847 1 
98.97 -28.6086 -180.233 0.293549 2.64194 -80 2 -25 10 43848 1 
98.9603 -28.6085 -180.233 0.293549 2.64194 -80 2 -25 10 43849 1 
98.9505 -28.6085 -180.233 0.293549 2.64194 -80 2 -25 10 43850 1 
98.9407 -28.6085 -180.233 0.293549 2.64194 -80 2 -25 10 43851 1 
98.9309 -28.6084 -180.233 0.293549 2.64194 -80 2 -25 10 43852 1 
98.9211 -28.6084 -180.233 0.293549 2.64194 -80 2 -25 10 43853 1 
98.9113 -28.6083 -180.233 0.293549 2.64194 -80 2 -25 10 43854 1 
98.9015 -28.6083 -180.233 0.293549 2.64194 -80 2 -25 10 43855 1 
98.8917 -28.6083 -180.233 0.293549 2.64194 -80 2 -25 10 43856 1 
98.882 -28.6082 -180.233 0.293549 2.64194 -80 2 -25 10 43857 1 
98.8722 -28.6082 -180.233 0.293549 2.64194 -80 2 -25 10 43858 1 
98.8624 -28.6081 -180.233 0.293549 2.64194 -80 2 -25 10 43859 1 
98.8526 -28.6081 -180.233 0.293549 2.64194 -80 2 -25 10 43860 1 
98.8428 -28.6081 -180.233 0.293549 2.64194 -80 2 -25 10 43861 1 
98.833 -28.608 -180.233 0.293549 2.64194 -80 2 -25 10 43862 1 
98.8232 -28.608 -180.233 0.293549 2.64194 -80 2 -25 10 43863 1 
98.8134 -28.6079 -180.233 0.293549 2.64194 -80 2 -25 10 43864 1 
98.8036 -28.6079 -180.233 0.293549 2.64194 -80 2 -25 10 43865 1 
98.7939 -28.6079 -180.233 0.293549 2.64194 -80 2 -25 10 43866 1 
98.7841 -28.6078 -180.233 0.293549 2.64194 -80 2 -25 10 43867 1 
98.7743 -28.6078 -180.233 0.293549 2.64194 -80 2 -25 10 43868 1 
98.7645 -28.6077 -180.233 0.293549 2.64194 -80 2 -25 10 43869 1 
98.7547 -28.6077 -180.233 0.293549 2.64194 -80 2 -25 10 43870 1 
98.7449 -28.6077 -180.233 0.293549 2.64194 -80 2 -25 10 43871 1 
98.7351 -28.6076 -180.233 0.293549 2.64194 -80 2 -25 10 43872 1 
98.7253 -28.6076 -180.233 0.293549 2.64194 -80 2 -25 10 43873 1 
98.7155 -28.6075 -180.233 0.293549 2.64194 -80 2 -25 10 43874 1 
98.7058 -28.6075 -180.233 0.293549 2.64194 -80 2 -25 10 43875 1 
98.696 -28.6075 -180.233 0.293549 2.64194 -80 2 -25 10 43876 1 
98.6862 -28.6074 -180.234 0.293549 2.64194 -80 2 -25 10 43877 1 
98.6764 -28.6074 -180.234 0.293549 2.64194 -80 2 -25 10 43878 1 
98.6666 -28.6073 -180.234 0.293549 2.64194 -80 2 -25 10 43879 1 
98.6568 -28.6073 -180.234 0.293549 2.64194 -80 2 -25 10 43880 1 
98.647 -28.6073 -180.234 0.293549 2.64194 -80 2 -25 10 43881 1 
98.6372 -28.6072 -180.234 0.293549 2.64194 -80 2 -25 10 43882 1 
98.6274 -28.6072 -180.234 0.293549 2.64194 -80 2 -25 10 43883 1 
98.6177 -28.6071 -180.234 0.293549 2.64194 -80 2 -25 10 43884 1 
98.6079 -28.6071 -180.234 0.293549 2.64194 -80 2 -25 10 43885 1 
98.5981 -28.6071 -180.234 0.293549 2.64194 -80 2 -25 10 43886 1 
98.5883 -28.607 -180.234 0.293549 2.64194 -80 2 -25 10 43887 1 
98.5785 -28.607 -180.234 0.293549 2.64194 -80 2 -25 10 43888 1 
98.5687 -28.6069 -180.234 0.293549 2.64194 -80 2 -25 10 43889 1 
98.5589 -28.6069 -180.234 0.293549 2.64194 -80 2 -25 10 43890 1 
98.5491 -28.6069 -180.234 0.293549 2.64194 -80 2 -25 10 43891 1 
98.5394 -28.6068 -180.234 0.293549 2.64194 -80 2 -25 10 43892 1 
98.5296 -28.6068 -180.234 0.293549 2.64194 -80 2 -25 10 43893 1 
98.5198 -28.6067 -180.234 0.293549 2.64194 -80 2 -25 10 43894 1 
98.51 -28.6067 -180.234 0.293549 2.64194 -80 2 -25 10 43895 1 
98.5002 -28.6067 -180.234 0.293549 2.64194 -80 2 -25 10 43896 1 
98.4904 -28.6066 -180.234 0.293549 2.64194 -80 2 -25 10 43897 1 
98.4806 -28.6066 -180.234 0.293549 2.64194 -80 2 -25 10 43898 1 
98.4708 -28.6065 -180.234 0.293549 2.64194 -80 2 -25 10 43899 1 
98.461 -28.6065 -180.234 0.293549 2.64194 -80 2 -25 10 43900 1 
98.4513 -28.6065 -180.234 0.293549 2.64194 -80 2 -25 10 43901 1 
98.4415 -28.6064 -180.234 0.293549 2.64194 -80 2 -25 10 43902 1 
98.4317 -28.6064 -180.234 0.293549 2.64194 -80 2 -25 10 43903 1 
98.4219 -28.6063 -180.234 0.293549 2.64194 -80 2 -25 10 43904 1 
98.4121 -28.6063 -180.234 0.293549 2.64194 -80 2 -25 10 43905 1 
98.4023 -28.6063 -180.234 0.293549 2.64194 -80 2 -25 10 43906 1 
98.3925 -28.6062 -180.234 0.293549 2.64194 -80 2 -25 10 43907 1 
98.3827 -28.6062 -180.234 0.293549 2.64194 -80 2 -25 10 43908 1 
98.3729 -28.6061 -180.234 0.293549 2.64194 -80 2 -25 10 43909 1 
98.3632 -28.6061 -180.234 0.293549 2.64194 -80 2 -25 10 43910 1 
98.3534 -28.6061 -180.234 0.293549 2.64194 -80 2 -25 10 43911 1 
98.3436 -28.606 -180.234 0.293549 2.64194 -80 2 -25 10 43912 1 
98.3338 -28.606 -180.234 0.293549 2.64194 -80 2 -25 10 43913 1 
98.324 -28.6059 -180.234 0.293549 2.64194 -80 2 -25 10 43914 1 
98.3142 -28.6059 -180.234 0.293549 2.64194 -80 2 -25 10 43915 1 
98.3044 -28.6059 -180.234 0.293549 2.64194 -80 2 -25 10 43916 1 
98.2946 -28.6058 -180.234 0.293549 2.64194 -80 2 -25 10 43917 1 
98.2849 -28.6058 -180.234 0.293549 2.64194 -80 2 -25 10 43918 1 
98.2751 -28.6057 -180.234 0.293549 2.64194 -80 2 -25 10 43919 1 
98.2653 -28.6057 -180.234 0.293549 2.64194 -80 2 -25 10 43920 1 
98.2555 -28.6057 -180.234 0.293549 2.64194 -80 2 -25 10 43921 1 
98.2457 -28.6056 -180.234 0.293549 2.64194 -80 2 -25 10 43922 1 
98.2359 -28.6056 -180.234 0.293549 2.64194 -80 2 -25 10 43923 1 
98.2261 -28.6055 -180.234 0.293549 2.64194 -80 2 -25 10 43924 1 
98.2163 -28.6055 -180.234 0.293549 2.64194 -80 2 -25 10 43925 1 
98.2065 -28.6055 -180.234 0.293549 2.64194 -80 2 -25 10 43926 1 
98.1968 -28.6054 -180.234 0.293549 2.64194 -80 2 -25 10 43927 1 
98.187 -28.6054 -180.234 0.293549 2.64194 -80 2 -25 10 43928 1 
98.1772 -28.6053 -180.234 0.293549 2.64194 -80 2 -25 10 43929 1 
98.1674 -28.6053 -180.234 0.293549 2.64194 -80 2 -25 10 43930 1 
98.1576 -28.6053 -180.234 0.293549 2.64194 -80 2 -25 10 43931 1 
98.1478 -28.6052 -180.234 0.293549 2.64194 -80 2 -25 10 43932 1 
98.138 -28.6052 -180.234 0.293549 2.64194 -80 2 -25 10 43933 1 
98.1282 -28.6051 -180.234 0.293549 2.64194 -80 2 -25 10 43934 1 
98.1184 -28.6051 -180.234 0.293549 2.64194 -80 2 -25 10 43935 1 
98.1087 -28.6051 -180.234 0.293549 2.64194 -80 2 -25 10 43936 1 
98.0989 -28.605 -180.234 0.293549 2.64194 -80 2 -25 10 43937 1 
98.0891 -28.605 -180.234 0.293549 2.64194 -80 2 -25 10 43938 1 
98.0793 -28.6049 -180.234 0.293549 2.64194 -80 2 -25 10 43939 1 
98.0695 -28.6049 -180.234 0.293549 2.64194 -80 2 -25 10 43940 1 
98.0597 -28.6049 -180.234 0.293549 2.64194 -80 2 -25 10 43941 1 
98.0499 -28.6048 -180.234 0.293549 2.64194 -80 2 -25 10 43942 1 
98.0401 -28.6048 -180.234 0.293549 2.64194 -80 2 -25 10 43943 1 
98.0303 -28.6047 -180.234 0.293549 2.64194 -80 2 -25 10 43944 1 
98.0206 -28.6047 -180.234 0.293549 2.64194 -80 2 -25 10 43945 1 
98.0108 -28.6047 -180.234 0.293549 2.64194 -80 2 -25 10 43946 1 
98.001 -28.6046 -180.234 0.293549 2.64194 -80 2 -25 10 43947 1 
97.9912 -28.6046 -180.234 0.293549 2.64194 -80 2 -25 10 43948 1 
97.9814 -28.6045 -180.234 0.293549 2.64194 -80 2 -25 10 43949 1 
97.9716 -28.6045 -180.234 0.293549 2.64194 -80 2 -25 10 43950 1 
97.9618 -28.6045 -180.234 0.293549 2.64194 -80 2 -25 10 43951 1 
97.952 -28.6044 -180.234 0.293549 2.64194 -80 2 -25 10 43952 1 
97.9423 -28.6044 -180.234 0.293549 2.64194 -80 2 -25 10 43953 1 
97.9325 -28.6043 -180.234 0.293549 2.64194 -80 2 -25 10 43954 1 
97.9227 -28.6043 -180.234 0.293549 2.64194 -80 2 -25 10 43955 1 
97.9129 -28.6043 -180.234 0.293549 2.64194 -80 2 -25 10 43956 1 
97.9031 -28.6042 -180.234 0.293549 2.64194 -80 2 -25 10 43957 1 
97.8933 -28.6042 -180.234 0.293549 2.64194 -80 2 -25 10 43958 1 
97.8835 -28.6041 -180.234 0.293549 2.64194 -80 2 -25 10 43959 1 
97.8737 -28.6041 -180.234 0.293549 2.64194 -80 2 -25 10 43960 1 
97.8639 -28.6041 -180.234 0.293549 2.64194 -80 2 -25 10 43961 1 
97.8542 -28.604 -180.234 0.293549 2.64194 -80 2 -25 10 43962 1 
97.8444 -28.604 -180.234 0.293549 2.64194 -80 2 -25 10 43963 1 
97.8346 -28.6039 -180.234 0.293549 2.64194 -80 2 -25 10 43964 1 
97.8248 -28.6039 -180.234 0.293549 2.64194 -80 2 -25 10 43965 1 
97.815 -28.6039 -180.234 0.293549 2.64194 -80 2 -25 10 43966 1 
97.8052 -28.6038 -180.234 0.293549 2.64194 -80 2 -25 10 43967 1 
97.7954 -28.6038 -180.234 0.293549 2.64194 -80 2 -25 10 43968 1 
97.7856 -28.6037 -180.234 0.293549 2.64194 -80 2 -25 10 43969 1 
97.7758 -28.6037 -180.234 0.293549 2.64194 -80 2 -25 10 43970 1 
97.7661 -28.6037 -180.234 0.293549 2.64194 -80 2 -25 10 43971 1 
97.7563 -28.6036 -180.234 0.293549 2.64194 -80 2 -25 10 43972 1 
97.7465 -28.6036 -180.234 0.293549 2.64194 -80 2 -25 10 43973 1 
97.7367 -28.6035 -180.235 0.293549 2.64194 -80 2 -25 10 43974 1 
97.7269 -28.6035 -180.235 0.293549 2.64194 -80 2 -25 10 43975 1 
97.7171 -28.6035 -180.235 0.293549 2.64194 -80 2 -25 10 43976 1 
97.7073 -28.6034 -180.235 0.293549 2.64194 -80 2 -25 10 43977 1 
97.6975 -28.6034 -180.235 0.293549 2.64194 -80 2 -25 10 43978 1 
97.6878 -28.6033 -180.235 0.293549 2.64194 -80 2 -25 10 43979 1 
97.678 -28.6033 -180.235 0.293549 2.64194 -80 2 -25 10 43980 1 
97.6682 -28.6033 -180.235 0.293549 2.64194 -80 2 -25 10 43981 1 
97.6584 -28.6032 -180.235 0.293549 2.64194 -80 2 -25 10 43982 1 
97.6486 -28.6032 -180.235 0.293549 2.64194 -80 2 -25 10 43983 1 
97.6388 -28.6031 -180.235 0.293549 2.64194 -80 2 -25 10 43984 1 
97.629 -28.6031 -180.235 0.293549 2.64194 -80 2 -25 10 43985 1 
97.6192 -28.6031 -180.235 0.293549 2.64194 -80 2 -25 10 43986 1 
97.6094 -28.603 -180.235 0.293549 2.64194 -80 2 -25 10 43987 1 
97.5997 -28.603 -180.235 0.293549 2.64194 -80 2 -25 10 43988 1 
97.5899 -28.6029 -180.235 0.293549 2.64194 -80 2 -25 10 43989 1 
97.5801 -28.6029 -180.235 0.293549 2.64194 -80 2 -25 10 43990 1 
97.5703 -28.6029 -180.235 0.293549 2.64194 -80 2 -25 10 43991 1 
97.5605 -28.6028 -180.235 0.293549 2.64194 -80 2 -25 10 43992 1 
97.5507 -28.6028 -180.235 0.293549 2.64194 -80 2 -25 10 43993 1 
97.5409 -28.6027 -180.235 0.293549 2.64194 -80 2 -25 10 43994 1 
97.5311 -28.6027 -180.235 0.293549 2.64194 -80 2 -25 10 43995 1 
97.5213 -28.6027 -180.235 0.293549 2.64194 -80 2 -25 10 43996 1 
97.5116 -28.6026 -180.235 0.293549 2.64194 -80 2 -25 10 43997 1 
97.5018 -28.6026 -180.235 0.293549 2.64194 -80 2 -25 10 43998 1 
97.492 -28.6025 -180.235 0.293549 2.64194 -80 2 -25 10 43999 1 
97.4822 -28.6025 -180.235 0.293549 2.64194 -80 2 -25 10 44000 1 
97.4724 -28.6025 -180.235 0.293549 2.64194 -80 2 -25 10 44001 1 
97.4626 -28.6024 -180.235 0.293549 2.64194 -80 2 -25 10 44002 1 
97.4528 -28.6024 -180.235 0.293549 2.64194 -80 2 -25 10 44003 1 
97.443 -28.6023 -180.235 0.293549 2.64194 -80 2 -25 10 44004 1 
97.4333 -28.6023 -180.235 0.293549 2.64194 -80 2 -25 10 44005 1 
97.4235 -28.6023 -180.235 0.293549 2.64194 -80 2 -25 10 44006 1 
97.4137 -28.6022 -180.235 0.293549 2.64194 -80 2 -25 10 44007 1 
97.4039 -28.6022 -180.235 0.293549 2.64194 -80 2 -25 10 44008 1 
97.3941 -28.6021 -180.235 0.293549 2.64194 -80 2 -25 10 44009 1 
97.3843 -28.6021 -180.235 0.293549 2.64194 -80 2 -25 10 44010 1 
97.3745 -28.6021 -180.235 0.293549 2.64194 -80 2 -25 10 44011 1 
97.3647 -28.602 -180.235 0.293549 2.64194 -80 2 -25 10 44012 1 
97.3549 -28.602 -180.235 0.293549 2.64194 -80 2 -25 10 44013 1 
97.3452 -28.6019 -180.235 0.293549 2.64194 -80 2 -25 10 44014 1 
97.3354 -28.6019 -180.235 0.293549 2.64194 -80 2 -25 10 44015 1 
97.3256 -28.6019 -180.235 0.293549 2.64194 -80 2 -25 10 44016 1 
97.3158 -28.6018 -180.235 0.293549 2.64194 -80 2 -25 10 44017 1 
97.306 -28.6018 -180.235 0.293549 2.64194 -80 2 -25 10 44018 1 
97.2962 -28.6017 -180.235 0.293549 2.64194 -80 2 -25 10 44019 1 
97.2864 -28.6017 -180.235 0.293549 2.64194 -80 2 -25 10 44020 1 
97.2766 -28.6017 -180.235 0.293549 2.64194 -80 2 -25 10 44021 1 
97.2668 -28.6016 -180.235 0.293549 2.64194 -80 2 -25 10 44022 1 
97.2571 -28.6016 -180.235 0.293549 2.64194 -80 2 -25 10 44023 1 
97.2473 -28.6015 -180.235 0.293549 2.64194 -80 2 -25 10 44024 1 
97.2375 -28.6015 -180.235 0.293549 2.64194 -80 2 -25 10 44025 1 
97.2277 -28.6015 -180.235 0.293549 2.64194 -80 2 -25 10 44026 1 
97.2179 -28.6014 -180.235 0.293549 2.64194 -80 2 -25 10 44027 1 
97.2081 -28.6014 -180.235 0.293549 2.64194 -80 2 -25 10 44028 1 
97.1983 -28.6013 -180.235 0.293549 2.64194 -80 2 -25 10 44029 1 
97.1885 -28.6013 -180.235 0.293549 2.64194 -80 2 -25 10 44030 1 
97.1787 -28.6013 -180.235 0.293549 2.64194 -80 2 -25 10 44031 1 
97.169 -28.6012 -180.235 0.293549 2.64194 -80 2 -25 10 44032 1 
97.1592 -28.6012 -180.235 0.293549 2.64194 -80 2 -25 10 44033 1 
97.1494 -28.6011 -180.235 0.293549 2.64194 -80 2 -25 10 44034 1 
97.1396 -28.6011 -180.235 0.293549 2.64194 -80 2 -25 10 44035 1 
97.1298 -28.6011 -180.235 0.293549 2.64194 -80 2 -25 10 44036 1 
97.12 -28.601 -180.235 0.293549 2.64194 -80 2 -25 10 44037 1 
97.1102 -28.601 -180.235 0.293549 2.64194 -80 2 -25 10 44038 1 
97.1004 -28.6009 -180.235 0.293549 2.64194 -80 2 -25 10 44039 1 
97.0907 -28.6009 -180.235 0.293549 2.64194 -80 2 -25 10 44040 1 
97.0809 -28.6009 -180.235 0.293549 2.64194 -80 2 -25 10 44041 1 
97.0711 -28.6008 -180.235 0.293549 2.64194 -80 2 -25 10 44042 1 
97.0613 -28.6008 -180.235 0.293549 2.64194 -80 2 -25 10 44043 1 
97.0515 -28.6007 -180.235 0.293549 2.64194 -80 2 -25 10 44044 1 
97.0417 -28.6007 -180.235 0.293549 2.64194 -80 2 -25 10 44045 1 
97.0319 -28.6007 -180.235 0.293549 2.64194 -80 2 -25 10 44046 1 
97.0221 -28.6006 -180.235 0.293549 2.64194 -80 2 -25 10 44047 1 
97.0123 -28.6006 -180.235 0.293549 2.64194 -80 2 -25 10 44048 1 
97.0026 -28.6005 -180.235 0.293549 2.64194 -80 2 -25 10 44049 1 
96.9928 -28.6005 -180.235 0.293549 2.64194 -80 2 -25 10 44050 1 
96.983 -28.6005 -180.235 0.293549 2.64194 -80 2 -25 10 44051 1 
96.9732 -28.6004 -180.235 0.293549 2.64194 -80 2 -25 10 44052 1 
96.9634 -28.6004 -180.235 0.293549 2.64194 -80 2 -25 10 44053 1 
96.9536 -28.6003 -180.235 0.293549 2.64194 -80 2 -25 10 44054 1 
96.9438 -28.6003 -180.235 0.293549 2.64194 -80 2 -25 10 44055 1 
96.934 -28.6003 -180.235 0.293549 2.64194 -80 2 -25 10 44056 1 
96.9242 -28.6002 -180.235 0.293549 2.64194 -80 2 -25 10 44057 1 
96.9145 -28.6002 -180.235 0.293549 2.64194 -80 2 -25 10 44058 1 
96.9047 -28.6001 -180.235 0.293549 2.64194 -80 2 -25 10 44059 1 
96.8949 -28.6001 -180.235 0.293549 2.64194 -80 2 -25 10 44060 1 
96.8851 -28.6001 -180.235 0.293549 2.64194 -80 2 -25 10 44061 1 
96.8753 -28.6 -180.235 0.293549 2.64194 -80 2 -25 10 44062 1 
96.8655 -28.6 -180.235 0.293549 2.64194 -80 2 -25 10 44063 1 
96.8557 -28.5999 -180.235 0.293549 2.64194 -80 2 -25 10 44064 1 
96.8459 -28.5999 -180.235 0.293549 2.64194 -80 2 -25 10 44065 1 
96.8362 -28.5999 -180.235 0.293549 2.64194 -80 2 -25 10 44066 1 
96.8264 -28.5998 -180.235 0.293549 2.64194 -80 2 -25 10 44067 1 
96.8166 -28.5998 -180.236 0.293549 2.64194 -80 2 -25 10 44068 1 
96.8068 -28.5997 -180.236 0.293549 2.64194 -80 2 -25 10 44069 1 
96.797 -28.5997 -180.236 0.293549 2.64194 -80 2 -25 10 44070 1 
96.7872 -28.5997 -180.236 0.293549 2.64194 -80 2 -25 10 44071 1 
96.7774 -28.5996 -180.236 0.293549 2.64194 -80 2 -25 10 44072 1 
96.7676 -28.5996 -180.236 0.293549 2.64194 -80 2 -25 10 44073 1 
96.7578 -28.5995 -180.236 0.293549 2.64194 -80 2 -25 10 44074 1 
96.7481 -28.5995 -180.236 0.293549 2.64194 -80 2 -25 10 44075 1 
96.7383 -28.5995 -180.236 0.293549 2.64194 -80 2 -25 10 44076 1 
96.7285 -28.5994 -180.236 0.293549 2.64194 -80 2 -25 10 44077 1 
96.7187 -28.5994 -180.236 0.293549 2.64194 -80 2 -25 10 44078 1 
96.7089 -28.5993 -180.236 0.293549 2.64194 -80 2 -25 10 44079 1 
96.6991 -28.5993 -180.236 0.293549 2.64194 -80 2 -25 10 44080 1 
96.6893 -28.5993 -180.236 0.293549 2.64194 -80 2 -25 10 44081 1 
96.6795 -28.5992 -180.236 0.293549 2.64194 -80 2 -25 10 44082 1 
96.6697 -28.5992 -180.236 0.293549 2.64194 -80 2 -25 10 44083 1 
96.66 -28.5991 -180.236 0.293549 2.64194 -80 2 -25 10 44084 1 
96.6502 -28.5991 -180.236 0.293549 2.64194 -80 2 -25 10 44085 1 
96.6404 -28.5991 -180.236 0.293549 2.64194 -80 2 -25 10 44086 1 
96.6306 -28.599 -180.236 0.293549 2.64194 -80 2 -25 10 44087 1 
96.6208 -28.599 -180.236 0.293549 2.64194 -80 2 -25 10 44088 1 
96.611 -28.5989 -180.236 0.293549 2.64194 -80 2 -25 10 44089 1 
96.6012 -28.5989 -180.236 0.293549 2.64194 -80 2 -25 10 44090 1 
96.5914 -28.5989 -180.236 0.293549 2.64194 -80 2 -25 10 44091 1 
96.5816 -28.5988 -180.236 0.293549 2.64194 -80 2 -25 10 44092 1 
96.5719 -28.5988 -180.236 0.293549 2.64194 -80 2 -25 10 44093 1 
96.5621 -28.5987 -180.236 0.293549 2.64194 -80 2 -25 10 44094 1 
96.5523 -28.5987 -180.236 0.293549 2.64194 -80 2 -25 10 44095 1 
96.5425 -28.5987 -180.236 0.293549 2.64194 -80 2 -25 10 44096 1 
96.5327 -28.5986 -180.236 0.293549 2.64194 -80 2 -25 10 44097 1 
96.5229 -28.5986 -180.236 0.293549 2.64194 -80 2 -25 10 44098 1 
96.5131 -28.5985 -180.236 0.293549 2.64194 -80 2 -25 10 44099 1 
96.5033 -28.5985 -180.236 0.293549 2.64194 -80 2 -25 10 44100 1 
96.4936 -28.5985 -180.236 0.293549 2.64194 -80 2 -25 10 44101 1 
96.4838 -28.5984 -180.236 0.293549 2.64194 -80 2 -25 10 44102 1 
96.474 -28.5984 -180.236 0.293549 2.64194 -80 2 -25 10 44103 1 
96.4642 -28.5983 -180.236 0.293549 2.64194 -80 2 -25 10 44104 1 
96.4544 -28.5983 -180.236 0.293549 2.64194 -80 2 -25 10 44105 1 
96.4446 -28.5983 -180.236 0.293549 2.64194 -80 2 -25 10 44106 1 
96.4348 -28.5982 -180.236 0.293549 2.64194 -80 2 -25 10 44107 1 
96.425 -28.5982 -180.236 0.293549 2.64194 -80 2 -25 10 44108 1 
96.4152 -28.5981 -180.236 0.293549 2.64194 -80 2 -25 10 44109 1 
96.4055 -28.5981 -180.236 0.293549 2.64194 -80 2 -25 10 44110 1 
96.3957 -28.5981 -180.236 0.293549 2.64194 -80 2 -25 10 44111 1 
96.3859 -28.598 -180.236 0.293549 2.64194 -80 2 -25 10 44112 1 
96.3761 -28.598 -180.236 0.293549 2.64194 -80 2 -25 10 44113 1 
96.3663 -28.5979 -180.236 0.293549 2.64194 -80 2 -25 10 44114 1 
96.3565 -28.5979 -180.236 0.293549 2.64194 -80 2 -25 10 44115 1 
96.3467 -28.5979 -180.236 0.293549 2.64194 -80 2 -25 10 44116 1 
96.3369 -28.5978 -180.236 0.293549 2.64194 -80 2 -25 10 44117 1 
96.3271 -28.5978 -180.236 0.293549 2.64194 -80 2 -25 10 44118 1 
96.3174 -28.5977 -180.236 0.293549 2.64194 -80 2 -25 10 44119 1 
96.3076 -28.5977 -180.236 0.293549 2.64194 -80 2 -25 10 44120 1 
96.2978 -28.5977 -180.236 0.293549 2.64194 -80 2 -25 10 44121 1 
96.288 -28.5976 -180.236 0.293549 2.64194 -80 2 -25 10 44122 1 
96.2782 -28.5976 -180.236 0.293549 2.64194 -80 2 -25 10 44123 1 
96.2684 -28.5975 -180.236 0.293549 2.64194 -80 2 -25 10 44124 1 
96.2586 -28.5975 -180.236 0.293549 2.64194 -80 2 -25 10 44125 1 
96.2488 -28.5975 -180.236 0.293549 2.64194 -80 2 -25 10 44126 1 
96.2391 -28.5974 -180.236 0.293549 2.64194 -80 2 -25 10 44127 1 
96.2293 -28.5974 -180.236 0.293549 2.64194 -80 2 -25 10 44128 1 
96.2195 -28.5973 -180.236 0.293549 2.64194 -80 2 -25 10 44129 1 
96.2097 -28.5973 -180.236 0.293549 2.64194 -80 2 -25 10 44130 1 
96.1999 -28.5972 -180.236 0.293549 2.64194 -80 2 -25 10 44131 1 
96.1901 -28.5972 -180.236 0.293549 2.64194 -80 2 -25 10 44132 1 
96.1803 -28.5972 -180.236 0.293549 2.64194 -80 2 -25 10 44133 1 
96.1705 -28.5971 -180.236 0.293549 2.64194 -80 2 -25 10 44134 1 
96.1607 -28.5971 -180.236 0.293549 2.64194 -80 2 -25 10 44135 1 
96.151 -28.597 -180.236 0.293549 2.64194 -80 2 -25 10 44136 1 
96.1412 -28.597 -180.236 0.293549 2.64194 -80 2 -25 10 44137 1 
96.1314 -28.597 -180.236 0.293549 2.64194 -80 2 -25 10 44138 1 
96.1216 -28.5969 -180.236 0.293549 2.64194 -80 2 -25 10 44139 1 
96.1118 -28.5969 -180.236 0.293549 2.64194 -80 2 -25 10 44140 1 
96.102 -28.5968 -180.236 0.293549 2.64194 -80 2 -25 10 44141 1 
96.0922 -28.5968 -180.236 0.293549 2.64194 -80 2 -25 10 44142 1 
96.0824 -28.5968 -180.236 0.293549 2.64194 -80 2 -25 10 44143 1 
96.0726 -28.5967 -180.236 0.293549 2.64194 -80 2 -25 10 44144 1 
96.0629 -28.5967 -180.236 0.293549 2.64194 -80 2 -25 10 44145 1 
96.0531 -28.5966 -180.236 0.293549 2.64194 -80 2 -25 10 44146 1 
96.0433 -28.5966 -180.236 0.293549 2.64194 -80 2 -25 10 44147 1 
96.0335 -28.5966 -180.236 0.293549 2.64194 -80 2 -25 10 44148 1 
96.0237 -28.5965 -180.236 0.293549 2.64194 -80 2 -25 10 44149 1 
96.0139 -28.5965 -180.236 0.293549 2.64194 -80 2 -25 10 44150 1 
96.0041 -28.5964 -180.236 0.293549 2.64194 -80 2 -25 10 44151 1 
95.9943 -28.5964 -180.236 0.293549 2.64194 -80 2 -25 10 44152 1 
95.9846 -28.5964 -180.236 0.293549 2.64194 -80 2 -25 10 44153 1 
95.9748 -28.5963 -180.236 0.293549 2.64194 -80 2 -25 10 44154 1 
95.965 -28.5963 -180.236 0.293549 2.64194 -80 2 -25 10 44155 1 
95.9552 -28.5962 -180.236 0.293549 2.64194 -80 2 -25 10 44156 1 
95.9454 -28.5962 -180.236 0.293549 2.64194 -80 2 -25 10 44157 1 
95.9356 -28.5962 -180.236 0.293549 2.64194 -80 2 -25 10 44158 1 
95.9258 -28.5961 -180.236 0.293549 2.64194 -80 2 -25 10 44159 1 
95.916 -28.5961 -180.236 0.293549 2.64194 -80 2 -25 10 44160 1 
95.9062 -28.596 -180.236 0.293549 2.64194 -80 2 -25 10 44161 1 
95.8965 -28.596 -180.236 0.293549 2.64194 -80 2 -25 10 44162 1 
95.8867 -28.596 -180.237 0.293549 2.64194 -80 2 -25 10 44163 1 
95.8769 -28.5959 -180.237 0.293549 2.64194 -80 2 -25 10 44164 1 
95.8671 -28.5959 -180.237 0.293549 2.64194 -80 2 -25 10 44165 1 
95.8573 -28.5958 -180.237 0.293549 2.64194 -80 2 -25 10 44166 1 
95.8475 -28.5958 -180.237 0.293549 2.64194 -80 2 -25 10 44167 1 
95.8377 -28.5958 -180.237 0.293549 2.64194 -80 2 -25 10 44168 1 
95.8279 -28.5957 -180.237 0.293549 2.64194 -80 2 -25 10 44169 1 
95.8181 -28.5957 -180.237 0.293549 2.64194 -80 2 -25 10 44170 1 
95.8084 -28.5956 -180.237 0.293549 2.64194 -80 2 -25 10 44171 1 
95.7986 -28.5956 -180.237 0.293549 2.64194 -80 2 -25 10 44172 1 
95.7888 -28.5956 -180.237 0.293549 2.64194 -80 2 -25 10 44173 1 
95.779 -28.5955 -180.237 0.293549 2.64194 -80 2 -25 10 44174 1 
95.7692 -28.5955 -180.237 0.293549 2.64194 -80 2 -25 10 44175 1 
95.7594 -28.5954 -180.237 0.293549 2.64194 -80 2 -25 10 44176 1 
95.7496 -28.5954 -180.237 0.293549 2.64194 -80 2 -25 10 44177 1 
95.7398 -28.5954 -180.237 0.293549 2.64194 -80 2 -25 10 44178 1 
95.73 -28.5953 -180.237 0.293549 2.64194 -80 2 -25 10 44179 1 
95.7203 -28.5953 -180.237 0.293549 2.64194 -80 2 -25 10 44180 1 
95.7105 -28.5952 -180.237 0.293549 2.64194 -80 2 -25 10 44181 1 
95.7007 -28.5952 -180.237 0.293549 2.64194 -80 2 -25 10 44182 1 
95.6909 -28.5952 -180.237 0.293549 2.64194 -80 2 -25 10 44183 1 
95.6811 -28.5951 -180.237 0.293549 2.64194 -80 2 -25 10 44184 1 
95.6713 -28.5951 -180.237 0.293549 2.64194 -80 2 -25 10 44185 1 
95.6615 -28.595 -180.237 0.293549 2.64194 -80 2 -25 10 44186 1 
95.6517 -28.595 -180.237 0.293549 2.64194 -80 2 -25 10 44187 1 
95.642 -28.595 -180.237 0.293549 2.64194 -80 2 -25 10 44188 1 
95.6322 -28.5949 -180.237 0.293549 2.64194 -80 2 -25 10 44189 1 
95.6224 -28.5949 -180.237 0.293549 2.64194 -80 2 -25 10 44190 1 
95.6126 -28.5948 -180.237 0.293549 2.64194 -80 2 -25 10 44191 1 
95.6028 -28.5948 -180.237 0.293549 2.64194 -80 2 -25 10 44192 1 
95.593 -28.5948 -180.237 0.293549 2.64194 -80 2 -25 10 44193 1 
95.5832 -28.5947 -180.237 0.293549 2.64194 -80 2 -25 10 44194 1 
95.5734 -28.5947 -180.237 0.293549 2.64194 -80 2 -25 10 44195 1 
95.5636 -28.5946 -180.237 0.293549 2.64194 -80 2 -25 10 44196 1 
95.5539 -28.5946 -180.237 0.293549 2.64194 -80 2 -25 10 44197 1 
95.5441 -28.5946 -180.237 0.293549 2.64194 -80 2 -25 10 44198 1 
95.5343 -28.5945 -180.237 0.293549 2.64194 -80 2 -25 10 44199 1 
95.5245 -28.5945 -180.237 0.293549 2.64194 -80 2 -25 10 44200 1 
95.5147 -28.5944 -180.237 0.293549 2.64194 -80 2 -25 10 44201 1 
95.5049 -28.5944 -180.237 0.293549 2.64194 -80 2 -25 10 44202 1 
95.4951 -28.5944 -180.237 0.293549 2.64194 -80 2 -25 10 44203 1 
95.4853 -28.5943 -180.237 0.293549 2.64194 -80 2 -25 10 44204 1 
95.4755 -28.5943 -180.237 0.293549 2.64194 -80 2 -25 10 44205 1 
95.4658 -28.5942 -180.237 0.293549 2.64194 -80 2 -25 10 44206 1 
95.456 -28.5942 -180.237 0.293549 2.64194 -80 2 -25 10 44207 1 
95.4462 -28.5942 -180.237 0.293549 2.64194 -80 2 -25 10 44208 1 
95.4364 -28.5941 -180.237 0.293549 2.64194 -80 2 -25 10 44209 1 
95.4266 -28.5941 -180.237 0.293549 2.64194 -80 2 -25 10 44210 1 
95.4168 -28.594 -180.237 0.293549 2.64194 -80 2 -25 10 44211 1 
95.407 -28.594 -180.237 0.293549 2.64194 -80 2 -25 10 44212 1 
95.3972 -28.594 -180.237 0.293549 2.64194 -80 2 -25 10 44213 1 
95.3875 -28.5939 -180.237 0.293549 2.64194 -80 2 -25 10 44214 1 
95.3777 -28.5939 -180.237 0.293549 2.64194 -80 2 -25 10 44215 1 
95.3679 -28.5938 -180.237 0.293549 2.64194 -80 2 -25 10 44216 1 
95.3581 -28.5938 -180.237 0.293549 2.64194 -80 2 -25 10 44217 1 
95.3483 -28.5938 -180.237 0.293549 2.64194 -80 2 -25 10 44218 1 
95.3385 -28.5937 -180.237 0.293549 2.64194 -80 2 -25 10 44219 1 
95.3287 -28.5937 -180.237 0.293549 2.64194 -80 2 -25 10 44220 1 
95.3189 -28.5936 -180.237 0.293549 2.64194 -80 2 -25 10 44221 1 
95.3091 -28.5936 -180.237 0.293549 2.64194 -80 2 -25 10 44222 1 
95.2994 -28.5936 -180.237 0.293549 2.64194 -80 2 -25 10 44223 1 
95.2896 -28.5935 -180.237 0.293549 2.64194 -80 2 -25 10 44224 1 
95.2798 -28.5935 -180.237 0.293549 2.64194 -80 2 -25 10 44225 1 
95.27 -28.5934 -180.237 0.293549 2.64194 -80 2 -25 10 44226 1 
95.2602 -28.5934 -180.237 0.293549 2.64194 -80 2 -25 10 44227 1 
95.2504 -28.5934 -180.237 0.293549 2.64194 -80 2 -25 10 44228 1 
95.2406 -28.5933 -180.237 0.293549 2.64194 -80 2 -25 10 44229 1 
95.2308 -28.5933 -180.237 0.293549 2.64194 -80 2 -25 10 44230 1 
95.221 -28.5932 -180.237 0.293549 2.64194 -80 2 -25 10 44231 1 
95.2113 -28.5932 -180.237 0.293549 2.64194 -80 2 -25 10 44232 1 
95.2015 -28.5932 -180.237 0.293549 2.64194 -80 2 -25 10 44233 1 
95.1917 -28.5931 -180.237 0.293549 2.64194 -80 2 -25 10 44234 1 
95.1819 -28.5931 -180.237 0.293549 2.64194 -80 2 -25 10 44235 1 
95.1721 -28.593 -180.237 0.293549 2.64194 -80 2 -25 10 44236 1 
95.1623 -28.593 -180.237 0.293549 2.64194 -80 2 -25 10 44237 1 
95.1525 -28.593 -180.237 0.293549 2.64194 -80 2 -25 10 44238 1 
95.1427 -28.5929 -180.237 0.293549 2.64194 -80 2 -25 10 44239 1 
95.1329 -28.5929 -180.237 0.293549 2.64194 -80 2 -25 10 44240 1 
95.1232 -28.5928 -180.237 0.293549 2.64194 -80 2 -25 10 44241 1 
95.1134 -28.5928 -180.237 0.293549 2.64194 -80 2 -25 10 44242 1 
95.1036 -28.5928 -180.237 0.293549 2.64194 -80 2 -25 10 44243 1 
95.0938 -28.5927 -180.237 0.293549 2.64194 -80 2 -25 10 44244 1 
95.084 -28.5927 -180.237 0.293549 2.64194 -80 2 -25 10 44245 1 
95.0742 -28.5926 -180.237 0.293549 2.64194 -80 2 -25 10 44246 1 
95.0644 -28.5926 -180.237 0.293549 2.64194 -80 2 -25 10 44247 1 
95.0546 -28.5926 -180.237 0.293549 2.64194 -80 2 -25 10 44248 1 
95.0449 -28.5925 -180.237 0.293549 2.64194 -80 2 -25 10 44249 1 
95.0351 -28.5925 -180.237 0.293549 2.64194 -80 2 -25 10 44250 1 
95.0253 -28.5924 -180.237 0.293549 2.64194 -80 2 -25 10 44251 1 
95.0155 -28.5924 -180.237 0.293549 2.64194 -80 2 -25 10 44252 1 
95.0057 -28.5924 -180.237 0.293549 2.64194 -80 2 -25 10 44253 1 
94.9959 -28.5923 -180.237 0.293549 2.64194 -80 2 -25 10 44254 1 
94.9861 -28.5923 -180.238 0.293549 2.64194 -80 2 -25 10 44255 1 
94.9763 -28.5922 -180.238 0.293549 2.64194 -80 2 -25 10 44256 1 
94.9665 -28.5922 -180.238 0.293549 2.64194 -80 2 -25 10 44257 1 
94.9568 -28.5922 -180.238 0.293549 2.64194 -80 2 -25 10 44258 1 
94.947 -28.5921 -180.238 0.293549 2.64194 -80 2 -25 10 44259 1 
94.9372 -28.5921 -180.238 0.293549 2.64194 -80 2 -25 10 44260 1 
94.9274 -28.592 -180.238 0.293549 2.64194 -80 2 -25 10 44261 1 
94.9176 -28.592 -180.238 0.293549 2.64194 -80 2 -25 10 44262 1 
94.9078 -28.592 -180.238 0.293549 2.64194 -80 2 -25 10 44263 1 
94.898 -28.5919 -180.238 0.293549 2.64194 -80 2 -25 10 44264 1 
94.8882 -28.5919 -180.238 0.293549 2.64194 -80 2 -25 10 44265 1 
94.8784 -28.5918 -180.238 0.293549 2.64194 -80 2 -25 10 44266 1 
94.8687 -28.5918 -180.238 0.293549 2.64194 -80 2 -25 10 44267 1 
94.8589 -28.5918 -180.238 0.293549 2.64194 -80 2 -25 10 44268 1 
94.8491 -28.5917 -180.238 0.293549 2.64194 -80 2 -25 10 44269 1 
94.8393 -28.5917 -180.238 0.293549 2.64194 -80 2 -25 10 44270 1 
94.8295 -28.5916 -180.238 0.293549 2.64194 -80 2 -25 10 44271 1 
94.8197 -28.5916 -180.238 0.293549 2.64194 -80 2 -25 10 44272 1 
94.8099 -28.5916 -180.238 0.293549 2.64194 -80 2 -25 10 44273 1 
94.8001 -28.5915 -180.238 0.293549 2.64194 -80 2 -25 10 44274 1 
94.7904 -28.5915 -180.238 0.293549 2.64194 -80 2 -25 10 44275 1 
94.7806 -28.5914 -180.238 0.293549 2.64194 -80 2 -25 10 44276 1 
94.7708 -28.5914 -180.238 0.293549 2.64194 -80 2 -25 10 44277 1 
94.761 -28.5914 -180.238 0.293549 2.64194 -80 2 -25 10 44278 1 
94.7512 -28.5913 -180.238 0.293549 2.64194 -80 2 -25 10 44279 1 
94.7414 -28.5913 -180.238 0.293549 2.64194 -80 2 -25 10 44280 1 
94.7316 -28.5912 -180.238 0.293549 2.64194 -80 2 -25 10 44281 1 
94.7218 -28.5912 -180.238 0.293549 2.64194 -80 2 -25 10 44282 1 
94.712 -28.5912 -180.238 0.293549 2.64194 -80 2 -25 10 44283 1 
94.7023 -28.5911 -180.238 0.293549 2.64194 -80 2 -25 10 44284 1 
94.6925 -28.5911 -180.238 0.293549 2.64194 -80 2 -25 10 44285 1 
94.6827 -28.591 -180.238 0.293549 2.64194 -80 2 -25 10 44286 1 
94.6729 -28.591 -180.238 0.293549 2.64194 -80 2 -25 10 44287 1 
94.6631 -28.591 -180.238 0.293549 2.64194 -80 2 -25 10 44288 1 
94.6533 -28.5909 -180.238 0.293549 2.64194 -80 2 -25 10 44289 1 
94.6435 -28.5909 -180.238 0.293549 2.64194 -80 2 -25 10 44290 1 
94.6337 -28.5908 -180.238 0.293549 2.64194 -80 2 -25 10 44291 1 
94.6239 -28.5908 -180.238 0.293549 2.64194 -80 2 -25 10 44292 1 
94.6142 -28.5908 -180.238 0.293549 2.64194 -80 2 -25 10 44293 1 
94.6044 -28.5907 -180.238 0.293549 2.64194 -80 2 -25 10 44294 1 
94.5946 -28.5907 -180.238 0.293549 2.64194 -80 2 -25 10 44295 1 
94.5848 -28.5906 -180.238 0.293549 2.64194 -80 2 -25 10 44296 1 
94.575 -28.5906 -180.238 0.293549 2.64194 -80 2 -25 10 44297 1 
94.5652 -28.5906 -180.238 0.293549 2.64194 -80 2 -25 10 44298 1 
94.5554 -28.5905 -180.238 0.293549 2.64194 -80 2 -25 10 44299 1 
94.5456 -28.5905 -180.238 0.293549 2.64194 -80 2 -25 10 44300 1 
94.5359 -28.5904 -180.238 0.293549 2.64194 -80 2 -25 10 44301 1 
94.5261 -28.5904 -180.238 0.293549 2.64194 -80 2 -25 10 44302 1 
94.5163 -28.5904 -180.238 0.293549 2.64194 -80 2 -25 10 44303 1 
94.5065 -28.5903 -180.238 0.293549 2.64194 -80 2 -25 10 44304 1 
94.4967 -28.5903 -180.238 0.293549 2.64194 -80 2 -25 10 44305 1 
94.4869 -28.5902 -180.238 0.293549 2.64194 -80 2 -25 10 44306 1 
94.4771 -28.5902 -180.238 0.293549 2.64194 -80 2 -25 10 44307 1 
94.4673 -28.5902 -180.238 0.293549 2.64194 -80 2 -25 10 44308 1 
94.4575 -28.5901 -180.238 0.293549 2.64194 -80 2 -25 10 44309 1 
94.4478 -28.5901 -180.238 0.293549 2.64194 -80 2 -25 10 44310 1 
94.438 -28.59 -180.238 0.293549 2.64194 -80 2 -25 10 44311 1 
94.4282 -28.59 -180.238 0.293549 2.64194 -80 2 -25 10 44312 1 
94.4184 -28.59 -180.238 0.293549 2.64194 -80 2 -25 10 44313 1 
94.4086 -28.5899 -180.238 0.293549 2.64194 -80 2 -25 10 44314 1 
94.3988 -28.5899 -180.238 0.293549 2.64194 -80 2 -25 10 44315 1 
94.389 -28.5898 -180.238 0.293549 2.64194 -80 2 -25 10 44316 1 
94.3792 -28.5898 -180.238 0.293549 2.64194 -80 2 -25 10 44317 1 
94.3694 -28.5898 -180.238 0.293549 2.64194 -80 2 -25 10 44318 1 
94.3597 -28.5897 -180.238 0.293549 2.64194 -80 2 -25 10 44319 1 
94.3499 -28.5897 -180.238 0.293549 2.64194 -80 2 -25 10 44320 1 
94.3401 -28.5896 -180.238 0.293549 2.64194 -80 2 -25 10 44321 1 
94.3303 -28.5896 -180.238 0.293549 2.64194 -80 2 -25 10 44322 1 
94.3205 -28.5896 -180.238 0.293549 2.64194 -80 2 -25 10 44323 1 
94.3107 -28.5895 -180.238 0.293549 2.64194 -80 2 -25 10 44324 1 
94.3009 -28.5895 -180.238 0.293549 2.64194 -80 2 -25 10 44325 1 
94.2911 -28.5894 -180.238 0.293549 2.64194 -80 2 -25 10 44326 1 
94.2813 -28.5894 -180.238 0.293549 2.64194 -80 2 -25 10 44327 1 
94.2716 -28.5894 -180.238 0.293549 2.64194 -80 2 -25 10 44328 1 
94.2618 -28.5893 -180.238 0.293549 2.64194 -80 2 -25 10 44329 1 
94.252 -28.5893 -180.238 0.293549 2.64194 -80 2 -25 10 44330 1 
94.2422 -28.5892 -180.238 0.293549 2.64194 -80 2 -25 10 44331 1 
94.2324 -28.5892 -180.238 0.293549 2.64194 -80 2 -25 10 44332 1 
94.2226 -28.5892 -180.238 0.293549 2.64194 -80 2 -25 10 44333 1 
94.2128 -28.5891 -180.238 0.293549 2.64194 -80 2 -25 10 44334 1 
94.203 -28.5891 -180.238 0.293549 2.64194 -80 2 -25 10 44335 1 
94.1933 -28.589 -180.238 0.293549 2.64194 -80 2 -25 10 44336 1 
94.1835 -28.589 -180.238 0.293549 2.64194 -80 2 -25 10 44337 1 
94.1737 -28.589 -180.238 0.293549 2.64194 -80 2 -25 10 44338 1 
94.1639 -28.5889 -180.238 0.293549 2.64194 -80 2 -25 10 44339 1 
94.1541 -28.5889 -180.238 0.293549 2.64194 -80 2 -25 10 44340 1 
94.1443 -28.5888 -180.238 0.293549 2.64194 -80 2 -25 10 44341 1 
94.1345 -28.5888 -180.238 0.293549 2.64194 -80 2 -25 10 44342 1 
94.1247 -28.5888 -180.238 0.293549 2.64194 -80 2 -25 10 44343 1 
94.1149 -28.5887 -180.238 0.293549 2.64194 -80 2 -25 10 44344 1 
94.1052 -28.5887 -180.238 0.293549 2.64194 -80 2 -25 10 44345 1 
94.0954 -28.5886 -180.238 0.293549 2.64194 -80 2 -25 10 44346 1 
94.0856 -28.5886 -180.238 0.293549 2.64194 -80 2 -25 10 44347 1 
94.0758 -28.5886 -180.239 0.293549 2.64194 -80 2 -25 10 44348 1 
94.066 -28.5885 -180.239 0.293549 2.64194 -80 2 -25 10 44349 1 
94.0562 -28.5885 -180.239 0.293549 2.64194 -80 2 -25 10 44350 1 
94.0464 -28.5884 -180.239 0.293549 2.64194 -80 2 -25 10 44351 1 
94.0366 -28.5884 -180.239 0.293549 2.64194 -80 2 -25 10 44352 1 
94.0268 -28.5884 -180.239 0.293549 2.64194 -80 2 -25 10 44353 1 
94.0171 -28.5883 -180.239 0.293549 2.64194 -80 2 -25 10 44354 1 
94.0073 -28.5883 -180.239 0.293549 2.64194 -80 2 -25 10 44355 1 
93.9975 -28.5882 -180.239 0.293549 2.64194 -80 2 -25 10 44356 1 
93.9877 -28.5882 -180.239 0.293549 2.64194 -80 2 -25 10 44357 1 
93.9779 -28.5882 -180.239 0.293549 2.64194 -80 2 -25 10 44358 1 
93.9681 -28.5881 -180.239 0.293549 2.64194 -80 2 -25 10 44359 1 
93.9583 -28.5881 -180.239 0.293549 2.64194 -80 2 -25 10 44360 1 
93.9485 -28.588 -180.239 0.293549 2.64194 -80 2 -25 10 44361 1 
93.9388 -28.588 -180.239 0.293549 2.64194 -80 2 -25 10 44362 1 
93.929 -28.588 -180.239 0.293549 2.64194 -80 2 -25 10 44363 1 
93.9192 -28.5879 -180.239 0.293549 2.64194 -80 2 -25 10 44364 1 
93.9094 -28.5879 -180.239 0.293549 2.64194 -80 2 -25 10 44365 1 
93.8996 -28.5878 -180.239 0.293549 2.64194 -80 2 -25 10 44366 1 
93.8898 -28.5878 -180.239 0.293549 2.64194 -80 2 -25 10 44367 1 
93.88 -28.5878 -180.239 0.293549 2.64194 -80 2 -25 10 44368 1 
93.8702 -28.5877 -180.239 0.293549 2.64194 -80 2 -25 10 44369 1 
93.8604 -28.5877 -180.239 0.293549 2.64194 -80 2 -25 10 44370 1 
93.8507 -28.5876 -180.239 0.293549 2.64194 -80 2 -25 10 44371 1 
93.8409 -28.5876 -180.239 0.293549 2.64194 -80 2 -25 10 44372 1 
93.8311 -28.5876 -180.239 0.293549 2.64194 -80 2 -25 10 44373 1 
93.8213 -28.5875 -180.239 0.293549 2.64194 -80 2 -25 10 44374 1 
93.8115 -28.5875 -180.239 0.293549 2.64194 -80 2 -25 10 44375 1 
93.8017 -28.5874 -180.239 0.293549 2.64194 -80 2 -25 10 44376 1 
93.7919 -28.5874 -180.239 0.293549 2.64194 -80 2 -25 10 44377 1 
93.7821 -28.5874 -180.239 0.293549 2.64194 -80 2 -25 10 44378 1 
93.7723 -28.5873 -180.239 0.293549 2.64194 -80 2 -25 10 44379 1 
93.7626 -28.5873 -180.239 0.293549 2.64194 -80 2 -25 10 44380 1 
93.7528 -28.5872 -180.239 0.293549 2.64194 -80 2 -25 10 44381 1 
93.743 -28.5872 -180.239 0.293549 2.64194 -80 2 -25 10 44382 1 
93.7332 -28.5872 -180.239 0.293549 2.64194 -80 2 -25 10 44383 1 
93.7234 -28.5871 -180.239 0.293549 2.64194 -80 2 -25 10 44384 1 
93.7136 -28.5871 -180.239 0.293549 2.64194 -80 2 -25 10 44385 1 
93.7038 -28.587 -180.239 0.293549 2.64194 -80 2 -25 10 44386 1 
93.694 -28.587 -180.239 0.293549 2.64194 -80 2 -25 10 44387 1 
93.6842 -28.587 -180.239 0.293549 2.64194 -80 2 -25 10 44388 1 
93.6745 -28.5869 -180.239 0.293549 2.64194 -80 2 -25 10 44389 1 
93.6647 -28.5869 -180.239 0.293549 2.64194 -80 2 -25 10 44390 1 
93.6549 -28.5868 -180.239 0.293549 2.64194 -80 2 -25 10 44391 1 
93.6451 -28.5868 -180.239 0.293549 2.64194 -80 2 -25 10 44392 1 
93.6353 -28.5868 -180.239 0.293549 2.64194 -80 2 -25 10 44393 1 
93.6255 -28.5867 -180.239 0.293549 2.64194 -80 2 -25 10 44394 1 
93.6157 -28.5867 -180.239 0.293549 2.64194 -80 2 -25 10 44395 1 
93.6059 -28.5866 -180.239 0.293549 2.64194 -80 2 -25 10 44396 1 
93.5962 -28.5866 -180.239 0.293549 2.64194 -80 2 -25 10 44397 1 
93.5864 -28.5866 -180.239 0.293549 2.64194 -80 2 -25 10 44398 1 
93.5766 -28.5865 -180.239 0.293549 2.64194 -80 2 -25 10 44399 1 
93.5668 -28.5865 -180.239 0.293549 2.64194 -80 2 -25 10 44400 1 
93.557 -28.5864 -180.239 0.293549 2.64194 -80 2 -25 10 44401 1 
93.5472 -28.5864 -180.239 0.293549 2.64194 -80 2 -25 10 44402 1 
93.5374 -28.5864 -180.239 0.293549 2.64194 -80 2 -25 10 44403 1 
93.5276 -28.5863 -180.239 0.293549 2.64194 -80 2 -25 10 44404 1 
93.5178 -28.5863 -180.239 0.293549 2.64194 -80 2 -25 10 44405 1 
93.5081 -28.5862 -180.239 0.293549 2.64194 -80 2 -25 10 44406 1 
93.4983 -28.5862 -180.239 0.293549 2.64194 -80 2 -25 10 44407 1 
93.4885 -28.5862 -180.239 0.293549 2.64194 -80 2 -25 10 44408 1 
93.4787 -28.5861 -180.239 0.293549 2.64194 -80 2 -25 10 44409 1 
93.4689 -28.5861 -180.239 0.293549 2.64194 -80 2 -25 10 44410 1 
93.4591 -28.586 -180.239 0.293549 2.64194 -80 2 -25 10 44411 1 
93.4493 -28.586 -180.239 0.293549 2.64194 -80 2 -25 10 44412 1 
93.4395 -28.586 -180.239 0.293549 2.64194 -80 2 -25 10 44413 1 
93.4297 -28.5859 -180.239 0.293549 2.64194 -80 2 -25 10 44414 1 
93.42 -28.5859 -180.239 0.293549 2.64194 -80 2 -25 10 44415 1 
93.4102 -28.5858 -180.239 0.293549 2.64194 -80 2 -25 10 44416 1 
93.4004 -28.5858 -180.239 0.293549 2.64194 -80 2 -25 10 44417 1 
93.3906 -28.5858 -180.239 0.293549 2.64194 -80 2 -25 10 44418 1 
93.3808 -28.5857 -180.239 0.293549 2.64194 -80 2 -25 10 44419 1 
93.371 -28.5857 -180.239 0.293549 2.64194 -80 2 -25 10 44420 1 
93.3612 -28.5856 -180.239 0.293549 2.64194 -80 2 -25 10 44421 1 
93.3514 -28.5856 -180.239 0.293549 2.64194 -80 2 -25 10 44422 1 
93.3417 -28.5856 -180.239 0.293549 2.64194 -80 2 -25 10 44423 1 
93.3319 -28.5855 -180.239 0.293549 2.64194 -80 2 -25 10 44424 1 
93.3221 -28.5855 -180.239 0.293549 2.64194 -80 2 -25 10 44425 1 
93.3123 -28.5854 -180.239 0.293549 2.64194 -80 2 -25 10 44426 1 
93.3025 -28.5854 -180.239 0.293549 2.64194 -80 2 -25 10 44427 1 
93.2927 -28.5854 -180.239 0.293549 2.64194 -80 2 -25 10 44428 1 
93.2829 -28.5853 -180.239 0.293549 2.64194 -80 2 -25 10 44429 1 
93.2731 -28.5853 -180.239 0.293549 2.64194 -80 2 -25 10 44430 1 
93.2633 -28.5852 -180.239 0.293549 2.64194 -80 2 -25 10 44431 1 
93.2536 -28.5852 -180.239 0.293549 2.64194 -80 2 -25 10 44432 1 
93.2438 -28.5852 -180.239 0.293549 2.64194 -80 2 -25 10 44433 1 
93.234 -28.5851 -180.239 0.293549 2.64194 -80 2 -25 10 44434 1 
93.2242 -28.5851 -180.239 0.293549 2.64194 -80 2 -25 10 44435 1 
93.2144 -28.585 -180.239 0.293549 2.64194 -80 2 -25 10 44436 1 
93.2046 -28.585 -180.239 0.293549 2.64194 -80 2 -25 10 44437 1 
93.1948 -28.585 -180.24 0.293549 2.64194 -80 2 -25 10 44438 1 
93.185 -28.5849 -180.24 0.293549 2.64194 -80 2 -25 10 44439 1 
93.1752 -28.5849 -180.24 0.293549 2.64194 -80 2 -25 10 44440 1 
93.1655 -28.5848 -180.24 0.293549 2.64194 -80 2 -25 10 44441 1 
93.1557 -28.5848 -180.24 0.293549 2.64194 -80 2 -25 10 44442 1 
93.1459 -28.5848 -180.24 0.293549 2.64194 -80 2 -25 10 44443 1 
93.1361 -28.5847 -180.24 0.293549 2.64194 -80 2 -25 10 44444 1 
93.1263 -28.5847 -180.24 0.293549 2.64194 -80 2 -25 10 44445 1 
93.1165 -28.5846 -180.24 0.293549 2.64194 -80 2 -25 10 44446 1 
93.1067 -28.5846 -180.24 0.293549 2.64194 -80 2 -25 10 44447 1 
93.0969 -28.5846 -180.24 0.293549 2.64194 -80 2 -25 10 44448 1 
93.0872 -28.5845 -180.24 0.293549 2.64194 -80 2 -25 10 44449 1 
93.0774 -28.5845 -180.24 0.293549 2.64194 -80 2 -25 10 44450 1 
93.0676 -28.5844 -180.24 0.293549 2.64194 -80 2 -25 10 44451 1 
93.0578 -28.5844 -180.24 0.293549 2.64194 -80 2 -25 10 44452 1 
93.048 -28.5844 -180.24 0.293549 2.64194 -80 2 -25 10 44453 1 
93.0382 -28.5843 -180.24 0.293549 2.64194 -80 2 -25 10 44454 1 
93.0284 -28.5843 -180.24 0.293549 2.64194 -80 2 -25 10 44455 1 
93.0186 -28.5842 -180.24 0.293549 2.64194 -80 2 -25 10 44456 1 
93.0088 -28.5842 -180.24 0.293549 2.64194 -80 2 -25 10 44457 1 
92.9991 -28.5842 -180.24 0.293549 2.64194 -80 2 -25 10 44458 1 
92.9893 -28.5841 -180.24 0.293549 2.64194 -80 2 -25 10 44459 1 
92.9795 -28.5841 -180.24 0.293549 2.64194 -80 2 -25 10 44460 1 
92.9697 -28.584 -180.24 0.293549 2.64194 -80 2 -25 10 44461 1 
92.9599 -28.584 -180.24 0.293549 2.64194 -80 2 -25 10 44462 1 
92.9501 -28.584 -180.24 0.293549 2.64194 -80 2 -25 10 44463 1 
92.9403 -28.5839 -180.24 0.293549 2.64194 -80 2 -25 10 44464 1 
92.9305 -28.5839 -180.24 0.293549 2.64194 -80 2 -25 10 44465 1 
92.9207 -28.5838 -180.24 0.293549 2.64194 -80 2 -25 10 44466 1 
92.911 -28.5838 -180.24 0.293549 2.64194 -80 2 -25 10 44467 1 
92.9012 -28.5838 -180.24 0.293549 2.64194 -80 2 -25 10 44468 1 
92.8914 -28.5837 -180.24 0.293549 2.64194 -80 2 -25 10 44469 1 
92.8816 -28.5837 -180.24 0.293549 2.64194 -80 2 -25 10 44470 1 
92.8718 -28.5836 -180.24 0.293549 2.64194 -80 2 -25 10 44471 1 
92.862 -28.5836 -180.24 0.293549 2.64194 -80 2 -25 10 44472 1 
92.8522 -28.5836 -180.24 0.293549 2.64194 -80 2 -25 10 44473 1 
92.8424 -28.5835 -180.24 0.293549 2.64194 -80 2 -25 10 44474 1 
92.8326 -28.5835 -180.24 0.293549 2.64194 -80 2 -25 10 44475 1 
92.8229 -28.5834 -180.24 0.293549 2.64194 -80 2 -25 10 44476 1 
92.8131 -28.5834 -180.24 0.293549 2.64194 -80 2 -25 10 44477 1 
92.8033 -28.5834 -180.24 0.293549 2.64194 -80 2 -25 10 44478 1 
92.7935 -28.5833 -180.24 0.293549 2.64194 -80 2 -25 10 44479 1 
92.7837 -28.5833 -180.24 0.293549 2.64194 -80 2 -25 10 44480 1 
92.7739 -28.5832 -180.24 0.293549 2.64194 -80 2 -25 10 44481 1 
92.7641 -28.5832 -180.24 0.293549 2.64194 -80 2 -25 10 44482 1 
92.7543 -28.5832 -180.24 0.293549 2.64194 -80 2 -25 10 44483 1 
92.7446 -28.5831 -180.24 0.293549 2.64194 -80 2 -25 10 44484 1 
92.7348 -28.5831 -180.24 0.293549 2.64194 -80 2 -25 10 44485 1 
92.725 -28.583 -180.24 0.293549 2.64194 -80 2 -25 10 44486 1 
92.7152 -28.583 -180.24 0.293549 2.64194 -80 2 -25 10 44487 1 
92.7054 -28.583 -180.24 0.293549 2.64194 -80 2 -25 10 44488 1 
92.6956 -28.5829 -180.24 0.293549 2.64194 -80 2 -25 10 44489 1 
92.6858 -28.5829 -180.24 0.293549 2.64194 -80 2 -25 10 44490 1 
92.676 -28.5828 -180.24 0.293549 2.64194 -80 2 -25 10 44491 1 
92.6662 -28.5828 -180.24 0.293549 2.64194 -80 2 -25 10 44492 1 
92.6565 -28.5828 -180.24 0.293549 2.64194 -80 2 -25 10 44493 1 
92.6467 -28.5827 -180.24 0.293549 2.64194 -80 2 -25 10 44494 1 
92.6369 -28.5827 -180.24 0.293549 2.64194 -80 2 -25 10 44495 1 
92.6271 -28.5826 -180.24 0.293549 2.64194 -80 2 -25 10 44496 1 
92.6173 -28.5826 -180.24 0.293549 2.64194 -80 2 -25 10 44497 1 
92.6075 -28.5825 -180.24 0.293549 2.64194 -80 2 -25 10 44498 1 
92.5977 -28.5825 -180.24 0.293549 2.64194 -80 2 -25 10 44499 1 
92.5879 -28.5825 -180.24 0.293549 2.64194 -80 2 -25 10 44500 1 
92.5781 -28.5824 -180.24 0.293549 2.64194 -80 2 -25 10 44501 1 
92.5684 -28.5824 -180.24 0.293549 2.64194 -80 2 -25 10 44502 1 
92.5586 -28.5823 -180.24 0.293549 2.64194 -80 2 -25 10 44503 1 
92.5488 -28.5823 -180.24 0.293549 2.64194 -80 2 -25 10 44504 1 
92.539 -28.5822 -180.24 0.293549 2.64194 -80 2 -25 10 44505 1 
92.5292 -28.5822 -180.24 0.293549 2.64194 -80 2 -25 10 44506 1 
92.5194 -28.5822 -180.24 0.293549 2.64194 -80 2 -25 10 44507 1 
92.5096 -28.5821 -180.24 0.293549 2.64194 -80 2 -25 10 44508 1 
92.4998 -28.5821 -180.24 0.293549 2.64194 -80 2 -25 10 44509 1 
92.4901 -28.582 -180.24 0.293549 2.64194 -80 2 -25 10 44510 1 
92.4803 -28.582 -180.24 0.293549 2.64194 -80 2 -25 10 44511 1 
92.4705 -28.582 -180.24 0.293549 2.64194 -80 2 -25 10 44512 1 
92.4607 -28.5819 -180.24 0.293549 2.64194 -80 2 -25 10 44513 1 
92.4509 -28.5819 -180.24 0.293549 2.64194 -80 2 -25 10 44514 1 
92.4411 -28.5818 -180.24 0.293549 2.64194 -80 2 -25 10 44515 1 
92.4313 -28.5818 -180.24 0.293549 2.64194 -80 2 -25 10 44516 1 
92.4215 -28.5817 -180.24 0.293549 2.64194 -80 2 -25 10 44517 1 
92.4117 -28.5817 -180.24 0.293549 2.64194 -80 2 -25 10 44518 1 
92.402 -28.5817 -180.24 0.293549 2.64194 -80 2 -25 10 44519 1 
92.3922 -28.5816 -180.24 0.293549 2.64194 -80 2 -25 10 44520 1 
92.3824 -28.5816 -180.24 0.293549 2.64194 -80 2 -25 10 44521 1 
92.3726 -28.5815 -180.24 0.293549 2.64194 -80 2 -25 10 44522 1 
92.3628 -28.5815 -180.24 0.293549 2.64194 -80 2 -25 10 44523 1 
92.353 -28.5815 -180.24 0.293549 2.64194 -80 2 -25 10 44524 1 
92.3432 -28.5814 -180.24 0.293549 2.64194 -80 2 -25 10 44525 1 
92.3334 -28.5814 -180.24 0.293549 2.64194 -80 2 -25 10 44526 1 
92.3236 -28.5813 -180.24 0.293549 2.64194 -80 2 -25 10 44527 1 
92.3139 -28.5813 -180.24 0.293549 2.64194 -80 2 -25 10 44528 1 
92.3041 -28.5812 -180.241 0.293549 2.64194 -80 2 -25 10 44529 1 
92.2943 -28.5812 -180.241 0.293549 2.64194 -80 2 -25 10 44530 1 
92.2845 -28.5812 -180.241 0.293549 2.64194 -80 2 -25 10 44531 1 
92.2747 -28.5811 -180.241 0.293549 2.64194 -80 2 -25 10 44532 1 
92.2649 -28.5811 -180.241 0.293549 2.64194 -80 2 -25 10 44533 1 
92.2551 -28.581 -180.241 0.293549 2.64194 -80 2 -25 10 44534 1 
92.2453 -28.581 -180.241 0.293549 2.64194 -80 2 -25 10 44535 1 
92.2355 -28.5809 -180.241 0.293549 2.64194 -80 2 -25 10 44536 1 
92.2258 -28.5809 -180.241 0.293549 2.64194 -80 2 -25 10 44537 1 
92.216 -28.5809 -180.241 0.293549 2.64194 -80 2 -25 10 44538 1 
92.2062 -28.5808 -180.241 0.293549 2.64194 -80 2 -25 10 44539 1 
92.1964 -28.5808 -180.241 0.293549 2.64194 -80 2 -25 10 44540 1 
92.1866 -28.5807 -180.241 0.293549 2.64194 -80 2 -25 10 44541 1 
92.1768 -28.5807 -180.241 0.293549 2.64194 -80 2 -25 10 44542 1 
92.167 -28.5807 -180.241 0.293549 2.64194 -80 2 -25 10 44543 1 
92.1572 -28.5806 -180.241 0.293549 2.64194 -80 2 -25 10 44544 1 
92.1475 -28.5806 -180.241 0.293549 2.64194 -80 2 -25 10 44545 1 
92.1377 -28.5805 -180.241 0.293549 2.64194 -80 2 -25 10 44546 1 
92.1279 -28.5805 -180.241 0.293549 2.64194 -80 2 -25 10 44547 1 
92.1181 -28.5804 -180.241 0.293549 2.64194 -80 2 -25 10 44548 1 
92.1083 -28.5804 -180.241 0.293549 2.64194 -80 2 -25 10 44549 1 
92.0985 -28.5804 -180.241 0.293549 2.64194 -80 2 -25 10 44550 1 
92.0887 -28.5803 -180.241 0.293549 2.64194 -80 2 -25 10 44551 1 
92.0789 -28.5803 -180.241 0.293549 2.64194 -80 2 -25 10 44552 1 
92.0691 -28.5802 -180.241 0.293549 2.64194 -80 2 -25 10 44553 1 
92.0594 -28.5802 -180.241 0.293549 2.64194 -80 2 -25 10 44554 1 
92.0496 -28.5802 -180.241 0.293549 2.64194 -80 2 -25 10 44555 1 
92.0398 -28.5801 -180.241 0.293549 2.64194 -80 2 -25 10 44556 1 
92.03 -28.5801 -180.241 0.293549 2.64194 -80 2 -25 10 44557 1 
92.0202 -28.58 -180.241 0.293549 2.64194 -80 2 -25 10 44558 1 
92.0104 -28.58 -180.241 0.293549 2.64194 -80 2 -25 10 44559 1 
92.0006 -28.5799 -180.241 0.293549 2.64194 -80 2 -25 10 44560 1 
91.9908 -28.5799 -180.241 0.293549 2.64194 -80 2 -25 10 44561 1 
91.981 -28.5799 -180.241 0.293549 2.64194 -80 2 -25 10 44562 1 
91.9713 -28.5798 -180.241 0.293549 2.64194 -80 2 -25 10 44563 1 
91.9615 -28.5798 -180.241 0.293549 2.64194 -80 2 -25 10 44564 1 
91.9517 -28.5797 -180.241 0.293549 2.64194 -80 2 -25 10 44565 1 
91.9419 -28.5797 -180.241 0.293549 2.64194 -80 2 -25 10 44566 1 
91.9321 -28.5796 -180.241 0.293549 2.64194 -80 2 -25 10 44567 1 
91.9223 -28.5796 -180.241 0.293549 2.64194 -80 2 -25 10 44568 1 
91.9125 -28.5796 -180.241 0.293549 2.64194 -80 2 -25 10 44569 1 
91.9027 -28.5795 -180.241 0.293549 2.64194 -80 2 -25 10 44570 1 
91.893 -28.5795 -180.241 0.293549 2.64194 -80 2 -25 10 44571 1 
91.8832 -28.5794 -180.241 0.293549 2.64194 -80 2 -25 10 44572 1 
91.8734 -28.5794 -180.241 0.293549 2.64194 -80 2 -25 10 44573 1 
91.8636 -28.5794 -180.241 0.293549 2.64194 -80 2 -25 10 44574 1 
91.8538 -28.5793 -180.241 0.293549 2.64194 -80 2 -25 10 44575 1 
91.844 -28.5793 -180.241 0.293549 2.64194 -80 2 -25 10 44576 1 
91.8342 -28.5792 -180.241 0.293549 2.64194 -80 2 -25 10 44577 1 
91.8244 -28.5792 -180.241 0.293549 2.64194 -80 2 -25 10 44578 1 
91.8146 -28.5791 -180.241 0.293549 2.64194 -80 2 -25 10 44579 1 
91.8049 -28.5791 -180.241 0.293549 2.64194 -80 2 -25 10 44580 1 
91.7951 -28.5791 -180.241 0.293549 2.64194 -80 2 -25 10 44581 1 
91.7853 -28.579 -180.241 0.293549 2.64194 -80 2 -25 10 44582 1 
91.7755 -28.579 -180.241 0.293549 2.64194 -80 2 -25 10 44583 1 
91.7657 -28.5789 -180.241 0.293549 2.64194 -80 2 -25 10 44584 1 
91.7559 -28.5789 -180.241 0.293549 2.64194 -80 2 -25 10 44585 1 
91.7461 -28.5788 -180.241 0.293549 2.64194 -80 2 -25 10 44586 1 
91.7363 -28.5788 -180.241 0.293549 2.64194 -80 2 -25 10 44587 1 
91.7265 -28.5788 -180.241 0.293549 2.64194 -80 2 -25 10 44588 1 
91.7168 -28.5787 -180.241 0.293549 2.64194 -80 2 -25 10 44589 1 
91.707 -28.5787 -180.241 0.293549 2.64194 -80 2 -25 10 44590 1 
91.6972 -28.5786 -180.241 0.293549 2.64194 -80 2 -25 10 44591 1 
91.6874 -28.5786 -180.241 0.293549 2.64194 -80 2 -25 10 44592 1 
91.6776 -28.5786 -180.241 0.293549 2.64194 -80 2 -25 10 44593 1 
91.6678 -28.5785 -180.241 0.293549 2.64194 -80 2 -25 10 44594 1 
91.658 -28.5785 -180.241 0.293549 2.64194 -80 2 -25 10 44595 1 
91.6482 -28.5784 -180.241 0.293549 2.64194 -80 2 -25 10 44596 1 
91.6385 -28.5784 -180.241 0.293549 2.64194 -80 2 -25 10 44597 1 
91.6287 -28.5783 -180.241 0.293549 2.64194 -80 2 -25 10 44598 1 
91.6189 -28.5783 -180.241 0.293549 2.64194 -80 2 -25 10 44599 1 
91.6091 -28.5783 -180.241 0.293549 2.64194 -80 2 -25 10 44600 1 
91.5993 -28.5782 -180.241 0.293549 2.64194 -80 2 -25 10 44601 1 
91.5895 -28.5782 -180.241 0.293549 2.64194 -80 2 -25 10 44602 1 
91.5797 -28.5781 -180.241 0.293549 2.64194 -80 2 -25 10 44603 1 
91.5699 -28.5781 -180.241 0.293549 2.64194 -80 2 -25 10 44604 1 
91.5601 -28.5781 -180.241 0.293549 2.64194 -80 2 -25 10 44605 1 
91.5504 -28.578 -180.241 0.293549 2.64194 -80 2 -25 10 44606 1 
91.5406 -28.578 -180.241 0.293549 2.64194 -80 2 -25 10 44607 1 
91.5308 -28.5779 -180.241 0.293549 2.64194 -80 2 -25 10 44608 1 
91.521 -28.5779 -180.241 0.293549 2.64194 -80 2 -25 10 44609 1 
91.5112 -28.5778 -180.241 0.293549 2.64194 -80 2 -25 10 44610 1 
91.5014 -28.5778 -180.241 0.293549 2.64194 -80 2 -25 10 44611 1 
91.4916 -28.5778 -180.241 0.293549 2.64194 -80 2 -25 10 44612 1 
91.4818 -28.5777 -180.241 0.293549 2.64194 -80 2 -25 10 44613 1 
91.472 -28.5777 -180.241 0.293549 2.64194 -80 2 -25 10 44614 1 
91.4623 -28.5776 -180.241 0.293549 2.64194 -80 2 -25 10 44615 1 
91.4525 -28.5776 -180.241 0.293549 2.64194 -80 2 -25 10 44616 1 
91.4427 -28.5775 -180.241 0.293549 2.64194 -80 2 -25 10 44617 1 
91.4329 -28.5775 -180.241 0.293549 2.64194 -80 2 -25 10 44618 1 
91.4231 -28.5775 -180.242 0.293549 2.64194 -80 2 -25 10 44619 1 
91.4133 -28.5774 -180.242 0.293549 2.64194 -80 2 -25 10 44620 1 
91.4035 -28.5774 -180.242 0.293549 2.64194 -80 2 -25 10 44621 1 
91.3937 -28.5773 -180.242 0.293549 2.64194 -80 2 -25 10 44622 1 
91.3839 -28.5773 -180.242 0.293549 2.64194 -80 2 -25 10 44623 1 
91.3742 -28.5773 -180.242 0.293549 2.64194 -80 2 -25 10 44624 1 
91.3644 -28.5772 -180.242 0.293549 2.64194 -80 2 -25 10 44625 1 
91.3546 -28.5772 -180.242 0.293549 2.64194 -80 2 -25 10 44626 1 
91.3448 -28.5771 -180.242 0.293549 2.64194 -80 2 -25 10 44627 1 
91.335 -28.5771 -180.242 0.293549 2.64194 -80 2 -25 10 44628 1 
91.3252 -28.577 -180.242 0.293549 2.64194 -80 2 -25 10 44629 1 
91.3154 -28.577 -180.242 0.293549 2.64194 -80 2 -25 10 44630 1 
91.3056 -28.577 -180.242 0.293549 2.64194 -80 2 -25 10 44631 1 
91.2959 -28.5769 -180.242 0.293549 2.64194 -80 2 -25 10 44632 1 
91.2861 -28.5769 -180.242 0.293549 2.64194 -80 2 -25 10 44633 1 
91.2763 -28.5768 -180.242 0.293549 2.64194 -80 2 -25 10 44634 1 
91.2665 -28.5768 -180.242 0.293549 2.64194 -80 2 -25 10 44635 1 
91.2567 -28.5768 -180.242 0.293549 2.64194 -80 2 -25 10 44636 1 
91.2469 -28.5767 -180.242 0.293549 2.64194 -80 2 -25 10 44637 1 
91.2371 -28.5767 -180.242 0.293549 2.64194 -80 2 -25 10 44638 1 
91.2273 -28.5766 -180.242 0.293549 2.64194 -80 2 -25 10 44639 1 
91.2175 -28.5766 -180.242 0.293549 2.64194 -80 2 -25 10 44640 1 
91.2078 -28.5765 -180.242 0.293549 2.64194 -80 2 -25 10 44641 1 
91.198 -28.5765 -180.242 0.293549 2.64194 -80 2 -25 10 44642 1 
91.1882 -28.5765 -180.242 0.293549 2.64194 -80 2 -25 10 44643 1 
91.1784 -28.5764 -180.242 0.293549 2.64194 -80 2 -25 10 44644 1 
91.1686 -28.5764 -180.242 0.293549 2.64194 -80 2 -25 10 44645 1 
91.1588 -28.5763 -180.242 0.293549 2.64194 -80 2 -25 10 44646 1 
91.149 -28.5763 -180.242 0.293549 2.64194 -80 2 -25 10 44647 1 
91.1392 -28.5762 -180.242 0.293549 2.64194 -80 2 -25 10 44648 1 
91.1294 -28.5762 -180.242 0.293549 2.64194 -80 2 -25 10 44649 1 
91.1197 -28.5762 -180.242 0.293549 2.64194 -80 2 -25 10 44650 1 
91.1099 -28.5761 -180.242 0.293549 2.64194 -80 2 -25 10 44651 1 
91.1001 -28.5761 -180.242 0.293549 2.64194 -80 2 -25 10 44652 1 
91.0903 -28.576 -180.242 0.293549 2.64194 -80 2 -25 10 44653 1 
91.0805 -28.576 -180.242 0.293549 2.64194 -80 2 -25 10 44654 1 
91.0707 -28.576 -180.242 0.293549 2.64194 -80 2 -25 10 44655 1 
91.0609 -28.5759 -180.242 0.293549 2.64194 -80 2 -25 10 44656 1 
91.0511 -28.5759 -180.242 0.293549 2.64194 -80 2 -25 10 44657 1 
91.0414 -28.5758 -180.242 0.293549 2.64194 -80 2 -25 10 44658 1 
91.0316 -28.5758 -180.242 0.293549 2.64194 -80 2 -25 10 44659 1 
91.0218 -28.5757 -180.242 0.293549 2.64194 -80 2 -25 10 44660 1 
91.012 -28.5757 -180.242 0.293549 2.64194 -80 2 -25 10 44661 1 
91.0022 -28.5757 -180.242 0.293549 2.64194 -80 2 -25 10 44662 1 
90.9924 -28.5756 -180.242 0.293549 2.64194 -80 2 -25 10 44663 1 
90.9826 -28.5756 -180.242 0.293549 2.64194 -80 2 -25 10 44664 1 
90.9728 -28.5755 -180.242 0.293549 2.64194 -80 2 -25 10 44665 1 
90.963 -28.5755 -180.242 0.293549 2.64194 -80 2 -25 10 44666 1 
90.9533 -28.5755 -180.242 0.293549 2.64194 -80 2 -25 10 44667 1 
90.9435 -28.5754 -180.242 0.293549 2.64194 -80 2 -25 10 44668 1 
90.9337 -28.5754 -180.242 0.293549 2.64194 -80 2 -25 10 44669 1 
90.9239 -28.5753 -180.242 0.293549 2.64194 -80 2 -25 10 44670 1 
90.9141 -28.5753 -180.242 0.293549 2.64194 -80 2 -25 10 44671 1 
90.9043 -28.5752 -180.242 0.293549 2.64194 -80 2 -25 10 44672 1 
90.8945 -28.5752 -180.242 0.293549 2.64194 -80 2 -25 10 44673 1 
90.8847 -28.5752 -180.242 0.293549 2.64194 -80 2 -25 10 44674 1 
90.8749 -28.5751 -180.242 0.293549 2.64194 -80 2 -25 10 44675 1 
90.8652 -28.5751 -180.242 0.293549 2.64194 -80 2 -25 10 44676 1 
90.8554 -28.575 -180.242 0.293549 2.64194 -80 2 -25 10 44677 1 
90.8456 -28.575 -180.242 0.293549 2.64194 -80 2 -25 10 44678 1 
90.8358 -28.5749 -180.242 0.293549 2.64194 -80 2 -25 10 44679 1 
90.826 -28.5749 -180.242 0.293549 2.64194 -80 2 -25 10 44680 1 
90.8162 -28.5749 -180.242 0.293549 2.64194 -80 2 -25 10 44681 1 
90.8064 -28.5748 -180.242 0.293549 2.64194 -80 2 -25 10 44682 1 
90.7966 -28.5748 -180.242 0.293549 2.64194 -80 2 -25 10 44683 1 
90.7868 -28.5747 -180.242 0.293549 2.64194 -80 2 -25 10 44684 1 
90.7771 -28.5747 -180.242 0.293549 2.64194 -80 2 -25 10 44685 1 
90.7673 -28.5747 -180.242 0.293549 2.64194 -80 2 -25 10 44686 1 
90.7575 -28.5746 -180.242 0.293549 2.64194 -80 2 -25 10 44687 1 
90.7477 -28.5746 -180.242 0.293549 2.64194 -80 2 -25 10 44688 1 
90.7379 -28.5745 -180.242 0.293549 2.64194 -80 2 -25 10 44689 1 
90.7281 -28.5745 -180.242 0.293549 2.64194 -80 2 -25 10 44690 1 
90.7183 -28.5744 -180.242 0.293549 2.64194 -80 2 -25 10 44691 1 
90.7085 -28.5744 -180.242 0.293549 2.64194 -80 2 -25 10 44692 1 
90.6988 -28.5744 -180.242 0.293549 2.64194 -80 2 -25 10 44693 1 
90.689 -28.5743 -180.242 0.293549 2.64194 -80 2 -25 10 44694 1 
90.6792 -28.5743 -180.242 0.293549 2.64194 -80 2 -25 10 44695 1 
90.6694 -28.5742 -180.242 0.293549 2.64194 -80 2 -25 10 44696 1 
90.6596 -28.5742 -180.242 0.293549 2.64194 -80 2 -25 10 44697 1 
90.6498 -28.5742 -180.242 0.293549 2.64194 -80 2 -25 10 44698 1 
90.64 -28.5741 -180.242 0.293549 2.64194 -80 2 -25 10 44699 1 
90.6302 -28.5741 -180.242 0.293549 2.64194 -80 2 -25 10 44700 1 
90.6204 -28.574 -180.242 0.293549 2.64194 -80 2 -25 10 44701 1 
90.6107 -28.574 -180.242 0.293549 2.64194 -80 2 -25 10 44702 1 
90.6009 -28.5739 -180.242 0.293549 2.64194 -80 2 -25 10 44703 1 
90.5911 -28.5739 -180.242 0.293549 2.64194 -80 2 -25 10 44704 1 
90.5813 -28.5739 -180.242 0.293549 2.64194 -80 2 -25 10 44705 1 
90.5715 -28.5738 -180.242 0.293549 2.64194 -80 2 -25 10 44706 1 
90.5617 -28.5738 -180.242 0.293549 2.64194 -80 2 -25 10 44707 1 
90.5519 -28.5737 -180.243 0.293549 2.64194 -80 2 -25 10 44708 1 
90.5421 -28.5737 -180.243 0.293549 2.64194 -80 2 -25 10 44709 1 
90.5323 -28.5736 -180.243 0.293549 2.64194 -80 2 -25 10 44710 1 
90.5226 -28.5736 -180.243 0.293549 2.64194 -80 2 -25 10 44711 1 
90.5128 -28.5736 -180.243 0.293549 2.64194 -80 2 -25 10 44712 1 
90.503 -28.5735 -180.243 0.293549 2.64194 -80 2 -25 10 44713 1 
90.4932 -28.5735 -180.243 0.293549 2.64194 -80 2 -25 10 44714 1 
90.4834 -28.5734 -180.243 0.293549 2.64194 -80 2 -25 10 44715 1 
90.4736 -28.5734 -180.243 0.293549 2.64194 -80 2 -25 10 44716 1 
90.4638 -28.5734 -180.243 0.293549 2.64194 -80 2 -25 10 44717 1 
90.454 -28.5733 -180.243 0.293549 2.64194 -80 2 -25 10 44718 1 
90.4443 -28.5733 -180.243 0.293549 2.64194 -80 2 -25 10 44719 1 
90.4345 -28.5732 -180.243 0.293549 2.64194 -80 2 -25 10 44720 1 
90.4247 -28.5732 -180.243 0.293549 2.64194 -80 2 -25 10 44721 1 
90.4149 -28.5731 -180.243 0.293549 2.64194 -80 2 -25 10 44722 1 
90.4051 -28.5731 -180.243 0.293549 2.64194 -80 2 -25 10 44723 1 
90.3953 -28.5731 -180.243 0.293549 2.64194 -80 2 -25 10 44724 1 
90.3855 -28.573 -180.243 0.293549 2.64194 -80 2 -25 10 44725 1 
90.3757 -28.573 -180.243 0.293549 2.64194 -80 2 -25 10 44726 1 
90.3659 -28.5729 -180.243 0.293549 2.64194 -80 2 -25 10 44727 1 
90.3562 -28.5729 -180.243 0.293549 2.64194 -80 2 -25 10 44728 1 
90.3464 -28.5728 -180.243 0.293549 2.64194 -80 2 -25 10 44729 1 
90.3366 -28.5728 -180.243 0.293549 2.64194 -80 2 -25 10 44730 1 
90.3268 -28.5728 -180.243 0.293549 2.64194 -80 2 -25 10 44731 1 
90.317 -28.5727 -180.243 0.293549 2.64194 -80 2 -25 10 44732 1 
90.3072 -28.5727 -180.243 0.293549 2.64194 -80 2 -25 10 44733 1 
90.2974 -28.5726 -180.243 0.293549 2.64194 -80 2 -25 10 44734 1 
90.2876 -28.5726 -180.243 0.293549 2.64194 -80 2 -25 10 44735 1 
90.2778 -28.5726 -180.243 0.293549 2.64194 -80 2 -25 10 44736 1 
90.2681 -28.5725 -180.243 0.293549 2.64194 -80 2 -25 10 44737 1 
90.2583 -28.5725 -180.243 0.293549 2.64194 -80 2 -25 10 44738 1 
90.2485 -28.5724 -180.243 0.293549 2.64194 -80 2 -25 10 44739 1 
90.2387 -28.5724 -180.243 0.293549 2.64194 -80 2 -25 10 44740 1 
90.2289 -28.5723 -180.243 0.293549 2.64194 -80 2 -25 10 44741 1 
90.2191 -28.5723 -180.243 0.293549 2.64194 -80 2 -25 10 44742 1 
90.2093 -28.5723 -180.243 0.293549 2.64194 -80 2 -25 10 44743 1 
90.1995 -28.5722 -180.243 0.293549 2.64194 -80 2 -25 10 44744 1 
90.1898 -28.5722 -180.243 0.293549 2.64194 -80 2 -25 10 44745 1 
90.18 -28.5721 -180.243 0.293549 2.64194 -80 2 -25 10 44746 1 
90.1702 -28.5721 -180.243 0.293549 2.64194 -80 2 -25 10 44747 1 
90.1604 -28.5721 -180.243 0.293549 2.64194 -80 2 -25 10 44748 1 
90.1506 -28.572 -180.243 0.293549 2.64194 -80 2 -25 10 44749 1 
90.1408 -28.572 -180.243 0.293549 2.64194 -80 2 -25 10 44750 1 
90.131 -28.5719 -180.243 0.293549 2.64194 -80 2 -25 10 44751 1 
90.1212 -28.5719 -180.243 0.293549 2.64194 -80 2 -25 10 44752 1 
90.1114 -28.5718 -180.243 0.293549 2.64194 -80 2 -25 10 44753 1 
90.1017 -28.5718 -180.243 0.293549 2.64194 -80 2 -25 10 44754 1 
90.0919 -28.5718 -180.243 0.293549 2.64194 -80 2 -25 10 44755 1 
90.0821 -28.5717 -180.243 0.293549 2.64194 -80 2 -25 10 44756 1 
90.0723 -28.5717 -180.243 0.293549 2.64194 -80 2 -25 10 44757 1 
90.0625 -28.5716 -180.243 0.293549 2.64194 -80 2 -25 10 44758 1 
90.0527 -28.5716 -180.243 0.293549 2.64194 -80 2 -25 10 44759 1 
90.0429 -28.5715 -180.243 0.293549 2.64194 -80 2 -25 10 44760 1 
90.0331 -28.5715 -180.243 0.293549 2.64194 -80 2 -25 10 44761 1 
90.0233 -28.5715 -180.243 0.293549 2.64194 -80 2 -25 10 44762 1 
90.0136 -28.5714 -180.243 0.293549 2.64194 -80 2 -25 10 44763 1 
90.0038 -28.5714 -180.243 0.293549 2.64194 -80 2 -25 10 44764 1 
89.994 -28.5713 -180.243 0.293549 2.64194 -80 2 -25 10 44765 1 
89.9842 -28.5713 -180.243 0.293549 2.64194 -80 2 -25 10 44766 1 
89.9744 -28.5713 -180.243 0.293549 2.64194 -80 2 -25 10 44767 1 
89.9646 -28.5712 -180.243 0.293549 2.64194 -80 2 -25 10 44768 1 
89.9548 -28.5712 -180.243 0.293549 2.64194 -80 2 -25 10 44769 1 
89.945 -28.5711 -180.243 0.293549 2.64194 -80 2 -25 10 44770 1 
89.9352 -28.5711 -180.243 0.293549 2.64194 -80 2 -25 10 44771 1 
89.9255 -28.571 -180.243 0.293549 2.64194 -80 2 -25 10 44772 1 
89.9157 -28.571 -180.243 0.293549 2.64194 -80 2 -25 10 44773 1 
89.9059 -28.571 -180.243 0.293549 2.64194 -80 2 -25 10 44774 1 
89.8961 -28.5709 -180.243 0.293549 2.64194 -80 2 -25 10 44775 1 
89.8863 -28.5709 -180.243 0.293549 2.64194 -80 2 -25 10 44776 1 
89.8765 -28.5708 -180.243 0.293549 2.64194 -80 2 -25 10 44777 1 
89.8667 -28.5708 -180.243 0.293549 2.64194 -80 2 -25 10 44778 1 
89.8569 -28.5708 -180.243 0.293549 2.64194 -80 2 -25 10 44779 1 
89.8472 -28.5707 -180.243 0.293549 2.64194 -80 2 -25 10 44780 1 
89.8374 -28.5707 -180.243 0.293549 2.64194 -80 2 -25 10 44781 1 
89.8276 -28.5706 -180.243 0.293549 2.64194 -80 2 -25 10 44782 1 
89.8178 -28.5706 -180.243 0.293549 2.64194 -80 2 -25 10 44783 1 
89.808 -28.5705 -180.243 0.293549 2.64194 -80 2 -25 10 44784 1 
89.7982 -28.5705 -180.243 0.293549 2.64194 -80 2 -25 10 44785 1 
89.7884 -28.5705 -180.243 0.293549 2.64194 -80 2 -25 10 44786 1 
89.7786 -28.5704 -180.243 0.293549 2.64194 -80 2 -25 10 44787 1 
89.7688 -28.5704 -180.243 0.293549 2.64194 -80 2 -25 10 44788 1 
89.7591 -28.5703 -180.243 0.293549 2.64194 -80 2 -25 10 44789 1 
89.7493 -28.5703 -180.243 0.293549 2.64194 -80 2 -25 10 44790 1 
89.7395 -28.5702 -180.243 0.293549 2.64194 -80 2 -25 10 44791 1 
89.7297 -28.5702 -180.243 0.293549 2.64194 -80 2 -25 10 44792 1 
89.7199 -28.5702 -180.243 0.293549 2.64194 -80 2 -25 10 44793 1 
89.7101 -28.5701 -180.243 0.293549 2.64194 -80 2 -25 10 44794 1 
89.7003 -28.5701 -180.243 0.293549 2.64194 -80 2 -25 10 44795 1 
89.6905 -28.57 -180.243 0.293549 2.64194 -80 2 -25 10 44796 1 
89.6807 -28.57 -180.244 0.293549 2.64194 -80 2 -25 10 44797 1 
89.671 -28.57 -180.244 0.293549 2.64194 -80 2 -25 10 44798 1 
89.6612 -28.5699 -180.244 0.293549 2.64194 -80 2 -25 10 44799 1 
89.6514 -28.5699 -180.244 0.293549 2.64194 -80 2 -25 10 44800 1 
89.6416 -28.5698 -180.244 0.293549 2.64194 -80 2 -25 10 44801 1 
89.6318 -28.5698 -180.244 0.293549 2.64194 -80 2 -25 10 44802 1 
89.622 -28.5697 -180.244 0.293549 2.64194 -80 2 -25 10 44803 1 
89.6122 -28.5697 -180.244 0.293549 2.64194 -80 2 -25 10 44804 1 
89.6024 -28.5697 -180.244 0.293549 2.64194 -80 2 -25 10 44805 1 
89.5927 -28.5696 -180.244 0.293549 2.64194 -80 2 -25 10 44806 1 
89.5829 -28.5696 -180.244 0.293549 2.64194 -80 2 -25 10 44807 1 
89.5731 -28.5695 -180.244 0.293549 2.64194 -80 2 -25 10 44808 1 
89.5633 -28.5695 -180.244 0.293549 2.64194 -80 2 -25 10 44809 1 
89.5535 -28.5695 -180.244 0.293549 2.64194 -80 2 -25 10 44810 1 
89.5437 -28.5694 -180.244 0.293549 2.64194 -80 2 -25 10 44811 1 
89.5339 -28.5694 -180.244 0.293549 2.64194 -80 2 -25 10 44812 1 
89.5241 -28.5693 -180.244 0.293549 2.64194 -80 2 -25 10 44813 1 
89.5143 -28.5693 -180.244 0.293549 2.64194 -80 2 -25 10 44814 1 
89.5046 -28.5692 -180.244 0.293549 2.64194 -80 2 -25 10 44815 1 
89.4948 -28.5692 -180.244 0.293549 2.64194 -80 2 -25 10 44816 1 
89.485 -28.5692 -180.244 0.293549 2.64194 -80 2 -25 10 44817 1 
89.4752 -28.5691 -180.244 0.293549 2.64194 -80 2 -25 10 44818 1 
89.4654 -28.5691 -180.244 0.293549 2.64194 -80 2 -25 10 44819 1 
89.4556 -28.569 -180.244 0.293549 2.64194 -80 2 -25 10 44820 1 
89.4458 -28.569 -180.244 0.293549 2.64194 -80 2 -25 10 44821 1 
89.436 -28.5689 -180.244 0.293549 2.64194 -80 2 -25 10 44822 1 
89.4262 -28.5689 -180.244 0.293549 2.64194 -80 2 -25 10 44823 1 
89.4165 -28.5689 -180.244 0.293549 2.64194 -80 2 -25 10 44824 1 
89.4067 -28.5688 -180.244 0.293549 2.64194 -80 2 -25 10 44825 1 
89.3969 -28.5688 -180.244 0.293549 2.64194 -80 2 -25 10 44826 1 
89.3871 -28.5687 -180.244 0.293549 2.64194 -80 2 -25 10 44827 1 
89.3773 -28.5687 -180.244 0.293549 2.64194 -80 2 -25 10 44828 1 
89.3675 -28.5687 -180.244 0.293549 2.64194 -80 2 -25 10 44829 1 
89.3577 -28.5686 -180.244 0.293549 2.64194 -80 2 -25 10 44830 1 
89.3479 -28.5686 -180.244 0.293549 2.64194 -80 2 -25 10 44831 1 
89.3382 -28.5685 -180.244 0.293549 2.64194 -80 2 -25 10 44832 1 
89.3284 -28.5685 -180.244 0.293549 2.64194 -80 2 -25 10 44833 1 
89.3186 -28.5684 -180.244 0.293549 2.64194 -80 2 -25 10 44834 1 
89.3088 -28.5684 -180.244 0.293549 2.64194 -80 2 -25 10 44835 1 
89.299 -28.5684 -180.244 0.293549 2.64194 -80 2 -25 10 44836 1 
89.2892 -28.5683 -180.244 0.293549 2.64194 -80 2 -25 10 44837 1 
89.2794 -28.5683 -180.244 0.293549 2.64194 -80 2 -25 10 44838 1 
89.2696 -28.5682 -180.244 0.293549 2.64194 -80 2 -25 10 44839 1 
89.2598 -28.5682 -180.244 0.293549 2.64194 -80 2 -25 10 44840 1 
89.2501 -28.5681 -180.244 0.293549 2.64194 -80 2 -25 10 44841 1 
89.2403 -28.5681 -180.244 0.293549 2.64194 -80 2 -25 10 44842 1 
89.2305 -28.5681 -180.244 0.293549 2.64194 -80 2 -25 10 44843 1 
89.2207 -28.568 -180.244 0.293549 2.64194 -80 2 -25 10 44844 1 
89.2109 -28.568 -180.244 0.293549 2.64194 -80 2 -25 10 44845 1 
89.2011 -28.5679 -180.244 0.293549 2.64194 -80 2 -25 10 44846 1 
89.1913 -28.5679 -180.244 0.293549 2.64194 -80 2 -25 10 44847 1 
89.1815 -28.5679 -180.244 0.293549 2.64194 -80 2 -25 10 44848 1 
89.1717 -28.5678 -180.244 0.293549 2.64194 -80 2 -25 10 44849 1 
89.162 -28.5678 -180.244 0.293549 2.64194 -80 2 -25 10 44850 1 
89.1522 -28.5677 -180.244 0.293549 2.64194 -80 2 -25 10 44851 1 
89.1424 -28.5677 -180.244 0.293549 2.64194 -80 2 -25 10 44852 1 
89.1326 -28.5676 -180.244 0.293549 2.64194 -80 2 -25 10 44853 1 
89.1228 -28.5676 -180.244 0.293549 2.64194 -80 2 -25 10 44854 1 
89.113 -28.5676 -180.244 0.293549 2.64194 -80 2 -25 10 44855 1 
89.1032 -28.5675 -180.244 0.293549 2.64194 -80 2 -25 10 44856 1 
89.0934 -28.5675 -180.244 0.293549 2.64194 -80 2 -25 10 44857 1 
89.0836 -28.5674 -180.244 0.293549 2.64194 -80 2 -25 10 44858 1 
89.0739 -28.5674 -180.244 0.293549 2.64194 -80 2 -25 10 44859 1 
89.0641 -28.5674 -180.244 0.293549 2.64194 -80 2 -25 10 44860 1 
89.0543 -28.5673 -180.244 0.293549 2.64194 -80 2 -25 10 44861 1 
89.0445 -28.5673 -180.244 0.293549 2.64194 -80 2 -25 10 44862 1 
89.0347 -28.5672 -180.244 0.293549 2.64194 -80 2 -25 10 44863 1 
89.0249 -28.5672 -180.244 0.293549 2.64194 -80 2 -25 10 44864 1 
89.0151 -28.5671 -180.244 0.293549 2.64194 -80 2 -25 10 44865 1 
89.0053 -28.5671 -180.244 0.293549 2.64194 -80 2 -25 10 44866 1 
88.9956 -28.5671 -180.244 0.293549 2.64194 -80 2 -25 10 44867 1 
88.9858 -28.567 -180.244 0.293549 2.64194 -80 2 -25 10 44868 1 
88.976 -28.567 -180.244 0.293549 2.64194 -80 2 -25 10 44869 1 
88.9662 -28.5669 -180.244 0.293549 2.64194 -80 2 -25 10 44870 1 
88.9564 -28.5669 -180.244 0.293549 2.64194 -80 2 -25 10 44871 1 
88.9466 -28.5668 -180.244 0.293549 2.64194 -80 2 -25 10 44872 1 
88.9368 -28.5668 -180.244 0.293549 2.64194 -80 2 -25 10 44873 1 
88.927 -28.5668 -180.244 0.293549 2.64194 -80 2 -25 10 44874 1 
88.9172 -28.5667 -180.244 0.293549 2.64194 -80 2 -25 10 44875 1 
88.9075 -28.5667 -180.244 0.293549 2.64194 -80 2 -25 10 44876 1 
88.8977 -28.5666 -180.244 0.293549 2.64194 -80 2 -25 10 44877 1 
88.8879 -28.5666 -180.244 0.293549 2.64194 -80 2 -25 10 44878 1 
88.8781 -28.5666 -180.244 0.293549 2.64194 -80 2 -25 10 44879 1 
88.8683 -28.5665 -180.244 0.293549 2.64194 -80 2 -25 10 44880 1 
88.8585 -28.5665 -180.244 0.293549 2.64194 -80 2 -25 10 44881 1 
88.8487 -28.5664 -180.244 0.293549 2.64194 -80 2 -25 10 44882 1 
88.8389 -28.5664 -180.244 0.293549 2.64194 -80 2 -25 10 44883 1 
88.8291 -28.5663 -180.245 0.293549 2.64194 -80 2 -25 10 44884 1 
88.8194 -28.5663 -180.245 0.293549 2.64194 -80 2 -25 10 44885 1 
88.8096 -28.5663 -180.245 0.293549 2.64194 -80 2 -25 10 44886 1 
88.7998 -28.5662 -180.245 0.293549 2.64194 -80 2 -25 10 44887 1 
88.79 -28.5662 -180.245 0.293549 2.64194 -80 2 -25 10 44888 1 
88.7802 -28.5661 -180.245 0.293549 2.64194 -80 2 -25 10 44889 1 
88.7704 -28.5661 -180.245 0.293549 2.64194 -80 2 -25 10 44890 1 
88.7606 -28.5661 -180.245 0.293549 2.64194 -80 2 -25 10 44891 1 
88.7508 -28.566 -180.245 0.293549 2.64194 -80 2 -25 10 44892 1 
88.7411 -28.566 -180.245 0.293549 2.64194 -80 2 -25 10 44893 1 
88.7313 -28.5659 -180.245 0.293549 2.64194 -80 2 -25 10 44894 1 
88.7215 -28.5659 -180.245 0.293549 2.64194 -80 2 -25 10 44895 1 
88.7117 -28.5658 -180.245 0.293549 2.64194 -80 2 -25 10 44896 1 
88.7019 -28.5658 -180.245 0.293549 2.64194 -80 2 -25 10 44897 1 
88.6921 -28.5658 -180.245 0.293549 2.64194 -80 2 -25 10 44898 1 
88.6823 -28.5657 -180.245 0.293549 2.64194 -80 2 -25 10 44899 1 
88.6725 -28.5657 -180.245 0.293549 2.64194 -80 2 -25 10 44900 1 
88.6627 -28.5656 -180.245 0.293549 2.64194 -80 2 -25 10 44901 1 
88.653 -28.5656 -180.245 0.293549 2.64194 -80 2 -25 10 44902 1 
88.6432 -28.5655 -180.245 0.293549 2.64194 -80 2 -25 10 44903 1 
88.6334 -28.5655 -180.245 0.293549 2.64194 -80 2 -25 10 44904 1 
88.6236 -28.5655 -180.245 0.293549 2.64194 -80 2 -25 10 44905 1 
88.6138 -28.5654 -180.245 0.293549 2.64194 -80 2 -25 10 44906 1 
88.604 -28.5654 -180.245 0.293549 2.64194 -80 2 -25 10 44907 1 
88.5942 -28.5653 -180.245 0.293549 2.64194 -80 2 -25 10 44908 1 
88.5844 -28.5653 -180.245 0.293549 2.64194 -80 2 -25 10 44909 1 
88.5746 -28.5653 -180.245 0.293549 2.64194 -80 2 -25 10 44910 1 
88.5649 -28.5652 -180.245 0.293549 2.64194 -80 2 -25 10 44911 1 
88.5551 -28.5652 -180.245 0.293549 2.64194 -80 2 -25 10 44912 1 
88.5453 -28.5651 -180.245 0.293549 2.64194 -80 2 -25 10 44913 1 
88.5355 -28.5651 -180.245 0.293549 2.64194 -80 2 -25 10 44914 1 
88.5257 -28.565 -180.245 0.293549 2.64194 -80 2 -25 10 44915 1 
88.5159 -28.565 -180.245 0.293549 2.64194 -80 2 -25 10 44916 1 
88.5061 -28.565 -180.245 0.293549 2.64194 -80 2 -25 10 44917 1 
88.4963 -28.5649 -180.245 0.293549 2.64194 -80 2 -25 10 44918 1 
88.4865 -28.5649 -180.245 0.293549 2.64194 -80 2 -25 10 44919 1 
88.4768 -28.5648 -180.245 0.293549 2.64194 -80 2 -25 10 44920 1 
88.467 -28.5648 -180.245 0.293549 2.64194 -80 2 -25 10 44921 1 
88.4572 -28.5648 -180.245 0.293549 2.64194 -80 2 -25 10 44922 1 
88.4474 -28.5647 -180.245 0.293549 2.64194 -80 2 -25 10 44923 1 
88.4376 -28.5647 -180.245 0.293549 2.64194 -80 2 -25 10 44924 1 
88.4278 -28.5646 -180.245 0.293549 2.64194 -80 2 -25 10 44925 1 
88.418 -28.5646 -180.245 0.293549 2.64194 -80 2 -25 10 44926 1 
88.4082 -28.5645 -180.245 0.293549 2.64194 -80 2 -25 10 44927 1 
88.3985 -28.5645 -180.245 0.293549 2.64194 -80 2 -25 10 44928 1 
88.3887 -28.5645 -180.245 0.293549 2.64194 -80 2 -25 10 44929 1 
88.3789 -28.5644 -180.245 0.293549 2.64194 -80 2 -25 10 44930 1 
88.3691 -28.5644 -180.245 0.293549 2.64194 -80 2 -25 10 44931 1 
88.3593 -28.5643 -180.245 0.293549 2.64194 -80 2 -25 10 44932 1 
88.3495 -28.5643 -180.245 0.293549 2.64194 -80 2 -25 10 44933 1 
88.3397 -28.5642 -180.245 0.293549 2.64194 -80 2 -25 10 44934 1 
88.3299 -28.5642 -180.245 0.293549 2.64194 -80 2 -25 10 44935 1 
88.3201 -28.5642 -180.245 0.293549 2.64194 -80 2 -25 10 44936 1 
88.3104 -28.5641 -180.245 0.293549 2.64194 -80 2 -25 10 44937 1 
88.3006 -28.5641 -180.245 0.293549 2.64194 -80 2 -25 10 44938 1 
88.2908 -28.564 -180.245 0.293549 2.64194 -80 2 -25 10 44939 1 
88.281 -28.564 -180.245 0.293549 2.64194 -80 2 -25 10 44940 1 
88.2712 -28.564 -180.245 0.293549 2.64194 -80 2 -25 10 44941 1 
88.2614 -28.5639 -180.245 0.293549 2.64194 -80 2 -25 10 44942 1 
88.2516 -28.5639 -180.245 0.293549 2.64194 -80 2 -25 10 44943 1 
88.2418 -28.5638 -180.245 0.293549 2.64194 -80 2 -25 10 44944 1 
88.232 -28.5638 -180.245 0.293549 2.64194 -80 2 -25 10 44945 1 
88.2223 -28.5637 -180.245 0.293549 2.64194 -80 2 -25 10 44946 1 
88.2125 -28.5637 -180.245 0.293549 2.64194 -80 2 -25 10 44947 1 
88.2027 -28.5637 -180.245 0.293549 2.64194 -80 2 -25 10 44948 1 
88.1929 -28.5636 -180.245 0.293549 2.64194 -80 2 -25 10 44949 1 
88.1831 -28.5636 -180.245 0.293549 2.64194 -80 2 -25 10 44950 1 
88.1733 -28.5635 -180.245 0.293549 2.64194 -80 2 -25 10 44951 1 
88.1635 -28.5635 -180.245 0.293549 2.64194 -80 2 -25 10 44952 1 
88.1537 -28.5634 -180.245 0.293549 2.64194 -80 2 -25 10 44953 1 
88.144 -28.5634 -180.245 0.293549 2.64194 -80 2 -25 10 44954 1 
88.1342 -28.5634 -180.245 0.293549 2.64194 -80 2 -25 10 44955 1 
88.1244 -28.5633 -180.245 0.293549 2.64194 -80 2 -25 10 44956 1 
88.1146 -28.5633 -180.245 0.293549 2.64194 -80 2 -25 10 44957 1 
88.1048 -28.5632 -180.245 0.293549 2.64194 -80 2 -25 10 44958 1 
88.095 -28.5632 -180.245 0.293549 2.64194 -80 2 -25 10 44959 1 
88.0852 -28.5632 -180.245 0.293549 2.64194 -80 2 -25 10 44960 1 
88.0754 -28.5631 -180.245 0.293549 2.64194 -80 2 -25 10 44961 1 
88.0656 -28.5631 -180.245 0.293549 2.64194 -80 2 -25 10 44962 1 
88.0559 -28.563 -180.245 0.293549 2.64194 -80 2 -25 10 44963 1 
88.0461 -28.563 -180.245 0.293549 2.64194 -80 2 -25 10 44964 1 
88.0363 -28.5629 -180.245 0.293549 2.64194 -80 2 -25 10 44965 1 
88.0265 -28.5629 -180.245 0.293549 2.64194 -80 2 -25 10 44966 1 
88.0167 -28.5629 -180.245 0.293549 2.64194 -80 2 -25 10 44967 1 
88.0069 -28.5628 -180.245 0.293549 2.64194 -80 2 -25 10 44968 1 
87.9971 -28.5628 -180.245 0.293549 2.64194 -80 2 -25 10 44969 1 
87.9873 -28.5627 -180.245 0.293549 2.64194 -80 2 -25 10 44970 1 
87.9775 -28.5627 -180.246 0.293549 2.64194 -80 2 -25 10 44971 1 
87.9678 -28.5627 -180.246 0.293549 2.64194 -80 2 -25 10 44972 1 
87.958 -28.5626 -180.246 0.293549 2.64194 -80 2 -25 10 44973 1 
87.9482 -28.5626 -180.246 0.293549 2.64194 -80 2 -25 10 44974 1 
87.9384 -28.5625 -180.246 0.293549 2.64194 -80 2 -25 10 44975 1 
87.9286 -28.5625 -180.246 0.293549 2.64194 -80 2 -25 10 44976 1 
87.9188 -28.5624 -180.246 0.293549 2.64194 -80 2 -25 10 44977 1 
87.909 -28.5624 -180.246 0.293549 2.64194 -80 2 -25 10 44978 1 
87.8992 -28.5624 -180.246 0.293549 2.64194 -80 2 -25 10 44979 1 
87.8895 -28.5623 -180.246 0.293549 2.64194 -80 2 -25 10 44980 1 
87.8797 -28.5623 -180.246 0.293549 2.64194 -80 2 -25 10 44981 1 
87.8699 -28.5622 -180.246 0.293549 2.64194 -80 2 -25 10 44982 1 
87.8601 -28.5622 -180.246 0.293549 2.64194 -80 2 -25 10 44983 1 
87.8503 -28.5621 -180.246 0.293549 2.64194 -80 2 -25 10 44984 1 
87.8405 -28.5621 -180.246 0.293549 2.64194 -80 2 -25 10 44985 1 
87.8307 -28.5621 -180.246 0.293549 2.64194 -80 2 -25 10 44986 1 
87.8209 -28.562 -180.246 0.293549 2.64194 -80 2 -25 10 44987 1 
87.8111 -28.562 -180.246 0.293549 2.64194 -80 2 -25 10 44988 1 
87.8014 -28.5619 -180.246 0.293549 2.64194 -80 2 -25 10 44989 1 
87.7916 -28.5619 -180.246 0.293549 2.64194 -80 2 -25 10 44990 1 
87.7818 -28.5619 -180.246 0.293549 2.64194 -80 2 -25 10 44991 1 
87.772 -28.5618 -180.246 0.293549 2.64194 -80 2 -25 10 44992 1 
87.7622 -28.5618 -180.246 0.293549 2.64194 -80 2 -25 10 44993 1 
87.7524 -28.5617 -180.246 0.293549 2.64194 -80 2 -25 10 44994 1 
87.7426 -28.5617 -180.246 0.293549 2.64194 -80 2 -25 10 44995 1 
87.7328 -28.5616 -180.246 0.293549 2.64194 -80 2 -25 10 44996 1 
87.723 -28.5616 -180.246 0.293549 2.64194 -80 2 -25 10 44997 1 
87.7133 -28.5616 -180.246 0.293549 2.64194 -80 2 -25 10 44998 1 
87.7035 -28.5615 -180.246 0.293549 2.64194 -80 2 -25 10 44999 1 
87.6937 -28.5615 -180.246 0.293549 2.64194 -80 2 -25 10 45000 1 
87.6839 -28.5614 -180.246 0.293549 2.64194 -80 2 -25 10 45001 1 
87.6741 -28.5614 -180.246 0.293549 2.64194 -80 2 -25 10 45002 1 
87.6643 -28.5614 -180.246 0.293549 2.64194 -80 2 -25 10 45003 1 
87.6545 -28.5613 -180.246 0.293549 2.64194 -80 2 -25 10 45004 1 
87.6447 -28.5613 -180.246 0.293549 2.64194 -80 2 -25 10 45005 1 
87.6349 -28.5612 -180.246 0.293549 2.64194 -80 2 -25 10 45006 1 
87.6252 -28.5612 -180.246 0.293549 2.64194 -80 2 -25 10 45007 1 
87.6154 -28.5611 -180.246 0.293549 2.64194 -80 2 -25 10 45008 1 
87.6056 -28.5611 -180.246 0.293549 2.64194 -80 2 -25 10 45009 1 
87.5958 -28.5611 -180.246 0.293549 2.64194 -80 2 -25 10 45010 1 
87.586 -28.561 -180.246 0.293549 2.64194 -80 2 -25 10 45011 1 
87.5762 -28.561 -180.246 0.293549 2.64194 -80 2 -25 10 45012 1 
87.5664 -28.5609 -180.246 0.293549 2.64194 -80 2 -25 10 45013 1 
87.5566 -28.5609 -180.246 0.293549 2.64194 -80 2 -25 10 45014 1 
87.5469 -28.5608 -180.246 0.293549 2.64194 -80 2 -25 10 45015 1 
87.5371 -28.5608 -180.246 0.293549 2.64194 -80 2 -25 10 45016 1 
87.5273 -28.5608 -180.246 0.293549 2.64194 -80 2 -25 10 45017 1 
87.5175 -28.5607 -180.246 0.293549 2.64194 -80 2 -25 10 45018 1 
87.5077 -28.5607 -180.246 0.293549 2.64194 -80 2 -25 10 45019 1 
87.4979 -28.5606 -180.246 0.293549 2.64194 -80 2 -25 10 45020 1 
87.4881 -28.5606 -180.246 0.293549 2.64194 -80 2 -25 10 45021 1 
87.4783 -28.5606 -180.246 0.293549 2.64194 -80 2 -25 10 45022 1 
87.4685 -28.5605 -180.246 0.293549 2.64194 -80 2 -25 10 45023 1 
87.4588 -28.5605 -180.246 0.293549 2.64194 -80 2 -25 10 45024 1 
87.449 -28.5604 -180.246 0.293549 2.64194 -80 2 -25 10 45025 1 
87.4392 -28.5604 -180.246 0.293549 2.64194 -80 2 -25 10 45026 1 
87.4294 -28.5603 -180.246 0.293549 2.64194 -80 2 -25 10 45027 1 
87.4196 -28.5603 -180.246 0.293549 2.64194 -80 2 -25 10 45028 1 
87.4098 -28.5603 -180.246 0.293549 2.64194 -80 2 -25 10 45029 1 
87.4 -28.5602 -180.246 0.293549 2.64194 -80 2 -25 10 45030 1 
87.3902 -28.5602 -180.246 0.293549 2.64194 -80 2 -25 10 45031 1 
87.3804 -28.5601 -180.246 0.293549 2.64194 -80 2 -25 10 45032 1 
87.3707 -28.5601 -180.246 0.293549 2.64194 -80 2 -25 10 45033 1 
87.3609 -28.5601 -180.246 0.293549 2.64194 -80 2 -25 10 45034 1 
87.3511 -28.56 -180.246 0.293549 2.64194 -80 2 -25 10 45035 1 
87.3413 -28.56 -180.246 0.293549 2.64194 -80 2 -25 10 45036 1 
87.3315 -28.5599 -180.246 0.293549 2.64194 -80 2 -25 10 45037 1 
87.3217 -28.5599 -180.246 0.293549 2.64194 -80 2 -25 10 45038 1 
87.3119 -28.5598 -180.246 0.293549 2.64194 -80 2 -25 10 45039 1 
87.3021 -28.5598 -180.246 0.293549 2.64194 -80 2 -25 10 45040 1 
87.2924 -28.5598 -180.246 0.293549 2.64194 -80 2 -25 10 45041 1 
87.2826 -28.5597 -180.246 0.293549 2.64194 -80 2 -25 10 45042 1 
87.2728 -28.5597 -180.246 0.293549 2.64194 -80 2 -25 10 45043 1 
87.263 -28.5596 -180.246 0.293549 2.64194 -80 2 -25 10 45044 1 
87.2532 -28.5596 -180.246 0.293549 2.64194 -80 2 -25 10 45045 1 
87.2434 -28.5595 -180.246 0.293549 2.64194 -80 2 -25 10 45046 1 
87.2336 -28.5595 -180.246 0.293549 2.64194 -80 2 -25 10 45047 1 
87.2238 -28.5595 -180.246 0.293549 2.64194 -80 2 -25 10 45048 1 
87.214 -28.5594 -180.246 0.293549 2.64194 -80 2 -25 10 45049 1 
87.2043 -28.5594 -180.246 0.293549 2.64194 -80 2 -25 10 45050 1 
87.1945 -28.5593 -180.246 0.293549 2.64194 -80 2 -25 10 45051 1 
87.1847 -28.5593 -180.246 0.293549 2.64194 -80 2 -25 10 45052 1 
87.1749 -28.5593 -180.246 0.293549 2.64194 -80 2 -25 10 45053 1 
87.1651 -28.5592 -180.246 0.293549 2.64194 -80 2 -25 10 45054 1 
87.1553 -28.5592 -180.246 0.293549 2.64194 -80 2 -25 10 45055 1 
87.1455 -28.5591 -180.247 0.293549 2.64194 -80 2 -25 10 45056 1 
87.1357 -28.5591 -180.247 0.293549 2.64194 -80 2 -25 10 45057 1 
87.1259 -28.559 -180.247 0.293549 2.64194 -80 2 -25 10 45058 1 
87.1162 -28.559 -180.247 0.293549 2.64194 -80 2 -25 10 45059 1 
87.1064 -28.559 -180.247 0.293549 2.64194 -80 2 -25 10 45060 1 
87.0966 -28.5589 -180.247 0.293549 2.64194 -80 2 -25 10 45061 1 
87.0868 -28.5589 -180.247 0.293549 2.64194 -80 2 -25 10 45062 1 
87.077 -28.5588 -180.247 0.293549 2.64194 -80 2 -25 10 45063 1 
87.0672 -28.5588 -180.247 0.293549 2.64194 -80 2 -25 10 45064 1 
87.0574 -28.5588 -180.247 0.293549 2.64194 -80 2 -25 10 45065 1 
87.0476 -28.5587 -180.247 0.293549 2.64194 -80 2 -25 10 45066 1 
87.0378 -28.5587 -180.247 0.293549 2.64194 -80 2 -25 10 45067 1 
87.0281 -28.5586 -180.247 0.293549 2.64194 -80 2 -25 10 45068 1 
87.0183 -28.5586 -180.247 0.293549 2.64194 -80 2 -25 10 45069 1 
87.0085 -28.5585 -180.247 0.293549 2.64194 -80 2 -25 10 45070 1 
86.9987 -28.5585 -180.247 0.293549 2.64194 -80 2 -25 10 45071 1 
86.9889 -28.5585 -180.247 0.293549 2.64194 -80 2 -25 10 45072 1 
86.9791 -28.5584 -180.247 0.293549 2.64194 -80 2 -25 10 45073 1 
86.9693 -28.5584 -180.247 0.293549 2.64194 -80 2 -25 10 45074 1 
86.9595 -28.5583 -180.247 0.293549 2.64194 -80 2 -25 10 45075 1 
86.9498 -28.5583 -180.247 0.293549 2.64194 -80 2 -25 10 45076 1 
86.94 -28.5582 -180.247 0.293549 2.64194 -80 2 -25 10 45077 1 
86.9302 -28.5582 -180.247 0.293549 2.64194 -80 2 -25 10 45078 1 
86.9204 -28.5582 -180.247 0.293549 2.64194 -80 2 -25 10 45079 1 
86.9106 -28.5581 -180.247 0.293549 2.64194 -80 2 -25 10 45080 1 
86.9008 -28.5581 -180.247 0.293549 2.64194 -80 2 -25 10 45081 1 
86.891 -28.558 -180.247 0.293549 2.64194 -80 2 -25 10 45082 1 
86.8812 -28.558 -180.247 0.293549 2.64194 -80 2 -25 10 45083 1 
86.8714 -28.558 -180.247 0.293549 2.64194 -80 2 -25 10 45084 1 
86.8617 -28.5579 -180.247 0.293549 2.64194 -80 2 -25 10 45085 1 
86.8519 -28.5579 -180.247 0.293549 2.64194 -80 2 -25 10 45086 1 
86.8421 -28.5578 -180.247 0.293549 2.64194 -80 2 -25 10 45087 1 
86.8323 -28.5578 -180.247 0.293549 2.64194 -80 2 -25 10 45088 1 
86.8225 -28.5577 -180.247 0.293549 2.64194 -80 2 -25 10 45089 1 
86.8127 -28.5577 -180.247 0.293549 2.64194 -80 2 -25 10 45090 1 
86.8029 -28.5577 -180.247 0.293549 2.64194 -80 2 -25 10 45091 1 
86.7931 -28.5576 -180.247 0.293549 2.64194 -80 2 -25 10 45092 1 
86.7833 -28.5576 -180.247 0.293549 2.64194 -80 2 -25 10 45093 1 
86.7736 -28.5575 -180.247 0.293549 2.64194 -80 2 -25 10 45094 1 
86.7638 -28.5575 -180.247 0.293549 2.64194 -80 2 -25 10 45095 1 
86.754 -28.5574 -180.247 0.293549 2.64194 -80 2 -25 10 45096 1 
86.7442 -28.5574 -180.247 0.293549 2.64194 -80 2 -25 10 45097 1 
86.7344 -28.5574 -180.247 0.293549 2.64194 -80 2 -25 10 45098 1 
86.7246 -28.5573 -180.247 0.293549 2.64194 -80 2 -25 10 45099 1 
86.7148 -28.5573 -180.247 0.293549 2.64194 -80 2 -25 10 45100 1 
86.705 -28.5572 -180.247 0.293549 2.64194 -80 2 -25 10 45101 1 
86.6953 -28.5572 -180.247 0.293549 2.64194 -80 2 -25 10 45102 1 
86.6855 -28.5572 -180.247 0.293549 2.64194 -80 2 -25 10 45103 1 
86.6757 -28.5571 -180.247 0.293549 2.64194 -80 2 -25 10 45104 1 
86.6659 -28.5571 -180.247 0.293549 2.64194 -80 2 -25 10 45105 1 
86.6561 -28.557 -180.247 0.293549 2.64194 -80 2 -25 10 45106 1 
86.6463 -28.557 -180.247 0.293549 2.64194 -80 2 -25 10 45107 1 
86.6365 -28.5569 -180.247 0.293549 2.64194 -80 2 -25 10 45108 1 
86.6267 -28.5569 -180.247 0.293549 2.64194 -80 2 -25 10 45109 1 
86.6169 -28.5569 -180.247 0.293549 2.64194 -80 2 -25 10 45110 1 
86.6072 -28.5568 -180.247 0.293549 2.64194 -80 2 -25 10 45111 1 
86.5974 -28.5568 -180.247 0.293549 2.64194 -80 2 -25 10 45112 1 
86.5876 -28.5567 -180.247 0.293549 2.64194 -80 2 -25 10 45113 1 
86.5778 -28.5567 -180.247 0.293549 2.64194 -80 2 -25 10 45114 1 
86.568 -28.5567 -180.247 0.293549 2.64194 -80 2 -25 10 45115 1 
86.5582 -28.5566 -180.247 0.293549 2.64194 -80 2 -25 10 45116 1 
86.5484 -28.5566 -180.247 0.293549 2.64194 -80 2 -25 10 45117 1 
86.5386 -28.5565 -180.247 0.293549 2.64194 -80 2 -25 10 45118 1 
86.5288 -28.5565 -180.247 0.293549 2.64194 -80 2 -25 10 45119 1 
86.5191 -28.5564 -180.247 0.293549 2.64194 -80 2 -25 10 45120 1 
86.5093 -28.5564 -180.247 0.293549 2.64194 -80 2 -25 10 45121 1 
86.4995 -28.5564 -180.247 0.293549 2.64194 -80 2 -25 10 45122 1 
86.4897 -28.5563 -180.247 0.293549 2.64194 -80 2 -25 10 45123 1 
86.4799 -28.5563 -180.247 0.293549 2.64194 -80 2 -25 10 45124 1 
86.4701 -28.5562 -180.247 0.293549 2.64194 -80 2 -25 10 45125 1 
86.4603 -28.5562 -180.247 0.293549 2.64194 -80 2 -25 10 45126 1 
86.4505 -28.5561 -180.247 0.293549 2.64194 -80 2 -25 10 45127 1 
86.4408 -28.5561 -180.247 0.293549 2.64194 -80 2 -25 10 45128 1 
86.431 -28.5561 -180.247 0.293549 2.64194 -80 2 -25 10 45129 1 
86.4212 -28.556 -180.247 0.293549 2.64194 -80 2 -25 10 45130 1 
86.4114 -28.556 -180.247 0.293549 2.64194 -80 2 -25 10 45131 1 
86.4016 -28.5559 -180.247 0.293549 2.64194 -80 2 -25 10 45132 1 
86.3918 -28.5559 -180.247 0.293549 2.64194 -80 2 -25 10 45133 1 
86.382 -28.5559 -180.247 0.293549 2.64194 -80 2 -25 10 45134 1 
86.3722 -28.5558 -180.247 0.293549 2.64194 -80 2 -25 10 45135 1 
86.3624 -28.5558 -180.247 0.293549 2.64194 -80 2 -25 10 45136 1 
86.3527 -28.5557 -180.247 0.293549 2.64194 -80 2 -25 10 45137 1 
86.3429 -28.5557 -180.247 0.293549 2.64194 -80 2 -25 10 45138 1 
86.3331 -28.5556 -180.247 0.293549 2.64194 -80 2 -25 10 45139 1 
86.3233 -28.5556 -180.247 0.293549 2.64194 -80 2 -25 10 45140 1 
86.3135 -28.5556 -180.247 0.293549 2.64194 -80 2 -25 10 45141 1 
86.3037 -28.5555 -180.248 0.293549 2.64194 -80 2 -25 10 45142 1 
86.2939 -28.5555 -180.248 0.293549 2.64194 -80 2 -25 10 45143 1 
86.2841 -28.5554 -180.248 0.293549 2.64194 -80 2 -25 10 45144 1 
86.2743 -28.5554 -180.248 0.293549 2.64194 -80 2 -25 10 45145 1 
86.2646 -28.5554 -180.248 0.293549 2.64194 -80 2 -25 10 45146 1 
86.2548 -28.5553 -180.248 0.293549 2.64194 -80 2 -25 10 45147 1 
86.245 -28.5553 -180.248 0.293549 2.64194 -80 2 -25 10 45148 1 
86.2352 -28.5552 -180.248 0.293549 2.64194 -80 2 -25 10 45149 1 
86.2254 -28.5552 -180.248 0.293549 2.64194 -80 2 -25 10 45150 1 
86.2156 -28.5551 -180.248 0.293549 2.64194 -80 2 -25 10 45151 1 
86.2058 -28.5551 -180.248 0.293549 2.64194 -80 2 -25 10 45152 1 
86.196 -28.5551 -180.248 0.293549 2.64194 -80 2 -25 10 45153 1 
86.1862 -28.555 -180.248 0.293549 2.64194 -80 2 -25 10 45154 1 
86.1765 -28.555 -180.248 0.293549 2.64194 -80 2 -25 10 45155 1 
86.1667 -28.5549 -180.248 0.293549 2.64194 -80 2 -25 10 45156 1 
86.1569 -28.5549 -180.248 0.293549 2.64194 -80 2 -25 10 45157 1 
86.1471 -28.5548 -180.248 0.293549 2.64194 -80 2 -25 10 45158 1 
86.1373 -28.5548 -180.248 0.293549 2.64194 -80 2 -25 10 45159 1 
86.1275 -28.5548 -180.248 0.293549 2.64194 -80 2 -25 10 45160 1 
86.1177 -28.5547 -180.248 0.293549 2.64194 -80 2 -25 10 45161 1 
86.1079 -28.5547 -180.248 0.293549 2.64194 -80 2 -25 10 45162 1 
86.0982 -28.5546 -180.248 0.293549 2.64194 -80 2 -25 10 45163 1 
86.0884 -28.5546 -180.248 0.293549 2.64194 -80 2 -25 10 45164 1 
86.0786 -28.5546 -180.248 0.293549 2.64194 -80 2 -25 10 45165 1 
86.0688 -28.5545 -180.248 0.293549 2.64194 -80 2 -25 10 45166 1 
86.059 -28.5545 -180.248 0.293549 2.64194 -80 2 -25 10 45167 1 
86.0492 -28.5544 -180.248 0.293549 2.64194 -80 2 -25 10 45168 1 
86.0394 -28.5544 -180.248 0.293549 2.64194 -80 2 -25 10 45169 1 
86.0296 -28.5543 -180.248 0.293549 2.64194 -80 2 -25 10 45170 1 
86.0198 -28.5543 -180.248 0.293549 2.64194 -80 2 -25 10 45171 1 
86.0101 -28.5543 -180.248 0.293549 2.64194 -80 2 -25 10 45172 1 
86.0003 -28.5542 -180.248 0.293549 2.64194 -80 2 -25 10 45173 1 
85.9905 -28.5542 -180.248 0.293549 2.64194 -80 2 -25 10 45174 1 
85.9807 -28.5541 -180.248 0.293549 2.64194 -80 2 -25 10 45175 1 
85.9709 -28.5541 -180.248 0.293549 2.64194 -80 2 -25 10 45176 1 
85.9611 -28.5541 -180.248 0.293549 2.64194 -80 2 -25 10 45177 1 
85.9513 -28.554 -180.248 0.293549 2.64194 -80 2 -25 10 45178 1 
85.9415 -28.554 -180.248 0.293549 2.64194 -80 2 -25 10 45179 1 
85.9317 -28.5539 -180.248 0.293549 2.64194 -80 2 -25 10 45180 1 
85.922 -28.5539 -180.248 0.293549 2.64194 -80 2 -25 10 45181 1 
85.9122 -28.5538 -180.248 0.293549 2.64194 -80 2 -25 10 45182 1 
85.9024 -28.5538 -180.248 0.293549 2.64194 -80 2 -25 10 45183 1 
85.8926 -28.5538 -180.248 0.293549 2.64194 -80 2 -25 10 45184 1 
85.8828 -28.5537 -180.248 0.293549 2.64194 -80 2 -25 10 45185 1 
85.873 -28.5537 -180.248 0.293549 2.64194 -80 2 -25 10 45186 1 
85.8632 -28.5536 -180.248 0.293549 2.64194 -80 2 -25 10 45187 1 
85.8534 -28.5536 -180.248 0.293549 2.64194 -80 2 -25 10 45188 1 
85.8437 -28.5535 -180.248 0.293549 2.64194 -80 2 -25 10 45189 1 
85.8339 -28.5535 -180.248 0.293549 2.64194 -80 2 -25 10 45190 1 
85.8241 -28.5535 -180.248 0.293549 2.64194 -80 2 -25 10 45191 1 
85.8143 -28.5534 -180.248 0.293549 2.64194 -80 2 -25 10 45192 1 
85.8045 -28.5534 -180.248 0.293549 2.64194 -80 2 -25 10 45193 1 
85.7947 -28.5533 -180.248 0.293549 2.64194 -80 2 -25 10 45194 1 
85.7849 -28.5533 -180.248 0.293549 2.64194 -80 2 -25 10 45195 1 
85.7751 -28.5533 -180.248 0.293549 2.64194 -80 2 -25 10 45196 1 
85.7653 -28.5532 -180.248 0.293549 2.64194 -80 2 -25 10 45197 1 
85.7556 -28.5532 -180.248 0.293549 2.64194 -80 2 -25 10 45198 1 
85.7458 -28.5531 -180.248 0.293549 2.64194 -80 2 -25 10 45199 1 
85.736 -28.5531 -180.248 0.293549 2.64194 -80 2 -25 10 45200 1 
85.7262 -28.553 -180.248 0.293549 2.64194 -80 2 -25 10 45201 1 
85.7164 -28.553 -180.248 0.293549 2.64194 -80 2 -25 10 45202 1 
85.7066 -28.553 -180.248 0.293549 2.64194 -80 2 -25 10 45203 1 
85.6968 -28.5529 -180.248 0.293549 2.64194 -80 2 -25 10 45204 1 
85.687 -28.5529 -180.248 0.293549 2.64194 -80 2 -25 10 45205 1 
85.6772 -28.5528 -180.248 0.293549 2.64194 -80 2 -25 10 45206 1 
85.6675 -28.5528 -180.248 0.293549 2.64194 -80 2 -25 10 45207 1 
85.6577 -28.5527 -180.248 0.293549 2.64194 -80 2 -25 10 45208 1 
85.6479 -28.5527 -180.248 0.293549 2.64194 -80 2 -25 10 45209 1 
85.6381 -28.5527 -180.248 0.293549 2.64194 -80 2 -25 10 45210 1 
85.6283 -28.5526 -180.248 0.293549 2.64194 -80 2 -25 10 45211 1 
85.6185 -28.5526 -180.248 0.293549 2.64194 -80 2 -25 10 45212 1 
85.6087 -28.5525 -180.248 0.293549 2.64194 -80 2 -25 10 45213 1 
85.5989 -28.5525 -180.248 0.293549 2.64194 -80 2 -25 10 45214 1 
85.5891 -28.5525 -180.248 0.293549 2.64194 -80 2 -25 10 45215 1 
85.5794 -28.5524 -180.248 0.293549 2.64194 -80 2 -25 10 45216 1 
85.5696 -28.5524 -180.248 0.293549 2.64194 -80 2 -25 10 45217 1 
85.5598 -28.5523 -180.248 0.293549 2.64194 -80 2 -25 10 45218 1 
85.55 -28.5523 -180.248 0.293549 2.64194 -80 2 -25 10 45219 1 
85.5402 -28.5522 -180.248 0.293549 2.64194 -80 2 -25 10 45220 1 
85.5304 -28.5522 -180.248 0.293549 2.64194 -80 2 -25 10 45221 1 
85.5206 -28.5522 -180.248 0.293549 2.64194 -80 2 -25 10 45222 1 
85.5108 -28.5521 -180.248 0.293549 2.64194 -80 2 -25 10 45223 1 
85.5011 -28.5521 -180.248 0.293549 2.64194 -80 2 -25 10 45224 1 
85.4913 -28.552 -180.249 0.293549 2.64194 -80 2 -25 10 45225 1 
85.4815 -28.552 -180.249 0.293549 2.64194 -80 2 -25 10 45226 1 
85.4717 -28.552 -180.249 0.293549 2.64194 -80 2 -25 10 45227 1 
85.4619 -28.5519 -180.249 0.293549 2.64194 -80 2 -25 10 45228 1 
85.4521 -28.5519 -180.249 0.293549 2.64194 -80 2 -25 10 45229 1 
85.4423 -28.5518 -180.249 0.293549 2.64194 -80 2 -25 10 45230 1 
85.4325 -28.5518 -180.249 0.293549 2.64194 -80 2 -25 10 45231 1 
85.4227 -28.5517 -180.249 0.293549 2.64194 -80 2 -25 10 45232 1 
85.413 -28.5517 -180.249 0.293549 2.64194 -80 2 -25 10 45233 1 
85.4032 -28.5517 -180.249 0.293549 2.64194 -80 2 -25 10 45234 1 
85.3934 -28.5516 -180.249 0.293549 2.64194 -80 2 -25 10 45235 1 
85.3836 -28.5516 -180.249 0.293549 2.64194 -80 2 -25 10 45236 1 
85.3738 -28.5515 -180.249 0.293549 2.64194 -80 2 -25 10 45237 1 
85.364 -28.5515 -180.249 0.293549 2.64194 -80 2 -25 10 45238 1 
85.3542 -28.5514 -180.249 0.293549 2.64194 -80 2 -25 10 45239 1 
85.3444 -28.5514 -180.249 0.293549 2.64194 -80 2 -25 10 45240 1 
85.3346 -28.5514 -180.249 0.293549 2.64194 -80 2 -25 10 45241 1 
85.3249 -28.5513 -180.249 0.293549 2.64194 -80 2 -25 10 45242 1 
85.3151 -28.5513 -180.249 0.293549 2.64194 -80 2 -25 10 45243 1 
85.3053 -28.5512 -180.249 0.293549 2.64194 -80 2 -25 10 45244 1 
85.2955 -28.5512 -180.249 0.293549 2.64194 -80 2 -25 10 45245 1 
85.2857 -28.5512 -180.249 0.293549 2.64194 -80 2 -25 10 45246 1 
85.2759 -28.5511 -180.249 0.293549 2.64194 -80 2 -25 10 45247 1 
85.2661 -28.5511 -180.249 0.293549 2.64194 -80 2 -25 10 45248 1 
85.2563 -28.551 -180.249 0.293549 2.64194 -80 2 -25 10 45249 1 
85.2466 -28.551 -180.249 0.293549 2.64194 -80 2 -25 10 45250 1 
85.2368 -28.5509 -180.249 0.293549 2.64194 -80 2 -25 10 45251 1 
85.227 -28.5509 -180.249 0.293549 2.64194 -80 2 -25 10 45252 1 
85.2172 -28.5509 -180.249 0.293549 2.64194 -80 2 -25 10 45253 1 
85.2074 -28.5508 -180.249 0.293549 2.64194 -80 2 -25 10 45254 1 
85.1976 -28.5508 -180.249 0.293549 2.64194 -80 2 -25 10 45255 1 
85.1878 -28.5507 -180.249 0.293549 2.64194 -80 2 -25 10 45256 1 
85.178 -28.5507 -180.249 0.293549 2.64194 -80 2 -25 10 45257 1 
85.1682 -28.5507 -180.249 0.293549 2.64194 -80 2 -25 10 45258 1 
85.1585 -28.5506 -180.249 0.293549 2.64194 -80 2 -25 10 45259 1 
85.1487 -28.5506 -180.249 0.293549 2.64194 -80 2 -25 10 45260 1 
85.1389 -28.5505 -180.249 0.293549 2.64194 -80 2 -25 10 45261 1 
85.1291 -28.5505 -180.249 0.293549 2.64194 -80 2 -25 10 45262 1 
85.1193 -28.5504 -180.249 0.293549 2.64194 -80 2 -25 10 45263 1 
85.1095 -28.5504 -180.249 0.293549 2.64194 -80 2 -25 10 45264 1 
85.0997 -28.5504 -180.249 0.293549 2.64194 -80 2 -25 10 45265 1 
85.0899 -28.5503 -180.249 0.293549 2.64194 -80 2 -25 10 45266 1 
85.0801 -28.5503 -180.249 0.293549 2.64194 -80 2 -25 10 45267 1 
85.0704 -28.5502 -180.249 0.293549 2.64194 -80 2 -25 10 45268 1 
85.0606 -28.5502 -180.249 0.293549 2.64194 -80 2 -25 10 45269 1 
85.0508 -28.5501 -180.249 0.293549 2.64194 -80 2 -25 10 45270 1 
85.041 -28.5501 -180.249 0.293549 2.64194 -80 2 -25 10 45271 1 
85.0312 -28.5501 -180.249 0.293549 2.64194 -80 2 -25 10 45272 1 
85.0214 -28.55 -180.249 0.293549 2.64194 -80 2 -25 10 45273 1 
85.0116 -28.55 -180.249 0.293549 2.64194 -80 2 -25 10 45274 1 
85.0018 -28.5499 -180.249 0.293549 2.64194 -80 2 -25 10 45275 1 
84.9921 -28.5499 -180.249 0.293549 2.64194 -80 2 -25 10 45276 1 
84.9823 -28.5499 -180.249 0.293549 2.64194 -80 2 -25 10 45277 1 
84.9725 -28.5498 -180.249 0.293549 2.64194 -80 2 -25 10 45278 1 
84.9627 -28.5498 -180.249 0.293549 2.64194 -80 2 -25 10 45279 1 
84.9529 -28.5497 -180.249 0.293549 2.64194 -80 2 -25 10 45280 1 
84.9431 -28.5497 -180.249 0.293549 2.64194 -80 2 -25 10 45281 1 
84.9333 -28.5496 -180.249 0.293549 2.64194 -80 2 -25 10 45282 1 
84.9235 -28.5496 -180.249 0.293549 2.64194 -80 2 -25 10 45283 1 
84.9137 -28.5496 -180.249 0.293549 2.64194 -80 2 -25 10 45284 1 
84.904 -28.5495 -180.249 0.293549 2.64194 -80 2 -25 10 45285 1 
84.8942 -28.5495 -180.249 0.293549 2.64194 -80 2 -25 10 45286 1 
84.8844 -28.5494 -180.249 0.293549 2.64194 -80 2 -25 10 45287 1 
84.8746 -28.5494 -180.249 0.293549 2.64194 -80 2 -25 10 45288 1 
84.8648 -28.5494 -180.249 0.293549 2.64194 -80 2 -25 10 45289 1 
84.855 -28.5493 -180.249 0.293549 2.64194 -80 2 -25 10 45290 1 
84.8452 -28.5493 -180.249 0.293549 2.64194 -80 2 -25 10 45291 1 
84.8354 -28.5492 -180.249 0.293549 2.64194 -80 2 -25 10 45292 1 
84.8256 -28.5492 -180.249 0.293549 2.64194 -80 2 -25 10 45293 1 
84.8159 -28.5491 -180.249 0.293549 2.64194 -80 2 -25 10 45294 1 
84.8061 -28.5491 -180.249 0.293549 2.64194 -80 2 -25 10 45295 1 
84.7963 -28.5491 -180.249 0.293549 2.64194 -80 2 -25 10 45296 1 
84.7865 -28.549 -180.249 0.293549 2.64194 -80 2 -25 10 45297 1 
84.7767 -28.549 -180.249 0.293549 2.64194 -80 2 -25 10 45298 1 
84.7669 -28.5489 -180.249 0.293549 2.64194 -80 2 -25 10 45299 1 
84.7571 -28.5489 -180.249 0.293549 2.64194 -80 2 -25 10 45300 1 
84.7473 -28.5488 -180.249 0.293549 2.64194 -80 2 -25 10 45301 1 
84.7375 -28.5488 -180.249 0.293549 2.64194 -80 2 -25 10 45302 1 
84.7278 -28.5488 -180.249 0.293549 2.64194 -80 2 -25 10 45303 1 
84.718 -28.5487 -180.249 0.293549 2.64194 -80 2 -25 10 45304 1 
84.7082 -28.5487 -180.249 0.293549 2.64194 -80 2 -25 10 45305 1 
84.6984 -28.5486 -180.249 0.293549 2.64194 -80 2 -25 10 45306 1 
84.6886 -28.5486 -180.249 0.293549 2.64194 -80 2 -25 10 45307 1 
84.6788 -28.5486 -180.249 0.293549 2.64194 -80 2 -25 10 45308 1 
84.669 -28.5485 -180.25 0.293549 2.64194 -80 2 -25 10 45309 1 
84.6592 -28.5485 -180.25 0.293549 2.64194 -80 2 -25 10 45310 1 
84.6495 -28.5484 -180.25 0.293549 2.64194 -80 2 -25 10 45311 1 
84.6397 -28.5484 -180.25 0.293549 2.64194 -80 2 -25 10 45312 1 
84.6299 -28.5483 -180.25 0.293549 2.64194 -80 2 -25 10 45313 1 
84.6201 -28.5483 -180.25 0.293549 2.64194 -80 2 -25 10 45314 1 
84.6103 -28.5483 -180.25 0.293549 2.64194 -80 2 -25 10 45315 1 
84.6005 -28.5482 -180.25 0.293549 2.64194 -80 2 -25 10 45316 1 
84.5907 -28.5482 -180.25 0.293549 2.64194 -80 2 -25 10 45317 1 
84.5809 -28.5481 -180.25 0.293549 2.64194 -80 2 -25 10 45318 1 
84.5711 -28.5481 -180.25 0.293549 2.64194 -80 2 -25 10 45319 1 
84.5614 -28.548 -180.25 0.293549 2.64194 -80 2 -25 10 45320 1 
84.5516 -28.548 -180.25 0.293549 2.64194 -80 2 -25 10 45321 1 
84.5418 -28.548 -180.25 0.293549 2.64194 -80 2 -25 10 45322 1 
84.532 -28.5479 -180.25 0.293549 2.64194 -80 2 -25 10 45323 1 
84.5222 -28.5479 -180.25 0.293549 2.64194 -80 2 -25 10 45324 1 
84.5124 -28.5478 -180.25 0.293549 2.64194 -80 2 -25 10 45325 1 
84.5026 -28.5478 -180.25 0.293549 2.64194 -80 2 -25 10 45326 1 
84.4928 -28.5478 -180.25 0.293549 2.64194 -80 2 -25 10 45327 1 
84.483 -28.5477 -180.25 0.293549 2.64194 -80 2 -25 10 45328 1 
84.4733 -28.5477 -180.25 0.293549 2.64194 -80 2 -25 10 45329 1 
84.4635 -28.5476 -180.25 0.293549 2.64194 -80 2 -25 10 45330 1 
84.4537 -28.5476 -180.25 0.293549 2.64194 -80 2 -25 10 45331 1 
84.4439 -28.5475 -180.25 0.293549 2.64194 -80 2 -25 10 45332 1 
84.4341 -28.5475 -180.25 0.293549 2.64194 -80 2 -25 10 45333 1 
84.4243 -28.5475 -180.25 0.293549 2.64194 -80 2 -25 10 45334 1 
84.4145 -28.5474 -180.25 0.293549 2.64194 -80 2 -25 10 45335 1 
84.4047 -28.5474 -180.25 0.293549 2.64194 -80 2 -25 10 45336 1 
84.395 -28.5473 -180.25 0.293549 2.64194 -80 2 -25 10 45337 1 
84.3852 -28.5473 -180.25 0.293549 2.64194 -80 2 -25 10 45338 1 
84.3754 -28.5473 -180.25 0.293549 2.64194 -80 2 -25 10 45339 1 
84.3656 -28.5472 -180.25 0.293549 2.64194 -80 2 -25 10 45340 1 
84.3558 -28.5472 -180.25 0.293549 2.64194 -80 2 -25 10 45341 1 
84.346 -28.5471 -180.25 0.293549 2.64194 -80 2 -25 10 45342 1 
84.3362 -28.5471 -180.25 0.293549 2.64194 -80 2 -25 10 45343 1 
84.3264 -28.547 -180.25 0.293549 2.64194 -80 2 -25 10 45344 1 
84.3166 -28.547 -180.25 0.293549 2.64194 -80 2 -25 10 45345 1 
84.3069 -28.547 -180.25 0.293549 2.64194 -80 2 -25 10 45346 1 
84.2971 -28.5469 -180.25 0.293549 2.64194 -80 2 -25 10 45347 1 
84.2873 -28.5469 -180.25 0.293549 2.64194 -80 2 -25 10 45348 1 
84.2775 -28.5468 -180.25 0.293549 2.64194 -80 2 -25 10 45349 1 
84.2677 -28.5468 -180.25 0.293549 2.64194 -80 2 -25 10 45350 1 
84.2579 -28.5467 -180.25 0.293549 2.64194 -80 2 -25 10 45351 1 
84.2481 -28.5467 -180.25 0.293549 2.64194 -80 2 -25 10 45352 1 
84.2383 -28.5467 -180.25 0.293549 2.64194 -80 2 -25 10 45353 1 
84.2285 -28.5466 -180.25 0.293549 2.64194 -80 2 -25 10 45354 1 
84.2188 -28.5466 -180.25 0.293549 2.64194 -80 2 -25 10 45355 1 
84.209 -28.5465 -180.25 0.293549 2.64194 -80 2 -25 10 45356 1 
84.1992 -28.5465 -180.25 0.293549 2.64194 -80 2 -25 10 45357 1 
84.1894 -28.5465 -180.25 0.293549 2.64194 -80 2 -25 10 45358 1 
84.1796 -28.5464 -180.25 0.293549 2.64194 -80 2 -25 10 45359 1 
84.1698 -28.5464 -180.25 0.293549 2.64194 -80 2 -25 10 45360 1 
84.16 -28.5463 -180.25 0.293549 2.64194 -80 2 -25 10 45361 1 
84.1502 -28.5463 -180.25 0.293549 2.64194 -80 2 -25 10 45362 1 
84.1404 -28.5462 -180.25 0.293549 2.64194 -80 2 -25 10 45363 1 
84.1307 -28.5462 -180.25 0.293549 2.64194 -80 2 -25 10 45364 1 
84.1209 -28.5462 -180.25 0.293549 2.64194 -80 2 -25 10 45365 1 
84.1111 -28.5461 -180.25 0.293549 2.64194 -80 2 -25 10 45366 1 
84.1013 -28.5461 -180.25 0.293549 2.64194 -80 2 -25 10 45367 1 
84.0915 -28.546 -180.25 0.293549 2.64194 -80 2 -25 10 45368 1 
84.0817 -28.546 -180.25 0.293549 2.64194 -80 2 -25 10 45369 1 
84.0719 -28.546 -180.25 0.293549 2.64194 -80 2 -25 10 45370 1 
84.0621 -28.5459 -180.25 0.293549 2.64194 -80 2 -25 10 45371 1 
84.0524 -28.5459 -180.25 0.293549 2.64194 -80 2 -25 10 45372 1 
84.0426 -28.5458 -180.25 0.293549 2.64194 -80 2 -25 10 45373 1 
84.0328 -28.5458 -180.25 0.293549 2.64194 -80 2 -25 10 45374 1 
84.023 -28.5457 -180.25 0.293549 2.64194 -80 2 -25 10 45375 1 
84.0132 -28.5457 -180.25 0.293549 2.64194 -80 2 -25 10 45376 1 
84.0034 -28.5457 -180.25 0.293549 2.64194 -80 2 -25 10 45377 1 
83.9936 -28.5456 -180.25 0.293549 2.64194 -80 2 -25 10 45378 1 
83.9838 -28.5456 -180.25 0.293549 2.64194 -80 2 -25 10 45379 1 
83.974 -28.5455 -180.25 0.293549 2.64194 -80 2 -25 10 45380 1 
83.9643 -28.5455 -180.25 0.293549 2.64194 -80 2 -25 10 45381 1 
83.9545 -28.5454 -180.25 0.293549 2.64194 -80 2 -25 10 45382 1 
83.9447 -28.5454 -180.25 0.293549 2.64194 -80 2 -25 10 45383 1 
83.9349 -28.5454 -180.25 0.293549 2.64194 -80 2 -25 10 45384 1 
83.9251 -28.5453 -180.25 0.293549 2.64194 -80 2 -25 10 45385 1 
83.9153 -28.5453 -180.25 0.293549 2.64194 -80 2 -25 10 45386 1 
83.9055 -28.5452 -180.25 0.293549 2.64194 -80 2 -25 10 45387 1 
83.8957 -28.5452 -180.25 0.293549 2.64194 -80 2 -25 10 45388 1 
83.8859 -28.5452 -180.25 0.293549 2.64194 -80 2 -25 10 45389 1 
83.8762 -28.5451 -180.25 0.293549 2.64194 -80 2 -25 10 45390 1 
83.8664 -28.5451 -180.251 0.293549 2.64194 -80 2 -25 10 45391 1 
83.8566 -28.545 -180.251 0.293549 2.64194 -80 2 -25 10 45392 1 
83.8468 -28.545 -180.251 0.293549 2.64194 -80 2 -25 10 45393 1 
83.837 -28.5449 -180.251 0.293549 2.64194 -80 2 -25 10 45394 1 
83.8272 -28.5449 -180.251 0.293549 2.64194 -80 2 -25 10 45395 1 
83.8174 -28.5449 -180.251 0.293549 2.64194 -80 2 -25 10 45396 1 
83.8076 -28.5448 -180.251 0.293549 2.64194 -80 2 -25 10 45397 1 
83.7979 -28.5448 -180.251 0.293549 2.64194 -80 2 -25 10 45398 1 
83.7881 -28.5447 -180.251 0.293549 2.64194 -80 2 -25 10 45399 1 
83.7783 -28.5447 -180.251 0.293549 2.64194 -80 2 -25 10 45400 1 
83.7685 -28.5447 -180.251 0.293549 2.64194 -80 2 -25 10 45401 1 
83.7587 -28.5446 -180.251 0.293549 2.64194 -80 2 -25 10 45402 1 
83.7489 -28.5446 -180.251 0.293549 2.64194 -80 2 -25 10 45403 1 
83.7391 -28.5445 -180.251 0.293549 2.64194 -80 2 -25 10 45404 1 
83.7293 -28.5445 -180.251 0.293549 2.64194 -80 2 -25 10 45405 1 
83.7195 -28.5444 -180.251 0.293549 2.64194 -80 2 -25 10 45406 1 
83.7098 -28.5444 -180.251 0.293549 2.64194 -80 2 -25 10 45407 1 
83.7 -28.5444 -180.251 0.293549 2.64194 -80 2 -25 10 45408 1 
83.6902 -28.5443 -180.251 0.293549 2.64194 -80 2 -25 10 45409 1 
83.6804 -28.5443 -180.251 0.293549 2.64194 -80 2 -25 10 45410 1 
83.6706 -28.5442 -180.251 0.293549 2.64194 -80 2 -25 10 45411 1 
83.6608 -28.5442 -180.251 0.293549 2.64194 -80 2 -25 10 45412 1 
83.651 -28.5441 -180.251 0.293549 2.64194 -80 2 -25 10 45413 1 
83.6412 -28.5441 -180.251 0.293549 2.64194 -80 2 -25 10 45414 1 
83.6314 -28.5441 -180.251 0.293549 2.64194 -80 2 -25 10 45415 1 
83.6217 -28.544 -180.251 0.293549 2.64194 -80 2 -25 10 45416 1 
83.6119 -28.544 -180.251 0.293549 2.64194 -80 2 -25 10 45417 1 
83.6021 -28.5439 -180.251 0.293549 2.64194 -80 2 -25 10 45418 1 
83.5923 -28.5439 -180.251 0.293549 2.64194 -80 2 -25 10 45419 1 
83.5825 -28.5439 -180.251 0.293549 2.64194 -80 2 -25 10 45420 1 
83.5727 -28.5438 -180.251 0.293549 2.64194 -80 2 -25 10 45421 1 
83.5629 -28.5438 -180.251 0.293549 2.64194 -80 2 -25 10 45422 1 
83.5531 -28.5437 -180.251 0.293549 2.64194 -80 2 -25 10 45423 1 
83.5434 -28.5437 -180.251 0.293549 2.64194 -80 2 -25 10 45424 1 
83.5336 -28.5436 -180.251 0.293549 2.64194 -80 2 -25 10 45425 1 
83.5238 -28.5436 -180.251 0.293549 2.64194 -80 2 -25 10 45426 1 
83.514 -28.5436 -180.251 0.293549 2.64194 -80 2 -25 10 45427 1 
83.5042 -28.5435 -180.251 0.293549 2.64194 -80 2 -25 10 45428 1 
83.4944 -28.5435 -180.251 0.293549 2.64194 -80 2 -25 10 45429 1 
83.4846 -28.5434 -180.251 0.293549 2.64194 -80 2 -25 10 45430 1 
83.4748 -28.5434 -180.251 0.293549 2.64194 -80 2 -25 10 45431 1 
83.465 -28.5434 -180.251 0.293549 2.64194 -80 2 -25 10 45432 1 
83.4553 -28.5433 -180.251 0.293549 2.64194 -80 2 -25 10 45433 1 
83.4455 -28.5433 -180.251 0.293549 2.64194 -80 2 -25 10 45434 1 
83.4357 -28.5432 -180.251 0.293549 2.64194 -80 2 -25 10 45435 1 
83.4259 -28.5432 -180.251 0.293549 2.64194 -80 2 -25 10 45436 1 
83.4161 -28.5431 -180.251 0.293549 2.64194 -80 2 -25 10 45437 1 
83.4063 -28.5431 -180.251 0.293549 2.64194 -80 2 -25 10 45438 1 
83.3965 -28.5431 -180.251 0.293549 2.64194 -80 2 -25 10 45439 1 
83.3867 -28.543 -180.251 0.293549 2.64194 -80 2 -25 10 45440 1 
83.3769 -28.543 -180.251 0.293549 2.64194 -80 2 -25 10 45441 1 
83.3672 -28.5429 -180.251 0.293549 2.64194 -80 2 -25 10 45442 1 
83.3574 -28.5429 -180.251 0.293549 2.64194 -80 2 -25 10 45443 1 
83.3476 -28.5428 -180.251 0.293549 2.64194 -80 2 -25 10 45444 1 
83.3378 -28.5428 -180.251 0.293549 2.64194 -80 2 -25 10 45445 1 
83.328 -28.5428 -180.251 0.293549 2.64194 -80 2 -25 10 45446 1 
83.3182 -28.5427 -180.251 0.293549 2.64194 -80 2 -25 10 45447 1 
83.3084 -28.5427 -180.251 0.293549 2.64194 -80 2 -25 10 45448 1 
83.2986 -28.5426 -180.251 0.293549 2.64194 -80 2 -25 10 45449 1 
83.2888 -28.5426 -180.251 0.293549 2.64194 -80 2 -25 10 45450 1 
83.2791 -28.5426 -180.251 0.293549 2.64194 -80 2 -25 10 45451 1 
83.2693 -28.5425 -180.251 0.293549 2.64194 -80 2 -25 10 45452 1 
83.2595 -28.5425 -180.251 0.293549 2.64194 -80 2 -25 10 45453 1 
83.2497 -28.5424 -180.251 0.293549 2.64194 -80 2 -25 10 45454 1 
83.2399 -28.5424 -180.251 0.293549 2.64194 -80 2 -25 10 45455 1 
83.2301 -28.5423 -180.251 0.293549 2.64194 -80 2 -25 10 45456 1 
83.2203 -28.5423 -180.251 0.293549 2.64194 -80 2 -25 10 45457 1 
83.2105 -28.5423 -180.251 0.293549 2.64194 -80 2 -25 10 45458 1 
83.2008 -28.5422 -180.251 0.293549 2.64194 -80 2 -25 10 45459 1 
83.191 -28.5422 -180.251 0.293549 2.64194 -80 2 -25 10 45460 1 
83.1812 -28.5421 -180.251 0.293549 2.64194 -80 2 -25 10 45461 1 
83.1714 -28.5421 -180.251 0.293549 2.64194 -80 2 -25 10 45462 1 
83.1616 -28.542 -180.251 0.293549 2.64194 -80 2 -25 10 45463 1 
83.1518 -28.542 -180.251 0.293549 2.64194 -80 2 -25 10 45464 1 
83.142 -28.5419 -180.251 0.293549 2.64194 -80 2 -25 10 45465 1 
83.1322 -28.5419 -180.251 0.293549 2.64194 -80 2 -25 10 45466 1 
83.1224 -28.5419 -180.251 0.293549 2.64194 -80 2 -25 10 45467 1 
83.1127 -28.5418 -180.251 0.293549 2.64194 -80 2 -25 10 45468 1 
83.1029 -28.5418 -180.251 0.293549 2.64194 -80 2 -25 10 45469 1 
83.0931 -28.5417 -180.251 0.293549 2.64194 -80 2 -25 10 45470 1 
83.0833 -28.5417 -180.251 0.293549 2.64194 -80 2 -25 10 45471 1 
83.0735 -28.5416 -180.251 0.293549 2.64194 -80 2 -25 10 45472 1 
83.0637 -28.5416 -180.252 0.293549 2.64194 -80 2 -25 10 45473 1 
83.0539 -28.5416 -180.252 0.293549 2.64194 -80 2 -25 10 45474 1 
83.0441 -28.5415 -180.252 0.293549 2.64194 -80 2 -25 10 45475 1 
83.0343 -28.5415 -180.252 0.293549 2.64194 -80 2 -25 10 45476 1 
83.0246 -28.5414 -180.252 0.293549 2.64194 -80 2 -25 10 45477 1 
83.0148 -28.5414 -180.252 0.293549 2.64194 -80 2 -25 10 45478 1 
83.005 -28.5413 -180.252 0.293549 2.64194 -80 2 -25 10 45479 1 
82.9952 -28.5413 -180.252 0.293549 2.64194 -80 2 -25 10 45480 1 
82.9854 -28.5412 -180.252 0.293549 2.64194 -80 2 -25 10 45481 1 
82.9756 -28.5412 -180.252 0.293549 2.64194 -80 2 -25 10 45482 1 
82.9658 -28.5412 -180.252 0.293549 2.64194 -80 2 -25 10 45483 1 
82.956 -28.5411 -180.252 0.293549 2.64194 -80 2 -25 10 45484 1 
82.9463 -28.5411 -180.252 0.293549 2.64194 -80 2 -25 10 45485 1 
82.9365 -28.541 -180.252 0.293549 2.64194 -80 2 -25 10 45486 1 
82.9267 -28.541 -180.252 0.293549 2.64194 -80 2 -25 10 45487 1 
82.9169 -28.5409 -180.252 0.293549 2.64194 -80 2 -25 10 45488 1 
82.9071 -28.5409 -180.252 0.293549 2.64194 -80 2 -25 10 45489 1 
82.8973 -28.5408 -180.252 0.293549 2.64194 -80 2 -25 10 45490 1 
82.8875 -28.5408 -180.252 0.293549 2.64194 -80 2 -25 10 45491 1 
82.8777 -28.5408 -180.252 0.293549 2.64194 -80 2 -25 10 45492 1 
82.8679 -28.5407 -180.252 0.293549 2.64194 -80 2 -25 10 45493 1 
82.8582 -28.5407 -180.252 0.293549 2.64194 -80 2 -25 10 45494 1 
82.8484 -28.5406 -180.252 0.293549 2.64194 -80 2 -25 10 45495 1 
82.8386 -28.5406 -180.252 0.293549 2.64194 -80 2 -25 10 45496 1 
82.8288 -28.5405 -180.252 0.293549 2.64194 -80 2 -25 10 45497 1 
82.819 -28.5405 -180.252 0.293549 2.64194 -80 2 -25 10 45498 1 
82.8092 -28.5405 -180.252 0.293549 2.64194 -80 2 -25 10 45499 1 
82.7994 -28.5404 -180.252 0.293549 2.64194 -80 2 -25 10 45500 1 
82.7896 -28.5404 -180.252 0.293549 2.64194 -80 2 -25 10 45501 1 
82.7798 -28.5403 -180.252 0.293549 2.64194 -80 2 -25 10 45502 1 
82.7701 -28.5403 -180.252 0.293549 2.64194 -80 2 -25 10 45503 1 
82.7603 -28.5402 -180.252 0.293549 2.64194 -80 2 -25 10 45504 1 
82.7505 -28.5402 -180.252 0.293549 2.64194 -80 2 -25 10 45505 1 
82.7407 -28.5401 -180.252 0.293549 2.64194 -80 2 -25 10 45506 1 
82.7309 -28.5401 -180.252 0.293549 2.64194 -80 2 -25 10 45507 1 
82.7211 -28.5401 -180.252 0.293549 2.64194 -80 2 -25 10 45508 1 
82.7113 -28.54 -180.252 0.293549 2.64194 -80 2 -25 10 45509 1 
82.7015 -28.54 -180.252 0.293549 2.64194 -80 2 -25 10 45510 1 
82.6917 -28.5399 -180.252 0.293549 2.64194 -80 2 -25 10 45511 1 
82.682 -28.5399 -180.252 0.293549 2.64194 -80 2 -25 10 45512 1 
82.6722 -28.5398 -180.252 0.293549 2.64194 -80 2 -25 10 45513 1 
82.6624 -28.5398 -180.252 0.293549 2.64194 -80 2 -25 10 45514 1 
82.6526 -28.5398 -180.252 0.293549 2.64194 -80 2 -25 10 45515 1 
82.6428 -28.5397 -180.252 0.293549 2.64194 -80 2 -25 10 45516 1 
82.633 -28.5397 -180.252 0.293549 2.64194 -80 2 -25 10 45517 1 
82.6232 -28.5396 -180.252 0.293549 2.64194 -80 2 -25 10 45518 1 
82.6134 -28.5396 -180.252 0.293549 2.64194 -80 2 -25 10 45519 1 
82.6037 -28.5395 -180.252 0.293549 2.64194 -80 2 -25 10 45520 1 
82.5939 -28.5395 -180.252 0.293549 2.64194 -80 2 -25 10 45521 1 
82.5841 -28.5394 -180.252 0.293549 2.64194 -80 2 -25 10 45522 1 
82.5743 -28.5394 -180.252 0.293549 2.64194 -80 2 -25 10 45523 1 
82.5645 -28.5394 -180.252 0.293549 2.64194 -80 2 -25 10 45524 1 
82.5547 -28.5393 -180.252 0.293549 2.64194 -80 2 -25 10 45525 1 
82.5449 -28.5393 -180.252 0.293549 2.64194 -80 2 -25 10 45526 1 
82.5351 -28.5392 -180.252 0.293549 2.64194 -80 2 -25 10 45527 1 
82.5253 -28.5392 -180.252 0.293549 2.64194 -80 2 -25 10 45528 1 
82.5156 -28.5391 -180.252 0.293549 2.64194 -80 2 -25 10 45529 1 
82.5058 -28.5391 -180.252 0.293549 2.64194 -80 2 -25 10 45530 1 
82.496 -28.5391 -180.252 0.293549 2.64194 -80 2 -25 10 45531 1 
82.4862 -28.539 -180.252 0.293549 2.64194 -80 2 -25 10 45532 1 
82.4764 -28.539 -180.252 0.293549 2.64194 -80 2 -25 10 45533 1 
82.4666 -28.5389 -180.252 0.293549 2.64194 -80 2 -25 10 45534 1 
82.4568 -28.5389 -180.252 0.293549 2.64194 -80 2 -25 10 45535 1 
82.447 -28.5388 -180.252 0.293549 2.64194 -80 2 -25 10 45536 1 
82.4372 -28.5388 -180.252 0.293549 2.64194 -80 2 -25 10 45537 1 
82.4275 -28.5387 -180.252 0.293549 2.64194 -80 2 -25 10 45538 1 
82.4177 -28.5387 -180.252 0.293549 2.64194 -80 2 -25 10 45539 1 
82.4079 -28.5387 -180.252 0.293549 2.64194 -80 2 -25 10 45540 1 
82.3981 -28.5386 -180.252 0.293549 2.64194 -80 2 -25 10 45541 1 
82.3883 -28.5386 -180.252 0.293549 2.64194 -80 2 -25 10 45542 1 
82.3785 -28.5385 -180.252 0.293549 2.64194 -80 2 -25 10 45543 1 
82.3687 -28.5385 -180.252 0.293549 2.64194 -80 2 -25 10 45544 1 
82.3589 -28.5384 -180.252 0.293549 2.64194 -80 2 -25 10 45545 1 
82.3492 -28.5384 -180.252 0.293549 2.64194 -80 2 -25 10 45546 1 
82.3394 -28.5383 -180.252 0.293549 2.64194 -80 2 -25 10 45547 1 
82.3296 -28.5383 -180.252 0.293549 2.64194 -80 2 -25 10 45548 1 
82.3198 -28.5383 -180.252 0.293549 2.64194 -80 2 -25 10 45549 1 
82.31 -28.5382 -180.252 0.293549 2.64194 -80 2 -25 10 45550 1 
82.3002 -28.5382 -180.252 0.293549 2.64194 -80 2 -25 10 45551 1 
82.2904 -28.5381 -180.252 0.293549 2.64194 -80 2 -25 10 45552 1 
82.2806 -28.5381 -180.252 0.293549 2.64194 -80 2 -25 10 45553 1 
82.2708 -28.538 -180.253 0.293549 2.64194 -80 2 -25 10 45554 1 
82.2611 -28.538 -180.253 0.293549 2.64194 -80 2 -25 10 45555 1 
82.2513 -28.538 -180.253 0.293549 2.64194 -80 2 -25 10 45556 1 
82.2415 -28.5379 -180.253 0.293549 2.64194 -80 2 -25 10 45557 1 
82.2317 -28.5379 -180.253 0.293549 2.64194 -80 2 -25 10 45558 1 
82.2219 -28.5378 -180.253 0.293549 2.64194 -80 2 -25 10 45559 1 
82.2121 -28.5378 -180.253 0.293549 2.64194 -80 2 -25 10 45560 1 
82.2023 -28.5377 -180.253 0.293549 2.64194 -80 2 -25 10 45561 1 
82.1925 -28.5377 -180.253 0.293549 2.64194 -80 2 -25 10 45562 1 
82.1827 -28.5376 -180.253 0.293549 2.64194 -80 2 -25 10 45563 1 
82.173 -28.5376 -180.253 0.293549 2.64194 -80 2 -25 10 45564 1 
82.1632 -28.5376 -180.253 0.293549 2.64194 -80 2 -25 10 45565 1 
82.1534 -28.5375 -180.253 0.293549 2.64194 -80 2 -25 10 45566 1 
82.1436 -28.5375 -180.253 0.293549 2.64194 -80 2 -25 10 45567 1 
82.1338 -28.5374 -180.253 0.293549 2.64194 -80 2 -25 10 45568 1 
82.124 -28.5374 -180.253 0.293549 2.64194 -80 2 -25 10 45569 1 
82.1142 -28.5373 -180.253 0.293549 2.64194 -80 2 -25 10 45570 1 
82.1044 -28.5373 -180.253 0.293549 2.64194 -80 2 -25 10 45571 1 
82.0947 -28.5373 -180.253 0.293549 2.64194 -80 2 -25 10 45572 1 
82.0849 -28.5372 -180.253 0.293549 2.64194 -80 2 -25 10 45573 1 
82.0751 -28.5372 -180.253 0.293549 2.64194 -80 2 -25 10 45574 1 
82.0653 -28.5371 -180.253 0.293549 2.64194 -80 2 -25 10 45575 1 
82.0555 -28.5371 -180.253 0.293549 2.64194 -80 2 -25 10 45576 1 
82.0457 -28.537 -180.253 0.293549 2.64194 -80 2 -25 10 45577 1 
82.0359 -28.537 -180.253 0.293549 2.64194 -80 2 -25 10 45578 1 
82.0261 -28.5369 -180.253 0.293549 2.64194 -80 2 -25 10 45579 1 
82.0163 -28.5369 -180.253 0.293549 2.64194 -80 2 -25 10 45580 1 
82.0066 -28.5369 -180.253 0.293549 2.64194 -80 2 -25 10 45581 1 
81.9968 -28.5368 -180.253 0.293549 2.64194 -80 2 -25 10 45582 1 
81.987 -28.5368 -180.253 0.293549 2.64194 -80 2 -25 10 45583 1 
81.9772 -28.5367 -180.253 0.293549 2.64194 -80 2 -25 10 45584 1 
81.9674 -28.5367 -180.253 0.293549 2.64194 -80 2 -25 10 45585 1 
81.9576 -28.5366 -180.253 0.293549 2.64194 -80 2 -25 10 45586 1 
81.9478 -28.5366 -180.253 0.293549 2.64194 -80 2 -25 10 45587 1 
81.938 -28.5366 -180.253 0.293549 2.64194 -80 2 -25 10 45588 1 
81.9282 -28.5365 -180.253 0.293549 2.64194 -80 2 -25 10 45589 1 
81.9185 -28.5365 -180.253 0.293549 2.64194 -80 2 -25 10 45590 1 
81.9087 -28.5364 -180.253 0.293549 2.64194 -80 2 -25 10 45591 1 
81.8989 -28.5364 -180.253 0.293549 2.64194 -80 2 -25 10 45592 1 
81.8891 -28.5363 -180.253 0.293549 2.64194 -80 2 -25 10 45593 1 
81.8793 -28.5363 -180.253 0.293549 2.64194 -80 2 -25 10 45594 1 
81.8695 -28.5362 -180.253 0.293549 2.64194 -80 2 -25 10 45595 1 
81.8597 -28.5362 -180.253 0.293549 2.64194 -80 2 -25 10 45596 1 
81.8499 -28.5362 -180.253 0.293549 2.64194 -80 2 -25 10 45597 1 
81.8401 -28.5361 -180.253 0.293549 2.64194 -80 2 -25 10 45598 1 
81.8304 -28.5361 -180.253 0.293549 2.64194 -80 2 -25 10 45599 1 
81.8206 -28.536 -180.253 0.293549 2.64194 -80 2 -25 10 45600 1 
81.8108 -28.536 -180.253 0.293549 2.64194 -80 2 -25 10 45601 1 
81.801 -28.5359 -180.253 0.293549 2.64194 -80 2 -25 10 45602 1 
81.7912 -28.5359 -180.253 0.293549 2.64194 -80 2 -25 10 45603 1 
81.7814 -28.5358 -180.253 0.293549 2.64194 -80 2 -25 10 45604 1 
81.7716 -28.5358 -180.253 0.293549 2.64194 -80 2 -25 10 45605 1 
81.7618 -28.5358 -180.253 0.293549 2.64194 -80 2 -25 10 45606 1 
81.7521 -28.5357 -180.253 0.293549 2.64194 -80 2 -25 10 45607 1 
81.7423 -28.5357 -180.253 0.293549 2.64194 -80 2 -25 10 45608 1 
81.7325 -28.5356 -180.253 0.293549 2.64194 -80 2 -25 10 45609 1 
81.7227 -28.5356 -180.253 0.293549 2.64194 -80 2 -25 10 45610 1 
81.7129 -28.5355 -180.253 0.293549 2.64194 -80 2 -25 10 45611 1 
81.7031 -28.5355 -180.253 0.293549 2.64194 -80 2 -25 10 45612 1 
81.6933 -28.5355 -180.253 0.293549 2.64194 -80 2 -25 10 45613 1 
81.6835 -28.5354 -180.253 0.293549 2.64194 -80 2 -25 10 45614 1 
81.6737 -28.5354 -180.253 0.293549 2.64194 -80 2 -25 10 45615 1 
81.664 -28.5353 -180.253 0.293549 2.64194 -80 2 -25 10 45616 1 
81.6542 -28.5353 -180.253 0.293549 2.64194 -80 2 -25 10 45617 1 
81.6444 -28.5352 -180.253 0.293549 2.64194 -80 2 -25 10 45618 1 
81.6346 -28.5352 -180.253 0.293549 2.64194 -80 2 -25 10 45619 1 
81.6248 -28.5351 -180.253 0.293549 2.64194 -80 2 -25 10 45620 1 
81.615 -28.5351 -180.253 0.293549 2.64194 -80 2 -25 10 45621 1 
81.6052 -28.5351 -180.253 0.293549 2.64194 -80 2 -25 10 45622 1 
81.5954 -28.535 -180.253 0.293549 2.64194 -80 2 -25 10 45623 1 
81.5856 -28.535 -180.253 0.293549 2.64194 -80 2 -25 10 45624 1 
81.5759 -28.5349 -180.253 0.293549 2.64194 -80 2 -25 10 45625 1 
81.5661 -28.5349 -180.253 0.293549 2.64194 -80 2 -25 10 45626 1 
81.5563 -28.5348 -180.253 0.293549 2.64194 -80 2 -25 10 45627 1 
81.5465 -28.5348 -180.253 0.293549 2.64194 -80 2 -25 10 45628 1 
81.5367 -28.5348 -180.253 0.293549 2.64194 -80 2 -25 10 45629 1 
81.5269 -28.5347 -180.253 0.293549 2.64194 -80 2 -25 10 45630 1 
81.5171 -28.5347 -180.253 0.293549 2.64194 -80 2 -25 10 45631 1 
81.5073 -28.5346 -180.253 0.293549 2.64194 -80 2 -25 10 45632 1 
81.4976 -28.5346 -180.253 0.293549 2.64194 -80 2 -25 10 45633 1 
81.4878 -28.5345 -180.253 0.293549 2.64194 -80 2 -25 10 45634 1 
81.478 -28.5345 -180.254 0.293549 2.64194 -80 2 -25 10 45635 1 
81.4682 -28.5344 -180.254 0.293549 2.64194 -80 2 -25 10 45636 1 
81.4584 -28.5344 -180.254 0.293549 2.64194 -80 2 -25 10 45637 1 
81.4486 -28.5344 -180.254 0.293549 2.64194 -80 2 -25 10 45638 1 
81.4388 -28.5343 -180.254 0.293549 2.64194 -80 2 -25 10 45639 1 
81.429 -28.5343 -180.254 0.293549 2.64194 -80 2 -25 10 45640 1 
81.4192 -28.5342 -180.254 0.293549 2.64194 -80 2 -25 10 45641 1 
81.4095 -28.5342 -180.254 0.293549 2.64194 -80 2 -25 10 45642 1 
81.3997 -28.5341 -180.254 0.293549 2.64194 -80 2 -25 10 45643 1 
81.3899 -28.5341 -180.254 0.293549 2.64194 -80 2 -25 10 45644 1 
81.3801 -28.534 -180.254 0.293549 2.64194 -80 2 -25 10 45645 1 
81.3703 -28.534 -180.254 0.293549 2.64194 -80 2 -25 10 45646 1 
81.3605 -28.534 -180.254 0.293549 2.64194 -80 2 -25 10 45647 1 
81.3507 -28.5339 -180.254 0.293549 2.64194 -80 2 -25 10 45648 1 
81.3409 -28.5339 -180.254 0.293549 2.64194 -80 2 -25 10 45649 1 
81.3311 -28.5338 -180.254 0.293549 2.64194 -80 2 -25 10 45650 1 
81.3214 -28.5338 -180.254 0.293549 2.64194 -80 2 -25 10 45651 1 
81.3116 -28.5337 -180.254 0.293549 2.64194 -80 2 -25 10 45652 1 
81.3018 -28.5337 -180.254 0.293549 2.64194 -80 2 -25 10 45653 1 
81.292 -28.5337 -180.254 0.293549 2.64194 -80 2 -25 10 45654 1 
81.2822 -28.5336 -180.254 0.293549 2.64194 -80 2 -25 10 45655 1 
81.2724 -28.5336 -180.254 0.293549 2.64194 -80 2 -25 10 45656 1 
81.2626 -28.5335 -180.254 0.293549 2.64194 -80 2 -25 10 45657 1 
81.2528 -28.5335 -180.254 0.293549 2.64194 -80 2 -25 10 45658 1 
81.243 -28.5334 -180.254 0.293549 2.64194 -80 2 -25 10 45659 1 
81.2333 -28.5334 -180.254 0.293549 2.64194 -80 2 -25 10 45660 1 
81.2235 -28.5333 -180.254 0.293549 2.64194 -80 2 -25 10 45661 1 
81.2137 -28.5333 -180.254 0.293549 2.64194 -80 2 -25 10 45662 1 
81.2039 -28.5333 -180.254 0.293549 2.64194 -80 2 -25 10 45663 1 
81.1941 -28.5332 -180.254 0.293549 2.64194 -80 2 -25 10 45664 1 
81.1843 -28.5332 -180.254 0.293549 2.64194 -80 2 -25 10 45665 1 
81.1745 -28.5331 -180.254 0.293549 2.64194 -80 2 -25 10 45666 1 
81.1647 -28.5331 -180.254 0.293549 2.64194 -80 2 -25 10 45667 1 
81.155 -28.533 -180.254 0.293549 2.64194 -80 2 -25 10 45668 1 
81.1452 -28.533 -180.254 0.293549 2.64194 -80 2 -25 10 45669 1 
81.1354 -28.533 -180.254 0.293549 2.64194 -80 2 -25 10 45670 1 
81.1256 -28.5329 -180.254 0.293549 2.64194 -80 2 -25 10 45671 1 
81.1158 -28.5329 -180.254 0.293549 2.64194 -80 2 -25 10 45672 1 
81.106 -28.5328 -180.254 0.293549 2.64194 -80 2 -25 10 45673 1 
81.0962 -28.5328 -180.254 0.293549 2.64194 -80 2 -25 10 45674 1 
81.0864 -28.5327 -180.254 0.293549 2.64194 -80 2 -25 10 45675 1 
81.0766 -28.5327 -180.254 0.293549 2.64194 -80 2 -25 10 45676 1 
81.0669 -28.5326 -180.254 0.293549 2.64194 -80 2 -25 10 45677 1 
81.0571 -28.5326 -180.254 0.293549 2.64194 -80 2 -25 10 45678 1 
81.0473 -28.5326 -180.254 0.293549 2.64194 -80 2 -25 10 45679 1 
81.0375 -28.5325 -180.254 0.293549 2.64194 -80 2 -25 10 45680 1 
81.0277 -28.5325 -180.254 0.293549 2.64194 -80 2 -25 10 45681 1 
81.0179 -28.5324 -180.254 0.293549 2.64194 -80 2 -25 10 45682 1 
81.0081 -28.5324 -180.254 0.293549 2.64194 -80 2 -25 10 45683 1 
80.9983 -28.5323 -180.254 0.293549 2.64194 -80 2 -25 10 45684 1 
80.9885 -28.5323 -180.254 0.293549 2.64194 -80 2 -25 10 45685 1 
80.9788 -28.5323 -180.254 0.293549 2.64194 -80 2 -25 10 45686 1 
80.969 -28.5322 -180.254 0.293549 2.64194 -80 2 -25 10 45687 1 
80.9592 -28.5322 -180.254 0.293549 2.64194 -80 2 -25 10 45688 1 
80.9494 -28.5321 -180.254 0.293549 2.64194 -80 2 -25 10 45689 1 
80.9396 -28.5321 -180.254 0.293549 2.64194 -80 2 -25 10 45690 1 
80.9298 -28.532 -180.254 0.293549 2.64194 -80 2 -25 10 45691 1 
80.92 -28.532 -180.254 0.293549 2.64194 -80 2 -25 10 45692 1 
80.9102 -28.5319 -180.254 0.293549 2.64194 -80 2 -25 10 45693 1 
80.9005 -28.5319 -180.254 0.293549 2.64194 -80 2 -25 10 45694 1 
80.8907 -28.5319 -180.254 0.293549 2.64194 -80 2 -25 10 45695 1 
80.8809 -28.5318 -180.254 0.293549 2.64194 -80 2 -25 10 45696 1 
80.8711 -28.5318 -180.254 0.293549 2.64194 -80 2 -25 10 45697 1 
80.8613 -28.5317 -180.254 0.293549 2.64194 -80 2 -25 10 45698 1 
80.8515 -28.5317 -180.254 0.293549 2.64194 -80 2 -25 10 45699 1 
80.8417 -28.5316 -180.254 0.293549 2.64194 -80 2 -25 10 45700 1 
80.8319 -28.5316 -180.254 0.293549 2.64194 -80 2 -25 10 45701 1 
80.8221 -28.5315 -180.254 0.293549 2.64194 -80 2 -25 10 45702 1 
80.8124 -28.5315 -180.254 0.293549 2.64194 -80 2 -25 10 45703 1 
80.8026 -28.5315 -180.254 0.293549 2.64194 -80 2 -25 10 45704 1 
80.7928 -28.5314 -180.254 0.293549 2.64194 -80 2 -25 10 45705 1 
80.783 -28.5314 -180.254 0.293549 2.64194 -80 2 -25 10 45706 1 
80.7732 -28.5313 -180.254 0.293549 2.64194 -80 2 -25 10 45707 1 
80.7634 -28.5313 -180.254 0.293549 2.64194 -80 2 -25 10 45708 1 
80.7536 -28.5312 -180.254 0.293549 2.64194 -80 2 -25 10 45709 1 
80.7438 -28.5312 -180.254 0.293549 2.64194 -80 2 -25 10 45710 1 
80.734 -28.5312 -180.254 0.293549 2.64194 -80 2 -25 10 45711 1 
80.7243 -28.5311 -180.254 0.293549 2.64194 -80 2 -25 10 45712 1 
80.7145 -28.5311 -180.254 0.293549 2.64194 -80 2 -25 10 45713 1 
80.7047 -28.531 -180.254 0.293549 2.64194 -80 2 -25 10 45714 1 
80.6949 -28.531 -180.255 0.293549 2.64194 -80 2 -25 10 45715 1 
80.6851 -28.5309 -180.255 0.293549 2.64194 -80 2 -25 10 45716 1 
80.6753 -28.5309 -180.255 0.293549 2.64194 -80 2 -25 10 45717 1 
80.6655 -28.5308 -180.255 0.293549 2.64194 -80 2 -25 10 45718 1 
80.6557 -28.5308 -180.255 0.293549 2.64194 -80 2 -25 10 45719 1 
80.646 -28.5308 -180.255 0.293549 2.64194 -80 2 -25 10 45720 1 
80.6362 -28.5307 -180.255 0.293549 2.64194 -80 2 -25 10 45721 1 
80.6264 -28.5307 -180.255 0.293549 2.64194 -80 2 -25 10 45722 1 
80.6166 -28.5306 -180.255 0.293549 2.64194 -80 2 -25 10 45723 1 
80.6068 -28.5306 -180.255 0.293549 2.64194 -80 2 -25 10 45724 1 
80.597 -28.5305 -180.255 0.293549 2.64194 -80 2 -25 10 45725 1 
80.5872 -28.5305 -180.255 0.293549 2.64194 -80 2 -25 10 45726 1 
80.5774 -28.5305 -180.255 0.293549 2.64194 -80 2 -25 10 45727 1 
80.5676 -28.5304 -180.255 0.293549 2.64194 -80 2 -25 10 45728 1 
80.5579 -28.5304 -180.255 0.293549 2.64194 -80 2 -25 10 45729 1 
80.5481 -28.5303 -180.255 0.293549 2.64194 -80 2 -25 10 45730 1 
80.5383 -28.5303 -180.255 0.293549 2.64194 -80 2 -25 10 45731 1 
80.5285 -28.5302 -180.255 0.293549 2.64194 -80 2 -25 10 45732 1 
80.5187 -28.5302 -180.255 0.293549 2.64194 -80 2 -25 10 45733 1 
80.5089 -28.5301 -180.255 0.293549 2.64194 -80 2 -25 10 45734 1 
80.4991 -28.5301 -180.255 0.293549 2.64194 -80 2 -25 10 45735 1 
80.4893 -28.5301 -180.255 0.293549 2.64194 -80 2 -25 10 45736 1 
80.4795 -28.53 -180.255 0.293549 2.64194 -80 2 -25 10 45737 1 
80.4698 -28.53 -180.255 0.293549 2.64194 -80 2 -25 10 45738 1 
80.46 -28.5299 -180.255 0.293549 2.64194 -80 2 -25 10 45739 1 
80.4502 -28.5299 -180.255 0.293549 2.64194 -80 2 -25 10 45740 1 
80.4404 -28.5298 -180.255 0.293549 2.64194 -80 2 -25 10 45741 1 
80.4306 -28.5298 -180.255 0.293549 2.64194 -80 2 -25 10 45742 1 
80.4208 -28.5298 -180.255 0.293549 2.64194 -80 2 -25 10 45743 1 
80.411 -28.5297 -180.255 0.293549 2.64194 -80 2 -25 10 45744 1 
80.4012 -28.5297 -180.255 0.293549 2.64194 -80 2 -25 10 45745 1 
80.3914 -28.5296 -180.255 0.293549 2.64194 -80 2 -25 10 45746 1 
80.3817 -28.5296 -180.255 0.293549 2.64194 -80 2 -25 10 45747 1 
80.3719 -28.5295 -180.255 0.293549 2.64194 -80 2 -25 10 45748 1 
80.3621 -28.5295 -180.255 0.293549 2.64194 -80 2 -25 10 45749 1 
80.3523 -28.5294 -180.255 0.293549 2.64194 -80 2 -25 10 45750 1 
80.3425 -28.5294 -180.255 0.293549 2.64194 -80 2 -25 10 45751 1 
80.3327 -28.5294 -180.255 0.293549 2.64194 -80 2 -25 10 45752 1 
80.3229 -28.5293 -180.255 0.293549 2.64194 -80 2 -25 10 45753 1 
80.3131 -28.5293 -180.255 0.293549 2.64194 -80 2 -25 10 45754 1 
80.3034 -28.5292 -180.255 0.293549 2.64194 -80 2 -25 10 45755 1 
80.2936 -28.5292 -180.255 0.293549 2.64194 -80 2 -25 10 45756 1 
80.2838 -28.5291 -180.255 0.293549 2.64194 -80 2 -25 10 45757 1 
80.274 -28.5291 -180.255 0.293549 2.64194 -80 2 -25 10 45758 1 
80.2642 -28.529 -180.255 0.293549 2.64194 -80 2 -25 10 45759 1 
80.2544 -28.529 -180.255 0.293549 2.64194 -80 2 -25 10 45760 1 
80.2446 -28.529 -180.255 0.293549 2.64194 -80 2 -25 10 45761 1 
80.2348 -28.5289 -180.255 0.293549 2.64194 -80 2 -25 10 45762 1 
80.225 -28.5289 -180.255 0.293549 2.64194 -80 2 -25 10 45763 1 
80.2153 -28.5288 -180.255 0.293549 2.64194 -80 2 -25 10 45764 1 
80.2055 -28.5288 -180.255 0.293549 2.64194 -80 2 -25 10 45765 1 
80.1957 -28.5287 -180.255 0.293549 2.64194 -80 2 -25 10 45766 1 
80.1859 -28.5287 -180.255 0.293549 2.64194 -80 2 -25 10 45767 1 
80.1761 -28.5287 -180.255 0.293549 2.64194 -80 2 -25 10 45768 1 
80.1663 -28.5286 -180.255 0.293549 2.64194 -80 2 -25 10 45769 1 
80.1565 -28.5286 -180.255 0.293549 2.64194 -80 2 -25 10 45770 1 
80.1467 -28.5285 -180.255 0.293549 2.64194 -80 2 -25 10 45771 1 
80.1369 -28.5285 -180.255 0.293549 2.64194 -80 2 -25 10 45772 1 
80.1272 -28.5284 -180.255 0.293549 2.64194 -80 2 -25 10 45773 1 
80.1174 -28.5284 -180.255 0.293549 2.64194 -80 2 -25 10 45774 1 
80.1076 -28.5283 -180.255 0.293549 2.64194 -80 2 -25 10 45775 1 
80.0978 -28.5283 -180.255 0.293549 2.64194 -80 2 -25 10 45776 1 
80.088 -28.5283 -180.255 0.293549 2.64194 -80 2 -25 10 45777 1 
80.0782 -28.5282 -180.255 0.293549 2.64194 -80 2 -25 10 45778 1 
80.0684 -28.5282 -180.255 0.293549 2.64194 -80 2 -25 10 45779 1 
80.0586 -28.5281 -180.255 0.293549 2.64194 -80 2 -25 10 45780 1 
80.0489 -28.5281 -180.255 0.293549 2.64194 -80 2 -25 10 45781 1 
80.0391 -28.528 -180.255 0.293549 2.64194 -80 2 -25 10 45782 1 
80.0293 -28.528 -180.255 0.293549 2.64194 -80 2 -25 10 45783 1 
80.0195 -28.528 -180.255 0.293549 2.64194 -80 2 -25 10 45784 1 
80.0097 -28.5279 -180.255 0.293549 2.64194 -80 2 -25 10 45785 1 
79.9999 -28.5279 -180.255 0.293549 2.64194 -80 2 -25 10 45786 1 
79.9901 -28.5278 -180.255 0.293549 2.64194 -80 2 -25 10 45787 1 
79.9803 -28.5278 -180.255 0.293549 2.64194 -80 2 -25 10 45788 1 
79.9705 -28.5277 -180.255 0.293549 2.64194 -80 2 -25 10 45789 1 
79.9608 -28.5277 -180.255 0.293549 2.64194 -80 2 -25 10 45790 1 
79.951 -28.5276 -180.255 0.293549 2.64194 -80 2 -25 10 45791 1 
79.9412 -28.5276 -180.255 0.293549 2.64194 -80 2 -25 10 45792 1 
79.9314 -28.5276 -180.255 0.293549 2.64194 -80 2 -25 10 45793 1 
79.9216 -28.5275 -180.255 0.293549 2.64194 -80 2 -25 10 45794 1 
79.9118 -28.5275 -180.256 0.293549 2.64194 -80 2 -25 10 45795 1 
79.902 -28.5274 -180.256 0.293549 2.64194 -80 2 -25 10 45796 1 
79.8922 -28.5274 -180.256 0.293549 2.64194 -80 2 -25 10 45797 1 
79.8824 -28.5273 -180.256 0.293549 2.64194 -80 2 -25 10 45798 1 
79.8727 -28.5273 -180.256 0.293549 2.64194 -80 2 -25 10 45799 1 
79.8629 -28.5273 -180.256 0.293549 2.64194 -80 2 -25 10 45800 1 
79.8531 -28.5272 -180.256 0.293549 2.64194 -80 2 -25 10 45801 1 
79.8433 -28.5272 -180.256 0.293549 2.64194 -80 2 -25 10 45802 1 
79.8335 -28.5271 -180.256 0.293549 2.64194 -80 2 -25 10 45803 1 
79.8237 -28.5271 -180.256 0.293549 2.64194 -80 2 -25 10 45804 1 
79.8139 -28.527 -180.256 0.293549 2.64194 -80 2 -25 10 45805 1 
79.8041 -28.527 -180.256 0.293549 2.64194 -80 2 -25 10 45806 1 
79.7943 -28.5269 -180.256 0.293549 2.64194 -80 2 -25 10 45807 1 
79.7846 -28.5269 -180.256 0.293549 2.64194 -80 2 -25 10 45808 1 
79.7748 -28.5269 -180.256 0.293549 2.64194 -80 2 -25 10 45809 1 
79.765 -28.5268 -180.256 0.293549 2.64194 -80 2 -25 10 45810 1 
79.7552 -28.5268 -180.256 0.293549 2.64194 -80 2 -25 10 45811 1 
79.7454 -28.5267 -180.256 0.293549 2.64194 -80 2 -25 10 45812 1 
79.7356 -28.5267 -180.256 0.293549 2.64194 -80 2 -25 10 45813 1 
79.7258 -28.5266 -180.256 0.293549 2.64194 -80 2 -25 10 45814 1 
79.716 -28.5266 -180.256 0.293549 2.64194 -80 2 -25 10 45815 1 
79.7063 -28.5265 -180.256 0.293549 2.64194 -80 2 -25 10 45816 1 
79.6965 -28.5265 -180.256 0.293549 2.64194 -80 2 -25 10 45817 1 
79.6867 -28.5265 -180.256 0.293549 2.64194 -80 2 -25 10 45818 1 
79.6769 -28.5264 -180.256 0.293549 2.64194 -80 2 -25 10 45819 1 
79.6671 -28.5264 -180.256 0.293549 2.64194 -80 2 -25 10 45820 1 
79.6573 -28.5263 -180.256 0.293549 2.64194 -80 2 -25 10 45821 1 
79.6475 -28.5263 -180.256 0.293549 2.64194 -80 2 -25 10 45822 1 
79.6377 -28.5262 -180.256 0.293549 2.64194 -80 2 -25 10 45823 1 
79.6279 -28.5262 -180.256 0.293549 2.64194 -80 2 -25 10 45824 1 
79.6182 -28.5262 -180.256 0.293549 2.64194 -80 2 -25 10 45825 1 
79.6084 -28.5261 -180.256 0.293549 2.64194 -80 2 -25 10 45826 1 
79.5986 -28.5261 -180.256 0.293549 2.64194 -80 2 -25 10 45827 1 
79.5888 -28.526 -180.256 0.293549 2.64194 -80 2 -25 10 45828 1 
79.579 -28.526 -180.256 0.293549 2.64194 -80 2 -25 10 45829 1 
79.5692 -28.5259 -180.256 0.293549 2.64194 -80 2 -25 10 45830 1 
79.5594 -28.5259 -180.256 0.293549 2.64194 -80 2 -25 10 45831 1 
79.5496 -28.5258 -180.256 0.293549 2.64194 -80 2 -25 10 45832 1 
79.5398 -28.5258 -180.256 0.293549 2.64194 -80 2 -25 10 45833 1 
79.5301 -28.5258 -180.256 0.293549 2.64194 -80 2 -25 10 45834 1 
79.5203 -28.5257 -180.256 0.293549 2.64194 -80 2 -25 10 45835 1 
79.5105 -28.5257 -180.256 0.293549 2.64194 -80 2 -25 10 45836 1 
79.5007 -28.5256 -180.256 0.293549 2.64194 -80 2 -25 10 45837 1 
79.4909 -28.5256 -180.256 0.293549 2.64194 -80 2 -25 10 45838 1 
79.4811 -28.5255 -180.256 0.293549 2.64194 -80 2 -25 10 45839 1 
79.4713 -28.5255 -180.256 0.293549 2.64194 -80 2 -25 10 45840 1 
79.4615 -28.5255 -180.256 0.293549 2.64194 -80 2 -25 10 45841 1 
79.4518 -28.5254 -180.256 0.293549 2.64194 -80 2 -25 10 45842 1 
79.442 -28.5254 -180.256 0.293549 2.64194 -80 2 -25 10 45843 1 
79.4322 -28.5253 -180.256 0.293549 2.64194 -80 2 -25 10 45844 1 
79.4224 -28.5253 -180.256 0.293549 2.64194 -80 2 -25 10 45845 1 
79.4126 -28.5252 -180.256 0.293549 2.64194 -80 2 -25 10 45846 1 
79.4028 -28.5252 -180.256 0.293549 2.64194 -80 2 -25 10 45847 1 
79.393 -28.5251 -180.256 0.293549 2.64194 -80 2 -25 10 45848 1 
79.3832 -28.5251 -180.256 0.293549 2.64194 -80 2 -25 10 45849 1 
79.3734 -28.5251 -180.256 0.293549 2.64194 -80 2 -25 10 45850 1 
79.3637 -28.525 -180.256 0.293549 2.64194 -80 2 -25 10 45851 1 
79.3539 -28.525 -180.256 0.293549 2.64194 -80 2 -25 10 45852 1 
79.3441 -28.5249 -180.256 0.293549 2.64194 -80 2 -25 10 45853 1 
79.3343 -28.5249 -180.256 0.293549 2.64194 -80 2 -25 10 45854 1 
79.3245 -28.5248 -180.256 0.293549 2.64194 -80 2 -25 10 45855 1 
79.3147 -28.5248 -180.256 0.293549 2.64194 -80 2 -25 10 45856 1 
79.3049 -28.5247 -180.256 0.293549 2.64194 -80 2 -25 10 45857 1 
79.2951 -28.5247 -180.256 0.293549 2.64194 -80 2 -25 10 45858 1 
79.2853 -28.5247 -180.256 0.293549 2.64194 -80 2 -25 10 45859 1 
79.2756 -28.5246 -180.256 0.293549 2.64194 -80 2 -25 10 45860 1 
79.2658 -28.5246 -180.256 0.293549 2.64194 -80 2 -25 10 45861 1 
79.256 -28.5245 -180.256 0.293549 2.64194 -80 2 -25 10 45862 1 
79.2462 -28.5245 -180.256 0.293549 2.64194 -80 2 -25 10 45863 1 
79.2364 -28.5244 -180.256 0.293549 2.64194 -80 2 -25 10 45864 1 
79.2266 -28.5244 -180.256 0.293549 2.64194 -80 2 -25 10 45865 1 
79.2168 -28.5244 -180.256 0.293549 2.64194 -80 2 -25 10 45866 1 
79.207 -28.5243 -180.256 0.293549 2.64194 -80 2 -25 10 45867 1 
79.1973 -28.5243 -180.256 0.293549 2.64194 -80 2 -25 10 45868 1 
79.1875 -28.5242 -180.256 0.293549 2.64194 -80 2 -25 10 45869 1 
79.1777 -28.5242 -180.256 0.293549 2.64194 -80 2 -25 10 45870 1 
79.1679 -28.5241 -180.256 0.293549 2.64194 -80 2 -25 10 45871 1 
79.1581 -28.5241 -180.257 0.293549 2.64194 -80 2 -25 10 45872 1 
79.1483 -28.524 -180.257 0.293549 2.64194 -80 2 -25 10 45873 1 
79.1385 -28.524 -180.257 0.293549 2.64194 -80 2 -25 10 45874 1 
79.1287 -28.524 -180.257 0.293549 2.64194 -80 2 -25 10 45875 1 
79.1189 -28.5239 -180.257 0.293549 2.64194 -80 2 -25 10 45876 1 
79.1092 -28.5239 -180.257 0.293549 2.64194 -80 2 -25 10 45877 1 
79.0994 -28.5238 -180.257 0.293549 2.64194 -80 2 -25 10 45878 1 
79.0896 -28.5238 -180.257 0.293549 2.64194 -80 2 -25 10 45879 1 
79.0798 -28.5237 -180.257 0.293549 2.64194 -80 2 -25 10 45880 1 
79.07 -28.5237 -180.257 0.293549 2.64194 -80 2 -25 10 45881 1 
79.0602 -28.5237 -180.257 0.293549 2.64194 -80 2 -25 10 45882 1 
79.0504 -28.5236 -180.257 0.293549 2.64194 -80 2 -25 10 45883 1 
79.0406 -28.5236 -180.257 0.293549 2.64194 -80 2 -25 10 45884 1 
79.0308 -28.5235 -180.257 0.293549 2.64194 -80 2 -25 10 45885 1 
79.0211 -28.5235 -180.257 0.293549 2.64194 -80 2 -25 10 45886 1 
79.0113 -28.5234 -180.257 0.293549 2.64194 -80 2 -25 10 45887 1 
79.0015 -28.5234 -180.257 0.293549 2.64194 -80 2 -25 10 45888 1 
78.9917 -28.5233 -180.257 0.293549 2.64194 -80 2 -25 10 45889 1 
78.9819 -28.5233 -180.257 0.293549 2.64194 -80 2 -25 10 45890 1 
78.9721 -28.5233 -180.257 0.293549 2.64194 -80 2 -25 10 45891 1 
78.9623 -28.5232 -180.257 0.293549 2.64194 -80 2 -25 10 45892 1 
78.9525 -28.5232 -180.257 0.293549 2.64194 -80 2 -25 10 45893 1 
78.9427 -28.5231 -180.257 0.293549 2.64194 -80 2 -25 10 45894 1 
78.933 -28.5231 -180.257 0.293549 2.64194 -80 2 -25 10 45895 1 
78.9232 -28.523 -180.257 0.293549 2.64194 -80 2 -25 10 45896 1 
78.9134 -28.523 -180.257 0.293549 2.64194 -80 2 -25 10 45897 1 
78.9036 -28.523 -180.257 0.293549 2.64194 -80 2 -25 10 45898 1 
78.8938 -28.5229 -180.257 0.293549 2.64194 -80 2 -25 10 45899 1 
78.884 -28.5229 -180.257 0.293549 2.64194 -80 2 -25 10 45900 1 
78.8742 -28.5228 -180.257 0.293549 2.64194 -80 2 -25 10 45901 1 
78.8644 -28.5228 -180.257 0.293549 2.64194 -80 2 -25 10 45902 1 
78.8547 -28.5227 -180.257 0.293549 2.64194 -80 2 -25 10 45903 1 
78.8449 -28.5227 -180.257 0.293549 2.64194 -80 2 -25 10 45904 1 
78.8351 -28.5226 -180.257 0.293549 2.64194 -80 2 -25 10 45905 1 
78.8253 -28.5226 -180.257 0.293549 2.64194 -80 2 -25 10 45906 1 
78.8155 -28.5226 -180.257 0.293549 2.64194 -80 2 -25 10 45907 1 
78.8057 -28.5225 -180.257 0.293549 2.64194 -80 2 -25 10 45908 1 
78.7959 -28.5225 -180.257 0.293549 2.64194 -80 2 -25 10 45909 1 
78.7861 -28.5224 -180.257 0.293549 2.64194 -80 2 -25 10 45910 1 
78.7763 -28.5224 -180.257 0.293549 2.64194 -80 2 -25 10 45911 1 
78.7666 -28.5223 -180.257 0.293549 2.64194 -80 2 -25 10 45912 1 
78.7568 -28.5223 -180.257 0.293549 2.64194 -80 2 -25 10 45913 1 
78.747 -28.5222 -180.257 0.293549 2.64194 -80 2 -25 10 45914 1 
78.7372 -28.5222 -180.257 0.293549 2.64194 -80 2 -25 10 45915 1 
78.7274 -28.5222 -180.257 0.293549 2.64194 -80 2 -25 10 45916 1 
78.7176 -28.5221 -180.257 0.293549 2.64194 -80 2 -25 10 45917 1 
78.7078 -28.5221 -180.257 0.293549 2.64194 -80 2 -25 10 45918 1 
78.698 -28.522 -180.257 0.293549 2.64194 -80 2 -25 10 45919 1 
78.6882 -28.522 -180.257 0.293549 2.64194 -80 2 -25 10 45920 1 
78.6785 -28.5219 -180.257 0.293549 2.64194 -80 2 -25 10 45921 1 
78.6687 -28.5219 -180.257 0.293549 2.64194 -80 2 -25 10 45922 1 
78.6589 -28.5219 -180.257 0.293549 2.64194 -80 2 -25 10 45923 1 
78.6491 -28.5218 -180.257 0.293549 2.64194 -80 2 -25 10 45924 1 
78.6393 -28.5218 -180.257 0.293549 2.64194 -80 2 -25 10 45925 1 
78.6295 -28.5217 -180.257 0.293549 2.64194 -80 2 -25 10 45926 1 
78.6197 -28.5217 -180.257 0.293549 2.64194 -80 2 -25 10 45927 1 
78.6099 -28.5216 -180.257 0.293549 2.64194 -80 2 -25 10 45928 1 
78.6002 -28.5216 -180.257 0.293549 2.64194 -80 2 -25 10 45929 1 
78.5904 -28.5215 -180.257 0.293549 2.64194 -80 2 -25 10 45930 1 
78.5806 -28.5215 -180.257 0.293549 2.64194 -80 2 -25 10 45931 1 
78.5708 -28.5215 -180.257 0.293549 2.64194 -80 2 -25 10 45932 1 
78.561 -28.5214 -180.257 0.293549 2.64194 -80 2 -25 10 45933 1 
78.5512 -28.5214 -180.257 0.293549 2.64194 -80 2 -25 10 45934 1 
78.5414 -28.5213 -180.257 0.293549 2.64194 -80 2 -25 10 45935 1 
78.5316 -28.5213 -180.257 0.293549 2.64194 -80 2 -25 10 45936 1 
78.5218 -28.5212 -180.257 0.293549 2.64194 -80 2 -25 10 45937 1 
78.5121 -28.5212 -180.257 0.293549 2.64194 -80 2 -25 10 45938 1 
78.5023 -28.5212 -180.257 0.293549 2.64194 -80 2 -25 10 45939 1 
78.4925 -28.5211 -180.257 0.293549 2.64194 -80 2 -25 10 45940 1 
78.4827 -28.5211 -180.257 0.293549 2.64194 -80 2 -25 10 45941 1 
78.4729 -28.521 -180.257 0.293549 2.64194 -80 2 -25 10 45942 1 
78.4631 -28.521 -180.257 0.293549 2.64194 -80 2 -25 10 45943 1 
78.4533 -28.5209 -180.257 0.293549 2.64194 -80 2 -25 10 45944 1 
78.4435 -28.5209 -180.257 0.293549 2.64194 -80 2 -25 10 45945 1 
78.4337 -28.5208 -180.257 0.293549 2.64194 -80 2 -25 10 45946 1 
78.424 -28.5208 -180.257 0.293549 2.64194 -80 2 -25 10 45947 1 
78.4142 -28.5208 -180.257 0.293549 2.64194 -80 2 -25 10 45948 1 
78.4044 -28.5207 -180.257 0.293549 2.64194 -80 2 -25 10 45949 1 
78.3946 -28.5207 -180.257 0.293549 2.64194 -80 2 -25 10 45950 1 
78.3848 -28.5206 -180.258 0.293549 2.64194 -80 2 -25 10 45951 1 
78.375 -28.5206 -180.258 0.293549 2.64194 -80 2 -25 10 45952 1 
78.3652 -28.5205 -180.258 0.293549 2.64194 -80 2 -25 10 45953 1 
78.3554 -28.5205 -180.258 0.293549 2.64194 -80 2 -25 10 45954 1 
78.3456 -28.5205 -180.258 0.293549 2.64194 -80 2 -25 10 45955 1 
78.3359 -28.5204 -180.258 0.293549 2.64194 -80 2 -25 10 45956 1 
78.3261 -28.5204 -180.258 0.293549 2.64194 -80 2 -25 10 45957 1 
78.3163 -28.5203 -180.258 0.293549 2.64194 -80 2 -25 10 45958 1 
78.3065 -28.5203 -180.258 0.293549 2.64194 -80 2 -25 10 45959 1 
78.2967 -28.5202 -180.258 0.293549 2.64194 -80 2 -25 10 45960 1 
78.2869 -28.5202 -180.258 0.293549 2.64194 -80 2 -25 10 45961 1 
78.2771 -28.5201 -180.258 0.293549 2.64194 -80 2 -25 10 45962 1 
78.2673 -28.5201 -180.258 0.293549 2.64194 -80 2 -25 10 45963 1 
78.2576 -28.5201 -180.258 0.293549 2.64194 -80 2 -25 10 45964 1 
78.2478 -28.52 -180.258 0.293549 2.64194 -80 2 -25 10 45965 1 
78.238 -28.52 -180.258 0.293549 2.64194 -80 2 -25 10 45966 1 
78.2282 -28.5199 -180.258 0.293549 2.64194 -80 2 -25 10 45967 1 
78.2184 -28.5199 -180.258 0.293549 2.64194 -80 2 -25 10 45968 1 
78.2086 -28.5198 -180.258 0.293549 2.64194 -80 2 -25 10 45969 1 
78.1988 -28.5198 -180.258 0.293549 2.64194 -80 2 -25 10 45970 1 
78.189 -28.5197 -180.258 0.293549 2.64194 -80 2 -25 10 45971 1 
78.1792 -28.5197 -180.258 0.293549 2.64194 -80 2 -25 10 45972 1 
78.1695 -28.5197 -180.258 0.293549 2.64194 -80 2 -25 10 45973 1 
78.1597 -28.5196 -180.258 0.293549 2.64194 -80 2 -25 10 45974 1 
78.1499 -28.5196 -180.258 0.293549 2.64194 -80 2 -25 10 45975 1 
78.1401 -28.5195 -180.258 0.293549 2.64194 -80 2 -25 10 45976 1 
78.1303 -28.5195 -180.258 0.293549 2.64194 -80 2 -25 10 45977 1 
78.1205 -28.5194 -180.258 0.293549 2.64194 -80 2 -25 10 45978 1 
78.1107 -28.5194 -180.258 0.293549 2.64194 -80 2 -25 10 45979 1 
78.1009 -28.5194 -180.258 0.293549 2.64194 -80 2 -25 10 45980 1 
78.0911 -28.5193 -180.258 0.293549 2.64194 -80 2 -25 10 45981 1 
78.0814 -28.5193 -180.258 0.293549 2.64194 -80 2 -25 10 45982 1 
78.0716 -28.5192 -180.258 0.293549 2.64194 -80 2 -25 10 45983 1 
78.0618 -28.5192 -180.258 0.293549 2.64194 -80 2 -25 10 45984 1 
78.052 -28.5191 -180.258 0.293549 2.64194 -80 2 -25 10 45985 1 
78.0422 -28.5191 -180.258 0.293549 2.64194 -80 2 -25 10 45986 1 
78.0324 -28.519 -180.258 0.293549 2.64194 -80 2 -25 10 45987 1 
78.0226 -28.519 -180.258 0.293549 2.64194 -80 2 -25 10 45988 1 
78.0128 -28.519 -180.258 0.293549 2.64194 -80 2 -25 10 45989 1 
78.0031 -28.5189 -180.258 0.293549 2.64194 -80 2 -25 10 45990 1 
77.9933 -28.5189 -180.258 0.293549 2.64194 -80 2 -25 10 45991 1 
77.9835 -28.5188 -180.258 0.293549 2.64194 -80 2 -25 10 45992 1 
77.9737 -28.5188 -180.258 0.293549 2.64194 -80 2 -25 10 45993 1 
77.9639 -28.5187 -180.258 0.293549 2.64194 -80 2 -25 10 45994 1 
77.9541 -28.5187 -180.258 0.293549 2.64194 -80 2 -25 10 45995 1 
77.9443 -28.5187 -180.258 0.293549 2.64194 -80 2 -25 10 45996 1 
77.9345 -28.5186 -180.258 0.293549 2.64194 -80 2 -25 10 45997 1 
77.9247 -28.5186 -180.258 0.293549 2.64194 -80 2 -25 10 45998 1 
77.915 -28.5185 -180.258 0.293549 2.64194 -80 2 -25 10 45999 1 
77.9052 -28.5185 -180.258 0.293549 2.64194 -80 2 -25 10 46000 1 
77.8954 -28.5184 -180.258 0.293549 2.64194 -80 2 -25 10 46001 1 
77.8856 -28.5184 -180.258 0.293549 2.64194 -80 2 -25 10 46002 1 
77.8758 -28.5183 -180.258 0.293549 2.64194 -80 2 -25 10 46003 1 
77.866 -28.5183 -180.258 0.293549 2.64194 -80 2 -25 10 46004 1 
77.8562 -28.5183 -180.258 0.293549 2.64194 -80 2 -25 10 46005 1 
77.8464 -28.5182 -180.258 0.293549 2.64194 -80 2 -25 10 46006 1 
77.8366 -28.5182 -180.258 0.293549 2.64194 -80 2 -25 10 46007 1 
77.8269 -28.5181 -180.258 0.293549 2.64194 -80 2 -25 10 46008 1 
77.8171 -28.5181 -180.258 0.293549 2.64194 -80 2 -25 10 46009 1 
77.8073 -28.518 -180.258 0.293549 2.64194 -80 2 -25 10 46010 1 
77.7975 -28.518 -180.258 0.293549 2.64194 -80 2 -25 10 46011 1 
77.7877 -28.518 -180.258 0.293549 2.64194 -80 2 -25 10 46012 1 
77.7779 -28.5179 -180.258 0.293549 2.64194 -80 2 -25 10 46013 1 
77.7681 -28.5179 -180.258 0.293549 2.64194 -80 2 -25 10 46014 1 
77.7583 -28.5178 -180.258 0.293549 2.64194 -80 2 -25 10 46015 1 
77.7486 -28.5178 -180.258 0.293549 2.64194 -80 2 -25 10 46016 1 
77.7388 -28.5177 -180.258 0.293549 2.64194 -80 2 -25 10 46017 1 
77.729 -28.5177 -180.258 0.293549 2.64194 -80 2 -25 10 46018 1 
77.7192 -28.5176 -180.258 0.293549 2.64194 -80 2 -25 10 46019 1 
77.7094 -28.5176 -180.258 0.293549 2.64194 -80 2 -25 10 46020 1 
77.6996 -28.5176 -180.258 0.293549 2.64194 -80 2 -25 10 46021 1 
77.6898 -28.5175 -180.258 0.293549 2.64194 -80 2 -25 10 46022 1 
77.68 -28.5175 -180.258 0.293549 2.64194 -80 2 -25 10 46023 1 
77.6702 -28.5174 -180.258 0.293549 2.64194 -80 2 -25 10 46024 1 
77.6605 -28.5174 -180.258 0.293549 2.64194 -80 2 -25 10 46025 1 
77.6507 -28.5173 -180.258 0.293549 2.64194 -80 2 -25 10 46026 1 
77.6409 -28.5173 -180.258 0.293549 2.64194 -80 2 -25 10 46027 1 
77.6311 -28.5172 -180.259 0.293549 2.64194 -80 2 -25 10 46028 1 
77.6213 -28.5172 -180.259 0.293549 2.64194 -80 2 -25 10 46029 1 
77.6115 -28.5172 -180.259 0.293549 2.64194 -80 2 -25 10 46030 1 
77.6017 -28.5171 -180.259 0.293549 2.64194 -80 2 -25 10 46031 1 
77.5919 -28.5171 -180.259 0.293549 2.64194 -80 2 -25 10 46032 1 
77.5821 -28.517 -180.259 0.293549 2.64194 -80 2 -25 10 46033 1 
77.5724 -28.517 -180.259 0.293549 2.64194 -80 2 -25 10 46034 1 
77.5626 -28.5169 -180.259 0.293549 2.64194 -80 2 -25 10 46035 1 
77.5528 -28.5169 -180.259 0.293549 2.64194 -80 2 -25 10 46036 1 
77.543 -28.5169 -180.259 0.293549 2.64194 -80 2 -25 10 46037 1 
77.5332 -28.5168 -180.259 0.293549 2.64194 -80 2 -25 10 46038 1 
77.5234 -28.5168 -180.259 0.293549 2.64194 -80 2 -25 10 46039 1 
77.5136 -28.5167 -180.259 0.293549 2.64194 -80 2 -25 10 46040 1 
77.5038 -28.5167 -180.259 0.293549 2.64194 -80 2 -25 10 46041 1 
77.494 -28.5166 -180.259 0.293549 2.64194 -80 2 -25 10 46042 1 
77.4843 -28.5166 -180.259 0.293549 2.64194 -80 2 -25 10 46043 1 
77.4745 -28.5165 -180.259 0.293549 2.64194 -80 2 -25 10 46044 1 
77.4647 -28.5165 -180.259 0.293549 2.64194 -80 2 -25 10 46045 1 
77.4549 -28.5165 -180.259 0.293549 2.64194 -80 2 -25 10 46046 1 
77.4451 -28.5164 -180.259 0.293549 2.64194 -80 2 -25 10 46047 1 
77.4353 -28.5164 -180.259 0.293549 2.64194 -80 2 -25 10 46048 1 
77.4255 -28.5163 -180.259 0.293549 2.64194 -80 2 -25 10 46049 1 
77.4157 -28.5163 -180.259 0.293549 2.64194 -80 2 -25 10 46050 1 
77.406 -28.5162 -180.259 0.293549 2.64194 -80 2 -25 10 46051 1 
77.3962 -28.5162 -180.259 0.293549 2.64194 -80 2 -25 10 46052 1 
77.3864 -28.5162 -180.259 0.293549 2.64194 -80 2 -25 10 46053 1 
77.3766 -28.5161 -180.259 0.293549 2.64194 -80 2 -25 10 46054 1 
77.3668 -28.5161 -180.259 0.293549 2.64194 -80 2 -25 10 46055 1 
77.357 -28.516 -180.259 0.293549 2.64194 -80 2 -25 10 46056 1 
77.3472 -28.516 -180.259 0.293549 2.64194 -80 2 -25 10 46057 1 
77.3374 -28.5159 -180.259 0.293549 2.64194 -80 2 -25 10 46058 1 
77.3276 -28.5159 -180.259 0.293549 2.64194 -80 2 -25 10 46059 1 
77.3179 -28.5158 -180.259 0.293549 2.64194 -80 2 -25 10 46060 1 
77.3081 -28.5158 -180.259 0.293549 2.64194 -80 2 -25 10 46061 1 
77.2983 -28.5158 -180.259 0.293549 2.64194 -80 2 -25 10 46062 1 
77.2885 -28.5157 -180.259 0.293549 2.64194 -80 2 -25 10 46063 1 
77.2787 -28.5157 -180.259 0.293549 2.64194 -80 2 -25 10 46064 1 
77.2689 -28.5156 -180.259 0.293549 2.64194 -80 2 -25 10 46065 1 
77.2591 -28.5156 -180.259 0.293549 2.64194 -80 2 -25 10 46066 1 
77.2493 -28.5155 -180.259 0.293549 2.64194 -80 2 -25 10 46067 1 
77.2395 -28.5155 -180.259 0.293549 2.64194 -80 2 -25 10 46068 1 
77.2298 -28.5154 -180.259 0.293549 2.64194 -80 2 -25 10 46069 1 
77.22 -28.5154 -180.259 0.293549 2.64194 -80 2 -25 10 46070 1 
77.2102 -28.5154 -180.259 0.293549 2.64194 -80 2 -25 10 46071 1 
77.2004 -28.5153 -180.259 0.293549 2.64194 -80 2 -25 10 46072 1 
77.1906 -28.5153 -180.259 0.293549 2.64194 -80 2 -25 10 46073 1 
77.1808 -28.5152 -180.259 0.293549 2.64194 -80 2 -25 10 46074 1 
77.171 -28.5152 -180.259 0.293549 2.64194 -80 2 -25 10 46075 1 
77.1612 -28.5151 -180.259 0.293549 2.64194 -80 2 -25 10 46076 1 
77.1515 -28.5151 -180.259 0.293549 2.64194 -80 2 -25 10 46077 1 
77.1417 -28.5151 -180.259 0.293549 2.64194 -80 2 -25 10 46078 1 
77.1319 -28.515 -180.259 0.293549 2.64194 -80 2 -25 10 46079 1 
77.1221 -28.515 -180.259 0.293549 2.64194 -80 2 -25 10 46080 1 
77.1123 -28.5149 -180.259 0.293549 2.64194 -80 2 -25 10 46081 1 
77.1025 -28.5149 -180.259 0.293549 2.64194 -80 2 -25 10 46082 1 
77.0927 -28.5148 -180.259 0.293549 2.64194 -80 2 -25 10 46083 1 
77.0829 -28.5148 -180.259 0.293549 2.64194 -80 2 -25 10 46084 1 
77.0731 -28.5147 -180.259 0.293549 2.64194 -80 2 -25 10 46085 1 
77.0634 -28.5147 -180.259 0.293549 2.64194 -80 2 -25 10 46086 1 
77.0536 -28.5147 -180.259 0.293549 2.64194 -80 2 -25 10 46087 1 
77.0438 -28.5146 -180.259 0.293549 2.64194 -80 2 -25 10 46088 1 
77.034 -28.5146 -180.259 0.293549 2.64194 -80 2 -25 10 46089 1 
77.0242 -28.5145 -180.259 0.293549 2.64194 -80 2 -25 10 46090 1 
77.0144 -28.5145 -180.259 0.293549 2.64194 -80 2 -25 10 46091 1 
77.0046 -28.5144 -180.259 0.293549 2.64194 -80 2 -25 10 46092 1 
76.9948 -28.5144 -180.259 0.293549 2.64194 -80 2 -25 10 46093 1 
76.985 -28.5144 -180.259 0.293549 2.64194 -80 2 -25 10 46094 1 
76.9753 -28.5143 -180.259 0.293549 2.64194 -80 2 -25 10 46095 1 
76.9655 -28.5143 -180.259 0.293549 2.64194 -80 2 -25 10 46096 1 
76.9557 -28.5142 -180.259 0.293549 2.64194 -80 2 -25 10 46097 1 
76.9459 -28.5142 -180.259 0.293549 2.64194 -80 2 -25 10 46098 1 
76.9361 -28.5141 -180.259 0.293549 2.64194 -80 2 -25 10 46099 1 
76.9263 -28.5141 -180.259 0.293549 2.64194 -80 2 -25 10 46100 1 
76.9165 -28.514 -180.259 0.293549 2.64194 -80 2 -25 10 46101 1 
76.9067 -28.514 -180.259 0.293549 2.64194 -80 2 -25 10 46102 1 
76.8969 -28.514 -180.259 0.293549 2.64194 -80 2 -25 10 46103 1 
76.8872 -28.5139 -180.26 0.293549 2.64194 -80 2 -25 10 46104 1 
76.8774 -28.5139 -180.26 0.293549 2.64194 -80 2 -25 10 46105 1 
76.8676 -28.5138 -180.26 0.293549 2.64194 -80 2 -25 10 46106 1 
76.8578 -28.5138 -180.26 0.293549 2.64194 -80 2 -25 10 46107 1 
76.848 -28.5137 -180.26 0.293549 2.64194 -80 2 -25 10 46108 1 
76.8382 -28.5137 -180.26 0.293549 2.64194 -80 2 -25 10 46109 1 
76.8284 -28.5137 -180.26 0.293549 2.64194 -80 2 -25 10 46110 1 
76.8186 -28.5136 -180.26 0.293549 2.64194 -80 2 -25 10 46111 1 
76.8089 -28.5136 -180.26 0.293549 2.64194 -80 2 -25 10 46112 1 
76.7991 -28.5135 -180.26 0.293549 2.64194 -80 2 -25 10 46113 1 
76.7893 -28.5135 -180.26 0.293549 2.64194 -80 2 -25 10 46114 1 
76.7795 -28.5134 -180.26 0.293549 2.64194 -80 2 -25 10 46115 1 
76.7697 -28.5134 -180.26 0.293549 2.64194 -80 2 -25 10 46116 1 
76.7599 -28.5133 -180.26 0.293549 2.64194 -80 2 -25 10 46117 1 
76.7501 -28.5133 -180.26 0.293549 2.64194 -80 2 -25 10 46118 1 
76.7403 -28.5133 -180.26 0.293549 2.64194 -80 2 -25 10 46119 1 
76.7305 -28.5132 -180.26 0.293549 2.64194 -80 2 -25 10 46120 1 
76.7208 -28.5132 -180.26 0.293549 2.64194 -80 2 -25 10 46121 1 
76.711 -28.5131 -180.26 0.293549 2.64194 -80 2 -25 10 46122 1 
76.7012 -28.5131 -180.26 0.293549 2.64194 -80 2 -25 10 46123 1 
76.6914 -28.513 -180.26 0.293549 2.64194 -80 2 -25 10 46124 1 
76.6816 -28.513 -180.26 0.293549 2.64194 -80 2 -25 10 46125 1 
76.6718 -28.5129 -180.26 0.293549 2.64194 -80 2 -25 10 46126 1 
76.662 -28.5129 -180.26 0.293549 2.64194 -80 2 -25 10 46127 1 
76.6522 -28.5129 -180.26 0.293549 2.64194 -80 2 -25 10 46128 1 
76.6424 -28.5128 -180.26 0.293549 2.64194 -80 2 -25 10 46129 1 
76.6327 -28.5128 -180.26 0.293549 2.64194 -80 2 -25 10 46130 1 
76.6229 -28.5127 -180.26 0.293549 2.64194 -80 2 -25 10 46131 1 
76.6131 -28.5127 -180.26 0.293549 2.64194 -80 2 -25 10 46132 1 
76.6033 -28.5126 -180.26 0.293549 2.64194 -80 2 -25 10 46133 1 
76.5935 -28.5126 -180.26 0.293549 2.64194 -80 2 -25 10 46134 1 
76.5837 -28.5126 -180.26 0.293549 2.64194 -80 2 -25 10 46135 1 
76.5739 -28.5125 -180.26 0.293549 2.64194 -80 2 -25 10 46136 1 
76.5641 -28.5125 -180.26 0.293549 2.64194 -80 2 -25 10 46137 1 
76.5544 -28.5124 -180.26 0.293549 2.64194 -80 2 -25 10 46138 1 
76.5446 -28.5124 -180.26 0.293549 2.64194 -80 2 -25 10 46139 1 
76.5348 -28.5123 -180.26 0.293549 2.64194 -80 2 -25 10 46140 1 
76.525 -28.5123 -180.26 0.293549 2.64194 -80 2 -25 10 46141 1 
76.5152 -28.5122 -180.26 0.293549 2.64194 -80 2 -25 10 46142 1 
76.5054 -28.5122 -180.26 0.293549 2.64194 -80 2 -25 10 46143 1 
76.4956 -28.5122 -180.26 0.293549 2.64194 -80 2 -25 10 46144 1 
76.4858 -28.5121 -180.26 0.293549 2.64194 -80 2 -25 10 46145 1 
76.476 -28.5121 -180.26 0.293549 2.64194 -80 2 -25 10 46146 1 
76.4663 -28.512 -180.26 0.293549 2.64194 -80 2 -25 10 46147 1 
76.4565 -28.512 -180.26 0.293549 2.64194 -80 2 -25 10 46148 1 
76.4467 -28.5119 -180.26 0.293549 2.64194 -80 2 -25 10 46149 1 
76.4369 -28.5119 -180.26 0.293549 2.64194 -80 2 -25 10 46150 1 
76.4271 -28.5119 -180.26 0.293549 2.64194 -80 2 -25 10 46151 1 
76.4173 -28.5118 -180.26 0.293549 2.64194 -80 2 -25 10 46152 1 
76.4075 -28.5118 -180.26 0.293549 2.64194 -80 2 -25 10 46153 1 
76.3977 -28.5117 -180.26 0.293549 2.64194 -80 2 -25 10 46154 1 
76.3879 -28.5117 -180.26 0.293549 2.64194 -80 2 -25 10 46155 1 
76.3782 -28.5116 -180.26 0.293549 2.64194 -80 2 -25 10 46156 1 
76.3684 -28.5116 -180.26 0.293549 2.64194 -80 2 -25 10 46157 1 
76.3586 -28.5115 -180.26 0.293549 2.64194 -80 2 -25 10 46158 1 
76.3488 -28.5115 -180.26 0.293549 2.64194 -80 2 -25 10 46159 1 
76.339 -28.5115 -180.26 0.293549 2.64194 -80 2 -25 10 46160 1 
76.3292 -28.5114 -180.26 0.293549 2.64194 -80 2 -25 10 46161 1 
76.3194 -28.5114 -180.26 0.293549 2.64194 -80 2 -25 10 46162 1 
76.3096 -28.5113 -180.26 0.293549 2.64194 -80 2 -25 10 46163 1 
76.2999 -28.5113 -180.26 0.293549 2.64194 -80 2 -25 10 46164 1 
76.2901 -28.5112 -180.26 0.293549 2.64194 -80 2 -25 10 46165 1 
76.2803 -28.5112 -180.26 0.293549 2.64194 -80 2 -25 10 46166 1 
76.2705 -28.5112 -180.26 0.293549 2.64194 -80 2 -25 10 46167 1 
76.2607 -28.5111 -180.26 0.293549 2.64194 -80 2 -25 10 46168 1 
76.2509 -28.5111 -180.26 0.293549 2.64194 -80 2 -25 10 46169 1 
76.2411 -28.511 -180.26 0.293549 2.64194 -80 2 -25 10 46170 1 
76.2313 -28.511 -180.26 0.293549 2.64194 -80 2 -25 10 46171 1 
76.2215 -28.5109 -180.26 0.293549 2.64194 -80 2 -25 10 46172 1 
76.2118 -28.5109 -180.26 0.293549 2.64194 -80 2 -25 10 46173 1 
76.202 -28.5108 -180.26 0.293549 2.64194 -80 2 -25 10 46174 1 
76.1922 -28.5108 -180.26 0.293549 2.64194 -80 2 -25 10 46175 1 
76.1824 -28.5108 -180.26 0.293549 2.64194 -80 2 -25 10 46176 1 
76.1726 -28.5107 -180.26 0.293549 2.64194 -80 2 -25 10 46177 1 
76.1628 -28.5107 -180.26 0.293549 2.64194 -80 2 -25 10 46178 1 
76.153 -28.5106 -180.26 0.293549 2.64194 -80 2 -25 10 46179 1 
76.1432 -28.5106 -180.261 0.293549 2.64194 -80 2 -25 10 46180 1 
76.1334 -28.5105 -180.261 0.293549 2.64194 -80 2 -25 10 46181 1 
76.1237 -28.5105 -180.261 0.293549 2.64194 -80 2 -25 10 46182 1 
76.1139 -28.5104 -180.261 0.293549 2.64194 -80 2 -25 10 46183 1 
76.1041 -28.5104 -180.261 0.293549 2.64194 -80 2 -25 10 46184 1 
76.0943 -28.5104 -180.261 0.293549 2.64194 -80 2 -25 10 46185 1 
76.0845 -28.5103 -180.261 0.293549 2.64194 -80 2 -25 10 46186 1 
76.0747 -28.5103 -180.261 0.293549 2.64194 -80 2 -25 10 46187 1 
76.0649 -28.5102 -180.261 0.293549 2.64194 -80 2 -25 10 46188 1 
76.0551 -28.5102 -180.261 0.293549 2.64194 -80 2 -25 10 46189 1 
76.0453 -28.5101 -180.261 0.293549 2.64194 -80 2 -25 10 46190 1 
76.0356 -28.5101 -180.261 0.293549 2.64194 -80 2 -25 10 46191 1 
76.0258 -28.5101 -180.261 0.293549 2.64194 -80 2 -25 10 46192 1 
76.016 -28.51 -180.261 0.293549 2.64194 -80 2 -25 10 46193 1 
76.0062 -28.51 -180.261 0.293549 2.64194 -80 2 -25 10 46194 1 
75.9964 -28.5099 -180.261 0.293549 2.64194 -80 2 -25 10 46195 1 
75.9866 -28.5099 -180.261 0.293549 2.64194 -80 2 -25 10 46196 1 
75.9768 -28.5098 -180.261 0.293549 2.64194 -80 2 -25 10 46197 1 
75.967 -28.5098 -180.261 0.293549 2.64194 -80 2 -25 10 46198 1 
75.9573 -28.5097 -180.261 0.293549 2.64194 -80 2 -25 10 46199 1 
75.9475 -28.5097 -180.261 0.293549 2.64194 -80 2 -25 10 46200 1 
75.9377 -28.5097 -180.261 0.293549 2.64194 -80 2 -25 10 46201 1 
75.9279 -28.5096 -180.261 0.293549 2.64194 -80 2 -25 10 46202 1 
75.9181 -28.5096 -180.261 0.293549 2.64194 -80 2 -25 10 46203 1 
75.9083 -28.5095 -180.261 0.293549 2.64194 -80 2 -25 10 46204 1 
75.8985 -28.5095 -180.261 0.293549 2.64194 -80 2 -25 10 46205 1 
75.8887 -28.5094 -180.261 0.293549 2.64194 -80 2 -25 10 46206 1 
75.8789 -28.5094 -180.261 0.293549 2.64194 -80 2 -25 10 46207 1 
75.8692 -28.5094 -180.261 0.293549 2.64194 -80 2 -25 10 46208 1 
75.8594 -28.5093 -180.261 0.293549 2.64194 -80 2 -25 10 46209 1 
75.8496 -28.5093 -180.261 0.293549 2.64194 -80 2 -25 10 46210 1 
75.8398 -28.5092 -180.261 0.293549 2.64194 -80 2 -25 10 46211 1 
75.83 -28.5092 -180.261 0.293549 2.64194 -80 2 -25 10 46212 1 
75.8202 -28.5091 -180.261 0.293549 2.64194 -80 2 -25 10 46213 1 
75.8104 -28.5091 -180.261 0.293549 2.64194 -80 2 -25 10 46214 1 
75.8006 -28.509 -180.261 0.293549 2.64194 -80 2 -25 10 46215 1 
75.7908 -28.509 -180.261 0.293549 2.64194 -80 2 -25 10 46216 1 
75.7811 -28.509 -180.261 0.293549 2.64194 -80 2 -25 10 46217 1 
75.7713 -28.5089 -180.261 0.293549 2.64194 -80 2 -25 10 46218 1 
75.7615 -28.5089 -180.261 0.293549 2.64194 -80 2 -25 10 46219 1 
75.7517 -28.5088 -180.261 0.293549 2.64194 -80 2 -25 10 46220 1 
75.7419 -28.5088 -180.261 0.293549 2.64194 -80 2 -25 10 46221 1 
75.7321 -28.5087 -180.261 0.293549 2.64194 -80 2 -25 10 46222 1 
75.7223 -28.5087 -180.261 0.293549 2.64194 -80 2 -25 10 46223 1 
75.7125 -28.5086 -180.261 0.293549 2.64194 -80 2 -25 10 46224 1 
75.7028 -28.5086 -180.261 0.293549 2.64194 -80 2 -25 10 46225 1 
75.693 -28.5086 -180.261 0.293549 2.64194 -80 2 -25 10 46226 1 
75.6832 -28.5085 -180.261 0.293549 2.64194 -80 2 -25 10 46227 1 
75.6734 -28.5085 -180.261 0.293549 2.64194 -80 2 -25 10 46228 1 
75.6636 -28.5084 -180.261 0.293549 2.64194 -80 2 -25 10 46229 1 
75.6538 -28.5084 -180.261 0.293549 2.64194 -80 2 -25 10 46230 1 
75.644 -28.5083 -180.261 0.293549 2.64194 -80 2 -25 10 46231 1 
75.6342 -28.5083 -180.261 0.293549 2.64194 -80 2 -25 10 46232 1 
75.6244 -28.5083 -180.261 0.293549 2.64194 -80 2 -25 10 46233 1 
75.6147 -28.5082 -180.261 0.293549 2.64194 -80 2 -25 10 46234 1 
75.6049 -28.5082 -180.261 0.293549 2.64194 -80 2 -25 10 46235 1 
75.5951 -28.5081 -180.261 0.293549 2.64194 -80 2 -25 10 46236 1 
75.5853 -28.5081 -180.261 0.293549 2.64194 -80 2 -25 10 46237 1 
75.5755 -28.508 -180.261 0.293549 2.64194 -80 2 -25 10 46238 1 
75.5657 -28.508 -180.261 0.293549 2.64194 -80 2 -25 10 46239 1 
75.5559 -28.5079 -180.261 0.293549 2.64194 -80 2 -25 10 46240 1 
75.5461 -28.5079 -180.261 0.293549 2.64194 -80 2 -25 10 46241 1 
75.5363 -28.5079 -180.261 0.293549 2.64194 -80 2 -25 10 46242 1 
75.5266 -28.5078 -180.261 0.293549 2.64194 -80 2 -25 10 46243 1 
75.5168 -28.5078 -180.261 0.293549 2.64194 -80 2 -25 10 46244 1 
75.507 -28.5077 -180.261 0.293549 2.64194 -80 2 -25 10 46245 1 
75.4972 -28.5077 -180.261 0.293549 2.64194 -80 2 -25 10 46246 1 
75.4874 -28.5076 -180.261 0.293549 2.64194 -80 2 -25 10 46247 1 
75.4776 -28.5076 -180.261 0.293549 2.64194 -80 2 -25 10 46248 1 
75.4678 -28.5076 -180.261 0.293549 2.64194 -80 2 -25 10 46249 1 
75.458 -28.5075 -180.261 0.293549 2.64194 -80 2 -25 10 46250 1 
75.4482 -28.5075 -180.261 0.293549 2.64194 -80 2 -25 10 46251 1 
75.4385 -28.5074 -180.261 0.293549 2.64194 -80 2 -25 10 46252 1 
75.4287 -28.5074 -180.261 0.293549 2.64194 -80 2 -25 10 46253 1 
75.4189 -28.5073 -180.262 0.293549 2.64194 -80 2 -25 10 46254 1 
75.4091 -28.5073 -180.262 0.293549 2.64194 -80 2 -25 10 46255 1 
75.3993 -28.5072 -180.262 0.293549 2.64194 -80 2 -25 10 46256 1 
75.3895 -28.5072 -180.262 0.293549 2.64194 -80 2 -25 10 46257 1 
75.3797 -28.5072 -180.262 0.293549 2.64194 -80 2 -25 10 46258 1 
75.3699 -28.5071 -180.262 0.293549 2.64194 -80 2 -25 10 46259 1 
75.3602 -28.5071 -180.262 0.293549 2.64194 -80 2 -25 10 46260 1 
75.3504 -28.507 -180.262 0.293549 2.64194 -80 2 -25 10 46261 1 
75.3406 -28.507 -180.262 0.293549 2.64194 -80 2 -25 10 46262 1 
75.3308 -28.5069 -180.262 0.293549 2.64194 -80 2 -25 10 46263 1 
75.321 -28.5069 -180.262 0.293549 2.64194 -80 2 -25 10 46264 1 
75.3112 -28.5069 -180.262 0.293549 2.64194 -80 2 -25 10 46265 1 
75.3014 -28.5068 -180.262 0.293549 2.64194 -80 2 -25 10 46266 1 
75.2916 -28.5068 -180.262 0.293549 2.64194 -80 2 -25 10 46267 1 
75.2818 -28.5067 -180.262 0.293549 2.64194 -80 2 -25 10 46268 1 
75.2721 -28.5067 -180.262 0.293549 2.64194 -80 2 -25 10 46269 1 
75.2623 -28.5066 -180.262 0.293549 2.64194 -80 2 -25 10 46270 1 
75.2525 -28.5066 -180.262 0.293549 2.64194 -80 2 -25 10 46271 1 
75.2427 -28.5065 -180.262 0.293549 2.64194 -80 2 -25 10 46272 1 
75.2329 -28.5065 -180.262 0.293549 2.64194 -80 2 -25 10 46273 1 
75.2231 -28.5065 -180.262 0.293549 2.64194 -80 2 -25 10 46274 1 
75.2133 -28.5064 -180.262 0.293549 2.64194 -80 2 -25 10 46275 1 
75.2035 -28.5064 -180.262 0.293549 2.64194 -80 2 -25 10 46276 1 
75.1937 -28.5063 -180.262 0.293549 2.64194 -80 2 -25 10 46277 1 
75.184 -28.5063 -180.262 0.293549 2.64194 -80 2 -25 10 46278 1 
75.1742 -28.5062 -180.262 0.293549 2.64194 -80 2 -25 10 46279 1 
75.1644 -28.5062 -180.262 0.293549 2.64194 -80 2 -25 10 46280 1 
75.1546 -28.5061 -180.262 0.293549 2.64194 -80 2 -25 10 46281 1 
75.1448 -28.5061 -180.262 0.293549 2.64194 -80 2 -25 10 46282 1 
75.135 -28.5061 -180.262 0.293549 2.64194 -80 2 -25 10 46283 1 
75.1252 -28.506 -180.262 0.293549 2.64194 -80 2 -25 10 46284 1 
75.1154 -28.506 -180.262 0.293549 2.64194 -80 2 -25 10 46285 1 
75.1057 -28.5059 -180.262 0.293549 2.64194 -80 2 -25 10 46286 1 
75.0959 -28.5059 -180.262 0.293549 2.64194 -80 2 -25 10 46287 1 
75.0861 -28.5058 -180.262 0.293549 2.64194 -80 2 -25 10 46288 1 
75.0763 -28.5058 -180.262 0.293549 2.64194 -80 2 -25 10 46289 1 
75.0665 -28.5058 -180.262 0.293549 2.64194 -80 2 -25 10 46290 1 
75.0567 -28.5057 -180.262 0.293549 2.64194 -80 2 -25 10 46291 1 
75.0469 -28.5057 -180.262 0.293549 2.64194 -80 2 -25 10 46292 1 
75.0371 -28.5056 -180.262 0.293549 2.64194 -80 2 -25 10 46293 1 
75.0273 -28.5056 -180.262 0.293549 2.64194 -80 2 -25 10 46294 1 
75.0176 -28.5055 -180.262 0.293549 2.64194 -80 2 -25 10 46295 1 
75.0078 -28.5055 -180.262 0.293549 2.64194 -80 2 -25 10 46296 1 
74.998 -28.5054 -180.262 0.293549 2.64194 -80 2 -25 10 46297 1 
74.9882 -28.5054 -180.262 0.293549 2.64194 -80 2 -25 10 46298 1 
74.9784 -28.5054 -180.262 0.293549 2.64194 -80 2 -25 10 46299 1 
74.9686 -28.5053 -180.262 0.293549 2.64194 -80 2 -25 10 46300 1 
74.9588 -28.5053 -180.262 0.293549 2.64194 -80 2 -25 10 46301 1 
74.949 -28.5052 -180.262 0.293549 2.64194 -80 2 -25 10 46302 1 
74.9392 -28.5052 -180.262 0.293549 2.64194 -80 2 -25 10 46303 1 
74.9295 -28.5051 -180.262 0.293549 2.64194 -80 2 -25 10 46304 1 
74.9197 -28.5051 -180.262 0.293549 2.64194 -80 2 -25 10 46305 1 
74.9099 -28.5051 -180.262 0.293549 2.64194 -80 2 -25 10 46306 1 
74.9001 -28.505 -180.262 0.293549 2.64194 -80 2 -25 10 46307 1 
74.8903 -28.505 -180.262 0.293549 2.64194 -80 2 -25 10 46308 1 
74.8805 -28.5049 -180.262 0.293549 2.64194 -80 2 -25 10 46309 1 
74.8707 -28.5049 -180.262 0.293549 2.64194 -80 2 -25 10 46310 1 
74.8609 -28.5048 -180.262 0.293549 2.64194 -80 2 -25 10 46311 1 
74.8512 -28.5048 -180.262 0.293549 2.64194 -80 2 -25 10 46312 1 
74.8414 -28.5047 -180.262 0.293549 2.64194 -80 2 -25 10 46313 1 
74.8316 -28.5047 -180.262 0.293549 2.64194 -80 2 -25 10 46314 1 
74.8218 -28.5047 -180.262 0.293549 2.64194 -80 2 -25 10 46315 1 
74.812 -28.5046 -180.262 0.293549 2.64194 -80 2 -25 10 46316 1 
74.8022 -28.5046 -180.262 0.293549 2.64194 -80 2 -25 10 46317 1 
74.7924 -28.5045 -180.262 0.293549 2.64194 -80 2 -25 10 46318 1 
74.7826 -28.5045 -180.262 0.293549 2.64194 -80 2 -25 10 46319 1 
74.7728 -28.5044 -180.262 0.293549 2.64194 -80 2 -25 10 46320 1 
74.7631 -28.5044 -180.262 0.293549 2.64194 -80 2 -25 10 46321 1 
74.7533 -28.5044 -180.262 0.293549 2.64194 -80 2 -25 10 46322 1 
74.7435 -28.5043 -180.262 0.293549 2.64194 -80 2 -25 10 46323 1 
74.7337 -28.5043 -180.262 0.293549 2.64194 -80 2 -25 10 46324 1 
74.7239 -28.5042 -180.262 0.293549 2.64194 -80 2 -25 10 46325 1 
74.7141 -28.5042 -180.262 0.293549 2.64194 -80 2 -25 10 46326 1 
74.7043 -28.5041 -180.262 0.293549 2.64194 -80 2 -25 10 46327 1 
74.6945 -28.5041 -180.262 0.293549 2.64194 -80 2 -25 10 46328 1 
74.6847 -28.504 -180.263 0.293549 2.64194 -80 2 -25 10 46329 1 
74.675 -28.504 -180.263 0.293549 2.64194 -80 2 -25 10 46330 1 
74.6652 -28.5039 -180.263 0.293549 2.64194 -80 2 -25 10 46331 1 
74.6554 -28.5039 -180.263 0.293549 2.64194 -80 2 -25 10 46332 1 
74.6456 -28.5039 -180.263 0.293549 2.64194 -80 2 -25 10 46333 1 
74.6358 -28.5038 -180.263 0.293549 2.64194 -80 2 -25 10 46334 1 
74.626 -28.5038 -180.263 0.293549 2.64194 -80 2 -25 10 46335 1 
74.6162 -28.5037 -180.263 0.293549 2.64194 -80 2 -25 10 46336 1 
74.6064 -28.5037 -180.263 0.293549 2.64194 -80 2 -25 10 46337 1 
74.5966 -28.5036 -180.263 0.293549 2.64194 -80 2 -25 10 46338 1 
74.5869 -28.5036 -180.263 0.293549 2.64194 -80 2 -25 10 46339 1 
74.5771 -28.5035 -180.263 0.293549 2.64194 -80 2 -25 10 46340 1 
74.5673 -28.5035 -180.263 0.293549 2.64194 -80 2 -25 10 46341 1 
74.5575 -28.5034 -180.263 0.293549 2.64194 -80 2 -25 10 46342 1 
74.5477 -28.5034 -180.263 0.293549 2.64194 -80 2 -25 10 46343 1 
74.5379 -28.5033 -180.263 0.293549 2.64194 -80 2 -25 10 46344 1 
74.5281 -28.5033 -180.263 0.293549 2.64194 -80 2 -25 10 46345 1 
74.5183 -28.5033 -180.263 0.293549 2.64194 -80 2 -25 10 46346 1 
74.5086 -28.5032 -180.263 0.293549 2.64194 -80 2 -25 10 46347 1 
74.4988 -28.5032 -180.263 0.293549 2.64194 -80 2 -25 10 46348 1 
74.489 -28.5031 -180.263 0.293549 2.64194 -80 2 -25 10 46349 1 
74.4792 -28.5031 -180.263 0.293549 2.64194 -80 2 -25 10 46350 1 
74.4694 -28.503 -180.263 0.293549 2.64194 -80 2 -25 10 46351 1 
74.4596 -28.503 -180.263 0.293549 2.64194 -80 2 -25 10 46352 1 
74.4498 -28.5029 -180.263 0.293549 2.64194 -80 2 -25 10 46353 1 
74.44 -28.5029 -180.263 0.293549 2.64194 -80 2 -25 10 46354 1 
74.4302 -28.5028 -180.263 0.293549 2.64194 -80 2 -25 10 46355 1 
74.4205 -28.5028 -180.263 0.293549 2.64194 -80 2 -25 10 46356 1 
74.4107 -28.5028 -180.263 0.293549 2.64194 -80 2 -25 10 46357 1 
74.4009 -28.5027 -180.263 0.293549 2.64194 -80 2 -25 10 46358 1 
74.3911 -28.5027 -180.263 0.293549 2.64194 -80 2 -25 10 46359 1 
74.3813 -28.5026 -180.263 0.293549 2.64194 -80 2 -25 10 46360 1 
74.3715 -28.5026 -180.263 0.293549 2.64194 -80 2 -25 10 46361 1 
74.3617 -28.5025 -180.263 0.293549 2.64194 -80 2 -25 10 46362 1 
74.3519 -28.5025 -180.263 0.293549 2.64194 -80 2 -25 10 46363 1 
74.3421 -28.5024 -180.263 0.293549 2.64194 -80 2 -25 10 46364 1 
74.3324 -28.5024 -180.263 0.293549 2.64194 -80 2 -25 10 46365 1 
74.3226 -28.5023 -180.263 0.293549 2.64194 -80 2 -25 10 46366 1 
74.3128 -28.5023 -180.263 0.293549 2.64194 -80 2 -25 10 46367 1 
74.303 -28.5023 -180.263 0.293549 2.64194 -80 2 -25 10 46368 1 
74.2932 -28.5022 -180.263 0.293549 2.64194 -80 2 -25 10 46369 1 
74.2834 -28.5022 -180.263 0.293549 2.64194 -80 2 -25 10 46370 1 
74.2736 -28.5021 -180.263 0.293549 2.64194 -80 2 -25 10 46371 1 
74.2638 -28.5021 -180.263 0.293549 2.64194 -80 2 -25 10 46372 1 
74.2541 -28.502 -180.263 0.293549 2.64194 -80 2 -25 10 46373 1 
74.2443 -28.502 -180.263 0.293549 2.64194 -80 2 -25 10 46374 1 
74.2345 -28.5019 -180.263 0.293549 2.64194 -80 2 -25 10 46375 1 
74.2247 -28.5019 -180.263 0.293549 2.64194 -80 2 -25 10 46376 1 
74.2149 -28.5018 -180.263 0.293549 2.64194 -80 2 -25 10 46377 1 
74.2051 -28.5018 -180.263 0.293549 2.64194 -80 2 -25 10 46378 1 
74.1953 -28.5017 -180.263 0.293549 2.64194 -80 2 -25 10 46379 1 
74.1855 -28.5017 -180.263 0.293549 2.64194 -80 2 -25 10 46380 1 
74.1757 -28.5017 -180.263 0.293549 2.64194 -80 2 -25 10 46381 1 
74.166 -28.5016 -180.263 0.293549 2.64194 -80 2 -25 10 46382 1 
74.1562 -28.5016 -180.263 0.293549 2.64194 -80 2 -25 10 46383 1 
74.1464 -28.5015 -180.263 0.293549 2.64194 -80 2 -25 10 46384 1 
74.1366 -28.5015 -180.263 0.293549 2.64194 -80 2 -25 10 46385 1 
74.1268 -28.5014 -180.263 0.293549 2.64194 -80 2 -25 10 46386 1 
74.117 -28.5014 -180.263 0.293549 2.64194 -80 2 -25 10 46387 1 
74.1072 -28.5013 -180.263 0.293549 2.64194 -80 2 -25 10 46388 1 
74.0974 -28.5013 -180.263 0.293549 2.64194 -80 2 -25 10 46389 1 
74.0876 -28.5012 -180.263 0.293549 2.64194 -80 2 -25 10 46390 1 
74.0779 -28.5012 -180.263 0.293549 2.64194 -80 2 -25 10 46391 1 
74.0681 -28.5012 -180.263 0.293549 2.64194 -80 2 -25 10 46392 1 
74.0583 -28.5011 -180.263 0.293549 2.64194 -80 2 -25 10 46393 1 
74.0485 -28.5011 -180.263 0.293549 2.64194 -80 2 -25 10 46394 1 
74.0387 -28.501 -180.263 0.293549 2.64194 -80 2 -25 10 46395 1 
74.0289 -28.501 -180.263 0.293549 2.64194 -80 2 -25 10 46396 1 
74.0191 -28.5009 -180.263 0.293549 2.64194 -80 2 -25 10 46397 1 
74.0093 -28.5009 -180.263 0.293549 2.64194 -80 2 -25 10 46398 1 
73.9995 -28.5008 -180.263 0.293549 2.64194 -80 2 -25 10 46399 1 
73.9898 -28.5008 -180.263 0.293549 2.64194 -80 2 -25 10 46400 1 
73.98 -28.5007 -180.263 0.293549 2.64194 -80 2 -25 10 46401 1 
73.9702 -28.5007 -180.264 0.293549 2.64194 -80 2 -25 10 46402 1 
73.9604 -28.5006 -180.264 0.293549 2.64194 -80 2 -25 10 46403 1 
73.9506 -28.5006 -180.264 0.293549 2.64194 -80 2 -25 10 46404 1 
73.9408 -28.5006 -180.264 0.293549 2.64194 -80 2 -25 10 46405 1 
73.931 -28.5005 -180.264 0.293549 2.64194 -80 2 -25 10 46406 1 
73.9212 -28.5005 -180.264 0.293549 2.64194 -80 2 -25 10 46407 1 
73.9115 -28.5004 -180.264 0.293549 2.64194 -80 2 -25 10 46408 1 
73.9017 -28.5004 -180.264 0.293549 2.64194 -80 2 -25 10 46409 1 
73.8919 -28.5003 -180.264 0.293549 2.64194 -80 2 -25 10 46410 1 
73.8821 -28.5003 -180.264 0.293549 2.64194 -80 2 -25 10 46411 1 
73.8723 -28.5002 -180.264 0.293549 2.64194 -80 2 -25 10 46412 1 
73.8625 -28.5002 -180.264 0.293549 2.64194 -80 2 -25 10 46413 1 
73.8527 -28.5001 -180.264 0.293549 2.64194 -80 2 -25 10 46414 1 
73.8429 -28.5001 -180.264 0.293549 2.64194 -80 2 -25 10 46415 1 
73.8331 -28.5001 -180.264 0.293549 2.64194 -80 2 -25 10 46416 1 
73.8234 -28.5 -180.264 0.293549 2.64194 -80 2 -25 10 46417 1 
73.8136 -28.5 -180.264 0.293549 2.64194 -80 2 -25 10 46418 1 
73.8038 -28.4999 -180.264 0.293549 2.64194 -80 2 -25 10 46419 1 
73.794 -28.4999 -180.264 0.293549 2.64194 -80 2 -25 10 46420 1 
73.7842 -28.4998 -180.264 0.293549 2.64194 -80 2 -25 10 46421 1 
73.7744 -28.4998 -180.264 0.293549 2.64194 -80 2 -25 10 46422 1 
73.7646 -28.4997 -180.264 0.293549 2.64194 -80 2 -25 10 46423 1 
73.7548 -28.4997 -180.264 0.293549 2.64194 -80 2 -25 10 46424 1 
73.745 -28.4996 -180.264 0.293549 2.64194 -80 2 -25 10 46425 1 
73.7353 -28.4996 -180.264 0.293549 2.64194 -80 2 -25 10 46426 1 
73.7255 -28.4995 -180.264 0.293549 2.64194 -80 2 -25 10 46427 1 
73.7157 -28.4995 -180.264 0.293549 2.64194 -80 2 -25 10 46428 1 
73.7059 -28.4995 -180.264 0.293549 2.64194 -80 2 -25 10 46429 1 
73.6961 -28.4994 -180.264 0.293549 2.64194 -80 2 -25 10 46430 1 
73.6863 -28.4994 -180.264 0.293549 2.64194 -80 2 -25 10 46431 1 
73.6765 -28.4993 -180.264 0.293549 2.64194 -80 2 -25 10 46432 1 
73.6667 -28.4993 -180.264 0.293549 2.64194 -80 2 -25 10 46433 1 
73.657 -28.4992 -180.264 0.293549 2.64194 -80 2 -25 10 46434 1 
73.6472 -28.4992 -180.264 0.293549 2.64194 -80 2 -25 10 46435 1 
73.6374 -28.4991 -180.264 0.293549 2.64194 -80 2 -25 10 46436 1 
73.6276 -28.4991 -180.264 0.293549 2.64194 -80 2 -25 10 46437 1 
73.6178 -28.499 -180.264 0.293549 2.64194 -80 2 -25 10 46438 1 
73.608 -28.499 -180.264 0.293549 2.64194 -80 2 -25 10 46439 1 
73.5982 -28.499 -180.264 0.293549 2.64194 -80 2 -25 10 46440 1 
73.5884 -28.4989 -180.264 0.293549 2.64194 -80 2 -25 10 46441 1 
73.5786 -28.4989 -180.264 0.293549 2.64194 -80 2 -25 10 46442 1 
73.5689 -28.4988 -180.264 0.293549 2.64194 -80 2 -25 10 46443 1 
73.5591 -28.4988 -180.264 0.293549 2.64194 -80 2 -25 10 46444 1 
73.5493 -28.4987 -180.264 0.293549 2.64194 -80 2 -25 10 46445 1 
73.5395 -28.4987 -180.264 0.293549 2.64194 -80 2 -25 10 46446 1 
73.5297 -28.4986 -180.264 0.293549 2.64194 -80 2 -25 10 46447 1 
73.5199 -28.4986 -180.264 0.293549 2.64194 -80 2 -25 10 46448 1 
73.5101 -28.4985 -180.264 0.293549 2.64194 -80 2 -25 10 46449 1 
73.5003 -28.4985 -180.264 0.293549 2.64194 -80 2 -25 10 46450 1 
73.4905 -28.4985 -180.264 0.293549 2.64194 -80 2 -25 10 46451 1 
73.4808 -28.4984 -180.264 0.293549 2.64194 -80 2 -25 10 46452 1 
73.471 -28.4984 -180.264 0.293549 2.64194 -80 2 -25 10 46453 1 
73.4612 -28.4983 -180.264 0.293549 2.64194 -80 2 -25 10 46454 1 
73.4514 -28.4983 -180.264 0.293549 2.64194 -80 2 -25 10 46455 1 
73.4416 -28.4982 -180.264 0.293549 2.64194 -80 2 -25 10 46456 1 
73.4318 -28.4982 -180.264 0.293549 2.64194 -80 2 -25 10 46457 1 
73.422 -28.4981 -180.264 0.293549 2.64194 -80 2 -25 10 46458 1 
73.4122 -28.4981 -180.264 0.293549 2.64194 -80 2 -25 10 46459 1 
73.4025 -28.498 -180.264 0.293549 2.64194 -80 2 -25 10 46460 1 
73.3927 -28.498 -180.264 0.293549 2.64194 -80 2 -25 10 46461 1 
73.3829 -28.4979 -180.264 0.293549 2.64194 -80 2 -25 10 46462 1 
73.3731 -28.4979 -180.264 0.293549 2.64194 -80 2 -25 10 46463 1 
73.3633 -28.4979 -180.264 0.293549 2.64194 -80 2 -25 10 46464 1 
73.3535 -28.4978 -180.264 0.293549 2.64194 -80 2 -25 10 46465 1 
73.3437 -28.4978 -180.264 0.293549 2.64194 -80 2 -25 10 46466 1 
73.3339 -28.4977 -180.264 0.293549 2.64194 -80 2 -25 10 46467 1 
73.3241 -28.4977 -180.264 0.293549 2.64194 -80 2 -25 10 46468 1 
73.3144 -28.4976 -180.264 0.293549 2.64194 -80 2 -25 10 46469 1 
73.3046 -28.4976 -180.264 0.293549 2.64194 -80 2 -25 10 46470 1 
73.2948 -28.4975 -180.264 0.293549 2.64194 -80 2 -25 10 46471 1 
73.285 -28.4975 -180.264 0.293549 2.64194 -80 2 -25 10 46472 1 
73.2752 -28.4974 -180.264 0.293549 2.64194 -80 2 -25 10 46473 1 
73.2654 -28.4974 -180.264 0.293549 2.64194 -80 2 -25 10 46474 1 
73.2556 -28.4974 -180.264 0.293549 2.64194 -80 2 -25 10 46475 1 
73.2458 -28.4973 -180.265 0.293549 2.64194 -80 2 -25 10 46476 1 
73.236 -28.4973 -180.265 0.293549 2.64194 -80 2 -25 10 46477 1 
73.2263 -28.4972 -180.265 0.293549 2.64194 -80 2 -25 10 46478 1 
73.2165 -28.4972 -180.265 0.293549 2.64194 -80 2 -25 10 46479 1 
73.2067 -28.4971 -180.265 0.293549 2.64194 -80 2 -25 10 46480 1 
73.1969 -28.4971 -180.265 0.293549 2.64194 -80 2 -25 10 46481 1 
73.1871 -28.497 -180.265 0.293549 2.64194 -80 2 -25 10 46482 1 
73.1773 -28.497 -180.265 0.293549 2.64194 -80 2 -25 10 46483 1 
73.1675 -28.4969 -180.265 0.293549 2.64194 -80 2 -25 10 46484 1 
73.1577 -28.4969 -180.265 0.293549 2.64194 -80 2 -25 10 46485 1 
73.1479 -28.4968 -180.265 0.293549 2.64194 -80 2 -25 10 46486 1 
73.1382 -28.4968 -180.265 0.293549 2.64194 -80 2 -25 10 46487 1 
73.1284 -28.4968 -180.265 0.293549 2.64194 -80 2 -25 10 46488 1 
73.1186 -28.4967 -180.265 0.293549 2.64194 -80 2 -25 10 46489 1 
73.1088 -28.4967 -180.265 0.293549 2.64194 -80 2 -25 10 46490 1 
73.099 -28.4966 -180.265 0.293549 2.64194 -80 2 -25 10 46491 1 
73.0892 -28.4966 -180.265 0.293549 2.64194 -80 2 -25 10 46492 1 
73.0794 -28.4965 -180.265 0.293549 2.64194 -80 2 -25 10 46493 1 
73.0696 -28.4965 -180.265 0.293549 2.64194 -80 2 -25 10 46494 1 
73.0599 -28.4964 -180.265 0.293549 2.64194 -80 2 -25 10 46495 1 
73.0501 -28.4964 -180.265 0.293549 2.64194 -80 2 -25 10 46496 1 
73.0403 -28.4963 -180.265 0.293549 2.64194 -80 2 -25 10 46497 1 
73.0305 -28.4963 -180.265 0.293549 2.64194 -80 2 -25 10 46498 1 
73.0207 -28.4963 -180.265 0.293549 2.64194 -80 2 -25 10 46499 1 
73.0109 -28.4962 -180.265 0.293549 2.64194 -80 2 -25 10 46500 1 
73.0011 -28.4962 -180.265 0.293549 2.64194 -80 2 -25 10 46501 1 
72.9913 -28.4961 -180.265 0.293549 2.64194 -80 2 -25 10 46502 1 
72.9815 -28.4961 -180.265 0.293549 2.64194 -80 2 -25 10 46503 1 
72.9718 -28.496 -180.265 0.293549 2.64194 -80 2 -25 10 46504 1 
72.962 -28.496 -180.265 0.293549 2.64194 -80 2 -25 10 46505 1 
72.9522 -28.4959 -180.265 0.293549 2.64194 -80 2 -25 10 46506 1 
72.9424 -28.4959 -180.265 0.293549 2.64194 -80 2 -25 10 46507 1 
72.9326 -28.4958 -180.265 0.293549 2.64194 -80 2 -25 10 46508 1 
72.9228 -28.4958 -180.265 0.293549 2.64194 -80 2 -25 10 46509 1 
72.913 -28.4958 -180.265 0.293549 2.64194 -80 2 -25 10 46510 1 
72.9032 -28.4957 -180.265 0.293549 2.64194 -80 2 -25 10 46511 1 
72.8934 -28.4957 -180.265 0.293549 2.64194 -80 2 -25 10 46512 1 
72.8837 -28.4956 -180.265 0.293549 2.64194 -80 2 -25 10 46513 1 
72.8739 -28.4956 -180.265 0.293549 2.64194 -80 2 -25 10 46514 1 
72.8641 -28.4955 -180.265 0.293549 2.64194 -80 2 -25 10 46515 1 
72.8543 -28.4955 -180.265 0.293549 2.64194 -80 2 -25 10 46516 1 
72.8445 -28.4954 -180.265 0.293549 2.64194 -80 2 -25 10 46517 1 
72.8347 -28.4954 -180.265 0.293549 2.64194 -80 2 -25 10 46518 1 
72.8249 -28.4953 -180.265 0.293549 2.64194 -80 2 -25 10 46519 1 
72.8151 -28.4953 -180.265 0.293549 2.64194 -80 2 -25 10 46520 1 
72.8054 -28.4952 -180.265 0.293549 2.64194 -80 2 -25 10 46521 1 
72.7956 -28.4952 -180.265 0.293549 2.64194 -80 2 -25 10 46522 1 
72.7858 -28.4952 -180.265 0.293549 2.64194 -80 2 -25 10 46523 1 
72.776 -28.4951 -180.265 0.293549 2.64194 -80 2 -25 10 46524 1 
72.7662 -28.4951 -180.265 0.293549 2.64194 -80 2 -25 10 46525 1 
72.7564 -28.495 -180.265 0.293549 2.64194 -80 2 -25 10 46526 1 
72.7466 -28.495 -180.265 0.293549 2.64194 -80 2 -25 10 46527 1 
72.7368 -28.4949 -180.265 0.293549 2.64194 -80 2 -25 10 46528 1 
72.727 -28.4949 -180.265 0.293549 2.64194 -80 2 -25 10 46529 1 
72.7173 -28.4948 -180.265 0.293549 2.64194 -80 2 -25 10 46530 1 
72.7075 -28.4948 -180.265 0.293549 2.64194 -80 2 -25 10 46531 1 
72.6977 -28.4947 -180.265 0.293549 2.64194 -80 2 -25 10 46532 1 
72.6879 -28.4947 -180.265 0.293549 2.64194 -80 2 -25 10 46533 1 
72.6781 -28.4947 -180.265 0.293549 2.64194 -80 2 -25 10 46534 1 
72.6683 -28.4946 -180.265 0.293549 2.64194 -80 2 -25 10 46535 1 
72.6585 -28.4946 -180.265 0.293549 2.64194 -80 2 -25 10 46536 1 
72.6487 -28.4945 -180.265 0.293549 2.64194 -80 2 -25 10 46537 1 
72.6389 -28.4945 -180.265 0.293549 2.64194 -80 2 -25 10 46538 1 
72.6292 -28.4944 -180.265 0.293549 2.64194 -80 2 -25 10 46539 1 
72.6194 -28.4944 -180.265 0.293549 2.64194 -80 2 -25 10 46540 1 
72.6096 -28.4943 -180.265 0.293549 2.64194 -80 2 -25 10 46541 1 
72.5998 -28.4943 -180.265 0.293549 2.64194 -80 2 -25 10 46542 1 
72.59 -28.4942 -180.265 0.293549 2.64194 -80 2 -25 10 46543 1 
72.5802 -28.4942 -180.265 0.293549 2.64194 -80 2 -25 10 46544 1 
72.5704 -28.4941 -180.265 0.293549 2.64194 -80 2 -25 10 46545 1 
72.5606 -28.4941 -180.265 0.293549 2.64194 -80 2 -25 10 46546 1 
72.5508 -28.4941 -180.265 0.293549 2.64194 -80 2 -25 10 46547 1 
72.5411 -28.494 -180.266 0.293549 2.64194 -80 2 -25 10 46548 1 
72.5313 -28.494 -180.266 0.293549 2.64194 -80 2 -25 10 46549 1 
72.5215 -28.4939 -180.266 0.293549 2.64194 -80 2 -25 10 46550 1 
72.5117 -28.4939 -180.266 0.293549 2.64194 -80 2 -25 10 46551 1 
72.5019 -28.4938 -180.266 0.293549 2.64194 -80 2 -25 10 46552 1 
72.4921 -28.4938 -180.266 0.293549 2.64194 -80 2 -25 10 46553 1 
72.4823 -28.4937 -180.266 0.293549 2.64194 -80 2 -25 10 46554 1 
72.4725 -28.4937 -180.266 0.293549 2.64194 -80 2 -25 10 46555 1 
72.4628 -28.4936 -180.266 0.293549 2.64194 -80 2 -25 10 46556 1 
72.453 -28.4936 -180.266 0.293549 2.64194 -80 2 -25 10 46557 1 
72.4432 -28.4936 -180.266 0.293549 2.64194 -80 2 -25 10 46558 1 
72.4334 -28.4935 -180.266 0.293549 2.64194 -80 2 -25 10 46559 1 
72.4236 -28.4935 -180.266 0.293549 2.64194 -80 2 -25 10 46560 1 
72.4138 -28.4934 -180.266 0.293549 2.64194 -80 2 -25 10 46561 1 
72.404 -28.4934 -180.266 0.293549 2.64194 -80 2 -25 10 46562 1 
72.3942 -28.4933 -180.266 0.293549 2.64194 -80 2 -25 10 46563 1 
72.3844 -28.4933 -180.266 0.293549 2.64194 -80 2 -25 10 46564 1 
72.3747 -28.4932 -180.266 0.293549 2.64194 -80 2 -25 10 46565 1 
72.3649 -28.4932 -180.266 0.293549 2.64194 -80 2 -25 10 46566 1 
72.3551 -28.4931 -180.266 0.293549 2.64194 -80 2 -25 10 46567 1 
72.3453 -28.4931 -180.266 0.293549 2.64194 -80 2 -25 10 46568 1 
72.3355 -28.493 -180.266 0.293549 2.64194 -80 2 -25 10 46569 1 
72.3257 -28.493 -180.266 0.293549 2.64194 -80 2 -25 10 46570 1 
72.3159 -28.493 -180.266 0.293549 2.64194 -80 2 -25 10 46571 1 
72.3061 -28.4929 -180.266 0.293549 2.64194 -80 2 -25 10 46572 1 
72.2963 -28.4929 -180.266 0.293549 2.64194 -80 2 -25 10 46573 1 
72.2866 -28.4928 -180.266 0.293549 2.64194 -80 2 -25 10 46574 1 
72.2768 -28.4928 -180.266 0.293549 2.64194 -80 2 -25 10 46575 1 
72.267 -28.4927 -180.266 0.293549 2.64194 -80 2 -25 10 46576 1 
72.2572 -28.4927 -180.266 0.293549 2.64194 -80 2 -25 10 46577 1 
72.2474 -28.4926 -180.266 0.293549 2.64194 -80 2 -25 10 46578 1 
72.2376 -28.4926 -180.266 0.293549 2.64194 -80 2 -25 10 46579 1 
72.2278 -28.4925 -180.266 0.293549 2.64194 -80 2 -25 10 46580 1 
72.218 -28.4925 -180.266 0.293549 2.64194 -80 2 -25 10 46581 1 
72.2083 -28.4925 -180.266 0.293549 2.64194 -80 2 -25 10 46582 1 
72.1985 -28.4924 -180.266 0.293549 2.64194 -80 2 -25 10 46583 1 
72.1887 -28.4924 -180.266 0.293549 2.64194 -80 2 -25 10 46584 1 
72.1789 -28.4923 -180.266 0.293549 2.64194 -80 2 -25 10 46585 1 
72.1691 -28.4923 -180.266 0.293549 2.64194 -80 2 -25 10 46586 1 
72.1593 -28.4922 -180.266 0.293549 2.64194 -80 2 -25 10 46587 1 
72.1495 -28.4922 -180.266 0.293549 2.64194 -80 2 -25 10 46588 1 
72.1397 -28.4921 -180.266 0.293549 2.64194 -80 2 -25 10 46589 1 
72.1299 -28.4921 -180.266 0.293549 2.64194 -80 2 -25 10 46590 1 
72.1202 -28.492 -180.266 0.293549 2.64194 -80 2 -25 10 46591 1 
72.1104 -28.492 -180.266 0.293549 2.64194 -80 2 -25 10 46592 1 
72.1006 -28.492 -180.266 0.293549 2.64194 -80 2 -25 10 46593 1 
72.0908 -28.4919 -180.266 0.293549 2.64194 -80 2 -25 10 46594 1 
72.081 -28.4919 -180.266 0.293549 2.64194 -80 2 -25 10 46595 1 
72.0712 -28.4918 -180.266 0.293549 2.64194 -80 2 -25 10 46596 1 
72.0614 -28.4918 -180.266 0.293549 2.64194 -80 2 -25 10 46597 1 
72.0516 -28.4917 -180.266 0.293549 2.64194 -80 2 -25 10 46598 1 
72.0418 -28.4917 -180.266 0.293549 2.64194 -80 2 -25 10 46599 1 
72.0321 -28.4916 -180.266 0.293549 2.64194 -80 2 -25 10 46600 1 
72.0223 -28.4916 -180.266 0.293549 2.64194 -80 2 -25 10 46601 1 
72.0125 -28.4915 -180.266 0.293549 2.64194 -80 2 -25 10 46602 1 
72.0027 -28.4915 -180.266 0.293549 2.64194 -80 2 -25 10 46603 1 
71.9929 -28.4914 -180.266 0.293549 2.64194 -80 2 -25 10 46604 1 
71.9831 -28.4914 -180.266 0.293549 2.64194 -80 2 -25 10 46605 1 
71.9733 -28.4914 -180.266 0.293549 2.64194 -80 2 -25 10 46606 1 
71.9635 -28.4913 -180.266 0.293549 2.64194 -80 2 -25 10 46607 1 
71.9538 -28.4913 -180.266 0.293549 2.64194 -80 2 -25 10 46608 1 
71.944 -28.4912 -180.266 0.293549 2.64194 -80 2 -25 10 46609 1 
71.9342 -28.4912 -180.266 0.293549 2.64194 -80 2 -25 10 46610 1 
71.9244 -28.4911 -180.266 0.293549 2.64194 -80 2 -25 10 46611 1 
71.9146 -28.4911 -180.266 0.293549 2.64194 -80 2 -25 10 46612 1 
71.9048 -28.491 -180.266 0.293549 2.64194 -80 2 -25 10 46613 1 
71.895 -28.491 -180.266 0.293549 2.64194 -80 2 -25 10 46614 1 
71.8852 -28.4909 -180.266 0.293549 2.64194 -80 2 -25 10 46615 1 
71.8754 -28.4909 -180.266 0.293549 2.64194 -80 2 -25 10 46616 1 
71.8657 -28.4909 -180.266 0.293549 2.64194 -80 2 -25 10 46617 1 
71.8559 -28.4908 -180.266 0.293549 2.64194 -80 2 -25 10 46618 1 
71.8461 -28.4908 -180.266 0.293549 2.64194 -80 2 -25 10 46619 1 
71.8363 -28.4907 -180.266 0.293549 2.64194 -80 2 -25 10 46620 1 
71.8265 -28.4907 -180.267 0.293549 2.64194 -80 2 -25 10 46621 1 
71.8167 -28.4906 -180.267 0.293549 2.64194 -80 2 -25 10 46622 1 
71.8069 -28.4906 -180.267 0.293549 2.64194 -80 2 -25 10 46623 1 
71.7971 -28.4905 -180.267 0.293549 2.64194 -80 2 -25 10 46624 1 
71.7873 -28.4905 -180.267 0.293549 2.64194 -80 2 -25 10 46625 1 
71.7776 -28.4904 -180.267 0.293549 2.64194 -80 2 -25 10 46626 1 
71.7678 -28.4904 -180.267 0.293549 2.64194 -80 2 -25 10 46627 1 
71.758 -28.4903 -180.267 0.293549 2.64194 -80 2 -25 10 46628 1 
71.7482 -28.4903 -180.267 0.293549 2.64194 -80 2 -25 10 46629 1 
71.7384 -28.4903 -180.267 0.293549 2.64194 -80 2 -25 10 46630 1 
71.7286 -28.4902 -180.267 0.293549 2.64194 -80 2 -25 10 46631 1 
71.7188 -28.4902 -180.267 0.293549 2.64194 -80 2 -25 10 46632 1 
71.709 -28.4901 -180.267 0.293549 2.64194 -80 2 -25 10 46633 1 
71.6992 -28.4901 -180.267 0.293549 2.64194 -80 2 -25 10 46634 1 
71.6895 -28.49 -180.267 0.293549 2.64194 -80 2 -25 10 46635 1 
71.6797 -28.49 -180.267 0.293549 2.64194 -80 2 -25 10 46636 1 
71.6699 -28.4899 -180.267 0.293549 2.64194 -80 2 -25 10 46637 1 
71.6601 -28.4899 -180.267 0.293549 2.64194 -80 2 -25 10 46638 1 
71.6503 -28.4898 -180.267 0.293549 2.64194 -80 2 -25 10 46639 1 
71.6405 -28.4898 -180.267 0.293549 2.64194 -80 2 -25 10 46640 1 
71.6307 -28.4898 -180.267 0.293549 2.64194 -80 2 -25 10 46641 1 
71.6209 -28.4897 -180.267 0.293549 2.64194 -80 2 -25 10 46642 1 
71.6112 -28.4897 -180.267 0.293549 2.64194 -80 2 -25 10 46643 1 
71.6014 -28.4896 -180.267 0.293549 2.64194 -80 2 -25 10 46644 1 
71.5916 -28.4896 -180.267 0.293549 2.64194 -80 2 -25 10 46645 1 
71.5818 -28.4895 -180.267 0.293549 2.64194 -80 2 -25 10 46646 1 
71.572 -28.4895 -180.267 0.293549 2.64194 -80 2 -25 10 46647 1 
71.5622 -28.4894 -180.267 0.293549 2.64194 -80 2 -25 10 46648 1 
71.5524 -28.4894 -180.267 0.293549 2.64194 -80 2 -25 10 46649 1 
71.5426 -28.4893 -180.267 0.293549 2.64194 -80 2 -25 10 46650 1 
71.5328 -28.4893 -180.267 0.293549 2.64194 -80 2 -25 10 46651 1 
71.5231 -28.4893 -180.267 0.293549 2.64194 -80 2 -25 10 46652 1 
71.5133 -28.4892 -180.267 0.293549 2.64194 -80 2 -25 10 46653 1 
71.5035 -28.4892 -180.267 0.293549 2.64194 -80 2 -25 10 46654 1 
71.4937 -28.4891 -180.267 0.293549 2.64194 -80 2 -25 10 46655 1 
71.4839 -28.4891 -180.267 0.293549 2.64194 -80 2 -25 10 46656 1 
71.4741 -28.489 -180.267 0.293549 2.64194 -80 2 -25 10 46657 1 
71.4643 -28.489 -180.267 0.293549 2.64194 -80 2 -25 10 46658 1 
71.4545 -28.4889 -180.267 0.293549 2.64194 -80 2 -25 10 46659 1 
71.4447 -28.4889 -180.267 0.293549 2.64194 -80 2 -25 10 46660 1 
71.435 -28.4888 -180.267 0.293549 2.64194 -80 2 -25 10 46661 1 
71.4252 -28.4888 -180.267 0.293549 2.64194 -80 2 -25 10 46662 1 
71.4154 -28.4887 -180.267 0.293549 2.64194 -80 2 -25 10 46663 1 
71.4056 -28.4887 -180.267 0.293549 2.64194 -80 2 -25 10 46664 1 
71.3958 -28.4887 -180.267 0.293549 2.64194 -80 2 -25 10 46665 1 
71.386 -28.4886 -180.267 0.293549 2.64194 -80 2 -25 10 46666 1 
71.3762 -28.4886 -180.267 0.293549 2.64194 -80 2 -25 10 46667 1 
71.3664 -28.4885 -180.267 0.293549 2.64194 -80 2 -25 10 46668 1 
71.3567 -28.4885 -180.267 0.293549 2.64194 -80 2 -25 10 46669 1 
71.3469 -28.4884 -180.267 0.293549 2.64194 -80 2 -25 10 46670 1 
71.3371 -28.4884 -180.267 0.293549 2.64194 -80 2 -25 10 46671 1 
71.3273 -28.4883 -180.267 0.293549 2.64194 -80 2 -25 10 46672 1 
71.3175 -28.4883 -180.267 0.293549 2.64194 -80 2 -25 10 46673 1 
71.3077 -28.4882 -180.267 0.293549 2.64194 -80 2 -25 10 46674 1 
71.2979 -28.4882 -180.267 0.293549 2.64194 -80 2 -25 10 46675 1 
71.2881 -28.4882 -180.267 0.293549 2.64194 -80 2 -25 10 46676 1 
71.2783 -28.4881 -180.267 0.293549 2.64194 -80 2 -25 10 46677 1 
71.2686 -28.4881 -180.267 0.293549 2.64194 -80 2 -25 10 46678 1 
71.2588 -28.488 -180.267 0.293549 2.64194 -80 2 -25 10 46679 1 
71.249 -28.488 -180.267 0.293549 2.64194 -80 2 -25 10 46680 1 
71.2392 -28.4879 -180.267 0.293549 2.64194 -80 2 -25 10 46681 1 
71.2294 -28.4879 -180.267 0.293549 2.64194 -80 2 -25 10 46682 1 
71.2196 -28.4878 -180.267 0.293549 2.64194 -80 2 -25 10 46683 1 
71.2098 -28.4878 -180.267 0.293549 2.64194 -80 2 -25 10 46684 1 
71.2 -28.4877 -180.267 0.293549 2.64194 -80 2 -25 10 46685 1 
71.1902 -28.4877 -180.267 0.293549 2.64194 -80 2 -25 10 46686 1 
71.1805 -28.4876 -180.267 0.293549 2.64194 -80 2 -25 10 46687 1 
71.1707 -28.4876 -180.267 0.293549 2.64194 -80 2 -25 10 46688 1 
71.1609 -28.4876 -180.267 0.293549 2.64194 -80 2 -25 10 46689 1 
71.1511 -28.4875 -180.267 0.293549 2.64194 -80 2 -25 10 46690 1 
71.1413 -28.4875 -180.267 0.293549 2.64194 -80 2 -25 10 46691 1 
71.1315 -28.4874 -180.268 0.293549 2.64194 -80 2 -25 10 46692 1 
71.1217 -28.4874 -180.268 0.293549 2.64194 -80 2 -25 10 46693 1 
71.1119 -28.4873 -180.268 0.293549 2.64194 -80 2 -25 10 46694 1 
71.1021 -28.4873 -180.268 0.293549 2.64194 -80 2 -25 10 46695 1 
71.0924 -28.4872 -180.268 0.293549 2.64194 -80 2 -25 10 46696 1 
71.0826 -28.4872 -180.268 0.293549 2.64194 -80 2 -25 10 46697 1 
71.0728 -28.4871 -180.268 0.293549 2.64194 -80 2 -25 10 46698 1 
71.063 -28.4871 -180.268 0.293549 2.64194 -80 2 -25 10 46699 1 
71.0532 -28.4871 -180.268 0.293549 2.64194 -80 2 -25 10 46700 1 
71.0434 -28.487 -180.268 0.293549 2.64194 -80 2 -25 10 46701 1 
71.0336 -28.487 -180.268 0.293549 2.64194 -80 2 -25 10 46702 1 
71.0238 -28.4869 -180.268 0.293549 2.64194 -80 2 -25 10 46703 1 
71.0141 -28.4869 -180.268 0.293549 2.64194 -80 2 -25 10 46704 1 
71.0043 -28.4868 -180.268 0.293549 2.64194 -80 2 -25 10 46705 1 
70.9945 -28.4868 -180.268 0.293549 2.64194 -80 2 -25 10 46706 1 
70.9847 -28.4867 -180.268 0.293549 2.64194 -80 2 -25 10 46707 1 
70.9749 -28.4867 -180.268 0.293549 2.64194 -80 2 -25 10 46708 1 
70.9651 -28.4866 -180.268 0.293549 2.64194 -80 2 -25 10 46709 1 
70.9553 -28.4866 -180.268 0.293549 2.64194 -80 2 -25 10 46710 1 
70.9455 -28.4865 -180.268 0.293549 2.64194 -80 2 -25 10 46711 1 
70.9357 -28.4865 -180.268 0.293549 2.64194 -80 2 -25 10 46712 1 
70.926 -28.4865 -180.268 0.293549 2.64194 -80 2 -25 10 46713 1 
70.9162 -28.4864 -180.268 0.293549 2.64194 -80 2 -25 10 46714 1 
70.9064 -28.4864 -180.268 0.293549 2.64194 -80 2 -25 10 46715 1 
70.8966 -28.4863 -180.268 0.293549 2.64194 -80 2 -25 10 46716 1 
70.8868 -28.4863 -180.268 0.293549 2.64194 -80 2 -25 10 46717 1 
70.877 -28.4862 -180.268 0.293549 2.64194 -80 2 -25 10 46718 1 
70.8672 -28.4862 -180.268 0.293549 2.64194 -80 2 -25 10 46719 1 
70.8574 -28.4861 -180.268 0.293549 2.64194 -80 2 -25 10 46720 1 
70.8476 -28.4861 -180.268 0.293549 2.64194 -80 2 -25 10 46721 1 
70.8379 -28.486 -180.268 0.293549 2.64194 -80 2 -25 10 46722 1 
70.8281 -28.486 -180.268 0.293549 2.64194 -80 2 -25 10 46723 1 
70.8183 -28.486 -180.268 0.293549 2.64194 -80 2 -25 10 46724 1 
70.8085 -28.4859 -180.268 0.293549 2.64194 -80 2 -25 10 46725 1 
70.7987 -28.4859 -180.268 0.293549 2.64194 -80 2 -25 10 46726 1 
70.7889 -28.4858 -180.268 0.293549 2.64194 -80 2 -25 10 46727 1 
70.7791 -28.4858 -180.268 0.293549 2.64194 -80 2 -25 10 46728 1 
70.7693 -28.4857 -180.268 0.293549 2.64194 -80 2 -25 10 46729 1 
70.7596 -28.4857 -180.268 0.293549 2.64194 -80 2 -25 10 46730 1 
70.7498 -28.4856 -180.268 0.293549 2.64194 -80 2 -25 10 46731 1 
70.74 -28.4856 -180.268 0.293549 2.64194 -80 2 -25 10 46732 1 
70.7302 -28.4855 -180.268 0.293549 2.64194 -80 2 -25 10 46733 1 
70.7204 -28.4855 -180.268 0.293549 2.64194 -80 2 -25 10 46734 1 
70.7106 -28.4855 -180.268 0.293549 2.64194 -80 2 -25 10 46735 1 
70.7008 -28.4854 -180.268 0.293549 2.64194 -80 2 -25 10 46736 1 
70.691 -28.4854 -180.268 0.293549 2.64194 -80 2 -25 10 46737 1 
70.6812 -28.4853 -180.268 0.293549 2.64194 -80 2 -25 10 46738 1 
70.6715 -28.4853 -180.268 0.293549 2.64194 -80 2 -25 10 46739 1 
70.6617 -28.4852 -180.268 0.293549 2.64194 -80 2 -25 10 46740 1 
70.6519 -28.4852 -180.268 0.293549 2.64194 -80 2 -25 10 46741 1 
70.6421 -28.4851 -180.268 0.293549 2.64194 -80 2 -25 10 46742 1 
70.6323 -28.4851 -180.268 0.293549 2.64194 -80 2 -25 10 46743 1 
70.6225 -28.485 -180.268 0.293549 2.64194 -80 2 -25 10 46744 1 
70.6127 -28.485 -180.268 0.293549 2.64194 -80 2 -25 10 46745 1 
70.6029 -28.4849 -180.268 0.293549 2.64194 -80 2 -25 10 46746 1 
70.5931 -28.4849 -180.268 0.293549 2.64194 -80 2 -25 10 46747 1 
70.5834 -28.4849 -180.268 0.293549 2.64194 -80 2 -25 10 46748 1 
70.5736 -28.4848 -180.268 0.293549 2.64194 -80 2 -25 10 46749 1 
70.5638 -28.4848 -180.268 0.293549 2.64194 -80 2 -25 10 46750 1 
70.554 -28.4847 -180.268 0.293549 2.64194 -80 2 -25 10 46751 1 
70.5442 -28.4847 -180.268 0.293549 2.64194 -80 2 -25 10 46752 1 
70.5344 -28.4846 -180.268 0.293549 2.64194 -80 2 -25 10 46753 1 
70.5246 -28.4846 -180.268 0.293549 2.64194 -80 2 -25 10 46754 1 
70.5148 -28.4845 -180.268 0.293549 2.64194 -80 2 -25 10 46755 1 
70.5051 -28.4845 -180.268 0.293549 2.64194 -80 2 -25 10 46756 1 
70.4953 -28.4844 -180.268 0.293549 2.64194 -80 2 -25 10 46757 1 
70.4855 -28.4844 -180.268 0.293549 2.64194 -80 2 -25 10 46758 1 
70.4757 -28.4844 -180.268 0.293549 2.64194 -80 2 -25 10 46759 1 
70.4659 -28.4843 -180.268 0.293549 2.64194 -80 2 -25 10 46760 1 
70.4561 -28.4843 -180.268 0.293549 2.64194 -80 2 -25 10 46761 1 
70.4463 -28.4842 -180.268 0.293549 2.64194 -80 2 -25 10 46762 1 
70.4365 -28.4842 -180.269 0.293549 2.64194 -80 2 -25 10 46763 1 
70.4267 -28.4841 -180.269 0.293549 2.64194 -80 2 -25 10 46764 1 
70.417 -28.4841 -180.269 0.293549 2.64194 -80 2 -25 10 46765 1 
70.4072 -28.484 -180.269 0.293549 2.64194 -80 2 -25 10 46766 1 
70.3974 -28.484 -180.269 0.293549 2.64194 -80 2 -25 10 46767 1 
70.3876 -28.4839 -180.269 0.293549 2.64194 -80 2 -25 10 46768 1 
70.3778 -28.4839 -180.269 0.293549 2.64194 -80 2 -25 10 46769 1 
70.368 -28.4838 -180.269 0.293549 2.64194 -80 2 -25 10 46770 1 
70.3582 -28.4838 -180.269 0.293549 2.64194 -80 2 -25 10 46771 1 
70.3484 -28.4838 -180.269 0.293549 2.64194 -80 2 -25 10 46772 1 
70.3386 -28.4837 -180.269 0.293549 2.64194 -80 2 -25 10 46773 1 
70.3289 -28.4837 -180.269 0.293549 2.64194 -80 2 -25 10 46774 1 
70.3191 -28.4836 -180.269 0.293549 2.64194 -80 2 -25 10 46775 1 
70.3093 -28.4836 -180.269 0.293549 2.64194 -80 2 -25 10 46776 1 
70.2995 -28.4835 -180.269 0.293549 2.64194 -80 2 -25 10 46777 1 
70.2897 -28.4835 -180.269 0.293549 2.64194 -80 2 -25 10 46778 1 
70.2799 -28.4834 -180.269 0.293549 2.64194 -80 2 -25 10 46779 1 
70.2701 -28.4834 -180.269 0.293549 2.64194 -80 2 -25 10 46780 1 
70.2603 -28.4833 -180.269 0.293549 2.64194 -80 2 -25 10 46781 1 
70.2505 -28.4833 -180.269 0.293549 2.64194 -80 2 -25 10 46782 1 
70.2408 -28.4833 -180.269 0.293549 2.64194 -80 2 -25 10 46783 1 
70.231 -28.4832 -180.269 0.293549 2.64194 -80 2 -25 10 46784 1 
70.2212 -28.4832 -180.269 0.293549 2.64194 -80 2 -25 10 46785 1 
70.2114 -28.4831 -180.269 0.293549 2.64194 -80 2 -25 10 46786 1 
70.2016 -28.4831 -180.269 0.293549 2.64194 -80 2 -25 10 46787 1 
70.1918 -28.483 -180.269 0.293549 2.64194 -80 2 -25 10 46788 1 
70.182 -28.483 -180.269 0.293549 2.64194 -80 2 -25 10 46789 1 
70.1722 -28.4829 -180.269 0.293549 2.64194 -80 2 -25 10 46790 1 
70.1625 -28.4829 -180.269 0.293549 2.64194 -80 2 -25 10 46791 1 
70.1527 -28.4828 -180.269 0.293549 2.64194 -80 2 -25 10 46792 1 
70.1429 -28.4828 -180.269 0.293549 2.64194 -80 2 -25 10 46793 1 
70.1331 -28.4827 -180.269 0.293549 2.64194 -80 2 -25 10 46794 1 
70.1233 -28.4827 -180.269 0.293549 2.64194 -80 2 -25 10 46795 1 
70.1135 -28.4827 -180.269 0.293549 2.64194 -80 2 -25 10 46796 1 
70.1037 -28.4826 -180.269 0.293549 2.64194 -80 2 -25 10 46797 1 
70.0939 -28.4826 -180.269 0.293549 2.64194 -80 2 -25 10 46798 1 
70.0841 -28.4825 -180.269 0.293549 2.64194 -80 2 -25 10 46799 1 
70.0744 -28.4825 -180.269 0.293549 2.64194 -80 2 -25 10 46800 1 
70.0646 -28.4824 -180.269 0.293549 2.64194 -80 2 -25 10 46801 1 
70.0548 -28.4824 -180.269 0.293549 2.64194 -80 2 -25 10 46802 1 
70.045 -28.4823 -180.269 0.293549 2.64194 -80 2 -25 10 46803 1 
70.0352 -28.4823 -180.269 0.293549 2.64194 -80 2 -25 10 46804 1 
70.0254 -28.4822 -180.269 0.293549 2.64194 -80 2 -25 10 46805 1 
70.0156 -28.4822 -180.269 0.293549 2.64194 -80 2 -25 10 46806 1 
70.0058 -28.4822 -180.269 0.293549 2.64194 -80 2 -25 10 46807 1 
69.996 -28.4821 -180.269 0.293549 2.64194 -80 2 -25 10 46808 1 
69.9863 -28.4821 -180.269 0.293549 2.64194 -80 2 -25 10 46809 1 
69.9765 -28.482 -180.269 0.293549 2.64194 -80 2 -25 10 46810 1 
69.9667 -28.482 -180.269 0.293549 2.64194 -80 2 -25 10 46811 1 
69.9569 -28.4819 -180.269 0.293549 2.64194 -80 2 -25 10 46812 1 
69.9471 -28.4819 -180.269 0.293549 2.64194 -80 2 -25 10 46813 1 
69.9373 -28.4818 -180.269 0.293549 2.64194 -80 2 -25 10 46814 1 
69.9275 -28.4818 -180.269 0.293549 2.64194 -80 2 -25 10 46815 1 
69.9177 -28.4817 -180.269 0.293549 2.64194 -80 2 -25 10 46816 1 
69.908 -28.4817 -180.269 0.293549 2.64194 -80 2 -25 10 46817 1 
69.8982 -28.4817 -180.269 0.293549 2.64194 -80 2 -25 10 46818 1 
69.8884 -28.4816 -180.269 0.293549 2.64194 -80 2 -25 10 46819 1 
69.8786 -28.4816 -180.269 0.293549 2.64194 -80 2 -25 10 46820 1 
69.8688 -28.4815 -180.269 0.293549 2.64194 -80 2 -25 10 46821 1 
69.859 -28.4815 -180.269 0.293549 2.64194 -80 2 -25 10 46822 1 
69.8492 -28.4814 -180.269 0.293549 2.64194 -80 2 -25 10 46823 1 
69.8394 -28.4814 -180.269 0.293549 2.64194 -80 2 -25 10 46824 1 
69.8296 -28.4813 -180.269 0.293549 2.64194 -80 2 -25 10 46825 1 
69.8199 -28.4813 -180.269 0.293549 2.64194 -80 2 -25 10 46826 1 
69.8101 -28.4812 -180.269 0.293549 2.64194 -80 2 -25 10 46827 1 
69.8003 -28.4812 -180.269 0.293549 2.64194 -80 2 -25 10 46828 1 
69.7905 -28.4811 -180.269 0.293549 2.64194 -80 2 -25 10 46829 1 
69.7807 -28.4811 -180.269 0.293549 2.64194 -80 2 -25 10 46830 1 
69.7709 -28.4811 -180.269 0.293549 2.64194 -80 2 -25 10 46831 1 
69.7611 -28.481 -180.269 0.293549 2.64194 -80 2 -25 10 46832 1 
69.7513 -28.481 -180.27 0.293549 2.64194 -80 2 -25 10 46833 1 
69.7415 -28.4809 -180.27 0.293549 2.64194 -80 2 -25 10 46834 1 
69.7318 -28.4809 -180.27 0.293549 2.64194 -80 2 -25 10 46835 1 
69.722 -28.4808 -180.27 0.293549 2.64194 -80 2 -25 10 46836 1 
69.7122 -28.4808 -180.27 0.293549 2.64194 -80 2 -25 10 46837 1 
69.7024 -28.4807 -180.27 0.293549 2.64194 -80 2 -25 10 46838 1 
69.6926 -28.4807 -180.27 0.293549 2.64194 -80 2 -25 10 46839 1 
69.6828 -28.4806 -180.27 0.293549 2.64194 -80 2 -25 10 46840 1 
69.673 -28.4806 -180.27 0.293549 2.64194 -80 2 -25 10 46841 1 
69.6632 -28.4806 -180.27 0.293549 2.64194 -80 2 -25 10 46842 1 
69.6535 -28.4805 -180.27 0.293549 2.64194 -80 2 -25 10 46843 1 
69.6437 -28.4805 -180.27 0.293549 2.64194 -80 2 -25 10 46844 1 
69.6339 -28.4804 -180.27 0.293549 2.64194 -80 2 -25 10 46845 1 
69.6241 -28.4804 -180.27 0.293549 2.64194 -80 2 -25 10 46846 1 
69.6143 -28.4803 -180.27 0.293549 2.64194 -80 2 -25 10 46847 1 
69.6045 -28.4803 -180.27 0.293549 2.64194 -80 2 -25 10 46848 1 
69.5947 -28.4802 -180.27 0.293549 2.64194 -80 2 -25 10 46849 1 
69.5849 -28.4802 -180.27 0.293549 2.64194 -80 2 -25 10 46850 1 
69.5751 -28.4801 -180.27 0.293549 2.64194 -80 2 -25 10 46851 1 
69.5654 -28.4801 -180.27 0.293549 2.64194 -80 2 -25 10 46852 1 
69.5556 -28.48 -180.27 0.293549 2.64194 -80 2 -25 10 46853 1 
69.5458 -28.48 -180.27 0.293549 2.64194 -80 2 -25 10 46854 1 
69.536 -28.48 -180.27 0.293549 2.64194 -80 2 -25 10 46855 1 
69.5262 -28.4799 -180.27 0.293549 2.64194 -80 2 -25 10 46856 1 
69.5164 -28.4799 -180.27 0.293549 2.64194 -80 2 -25 10 46857 1 
69.5066 -28.4798 -180.27 0.293549 2.64194 -80 2 -25 10 46858 1 
69.4968 -28.4798 -180.27 0.293549 2.64194 -80 2 -25 10 46859 1 
69.487 -28.4797 -180.27 0.293549 2.64194 -80 2 -25 10 46860 1 
69.4773 -28.4797 -180.27 0.293549 2.64194 -80 2 -25 10 46861 1 
69.4675 -28.4796 -180.27 0.293549 2.64194 -80 2 -25 10 46862 1 
69.4577 -28.4796 -180.27 0.293549 2.64194 -80 2 -25 10 46863 1 
69.4479 -28.4795 -180.27 0.293549 2.64194 -80 2 -25 10 46864 1 
69.4381 -28.4795 -180.27 0.293549 2.64194 -80 2 -25 10 46865 1 
69.4283 -28.4795 -180.27 0.293549 2.64194 -80 2 -25 10 46866 1 
69.4185 -28.4794 -180.27 0.293549 2.64194 -80 2 -25 10 46867 1 
69.4087 -28.4794 -180.27 0.293549 2.64194 -80 2 -25 10 46868 1 
69.3989 -28.4793 -180.27 0.293549 2.64194 -80 2 -25 10 46869 1 
69.3892 -28.4793 -180.27 0.293549 2.64194 -80 2 -25 10 46870 1 
69.3794 -28.4792 -180.27 0.293549 2.64194 -80 2 -25 10 46871 1 
69.3696 -28.4792 -180.27 0.293549 2.64194 -80 2 -25 10 46872 1 
69.3598 -28.4791 -180.27 0.293549 2.64194 -80 2 -25 10 46873 1 
69.35 -28.4791 -180.27 0.293549 2.64194 -80 2 -25 10 46874 1 
69.3402 -28.479 -180.27 0.293549 2.64194 -80 2 -25 10 46875 1 
69.3304 -28.479 -180.27 0.293549 2.64194 -80 2 -25 10 46876 1 
69.3206 -28.479 -180.27 0.293549 2.64194 -80 2 -25 10 46877 1 
69.3109 -28.4789 -180.27 0.293549 2.64194 -80 2 -25 10 46878 1 
69.3011 -28.4789 -180.27 0.293549 2.64194 -80 2 -25 10 46879 1 
69.2913 -28.4788 -180.27 0.293549 2.64194 -80 2 -25 10 46880 1 
69.2815 -28.4788 -180.27 0.293549 2.64194 -80 2 -25 10 46881 1 
69.2717 -28.4787 -180.27 0.293549 2.64194 -80 2 -25 10 46882 1 
69.2619 -28.4787 -180.27 0.293549 2.64194 -80 2 -25 10 46883 1 
69.2521 -28.4786 -180.27 0.293549 2.64194 -80 2 -25 10 46884 1 
69.2423 -28.4786 -180.27 0.293549 2.64194 -80 2 -25 10 46885 1 
69.2325 -28.4785 -180.27 0.293549 2.64194 -80 2 -25 10 46886 1 
69.2228 -28.4785 -180.27 0.293549 2.64194 -80 2 -25 10 46887 1 
69.213 -28.4784 -180.27 0.293549 2.64194 -80 2 -25 10 46888 1 
69.2032 -28.4784 -180.27 0.293549 2.64194 -80 2 -25 10 46889 1 
69.1934 -28.4784 -180.27 0.293549 2.64194 -80 2 -25 10 46890 1 
69.1836 -28.4783 -180.27 0.293549 2.64194 -80 2 -25 10 46891 1 
69.1738 -28.4783 -180.27 0.293549 2.64194 -80 2 -25 10 46892 1 
69.164 -28.4782 -180.27 0.293549 2.64194 -80 2 -25 10 46893 1 
69.1542 -28.4782 -180.27 0.293549 2.64194 -80 2 -25 10 46894 1 
69.1444 -28.4781 -180.27 0.293549 2.64194 -80 2 -25 10 46895 1 
69.1347 -28.4781 -180.27 0.293549 2.64194 -80 2 -25 10 46896 1 
69.1249 -28.478 -180.27 0.293549 2.64194 -80 2 -25 10 46897 1 
69.1151 -28.478 -180.27 0.293549 2.64194 -80 2 -25 10 46898 1 
69.1053 -28.4779 -180.27 0.293549 2.64194 -80 2 -25 10 46899 1 
69.0955 -28.4779 -180.27 0.293549 2.64194 -80 2 -25 10 46900 1 
69.0857 -28.4779 -180.27 0.293549 2.64194 -80 2 -25 10 46901 1 
69.0759 -28.4778 -180.271 0.293549 2.64194 -80 2 -25 10 46902 1 
69.0661 -28.4778 -180.271 0.293549 2.64194 -80 2 -25 10 46903 1 
69.0564 -28.4777 -180.271 0.293549 2.64194 -80 2 -25 10 46904 1 
69.0466 -28.4777 -180.271 0.293549 2.64194 -80 2 -25 10 46905 1 
69.0368 -28.4776 -180.271 0.293549 2.64194 -80 2 -25 10 46906 1 
69.027 -28.4776 -180.271 0.293549 2.64194 -80 2 -25 10 46907 1 
69.0172 -28.4775 -180.271 0.293549 2.64194 -80 2 -25 10 46908 1 
69.0074 -28.4775 -180.271 0.293549 2.64194 -80 2 -25 10 46909 1 
68.9976 -28.4774 -180.271 0.293549 2.64194 -80 2 -25 10 46910 1 
68.9878 -28.4774 -180.271 0.293549 2.64194 -80 2 -25 10 46911 1 
68.978 -28.4773 -180.271 0.293549 2.64194 -80 2 -25 10 46912 1 
68.9683 -28.4773 -180.271 0.293549 2.64194 -80 2 -25 10 46913 1 
68.9585 -28.4773 -180.271 0.293549 2.64194 -80 2 -25 10 46914 1 
68.9487 -28.4772 -180.271 0.293549 2.64194 -80 2 -25 10 46915 1 
68.9389 -28.4772 -180.271 0.293549 2.64194 -80 2 -25 10 46916 1 
68.9291 -28.4771 -180.271 0.293549 2.64194 -80 2 -25 10 46917 1 
68.9193 -28.4771 -180.271 0.293549 2.64194 -80 2 -25 10 46918 1 
68.9095 -28.477 -180.271 0.293549 2.64194 -80 2 -25 10 46919 1 
68.8997 -28.477 -180.271 0.293549 2.64194 -80 2 -25 10 46920 1 
68.8899 -28.4769 -180.271 0.293549 2.64194 -80 2 -25 10 46921 1 
68.8802 -28.4769 -180.271 0.293549 2.64194 -80 2 -25 10 46922 1 
68.8704 -28.4768 -180.271 0.293549 2.64194 -80 2 -25 10 46923 1 
68.8606 -28.4768 -180.271 0.293549 2.64194 -80 2 -25 10 46924 1 
68.8508 -28.4768 -180.271 0.293549 2.64194 -80 2 -25 10 46925 1 
68.841 -28.4767 -180.271 0.293549 2.64194 -80 2 -25 10 46926 1 
68.8312 -28.4767 -180.271 0.293549 2.64194 -80 2 -25 10 46927 1 
68.8214 -28.4766 -180.271 0.293549 2.64194 -80 2 -25 10 46928 1 
68.8116 -28.4766 -180.271 0.293549 2.64194 -80 2 -25 10 46929 1 
68.8018 -28.4765 -180.271 0.293549 2.64194 -80 2 -25 10 46930 1 
68.7921 -28.4765 -180.271 0.293549 2.64194 -80 2 -25 10 46931 1 
68.7823 -28.4764 -180.271 0.293549 2.64194 -80 2 -25 10 46932 1 
68.7725 -28.4764 -180.271 0.293549 2.64194 -80 2 -25 10 46933 1 
68.7627 -28.4763 -180.271 0.293549 2.64194 -80 2 -25 10 46934 1 
68.7529 -28.4763 -180.271 0.293549 2.64194 -80 2 -25 10 46935 1 
68.7431 -28.4762 -180.271 0.293549 2.64194 -80 2 -25 10 46936 1 
68.7333 -28.4762 -180.271 0.293549 2.64194 -80 2 -25 10 46937 1 
68.7235 -28.4762 -180.271 0.293549 2.64194 -80 2 -25 10 46938 1 
68.7138 -28.4761 -180.271 0.293549 2.64194 -80 2 -25 10 46939 1 
68.704 -28.4761 -180.271 0.293549 2.64194 -80 2 -25 10 46940 1 
68.6942 -28.476 -180.271 0.293549 2.64194 -80 2 -25 10 46941 1 
68.6844 -28.476 -180.271 0.293549 2.64194 -80 2 -25 10 46942 1 
68.6746 -28.4759 -180.271 0.293549 2.64194 -80 2 -25 10 46943 1 
68.6648 -28.4759 -180.271 0.293549 2.64194 -80 2 -25 10 46944 1 
68.655 -28.4758 -180.271 0.293549 2.64194 -80 2 -25 10 46945 1 
68.6452 -28.4758 -180.271 0.293549 2.64194 -80 2 -25 10 46946 1 
68.6354 -28.4757 -180.271 0.293549 2.64194 -80 2 -25 10 46947 1 
68.6257 -28.4757 -180.271 0.293549 2.64194 -80 2 -25 10 46948 1 
68.6159 -28.4757 -180.271 0.293549 2.64194 -80 2 -25 10 46949 1 
68.6061 -28.4756 -180.271 0.293549 2.64194 -80 2 -25 10 46950 1 
68.5963 -28.4756 -180.271 0.293549 2.64194 -80 2 -25 10 46951 1 
68.5865 -28.4755 -180.271 0.293549 2.64194 -80 2 -25 10 46952 1 
68.5767 -28.4755 -180.271 0.293549 2.64194 -80 2 -25 10 46953 1 
68.5669 -28.4754 -180.271 0.293549 2.64194 -80 2 -25 10 46954 1 
68.5571 -28.4754 -180.271 0.293549 2.64194 -80 2 -25 10 46955 1 
68.5473 -28.4753 -180.271 0.293549 2.64194 -80 2 -25 10 46956 1 
68.5376 -28.4753 -180.271 0.293549 2.64194 -80 2 -25 10 46957 1 
68.5278 -28.4752 -180.271 0.293549 2.64194 -80 2 -25 10 46958 1 
68.518 -28.4752 -180.271 0.293549 2.64194 -80 2 -25 10 46959 1 
68.5082 -28.4752 -180.271 0.293549 2.64194 -80 2 -25 10 46960 1 
68.4984 -28.4751 -180.271 0.293549 2.64194 -80 2 -25 10 46961 1 
68.4886 -28.4751 -180.271 0.293549 2.64194 -80 2 -25 10 46962 1 
68.4788 -28.475 -180.271 0.293549 2.64194 -80 2 -25 10 46963 1 
68.469 -28.475 -180.271 0.293549 2.64194 -80 2 -25 10 46964 1 
68.4593 -28.4749 -180.271 0.293549 2.64194 -80 2 -25 10 46965 1 
68.4495 -28.4749 -180.271 0.293549 2.64194 -80 2 -25 10 46966 1 
68.4397 -28.4748 -180.271 0.293549 2.64194 -80 2 -25 10 46967 1 
68.4299 -28.4748 -180.271 0.293549 2.64194 -80 2 -25 10 46968 1 
68.4201 -28.4747 -180.271 0.293549 2.64194 -80 2 -25 10 46969 1 
68.4103 -28.4747 -180.271 0.293549 2.64194 -80 2 -25 10 46970 1 
68.4005 -28.4746 -180.271 0.293549 2.64194 -80 2 -25 10 46971 1 
68.3907 -28.4746 -180.272 0.293549 2.64194 -80 2 -25 10 46972 1 
68.3809 -28.4746 -180.272 0.293549 2.64194 -80 2 -25 10 46973 1 
68.3712 -28.4745 -180.272 0.293549 2.64194 -80 2 -25 10 46974 1 
68.3614 -28.4745 -180.272 0.293549 2.64194 -80 2 -25 10 46975 1 
68.3516 -28.4744 -180.272 0.293549 2.64194 -80 2 -25 10 46976 1 
68.3418 -28.4744 -180.272 0.293549 2.64194 -80 2 -25 10 46977 1 
68.332 -28.4743 -180.272 0.293549 2.64194 -80 2 -25 10 46978 1 
68.3222 -28.4743 -180.272 0.293549 2.64194 -80 2 -25 10 46979 1 
68.3124 -28.4742 -180.272 0.293549 2.64194 -80 2 -25 10 46980 1 
68.3026 -28.4742 -180.272 0.293549 2.64194 -80 2 -25 10 46981 1 
68.2928 -28.4741 -180.272 0.293549 2.64194 -80 2 -25 10 46982 1 
68.2831 -28.4741 -180.272 0.293549 2.64194 -80 2 -25 10 46983 1 
68.2733 -28.4741 -180.272 0.293549 2.64194 -80 2 -25 10 46984 1 
68.2635 -28.474 -180.272 0.293549 2.64194 -80 2 -25 10 46985 1 
68.2537 -28.474 -180.272 0.293549 2.64194 -80 2 -25 10 46986 1 
68.2439 -28.4739 -180.272 0.293549 2.64194 -80 2 -25 10 46987 1 
68.2341 -28.4739 -180.272 0.293549 2.64194 -80 2 -25 10 46988 1 
68.2243 -28.4738 -180.272 0.293549 2.64194 -80 2 -25 10 46989 1 
68.2145 -28.4738 -180.272 0.293549 2.64194 -80 2 -25 10 46990 1 
68.2048 -28.4737 -180.272 0.293549 2.64194 -80 2 -25 10 46991 1 
68.195 -28.4737 -180.272 0.293549 2.64194 -80 2 -25 10 46992 1 
68.1852 -28.4736 -180.272 0.293549 2.64194 -80 2 -25 10 46993 1 
68.1754 -28.4736 -180.272 0.293549 2.64194 -80 2 -25 10 46994 1 
68.1656 -28.4735 -180.272 0.293549 2.64194 -80 2 -25 10 46995 1 
68.1558 -28.4735 -180.272 0.293549 2.64194 -80 2 -25 10 46996 1 
68.146 -28.4735 -180.272 0.293549 2.64194 -80 2 -25 10 46997 1 
68.1362 -28.4734 -180.272 0.293549 2.64194 -80 2 -25 10 46998 1 
68.1264 -28.4734 -180.272 0.293549 2.64194 -80 2 -25 10 46999 1 
68.1167 -28.4733 -180.272 0.293549 2.64194 -80 2 -25 10 47000 1 
68.1069 -28.4733 -180.272 0.293549 2.64194 -80 2 -25 10 47001 1 
68.0971 -28.4732 -180.272 0.293549 2.64194 -80 2 -25 10 47002 1 
68.0873 -28.4732 -180.272 0.293549 2.64194 -80 2 -25 10 47003 1 
68.0775 -28.4731 -180.272 0.293549 2.64194 -80 2 -25 10 47004 1 
68.0677 -28.4731 -180.272 0.293549 2.64194 -80 2 -25 10 47005 1 
68.0579 -28.473 -180.272 0.293549 2.64194 -80 2 -25 10 47006 1 
68.0481 -28.473 -180.272 0.293549 2.64194 -80 2 -25 10 47007 1 
68.0383 -28.473 -180.272 0.293549 2.64194 -80 2 -25 10 47008 1 
68.0286 -28.4729 -180.272 0.293549 2.64194 -80 2 -25 10 47009 1 
68.0188 -28.4729 -180.272 0.293549 2.64194 -80 2 -25 10 47010 1 
68.009 -28.4728 -180.272 0.293549 2.64194 -80 2 -25 10 47011 1 
67.9992 -28.4728 -180.272 0.293549 2.64194 -80 2 -25 10 47012 1 
67.9894 -28.4727 -180.272 0.293549 2.64194 -80 2 -25 10 47013 1 
67.9796 -28.4727 -180.272 0.293549 2.64194 -80 2 -25 10 47014 1 
67.9698 -28.4726 -180.272 0.293549 2.64194 -80 2 -25 10 47015 1 
67.96 -28.4726 -180.272 0.293549 2.64194 -80 2 -25 10 47016 1 
67.9502 -28.4725 -180.272 0.293549 2.64194 -80 2 -25 10 47017 1 
67.9405 -28.4725 -180.272 0.293549 2.64194 -80 2 -25 10 47018 1 
67.9307 -28.4725 -180.272 0.293549 2.64194 -80 2 -25 10 47019 1 
67.9209 -28.4724 -180.272 0.293549 2.64194 -80 2 -25 10 47020 1 
67.9111 -28.4724 -180.272 0.293549 2.64194 -80 2 -25 10 47021 1 
67.9013 -28.4723 -180.272 0.293549 2.64194 -80 2 -25 10 47022 1 
67.8915 -28.4723 -180.272 0.293549 2.64194 -80 2 -25 10 47023 1 
67.8817 -28.4722 -180.272 0.293549 2.64194 -80 2 -25 10 47024 1 
67.8719 -28.4722 -180.272 0.293549 2.64194 -80 2 -25 10 47025 1 
67.8622 -28.4721 -180.272 0.293549 2.64194 -80 2 -25 10 47026 1 
67.8524 -28.4721 -180.272 0.293549 2.64194 -80 2 -25 10 47027 1 
67.8426 -28.472 -180.272 0.293549 2.64194 -80 2 -25 10 47028 1 
67.8328 -28.472 -180.272 0.293549 2.64194 -80 2 -25 10 47029 1 
67.823 -28.4719 -180.272 0.293549 2.64194 -80 2 -25 10 47030 1 
67.8132 -28.4719 -180.272 0.293549 2.64194 -80 2 -25 10 47031 1 
67.8034 -28.4719 -180.272 0.293549 2.64194 -80 2 -25 10 47032 1 
67.7936 -28.4718 -180.272 0.293549 2.64194 -80 2 -25 10 47033 1 
67.7838 -28.4718 -180.272 0.293549 2.64194 -80 2 -25 10 47034 1 
67.7741 -28.4717 -180.272 0.293549 2.64194 -80 2 -25 10 47035 1 
67.7643 -28.4717 -180.272 0.293549 2.64194 -80 2 -25 10 47036 1 
67.7545 -28.4716 -180.272 0.293549 2.64194 -80 2 -25 10 47037 1 
67.7447 -28.4716 -180.272 0.293549 2.64194 -80 2 -25 10 47038 1 
67.7349 -28.4715 -180.273 0.293549 2.64194 -80 2 -25 10 47039 1 
67.7251 -28.4715 -180.273 0.293549 2.64194 -80 2 -25 10 47040 1 
67.7153 -28.4714 -180.273 0.293549 2.64194 -80 2 -25 10 47041 1 
67.7055 -28.4714 -180.273 0.293549 2.64194 -80 2 -25 10 47042 1 
67.6957 -28.4714 -180.273 0.293549 2.64194 -80 2 -25 10 47043 1 
67.686 -28.4713 -180.273 0.293549 2.64194 -80 2 -25 10 47044 1 
67.6762 -28.4713 -180.273 0.293549 2.64194 -80 2 -25 10 47045 1 
67.6664 -28.4712 -180.273 0.293549 2.64194 -80 2 -25 10 47046 1 
67.6566 -28.4712 -180.273 0.293549 2.64194 -80 2 -25 10 47047 1 
67.6468 -28.4711 -180.273 0.293549 2.64194 -80 2 -25 10 47048 1 
67.637 -28.4711 -180.273 0.293549 2.64194 -80 2 -25 10 47049 1 
67.6272 -28.471 -180.273 0.293549 2.64194 -80 2 -25 10 47050 1 
67.6174 -28.471 -180.273 0.293549 2.64194 -80 2 -25 10 47051 1 
67.6077 -28.4709 -180.273 0.293549 2.64194 -80 2 -25 10 47052 1 
67.5979 -28.4709 -180.273 0.293549 2.64194 -80 2 -25 10 47053 1 
67.5881 -28.4708 -180.273 0.293549 2.64194 -80 2 -25 10 47054 1 
67.5783 -28.4708 -180.273 0.293549 2.64194 -80 2 -25 10 47055 1 
67.5685 -28.4708 -180.273 0.293549 2.64194 -80 2 -25 10 47056 1 
67.5587 -28.4707 -180.273 0.293549 2.64194 -80 2 -25 10 47057 1 
67.5489 -28.4707 -180.273 0.293549 2.64194 -80 2 -25 10 47058 1 
67.5391 -28.4706 -180.273 0.293549 2.64194 -80 2 -25 10 47059 1 
67.5293 -28.4706 -180.273 0.293549 2.64194 -80 2 -25 10 47060 1 
67.5196 -28.4705 -180.273 0.293549 2.64194 -80 2 -25 10 47061 1 
67.5098 -28.4705 -180.273 0.293549 2.64194 -80 2 -25 10 47062 1 
67.5 -28.4704 -180.273 0.293549 2.64194 -80 2 -25 10 47063 1 
67.4902 -28.4704 -180.273 0.293549 2.64194 -80 2 -25 10 47064 1 
67.4804 -28.4703 -180.273 0.293549 2.64194 -80 2 -25 10 47065 1 
67.4706 -28.4703 -180.273 0.293549 2.64194 -80 2 -25 10 47066 1 
67.4608 -28.4703 -180.273 0.293549 2.64194 -80 2 -25 10 47067 1 
67.451 -28.4702 -180.273 0.293549 2.64194 -80 2 -25 10 47068 1 
67.4412 -28.4702 -180.273 0.293549 2.64194 -80 2 -25 10 47069 1 
67.4315 -28.4701 -180.273 0.293549 2.64194 -80 2 -25 10 47070 1 
67.4217 -28.4701 -180.273 0.293549 2.64194 -80 2 -25 10 47071 1 
67.4119 -28.47 -180.273 0.293549 2.64194 -80 2 -25 10 47072 1 
67.4021 -28.47 -180.273 0.293549 2.64194 -80 2 -25 10 47073 1 
67.3923 -28.4699 -180.273 0.293549 2.64194 -80 2 -25 10 47074 1 
67.3825 -28.4699 -180.273 0.293549 2.64194 -80 2 -25 10 47075 1 
67.3727 -28.4698 -180.273 0.293549 2.64194 -80 2 -25 10 47076 1 
67.3629 -28.4698 -180.273 0.293549 2.64194 -80 2 -25 10 47077 1 
67.3531 -28.4697 -180.273 0.293549 2.64194 -80 2 -25 10 47078 1 
67.3434 -28.4697 -180.273 0.293549 2.64194 -80 2 -25 10 47079 1 
67.3336 -28.4697 -180.273 0.293549 2.64194 -80 2 -25 10 47080 1 
67.3238 -28.4696 -180.273 0.293549 2.64194 -80 2 -25 10 47081 1 
67.314 -28.4696 -180.273 0.293549 2.64194 -80 2 -25 10 47082 1 
67.3042 -28.4695 -180.273 0.293549 2.64194 -80 2 -25 10 47083 1 
67.2944 -28.4695 -180.273 0.293549 2.64194 -80 2 -25 10 47084 1 
67.2846 -28.4694 -180.273 0.293549 2.64194 -80 2 -25 10 47085 1 
67.2748 -28.4694 -180.273 0.293549 2.64194 -80 2 -25 10 47086 1 
67.2651 -28.4693 -180.273 0.293549 2.64194 -80 2 -25 10 47087 1 
67.2553 -28.4693 -180.273 0.293549 2.64194 -80 2 -25 10 47088 1 
67.2455 -28.4692 -180.273 0.293549 2.64194 -80 2 -25 10 47089 1 
67.2357 -28.4692 -180.273 0.293549 2.64194 -80 2 -25 10 47090 1 
67.2259 -28.4692 -180.273 0.293549 2.64194 -80 2 -25 10 47091 1 
67.2161 -28.4691 -180.273 0.293549 2.64194 -80 2 -25 10 47092 1 
67.2063 -28.4691 -180.273 0.293549 2.64194 -80 2 -25 10 47093 1 
67.1965 -28.469 -180.273 0.293549 2.64194 -80 2 -25 10 47094 1 
67.1867 -28.469 -180.273 0.293549 2.64194 -80 2 -25 10 47095 1 
67.177 -28.4689 -180.273 0.293549 2.64194 -80 2 -25 10 47096 1 
67.1672 -28.4689 -180.273 0.293549 2.64194 -80 2 -25 10 47097 1 
67.1574 -28.4688 -180.273 0.293549 2.64194 -80 2 -25 10 47098 1 
67.1476 -28.4688 -180.273 0.293549 2.64194 -80 2 -25 10 47099 1 
67.1378 -28.4687 -180.273 0.293549 2.64194 -80 2 -25 10 47100 1 
67.128 -28.4687 -180.273 0.293549 2.64194 -80 2 -25 10 47101 1 
67.1182 -28.4687 -180.273 0.293549 2.64194 -80 2 -25 10 47102 1 
67.1084 -28.4686 -180.273 0.293549 2.64194 -80 2 -25 10 47103 1 
67.0986 -28.4686 -180.273 0.293549 2.64194 -80 2 -25 10 47104 1 
67.0889 -28.4685 -180.273 0.293549 2.64194 -80 2 -25 10 47105 1 
67.0791 -28.4685 -180.273 0.293549 2.64194 -80 2 -25 10 47106 1 
67.0693 -28.4684 -180.274 0.293549 2.64194 -80 2 -25 10 47107 1 
67.0595 -28.4684 -180.274 0.293549 2.64194 -80 2 -25 10 47108 1 
67.0497 -28.4683 -180.274 0.293549 2.64194 -80 2 -25 10 47109 1 
67.0399 -28.4683 -180.274 0.293549 2.64194 -80 2 -25 10 47110 1 
67.0301 -28.4682 -180.274 0.293549 2.64194 -80 2 -25 10 47111 1 
67.0203 -28.4682 -180.274 0.293549 2.64194 -80 2 -25 10 47112 1 
67.0106 -28.4681 -180.274 0.293549 2.64194 -80 2 -25 10 47113 1 
67.0008 -28.4681 -180.274 0.293549 2.64194 -80 2 -25 10 47114 1 
66.991 -28.4681 -180.274 0.293549 2.64194 -80 2 -25 10 47115 1 
66.9812 -28.468 -180.274 0.293549 2.64194 -80 2 -25 10 47116 1 
66.9714 -28.468 -180.274 0.293549 2.64194 -80 2 -25 10 47117 1 
66.9616 -28.4679 -180.274 0.293549 2.64194 -80 2 -25 10 47118 1 
66.9518 -28.4679 -180.274 0.293549 2.64194 -80 2 -25 10 47119 1 
66.942 -28.4678 -180.274 0.293549 2.64194 -80 2 -25 10 47120 1 
66.9322 -28.4678 -180.274 0.293549 2.64194 -80 2 -25 10 47121 1 
66.9225 -28.4677 -180.274 0.293549 2.64194 -80 2 -25 10 47122 1 
66.9127 -28.4677 -180.274 0.293549 2.64194 -80 2 -25 10 47123 1 
66.9029 -28.4676 -180.274 0.293549 2.64194 -80 2 -25 10 47124 1 
66.8931 -28.4676 -180.274 0.293549 2.64194 -80 2 -25 10 47125 1 
66.8833 -28.4675 -180.274 0.293549 2.64194 -80 2 -25 10 47126 1 
66.8735 -28.4675 -180.274 0.293549 2.64194 -80 2 -25 10 47127 1 
66.8637 -28.4674 -180.274 0.293549 2.64194 -80 2 -25 10 47128 1 
66.8539 -28.4674 -180.274 0.293549 2.64194 -80 2 -25 10 47129 1 
66.8441 -28.4673 -180.274 0.293549 2.64194 -80 2 -25 10 47130 1 
66.8344 -28.4673 -180.274 0.293549 2.64194 -80 2 -25 10 47131 1 
66.8246 -28.4672 -180.274 0.293549 2.64194 -80 2 -25 10 47132 1 
66.8148 -28.4672 -180.274 0.293549 2.64194 -80 2 -25 10 47133 1 
66.805 -28.4672 -180.274 0.293549 2.64194 -80 2 -25 10 47134 1 
66.7952 -28.4671 -180.274 0.293549 2.64194 -80 2 -25 10 47135 1 
66.7854 -28.4671 -180.274 0.293549 2.64194 -80 2 -25 10 47136 1 
66.7756 -28.467 -180.274 0.293549 2.64194 -80 2 -25 10 47137 1 
66.7658 -28.467 -180.274 0.293549 2.64194 -80 2 -25 10 47138 1 
66.7561 -28.4669 -180.274 0.293549 2.64194 -80 2 -25 10 47139 1 
66.7463 -28.4669 -180.274 0.293549 2.64194 -80 2 -25 10 47140 1 
66.7365 -28.4668 -180.274 0.293549 2.64194 -80 2 -25 10 47141 1 
66.7267 -28.4668 -180.274 0.293549 2.64194 -80 2 -25 10 47142 1 
66.7169 -28.4667 -180.274 0.293549 2.64194 -80 2 -25 10 47143 1 
66.7071 -28.4667 -180.274 0.293549 2.64194 -80 2 -25 10 47144 1 
66.6973 -28.4666 -180.274 0.293549 2.64194 -80 2 -25 10 47145 1 
66.6875 -28.4666 -180.274 0.293549 2.64194 -80 2 -25 10 47146 1 
66.6777 -28.4665 -180.274 0.293549 2.64194 -80 2 -25 10 47147 1 
66.668 -28.4665 -180.274 0.293549 2.64194 -80 2 -25 10 47148 1 
66.6582 -28.4664 -180.274 0.293549 2.64194 -80 2 -25 10 47149 1 
66.6484 -28.4664 -180.274 0.293549 2.64194 -80 2 -25 10 47150 1 
66.6386 -28.4663 -180.274 0.293549 2.64194 -80 2 -25 10 47151 1 
66.6288 -28.4663 -180.274 0.293549 2.64194 -80 2 -25 10 47152 1 
66.619 -28.4662 -180.274 0.293549 2.64194 -80 2 -25 10 47153 1 
66.6092 -28.4662 -180.274 0.293549 2.64194 -80 2 -25 10 47154 1 
66.5994 -28.4662 -180.274 0.293549 2.64194 -80 2 -25 10 47155 1 
66.5896 -28.4661 -180.274 0.293549 2.64194 -80 2 -25 10 47156 1 
66.5799 -28.4661 -180.274 0.293549 2.64194 -80 2 -25 10 47157 1 
66.5701 -28.466 -180.274 0.293549 2.64194 -80 2 -25 10 47158 1 
66.5603 -28.466 -180.274 0.293549 2.64194 -80 2 -25 10 47159 1 
66.5505 -28.4659 -180.274 0.293549 2.64194 -80 2 -25 10 47160 1 
66.5407 -28.4659 -180.274 0.293549 2.64194 -80 2 -25 10 47161 1 
66.5309 -28.4658 -180.274 0.293549 2.64194 -80 2 -25 10 47162 1 
66.5211 -28.4658 -180.274 0.293549 2.64194 -80 2 -25 10 47163 1 
66.5113 -28.4657 -180.274 0.293549 2.64194 -80 2 -25 10 47164 1 
66.5015 -28.4657 -180.274 0.293549 2.64194 -80 2 -25 10 47165 1 
66.4918 -28.4656 -180.274 0.293549 2.64194 -80 2 -25 10 47166 1 
66.482 -28.4656 -180.274 0.293549 2.64194 -80 2 -25 10 47167 1 
66.4722 -28.4655 -180.274 0.293549 2.64194 -80 2 -25 10 47168 1 
66.4624 -28.4655 -180.274 0.293549 2.64194 -80 2 -25 10 47169 1 
66.4526 -28.4654 -180.274 0.293549 2.64194 -80 2 -25 10 47170 1 
66.4428 -28.4654 -180.274 0.293549 2.64194 -80 2 -25 10 47171 1 
66.433 -28.4653 -180.274 0.293549 2.64194 -80 2 -25 10 47172 1 
66.4232 -28.4653 -180.274 0.293549 2.64194 -80 2 -25 10 47173 1 
66.4135 -28.4652 -180.275 0.293549 2.64194 -80 2 -25 10 47174 1 
66.4037 -28.4652 -180.275 0.293549 2.64194 -80 2 -25 10 47175 1 
66.3939 -28.4651 -180.275 0.293549 2.64194 -80 2 -25 10 47176 1 
66.3841 -28.4651 -180.275 0.293549 2.64194 -80 2 -25 10 47177 1 
66.3743 -28.4651 -180.275 0.293549 2.64194 -80 2 -25 10 47178 1 
66.3645 -28.465 -180.275 0.293549 2.64194 -80 2 -25 10 47179 1 
66.3547 -28.465 -180.275 0.293549 2.64194 -80 2 -25 10 47180 1 
66.3449 -28.4649 -180.275 0.293549 2.64194 -80 2 -25 10 47181 1 
66.3351 -28.4649 -180.275 0.293549 2.64194 -80 2 -25 10 47182 1 
66.3254 -28.4648 -180.275 0.293549 2.64194 -80 2 -25 10 47183 1 
66.3156 -28.4648 -180.275 0.293549 2.64194 -80 2 -25 10 47184 1 
66.3058 -28.4647 -180.275 0.293549 2.64194 -80 2 -25 10 47185 1 
66.296 -28.4647 -180.275 0.293549 2.64194 -80 2 -25 10 47186 1 
66.2862 -28.4646 -180.275 0.293549 2.64194 -80 2 -25 10 47187 1 
66.2764 -28.4646 -180.275 0.293549 2.64194 -80 2 -25 10 47188 1 
66.2666 -28.4645 -180.275 0.293549 2.64194 -80 2 -25 10 47189 1 
66.2568 -28.4645 -180.275 0.293549 2.64194 -80 2 -25 10 47190 1 
66.247 -28.4644 -180.275 0.293549 2.64194 -80 2 -25 10 47191 1 
66.2373 -28.4644 -180.275 0.293549 2.64194 -80 2 -25 10 47192 1 
66.2275 -28.4643 -180.275 0.293549 2.64194 -80 2 -25 10 47193 1 
66.2177 -28.4643 -180.275 0.293549 2.64194 -80 2 -25 10 47194 1 
66.2079 -28.4642 -180.275 0.293549 2.64194 -80 2 -25 10 47195 1 
66.1981 -28.4642 -180.275 0.293549 2.64194 -80 2 -25 10 47196 1 
66.1883 -28.4641 -180.275 0.293549 2.64194 -80 2 -25 10 47197 1 
66.1785 -28.4641 -180.275 0.293549 2.64194 -80 2 -25 10 47198 1 
66.1687 -28.4641 -180.275 0.293549 2.64194 -80 2 -25 10 47199 1 
66.159 -28.464 -180.275 0.293549 2.64194 -80 2 -25 10 47200 1 
66.1492 -28.464 -180.275 0.293549 2.64194 -80 2 -25 10 47201 1 
66.1394 -28.4639 -180.275 0.293549 2.64194 -80 2 -25 10 47202 1 
66.1296 -28.4639 -180.275 0.293549 2.64194 -80 2 -25 10 47203 1 
66.1198 -28.4638 -180.275 0.293549 2.64194 -80 2 -25 10 47204 1 
66.11 -28.4638 -180.275 0.293549 2.64194 -80 2 -25 10 47205 1 
66.1002 -28.4637 -180.275 0.293549 2.64194 -80 2 -25 10 47206 1 
66.0904 -28.4637 -180.275 0.293549 2.64194 -80 2 -25 10 47207 1 
66.0806 -28.4636 -180.275 0.293549 2.64194 -80 2 -25 10 47208 1 
66.0709 -28.4636 -180.275 0.293549 2.64194 -80 2 -25 10 47209 1 
66.0611 -28.4635 -180.275 0.293549 2.64194 -80 2 -25 10 47210 1 
66.0513 -28.4635 -180.275 0.293549 2.64194 -80 2 -25 10 47211 1 
66.0415 -28.4634 -180.275 0.293549 2.64194 -80 2 -25 10 47212 1 
66.0317 -28.4634 -180.275 0.293549 2.64194 -80 2 -25 10 47213 1 
66.0219 -28.4633 -180.275 0.293549 2.64194 -80 2 -25 10 47214 1 
66.0121 -28.4633 -180.275 0.293549 2.64194 -80 2 -25 10 47215 1 
66.0023 -28.4632 -180.275 0.293549 2.64194 -80 2 -25 10 47216 1 
65.9925 -28.4632 -180.275 0.293549 2.64194 -80 2 -25 10 47217 1 
65.9828 -28.4631 -180.275 0.293549 2.64194 -80 2 -25 10 47218 1 
65.973 -28.4631 -180.275 0.293549 2.64194 -80 2 -25 10 47219 1 
65.9632 -28.4631 -180.275 0.293549 2.64194 -80 2 -25 10 47220 1 
65.9534 -28.463 -180.275 0.293549 2.64194 -80 2 -25 10 47221 1 
65.9436 -28.463 -180.275 0.293549 2.64194 -80 2 -25 10 47222 1 
65.9338 -28.4629 -180.275 0.293549 2.64194 -80 2 -25 10 47223 1 
65.924 -28.4629 -180.275 0.293549 2.64194 -80 2 -25 10 47224 1 
65.9142 -28.4628 -180.275 0.293549 2.64194 -80 2 -25 10 47225 1 
65.9044 -28.4628 -180.275 0.293549 2.64194 -80 2 -25 10 47226 1 
65.8947 -28.4627 -180.275 0.293549 2.64194 -80 2 -25 10 47227 1 
65.8849 -28.4627 -180.275 0.293549 2.64194 -80 2 -25 10 47228 1 
65.8751 -28.4626 -180.275 0.293549 2.64194 -80 2 -25 10 47229 1 
65.8653 -28.4626 -180.275 0.293549 2.64194 -80 2 -25 10 47230 1 
65.8555 -28.4625 -180.275 0.293549 2.64194 -80 2 -25 10 47231 1 
65.8457 -28.4625 -180.275 0.293549 2.64194 -80 2 -25 10 47232 1 
65.8359 -28.4624 -180.275 0.293549 2.64194 -80 2 -25 10 47233 1 
65.8261 -28.4624 -180.275 0.293549 2.64194 -80 2 -25 10 47234 1 
65.8164 -28.4623 -180.275 0.293549 2.64194 -80 2 -25 10 47235 1 
65.8066 -28.4623 -180.275 0.293549 2.64194 -80 2 -25 10 47236 1 
65.7968 -28.4622 -180.275 0.293549 2.64194 -80 2 -25 10 47237 1 
65.787 -28.4622 -180.275 0.293549 2.64194 -80 2 -25 10 47238 1 
65.7772 -28.4621 -180.275 0.293549 2.64194 -80 2 -25 10 47239 1 
65.7674 -28.4621 -180.275 0.293549 2.64194 -80 2 -25 10 47240 1 
65.7576 -28.462 -180.275 0.293549 2.64194 -80 2 -25 10 47241 1 
65.7478 -28.462 -180.276 0.293549 2.64194 -80 2 -25 10 47242 1 
65.738 -28.462 -180.276 0.293549 2.64194 -80 2 -25 10 47243 1 
65.7283 -28.4619 -180.276 0.293549 2.64194 -80 2 -25 10 47244 1 
65.7185 -28.4619 -180.276 0.293549 2.64194 -80 2 -25 10 47245 1 
65.7087 -28.4618 -180.276 0.293549 2.64194 -80 2 -25 10 47246 1 
65.6989 -28.4618 -180.276 0.293549 2.64194 -80 2 -25 10 47247 1 
65.6891 -28.4617 -180.276 0.293549 2.64194 -80 2 -25 10 47248 1 
65.6793 -28.4617 -180.276 0.293549 2.64194 -80 2 -25 10 47249 1 
65.6695 -28.4616 -180.276 0.293549 2.64194 -80 2 -25 10 47250 1 
65.6597 -28.4616 -180.276 0.293549 2.64194 -80 2 -25 10 47251 1 
65.6499 -28.4615 -180.276 0.293549 2.64194 -80 2 -25 10 47252 1 
65.6402 -28.4615 -180.276 0.293549 2.64194 -80 2 -25 10 47253 1 
65.6304 -28.4614 -180.276 0.293549 2.64194 -80 2 -25 10 47254 1 
65.6206 -28.4614 -180.276 0.293549 2.64194 -80 2 -25 10 47255 1 
65.6108 -28.4613 -180.276 0.293549 2.64194 -80 2 -25 10 47256 1 
65.601 -28.4613 -180.276 0.293549 2.64194 -80 2 -25 10 47257 1 
65.5912 -28.4612 -180.276 0.293549 2.64194 -80 2 -25 10 47258 1 
65.5814 -28.4612 -180.276 0.293549 2.64194 -80 2 -25 10 47259 1 
65.5716 -28.4611 -180.276 0.293549 2.64194 -80 2 -25 10 47260 1 
65.5619 -28.4611 -180.276 0.293549 2.64194 -80 2 -25 10 47261 1 
65.5521 -28.461 -180.276 0.293549 2.64194 -80 2 -25 10 47262 1 
65.5423 -28.461 -180.276 0.293549 2.64194 -80 2 -25 10 47263 1 
65.5325 -28.461 -180.276 0.293549 2.64194 -80 2 -25 10 47264 1 
65.5227 -28.4609 -180.276 0.293549 2.64194 -80 2 -25 10 47265 1 
65.5129 -28.4609 -180.276 0.293549 2.64194 -80 2 -25 10 47266 1 
65.5031 -28.4608 -180.276 0.293549 2.64194 -80 2 -25 10 47267 1 
65.4933 -28.4608 -180.276 0.293549 2.64194 -80 2 -25 10 47268 1 
65.4835 -28.4607 -180.276 0.293549 2.64194 -80 2 -25 10 47269 1 
65.4738 -28.4607 -180.276 0.293549 2.64194 -80 2 -25 10 47270 1 
65.464 -28.4606 -180.276 0.293549 2.64194 -80 2 -25 10 47271 1 
65.4542 -28.4606 -180.276 0.293549 2.64194 -80 2 -25 10 47272 1 
65.4444 -28.4605 -180.276 0.293549 2.64194 -80 2 -25 10 47273 1 
65.4346 -28.4605 -180.276 0.293549 2.64194 -80 2 -25 10 47274 1 
65.4248 -28.4604 -180.276 0.293549 2.64194 -80 2 -25 10 47275 1 
65.415 -28.4604 -180.276 0.293549 2.64194 -80 2 -25 10 47276 1 
65.4052 -28.4603 -180.276 0.293549 2.64194 -80 2 -25 10 47277 1 
65.3954 -28.4603 -180.276 0.293549 2.64194 -80 2 -25 10 47278 1 
65.3857 -28.4602 -180.276 0.293549 2.64194 -80 2 -25 10 47279 1 
65.3759 -28.4602 -180.276 0.293549 2.64194 -80 2 -25 10 47280 1 
65.3661 -28.4601 -180.276 0.293549 2.64194 -80 2 -25 10 47281 1 
65.3563 -28.4601 -180.276 0.293549 2.64194 -80 2 -25 10 47282 1 
65.3465 -28.46 -180.276 0.293549 2.64194 -80 2 -25 10 47283 1 
65.3367 -28.46 -180.276 0.293549 2.64194 -80 2 -25 10 47284 1 
65.3269 -28.46 -180.276 0.293549 2.64194 -80 2 -25 10 47285 1 
65.3171 -28.4599 -180.276 0.293549 2.64194 -80 2 -25 10 47286 1 
65.3074 -28.4599 -180.276 0.293549 2.64194 -80 2 -25 10 47287 1 
65.2976 -28.4598 -180.276 0.293549 2.64194 -80 2 -25 10 47288 1 
65.2878 -28.4598 -180.276 0.293549 2.64194 -80 2 -25 10 47289 1 
65.278 -28.4597 -180.276 0.293549 2.64194 -80 2 -25 10 47290 1 
65.2682 -28.4597 -180.276 0.293549 2.64194 -80 2 -25 10 47291 1 
65.2584 -28.4596 -180.276 0.293549 2.64194 -80 2 -25 10 47292 1 
65.2486 -28.4596 -180.276 0.293549 2.64194 -80 2 -25 10 47293 1 
65.2388 -28.4595 -180.276 0.293549 2.64194 -80 2 -25 10 47294 1 
65.229 -28.4595 -180.276 0.293549 2.64194 -80 2 -25 10 47295 1 
65.2193 -28.4594 -180.276 0.293549 2.64194 -80 2 -25 10 47296 1 
65.2095 -28.4594 -180.276 0.293549 2.64194 -80 2 -25 10 47297 1 
65.1997 -28.4593 -180.276 0.293549 2.64194 -80 2 -25 10 47298 1 
65.1899 -28.4593 -180.276 0.293549 2.64194 -80 2 -25 10 47299 1 
65.1801 -28.4592 -180.276 0.293549 2.64194 -80 2 -25 10 47300 1 
65.1703 -28.4592 -180.276 0.293549 2.64194 -80 2 -25 10 47301 1 
65.1605 -28.4591 -180.276 0.293549 2.64194 -80 2 -25 10 47302 1 
65.1507 -28.4591 -180.276 0.293549 2.64194 -80 2 -25 10 47303 1 
65.1409 -28.459 -180.276 0.293549 2.64194 -80 2 -25 10 47304 1 
65.1312 -28.459 -180.276 0.293549 2.64194 -80 2 -25 10 47305 1 
65.1214 -28.459 -180.276 0.293549 2.64194 -80 2 -25 10 47306 1 
65.1116 -28.4589 -180.276 0.293549 2.64194 -80 2 -25 10 47307 1 
65.1018 -28.4589 -180.277 0.293549 2.64194 -80 2 -25 10 47308 1 
65.092 -28.4588 -180.277 0.293549 2.64194 -80 2 -25 10 47309 1 
65.0822 -28.4588 -180.277 0.293549 2.64194 -80 2 -25 10 47310 1 
65.0724 -28.4587 -180.277 0.293549 2.64194 -80 2 -25 10 47311 1 
65.0626 -28.4587 -180.277 0.293549 2.64194 -80 2 -25 10 47312 1 
65.0528 -28.4586 -180.277 0.293549 2.64194 -80 2 -25 10 47313 1 
65.0431 -28.4586 -180.277 0.293549 2.64194 -80 2 -25 10 47314 1 
65.0333 -28.4585 -180.277 0.293549 2.64194 -80 2 -25 10 47315 1 
65.0235 -28.4585 -180.277 0.293549 2.64194 -80 2 -25 10 47316 1 
65.0137 -28.4584 -180.277 0.293549 2.64194 -80 2 -25 10 47317 1 
65.0039 -28.4584 -180.277 0.293549 2.64194 -80 2 -25 10 47318 1 
64.9941 -28.4583 -180.277 0.293549 2.64194 -80 2 -25 10 47319 1 
64.9843 -28.4583 -180.277 0.293549 2.64194 -80 2 -25 10 47320 1 
64.9745 -28.4582 -180.277 0.293549 2.64194 -80 2 -25 10 47321 1 
64.9648 -28.4582 -180.277 0.293549 2.64194 -80 2 -25 10 47322 1 
64.955 -28.4581 -180.277 0.293549 2.64194 -80 2 -25 10 47323 1 
64.9452 -28.4581 -180.277 0.293549 2.64194 -80 2 -25 10 47324 1 
64.9354 -28.458 -180.277 0.293549 2.64194 -80 2 -25 10 47325 1 
64.9256 -28.458 -180.277 0.293549 2.64194 -80 2 -25 10 47326 1 
64.9158 -28.4579 -180.277 0.293549 2.64194 -80 2 -25 10 47327 1 
64.906 -28.4579 -180.277 0.293549 2.64194 -80 2 -25 10 47328 1 
64.8962 -28.4579 -180.277 0.293549 2.64194 -80 2 -25 10 47329 1 
64.8864 -28.4578 -180.277 0.293549 2.64194 -80 2 -25 10 47330 1 
64.8767 -28.4578 -180.277 0.293549 2.64194 -80 2 -25 10 47331 1 
64.8669 -28.4577 -180.277 0.293549 2.64194 -80 2 -25 10 47332 1 
64.8571 -28.4577 -180.277 0.293549 2.64194 -80 2 -25 10 47333 1 
64.8473 -28.4576 -180.277 0.293549 2.64194 -80 2 -25 10 47334 1 
64.8375 -28.4576 -180.277 0.293549 2.64194 -80 2 -25 10 47335 1 
64.8277 -28.4575 -180.277 0.293549 2.64194 -80 2 -25 10 47336 1 
64.8179 -28.4575 -180.277 0.293549 2.64194 -80 2 -25 10 47337 1 
64.8081 -28.4574 -180.277 0.293549 2.64194 -80 2 -25 10 47338 1 
64.7983 -28.4574 -180.277 0.293549 2.64194 -80 2 -25 10 47339 1 
64.7886 -28.4573 -180.277 0.293549 2.64194 -80 2 -25 10 47340 1 
64.7788 -28.4573 -180.277 0.293549 2.64194 -80 2 -25 10 47341 1 
64.769 -28.4572 -180.277 0.293549 2.64194 -80 2 -25 10 47342 1 
64.7592 -28.4572 -180.277 0.293549 2.64194 -80 2 -25 10 47343 1 
64.7494 -28.4571 -180.277 0.293549 2.64194 -80 2 -25 10 47344 1 
64.7396 -28.4571 -180.277 0.293549 2.64194 -80 2 -25 10 47345 1 
64.7298 -28.457 -180.277 0.293549 2.64194 -80 2 -25 10 47346 1 
64.72 -28.457 -180.277 0.293549 2.64194 -80 2 -25 10 47347 1 
64.7103 -28.4569 -180.277 0.293549 2.64194 -80 2 -25 10 47348 1 
64.7005 -28.4569 -180.277 0.293549 2.64194 -80 2 -25 10 47349 1 
64.6907 -28.4569 -180.277 0.293549 2.64194 -80 2 -25 10 47350 1 
64.6809 -28.4568 -180.277 0.293549 2.64194 -80 2 -25 10 47351 1 
64.6711 -28.4568 -180.277 0.293549 2.64194 -80 2 -25 10 47352 1 
64.6613 -28.4567 -180.277 0.293549 2.64194 -80 2 -25 10 47353 1 
64.6515 -28.4567 -180.277 0.293549 2.64194 -80 2 -25 10 47354 1 
64.6417 -28.4566 -180.277 0.293549 2.64194 -80 2 -25 10 47355 1 
64.6319 -28.4566 -180.277 0.293549 2.64194 -80 2 -25 10 47356 1 
64.6222 -28.4565 -180.277 0.293549 2.64194 -80 2 -25 10 47357 1 
64.6124 -28.4565 -180.277 0.293549 2.64194 -80 2 -25 10 47358 1 
64.6026 -28.4564 -180.277 0.293549 2.64194 -80 2 -25 10 47359 1 
64.5928 -28.4564 -180.277 0.293549 2.64194 -80 2 -25 10 47360 1 
64.583 -28.4563 -180.277 0.293549 2.64194 -80 2 -25 10 47361 1 
64.5732 -28.4563 -180.277 0.293549 2.64194 -80 2 -25 10 47362 1 
64.5634 -28.4562 -180.277 0.293549 2.64194 -80 2 -25 10 47363 1 
64.5536 -28.4562 -180.277 0.293549 2.64194 -80 2 -25 10 47364 1 
64.5438 -28.4561 -180.277 0.293549 2.64194 -80 2 -25 10 47365 1 
64.5341 -28.4561 -180.277 0.293549 2.64194 -80 2 -25 10 47366 1 
64.5243 -28.456 -180.277 0.293549 2.64194 -80 2 -25 10 47367 1 
64.5145 -28.456 -180.277 0.293549 2.64194 -80 2 -25 10 47368 1 
64.5047 -28.4559 -180.277 0.293549 2.64194 -80 2 -25 10 47369 1 
64.4949 -28.4559 -180.277 0.293549 2.64194 -80 2 -25 10 47370 1 
64.4851 -28.4559 -180.277 0.293549 2.64194 -80 2 -25 10 47371 1 
64.4753 -28.4558 -180.277 0.293549 2.64194 -80 2 -25 10 47372 1 
64.4655 -28.4558 -180.277 0.293549 2.64194 -80 2 -25 10 47373 1 
64.4557 -28.4557 -180.278 0.293549 2.64194 -80 2 -25 10 47374 1 
64.446 -28.4557 -180.278 0.293549 2.64194 -80 2 -25 10 47375 1 
64.4362 -28.4556 -180.278 0.293549 2.64194 -80 2 -25 10 47376 1 
64.4264 -28.4556 -180.278 0.293549 2.64194 -80 2 -25 10 47377 1 
64.4166 -28.4555 -180.278 0.293549 2.64194 -80 2 -25 10 47378 1 
64.4068 -28.4555 -180.278 0.293549 2.64194 -80 2 -25 10 47379 1 
64.397 -28.4554 -180.278 0.293549 2.64194 -80 2 -25 10 47380 1 
64.3872 -28.4554 -180.278 0.293549 2.64194 -80 2 -25 10 47381 1 
64.3774 -28.4553 -180.278 0.293549 2.64194 -80 2 -25 10 47382 1 
64.3677 -28.4553 -180.278 0.293549 2.64194 -80 2 -25 10 47383 1 
64.3579 -28.4552 -180.278 0.293549 2.64194 -80 2 -25 10 47384 1 
64.3481 -28.4552 -180.278 0.293549 2.64194 -80 2 -25 10 47385 1 
64.3383 -28.4551 -180.278 0.293549 2.64194 -80 2 -25 10 47386 1 
64.3285 -28.4551 -180.278 0.293549 2.64194 -80 2 -25 10 47387 1 
64.3187 -28.455 -180.278 0.293549 2.64194 -80 2 -25 10 47388 1 
64.3089 -28.455 -180.278 0.293549 2.64194 -80 2 -25 10 47389 1 
64.2991 -28.4549 -180.278 0.293549 2.64194 -80 2 -25 10 47390 1 
64.2893 -28.4549 -180.278 0.293549 2.64194 -80 2 -25 10 47391 1 
64.2796 -28.4548 -180.278 0.293549 2.64194 -80 2 -25 10 47392 1 
64.2698 -28.4548 -180.278 0.293549 2.64194 -80 2 -25 10 47393 1 
64.26 -28.4548 -180.278 0.293549 2.64194 -80 2 -25 10 47394 1 
64.2502 -28.4547 -180.278 0.293549 2.64194 -80 2 -25 10 47395 1 
64.2404 -28.4547 -180.278 0.293549 2.64194 -80 2 -25 10 47396 1 
64.2306 -28.4546 -180.278 0.293549 2.64194 -80 2 -25 10 47397 1 
64.2208 -28.4546 -180.278 0.293549 2.64194 -80 2 -25 10 47398 1 
64.211 -28.4545 -180.278 0.293549 2.64194 -80 2 -25 10 47399 1 
64.2012 -28.4545 -180.278 0.293549 2.64194 -80 2 -25 10 47400 1 
64.1915 -28.4544 -180.278 0.293549 2.64194 -80 2 -25 10 47401 1 
64.1817 -28.4544 -180.278 0.293549 2.64194 -80 2 -25 10 47402 1 
64.1719 -28.4543 -180.278 0.293549 2.64194 -80 2 -25 10 47403 1 
64.1621 -28.4543 -180.278 0.293549 2.64194 -80 2 -25 10 47404 1 
64.1523 -28.4542 -180.278 0.293549 2.64194 -80 2 -25 10 47405 1 
64.1425 -28.4542 -180.278 0.293549 2.64194 -80 2 -25 10 47406 1 
64.1327 -28.4541 -180.278 0.293549 2.64194 -80 2 -25 10 47407 1 
64.1229 -28.4541 -180.278 0.293549 2.64194 -80 2 -25 10 47408 1 
64.1132 -28.454 -180.278 0.293549 2.64194 -80 2 -25 10 47409 1 
64.1034 -28.454 -180.278 0.293549 2.64194 -80 2 -25 10 47410 1 
64.0936 -28.4539 -180.278 0.293549 2.64194 -80 2 -25 10 47411 1 
64.0838 -28.4539 -180.278 0.293549 2.64194 -80 2 -25 10 47412 1 
64.074 -28.4538 -180.278 0.293549 2.64194 -80 2 -25 10 47413 1 
64.0642 -28.4538 -180.278 0.293549 2.64194 -80 2 -25 10 47414 1 
64.0544 -28.4538 -180.278 0.293549 2.64194 -80 2 -25 10 47415 1 
64.0446 -28.4537 -180.278 0.293549 2.64194 -80 2 -25 10 47416 1 
64.0348 -28.4537 -180.278 0.293549 2.64194 -80 2 -25 10 47417 1 
64.0251 -28.4536 -180.278 0.293549 2.64194 -80 2 -25 10 47418 1 
64.0153 -28.4536 -180.278 0.293549 2.64194 -80 2 -25 10 47419 1 
64.0055 -28.4535 -180.278 0.293549 2.64194 -80 2 -25 10 47420 1 
63.9957 -28.4535 -180.278 0.293549 2.64194 -80 2 -25 10 47421 1 
63.9859 -28.4534 -180.278 0.293549 2.64194 -80 2 -25 10 47422 1 
63.9761 -28.4534 -180.278 0.293549 2.64194 -80 2 -25 10 47423 1 
63.9663 -28.4533 -180.278 0.293549 2.64194 -80 2 -25 10 47424 1 
63.9566 -28.4533 -180.278 0.293549 2.64194 -80 2 -25 10 47425 1 
63.9468 -28.4532 -180.278 0.293549 2.64194 -80 2 -25 10 47426 1 
63.937 -28.4532 -180.278 0.293549 2.64194 -80 2 -25 10 47427 1 
63.9272 -28.4531 -180.278 0.293549 2.64194 -80 2 -25 10 47428 1 
63.9174 -28.4531 -180.278 0.293549 2.64194 -80 2 -25 10 47429 1 
63.9076 -28.453 -180.278 0.293549 2.64194 -80 2 -25 10 47430 1 
63.8978 -28.453 -180.278 0.293549 2.64194 -80 2 -25 10 47431 1 
63.8881 -28.4529 -180.278 0.293549 2.64194 -80 2 -25 10 47432 1 
63.8783 -28.4529 -180.278 0.293549 2.64194 -80 2 -25 10 47433 1 
63.8685 -28.4528 -180.278 0.293549 2.64194 -80 2 -25 10 47434 1 
63.8587 -28.4528 -180.278 0.293549 2.64194 -80 2 -25 10 47435 1 
63.8489 -28.4528 -180.278 0.293549 2.64194 -80 2 -25 10 47436 1 
63.8391 -28.4527 -180.278 0.293549 2.64194 -80 2 -25 10 47437 1 
63.8294 -28.4527 -180.278 0.293549 2.64194 -80 2 -25 10 47438 1 
63.8196 -28.4526 -180.279 0.293549 2.64194 -80 2 -25 10 47439 1 
63.8098 -28.4526 -180.279 0.293549 2.64194 -80 2 -25 10 47440 1 
63.8 -28.4525 -180.279 0.293549 2.64194 -80 2 -25 10 47441 1 
63.7902 -28.4525 -180.279 0.293549 2.64194 -80 2 -25 10 47442 1 
63.7804 -28.4524 -180.279 0.293549 2.64194 -80 2 -25 10 47443 1 
63.7706 -28.4524 -180.279 0.293549 2.64194 -80 2 -25 10 47444 1 
63.7609 -28.4523 -180.279 0.293549 2.64194 -80 2 -25 10 47445 1 
63.7511 -28.4523 -180.279 0.293549 2.64194 -80 2 -25 10 47446 1 
63.7413 -28.4522 -180.279 0.293549 2.64194 -80 2 -25 10 47447 1 
63.7315 -28.4522 -180.279 0.293549 2.64194 -80 2 -25 10 47448 1 
63.7217 -28.4521 -180.279 0.293549 2.64194 -80 2 -25 10 47449 1 
63.7119 -28.4521 -180.279 0.293549 2.64194 -80 2 -25 10 47450 1 
63.7022 -28.452 -180.279 0.293549 2.64194 -80 2 -25 10 47451 1 
63.6924 -28.452 -180.279 0.293549 2.64194 -80 2 -25 10 47452 1 
63.6826 -28.4519 -180.279 0.293549 2.64194 -80 2 -25 10 47453 1 
63.6728 -28.4519 -180.279 0.293549 2.64194 -80 2 -25 10 47454 1 
63.663 -28.4518 -180.279 0.293549 2.64194 -80 2 -25 10 47455 1 
63.6532 -28.4518 -180.279 0.293549 2.64194 -80 2 -25 10 47456 1 
63.6434 -28.4517 -180.279 0.293549 2.64194 -80 2 -25 10 47457 1 
63.6337 -28.4517 -180.279 0.293549 2.64194 -80 2 -25 10 47458 1 
63.6239 -28.4517 -180.279 0.293549 2.64194 -80 2 -25 10 47459 1 
63.6141 -28.4516 -180.279 0.293549 2.64194 -80 2 -25 10 47460 1 
63.6043 -28.4516 -180.279 0.293549 2.64194 -80 2 -25 10 47461 1 
63.5945 -28.4515 -180.279 0.293549 2.64194 -80 2 -25 10 47462 1 
63.5847 -28.4515 -180.279 0.293549 2.64194 -80 2 -25 10 47463 1 
63.575 -28.4514 -180.279 0.293549 2.64194 -80 2 -25 10 47464 1 
63.5652 -28.4514 -180.279 0.293549 2.64194 -80 2 -25 10 47465 1 
63.5554 -28.4513 -180.279 0.293549 2.64194 -80 2 -25 10 47466 1 
63.5456 -28.4513 -180.279 0.293549 2.64194 -80 2 -25 10 47467 1 
63.5358 -28.4512 -180.279 0.293549 2.64194 -80 2 -25 10 47468 1 
63.526 -28.4512 -180.279 0.293549 2.64194 -80 2 -25 10 47469 1 
63.5162 -28.4511 -180.279 0.293549 2.64194 -80 2 -25 10 47470 1 
63.5065 -28.4511 -180.279 0.293549 2.64194 -80 2 -25 10 47471 1 
63.4967 -28.451 -180.279 0.293549 2.64194 -80 2 -25 10 47472 1 
63.4869 -28.451 -180.279 0.293549 2.64194 -80 2 -25 10 47473 1 
63.4771 -28.4509 -180.279 0.293549 2.64194 -80 2 -25 10 47474 1 
63.4673 -28.4509 -180.279 0.293549 2.64194 -80 2 -25 10 47475 1 
63.4575 -28.4508 -180.279 0.293549 2.64194 -80 2 -25 10 47476 1 
63.4478 -28.4508 -180.279 0.293549 2.64194 -80 2 -25 10 47477 1 
63.438 -28.4507 -180.279 0.293549 2.64194 -80 2 -25 10 47478 1 
63.4282 -28.4507 -180.279 0.293549 2.64194 -80 2 -25 10 47479 1 
63.4184 -28.4507 -180.279 0.293549 2.64194 -80 2 -25 10 47480 1 
63.4086 -28.4506 -180.279 0.293549 2.64194 -80 2 -25 10 47481 1 
63.3988 -28.4506 -180.279 0.293549 2.64194 -80 2 -25 10 47482 1 
63.389 -28.4505 -180.279 0.293549 2.64194 -80 2 -25 10 47483 1 
63.3793 -28.4505 -180.279 0.293549 2.64194 -80 2 -25 10 47484 1 
63.3695 -28.4504 -180.279 0.293549 2.64194 -80 2 -25 10 47485 1 
63.3597 -28.4504 -180.279 0.293549 2.64194 -80 2 -25 10 47486 1 
63.3499 -28.4503 -180.279 0.293549 2.64194 -80 2 -25 10 47487 1 
63.3401 -28.4503 -180.279 0.293549 2.64194 -80 2 -25 10 47488 1 
63.3303 -28.4502 -180.279 0.293549 2.64194 -80 2 -25 10 47489 1 
63.3205 -28.4502 -180.279 0.293549 2.64194 -80 2 -25 10 47490 1 
63.3108 -28.4501 -180.279 0.293549 2.64194 -80 2 -25 10 47491 1 
63.301 -28.4501 -180.279 0.293549 2.64194 -80 2 -25 10 47492 1 
63.2912 -28.45 -180.279 0.293549 2.64194 -80 2 -25 10 47493 1 
63.2814 -28.45 -180.279 0.293549 2.64194 -80 2 -25 10 47494 1 
63.2716 -28.4499 -180.279 0.293549 2.64194 -80 2 -25 10 47495 1 
63.2618 -28.4499 -180.279 0.293549 2.64194 -80 2 -25 10 47496 1 
63.2521 -28.4498 -180.279 0.293549 2.64194 -80 2 -25 10 47497 1 
63.2423 -28.4498 -180.279 0.293549 2.64194 -80 2 -25 10 47498 1 
63.2325 -28.4497 -180.279 0.293549 2.64194 -80 2 -25 10 47499 1 
63.2227 -28.4497 -180.279 0.293549 2.64194 -80 2 -25 10 47500 1 
63.2129 -28.4497 -180.279 0.293549 2.64194 -80 2 -25 10 47501 1 
63.2031 -28.4496 -180.279 0.293549 2.64194 -80 2 -25 10 47502 1 
63.1933 -28.4496 -180.279 0.293549 2.64194 -80 2 -25 10 47503 1 
63.1836 -28.4495 -180.279 0.293549 2.64194 -80 2 -25 10 47504 1 
63.1738 -28.4495 -180.28 0.293549 2.64194 -80 2 -25 10 47505 1 
63.164 -28.4494 -180.28 0.293549 2.64194 -80 2 -25 10 47506 1 
63.1542 -28.4494 -180.28 0.293549 2.64194 -80 2 -25 10 47507 1 
63.1444 -28.4493 -180.28 0.293549 2.64194 -80 2 -25 10 47508 1 
63.1346 -28.4493 -180.28 0.293549 2.64194 -80 2 -25 10 47509 1 
63.1249 -28.4492 -180.28 0.293549 2.64194 -80 2 -25 10 47510 1 
63.1151 -28.4492 -180.28 0.293549 2.64194 -80 2 -25 10 47511 1 
63.1053 -28.4491 -180.28 0.293549 2.64194 -80 2 -25 10 47512 1 
63.0955 -28.4491 -180.28 0.293549 2.64194 -80 2 -25 10 47513 1 
63.0857 -28.449 -180.28 0.293549 2.64194 -80 2 -25 10 47514 1 
63.0759 -28.449 -180.28 0.293549 2.64194 -80 2 -25 10 47515 1 
63.0661 -28.4489 -180.28 0.293549 2.64194 -80 2 -25 10 47516 1 
63.0564 -28.4489 -180.28 0.293549 2.64194 -80 2 -25 10 47517 1 
63.0466 -28.4488 -180.28 0.293549 2.64194 -80 2 -25 10 47518 1 
63.0368 -28.4488 -180.28 0.293549 2.64194 -80 2 -25 10 47519 1 
63.027 -28.4487 -180.28 0.293549 2.64194 -80 2 -25 10 47520 1 
63.0172 -28.4487 -180.28 0.293549 2.64194 -80 2 -25 10 47521 1 
63.0074 -28.4487 -180.28 0.293549 2.64194 -80 2 -25 10 47522 1 
62.9977 -28.4486 -180.28 0.293549 2.64194 -80 2 -25 10 47523 1 
62.9879 -28.4486 -180.28 0.293549 2.64194 -80 2 -25 10 47524 1 
62.9781 -28.4485 -180.28 0.293549 2.64194 -80 2 -25 10 47525 1 
62.9683 -28.4485 -180.28 0.293549 2.64194 -80 2 -25 10 47526 1 
62.9585 -28.4484 -180.28 0.293549 2.64194 -80 2 -25 10 47527 1 
62.9487 -28.4484 -180.28 0.293549 2.64194 -80 2 -25 10 47528 1 
62.9389 -28.4483 -180.28 0.293549 2.64194 -80 2 -25 10 47529 1 
62.9292 -28.4483 -180.28 0.293549 2.64194 -80 2 -25 10 47530 1 
62.9194 -28.4482 -180.28 0.293549 2.64194 -80 2 -25 10 47531 1 
62.9096 -28.4482 -180.28 0.293549 2.64194 -80 2 -25 10 47532 1 
62.8998 -28.4481 -180.28 0.293549 2.64194 -80 2 -25 10 47533 1 
62.89 -28.4481 -180.28 0.293549 2.64194 -80 2 -25 10 47534 1 
62.8802 -28.448 -180.28 0.293549 2.64194 -80 2 -25 10 47535 1 
62.8705 -28.448 -180.28 0.293549 2.64194 -80 2 -25 10 47536 1 
62.8607 -28.4479 -180.28 0.293549 2.64194 -80 2 -25 10 47537 1 
62.8509 -28.4479 -180.28 0.293549 2.64194 -80 2 -25 10 47538 1 
62.8411 -28.4478 -180.28 0.293549 2.64194 -80 2 -25 10 47539 1 
62.8313 -28.4478 -180.28 0.293549 2.64194 -80 2 -25 10 47540 1 
62.8215 -28.4477 -180.28 0.293549 2.64194 -80 2 -25 10 47541 1 
62.8117 -28.4477 -180.28 0.293549 2.64194 -80 2 -25 10 47542 1 
62.802 -28.4476 -180.28 0.293549 2.64194 -80 2 -25 10 47543 1 
62.7922 -28.4476 -180.28 0.293549 2.64194 -80 2 -25 10 47544 1 
62.7824 -28.4476 -180.28 0.293549 2.64194 -80 2 -25 10 47545 1 
62.7726 -28.4475 -180.28 0.293549 2.64194 -80 2 -25 10 47546 1 
62.7628 -28.4475 -180.28 0.293549 2.64194 -80 2 -25 10 47547 1 
62.753 -28.4474 -180.28 0.293549 2.64194 -80 2 -25 10 47548 1 
62.7433 -28.4474 -180.28 0.293549 2.64194 -80 2 -25 10 47549 1 
62.7335 -28.4473 -180.28 0.293549 2.64194 -80 2 -25 10 47550 1 
62.7237 -28.4473 -180.28 0.293549 2.64194 -80 2 -25 10 47551 1 
62.7139 -28.4472 -180.28 0.293549 2.64194 -80 2 -25 10 47552 1 
62.7041 -28.4472 -180.28 0.293549 2.64194 -80 2 -25 10 47553 1 
62.6943 -28.4471 -180.28 0.293549 2.64194 -80 2 -25 10 47554 1 
62.6845 -28.4471 -180.28 0.293549 2.64194 -80 2 -25 10 47555 1 
62.6748 -28.447 -180.28 0.293549 2.64194 -80 2 -25 10 47556 1 
62.665 -28.447 -180.28 0.293549 2.64194 -80 2 -25 10 47557 1 
62.6552 -28.4469 -180.28 0.293549 2.64194 -80 2 -25 10 47558 1 
62.6454 -28.4469 -180.28 0.293549 2.64194 -80 2 -25 10 47559 1 
62.6356 -28.4468 -180.28 0.293549 2.64194 -80 2 -25 10 47560 1 
62.6258 -28.4468 -180.28 0.293549 2.64194 -80 2 -25 10 47561 1 
62.6161 -28.4467 -180.28 0.293549 2.64194 -80 2 -25 10 47562 1 
62.6063 -28.4467 -180.28 0.293549 2.64194 -80 2 -25 10 47563 1 
62.5965 -28.4466 -180.28 0.293549 2.64194 -80 2 -25 10 47564 1 
62.5867 -28.4466 -180.28 0.293549 2.64194 -80 2 -25 10 47565 1 
62.5769 -28.4466 -180.28 0.293549 2.64194 -80 2 -25 10 47566 1 
62.5671 -28.4465 -180.28 0.293549 2.64194 -80 2 -25 10 47567 1 
62.5573 -28.4465 -180.28 0.293549 2.64194 -80 2 -25 10 47568 1 
62.5476 -28.4464 -180.28 0.293549 2.64194 -80 2 -25 10 47569 1 
62.5378 -28.4464 -180.281 0.293549 2.64194 -80 2 -25 10 47570 1 
62.528 -28.4463 -180.281 0.293549 2.64194 -80 2 -25 10 47571 1 
62.5182 -28.4463 -180.281 0.293549 2.64194 -80 2 -25 10 47572 1 
62.5084 -28.4462 -180.281 0.293549 2.64194 -80 2 -25 10 47573 1 
62.4986 -28.4462 -180.281 0.293549 2.64194 -80 2 -25 10 47574 1 
62.4888 -28.4461 -180.281 0.293549 2.64194 -80 2 -25 10 47575 1 
62.4791 -28.4461 -180.281 0.293549 2.64194 -80 2 -25 10 47576 1 
62.4693 -28.446 -180.281 0.293549 2.64194 -80 2 -25 10 47577 1 
62.4595 -28.446 -180.281 0.293549 2.64194 -80 2 -25 10 47578 1 
62.4497 -28.4459 -180.281 0.293549 2.64194 -80 2 -25 10 47579 1 
62.4399 -28.4459 -180.281 0.293549 2.64194 -80 2 -25 10 47580 1 
62.4301 -28.4458 -180.281 0.293549 2.64194 -80 2 -25 10 47581 1 
62.4204 -28.4458 -180.281 0.293549 2.64194 -80 2 -25 10 47582 1 
62.4106 -28.4457 -180.281 0.293549 2.64194 -80 2 -25 10 47583 1 
62.4008 -28.4457 -180.281 0.293549 2.64194 -80 2 -25 10 47584 1 
62.391 -28.4456 -180.281 0.293549 2.64194 -80 2 -25 10 47585 1 
62.3812 -28.4456 -180.281 0.293549 2.64194 -80 2 -25 10 47586 1 
62.3714 -28.4456 -180.281 0.293549 2.64194 -80 2 -25 10 47587 1 
62.3616 -28.4455 -180.281 0.293549 2.64194 -80 2 -25 10 47588 1 
62.3519 -28.4455 -180.281 0.293549 2.64194 -80 2 -25 10 47589 1 
62.3421 -28.4454 -180.281 0.293549 2.64194 -80 2 -25 10 47590 1 
62.3323 -28.4454 -180.281 0.293549 2.64194 -80 2 -25 10 47591 1 
62.3225 -28.4453 -180.281 0.293549 2.64194 -80 2 -25 10 47592 1 
62.3127 -28.4453 -180.281 0.293549 2.64194 -80 2 -25 10 47593 1 
62.3029 -28.4452 -180.281 0.293549 2.64194 -80 2 -25 10 47594 1 
62.2932 -28.4452 -180.281 0.293549 2.64194 -80 2 -25 10 47595 1 
62.2834 -28.4451 -180.281 0.293549 2.64194 -80 2 -25 10 47596 1 
62.2736 -28.4451 -180.281 0.293549 2.64194 -80 2 -25 10 47597 1 
62.2638 -28.445 -180.281 0.293549 2.64194 -80 2 -25 10 47598 1 
62.254 -28.445 -180.281 0.293549 2.64194 -80 2 -25 10 47599 1 
62.2442 -28.4449 -180.281 0.293549 2.64194 -80 2 -25 10 47600 1 
62.2344 -28.4449 -180.281 0.293549 2.64194 -80 2 -25 10 47601 1 
62.2247 -28.4448 -180.281 0.293549 2.64194 -80 2 -25 10 47602 1 
62.2149 -28.4448 -180.281 0.293549 2.64194 -80 2 -25 10 47603 1 
62.2051 -28.4447 -180.281 0.293549 2.64194 -80 2 -25 10 47604 1 
62.1953 -28.4447 -180.281 0.293549 2.64194 -80 2 -25 10 47605 1 
62.1855 -28.4446 -180.281 0.293549 2.64194 -80 2 -25 10 47606 1 
62.1757 -28.4446 -180.281 0.293549 2.64194 -80 2 -25 10 47607 1 
62.166 -28.4445 -180.281 0.293549 2.64194 -80 2 -25 10 47608 1 
62.1562 -28.4445 -180.281 0.293549 2.64194 -80 2 -25 10 47609 1 
62.1464 -28.4445 -180.281 0.293549 2.64194 -80 2 -25 10 47610 1 
62.1366 -28.4444 -180.281 0.293549 2.64194 -80 2 -25 10 47611 1 
62.1268 -28.4444 -180.281 0.293549 2.64194 -80 2 -25 10 47612 1 
62.117 -28.4443 -180.281 0.293549 2.64194 -80 2 -25 10 47613 1 
62.1072 -28.4443 -180.281 0.293549 2.64194 -80 2 -25 10 47614 1 
62.0975 -28.4442 -180.281 0.293549 2.64194 -80 2 -25 10 47615 1 
62.0877 -28.4442 -180.281 0.293549 2.64194 -80 2 -25 10 47616 1 
62.0779 -28.4441 -180.281 0.293549 2.64194 -80 2 -25 10 47617 1 
62.0681 -28.4441 -180.281 0.293549 2.64194 -80 2 -25 10 47618 1 
62.0583 -28.444 -180.281 0.293549 2.64194 -80 2 -25 10 47619 1 
62.0485 -28.444 -180.281 0.293549 2.64194 -80 2 -25 10 47620 1 
62.0388 -28.4439 -180.281 0.293549 2.64194 -80 2 -25 10 47621 1 
62.029 -28.4439 -180.281 0.293549 2.64194 -80 2 -25 10 47622 1 
62.0192 -28.4438 -180.281 0.293549 2.64194 -80 2 -25 10 47623 1 
62.0094 -28.4438 -180.281 0.293549 2.64194 -80 2 -25 10 47624 1 
61.9996 -28.4437 -180.281 0.293549 2.64194 -80 2 -25 10 47625 1 
61.9898 -28.4437 -180.281 0.293549 2.64194 -80 2 -25 10 47626 1 
61.98 -28.4436 -180.281 0.293549 2.64194 -80 2 -25 10 47627 1 
61.9703 -28.4436 -180.281 0.293549 2.64194 -80 2 -25 10 47628 1 
61.9605 -28.4435 -180.281 0.293549 2.64194 -80 2 -25 10 47629 1 
61.9507 -28.4435 -180.281 0.293549 2.64194 -80 2 -25 10 47630 1 
61.9409 -28.4435 -180.281 0.293549 2.64194 -80 2 -25 10 47631 1 
61.9311 -28.4434 -180.281 0.293549 2.64194 -80 2 -25 10 47632 1 
61.9213 -28.4434 -180.281 0.293549 2.64194 -80 2 -25 10 47633 1 
61.9116 -28.4433 -180.281 0.293549 2.64194 -80 2 -25 10 47634 1 
61.9018 -28.4433 -180.281 0.293549 2.64194 -80 2 -25 10 47635 1 
61.892 -28.4432 -180.282 0.293549 2.64194 -80 2 -25 10 47636 1 
61.8822 -28.4432 -180.282 0.293549 2.64194 -80 2 -25 10 47637 1 
61.8724 -28.4431 -180.282 0.293549 2.64194 -80 2 -25 10 47638 1 
61.8626 -28.4431 -180.282 0.293549 2.64194 -80 2 -25 10 47639 1 
61.8528 -28.443 -180.282 0.293549 2.64194 -80 2 -25 10 47640 1 
61.8431 -28.443 -180.282 0.293549 2.64194 -80 2 -25 10 47641 1 
61.8333 -28.4429 -180.282 0.293549 2.64194 -80 2 -25 10 47642 1 
61.8235 -28.4429 -180.282 0.293549 2.64194 -80 2 -25 10 47643 1 
61.8137 -28.4428 -180.282 0.293549 2.64194 -80 2 -25 10 47644 1 
61.8039 -28.4428 -180.282 0.293549 2.64194 -80 2 -25 10 47645 1 
61.7941 -28.4427 -180.282 0.293549 2.64194 -80 2 -25 10 47646 1 
61.7844 -28.4427 -180.282 0.293549 2.64194 -80 2 -25 10 47647 1 
61.7746 -28.4426 -180.282 0.293549 2.64194 -80 2 -25 10 47648 1 
61.7648 -28.4426 -180.282 0.293549 2.64194 -80 2 -25 10 47649 1 
61.755 -28.4425 -180.282 0.293549 2.64194 -80 2 -25 10 47650 1 
61.7452 -28.4425 -180.282 0.293549 2.64194 -80 2 -25 10 47651 1 
61.7354 -28.4425 -180.282 0.293549 2.64194 -80 2 -25 10 47652 1 
61.7256 -28.4424 -180.282 0.293549 2.64194 -80 2 -25 10 47653 1 
61.7159 -28.4424 -180.282 0.293549 2.64194 -80 2 -25 10 47654 1 
61.7061 -28.4423 -180.282 0.293549 2.64194 -80 2 -25 10 47655 1 
61.6963 -28.4423 -180.282 0.293549 2.64194 -80 2 -25 10 47656 1 
61.6865 -28.4422 -180.282 0.293549 2.64194 -80 2 -25 10 47657 1 
61.6767 -28.4422 -180.282 0.293549 2.64194 -80 2 -25 10 47658 1 
61.6669 -28.4421 -180.282 0.293549 2.64194 -80 2 -25 10 47659 1 
61.6572 -28.4421 -180.282 0.293549 2.64194 -80 2 -25 10 47660 1 
61.6474 -28.442 -180.282 0.293549 2.64194 -80 2 -25 10 47661 1 
61.6376 -28.442 -180.282 0.293549 2.64194 -80 2 -25 10 47662 1 
61.6278 -28.4419 -180.282 0.293549 2.64194 -80 2 -25 10 47663 1 
61.618 -28.4419 -180.282 0.293549 2.64194 -80 2 -25 10 47664 1 
61.6082 -28.4418 -180.282 0.293549 2.64194 -80 2 -25 10 47665 1 
61.5984 -28.4418 -180.282 0.293549 2.64194 -80 2 -25 10 47666 1 
61.5887 -28.4417 -180.282 0.293549 2.64194 -80 2 -25 10 47667 1 
61.5789 -28.4417 -180.282 0.293549 2.64194 -80 2 -25 10 47668 1 
61.5691 -28.4416 -180.282 0.293549 2.64194 -80 2 -25 10 47669 1 
61.5593 -28.4416 -180.282 0.293549 2.64194 -80 2 -25 10 47670 1 
61.5495 -28.4415 -180.282 0.293549 2.64194 -80 2 -25 10 47671 1 
61.5397 -28.4415 -180.282 0.293549 2.64194 -80 2 -25 10 47672 1 
61.5299 -28.4415 -180.282 0.293549 2.64194 -80 2 -25 10 47673 1 
61.5202 -28.4414 -180.282 0.293549 2.64194 -80 2 -25 10 47674 1 
61.5104 -28.4414 -180.282 0.293549 2.64194 -80 2 -25 10 47675 1 
61.5006 -28.4413 -180.282 0.293549 2.64194 -80 2 -25 10 47676 1 
61.4908 -28.4413 -180.282 0.293549 2.64194 -80 2 -25 10 47677 1 
61.481 -28.4412 -180.282 0.293549 2.64194 -80 2 -25 10 47678 1 
61.4712 -28.4412 -180.282 0.293549 2.64194 -80 2 -25 10 47679 1 
61.4615 -28.4411 -180.282 0.293549 2.64194 -80 2 -25 10 47680 1 
61.4517 -28.4411 -180.282 0.293549 2.64194 -80 2 -25 10 47681 1 
61.4419 -28.441 -180.282 0.293549 2.64194 -80 2 -25 10 47682 1 
61.4321 -28.441 -180.282 0.293549 2.64194 -80 2 -25 10 47683 1 
61.4223 -28.4409 -180.282 0.293549 2.64194 -80 2 -25 10 47684 1 
61.4125 -28.4409 -180.282 0.293549 2.64194 -80 2 -25 10 47685 1 
61.4027 -28.4408 -180.282 0.293549 2.64194 -80 2 -25 10 47686 1 
61.393 -28.4408 -180.282 0.293549 2.64194 -80 2 -25 10 47687 1 
61.3832 -28.4407 -180.282 0.293549 2.64194 -80 2 -25 10 47688 1 
61.3734 -28.4407 -180.282 0.293549 2.64194 -80 2 -25 10 47689 1 
61.3636 -28.4406 -180.282 0.293549 2.64194 -80 2 -25 10 47690 1 
61.3538 -28.4406 -180.282 0.293549 2.64194 -80 2 -25 10 47691 1 
61.344 -28.4405 -180.282 0.293549 2.64194 -80 2 -25 10 47692 1 
61.3343 -28.4405 -180.282 0.293549 2.64194 -80 2 -25 10 47693 1 
61.3245 -28.4404 -180.282 0.293549 2.64194 -80 2 -25 10 47694 1 
61.3147 -28.4404 -180.282 0.293549 2.64194 -80 2 -25 10 47695 1 
61.3049 -28.4404 -180.282 0.293549 2.64194 -80 2 -25 10 47696 1 
61.2951 -28.4403 -180.282 0.293549 2.64194 -80 2 -25 10 47697 1 
61.2853 -28.4403 -180.282 0.293549 2.64194 -80 2 -25 10 47698 1 
61.2755 -28.4402 -180.282 0.293549 2.64194 -80 2 -25 10 47699 1 
61.2658 -28.4402 -180.282 0.293549 2.64194 -80 2 -25 10 47700 1 
61.256 -28.4401 -180.283 0.293549 2.64194 -80 2 -25 10 47701 1 
61.2462 -28.4401 -180.283 0.293549 2.64194 -80 2 -25 10 47702 1 
61.2364 -28.44 -180.283 0.293549 2.64194 -80 2 -25 10 47703 1 
61.2266 -28.44 -180.283 0.293549 2.64194 -80 2 -25 10 47704 1 
61.2168 -28.4399 -180.283 0.293549 2.64194 -80 2 -25 10 47705 1 
61.2071 -28.4399 -180.283 0.293549 2.64194 -80 2 -25 10 47706 1 
61.1973 -28.4398 -180.283 0.293549 2.64194 -80 2 -25 10 47707 1 
61.1875 -28.4398 -180.283 0.293549 2.64194 -80 2 -25 10 47708 1 
61.1777 -28.4397 -180.283 0.293549 2.64194 -80 2 -25 10 47709 1 
61.1679 -28.4397 -180.283 0.293549 2.64194 -80 2 -25 10 47710 1 
61.1581 -28.4396 -180.283 0.293549 2.64194 -80 2 -25 10 47711 1 
61.1483 -28.4396 -180.283 0.293549 2.64194 -80 2 -25 10 47712 1 
61.1386 -28.4395 -180.283 0.293549 2.64194 -80 2 -25 10 47713 1 
61.1288 -28.4395 -180.283 0.293549 2.64194 -80 2 -25 10 47714 1 
61.119 -28.4394 -180.283 0.293549 2.64194 -80 2 -25 10 47715 1 
61.1092 -28.4394 -180.283 0.293549 2.64194 -80 2 -25 10 47716 1 
61.0994 -28.4394 -180.283 0.293549 2.64194 -80 2 -25 10 47717 1 
61.0896 -28.4393 -180.283 0.293549 2.64194 -80 2 -25 10 47718 1 
61.0799 -28.4393 -180.283 0.293549 2.64194 -80 2 -25 10 47719 1 
61.0701 -28.4392 -180.283 0.293549 2.64194 -80 2 -25 10 47720 1 
61.0603 -28.4392 -180.283 0.293549 2.64194 -80 2 -25 10 47721 1 
61.0505 -28.4391 -180.283 0.293549 2.64194 -80 2 -25 10 47722 1 
61.0407 -28.4391 -180.283 0.293549 2.64194 -80 2 -25 10 47723 1 
61.0309 -28.439 -180.283 0.293549 2.64194 -80 2 -25 10 47724 1 
61.0211 -28.439 -180.283 0.293549 2.64194 -80 2 -25 10 47725 1 
61.0114 -28.4389 -180.283 0.293549 2.64194 -80 2 -25 10 47726 1 
61.0016 -28.4389 -180.283 0.293549 2.64194 -80 2 -25 10 47727 1 
60.9918 -28.4388 -180.283 0.293549 2.64194 -80 2 -25 10 47728 1 
60.982 -28.4388 -180.283 0.293549 2.64194 -80 2 -25 10 47729 1 
60.9722 -28.4387 -180.283 0.293549 2.64194 -80 2 -25 10 47730 1 
60.9624 -28.4387 -180.283 0.293549 2.64194 -80 2 -25 10 47731 1 
60.9527 -28.4386 -180.283 0.293549 2.64194 -80 2 -25 10 47732 1 
60.9429 -28.4386 -180.283 0.293549 2.64194 -80 2 -25 10 47733 1 
60.9331 -28.4385 -180.283 0.293549 2.64194 -80 2 -25 10 47734 1 
60.9233 -28.4385 -180.283 0.293549 2.64194 -80 2 -25 10 47735 1 
60.9135 -28.4384 -180.283 0.293549 2.64194 -80 2 -25 10 47736 1 
60.9037 -28.4384 -180.283 0.293549 2.64194 -80 2 -25 10 47737 1 
60.8939 -28.4384 -180.283 0.293549 2.64194 -80 2 -25 10 47738 1 
60.8842 -28.4383 -180.283 0.293549 2.64194 -80 2 -25 10 47739 1 
60.8744 -28.4383 -180.283 0.293549 2.64194 -80 2 -25 10 47740 1 
60.8646 -28.4382 -180.283 0.293549 2.64194 -80 2 -25 10 47741 1 
60.8548 -28.4382 -180.283 0.293549 2.64194 -80 2 -25 10 47742 1 
60.845 -28.4381 -180.283 0.293549 2.64194 -80 2 -25 10 47743 1 
60.8352 -28.4381 -180.283 0.293549 2.64194 -80 2 -25 10 47744 1 
60.8255 -28.438 -180.283 0.293549 2.64194 -80 2 -25 10 47745 1 
60.8157 -28.438 -180.283 0.293549 2.64194 -80 2 -25 10 47746 1 
60.8059 -28.4379 -180.283 0.293549 2.64194 -80 2 -25 10 47747 1 
60.7961 -28.4379 -180.283 0.293549 2.64194 -80 2 -25 10 47748 1 
60.7863 -28.4378 -180.283 0.293549 2.64194 -80 2 -25 10 47749 1 
60.7765 -28.4378 -180.283 0.293549 2.64194 -80 2 -25 10 47750 1 
60.7667 -28.4377 -180.283 0.293549 2.64194 -80 2 -25 10 47751 1 
60.757 -28.4377 -180.283 0.293549 2.64194 -80 2 -25 10 47752 1 
60.7472 -28.4376 -180.283 0.293549 2.64194 -80 2 -25 10 47753 1 
60.7374 -28.4376 -180.283 0.293549 2.64194 -80 2 -25 10 47754 1 
60.7276 -28.4375 -180.283 0.293549 2.64194 -80 2 -25 10 47755 1 
60.7178 -28.4375 -180.283 0.293549 2.64194 -80 2 -25 10 47756 1 
60.708 -28.4374 -180.283 0.293549 2.64194 -80 2 -25 10 47757 1 
60.6982 -28.4374 -180.283 0.293549 2.64194 -80 2 -25 10 47758 1 
60.6885 -28.4373 -180.283 0.293549 2.64194 -80 2 -25 10 47759 1 
60.6787 -28.4373 -180.283 0.293549 2.64194 -80 2 -25 10 47760 1 
60.6689 -28.4373 -180.283 0.293549 2.64194 -80 2 -25 10 47761 1 
60.6591 -28.4372 -180.283 0.293549 2.64194 -80 2 -25 10 47762 1 
60.6493 -28.4372 -180.283 0.293549 2.64194 -80 2 -25 10 47763 1 
60.6395 -28.4371 -180.283 0.293549 2.64194 -80 2 -25 10 47764 1 
60.6298 -28.4371 -180.283 0.293549 2.64194 -80 2 -25 10 47765 1 
60.62 -28.437 -180.283 0.293549 2.64194 -80 2 -25 10 47766 1 
60.6102 -28.437 -180.284 0.293549 2.64194 -80 2 -25 10 47767 1 
60.6004 -28.4369 -180.284 0.293549 2.64194 -80 2 -25 10 47768 1 
60.5906 -28.4369 -180.284 0.293549 2.64194 -80 2 -25 10 47769 1 
60.5808 -28.4368 -180.284 0.293549 2.64194 -80 2 -25 10 47770 1 
60.571 -28.4368 -180.284 0.293549 2.64194 -80 2 -25 10 47771 1 
60.5613 -28.4367 -180.284 0.293549 2.64194 -80 2 -25 10 47772 1 
60.5515 -28.4367 -180.284 0.293549 2.64194 -80 2 -25 10 47773 1 
60.5417 -28.4366 -180.284 0.293549 2.64194 -80 2 -25 10 47774 1 
60.5319 -28.4366 -180.284 0.293549 2.64194 -80 2 -25 10 47775 1 
60.5221 -28.4365 -180.284 0.293549 2.64194 -80 2 -25 10 47776 1 
60.5123 -28.4365 -180.284 0.293549 2.64194 -80 2 -25 10 47777 1 
60.5026 -28.4364 -180.284 0.293549 2.64194 -80 2 -25 10 47778 1 
60.4928 -28.4364 -180.284 0.293549 2.64194 -80 2 -25 10 47779 1 
60.483 -28.4363 -180.284 0.293549 2.64194 -80 2 -25 10 47780 1 
60.4732 -28.4363 -180.284 0.293549 2.64194 -80 2 -25 10 47781 1 
60.4634 -28.4363 -180.284 0.293549 2.64194 -80 2 -25 10 47782 1 
60.4536 -28.4362 -180.284 0.293549 2.64194 -80 2 -25 10 47783 1 
60.4438 -28.4362 -180.284 0.293549 2.64194 -80 2 -25 10 47784 1 
60.4341 -28.4361 -180.284 0.293549 2.64194 -80 2 -25 10 47785 1 
60.4243 -28.4361 -180.284 0.293549 2.64194 -80 2 -25 10 47786 1 
60.4145 -28.436 -180.284 0.293549 2.64194 -80 2 -25 10 47787 1 
60.4047 -28.436 -180.284 0.293549 2.64194 -80 2 -25 10 47788 1 
60.3949 -28.4359 -180.284 0.293549 2.64194 -80 2 -25 10 47789 1 
60.3851 -28.4359 -180.284 0.293549 2.64194 -80 2 -25 10 47790 1 
60.3754 -28.4358 -180.284 0.293549 2.64194 -80 2 -25 10 47791 1 
60.3656 -28.4358 -180.284 0.293549 2.64194 -80 2 -25 10 47792 1 
60.3558 -28.4357 -180.284 0.293549 2.64194 -80 2 -25 10 47793 1 
60.346 -28.4357 -180.284 0.293549 2.64194 -80 2 -25 10 47794 1 
60.3362 -28.4356 -180.284 0.293549 2.64194 -80 2 -25 10 47795 1 
60.3264 -28.4356 -180.284 0.293549 2.64194 -80 2 -25 10 47796 1 
60.3166 -28.4355 -180.284 0.293549 2.64194 -80 2 -25 10 47797 1 
60.3069 -28.4355 -180.284 0.293549 2.64194 -80 2 -25 10 47798 1 
60.2971 -28.4354 -180.284 0.293549 2.64194 -80 2 -25 10 47799 1 
60.2873 -28.4354 -180.284 0.293549 2.64194 -80 2 -25 10 47800 1 
60.2775 -28.4353 -180.284 0.293549 2.64194 -80 2 -25 10 47801 1 
60.2677 -28.4353 -180.284 0.293549 2.64194 -80 2 -25 10 47802 1 
60.2579 -28.4353 -180.284 0.293549 2.64194 -80 2 -25 10 47803 1 
60.2482 -28.4352 -180.284 0.293549 2.64194 -80 2 -25 10 47804 1 
60.2384 -28.4352 -180.284 0.293549 2.64194 -80 2 -25 10 47805 1 
60.2286 -28.4351 -180.284 0.293549 2.64194 -80 2 -25 10 47806 1 
60.2188 -28.4351 -180.284 0.293549 2.64194 -80 2 -25 10 47807 1 
60.209 -28.435 -180.284 0.293549 2.64194 -80 2 -25 10 47808 1 
60.1992 -28.435 -180.284 0.293549 2.64194 -80 2 -25 10 47809 1 
60.1894 -28.4349 -180.284 0.293549 2.64194 -80 2 -25 10 47810 1 
60.1797 -28.4349 -180.284 0.293549 2.64194 -80 2 -25 10 47811 1 
60.1699 -28.4348 -180.284 0.293549 2.64194 -80 2 -25 10 47812 1 
60.1601 -28.4348 -180.284 0.293549 2.64194 -80 2 -25 10 47813 1 
60.1503 -28.4347 -180.284 0.293549 2.64194 -80 2 -25 10 47814 1 
60.1405 -28.4347 -180.284 0.293549 2.64194 -80 2 -25 10 47815 1 
60.1307 -28.4346 -180.284 0.293549 2.64194 -80 2 -25 10 47816 1 
60.121 -28.4346 -180.284 0.293549 2.64194 -80 2 -25 10 47817 1 
60.1112 -28.4345 -180.284 0.293549 2.64194 -80 2 -25 10 47818 1 
60.1014 -28.4345 -180.284 0.293549 2.64194 -80 2 -25 10 47819 1 
60.0916 -28.4344 -180.284 0.293549 2.64194 -80 2 -25 10 47820 1 
60.0818 -28.4344 -180.284 0.293549 2.64194 -80 2 -25 10 47821 1 
60.072 -28.4343 -180.284 0.293549 2.64194 -80 2 -25 10 47822 1 
60.0622 -28.4343 -180.284 0.293549 2.64194 -80 2 -25 10 47823 1 
60.0525 -28.4342 -180.284 0.293549 2.64194 -80 2 -25 10 47824 1 
60.0427 -28.4342 -180.284 0.293549 2.64194 -80 2 -25 10 47825 1 
60.0329 -28.4342 -180.284 0.293549 2.64194 -80 2 -25 10 47826 1 
60.0231 -28.4341 -180.284 0.293549 2.64194 -80 2 -25 10 47827 1 
60.0133 -28.4341 -180.284 0.293549 2.64194 -80 2 -25 10 47828 1 
60.0035 -28.434 -180.284 0.293549 2.64194 -80 2 -25 10 47829 1 
59.9938 -28.434 -180.284 0.293549 2.64194 -80 2 -25 10 47830 1 
59.984 -28.4339 -180.284 0.293549 2.64194 -80 2 -25 10 47831 1 
59.9742 -28.4339 -180.285 0.293549 2.64194 -80 2 -25 10 47832 1 
59.9644 -28.4338 -180.285 0.293549 2.64194 -80 2 -25 10 47833 1 
59.9546 -28.4338 -180.285 0.293549 2.64194 -80 2 -25 10 47834 1 
59.9448 -28.4337 -180.285 0.293549 2.64194 -80 2 -25 10 47835 1 
59.935 -28.4337 -180.285 0.293549 2.64194 -80 2 -25 10 47836 1 
59.9253 -28.4336 -180.285 0.293549 2.64194 -80 2 -25 10 47837 1 
59.9155 -28.4336 -180.285 0.293549 2.64194 -80 2 -25 10 47838 1 
59.9057 -28.4335 -180.285 0.293549 2.64194 -80 2 -25 10 47839 1 
59.8959 -28.4335 -180.285 0.293549 2.64194 -80 2 -25 10 47840 1 
59.8861 -28.4334 -180.285 0.293549 2.64194 -80 2 -25 10 47841 1 
59.8763 -28.4334 -180.285 0.293549 2.64194 -80 2 -25 10 47842 1 
59.8666 -28.4333 -180.285 0.293549 2.64194 -80 2 -25 10 47843 1 
59.8568 -28.4333 -180.285 0.293549 2.64194 -80 2 -25 10 47844 1 
59.847 -28.4332 -180.285 0.293549 2.64194 -80 2 -25 10 47845 1 
59.8372 -28.4332 -180.285 0.293549 2.64194 -80 2 -25 10 47846 1 
59.8274 -28.4332 -180.285 0.293549 2.64194 -80 2 -25 10 47847 1 
59.8176 -28.4331 -180.285 0.293549 2.64194 -80 2 -25 10 47848 1 
59.8078 -28.4331 -180.285 0.293549 2.64194 -80 2 -25 10 47849 1 
59.7981 -28.433 -180.285 0.293549 2.64194 -80 2 -25 10 47850 1 
59.7883 -28.433 -180.285 0.293549 2.64194 -80 2 -25 10 47851 1 
59.7785 -28.4329 -180.285 0.293549 2.64194 -80 2 -25 10 47852 1 
59.7687 -28.4329 -180.285 0.293549 2.64194 -80 2 -25 10 47853 1 
59.7589 -28.4328 -180.285 0.293549 2.64194 -80 2 -25 10 47854 1 
59.7491 -28.4328 -180.285 0.293549 2.64194 -80 2 -25 10 47855 1 
59.7393 -28.4327 -180.285 0.293549 2.64194 -80 2 -25 10 47856 1 
59.7296 -28.4327 -180.285 0.293549 2.64194 -80 2 -25 10 47857 1 
59.7198 -28.4326 -180.285 0.293549 2.64194 -80 2 -25 10 47858 1 
59.71 -28.4326 -180.285 0.293549 2.64194 -80 2 -25 10 47859 1 
59.7002 -28.4325 -180.285 0.293549 2.64194 -80 2 -25 10 47860 1 
59.6904 -28.4325 -180.285 0.293549 2.64194 -80 2 -25 10 47861 1 
59.6806 -28.4324 -180.285 0.293549 2.64194 -80 2 -25 10 47862 1 
59.6709 -28.4324 -180.285 0.293549 2.64194 -80 2 -25 10 47863 1 
59.6611 -28.4323 -180.285 0.293549 2.64194 -80 2 -25 10 47864 1 
59.6513 -28.4323 -180.285 0.293549 2.64194 -80 2 -25 10 47865 1 
59.6415 -28.4322 -180.285 0.293549 2.64194 -80 2 -25 10 47866 1 
59.6317 -28.4322 -180.285 0.293549 2.64194 -80 2 -25 10 47867 1 
59.6219 -28.4321 -180.285 0.293549 2.64194 -80 2 -25 10 47868 1 
59.6121 -28.4321 -180.285 0.293549 2.64194 -80 2 -25 10 47869 1 
59.6024 -28.432 -180.285 0.293549 2.64194 -80 2 -25 10 47870 1 
59.5926 -28.432 -180.285 0.293549 2.64194 -80 2 -25 10 47871 1 
59.5828 -28.4319 -180.285 0.293549 2.64194 -80 2 -25 10 47872 1 
59.573 -28.4319 -180.285 0.293549 2.64194 -80 2 -25 10 47873 1 
59.5632 -28.4318 -180.285 0.293549 2.64194 -80 2 -25 10 47874 1 
59.5534 -28.4318 -180.285 0.293549 2.64194 -80 2 -25 10 47875 1 
59.5437 -28.4317 -180.285 0.293549 2.64194 -80 2 -25 10 47876 1 
59.5339 -28.4317 -180.285 0.293549 2.64194 -80 2 -25 10 47877 1 
59.5241 -28.4316 -180.285 0.293549 2.64194 -80 2 -25 10 47878 1 
59.5143 -28.4316 -180.285 0.293549 2.64194 -80 2 -25 10 47879 1 
59.5045 -28.4315 -180.285 0.293549 2.64194 -80 2 -25 10 47880 1 
59.4947 -28.4315 -180.285 0.293549 2.64194 -80 2 -25 10 47881 1 
59.4849 -28.4314 -180.285 0.293549 2.64194 -80 2 -25 10 47882 1 
59.4752 -28.4314 -180.285 0.293549 2.64194 -80 2 -25 10 47883 1 
59.4654 -28.4313 -180.285 0.293549 2.64194 -80 2 -25 10 47884 1 
59.4556 -28.4313 -180.285 0.293549 2.64194 -80 2 -25 10 47885 1 
59.4458 -28.4312 -180.285 0.293549 2.64194 -80 2 -25 10 47886 1 
59.436 -28.4312 -180.285 0.293549 2.64194 -80 2 -25 10 47887 1 
59.4262 -28.4311 -180.285 0.293549 2.64194 -80 2 -25 10 47888 1 
59.4165 -28.4311 -180.285 0.293549 2.64194 -80 2 -25 10 47889 1 
59.4067 -28.431 -180.285 0.293549 2.64194 -80 2 -25 10 47890 1 
59.3969 -28.431 -180.285 0.293549 2.64194 -80 2 -25 10 47891 1 
59.3871 -28.4309 -180.285 0.293549 2.64194 -80 2 -25 10 47892 1 
59.3773 -28.4309 -180.285 0.293549 2.64194 -80 2 -25 10 47893 1 
59.3675 -28.4308 -180.285 0.293549 2.64194 -80 2 -25 10 47894 1 
59.3577 -28.4308 -180.285 0.293549 2.64194 -80 2 -25 10 47895 1 
59.348 -28.4307 -180.285 0.293549 2.64194 -80 2 -25 10 47896 1 
59.3382 -28.4307 -180.285 0.293549 2.64194 -80 2 -25 10 47897 1 
59.3284 -28.4306 -180.286 0.293549 2.64194 -80 2 -25 10 47898 1 
59.3186 -28.4306 -180.286 0.293549 2.64194 -80 2 -25 10 47899 1 
59.3088 -28.4305 -180.286 0.293549 2.64194 -80 2 -25 10 47900 1 
59.299 -28.4305 -180.286 0.293549 2.64194 -80 2 -25 10 47901 1 
59.2893 -28.4304 -180.286 0.293549 2.64194 -80 2 -25 10 47902 1 
59.2795 -28.4304 -180.286 0.293549 2.64194 -80 2 -25 10 47903 1 
59.2697 -28.4303 -180.286 0.293549 2.64194 -80 2 -25 10 47904 1 
59.2599 -28.4303 -180.286 0.293549 2.64194 -80 2 -25 10 47905 1 
59.2501 -28.4302 -180.286 0.293549 2.64194 -80 2 -25 10 47906 1 
59.2403 -28.4302 -180.286 0.293549 2.64194 -80 2 -25 10 47907 1 
59.2305 -28.4301 -180.286 0.293549 2.64194 -80 2 -25 10 47908 1 
59.2208 -28.4301 -180.286 0.293549 2.64194 -80 2 -25 10 47909 1 
59.211 -28.43 -180.286 0.293549 2.64194 -80 2 -25 10 47910 1 
59.2012 -28.43 -180.286 0.293549 2.64194 -80 2 -25 10 47911 1 
59.1914 -28.4299 -180.286 0.293549 2.64194 -80 2 -25 10 47912 1 
59.1816 -28.4299 -180.286 0.293549 2.64194 -80 2 -25 10 47913 1 
59.1718 -28.4298 -180.286 0.293549 2.64194 -80 2 -25 10 47914 1 
59.1621 -28.4298 -180.286 0.293549 2.64194 -80 2 -25 10 47915 1 
59.1523 -28.4297 -180.286 0.293549 2.64194 -80 2 -25 10 47916 1 
59.1425 -28.4297 -180.286 0.293549 2.64194 -80 2 -25 10 47917 1 
59.1327 -28.4296 -180.286 0.293549 2.64194 -80 2 -25 10 47918 1 
59.1229 -28.4296 -180.286 0.293549 2.64194 -80 2 -25 10 47919 1 
59.1131 -28.4295 -180.286 0.293549 2.64194 -80 2 -25 10 47920 1 
59.1033 -28.4295 -180.286 0.293549 2.64194 -80 2 -25 10 47921 1 
59.0936 -28.4294 -180.286 0.293549 2.64194 -80 2 -25 10 47922 1 
59.0838 -28.4294 -180.286 0.293549 2.64194 -80 2 -25 10 47923 1 
59.074 -28.4293 -180.286 0.293549 2.64194 -80 2 -25 10 47924 1 
59.0642 -28.4293 -180.286 0.293549 2.64194 -80 2 -25 10 47925 1 
59.0544 -28.4292 -180.286 0.293549 2.64194 -80 2 -25 10 47926 1 
59.0446 -28.4292 -180.286 0.293549 2.64194 -80 2 -25 10 47927 1 
59.0349 -28.4291 -180.286 0.293549 2.64194 -80 2 -25 10 47928 1 
59.0251 -28.4291 -180.286 0.293549 2.64194 -80 2 -25 10 47929 1 
59.0153 -28.429 -180.286 0.293549 2.64194 -80 2 -25 10 47930 1 
59.0055 -28.429 -180.286 0.293549 2.64194 -80 2 -25 10 47931 1 
58.9957 -28.4289 -180.286 0.293549 2.64194 -80 2 -25 10 47932 1 
58.9859 -28.4289 -180.286 0.293549 2.64194 -80 2 -25 10 47933 1 
58.9761 -28.4288 -180.286 0.293549 2.64194 -80 2 -25 10 47934 1 
58.9664 -28.4288 -180.286 0.293549 2.64194 -80 2 -25 10 47935 1 
58.9566 -28.4287 -180.286 0.293549 2.64194 -80 2 -25 10 47936 1 
58.9468 -28.4287 -180.286 0.293549 2.64194 -80 2 -25 10 47937 1 
58.937 -28.4286 -180.286 0.293549 2.64194 -80 2 -25 10 47938 1 
58.9272 -28.4286 -180.286 0.293549 2.64194 -80 2 -25 10 47939 1 
58.9174 -28.4286 -180.286 0.293549 2.64194 -80 2 -25 10 47940 1 
58.9076 -28.4285 -180.286 0.293549 2.64194 -80 2 -25 10 47941 1 
58.8979 -28.4285 -180.286 0.293549 2.64194 -80 2 -25 10 47942 1 
58.8881 -28.4284 -180.286 0.293549 2.64194 -80 2 -25 10 47943 1 
58.8783 -28.4284 -180.286 0.293549 2.64194 -80 2 -25 10 47944 1 
58.8685 -28.4283 -180.286 0.293549 2.64194 -80 2 -25 10 47945 1 
58.8587 -28.4283 -180.286 0.293549 2.64194 -80 2 -25 10 47946 1 
58.8489 -28.4282 -180.286 0.293549 2.64194 -80 2 -25 10 47947 1 
58.8392 -28.4282 -180.286 0.293549 2.64194 -80 2 -25 10 47948 1 
58.8294 -28.4281 -180.286 0.293549 2.64194 -80 2 -25 10 47949 1 
58.8196 -28.4281 -180.286 0.293549 2.64194 -80 2 -25 10 47950 1 
58.8098 -28.428 -180.286 0.293549 2.64194 -80 2 -25 10 47951 1 
58.8 -28.428 -180.286 0.293549 2.64194 -80 2 -25 10 47952 1 
58.7902 -28.4279 -180.286 0.293549 2.64194 -80 2 -25 10 47953 1 
58.7804 -28.4279 -180.286 0.293549 2.64194 -80 2 -25 10 47954 1 
58.7707 -28.4278 -180.286 0.293549 2.64194 -80 2 -25 10 47955 1 
58.7609 -28.4278 -180.286 0.293549 2.64194 -80 2 -25 10 47956 1 
58.7511 -28.4277 -180.286 0.293549 2.64194 -80 2 -25 10 47957 1 
58.7413 -28.4277 -180.286 0.293549 2.64194 -80 2 -25 10 47958 1 
58.7315 -28.4276 -180.286 0.293549 2.64194 -80 2 -25 10 47959 1 
58.7217 -28.4276 -180.286 0.293549 2.64194 -80 2 -25 10 47960 1 
58.712 -28.4275 -180.286 0.293549 2.64194 -80 2 -25 10 47961 1 
58.7022 -28.4275 -180.286 0.293549 2.64194 -80 2 -25 10 47962 1 
58.6924 -28.4274 -180.286 0.293549 2.64194 -80 2 -25 10 47963 1 
58.6826 -28.4274 -180.287 0.293549 2.64194 -80 2 -25 10 47964 1 
58.6728 -28.4273 -180.287 0.293549 2.64194 -80 2 -25 10 47965 1 
58.663 -28.4273 -180.287 0.293549 2.64194 -80 2 -25 10 47966 1 
58.6532 -28.4272 -180.287 0.293549 2.64194 -80 2 -25 10 47967 1 
58.6435 -28.4272 -180.287 0.293549 2.64194 -80 2 -25 10 47968 1 
58.6337 -28.4271 -180.287 0.293549 2.64194 -80 2 -25 10 47969 1 
58.6239 -28.4271 -180.287 0.293549 2.64194 -80 2 -25 10 47970 1 
58.6141 -28.427 -180.287 0.293549 2.64194 -80 2 -25 10 47971 1 
58.6043 -28.427 -180.287 0.293549 2.64194 -80 2 -25 10 47972 1 
58.5945 -28.4269 -180.287 0.293549 2.64194 -80 2 -25 10 47973 1 
58.5848 -28.4269 -180.287 0.293549 2.64194 -80 2 -25 10 47974 1 
58.575 -28.4268 -180.287 0.293549 2.64194 -80 2 -25 10 47975 1 
58.5652 -28.4268 -180.287 0.293549 2.64194 -80 2 -25 10 47976 1 
58.5554 -28.4267 -180.287 0.293549 2.64194 -80 2 -25 10 47977 1 
58.5456 -28.4267 -180.287 0.293549 2.64194 -80 2 -25 10 47978 1 
58.5358 -28.4266 -180.287 0.293549 2.64194 -80 2 -25 10 47979 1 
58.526 -28.4266 -180.287 0.293549 2.64194 -80 2 -25 10 47980 1 
58.5163 -28.4265 -180.287 0.293549 2.64194 -80 2 -25 10 47981 1 
58.5065 -28.4265 -180.287 0.293549 2.64194 -80 2 -25 10 47982 1 
58.4967 -28.4264 -180.287 0.293549 2.64194 -80 2 -25 10 47983 1 
58.4869 -28.4264 -180.287 0.293549 2.64194 -80 2 -25 10 47984 1 
58.4771 -28.4263 -180.287 0.293549 2.64194 -80 2 -25 10 47985 1 
58.4673 -28.4263 -180.287 0.293549 2.64194 -80 2 -25 10 47986 1 
58.4576 -28.4262 -180.287 0.293549 2.64194 -80 2 -25 10 47987 1 
58.4478 -28.4262 -180.287 0.293549 2.64194 -80 2 -25 10 47988 1 
58.438 -28.4261 -180.287 0.293549 2.64194 -80 2 -25 10 47989 1 
58.4282 -28.4261 -180.287 0.293549 2.64194 -80 2 -25 10 47990 1 
58.4184 -28.426 -180.287 0.293549 2.64194 -80 2 -25 10 47991 1 
58.4086 -28.426 -180.287 0.293549 2.64194 -80 2 -25 10 47992 1 
58.3988 -28.4259 -180.287 0.293549 2.64194 -80 2 -25 10 47993 1 
58.3891 -28.4259 -180.287 0.293549 2.64194 -80 2 -25 10 47994 1 
58.3793 -28.4258 -180.287 0.293549 2.64194 -80 2 -25 10 47995 1 
58.3695 -28.4258 -180.287 0.293549 2.64194 -80 2 -25 10 47996 1 
58.3597 -28.4257 -180.287 0.293549 2.64194 -80 2 -25 10 47997 1 
58.3499 -28.4257 -180.287 0.293549 2.64194 -80 2 -25 10 47998 1 
58.3401 -28.4256 -180.287 0.293549 2.64194 -80 2 -25 10 47999 1 
58.3304 -28.4256 -180.287 0.293549 2.64194 -80 2 -25 10 48000 1 
58.3206 -28.4255 -180.287 0.293549 2.64194 -80 2 -25 10 48001 1 
58.3108 -28.4255 -180.287 0.293549 2.64194 -80 2 -25 10 48002 1 
58.301 -28.4254 -180.287 0.293549 2.64194 -80 2 -25 10 48003 1 
58.2912 -28.4254 -180.287 0.293549 2.64194 -80 2 -25 10 48004 1 
58.2814 -28.4253 -180.287 0.293549 2.64194 -80 2 -25 10 48005 1 
58.2716 -28.4253 -180.287 0.293549 2.64194 -80 2 -25 10 48006 1 
58.2619 -28.4252 -180.287 0.293549 2.64194 -80 2 -25 10 48007 1 
58.2521 -28.4252 -180.287 0.293549 2.64194 -80 2 -25 10 48008 1 
58.2423 -28.4251 -180.287 0.293549 2.64194 -80 2 -25 10 48009 1 
58.2325 -28.4251 -180.287 0.293549 2.64194 -80 2 -25 10 48010 1 
58.2227 -28.425 -180.287 0.293549 2.64194 -80 2 -25 10 48011 1 
58.2129 -28.425 -180.287 0.293549 2.64194 -80 2 -25 10 48012 1 
58.2032 -28.4249 -180.287 0.293549 2.64194 -80 2 -25 10 48013 1 
58.1934 -28.4249 -180.287 0.293549 2.64194 -80 2 -25 10 48014 1 
58.1836 -28.4248 -180.287 0.293549 2.64194 -80 2 -25 10 48015 1 
58.1738 -28.4248 -180.287 0.293549 2.64194 -80 2 -25 10 48016 1 
58.164 -28.4247 -180.287 0.293549 2.64194 -80 2 -25 10 48017 1 
58.1542 -28.4247 -180.287 0.293549 2.64194 -80 2 -25 10 48018 1 
58.1444 -28.4246 -180.287 0.293549 2.64194 -80 2 -25 10 48019 1 
58.1347 -28.4246 -180.287 0.293549 2.64194 -80 2 -25 10 48020 1 
58.1249 -28.4245 -180.287 0.293549 2.64194 -80 2 -25 10 48021 1 
58.1151 -28.4245 -180.287 0.293549 2.64194 -80 2 -25 10 48022 1 
58.1053 -28.4244 -180.287 0.293549 2.64194 -80 2 -25 10 48023 1 
58.0955 -28.4244 -180.287 0.293549 2.64194 -80 2 -25 10 48024 1 
58.0857 -28.4243 -180.287 0.293549 2.64194 -80 2 -25 10 48025 1 
58.076 -28.4243 -180.287 0.293549 2.64194 -80 2 -25 10 48026 1 
58.0662 -28.4242 -180.287 0.293549 2.64194 -80 2 -25 10 48027 1 
58.0564 -28.4242 -180.287 0.293549 2.64194 -80 2 -25 10 48028 1 
58.0466 -28.4241 -180.288 0.293549 2.64194 -80 2 -25 10 48029 1 
58.0368 -28.4241 -180.288 0.293549 2.64194 -80 2 -25 10 48030 1 
58.027 -28.424 -180.288 0.293549 2.64194 -80 2 -25 10 48031 1 
58.0172 -28.424 -180.288 0.293549 2.64194 -80 2 -25 10 48032 1 
58.0075 -28.4239 -180.288 0.293549 2.64194 -80 2 -25 10 48033 1 
57.9977 -28.4239 -180.288 0.293549 2.64194 -80 2 -25 10 48034 1 
57.9879 -28.4238 -180.288 0.293549 2.64194 -80 2 -25 10 48035 1 
57.9781 -28.4238 -180.288 0.293549 2.64194 -80 2 -25 10 48036 1 
57.9683 -28.4237 -180.288 0.293549 2.64194 -80 2 -25 10 48037 1 
57.9585 -28.4237 -180.288 0.293549 2.64194 -80 2 -25 10 48038 1 
57.9487 -28.4236 -180.288 0.293549 2.64194 -80 2 -25 10 48039 1 
57.939 -28.4236 -180.288 0.293549 2.64194 -80 2 -25 10 48040 1 
57.9292 -28.4235 -180.288 0.293549 2.64194 -80 2 -25 10 48041 1 
57.9194 -28.4235 -180.288 0.293549 2.64194 -80 2 -25 10 48042 1 
57.9096 -28.4234 -180.288 0.293549 2.64194 -80 2 -25 10 48043 1 
57.8998 -28.4234 -180.288 0.293549 2.64194 -80 2 -25 10 48044 1 
57.89 -28.4233 -180.288 0.293549 2.64194 -80 2 -25 10 48045 1 
57.8803 -28.4233 -180.288 0.293549 2.64194 -80 2 -25 10 48046 1 
57.8705 -28.4232 -180.288 0.293549 2.64194 -80 2 -25 10 48047 1 
57.8607 -28.4232 -180.288 0.293549 2.64194 -80 2 -25 10 48048 1 
57.8509 -28.4231 -180.288 0.293549 2.64194 -80 2 -25 10 48049 1 
57.8411 -28.4231 -180.288 0.293549 2.64194 -80 2 -25 10 48050 1 
57.8313 -28.423 -180.288 0.293549 2.64194 -80 2 -25 10 48051 1 
57.8215 -28.423 -180.288 0.293549 2.64194 -80 2 -25 10 48052 1 
57.8118 -28.4229 -180.288 0.293549 2.64194 -80 2 -25 10 48053 1 
57.802 -28.4229 -180.288 0.293549 2.64194 -80 2 -25 10 48054 1 
57.7922 -28.4228 -180.288 0.293549 2.64194 -80 2 -25 10 48055 1 
57.7824 -28.4228 -180.288 0.293549 2.64194 -80 2 -25 10 48056 1 
57.7726 -28.4227 -180.288 0.293549 2.64194 -80 2 -25 10 48057 1 
57.7628 -28.4227 -180.288 0.293549 2.64194 -80 2 -25 10 48058 1 
57.7531 -28.4226 -180.288 0.293549 2.64194 -80 2 -25 10 48059 1 
57.7433 -28.4226 -180.288 0.293549 2.64194 -80 2 -25 10 48060 1 
57.7335 -28.4226 -180.288 0.293549 2.64194 -80 2 -25 10 48061 1 
57.7237 -28.4225 -180.288 0.293549 2.64194 -80 2 -25 10 48062 1 
57.7139 -28.4225 -180.288 0.293549 2.64194 -80 2 -25 10 48063 1 
57.7041 -28.4224 -180.288 0.293549 2.64194 -80 2 -25 10 48064 1 
57.6943 -28.4224 -180.288 0.293549 2.64194 -80 2 -25 10 48065 1 
57.6846 -28.4223 -180.288 0.293549 2.64194 -80 2 -25 10 48066 1 
57.6748 -28.4223 -180.288 0.293549 2.64194 -80 2 -25 10 48067 1 
57.665 -28.4222 -180.288 0.293549 2.64194 -80 2 -25 10 48068 1 
57.6552 -28.4222 -180.288 0.293549 2.64194 -80 2 -25 10 48069 1 
57.6454 -28.4221 -180.288 0.293549 2.64194 -80 2 -25 10 48070 1 
57.6356 -28.4221 -180.288 0.293549 2.64194 -80 2 -25 10 48071 1 
57.6259 -28.422 -180.288 0.293549 2.64194 -80 2 -25 10 48072 1 
57.6161 -28.422 -180.288 0.293549 2.64194 -80 2 -25 10 48073 1 
57.6063 -28.4219 -180.288 0.293549 2.64194 -80 2 -25 10 48074 1 
57.5965 -28.4219 -180.288 0.293549 2.64194 -80 2 -25 10 48075 1 
57.5867 -28.4218 -180.288 0.293549 2.64194 -80 2 -25 10 48076 1 
57.5769 -28.4218 -180.288 0.293549 2.64194 -80 2 -25 10 48077 1 
57.5671 -28.4217 -180.288 0.293549 2.64194 -80 2 -25 10 48078 1 
57.5574 -28.4217 -180.288 0.293549 2.64194 -80 2 -25 10 48079 1 
57.5476 -28.4216 -180.288 0.293549 2.64194 -80 2 -25 10 48080 1 
57.5378 -28.4216 -180.288 0.293549 2.64194 -80 2 -25 10 48081 1 
57.528 -28.4215 -180.288 0.293549 2.64194 -80 2 -25 10 48082 1 
57.5182 -28.4215 -180.288 0.293549 2.64194 -80 2 -25 10 48083 1 
57.5084 -28.4214 -180.288 0.293549 2.64194 -80 2 -25 10 48084 1 
57.4987 -28.4214 -180.288 0.293549 2.64194 -80 2 -25 10 48085 1 
57.4889 -28.4213 -180.288 0.293549 2.64194 -80 2 -25 10 48086 1 
57.4791 -28.4213 -180.288 0.293549 2.64194 -80 2 -25 10 48087 1 
57.4693 -28.4212 -180.288 0.293549 2.64194 -80 2 -25 10 48088 1 
57.4595 -28.4212 -180.288 0.293549 2.64194 -80 2 -25 10 48089 1 
57.4497 -28.4211 -180.288 0.293549 2.64194 -80 2 -25 10 48090 1 
57.4399 -28.4211 -180.288 0.293549 2.64194 -80 2 -25 10 48091 1 
57.4302 -28.421 -180.288 0.293549 2.64194 -80 2 -25 10 48092 1 
57.4204 -28.421 -180.288 0.293549 2.64194 -80 2 -25 10 48093 1 
57.4106 -28.4209 -180.288 0.293549 2.64194 -80 2 -25 10 48094 1 
57.4008 -28.4209 -180.289 0.293549 2.64194 -80 2 -25 10 48095 1 
57.391 -28.4208 -180.289 0.293549 2.64194 -80 2 -25 10 48096 1 
57.3812 -28.4208 -180.289 0.293549 2.64194 -80 2 -25 10 48097 1 
57.3715 -28.4207 -180.289 0.293549 2.64194 -80 2 -25 10 48098 1 
57.3617 -28.4207 -180.289 0.293549 2.64194 -80 2 -25 10 48099 1 
57.3519 -28.4206 -180.289 0.293549 2.64194 -80 2 -25 10 48100 1 
57.3421 -28.4206 -180.289 0.293549 2.64194 -80 2 -25 10 48101 1 
57.3323 -28.4205 -180.289 0.293549 2.64194 -80 2 -25 10 48102 1 
57.3225 -28.4205 -180.289 0.293549 2.64194 -80 2 -25 10 48103 1 
57.3127 -28.4204 -180.289 0.293549 2.64194 -80 2 -25 10 48104 1 
57.303 -28.4204 -180.289 0.293549 2.64194 -80 2 -25 10 48105 1 
57.2932 -28.4203 -180.289 0.293549 2.64194 -80 2 -25 10 48106 1 
57.2834 -28.4203 -180.289 0.293549 2.64194 -80 2 -25 10 48107 1 
57.2736 -28.4202 -180.289 0.293549 2.64194 -80 2 -25 10 48108 1 
57.2638 -28.4202 -180.289 0.293549 2.64194 -80 2 -25 10 48109 1 
57.254 -28.4201 -180.289 0.293549 2.64194 -80 2 -25 10 48110 1 
57.2443 -28.4201 -180.289 0.293549 2.64194 -80 2 -25 10 48111 1 
57.2345 -28.42 -180.289 0.293549 2.64194 -80 2 -25 10 48112 1 
57.2247 -28.42 -180.289 0.293549 2.64194 -80 2 -25 10 48113 1 
57.2149 -28.4199 -180.289 0.293549 2.64194 -80 2 -25 10 48114 1 
57.2051 -28.4199 -180.289 0.293549 2.64194 -80 2 -25 10 48115 1 
57.1953 -28.4198 -180.289 0.293549 2.64194 -80 2 -25 10 48116 1 
57.1855 -28.4198 -180.289 0.293549 2.64194 -80 2 -25 10 48117 1 
57.1758 -28.4197 -180.289 0.293549 2.64194 -80 2 -25 10 48118 1 
57.166 -28.4197 -180.289 0.293549 2.64194 -80 2 -25 10 48119 1 
57.1562 -28.4196 -180.289 0.293549 2.64194 -80 2 -25 10 48120 1 
57.1464 -28.4196 -180.289 0.293549 2.64194 -80 2 -25 10 48121 1 
57.1366 -28.4195 -180.289 0.293549 2.64194 -80 2 -25 10 48122 1 
57.1268 -28.4195 -180.289 0.293549 2.64194 -80 2 -25 10 48123 1 
57.1171 -28.4194 -180.289 0.293549 2.64194 -80 2 -25 10 48124 1 
57.1073 -28.4194 -180.289 0.293549 2.64194 -80 2 -25 10 48125 1 
57.0975 -28.4193 -180.289 0.293549 2.64194 -80 2 -25 10 48126 1 
57.0877 -28.4193 -180.289 0.293549 2.64194 -80 2 -25 10 48127 1 
57.0779 -28.4192 -180.289 0.293549 2.64194 -80 2 -25 10 48128 1 
57.0681 -28.4192 -180.289 0.293549 2.64194 -80 2 -25 10 48129 1 
57.0583 -28.4191 -180.289 0.293549 2.64194 -80 2 -25 10 48130 1 
57.0486 -28.4191 -180.289 0.293549 2.64194 -80 2 -25 10 48131 1 
57.0388 -28.419 -180.289 0.293549 2.64194 -80 2 -25 10 48132 1 
57.029 -28.419 -180.289 0.293549 2.64194 -80 2 -25 10 48133 1 
57.0192 -28.4189 -180.289 0.293549 2.64194 -80 2 -25 10 48134 1 
57.0094 -28.4189 -180.289 0.293549 2.64194 -80 2 -25 10 48135 1 
56.9996 -28.4188 -180.289 0.293549 2.64194 -80 2 -25 10 48136 1 
56.9898 -28.4188 -180.289 0.293549 2.64194 -80 2 -25 10 48137 1 
56.9801 -28.4187 -180.289 0.293549 2.64194 -80 2 -25 10 48138 1 
56.9703 -28.4187 -180.289 0.293549 2.64194 -80 2 -25 10 48139 1 
56.9605 -28.4186 -180.289 0.293549 2.64194 -80 2 -25 10 48140 1 
56.9507 -28.4186 -180.289 0.293549 2.64194 -80 2 -25 10 48141 1 
56.9409 -28.4185 -180.289 0.293549 2.64194 -80 2 -25 10 48142 1 
56.9311 -28.4185 -180.289 0.293549 2.64194 -80 2 -25 10 48143 1 
56.9214 -28.4184 -180.289 0.293549 2.64194 -80 2 -25 10 48144 1 
56.9116 -28.4184 -180.289 0.293549 2.64194 -80 2 -25 10 48145 1 
56.9018 -28.4183 -180.289 0.293549 2.64194 -80 2 -25 10 48146 1 
56.892 -28.4183 -180.289 0.293549 2.64194 -80 2 -25 10 48147 1 
56.8822 -28.4182 -180.289 0.293549 2.64194 -80 2 -25 10 48148 1 
56.8724 -28.4182 -180.289 0.293549 2.64194 -80 2 -25 10 48149 1 
56.8626 -28.4181 -180.289 0.293549 2.64194 -80 2 -25 10 48150 1 
56.8529 -28.4181 -180.289 0.293549 2.64194 -80 2 -25 10 48151 1 
56.8431 -28.418 -180.289 0.293549 2.64194 -80 2 -25 10 48152 1 
56.8333 -28.418 -180.289 0.293549 2.64194 -80 2 -25 10 48153 1 
56.8235 -28.4179 -180.289 0.293549 2.64194 -80 2 -25 10 48154 1 
56.8137 -28.4179 -180.289 0.293549 2.64194 -80 2 -25 10 48155 1 
56.8039 -28.4178 -180.289 0.293549 2.64194 -80 2 -25 10 48156 1 
56.7942 -28.4178 -180.289 0.293549 2.64194 -80 2 -25 10 48157 1 
56.7844 -28.4177 -180.289 0.293549 2.64194 -80 2 -25 10 48158 1 
56.7746 -28.4177 -180.289 0.293549 2.64194 -80 2 -25 10 48159 1 
56.7648 -28.4176 -180.29 0.293549 2.64194 -80 2 -25 10 48160 1 
56.755 -28.4176 -180.29 0.293549 2.64194 -80 2 -25 10 48161 1 
56.7452 -28.4175 -180.29 0.293549 2.64194 -80 2 -25 10 48162 1 
56.7354 -28.4175 -180.29 0.293549 2.64194 -80 2 -25 10 48163 1 
56.7257 -28.4174 -180.29 0.293549 2.64194 -80 2 -25 10 48164 1 
56.7159 -28.4174 -180.29 0.293549 2.64194 -80 2 -25 10 48165 1 
56.7061 -28.4173 -180.29 0.293549 2.64194 -80 2 -25 10 48166 1 
56.6963 -28.4173 -180.29 0.293549 2.64194 -80 2 -25 10 48167 1 
56.6865 -28.4172 -180.29 0.293549 2.64194 -80 2 -25 10 48168 1 
56.6767 -28.4172 -180.29 0.293549 2.64194 -80 2 -25 10 48169 1 
56.667 -28.4171 -180.29 0.293549 2.64194 -80 2 -25 10 48170 1 
56.6572 -28.4171 -180.29 0.293549 2.64194 -80 2 -25 10 48171 1 
56.6474 -28.417 -180.29 0.293549 2.64194 -80 2 -25 10 48172 1 
56.6376 -28.417 -180.29 0.293549 2.64194 -80 2 -25 10 48173 1 
56.6278 -28.4169 -180.29 0.293549 2.64194 -80 2 -25 10 48174 1 
56.618 -28.4169 -180.29 0.293549 2.64194 -80 2 -25 10 48175 1 
56.6082 -28.4168 -180.29 0.293549 2.64194 -80 2 -25 10 48176 1 
56.5985 -28.4168 -180.29 0.293549 2.64194 -80 2 -25 10 48177 1 
56.5887 -28.4167 -180.29 0.293549 2.64194 -80 2 -25 10 48178 1 
56.5789 -28.4167 -180.29 0.293549 2.64194 -80 2 -25 10 48179 1 
56.5691 -28.4166 -180.29 0.293549 2.64194 -80 2 -25 10 48180 1 
56.5593 -28.4166 -180.29 0.293549 2.64194 -80 2 -25 10 48181 1 
56.5495 -28.4165 -180.29 0.293549 2.64194 -80 2 -25 10 48182 1 
56.5398 -28.4165 -180.29 0.293549 2.64194 -80 2 -25 10 48183 1 
56.53 -28.4165 -180.29 0.293549 2.64194 -80 2 -25 10 48184 1 
56.5202 -28.4164 -180.29 0.293549 2.64194 -80 2 -25 10 48185 1 
56.5104 -28.4164 -180.29 0.293549 2.64194 -80 2 -25 10 48186 1 
56.5006 -28.4163 -180.29 0.293549 2.64194 -80 2 -25 10 48187 1 
56.4908 -28.4163 -180.29 0.293549 2.64194 -80 2 -25 10 48188 1 
56.481 -28.4162 -180.29 0.293549 2.64194 -80 2 -25 10 48189 1 
56.4713 -28.4162 -180.29 0.293549 2.64194 -80 2 -25 10 48190 1 
56.4615 -28.4161 -180.29 0.293549 2.64194 -80 2 -25 10 48191 1 
56.4517 -28.4161 -180.29 0.293549 2.64194 -80 2 -25 10 48192 1 
56.4419 -28.416 -180.29 0.293549 2.64194 -80 2 -25 10 48193 1 
56.4321 -28.416 -180.29 0.293549 2.64194 -80 2 -25 10 48194 1 
56.4223 -28.4159 -180.29 0.293549 2.64194 -80 2 -25 10 48195 1 
56.4126 -28.4159 -180.29 0.293549 2.64194 -80 2 -25 10 48196 1 
56.4028 -28.4158 -180.29 0.293549 2.64194 -80 2 -25 10 48197 1 
56.393 -28.4158 -180.29 0.293549 2.64194 -80 2 -25 10 48198 1 
56.3832 -28.4157 -180.29 0.293549 2.64194 -80 2 -25 10 48199 1 
56.3734 -28.4157 -180.29 0.293549 2.64194 -80 2 -25 10 48200 1 
56.3636 -28.4156 -180.29 0.293549 2.64194 -80 2 -25 10 48201 1 
56.3538 -28.4156 -180.29 0.293549 2.64194 -80 2 -25 10 48202 1 
56.3441 -28.4155 -180.29 0.293549 2.64194 -80 2 -25 10 48203 1 
56.3343 -28.4155 -180.29 0.293549 2.64194 -80 2 -25 10 48204 1 
56.3245 -28.4154 -180.29 0.293549 2.64194 -80 2 -25 10 48205 1 
56.3147 -28.4154 -180.29 0.293549 2.64194 -80 2 -25 10 48206 1 
56.3049 -28.4153 -180.29 0.293549 2.64194 -80 2 -25 10 48207 1 
56.2951 -28.4153 -180.29 0.293549 2.64194 -80 2 -25 10 48208 1 
56.2854 -28.4152 -180.29 0.293549 2.64194 -80 2 -25 10 48209 1 
56.2756 -28.4152 -180.29 0.293549 2.64194 -80 2 -25 10 48210 1 
56.2658 -28.4151 -180.29 0.293549 2.64194 -80 2 -25 10 48211 1 
56.256 -28.4151 -180.29 0.293549 2.64194 -80 2 -25 10 48212 1 
56.2462 -28.415 -180.29 0.293549 2.64194 -80 2 -25 10 48213 1 
56.2364 -28.415 -180.29 0.293549 2.64194 -80 2 -25 10 48214 1 
56.2266 -28.4149 -180.29 0.293549 2.64194 -80 2 -25 10 48215 1 
56.2169 -28.4149 -180.29 0.293549 2.64194 -80 2 -25 10 48216 1 
56.2071 -28.4148 -180.29 0.293549 2.64194 -80 2 -25 10 48217 1 
56.1973 -28.4148 -180.29 0.293549 2.64194 -80 2 -25 10 48218 1 
56.1875 -28.4147 -180.29 0.293549 2.64194 -80 2 -25 10 48219 1 
56.1777 -28.4147 -180.29 0.293549 2.64194 -80 2 -25 10 48220 1 
56.1679 -28.4146 -180.29 0.293549 2.64194 -80 2 -25 10 48221 1 
56.1581 -28.4146 -180.29 0.293549 2.64194 -80 2 -25 10 48222 1 
56.1484 -28.4145 -180.29 0.293549 2.64194 -80 2 -25 10 48223 1 
56.1386 -28.4145 -180.29 0.293549 2.64194 -80 2 -25 10 48224 1 
56.1288 -28.4144 -180.29 0.293549 2.64194 -80 2 -25 10 48225 1 
56.119 -28.4144 -180.291 0.293549 2.64194 -80 2 -25 10 48226 1 
56.1092 -28.4143 -180.291 0.293549 2.64194 -80 2 -25 10 48227 1 
56.0994 -28.4143 -180.291 0.293549 2.64194 -80 2 -25 10 48228 1 
56.0897 -28.4142 -180.291 0.293549 2.64194 -80 2 -25 10 48229 1 
56.0799 -28.4142 -180.291 0.293549 2.64194 -80 2 -25 10 48230 1 
56.0701 -28.4141 -180.291 0.293549 2.64194 -80 2 -25 10 48231 1 
56.0603 -28.4141 -180.291 0.293549 2.64194 -80 2 -25 10 48232 1 
56.0505 -28.414 -180.291 0.293549 2.64194 -80 2 -25 10 48233 1 
56.0407 -28.414 -180.291 0.293549 2.64194 -80 2 -25 10 48234 1 
56.0309 -28.4139 -180.291 0.293549 2.64194 -80 2 -25 10 48235 1 
56.0212 -28.4139 -180.291 0.293549 2.64194 -80 2 -25 10 48236 1 
56.0114 -28.4138 -180.291 0.293549 2.64194 -80 2 -25 10 48237 1 
56.0016 -28.4138 -180.291 0.293549 2.64194 -80 2 -25 10 48238 1 
55.9918 -28.4137 -180.291 0.293549 2.64194 -80 2 -25 10 48239 1 
55.982 -28.4137 -180.291 0.293549 2.64194 -80 2 -25 10 48240 1 
55.9722 -28.4136 -180.291 0.293549 2.64194 -80 2 -25 10 48241 1 
55.9625 -28.4136 -180.291 0.293549 2.64194 -80 2 -25 10 48242 1 
55.9527 -28.4135 -180.291 0.293549 2.64194 -80 2 -25 10 48243 1 
55.9429 -28.4135 -180.291 0.293549 2.64194 -80 2 -25 10 48244 1 
55.9331 -28.4134 -180.291 0.293549 2.64194 -80 2 -25 10 48245 1 
55.9233 -28.4134 -180.291 0.293549 2.64194 -80 2 -25 10 48246 1 
55.9135 -28.4133 -180.291 0.293549 2.64194 -80 2 -25 10 48247 1 
55.9037 -28.4133 -180.291 0.293549 2.64194 -80 2 -25 10 48248 1 
55.894 -28.4132 -180.291 0.293549 2.64194 -80 2 -25 10 48249 1 
55.8842 -28.4132 -180.291 0.293549 2.64194 -80 2 -25 10 48250 1 
55.8744 -28.4131 -180.291 0.293549 2.64194 -80 2 -25 10 48251 1 
55.8646 -28.4131 -180.291 0.293549 2.64194 -80 2 -25 10 48252 1 
55.8548 -28.413 -180.291 0.293549 2.64194 -80 2 -25 10 48253 1 
55.845 -28.413 -180.291 0.293549 2.64194 -80 2 -25 10 48254 1 
55.8353 -28.4129 -180.291 0.293549 2.64194 -80 2 -25 10 48255 1 
55.8255 -28.4129 -180.291 0.293549 2.64194 -80 2 -25 10 48256 1 
55.8157 -28.4128 -180.291 0.293549 2.64194 -80 2 -25 10 48257 1 
55.8059 -28.4128 -180.291 0.293549 2.64194 -80 2 -25 10 48258 1 
55.7961 -28.4127 -180.291 0.293549 2.64194 -80 2 -25 10 48259 1 
55.7863 -28.4127 -180.291 0.293549 2.64194 -80 2 -25 10 48260 1 
55.7765 -28.4126 -180.291 0.293549 2.64194 -80 2 -25 10 48261 1 
55.7668 -28.4126 -180.291 0.293549 2.64194 -80 2 -25 10 48262 1 
55.757 -28.4125 -180.291 0.293549 2.64194 -80 2 -25 10 48263 1 
55.7472 -28.4125 -180.291 0.293549 2.64194 -80 2 -25 10 48264 1 
55.7374 -28.4124 -180.291 0.293549 2.64194 -80 2 -25 10 48265 1 
55.7276 -28.4124 -180.291 0.293549 2.64194 -80 2 -25 10 48266 1 
55.7178 -28.4123 -180.291 0.293549 2.64194 -80 2 -25 10 48267 1 
55.7081 -28.4123 -180.291 0.293549 2.64194 -80 2 -25 10 48268 1 
55.6983 -28.4122 -180.291 0.293549 2.64194 -80 2 -25 10 48269 1 
55.6885 -28.4122 -180.291 0.293549 2.64194 -80 2 -25 10 48270 1 
55.6787 -28.4121 -180.291 0.293549 2.64194 -80 2 -25 10 48271 1 
55.6689 -28.4121 -180.291 0.293549 2.64194 -80 2 -25 10 48272 1 
55.6591 -28.412 -180.291 0.293549 2.64194 -80 2 -25 10 48273 1 
55.6493 -28.412 -180.291 0.293549 2.64194 -80 2 -25 10 48274 1 
55.6396 -28.4119 -180.291 0.293549 2.64194 -80 2 -25 10 48275 1 
55.6298 -28.4119 -180.291 0.293549 2.64194 -80 2 -25 10 48276 1 
55.62 -28.4118 -180.291 0.293549 2.64194 -80 2 -25 10 48277 1 
55.6102 -28.4118 -180.291 0.293549 2.64194 -80 2 -25 10 48278 1 
55.6004 -28.4117 -180.291 0.293549 2.64194 -80 2 -25 10 48279 1 
55.5906 -28.4117 -180.291 0.293549 2.64194 -80 2 -25 10 48280 1 
55.5809 -28.4116 -180.291 0.293549 2.64194 -80 2 -25 10 48281 1 
55.5711 -28.4116 -180.291 0.293549 2.64194 -80 2 -25 10 48282 1 
55.5613 -28.4115 -180.291 0.293549 2.64194 -80 2 -25 10 48283 1 
55.5515 -28.4115 -180.291 0.293549 2.64194 -80 2 -25 10 48284 1 
55.5417 -28.4114 -180.291 0.293549 2.64194 -80 2 -25 10 48285 1 
55.5319 -28.4114 -180.291 0.293549 2.64194 -80 2 -25 10 48286 1 
55.5221 -28.4113 -180.291 0.293549 2.64194 -80 2 -25 10 48287 1 
55.5124 -28.4113 -180.291 0.293549 2.64194 -80 2 -25 10 48288 1 
55.5026 -28.4112 -180.291 0.293549 2.64194 -80 2 -25 10 48289 1 
55.4928 -28.4112 -180.291 0.293549 2.64194 -80 2 -25 10 48290 1 
55.483 -28.4111 -180.292 0.293549 2.64194 -80 2 -25 10 48291 1 
55.4732 -28.4111 -180.292 0.293549 2.64194 -80 2 -25 10 48292 1 
55.4634 -28.411 -180.292 0.293549 2.64194 -80 2 -25 10 48293 1 
55.4537 -28.411 -180.292 0.293549 2.64194 -80 2 -25 10 48294 1 
55.4439 -28.4109 -180.292 0.293549 2.64194 -80 2 -25 10 48295 1 
55.4341 -28.4109 -180.292 0.293549 2.64194 -80 2 -25 10 48296 1 
55.4243 -28.4108 -180.292 0.293549 2.64194 -80 2 -25 10 48297 1 
55.4145 -28.4108 -180.292 0.293549 2.64194 -80 2 -25 10 48298 1 
55.4047 -28.4107 -180.292 0.293549 2.64194 -80 2 -25 10 48299 1 
55.3949 -28.4107 -180.292 0.293549 2.64194 -80 2 -25 10 48300 1 
55.3852 -28.4106 -180.292 0.293549 2.64194 -80 2 -25 10 48301 1 
55.3754 -28.4106 -180.292 0.293549 2.64194 -80 2 -25 10 48302 1 
55.3656 -28.4105 -180.292 0.293549 2.64194 -80 2 -25 10 48303 1 
55.3558 -28.4105 -180.292 0.293549 2.64194 -80 2 -25 10 48304 1 
55.346 -28.4104 -180.292 0.293549 2.64194 -80 2 -25 10 48305 1 
55.3362 -28.4104 -180.292 0.293549 2.64194 -80 2 -25 10 48306 1 
55.3265 -28.4104 -180.292 0.293549 2.64194 -80 2 -25 10 48307 1 
55.3167 -28.4103 -180.292 0.293549 2.64194 -80 2 -25 10 48308 1 
55.3069 -28.4103 -180.292 0.293549 2.64194 -80 2 -25 10 48309 1 
55.2971 -28.4102 -180.292 0.293549 2.64194 -80 2 -25 10 48310 1 
55.2873 -28.4102 -180.292 0.293549 2.64194 -80 2 -25 10 48311 1 
55.2775 -28.4101 -180.292 0.293549 2.64194 -80 2 -25 10 48312 1 
55.2677 -28.4101 -180.292 0.293549 2.64194 -80 2 -25 10 48313 1 
55.258 -28.41 -180.292 0.293549 2.64194 -80 2 -25 10 48314 1 
55.2482 -28.41 -180.292 0.293549 2.64194 -80 2 -25 10 48315 1 
55.2384 -28.4099 -180.292 0.293549 2.64194 -80 2 -25 10 48316 1 
55.2286 -28.4099 -180.292 0.293549 2.64194 -80 2 -25 10 48317 1 
55.2188 -28.4098 -180.292 0.293549 2.64194 -80 2 -25 10 48318 1 
55.209 -28.4098 -180.292 0.293549 2.64194 -80 2 -25 10 48319 1 
55.1992 -28.4097 -180.292 0.293549 2.64194 -80 2 -25 10 48320 1 
55.1895 -28.4097 -180.292 0.293549 2.64194 -80 2 -25 10 48321 1 
55.1797 -28.4096 -180.292 0.293549 2.64194 -80 2 -25 10 48322 1 
55.1699 -28.4096 -180.292 0.293549 2.64194 -80 2 -25 10 48323 1 
55.1601 -28.4095 -180.292 0.293549 2.64194 -80 2 -25 10 48324 1 
55.1503 -28.4095 -180.292 0.293549 2.64194 -80 2 -25 10 48325 1 
55.1405 -28.4094 -180.292 0.293549 2.64194 -80 2 -25 10 48326 1 
55.1308 -28.4094 -180.292 0.293549 2.64194 -80 2 -25 10 48327 1 
55.121 -28.4093 -180.292 0.293549 2.64194 -80 2 -25 10 48328 1 
55.1112 -28.4093 -180.292 0.293549 2.64194 -80 2 -25 10 48329 1 
55.1014 -28.4092 -180.292 0.293549 2.64194 -80 2 -25 10 48330 1 
55.0916 -28.4092 -180.292 0.293549 2.64194 -80 2 -25 10 48331 1 
55.0818 -28.4091 -180.292 0.293549 2.64194 -80 2 -25 10 48332 1 
55.072 -28.4091 -180.292 0.293549 2.64194 -80 2 -25 10 48333 1 
55.0623 -28.409 -180.292 0.293549 2.64194 -80 2 -25 10 48334 1 
55.0525 -28.409 -180.292 0.293549 2.64194 -80 2 -25 10 48335 1 
55.0427 -28.4089 -180.292 0.293549 2.64194 -80 2 -25 10 48336 1 
55.0329 -28.4089 -180.292 0.293549 2.64194 -80 2 -25 10 48337 1 
55.0231 -28.4088 -180.292 0.293549 2.64194 -80 2 -25 10 48338 1 
55.0133 -28.4088 -180.292 0.293549 2.64194 -80 2 -25 10 48339 1 
55.0036 -28.4087 -180.292 0.293549 2.64194 -80 2 -25 10 48340 1 
54.9938 -28.4087 -180.292 0.293549 2.64194 -80 2 -25 10 48341 1 
54.984 -28.4086 -180.292 0.293549 2.64194 -80 2 -25 10 48342 1 
54.9742 -28.4086 -180.292 0.293549 2.64194 -80 2 -25 10 48343 1 
54.9644 -28.4085 -180.292 0.293549 2.64194 -80 2 -25 10 48344 1 
54.9546 -28.4085 -180.292 0.293549 2.64194 -80 2 -25 10 48345 1 
54.9448 -28.4084 -180.292 0.293549 2.64194 -80 2 -25 10 48346 1 
54.9351 -28.4084 -180.292 0.293549 2.64194 -80 2 -25 10 48347 1 
54.9253 -28.4083 -180.292 0.293549 2.64194 -80 2 -25 10 48348 1 
54.9155 -28.4083 -180.292 0.293549 2.64194 -80 2 -25 10 48349 1 
54.9057 -28.4082 -180.292 0.293549 2.64194 -80 2 -25 10 48350 1 
54.8959 -28.4082 -180.293 0.293549 2.64194 -80 2 -25 10 48351 1 
54.8861 -28.4081 -180.293 0.293549 2.64194 -80 2 -25 10 48352 1 
54.8764 -28.4081 -180.293 0.293549 2.64194 -80 2 -25 10 48353 1 
54.8666 -28.408 -180.293 0.293549 2.64194 -80 2 -25 10 48354 1 
54.8568 -28.408 -180.293 0.293549 2.64194 -80 2 -25 10 48355 1 
54.847 -28.4079 -180.293 0.293549 2.64194 -80 2 -25 10 48356 1 
54.8372 -28.4079 -180.293 0.293549 2.64194 -80 2 -25 10 48357 1 
54.8274 -28.4078 -180.293 0.293549 2.64194 -80 2 -25 10 48358 1 
54.8176 -28.4078 -180.293 0.293549 2.64194 -80 2 -25 10 48359 1 
54.8079 -28.4077 -180.293 0.293549 2.64194 -80 2 -25 10 48360 1 
54.7981 -28.4077 -180.293 0.293549 2.64194 -80 2 -25 10 48361 1 
54.7883 -28.4076 -180.293 0.293549 2.64194 -80 2 -25 10 48362 1 
54.7785 -28.4076 -180.293 0.293549 2.64194 -80 2 -25 10 48363 1 
54.7687 -28.4075 -180.293 0.293549 2.64194 -80 2 -25 10 48364 1 
54.7589 -28.4075 -180.293 0.293549 2.64194 -80 2 -25 10 48365 1 
54.7492 -28.4074 -180.293 0.293549 2.64194 -80 2 -25 10 48366 1 
54.7394 -28.4074 -180.293 0.293549 2.64194 -80 2 -25 10 48367 1 
54.7296 -28.4073 -180.293 0.293549 2.64194 -80 2 -25 10 48368 1 
54.7198 -28.4073 -180.293 0.293549 2.64194 -80 2 -25 10 48369 1 
54.71 -28.4072 -180.293 0.293549 2.64194 -80 2 -25 10 48370 1 
54.7002 -28.4072 -180.293 0.293549 2.64194 -80 2 -25 10 48371 1 
54.6904 -28.4071 -180.293 0.293549 2.64194 -80 2 -25 10 48372 1 
54.6807 -28.4071 -180.293 0.293549 2.64194 -80 2 -25 10 48373 1 
54.6709 -28.407 -180.293 0.293549 2.64194 -80 2 -25 10 48374 1 
54.6611 -28.407 -180.293 0.293549 2.64194 -80 2 -25 10 48375 1 
54.6513 -28.4069 -180.293 0.293549 2.64194 -80 2 -25 10 48376 1 
54.6415 -28.4069 -180.293 0.293549 2.64194 -80 2 -25 10 48377 1 
54.6317 -28.4068 -180.293 0.293549 2.64194 -80 2 -25 10 48378 1 
54.622 -28.4068 -180.293 0.293549 2.64194 -80 2 -25 10 48379 1 
54.6122 -28.4067 -180.293 0.293549 2.64194 -80 2 -25 10 48380 1 
54.6024 -28.4067 -180.293 0.293549 2.64194 -80 2 -25 10 48381 1 
54.5926 -28.4066 -180.293 0.293549 2.64194 -80 2 -25 10 48382 1 
54.5828 -28.4066 -180.293 0.293549 2.64194 -80 2 -25 10 48383 1 
54.573 -28.4065 -180.293 0.293549 2.64194 -80 2 -25 10 48384 1 
54.5632 -28.4065 -180.293 0.293549 2.64194 -80 2 -25 10 48385 1 
54.5535 -28.4064 -180.293 0.293549 2.64194 -80 2 -25 10 48386 1 
54.5437 -28.4064 -180.293 0.293549 2.64194 -80 2 -25 10 48387 1 
54.5339 -28.4063 -180.293 0.293549 2.64194 -80 2 -25 10 48388 1 
54.5241 -28.4063 -180.293 0.293549 2.64194 -80 2 -25 10 48389 1 
54.5143 -28.4062 -180.293 0.293549 2.64194 -80 2 -25 10 48390 1 
54.5045 -28.4062 -180.293 0.293549 2.64194 -80 2 -25 10 48391 1 
54.4948 -28.4061 -180.293 0.293549 2.64194 -80 2 -25 10 48392 1 
54.485 -28.4061 -180.293 0.293549 2.64194 -80 2 -25 10 48393 1 
54.4752 -28.406 -180.293 0.293549 2.64194 -80 2 -25 10 48394 1 
54.4654 -28.406 -180.293 0.293549 2.64194 -80 2 -25 10 48395 1 
54.4556 -28.4059 -180.293 0.293549 2.64194 -80 2 -25 10 48396 1 
54.4458 -28.4059 -180.293 0.293549 2.64194 -80 2 -25 10 48397 1 
54.436 -28.4058 -180.293 0.293549 2.64194 -80 2 -25 10 48398 1 
54.4263 -28.4058 -180.293 0.293549 2.64194 -80 2 -25 10 48399 1 
54.4165 -28.4057 -180.293 0.293549 2.64194 -80 2 -25 10 48400 1 
54.4067 -28.4057 -180.293 0.293549 2.64194 -80 2 -25 10 48401 1 
54.3969 -28.4056 -180.293 0.293549 2.64194 -80 2 -25 10 48402 1 
54.3871 -28.4056 -180.293 0.293549 2.64194 -80 2 -25 10 48403 1 
54.3773 -28.4055 -180.293 0.293549 2.64194 -80 2 -25 10 48404 1 
54.3675 -28.4055 -180.293 0.293549 2.64194 -80 2 -25 10 48405 1 
54.3578 -28.4054 -180.293 0.293549 2.64194 -80 2 -25 10 48406 1 
54.348 -28.4054 -180.293 0.293549 2.64194 -80 2 -25 10 48407 1 
54.3382 -28.4053 -180.294 0.293549 2.64194 -80 2 -25 10 48408 1 
54.3284 -28.4053 -180.294 0.293549 2.64194 -80 2 -25 10 48409 1 
54.3186 -28.4052 -180.294 0.293549 2.64194 -80 2 -25 10 48410 1 
54.3088 -28.4052 -180.294 0.293549 2.64194 -80 2 -25 10 48411 1 
54.2991 -28.4051 -180.294 0.293549 2.64194 -80 2 -25 10 48412 1 
54.2893 -28.4051 -180.294 0.293549 2.64194 -80 2 -25 10 48413 1 
54.2795 -28.405 -180.294 0.293549 2.64194 -80 2 -25 10 48414 1 
54.2697 -28.405 -180.294 0.293549 2.64194 -80 2 -25 10 48415 1 
54.2599 -28.4049 -180.294 0.293549 2.64194 -80 2 -25 10 48416 1 
54.2501 -28.4049 -180.294 0.293549 2.64194 -80 2 -25 10 48417 1 
54.2403 -28.4048 -180.294 0.293549 2.64194 -80 2 -25 10 48418 1 
54.2306 -28.4048 -180.294 0.293549 2.64194 -80 2 -25 10 48419 1 
54.2208 -28.4047 -180.294 0.293549 2.64194 -80 2 -25 10 48420 1 
54.211 -28.4047 -180.294 0.293549 2.64194 -80 2 -25 10 48421 1 
54.2012 -28.4046 -180.294 0.293549 2.64194 -80 2 -25 10 48422 1 
54.1914 -28.4046 -180.294 0.293549 2.64194 -80 2 -25 10 48423 1 
54.1816 -28.4045 -180.294 0.293549 2.64194 -80 2 -25 10 48424 1 
54.1719 -28.4045 -180.294 0.293549 2.64194 -80 2 -25 10 48425 1 
54.1621 -28.4044 -180.294 0.293549 2.64194 -80 2 -25 10 48426 1 
54.1523 -28.4044 -180.294 0.293549 2.64194 -80 2 -25 10 48427 1 
54.1425 -28.4044 -180.294 0.293549 2.64194 -80 2 -25 10 48428 1 
54.1327 -28.4043 -180.294 0.293549 2.64194 -80 2 -25 10 48429 1 
54.1229 -28.4043 -180.294 0.293549 2.64194 -80 2 -25 10 48430 1 
54.1131 -28.4042 -180.294 0.293549 2.64194 -80 2 -25 10 48431 1 
54.1034 -28.4042 -180.294 0.293549 2.64194 -80 2 -25 10 48432 1 
54.0936 -28.4041 -180.294 0.293549 2.64194 -80 2 -25 10 48433 1 
54.0838 -28.4041 -180.294 0.293549 2.64194 -80 2 -25 10 48434 1 
54.074 -28.404 -180.294 0.293549 2.64194 -80 2 -25 10 48435 1 
54.0642 -28.404 -180.294 0.293549 2.64194 -80 2 -25 10 48436 1 
54.0544 -28.4039 -180.294 0.293549 2.64194 -80 2 -25 10 48437 1 
54.0447 -28.4039 -180.294 0.293549 2.64194 -80 2 -25 10 48438 1 
54.0349 -28.4038 -180.294 0.293549 2.64194 -80 2 -25 10 48439 1 
54.0251 -28.4038 -180.294 0.293549 2.64194 -80 2 -25 10 48440 1 
54.0153 -28.4037 -180.294 0.293549 2.64194 -80 2 -25 10 48441 1 
54.0055 -28.4037 -180.294 0.293549 2.64194 -80 2 -25 10 48442 1 
53.9957 -28.4036 -180.294 0.293549 2.64194 -80 2 -25 10 48443 1 
53.9859 -28.4036 -180.294 0.293549 2.64194 -80 2 -25 10 48444 1 
53.9762 -28.4035 -180.294 0.293549 2.64194 -80 2 -25 10 48445 1 
53.9664 -28.4035 -180.294 0.293549 2.64194 -80 2 -25 10 48446 1 
53.9566 -28.4034 -180.294 0.293549 2.64194 -80 2 -25 10 48447 1 
53.9468 -28.4034 -180.294 0.293549 2.64194 -80 2 -25 10 48448 1 
53.937 -28.4033 -180.294 0.293549 2.64194 -80 2 -25 10 48449 1 
53.9272 -28.4033 -180.294 0.293549 2.64194 -80 2 -25 10 48450 1 
53.9175 -28.4032 -180.294 0.293549 2.64194 -80 2 -25 10 48451 1 
53.9077 -28.4032 -180.294 0.293549 2.64194 -80 2 -25 10 48452 1 
53.8979 -28.4031 -180.294 0.293549 2.64194 -80 2 -25 10 48453 1 
53.8881 -28.4031 -180.294 0.293549 2.64194 -80 2 -25 10 48454 1 
53.8783 -28.403 -180.294 0.293549 2.64194 -80 2 -25 10 48455 1 
53.8685 -28.403 -180.294 0.293549 2.64194 -80 2 -25 10 48456 1 
53.8587 -28.4029 -180.294 0.293549 2.64194 -80 2 -25 10 48457 1 
53.849 -28.4029 -180.294 0.293549 2.64194 -80 2 -25 10 48458 1 
53.8392 -28.4028 -180.294 0.293549 2.64194 -80 2 -25 10 48459 1 
53.8294 -28.4028 -180.294 0.293549 2.64194 -80 2 -25 10 48460 1 
53.8196 -28.4027 -180.294 0.293549 2.64194 -80 2 -25 10 48461 1 
53.8098 -28.4027 -180.294 0.293549 2.64194 -80 2 -25 10 48462 1 
53.8 -28.4026 -180.294 0.293549 2.64194 -80 2 -25 10 48463 1 
53.7903 -28.4026 -180.294 0.293549 2.64194 -80 2 -25 10 48464 1 
53.7805 -28.4025 -180.294 0.293549 2.64194 -80 2 -25 10 48465 1 
53.7707 -28.4025 -180.295 0.293549 2.64194 -80 2 -25 10 48466 1 
53.7609 -28.4024 -180.295 0.293549 2.64194 -80 2 -25 10 48467 1 
53.7511 -28.4024 -180.295 0.293549 2.64194 -80 2 -25 10 48468 1 
53.7413 -28.4023 -180.295 0.293549 2.64194 -80 2 -25 10 48469 1 
53.7315 -28.4023 -180.295 0.293549 2.64194 -80 2 -25 10 48470 1 
53.7218 -28.4022 -180.295 0.293549 2.64194 -80 2 -25 10 48471 1 
53.712 -28.4022 -180.295 0.293549 2.64194 -80 2 -25 10 48472 1 
53.7022 -28.4021 -180.295 0.293549 2.64194 -80 2 -25 10 48473 1 
53.6924 -28.4021 -180.295 0.293549 2.64194 -80 2 -25 10 48474 1 
53.6826 -28.402 -180.295 0.293549 2.64194 -80 2 -25 10 48475 1 
53.6728 -28.402 -180.295 0.293549 2.64194 -80 2 -25 10 48476 1 
53.6631 -28.4019 -180.295 0.293549 2.64194 -80 2 -25 10 48477 1 
53.6533 -28.4019 -180.295 0.293549 2.64194 -80 2 -25 10 48478 1 
53.6435 -28.4018 -180.295 0.293549 2.64194 -80 2 -25 10 48479 1 
53.6337 -28.4018 -180.295 0.293549 2.64194 -80 2 -25 10 48480 1 
53.6239 -28.4017 -180.295 0.293549 2.64194 -80 2 -25 10 48481 1 
53.6141 -28.4017 -180.295 0.293549 2.64194 -80 2 -25 10 48482 1 
53.6043 -28.4016 -180.295 0.293549 2.64194 -80 2 -25 10 48483 1 
53.5946 -28.4016 -180.295 0.293549 2.64194 -80 2 -25 10 48484 1 
53.5848 -28.4015 -180.295 0.293549 2.64194 -80 2 -25 10 48485 1 
53.575 -28.4015 -180.295 0.293549 2.64194 -80 2 -25 10 48486 1 
53.5652 -28.4014 -180.295 0.293549 2.64194 -80 2 -25 10 48487 1 
53.5554 -28.4014 -180.295 0.293549 2.64194 -80 2 -25 10 48488 1 
53.5456 -28.4013 -180.295 0.293549 2.64194 -80 2 -25 10 48489 1 
53.5359 -28.4013 -180.295 0.293549 2.64194 -80 2 -25 10 48490 1 
53.5261 -28.4012 -180.295 0.293549 2.64194 -80 2 -25 10 48491 1 
53.5163 -28.4012 -180.295 0.293549 2.64194 -80 2 -25 10 48492 1 
53.5065 -28.4011 -180.295 0.293549 2.64194 -80 2 -25 10 48493 1 
53.4967 -28.4011 -180.295 0.293549 2.64194 -80 2 -25 10 48494 1 
53.4869 -28.401 -180.295 0.293549 2.64194 -80 2 -25 10 48495 1 
53.4771 -28.401 -180.295 0.293549 2.64194 -80 2 -25 10 48496 1 
53.4674 -28.4009 -180.295 0.293549 2.64194 -80 2 -25 10 48497 1 
53.4576 -28.4009 -180.295 0.293549 2.64194 -80 2 -25 10 48498 1 
53.4478 -28.4008 -180.295 0.293549 2.64194 -80 2 -25 10 48499 1 
53.438 -28.4008 -180.295 0.293549 2.64194 -80 2 -25 10 48500 1 
53.4282 -28.4007 -180.295 0.293549 2.64194 -80 2 -25 10 48501 1 
53.4184 -28.4007 -180.295 0.293549 2.64194 -80 2 -25 10 48502 1 
53.4086 -28.4006 -180.295 0.293549 2.64194 -80 2 -25 10 48503 1 
53.3989 -28.4006 -180.295 0.293549 2.64194 -80 2 -25 10 48504 1 
53.3891 -28.4005 -180.295 0.293549 2.64194 -80 2 -25 10 48505 1 
53.3793 -28.4005 -180.295 0.293549 2.64194 -80 2 -25 10 48506 1 
53.3695 -28.4004 -180.295 0.293549 2.64194 -80 2 -25 10 48507 1 
53.3597 -28.4004 -180.295 0.293549 2.64194 -80 2 -25 10 48508 1 
53.3499 -28.4003 -180.295 0.293549 2.64194 -80 2 -25 10 48509 1 
53.3402 -28.4003 -180.295 0.293549 2.64194 -80 2 -25 10 48510 1 
53.3304 -28.4002 -180.295 0.293549 2.64194 -80 2 -25 10 48511 1 
53.3206 -28.4002 -180.295 0.293549 2.64194 -80 2 -25 10 48512 1 
53.3108 -28.4001 -180.295 0.293549 2.64194 -80 2 -25 10 48513 1 
53.301 -28.4001 -180.295 0.293549 2.64194 -80 2 -25 10 48514 1 
53.2912 -28.4 -180.295 0.293549 2.64194 -80 2 -25 10 48515 1 
53.2814 -28.4 -180.295 0.293549 2.64194 -80 2 -25 10 48516 1 
53.2717 -28.3999 -180.295 0.293549 2.64194 -80 2 -25 10 48517 1 
53.2619 -28.3999 -180.295 0.293549 2.64194 -80 2 -25 10 48518 1 
53.2521 -28.3998 -180.295 0.293549 2.64194 -80 2 -25 10 48519 1 
53.2423 -28.3998 -180.295 0.293549 2.64194 -80 2 -25 10 48520 1 
53.2325 -28.3997 -180.295 0.293549 2.64194 -80 2 -25 10 48521 1 
53.2227 -28.3997 -180.296 0.293549 2.64194 -80 2 -25 10 48522 1 
53.213 -28.3996 -180.296 0.293549 2.64194 -80 2 -25 10 48523 1 
53.2032 -28.3996 -180.296 0.293549 2.64194 -80 2 -25 10 48524 1 
53.1934 -28.3995 -180.296 0.293549 2.64194 -80 2 -25 10 48525 1 
53.1836 -28.3995 -180.296 0.293549 2.64194 -80 2 -25 10 48526 1 
53.1738 -28.3994 -180.296 0.293549 2.64194 -80 2 -25 10 48527 1 
53.164 -28.3994 -180.296 0.293549 2.64194 -80 2 -25 10 48528 1 
53.1542 -28.3993 -180.296 0.293549 2.64194 -80 2 -25 10 48529 1 
53.1445 -28.3993 -180.296 0.293549 2.64194 -80 2 -25 10 48530 1 
53.1347 -28.3992 -180.296 0.293549 2.64194 -80 2 -25 10 48531 1 
53.1249 -28.3992 -180.296 0.293549 2.64194 -80 2 -25 10 48532 1 
53.1151 -28.3991 -180.296 0.293549 2.64194 -80 2 -25 10 48533 1 
53.1053 -28.3991 -180.296 0.293549 2.64194 -80 2 -25 10 48534 1 
53.0955 -28.399 -180.296 0.293549 2.64194 -80 2 -25 10 48535 1 
53.0858 -28.399 -180.296 0.293549 2.64194 -80 2 -25 10 48536 1 
53.076 -28.3989 -180.296 0.293549 2.64194 -80 2 -25 10 48537 1 
53.0662 -28.3989 -180.296 0.293549 2.64194 -80 2 -25 10 48538 1 
53.0564 -28.3988 -180.296 0.293549 2.64194 -80 2 -25 10 48539 1 
53.0466 -28.3988 -180.296 0.293549 2.64194 -80 2 -25 10 48540 1 
53.0368 -28.3987 -180.296 0.293549 2.64194 -80 2 -25 10 48541 1 
53.027 -28.3987 -180.296 0.293549 2.64194 -80 2 -25 10 48542 1 
53.0173 -28.3986 -180.296 0.293549 2.64194 -80 2 -25 10 48543 1 
53.0075 -28.3986 -180.296 0.293549 2.64194 -80 2 -25 10 48544 1 
52.9977 -28.3985 -180.296 0.293549 2.64194 -80 2 -25 10 48545 1 
52.9879 -28.3985 -180.296 0.293549 2.64194 -80 2 -25 10 48546 1 
52.9781 -28.3984 -180.296 0.293549 2.64194 -80 2 -25 10 48547 1 
52.9683 -28.3984 -180.296 0.293549 2.64194 -80 2 -25 10 48548 1 
52.9586 -28.3983 -180.296 0.293549 2.64194 -80 2 -25 10 48549 1 
52.9488 -28.3983 -180.296 0.293549 2.64194 -80 2 -25 10 48550 1 
52.939 -28.3982 -180.296 0.293549 2.64194 -80 2 -25 10 48551 1 
52.9292 -28.3982 -180.296 0.293549 2.64194 -80 2 -25 10 48552 1 
52.9194 -28.3981 -180.296 0.293549 2.64194 -80 2 -25 10 48553 1 
52.9096 -28.3981 -180.296 0.293549 2.64194 -80 2 -25 10 48554 1 
52.8998 -28.398 -180.296 0.293549 2.64194 -80 2 -25 10 48555 1 
52.8901 -28.398 -180.296 0.293549 2.64194 -80 2 -25 10 48556 1 
52.8803 -28.3979 -180.296 0.293549 2.64194 -80 2 -25 10 48557 1 
52.8705 -28.3979 -180.296 0.293549 2.64194 -80 2 -25 10 48558 1 
52.8607 -28.3978 -180.296 0.293549 2.64194 -80 2 -25 10 48559 1 
52.8509 -28.3978 -180.296 0.293549 2.64194 -80 2 -25 10 48560 1 
52.8411 -28.3977 -180.296 0.293549 2.64194 -80 2 -25 10 48561 1 
52.8314 -28.3977 -180.296 0.293549 2.64194 -80 2 -25 10 48562 1 
52.8216 -28.3976 -180.296 0.293549 2.64194 -80 2 -25 10 48563 1 
52.8118 -28.3976 -180.296 0.293549 2.64194 -80 2 -25 10 48564 1 
52.802 -28.3975 -180.296 0.293549 2.64194 -80 2 -25 10 48565 1 
52.7922 -28.3975 -180.296 0.293549 2.64194 -80 2 -25 10 48566 1 
52.7824 -28.3974 -180.296 0.293549 2.64194 -80 2 -25 10 48567 1 
52.7726 -28.3974 -180.296 0.293549 2.64194 -80 2 -25 10 48568 1 
52.7629 -28.3973 -180.296 0.293549 2.64194 -80 2 -25 10 48569 1 
52.7531 -28.3973 -180.296 0.293549 2.64194 -80 2 -25 10 48570 1 
52.7433 -28.3972 -180.296 0.293549 2.64194 -80 2 -25 10 48571 1 
52.7335 -28.3972 -180.296 0.293549 2.64194 -80 2 -25 10 48572 1 
52.7237 -28.3971 -180.296 0.293549 2.64194 -80 2 -25 10 48573 1 
52.7139 -28.3971 -180.296 0.293549 2.64194 -80 2 -25 10 48574 1 
52.7042 -28.397 -180.296 0.293549 2.64194 -80 2 -25 10 48575 1 
52.6944 -28.397 -180.296 0.293549 2.64194 -80 2 -25 10 48576 1 
52.6846 -28.3969 -180.296 0.293549 2.64194 -80 2 -25 10 48577 1 
52.6748 -28.3969 -180.297 0.293549 2.64194 -80 2 -25 10 48578 1 
52.665 -28.3968 -180.297 0.293549 2.64194 -80 2 -25 10 48579 1 
52.6552 -28.3968 -180.297 0.293549 2.64194 -80 2 -25 10 48580 1 
52.6454 -28.3967 -180.297 0.293549 2.64194 -80 2 -25 10 48581 1 
52.6357 -28.3966 -180.297 0.293549 2.64194 -80 2 -25 10 48582 1 
52.6259 -28.3966 -180.297 0.293549 2.64194 -80 2 -25 10 48583 1 
52.6161 -28.3965 -180.297 0.293549 2.64194 -80 2 -25 10 48584 1 
52.6063 -28.3965 -180.297 0.293549 2.64194 -80 2 -25 10 48585 1 
52.5965 -28.3964 -180.297 0.293549 2.64194 -80 2 -25 10 48586 1 
52.5867 -28.3964 -180.297 0.293549 2.64194 -80 2 -25 10 48587 1 
52.577 -28.3963 -180.297 0.293549 2.64194 -80 2 -25 10 48588 1 
52.5672 -28.3963 -180.297 0.293549 2.64194 -80 2 -25 10 48589 1 
52.5574 -28.3962 -180.297 0.293549 2.64194 -80 2 -25 10 48590 1 
52.5476 -28.3962 -180.297 0.293549 2.64194 -80 2 -25 10 48591 1 
52.5378 -28.3961 -180.297 0.293549 2.64194 -80 2 -25 10 48592 1 
52.528 -28.3961 -180.297 0.293549 2.64194 -80 2 -25 10 48593 1 
52.5182 -28.396 -180.297 0.293549 2.64194 -80 2 -25 10 48594 1 
52.5085 -28.396 -180.297 0.293549 2.64194 -80 2 -25 10 48595 1 
52.4987 -28.3959 -180.297 0.293549 2.64194 -80 2 -25 10 48596 1 
52.4889 -28.3959 -180.297 0.293549 2.64194 -80 2 -25 10 48597 1 
52.4791 -28.3958 -180.297 0.293549 2.64194 -80 2 -25 10 48598 1 
52.4693 -28.3958 -180.297 0.293549 2.64194 -80 2 -25 10 48599 1 
52.4595 -28.3957 -180.297 0.293549 2.64194 -80 2 -25 10 48600 1 
52.4497 -28.3957 -180.297 0.293549 2.64194 -80 2 -25 10 48601 1 
52.44 -28.3956 -180.297 0.293549 2.64194 -80 2 -25 10 48602 1 
52.4302 -28.3956 -180.297 0.293549 2.64194 -80 2 -25 10 48603 1 
52.4204 -28.3955 -180.297 0.293549 2.64194 -80 2 -25 10 48604 1 
52.4106 -28.3955 -180.297 0.293549 2.64194 -80 2 -25 10 48605 1 
52.4008 -28.3954 -180.297 0.293549 2.64194 -80 2 -25 10 48606 1 
52.391 -28.3954 -180.297 0.293549 2.64194 -80 2 -25 10 48607 1 
52.3813 -28.3953 -180.297 0.293549 2.64194 -80 2 -25 10 48608 1 
52.3715 -28.3953 -180.297 0.293549 2.64194 -80 2 -25 10 48609 1 
52.3617 -28.3952 -180.297 0.293549 2.64194 -80 2 -25 10 48610 1 
52.3519 -28.3952 -180.297 0.293549 2.64194 -80 2 -25 10 48611 1 
52.3421 -28.3951 -180.297 0.293549 2.64194 -80 2 -25 10 48612 1 
52.3323 -28.3951 -180.297 0.293549 2.64194 -80 2 -25 10 48613 1 
52.3225 -28.395 -180.297 0.293549 2.64194 -80 2 -25 10 48614 1 
52.3128 -28.3949 -180.297 0.293549 2.64194 -80 2 -25 10 48615 1 
52.303 -28.3949 -180.297 0.293549 2.64194 -80 2 -25 10 48616 1 
52.2932 -28.3948 -180.297 0.293549 2.64194 -80 2 -25 10 48617 1 
52.2834 -28.3948 -180.297 0.293549 2.64194 -80 2 -25 10 48618 1 
52.2736 -28.3947 -180.297 0.293549 2.64194 -80 2 -25 10 48619 1 
52.2638 -28.3947 -180.297 0.293549 2.64194 -80 2 -25 10 48620 1 
52.2541 -28.3946 -180.297 0.293549 2.64194 -80 2 -25 10 48621 1 
52.2443 -28.3946 -180.297 0.293549 2.64194 -80 2 -25 10 48622 1 
52.2345 -28.3945 -180.297 0.293549 2.64194 -80 2 -25 10 48623 1 
52.2247 -28.3945 -180.297 0.293549 2.64194 -80 2 -25 10 48624 1 
52.2149 -28.3944 -180.297 0.293549 2.64194 -80 2 -25 10 48625 1 
52.2051 -28.3944 -180.297 0.293549 2.64194 -80 2 -25 10 48626 1 
52.1953 -28.3943 -180.297 0.293549 2.64194 -80 2 -25 10 48627 1 
52.1856 -28.3943 -180.297 0.293549 2.64194 -80 2 -25 10 48628 1 
52.1758 -28.3942 -180.297 0.293549 2.64194 -80 2 -25 10 48629 1 
52.166 -28.3942 -180.297 0.293549 2.64194 -80 2 -25 10 48630 1 
52.1562 -28.3941 -180.297 0.293549 2.64194 -80 2 -25 10 48631 1 
52.1464 -28.3941 -180.297 0.293549 2.64194 -80 2 -25 10 48632 1 
52.1366 -28.394 -180.297 0.293549 2.64194 -80 2 -25 10 48633 1 
52.1269 -28.394 -180.298 0.293549 2.64194 -80 2 -25 10 48634 1 
52.1171 -28.3939 -180.298 0.293549 2.64194 -80 2 -25 10 48635 1 
52.1073 -28.3939 -180.298 0.293549 2.64194 -80 2 -25 10 48636 1 
52.0975 -28.3938 -180.298 0.293549 2.64194 -80 2 -25 10 48637 1 
52.0877 -28.3938 -180.298 0.293549 2.64194 -80 2 -25 10 48638 1 
52.0779 -28.3937 -180.298 0.293549 2.64194 -80 2 -25 10 48639 1 
52.0681 -28.3937 -180.298 0.293549 2.64194 -80 2 -25 10 48640 1 
52.0584 -28.3936 -180.298 0.293549 2.64194 -80 2 -25 10 48641 1 
52.0486 -28.3936 -180.298 0.293549 2.64194 -80 2 -25 10 48642 1 
52.0388 -28.3935 -180.298 0.293549 2.64194 -80 2 -25 10 48643 1 
52.029 -28.3935 -180.298 0.293549 2.64194 -80 2 -25 10 48644 1 
52.0192 -28.3934 -180.298 0.293549 2.64194 -80 2 -25 10 48645 1 
52.0094 -28.3934 -180.298 0.293549 2.64194 -80 2 -25 10 48646 1 
51.9997 -28.3933 -180.298 0.293549 2.64194 -80 2 -25 10 48647 1 
51.9899 -28.3932 -180.298 0.293549 2.64194 -80 2 -25 10 48648 1 
51.9801 -28.3932 -180.298 0.293549 2.64194 -80 2 -25 10 48649 1 
51.9703 -28.3931 -180.298 0.293549 2.64194 -80 2 -25 10 48650 1 
51.9605 -28.3931 -180.298 0.293549 2.64194 -80 2 -25 10 48651 1 
51.9507 -28.393 -180.298 0.293549 2.64194 -80 2 -25 10 48652 1 
51.9409 -28.393 -180.298 0.293549 2.64194 -80 2 -25 10 48653 1 
51.9312 -28.3929 -180.298 0.293549 2.64194 -80 2 -25 10 48654 1 
51.9214 -28.3929 -180.298 0.293549 2.64194 -80 2 -25 10 48655 1 
51.9116 -28.3928 -180.298 0.293549 2.64194 -80 2 -25 10 48656 1 
51.9018 -28.3928 -180.298 0.293549 2.64194 -80 2 -25 10 48657 1 
51.892 -28.3927 -180.298 0.293549 2.64194 -80 2 -25 10 48658 1 
51.8822 -28.3927 -180.298 0.293549 2.64194 -80 2 -25 10 48659 1 
51.8725 -28.3926 -180.298 0.293549 2.64194 -80 2 -25 10 48660 1 
51.8627 -28.3926 -180.298 0.293549 2.64194 -80 2 -25 10 48661 1 
51.8529 -28.3925 -180.298 0.293549 2.64194 -80 2 -25 10 48662 1 
51.8431 -28.3925 -180.298 0.293549 2.64194 -80 2 -25 10 48663 1 
51.8333 -28.3924 -180.298 0.293549 2.64194 -80 2 -25 10 48664 1 
51.8235 -28.3924 -180.298 0.293549 2.64194 -80 2 -25 10 48665 1 
51.8137 -28.3923 -180.298 0.293549 2.64194 -80 2 -25 10 48666 1 
51.804 -28.3923 -180.298 0.293549 2.64194 -80 2 -25 10 48667 1 
51.7942 -28.3922 -180.298 0.293549 2.64194 -80 2 -25 10 48668 1 
51.7844 -28.3922 -180.298 0.293549 2.64194 -80 2 -25 10 48669 1 
51.7746 -28.3921 -180.298 0.293549 2.64194 -80 2 -25 10 48670 1 
51.7648 -28.3921 -180.298 0.293549 2.64194 -80 2 -25 10 48671 1 
51.755 -28.392 -180.298 0.293549 2.64194 -80 2 -25 10 48672 1 
51.7453 -28.392 -180.298 0.293549 2.64194 -80 2 -25 10 48673 1 
51.7355 -28.3919 -180.298 0.293549 2.64194 -80 2 -25 10 48674 1 
51.7257 -28.3919 -180.298 0.293549 2.64194 -80 2 -25 10 48675 1 
51.7159 -28.3918 -180.298 0.293549 2.64194 -80 2 -25 10 48676 1 
51.7061 -28.3918 -180.298 0.293549 2.64194 -80 2 -25 10 48677 1 
51.6963 -28.3917 -180.298 0.293549 2.64194 -80 2 -25 10 48678 1 
51.6865 -28.3917 -180.298 0.293549 2.64194 -80 2 -25 10 48679 1 
51.6768 -28.3916 -180.298 0.293549 2.64194 -80 2 -25 10 48680 1 
51.667 -28.3916 -180.298 0.293549 2.64194 -80 2 -25 10 48681 1 
51.6572 -28.3915 -180.298 0.293549 2.64194 -80 2 -25 10 48682 1 
51.6474 -28.3914 -180.298 0.293549 2.64194 -80 2 -25 10 48683 1 
51.6376 -28.3914 -180.298 0.293549 2.64194 -80 2 -25 10 48684 1 
51.6278 -28.3913 -180.298 0.293549 2.64194 -80 2 -25 10 48685 1 
51.618 -28.3913 -180.298 0.293549 2.64194 -80 2 -25 10 48686 1 
51.6083 -28.3912 -180.298 0.293549 2.64194 -80 2 -25 10 48687 1 
51.5985 -28.3912 -180.298 0.293549 2.64194 -80 2 -25 10 48688 1 
51.5887 -28.3911 -180.298 0.293549 2.64194 -80 2 -25 10 48689 1 
51.5789 -28.3911 -180.299 0.293549 2.64194 -80 2 -25 10 48690 1 
51.5691 -28.391 -180.299 0.293549 2.64194 -80 2 -25 10 48691 1 
51.5593 -28.391 -180.299 0.293549 2.64194 -80 2 -25 10 48692 1 
51.5496 -28.3909 -180.299 0.293549 2.64194 -80 2 -25 10 48693 1 
51.5398 -28.3909 -180.299 0.293549 2.64194 -80 2 -25 10 48694 1 
51.53 -28.3908 -180.299 0.293549 2.64194 -80 2 -25 10 48695 1 
51.5202 -28.3908 -180.299 0.293549 2.64194 -80 2 -25 10 48696 1 
51.5104 -28.3907 -180.299 0.293549 2.64194 -80 2 -25 10 48697 1 
51.5006 -28.3907 -180.299 0.293549 2.64194 -80 2 -25 10 48698 1 
51.4908 -28.3906 -180.299 0.293549 2.64194 -80 2 -25 10 48699 1 
51.4811 -28.3906 -180.299 0.293549 2.64194 -80 2 -25 10 48700 1 
51.4713 -28.3905 -180.299 0.293549 2.64194 -80 2 -25 10 48701 1 
51.4615 -28.3905 -180.299 0.293549 2.64194 -80 2 -25 10 48702 1 
51.4517 -28.3904 -180.299 0.293549 2.64194 -80 2 -25 10 48703 1 
51.4419 -28.3904 -180.299 0.293549 2.64194 -80 2 -25 10 48704 1 
51.4321 -28.3903 -180.299 0.293549 2.64194 -80 2 -25 10 48705 1 
51.4224 -28.3903 -180.299 0.293549 2.64194 -80 2 -25 10 48706 1 
51.4126 -28.3902 -180.299 0.293549 2.64194 -80 2 -25 10 48707 1 
51.4028 -28.3902 -180.299 0.293549 2.64194 -80 2 -25 10 48708 1 
51.393 -28.3901 -180.299 0.293549 2.64194 -80 2 -25 10 48709 1 
51.3832 -28.3901 -180.299 0.293549 2.64194 -80 2 -25 10 48710 1 
51.3734 -28.39 -180.299 0.293549 2.64194 -80 2 -25 10 48711 1 
51.3636 -28.39 -180.299 0.293549 2.64194 -80 2 -25 10 48712 1 
51.3539 -28.3899 -180.299 0.293549 2.64194 -80 2 -25 10 48713 1 
51.3441 -28.3899 -180.299 0.293549 2.64194 -80 2 -25 10 48714 1 
51.3343 -28.3898 -180.299 0.293549 2.64194 -80 2 -25 10 48715 1 
51.3245 -28.3897 -180.299 0.293549 2.64194 -80 2 -25 10 48716 1 
51.3147 -28.3897 -180.299 0.293549 2.64194 -80 2 -25 10 48717 1 
51.3049 -28.3896 -180.299 0.293549 2.64194 -80 2 -25 10 48718 1 
51.2952 -28.3896 -180.299 0.293549 2.64194 -80 2 -25 10 48719 1 
51.2854 -28.3895 -180.299 0.293549 2.64194 -80 2 -25 10 48720 1 
51.2756 -28.3895 -180.299 0.293549 2.64194 -80 2 -25 10 48721 1 
51.2658 -28.3894 -180.299 0.293549 2.64194 -80 2 -25 10 48722 1 
51.256 -28.3894 -180.299 0.293549 2.64194 -80 2 -25 10 48723 1 
51.2462 -28.3893 -180.299 0.293549 2.64194 -80 2 -25 10 48724 1 
51.2364 -28.3893 -180.299 0.293549 2.64194 -80 2 -25 10 48725 1 
51.2267 -28.3892 -180.299 0.293549 2.64194 -80 2 -25 10 48726 1 
51.2169 -28.3892 -180.299 0.293549 2.64194 -80 2 -25 10 48727 1 
51.2071 -28.3891 -180.299 0.293549 2.64194 -80 2 -25 10 48728 1 
51.1973 -28.3891 -180.299 0.293549 2.64194 -80 2 -25 10 48729 1 
51.1875 -28.389 -180.299 0.293549 2.64194 -80 2 -25 10 48730 1 
51.1777 -28.389 -180.299 0.293549 2.64194 -80 2 -25 10 48731 1 
51.168 -28.3889 -180.299 0.293549 2.64194 -80 2 -25 10 48732 1 
51.1582 -28.3889 -180.299 0.293549 2.64194 -80 2 -25 10 48733 1 
51.1484 -28.3888 -180.299 0.293549 2.64194 -80 2 -25 10 48734 1 
51.1386 -28.3888 -180.299 0.293549 2.64194 -80 2 -25 10 48735 1 
51.1288 -28.3887 -180.299 0.293549 2.64194 -80 2 -25 10 48736 1 
51.119 -28.3887 -180.299 0.293549 2.64194 -80 2 -25 10 48737 1 
51.1092 -28.3886 -180.299 0.293549 2.64194 -80 2 -25 10 48738 1 
51.0995 -28.3886 -180.299 0.293549 2.64194 -80 2 -25 10 48739 1 
51.0897 -28.3885 -180.299 0.293549 2.64194 -80 2 -25 10 48740 1 
51.0799 -28.3885 -180.299 0.293549 2.64194 -80 2 -25 10 48741 1 
51.0701 -28.3884 -180.299 0.293549 2.64194 -80 2 -25 10 48742 1 
51.0603 -28.3884 -180.299 0.293549 2.64194 -80 2 -25 10 48743 1 
51.0505 -28.3883 -180.299 0.293549 2.64194 -80 2 -25 10 48744 1 
51.0408 -28.3883 -180.3 0.293549 2.64194 -80 2 -25 10 48745 1 
51.031 -28.3882 -180.3 0.293549 2.64194 -80 2 -25 10 48746 1 
51.0212 -28.3882 -180.3 0.293549 2.64194 -80 2 -25 10 48747 1 
51.0114 -28.3881 -180.3 0.293549 2.64194 -80 2 -25 10 48748 1 
51.0016 -28.388 -180.3 0.293549 2.64194 -80 2 -25 10 48749 1 
50.9918 -28.388 -180.3 0.293549 2.64194 -80 2 -25 10 48750 1 
50.982 -28.3879 -180.3 0.293549 2.64194 -80 2 -25 10 48751 1 
50.9723 -28.3879 -180.3 0.293549 2.64194 -80 2 -25 10 48752 1 
50.9625 -28.3878 -180.3 0.293549 2.64194 -80 2 -25 10 48753 1 
50.9527 -28.3878 -180.3 0.293549 2.64194 -80 2 -25 10 48754 1 
50.9429 -28.3877 -180.3 0.293549 2.64194 -80 2 -25 10 48755 1 
50.9331 -28.3877 -180.3 0.293549 2.64194 -80 2 -25 10 48756 1 
50.9233 -28.3876 -180.3 0.293549 2.64194 -80 2 -25 10 48757 1 
50.9136 -28.3876 -180.3 0.293549 2.64194 -80 2 -25 10 48758 1 
50.9038 -28.3875 -180.3 0.293549 2.64194 -80 2 -25 10 48759 1 
50.894 -28.3875 -180.3 0.293549 2.64194 -80 2 -25 10 48760 1 
50.8842 -28.3874 -180.3 0.293549 2.64194 -80 2 -25 10 48761 1 
50.8744 -28.3874 -180.3 0.293549 2.64194 -80 2 -25 10 48762 1 
50.8646 -28.3873 -180.3 0.293549 2.64194 -80 2 -25 10 48763 1 
50.8548 -28.3873 -180.3 0.293549 2.64194 -80 2 -25 10 48764 1 
50.8451 -28.3872 -180.3 0.293549 2.64194 -80 2 -25 10 48765 1 
50.8353 -28.3872 -180.3 0.293549 2.64194 -80 2 -25 10 48766 1 
50.8255 -28.3871 -180.3 0.293549 2.64194 -80 2 -25 10 48767 1 
50.8157 -28.3871 -180.3 0.293549 2.64194 -80 2 -25 10 48768 1 
50.8059 -28.387 -180.3 0.293549 2.64194 -80 2 -25 10 48769 1 
50.7961 -28.387 -180.3 0.293549 2.64194 -80 2 -25 10 48770 1 
50.7864 -28.3869 -180.3 0.293549 2.64194 -80 2 -25 10 48771 1 
50.7766 -28.3869 -180.3 0.293549 2.64194 -80 2 -25 10 48772 1 
50.7668 -28.3868 -180.3 0.293549 2.64194 -80 2 -25 10 48773 1 
50.757 -28.3868 -180.3 0.293549 2.64194 -80 2 -25 10 48774 1 
50.7472 -28.3867 -180.3 0.293549 2.64194 -80 2 -25 10 48775 1 
50.7374 -28.3867 -180.3 0.293549 2.64194 -80 2 -25 10 48776 1 
50.7276 -28.3866 -180.3 0.293549 2.64194 -80 2 -25 10 48777 1 
50.7179 -28.3866 -180.3 0.293549 2.64194 -80 2 -25 10 48778 1 
50.7081 -28.3865 -180.3 0.293549 2.64194 -80 2 -25 10 48779 1 
50.6983 -28.3865 -180.3 0.293549 2.64194 -80 2 -25 10 48780 1 
50.6885 -28.3864 -180.3 0.293549 2.64194 -80 2 -25 10 48781 1 
50.6787 -28.3863 -180.3 0.293549 2.64194 -80 2 -25 10 48782 1 
50.6689 -28.3863 -180.3 0.293549 2.64194 -80 2 -25 10 48783 1 
50.6591 -28.3862 -180.3 0.293549 2.64194 -80 2 -25 10 48784 1 
50.6494 -28.3862 -180.3 0.293549 2.64194 -80 2 -25 10 48785 1 
50.6396 -28.3861 -180.3 0.293549 2.64194 -80 2 -25 10 48786 1 
50.6298 -28.3861 -180.3 0.293549 2.64194 -80 2 -25 10 48787 1 
50.62 -28.386 -180.3 0.293549 2.64194 -80 2 -25 10 48788 1 
50.6102 -28.386 -180.3 0.293549 2.64194 -80 2 -25 10 48789 1 
50.6004 -28.3859 -180.3 0.293549 2.64194 -80 2 -25 10 48790 1 
50.5907 -28.3859 -180.3 0.293549 2.64194 -80 2 -25 10 48791 1 
50.5809 -28.3858 -180.3 0.293549 2.64194 -80 2 -25 10 48792 1 
50.5711 -28.3858 -180.3 0.293549 2.64194 -80 2 -25 10 48793 1 
50.5613 -28.3857 -180.3 0.293549 2.64194 -80 2 -25 10 48794 1 
50.5515 -28.3857 -180.3 0.293549 2.64194 -80 2 -25 10 48795 1 
50.5417 -28.3856 -180.3 0.293549 2.64194 -80 2 -25 10 48796 1 
50.5319 -28.3856 -180.3 0.293549 2.64194 -80 2 -25 10 48797 1 
50.5222 -28.3855 -180.3 0.293549 2.64194 -80 2 -25 10 48798 1 
50.5124 -28.3855 -180.301 0.293549 2.64194 -80 2 -25 10 48799 1 
50.5026 -28.3854 -180.301 0.293549 2.64194 -80 2 -25 10 48800 1 
50.4928 -28.3854 -180.301 0.293549 2.64194 -80 2 -25 10 48801 1 
50.483 -28.3853 -180.301 0.293549 2.64194 -80 2 -25 10 48802 1 
50.4732 -28.3853 -180.301 0.293549 2.64194 -80 2 -25 10 48803 1 
50.4635 -28.3852 -180.301 0.293549 2.64194 -80 2 -25 10 48804 1 
50.4537 -28.3852 -180.301 0.293549 2.64194 -80 2 -25 10 48805 1 
50.4439 -28.3851 -180.301 0.293549 2.64194 -80 2 -25 10 48806 1 
50.4341 -28.3851 -180.301 0.293549 2.64194 -80 2 -25 10 48807 1 
50.4243 -28.385 -180.301 0.293549 2.64194 -80 2 -25 10 48808 1 
50.4145 -28.385 -180.301 0.293549 2.64194 -80 2 -25 10 48809 1 
50.4047 -28.3849 -180.301 0.293549 2.64194 -80 2 -25 10 48810 1 
50.395 -28.3849 -180.301 0.293549 2.64194 -80 2 -25 10 48811 1 
50.3852 -28.3848 -180.301 0.293549 2.64194 -80 2 -25 10 48812 1 
50.3754 -28.3848 -180.301 0.293549 2.64194 -80 2 -25 10 48813 1 
50.3656 -28.3847 -180.301 0.293549 2.64194 -80 2 -25 10 48814 1 
50.3558 -28.3846 -180.301 0.293549 2.64194 -80 2 -25 10 48815 1 
50.346 -28.3846 -180.301 0.293549 2.64194 -80 2 -25 10 48816 1 
50.3363 -28.3845 -180.301 0.293549 2.64194 -80 2 -25 10 48817 1 
50.3265 -28.3845 -180.301 0.293549 2.64194 -80 2 -25 10 48818 1 
50.3167 -28.3844 -180.301 0.293549 2.64194 -80 2 -25 10 48819 1 
50.3069 -28.3844 -180.301 0.293549 2.64194 -80 2 -25 10 48820 1 
50.2971 -28.3843 -180.301 0.293549 2.64194 -80 2 -25 10 48821 1 
50.2873 -28.3843 -180.301 0.293549 2.64194 -80 2 -25 10 48822 1 
50.2775 -28.3842 -180.301 0.293549 2.64194 -80 2 -25 10 48823 1 
50.2678 -28.3842 -180.301 0.293549 2.64194 -80 2 -25 10 48824 1 
50.258 -28.3841 -180.301 0.293549 2.64194 -80 2 -25 10 48825 1 
50.2482 -28.3841 -180.301 0.293549 2.64194 -80 2 -25 10 48826 1 
50.2384 -28.384 -180.301 0.293549 2.64194 -80 2 -25 10 48827 1 
50.2286 -28.384 -180.301 0.293549 2.64194 -80 2 -25 10 48828 1 
50.2188 -28.3839 -180.301 0.293549 2.64194 -80 2 -25 10 48829 1 
50.2091 -28.3839 -180.301 0.293549 2.64194 -80 2 -25 10 48830 1 
50.1993 -28.3838 -180.301 0.293549 2.64194 -80 2 -25 10 48831 1 
50.1895 -28.3838 -180.301 0.293549 2.64194 -80 2 -25 10 48832 1 
50.1797 -28.3837 -180.301 0.293549 2.64194 -80 2 -25 10 48833 1 
50.1699 -28.3837 -180.301 0.293549 2.64194 -80 2 -25 10 48834 1 
50.1601 -28.3836 -180.301 0.293549 2.64194 -80 2 -25 10 48835 1 
50.1503 -28.3836 -180.301 0.293549 2.64194 -80 2 -25 10 48836 1 
50.1406 -28.3835 -180.301 0.293549 2.64194 -80 2 -25 10 48837 1 
50.1308 -28.3835 -180.301 0.293549 2.64194 -80 2 -25 10 48838 1 
50.121 -28.3834 -180.301 0.293549 2.64194 -80 2 -25 10 48839 1 
50.1112 -28.3834 -180.301 0.293549 2.64194 -80 2 -25 10 48840 1 
50.1014 -28.3833 -180.301 0.293549 2.64194 -80 2 -25 10 48841 1 
50.0916 -28.3833 -180.301 0.293549 2.64194 -80 2 -25 10 48842 1 
50.0819 -28.3832 -180.301 0.293549 2.64194 -80 2 -25 10 48843 1 
50.0721 -28.3832 -180.301 0.293549 2.64194 -80 2 -25 10 48844 1 
50.0623 -28.3831 -180.301 0.293549 2.64194 -80 2 -25 10 48845 1 
50.0525 -28.3831 -180.301 0.293549 2.64194 -80 2 -25 10 48846 1 
50.0427 -28.383 -180.301 0.293549 2.64194 -80 2 -25 10 48847 1 
50.0329 -28.3829 -180.301 0.293549 2.64194 -80 2 -25 10 48848 1 
50.0231 -28.3829 -180.301 0.293549 2.64194 -80 2 -25 10 48849 1 
50.0134 -28.3828 -180.301 0.293549 2.64194 -80 2 -25 10 48850 1 
50.0036 -28.3828 -180.301 0.293549 2.64194 -80 2 -25 10 48851 1 
49.9938 -28.3827 -180.301 0.293549 2.64194 -80 2 -25 10 48852 1 
49.984 -28.3827 -180.301 0.293549 2.64194 -80 2 -25 10 48853 1 
49.9742 -28.3826 -180.302 0.293549 2.64194 -80 2 -25 10 48854 1 
49.9644 -28.3826 -180.302 0.293549 2.64194 -80 2 -25 10 48855 1 
49.9547 -28.3825 -180.302 0.293549 2.64194 -80 2 -25 10 48856 1 
49.9449 -28.3825 -180.302 0.293549 2.64194 -80 2 -25 10 48857 1 
49.9351 -28.3824 -180.302 0.293549 2.64194 -80 2 -25 10 48858 1 
49.9253 -28.3824 -180.302 0.293549 2.64194 -80 2 -25 10 48859 1 
49.9155 -28.3823 -180.302 0.293549 2.64194 -80 2 -25 10 48860 1 
49.9057 -28.3823 -180.302 0.293549 2.64194 -80 2 -25 10 48861 1 
49.8959 -28.3822 -180.302 0.293549 2.64194 -80 2 -25 10 48862 1 
49.8862 -28.3822 -180.302 0.293549 2.64194 -80 2 -25 10 48863 1 
49.8764 -28.3821 -180.302 0.293549 2.64194 -80 2 -25 10 48864 1 
49.8666 -28.3821 -180.302 0.293549 2.64194 -80 2 -25 10 48865 1 
49.8568 -28.382 -180.302 0.293549 2.64194 -80 2 -25 10 48866 1 
49.847 -28.382 -180.302 0.293549 2.64194 -80 2 -25 10 48867 1 
49.8372 -28.3819 -180.302 0.293549 2.64194 -80 2 -25 10 48868 1 
49.8274 -28.3819 -180.302 0.293549 2.64194 -80 2 -25 10 48869 1 
49.8177 -28.3818 -180.302 0.293549 2.64194 -80 2 -25 10 48870 1 
49.8079 -28.3818 -180.302 0.293549 2.64194 -80 2 -25 10 48871 1 
49.7981 -28.3817 -180.302 0.293549 2.64194 -80 2 -25 10 48872 1 
49.7883 -28.3817 -180.302 0.293549 2.64194 -80 2 -25 10 48873 1 
49.7785 -28.3816 -180.302 0.293549 2.64194 -80 2 -25 10 48874 1 
49.7687 -28.3816 -180.302 0.293549 2.64194 -80 2 -25 10 48875 1 
49.759 -28.3815 -180.302 0.293549 2.64194 -80 2 -25 10 48876 1 
49.7492 -28.3815 -180.302 0.293549 2.64194 -80 2 -25 10 48877 1 
49.7394 -28.3814 -180.302 0.293549 2.64194 -80 2 -25 10 48878 1 
49.7296 -28.3814 -180.302 0.293549 2.64194 -80 2 -25 10 48879 1 
49.7198 -28.3813 -180.302 0.293549 2.64194 -80 2 -25 10 48880 1 
49.71 -28.3813 -180.302 0.293549 2.64194 -80 2 -25 10 48881 1 
49.7002 -28.3812 -180.302 0.293549 2.64194 -80 2 -25 10 48882 1 
49.6905 -28.3811 -180.302 0.293549 2.64194 -80 2 -25 10 48883 1 
49.6807 -28.3811 -180.302 0.293549 2.64194 -80 2 -25 10 48884 1 
49.6709 -28.381 -180.302 0.293549 2.64194 -80 2 -25 10 48885 1 
49.6611 -28.381 -180.302 0.293549 2.64194 -80 2 -25 10 48886 1 
49.6513 -28.3809 -180.302 0.293549 2.64194 -80 2 -25 10 48887 1 
49.6415 -28.3809 -180.302 0.293549 2.64194 -80 2 -25 10 48888 1 
49.6318 -28.3808 -180.302 0.293549 2.64194 -80 2 -25 10 48889 1 
49.622 -28.3808 -180.302 0.293549 2.64194 -80 2 -25 10 48890 1 
49.6122 -28.3807 -180.302 0.293549 2.64194 -80 2 -25 10 48891 1 
49.6024 -28.3807 -180.302 0.293549 2.64194 -80 2 -25 10 48892 1 
49.5926 -28.3806 -180.302 0.293549 2.64194 -80 2 -25 10 48893 1 
49.5828 -28.3806 -180.302 0.293549 2.64194 -80 2 -25 10 48894 1 
49.573 -28.3805 -180.302 0.293549 2.64194 -80 2 -25 10 48895 1 
49.5633 -28.3805 -180.302 0.293549 2.64194 -80 2 -25 10 48896 1 
49.5535 -28.3804 -180.302 0.293549 2.64194 -80 2 -25 10 48897 1 
49.5437 -28.3804 -180.302 0.293549 2.64194 -80 2 -25 10 48898 1 
49.5339 -28.3803 -180.302 0.293549 2.64194 -80 2 -25 10 48899 1 
49.5241 -28.3803 -180.302 0.293549 2.64194 -80 2 -25 10 48900 1 
49.5143 -28.3802 -180.302 0.293549 2.64194 -80 2 -25 10 48901 1 
49.5046 -28.3802 -180.302 0.293549 2.64194 -80 2 -25 10 48902 1 
49.4948 -28.3801 -180.302 0.293549 2.64194 -80 2 -25 10 48903 1 
49.485 -28.3801 -180.302 0.293549 2.64194 -80 2 -25 10 48904 1 
49.4752 -28.38 -180.302 0.293549 2.64194 -80 2 -25 10 48905 1 
49.4654 -28.38 -180.302 0.293549 2.64194 -80 2 -25 10 48906 1 
49.4556 -28.3799 -180.303 0.293549 2.64194 -80 2 -25 10 48907 1 
49.4458 -28.3799 -180.303 0.293549 2.64194 -80 2 -25 10 48908 1 
49.4361 -28.3798 -180.303 0.293549 2.64194 -80 2 -25 10 48909 1 
49.4263 -28.3798 -180.303 0.293549 2.64194 -80 2 -25 10 48910 1 
49.4165 -28.3797 -180.303 0.293549 2.64194 -80 2 -25 10 48911 1 
49.4067 -28.3797 -180.303 0.293549 2.64194 -80 2 -25 10 48912 1 
49.3969 -28.3796 -180.303 0.293549 2.64194 -80 2 -25 10 48913 1 
49.3871 -28.3796 -180.303 0.293549 2.64194 -80 2 -25 10 48914 1 
49.3774 -28.3795 -180.303 0.293549 2.64194 -80 2 -25 10 48915 1 
49.3676 -28.3794 -180.303 0.293549 2.64194 -80 2 -25 10 48916 1 
49.3578 -28.3794 -180.303 0.293549 2.64194 -80 2 -25 10 48917 1 
49.348 -28.3793 -180.303 0.293549 2.64194 -80 2 -25 10 48918 1 
49.3382 -28.3793 -180.303 0.293549 2.64194 -80 2 -25 10 48919 1 
49.3284 -28.3792 -180.303 0.293549 2.64194 -80 2 -25 10 48920 1 
49.3186 -28.3792 -180.303 0.293549 2.64194 -80 2 -25 10 48921 1 
49.3089 -28.3791 -180.303 0.293549 2.64194 -80 2 -25 10 48922 1 
49.2991 -28.3791 -180.303 0.293549 2.64194 -80 2 -25 10 48923 1 
49.2893 -28.379 -180.303 0.293549 2.64194 -80 2 -25 10 48924 1 
49.2795 -28.379 -180.303 0.293549 2.64194 -80 2 -25 10 48925 1 
49.2697 -28.3789 -180.303 0.293549 2.64194 -80 2 -25 10 48926 1 
49.2599 -28.3789 -180.303 0.293549 2.64194 -80 2 -25 10 48927 1 
49.2502 -28.3788 -180.303 0.293549 2.64194 -80 2 -25 10 48928 1 
49.2404 -28.3788 -180.303 0.293549 2.64194 -80 2 -25 10 48929 1 
49.2306 -28.3787 -180.303 0.293549 2.64194 -80 2 -25 10 48930 1 
49.2208 -28.3787 -180.303 0.293549 2.64194 -80 2 -25 10 48931 1 
49.211 -28.3786 -180.303 0.293549 2.64194 -80 2 -25 10 48932 1 
49.2012 -28.3786 -180.303 0.293549 2.64194 -80 2 -25 10 48933 1 
49.1914 -28.3785 -180.303 0.293549 2.64194 -80 2 -25 10 48934 1 
49.1817 -28.3785 -180.303 0.293549 2.64194 -80 2 -25 10 48935 1 
49.1719 -28.3784 -180.303 0.293549 2.64194 -80 2 -25 10 48936 1 
49.1621 -28.3784 -180.303 0.293549 2.64194 -80 2 -25 10 48937 1 
49.1523 -28.3783 -180.303 0.293549 2.64194 -80 2 -25 10 48938 1 
49.1425 -28.3783 -180.303 0.293549 2.64194 -80 2 -25 10 48939 1 
49.1327 -28.3782 -180.303 0.293549 2.64194 -80 2 -25 10 48940 1 
49.123 -28.3782 -180.303 0.293549 2.64194 -80 2 -25 10 48941 1 
49.1132 -28.3781 -180.303 0.293549 2.64194 -80 2 -25 10 48942 1 
49.1034 -28.3781 -180.303 0.293549 2.64194 -80 2 -25 10 48943 1 
49.0936 -28.378 -180.303 0.293549 2.64194 -80 2 -25 10 48944 1 
49.0838 -28.378 -180.303 0.293549 2.64194 -80 2 -25 10 48945 1 
49.074 -28.3779 -180.303 0.293549 2.64194 -80 2 -25 10 48946 1 
49.0642 -28.3779 -180.303 0.293549 2.64194 -80 2 -25 10 48947 1 
49.0545 -28.3778 -180.303 0.293549 2.64194 -80 2 -25 10 48948 1 
49.0447 -28.3777 -180.303 0.293549 2.64194 -80 2 -25 10 48949 1 
49.0349 -28.3777 -180.303 0.293549 2.64194 -80 2 -25 10 48950 1 
49.0251 -28.3776 -180.303 0.293549 2.64194 -80 2 -25 10 48951 1 
49.0153 -28.3776 -180.303 0.293549 2.64194 -80 2 -25 10 48952 1 
49.0055 -28.3775 -180.303 0.293549 2.64194 -80 2 -25 10 48953 1 
48.9958 -28.3775 -180.303 0.293549 2.64194 -80 2 -25 10 48954 1 
48.986 -28.3774 -180.303 0.293549 2.64194 -80 2 -25 10 48955 1 
48.9762 -28.3774 -180.303 0.293549 2.64194 -80 2 -25 10 48956 1 
48.9664 -28.3773 -180.303 0.293549 2.64194 -80 2 -25 10 48957 1 
48.9566 -28.3773 -180.303 0.293549 2.64194 -80 2 -25 10 48958 1 
48.9468 -28.3772 -180.303 0.293549 2.64194 -80 2 -25 10 48959 1 
48.937 -28.3772 -180.303 0.293549 2.64194 -80 2 -25 10 48960 1 
48.9273 -28.3771 -180.304 0.293549 2.64194 -80 2 -25 10 48961 1 
48.9175 -28.3771 -180.304 0.293549 2.64194 -80 2 -25 10 48962 1 
48.9077 -28.377 -180.304 0.293549 2.64194 -80 2 -25 10 48963 1 
48.8979 -28.377 -180.304 0.293549 2.64194 -80 2 -25 10 48964 1 
48.8881 -28.3769 -180.304 0.293549 2.64194 -80 2 -25 10 48965 1 
48.8783 -28.3769 -180.304 0.293549 2.64194 -80 2 -25 10 48966 1 
48.8685 -28.3768 -180.304 0.293549 2.64194 -80 2 -25 10 48967 1 
48.8588 -28.3768 -180.304 0.293549 2.64194 -80 2 -25 10 48968 1 
48.849 -28.3767 -180.304 0.293549 2.64194 -80 2 -25 10 48969 1 
48.8392 -28.3767 -180.304 0.293549 2.64194 -80 2 -25 10 48970 1 
48.8294 -28.3766 -180.304 0.293549 2.64194 -80 2 -25 10 48971 1 
48.8196 -28.3766 -180.304 0.293549 2.64194 -80 2 -25 10 48972 1 
48.8098 -28.3765 -180.304 0.293549 2.64194 -80 2 -25 10 48973 1 
48.8001 -28.3765 -180.304 0.293549 2.64194 -80 2 -25 10 48974 1 
48.7903 -28.3764 -180.304 0.293549 2.64194 -80 2 -25 10 48975 1 
48.7805 -28.3764 -180.304 0.293549 2.64194 -80 2 -25 10 48976 1 
48.7707 -28.3763 -180.304 0.293549 2.64194 -80 2 -25 10 48977 1 
48.7609 -28.3763 -180.304 0.293549 2.64194 -80 2 -25 10 48978 1 
48.7511 -28.3762 -180.304 0.293549 2.64194 -80 2 -25 10 48979 1 
48.7413 -28.3762 -180.304 0.293549 2.64194 -80 2 -25 10 48980 1 
48.7316 -28.3761 -180.304 0.293549 2.64194 -80 2 -25 10 48981 1 
48.7218 -28.376 -180.304 0.293549 2.64194 -80 2 -25 10 48982 1 
48.712 -28.376 -180.304 0.293549 2.64194 -80 2 -25 10 48983 1 
48.7022 -28.3759 -180.304 0.293549 2.64194 -80 2 -25 10 48984 1 
48.6924 -28.3759 -180.304 0.293549 2.64194 -80 2 -25 10 48985 1 
48.6826 -28.3758 -180.304 0.293549 2.64194 -80 2 -25 10 48986 1 
48.6729 -28.3758 -180.304 0.293549 2.64194 -80 2 -25 10 48987 1 
48.6631 -28.3757 -180.304 0.293549 2.64194 -80 2 -25 10 48988 1 
48.6533 -28.3757 -180.304 0.293549 2.64194 -80 2 -25 10 48989 1 
48.6435 -28.3756 -180.304 0.293549 2.64194 -80 2 -25 10 48990 1 
48.6337 -28.3756 -180.304 0.293549 2.64194 -80 2 -25 10 48991 1 
48.6239 -28.3755 -180.304 0.293549 2.64194 -80 2 -25 10 48992 1 
48.6141 -28.3755 -180.304 0.293549 2.64194 -80 2 -25 10 48993 1 
48.6044 -28.3754 -180.304 0.293549 2.64194 -80 2 -25 10 48994 1 
48.5946 -28.3754 -180.304 0.293549 2.64194 -80 2 -25 10 48995 1 
48.5848 -28.3753 -180.304 0.293549 2.64194 -80 2 -25 10 48996 1 
48.575 -28.3753 -180.304 0.293549 2.64194 -80 2 -25 10 48997 1 
48.5652 -28.3752 -180.304 0.293549 2.64194 -80 2 -25 10 48998 1 
48.5554 -28.3752 -180.304 0.293549 2.64194 -80 2 -25 10 48999 1 
48.5457 -28.3751 -180.304 0.293549 2.64194 -80 2 -25 10 49000 1 
48.5359 -28.3751 -180.304 0.293549 2.64194 -80 2 -25 10 49001 1 
48.5261 -28.375 -180.304 0.293549 2.64194 -80 2 -25 10 49002 1 
48.5163 -28.375 -180.304 0.293549 2.64194 -80 2 -25 10 49003 1 
48.5065 -28.3749 -180.304 0.293549 2.64194 -80 2 -25 10 49004 1 
48.4967 -28.3749 -180.304 0.293549 2.64194 -80 2 -25 10 49005 1 
48.4869 -28.3748 -180.304 0.293549 2.64194 -80 2 -25 10 49006 1 
48.4772 -28.3748 -180.304 0.293549 2.64194 -80 2 -25 10 49007 1 
48.4674 -28.3747 -180.304 0.293549 2.64194 -80 2 -25 10 49008 1 
48.4576 -28.3747 -180.304 0.293549 2.64194 -80 2 -25 10 49009 1 
48.4478 -28.3746 -180.304 0.293549 2.64194 -80 2 -25 10 49010 1 
48.438 -28.3746 -180.304 0.293549 2.64194 -80 2 -25 10 49011 1 
48.4282 -28.3745 -180.304 0.293549 2.64194 -80 2 -25 10 49012 1 
48.4185 -28.3745 -180.305 0.293549 2.64194 -80 2 -25 10 49013 1 
48.4087 -28.3744 -180.305 0.293549 2.64194 -80 2 -25 10 49014 1 
48.3989 -28.3743 -180.305 0.293549 2.64194 -80 2 -25 10 49015 1 
48.3891 -28.3743 -180.305 0.293549 2.64194 -80 2 -25 10 49016 1 
48.3793 -28.3742 -180.305 0.293549 2.64194 -80 2 -25 10 49017 1 
48.3695 -28.3742 -180.305 0.293549 2.64194 -80 2 -25 10 49018 1 
48.3597 -28.3741 -180.305 0.293549 2.64194 -80 2 -25 10 49019 1 
48.35 -28.3741 -180.305 0.293549 2.64194 -80 2 -25 10 49020 1 
48.3402 -28.374 -180.305 0.293549 2.64194 -80 2 -25 10 49021 1 
48.3304 -28.374 -180.305 0.293549 2.64194 -80 2 -25 10 49022 1 
48.3206 -28.3739 -180.305 0.293549 2.64194 -80 2 -25 10 49023 1 
48.3108 -28.3739 -180.305 0.293549 2.64194 -80 2 -25 10 49024 1 
48.301 -28.3738 -180.305 0.293549 2.64194 -80 2 -25 10 49025 1 
48.2913 -28.3738 -180.305 0.293549 2.64194 -80 2 -25 10 49026 1 
48.2815 -28.3737 -180.305 0.293549 2.64194 -80 2 -25 10 49027 1 
48.2717 -28.3737 -180.305 0.293549 2.64194 -80 2 -25 10 49028 1 
48.2619 -28.3736 -180.305 0.293549 2.64194 -80 2 -25 10 49029 1 
48.2521 -28.3736 -180.305 0.293549 2.64194 -80 2 -25 10 49030 1 
48.2423 -28.3735 -180.305 0.293549 2.64194 -80 2 -25 10 49031 1 
48.2325 -28.3735 -180.305 0.293549 2.64194 -80 2 -25 10 49032 1 
48.2228 -28.3734 -180.305 0.293549 2.64194 -80 2 -25 10 49033 1 
48.213 -28.3734 -180.305 0.293549 2.64194 -80 2 -25 10 49034 1 
48.2032 -28.3733 -180.305 0.293549 2.64194 -80 2 -25 10 49035 1 
48.1934 -28.3733 -180.305 0.293549 2.64194 -80 2 -25 10 49036 1 
48.1836 -28.3732 -180.305 0.293549 2.64194 -80 2 -25 10 49037 1 
48.1738 -28.3732 -180.305 0.293549 2.64194 -80 2 -25 10 49038 1 
48.1641 -28.3731 -180.305 0.293549 2.64194 -80 2 -25 10 49039 1 
48.1543 -28.3731 -180.305 0.293549 2.64194 -80 2 -25 10 49040 1 
48.1445 -28.373 -180.305 0.293549 2.64194 -80 2 -25 10 49041 1 
48.1347 -28.373 -180.305 0.293549 2.64194 -80 2 -25 10 49042 1 
48.1249 -28.3729 -180.305 0.293549 2.64194 -80 2 -25 10 49043 1 
48.1151 -28.3729 -180.305 0.293549 2.64194 -80 2 -25 10 49044 1 
48.1053 -28.3728 -180.305 0.293549 2.64194 -80 2 -25 10 49045 1 
48.0956 -28.3728 -180.305 0.293549 2.64194 -80 2 -25 10 49046 1 
48.0858 -28.3727 -180.305 0.293549 2.64194 -80 2 -25 10 49047 1 
48.076 -28.3727 -180.305 0.293549 2.64194 -80 2 -25 10 49048 1 
48.0662 -28.3726 -180.305 0.293549 2.64194 -80 2 -25 10 49049 1 
48.0564 -28.3725 -180.305 0.293549 2.64194 -80 2 -25 10 49050 1 
48.0466 -28.3725 -180.305 0.293549 2.64194 -80 2 -25 10 49051 1 
48.0368 -28.3724 -180.305 0.293549 2.64194 -80 2 -25 10 49052 1 
48.0271 -28.3724 -180.305 0.293549 2.64194 -80 2 -25 10 49053 1 
48.0173 -28.3723 -180.305 0.293549 2.64194 -80 2 -25 10 49054 1 
48.0075 -28.3723 -180.305 0.293549 2.64194 -80 2 -25 10 49055 1 
47.9977 -28.3722 -180.305 0.293549 2.64194 -80 2 -25 10 49056 1 
47.9879 -28.3722 -180.305 0.293549 2.64194 -80 2 -25 10 49057 1 
47.9781 -28.3721 -180.305 0.293549 2.64194 -80 2 -25 10 49058 1 
47.9684 -28.3721 -180.305 0.293549 2.64194 -80 2 -25 10 49059 1 
47.9586 -28.372 -180.305 0.293549 2.64194 -80 2 -25 10 49060 1 
47.9488 -28.372 -180.305 0.293549 2.64194 -80 2 -25 10 49061 1 
47.939 -28.3719 -180.305 0.293549 2.64194 -80 2 -25 10 49062 1 
47.9292 -28.3719 -180.305 0.293549 2.64194 -80 2 -25 10 49063 1 
47.9194 -28.3718 -180.305 0.293549 2.64194 -80 2 -25 10 49064 1 
47.9096 -28.3718 -180.305 0.293549 2.64194 -80 2 -25 10 49065 1 
47.8999 -28.3717 -180.306 0.293549 2.64194 -80 2 -25 10 49066 1 
47.8901 -28.3717 -180.306 0.293549 2.64194 -80 2 -25 10 49067 1 
47.8803 -28.3716 -180.306 0.293549 2.64194 -80 2 -25 10 49068 1 
47.8705 -28.3716 -180.306 0.293549 2.64194 -80 2 -25 10 49069 1 
47.8607 -28.3715 -180.306 0.293549 2.64194 -80 2 -25 10 49070 1 
47.8509 -28.3715 -180.306 0.293549 2.64194 -80 2 -25 10 49071 1 
47.8412 -28.3714 -180.306 0.293549 2.64194 -80 2 -25 10 49072 1 
47.8314 -28.3714 -180.306 0.293549 2.64194 -80 2 -25 10 49073 1 
47.8216 -28.3713 -180.306 0.293549 2.64194 -80 2 -25 10 49074 1 
47.8118 -28.3713 -180.306 0.293549 2.64194 -80 2 -25 10 49075 1 
47.802 -28.3712 -180.306 0.293549 2.64194 -80 2 -25 10 49076 1 
47.7922 -28.3712 -180.306 0.293549 2.64194 -80 2 -25 10 49077 1 
47.7824 -28.3711 -180.306 0.293549 2.64194 -80 2 -25 10 49078 1 
47.7727 -28.3711 -180.306 0.293549 2.64194 -80 2 -25 10 49079 1 
47.7629 -28.371 -180.306 0.293549 2.64194 -80 2 -25 10 49080 1 
47.7531 -28.371 -180.306 0.293549 2.64194 -80 2 -25 10 49081 1 
47.7433 -28.3709 -180.306 0.293549 2.64194 -80 2 -25 10 49082 1 
47.7335 -28.3708 -180.306 0.293549 2.64194 -80 2 -25 10 49083 1 
47.7237 -28.3708 -180.306 0.293549 2.64194 -80 2 -25 10 49084 1 
47.714 -28.3707 -180.306 0.293549 2.64194 -80 2 -25 10 49085 1 
47.7042 -28.3707 -180.306 0.293549 2.64194 -80 2 -25 10 49086 1 
47.6944 -28.3706 -180.306 0.293549 2.64194 -80 2 -25 10 49087 1 
47.6846 -28.3706 -180.306 0.293549 2.64194 -80 2 -25 10 49088 1 
47.6748 -28.3705 -180.306 0.293549 2.64194 -80 2 -25 10 49089 1 
47.665 -28.3705 -180.306 0.293549 2.64194 -80 2 -25 10 49090 1 
47.6552 -28.3704 -180.306 0.293549 2.64194 -80 2 -25 10 49091 1 
47.6455 -28.3704 -180.306 0.293549 2.64194 -80 2 -25 10 49092 1 
47.6357 -28.3703 -180.306 0.293549 2.64194 -80 2 -25 10 49093 1 
47.6259 -28.3703 -180.306 0.293549 2.64194 -80 2 -25 10 49094 1 
47.6161 -28.3702 -180.306 0.293549 2.64194 -80 2 -25 10 49095 1 
47.6063 -28.3702 -180.306 0.293549 2.64194 -80 2 -25 10 49096 1 
47.5965 -28.3701 -180.306 0.293549 2.64194 -80 2 -25 10 49097 1 
47.5868 -28.3701 -180.306 0.293549 2.64194 -80 2 -25 10 49098 1 
47.577 -28.37 -180.306 0.293549 2.64194 -80 2 -25 10 49099 1 
47.5672 -28.37 -180.306 0.293549 2.64194 -80 2 -25 10 49100 1 
47.5574 -28.3699 -180.306 0.293549 2.64194 -80 2 -25 10 49101 1 
47.5476 -28.3699 -180.306 0.293549 2.64194 -80 2 -25 10 49102 1 
47.5378 -28.3698 -180.306 0.293549 2.64194 -80 2 -25 10 49103 1 
47.528 -28.3698 -180.306 0.293549 2.64194 -80 2 -25 10 49104 1 
47.5183 -28.3697 -180.306 0.293549 2.64194 -80 2 -25 10 49105 1 
47.5085 -28.3697 -180.306 0.293549 2.64194 -80 2 -25 10 49106 1 
47.4987 -28.3696 -180.306 0.293549 2.64194 -80 2 -25 10 49107 1 
47.4889 -28.3696 -180.306 0.293549 2.64194 -80 2 -25 10 49108 1 
47.4791 -28.3695 -180.306 0.293549 2.64194 -80 2 -25 10 49109 1 
47.4693 -28.3695 -180.306 0.293549 2.64194 -80 2 -25 10 49110 1 
47.4596 -28.3694 -180.306 0.293549 2.64194 -80 2 -25 10 49111 1 
47.4498 -28.3694 -180.306 0.293549 2.64194 -80 2 -25 10 49112 1 
47.44 -28.3693 -180.306 0.293549 2.64194 -80 2 -25 10 49113 1 
47.4302 -28.3693 -180.306 0.293549 2.64194 -80 2 -25 10 49114 1 
47.4204 -28.3692 -180.306 0.293549 2.64194 -80 2 -25 10 49115 1 
47.4106 -28.3691 -180.306 0.293549 2.64194 -80 2 -25 10 49116 1 
47.4008 -28.3691 -180.307 0.293549 2.64194 -80 2 -25 10 49117 1 
47.3911 -28.369 -180.307 0.293549 2.64194 -80 2 -25 10 49118 1 
47.3813 -28.369 -180.307 0.293549 2.64194 -80 2 -25 10 49119 1 
47.3715 -28.3689 -180.307 0.293549 2.64194 -80 2 -25 10 49120 1 
47.3617 -28.3689 -180.307 0.293549 2.64194 -80 2 -25 10 49121 1 
47.3519 -28.3688 -180.307 0.293549 2.64194 -80 2 -25 10 49122 1 
47.3421 -28.3688 -180.307 0.293549 2.64194 -80 2 -25 10 49123 1 
47.3324 -28.3687 -180.307 0.293549 2.64194 -80 2 -25 10 49124 1 
47.3226 -28.3687 -180.307 0.293549 2.64194 -80 2 -25 10 49125 1 
47.3128 -28.3686 -180.307 0.293549 2.64194 -80 2 -25 10 49126 1 
47.303 -28.3686 -180.307 0.293549 2.64194 -80 2 -25 10 49127 1 
47.2932 -28.3685 -180.307 0.293549 2.64194 -80 2 -25 10 49128 1 
47.2834 -28.3685 -180.307 0.293549 2.64194 -80 2 -25 10 49129 1 
47.2736 -28.3684 -180.307 0.293549 2.64194 -80 2 -25 10 49130 1 
47.2639 -28.3684 -180.307 0.293549 2.64194 -80 2 -25 10 49131 1 
47.2541 -28.3683 -180.307 0.293549 2.64194 -80 2 -25 10 49132 1 
47.2443 -28.3683 -180.307 0.293549 2.64194 -80 2 -25 10 49133 1 
47.2345 -28.3682 -180.307 0.293549 2.64194 -80 2 -25 10 49134 1 
47.2247 -28.3682 -180.307 0.293549 2.64194 -80 2 -25 10 49135 1 
47.2149 -28.3681 -180.307 0.293549 2.64194 -80 2 -25 10 49136 1 
47.2052 -28.3681 -180.307 0.293549 2.64194 -80 2 -25 10 49137 1 
47.1954 -28.368 -180.307 0.293549 2.64194 -80 2 -25 10 49138 1 
47.1856 -28.368 -180.307 0.293549 2.64194 -80 2 -25 10 49139 1 
47.1758 -28.3679 -180.307 0.293549 2.64194 -80 2 -25 10 49140 1 
47.166 -28.3679 -180.307 0.293549 2.64194 -80 2 -25 10 49141 1 
47.1562 -28.3678 -180.307 0.293549 2.64194 -80 2 -25 10 49142 1 
47.1464 -28.3678 -180.307 0.293549 2.64194 -80 2 -25 10 49143 1 
47.1367 -28.3677 -180.307 0.293549 2.64194 -80 2 -25 10 49144 1 
47.1269 -28.3677 -180.307 0.293549 2.64194 -80 2 -25 10 49145 1 
47.1171 -28.3676 -180.307 0.293549 2.64194 -80 2 -25 10 49146 1 
47.1073 -28.3676 -180.307 0.293549 2.64194 -80 2 -25 10 49147 1 
47.0975 -28.3675 -180.307 0.293549 2.64194 -80 2 -25 10 49148 1 
47.0877 -28.3674 -180.307 0.293549 2.64194 -80 2 -25 10 49149 1 
47.0779 -28.3674 -180.307 0.293549 2.64194 -80 2 -25 10 49150 1 
47.0682 -28.3673 -180.307 0.293549 2.64194 -80 2 -25 10 49151 1 
47.0584 -28.3673 -180.307 0.293549 2.64194 -80 2 -25 10 49152 1 
47.0486 -28.3672 -180.307 0.293549 2.64194 -80 2 -25 10 49153 1 
47.0388 -28.3672 -180.307 0.293549 2.64194 -80 2 -25 10 49154 1 
47.029 -28.3671 -180.307 0.293549 2.64194 -80 2 -25 10 49155 1 
47.0192 -28.3671 -180.307 0.293549 2.64194 -80 2 -25 10 49156 1 
47.0095 -28.367 -180.307 0.293549 2.64194 -80 2 -25 10 49157 1 
46.9997 -28.367 -180.307 0.293549 2.64194 -80 2 -25 10 49158 1 
46.9899 -28.3669 -180.307 0.293549 2.64194 -80 2 -25 10 49159 1 
46.9801 -28.3669 -180.307 0.293549 2.64194 -80 2 -25 10 49160 1 
46.9703 -28.3668 -180.307 0.293549 2.64194 -80 2 -25 10 49161 1 
46.9605 -28.3668 -180.307 0.293549 2.64194 -80 2 -25 10 49162 1 
46.9507 -28.3667 -180.307 0.293549 2.64194 -80 2 -25 10 49163 1 
46.941 -28.3667 -180.307 0.293549 2.64194 -80 2 -25 10 49164 1 
46.9312 -28.3666 -180.307 0.293549 2.64194 -80 2 -25 10 49165 1 
46.9214 -28.3665 -180.307 0.293549 2.64194 -80 2 -25 10 49166 1 
46.9116 -28.3665 -180.307 0.293549 2.64194 -80 2 -25 10 49167 1 
46.9018 -28.3664 -180.307 0.293549 2.64194 -80 2 -25 10 49168 1 
46.892 -28.3664 -180.307 0.293549 2.64194 -80 2 -25 10 49169 1 
46.8823 -28.3663 -180.308 0.293549 2.64194 -80 2 -25 10 49170 1 
46.8725 -28.3663 -180.308 0.293549 2.64194 -80 2 -25 10 49171 1 
46.8627 -28.3662 -180.308 0.293549 2.64194 -80 2 -25 10 49172 1 
46.8529 -28.3662 -180.308 0.293549 2.64194 -80 2 -25 10 49173 1 
46.8431 -28.3661 -180.308 0.293549 2.64194 -80 2 -25 10 49174 1 
46.8333 -28.3661 -180.308 0.293549 2.64194 -80 2 -25 10 49175 1 
46.8235 -28.366 -180.308 0.293549 2.64194 -80 2 -25 10 49176 1 
46.8138 -28.366 -180.308 0.293549 2.64194 -80 2 -25 10 49177 1 
46.804 -28.3659 -180.308 0.293549 2.64194 -80 2 -25 10 49178 1 
46.7942 -28.3659 -180.308 0.293549 2.64194 -80 2 -25 10 49179 1 
46.7844 -28.3658 -180.308 0.293549 2.64194 -80 2 -25 10 49180 1 
46.7746 -28.3657 -180.308 0.293549 2.64194 -80 2 -25 10 49181 1 
46.7648 -28.3657 -180.308 0.293549 2.64194 -80 2 -25 10 49182 1 
46.7551 -28.3656 -180.308 0.293549 2.64194 -80 2 -25 10 49183 1 
46.7453 -28.3656 -180.308 0.293549 2.64194 -80 2 -25 10 49184 1 
46.7355 -28.3655 -180.308 0.293549 2.64194 -80 2 -25 10 49185 1 
46.7257 -28.3655 -180.308 0.293549 2.64194 -80 2 -25 10 49186 1 
46.7159 -28.3654 -180.308 0.293549 2.64194 -80 2 -25 10 49187 1 
46.7061 -28.3654 -180.308 0.293549 2.64194 -80 2 -25 10 49188 1 
46.6963 -28.3653 -180.308 0.293549 2.64194 -80 2 -25 10 49189 1 
46.6866 -28.3653 -180.308 0.293549 2.64194 -80 2 -25 10 49190 1 
46.6768 -28.3652 -180.308 0.293549 2.64194 -80 2 -25 10 49191 1 
46.667 -28.3652 -180.308 0.293549 2.64194 -80 2 -25 10 49192 1 
46.6572 -28.3651 -180.308 0.293549 2.64194 -80 2 -25 10 49193 1 
46.6474 -28.365 -180.308 0.293549 2.64194 -80 2 -25 10 49194 1 
46.6376 -28.365 -180.308 0.293549 2.64194 -80 2 -25 10 49195 1 
46.6279 -28.3649 -180.308 0.293549 2.64194 -80 2 -25 10 49196 1 
46.6181 -28.3649 -180.308 0.293549 2.64194 -80 2 -25 10 49197 1 
46.6083 -28.3648 -180.308 0.293549 2.64194 -80 2 -25 10 49198 1 
46.5985 -28.3648 -180.308 0.293549 2.64194 -80 2 -25 10 49199 1 
46.5887 -28.3647 -180.308 0.293549 2.64194 -80 2 -25 10 49200 1 
46.5789 -28.3647 -180.308 0.293549 2.64194 -80 2 -25 10 49201 1 
46.5691 -28.3646 -180.308 0.293549 2.64194 -80 2 -25 10 49202 1 
46.5594 -28.3646 -180.308 0.293549 2.64194 -80 2 -25 10 49203 1 
46.5496 -28.3645 -180.308 0.293549 2.64194 -80 2 -25 10 49204 1 
46.5398 -28.3645 -180.308 0.293549 2.64194 -80 2 -25 10 49205 1 
46.53 -28.3644 -180.308 0.293549 2.64194 -80 2 -25 10 49206 1 
46.5202 -28.3644 -180.308 0.293549 2.64194 -80 2 -25 10 49207 1 
46.5104 -28.3643 -180.308 0.293549 2.64194 -80 2 -25 10 49208 1 
46.5007 -28.3642 -180.308 0.293549 2.64194 -80 2 -25 10 49209 1 
46.4909 -28.3642 -180.308 0.293549 2.64194 -80 2 -25 10 49210 1 
46.4811 -28.3641 -180.308 0.293549 2.64194 -80 2 -25 10 49211 1 
46.4713 -28.3641 -180.308 0.293549 2.64194 -80 2 -25 10 49212 1 
46.4615 -28.364 -180.308 0.293549 2.64194 -80 2 -25 10 49213 1 
46.4517 -28.364 -180.308 0.293549 2.64194 -80 2 -25 10 49214 1 
46.4419 -28.3639 -180.308 0.293549 2.64194 -80 2 -25 10 49215 1 
46.4322 -28.3639 -180.308 0.293549 2.64194 -80 2 -25 10 49216 1 
46.4224 -28.3638 -180.308 0.293549 2.64194 -80 2 -25 10 49217 1 
46.4126 -28.3638 -180.308 0.293549 2.64194 -80 2 -25 10 49218 1 
46.4028 -28.3637 -180.308 0.293549 2.64194 -80 2 -25 10 49219 1 
46.393 -28.3637 -180.308 0.293549 2.64194 -80 2 -25 10 49220 1 
46.3832 -28.3636 -180.309 0.293549 2.64194 -80 2 -25 10 49221 1 
46.3735 -28.3636 -180.309 0.293549 2.64194 -80 2 -25 10 49222 1 
46.3637 -28.3635 -180.309 0.293549 2.64194 -80 2 -25 10 49223 1 
46.3539 -28.3634 -180.309 0.293549 2.64194 -80 2 -25 10 49224 1 
46.3441 -28.3634 -180.309 0.293549 2.64194 -80 2 -25 10 49225 1 
46.3343 -28.3633 -180.309 0.293549 2.64194 -80 2 -25 10 49226 1 
46.3245 -28.3633 -180.309 0.293549 2.64194 -80 2 -25 10 49227 1 
46.3147 -28.3632 -180.309 0.293549 2.64194 -80 2 -25 10 49228 1 
46.305 -28.3632 -180.309 0.293549 2.64194 -80 2 -25 10 49229 1 
46.2952 -28.3631 -180.309 0.293549 2.64194 -80 2 -25 10 49230 1 
46.2854 -28.3631 -180.309 0.293549 2.64194 -80 2 -25 10 49231 1 
46.2756 -28.363 -180.309 0.293549 2.64194 -80 2 -25 10 49232 1 
46.2658 -28.363 -180.309 0.293549 2.64194 -80 2 -25 10 49233 1 
46.256 -28.3629 -180.309 0.293549 2.64194 -80 2 -25 10 49234 1 
46.2463 -28.3629 -180.309 0.293549 2.64194 -80 2 -25 10 49235 1 
46.2365 -28.3628 -180.309 0.293549 2.64194 -80 2 -25 10 49236 1 
46.2267 -28.3628 -180.309 0.293549 2.64194 -80 2 -25 10 49237 1 
46.2169 -28.3627 -180.309 0.293549 2.64194 -80 2 -25 10 49238 1 
46.2071 -28.3626 -180.309 0.293549 2.64194 -80 2 -25 10 49239 1 
46.1973 -28.3626 -180.309 0.293549 2.64194 -80 2 -25 10 49240 1 
46.1875 -28.3625 -180.309 0.293549 2.64194 -80 2 -25 10 49241 1 
46.1778 -28.3625 -180.309 0.293549 2.64194 -80 2 -25 10 49242 1 
46.168 -28.3624 -180.309 0.293549 2.64194 -80 2 -25 10 49243 1 
46.1582 -28.3624 -180.309 0.293549 2.64194 -80 2 -25 10 49244 1 
46.1484 -28.3623 -180.309 0.293549 2.64194 -80 2 -25 10 49245 1 
46.1386 -28.3623 -180.309 0.293549 2.64194 -80 2 -25 10 49246 1 
46.1288 -28.3622 -180.309 0.293549 2.64194 -80 2 -25 10 49247 1 
46.119 -28.3622 -180.309 0.293549 2.64194 -80 2 -25 10 49248 1 
46.1093 -28.3621 -180.309 0.293549 2.64194 -80 2 -25 10 49249 1 
46.0995 -28.3621 -180.309 0.293549 2.64194 -80 2 -25 10 49250 1 
46.0897 -28.362 -180.309 0.293549 2.64194 -80 2 -25 10 49251 1 
46.0799 -28.362 -180.309 0.293549 2.64194 -80 2 -25 10 49252 1 
46.0701 -28.3619 -180.309 0.293549 2.64194 -80 2 -25 10 49253 1 
46.0603 -28.3618 -180.309 0.293549 2.64194 -80 2 -25 10 49254 1 
46.0506 -28.3618 -180.309 0.293549 2.64194 -80 2 -25 10 49255 1 
46.0408 -28.3617 -180.309 0.293549 2.64194 -80 2 -25 10 49256 1 
46.031 -28.3617 -180.309 0.293549 2.64194 -80 2 -25 10 49257 1 
46.0212 -28.3616 -180.309 0.293549 2.64194 -80 2 -25 10 49258 1 
46.0114 -28.3616 -180.309 0.293549 2.64194 -80 2 -25 10 49259 1 
46.0016 -28.3615 -180.309 0.293549 2.64194 -80 2 -25 10 49260 1 
45.9918 -28.3615 -180.309 0.293549 2.64194 -80 2 -25 10 49261 1 
45.9821 -28.3614 -180.309 0.293549 2.64194 -80 2 -25 10 49262 1 
45.9723 -28.3614 -180.309 0.293549 2.64194 -80 2 -25 10 49263 1 
45.9625 -28.3613 -180.309 0.293549 2.64194 -80 2 -25 10 49264 1 
45.9527 -28.3613 -180.309 0.293549 2.64194 -80 2 -25 10 49265 1 
45.9429 -28.3612 -180.309 0.293549 2.64194 -80 2 -25 10 49266 1 
45.9331 -28.3612 -180.309 0.293549 2.64194 -80 2 -25 10 49267 1 
45.9234 -28.3611 -180.309 0.293549 2.64194 -80 2 -25 10 49268 1 
45.9136 -28.361 -180.309 0.293549 2.64194 -80 2 -25 10 49269 1 
45.9038 -28.361 -180.309 0.293549 2.64194 -80 2 -25 10 49270 1 
45.894 -28.3609 -180.309 0.293549 2.64194 -80 2 -25 10 49271 1 
45.8842 -28.3609 -180.31 0.293549 2.64194 -80 2 -25 10 49272 1 
45.8744 -28.3608 -180.31 0.293549 2.64194 -80 2 -25 10 49273 1 
45.8646 -28.3608 -180.31 0.293549 2.64194 -80 2 -25 10 49274 1 
45.8549 -28.3607 -180.31 0.293549 2.64194 -80 2 -25 10 49275 1 
45.8451 -28.3607 -180.31 0.293549 2.64194 -80 2 -25 10 49276 1 
45.8353 -28.3606 -180.31 0.293549 2.64194 -80 2 -25 10 49277 1 
45.8255 -28.3606 -180.31 0.293549 2.64194 -80 2 -25 10 49278 1 
45.8157 -28.3605 -180.31 0.293549 2.64194 -80 2 -25 10 49279 1 
45.8059 -28.3605 -180.31 0.293549 2.64194 -80 2 -25 10 49280 1 
45.7962 -28.3604 -180.31 0.293549 2.64194 -80 2 -25 10 49281 1 
45.7864 -28.3603 -180.31 0.293549 2.64194 -80 2 -25 10 49282 1 
45.7766 -28.3603 -180.31 0.293549 2.64194 -80 2 -25 10 49283 1 
45.7668 -28.3602 -180.31 0.293549 2.64194 -80 2 -25 10 49284 1 
45.757 -28.3602 -180.31 0.293549 2.64194 -80 2 -25 10 49285 1 
45.7472 -28.3601 -180.31 0.293549 2.64194 -80 2 -25 10 49286 1 
45.7374 -28.3601 -180.31 0.293549 2.64194 -80 2 -25 10 49287 1 
45.7277 -28.36 -180.31 0.293549 2.64194 -80 2 -25 10 49288 1 
45.7179 -28.36 -180.31 0.293549 2.64194 -80 2 -25 10 49289 1 
45.7081 -28.3599 -180.31 0.293549 2.64194 -80 2 -25 10 49290 1 
45.6983 -28.3599 -180.31 0.293549 2.64194 -80 2 -25 10 49291 1 
45.6885 -28.3598 -180.31 0.293549 2.64194 -80 2 -25 10 49292 1 
45.6787 -28.3598 -180.31 0.293549 2.64194 -80 2 -25 10 49293 1 
45.669 -28.3597 -180.31 0.293549 2.64194 -80 2 -25 10 49294 1 
45.6592 -28.3597 -180.31 0.293549 2.64194 -80 2 -25 10 49295 1 
45.6494 -28.3596 -180.31 0.293549 2.64194 -80 2 -25 10 49296 1 
45.6396 -28.3595 -180.31 0.293549 2.64194 -80 2 -25 10 49297 1 
45.6298 -28.3595 -180.31 0.293549 2.64194 -80 2 -25 10 49298 1 
45.62 -28.3594 -180.31 0.293549 2.64194 -80 2 -25 10 49299 1 
45.6102 -28.3594 -180.31 0.293549 2.64194 -80 2 -25 10 49300 1 
45.6005 -28.3593 -180.31 0.293549 2.64194 -80 2 -25 10 49301 1 
45.5907 -28.3593 -180.31 0.293549 2.64194 -80 2 -25 10 49302 1 
45.5809 -28.3592 -180.31 0.293549 2.64194 -80 2 -25 10 49303 1 
45.5711 -28.3592 -180.31 0.293549 2.64194 -80 2 -25 10 49304 1 
45.5613 -28.3591 -180.31 0.293549 2.64194 -80 2 -25 10 49305 1 
45.5515 -28.3591 -180.31 0.293549 2.64194 -80 2 -25 10 49306 1 
45.5418 -28.359 -180.31 0.293549 2.64194 -80 2 -25 10 49307 1 
45.532 -28.359 -180.31 0.293549 2.64194 -80 2 -25 10 49308 1 
45.5222 -28.3589 -180.31 0.293549 2.64194 -80 2 -25 10 49309 1 
45.5124 -28.3589 -180.31 0.293549 2.64194 -80 2 -25 10 49310 1 
45.5026 -28.3588 -180.31 0.293549 2.64194 -80 2 -25 10 49311 1 
45.4928 -28.3587 -180.31 0.293549 2.64194 -80 2 -25 10 49312 1 
45.483 -28.3587 -180.31 0.293549 2.64194 -80 2 -25 10 49313 1 
45.4733 -28.3586 -180.31 0.293549 2.64194 -80 2 -25 10 49314 1 
45.4635 -28.3586 -180.31 0.293549 2.64194 -80 2 -25 10 49315 1 
45.4537 -28.3585 -180.31 0.293549 2.64194 -80 2 -25 10 49316 1 
45.4439 -28.3585 -180.31 0.293549 2.64194 -80 2 -25 10 49317 1 
45.4341 -28.3584 -180.31 0.293549 2.64194 -80 2 -25 10 49318 1 
45.4243 -28.3584 -180.31 0.293549 2.64194 -80 2 -25 10 49319 1 
45.4146 -28.3583 -180.31 0.293549 2.64194 -80 2 -25 10 49320 1 
45.4048 -28.3583 -180.31 0.293549 2.64194 -80 2 -25 10 49321 1 
45.395 -28.3582 -180.31 0.293549 2.64194 -80 2 -25 10 49322 1 
45.3852 -28.3582 -180.311 0.293549 2.64194 -80 2 -25 10 49323 1 
45.3754 -28.3581 -180.311 0.293549 2.64194 -80 2 -25 10 49324 1 
45.3656 -28.3581 -180.311 0.293549 2.64194 -80 2 -25 10 49325 1 
45.3558 -28.358 -180.311 0.293549 2.64194 -80 2 -25 10 49326 1 
45.3461 -28.3579 -180.311 0.293549 2.64194 -80 2 -25 10 49327 1 
45.3363 -28.3579 -180.311 0.293549 2.64194 -80 2 -25 10 49328 1 
45.3265 -28.3578 -180.311 0.293549 2.64194 -80 2 -25 10 49329 1 
45.3167 -28.3578 -180.311 0.293549 2.64194 -80 2 -25 10 49330 1 
45.3069 -28.3577 -180.311 0.293549 2.64194 -80 2 -25 10 49331 1 
45.2971 -28.3577 -180.311 0.293549 2.64194 -80 2 -25 10 49332 1 
45.2873 -28.3576 -180.311 0.293549 2.64194 -80 2 -25 10 49333 1 
45.2776 -28.3576 -180.311 0.293549 2.64194 -80 2 -25 10 49334 1 
45.2678 -28.3575 -180.311 0.293549 2.64194 -80 2 -25 10 49335 1 
45.258 -28.3575 -180.311 0.293549 2.64194 -80 2 -25 10 49336 1 
45.2482 -28.3574 -180.311 0.293549 2.64194 -80 2 -25 10 49337 1 
45.2384 -28.3574 -180.311 0.293549 2.64194 -80 2 -25 10 49338 1 
45.2286 -28.3573 -180.311 0.293549 2.64194 -80 2 -25 10 49339 1 
45.2189 -28.3573 -180.311 0.293549 2.64194 -80 2 -25 10 49340 1 
45.2091 -28.3572 -180.311 0.293549 2.64194 -80 2 -25 10 49341 1 
45.1993 -28.3571 -180.311 0.293549 2.64194 -80 2 -25 10 49342 1 
45.1895 -28.3571 -180.311 0.293549 2.64194 -80 2 -25 10 49343 1 
45.1797 -28.357 -180.311 0.293549 2.64194 -80 2 -25 10 49344 1 
45.1699 -28.357 -180.311 0.293549 2.64194 -80 2 -25 10 49345 1 
45.1601 -28.3569 -180.311 0.293549 2.64194 -80 2 -25 10 49346 1 
45.1504 -28.3569 -180.311 0.293549 2.64194 -80 2 -25 10 49347 1 
45.1406 -28.3568 -180.311 0.293549 2.64194 -80 2 -25 10 49348 1 
45.1308 -28.3568 -180.311 0.293549 2.64194 -80 2 -25 10 49349 1 
45.121 -28.3567 -180.311 0.293549 2.64194 -80 2 -25 10 49350 1 
45.1112 -28.3567 -180.311 0.293549 2.64194 -80 2 -25 10 49351 1 
45.1014 -28.3566 -180.311 0.293549 2.64194 -80 2 -25 10 49352 1 
45.0917 -28.3566 -180.311 0.293549 2.64194 -80 2 -25 10 49353 1 
45.0819 -28.3565 -180.311 0.293549 2.64194 -80 2 -25 10 49354 1 
45.0721 -28.3565 -180.311 0.293549 2.64194 -80 2 -25 10 49355 1 
45.0623 -28.3564 -180.311 0.293549 2.64194 -80 2 -25 10 49356 1 
45.0525 -28.3563 -180.311 0.293549 2.64194 -80 2 -25 10 49357 1 
45.0427 -28.3563 -180.311 0.293549 2.64194 -80 2 -25 10 49358 1 
45.0329 -28.3562 -180.311 0.293549 2.64194 -80 2 -25 10 49359 1 
45.0232 -28.3562 -180.311 0.293549 2.64194 -80 2 -25 10 49360 1 
45.0134 -28.3561 -180.311 0.293549 2.64194 -80 2 -25 10 49361 1 
45.0036 -28.3561 -180.311 0.293549 2.64194 -80 2 -25 10 49362 1 
44.9938 -28.356 -180.311 0.293549 2.64194 -80 2 -25 10 49363 1 
44.984 -28.356 -180.311 0.293549 2.64194 -80 2 -25 10 49364 1 
44.9742 -28.3559 -180.311 0.293549 2.64194 -80 2 -25 10 49365 1 
44.9645 -28.3559 -180.311 0.293549 2.64194 -80 2 -25 10 49366 1 
44.9547 -28.3558 -180.311 0.293549 2.64194 -80 2 -25 10 49367 1 
44.9449 -28.3558 -180.311 0.293549 2.64194 -80 2 -25 10 49368 1 
44.9351 -28.3557 -180.311 0.293549 2.64194 -80 2 -25 10 49369 1 
44.9253 -28.3556 -180.311 0.293549 2.64194 -80 2 -25 10 49370 1 
44.9155 -28.3556 -180.311 0.293549 2.64194 -80 2 -25 10 49371 1 
44.9057 -28.3555 -180.311 0.293549 2.64194 -80 2 -25 10 49372 1 
44.896 -28.3555 -180.312 0.293549 2.64194 -80 2 -25 10 49373 1 
44.8862 -28.3554 -180.312 0.293549 2.64194 -80 2 -25 10 49374 1 
44.8764 -28.3554 -180.312 0.293549 2.64194 -80 2 -25 10 49375 1 
44.8666 -28.3553 -180.312 0.293549 2.64194 -80 2 -25 10 49376 1 
44.8568 -28.3553 -180.312 0.293549 2.64194 -80 2 -25 10 49377 1 
44.847 -28.3552 -180.312 0.293549 2.64194 -80 2 -25 10 49378 1 
44.8373 -28.3552 -180.312 0.293549 2.64194 -80 2 -25 10 49379 1 
44.8275 -28.3551 -180.312 0.293549 2.64194 -80 2 -25 10 49380 1 
44.8177 -28.3551 -180.312 0.293549 2.64194 -80 2 -25 10 49381 1 
44.8079 -28.355 -180.312 0.293549 2.64194 -80 2 -25 10 49382 1 
44.7981 -28.355 -180.312 0.293549 2.64194 -80 2 -25 10 49383 1 
44.7883 -28.3549 -180.312 0.293549 2.64194 -80 2 -25 10 49384 1 
44.7785 -28.3548 -180.312 0.293549 2.64194 -80 2 -25 10 49385 1 
44.7688 -28.3548 -180.312 0.293549 2.64194 -80 2 -25 10 49386 1 
44.759 -28.3547 -180.312 0.293549 2.64194 -80 2 -25 10 49387 1 
44.7492 -28.3547 -180.312 0.293549 2.64194 -80 2 -25 10 49388 1 
44.7394 -28.3546 -180.312 0.293549 2.64194 -80 2 -25 10 49389 1 
44.7296 -28.3546 -180.312 0.293549 2.64194 -80 2 -25 10 49390 1 
44.7198 -28.3545 -180.312 0.293549 2.64194 -80 2 -25 10 49391 1 
44.7101 -28.3545 -180.312 0.293549 2.64194 -80 2 -25 10 49392 1 
44.7003 -28.3544 -180.312 0.293549 2.64194 -80 2 -25 10 49393 1 
44.6905 -28.3544 -180.312 0.293549 2.64194 -80 2 -25 10 49394 1 
44.6807 -28.3543 -180.312 0.293549 2.64194 -80 2 -25 10 49395 1 
44.6709 -28.3543 -180.312 0.293549 2.64194 -80 2 -25 10 49396 1 
44.6611 -28.3542 -180.312 0.293549 2.64194 -80 2 -25 10 49397 1 
44.6513 -28.3542 -180.312 0.293549 2.64194 -80 2 -25 10 49398 1 
44.6416 -28.3541 -180.312 0.293549 2.64194 -80 2 -25 10 49399 1 
44.6318 -28.354 -180.312 0.293549 2.64194 -80 2 -25 10 49400 1 
44.622 -28.354 -180.312 0.293549 2.64194 -80 2 -25 10 49401 1 
44.6122 -28.3539 -180.312 0.293549 2.64194 -80 2 -25 10 49402 1 
44.6024 -28.3539 -180.312 0.293549 2.64194 -80 2 -25 10 49403 1 
44.5926 -28.3538 -180.312 0.293549 2.64194 -80 2 -25 10 49404 1 
44.5829 -28.3538 -180.312 0.293549 2.64194 -80 2 -25 10 49405 1 
44.5731 -28.3537 -180.312 0.293549 2.64194 -80 2 -25 10 49406 1 
44.5633 -28.3537 -180.312 0.293549 2.64194 -80 2 -25 10 49407 1 
44.5535 -28.3536 -180.312 0.293549 2.64194 -80 2 -25 10 49408 1 
44.5437 -28.3536 -180.312 0.293549 2.64194 -80 2 -25 10 49409 1 
44.5339 -28.3535 -180.312 0.293549 2.64194 -80 2 -25 10 49410 1 
44.5241 -28.3535 -180.312 0.293549 2.64194 -80 2 -25 10 49411 1 
44.5144 -28.3534 -180.312 0.293549 2.64194 -80 2 -25 10 49412 1 
44.5046 -28.3534 -180.312 0.293549 2.64194 -80 2 -25 10 49413 1 
44.4948 -28.3533 -180.312 0.293549 2.64194 -80 2 -25 10 49414 1 
44.485 -28.3532 -180.312 0.293549 2.64194 -80 2 -25 10 49415 1 
44.4752 -28.3532 -180.312 0.293549 2.64194 -80 2 -25 10 49416 1 
44.4654 -28.3531 -180.312 0.293549 2.64194 -80 2 -25 10 49417 1 
44.4557 -28.3531 -180.312 0.293549 2.64194 -80 2 -25 10 49418 1 
44.4459 -28.353 -180.312 0.293549 2.64194 -80 2 -25 10 49419 1 
44.4361 -28.353 -180.312 0.293549 2.64194 -80 2 -25 10 49420 1 
44.4263 -28.3529 -180.312 0.293549 2.64194 -80 2 -25 10 49421 1 
44.4165 -28.3529 -180.312 0.293549 2.64194 -80 2 -25 10 49422 1 
44.4067 -28.3528 -180.312 0.293549 2.64194 -80 2 -25 10 49423 1 
44.3969 -28.3528 -180.313 0.293549 2.64194 -80 2 -25 10 49424 1 
44.3872 -28.3527 -180.313 0.293549 2.64194 -80 2 -25 10 49425 1 
44.3774 -28.3527 -180.313 0.293549 2.64194 -80 2 -25 10 49426 1 
44.3676 -28.3526 -180.313 0.293549 2.64194 -80 2 -25 10 49427 1 
44.3578 -28.3526 -180.313 0.293549 2.64194 -80 2 -25 10 49428 1 
44.348 -28.3525 -180.313 0.293549 2.64194 -80 2 -25 10 49429 1 
44.3382 -28.3524 -180.313 0.293549 2.64194 -80 2 -25 10 49430 1 
44.3284 -28.3524 -180.313 0.293549 2.64194 -80 2 -25 10 49431 1 
44.3187 -28.3523 -180.313 0.293549 2.64194 -80 2 -25 10 49432 1 
44.3089 -28.3523 -180.313 0.293549 2.64194 -80 2 -25 10 49433 1 
44.2991 -28.3522 -180.313 0.293549 2.64194 -80 2 -25 10 49434 1 
44.2893 -28.3522 -180.313 0.293549 2.64194 -80 2 -25 10 49435 1 
44.2795 -28.3521 -180.313 0.293549 2.64194 -80 2 -25 10 49436 1 
44.2697 -28.3521 -180.313 0.293549 2.64194 -80 2 -25 10 49437 1 
44.26 -28.352 -180.313 0.293549 2.64194 -80 2 -25 10 49438 1 
44.2502 -28.352 -180.313 0.293549 2.64194 -80 2 -25 10 49439 1 
44.2404 -28.3519 -180.313 0.293549 2.64194 -80 2 -25 10 49440 1 
44.2306 -28.3519 -180.313 0.293549 2.64194 -80 2 -25 10 49441 1 
44.2208 -28.3518 -180.313 0.293549 2.64194 -80 2 -25 10 49442 1 
44.211 -28.3518 -180.313 0.293549 2.64194 -80 2 -25 10 49443 1 
44.2012 -28.3517 -180.313 0.293549 2.64194 -80 2 -25 10 49444 1 
44.1915 -28.3516 -180.313 0.293549 2.64194 -80 2 -25 10 49445 1 
44.1817 -28.3516 -180.313 0.293549 2.64194 -80 2 -25 10 49446 1 
44.1719 -28.3515 -180.313 0.293549 2.64194 -80 2 -25 10 49447 1 
44.1621 -28.3515 -180.313 0.293549 2.64194 -80 2 -25 10 49448 1 
44.1523 -28.3514 -180.313 0.293549 2.64194 -80 2 -25 10 49449 1 
44.1425 -28.3514 -180.313 0.293549 2.64194 -80 2 -25 10 49450 1 
44.1328 -28.3513 -180.313 0.293549 2.64194 -80 2 -25 10 49451 1 
44.123 -28.3513 -180.313 0.293549 2.64194 -80 2 -25 10 49452 1 
44.1132 -28.3512 -180.313 0.293549 2.64194 -80 2 -25 10 49453 1 
44.1034 -28.3512 -180.313 0.293549 2.64194 -80 2 -25 10 49454 1 
44.0936 -28.3511 -180.313 0.293549 2.64194 -80 2 -25 10 49455 1 
44.0838 -28.3511 -180.313 0.293549 2.64194 -80 2 -25 10 49456 1 
44.074 -28.351 -180.313 0.293549 2.64194 -80 2 -25 10 49457 1 
44.0643 -28.351 -180.313 0.293549 2.64194 -80 2 -25 10 49458 1 
44.0545 -28.3509 -180.313 0.293549 2.64194 -80 2 -25 10 49459 1 
44.0447 -28.3508 -180.313 0.293549 2.64194 -80 2 -25 10 49460 1 
44.0349 -28.3508 -180.313 0.293549 2.64194 -80 2 -25 10 49461 1 
44.0251 -28.3507 -180.313 0.293549 2.64194 -80 2 -25 10 49462 1 
44.0153 -28.3507 -180.313 0.293549 2.64194 -80 2 -25 10 49463 1 
44.0056 -28.3506 -180.313 0.293549 2.64194 -80 2 -25 10 49464 1 
43.9958 -28.3506 -180.313 0.293549 2.64194 -80 2 -25 10 49465 1 
43.986 -28.3505 -180.313 0.293549 2.64194 -80 2 -25 10 49466 1 
43.9762 -28.3505 -180.313 0.293549 2.64194 -80 2 -25 10 49467 1 
43.9664 -28.3504 -180.313 0.293549 2.64194 -80 2 -25 10 49468 1 
43.9566 -28.3504 -180.313 0.293549 2.64194 -80 2 -25 10 49469 1 
43.9468 -28.3503 -180.313 0.293549 2.64194 -80 2 -25 10 49470 1 
43.9371 -28.3503 -180.313 0.293549 2.64194 -80 2 -25 10 49471 1 
43.9273 -28.3502 -180.313 0.293549 2.64194 -80 2 -25 10 49472 1 
43.9175 -28.3501 -180.314 0.293549 2.64194 -80 2 -25 10 49473 1 
43.9077 -28.3501 -180.314 0.293549 2.64194 -80 2 -25 10 49474 1 
43.8979 -28.35 -180.314 0.293549 2.64194 -80 2 -25 10 49475 1 
43.8881 -28.35 -180.314 0.293549 2.64194 -80 2 -25 10 49476 1 
43.8784 -28.3499 -180.314 0.293549 2.64194 -80 2 -25 10 49477 1 
43.8686 -28.3499 -180.314 0.293549 2.64194 -80 2 -25 10 49478 1 
43.8588 -28.3498 -180.314 0.293549 2.64194 -80 2 -25 10 49479 1 
43.849 -28.3498 -180.314 0.293549 2.64194 -80 2 -25 10 49480 1 
43.8392 -28.3497 -180.314 0.293549 2.64194 -80 2 -25 10 49481 1 
43.8294 -28.3497 -180.314 0.293549 2.64194 -80 2 -25 10 49482 1 
43.8196 -28.3496 -180.314 0.293549 2.64194 -80 2 -25 10 49483 1 
43.8099 -28.3496 -180.314 0.293549 2.64194 -80 2 -25 10 49484 1 
43.8001 -28.3495 -180.314 0.293549 2.64194 -80 2 -25 10 49485 1 
43.7903 -28.3495 -180.314 0.293549 2.64194 -80 2 -25 10 49486 1 
43.7805 -28.3494 -180.314 0.293549 2.64194 -80 2 -25 10 49487 1 
43.7707 -28.3493 -180.314 0.293549 2.64194 -80 2 -25 10 49488 1 
43.7609 -28.3493 -180.314 0.293549 2.64194 -80 2 -25 10 49489 1 
43.7512 -28.3492 -180.314 0.293549 2.64194 -80 2 -25 10 49490 1 
43.7414 -28.3492 -180.314 0.293549 2.64194 -80 2 -25 10 49491 1 
43.7316 -28.3491 -180.314 0.293549 2.64194 -80 2 -25 10 49492 1 
43.7218 -28.3491 -180.314 0.293549 2.64194 -80 2 -25 10 49493 1 
43.712 -28.349 -180.314 0.293549 2.64194 -80 2 -25 10 49494 1 
43.7022 -28.349 -180.314 0.293549 2.64194 -80 2 -25 10 49495 1 
43.6924 -28.3489 -180.314 0.293549 2.64194 -80 2 -25 10 49496 1 
43.6827 -28.3489 -180.314 0.293549 2.64194 -80 2 -25 10 49497 1 
43.6729 -28.3488 -180.314 0.293549 2.64194 -80 2 -25 10 49498 1 
43.6631 -28.3488 -180.314 0.293549 2.64194 -80 2 -25 10 49499 1 
43.6533 -28.3487 -180.314 0.293549 2.64194 -80 2 -25 10 49500 1 
43.6435 -28.3487 -180.314 0.293549 2.64194 -80 2 -25 10 49501 1 
43.6337 -28.3486 -180.314 0.293549 2.64194 -80 2 -25 10 49502 1 
43.624 -28.3485 -180.314 0.293549 2.64194 -80 2 -25 10 49503 1 
43.6142 -28.3485 -180.314 0.293549 2.64194 -80 2 -25 10 49504 1 
43.6044 -28.3484 -180.314 0.293549 2.64194 -80 2 -25 10 49505 1 
43.5946 -28.3484 -180.314 0.293549 2.64194 -80 2 -25 10 49506 1 
43.5848 -28.3483 -180.314 0.293549 2.64194 -80 2 -25 10 49507 1 
43.575 -28.3483 -180.314 0.293549 2.64194 -80 2 -25 10 49508 1 
43.5652 -28.3482 -180.314 0.293549 2.64194 -80 2 -25 10 49509 1 
43.5555 -28.3482 -180.314 0.293549 2.64194 -80 2 -25 10 49510 1 
43.5457 -28.3481 -180.314 0.293549 2.64194 -80 2 -25 10 49511 1 
43.5359 -28.3481 -180.314 0.293549 2.64194 -80 2 -25 10 49512 1 
43.5261 -28.348 -180.314 0.293549 2.64194 -80 2 -25 10 49513 1 
43.5163 -28.348 -180.314 0.293549 2.64194 -80 2 -25 10 49514 1 
43.5065 -28.3479 -180.314 0.293549 2.64194 -80 2 -25 10 49515 1 
43.4967 -28.3479 -180.314 0.293549 2.64194 -80 2 -25 10 49516 1 
43.487 -28.3478 -180.314 0.293549 2.64194 -80 2 -25 10 49517 1 
43.4772 -28.3477 -180.314 0.293549 2.64194 -80 2 -25 10 49518 1 
43.4674 -28.3477 -180.314 0.293549 2.64194 -80 2 -25 10 49519 1 
43.4576 -28.3476 -180.314 0.293549 2.64194 -80 2 -25 10 49520 1 
43.4478 -28.3476 -180.314 0.293549 2.64194 -80 2 -25 10 49521 1 
43.438 -28.3475 -180.315 0.293549 2.64194 -80 2 -25 10 49522 1 
43.4283 -28.3475 -180.315 0.293549 2.64194 -80 2 -25 10 49523 1 
43.4185 -28.3474 -180.315 0.293549 2.64194 -80 2 -25 10 49524 1 
43.4087 -28.3474 -180.315 0.293549 2.64194 -80 2 -25 10 49525 1 
43.3989 -28.3473 -180.315 0.293549 2.64194 -80 2 -25 10 49526 1 
43.3891 -28.3473 -180.315 0.293549 2.64194 -80 2 -25 10 49527 1 
43.3793 -28.3472 -180.315 0.293549 2.64194 -80 2 -25 10 49528 1 
43.3695 -28.3472 -180.315 0.293549 2.64194 -80 2 -25 10 49529 1 
43.3598 -28.3471 -180.315 0.293549 2.64194 -80 2 -25 10 49530 1 
43.35 -28.3471 -180.315 0.293549 2.64194 -80 2 -25 10 49531 1 
43.3402 -28.347 -180.315 0.293549 2.64194 -80 2 -25 10 49532 1 
43.3304 -28.3469 -180.315 0.293549 2.64194 -80 2 -25 10 49533 1 
43.3206 -28.3469 -180.315 0.293549 2.64194 -80 2 -25 10 49534 1 
43.3108 -28.3468 -180.315 0.293549 2.64194 -80 2 -25 10 49535 1 
43.3011 -28.3468 -180.315 0.293549 2.64194 -80 2 -25 10 49536 1 
43.2913 -28.3467 -180.315 0.293549 2.64194 -80 2 -25 10 49537 1 
43.2815 -28.3467 -180.315 0.293549 2.64194 -80 2 -25 10 49538 1 
43.2717 -28.3466 -180.315 0.293549 2.64194 -80 2 -25 10 49539 1 
43.2619 -28.3466 -180.315 0.293549 2.64194 -80 2 -25 10 49540 1 
43.2521 -28.3465 -180.315 0.293549 2.64194 -80 2 -25 10 49541 1 
43.2423 -28.3465 -180.315 0.293549 2.64194 -80 2 -25 10 49542 1 
43.2326 -28.3464 -180.315 0.293549 2.64194 -80 2 -25 10 49543 1 
43.2228 -28.3464 -180.315 0.293549 2.64194 -80 2 -25 10 49544 1 
43.213 -28.3463 -180.315 0.293549 2.64194 -80 2 -25 10 49545 1 
43.2032 -28.3463 -180.315 0.293549 2.64194 -80 2 -25 10 49546 1 
43.1934 -28.3462 -180.315 0.293549 2.64194 -80 2 -25 10 49547 1 
43.1836 -28.3461 -180.315 0.293549 2.64194 -80 2 -25 10 49548 1 
43.1739 -28.3461 -180.315 0.293549 2.64194 -80 2 -25 10 49549 1 
43.1641 -28.346 -180.315 0.293549 2.64194 -80 2 -25 10 49550 1 
43.1543 -28.346 -180.315 0.293549 2.64194 -80 2 -25 10 49551 1 
43.1445 -28.3459 -180.315 0.293549 2.64194 -80 2 -25 10 49552 1 
43.1347 -28.3459 -180.315 0.293549 2.64194 -80 2 -25 10 49553 1 
43.1249 -28.3458 -180.315 0.293549 2.64194 -80 2 -25 10 49554 1 
43.1151 -28.3458 -180.315 0.293549 2.64194 -80 2 -25 10 49555 1 
43.1054 -28.3457 -180.315 0.293549 2.64194 -80 2 -25 10 49556 1 
43.0956 -28.3457 -180.315 0.293549 2.64194 -80 2 -25 10 49557 1 
43.0858 -28.3456 -180.315 0.293549 2.64194 -80 2 -25 10 49558 1 
43.076 -28.3456 -180.315 0.293549 2.64194 -80 2 -25 10 49559 1 
43.0662 -28.3455 -180.315 0.293549 2.64194 -80 2 -25 10 49560 1 
43.0564 -28.3454 -180.315 0.293549 2.64194 -80 2 -25 10 49561 1 
43.0467 -28.3454 -180.315 0.293549 2.64194 -80 2 -25 10 49562 1 
43.0369 -28.3453 -180.315 0.293549 2.64194 -80 2 -25 10 49563 1 
43.0271 -28.3453 -180.315 0.293549 2.64194 -80 2 -25 10 49564 1 
43.0173 -28.3452 -180.315 0.293549 2.64194 -80 2 -25 10 49565 1 
43.0075 -28.3452 -180.315 0.293549 2.64194 -80 2 -25 10 49566 1 
42.9977 -28.3451 -180.315 0.293549 2.64194 -80 2 -25 10 49567 1 
42.9879 -28.3451 -180.315 0.293549 2.64194 -80 2 -25 10 49568 1 
42.9782 -28.345 -180.315 0.293549 2.64194 -80 2 -25 10 49569 1 
42.9684 -28.345 -180.315 0.293549 2.64194 -80 2 -25 10 49570 1 
42.9586 -28.3449 -180.316 0.293549 2.64194 -80 2 -25 10 49571 1 
42.9488 -28.3449 -180.316 0.293549 2.64194 -80 2 -25 10 49572 1 
42.939 -28.3448 -180.316 0.293549 2.64194 -80 2 -25 10 49573 1 
42.9292 -28.3448 -180.316 0.293549 2.64194 -80 2 -25 10 49574 1 
42.9195 -28.3447 -180.316 0.293549 2.64194 -80 2 -25 10 49575 1 
42.9097 -28.3446 -180.316 0.293549 2.64194 -80 2 -25 10 49576 1 
42.8999 -28.3446 -180.316 0.293549 2.64194 -80 2 -25 10 49577 1 
42.8901 -28.3445 -180.316 0.293549 2.64194 -80 2 -25 10 49578 1 
42.8803 -28.3445 -180.316 0.293549 2.64194 -80 2 -25 10 49579 1 
42.8705 -28.3444 -180.316 0.293549 2.64194 -80 2 -25 10 49580 1 
42.8607 -28.3444 -180.316 0.293549 2.64194 -80 2 -25 10 49581 1 
42.851 -28.3443 -180.316 0.293549 2.64194 -80 2 -25 10 49582 1 
42.8412 -28.3443 -180.316 0.293549 2.64194 -80 2 -25 10 49583 1 
42.8314 -28.3442 -180.316 0.293549 2.64194 -80 2 -25 10 49584 1 
42.8216 -28.3442 -180.316 0.293549 2.64194 -80 2 -25 10 49585 1 
42.8118 -28.3441 -180.316 0.293549 2.64194 -80 2 -25 10 49586 1 
42.802 -28.3441 -180.316 0.293549 2.64194 -80 2 -25 10 49587 1 
42.7923 -28.344 -180.316 0.293549 2.64194 -80 2 -25 10 49588 1 
42.7825 -28.344 -180.316 0.293549 2.64194 -80 2 -25 10 49589 1 
42.7727 -28.3439 -180.316 0.293549 2.64194 -80 2 -25 10 49590 1 
42.7629 -28.3438 -180.316 0.293549 2.64194 -80 2 -25 10 49591 1 
42.7531 -28.3438 -180.316 0.293549 2.64194 -80 2 -25 10 49592 1 
42.7433 -28.3437 -180.316 0.293549 2.64194 -80 2 -25 10 49593 1 
42.7335 -28.3437 -180.316 0.293549 2.64194 -80 2 -25 10 49594 1 
42.7238 -28.3436 -180.316 0.293549 2.64194 -80 2 -25 10 49595 1 
42.714 -28.3436 -180.316 0.293549 2.64194 -80 2 -25 10 49596 1 
42.7042 -28.3435 -180.316 0.293549 2.64194 -80 2 -25 10 49597 1 
42.6944 -28.3435 -180.316 0.293549 2.64194 -80 2 -25 10 49598 1 
42.6846 -28.3434 -180.316 0.293549 2.64194 -80 2 -25 10 49599 1 
42.6748 -28.3434 -180.316 0.293549 2.64194 -80 2 -25 10 49600 1 
42.6651 -28.3433 -180.316 0.293549 2.64194 -80 2 -25 10 49601 1 
42.6553 -28.3433 -180.316 0.293549 2.64194 -80 2 -25 10 49602 1 
42.6455 -28.3432 -180.316 0.293549 2.64194 -80 2 -25 10 49603 1 
42.6357 -28.3432 -180.316 0.293549 2.64194 -80 2 -25 10 49604 1 
42.6259 -28.3431 -180.316 0.293549 2.64194 -80 2 -25 10 49605 1 
42.6161 -28.343 -180.316 0.293549 2.64194 -80 2 -25 10 49606 1 
42.6063 -28.343 -180.316 0.293549 2.64194 -80 2 -25 10 49607 1 
42.5966 -28.3429 -180.316 0.293549 2.64194 -80 2 -25 10 49608 1 
42.5868 -28.3429 -180.316 0.293549 2.64194 -80 2 -25 10 49609 1 
42.577 -28.3428 -180.316 0.293549 2.64194 -80 2 -25 10 49610 1 
42.5672 -28.3428 -180.316 0.293549 2.64194 -80 2 -25 10 49611 1 
42.5574 -28.3427 -180.316 0.293549 2.64194 -80 2 -25 10 49612 1 
42.5476 -28.3427 -180.316 0.293549 2.64194 -80 2 -25 10 49613 1 
42.5378 -28.3426 -180.316 0.293549 2.64194 -80 2 -25 10 49614 1 
42.5281 -28.3426 -180.316 0.293549 2.64194 -80 2 -25 10 49615 1 
42.5183 -28.3425 -180.316 0.293549 2.64194 -80 2 -25 10 49616 1 
42.5085 -28.3425 -180.316 0.293549 2.64194 -80 2 -25 10 49617 1 
42.4987 -28.3424 -180.316 0.293549 2.64194 -80 2 -25 10 49618 1 
42.4889 -28.3424 -180.316 0.293549 2.64194 -80 2 -25 10 49619 1 
42.4791 -28.3423 -180.317 0.293549 2.64194 -80 2 -25 10 49620 1 
42.4694 -28.3422 -180.317 0.293549 2.64194 -80 2 -25 10 49621 1 
42.4596 -28.3422 -180.317 0.293549 2.64194 -80 2 -25 10 49622 1 
42.4498 -28.3421 -180.317 0.293549 2.64194 -80 2 -25 10 49623 1 
42.44 -28.3421 -180.317 0.293549 2.64194 -80 2 -25 10 49624 1 
42.4302 -28.342 -180.317 0.293549 2.64194 -80 2 -25 10 49625 1 
42.4204 -28.342 -180.317 0.293549 2.64194 -80 2 -25 10 49626 1 
42.4106 -28.3419 -180.317 0.293549 2.64194 -80 2 -25 10 49627 1 
42.4009 -28.3419 -180.317 0.293549 2.64194 -80 2 -25 10 49628 1 
42.3911 -28.3418 -180.317 0.293549 2.64194 -80 2 -25 10 49629 1 
42.3813 -28.3418 -180.317 0.293549 2.64194 -80 2 -25 10 49630 1 
42.3715 -28.3417 -180.317 0.293549 2.64194 -80 2 -25 10 49631 1 
42.3617 -28.3417 -180.317 0.293549 2.64194 -80 2 -25 10 49632 1 
42.3519 -28.3416 -180.317 0.293549 2.64194 -80 2 -25 10 49633 1 
42.3422 -28.3416 -180.317 0.293549 2.64194 -80 2 -25 10 49634 1 
42.3324 -28.3415 -180.317 0.293549 2.64194 -80 2 -25 10 49635 1 
42.3226 -28.3414 -180.317 0.293549 2.64194 -80 2 -25 10 49636 1 
42.3128 -28.3414 -180.317 0.293549 2.64194 -80 2 -25 10 49637 1 
42.303 -28.3413 -180.317 0.293549 2.64194 -80 2 -25 10 49638 1 
42.2932 -28.3413 -180.317 0.293549 2.64194 -80 2 -25 10 49639 1 
42.2834 -28.3412 -180.317 0.293549 2.64194 -80 2 -25 10 49640 1 
42.2737 -28.3412 -180.317 0.293549 2.64194 -80 2 -25 10 49641 1 
42.2639 -28.3411 -180.317 0.293549 2.64194 -80 2 -25 10 49642 1 
42.2541 -28.3411 -180.317 0.293549 2.64194 -80 2 -25 10 49643 1 
42.2443 -28.341 -180.317 0.293549 2.64194 -80 2 -25 10 49644 1 
42.2345 -28.341 -180.317 0.293549 2.64194 -80 2 -25 10 49645 1 
42.2247 -28.3409 -180.317 0.293549 2.64194 -80 2 -25 10 49646 1 
42.215 -28.3409 -180.317 0.293549 2.64194 -80 2 -25 10 49647 1 
42.2052 -28.3408 -180.317 0.293549 2.64194 -80 2 -25 10 49648 1 
42.1954 -28.3407 -180.317 0.293549 2.64194 -80 2 -25 10 49649 1 
42.1856 -28.3407 -180.317 0.293549 2.64194 -80 2 -25 10 49650 1 
42.1758 -28.3406 -180.317 0.293549 2.64194 -80 2 -25 10 49651 1 
42.166 -28.3406 -180.317 0.293549 2.64194 -80 2 -25 10 49652 1 
42.1562 -28.3405 -180.317 0.293549 2.64194 -80 2 -25 10 49653 1 
42.1465 -28.3405 -180.317 0.293549 2.64194 -80 2 -25 10 49654 1 
42.1367 -28.3404 -180.317 0.293549 2.64194 -80 2 -25 10 49655 1 
42.1269 -28.3404 -180.317 0.293549 2.64194 -80 2 -25 10 49656 1 
42.1171 -28.3403 -180.317 0.293549 2.64194 -80 2 -25 10 49657 1 
42.1073 -28.3403 -180.317 0.293549 2.64194 -80 2 -25 10 49658 1 
42.0975 -28.3402 -180.317 0.293549 2.64194 -80 2 -25 10 49659 1 
42.0878 -28.3402 -180.317 0.293549 2.64194 -80 2 -25 10 49660 1 
42.078 -28.3401 -180.317 0.293549 2.64194 -80 2 -25 10 49661 1 
42.0682 -28.3401 -180.317 0.293549 2.64194 -80 2 -25 10 49662 1 
42.0584 -28.34 -180.317 0.293549 2.64194 -80 2 -25 10 49663 1 
42.0486 -28.3399 -180.317 0.293549 2.64194 -80 2 -25 10 49664 1 
42.0388 -28.3399 -180.317 0.293549 2.64194 -80 2 -25 10 49665 1 
42.029 -28.3398 -180.317 0.293549 2.64194 -80 2 -25 10 49666 1 
42.0193 -28.3398 -180.318 0.293549 2.64194 -80 2 -25 10 49667 1 
42.0095 -28.3397 -180.318 0.293549 2.64194 -80 2 -25 10 49668 1 
41.9997 -28.3397 -180.318 0.293549 2.64194 -80 2 -25 10 49669 1 
41.9899 -28.3396 -180.318 0.293549 2.64194 -80 2 -25 10 49670 1 
41.9801 -28.3396 -180.318 0.293549 2.64194 -80 2 -25 10 49671 1 
41.9703 -28.3395 -180.318 0.293549 2.64194 -80 2 -25 10 49672 1 
41.9606 -28.3395 -180.318 0.293549 2.64194 -80 2 -25 10 49673 1 
41.9508 -28.3394 -180.318 0.293549 2.64194 -80 2 -25 10 49674 1 
41.941 -28.3394 -180.318 0.293549 2.64194 -80 2 -25 10 49675 1 
41.9312 -28.3393 -180.318 0.293549 2.64194 -80 2 -25 10 49676 1 
41.9214 -28.3393 -180.318 0.293549 2.64194 -80 2 -25 10 49677 1 
41.9116 -28.3392 -180.318 0.293549 2.64194 -80 2 -25 10 49678 1 
41.9018 -28.3391 -180.318 0.293549 2.64194 -80 2 -25 10 49679 1 
41.8921 -28.3391 -180.318 0.293549 2.64194 -80 2 -25 10 49680 1 
41.8823 -28.339 -180.318 0.293549 2.64194 -80 2 -25 10 49681 1 
41.8725 -28.339 -180.318 0.293549 2.64194 -80 2 -25 10 49682 1 
41.8627 -28.3389 -180.318 0.293549 2.64194 -80 2 -25 10 49683 1 
41.8529 -28.3389 -180.318 0.293549 2.64194 -80 2 -25 10 49684 1 
41.8431 -28.3388 -180.318 0.293549 2.64194 -80 2 -25 10 49685 1 
41.8334 -28.3388 -180.318 0.293549 2.64194 -80 2 -25 10 49686 1 
41.8236 -28.3387 -180.318 0.293549 2.64194 -80 2 -25 10 49687 1 
41.8138 -28.3387 -180.318 0.293549 2.64194 -80 2 -25 10 49688 1 
41.804 -28.3386 -180.318 0.293549 2.64194 -80 2 -25 10 49689 1 
41.7942 -28.3386 -180.318 0.293549 2.64194 -80 2 -25 10 49690 1 
41.7844 -28.3385 -180.318 0.293549 2.64194 -80 2 -25 10 49691 1 
41.7746 -28.3385 -180.318 0.293549 2.64194 -80 2 -25 10 49692 1 
41.7649 -28.3384 -180.318 0.293549 2.64194 -80 2 -25 10 49693 1 
41.7551 -28.3383 -180.318 0.293549 2.64194 -80 2 -25 10 49694 1 
41.7453 -28.3383 -180.318 0.293549 2.64194 -80 2 -25 10 49695 1 
41.7355 -28.3382 -180.318 0.293549 2.64194 -80 2 -25 10 49696 1 
41.7257 -28.3382 -180.318 0.293549 2.64194 -80 2 -25 10 49697 1 
41.7159 -28.3381 -180.318 0.293549 2.64194 -80 2 -25 10 49698 1 
41.7062 -28.3381 -180.318 0.293549 2.64194 -80 2 -25 10 49699 1 
41.6964 -28.338 -180.318 0.293549 2.64194 -80 2 -25 10 49700 1 
41.6866 -28.338 -180.318 0.293549 2.64194 -80 2 -25 10 49701 1 
41.6768 -28.3379 -180.318 0.293549 2.64194 -80 2 -25 10 49702 1 
41.667 -28.3379 -180.318 0.293549 2.64194 -80 2 -25 10 49703 1 
41.6572 -28.3378 -180.318 0.293549 2.64194 -80 2 -25 10 49704 1 
41.6474 -28.3378 -180.318 0.293549 2.64194 -80 2 -25 10 49705 1 
41.6377 -28.3377 -180.318 0.293549 2.64194 -80 2 -25 10 49706 1 
41.6279 -28.3377 -180.318 0.293549 2.64194 -80 2 -25 10 49707 1 
41.6181 -28.3376 -180.318 0.293549 2.64194 -80 2 -25 10 49708 1 
41.6083 -28.3375 -180.318 0.293549 2.64194 -80 2 -25 10 49709 1 
41.5985 -28.3375 -180.318 0.293549 2.64194 -80 2 -25 10 49710 1 
41.5887 -28.3374 -180.318 0.293549 2.64194 -80 2 -25 10 49711 1 
41.5789 -28.3374 -180.318 0.293549 2.64194 -80 2 -25 10 49712 1 
41.5692 -28.3373 -180.318 0.293549 2.64194 -80 2 -25 10 49713 1 
41.5594 -28.3373 -180.318 0.293549 2.64194 -80 2 -25 10 49714 1 
41.5496 -28.3372 -180.319 0.293549 2.64194 -80 2 -25 10 49715 1 
41.5398 -28.3372 -180.319 0.293549 2.64194 -80 2 -25 10 49716 1 
41.53 -28.3371 -180.319 0.293549 2.64194 -80 2 -25 10 49717 1 
41.5202 -28.337 -180.319 0.293549 2.64194 -80 2 -25 10 49718 1 
41.5105 -28.337 -180.319 0.293549 2.64194 -80 2 -25 10 49719 1 
41.5007 -28.3369 -180.319 0.293549 2.64194 -80 2 -25 10 49720 1 
41.4909 -28.3369 -180.319 0.293549 2.64194 -80 2 -25 10 49721 1 
41.4811 -28.3368 -180.319 0.293549 2.64194 -80 2 -25 10 49722 1 
41.4713 -28.3368 -180.319 0.293549 2.64194 -80 2 -25 10 49723 1 
41.4615 -28.3367 -180.319 0.293549 2.64194 -80 2 -25 10 49724 1 
41.4517 -28.3367 -180.319 0.293549 2.64194 -80 2 -25 10 49725 1 
41.442 -28.3366 -180.319 0.293549 2.64194 -80 2 -25 10 49726 1 
41.4322 -28.3365 -180.319 0.293549 2.64194 -80 2 -25 10 49727 1 
41.4224 -28.3365 -180.319 0.293549 2.64194 -80 2 -25 10 49728 1 
41.4126 -28.3364 -180.319 0.293549 2.64194 -80 2 -25 10 49729 1 
41.4028 -28.3364 -180.319 0.293549 2.64194 -80 2 -25 10 49730 1 
41.393 -28.3363 -180.319 0.293549 2.64194 -80 2 -25 10 49731 1 
41.3833 -28.3363 -180.319 0.293549 2.64194 -80 2 -25 10 49732 1 
41.3735 -28.3362 -180.319 0.293549 2.64194 -80 2 -25 10 49733 1 
41.3637 -28.3362 -180.319 0.293549 2.64194 -80 2 -25 10 49734 1 
41.3539 -28.3361 -180.319 0.293549 2.64194 -80 2 -25 10 49735 1 
41.3441 -28.336 -180.319 0.293549 2.64194 -80 2 -25 10 49736 1 
41.3343 -28.336 -180.319 0.293549 2.64194 -80 2 -25 10 49737 1 
41.3245 -28.3359 -180.319 0.293549 2.64194 -80 2 -25 10 49738 1 
41.3148 -28.3359 -180.319 0.293549 2.64194 -80 2 -25 10 49739 1 
41.305 -28.3358 -180.319 0.293549 2.64194 -80 2 -25 10 49740 1 
41.2952 -28.3358 -180.319 0.293549 2.64194 -80 2 -25 10 49741 1 
41.2854 -28.3357 -180.319 0.293549 2.64194 -80 2 -25 10 49742 1 
41.2756 -28.3357 -180.319 0.293549 2.64194 -80 2 -25 10 49743 1 
41.2658 -28.3356 -180.319 0.293549 2.64194 -80 2 -25 10 49744 1 
41.2561 -28.3355 -180.319 0.293549 2.64194 -80 2 -25 10 49745 1 
41.2463 -28.3355 -180.319 0.293549 2.64194 -80 2 -25 10 49746 1 
41.2365 -28.3354 -180.319 0.293549 2.64194 -80 2 -25 10 49747 1 
41.2267 -28.3354 -180.319 0.293549 2.64194 -80 2 -25 10 49748 1 
41.2169 -28.3353 -180.319 0.293549 2.64194 -80 2 -25 10 49749 1 
41.2071 -28.3353 -180.319 0.293549 2.64194 -80 2 -25 10 49750 1 
41.1973 -28.3352 -180.319 0.293549 2.64194 -80 2 -25 10 49751 1 
41.1876 -28.3352 -180.319 0.293549 2.64194 -80 2 -25 10 49752 1 
41.1778 -28.3351 -180.319 0.293549 2.64194 -80 2 -25 10 49753 1 
41.168 -28.3351 -180.319 0.293549 2.64194 -80 2 -25 10 49754 1 
41.1582 -28.335 -180.319 0.293549 2.64194 -80 2 -25 10 49755 1 
41.1484 -28.3349 -180.319 0.293549 2.64194 -80 2 -25 10 49756 1 
41.1386 -28.3349 -180.319 0.293549 2.64194 -80 2 -25 10 49757 1 
41.1289 -28.3348 -180.319 0.293549 2.64194 -80 2 -25 10 49758 1 
41.1191 -28.3348 -180.319 0.293549 2.64194 -80 2 -25 10 49759 1 
41.1093 -28.3347 -180.319 0.293549 2.64194 -80 2 -25 10 49760 1 
41.0995 -28.3347 -180.319 0.293549 2.64194 -80 2 -25 10 49761 1 
41.0897 -28.3346 -180.319 0.293549 2.64194 -80 2 -25 10 49762 1 
41.0799 -28.3346 -180.32 0.293549 2.64194 -80 2 -25 10 49763 1 
41.0701 -28.3345 -180.32 0.293549 2.64194 -80 2 -25 10 49764 1 
41.0604 -28.3344 -180.32 0.293549 2.64194 -80 2 -25 10 49765 1 
41.0506 -28.3344 -180.32 0.293549 2.64194 -80 2 -25 10 49766 1 
41.0408 -28.3343 -180.32 0.293549 2.64194 -80 2 -25 10 49767 1 
41.031 -28.3343 -180.32 0.293549 2.64194 -80 2 -25 10 49768 1 
41.0212 -28.3342 -180.32 0.293549 2.64194 -80 2 -25 10 49769 1 
41.0114 -28.3342 -180.32 0.293549 2.64194 -80 2 -25 10 49770 1 
41.0017 -28.3341 -180.32 0.293549 2.64194 -80 2 -25 10 49771 1 
40.9919 -28.3341 -180.32 0.293549 2.64194 -80 2 -25 10 49772 1 
40.9821 -28.334 -180.32 0.293549 2.64194 -80 2 -25 10 49773 1 
40.9723 -28.3339 -180.32 0.293549 2.64194 -80 2 -25 10 49774 1 
40.9625 -28.3339 -180.32 0.293549 2.64194 -80 2 -25 10 49775 1 
40.9527 -28.3338 -180.32 0.293549 2.64194 -80 2 -25 10 49776 1 
40.9429 -28.3338 -180.32 0.293549 2.64194 -80 2 -25 10 49777 1 
40.9332 -28.3337 -180.32 0.293549 2.64194 -80 2 -25 10 49778 1 
40.9234 -28.3337 -180.32 0.293549 2.64194 -80 2 -25 10 49779 1 
40.9136 -28.3336 -180.32 0.293549 2.64194 -80 2 -25 10 49780 1 
40.9038 -28.3336 -180.32 0.293549 2.64194 -80 2 -25 10 49781 1 
40.894 -28.3335 -180.32 0.293549 2.64194 -80 2 -25 10 49782 1 
40.8842 -28.3334 -180.32 0.293549 2.64194 -80 2 -25 10 49783 1 
40.8745 -28.3334 -180.32 0.293549 2.64194 -80 2 -25 10 49784 1 
40.8647 -28.3333 -180.32 0.293549 2.64194 -80 2 -25 10 49785 1 
40.8549 -28.3333 -180.32 0.293549 2.64194 -80 2 -25 10 49786 1 
40.8451 -28.3332 -180.32 0.293549 2.64194 -80 2 -25 10 49787 1 
40.8353 -28.3332 -180.32 0.293549 2.64194 -80 2 -25 10 49788 1 
40.8255 -28.3331 -180.32 0.293549 2.64194 -80 2 -25 10 49789 1 
40.8157 -28.3331 -180.32 0.293549 2.64194 -80 2 -25 10 49790 1 
40.806 -28.333 -180.32 0.293549 2.64194 -80 2 -25 10 49791 1 
40.7962 -28.3329 -180.32 0.293549 2.64194 -80 2 -25 10 49792 1 
40.7864 -28.3329 -180.32 0.293549 2.64194 -80 2 -25 10 49793 1 
40.7766 -28.3328 -180.32 0.293549 2.64194 -80 2 -25 10 49794 1 
40.7668 -28.3328 -180.32 0.293549 2.64194 -80 2 -25 10 49795 1 
40.757 -28.3327 -180.32 0.293549 2.64194 -80 2 -25 10 49796 1 
40.7472 -28.3327 -180.32 0.293549 2.64194 -80 2 -25 10 49797 1 
40.7375 -28.3326 -180.32 0.293549 2.64194 -80 2 -25 10 49798 1 
40.7277 -28.3326 -180.32 0.293549 2.64194 -80 2 -25 10 49799 1 
40.7179 -28.3325 -180.32 0.293549 2.64194 -80 2 -25 10 49800 1 
40.7081 -28.3325 -180.32 0.293549 2.64194 -80 2 -25 10 49801 1 
40.6983 -28.3324 -180.32 0.293549 2.64194 -80 2 -25 10 49802 1 
40.6885 -28.3323 -180.32 0.293549 2.64194 -80 2 -25 10 49803 1 
40.6788 -28.3323 -180.32 0.293549 2.64194 -80 2 -25 10 49804 1 
40.669 -28.3322 -180.32 0.293549 2.64194 -80 2 -25 10 49805 1 
40.6592 -28.3322 -180.32 0.293549 2.64194 -80 2 -25 10 49806 1 
40.6494 -28.3321 -180.32 0.293549 2.64194 -80 2 -25 10 49807 1 
40.6396 -28.3321 -180.32 0.293549 2.64194 -80 2 -25 10 49808 1 
40.6298 -28.332 -180.32 0.293549 2.64194 -80 2 -25 10 49809 1 
40.62 -28.332 -180.321 0.293549 2.64194 -80 2 -25 10 49810 1 
40.6103 -28.3319 -180.321 0.293549 2.64194 -80 2 -25 10 49811 1 
40.6005 -28.3318 -180.321 0.293549 2.64194 -80 2 -25 10 49812 1 
40.5907 -28.3318 -180.321 0.293549 2.64194 -80 2 -25 10 49813 1 
40.5809 -28.3317 -180.321 0.293549 2.64194 -80 2 -25 10 49814 1 
40.5711 -28.3317 -180.321 0.293549 2.64194 -80 2 -25 10 49815 1 
40.5613 -28.3316 -180.321 0.293549 2.64194 -80 2 -25 10 49816 1 
40.5516 -28.3316 -180.321 0.293549 2.64194 -80 2 -25 10 49817 1 
40.5418 -28.3315 -180.321 0.293549 2.64194 -80 2 -25 10 49818 1 
40.532 -28.3315 -180.321 0.293549 2.64194 -80 2 -25 10 49819 1 
40.5222 -28.3314 -180.321 0.293549 2.64194 -80 2 -25 10 49820 1 
40.5124 -28.3313 -180.321 0.293549 2.64194 -80 2 -25 10 49821 1 
40.5026 -28.3313 -180.321 0.293549 2.64194 -80 2 -25 10 49822 1 
40.4928 -28.3312 -180.321 0.293549 2.64194 -80 2 -25 10 49823 1 
40.4831 -28.3312 -180.321 0.293549 2.64194 -80 2 -25 10 49824 1 
40.4733 -28.3311 -180.321 0.293549 2.64194 -80 2 -25 10 49825 1 
40.4635 -28.3311 -180.321 0.293549 2.64194 -80 2 -25 10 49826 1 
40.4537 -28.331 -180.321 0.293549 2.64194 -80 2 -25 10 49827 1 
40.4439 -28.331 -180.321 0.293549 2.64194 -80 2 -25 10 49828 1 
40.4341 -28.3309 -180.321 0.293549 2.64194 -80 2 -25 10 49829 1 
40.4244 -28.3308 -180.321 0.293549 2.64194 -80 2 -25 10 49830 1 
40.4146 -28.3308 -180.321 0.293549 2.64194 -80 2 -25 10 49831 1 
40.4048 -28.3307 -180.321 0.293549 2.64194 -80 2 -25 10 49832 1 
40.395 -28.3307 -180.321 0.293549 2.64194 -80 2 -25 10 49833 1 
40.3852 -28.3306 -180.321 0.293549 2.64194 -80 2 -25 10 49834 1 
40.3754 -28.3306 -180.321 0.293549 2.64194 -80 2 -25 10 49835 1 
40.3656 -28.3305 -180.321 0.293549 2.64194 -80 2 -25 10 49836 1 
40.3559 -28.3305 -180.321 0.293549 2.64194 -80 2 -25 10 49837 1 
40.3461 -28.3304 -180.321 0.293549 2.64194 -80 2 -25 10 49838 1 
40.3363 -28.3303 -180.321 0.293549 2.64194 -80 2 -25 10 49839 1 
40.3265 -28.3303 -180.321 0.293549 2.64194 -80 2 -25 10 49840 1 
40.3167 -28.3302 -180.321 0.293549 2.64194 -80 2 -25 10 49841 1 
40.3069 -28.3302 -180.321 0.293549 2.64194 -80 2 -25 10 49842 1 
40.2972 -28.3301 -180.321 0.293549 2.64194 -80 2 -25 10 49843 1 
40.2874 -28.3301 -180.321 0.293549 2.64194 -80 2 -25 10 49844 1 
40.2776 -28.33 -180.321 0.293549 2.64194 -80 2 -25 10 49845 1 
40.2678 -28.33 -180.321 0.293549 2.64194 -80 2 -25 10 49846 1 
40.258 -28.3299 -180.321 0.293549 2.64194 -80 2 -25 10 49847 1 
40.2482 -28.3299 -180.321 0.293549 2.64194 -80 2 -25 10 49848 1 
40.2384 -28.3298 -180.321 0.293549 2.64194 -80 2 -25 10 49849 1 
40.2287 -28.3297 -180.321 0.293549 2.64194 -80 2 -25 10 49850 1 
40.2189 -28.3297 -180.321 0.293549 2.64194 -80 2 -25 10 49851 1 
40.2091 -28.3296 -180.321 0.293549 2.64194 -80 2 -25 10 49852 1 
40.1993 -28.3296 -180.321 0.293549 2.64194 -80 2 -25 10 49853 1 
40.1895 -28.3295 -180.321 0.293549 2.64194 -80 2 -25 10 49854 1 
40.1797 -28.3295 -180.321 0.293549 2.64194 -80 2 -25 10 49855 1 
40.17 -28.3294 -180.321 0.293549 2.64194 -80 2 -25 10 49856 1 
40.1602 -28.3294 -180.322 0.293549 2.64194 -80 2 -25 10 49857 1 
40.1504 -28.3293 -180.322 0.293549 2.64194 -80 2 -25 10 49858 1 
40.1406 -28.3292 -180.322 0.293549 2.64194 -80 2 -25 10 49859 1 
40.1308 -28.3292 -180.322 0.293549 2.64194 -80 2 -25 10 49860 1 
40.121 -28.3291 -180.322 0.293549 2.64194 -80 2 -25 10 49861 1 
40.1112 -28.3291 -180.322 0.293549 2.64194 -80 2 -25 10 49862 1 
40.1015 -28.329 -180.322 0.293549 2.64194 -80 2 -25 10 49863 1 
40.0917 -28.329 -180.322 0.293549 2.64194 -80 2 -25 10 49864 1 
40.0819 -28.3289 -180.322 0.293549 2.64194 -80 2 -25 10 49865 1 
40.0721 -28.3289 -180.322 0.293549 2.64194 -80 2 -25 10 49866 1 
40.0623 -28.3288 -180.322 0.293549 2.64194 -80 2 -25 10 49867 1 
40.0525 -28.3287 -180.322 0.293549 2.64194 -80 2 -25 10 49868 1 
40.0428 -28.3287 -180.322 0.293549 2.64194 -80 2 -25 10 49869 1 
40.033 -28.3286 -180.322 0.293549 2.64194 -80 2 -25 10 49870 1 
40.0232 -28.3286 -180.322 0.293549 2.64194 -80 2 -25 10 49871 1 
40.0134 -28.3285 -180.322 0.293549 2.64194 -80 2 -25 10 49872 1 
40.0036 -28.3285 -180.322 0.293549 2.64194 -80 2 -25 10 49873 1 
39.9938 -28.3284 -180.322 0.293549 2.64194 -80 2 -25 10 49874 1 
39.984 -28.3284 -180.322 0.293549 2.64194 -80 2 -25 10 49875 1 
39.9743 -28.3283 -180.322 0.293549 2.64194 -80 2 -25 10 49876 1 
39.9645 -28.3282 -180.322 0.293549 2.64194 -80 2 -25 10 49877 1 
39.9547 -28.3282 -180.322 0.293549 2.64194 -80 2 -25 10 49878 1 
39.9449 -28.3281 -180.322 0.293549 2.64194 -80 2 -25 10 49879 1 
39.9351 -28.3281 -180.322 0.293549 2.64194 -80 2 -25 10 49880 1 
39.9253 -28.328 -180.322 0.293549 2.64194 -80 2 -25 10 49881 1 
39.9156 -28.328 -180.322 0.293549 2.64194 -80 2 -25 10 49882 1 
39.9058 -28.3279 -180.322 0.293549 2.64194 -80 2 -25 10 49883 1 
39.896 -28.3279 -180.322 0.293549 2.64194 -80 2 -25 10 49884 1 
39.8862 -28.3278 -180.322 0.293549 2.64194 -80 2 -25 10 49885 1 
39.8764 -28.3277 -180.322 0.293549 2.64194 -80 2 -25 10 49886 1 
39.8666 -28.3277 -180.322 0.293549 2.64194 -80 2 -25 10 49887 1 
39.8568 -28.3276 -180.322 0.293549 2.64194 -80 2 -25 10 49888 1 
39.8471 -28.3276 -180.322 0.293549 2.64194 -80 2 -25 10 49889 1 
39.8373 -28.3275 -180.322 0.293549 2.64194 -80 2 -25 10 49890 1 
39.8275 -28.3275 -180.322 0.293549 2.64194 -80 2 -25 10 49891 1 
39.8177 -28.3274 -180.322 0.293549 2.64194 -80 2 -25 10 49892 1 
39.8079 -28.3274 -180.322 0.293549 2.64194 -80 2 -25 10 49893 1 
39.7981 -28.3273 -180.322 0.293549 2.64194 -80 2 -25 10 49894 1 
39.7883 -28.3273 -180.322 0.293549 2.64194 -80 2 -25 10 49895 1 
39.7786 -28.3272 -180.322 0.293549 2.64194 -80 2 -25 10 49896 1 
39.7688 -28.3271 -180.322 0.293549 2.64194 -80 2 -25 10 49897 1 
39.759 -28.3271 -180.322 0.293549 2.64194 -80 2 -25 10 49898 1 
39.7492 -28.327 -180.322 0.293549 2.64194 -80 2 -25 10 49899 1 
39.7394 -28.327 -180.322 0.293549 2.64194 -80 2 -25 10 49900 1 
39.7296 -28.3269 -180.322 0.293549 2.64194 -80 2 -25 10 49901 1 
39.7199 -28.3269 -180.322 0.293549 2.64194 -80 2 -25 10 49902 1 
39.7101 -28.3268 -180.322 0.293549 2.64194 -80 2 -25 10 49903 1 
39.7003 -28.3268 -180.323 0.293549 2.64194 -80 2 -25 10 49904 1 
39.6905 -28.3267 -180.323 0.293549 2.64194 -80 2 -25 10 49905 1 
39.6807 -28.3266 -180.323 0.293549 2.64194 -80 2 -25 10 49906 1 
39.6709 -28.3266 -180.323 0.293549 2.64194 -80 2 -25 10 49907 1 
39.6611 -28.3265 -180.323 0.293549 2.64194 -80 2 -25 10 49908 1 
39.6514 -28.3265 -180.323 0.293549 2.64194 -80 2 -25 10 49909 1 
39.6416 -28.3264 -180.323 0.293549 2.64194 -80 2 -25 10 49910 1 
39.6318 -28.3264 -180.323 0.293549 2.64194 -80 2 -25 10 49911 1 
39.622 -28.3263 -180.323 0.293549 2.64194 -80 2 -25 10 49912 1 
39.6122 -28.3263 -180.323 0.293549 2.64194 -80 2 -25 10 49913 1 
39.6024 -28.3262 -180.323 0.293549 2.64194 -80 2 -25 10 49914 1 
39.5927 -28.3261 -180.323 0.293549 2.64194 -80 2 -25 10 49915 1 
39.5829 -28.3261 -180.323 0.293549 2.64194 -80 2 -25 10 49916 1 
39.5731 -28.326 -180.323 0.293549 2.64194 -80 2 -25 10 49917 1 
39.5633 -28.326 -180.323 0.293549 2.64194 -80 2 -25 10 49918 1 
39.5535 -28.3259 -180.323 0.293549 2.64194 -80 2 -25 10 49919 1 
39.5437 -28.3259 -180.323 0.293549 2.64194 -80 2 -25 10 49920 1 
39.5339 -28.3258 -180.323 0.293549 2.64194 -80 2 -25 10 49921 1 
39.5242 -28.3258 -180.323 0.293549 2.64194 -80 2 -25 10 49922 1 
39.5144 -28.3257 -180.323 0.293549 2.64194 -80 2 -25 10 49923 1 
39.5046 -28.3256 -180.323 0.293549 2.64194 -80 2 -25 10 49924 1 
39.4948 -28.3256 -180.323 0.293549 2.64194 -80 2 -25 10 49925 1 
39.485 -28.3255 -180.323 0.293549 2.64194 -80 2 -25 10 49926 1 
39.4752 -28.3255 -180.323 0.293549 2.64194 -80 2 -25 10 49927 1 
39.4655 -28.3254 -180.323 0.293549 2.64194 -80 2 -25 10 49928 1 
39.4557 -28.3254 -180.323 0.293549 2.64194 -80 2 -25 10 49929 1 
39.4459 -28.3253 -180.323 0.293549 2.64194 -80 2 -25 10 49930 1 
39.4361 -28.3253 -180.323 0.293549 2.64194 -80 2 -25 10 49931 1 
39.4263 -28.3252 -180.323 0.293549 2.64194 -80 2 -25 10 49932 1 
39.4165 -28.3251 -180.323 0.293549 2.64194 -80 2 -25 10 49933 1 
39.4067 -28.3251 -180.323 0.293549 2.64194 -80 2 -25 10 49934 1 
39.397 -28.325 -180.323 0.293549 2.64194 -80 2 -25 10 49935 1 
39.3872 -28.325 -180.323 0.293549 2.64194 -80 2 -25 10 49936 1 
39.3774 -28.3249 -180.323 0.293549 2.64194 -80 2 -25 10 49937 1 
39.3676 -28.3249 -180.323 0.293549 2.64194 -80 2 -25 10 49938 1 
39.3578 -28.3248 -180.323 0.293549 2.64194 -80 2 -25 10 49939 1 
39.348 -28.3248 -180.323 0.293549 2.64194 -80 2 -25 10 49940 1 
39.3383 -28.3247 -180.323 0.293549 2.64194 -80 2 -25 10 49941 1 
39.3285 -28.3247 -180.323 0.293549 2.64194 -80 2 -25 10 49942 1 
39.3187 -28.3246 -180.323 0.293549 2.64194 -80 2 -25 10 49943 1 
39.3089 -28.3245 -180.323 0.293549 2.64194 -80 2 -25 10 49944 1 
39.2991 -28.3245 -180.323 0.293549 2.64194 -80 2 -25 10 49945 1 
39.2893 -28.3244 -180.323 0.293549 2.64194 -80 2 -25 10 49946 1 
39.2795 -28.3244 -180.323 0.293549 2.64194 -80 2 -25 10 49947 1 
39.2698 -28.3243 -180.323 0.293549 2.64194 -80 2 -25 10 49948 1 
39.26 -28.3243 -180.323 0.293549 2.64194 -80 2 -25 10 49949 1 
39.2502 -28.3242 -180.324 0.293549 2.64194 -80 2 -25 10 49950 1 
39.2404 -28.3242 -180.324 0.293549 2.64194 -80 2 -25 10 49951 1 
39.2306 -28.3241 -180.324 0.293549 2.64194 -80 2 -25 10 49952 1 
39.2208 -28.324 -180.324 0.293549 2.64194 -80 2 -25 10 49953 1 
39.2111 -28.324 -180.324 0.293549 2.64194 -80 2 -25 10 49954 1 
39.2013 -28.3239 -180.324 0.293549 2.64194 -80 2 -25 10 49955 1 
39.1915 -28.3239 -180.324 0.293549 2.64194 -80 2 -25 10 49956 1 
39.1817 -28.3238 -180.324 0.293549 2.64194 -80 2 -25 10 49957 1 
39.1719 -28.3238 -180.324 0.293549 2.64194 -80 2 -25 10 49958 1 
39.1621 -28.3237 -180.324 0.293549 2.64194 -80 2 -25 10 49959 1 
39.1523 -28.3237 -180.324 0.293549 2.64194 -80 2 -25 10 49960 1 
39.1426 -28.3236 -180.324 0.293549 2.64194 -80 2 -25 10 49961 1 
39.1328 -28.3235 -180.324 0.293549 2.64194 -80 2 -25 10 49962 1 
39.123 -28.3235 -180.324 0.293549 2.64194 -80 2 -25 10 49963 1 
39.1132 -28.3234 -180.324 0.293549 2.64194 -80 2 -25 10 49964 1 
39.1034 -28.3234 -180.324 0.293549 2.64194 -80 2 -25 10 49965 1 
39.0936 -28.3233 -180.324 0.293549 2.64194 -80 2 -25 10 49966 1 
39.0839 -28.3233 -180.324 0.293549 2.64194 -80 2 -25 10 49967 1 
39.0741 -28.3232 -180.324 0.293549 2.64194 -80 2 -25 10 49968 1 
39.0643 -28.3232 -180.324 0.293549 2.64194 -80 2 -25 10 49969 1 
39.0545 -28.3231 -180.324 0.293549 2.64194 -80 2 -25 10 49970 1 
39.0447 -28.323 -180.324 0.293549 2.64194 -80 2 -25 10 49971 1 
39.0349 -28.323 -180.324 0.293549 2.64194 -80 2 -25 10 49972 1 
39.0251 -28.3229 -180.324 0.293549 2.64194 -80 2 -25 10 49973 1 
39.0154 -28.3229 -180.324 0.293549 2.64194 -80 2 -25 10 49974 1 
39.0056 -28.3228 -180.324 0.293549 2.64194 -80 2 -25 10 49975 1 
38.9958 -28.3228 -180.324 0.293549 2.64194 -80 2 -25 10 49976 1 
38.986 -28.3227 -180.324 0.293549 2.64194 -80 2 -25 10 49977 1 
38.9762 -28.3227 -180.324 0.293549 2.64194 -80 2 -25 10 49978 1 
38.9664 -28.3226 -180.324 0.293549 2.64194 -80 2 -25 10 49979 1 
38.9566 -28.3225 -180.324 0.293549 2.64194 -80 2 -25 10 49980 1 
38.9469 -28.3225 -180.324 0.293549 2.64194 -80 2 -25 10 49981 1 
38.9371 -28.3224 -180.324 0.293549 2.64194 -80 2 -25 10 49982 1 
38.9273 -28.3224 -180.324 0.293549 2.64194 -80 2 -25 10 49983 1 
38.9175 -28.3223 -180.324 0.293549 2.64194 -80 2 -25 10 49984 1 
38.9077 -28.3223 -180.324 0.293549 2.64194 -80 2 -25 10 49985 1 
38.8979 -28.3222 -180.324 0.293549 2.64194 -80 2 -25 10 49986 1 
38.8882 -28.3222 -180.324 0.293549 2.64194 -80 2 -25 10 49987 1 
38.8784 -28.3221 -180.324 0.293549 2.64194 -80 2 -25 10 49988 1 
38.8686 -28.3221 -180.324 0.293549 2.64194 -80 2 -25 10 49989 1 
38.8588 -28.322 -180.324 0.293549 2.64194 -80 2 -25 10 49990 1 
38.849 -28.3219 -180.324 0.293549 2.64194 -80 2 -25 10 49991 1 
38.8392 -28.3219 -180.324 0.293549 2.64194 -80 2 -25 10 49992 1 
38.8294 -28.3218 -180.324 0.293549 2.64194 -80 2 -25 10 49993 1 
38.8197 -28.3218 -180.324 0.293549 2.64194 -80 2 -25 10 49994 1 
38.8099 -28.3217 -180.324 0.293549 2.64194 -80 2 -25 10 49995 1 
38.8001 -28.3217 -180.325 0.293549 2.64194 -80 2 -25 10 49996 1 
38.7903 -28.3216 -180.325 0.293549 2.64194 -80 2 -25 10 49997 1 
38.7805 -28.3216 -180.325 0.293549 2.64194 -80 2 -25 10 49998 1 
38.7707 -28.3215 -180.325 0.293549 2.64194 -80 2 -25 10 49999 1 
