-92.3962 27.5703 -0.137608 0.344171 3.09754 80 2 25 10 31206 0 
-92.3848 27.5703 -0.138195 0.344171 3.09754 80 2 25 10 31207 0 
-92.3733 27.5702 -0.138773 0.344171 3.09754 80 2 25 10 31208 0 
-92.3618 27.5702 -0.139341 0.344171 3.09754 80 2 25 10 31209 0 
-92.3503 27.5702 -0.1399 0.344171 3.09754 80 2 25 10 31210 0 
-92.3389 27.5702 -0.14045 0.344171 3.09754 80 2 25 10 31211 0 
-92.3274 27.5701 -0.140991 0.344171 3.09754 80 2 25 10 31212 0 
-92.3159 27.5701 -0.141523 0.344171 3.09754 80 2 25 10 31213 0 
-92.3044 27.5701 -0.142046 0.344171 3.09754 80 2 25 10 31214 0 
-92.293 27.57 -0.142561 0.344171 3.09754 80 2 25 10 31215 0 
-92.2815 27.57 -0.143067 0.344171 3.09754 80 2 25 10 31216 0 
-92.27 27.57 -0.143565 0.344171 3.09754 80 2 25 10 31217 0 
-92.2585 27.57 -0.144055 0.344171 3.09754 80 2 25 10 31218 0 
-92.2471 27.5699 -0.144537 0.344171 3.09754 80 2 25 10 31219 0 
-92.2356 27.5699 -0.145011 0.344171 3.09754 80 2 25 10 31220 0 
-92.2241 27.5699 -0.145477 0.344171 3.09754 80 2 25 10 31221 0 
-92.2126 27.5698 -0.145936 0.344171 3.09754 80 2 25 10 31222 0 
-92.2012 27.5698 -0.146387 0.344171 3.09754 80 2 25 10 31223 0 
-92.1897 27.5698 -0.146831 0.344171 3.09754 80 2 25 10 31224 0 
-92.1782 27.5698 -0.147268 0.344171 3.09754 80 2 25 10 31225 0 
-92.1667 27.5697 -0.147697 0.344171 3.09754 80 2 25 10 31226 0 
-92.1553 27.5697 -0.14812 0.344171 3.09754 80 2 25 10 31227 0 
-92.1438 27.5697 -0.148535 0.344171 3.09754 80 2 25 10 31228 0 
-92.1323 27.5696 -0.148944 0.344171 3.09754 80 2 25 10 31229 0 
-92.1208 27.5696 -0.149346 0.344171 3.09754 80 2 25 10 31230 0 
-92.1094 27.5696 -0.149742 0.344171 3.09754 80 2 25 10 31231 0 
-92.0979 27.5695 -0.150131 0.344171 3.09754 80 2 25 10 31232 0 
-92.0864 27.5695 -0.150514 0.344171 3.09754 80 2 25 10 31233 0 
-92.0749 27.5695 -0.150891 0.344171 3.09754 80 2 25 10 31234 0 
-92.0635 27.5695 -0.151261 0.344171 3.09754 80 2 25 10 31235 0 
-92.052 27.5694 -0.151626 0.344171 3.09754 80 2 25 10 31236 0 
-92.0405 27.5694 -0.151985 0.344171 3.09754 80 2 25 10 31237 0 
-92.029 27.5694 -0.152337 0.344171 3.09754 80 2 25 10 31238 0 
-92.0176 27.5693 -0.152684 0.344171 3.09754 80 2 25 10 31239 0 
-92.0061 27.5693 -0.153026 0.344171 3.09754 80 2 25 10 31240 0 
-91.9946 27.5693 -0.153362 0.344171 3.09754 80 2 25 10 31241 0 
-91.9831 27.5692 -0.153692 0.344171 3.09754 80 2 25 10 31242 0 
-91.9717 27.5692 -0.154018 0.344171 3.09754 80 2 25 10 31243 0 
-91.9602 27.5692 -0.154337 0.344171 3.09754 80 2 25 10 31244 0 
-91.9487 27.5692 -0.154652 0.344171 3.09754 80 2 25 10 31245 0 
-91.9372 27.5691 -0.154962 0.344171 3.09754 80 2 25 10 31246 0 
-91.9258 27.5691 -0.155266 0.344171 3.09754 80 2 25 10 31247 0 
-91.9143 27.5691 -0.155566 0.344171 3.09754 80 2 25 10 31248 0 
-91.9028 27.569 -0.155861 0.344171 3.09754 80 2 25 10 31249 0 
-91.8913 27.569 -0.156151 0.344171 3.09754 80 2 25 10 31250 0 
-91.8799 27.569 -0.156437 0.344171 3.09754 80 2 25 10 31251 0 
-91.8684 27.5689 -0.156717 0.344171 3.09754 80 2 25 10 31252 0 
-91.8569 27.5689 -0.156994 0.344171 3.09754 80 2 25 10 31253 0 
-91.8455 27.5689 -0.157266 0.344171 3.09754 80 2 25 10 31254 0 
-91.834 27.5688 -0.157533 0.344171 3.09754 80 2 25 10 31255 0 
-91.8225 27.5688 -0.157796 0.344171 3.09754 80 2 25 10 31256 0 
-91.811 27.5688 -0.158055 0.344171 3.09754 80 2 25 10 31257 0 
-91.7996 27.5687 -0.15831 0.344171 3.09754 80 2 25 10 31258 0 
-91.7881 27.5687 -0.158561 0.344171 3.09754 80 2 25 10 31259 0 
-91.7766 27.5687 -0.158808 0.344171 3.09754 80 2 25 10 31260 0 
-91.7651 27.5687 -0.15905 0.344171 3.09754 80 2 25 10 31261 0 
-91.7537 27.5686 -0.159289 0.344171 3.09754 80 2 25 10 31262 0 
-91.7422 27.5686 -0.159524 0.344171 3.09754 80 2 25 10 31263 0 
-91.7307 27.5686 -0.159756 0.344171 3.09754 80 2 25 10 31264 0 
-91.7192 27.5685 -0.159983 0.344171 3.09754 80 2 25 10 31265 0 
-91.7078 27.5685 -0.160207 0.344171 3.09754 80 2 25 10 31266 0 
-91.6963 27.5685 -0.160428 0.344171 3.09754 80 2 25 10 31267 0 
-91.6848 27.5684 -0.160645 0.344171 3.09754 80 2 25 10 31268 0 
-91.6733 27.5684 -0.160858 0.344171 3.09754 80 2 25 10 31269 0 
-91.6619 27.5684 -0.161068 0.344171 3.09754 80 2 25 10 31270 0 
-91.6504 27.5683 -0.161275 0.344171 3.09754 80 2 25 10 31271 0 
-91.6389 27.5683 -0.161478 0.344171 3.09754 80 2 25 10 31272 0 
-91.6274 27.5683 -0.161678 0.344171 3.09754 80 2 25 10 31273 0 
-91.616 27.5682 -0.161875 0.344171 3.09754 80 2 25 10 31274 0 
-91.6045 27.5682 -0.162069 0.344171 3.09754 80 2 25 10 31275 0 
-91.593 27.5682 -0.16226 0.344171 3.09754 80 2 25 10 31276 0 
-91.5815 27.5681 -0.162448 0.344171 3.09754 80 2 25 10 31277 0 
-91.5701 27.5681 -0.162633 0.344171 3.09754 80 2 25 10 31278 0 
-91.5586 27.5681 -0.162814 0.344171 3.09754 80 2 25 10 31279 0 
-91.5471 27.568 -0.162993 0.344171 3.09754 80 2 25 10 31280 0 
-91.5356 27.568 -0.16317 0.344171 3.09754 80 2 25 10 31281 0 
-91.5242 27.568 -0.163343 0.344171 3.09754 80 2 25 10 31282 0 
-91.5127 27.5679 -0.163514 0.344171 3.09754 80 2 25 10 31283 0 
-91.5012 27.5679 -0.163682 0.344171 3.09754 80 2 25 10 31284 0 
-91.4897 27.5679 -0.163847 0.344171 3.09754 80 2 25 10 31285 0 
-91.4783 27.5678 -0.16401 0.344171 3.09754 80 2 25 10 31286 0 
-91.4668 27.5678 -0.16417 0.344171 3.09754 80 2 25 10 31287 0 
-91.4612 27.5678 -0.634238 0.344171 3.09754 80 2 25 10 31288 0 
-91.4557 27.5677 -1.10057 0.344171 3.09754 80 2 25 10 31289 0 
-91.4442 27.5675 -1.08512 0.344171 3.09754 80 2 25 10 31290 0 
-91.4387 27.5674 -1.54757 0.344171 3.09754 80 2 25 10 31291 0 
-91.4331 27.5673 -2.00634 0.344171 3.09754 80 2 25 10 31292 0 
-91.4216 27.5669 -1.9758 0.344171 3.09754 80 2 25 10 31293 0 
-91.4161 27.5667 -2.43084 0.344171 3.09754 80 2 25 10 31294 0 
-91.4046 27.5662 -2.39321 0.344171 3.09754 80 2 25 10 31295 0 
-91.3991 27.5659 -2.8446 0.344171 3.09754 80 2 25 10 31296 0 
-91.3876 27.5654 -2.80008 0.344171 3.09754 80 2 25 10 31297 0 
-91.3821 27.5651 -3.24789 0.344171 3.09754 80 2 25 10 31298 0 
-91.3765 27.5648 -3.69211 0.344171 3.09754 80 2 25 10 31299 0 
-91.3651 27.5641 -3.63347 0.344171 3.09754 80 2 25 10 31300 0 
-91.3596 27.5637 -4.07426 0.344171 3.09754 80 2 25 10 31301 0 
-91.3481 27.5629 -4.00925 0.344171 3.09754 80 2 25 10 31302 0 
-91.3426 27.5625 -4.44668 0.344171 3.09754 80 2 25 10 31303 0 
-91.3311 27.5616 -4.37546 0.344171 3.09754 80 2 25 10 31304 0 
-91.3256 27.5612 -4.80959 0.344171 3.09754 80 2 25 10 31305 0 
-91.3142 27.5602 -4.73232 0.344171 3.09754 80 2 25 10 31306 0 
-91.3086 27.5598 -5.16323 0.344171 3.09754 80 2 25 10 31307 0 
-91.2972 27.5587 -5.08006 0.344171 3.09754 80 2 25 10 31308 0 
-91.2917 27.5582 -5.5078 0.344171 3.09754 80 2 25 10 31309 0 
-91.2861 27.5577 -5.9321 0.344171 3.09754 80 2 25 10 31310 0 
-91.2747 27.5565 -5.83611 0.344171 3.09754 80 2 25 10 31311 0 
-91.2692 27.556 -6.25738 0.344171 3.09754 80 2 25 10 31312 0 
-91.2578 27.5547 -6.15598 0.344171 3.09754 80 2 25 10 31313 0 
-91.2523 27.5541 -6.57428 0.344171 3.09754 80 2 25 10 31314 0 
-91.2409 27.5528 -6.46759 0.344171 3.09754 80 2 25 10 31315 0 
-91.2354 27.5522 -6.88298 0.344171 3.09754 80 2 25 10 31316 0 
-91.224 27.5508 -6.77114 0.344171 3.09754 80 2 25 10 31317 0 
-91.2185 27.5501 -7.18367 0.344171 3.09754 80 2 25 10 31318 0 
-91.2071 27.5487 -7.06682 0.344171 3.09754 80 2 25 10 31319 0 
-91.2016 27.548 -7.47655 0.344171 3.09754 80 2 25 10 31320 0 
-91.1902 27.5465 -7.35482 0.344171 3.09754 80 2 25 10 31321 0 
-91.1847 27.5458 -7.76181 0.344171 3.09754 80 2 25 10 31322 0 
-91.1733 27.5443 -7.63532 0.344171 3.09754 80 2 25 10 31323 0 
-91.1619 27.5427 -7.51094 0.344171 3.09754 80 2 25 10 31324 0 
-91.1564 27.542 -7.91581 0.344171 3.09754 80 2 25 10 31325 0 
-91.1451 27.5404 -7.78675 0.344171 3.09754 80 2 25 10 31326 0 
-91.1396 27.5397 -8.18897 0.344171 3.09754 80 2 25 10 31327 0 
-91.1282 27.5381 -8.05535 0.344171 3.09754 80 2 25 10 31328 0 
-91.1227 27.5373 -8.45497 0.344171 3.09754 80 2 25 10 31329 0 
-91.1114 27.5356 -8.31692 0.344171 3.09754 80 2 25 10 31330 0 
-91.1059 27.5348 -8.71397 0.344171 3.09754 80 2 25 10 31331 0 
-91.0946 27.533 -8.5716 0.344171 3.09754 80 2 25 10 31332 0 
-91.0891 27.5322 -8.96615 0.344171 3.09754 80 2 25 10 31333 0 
-91.0777 27.5304 -8.81958 0.344171 3.09754 80 2 25 10 31334 0 
-91.0722 27.5296 -9.21167 0.344171 3.09754 80 2 25 10 31335 0 
-91.0609 27.5277 -9.061 0.344171 3.09754 80 2 25 10 31336 0 
-91.0496 27.5259 -8.91284 0.344171 3.09754 80 2 25 10 31337 0 
-91.0441 27.5251 -9.30327 0.344171 3.09754 80 2 25 10 31338 0 
-91.0328 27.5232 -9.15107 0.344171 3.09754 80 2 25 10 31339 0 
-91.0273 27.5223 -9.53911 0.344171 3.09754 80 2 25 10 31340 0 
-91.016 27.5204 -9.38297 0.344171 3.09754 80 2 25 10 31341 0 
-91.0105 27.5195 -9.76867 0.344171 3.09754 80 2 25 10 31342 0 
-90.9992 27.5176 -9.60871 0.344171 3.09754 80 2 25 10 31343 0 
-90.9879 27.5157 -9.45141 0.344171 3.09754 80 2 25 10 31344 0 
-90.9824 27.5148 -9.83562 0.344171 3.09754 80 2 25 10 31345 0 
-90.9711 27.5128 -9.67453 0.344171 3.09754 80 2 25 10 31346 0 
-90.9656 27.5119 -10.0565 0.344171 3.09754 80 2 25 10 31347 0 
-90.9543 27.5099 -9.89169 0.344171 3.09754 80 2 25 10 31348 0 
-90.9489 27.5089 -10.2714 0.344171 3.09754 80 2 25 10 31349 0 
-90.9376 27.5069 -10.103 0.344171 3.09754 80 2 25 10 31350 0 
-90.9263 27.5049 -9.93749 0.344171 3.09754 80 2 25 10 31351 0 
-90.9208 27.5039 -10.3159 0.344171 3.09754 80 2 25 10 31352 0 
-90.9095 27.5018 -10.1468 0.344171 3.09754 80 2 25 10 31353 0 
-90.904 27.5009 -10.523 0.344171 3.09754 80 2 25 10 31354 0 
-90.8928 27.4988 -10.3504 0.344171 3.09754 80 2 25 10 31355 0 
-90.8815 27.4967 -10.1807 0.344171 3.09754 80 2 25 10 31356 0 
-90.8702 27.4947 -10.0139 0.344171 3.09754 80 2 25 10 31357 0 
-90.8647 27.4937 -10.3897 0.344171 3.09754 80 2 25 10 31358 0 
-90.8534 27.4916 -10.2193 0.344171 3.09754 80 2 25 10 31359 0 
-90.8422 27.4896 -10.0518 0.344171 3.09754 80 2 25 10 31360 0 
-90.8309 27.4876 -9.88713 0.344171 3.09754 80 2 25 10 31361 0 
-90.8254 27.4867 -10.2625 0.344171 3.09754 80 2 25 10 31362 0 
-90.8141 27.4846 -10.0943 0.344171 3.09754 80 2 25 10 31363 0 
-90.8028 27.4826 -9.92889 0.344171 3.09754 80 2 25 10 31364 0 
-90.7915 27.4806 -9.76622 0.344171 3.09754 80 2 25 10 31365 0 
-90.7802 27.4787 -9.60625 0.344171 3.09754 80 2 25 10 31366 0 
-90.7747 27.4778 -9.98204 0.344171 3.09754 80 2 25 10 31367 0 
-90.7634 27.4758 -9.81848 0.344171 3.09754 80 2 25 10 31368 0 
-90.7521 27.4738 -9.65764 0.344171 3.09754 80 2 25 10 31369 0 
-90.7408 27.4719 -9.49948 0.344171 3.09754 80 2 25 10 31370 0 
-90.7354 27.471 -9.87471 0.344171 3.09754 80 2 25 10 31371 0 
-90.7241 27.469 -9.71293 0.344171 3.09754 80 2 25 10 31372 0 
-90.7128 27.4671 -9.55384 0.344171 3.09754 80 2 25 10 31373 0 
-90.7015 27.4652 -9.39741 0.344171 3.09754 80 2 25 10 31374 0 
-90.6901 27.4633 -9.24357 0.344171 3.09754 80 2 25 10 31375 0 
-90.6847 27.4624 -9.619 0.344171 3.09754 80 2 25 10 31376 0 
-90.6734 27.4605 -9.46147 0.344171 3.09754 80 2 25 10 31377 0 
-90.662 27.4586 -9.30657 0.344171 3.09754 80 2 25 10 31378 0 
-90.6507 27.4567 -9.15424 0.344171 3.09754 80 2 25 10 31379 0 
-90.6394 27.4549 -9.00445 0.344171 3.09754 80 2 25 10 31380 0 
-90.6339 27.4541 -9.37995 0.344171 3.09754 80 2 25 10 31381 0 
-90.6226 27.4522 -9.22639 0.344171 3.09754 80 2 25 10 31382 0 
-90.6113 27.4503 -9.0754 0.344171 3.09754 80 2 25 10 31383 0 
-90.6 27.4485 -8.92692 0.344171 3.09754 80 2 25 10 31384 0 
-90.5886 27.4468 -8.78091 0.344171 3.09754 80 2 25 10 31385 0 
-90.5832 27.4459 -9.15636 0.344171 3.09754 80 2 25 10 31386 0 
-90.5719 27.4441 -9.00652 0.344171 3.09754 80 2 25 10 31387 0 
-90.5605 27.4423 -8.85918 0.344171 3.09754 80 2 25 10 31388 0 
-90.5492 27.4405 -8.7143 0.344171 3.09754 80 2 25 10 31389 0 
-90.5379 27.4388 -8.57182 0.344171 3.09754 80 2 25 10 31390 0 
-90.5324 27.438 -8.94712 0.344171 3.09754 80 2 25 10 31391 0 
-90.5211 27.4362 -8.80077 0.344171 3.09754 80 2 25 10 31392 0 
-90.5098 27.4344 -8.65685 0.344171 3.09754 80 2 25 10 31393 0 
-90.4984 27.4327 -8.51533 0.344171 3.09754 80 2 25 10 31394 0 
-90.4871 27.431 -8.37616 0.344171 3.09754 80 2 25 10 31395 0 
-90.4816 27.4302 -8.75121 0.344171 3.09754 80 2 25 10 31396 0 
-90.4703 27.4285 -8.60811 0.344171 3.09754 80 2 25 10 31397 0 
-90.4589 27.4267 -8.4674 0.344171 3.09754 80 2 25 10 31398 0 
-90.4476 27.4251 -8.32903 0.344171 3.09754 80 2 25 10 31399 0 
-90.4362 27.4234 -8.19296 0.344171 3.09754 80 2 25 10 31400 0 
-90.4249 27.4218 -8.05916 0.344171 3.09754 80 2 25 10 31401 0 
-90.4195 27.421 -8.43449 0.344171 3.09754 80 2 25 10 31402 0 
-90.4081 27.4193 -8.29667 0.344171 3.09754 80 2 25 10 31403 0 
-90.3968 27.4176 -8.16113 0.344171 3.09754 80 2 25 10 31404 0 
-90.3854 27.416 -8.02785 0.344171 3.09754 80 2 25 10 31405 0 
-90.3741 27.4144 -7.8968 0.344171 3.09754 80 2 25 10 31406 0 
-90.3627 27.4128 -7.76792 0.344171 3.09754 80 2 25 10 31407 0 
-90.3573 27.4121 -8.14336 0.344171 3.09754 80 2 25 10 31408 0 
-90.3459 27.4105 -8.01037 0.344171 3.09754 80 2 25 10 31409 0 
-90.3345 27.4089 -7.8796 0.344171 3.09754 80 2 25 10 31410 0 
-90.3232 27.4073 -7.75101 0.344171 3.09754 80 2 25 10 31411 0 
-90.3118 27.4058 -7.62455 0.344171 3.09754 80 2 25 10 31412 0 
-90.3004 27.4042 -7.50021 0.344171 3.09754 80 2 25 10 31413 0 
-90.295 27.4035 -7.87557 0.344171 3.09754 80 2 25 10 31414 0 
-90.2837 27.402 -7.74703 0.344171 3.09754 80 2 25 10 31415 0 
-90.2723 27.4004 -7.62064 0.344171 3.09754 80 2 25 10 31416 0 
-90.2609 27.3989 -7.49636 0.344171 3.09754 80 2 25 10 31417 0 
-90.2495 27.3974 -7.37414 0.344171 3.09754 80 2 25 10 31418 0 
-90.2382 27.3959 -7.25396 0.344171 3.09754 80 2 25 10 31419 0 
-90.2328 27.3952 -7.62908 0.344171 3.09754 80 2 25 10 31420 0 
-90.2214 27.3937 -7.50465 0.344171 3.09754 80 2 25 10 31421 0 
-90.21 27.3922 -7.38229 0.344171 3.09754 80 2 25 10 31422 0 
-90.1986 27.3907 -7.26197 0.344171 3.09754 80 2 25 10 31423 0 
-90.1873 27.3893 -7.14365 0.344171 3.09754 80 2 25 10 31424 0 
-90.1759 27.3878 -7.0273 0.344171 3.09754 80 2 25 10 31425 0 
-90.1645 27.3864 -6.91289 0.344171 3.09754 80 2 25 10 31426 0 
-90.1591 27.3858 -7.28811 0.344171 3.09754 80 2 25 10 31427 0 
-90.1477 27.3843 -7.16935 0.344171 3.09754 80 2 25 10 31428 0 
-90.1363 27.3829 -7.05257 0.344171 3.09754 80 2 25 10 31429 0 
-90.125 27.3815 -6.93774 0.344171 3.09754 80 2 25 10 31430 0 
-90.1136 27.3801 -6.82481 0.344171 3.09754 80 2 25 10 31431 0 
-90.1022 27.3787 -6.71377 0.344171 3.09754 80 2 25 10 31432 0 
-90.0908 27.3774 -6.60458 0.344171 3.09754 80 2 25 10 31433 0 
-90.0854 27.3768 -6.97965 0.344171 3.09754 80 2 25 10 31434 0 
-90.074 27.3754 -6.86602 0.344171 3.09754 80 2 25 10 31435 0 
-90.0626 27.374 -6.75429 0.344171 3.09754 80 2 25 10 31436 0 
-90.0512 27.3727 -6.64442 0.344171 3.09754 80 2 25 10 31437 0 
-90.0398 27.3713 -6.53637 0.344171 3.09754 80 2 25 10 31438 0 
-90.0284 27.37 -6.43013 0.344171 3.09754 80 2 25 10 31439 0 
-90.017 27.3687 -6.32565 0.344171 3.09754 80 2 25 10 31440 0 
-90.0056 27.3675 -6.22292 0.344171 3.09754 80 2 25 10 31441 0 
-90.0003 27.3669 -6.59802 0.344171 3.09754 80 2 25 10 31442 0 
-89.9889 27.3656 -6.49074 0.344171 3.09754 80 2 25 10 31443 0 
-89.9775 27.3643 -6.38525 0.344171 3.09754 80 2 25 10 31444 0 
-89.9661 27.363 -6.28152 0.344171 3.09754 80 2 25 10 31445 0 
-89.9547 27.3617 -6.17951 0.344171 3.09754 80 2 25 10 31446 0 
-89.9433 27.3605 -6.07921 0.344171 3.09754 80 2 25 10 31447 0 
-89.9319 27.3593 -5.98057 0.344171 3.09754 80 2 25 10 31448 0 
-89.9204 27.3581 -5.88358 0.344171 3.09754 80 2 25 10 31449 0 
-89.909 27.3569 -5.7882 0.344171 3.09754 80 2 25 10 31450 0 
-89.9037 27.3564 -6.16333 0.344171 3.09754 80 2 25 10 31451 0 
-89.8923 27.3552 -6.06329 0.344171 3.09754 80 2 25 10 31452 0 
-89.8809 27.3539 -5.96492 0.344171 3.09754 80 2 25 10 31453 0 
-89.8695 27.3528 -5.86818 0.344171 3.09754 80 2 25 10 31454 0 
-89.858 27.3516 -5.77305 0.344171 3.09754 80 2 25 10 31455 0 
-89.8466 27.3504 -5.67951 0.344171 3.09754 80 2 25 10 31456 0 
-89.8352 27.3493 -5.58753 0.344171 3.09754 80 2 25 10 31457 0 
-89.8238 27.3482 -5.49707 0.344171 3.09754 80 2 25 10 31458 0 
-89.8124 27.3471 -5.40813 0.344171 3.09754 80 2 25 10 31459 0 
-89.8009 27.346 -5.32066 0.344171 3.09754 80 2 25 10 31460 0 
-89.7956 27.3455 -5.69569 0.344171 3.09754 80 2 25 10 31461 0 
-89.7842 27.3444 -5.60343 0.344171 3.09754 80 2 25 10 31462 0 
-89.7728 27.3432 -5.51271 0.344171 3.09754 80 2 25 10 31463 0 
-89.7614 27.3421 -5.4235 0.344171 3.09754 80 2 25 10 31464 0 
-89.7499 27.341 -5.33578 0.344171 3.09754 80 2 25 10 31465 0 
-89.7385 27.34 -5.24951 0.344171 3.09754 80 2 25 10 31466 0 
-89.7271 27.3389 -5.16468 0.344171 3.09754 80 2 25 10 31467 0 
-89.7157 27.3379 -5.08127 0.344171 3.09754 80 2 25 10 31468 0 
-89.7042 27.3369 -4.99924 0.344171 3.09754 80 2 25 10 31469 0 
-89.6928 27.3359 -4.91858 0.344171 3.09754 80 2 25 10 31470 0 
-89.6814 27.3349 -4.83927 0.344171 3.09754 80 2 25 10 31471 0 
-89.67 27.3339 -4.76127 0.344171 3.09754 80 2 25 10 31472 0 
-89.6585 27.333 -4.68458 0.344171 3.09754 80 2 25 10 31473 0 
-89.6532 27.3326 -5.0596 0.344171 3.09754 80 2 25 10 31474 0 
-89.6418 27.3315 -4.97793 0.344171 3.09754 80 2 25 10 31475 0 
-89.6304 27.3305 -4.89762 0.344171 3.09754 80 2 25 10 31476 0 
-89.6189 27.3296 -4.81865 0.344171 3.09754 80 2 25 10 31477 0 
-89.6075 27.3286 -4.74099 0.344171 3.09754 80 2 25 10 31478 0 
-89.5961 27.3277 -4.66463 0.344171 3.09754 80 2 25 10 31479 0 
-89.5846 27.3267 -4.58954 0.344171 3.09754 80 2 25 10 31480 0 
-89.5732 27.3258 -4.5157 0.344171 3.09754 80 2 25 10 31481 0 
-89.5618 27.3249 -4.44309 0.344171 3.09754 80 2 25 10 31482 0 
-89.5503 27.324 -4.37168 0.344171 3.09754 80 2 25 10 31483 0 
-89.5389 27.3231 -4.30147 0.344171 3.09754 80 2 25 10 31484 0 
-89.5275 27.3223 -4.23243 0.344171 3.09754 80 2 25 10 31485 0 
-89.5219 27.3219 -5.30032 0.344171 3.09754 80 2 25 10 31486 0 
-89.5163 27.3213 -6.38601 0.344171 3.09754 80 2 25 10 31487 0 
-89.5049 27.3201 -6.28223 0.344171 3.09754 80 2 25 10 31488 0 
-89.4994 27.3195 -7.37088 0.344171 3.09754 80 2 25 10 31489 0 
-89.4939 27.3187 -8.45012 0.344171 3.09754 80 2 25 10 31490 0 
-89.4825 27.3171 -8.31192 0.344171 3.09754 80 2 25 10 31491 0 
-89.477 27.3163 -9.38312 0.344171 3.09754 80 2 25 10 31492 0 
-89.4715 27.3153 -10.445 0.344171 3.09754 80 2 25 10 31493 0 
-89.466 27.3143 -11.4977 0.344171 3.09754 80 2 25 10 31494 0 
-89.4548 27.312 -11.3087 0.344171 3.09754 80 2 25 10 31495 0 
-89.4493 27.311 -12.3539 0.344171 3.09754 80 2 25 10 31496 0 
-89.4439 27.3098 -13.3899 0.344171 3.09754 80 2 25 10 31497 0 
-89.4384 27.3085 -14.4169 0.344171 3.09754 80 2 25 10 31498 0 
-89.4273 27.3056 -14.1793 0.344171 3.09754 80 2 25 10 31499 0 
-89.4219 27.3043 -15.1993 0.344171 3.09754 80 2 25 10 31500 0 
-89.4166 27.3028 -16.2104 0.344171 3.09754 80 2 25 10 31501 0 
-89.4112 27.3012 -17.2126 0.344171 3.09754 80 2 25 10 31502 0 
-89.4059 27.2996 -18.206 0.344171 3.09754 80 2 25 10 31503 0 
-89.395 27.296 -17.9052 0.344171 3.09754 80 2 25 10 31504 0 
-89.3897 27.2943 -18.8923 0.344171 3.09754 80 2 25 10 31505 0 
-89.3844 27.2925 -19.8707 0.344171 3.09754 80 2 25 10 31506 0 
-89.3792 27.2906 -20.8404 0.344171 3.09754 80 2 25 10 31507 0 
-89.374 27.2886 -21.8016 0.344171 3.09754 80 2 25 10 31508 0 
-89.3688 27.2865 -22.7542 0.344171 3.09754 80 2 25 10 31509 0 
-89.3636 27.2844 -23.6984 0.344171 3.09754 80 2 25 10 31510 0 
-89.3531 27.2798 -23.306 0.344171 3.09754 80 2 25 10 31511 0 
-89.348 27.2776 -24.2448 0.344171 3.09754 80 2 25 10 31512 0 
-89.3429 27.2753 -25.1752 0.344171 3.09754 80 2 25 10 31513 0 
-89.3379 27.2729 -26.0974 0.344171 3.09754 80 2 25 10 31514 0 
-89.3329 27.2705 -27.0112 0.344171 3.09754 80 2 25 10 31515 0 
-89.3279 27.2679 -27.9169 0.344171 3.09754 80 2 25 10 31516 0 
-89.323 27.2653 -28.8145 0.344171 3.09754 80 2 25 10 31517 0 
-89.3181 27.2626 -29.7039 0.344171 3.09754 80 2 25 10 31518 0 
-89.3133 27.2599 -30.5854 0.344171 3.09754 80 2 25 10 31519 0 
-89.3085 27.257 -31.4588 0.344171 3.09754 80 2 25 10 31520 0 
-89.2987 27.251 -30.9371 0.344171 3.09754 80 2 25 10 31521 0 
-89.2939 27.2482 -31.8065 0.344171 3.09754 80 2 25 10 31522 0 
-89.2892 27.2452 -32.6681 0.344171 3.09754 80 2 25 10 31523 0 
-89.2845 27.2422 -33.5218 0.344171 3.09754 80 2 25 10 31524 0 
-89.2798 27.2392 -34.3677 0.344171 3.09754 80 2 25 10 31525 0 
-89.2752 27.236 -35.2059 0.344171 3.09754 80 2 25 10 31526 0 
-89.2707 27.2328 -36.0364 0.344171 3.09754 80 2 25 10 31527 0 
-89.2662 27.2295 -36.8594 0.344171 3.09754 80 2 25 10 31528 0 
-89.2617 27.2262 -37.6747 0.344171 3.09754 80 2 25 10 31529 0 
-89.2573 27.2228 -38.4825 0.344171 3.09754 80 2 25 10 31530 0 
-89.2529 27.2193 -39.2829 0.344171 3.09754 80 2 25 10 31531 0 
-89.2486 27.2158 -40.0758 0.344171 3.09754 80 2 25 10 31532 0 
-89.2444 27.2122 -40.8614 0.344171 3.09754 80 2 25 10 31533 0 
-89.2401 27.2085 -41.6396 0.344171 3.09754 80 2 25 10 31534 0 
-89.236 27.2048 -42.4106 0.344171 3.09754 80 2 25 10 31535 0 
-89.2275 27.1971 -41.7063 0.344171 3.09754 80 2 25 10 31536 0 
-89.2234 27.1934 -42.4752 0.344171 3.09754 80 2 25 10 31537 0 
-89.2192 27.1896 -43.2369 0.344171 3.09754 80 2 25 10 31538 0 
-89.2152 27.1858 -43.9914 0.344171 3.09754 80 2 25 10 31539 0 
-89.2112 27.1819 -44.7388 0.344171 3.09754 80 2 25 10 31540 0 
-89.2072 27.178 -45.4792 0.344171 3.09754 80 2 25 10 31541 0 
-89.2033 27.1741 -46.2126 0.344171 3.09754 80 2 25 10 31542 0 
-89.1995 27.17 -46.939 0.344171 3.09754 80 2 25 10 31543 0 
-89.1957 27.166 -47.6585 0.344171 3.09754 80 2 25 10 31544 0 
-89.1919 27.1618 -48.3712 0.344171 3.09754 80 2 25 10 31545 0 
-89.1882 27.1577 -49.077 0.344171 3.09754 80 2 25 10 31546 0 
-89.1845 27.1535 -49.7761 0.344171 3.09754 80 2 25 10 31547 0 
-89.1809 27.1492 -50.4684 0.344171 3.09754 80 2 25 10 31548 0 
-89.1736 27.1404 -49.6298 0.344171 3.09754 80 2 25 10 31549 0 
-89.17 27.1361 -50.3214 0.344171 3.09754 80 2 25 10 31550 0 
-89.1665 27.1318 -51.0064 0.344171 3.09754 80 2 25 10 31551 0 
-89.163 27.1275 -51.6848 0.344171 3.09754 80 2 25 10 31552 0 
-89.1595 27.1231 -52.3566 0.344171 3.09754 80 2 25 10 31553 0 
-89.1561 27.1187 -53.0219 0.344171 3.09754 80 2 25 10 31554 0 
-89.1528 27.1143 -53.6807 0.344171 3.09754 80 2 25 10 31555 0 
-89.1495 27.1098 -54.3331 0.344171 3.09754 80 2 25 10 31556 0 
-89.1462 27.1052 -54.9791 0.344171 3.09754 80 2 25 10 31557 0 
-89.1396 27.0958 -54.0652 0.344171 3.09754 80 2 25 10 31558 0 
-89.1364 27.0913 -54.7113 0.344171 3.09754 80 2 25 10 31559 0 
-89.1331 27.0868 -55.351 0.344171 3.09754 80 2 25 10 31560 0 
-89.13 27.0822 -55.9845 0.344171 3.09754 80 2 25 10 31561 0 
-89.1269 27.0776 -56.6117 0.344171 3.09754 80 2 25 10 31562 0 
-89.1238 27.0729 -57.2326 0.344171 3.09754 80 2 25 10 31563 0 
-89.1208 27.0682 -57.8475 0.344171 3.09754 80 2 25 10 31564 0 
-89.1147 27.0585 -56.8857 0.344171 3.09754 80 2 25 10 31565 0 
-89.1116 27.0539 -57.5012 0.344171 3.09754 80 2 25 10 31566 0 
-89.1086 27.0492 -58.1105 0.344171 3.09754 80 2 25 10 31567 0 
-89.1057 27.0444 -58.7138 0.344171 3.09754 80 2 25 10 31568 0 
-89.1028 27.0397 -59.311 0.344171 3.09754 80 2 25 10 31569 0 
-89.1 27.0349 -59.9022 0.344171 3.09754 80 2 25 10 31570 0 
-89.0942 27.025 -58.9062 0.344171 3.09754 80 2 25 10 31571 0 
-89.0913 27.0202 -59.4985 0.344171 3.09754 80 2 25 10 31572 0 
-89.0885 27.0154 -60.0848 0.344171 3.09754 80 2 25 10 31573 0 
-89.0857 27.0105 -60.6652 0.344171 3.09754 80 2 25 10 31574 0 
-89.083 27.0057 -61.2397 0.344171 3.09754 80 2 25 10 31575 0 
-89.0775 26.9956 -60.2213 0.344171 3.09754 80 2 25 10 31576 0 
-89.0747 26.9908 -60.7972 0.344171 3.09754 80 2 25 10 31577 0 
-89.072 26.9859 -61.3672 0.344171 3.09754 80 2 25 10 31578 0 
-89.0693 26.981 -61.9314 0.344171 3.09754 80 2 25 10 31579 0 
-89.0667 26.9761 -62.4898 0.344171 3.09754 80 2 25 10 31580 0 
-89.0614 26.9659 -61.4506 0.344171 3.09754 80 2 25 10 31581 0 
-89.0587 26.961 -62.0106 0.344171 3.09754 80 2 25 10 31582 0 
-89.0561 26.9561 -62.5649 0.344171 3.09754 80 2 25 10 31583 0 
-89.0535 26.9512 -63.1135 0.344171 3.09754 80 2 25 10 31584 0 
-89.0483 26.9409 -62.0638 0.344171 3.09754 80 2 25 10 31585 0 
-89.0457 26.936 -62.6142 0.344171 3.09754 80 2 25 10 31586 0 
-89.0432 26.9311 -63.1588 0.344171 3.09754 80 2 25 10 31587 0 
-89.038 26.9208 -62.1084 0.344171 3.09754 80 2 25 10 31588 0 
-89.0354 26.9159 -62.6548 0.344171 3.09754 80 2 25 10 31589 0 
-89.0328 26.911 -63.1956 0.344171 3.09754 80 2 25 10 31590 0 
-89.0303 26.906 -63.7308 0.344171 3.09754 80 2 25 10 31591 0 
-89.0252 26.8957 -62.6708 0.344171 3.09754 80 2 25 10 31592 0 
-89.0227 26.8907 -63.2079 0.344171 3.09754 80 2 25 10 31593 0 
-89.0201 26.8858 -63.7395 0.344171 3.09754 80 2 25 10 31594 0 
-89.0151 26.8755 -62.6793 0.344171 3.09754 80 2 25 10 31595 0 
-89.0125 26.8705 -63.2128 0.344171 3.09754 80 2 25 10 31596 0 
-89.01 26.8656 -63.7408 0.344171 3.09754 80 2 25 10 31597 0 
-89.0049 26.8553 -62.6805 0.344171 3.09754 80 2 25 10 31598 0 
-89.0024 26.8503 -63.2104 0.344171 3.09754 80 2 25 10 31599 0 
-88.9999 26.8453 -63.7348 0.344171 3.09754 80 2 25 10 31600 0 
-88.9948 26.835 -62.6747 0.344171 3.09754 80 2 25 10 31601 0 
-88.9922 26.8301 -63.201 0.344171 3.09754 80 2 25 10 31602 0 
-88.9897 26.8251 -63.722 0.344171 3.09754 80 2 25 10 31603 0 
-88.9846 26.8148 -62.662 0.344171 3.09754 80 2 25 10 31604 0 
-88.9821 26.8099 -63.1849 0.344171 3.09754 80 2 25 10 31605 0 
-88.9796 26.8049 -63.7024 0.344171 3.09754 80 2 25 10 31606 0 
-88.9745 26.7946 -62.6427 0.344171 3.09754 80 2 25 10 31607 0 
-88.9719 26.7897 -63.1622 0.344171 3.09754 80 2 25 10 31608 0 
-88.9694 26.7847 -63.6763 0.344171 3.09754 80 2 25 10 31609 0 
-88.9643 26.7744 -62.6171 0.344171 3.09754 80 2 25 10 31610 0 
-88.9618 26.7695 -63.1332 0.344171 3.09754 80 2 25 10 31611 0 
-88.9592 26.7645 -63.644 0.344171 3.09754 80 2 25 10 31612 0 
-88.9541 26.7542 -62.5853 0.344171 3.09754 80 2 25 10 31613 0 
-88.9516 26.7493 -63.0981 0.344171 3.09754 80 2 25 10 31614 0 
-88.9464 26.739 -62.0485 0.344171 3.09754 80 2 25 10 31615 0 
-88.9438 26.7341 -62.5633 0.344171 3.09754 80 2 25 10 31616 0 
-88.9412 26.7292 -63.0727 0.344171 3.09754 80 2 25 10 31617 0 
-88.936 26.7189 -62.0235 0.344171 3.09754 80 2 25 10 31618 0 
-88.9334 26.714 -62.535 0.344171 3.09754 80 2 25 10 31619 0 
-88.9281 26.7038 -61.4947 0.344171 3.09754 80 2 25 10 31620 0 
-88.9254 26.6989 -62.0081 0.344171 3.09754 80 2 25 10 31621 0 
-88.9228 26.694 -62.5162 0.344171 3.09754 80 2 25 10 31622 0 
-88.9175 26.6838 -61.4762 0.344171 3.09754 80 2 25 10 31623 0 
-88.9149 26.6789 -61.9862 0.344171 3.09754 80 2 25 10 31624 0 
-88.9095 26.6688 -60.955 0.344171 3.09754 80 2 25 10 31625 0 
-88.9068 26.6639 -61.467 0.344171 3.09754 80 2 25 10 31626 0 
-88.9041 26.659 -61.9736 0.344171 3.09754 80 2 25 10 31627 0 
-88.8987 26.6489 -60.9426 0.344171 3.09754 80 2 25 10 31628 0 
-88.896 26.644 -61.4512 0.344171 3.09754 80 2 25 10 31629 0 
-88.8905 26.634 -60.4289 0.344171 3.09754 80 2 25 10 31630 0 
-88.8878 26.6291 -60.9393 0.344171 3.09754 80 2 25 10 31631 0 
-88.8822 26.6191 -59.9255 0.344171 3.09754 80 2 25 10 31632 0 
-88.8794 26.6143 -60.4376 0.344171 3.09754 80 2 25 10 31633 0 
-88.8767 26.6094 -60.9445 0.344171 3.09754 80 2 25 10 31634 0 
-88.8711 26.5994 -59.9306 0.344171 3.09754 80 2 25 10 31635 0 
-88.8683 26.5946 -60.4393 0.344171 3.09754 80 2 25 10 31636 0 
-88.8626 26.5846 -59.4338 0.344171 3.09754 80 2 25 10 31637 0 
-88.8598 26.5798 -59.9442 0.344171 3.09754 80 2 25 10 31638 0 
-88.854 26.5699 -58.947 0.344171 3.09754 80 2 25 10 31639 0 
-88.8512 26.5651 -59.4591 0.344171 3.09754 80 2 25 10 31640 0 
-88.8453 26.5552 -58.4699 0.344171 3.09754 80 2 25 10 31641 0 
-88.8424 26.5504 -58.9836 0.344171 3.09754 80 2 25 10 31642 0 
-88.8396 26.5457 -59.492 0.344171 3.09754 80 2 25 10 31643 0 
-88.8337 26.5358 -58.5022 0.344171 3.09754 80 2 25 10 31644 0 
-88.8308 26.531 -59.0123 0.344171 3.09754 80 2 25 10 31645 0 
-88.8249 26.5212 -58.0305 0.344171 3.09754 80 2 25 10 31646 0 
-88.822 26.5165 -58.5422 0.344171 3.09754 80 2 25 10 31647 0 
-88.816 26.5067 -57.5682 0.344171 3.09754 80 2 25 10 31648 0 
-88.813 26.502 -58.0814 0.344171 3.09754 80 2 25 10 31649 0 
-88.8069 26.4922 -57.115 0.344171 3.09754 80 2 25 10 31650 0 
-88.8039 26.4876 -57.6297 0.344171 3.09754 80 2 25 10 31651 0 
-88.8009 26.4829 -58.139 0.344171 3.09754 80 2 25 10 31652 0 
-88.7948 26.4731 -57.1717 0.344171 3.09754 80 2 25 10 31653 0 
-88.7918 26.4684 -57.6826 0.344171 3.09754 80 2 25 10 31654 0 
-88.7857 26.4587 -56.7229 0.344171 3.09754 80 2 25 10 31655 0 
-88.7826 26.4541 -57.2352 0.344171 3.09754 80 2 25 10 31656 0 
-88.7764 26.4444 -56.283 0.344171 3.09754 80 2 25 10 31657 0 
-88.7733 26.4398 -56.7966 0.344171 3.09754 80 2 25 10 31658 0 
-88.767 26.4302 -55.8517 0.344171 3.09754 80 2 25 10 31659 0 
-88.7639 26.4256 -56.3667 0.344171 3.09754 80 2 25 10 31660 0 
-88.7576 26.416 -55.4288 0.344171 3.09754 80 2 25 10 31661 0 
-88.7544 26.4114 -55.9451 0.344171 3.09754 80 2 25 10 31662 0 
-88.748 26.4019 -55.0143 0.344171 3.09754 80 2 25 10 31663 0 
-88.7448 26.3974 -55.5317 0.344171 3.09754 80 2 25 10 31664 0 
-88.7383 26.3879 -54.6078 0.344171 3.09754 80 2 25 10 31665 0 
-88.7351 26.3834 -55.1264 0.344171 3.09754 80 2 25 10 31666 0 
-88.7285 26.3739 -54.2092 0.344171 3.09754 80 2 25 10 31667 0 
-88.7252 26.3694 -54.729 0.344171 3.09754 80 2 25 10 31668 0 
-88.7186 26.3601 -53.8184 0.344171 3.09754 80 2 25 10 31669 0 
-88.7153 26.3556 -54.3392 0.344171 3.09754 80 2 25 10 31670 0 
-88.7086 26.3462 -53.4351 0.344171 3.09754 80 2 25 10 31671 0 
-88.7053 26.3418 -53.9568 0.344171 3.09754 80 2 25 10 31672 0 
-88.702 26.3372 -54.4734 0.344171 3.09754 80 2 25 10 31673 0 
-88.6954 26.3279 -53.567 0.344171 3.09754 80 2 25 10 31674 0 
-88.6921 26.3234 -54.0846 0.344171 3.09754 80 2 25 10 31675 0 
-88.6853 26.3141 -53.1847 0.344171 3.09754 80 2 25 10 31676 0 
-88.682 26.3097 -53.7034 0.344171 3.09754 80 2 25 10 31677 0 
-88.6752 26.3004 -52.8098 0.344171 3.09754 80 2 25 10 31678 0 
-88.6718 26.296 -53.3294 0.344171 3.09754 80 2 25 10 31679 0 
-88.665 26.2868 -52.4421 0.344171 3.09754 80 2 25 10 31680 0 
-88.6616 26.2824 -52.9625 0.344171 3.09754 80 2 25 10 31681 0 
-88.6547 26.2732 -52.0813 0.344171 3.09754 80 2 25 10 31682 0 
-88.6512 26.2688 -52.6027 0.344171 3.09754 80 2 25 10 31683 0 
-88.6443 26.2597 -51.7274 0.344171 3.09754 80 2 25 10 31684 0 
-88.6408 26.2553 -52.2496 0.344171 3.09754 80 2 25 10 31685 0 
-88.6338 26.2462 -51.3802 0.344171 3.09754 80 2 25 10 31686 0 
-88.6303 26.2419 -51.9032 0.344171 3.09754 80 2 25 10 31687 0 
-88.6232 26.2329 -51.0396 0.344171 3.09754 80 2 25 10 31688 0 
-88.6197 26.2285 -51.5633 0.344171 3.09754 80 2 25 10 31689 0 
-88.6126 26.2195 -50.7053 0.344171 3.09754 80 2 25 10 31690 0 
-88.609 26.2152 -51.2298 0.344171 3.09754 80 2 25 10 31691 0 
-88.6019 26.2063 -50.3773 0.344171 3.09754 80 2 25 10 31692 0 
-88.5983 26.202 -50.9024 0.344171 3.09754 80 2 25 10 31693 0 
-88.5911 26.1931 -50.0554 0.344171 3.09754 80 2 25 10 31694 0 
-88.5837 26.1843 -49.2225 0.344171 3.09754 80 2 25 10 31695 0 
-88.5801 26.1801 -49.754 0.344171 3.09754 80 2 25 10 31696 0 
-88.5727 26.1713 -48.9261 0.344171 3.09754 80 2 25 10 31697 0 
-88.569 26.1671 -49.458 0.344171 3.09754 80 2 25 10 31698 0 
-88.5615 26.1584 -48.6351 0.344171 3.09754 80 2 25 10 31699 0 
-88.5579 26.1542 -49.1674 0.344171 3.09754 80 2 25 10 31700 0 
-88.5504 26.1455 -48.3493 0.344171 3.09754 80 2 25 10 31701 0 
-88.5467 26.1414 -48.882 0.344171 3.09754 80 2 25 10 31702 0 
-88.5391 26.1327 -48.0686 0.344171 3.09754 80 2 25 10 31703 0 
-88.5354 26.1286 -48.6017 0.344171 3.09754 80 2 25 10 31704 0 
-88.5278 26.12 -47.7929 0.344171 3.09754 80 2 25 10 31705 0 
-88.5241 26.1158 -48.3264 0.344171 3.09754 80 2 25 10 31706 0 
-88.5164 26.1073 -47.5222 0.344171 3.09754 80 2 25 10 31707 0 
-88.5127 26.1032 -48.0559 0.344171 3.09754 80 2 25 10 31708 0 
-88.505 26.0946 -47.2562 0.344171 3.09754 80 2 25 10 31709 0 
-88.5012 26.0905 -47.7902 0.344171 3.09754 80 2 25 10 31710 0 
-88.4935 26.082 -46.995 0.344171 3.09754 80 2 25 10 31711 0 
-88.4897 26.078 -47.5292 0.344171 3.09754 80 2 25 10 31712 0 
-88.482 26.0695 -46.7383 0.344171 3.09754 80 2 25 10 31713 0 
-88.4781 26.0654 -47.2727 0.344171 3.09754 80 2 25 10 31714 0 
-88.4704 26.057 -46.486 0.344171 3.09754 80 2 25 10 31715 0 
-88.4665 26.053 -47.0206 0.344171 3.09754 80 2 25 10 31716 0 
-88.4587 26.0446 -46.2382 0.344171 3.09754 80 2 25 10 31717 0 
-88.4548 26.0405 -46.7729 0.344171 3.09754 80 2 25 10 31718 0 
-88.447 26.0322 -45.9946 0.344171 3.09754 80 2 25 10 31719 0 
-88.4431 26.0282 -46.5295 0.344171 3.09754 80 2 25 10 31720 0 
-88.4352 26.0198 -45.7551 0.344171 3.09754 80 2 25 10 31721 0 
-88.4313 26.0159 -46.2901 0.344171 3.09754 80 2 25 10 31722 0 
-88.4234 26.0076 -45.5198 0.344171 3.09754 80 2 25 10 31723 0 
-88.4195 26.0036 -46.0549 0.344171 3.09754 80 2 25 10 31724 0 
-88.4115 25.9953 -45.2885 0.344171 3.09754 80 2 25 10 31725 0 
-88.4035 25.9872 -44.5348 0.344171 3.09754 80 2 25 10 31726 0 
-88.3995 25.9833 -45.0751 0.344171 3.09754 80 2 25 10 31727 0 
-88.3914 25.9751 -44.325 0.344171 3.09754 80 2 25 10 31728 0 
-88.3874 25.9712 -44.8652 0.344171 3.09754 80 2 25 10 31729 0 
-88.3793 25.9632 -44.1186 0.344171 3.09754 80 2 25 10 31730 0 
-88.3753 25.9593 -44.6587 0.344171 3.09754 80 2 25 10 31731 0 
-88.3671 25.9512 -43.9155 0.344171 3.09754 80 2 25 10 31732 0 
-88.3631 25.9473 -44.4555 0.344171 3.09754 80 2 25 10 31733 0 
-88.3549 25.9393 -43.7156 0.344171 3.09754 80 2 25 10 31734 0 
-88.3509 25.9355 -44.2555 0.344171 3.09754 80 2 25 10 31735 0 
-88.3427 25.9274 -43.519 0.344171 3.09754 80 2 25 10 31736 0 
-88.3386 25.9236 -44.0587 0.344171 3.09754 80 2 25 10 31737 0 
-88.3304 25.9156 -43.3254 0.344171 3.09754 80 2 25 10 31738 0 
-88.3263 25.9118 -43.8649 0.344171 3.09754 80 2 25 10 31739 0 
-88.318 25.9039 -43.1349 0.344171 3.09754 80 2 25 10 31740 0 
-88.3097 25.896 -42.417 0.344171 3.09754 80 2 25 10 31741 0 
-88.3055 25.8923 -42.9612 0.344171 3.09754 80 2 25 10 31742 0 
-88.2972 25.8844 -42.2462 0.344171 3.09754 80 2 25 10 31743 0 
-88.293 25.8807 -42.7901 0.344171 3.09754 80 2 25 10 31744 0 
-88.2846 25.8729 -42.078 0.344171 3.09754 80 2 25 10 31745 0 
-88.2805 25.8692 -42.6215 0.344171 3.09754 80 2 25 10 31746 0 
-88.272 25.8614 -41.9122 0.344171 3.09754 80 2 25 10 31747 0 
-88.2679 25.8577 -42.4554 0.344171 3.09754 80 2 25 10 31748 0 
-88.2594 25.8499 -41.7488 0.344171 3.09754 80 2 25 10 31749 0 
-88.2553 25.8462 -42.2916 0.344171 3.09754 80 2 25 10 31750 0 
-88.2468 25.8385 -41.5877 0.344171 3.09754 80 2 25 10 31751 0 
-88.2426 25.8348 -42.1302 0.344171 3.09754 80 2 25 10 31752 0 
-88.2341 25.8271 -41.4289 0.344171 3.09754 80 2 25 10 31753 0 
-88.2255 25.8195 -40.7394 0.344171 3.09754 80 2 25 10 31754 0 
-88.2213 25.8159 -41.2862 0.344171 3.09754 80 2 25 10 31755 0 
-88.2127 25.8083 -40.599 0.344171 3.09754 80 2 25 10 31756 0 
-88.2084 25.8047 -41.1453 0.344171 3.09754 80 2 25 10 31757 0 
-88.1998 25.7971 -40.4604 0.344171 3.09754 80 2 25 10 31758 0 
-88.1956 25.7935 -41.0062 0.344171 3.09754 80 2 25 10 31759 0 
-88.1869 25.786 -40.3237 0.344171 3.09754 80 2 25 10 31760 0 
-88.1826 25.7824 -40.8688 0.344171 3.09754 80 2 25 10 31761 0 
-88.174 25.7749 -40.1886 0.344171 3.09754 80 2 25 10 31762 0 
-88.1697 25.7713 -40.7333 0.344171 3.09754 80 2 25 10 31763 0 
-88.161 25.7638 -40.0553 0.344171 3.09754 80 2 25 10 31764 0 
-88.1522 25.7564 -39.3885 0.344171 3.09754 80 2 25 10 31765 0 
-88.1479 25.7528 -39.9372 0.344171 3.09754 80 2 25 10 31766 0 
-88.1391 25.7455 -39.2724 0.344171 3.09754 80 2 25 10 31767 0 
-88.1348 25.742 -39.8204 0.344171 3.09754 80 2 25 10 31768 0 
-88.126 25.7346 -39.1576 0.344171 3.09754 80 2 25 10 31769 0 
-88.1217 25.7311 -39.7049 0.344171 3.09754 80 2 25 10 31770 0 
-88.1129 25.7238 -39.044 0.344171 3.09754 80 2 25 10 31771 0 
-88.1085 25.7202 -39.5907 0.344171 3.09754 80 2 25 10 31772 0 
-88.0997 25.7129 -38.9317 0.344171 3.09754 80 2 25 10 31773 0 
-88.0953 25.7094 -39.4776 0.344171 3.09754 80 2 25 10 31774 0 
-88.0865 25.7021 -38.8205 0.344171 3.09754 80 2 25 10 31775 0 
-88.0775 25.6949 -38.1743 0.344171 3.09754 80 2 25 10 31776 0 
-88.0732 25.6915 -38.724 0.344171 3.09754 80 2 25 10 31777 0 
-88.0642 25.6843 -38.0794 0.344171 3.09754 80 2 25 10 31778 0 
-88.0598 25.6809 -38.6283 0.344171 3.09754 80 2 25 10 31779 0 
-88.0509 25.6737 -37.9853 0.344171 3.09754 80 2 25 10 31780 0 
-88.0465 25.6703 -38.5334 0.344171 3.09754 80 2 25 10 31781 0 
-88.0375 25.6631 -37.8919 0.344171 3.09754 80 2 25 10 31782 0 
-88.0331 25.6597 -38.4392 0.344171 3.09754 80 2 25 10 31783 0 
-88.0241 25.6526 -37.7993 0.344171 3.09754 80 2 25 10 31784 0 
-88.015 25.6456 -37.1701 0.344171 3.09754 80 2 25 10 31785 0 
-88.0106 25.6422 -37.7209 0.344171 3.09754 80 2 25 10 31786 0 
-88.0015 25.6352 -37.093 0.344171 3.09754 80 2 25 10 31787 0 
-87.9971 25.6318 -37.6429 0.344171 3.09754 80 2 25 10 31788 0 
-87.988 25.6248 -37.0162 0.344171 3.09754 80 2 25 10 31789 0 
-87.9835 25.6214 -37.5652 0.344171 3.09754 80 2 25 10 31790 0 
-87.9744 25.6145 -36.9398 0.344171 3.09754 80 2 25 10 31791 0 
-87.97 25.6111 -37.4879 0.344171 3.09754 80 2 25 10 31792 0 
-87.9609 25.6041 -36.8638 0.344171 3.09754 80 2 25 10 31793 0 
-87.9517 25.5972 -36.2501 0.344171 3.09754 80 2 25 10 31794 0 
-87.9472 25.5939 -36.8015 0.344171 3.09754 80 2 25 10 31795 0 
-87.938 25.5871 -36.1888 0.344171 3.09754 80 2 25 10 31796 0 
-87.9335 25.5838 -36.7392 0.344171 3.09754 80 2 25 10 31797 0 
-87.9243 25.5769 -36.1276 0.344171 3.09754 80 2 25 10 31798 0 
-87.9198 25.5736 -36.677 0.344171 3.09754 80 2 25 10 31799 0 
-87.9106 25.5668 -36.0663 0.344171 3.09754 80 2 25 10 31800 0 
-87.9014 25.56 -35.4659 0.344171 3.09754 80 2 25 10 31801 0 
-87.8968 25.5568 -36.0184 0.344171 3.09754 80 2 25 10 31802 0 
-87.8875 25.55 -35.4187 0.344171 3.09754 80 2 25 10 31803 0 
-87.883 25.5468 -35.9701 0.344171 3.09754 80 2 25 10 31804 0 
-87.8737 25.5401 -35.3713 0.344171 3.09754 80 2 25 10 31805 0 
-87.8692 25.5368 -35.9216 0.344171 3.09754 80 2 25 10 31806 0 
-87.8599 25.5301 -35.3235 0.344171 3.09754 80 2 25 10 31807 0 
-87.8505 25.5235 -34.7354 0.344171 3.09754 80 2 25 10 31808 0 
-87.8459 25.5203 -35.2887 0.344171 3.09754 80 2 25 10 31809 0 
-87.8366 25.5137 -34.7011 0.344171 3.09754 80 2 25 10 31810 0 
-87.832 25.5105 -35.2532 0.344171 3.09754 80 2 25 10 31811 0 
-87.8226 25.5039 -34.6662 0.344171 3.09754 80 2 25 10 31812 0 
-87.818 25.5007 -35.2172 0.344171 3.09754 80 2 25 10 31813 0 
-87.8087 25.4941 -34.6308 0.344171 3.09754 80 2 25 10 31814 0 
-87.8041 25.4909 -35.1806 0.344171 3.09754 80 2 25 10 31815 0 
-87.7947 25.4843 -34.5948 0.344171 3.09754 80 2 25 10 31816 0 
-87.7853 25.4778 -34.0188 0.344171 3.09754 80 2 25 10 31817 0 
-87.7806 25.4747 -34.5714 0.344171 3.09754 80 2 25 10 31818 0 
-87.7712 25.4682 -33.9957 0.344171 3.09754 80 2 25 10 31819 0 
-87.7666 25.465 -34.5471 0.344171 3.09754 80 2 25 10 31820 0 
-87.7571 25.4585 -33.9718 0.344171 3.09754 80 2 25 10 31821 0 
-87.7525 25.4554 -34.522 0.344171 3.09754 80 2 25 10 31822 0 
-87.743 25.4489 -33.9471 0.344171 3.09754 80 2 25 10 31823 0 
-87.7335 25.4425 -33.3819 0.344171 3.09754 80 2 25 10 31824 0 
-87.7289 25.4395 -33.9346 0.344171 3.09754 80 2 25 10 31825 0 
-87.7194 25.433 -33.3696 0.344171 3.09754 80 2 25 10 31826 0 
-87.7147 25.43 -33.921 0.344171 3.09754 80 2 25 10 31827 0 
-87.7052 25.4236 -33.3562 0.344171 3.09754 80 2 25 10 31828 0 
-87.7005 25.4205 -33.9064 0.344171 3.09754 80 2 25 10 31829 0 
-87.691 25.4141 -33.3418 0.344171 3.09754 80 2 25 10 31830 0 
-87.6814 25.4078 -32.7865 0.344171 3.09754 80 2 25 10 31831 0 
-87.6767 25.4048 -33.3392 0.344171 3.09754 80 2 25 10 31832 0 
-87.6671 25.3985 -32.7841 0.344171 3.09754 80 2 25 10 31833 0 
-87.6625 25.3955 -33.3354 0.344171 3.09754 80 2 25 10 31834 0 
-87.6529 25.3892 -32.7803 0.344171 3.09754 80 2 25 10 31835 0 
-87.6432 25.3829 -32.2344 0.344171 3.09754 80 2 25 10 31836 0 
-87.6385 25.38 -32.7881 0.344171 3.09754 80 2 25 10 31837 0 
-87.6289 25.3738 -32.2421 0.344171 3.09754 80 2 25 10 31838 0 
-87.6242 25.3708 -32.7944 0.344171 3.09754 80 2 25 10 31839 0 
-87.6145 25.3646 -32.2482 0.344171 3.09754 80 2 25 10 31840 0 
-87.6098 25.3616 -32.7991 0.344171 3.09754 80 2 25 10 31841 0 
-87.6002 25.3554 -32.2529 0.344171 3.09754 80 2 25 10 31842 0 
-87.5905 25.3493 -31.7158 0.344171 3.09754 80 2 25 10 31843 0 
-87.5857 25.3463 -32.2689 0.344171 3.09754 80 2 25 10 31844 0 
-87.576 25.3402 -31.7315 0.344171 3.09754 80 2 25 10 31845 0 
-87.5713 25.3373 -32.2832 0.344171 3.09754 80 2 25 10 31846 0 
-87.5616 25.3311 -31.7456 0.344171 3.09754 80 2 25 10 31847 0 
-87.5568 25.3282 -32.2959 0.344171 3.09754 80 2 25 10 31848 0 
-87.5471 25.3221 -31.758 0.344171 3.09754 80 2 25 10 31849 0 
-87.5374 25.316 -31.229 0.344171 3.09754 80 2 25 10 31850 0 
-87.5326 25.3132 -31.7815 0.344171 3.09754 80 2 25 10 31851 0 
-87.5229 25.3071 -31.2521 0.344171 3.09754 80 2 25 10 31852 0 
-87.5181 25.3042 -31.8031 0.344171 3.09754 80 2 25 10 31853 0 
-87.5083 25.2982 -31.2734 0.344171 3.09754 80 2 25 10 31854 0 
-87.4985 25.2922 -30.7525 0.344171 3.09754 80 2 25 10 31855 0 
-87.4937 25.2894 -31.3055 0.344171 3.09754 80 2 25 10 31856 0 
-87.4839 25.2834 -30.7841 0.344171 3.09754 80 2 25 10 31857 0 
-87.4791 25.2806 -31.3355 0.344171 3.09754 80 2 25 10 31858 0 
-87.4694 25.2746 -30.8136 0.344171 3.09754 80 2 25 10 31859 0 
-87.4646 25.2717 -31.3635 0.344171 3.09754 80 2 25 10 31860 0 
-87.4548 25.2658 -30.8411 0.344171 3.09754 80 2 25 10 31861 0 
-87.4449 25.2599 -30.3273 0.344171 3.09754 80 2 25 10 31862 0 
-87.4401 25.2571 -30.8792 0.344171 3.09754 80 2 25 10 31863 0 
-87.4303 25.2512 -30.3649 0.344171 3.09754 80 2 25 10 31864 0 
-87.4254 25.2484 -30.9151 0.344171 3.09754 80 2 25 10 31865 0 
-87.4156 25.2425 -30.4002 0.344171 3.09754 80 2 25 10 31866 0 
-87.4057 25.2367 -29.8938 0.344171 3.09754 80 2 25 10 31867 0 
-87.4009 25.2339 -30.4459 0.344171 3.09754 80 2 25 10 31868 0 
-87.391 25.2281 -29.9388 0.344171 3.09754 80 2 25 10 31869 0 
-87.3862 25.2253 -30.4893 0.344171 3.09754 80 2 25 10 31870 0 
-87.3763 25.2195 -29.9814 0.344171 3.09754 80 2 25 10 31871 0 
-87.3714 25.2167 -30.5303 0.344171 3.09754 80 2 25 10 31872 0 
-87.3616 25.2108 -30.0217 0.344171 3.09754 80 2 25 10 31873 0 
-87.3516 25.2051 -29.5216 0.344171 3.09754 80 2 25 10 31874 0 
-87.3468 25.2024 -30.0723 0.344171 3.09754 80 2 25 10 31875 0 
-87.3368 25.1966 -29.5713 0.344171 3.09754 80 2 25 10 31876 0 
-87.332 25.1939 -30.1204 0.344171 3.09754 80 2 25 10 31877 0 
-87.3221 25.1881 -29.6186 0.344171 3.09754 80 2 25 10 31878 0 
-87.3121 25.1824 -29.1252 0.344171 3.09754 80 2 25 10 31879 0 
-87.3072 25.1797 -29.676 0.344171 3.09754 80 2 25 10 31880 0 
-87.2973 25.174 -29.1816 0.344171 3.09754 80 2 25 10 31881 0 
-87.2924 25.1713 -29.7306 0.344171 3.09754 80 2 25 10 31882 0 
-87.2824 25.1656 -29.2353 0.344171 3.09754 80 2 25 10 31883 0 
-87.2724 25.16 -28.7483 0.344171 3.09754 80 2 25 10 31884 0 
-87.2675 25.1573 -29.299 0.344171 3.09754 80 2 25 10 31885 0 
-87.2575 25.1517 -28.8108 0.344171 3.09754 80 2 25 10 31886 0 
-87.2526 25.149 -29.3598 0.344171 3.09754 80 2 25 10 31887 0 
-87.2426 25.1434 -28.8706 0.344171 3.09754 80 2 25 10 31888 0 
-87.2326 25.1379 -28.3896 0.344171 3.09754 80 2 25 10 31889 0 
-87.2277 25.1352 -28.9401 0.344171 3.09754 80 2 25 10 31890 0 
-87.2177 25.1297 -28.458 0.344171 3.09754 80 2 25 10 31891 0 
-87.2128 25.127 -29.0067 0.344171 3.09754 80 2 25 10 31892 0 
-87.2027 25.1215 -28.5234 0.344171 3.09754 80 2 25 10 31893 0 
-87.1926 25.116 -28.0482 0.344171 3.09754 80 2 25 10 31894 0 
-87.1877 25.1134 -28.5984 0.344171 3.09754 80 2 25 10 31895 0 
-87.1777 25.1079 -28.1219 0.344171 3.09754 80 2 25 10 31896 0 
-87.1727 25.1052 -28.6703 0.344171 3.09754 80 2 25 10 31897 0 
-87.1627 25.0997 -28.1926 0.344171 3.09754 80 2 25 10 31898 0 
-87.1526 25.0943 -27.7228 0.344171 3.09754 80 2 25 10 31899 0 
-87.1476 25.0917 -28.2727 0.344171 3.09754 80 2 25 10 31900 0 
-87.1375 25.0863 -27.8016 0.344171 3.09754 80 2 25 10 31901 0 
-87.1326 25.0837 -28.3496 0.344171 3.09754 80 2 25 10 31902 0 
-87.1225 25.0782 -27.8772 0.344171 3.09754 80 2 25 10 31903 0 
-87.1176 25.0756 -28.4234 0.344171 3.09754 80 2 25 10 31904 0 
-87.1075 25.0702 -27.9498 0.344171 3.09754 80 2 25 10 31905 0 
-87.0974 25.0648 -27.484 0.344171 3.09754 80 2 25 10 31906 0 
-87.0924 25.0622 -28.0316 0.344171 3.09754 80 2 25 10 31907 0 
-87.0823 25.0568 -27.5645 0.344171 3.09754 80 2 25 10 31908 0 
-87.0773 25.0543 -28.1103 0.344171 3.09754 80 2 25 10 31909 0 
-87.0672 25.0488 -27.6418 0.344171 3.09754 80 2 25 10 31910 0 
-87.0571 25.0435 -27.1812 0.344171 3.09754 80 2 25 10 31911 0 
-87.0521 25.041 -27.7282 0.344171 3.09754 80 2 25 10 31912 0 
-87.042 25.0356 -27.2662 0.344171 3.09754 80 2 25 10 31913 0 
-87.037 25.0331 -27.8114 0.344171 3.09754 80 2 25 10 31914 0 
-87.0268 25.0277 -27.3479 0.344171 3.09754 80 2 25 10 31915 0 
-87.0167 25.0225 -26.8921 0.344171 3.09754 80 2 25 10 31916 0 
-87.0117 25.0199 -27.4386 0.344171 3.09754 80 2 25 10 31917 0 
-87.0015 25.0147 -26.9813 0.344171 3.09754 80 2 25 10 31918 0 
-86.9965 25.0121 -27.5259 0.344171 3.09754 80 2 25 10 31919 0 
-86.9864 25.0068 -27.0672 0.344171 3.09754 80 2 25 10 31920 0 
-86.9761 25.0016 -26.6161 0.344171 3.09754 80 2 25 10 31921 0 
-86.9712 24.9991 -27.1618 0.344171 3.09754 80 2 25 10 31922 0 
-86.961 24.9939 -26.7091 0.344171 3.09754 80 2 25 10 31923 0 
-86.9507 24.9887 -26.264 0.344171 3.09754 80 2 25 10 31924 0 
-86.9457 24.9862 -26.8109 0.344171 3.09754 80 2 25 10 31925 0 
-86.9355 24.9811 -26.364 0.344171 3.09754 80 2 25 10 31926 0 
-86.9305 24.9786 -26.909 0.344171 3.09754 80 2 25 10 31927 0 
-86.9202 24.9734 -26.4604 0.344171 3.09754 80 2 25 10 31928 0 
-86.91 24.9683 -26.0194 0.344171 3.09754 80 2 25 10 31929 0 
-86.905 24.9658 -26.5654 0.344171 3.09754 80 2 25 10 31930 0 
-86.8947 24.9607 -26.1226 0.344171 3.09754 80 2 25 10 31931 0 
-86.8897 24.9583 -26.6667 0.344171 3.09754 80 2 25 10 31932 0 
-86.8794 24.9531 -26.2222 0.344171 3.09754 80 2 25 10 31933 0 
-86.8692 24.948 -25.7851 0.344171 3.09754 80 2 25 10 31934 0 
-86.8641 24.9456 -26.3301 0.344171 3.09754 80 2 25 10 31935 0 
-86.8539 24.9405 -25.8912 0.344171 3.09754 80 2 25 10 31936 0 
-86.8488 24.9381 -26.4343 0.344171 3.09754 80 2 25 10 31937 0 
-86.8386 24.933 -25.9937 0.344171 3.09754 80 2 25 10 31938 0 
-86.8283 24.928 -25.5604 0.344171 3.09754 80 2 25 10 31939 0 
-86.8232 24.9256 -26.1045 0.344171 3.09754 80 2 25 10 31940 0 
-86.8129 24.9205 -25.6693 0.344171 3.09754 80 2 25 10 31941 0 
-86.8079 24.9181 -26.2114 0.344171 3.09754 80 2 25 10 31942 0 
-86.7976 24.913 -25.7744 0.344171 3.09754 80 2 25 10 31943 0 
-86.7873 24.908 -25.3448 0.344171 3.09754 80 2 25 10 31944 0 
-86.7822 24.9056 -25.8878 0.344171 3.09754 80 2 25 10 31945 0 
-86.7719 24.9006 -25.4562 0.344171 3.09754 80 2 25 10 31946 0 
-86.7669 24.8982 -25.9972 0.344171 3.09754 80 2 25 10 31947 0 
-86.7566 24.8932 -25.5638 0.344171 3.09754 80 2 25 10 31948 0 
-86.7462 24.8883 -25.1376 0.344171 3.09754 80 2 25 10 31949 0 
-86.7412 24.8859 -25.6796 0.344171 3.09754 80 2 25 10 31950 0 
-86.7308 24.8809 -25.2514 0.344171 3.09754 80 2 25 10 31951 0 
-86.7258 24.8785 -25.7914 0.344171 3.09754 80 2 25 10 31952 0 
-86.7155 24.8736 -25.3614 0.344171 3.09754 80 2 25 10 31953 0 
-86.7051 24.8686 -24.9385 0.344171 3.09754 80 2 25 10 31954 0 
-86.7 24.8663 -25.4793 0.344171 3.09754 80 2 25 10 31955 0 
-86.6897 24.8614 -25.0545 0.344171 3.09754 80 2 25 10 31956 0 
-86.6793 24.8565 -24.6368 0.344171 3.09754 80 2 25 10 31957 0 
-86.6742 24.8542 -25.1783 0.344171 3.09754 80 2 25 10 31958 0 
-86.6638 24.8493 -24.7585 0.344171 3.09754 80 2 25 10 31959 0 
-86.6588 24.847 -25.298 0.344171 3.09754 80 2 25 10 31960 0 
-86.6484 24.8421 -24.8762 0.344171 3.09754 80 2 25 10 31961 0 
-86.638 24.8372 -24.4614 0.344171 3.09754 80 2 25 10 31962 0 
-86.6329 24.8349 -25.0017 0.344171 3.09754 80 2 25 10 31963 0 
-86.6225 24.8301 -24.5848 0.344171 3.09754 80 2 25 10 31964 0 
-86.6175 24.8278 -25.123 0.344171 3.09754 80 2 25 10 31965 0 
-86.6071 24.8229 -24.7041 0.344171 3.09754 80 2 25 10 31966 0 
-86.5966 24.8181 -24.2922 0.344171 3.09754 80 2 25 10 31967 0 
-86.5916 24.8158 -24.8311 0.344171 3.09754 80 2 25 10 31968 0 
-86.5812 24.811 -24.417 0.344171 3.09754 80 2 25 10 31969 0 
-86.5707 24.8062 -24.0099 0.344171 3.09754 80 2 25 10 31970 0 
-86.5656 24.804 -24.5495 0.344171 3.09754 80 2 25 10 31971 0 
-86.5552 24.7992 -24.1401 0.344171 3.09754 80 2 25 10 31972 0 
-86.5501 24.7969 -24.6776 0.344171 3.09754 80 2 25 10 31973 0 
-86.5397 24.7921 -24.2661 0.344171 3.09754 80 2 25 10 31974 0 
-86.5292 24.7874 -23.8614 0.344171 3.09754 80 2 25 10 31975 0 
-86.5241 24.7852 -24.3995 0.344171 3.09754 80 2 25 10 31976 0 
-86.5137 24.7804 -23.9926 0.344171 3.09754 80 2 25 10 31977 0 
-86.5086 24.7782 -24.5287 0.344171 3.09754 80 2 25 10 31978 0 
-86.4981 24.7734 -24.1196 0.344171 3.09754 80 2 25 10 31979 0 
-86.4877 24.7687 -23.7174 0.344171 3.09754 80 2 25 10 31980 0 
-86.4826 24.7665 -24.254 0.344171 3.09754 80 2 25 10 31981 0 
-86.4721 24.7617 -23.8495 0.344171 3.09754 80 2 25 10 31982 0 
-86.4616 24.7571 -23.4518 0.344171 3.09754 80 2 25 10 31983 0 
-86.4565 24.7549 -23.989 0.344171 3.09754 80 2 25 10 31984 0 
-86.446 24.7502 -23.5889 0.344171 3.09754 80 2 25 10 31985 0 
-86.4409 24.748 -24.124 0.344171 3.09754 80 2 25 10 31986 0 
-86.4304 24.7433 -23.7216 0.344171 3.09754 80 2 25 10 31987 0 
-86.4199 24.7387 -23.326 0.344171 3.09754 80 2 25 10 31988 0 
-86.4148 24.7365 -23.8616 0.344171 3.09754 80 2 25 10 31989 0 
-86.4043 24.7318 -23.4636 0.344171 3.09754 80 2 25 10 31990 0 
-86.3992 24.7296 -23.9972 0.344171 3.09754 80 2 25 10 31991 0 
-86.3887 24.725 -23.5969 0.344171 3.09754 80 2 25 10 31992 0 
-86.3782 24.7204 -23.2033 0.344171 3.09754 80 2 25 10 31993 0 
-86.3731 24.7182 -23.7373 0.344171 3.09754 80 2 25 10 31994 0 
-86.3626 24.7135 -23.3414 0.344171 3.09754 80 2 25 10 31995 0 
-86.3521 24.709 -22.952 0.344171 3.09754 80 2 25 10 31996 0 
-86.3469 24.7068 -23.4865 0.344171 3.09754 80 2 25 10 31997 0 
-86.3364 24.7023 -23.0948 0.344171 3.09754 80 2 25 10 31998 0 
-86.3313 24.7001 -23.6271 0.344171 3.09754 80 2 25 10 31999 0 
-86.3208 24.6955 -23.233 0.344171 3.09754 80 2 25 10 32000 0 
-86.3102 24.6909 -22.8454 0.344171 3.09754 80 2 25 10 32001 0 
-86.3051 24.6888 -23.3783 0.344171 3.09754 80 2 25 10 32002 0 
-86.2946 24.6842 -22.9883 0.344171 3.09754 80 2 25 10 32003 0 
-86.284 24.6797 -22.6047 0.344171 3.09754 80 2 25 10 32004 0 
-86.2789 24.6776 -23.138 0.344171 3.09754 80 2 25 10 32005 0 
-86.2683 24.6731 -22.752 0.344171 3.09754 80 2 25 10 32006 0 
-86.2632 24.6709 -23.283 0.344171 3.09754 80 2 25 10 32007 0 
-86.2526 24.6664 -22.8946 0.344171 3.09754 80 2 25 10 32008 0 
-86.2421 24.6619 -22.5126 0.344171 3.09754 80 2 25 10 32009 0 
-86.2369 24.6598 -23.0441 0.344171 3.09754 80 2 25 10 32010 0 
-86.2263 24.6553 -22.6596 0.344171 3.09754 80 2 25 10 32011 0 
-86.2158 24.6509 -22.2815 0.344171 3.09754 80 2 25 10 32012 0 
-86.2106 24.6488 -22.8133 0.344171 3.09754 80 2 25 10 32013 0 
-86.2 24.6443 -22.4327 0.344171 3.09754 80 2 25 10 32014 0 
-86.1949 24.6422 -22.9623 0.344171 3.09754 80 2 25 10 32015 0 
-86.1843 24.6377 -22.5792 0.344171 3.09754 80 2 25 10 32016 0 
-86.1737 24.6333 -22.2024 0.344171 3.09754 80 2 25 10 32017 0 
-86.1685 24.6312 -22.7324 0.344171 3.09754 80 2 25 10 32018 0 
-86.158 24.6268 -22.3531 0.344171 3.09754 80 2 25 10 32019 0 
-86.1474 24.6224 -21.9801 0.344171 3.09754 80 2 25 10 32020 0 
-86.1422 24.6203 -22.5103 0.344171 3.09754 80 2 25 10 32021 0 
-86.1316 24.6159 -22.1347 0.344171 3.09754 80 2 25 10 32022 0 
-86.1264 24.6138 -22.6627 0.344171 3.09754 80 2 25 10 32023 0 
-86.1158 24.6094 -22.2846 0.344171 3.09754 80 2 25 10 32024 0 
-86.1052 24.6051 -21.9127 0.344171 3.09754 80 2 25 10 32025 0 
-86.1001 24.603 -22.441 0.344171 3.09754 80 2 25 10 32026 0 
-86.0894 24.5986 -22.0665 0.344171 3.09754 80 2 25 10 32027 0 
-86.0788 24.5943 -21.6983 0.344171 3.09754 80 2 25 10 32028 0 
-86.0736 24.5922 -22.2268 0.344171 3.09754 80 2 25 10 32029 0 
-86.063 24.5879 -21.8559 0.344171 3.09754 80 2 25 10 32030 0 
-86.0578 24.5858 -22.3822 0.344171 3.09754 80 2 25 10 32031 0 
-86.0472 24.5815 -22.0087 0.344171 3.09754 80 2 25 10 32032 0 
-86.0366 24.5772 -21.6414 0.344171 3.09754 80 2 25 10 32033 0 
-86.0314 24.5751 -22.168 0.344171 3.09754 80 2 25 10 32034 0 
-86.0208 24.5708 -21.798 0.344171 3.09754 80 2 25 10 32035 0 
-86.0101 24.5665 -21.4342 0.344171 3.09754 80 2 25 10 32036 0 
-86.005 24.5645 -21.961 0.344171 3.09754 80 2 25 10 32037 0 
-85.9943 24.5602 -21.5944 0.344171 3.09754 80 2 25 10 32038 0 
-85.9891 24.5581 -22.119 0.344171 3.09754 80 2 25 10 32039 0 
-85.9785 24.5538 -21.7498 0.344171 3.09754 80 2 25 10 32040 0 
-85.9678 24.5496 -21.3868 0.344171 3.09754 80 2 25 10 32041 0 
-85.9626 24.5475 -21.9115 0.344171 3.09754 80 2 25 10 32042 0 
-85.952 24.5432 -21.5458 0.344171 3.09754 80 2 25 10 32043 0 
-85.9413 24.539 -21.1862 0.344171 3.09754 80 2 25 10 32044 0 
-85.9361 24.537 -21.711 0.344171 3.09754 80 2 25 10 32045 0 
-85.9255 24.5328 -21.3486 0.344171 3.09754 80 2 25 10 32046 0 
-85.9203 24.5307 -21.8713 0.344171 3.09754 80 2 25 10 32047 0 
-85.9096 24.5265 -21.5062 0.344171 3.09754 80 2 25 10 32048 0 
-85.899 24.5223 -21.1472 0.344171 3.09754 80 2 25 10 32049 0 
-85.8938 24.5203 -21.67 0.344171 3.09754 80 2 25 10 32050 0 
-85.8831 24.516 -21.3083 0.344171 3.09754 80 2 25 10 32051 0 
-85.8724 24.5119 -20.9526 0.344171 3.09754 80 2 25 10 32052 0 
-85.8672 24.5099 -21.4755 0.344171 3.09754 80 2 25 10 32053 0 
-85.8565 24.5057 -21.117 0.344171 3.09754 80 2 25 10 32054 0 
-85.8513 24.5036 -21.6377 0.344171 3.09754 80 2 25 10 32055 0 
-85.8407 24.4994 -21.2765 0.344171 3.09754 80 2 25 10 32056 0 
-85.83 24.4953 -20.9213 0.344171 3.09754 80 2 25 10 32057 0 
-85.8248 24.4933 -21.4421 0.344171 3.09754 80 2 25 10 32058 0 
-85.8141 24.4891 -21.0842 0.344171 3.09754 80 2 25 10 32059 0 
-85.8034 24.4849 -20.7322 0.344171 3.09754 80 2 25 10 32060 0 
-85.7982 24.483 -21.2531 0.344171 3.09754 80 2 25 10 32061 0 
-85.7875 24.4788 -20.8983 0.344171 3.09754 80 2 25 10 32062 0 
-85.7768 24.4747 -20.5494 0.344171 3.09754 80 2 25 10 32063 0 
-85.7715 24.4728 -21.0703 0.344171 3.09754 80 2 25 10 32064 0 
-85.7608 24.4686 -20.7185 0.344171 3.09754 80 2 25 10 32065 0 
-85.7556 24.4667 -21.2372 0.344171 3.09754 80 2 25 10 32066 0 
-85.7449 24.4625 -20.8826 0.344171 3.09754 80 2 25 10 32067 0 
-85.7342 24.4584 -20.5339 0.344171 3.09754 80 2 25 10 32068 0 
-85.729 24.4565 -21.0527 0.344171 3.09754 80 2 25 10 32069 0 
-85.7183 24.4523 -20.7012 0.344171 3.09754 80 2 25 10 32070 0 
-85.7076 24.4483 -20.3555 0.344171 3.09754 80 2 25 10 32071 0 
-85.7023 24.4463 -20.8743 0.344171 3.09754 80 2 25 10 32072 0 
-85.6916 24.4423 -20.5257 0.344171 3.09754 80 2 25 10 32073 0 
-85.6809 24.4382 -20.183 0.344171 3.09754 80 2 25 10 32074 0 
-85.6756 24.4363 -20.7017 0.344171 3.09754 80 2 25 10 32075 0 
-85.6649 24.4323 -20.356 0.344171 3.09754 80 2 25 10 32076 0 
-85.6597 24.4303 -20.8725 0.344171 3.09754 80 2 25 10 32077 0 
-85.6489 24.4262 -20.524 0.344171 3.09754 80 2 25 10 32078 0 
-85.6382 24.4222 -20.1812 0.344171 3.09754 80 2 25 10 32079 0 
-85.633 24.4203 -20.6977 0.344171 3.09754 80 2 25 10 32080 0 
-85.6222 24.4162 -20.352 0.344171 3.09754 80 2 25 10 32081 0 
-85.6115 24.4122 -20.0122 0.344171 3.09754 80 2 25 10 32082 0 
-85.6062 24.4103 -20.5286 0.344171 3.09754 80 2 25 10 32083 0 
-85.5955 24.4063 -20.1858 0.344171 3.09754 80 2 25 10 32084 0 
-85.5847 24.4024 -19.8486 0.344171 3.09754 80 2 25 10 32085 0 
-85.5795 24.4005 -20.365 0.344171 3.09754 80 2 25 10 32086 0 
-85.5687 24.3965 -20.0249 0.344171 3.09754 80 2 25 10 32087 0 
-85.5635 24.3946 -20.5389 0.344171 3.09754 80 2 25 10 32088 0 
-85.5527 24.3905 -20.1959 0.344171 3.09754 80 2 25 10 32089 0 
-85.542 24.3866 -19.8586 0.344171 3.09754 80 2 25 10 32090 0 
-85.5367 24.3847 -20.3726 0.344171 3.09754 80 2 25 10 32091 0 
-85.526 24.3807 -20.0323 0.344171 3.09754 80 2 25 10 32092 0 
-85.5152 24.3768 -19.6978 0.344171 3.09754 80 2 25 10 32093 0 
-85.51 24.3749 -20.2117 0.344171 3.09754 80 2 25 10 32094 0 
-85.4992 24.3709 -19.8741 0.344171 3.09754 80 2 25 10 32095 0 
-85.4884 24.367 -19.5421 0.344171 3.09754 80 2 25 10 32096 0 
-85.4831 24.3651 -20.0559 0.344171 3.09754 80 2 25 10 32097 0 
-85.4724 24.3612 -19.7209 0.344171 3.09754 80 2 25 10 32098 0 
-85.4671 24.3593 -20.2324 0.344171 3.09754 80 2 25 10 32099 0 
-85.4564 24.3554 -19.8945 0.344171 3.09754 80 2 25 10 32100 0 
-85.4456 24.3515 -19.5621 0.344171 3.09754 80 2 25 10 32101 0 
-85.4403 24.3496 -20.0735 0.344171 3.09754 80 2 25 10 32102 0 
-85.4295 24.3457 -19.7382 0.344171 3.09754 80 2 25 10 32103 0 
-85.4187 24.3418 -19.4085 0.344171 3.09754 80 2 25 10 32104 0 
-85.4135 24.3399 -19.9198 0.344171 3.09754 80 2 25 10 32105 0 
-85.4027 24.336 -19.587 0.344171 3.09754 80 2 25 10 32106 0 
-85.3919 24.3322 -19.2598 0.344171 3.09754 80 2 25 10 32107 0 
-85.3866 24.3303 -19.7709 0.344171 3.09754 80 2 25 10 32108 0 
-85.3758 24.3265 -19.4406 0.344171 3.09754 80 2 25 10 32109 0 
-85.3706 24.3246 -19.9494 0.344171 3.09754 80 2 25 10 32110 0 
-85.3598 24.3207 -19.6161 0.344171 3.09754 80 2 25 10 32111 0 
-85.349 24.3168 -19.2884 0.344171 3.09754 80 2 25 10 32112 0 
-85.3437 24.315 -19.7971 0.344171 3.09754 80 2 25 10 32113 0 
-85.3329 24.3111 -19.4663 0.344171 3.09754 80 2 25 10 32114 0 
-85.3221 24.3073 -19.1411 0.344171 3.09754 80 2 25 10 32115 0 
-85.3168 24.3055 -19.6496 0.344171 3.09754 80 2 25 10 32116 0 
-85.306 24.3016 -19.3213 0.344171 3.09754 80 2 25 10 32117 0 
-85.2952 24.2978 -18.9985 0.344171 3.09754 80 2 25 10 32118 0 
-85.2899 24.296 -19.5068 0.344171 3.09754 80 2 25 10 32119 0 
-85.2791 24.2922 -19.1809 0.344171 3.09754 80 2 25 10 32120 0 
-85.2683 24.2884 -18.8604 0.344171 3.09754 80 2 25 10 32121 0 
-85.263 24.2866 -19.3685 0.344171 3.09754 80 2 25 10 32122 0 
-85.2522 24.2828 -19.0448 0.344171 3.09754 80 2 25 10 32123 0 
-85.2469 24.281 -19.5506 0.344171 3.09754 80 2 25 10 32124 0 
-85.2361 24.2771 -19.2239 0.344171 3.09754 80 2 25 10 32125 0 
-85.2253 24.2733 -18.9027 0.344171 3.09754 80 2 25 10 32126 0 
-85.22 24.2715 -19.4083 0.344171 3.09754 80 2 25 10 32127 0 
-85.2092 24.2677 -19.0839 0.344171 3.09754 80 2 25 10 32128 0 
-85.1983 24.264 -18.765 0.344171 3.09754 80 2 25 10 32129 0 
-85.1931 24.2622 -19.2704 0.344171 3.09754 80 2 25 10 32130 0 
-85.1822 24.2584 -18.9484 0.344171 3.09754 80 2 25 10 32131 0 
-85.1714 24.2547 -18.6317 0.344171 3.09754 80 2 25 10 32132 0 
-85.1661 24.2529 -19.1368 0.344171 3.09754 80 2 25 10 32133 0 
-85.1553 24.2491 -18.817 0.344171 3.09754 80 2 25 10 32134 0 
-85.1444 24.2454 -18.5025 0.344171 3.09754 80 2 25 10 32135 0 
-85.1391 24.2437 -19.0073 0.344171 3.09754 80 2 25 10 32136 0 
-85.1283 24.2399 -18.6897 0.344171 3.09754 80 2 25 10 32137 0 
-85.1174 24.2362 -18.3773 0.344171 3.09754 80 2 25 10 32138 0 
-85.1121 24.2345 -18.8818 0.344171 3.09754 80 2 25 10 32139 0 
-85.1013 24.2308 -18.5662 0.344171 3.09754 80 2 25 10 32140 0 
-85.096 24.229 -19.0684 0.344171 3.09754 80 2 25 10 32141 0 
-85.0851 24.2253 -18.7497 0.344171 3.09754 80 2 25 10 32142 0 
-85.0743 24.2216 -18.4363 0.344171 3.09754 80 2 25 10 32143 0 
-85.069 24.2198 -18.9383 0.344171 3.09754 80 2 25 10 32144 0 
-85.0581 24.2161 -18.6217 0.344171 3.09754 80 2 25 10 32145 0 
-85.0473 24.2124 -18.3104 0.344171 3.09754 80 2 25 10 32146 0 
-85.042 24.2107 -18.8121 0.344171 3.09754 80 2 25 10 32147 0 
-85.0311 24.207 -18.4976 0.344171 3.09754 80 2 25 10 32148 0 
-85.0202 24.2033 -18.1884 0.344171 3.09754 80 2 25 10 32149 0 
-85.0149 24.2016 -18.6897 0.344171 3.09754 80 2 25 10 32150 0 
-85.0041 24.1979 -18.3773 0.344171 3.09754 80 2 25 10 32151 0 
-84.9932 24.1943 -18.0701 0.344171 3.09754 80 2 25 10 32152 0 
-84.9879 24.1926 -18.5711 0.344171 3.09754 80 2 25 10 32153 0 
-84.977 24.1889 -18.2606 0.344171 3.09754 80 2 25 10 32154 0 
-84.9661 24.1853 -17.9553 0.344171 3.09754 80 2 25 10 32155 0 
-84.9608 24.1836 -18.4559 0.344171 3.09754 80 2 25 10 32156 0 
-84.9499 24.18 -18.1474 0.344171 3.09754 80 2 25 10 32157 0 
-84.9446 24.1782 -18.6457 0.344171 3.09754 80 2 25 10 32158 0 
-84.9338 24.1746 -18.334 0.344171 3.09754 80 2 25 10 32159 0 
-84.9229 24.1709 -18.0274 0.344171 3.09754 80 2 25 10 32160 0 
-84.9176 24.1692 -18.5254 0.344171 3.09754 80 2 25 10 32161 0 
-84.9067 24.1656 -18.2157 0.344171 3.09754 80 2 25 10 32162 0 
-84.8958 24.162 -17.9111 0.344171 3.09754 80 2 25 10 32163 0 
-84.8905 24.1603 -18.4087 0.344171 3.09754 80 2 25 10 32164 0 
-84.8796 24.1567 -18.1009 0.344171 3.09754 80 2 25 10 32165 0 
-84.8687 24.1531 -17.7982 0.344171 3.09754 80 2 25 10 32166 0 
-84.8634 24.1514 -18.2955 0.344171 3.09754 80 2 25 10 32167 0 
-84.8525 24.1478 -17.9896 0.344171 3.09754 80 2 25 10 32168 0 
-84.8416 24.1442 -17.6888 0.344171 3.09754 80 2 25 10 32169 0 
-84.8363 24.1425 -18.1856 0.344171 3.09754 80 2 25 10 32170 0 
-84.8254 24.139 -17.8815 0.344171 3.09754 80 2 25 10 32171 0 
-84.8145 24.1354 -17.5825 0.344171 3.09754 80 2 25 10 32172 0 
-84.8092 24.1338 -18.0789 0.344171 3.09754 80 2 25 10 32173 0 
-84.7983 24.1302 -17.7766 0.344171 3.09754 80 2 25 10 32174 0 
-84.7929 24.1285 -18.2707 0.344171 3.09754 80 2 25 10 32175 0 
-84.7821 24.1249 -17.9652 0.344171 3.09754 80 2 25 10 32176 0 
-84.7711 24.1214 -17.6647 0.344171 3.09754 80 2 25 10 32177 0 
-84.7658 24.1197 -18.1585 0.344171 3.09754 80 2 25 10 32178 0 
-84.7549 24.1161 -17.8548 0.344171 3.09754 80 2 25 10 32179 0 
-84.744 24.1126 -17.5562 0.344171 3.09754 80 2 25 10 32180 0 
-84.7387 24.1109 -18.0495 0.344171 3.09754 80 2 25 10 32181 0 
-84.7278 24.1073 -17.7477 0.344171 3.09754 80 2 25 10 32182 0 
-84.7169 24.1038 -17.4508 0.344171 3.09754 80 2 25 10 32183 0 
-84.7115 24.1022 -17.9438 0.344171 3.09754 80 2 25 10 32184 0 
-84.7006 24.0986 -17.6436 0.344171 3.09754 80 2 25 10 32185 0 
-84.6897 24.0952 -17.3485 0.344171 3.09754 80 2 25 10 32186 0 
-84.6844 24.0935 -17.841 0.344171 3.09754 80 2 25 10 32187 0 
-84.6734 24.09 -17.5426 0.344171 3.09754 80 2 25 10 32188 0 
-84.6625 24.0865 -17.2492 0.344171 3.09754 80 2 25 10 32189 0 
-84.6572 24.0849 -17.7412 0.344171 3.09754 80 2 25 10 32190 0 
-84.6463 24.0814 -17.4445 0.344171 3.09754 80 2 25 10 32191 0 
-84.6353 24.0779 -17.1527 0.344171 3.09754 80 2 25 10 32192 0 
-84.63 24.0763 -17.6442 0.344171 3.09754 80 2 25 10 32193 0 
-84.619 24.0728 -17.3491 0.344171 3.09754 80 2 25 10 32194 0 
-84.6081 24.0694 -17.0588 0.344171 3.09754 80 2 25 10 32195 0 
-84.6028 24.0678 -17.55 0.344171 3.09754 80 2 25 10 32196 0 
-84.5918 24.0643 -17.2564 0.344171 3.09754 80 2 25 10 32197 0 
-84.5865 24.0626 -17.7451 0.344171 3.09754 80 2 25 10 32198 0 
-84.5756 24.0591 -17.4483 0.344171 3.09754 80 2 25 10 32199 0 
-84.5646 24.0557 -17.1564 0.344171 3.09754 80 2 25 10 32200 0 
-84.5593 24.0541 -17.6447 0.344171 3.09754 80 2 25 10 32201 0 
-84.5484 24.0506 -17.3495 0.344171 3.09754 80 2 25 10 32202 0 
-84.5374 24.0472 -17.0592 0.344171 3.09754 80 2 25 10 32203 0 
-84.5321 24.0455 -17.5471 0.344171 3.09754 80 2 25 10 32204 0 
-84.5212 24.0421 -17.2535 0.344171 3.09754 80 2 25 10 32205 0 
-84.5102 24.0387 -16.9649 0.344171 3.09754 80 2 25 10 32206 0 
-84.5049 24.037 -17.4523 0.344171 3.09754 80 2 25 10 32207 0 
-84.4939 24.0336 -17.1603 0.344171 3.09754 80 2 25 10 32208 0 
-84.483 24.0302 -16.8731 0.344171 3.09754 80 2 25 10 32209 0 
-84.4776 24.0286 -17.36 0.344171 3.09754 80 2 25 10 32210 0 
-84.4667 24.0252 -17.0696 0.344171 3.09754 80 2 25 10 32211 0 
-84.4557 24.0218 -16.7839 0.344171 3.09754 80 2 25 10 32212 0 
-84.4504 24.0202 -17.2703 0.344171 3.09754 80 2 25 10 32213 0 
-84.4394 24.0168 -16.9813 0.344171 3.09754 80 2 25 10 32214 0 
-84.4285 24.0134 -16.6972 0.344171 3.09754 80 2 25 10 32215 0 
-84.4231 24.0118 -17.183 0.344171 3.09754 80 2 25 10 32216 0 
-84.4121 24.0084 -16.8955 0.344171 3.09754 80 2 25 10 32217 0 
-84.4012 24.0051 -16.6127 0.344171 3.09754 80 2 25 10 32218 0 
-84.3958 24.0035 -17.0981 0.344171 3.09754 80 2 25 10 32219 0 
-84.3849 24.0001 -16.8119 0.344171 3.09754 80 2 25 10 32220 0 
-84.3739 23.9968 -16.5306 0.344171 3.09754 80 2 25 10 32221 0 
-84.3685 23.9952 -17.0154 0.344171 3.09754 80 2 25 10 32222 0 
-84.3576 23.9919 -16.7306 0.344171 3.09754 80 2 25 10 32223 0 
-84.3466 23.9886 -16.4506 0.344171 3.09754 80 2 25 10 32224 0 
-84.3412 23.987 -16.9348 0.344171 3.09754 80 2 25 10 32225 0 
-84.3303 23.9837 -16.6514 0.344171 3.09754 80 2 25 10 32226 0 
-84.3249 23.9821 -17.1333 0.344171 3.09754 80 2 25 10 32227 0 
-84.314 23.9787 -16.8465 0.344171 3.09754 80 2 25 10 32228 0 
-84.303 23.9754 -16.5646 0.344171 3.09754 80 2 25 10 32229 0 
-84.2976 23.9738 -17.0459 0.344171 3.09754 80 2 25 10 32230 0 
-84.2867 23.9704 -16.7606 0.344171 3.09754 80 2 25 10 32231 0 
-84.2757 23.9671 -16.4801 0.344171 3.09754 80 2 25 10 32232 0 
-84.2703 23.9655 -16.9609 0.344171 3.09754 80 2 25 10 32233 0 
-84.2594 23.9622 -16.677 0.344171 3.09754 80 2 25 10 32234 0 
-84.2484 23.9589 -16.3979 0.344171 3.09754 80 2 25 10 32235 0 
-84.243 23.9573 -16.8782 0.344171 3.09754 80 2 25 10 32236 0 
-84.232 23.954 -16.5957 0.344171 3.09754 80 2 25 10 32237 0 
-84.221 23.9507 -16.3178 0.344171 3.09754 80 2 25 10 32238 0 
-84.2157 23.9491 -16.7976 0.344171 3.09754 80 2 25 10 32239 0 
-84.2047 23.9458 -16.5164 0.344171 3.09754 80 2 25 10 32240 0 
-84.1937 23.9425 -16.2399 0.344171 3.09754 80 2 25 10 32241 0 
-84.1884 23.941 -16.7191 0.344171 3.09754 80 2 25 10 32242 0 
-84.1774 23.9377 -16.4392 0.344171 3.09754 80 2 25 10 32243 0 
-84.1664 23.9344 -16.164 0.344171 3.09754 80 2 25 10 32244 0 
-84.161 23.9329 -16.6426 0.344171 3.09754 80 2 25 10 32245 0 
-84.15 23.9296 -16.364 0.344171 3.09754 80 2 25 10 32246 0 
-84.139 23.9264 -16.09 0.344171 3.09754 80 2 25 10 32247 0 
-84.1337 23.9248 -16.568 0.344171 3.09754 80 2 25 10 32248 0 
-84.1227 23.9216 -16.2906 0.344171 3.09754 80 2 25 10 32249 0 
-84.1116 23.9183 -16.0178 0.344171 3.09754 80 2 25 10 32250 0 
-84.1063 23.9168 -16.4953 0.344171 3.09754 80 2 25 10 32251 0 
-84.0953 23.9135 -16.2191 0.344171 3.09754 80 2 25 10 32252 0 
-84.0843 23.9103 -15.9475 0.344171 3.09754 80 2 25 10 32253 0 
-84.0789 23.9088 -16.4243 0.344171 3.09754 80 2 25 10 32254 0 
-84.0679 23.9056 -16.1493 0.344171 3.09754 80 2 25 10 32255 0 
-84.0569 23.9024 -15.8788 0.344171 3.09754 80 2 25 10 32256 0 
-84.0515 23.9008 -16.355 0.344171 3.09754 80 2 25 10 32257 0 
-84.0405 23.8976 -16.0811 0.344171 3.09754 80 2 25 10 32258 0 
-84.0295 23.8944 -15.8118 0.344171 3.09754 80 2 25 10 32259 0 
-84.0241 23.8929 -16.2874 0.344171 3.09754 80 2 25 10 32260 0 
-84.0131 23.8897 -16.0146 0.344171 3.09754 80 2 25 10 32261 0 
-84.0021 23.8865 -15.7464 0.344171 3.09754 80 2 25 10 32262 0 
-83.9967 23.885 -16.2213 0.344171 3.09754 80 2 25 10 32263 0 
-83.9857 23.8818 -15.9497 0.344171 3.09754 80 2 25 10 32264 0 
-83.9747 23.8787 -15.6825 0.344171 3.09754 80 2 25 10 32265 0 
-83.9693 23.8772 -16.1568 0.344171 3.09754 80 2 25 10 32266 0 
-83.9583 23.874 -15.8862 0.344171 3.09754 80 2 25 10 32267 0 
-83.9473 23.8708 -15.6201 0.344171 3.09754 80 2 25 10 32268 0 
-83.9419 23.8693 -16.0937 0.344171 3.09754 80 2 25 10 32269 0 
-83.9309 23.8661 -15.8242 0.344171 3.09754 80 2 25 10 32270 0 
-83.9198 23.863 -15.5591 0.344171 3.09754 80 2 25 10 32271 0 
-83.9145 23.8615 -16.032 0.344171 3.09754 80 2 25 10 32272 0 
-83.9034 23.8583 -15.7635 0.344171 3.09754 80 2 25 10 32273 0 
-83.8924 23.8552 -15.4994 0.344171 3.09754 80 2 25 10 32274 0 
-83.887 23.8537 -15.9717 0.344171 3.09754 80 2 25 10 32275 0 
-83.876 23.8506 -15.7042 0.344171 3.09754 80 2 25 10 32276 0 
-83.8706 23.8491 -16.1741 0.344171 3.09754 80 2 25 10 32277 0 
-83.8596 23.8459 -15.9032 0.344171 3.09754 80 2 25 10 32278 0 
-83.8486 23.8427 -15.6368 0.344171 3.09754 80 2 25 10 32279 0 
-83.8432 23.8412 -16.1061 0.344171 3.09754 80 2 25 10 32280 0 
-83.8322 23.8381 -15.8363 0.344171 3.09754 80 2 25 10 32281 0 
-83.8211 23.8349 -15.571 0.344171 3.09754 80 2 25 10 32282 0 
-83.8158 23.8334 -16.0397 0.344171 3.09754 80 2 25 10 32283 0 
-83.8047 23.8303 -15.771 0.344171 3.09754 80 2 25 10 32284 0 
-83.7937 23.8271 -15.5068 0.344171 3.09754 80 2 25 10 32285 0 
-83.7883 23.8256 -15.9748 0.344171 3.09754 80 2 25 10 32286 0 
-83.7773 23.8225 -15.7072 0.344171 3.09754 80 2 25 10 32287 0 
-83.7663 23.8194 -15.444 0.344171 3.09754 80 2 25 10 32288 0 
-83.7609 23.8179 -15.9115 0.344171 3.09754 80 2 25 10 32289 0 
-83.7498 23.8148 -15.6449 0.344171 3.09754 80 2 25 10 32290 0 
-83.7388 23.8117 -15.3827 0.344171 3.09754 80 2 25 10 32291 0 
-83.7334 23.8102 -15.8495 0.344171 3.09754 80 2 25 10 32292 0 
-83.7224 23.807 -15.5839 0.344171 3.09754 80 2 25 10 32293 0 
-83.7113 23.804 -15.3228 0.344171 3.09754 80 2 25 10 32294 0 
-83.706 23.8025 -15.7889 0.344171 3.09754 80 2 25 10 32295 0 
-83.6949 23.7994 -15.5244 0.344171 3.09754 80 2 25 10 32296 0 
-83.6839 23.7963 -15.2642 0.344171 3.09754 80 2 25 10 32297 0 
-83.6785 23.7948 -15.7296 0.344171 3.09754 80 2 25 10 32298 0 
-83.6674 23.7917 -15.4661 0.344171 3.09754 80 2 25 10 32299 0 
-83.6564 23.7887 -15.2069 0.344171 3.09754 80 2 25 10 32300 0 
-83.651 23.7872 -15.6716 0.344171 3.09754 80 2 25 10 32301 0 
-83.64 23.7841 -15.409 0.344171 3.09754 80 2 25 10 32302 0 
-83.6289 23.781 -15.1508 0.344171 3.09754 80 2 25 10 32303 0 
-83.6235 23.7796 -15.6148 0.344171 3.09754 80 2 25 10 32304 0 
-83.6125 23.7765 -15.3532 0.344171 3.09754 80 2 25 10 32305 0 
-83.6014 23.7735 -15.0958 0.344171 3.09754 80 2 25 10 32306 0 
-83.596 23.772 -15.5592 0.344171 3.09754 80 2 25 10 32307 0 
-83.585 23.7689 -15.2984 0.344171 3.09754 80 2 25 10 32308 0 
-83.5739 23.7659 -15.042 0.344171 3.09754 80 2 25 10 32309 0 
-83.5685 23.7645 -15.5047 0.344171 3.09754 80 2 25 10 32310 0 
-83.5575 23.7614 -15.2449 0.344171 3.09754 80 2 25 10 32311 0 
-83.5464 23.7584 -14.9893 0.344171 3.09754 80 2 25 10 32312 0 
-83.541 23.7569 -15.4513 0.344171 3.09754 80 2 25 10 32313 0 
-83.5299 23.7539 -15.1923 0.344171 3.09754 80 2 25 10 32314 0 
-83.5189 23.7509 -14.9376 0.344171 3.09754 80 2 25 10 32315 0 
-83.5135 23.7494 -15.3989 0.344171 3.09754 80 2 25 10 32316 0 
-83.5024 23.7464 -15.1408 0.344171 3.09754 80 2 25 10 32317 0 
-83.4913 23.7434 -14.887 0.344171 3.09754 80 2 25 10 32318 0 
-83.486 23.742 -15.3476 0.344171 3.09754 80 2 25 10 32319 0 
-83.4749 23.7389 -15.0903 0.344171 3.09754 80 2 25 10 32320 0 
-83.4638 23.7359 -14.8373 0.344171 3.09754 80 2 25 10 32321 0 
-83.4584 23.7345 -15.2972 0.344171 3.09754 80 2 25 10 32322 0 
-83.4474 23.7315 -15.0407 0.344171 3.09754 80 2 25 10 32323 0 
-83.4363 23.7285 -14.7885 0.344171 3.09754 80 2 25 10 32324 0 
-83.4252 23.7256 -14.5405 0.344171 3.09754 80 2 25 10 32325 0 
-83.4198 23.7242 -15.0012 0.344171 3.09754 80 2 25 10 32326 0 
-83.4087 23.7212 -14.7497 0.344171 3.09754 80 2 25 10 32327 0 
-83.4033 23.7198 -15.2081 0.344171 3.09754 80 2 25 10 32328 0 
-83.3923 23.7168 -14.9531 0.344171 3.09754 80 2 25 10 32329 0 
-83.3812 23.7138 -14.7023 0.344171 3.09754 80 2 25 10 32330 0 
-83.3701 23.7109 -14.4558 0.344171 3.09754 80 2 25 10 32331 0 
-83.3647 23.7095 -14.9149 0.344171 3.09754 80 2 25 10 32332 0 
-83.3536 23.7066 -14.6648 0.344171 3.09754 80 2 25 10 32333 0 
-83.3425 23.7037 -14.4189 0.344171 3.09754 80 2 25 10 32334 0 
-83.3371 23.7023 -14.8772 0.344171 3.09754 80 2 25 10 32335 0 
-83.326 23.6993 -14.6277 0.344171 3.09754 80 2 25 10 32336 0 
-83.3149 23.6964 -14.3824 0.344171 3.09754 80 2 25 10 32337 0 
-83.3095 23.695 -14.84 0.344171 3.09754 80 2 25 10 32338 0 
-83.2984 23.6921 -14.5911 0.344171 3.09754 80 2 25 10 32339 0 
-83.293 23.6907 -15.0463 0.344171 3.09754 80 2 25 10 32340 0 
-83.2819 23.6877 -14.794 0.344171 3.09754 80 2 25 10 32341 0 
-83.2709 23.6848 -14.5459 0.344171 3.09754 80 2 25 10 32342 0 
-83.2597 23.6819 -14.3019 0.344171 3.09754 80 2 25 10 32343 0 
-83.2543 23.6805 -14.7579 0.344171 3.09754 80 2 25 10 32344 0 
-83.2432 23.6776 -14.5104 0.344171 3.09754 80 2 25 10 32345 0 
-83.2321 23.6747 -14.267 0.344171 3.09754 80 2 25 10 32346 0 
-83.2267 23.6734 -14.7222 0.344171 3.09754 80 2 25 10 32347 0 
-83.2156 23.6704 -14.4752 0.344171 3.09754 80 2 25 10 32348 0 
-83.2045 23.6676 -14.2324 0.344171 3.09754 80 2 25 10 32349 0 
-83.1991 23.6662 -14.6868 0.344171 3.09754 80 2 25 10 32350 0 
-83.188 23.6633 -14.4404 0.344171 3.09754 80 2 25 10 32351 0 
-83.1769 23.6604 -14.1982 0.344171 3.09754 80 2 25 10 32352 0 
-83.1715 23.6591 -14.6518 0.344171 3.09754 80 2 25 10 32353 0 
-83.1604 23.6562 -14.406 0.344171 3.09754 80 2 25 10 32354 0 
-83.1493 23.6533 -14.1643 0.344171 3.09754 80 2 25 10 32355 0 
-83.1439 23.6519 -14.6171 0.344171 3.09754 80 2 25 10 32356 0 
-83.1328 23.6491 -14.3719 0.344171 3.09754 80 2 25 10 32357 0 
-83.1217 23.6462 -14.1307 0.344171 3.09754 80 2 25 10 32358 0 
-83.1163 23.6448 -14.5827 0.344171 3.09754 80 2 25 10 32359 0 
-83.1052 23.642 -14.3381 0.344171 3.09754 80 2 25 10 32360 0 
-83.0941 23.6391 -14.0975 0.344171 3.09754 80 2 25 10 32361 0 
-83.0887 23.6378 -14.5486 0.344171 3.09754 80 2 25 10 32362 0 
-83.0776 23.6349 -14.3045 0.344171 3.09754 80 2 25 10 32363 0 
-83.0664 23.632 -14.0645 0.344171 3.09754 80 2 25 10 32364 0 
-83.061 23.6307 -14.5149 0.344171 3.09754 80 2 25 10 32365 0 
-83.0499 23.6278 -14.2713 0.344171 3.09754 80 2 25 10 32366 0 
-83.0388 23.625 -14.0318 0.344171 3.09754 80 2 25 10 32367 0 
-83.0334 23.6236 -14.4814 0.344171 3.09754 80 2 25 10 32368 0 
-83.0223 23.6208 -14.2384 0.344171 3.09754 80 2 25 10 32369 0 
-83.0112 23.6179 -13.9995 0.344171 3.09754 80 2 25 10 32370 0 
-83.0058 23.6166 -14.4482 0.344171 3.09754 80 2 25 10 32371 0 
-82.9947 23.6137 -14.2057 0.344171 3.09754 80 2 25 10 32372 0 
-82.9835 23.6109 -13.9673 0.344171 3.09754 80 2 25 10 32373 0 
-82.9781 23.6096 -14.4153 0.344171 3.09754 80 2 25 10 32374 0 
-82.967 23.6067 -14.1733 0.344171 3.09754 80 2 25 10 32375 0 
-82.9559 23.6039 -13.9355 0.344171 3.09754 80 2 25 10 32376 0 
-82.9505 23.6026 -14.3826 0.344171 3.09754 80 2 25 10 32377 0 
-82.9394 23.5997 -14.1412 0.344171 3.09754 80 2 25 10 32378 0 
-82.9282 23.5969 -13.9039 0.344171 3.09754 80 2 25 10 32379 0 
-82.9228 23.5956 -14.3502 0.344171 3.09754 80 2 25 10 32380 0 
-82.9117 23.5927 -14.1093 0.344171 3.09754 80 2 25 10 32381 0 
-82.9006 23.5899 -13.8725 0.344171 3.09754 80 2 25 10 32382 0 
-82.8952 23.5886 -14.318 0.344171 3.09754 80 2 25 10 32383 0 
-82.8841 23.5858 -14.0777 0.344171 3.09754 80 2 25 10 32384 0 
-82.8729 23.583 -13.8414 0.344171 3.09754 80 2 25 10 32385 0 
-82.8675 23.5816 -14.286 0.344171 3.09754 80 2 25 10 32386 0 
-82.8564 23.5788 -14.0462 0.344171 3.09754 80 2 25 10 32387 0 
-82.8453 23.576 -13.8104 0.344171 3.09754 80 2 25 10 32388 0 
-82.8399 23.5747 -14.2543 0.344171 3.09754 80 2 25 10 32389 0 
-82.8287 23.5719 -14.015 0.344171 3.09754 80 2 25 10 32390 0 
-82.8176 23.5691 -13.7798 0.344171 3.09754 80 2 25 10 32391 0 
-82.8122 23.5678 -14.2228 0.344171 3.09754 80 2 25 10 32392 0 
-82.8011 23.5649 -13.9841 0.344171 3.09754 80 2 25 10 32393 0 
-82.7899 23.5622 -13.7493 0.344171 3.09754 80 2 25 10 32394 0 
-82.7845 23.5608 -14.1915 0.344171 3.09754 80 2 25 10 32395 0 
-82.7734 23.558 -13.9533 0.344171 3.09754 80 2 25 10 32396 0 
-82.7623 23.5553 -13.719 0.344171 3.09754 80 2 25 10 32397 0 
-82.7568 23.5539 -14.1604 0.344171 3.09754 80 2 25 10 32398 0 
-82.7457 23.5511 -13.9227 0.344171 3.09754 80 2 25 10 32399 0 
-82.7346 23.5484 -13.6889 0.344171 3.09754 80 2 25 10 32400 0 
-82.7234 23.5457 -13.4591 0.344171 3.09754 80 2 25 10 32401 0 
-82.718 23.5444 -13.9011 0.344171 3.09754 80 2 25 10 32402 0 
-82.7069 23.5416 -13.6676 0.344171 3.09754 80 2 25 10 32403 0 
-82.6957 23.5389 -13.4381 0.344171 3.09754 80 2 25 10 32404 0 
-82.6903 23.5376 -13.8793 0.344171 3.09754 80 2 25 10 32405 0 
-82.6792 23.5348 -13.6462 0.344171 3.09754 80 2 25 10 32406 0 
-82.668 23.5321 -13.417 0.344171 3.09754 80 2 25 10 32407 0 
-82.6626 23.5308 -13.8573 0.344171 3.09754 80 2 25 10 32408 0 
-82.6515 23.5281 -13.6246 0.344171 3.09754 80 2 25 10 32409 0 
-82.6403 23.5254 -13.3957 0.344171 3.09754 80 2 25 10 32410 0 
-82.6349 23.5241 -13.8351 0.344171 3.09754 80 2 25 10 32411 0 
-82.6237 23.5214 -13.6028 0.344171 3.09754 80 2 25 10 32412 0 
-82.6126 23.5187 -13.3743 0.344171 3.09754 80 2 25 10 32413 0 
-82.6072 23.5174 -13.8128 0.344171 3.09754 80 2 25 10 32414 0 
-82.596 23.5146 -13.5809 0.344171 3.09754 80 2 25 10 32415 0 
-82.5849 23.5119 -13.3528 0.344171 3.09754 80 2 25 10 32416 0 
-82.5794 23.5107 -13.7904 0.344171 3.09754 80 2 25 10 32417 0 
-82.5683 23.5079 -13.5588 0.344171 3.09754 80 2 25 10 32418 0 
-82.5572 23.5052 -13.331 0.344171 3.09754 80 2 25 10 32419 0 
-82.5517 23.5039 -13.7678 0.344171 3.09754 80 2 25 10 32420 0 
-82.5406 23.5012 -13.5366 0.344171 3.09754 80 2 25 10 32421 0 
-82.5294 23.4985 -13.3092 0.344171 3.09754 80 2 25 10 32422 0 
-82.524 23.4972 -13.7451 0.344171 3.09754 80 2 25 10 32423 0 
-82.5129 23.4945 -13.5143 0.344171 3.09754 80 2 25 10 32424 0 
-82.5017 23.4918 -13.2872 0.344171 3.09754 80 2 25 10 32425 0 
-82.4963 23.4906 -13.7223 0.344171 3.09754 80 2 25 10 32426 0 
-82.4851 23.4878 -13.4918 0.344171 3.09754 80 2 25 10 32427 0 
-82.474 23.4852 -13.2652 0.344171 3.09754 80 2 25 10 32428 0 
-82.4686 23.4839 -13.6994 0.344171 3.09754 80 2 25 10 32429 0 
-82.4574 23.4812 -13.4693 0.344171 3.09754 80 2 25 10 32430 0 
-82.4463 23.4785 -13.243 0.344171 3.09754 80 2 25 10 32431 0 
-82.4408 23.4772 -13.6763 0.344171 3.09754 80 2 25 10 32432 0 
-82.4297 23.4745 -13.4466 0.344171 3.09754 80 2 25 10 32433 0 
-82.4185 23.4718 -13.2207 0.344171 3.09754 80 2 25 10 32434 0 
-82.4074 23.4692 -12.9985 0.344171 3.09754 80 2 25 10 32435 0 
-82.4019 23.468 -13.4324 0.344171 3.09754 80 2 25 10 32436 0 
-82.3908 23.4653 -13.2067 0.344171 3.09754 80 2 25 10 32437 0 
-82.3796 23.4627 -12.9847 0.344171 3.09754 80 2 25 10 32438 0 
-82.3742 23.4614 -13.4177 0.344171 3.09754 80 2 25 10 32439 0 
-82.363 23.4587 -13.1922 0.344171 3.09754 80 2 25 10 32440 0 
-82.3518 23.4561 -12.9705 0.344171 3.09754 80 2 25 10 32441 0 
-82.3464 23.4549 -13.4026 0.344171 3.09754 80 2 25 10 32442 0 
-82.3352 23.4522 -13.1774 0.344171 3.09754 80 2 25 10 32443 0 
-82.3241 23.4496 -12.9559 0.344171 3.09754 80 2 25 10 32444 0 
-82.3186 23.4484 -13.3871 0.344171 3.09754 80 2 25 10 32445 0 
-82.3075 23.4457 -13.1621 0.344171 3.09754 80 2 25 10 32446 0 
-82.2963 23.4431 -12.9409 0.344171 3.09754 80 2 25 10 32447 0 
-82.2909 23.4418 -13.3711 0.344171 3.09754 80 2 25 10 32448 0 
-82.2797 23.4392 -13.1464 0.344171 3.09754 80 2 25 10 32449 0 
-82.2685 23.4366 -12.9255 0.344171 3.09754 80 2 25 10 32450 0 
-82.2631 23.4353 -13.3548 0.344171 3.09754 80 2 25 10 32451 0 
-82.2519 23.4327 -13.1304 0.344171 3.09754 80 2 25 10 32452 0 
-82.2408 23.4301 -12.9097 0.344171 3.09754 80 2 25 10 32453 0 
-82.2353 23.4288 -13.3382 0.344171 3.09754 80 2 25 10 32454 0 
-82.2242 23.4262 -13.114 0.344171 3.09754 80 2 25 10 32455 0 
-82.213 23.4236 -12.8935 0.344171 3.09754 80 2 25 10 32456 0 
-82.2076 23.4223 -13.3211 0.344171 3.09754 80 2 25 10 32457 0 
-82.1964 23.4197 -13.0972 0.344171 3.09754 80 2 25 10 32458 0 
-82.1852 23.4171 -12.8771 0.344171 3.09754 80 2 25 10 32459 0 
-82.1798 23.4158 -13.3038 0.344171 3.09754 80 2 25 10 32460 0 
-82.1686 23.4132 -13.0802 0.344171 3.09754 80 2 25 10 32461 0 
-82.1575 23.4106 -12.8603 0.344171 3.09754 80 2 25 10 32462 0 
-82.1463 23.4081 -12.6441 0.344171 3.09754 80 2 25 10 32463 0 
-82.1408 23.4068 -13.0712 0.344171 3.09754 80 2 25 10 32464 0 
-82.1297 23.4042 -12.8515 0.344171 3.09754 80 2 25 10 32465 0 
-82.1185 23.4017 -12.6354 0.344171 3.09754 80 2 25 10 32466 0 
-82.113 23.4005 -13.0616 0.344171 3.09754 80 2 25 10 32467 0 
-82.1019 23.3979 -12.842 0.344171 3.09754 80 2 25 10 32468 0 
-82.0907 23.3953 -12.626 0.344171 3.09754 80 2 25 10 32469 0 
-82.0852 23.3941 -13.0513 0.344171 3.09754 80 2 25 10 32470 0 
-82.0741 23.3915 -12.8319 0.344171 3.09754 80 2 25 10 32471 0 
-82.0629 23.389 -12.6161 0.344171 3.09754 80 2 25 10 32472 0 
-82.0574 23.3878 -13.0405 0.344171 3.09754 80 2 25 10 32473 0 
-82.0463 23.3852 -12.8212 0.344171 3.09754 80 2 25 10 32474 0 
-82.0351 23.3826 -12.6056 0.344171 3.09754 80 2 25 10 32475 0 
-82.0296 23.3814 -13.0291 0.344171 3.09754 80 2 25 10 32476 0 
-82.0185 23.3788 -12.81 0.344171 3.09754 80 2 25 10 32477 0 
-82.0073 23.3763 -12.5945 0.344171 3.09754 80 2 25 10 32478 0 
-82.0018 23.3751 -13.0171 0.344171 3.09754 80 2 25 10 32479 0 
-81.9907 23.3725 -12.7982 0.344171 3.09754 80 2 25 10 32480 0 
-81.9795 23.3699 -12.583 0.344171 3.09754 80 2 25 10 32481 0 
-81.974 23.3687 -13.0046 0.344171 3.09754 80 2 25 10 32482 0 
-81.9629 23.3661 -12.7859 0.344171 3.09754 80 2 25 10 32483 0 
-81.9517 23.3636 -12.5709 0.344171 3.09754 80 2 25 10 32484 0 
-81.9405 23.3611 -12.3594 0.344171 3.09754 80 2 25 10 32485 0 
-81.935 23.3599 -12.7814 0.344171 3.09754 80 2 25 10 32486 0 
-81.9238 23.3574 -12.5664 0.344171 3.09754 80 2 25 10 32487 0 
-81.9126 23.3549 -12.355 0.344171 3.09754 80 2 25 10 32488 0 
-81.9072 23.3537 -12.7761 0.344171 3.09754 80 2 25 10 32489 0 
-81.896 23.3511 -12.5612 0.344171 3.09754 80 2 25 10 32490 0 
-81.8848 23.3486 -12.3499 0.344171 3.09754 80 2 25 10 32491 0 
-81.8794 23.3475 -12.77 0.344171 3.09754 80 2 25 10 32492 0 
-81.8682 23.3449 -12.5552 0.344171 3.09754 80 2 25 10 32493 0 
-81.857 23.3424 -12.344 0.344171 3.09754 80 2 25 10 32494 0 
-81.8515 23.3412 -12.7632 0.344171 3.09754 80 2 25 10 32495 0 
-81.8403 23.3387 -12.5485 0.344171 3.09754 80 2 25 10 32496 0 
-81.8291 23.3362 -12.3373 0.344171 3.09754 80 2 25 10 32497 0 
-81.8237 23.335 -12.7556 0.344171 3.09754 80 2 25 10 32498 0 
-81.8125 23.3325 -12.541 0.344171 3.09754 80 2 25 10 32499 0 
-81.8013 23.33 -12.33 0.344171 3.09754 80 2 25 10 32500 0 
-81.7958 23.3288 -12.7473 0.344171 3.09754 80 2 25 10 32501 0 
-81.7846 23.3263 -12.5329 0.344171 3.09754 80 2 25 10 32502 0 
-81.7734 23.3238 -12.322 0.344171 3.09754 80 2 25 10 32503 0 
-81.768 23.3226 -12.7384 0.344171 3.09754 80 2 25 10 32504 0 
-81.7568 23.3201 -12.5241 0.344171 3.09754 80 2 25 10 32505 0 
-81.7456 23.3176 -12.3134 0.344171 3.09754 80 2 25 10 32506 0 
-81.7344 23.3151 -12.1061 0.344171 3.09754 80 2 25 10 32507 0 
-81.729 23.314 -12.5229 0.344171 3.09754 80 2 25 10 32508 0 
-81.7178 23.3115 -12.3121 0.344171 3.09754 80 2 25 10 32509 0 
-81.7065 23.309 -12.1049 0.344171 3.09754 80 2 25 10 32510 0 
-81.7011 23.3078 -12.5207 0.344171 3.09754 80 2 25 10 32511 0 
-81.6899 23.3054 -12.31 0.344171 3.09754 80 2 25 10 32512 0 
-81.6787 23.3029 -12.1028 0.344171 3.09754 80 2 25 10 32513 0 
-81.6732 23.3017 -12.5176 0.344171 3.09754 80 2 25 10 32514 0 
-81.662 23.2993 -12.3069 0.344171 3.09754 80 2 25 10 32515 0 
-81.6508 23.2968 -12.0998 0.344171 3.09754 80 2 25 10 32516 0 
-81.6454 23.2956 -12.5137 0.344171 3.09754 80 2 25 10 32517 0 
-81.6342 23.2932 -12.3031 0.344171 3.09754 80 2 25 10 32518 0 
-81.623 23.2907 -12.096 0.344171 3.09754 80 2 25 10 32519 0 
-81.6175 23.2895 -12.5089 0.344171 3.09754 80 2 25 10 32520 0 
-81.6063 23.2871 -12.2984 0.344171 3.09754 80 2 25 10 32521 0 
-81.5951 23.2846 -12.0914 0.344171 3.09754 80 2 25 10 32522 0 
-81.5896 23.2835 -12.5034 0.344171 3.09754 80 2 25 10 32523 0 
-81.5784 23.281 -12.2929 0.344171 3.09754 80 2 25 10 32524 0 
-81.5672 23.2785 -12.086 0.344171 3.09754 80 2 25 10 32525 0 
-81.556 23.2761 -11.8825 0.344171 3.09754 80 2 25 10 32526 0 
-81.5506 23.275 -12.2947 0.344171 3.09754 80 2 25 10 32527 0 
-81.5394 23.2725 -12.0878 0.344171 3.09754 80 2 25 10 32528 0 
-81.5281 23.2701 -11.8842 0.344171 3.09754 80 2 25 10 32529 0 
-81.5227 23.269 -12.2955 0.344171 3.09754 80 2 25 10 32530 0 
-81.5115 23.2665 -12.0885 0.344171 3.09754 80 2 25 10 32531 0 
-81.5003 23.2641 -11.885 0.344171 3.09754 80 2 25 10 32532 0 
-81.4948 23.263 -12.2953 0.344171 3.09754 80 2 25 10 32533 0 
-81.4836 23.2605 -12.0883 0.344171 3.09754 80 2 25 10 32534 0 
-81.4724 23.2581 -11.8848 0.344171 3.09754 80 2 25 10 32535 0 
-81.4669 23.257 -12.2941 0.344171 3.09754 80 2 25 10 32536 0 
-81.4557 23.2545 -12.0871 0.344171 3.09754 80 2 25 10 32537 0 
-81.4445 23.2521 -11.8836 0.344171 3.09754 80 2 25 10 32538 0 
-81.4391 23.251 -12.292 0.344171 3.09754 80 2 25 10 32539 0 
-81.4278 23.2486 -12.0851 0.344171 3.09754 80 2 25 10 32540 0 
-81.4166 23.2462 -11.8816 0.344171 3.09754 80 2 25 10 32541 0 
-81.4054 23.2438 -11.6814 0.344171 3.09754 80 2 25 10 32542 0 
-81.3999 23.2427 -12.0901 0.344171 3.09754 80 2 25 10 32543 0 
-81.3887 23.2403 -11.8865 0.344171 3.09754 80 2 25 10 32544 0 
-81.3775 23.2379 -11.6863 0.344171 3.09754 80 2 25 10 32545 0 
-81.372 23.2368 -12.0939 0.344171 3.09754 80 2 25 10 32546 0 
-81.3608 23.2344 -11.8903 0.344171 3.09754 80 2 25 10 32547 0 
-81.3496 23.232 -11.69 0.344171 3.09754 80 2 25 10 32548 0 
-81.3441 23.2309 -12.0967 0.344171 3.09754 80 2 25 10 32549 0 
-81.3329 23.2285 -11.8929 0.344171 3.09754 80 2 25 10 32550 0 
-81.3217 23.2261 -11.6926 0.344171 3.09754 80 2 25 10 32551 0 
-81.3162 23.225 -12.0983 0.344171 3.09754 80 2 25 10 32552 0 
-81.305 23.2226 -11.8945 0.344171 3.09754 80 2 25 10 32553 0 
-81.2938 23.2202 -11.6942 0.344171 3.09754 80 2 25 10 32554 0 
-81.2883 23.2191 -12.0989 0.344171 3.09754 80 2 25 10 32555 0 
-81.2771 23.2167 -11.8951 0.344171 3.09754 80 2 25 10 32556 0 
-81.2659 23.2143 -11.6948 0.344171 3.09754 80 2 25 10 32557 0 
-81.2604 23.2132 -12.0986 0.344171 3.09754 80 2 25 10 32558 0 
-81.2492 23.2108 -11.8948 0.344171 3.09754 80 2 25 10 32559 0 
-81.238 23.2084 -11.6944 0.344171 3.09754 80 2 25 10 32560 0 
-81.2268 23.2061 -11.4973 0.344171 3.09754 80 2 25 10 32561 0 
-81.2213 23.205 -11.9013 0.344171 3.09754 80 2 25 10 32562 0 
-81.2101 23.2026 -11.7008 0.344171 3.09754 80 2 25 10 32563 0 
-81.1989 23.2003 -11.5037 0.344171 3.09754 80 2 25 10 32564 0 
-81.1934 23.1992 -11.9067 0.344171 3.09754 80 2 25 10 32565 0 
-81.1822 23.1968 -11.7061 0.344171 3.09754 80 2 25 10 32566 0 
-81.1709 23.1945 -11.5088 0.344171 3.09754 80 2 25 10 32567 0 
-81.1655 23.1934 -11.9109 0.344171 3.09754 80 2 25 10 32568 0 
-81.1543 23.191 -11.7102 0.344171 3.09754 80 2 25 10 32569 0 
-81.143 23.1887 -11.5128 0.344171 3.09754 80 2 25 10 32570 0 
-81.1376 23.1875 -11.9139 0.344171 3.09754 80 2 25 10 32571 0 
-81.1263 23.1852 -11.7132 0.344171 3.09754 80 2 25 10 32572 0 
-81.1151 23.1828 -11.5158 0.344171 3.09754 80 2 25 10 32573 0 
-81.1096 23.1817 -11.9159 0.344171 3.09754 80 2 25 10 32574 0 
-81.0984 23.1794 -11.7151 0.344171 3.09754 80 2 25 10 32575 0 
-81.0872 23.177 -11.5177 0.344171 3.09754 80 2 25 10 32576 0 
-81.076 23.1747 -11.3235 0.344171 3.09754 80 2 25 10 32577 0 
-81.0705 23.1736 -11.7238 0.344171 3.09754 80 2 25 10 32578 0 
-81.0593 23.1713 -11.5262 0.344171 3.09754 80 2 25 10 32579 0 
-81.048 23.169 -11.3319 0.344171 3.09754 80 2 25 10 32580 0 
-81.0425 23.1679 -11.7312 0.344171 3.09754 80 2 25 10 32581 0 
-81.0313 23.1656 -11.5335 0.344171 3.09754 80 2 25 10 32582 0 
-81.0201 23.1633 -11.339 0.344171 3.09754 80 2 25 10 32583 0 
-81.0146 23.1622 -11.7373 0.344171 3.09754 80 2 25 10 32584 0 
-81.0034 23.1599 -11.5395 0.344171 3.09754 80 2 25 10 32585 0 
-80.9921 23.1576 -11.345 0.344171 3.09754 80 2 25 10 32586 0 
-80.9867 23.1565 -11.7423 0.344171 3.09754 80 2 25 10 32587 0 
-80.9754 23.1541 -11.5444 0.344171 3.09754 80 2 25 10 32588 0 
-80.9642 23.1518 -11.3497 0.344171 3.09754 80 2 25 10 32589 0 
-80.953 23.1496 -11.1584 0.344171 3.09754 80 2 25 10 32590 0 
-80.9475 23.1485 -11.5558 0.344171 3.09754 80 2 25 10 32591 0 
-80.9362 23.1462 -11.361 0.344171 3.09754 80 2 25 10 32592 0 
-80.925 23.144 -11.1694 0.344171 3.09754 80 2 25 10 32593 0 
-80.9195 23.1429 -11.5659 0.344171 3.09754 80 2 25 10 32594 0 
-80.9083 23.1406 -11.3709 0.344171 3.09754 80 2 25 10 32595 0 
-80.897 23.1383 -11.1791 0.344171 3.09754 80 2 25 10 32596 0 
-80.8916 23.1372 -11.5745 0.344171 3.09754 80 2 25 10 32597 0 
-80.8803 23.1349 -11.3794 0.344171 3.09754 80 2 25 10 32598 0 
-80.8691 23.1327 -11.1875 0.344171 3.09754 80 2 25 10 32599 0 
-80.8636 23.1316 -11.582 0.344171 3.09754 80 2 25 10 32600 0 
-80.8524 23.1293 -11.3867 0.344171 3.09754 80 2 25 10 32601 0 
-80.8411 23.127 -11.1946 0.344171 3.09754 80 2 25 10 32602 0 
-80.8357 23.1259 -11.5881 0.344171 3.09754 80 2 25 10 32603 0 
-80.8244 23.1236 -11.3927 0.344171 3.09754 80 2 25 10 32604 0 
-80.8132 23.1214 -11.2006 0.344171 3.09754 80 2 25 10 32605 0 
-80.8019 23.1191 -11.0117 0.344171 3.09754 80 2 25 10 32606 0 
-80.7965 23.1181 -11.4052 0.344171 3.09754 80 2 25 10 32607 0 
-80.7852 23.1158 -11.2129 0.344171 3.09754 80 2 25 10 32608 0 
-80.774 23.1136 -11.0237 0.344171 3.09754 80 2 25 10 32609 0 
-80.7685 23.1125 -11.4163 0.344171 3.09754 80 2 25 10 32610 0 
-80.7572 23.1102 -11.2238 0.344171 3.09754 80 2 25 10 32611 0 
-80.746 23.108 -11.0344 0.344171 3.09754 80 2 25 10 32612 0 
-80.7405 23.1069 -11.426 0.344171 3.09754 80 2 25 10 32613 0 
-80.7293 23.1047 -11.2333 0.344171 3.09754 80 2 25 10 32614 0 
-80.718 23.1024 -11.0438 0.344171 3.09754 80 2 25 10 32615 0 
-80.7126 23.1014 -11.4344 0.344171 3.09754 80 2 25 10 32616 0 
-80.7013 23.0991 -11.2415 0.344171 3.09754 80 2 25 10 32617 0 
-80.6901 23.0968 -11.0519 0.344171 3.09754 80 2 25 10 32618 0 
-80.6788 23.0946 -10.8654 0.344171 3.09754 80 2 25 10 32619 0 
-80.6733 23.0936 -11.2561 0.344171 3.09754 80 2 25 10 32620 0 
-80.6621 23.0914 -11.0662 0.344171 3.09754 80 2 25 10 32621 0 
-80.6508 23.0891 -10.8794 0.344171 3.09754 80 2 25 10 32622 0 
-80.6453 23.0881 -11.2691 0.344171 3.09754 80 2 25 10 32623 0 
-80.6341 23.0859 -11.079 0.344171 3.09754 80 2 25 10 32624 0 
-80.6228 23.0836 -10.892 0.344171 3.09754 80 2 25 10 32625 0 
-80.6173 23.0826 -11.2807 0.344171 3.09754 80 2 25 10 32626 0 
-80.6061 23.0804 -11.0903 0.344171 3.09754 80 2 25 10 32627 0 
-80.5948 23.0781 -10.9032 0.344171 3.09754 80 2 25 10 32628 0 
-80.5893 23.0771 -11.2908 0.344171 3.09754 80 2 25 10 32629 0 
-80.5781 23.0748 -11.1003 0.344171 3.09754 80 2 25 10 32630 0 
-80.5668 23.0726 -10.913 0.344171 3.09754 80 2 25 10 32631 0 
-80.5556 23.0705 -10.7288 0.344171 3.09754 80 2 25 10 32632 0 
-80.5501 23.0694 -11.1165 0.344171 3.09754 80 2 25 10 32633 0 
-80.5388 23.0672 -10.9289 0.344171 3.09754 80 2 25 10 32634 0 
-80.5276 23.065 -10.7444 0.344171 3.09754 80 2 25 10 32635 0 
-80.5221 23.064 -11.1311 0.344171 3.09754 80 2 25 10 32636 0 
-80.5108 23.0618 -10.9433 0.344171 3.09754 80 2 25 10 32637 0 
-80.4996 23.0596 -10.7585 0.344171 3.09754 80 2 25 10 32638 0 
-80.4941 23.0586 -11.1442 0.344171 3.09754 80 2 25 10 32639 0 
-80.4828 23.0563 -10.9561 0.344171 3.09754 80 2 25 10 32640 0 
-80.4716 23.0542 -10.7712 0.344171 3.09754 80 2 25 10 32641 0 
-80.4661 23.0531 -11.1559 0.344171 3.09754 80 2 25 10 32642 0 
-80.4548 23.0509 -10.9676 0.344171 3.09754 80 2 25 10 32643 0 
-80.4436 23.0487 -10.7824 0.344171 3.09754 80 2 25 10 32644 0 
-80.4323 23.0466 -10.6004 0.344171 3.09754 80 2 25 10 32645 0 
-80.4268 23.0455 -10.9851 0.344171 3.09754 80 2 25 10 32646 0 
-80.4156 23.0434 -10.7996 0.344171 3.09754 80 2 25 10 32647 0 
-80.4043 23.0412 -10.6173 0.344171 3.09754 80 2 25 10 32648 0 
-80.3988 23.0402 -11.001 0.344171 3.09754 80 2 25 10 32649 0 
-80.3876 23.038 -10.8152 0.344171 3.09754 80 2 25 10 32650 0 
-80.3763 23.0358 -10.6326 0.344171 3.09754 80 2 25 10 32651 0 
-80.3708 23.0348 -11.0153 0.344171 3.09754 80 2 25 10 32652 0 
-80.3596 23.0326 -10.8293 0.344171 3.09754 80 2 25 10 32653 0 
-80.3483 23.0305 -10.6465 0.344171 3.09754 80 2 25 10 32654 0 
-80.3428 23.0294 -11.0281 0.344171 3.09754 80 2 25 10 32655 0 
-80.3316 23.0272 -10.8419 0.344171 3.09754 80 2 25 10 32656 0 
-80.3203 23.0251 -10.6589 0.344171 3.09754 80 2 25 10 32657 0 
-80.309 23.023 -10.4788 0.344171 3.09754 80 2 25 10 32658 0 
-80.3035 23.0219 -10.8605 0.344171 3.09754 80 2 25 10 32659 0 
-80.2923 23.0198 -10.6771 0.344171 3.09754 80 2 25 10 32660 0 
-80.281 23.0177 -10.4968 0.344171 3.09754 80 2 25 10 32661 0 
-80.2755 23.0166 -10.8774 0.344171 3.09754 80 2 25 10 32662 0 
-80.2642 23.0145 -10.6937 0.344171 3.09754 80 2 25 10 32663 0 
-80.253 23.0124 -10.5131 0.344171 3.09754 80 2 25 10 32664 0 
-80.2475 23.0113 -10.8927 0.344171 3.09754 80 2 25 10 32665 0 
-80.2362 23.0092 -10.7088 0.344171 3.09754 80 2 25 10 32666 0 
-80.2249 23.007 -10.5279 0.344171 3.09754 80 2 25 10 32667 0 
-80.2194 23.006 -10.9065 0.344171 3.09754 80 2 25 10 32668 0 
-80.2082 23.0038 -10.7223 0.344171 3.09754 80 2 25 10 32669 0 
-80.1969 23.0017 -10.5412 0.344171 3.09754 80 2 25 10 32670 0 
-80.1856 22.9996 -10.3631 0.344171 3.09754 80 2 25 10 32671 0 
-80.1801 22.9986 -10.7417 0.344171 3.09754 80 2 25 10 32672 0 
-80.1689 22.9965 -10.5603 0.344171 3.09754 80 2 25 10 32673 0 
-80.1576 22.9944 -10.3819 0.344171 3.09754 80 2 25 10 32674 0 
-80.1521 22.9934 -10.7595 0.344171 3.09754 80 2 25 10 32675 0 
-80.1408 22.9912 -10.5777 0.344171 3.09754 80 2 25 10 32676 0 
-80.1296 22.9891 -10.399 0.344171 3.09754 80 2 25 10 32677 0 
-80.1241 22.9881 -10.7756 0.344171 3.09754 80 2 25 10 32678 0 
-80.1128 22.986 -10.5935 0.344171 3.09754 80 2 25 10 32679 0 
-80.1015 22.9839 -10.4146 0.344171 3.09754 80 2 25 10 32680 0 
-80.096 22.9828 -10.7901 0.344171 3.09754 80 2 25 10 32681 0 
-80.0848 22.9807 -10.6079 0.344171 3.09754 80 2 25 10 32682 0 
-80.0735 22.9786 -10.4286 0.344171 3.09754 80 2 25 10 32683 0 
-80.0622 22.9765 -10.2524 0.344171 3.09754 80 2 25 10 32684 0 
-80.0567 22.9755 -10.6279 0.344171 3.09754 80 2 25 10 32685 0 
-80.0455 22.9734 -10.4483 0.344171 3.09754 80 2 25 10 32686 0 
-80.0342 22.9713 -10.2718 0.344171 3.09754 80 2 25 10 32687 0 
-80.0229 22.9693 -10.0981 0.344171 3.09754 80 2 25 10 32688 0 
-80.0174 22.9683 -10.4736 0.344171 3.09754 80 2 25 10 32689 0 
-80.0061 22.9662 -10.2966 0.344171 3.09754 80 2 25 10 32690 0 
-79.9948 22.9642 -10.1225 0.344171 3.09754 80 2 25 10 32691 0 
-79.9835 22.9621 -9.95134 0.344171 3.09754 80 2 25 10 32692 0 
-79.9781 22.9612 -10.3267 0.344171 3.09754 80 2 25 10 32693 0 
-79.9668 22.9591 -10.1521 0.344171 3.09754 80 2 25 10 32694 0 
-79.9555 22.9571 -9.98046 0.344171 3.09754 80 2 25 10 32695 0 
-79.9442 22.9551 -9.81165 0.344171 3.09754 80 2 25 10 32696 0 
-79.9387 22.9542 -10.1868 0.344171 3.09754 80 2 25 10 32697 0 
-79.9274 22.9521 -10.0146 0.344171 3.09754 80 2 25 10 32698 0 
-79.9161 22.9501 -9.8452 0.344171 3.09754 80 2 25 10 32699 0 
-79.9048 22.9482 -9.67864 0.344171 3.09754 80 2 25 10 32700 0 
-79.8935 22.9463 -9.51484 0.344171 3.09754 80 2 25 10 32701 0 
-79.888 22.9453 -9.89072 0.344171 3.09754 80 2 25 10 32702 0 
-79.8767 22.9434 -9.72339 0.344171 3.09754 80 2 25 10 32703 0 
-79.8654 22.9414 -9.55884 0.344171 3.09754 80 2 25 10 32704 0 
-79.8541 22.9395 -9.39704 0.344171 3.09754 80 2 25 10 32705 0 
-79.8486 22.9386 -9.77259 0.344171 3.09754 80 2 25 10 32706 0 
-79.8373 22.9367 -9.60721 0.344171 3.09754 80 2 25 10 32707 0 
-79.826 22.9348 -9.4446 0.344171 3.09754 80 2 25 10 32708 0 
-79.8147 22.9329 -9.28469 0.344171 3.09754 80 2 25 10 32709 0 
-79.8092 22.932 -9.65988 0.344171 3.09754 80 2 25 10 32710 0 
-79.7979 22.93 -9.49638 0.344171 3.09754 80 2 25 10 32711 0 
-79.7865 22.9282 -9.3356 0.344171 3.09754 80 2 25 10 32712 0 
-79.7752 22.9263 -9.1775 0.344171 3.09754 80 2 25 10 32713 0 
-79.7639 22.9245 -9.02203 0.344171 3.09754 80 2 25 10 32714 0 
-79.7584 22.9236 -9.39764 0.344171 3.09754 80 2 25 10 32715 0 
-79.7471 22.9217 -9.2385 0.344171 3.09754 80 2 25 10 32716 0 
-79.7358 22.9199 -9.08201 0.344171 3.09754 80 2 25 10 32717 0 
-79.7244 22.9181 -8.92813 0.344171 3.09754 80 2 25 10 32718 0 
-79.719 22.9172 -9.30325 0.344171 3.09754 80 2 25 10 32719 0 
-79.7076 22.9154 -9.14568 0.344171 3.09754 80 2 25 10 32720 0 
-79.6963 22.9135 -8.99072 0.344171 3.09754 80 2 25 10 32721 0 
-79.685 22.9117 -8.83835 0.344171 3.09754 80 2 25 10 32722 0 
-79.6736 22.91 -8.68852 0.344171 3.09754 80 2 25 10 32723 0 
-79.6682 22.9091 -9.06391 0.344171 3.09754 80 2 25 10 32724 0 
-79.6568 22.9073 -8.91031 0.344171 3.09754 80 2 25 10 32725 0 
-79.6455 22.9055 -8.75927 0.344171 3.09754 80 2 25 10 32726 0 
-79.6341 22.9038 -8.61075 0.344171 3.09754 80 2 25 10 32727 0 
-79.6228 22.9021 -8.46469 0.344171 3.09754 80 2 25 10 32728 0 
-79.6173 22.9013 -8.84024 0.344171 3.09754 80 2 25 10 32729 0 
-79.606 22.8995 -8.69036 0.344171 3.09754 80 2 25 10 32730 0 
-79.5946 22.8978 -8.54297 0.344171 3.09754 80 2 25 10 32731 0 
-79.5833 22.8961 -8.39804 0.344171 3.09754 80 2 25 10 32732 0 
-79.5719 22.8944 -8.25553 0.344171 3.09754 80 2 25 10 32733 0 
-79.5665 22.8936 -8.63112 0.344171 3.09754 80 2 25 10 32734 0 
-79.5551 22.8919 -8.48472 0.344171 3.09754 80 2 25 10 32735 0 
-79.5438 22.8902 -8.34075 0.344171 3.09754 80 2 25 10 32736 0 
-79.5324 22.8885 -8.19918 0.344171 3.09754 80 2 25 10 32737 0 
-79.5211 22.8869 -8.05997 0.344171 3.09754 80 2 25 10 32738 0 
-79.5156 22.8861 -8.43551 0.344171 3.09754 80 2 25 10 32739 0 
-79.5042 22.8844 -8.29236 0.344171 3.09754 80 2 25 10 32740 0 
-79.4929 22.8828 -8.15158 0.344171 3.09754 80 2 25 10 32741 0 
-79.4815 22.8811 -8.01316 0.344171 3.09754 80 2 25 10 32742 0 
-79.4702 22.8795 -7.87704 0.344171 3.09754 80 2 25 10 32743 0 
-79.4647 22.8788 -8.25244 0.344171 3.09754 80 2 25 10 32744 0 
-79.4533 22.8771 -8.11233 0.344171 3.09754 80 2 25 10 32745 0 
-79.442 22.8755 -7.97455 0.344171 3.09754 80 2 25 10 32746 0 
-79.4306 22.8739 -7.83906 0.344171 3.09754 80 2 25 10 32747 0 
-79.4193 22.8724 -7.70583 0.344171 3.09754 80 2 25 10 32748 0 
-79.4138 22.8716 -8.08102 0.344171 3.09754 80 2 25 10 32749 0 
-79.4024 22.87 -7.94375 0.344171 3.09754 80 2 25 10 32750 0 
-79.3911 22.8684 -7.80877 0.344171 3.09754 80 2 25 10 32751 0 
-79.3797 22.8669 -7.67604 0.344171 3.09754 80 2 25 10 32752 0 
-79.3683 22.8653 -7.54551 0.344171 3.09754 80 2 25 10 32753 0 
-79.3569 22.8638 -7.41716 0.344171 3.09754 80 2 25 10 32754 0 
-79.3515 22.8631 -7.79267 0.344171 3.09754 80 2 25 10 32755 0 
-79.3401 22.8616 -7.6602 0.344171 3.09754 80 2 25 10 32756 0 
-79.3287 22.86 -7.52994 0.344171 3.09754 80 2 25 10 32757 0 
-79.3174 22.8585 -7.40184 0.344171 3.09754 80 2 25 10 32758 0 
-79.306 22.857 -7.27588 0.344171 3.09754 80 2 25 10 32759 0 
-79.3005 22.8564 -7.65094 0.344171 3.09754 80 2 25 10 32760 0 
-79.2891 22.8548 -7.52083 0.344171 3.09754 80 2 25 10 32761 0 
-79.2778 22.8533 -7.39287 0.344171 3.09754 80 2 25 10 32762 0 
-79.2664 22.8518 -7.26705 0.344171 3.09754 80 2 25 10 32763 0 
-79.255 22.8504 -7.14333 0.344171 3.09754 80 2 25 10 32764 0 
-79.2436 22.849 -7.02166 0.344171 3.09754 80 2 25 10 32765 0 
-79.2382 22.8483 -7.39681 0.344171 3.09754 80 2 25 10 32766 0 
-79.2268 22.8468 -7.27091 0.344171 3.09754 80 2 25 10 32767 0 
-79.2154 22.8454 -7.14711 0.344171 3.09754 80 2 25 10 32768 0 
-79.204 22.8439 -7.02538 0.344171 3.09754 80 2 25 10 32769 0 
-79.1926 22.8425 -6.90567 0.344171 3.09754 80 2 25 10 32770 0 
-79.1813 22.8412 -6.78795 0.344171 3.09754 80 2 25 10 32771 0 
-79.1758 22.8405 -7.16302 0.344171 3.09754 80 2 25 10 32772 0 
-79.1644 22.8391 -7.04102 0.344171 3.09754 80 2 25 10 32773 0 
-79.153 22.8377 -6.92104 0.344171 3.09754 80 2 25 10 32774 0 
-79.1416 22.8363 -6.80306 0.344171 3.09754 80 2 25 10 32775 0 
-79.1302 22.8349 -6.68705 0.344171 3.09754 80 2 25 10 32776 0 
-79.1189 22.8336 -6.57296 0.344171 3.09754 80 2 25 10 32777 0 
-79.1075 22.8323 -6.46078 0.344171 3.09754 80 2 25 10 32778 0 
-79.102 22.8317 -6.83615 0.344171 3.09754 80 2 25 10 32779 0 
-79.0906 22.8303 -6.71958 0.344171 3.09754 80 2 25 10 32780 0 
-79.0792 22.829 -6.60494 0.344171 3.09754 80 2 25 10 32781 0 
-79.0678 22.8276 -6.49222 0.344171 3.09754 80 2 25 10 32782 0 
-79.0564 22.8263 -6.38138 0.344171 3.09754 80 2 25 10 32783 0 
-79.045 22.8251 -6.27238 0.344171 3.09754 80 2 25 10 32784 0 
-79.0336 22.8238 -6.16519 0.344171 3.09754 80 2 25 10 32785 0 
-79.0282 22.8232 -6.54062 0.344171 3.09754 80 2 25 10 32786 0 
-79.0168 22.8219 -6.42897 0.344171 3.09754 80 2 25 10 32787 0 
-79.0054 22.8206 -6.31917 0.344171 3.09754 80 2 25 10 32788 0 
-78.994 22.8194 -6.2112 0.344171 3.09754 80 2 25 10 32789 0 
-78.9826 22.8181 -6.10502 0.344171 3.09754 80 2 25 10 32790 0 
-78.9712 22.8169 -6.00062 0.344171 3.09754 80 2 25 10 32791 0 
-78.9598 22.8157 -5.89795 0.344171 3.09754 80 2 25 10 32792 0 
-78.9543 22.8151 -6.27324 0.344171 3.09754 80 2 25 10 32793 0 
-78.9429 22.8139 -6.16603 0.344171 3.09754 80 2 25 10 32794 0 
-78.9315 22.8127 -6.0606 0.344171 3.09754 80 2 25 10 32795 0 
-78.9201 22.8115 -5.95693 0.344171 3.09754 80 2 25 10 32796 0 
-78.9087 22.8103 -5.85498 0.344171 3.09754 80 2 25 10 32797 0 
-78.8973 22.8091 -5.75473 0.344171 3.09754 80 2 25 10 32798 0 
-78.8859 22.8079 -5.65615 0.344171 3.09754 80 2 25 10 32799 0 
-78.8745 22.8068 -5.55922 0.344171 3.09754 80 2 25 10 32800 0 
-78.869 22.8063 -5.93456 0.344171 3.09754 80 2 25 10 32801 0 
-78.8576 22.8051 -5.83298 0.344171 3.09754 80 2 25 10 32802 0 
-78.8462 22.8039 -5.73309 0.344171 3.09754 80 2 25 10 32803 0 
-78.8348 22.8028 -5.63487 0.344171 3.09754 80 2 25 10 32804 0 
-78.8234 22.8017 -5.53828 0.344171 3.09754 80 2 25 10 32805 0 
-78.812 22.8006 -5.44329 0.344171 3.09754 80 2 25 10 32806 0 
-78.8006 22.7995 -5.34989 0.344171 3.09754 80 2 25 10 32807 0 
-78.7891 22.7984 -5.25805 0.344171 3.09754 80 2 25 10 32808 0 
-78.7837 22.7979 -5.63318 0.344171 3.09754 80 2 25 10 32809 0 
-78.7723 22.7968 -5.53661 0.344171 3.09754 80 2 25 10 32810 0 
-78.7609 22.7957 -5.44165 0.344171 3.09754 80 2 25 10 32811 0 
-78.7495 22.7946 -5.34827 0.344171 3.09754 80 2 25 10 32812 0 
-78.738 22.7935 -5.25644 0.344171 3.09754 80 2 25 10 32813 0 
-78.7266 22.7925 -5.16615 0.344171 3.09754 80 2 25 10 32814 0 
-78.7152 22.7914 -5.07735 0.344171 3.09754 80 2 25 10 32815 0 
-78.7038 22.7904 -4.99004 0.344171 3.09754 80 2 25 10 32816 0 
-78.6923 22.7894 -4.90418 0.344171 3.09754 80 2 25 10 32817 0 
-78.6809 22.7884 -4.81975 0.344171 3.09754 80 2 25 10 32818 0 
-78.6755 22.788 -5.19501 0.344171 3.09754 80 2 25 10 32819 0 
-78.6641 22.7869 -5.10573 0.344171 3.09754 80 2 25 10 32820 0 
-78.6527 22.7859 -5.01794 0.344171 3.09754 80 2 25 10 32821 0 
-78.6412 22.7849 -4.93161 0.344171 3.09754 80 2 25 10 32822 0 
-78.6298 22.7839 -4.84671 0.344171 3.09754 80 2 25 10 32823 0 
-78.6184 22.783 -4.76323 0.344171 3.09754 80 2 25 10 32824 0 
-78.6069 22.782 -4.68114 0.344171 3.09754 80 2 25 10 32825 0 
-78.5955 22.7811 -4.60042 0.344171 3.09754 80 2 25 10 32826 0 
-78.5841 22.7801 -4.52104 0.344171 3.09754 80 2 25 10 32827 0 
-78.5726 22.7792 -4.44298 0.344171 3.09754 80 2 25 10 32828 0 
-78.5612 22.7784 -4.36622 0.344171 3.09754 80 2 25 10 32829 0 
-78.5558 22.7779 -4.7414 0.344171 3.09754 80 2 25 10 32830 0 
-78.5444 22.777 -4.65966 0.344171 3.09754 80 2 25 10 32831 0 
-78.533 22.7761 -4.57929 0.344171 3.09754 80 2 25 10 32832 0 
-78.5215 22.7751 -4.50026 0.344171 3.09754 80 2 25 10 32833 0 
-78.5101 22.7742 -4.42254 0.344171 3.09754 80 2 25 10 32834 0 
-78.4986 22.7734 -4.34611 0.344171 3.09754 80 2 25 10 32835 0 
-78.4872 22.7725 -4.27096 0.344171 3.09754 80 2 25 10 32836 0 
-78.4758 22.7716 -4.19706 0.344171 3.09754 80 2 25 10 32837 0 
-78.4643 22.7708 -4.12439 0.344171 3.09754 80 2 25 10 32838 0 
-78.4529 22.77 -4.05293 0.344171 3.09754 80 2 25 10 32839 0 
-78.4414 22.7692 -3.98265 0.344171 3.09754 80 2 25 10 32840 0 
-78.43 22.7684 -3.91355 0.344171 3.09754 80 2 25 10 32841 0 
-78.4185 22.7676 -3.8456 0.344171 3.09754 80 2 25 10 32842 0 
-78.4071 22.7668 -3.77878 0.344171 3.09754 80 2 25 10 32843 0 
-78.4018 22.7665 -4.15386 0.344171 3.09754 80 2 25 10 32844 0 
-78.3903 22.7656 -4.0819 0.344171 3.09754 80 2 25 10 32845 0 
-78.3789 22.7648 -4.01114 0.344171 3.09754 80 2 25 10 32846 0 
-78.3674 22.764 -3.94156 0.344171 3.09754 80 2 25 10 32847 0 
-78.356 22.7632 -3.87313 0.344171 3.09754 80 2 25 10 32848 0 
-78.3446 22.7624 -3.80585 0.344171 3.09754 80 2 25 10 32849 0 
-78.3331 22.7617 -3.73968 0.344171 3.09754 80 2 25 10 32850 0 
-78.3217 22.7609 -3.67462 0.344171 3.09754 80 2 25 10 32851 0 
-78.3102 22.7602 -3.61064 0.344171 3.09754 80 2 25 10 32852 0 
-78.2988 22.7595 -3.54773 0.344171 3.09754 80 2 25 10 32853 0 
-78.2873 22.7588 -3.48586 0.344171 3.09754 80 2 25 10 32854 0 
-78.2758 22.7581 -3.42503 0.344171 3.09754 80 2 25 10 32855 0 
-78.2644 22.7574 -3.3652 0.344171 3.09754 80 2 25 10 32856 0 
-78.2529 22.7567 -3.30637 0.344171 3.09754 80 2 25 10 32857 0 
-78.2415 22.7561 -3.24853 0.344171 3.09754 80 2 25 10 32858 0 
-78.23 22.7554 -3.19164 0.344171 3.09754 80 2 25 10 32859 0 
-78.2186 22.7548 -3.1357 0.344171 3.09754 80 2 25 10 32860 0 
-78.2071 22.7541 -3.0807 0.344171 3.09754 80 2 25 10 32861 0 
-78.1957 22.7535 -3.02661 0.344171 3.09754 80 2 25 10 32862 0 
-78.1842 22.7529 -2.97342 0.344171 3.09754 80 2 25 10 32863 0 
-78.1728 22.7523 -2.92111 0.344171 3.09754 80 2 25 10 32864 0 
-78.1613 22.7517 -2.86968 0.344171 3.09754 80 2 25 10 32865 0 
-78.1498 22.7512 -2.8191 0.344171 3.09754 80 2 25 10 32866 0 
-78.1384 22.7506 -2.76936 0.344171 3.09754 80 2 25 10 32867 0 
-78.1269 22.75 -2.72046 0.344171 3.09754 80 2 25 10 32868 0 
-78.1155 22.7495 -2.67236 0.344171 3.09754 80 2 25 10 32869 0 
-78.104 22.749 -2.62507 0.344171 3.09754 80 2 25 10 32870 0 
-78.0925 22.7484 -2.57857 0.344171 3.09754 80 2 25 10 32871 0 
-78.0811 22.7479 -2.53283 0.344171 3.09754 80 2 25 10 32872 0 
-78.0696 22.7474 -2.48786 0.344171 3.09754 80 2 25 10 32873 0 
-78.0582 22.7469 -2.44364 0.344171 3.09754 80 2 25 10 32874 0 
-78.0467 22.7464 -2.40016 0.344171 3.09754 80 2 25 10 32875 0 
-78.0352 22.7459 -2.3574 0.344171 3.09754 80 2 25 10 32876 0 
-78.0238 22.7455 -2.31535 0.344171 3.09754 80 2 25 10 32877 0 
-78.0123 22.745 -2.274 0.344171 3.09754 80 2 25 10 32878 0 
-78.0009 22.7446 -2.23334 0.344171 3.09754 80 2 25 10 32879 0 
-77.9894 22.7441 -2.19336 0.344171 3.09754 80 2 25 10 32880 0 
-77.9779 22.7437 -2.15404 0.344171 3.09754 80 2 25 10 32881 0 
-77.9665 22.7432 -2.11538 0.344171 3.09754 80 2 25 10 32882 0 
-77.955 22.7428 -2.07736 0.344171 3.09754 80 2 25 10 32883 0 
-77.9435 22.7424 -2.03997 0.344171 3.09754 80 2 25 10 32884 0 
-77.9321 22.742 -2.0032 0.344171 3.09754 80 2 25 10 32885 0 
-77.9206 22.7416 -1.96705 0.344171 3.09754 80 2 25 10 32886 0 
-77.9091 22.7412 -1.9315 0.344171 3.09754 80 2 25 10 32887 0 
-77.8977 22.7408 -1.89654 0.344171 3.09754 80 2 25 10 32888 0 
-77.8862 22.7404 -1.86217 0.344171 3.09754 80 2 25 10 32889 0 
-77.8747 22.7401 -1.82836 0.344171 3.09754 80 2 25 10 32890 0 
-77.8633 22.7397 -1.79512 0.344171 3.09754 80 2 25 10 32891 0 
-77.8518 22.7393 -1.76243 0.344171 3.09754 80 2 25 10 32892 0 
-77.8403 22.739 -1.73029 0.344171 3.09754 80 2 25 10 32893 0 
-77.8289 22.7386 -1.69868 0.344171 3.09754 80 2 25 10 32894 0 
-77.8174 22.7383 -1.6676 0.344171 3.09754 80 2 25 10 32895 0 
-77.8059 22.738 -1.63703 0.344171 3.09754 80 2 25 10 32896 0 
-77.7945 22.7376 -1.60697 0.344171 3.09754 80 2 25 10 32897 0 
-77.783 22.7373 -1.57742 0.344171 3.09754 80 2 25 10 32898 0 
-77.7715 22.737 -1.54835 0.344171 3.09754 80 2 25 10 32899 0 
-77.7601 22.7367 -1.51977 0.344171 3.09754 80 2 25 10 32900 0 
-77.7486 22.7364 -1.49167 0.344171 3.09754 80 2 25 10 32901 0 
-77.7371 22.7361 -1.46403 0.344171 3.09754 80 2 25 10 32902 0 
-77.7257 22.7358 -1.43685 0.344171 3.09754 80 2 25 10 32903 0 
-77.7142 22.7355 -1.41013 0.344171 3.09754 80 2 25 10 32904 0 
-77.7027 22.7352 -1.38385 0.344171 3.09754 80 2 25 10 32905 0 
-77.6913 22.7349 -1.35801 0.344171 3.09754 80 2 25 10 32906 0 
-77.6798 22.7347 -1.3326 0.344171 3.09754 80 2 25 10 32907 0 
-77.6683 22.7344 -1.30761 0.344171 3.09754 80 2 25 10 32908 0 
-77.6569 22.7341 -1.28303 0.344171 3.09754 80 2 25 10 32909 0 
-77.6454 22.7339 -1.25887 0.344171 3.09754 80 2 25 10 32910 0 
-77.6339 22.7336 -1.23511 0.344171 3.09754 80 2 25 10 32911 0 
-77.6225 22.7334 -1.21174 0.344171 3.09754 80 2 25 10 32912 0 
-77.611 22.7331 -1.18876 0.344171 3.09754 80 2 25 10 32913 0 
-77.5995 22.7329 -1.16617 0.344171 3.09754 80 2 25 10 32914 0 
-77.5881 22.7327 -1.14395 0.344171 3.09754 80 2 25 10 32915 0 
-77.5766 22.7324 -1.1221 0.344171 3.09754 80 2 25 10 32916 0 
-77.5651 22.7322 -1.10062 0.344171 3.09754 80 2 25 10 32917 0 
-77.5536 22.732 -1.07949 0.344171 3.09754 80 2 25 10 32918 0 
-77.5422 22.7318 -1.05871 0.344171 3.09754 80 2 25 10 32919 0 
-77.5307 22.7316 -1.03828 0.344171 3.09754 80 2 25 10 32920 0 
-77.5192 22.7314 -1.01819 0.344171 3.09754 80 2 25 10 32921 0 
-77.5078 22.7312 -0.998436 0.344171 3.09754 80 2 25 10 32922 0 
-77.4963 22.731 -0.979009 0.344171 3.09754 80 2 25 10 32923 0 
-77.4848 22.7308 -0.959905 0.344171 3.09754 80 2 25 10 32924 0 
-77.4734 22.7306 -0.941119 0.344171 3.09754 80 2 25 10 32925 0 
-77.4619 22.7304 -0.922646 0.344171 3.09754 80 2 25 10 32926 0 
-77.4504 22.7302 -0.904481 0.344171 3.09754 80 2 25 10 32927 0 
-77.439 22.73 -0.886617 0.344171 3.09754 80 2 25 10 32928 0 
-77.4275 22.7298 -0.869051 0.344171 3.09754 80 2 25 10 32929 0 
-77.416 22.7297 -0.851777 0.344171 3.09754 80 2 25 10 32930 0 
-77.4045 22.7295 -0.834791 0.344171 3.09754 80 2 25 10 32931 0 
-77.3931 22.7293 -0.818088 0.344171 3.09754 80 2 25 10 32932 0 
-77.3816 22.7292 -0.801662 0.344171 3.09754 80 2 25 10 32933 0 
-77.3701 22.729 -0.78551 0.344171 3.09754 80 2 25 10 32934 0 
-77.3586 22.7288 -0.769626 0.344171 3.09754 80 2 25 10 32935 0 
-77.3472 22.7287 -0.754007 0.344171 3.09754 80 2 25 10 32936 0 
-77.3357 22.7285 -0.738648 0.344171 3.09754 80 2 25 10 32937 0 
-77.3242 22.7284 -0.723545 0.344171 3.09754 80 2 25 10 32938 0 
-77.3127 22.7282 -0.708692 0.344171 3.09754 80 2 25 10 32939 0 
-77.3013 22.7281 -0.694087 0.344171 3.09754 80 2 25 10 32940 0 
-77.2898 22.728 -0.679725 0.344171 3.09754 80 2 25 10 32941 0 
-77.2783 22.7278 -0.665602 0.344171 3.09754 80 2 25 10 32942 0 
-77.2668 22.7277 -0.651714 0.344171 3.09754 80 2 25 10 32943 0 
-77.2554 22.7276 -0.638057 0.344171 3.09754 80 2 25 10 32944 0 
-77.2439 22.7274 -0.624627 0.344171 3.09754 80 2 25 10 32945 0 
-77.2324 22.7273 -0.611421 0.344171 3.09754 80 2 25 10 32946 0 
-77.2209 22.7272 -0.598435 0.344171 3.09754 80 2 25 10 32947 0 
-77.2095 22.7271 -0.585664 0.344171 3.09754 80 2 25 10 32948 0 
-77.198 22.7269 -0.573106 0.344171 3.09754 80 2 25 10 32949 0 
-77.1865 22.7268 -0.560757 0.344171 3.09754 80 2 25 10 32950 0 
-77.175 22.7267 -0.548614 0.344171 3.09754 80 2 25 10 32951 0 
-77.1636 22.7266 -0.536672 0.344171 3.09754 80 2 25 10 32952 0 
-77.1521 22.7265 -0.52493 0.344171 3.09754 80 2 25 10 32953 0 
-77.1406 22.7264 -0.513382 0.344171 3.09754 80 2 25 10 32954 0 
-77.1291 22.7263 -0.502027 0.344171 3.09754 80 2 25 10 32955 0 
-77.1177 22.7262 -0.490861 0.344171 3.09754 80 2 25 10 32956 0 
-77.1062 22.7261 -0.47988 0.344171 3.09754 80 2 25 10 32957 0 
-77.0947 22.726 -0.469082 0.344171 3.09754 80 2 25 10 32958 0 
-77.0832 22.7259 -0.458464 0.344171 3.09754 80 2 25 10 32959 0 
-77.0718 22.7258 -0.448022 0.344171 3.09754 80 2 25 10 32960 0 
-77.0603 22.7257 -0.437754 0.344171 3.09754 80 2 25 10 32961 0 
-77.0488 22.7256 -0.427657 0.344171 3.09754 80 2 25 10 32962 0 
-77.0373 22.7256 -0.417728 0.344171 3.09754 80 2 25 10 32963 0 
-77.0259 22.7255 -0.407964 0.344171 3.09754 80 2 25 10 32964 0 
-77.0144 22.7254 -0.398363 0.344171 3.09754 80 2 25 10 32965 0 
-77.0029 22.7253 -0.388921 0.344171 3.09754 80 2 25 10 32966 0 
-76.9914 22.7252 -0.379636 0.344171 3.09754 80 2 25 10 32967 0 
-76.98 22.7252 -0.370506 0.344171 3.09754 80 2 25 10 32968 0 
-76.9685 22.7251 -0.361527 0.344171 3.09754 80 2 25 10 32969 0 
-76.957 22.725 -0.352698 0.344171 3.09754 80 2 25 10 32970 0 
-76.9455 22.7249 -0.344016 0.344171 3.09754 80 2 25 10 32971 0 
-76.9341 22.7249 -0.335478 0.344171 3.09754 80 2 25 10 32972 0 
-76.9226 22.7248 -0.327082 0.344171 3.09754 80 2 25 10 32973 0 
-76.9111 22.7247 -0.318826 0.344171 3.09754 80 2 25 10 32974 0 
-76.8997 22.7247 -0.310707 0.344171 3.09754 80 2 25 10 32975 0 
-76.8882 22.7246 -0.302723 0.344171 3.09754 80 2 25 10 32976 0 
-76.8767 22.7245 -0.294872 0.344171 3.09754 80 2 25 10 32977 0 
-76.8652 22.7245 -0.287152 0.344171 3.09754 80 2 25 10 32978 0 
-76.8538 22.7244 -0.27956 0.344171 3.09754 80 2 25 10 32979 0 
-76.8423 22.7244 -0.272094 0.344171 3.09754 80 2 25 10 32980 0 
-76.8308 22.7243 -0.264752 0.344171 3.09754 80 2 25 10 32981 0 
-76.8193 22.7243 -0.257533 0.344171 3.09754 80 2 25 10 32982 0 
-76.8079 22.7242 -0.250433 0.344171 3.09754 80 2 25 10 32983 0 
-76.7964 22.7242 -0.243452 0.344171 3.09754 80 2 25 10 32984 0 
-76.7849 22.7241 -0.236586 0.344171 3.09754 80 2 25 10 32985 0 
-76.7734 22.7241 -0.229835 0.344171 3.09754 80 2 25 10 32986 0 
-76.762 22.724 -0.223196 0.344171 3.09754 80 2 25 10 32987 0 
-76.7505 22.724 -0.216667 0.344171 3.09754 80 2 25 10 32988 0 
-76.739 22.7239 -0.210247 0.344171 3.09754 80 2 25 10 32989 0 
-76.7275 22.7239 -0.203934 0.344171 3.09754 80 2 25 10 32990 0 
-76.7161 22.7239 -0.197726 0.344171 3.09754 80 2 25 10 32991 0 
-76.7046 22.7238 -0.19162 0.344171 3.09754 80 2 25 10 32992 0 
-76.6931 22.7238 -0.185617 0.344171 3.09754 80 2 25 10 32993 0 
-76.6816 22.7237 -0.179713 0.344171 3.09754 80 2 25 10 32994 0 
-76.6702 22.7237 -0.173907 0.344171 3.09754 80 2 25 10 32995 0 
-76.6587 22.7237 -0.168198 0.344171 3.09754 80 2 25 10 32996 0 
-76.6472 22.7236 -0.162584 0.344171 3.09754 80 2 25 10 32997 0 
-76.6357 22.7236 -0.157063 0.344171 3.09754 80 2 25 10 32998 0 
-76.6243 22.7236 -0.151633 0.344171 3.09754 80 2 25 10 32999 0 
-76.6128 22.7235 -0.146294 0.344171 3.09754 80 2 25 10 33000 0 
-76.6013 22.7235 -0.141044 0.344171 3.09754 80 2 25 10 33001 0 
-76.5898 22.7235 -0.135881 0.344171 3.09754 80 2 25 10 33002 0 
-76.5784 22.7235 -0.130804 0.344171 3.09754 80 2 25 10 33003 0 
-76.5669 22.7234 -0.125811 0.344171 3.09754 80 2 25 10 33004 0 
-76.5554 22.7234 -0.120901 0.344171 3.09754 80 2 25 10 33005 0 
-76.5439 22.7234 -0.116073 0.344171 3.09754 80 2 25 10 33006 0 
-76.5325 22.7234 -0.111325 0.344171 3.09754 80 2 25 10 33007 0 
-76.521 22.7233 -0.106656 0.344171 3.09754 80 2 25 10 33008 0 
-76.5095 22.7233 -0.102065 0.344171 3.09754 80 2 25 10 33009 0 
-76.498 22.7233 -0.0975494 0.344171 3.09754 80 2 25 10 33010 0 
-76.4866 22.7233 -0.0931092 0.344171 3.09754 80 2 25 10 33011 0 
-76.4751 22.7233 -0.0887427 0.344171 3.09754 80 2 25 10 33012 0 
-76.4636 22.7232 -0.0844488 0.344171 3.09754 80 2 25 10 33013 0 
-76.4521 22.7232 -0.0802263 0.344171 3.09754 80 2 25 10 33014 0 
-76.4407 22.7232 -0.0760738 0.344171 3.09754 80 2 25 10 33015 0 
-76.4292 22.7232 -0.0719904 0.344171 3.09754 80 2 25 10 33016 0 
-76.4177 22.7232 -0.0679748 0.344171 3.09754 80 2 25 10 33017 0 
-76.4062 22.7232 -0.0640259 0.344171 3.09754 80 2 25 10 33018 0 
-76.3948 22.7231 -0.0601426 0.344171 3.09754 80 2 25 10 33019 0 
-76.3833 22.7231 -0.0563237 0.344171 3.09754 80 2 25 10 33020 0 
-76.3718 22.7231 -0.0525683 0.344171 3.09754 80 2 25 10 33021 0 
-76.3603 22.7231 -0.0488753 0.344171 3.09754 80 2 25 10 33022 0 
-76.3489 22.7231 -0.0452436 0.344171 3.09754 80 2 25 10 33023 0 
-76.3374 22.7231 -0.0416722 0.344171 3.09754 80 2 25 10 33024 0 
-76.3259 22.7231 -0.0381601 0.344171 3.09754 80 2 25 10 33025 0 
-76.3144 22.7231 -0.0347063 0.344171 3.09754 80 2 25 10 33026 0 
-76.303 22.7231 -0.0313098 0.344171 3.09754 80 2 25 10 33027 0 
-76.2915 22.7231 -0.0279698 0.344171 3.09754 80 2 25 10 33028 0 
-76.28 22.7231 -0.0246852 0.344171 3.09754 80 2 25 10 33029 0 
-76.2685 22.7231 -0.0214551 0.344171 3.09754 80 2 25 10 33030 0 
-76.2571 22.7231 -0.0182787 0.344171 3.09754 80 2 25 10 33031 0 
-76.2456 22.723 -0.0151549 0.344171 3.09754 80 2 25 10 33032 0 
-76.2341 22.723 -0.012083 0.344171 3.09754 80 2 25 10 33033 0 
-76.2226 22.723 -0.00906215 0.344171 3.09754 80 2 25 10 33034 0 
-76.2112 22.723 -0.00609139 0.344171 3.09754 80 2 25 10 33035 0 
-76.1997 22.723 -0.00316992 0.344171 3.09754 80 2 25 10 33036 0 
-76.1882 22.723 -0.000296941 0.344171 3.09754 80 2 25 10 33037 0 
-76.1768 22.723 0.00252837 0.344171 3.09754 80 2 25 10 33038 0 
-76.1653 22.723 0.0053068 0.344171 3.09754 80 2 25 10 33039 0 
-76.1538 22.723 0.00803914 0.344171 3.09754 80 2 25 10 33040 0 
-76.1423 22.723 0.0107261 0.344171 3.09754 80 2 25 10 33041 0 
-76.1309 22.723 0.0133686 0.344171 3.09754 80 2 25 10 33042 0 
-76.1194 22.723 0.0159672 0.344171 3.09754 80 2 25 10 33043 0 
-76.1079 22.723 0.0185227 0.344171 3.09754 80 2 25 10 33044 0 
-76.0964 22.7231 0.0210358 0.344171 3.09754 80 2 25 10 33045 0 
-76.085 22.7231 0.0235072 0.344171 3.09754 80 2 25 10 33046 0 
-76.0735 22.7231 0.0259376 0.344171 3.09754 80 2 25 10 33047 0 
-76.062 22.7231 0.0283278 0.344171 3.09754 80 2 25 10 33048 0 
-76.0505 22.7231 0.0306783 0.344171 3.09754 80 2 25 10 33049 0 
-76.0391 22.7231 0.0329898 0.344171 3.09754 80 2 25 10 33050 0 
-76.0276 22.7231 0.035263 0.344171 3.09754 80 2 25 10 33051 0 
-76.0161 22.7231 0.0374986 0.344171 3.09754 80 2 25 10 33052 0 
-76.0046 22.7231 0.039697 0.344171 3.09754 80 2 25 10 33053 0 
-75.9932 22.7231 0.0418591 0.344171 3.09754 80 2 25 10 33054 0 
-75.9817 22.7231 0.0439853 0.344171 3.09754 80 2 25 10 33055 0 
-75.9702 22.7231 0.0460762 0.344171 3.09754 80 2 25 10 33056 0 
-75.9587 22.7231 0.0481325 0.344171 3.09754 80 2 25 10 33057 0 
-75.9473 22.7231 0.0501548 0.344171 3.09754 80 2 25 10 33058 0 
-75.9358 22.7232 0.0521435 0.344171 3.09754 80 2 25 10 33059 0 
-75.9243 22.7232 0.0540993 0.344171 3.09754 80 2 25 10 33060 0 
-75.9128 22.7232 0.0560227 0.344171 3.09754 80 2 25 10 33061 0 
-75.9014 22.7232 0.0579142 0.344171 3.09754 80 2 25 10 33062 0 
-75.8899 22.7232 0.0597744 0.344171 3.09754 80 2 25 10 33063 0 
-75.8784 22.7232 0.0616038 0.344171 3.09754 80 2 25 10 33064 0 
-75.8669 22.7232 0.0634029 0.344171 3.09754 80 2 25 10 33065 0 
-75.8555 22.7232 0.0651722 0.344171 3.09754 80 2 25 10 33066 0 
-75.844 22.7232 0.0669122 0.344171 3.09754 80 2 25 10 33067 0 
-75.8325 22.7233 0.0686234 0.344171 3.09754 80 2 25 10 33068 0 
-75.821 22.7233 0.0703063 0.344171 3.09754 80 2 25 10 33069 0 
-75.8096 22.7233 0.0719613 0.344171 3.09754 80 2 25 10 33070 0 
-75.7981 22.7233 0.073589 0.344171 3.09754 80 2 25 10 33071 0 
-75.7866 22.7233 0.0751897 0.344171 3.09754 80 2 25 10 33072 0 
-75.7751 22.7233 0.0767639 0.344171 3.09754 80 2 25 10 33073 0 
-75.7637 22.7233 0.0783121 0.344171 3.09754 80 2 25 10 33074 0 
-75.7522 22.7234 0.0798346 0.344171 3.09754 80 2 25 10 33075 0 
-75.7407 22.7234 0.081332 0.344171 3.09754 80 2 25 10 33076 0 
-75.7292 22.7234 0.0828046 0.344171 3.09754 80 2 25 10 33077 0 
-75.7178 22.7234 0.0842529 0.344171 3.09754 80 2 25 10 33078 0 
-75.7063 22.7234 0.0856772 0.344171 3.09754 80 2 25 10 33079 0 
-75.6948 22.7234 0.087078 0.344171 3.09754 80 2 25 10 33080 0 
-75.6833 22.7235 0.0884556 0.344171 3.09754 80 2 25 10 33081 0 
-75.6719 22.7235 0.0898104 0.344171 3.09754 80 2 25 10 33082 0 
-75.6604 22.7235 0.0911429 0.344171 3.09754 80 2 25 10 33083 0 
-75.6489 22.7235 0.0924533 0.344171 3.09754 80 2 25 10 33084 0 
-75.6374 22.7235 0.0937421 0.344171 3.09754 80 2 25 10 33085 0 
-75.626 22.7236 0.0950096 0.344171 3.09754 80 2 25 10 33086 0 
-75.6145 22.7236 0.0962561 0.344171 3.09754 80 2 25 10 33087 0 
-75.603 22.7236 0.0974821 0.344171 3.09754 80 2 25 10 33088 0 
-75.5915 22.7236 0.0986878 0.344171 3.09754 80 2 25 10 33089 0 
-75.5801 22.7236 0.0998736 0.344171 3.09754 80 2 25 10 33090 0 
-75.5686 22.7236 0.10104 0.344171 3.09754 80 2 25 10 33091 0 
-75.5571 22.7237 0.102187 0.344171 3.09754 80 2 25 10 33092 0 
-75.5456 22.7237 0.103315 0.344171 3.09754 80 2 25 10 33093 0 
-75.5342 22.7237 0.104424 0.344171 3.09754 80 2 25 10 33094 0 
-75.5227 22.7237 0.105515 0.344171 3.09754 80 2 25 10 33095 0 
-75.5112 22.7238 0.106589 0.344171 3.09754 80 2 25 10 33096 0 
-75.4997 22.7238 0.107644 0.344171 3.09754 80 2 25 10 33097 0 
-75.4883 22.7238 0.108682 0.344171 3.09754 80 2 25 10 33098 0 
-75.4768 22.7238 0.109703 0.344171 3.09754 80 2 25 10 33099 0 
-75.4653 22.7238 0.110707 0.344171 3.09754 80 2 25 10 33100 0 
-75.4538 22.7239 0.111695 0.344171 3.09754 80 2 25 10 33101 0 
-75.4424 22.7239 0.112666 0.344171 3.09754 80 2 25 10 33102 0 
-75.4309 22.7239 0.113621 0.344171 3.09754 80 2 25 10 33103 0 
-75.4194 22.7239 0.114561 0.344171 3.09754 80 2 25 10 33104 0 
-75.408 22.724 0.115485 0.344171 3.09754 80 2 25 10 33105 0 
-75.3965 22.724 0.116393 0.344171 3.09754 80 2 25 10 33106 0 
-75.385 22.724 0.117287 0.344171 3.09754 80 2 25 10 33107 0 
-75.3735 22.724 0.118166 0.344171 3.09754 80 2 25 10 33108 0 
-75.3621 22.724 0.119031 0.344171 3.09754 80 2 25 10 33109 0 
-75.3506 22.7241 0.119882 0.344171 3.09754 80 2 25 10 33110 0 
-75.3391 22.7241 0.120718 0.344171 3.09754 80 2 25 10 33111 0 
-75.3276 22.7241 0.121541 0.344171 3.09754 80 2 25 10 33112 0 
-75.3162 22.7241 0.12235 0.344171 3.09754 80 2 25 10 33113 0 
-75.3047 22.7242 0.123146 0.344171 3.09754 80 2 25 10 33114 0 
-75.2932 22.7242 0.123929 0.344171 3.09754 80 2 25 10 33115 0 
-75.2817 22.7242 0.124698 0.344171 3.09754 80 2 25 10 33116 0 
-75.2703 22.7242 0.125456 0.344171 3.09754 80 2 25 10 33117 0 
-75.2588 22.7243 0.1262 0.344171 3.09754 80 2 25 10 33118 0 
-75.2473 22.7243 0.126933 0.344171 3.09754 80 2 25 10 33119 0 
-75.2358 22.7243 0.127654 0.344171 3.09754 80 2 25 10 33120 0 
-75.2244 22.7243 0.128362 0.344171 3.09754 80 2 25 10 33121 0 
-75.2129 22.7244 0.129059 0.344171 3.09754 80 2 25 10 33122 0 
-75.2014 22.7244 0.129745 0.344171 3.09754 80 2 25 10 33123 0 
-75.1899 22.7244 0.13042 0.344171 3.09754 80 2 25 10 33124 0 
-75.1785 22.7244 0.131083 0.344171 3.09754 80 2 25 10 33125 0 
-75.167 22.7245 0.131735 0.344171 3.09754 80 2 25 10 33126 0 
-75.1555 22.7245 0.132377 0.344171 3.09754 80 2 25 10 33127 0 
-75.144 22.7245 0.133008 0.344171 3.09754 80 2 25 10 33128 0 
-75.1326 22.7246 0.133629 0.344171 3.09754 80 2 25 10 33129 0 
-75.1211 22.7246 0.13424 0.344171 3.09754 80 2 25 10 33130 0 
-75.1096 22.7246 0.134841 0.344171 3.09754 80 2 25 10 33131 0 
-75.0981 22.7246 0.135432 0.344171 3.09754 80 2 25 10 33132 0 
-75.0867 22.7247 0.136013 0.344171 3.09754 80 2 25 10 33133 0 
-75.0752 22.7247 0.136585 0.344171 3.09754 80 2 25 10 33134 0 
-75.0637 22.7247 0.137147 0.344171 3.09754 80 2 25 10 33135 0 
-75.0522 22.7247 0.1377 0.344171 3.09754 80 2 25 10 33136 0 
-75.0408 22.7248 0.138245 0.344171 3.09754 80 2 25 10 33137 0 
-75.0293 22.7248 0.13878 0.344171 3.09754 80 2 25 10 33138 0 
-75.0178 22.7248 0.139306 0.344171 3.09754 80 2 25 10 33139 0 
-75.0063 22.7249 0.139824 0.344171 3.09754 80 2 25 10 33140 0 
-74.9949 22.7249 0.140334 0.344171 3.09754 80 2 25 10 33141 0 
-74.9834 22.7249 0.140835 0.344171 3.09754 80 2 25 10 33142 0 
-74.9719 22.7249 0.141328 0.344171 3.09754 80 2 25 10 33143 0 
-74.9604 22.725 0.141813 0.344171 3.09754 80 2 25 10 33144 0 
-74.949 22.725 0.14229 0.344171 3.09754 80 2 25 10 33145 0 
-74.9375 22.725 0.142759 0.344171 3.09754 80 2 25 10 33146 0 
-74.926 22.7251 0.143221 0.344171 3.09754 80 2 25 10 33147 0 
-74.9145 22.7251 0.143675 0.344171 3.09754 80 2 25 10 33148 0 
-74.9031 22.7251 0.144122 0.344171 3.09754 80 2 25 10 33149 0 
-74.8916 22.7251 0.144561 0.344171 3.09754 80 2 25 10 33150 0 
-74.8801 22.7252 0.144993 0.344171 3.09754 80 2 25 10 33151 0 
-74.8686 22.7252 0.145419 0.344171 3.09754 80 2 25 10 33152 0 
-74.8572 22.7252 0.145837 0.344171 3.09754 80 2 25 10 33153 0 
-74.8457 22.7253 0.146249 0.344171 3.09754 80 2 25 10 33154 0 
-74.8342 22.7253 0.146653 0.344171 3.09754 80 2 25 10 33155 0 
-74.8227 22.7253 0.147052 0.344171 3.09754 80 2 25 10 33156 0 
-74.8113 22.7253 0.147444 0.344171 3.09754 80 2 25 10 33157 0 
-74.7998 22.7254 0.147829 0.344171 3.09754 80 2 25 10 33158 0 
-74.7883 22.7254 0.148208 0.344171 3.09754 80 2 25 10 33159 0 
-74.7768 22.7254 0.148582 0.344171 3.09754 80 2 25 10 33160 0 
-74.7654 22.7255 0.148949 0.344171 3.09754 80 2 25 10 33161 0 
-74.7539 22.7255 0.14931 0.344171 3.09754 80 2 25 10 33162 0 
-74.7424 22.7255 0.149665 0.344171 3.09754 80 2 25 10 33163 0 
-74.7309 22.7256 0.150015 0.344171 3.09754 80 2 25 10 33164 0 
-74.7195 22.7256 0.150358 0.344171 3.09754 80 2 25 10 33165 0 
-74.708 22.7256 0.150697 0.344171 3.09754 80 2 25 10 33166 0 
-74.6965 22.7256 0.15103 0.344171 3.09754 80 2 25 10 33167 0 
-74.6851 22.7257 0.151357 0.344171 3.09754 80 2 25 10 33168 0 
-74.6736 22.7257 0.151679 0.344171 3.09754 80 2 25 10 33169 0 
-74.6621 22.7257 0.151996 0.344171 3.09754 80 2 25 10 33170 0 
-74.6506 22.7258 0.152308 0.344171 3.09754 80 2 25 10 33171 0 
-74.6392 22.7258 0.152615 0.344171 3.09754 80 2 25 10 33172 0 
-74.6277 22.7258 0.152917 0.344171 3.09754 80 2 25 10 33173 0 
-74.6162 22.7259 0.153214 0.344171 3.09754 80 2 25 10 33174 0 
-74.6047 22.7259 0.153507 0.344171 3.09754 80 2 25 10 33175 0 
-74.5933 22.7259 0.153794 0.344171 3.09754 80 2 25 10 33176 0 
-74.5818 22.7259 0.154077 0.344171 3.09754 80 2 25 10 33177 0 
-74.5703 22.726 0.154356 0.344171 3.09754 80 2 25 10 33178 0 
-74.5588 22.726 0.15463 0.344171 3.09754 80 2 25 10 33179 0 
-74.5474 22.726 0.154899 0.344171 3.09754 80 2 25 10 33180 0 
-74.5359 22.7261 0.155164 0.344171 3.09754 80 2 25 10 33181 0 
-74.5244 22.7261 0.155426 0.344171 3.09754 80 2 25 10 33182 0 
-74.5129 22.7261 0.155682 0.344171 3.09754 80 2 25 10 33183 0 
-74.5015 22.7262 0.155935 0.344171 3.09754 80 2 25 10 33184 0 
-74.49 22.7262 0.156184 0.344171 3.09754 80 2 25 10 33185 0 
-74.4785 22.7262 0.156429 0.344171 3.09754 80 2 25 10 33186 0 
-74.467 22.7263 0.156669 0.344171 3.09754 80 2 25 10 33187 0 
-74.4556 22.7263 0.156906 0.344171 3.09754 80 2 25 10 33188 0 
-74.4441 22.7263 0.15714 0.344171 3.09754 80 2 25 10 33189 0 
-74.4326 22.7263 0.157369 0.344171 3.09754 80 2 25 10 33190 0 
-74.4211 22.7264 0.157595 0.344171 3.09754 80 2 25 10 33191 0 
-74.4097 22.7264 0.157817 0.344171 3.09754 80 2 25 10 33192 0 
-74.3982 22.7264 0.158036 0.344171 3.09754 80 2 25 10 33193 0 
-74.3867 22.7265 0.158251 0.344171 3.09754 80 2 25 10 33194 0 
-74.3752 22.7265 0.158463 0.344171 3.09754 80 2 25 10 33195 0 
-74.3638 22.7265 0.158672 0.344171 3.09754 80 2 25 10 33196 0 
-74.3523 22.7266 0.158877 0.344171 3.09754 80 2 25 10 33197 0 
-74.3408 22.7266 0.159079 0.344171 3.09754 80 2 25 10 33198 0 
-74.3293 22.7266 0.159278 0.344171 3.09754 80 2 25 10 33199 0 
-74.3179 22.7267 0.159473 0.344171 3.09754 80 2 25 10 33200 0 
-74.3064 22.7267 0.159666 0.344171 3.09754 80 2 25 10 33201 0 
-74.2949 22.7267 0.159856 0.344171 3.09754 80 2 25 10 33202 0 
-74.2834 22.7268 0.160042 0.344171 3.09754 80 2 25 10 33203 0 
-74.272 22.7268 0.160226 0.344171 3.09754 80 2 25 10 33204 0 
-74.2605 22.7268 0.160406 0.344171 3.09754 80 2 25 10 33205 0 
-74.249 22.7269 0.160584 0.344171 3.09754 80 2 25 10 33206 0 
-74.2375 22.7269 0.160759 0.344171 3.09754 80 2 25 10 33207 0 
-74.2261 22.7269 0.160932 0.344171 3.09754 80 2 25 10 33208 0 
-74.2146 22.727 0.161101 0.344171 3.09754 80 2 25 10 33209 0 
-74.2031 22.727 0.161268 0.344171 3.09754 80 2 25 10 33210 0 
-74.1916 22.727 0.161433 0.344171 3.09754 80 2 25 10 33211 0 
-74.1802 22.7271 0.161594 0.344171 3.09754 80 2 25 10 33212 0 
-74.1687 22.7271 0.161754 0.344171 3.09754 80 2 25 10 33213 0 
-74.1572 22.7271 0.161911 0.344171 3.09754 80 2 25 10 33214 0 
-74.1457 22.7272 0.162065 0.344171 3.09754 80 2 25 10 33215 0 
-74.1343 22.7272 0.162217 0.344171 3.09754 80 2 25 10 33216 0 
-74.1228 22.7272 0.162367 0.344171 3.09754 80 2 25 10 33217 0 
-74.1113 22.7273 0.162514 0.344171 3.09754 80 2 25 10 33218 0 
-74.0998 22.7273 0.162659 0.344171 3.09754 80 2 25 10 33219 0 
-74.0884 22.7273 0.162802 0.344171 3.09754 80 2 25 10 33220 0 
-74.0769 22.7274 0.162942 0.344171 3.09754 80 2 25 10 33221 0 
-74.0654 22.7274 0.163081 0.344171 3.09754 80 2 25 10 33222 0 
-74.0539 22.7274 0.163217 0.344171 3.09754 80 2 25 10 33223 0 
-74.0425 22.7274 0.163351 0.344171 3.09754 80 2 25 10 33224 0 
-74.031 22.7275 0.163483 0.344171 3.09754 80 2 25 10 33225 0 
-74.0195 22.7275 0.163613 0.344171 3.09754 80 2 25 10 33226 0 
-74.008 22.7275 0.163741 0.344171 3.09754 80 2 25 10 33227 0 
-73.9966 22.7276 0.163867 0.344171 3.09754 80 2 25 10 33228 0 
-73.9851 22.7276 0.163992 0.344171 3.09754 80 2 25 10 33229 0 
-73.9736 22.7276 0.164114 0.344171 3.09754 80 2 25 10 33230 0 
-73.9622 22.7277 0.164234 0.344171 3.09754 80 2 25 10 33231 0 
-73.9507 22.7277 0.164353 0.344171 3.09754 80 2 25 10 33232 0 
-73.9392 22.7277 0.16447 0.344171 3.09754 80 2 25 10 33233 0 
-73.9277 22.7278 0.164585 0.344171 3.09754 80 2 25 10 33234 0 
-73.9163 22.7278 0.164698 0.344171 3.09754 80 2 25 10 33235 0 
-73.9048 22.7278 0.16481 0.344171 3.09754 80 2 25 10 33236 0 
-73.8933 22.7279 0.16492 0.344171 3.09754 80 2 25 10 33237 0 
-73.8818 22.7279 0.165028 0.344171 3.09754 80 2 25 10 33238 0 
-73.8704 22.7279 0.165134 0.344171 3.09754 80 2 25 10 33239 0 
-73.8589 22.728 0.165239 0.344171 3.09754 80 2 25 10 33240 0 
-73.8474 22.728 0.165343 0.344171 3.09754 80 2 25 10 33241 0 
-73.8359 22.728 0.165445 0.344171 3.09754 80 2 25 10 33242 0 
-73.8245 22.7281 0.165545 0.344171 3.09754 80 2 25 10 33243 0 
-73.813 22.7281 0.165644 0.344171 3.09754 80 2 25 10 33244 0 
-73.8015 22.7281 0.165741 0.344171 3.09754 80 2 25 10 33245 0 
-73.79 22.7282 0.165837 0.344171 3.09754 80 2 25 10 33246 0 
-73.7786 22.7282 0.165932 0.344171 3.09754 80 2 25 10 33247 0 
-73.7671 22.7282 0.166025 0.344171 3.09754 80 2 25 10 33248 0 
-73.7556 22.7283 0.166117 0.344171 3.09754 80 2 25 10 33249 0 
-73.7441 22.7283 0.166207 0.344171 3.09754 80 2 25 10 33250 0 
-73.7327 22.7283 0.166296 0.344171 3.09754 80 2 25 10 33251 0 
-73.7212 22.7284 0.166384 0.344171 3.09754 80 2 25 10 33252 0 
-73.7097 22.7284 0.16647 0.344171 3.09754 80 2 25 10 33253 0 
-73.6982 22.7284 0.166556 0.344171 3.09754 80 2 25 10 33254 0 
-73.6868 22.7285 0.16664 0.344171 3.09754 80 2 25 10 33255 0 
-73.6753 22.7285 0.166722 0.344171 3.09754 80 2 25 10 33256 0 
-73.6638 22.7285 0.166804 0.344171 3.09754 80 2 25 10 33257 0 
-73.6523 22.7286 0.166884 0.344171 3.09754 80 2 25 10 33258 0 
-73.6409 22.7286 0.166963 0.344171 3.09754 80 2 25 10 33259 0 
-73.6294 22.7286 0.167041 0.344171 3.09754 80 2 25 10 33260 0 
-73.6179 22.7287 0.167118 0.344171 3.09754 80 2 25 10 33261 0 
-73.6064 22.7287 0.167194 0.344171 3.09754 80 2 25 10 33262 0 
-73.595 22.7287 0.167269 0.344171 3.09754 80 2 25 10 33263 0 
-73.5835 22.7288 0.167342 0.344171 3.09754 80 2 25 10 33264 0 
-73.572 22.7288 0.167415 0.344171 3.09754 80 2 25 10 33265 0 
-73.5605 22.7288 0.167486 0.344171 3.09754 80 2 25 10 33266 0 
-73.5491 22.7289 0.167557 0.344171 3.09754 80 2 25 10 33267 0 
-73.5376 22.7289 0.167626 0.344171 3.09754 80 2 25 10 33268 0 
-73.5261 22.7289 0.167695 0.344171 3.09754 80 2 25 10 33269 0 
-73.5146 22.729 0.167763 0.344171 3.09754 80 2 25 10 33270 0 
-73.5032 22.729 0.167829 0.344171 3.09754 80 2 25 10 33271 0 
-73.4917 22.729 0.167895 0.344171 3.09754 80 2 25 10 33272 0 
-73.4802 22.7291 0.16796 0.344171 3.09754 80 2 25 10 33273 0 
-73.4687 22.7291 0.168023 0.344171 3.09754 80 2 25 10 33274 0 
-73.4573 22.7291 0.168086 0.344171 3.09754 80 2 25 10 33275 0 
-73.4458 22.7292 0.168149 0.344171 3.09754 80 2 25 10 33276 0 
-73.4343 22.7292 0.16821 0.344171 3.09754 80 2 25 10 33277 0 
-73.4228 22.7292 0.16827 0.344171 3.09754 80 2 25 10 33278 0 
-73.4114 22.7293 0.16833 0.344171 3.09754 80 2 25 10 33279 0 
-73.3999 22.7293 0.168388 0.344171 3.09754 80 2 25 10 33280 0 
-73.3884 22.7293 0.168446 0.344171 3.09754 80 2 25 10 33281 0 
-73.3769 22.7294 0.168503 0.344171 3.09754 80 2 25 10 33282 0 
-73.3655 22.7294 0.16856 0.344171 3.09754 80 2 25 10 33283 0 
-73.354 22.7294 0.168615 0.344171 3.09754 80 2 25 10 33284 0 
-73.3425 22.7295 0.16867 0.344171 3.09754 80 2 25 10 33285 0 
-73.331 22.7295 0.168724 0.344171 3.09754 80 2 25 10 33286 0 
-73.3196 22.7295 0.168778 0.344171 3.09754 80 2 25 10 33287 0 
-73.3081 22.7296 0.16883 0.344171 3.09754 80 2 25 10 33288 0 
-73.2966 22.7296 0.168882 0.344171 3.09754 80 2 25 10 33289 0 
-73.2851 22.7297 0.168934 0.344171 3.09754 80 2 25 10 33290 0 
-73.2737 22.7297 0.168984 0.344171 3.09754 80 2 25 10 33291 0 
-73.2622 22.7297 0.169034 0.344171 3.09754 80 2 25 10 33292 0 
-73.2507 22.7298 0.169083 0.344171 3.09754 80 2 25 10 33293 0 
-73.2393 22.7298 0.169132 0.344171 3.09754 80 2 25 10 33294 0 
-73.2278 22.7298 0.16918 0.344171 3.09754 80 2 25 10 33295 0 
-73.2163 22.7299 0.169227 0.344171 3.09754 80 2 25 10 33296 0 
-73.2048 22.7299 0.169274 0.344171 3.09754 80 2 25 10 33297 0 
-73.1934 22.7299 0.16932 0.344171 3.09754 80 2 25 10 33298 0 
-73.1819 22.73 0.169366 0.344171 3.09754 80 2 25 10 33299 0 
-73.1704 22.73 0.16941 0.344171 3.09754 80 2 25 10 33300 0 
-73.1589 22.73 0.169455 0.344171 3.09754 80 2 25 10 33301 0 
-73.1475 22.7301 0.169499 0.344171 3.09754 80 2 25 10 33302 0 
-73.136 22.7301 0.169542 0.344171 3.09754 80 2 25 10 33303 0 
-73.1245 22.7301 0.169585 0.344171 3.09754 80 2 25 10 33304 0 
-73.113 22.7302 0.169627 0.344171 3.09754 80 2 25 10 33305 0 
-73.1016 22.7302 0.169668 0.344171 3.09754 80 2 25 10 33306 0 
-73.0901 22.7302 0.169709 0.344171 3.09754 80 2 25 10 33307 0 
-73.0786 22.7303 0.16975 0.344171 3.09754 80 2 25 10 33308 0 
-73.0671 22.7303 0.16979 0.344171 3.09754 80 2 25 10 33309 0 
-73.0557 22.7303 0.16983 0.344171 3.09754 80 2 25 10 33310 0 
-73.0442 22.7304 0.169869 0.344171 3.09754 80 2 25 10 33311 0 
-73.0327 22.7304 0.169908 0.344171 3.09754 80 2 25 10 33312 0 
-73.0212 22.7304 0.169946 0.344171 3.09754 80 2 25 10 33313 0 
-73.0098 22.7305 0.169983 0.344171 3.09754 80 2 25 10 33314 0 
-72.9983 22.7305 0.170021 0.344171 3.09754 80 2 25 10 33315 0 
-72.9868 22.7305 0.170057 0.344171 3.09754 80 2 25 10 33316 0 
-72.9753 22.7306 0.170094 0.344171 3.09754 80 2 25 10 33317 0 
-72.9639 22.7306 0.17013 0.344171 3.09754 80 2 25 10 33318 0 
-72.9524 22.7306 0.170165 0.344171 3.09754 80 2 25 10 33319 0 
-72.9409 22.7307 0.1702 0.344171 3.09754 80 2 25 10 33320 0 
-72.9294 22.7307 0.170235 0.344171 3.09754 80 2 25 10 33321 0 
-72.918 22.7308 0.170269 0.344171 3.09754 80 2 25 10 33322 0 
-72.9065 22.7308 0.170303 0.344171 3.09754 80 2 25 10 33323 0 
-72.895 22.7308 0.170337 0.344171 3.09754 80 2 25 10 33324 0 
-72.8835 22.7309 0.17037 0.344171 3.09754 80 2 25 10 33325 0 
-72.8721 22.7309 0.170403 0.344171 3.09754 80 2 25 10 33326 0 
-72.8606 22.7309 0.170435 0.344171 3.09754 80 2 25 10 33327 0 
-72.8491 22.731 0.170467 0.344171 3.09754 80 2 25 10 33328 0 
-72.8376 22.731 0.170499 0.344171 3.09754 80 2 25 10 33329 0 
-72.8262 22.731 0.17053 0.344171 3.09754 80 2 25 10 33330 0 
-72.8147 22.7311 0.170561 0.344171 3.09754 80 2 25 10 33331 0 
-72.8032 22.7311 0.170592 0.344171 3.09754 80 2 25 10 33332 0 
-72.7917 22.7311 0.170622 0.344171 3.09754 80 2 25 10 33333 0 
-72.7803 22.7312 0.170652 0.344171 3.09754 80 2 25 10 33334 0 
-72.7688 22.7312 0.170681 0.344171 3.09754 80 2 25 10 33335 0 
-72.7573 22.7312 0.170711 0.344171 3.09754 80 2 25 10 33336 0 
-72.7458 22.7313 0.17074 0.344171 3.09754 80 2 25 10 33337 0 
-72.7344 22.7313 0.170768 0.344171 3.09754 80 2 25 10 33338 0 
-72.7229 22.7313 0.170797 0.344171 3.09754 80 2 25 10 33339 0 
-72.7114 22.7314 0.170825 0.344171 3.09754 80 2 25 10 33340 0 
-72.6999 22.7314 0.170853 0.344171 3.09754 80 2 25 10 33341 0 
-72.6885 22.7314 0.17088 0.344171 3.09754 80 2 25 10 33342 0 
-72.677 22.7315 0.170907 0.344171 3.09754 80 2 25 10 33343 0 
-72.6655 22.7315 0.170934 0.344171 3.09754 80 2 25 10 33344 0 
-72.654 22.7315 0.170961 0.344171 3.09754 80 2 25 10 33345 0 
-72.6426 22.7316 0.170987 0.344171 3.09754 80 2 25 10 33346 0 
-72.6311 22.7316 0.171013 0.344171 3.09754 80 2 25 10 33347 0 
-72.6196 22.7316 0.171039 0.344171 3.09754 80 2 25 10 33348 0 
-72.6081 22.7317 0.171065 0.344171 3.09754 80 2 25 10 33349 0 
-72.5967 22.7317 0.17109 0.344171 3.09754 80 2 25 10 33350 0 
-72.5852 22.7317 0.171115 0.344171 3.09754 80 2 25 10 33351 0 
-72.5737 22.7318 0.17114 0.344171 3.09754 80 2 25 10 33352 0 
-72.5622 22.7318 0.171165 0.344171 3.09754 80 2 25 10 33353 0 
-72.5508 22.7318 0.171189 0.344171 3.09754 80 2 25 10 33354 0 
-72.5393 22.7319 0.171213 0.344171 3.09754 80 2 25 10 33355 0 
-72.5278 22.7319 0.171237 0.344171 3.09754 80 2 25 10 33356 0 
-72.5163 22.732 0.171261 0.344171 3.09754 80 2 25 10 33357 0 
-72.5049 22.732 0.171285 0.344171 3.09754 80 2 25 10 33358 0 
-72.4934 22.732 0.171308 0.344171 3.09754 80 2 25 10 33359 0 
-72.4819 22.7321 0.171331 0.344171 3.09754 80 2 25 10 33360 0 
-72.4705 22.7321 0.171354 0.344171 3.09754 80 2 25 10 33361 0 
-72.459 22.7321 0.171376 0.344171 3.09754 80 2 25 10 33362 0 
-72.4475 22.7322 0.171399 0.344171 3.09754 80 2 25 10 33363 0 
-72.436 22.7322 0.171421 0.344171 3.09754 80 2 25 10 33364 0 
-72.4246 22.7322 0.171443 0.344171 3.09754 80 2 25 10 33365 0 
-72.4131 22.7323 0.171465 0.344171 3.09754 80 2 25 10 33366 0 
-72.4016 22.7323 0.171487 0.344171 3.09754 80 2 25 10 33367 0 
-72.3901 22.7323 0.171508 0.344171 3.09754 80 2 25 10 33368 0 
-72.3787 22.7324 0.17153 0.344171 3.09754 80 2 25 10 33369 0 
-72.3672 22.7324 0.171551 0.344171 3.09754 80 2 25 10 33370 0 
-72.3557 22.7324 0.171572 0.344171 3.09754 80 2 25 10 33371 0 
-72.3442 22.7325 0.171593 0.344171 3.09754 80 2 25 10 33372 0 
-72.3328 22.7325 0.171613 0.344171 3.09754 80 2 25 10 33373 0 
-72.3213 22.7325 0.171634 0.344171 3.09754 80 2 25 10 33374 0 
-72.3098 22.7326 0.171654 0.344171 3.09754 80 2 25 10 33375 0 
-72.2983 22.7326 0.171674 0.344171 3.09754 80 2 25 10 33376 0 
-72.2869 22.7326 0.171694 0.344171 3.09754 80 2 25 10 33377 0 
-72.2754 22.7327 0.171714 0.344171 3.09754 80 2 25 10 33378 0 
-72.2639 22.7327 0.171733 0.344171 3.09754 80 2 25 10 33379 0 
-72.2524 22.7327 0.171753 0.344171 3.09754 80 2 25 10 33380 0 
-72.241 22.7328 0.171772 0.344171 3.09754 80 2 25 10 33381 0 
-72.2295 22.7328 0.171791 0.344171 3.09754 80 2 25 10 33382 0 
-72.218 22.7328 0.171811 0.344171 3.09754 80 2 25 10 33383 0 
-72.2065 22.7329 0.171829 0.344171 3.09754 80 2 25 10 33384 0 
-72.1951 22.7329 0.171848 0.344171 3.09754 80 2 25 10 33385 0 
-72.1836 22.7329 0.171867 0.344171 3.09754 80 2 25 10 33386 0 
-72.1721 22.733 0.171885 0.344171 3.09754 80 2 25 10 33387 0 
-72.1606 22.733 0.171904 0.344171 3.09754 80 2 25 10 33388 0 
-72.1492 22.7331 0.171922 0.344171 3.09754 80 2 25 10 33389 0 
-72.1377 22.7331 0.17194 0.344171 3.09754 80 2 25 10 33390 0 
-72.1262 22.7331 0.171958 0.344171 3.09754 80 2 25 10 33391 0 
-72.1147 22.7332 0.171976 0.344171 3.09754 80 2 25 10 33392 0 
-72.1033 22.7332 0.171994 0.344171 3.09754 80 2 25 10 33393 0 
-72.0918 22.7332 0.172011 0.344171 3.09754 80 2 25 10 33394 0 
-72.0803 22.7333 0.172029 0.344171 3.09754 80 2 25 10 33395 0 
-72.0688 22.7333 0.172046 0.344171 3.09754 80 2 25 10 33396 0 
-72.0574 22.7333 0.172064 0.344171 3.09754 80 2 25 10 33397 0 
-72.0459 22.7334 0.172081 0.344171 3.09754 80 2 25 10 33398 0 
-72.0344 22.7334 0.172098 0.344171 3.09754 80 2 25 10 33399 0 
-72.0229 22.7334 0.172115 0.344171 3.09754 80 2 25 10 33400 0 
-72.0115 22.7335 0.172132 0.344171 3.09754 80 2 25 10 33401 0 
-72 22.7335 0.172148 0.344171 3.09754 80 2 25 10 33402 0 
-71.9885 22.7335 0.172165 0.344171 3.09754 80 2 25 10 33403 0 
-71.977 22.7336 0.172182 0.344171 3.09754 80 2 25 10 33404 0 
-71.9656 22.7336 0.172198 0.344171 3.09754 80 2 25 10 33405 0 
-71.9541 22.7336 0.172214 0.344171 3.09754 80 2 25 10 33406 0 
-71.9426 22.7337 0.172231 0.344171 3.09754 80 2 25 10 33407 0 
-71.9311 22.7337 0.172247 0.344171 3.09754 80 2 25 10 33408 0 
-71.9197 22.7337 0.172263 0.344171 3.09754 80 2 25 10 33409 0 
-71.9082 22.7338 0.172279 0.344171 3.09754 80 2 25 10 33410 0 
-71.8967 22.7338 0.172295 0.344171 3.09754 80 2 25 10 33411 0 
-71.8852 22.7338 0.172311 0.344171 3.09754 80 2 25 10 33412 0 
-71.8738 22.7339 0.172326 0.344171 3.09754 80 2 25 10 33413 0 
-71.8623 22.7339 0.172342 0.344171 3.09754 80 2 25 10 33414 0 
-71.8508 22.7339 0.172358 0.344171 3.09754 80 2 25 10 33415 0 
-71.8393 22.734 0.172373 0.344171 3.09754 80 2 25 10 33416 0 
-71.8279 22.734 0.172388 0.344171 3.09754 80 2 25 10 33417 0 
-71.8164 22.734 0.172404 0.344171 3.09754 80 2 25 10 33418 0 
-71.8049 22.7341 0.172419 0.344171 3.09754 80 2 25 10 33419 0 
-71.7934 22.7341 0.172434 0.344171 3.09754 80 2 25 10 33420 0 
-71.782 22.7341 0.172449 0.344171 3.09754 80 2 25 10 33421 0 
-71.7705 22.7342 0.172464 0.344171 3.09754 80 2 25 10 33422 0 
-71.759 22.7342 0.172479 0.344171 3.09754 80 2 25 10 33423 0 
-71.7476 22.7343 0.172494 0.344171 3.09754 80 2 25 10 33424 0 
-71.7361 22.7343 0.172509 0.344171 3.09754 80 2 25 10 33425 0 
-71.7246 22.7343 0.172524 0.344171 3.09754 80 2 25 10 33426 0 
-71.7131 22.7344 0.172538 0.344171 3.09754 80 2 25 10 33427 0 
-71.7017 22.7344 0.172553 0.344171 3.09754 80 2 25 10 33428 0 
-71.6902 22.7344 0.172567 0.344171 3.09754 80 2 25 10 33429 0 
-71.6787 22.7345 0.172582 0.344171 3.09754 80 2 25 10 33430 0 
-71.6672 22.7345 0.172596 0.344171 3.09754 80 2 25 10 33431 0 
-71.6558 22.7345 0.172611 0.344171 3.09754 80 2 25 10 33432 0 
-71.6443 22.7346 0.172625 0.344171 3.09754 80 2 25 10 33433 0 
-71.6328 22.7346 0.172639 0.344171 3.09754 80 2 25 10 33434 0 
-71.6213 22.7346 0.172653 0.344171 3.09754 80 2 25 10 33435 0 
-71.6099 22.7347 0.172667 0.344171 3.09754 80 2 25 10 33436 0 
-71.5984 22.7347 0.172681 0.344171 3.09754 80 2 25 10 33437 0 
-71.5869 22.7347 0.172695 0.344171 3.09754 80 2 25 10 33438 0 
-71.5754 22.7348 0.172709 0.344171 3.09754 80 2 25 10 33439 0 
-71.564 22.7348 0.172723 0.344171 3.09754 80 2 25 10 33440 0 
-71.5525 22.7348 0.172737 0.344171 3.09754 80 2 25 10 33441 0 
-71.541 22.7349 0.172751 0.344171 3.09754 80 2 25 10 33442 0 
-71.5295 22.7349 0.172764 0.344171 3.09754 80 2 25 10 33443 0 
-71.5181 22.7349 0.172778 0.344171 3.09754 80 2 25 10 33444 0 
-71.5066 22.735 0.172792 0.344171 3.09754 80 2 25 10 33445 0 
-71.4951 22.735 0.172805 0.344171 3.09754 80 2 25 10 33446 0 
-71.4836 22.735 0.172819 0.344171 3.09754 80 2 25 10 33447 0 
-71.4722 22.7351 0.172832 0.344171 3.09754 80 2 25 10 33448 0 
-71.4607 22.7351 0.172846 0.344171 3.09754 80 2 25 10 33449 0 
-71.4492 22.7351 0.172859 0.344171 3.09754 80 2 25 10 33450 0 
-71.4377 22.7352 0.172872 0.344171 3.09754 80 2 25 10 33451 0 
-71.4263 22.7352 0.172886 0.344171 3.09754 80 2 25 10 33452 0 
-71.4148 22.7352 0.172899 0.344171 3.09754 80 2 25 10 33453 0 
-71.4033 22.7353 0.172912 0.344171 3.09754 80 2 25 10 33454 0 
-71.3918 22.7353 0.172925 0.344171 3.09754 80 2 25 10 33455 0 
-71.3804 22.7354 0.172938 0.344171 3.09754 80 2 25 10 33456 0 
-71.3689 22.7354 0.172952 0.344171 3.09754 80 2 25 10 33457 0 
-71.3574 22.7354 0.172965 0.344171 3.09754 80 2 25 10 33458 0 
-71.3459 22.7355 0.172978 0.344171 3.09754 80 2 25 10 33459 0 
-71.3345 22.7355 0.172991 0.344171 3.09754 80 2 25 10 33460 0 
-71.323 22.7355 0.173003 0.344171 3.09754 80 2 25 10 33461 0 
-71.3115 22.7356 0.173016 0.344171 3.09754 80 2 25 10 33462 0 
-71.3 22.7356 0.173029 0.344171 3.09754 80 2 25 10 33463 0 
-71.2886 22.7356 0.173042 0.344171 3.09754 80 2 25 10 33464 0 
-71.2771 22.7357 0.173055 0.344171 3.09754 80 2 25 10 33465 0 
-71.2656 22.7357 0.173068 0.344171 3.09754 80 2 25 10 33466 0 
-71.2541 22.7357 0.17308 0.344171 3.09754 80 2 25 10 33467 0 
-71.2427 22.7358 0.173093 0.344171 3.09754 80 2 25 10 33468 0 
-71.2312 22.7358 0.173106 0.344171 3.09754 80 2 25 10 33469 0 
-71.2197 22.7358 0.173118 0.344171 3.09754 80 2 25 10 33470 0 
-71.2082 22.7359 0.173131 0.344171 3.09754 80 2 25 10 33471 0 
-71.1968 22.7359 0.173143 0.344171 3.09754 80 2 25 10 33472 0 
-71.1853 22.7359 0.173156 0.344171 3.09754 80 2 25 10 33473 0 
-71.1738 22.736 0.173168 0.344171 3.09754 80 2 25 10 33474 0 
-71.1623 22.736 0.173181 0.344171 3.09754 80 2 25 10 33475 0 
-71.1509 22.736 0.173193 0.344171 3.09754 80 2 25 10 33476 0 
-71.1394 22.7361 0.173206 0.344171 3.09754 80 2 25 10 33477 0 
-71.1279 22.7361 0.173218 0.344171 3.09754 80 2 25 10 33478 0 
-71.1164 22.7361 0.17323 0.344171 3.09754 80 2 25 10 33479 0 
-71.105 22.7362 0.173243 0.344171 3.09754 80 2 25 10 33480 0 
-71.0935 22.7362 0.173255 0.344171 3.09754 80 2 25 10 33481 0 
-71.082 22.7362 0.173267 0.344171 3.09754 80 2 25 10 33482 0 
-71.0705 22.7363 0.17328 0.344171 3.09754 80 2 25 10 33483 0 
-71.0591 22.7363 0.173292 0.344171 3.09754 80 2 25 10 33484 0 
-71.0476 22.7363 0.173304 0.344171 3.09754 80 2 25 10 33485 0 
-71.0361 22.7364 0.173316 0.344171 3.09754 80 2 25 10 33486 0 
-71.0247 22.7364 0.173328 0.344171 3.09754 80 2 25 10 33487 0 
-71.0132 22.7365 0.173341 0.344171 3.09754 80 2 25 10 33488 0 
-71.0017 22.7365 0.173353 0.344171 3.09754 80 2 25 10 33489 0 
-70.9902 22.7365 0.173365 0.344171 3.09754 80 2 25 10 33490 0 
-70.9788 22.7366 0.173377 0.344171 3.09754 80 2 25 10 33491 0 
-70.9673 22.7366 0.173389 0.344171 3.09754 80 2 25 10 33492 0 
-70.9558 22.7366 0.173401 0.344171 3.09754 80 2 25 10 33493 0 
-70.9443 22.7367 0.173413 0.344171 3.09754 80 2 25 10 33494 0 
-70.9329 22.7367 0.173425 0.344171 3.09754 80 2 25 10 33495 0 
-70.9214 22.7367 0.173437 0.344171 3.09754 80 2 25 10 33496 0 
-70.9099 22.7368 0.173449 0.344171 3.09754 80 2 25 10 33497 0 
-70.8984 22.7368 0.173461 0.344171 3.09754 80 2 25 10 33498 0 
-70.887 22.7368 0.173473 0.344171 3.09754 80 2 25 10 33499 0 
-70.8755 22.7369 0.173484 0.344171 3.09754 80 2 25 10 33500 0 
-70.864 22.7369 0.173496 0.344171 3.09754 80 2 25 10 33501 0 
-70.8525 22.7369 0.173508 0.344171 3.09754 80 2 25 10 33502 0 
-70.8411 22.737 0.17352 0.344171 3.09754 80 2 25 10 33503 0 
-70.8296 22.737 0.173532 0.344171 3.09754 80 2 25 10 33504 0 
-70.8181 22.737 0.173544 0.344171 3.09754 80 2 25 10 33505 0 
-70.8066 22.7371 0.173555 0.344171 3.09754 80 2 25 10 33506 0 
-70.7952 22.7371 0.173567 0.344171 3.09754 80 2 25 10 33507 0 
-70.7837 22.7371 0.173579 0.344171 3.09754 80 2 25 10 33508 0 
-70.7722 22.7372 0.173591 0.344171 3.09754 80 2 25 10 33509 0 
-70.7607 22.7372 0.173602 0.344171 3.09754 80 2 25 10 33510 0 
-70.7493 22.7372 0.173614 0.344171 3.09754 80 2 25 10 33511 0 
-70.7378 22.7373 0.173626 0.344171 3.09754 80 2 25 10 33512 0 
-70.7263 22.7373 0.173637 0.344171 3.09754 80 2 25 10 33513 0 
-70.7148 22.7373 0.173649 0.344171 3.09754 80 2 25 10 33514 0 
-70.7034 22.7374 0.173661 0.344171 3.09754 80 2 25 10 33515 0 
-70.6919 22.7374 0.173672 0.344171 3.09754 80 2 25 10 33516 0 
-70.6804 22.7374 0.173684 0.344171 3.09754 80 2 25 10 33517 0 
-70.6689 22.7375 0.173696 0.344171 3.09754 80 2 25 10 33518 0 
-70.6575 22.7375 0.173707 0.344171 3.09754 80 2 25 10 33519 0 
-70.646 22.7375 0.173719 0.344171 3.09754 80 2 25 10 33520 0 
-70.6345 22.7376 0.17373 0.344171 3.09754 80 2 25 10 33521 0 
-70.623 22.7376 0.173742 0.344171 3.09754 80 2 25 10 33522 0 
-70.6116 22.7377 0.173753 0.344171 3.09754 80 2 25 10 33523 0 
-70.6001 22.7377 0.173765 0.344171 3.09754 80 2 25 10 33524 0 
-70.5886 22.7377 0.173776 0.344171 3.09754 80 2 25 10 33525 0 
-70.5771 22.7378 0.173788 0.344171 3.09754 80 2 25 10 33526 0 
-70.5657 22.7378 0.173799 0.344171 3.09754 80 2 25 10 33527 0 
-70.5542 22.7378 0.173811 0.344171 3.09754 80 2 25 10 33528 0 
-70.5427 22.7379 0.173822 0.344171 3.09754 80 2 25 10 33529 0 
-70.5312 22.7379 0.173834 0.344171 3.09754 80 2 25 10 33530 0 
-70.5198 22.7379 0.173845 0.344171 3.09754 80 2 25 10 33531 0 
-70.5083 22.738 0.173857 0.344171 3.09754 80 2 25 10 33532 0 
-70.4968 22.738 0.173868 0.344171 3.09754 80 2 25 10 33533 0 
-70.4853 22.738 0.173879 0.344171 3.09754 80 2 25 10 33534 0 
-70.4739 22.7381 0.173891 0.344171 3.09754 80 2 25 10 33535 0 
-70.4624 22.7381 0.173902 0.344171 3.09754 80 2 25 10 33536 0 
-70.4509 22.7381 0.173914 0.344171 3.09754 80 2 25 10 33537 0 
-70.4394 22.7382 0.173925 0.344171 3.09754 80 2 25 10 33538 0 
-70.428 22.7382 0.173936 0.344171 3.09754 80 2 25 10 33539 0 
-70.4165 22.7382 0.173948 0.344171 3.09754 80 2 25 10 33540 0 
-70.405 22.7383 0.173959 0.344171 3.09754 80 2 25 10 33541 0 
-70.3935 22.7383 0.173971 0.344171 3.09754 80 2 25 10 33542 0 
-70.3821 22.7383 0.173982 0.344171 3.09754 80 2 25 10 33543 0 
-70.3706 22.7384 0.173993 0.344171 3.09754 80 2 25 10 33544 0 
-70.3591 22.7384 0.174004 0.344171 3.09754 80 2 25 10 33545 0 
-70.3476 22.7384 0.174016 0.344171 3.09754 80 2 25 10 33546 0 
-70.3362 22.7385 0.174027 0.344171 3.09754 80 2 25 10 33547 0 
-70.3247 22.7385 0.174038 0.344171 3.09754 80 2 25 10 33548 0 
-70.3132 22.7385 0.17405 0.344171 3.09754 80 2 25 10 33549 0 
-70.3018 22.7386 0.174061 0.344171 3.09754 80 2 25 10 33550 0 
-70.2903 22.7386 0.174072 0.344171 3.09754 80 2 25 10 33551 0 
-70.2788 22.7386 0.174084 0.344171 3.09754 80 2 25 10 33552 0 
-70.2673 22.7387 0.174095 0.344171 3.09754 80 2 25 10 33553 0 
-70.2559 22.7387 0.174106 0.344171 3.09754 80 2 25 10 33554 0 
-70.2444 22.7388 0.174117 0.344171 3.09754 80 2 25 10 33555 0 
-70.2329 22.7388 0.174129 0.344171 3.09754 80 2 25 10 33556 0 
-70.2214 22.7388 0.17414 0.344171 3.09754 80 2 25 10 33557 0 
-70.21 22.7389 0.174151 0.344171 3.09754 80 2 25 10 33558 0 
-70.1985 22.7389 0.174162 0.344171 3.09754 80 2 25 10 33559 0 
-70.187 22.7389 0.174173 0.344171 3.09754 80 2 25 10 33560 0 
-70.1755 22.739 0.174185 0.344171 3.09754 80 2 25 10 33561 0 
-70.1641 22.739 0.174196 0.344171 3.09754 80 2 25 10 33562 0 
-70.1526 22.739 0.174207 0.344171 3.09754 80 2 25 10 33563 0 
-70.1411 22.7391 0.174218 0.344171 3.09754 80 2 25 10 33564 0 
-70.1296 22.7391 0.174229 0.344171 3.09754 80 2 25 10 33565 0 
-70.1182 22.7391 0.174241 0.344171 3.09754 80 2 25 10 33566 0 
-70.1067 22.7392 0.174252 0.344171 3.09754 80 2 25 10 33567 0 
-70.0952 22.7392 0.174263 0.344171 3.09754 80 2 25 10 33568 0 
-70.0837 22.7392 0.174274 0.344171 3.09754 80 2 25 10 33569 0 
-70.0723 22.7393 0.174285 0.344171 3.09754 80 2 25 10 33570 0 
-70.0608 22.7393 0.174297 0.344171 3.09754 80 2 25 10 33571 0 
-70.0493 22.7393 0.174308 0.344171 3.09754 80 2 25 10 33572 0 
-70.0378 22.7394 0.174319 0.344171 3.09754 80 2 25 10 33573 0 
-70.0264 22.7394 0.17433 0.344171 3.09754 80 2 25 10 33574 0 
-70.0149 22.7394 0.174341 0.344171 3.09754 80 2 25 10 33575 0 
-70.0034 22.7395 0.174352 0.344171 3.09754 80 2 25 10 33576 0 
-69.9919 22.7395 0.174363 0.344171 3.09754 80 2 25 10 33577 0 
-69.9805 22.7395 0.174375 0.344171 3.09754 80 2 25 10 33578 0 
-69.969 22.7396 0.174386 0.344171 3.09754 80 2 25 10 33579 0 
-69.9575 22.7396 0.174397 0.344171 3.09754 80 2 25 10 33580 0 
-69.946 22.7396 0.174408 0.344171 3.09754 80 2 25 10 33581 0 
-69.9346 22.7397 0.174419 0.344171 3.09754 80 2 25 10 33582 0 
-69.9231 22.7397 0.17443 0.344171 3.09754 80 2 25 10 33583 0 
-69.9116 22.7397 0.174441 0.344171 3.09754 80 2 25 10 33584 0 
-69.9001 22.7398 0.174452 0.344171 3.09754 80 2 25 10 33585 0 
-69.8887 22.7398 0.174464 0.344171 3.09754 80 2 25 10 33586 0 
-69.8772 22.7398 0.174475 0.344171 3.09754 80 2 25 10 33587 0 
-69.8657 22.7399 0.174486 0.344171 3.09754 80 2 25 10 33588 0 
-69.8542 22.7399 0.174497 0.344171 3.09754 80 2 25 10 33589 0 
-69.8428 22.74 0.174508 0.344171 3.09754 80 2 25 10 33590 0 
-69.8313 22.74 0.174519 0.344171 3.09754 80 2 25 10 33591 0 
-69.8198 22.74 0.17453 0.344171 3.09754 80 2 25 10 33592 0 
-69.8083 22.7401 0.174541 0.344171 3.09754 80 2 25 10 33593 0 
-69.7969 22.7401 0.174552 0.344171 3.09754 80 2 25 10 33594 0 
-69.7854 22.7401 0.174563 0.344171 3.09754 80 2 25 10 33595 0 
-69.7739 22.7402 0.174575 0.344171 3.09754 80 2 25 10 33596 0 
-69.7624 22.7402 0.174586 0.344171 3.09754 80 2 25 10 33597 0 
-69.751 22.7402 0.174597 0.344171 3.09754 80 2 25 10 33598 0 
-69.7395 22.7403 0.174608 0.344171 3.09754 80 2 25 10 33599 0 
-69.728 22.7403 0.174619 0.344171 3.09754 80 2 25 10 33600 0 
-69.7165 22.7403 0.17463 0.344171 3.09754 80 2 25 10 33601 0 
-69.7051 22.7404 0.174641 0.344171 3.09754 80 2 25 10 33602 0 
-69.6936 22.7404 0.174652 0.344171 3.09754 80 2 25 10 33603 0 
-69.6821 22.7404 0.174663 0.344171 3.09754 80 2 25 10 33604 0 
-69.6706 22.7405 0.174674 0.344171 3.09754 80 2 25 10 33605 0 
-69.6592 22.7405 0.174685 0.344171 3.09754 80 2 25 10 33606 0 
-69.6477 22.7405 0.174696 0.344171 3.09754 80 2 25 10 33607 0 
-69.6362 22.7406 0.174707 0.344171 3.09754 80 2 25 10 33608 0 
-69.6247 22.7406 0.174718 0.344171 3.09754 80 2 25 10 33609 0 
-69.6133 22.7406 0.174729 0.344171 3.09754 80 2 25 10 33610 0 
-69.6018 22.7407 0.17474 0.344171 3.09754 80 2 25 10 33611 0 
-69.5903 22.7407 0.174752 0.344171 3.09754 80 2 25 10 33612 0 
-69.5788 22.7407 0.174763 0.344171 3.09754 80 2 25 10 33613 0 
-69.5674 22.7408 0.174774 0.344171 3.09754 80 2 25 10 33614 0 
-69.5559 22.7408 0.174785 0.344171 3.09754 80 2 25 10 33615 0 
-69.5444 22.7408 0.174796 0.344171 3.09754 80 2 25 10 33616 0 
-69.533 22.7409 0.174807 0.344171 3.09754 80 2 25 10 33617 0 
-69.5215 22.7409 0.174818 0.344171 3.09754 80 2 25 10 33618 0 
-69.51 22.7409 0.174829 0.344171 3.09754 80 2 25 10 33619 0 
-69.4985 22.741 0.17484 0.344171 3.09754 80 2 25 10 33620 0 
-69.4871 22.741 0.174851 0.344171 3.09754 80 2 25 10 33621 0 
-69.4756 22.7411 0.174862 0.344171 3.09754 80 2 25 10 33622 0 
-69.4641 22.7411 0.174873 0.344171 3.09754 80 2 25 10 33623 0 
-69.4526 22.7411 0.174884 0.344171 3.09754 80 2 25 10 33624 0 
-69.4412 22.7412 0.174895 0.344171 3.09754 80 2 25 10 33625 0 
-69.4297 22.7412 0.174906 0.344171 3.09754 80 2 25 10 33626 0 
-69.4182 22.7412 0.174917 0.344171 3.09754 80 2 25 10 33627 0 
-69.4067 22.7413 0.174928 0.344171 3.09754 80 2 25 10 33628 0 
-69.3953 22.7413 0.174939 0.344171 3.09754 80 2 25 10 33629 0 
-69.3838 22.7413 0.17495 0.344171 3.09754 80 2 25 10 33630 0 
-69.3723 22.7414 0.174961 0.344171 3.09754 80 2 25 10 33631 0 
-69.3608 22.7414 0.174972 0.344171 3.09754 80 2 25 10 33632 0 
-69.3494 22.7414 0.174983 0.344171 3.09754 80 2 25 10 33633 0 
-69.3379 22.7415 0.174994 0.344171 3.09754 80 2 25 10 33634 0 
-69.3264 22.7415 0.175005 0.344171 3.09754 80 2 25 10 33635 0 
-69.3149 22.7415 0.175017 0.344171 3.09754 80 2 25 10 33636 0 
-69.3035 22.7416 0.175028 0.344171 3.09754 80 2 25 10 33637 0 
-69.292 22.7416 0.175039 0.344171 3.09754 80 2 25 10 33638 0 
-69.2805 22.7416 0.17505 0.344171 3.09754 80 2 25 10 33639 0 
-69.269 22.7417 0.175061 0.344171 3.09754 80 2 25 10 33640 0 
-69.2576 22.7417 0.175072 0.344171 3.09754 80 2 25 10 33641 0 
-69.2461 22.7417 0.175083 0.344171 3.09754 80 2 25 10 33642 0 
-69.2346 22.7418 0.175094 0.344171 3.09754 80 2 25 10 33643 0 
-69.2231 22.7418 0.175105 0.344171 3.09754 80 2 25 10 33644 0 
-69.2117 22.7418 0.175116 0.344171 3.09754 80 2 25 10 33645 0 
-69.2002 22.7419 0.175127 0.344171 3.09754 80 2 25 10 33646 0 
-69.1887 22.7419 0.175138 0.344171 3.09754 80 2 25 10 33647 0 
-69.1772 22.7419 0.175149 0.344171 3.09754 80 2 25 10 33648 0 
-69.1658 22.742 0.17516 0.344171 3.09754 80 2 25 10 33649 0 
-69.1543 22.742 0.175171 0.344171 3.09754 80 2 25 10 33650 0 
-69.1428 22.742 0.175182 0.344171 3.09754 80 2 25 10 33651 0 
-69.1313 22.7421 0.175193 0.344171 3.09754 80 2 25 10 33652 0 
-69.1199 22.7421 0.175204 0.344171 3.09754 80 2 25 10 33653 0 
-69.1084 22.7421 0.175215 0.344171 3.09754 80 2 25 10 33654 0 
-69.0969 22.7422 0.175226 0.344171 3.09754 80 2 25 10 33655 0 
-69.0854 22.7422 0.175237 0.344171 3.09754 80 2 25 10 33656 0 
-69.074 22.7423 0.175248 0.344171 3.09754 80 2 25 10 33657 0 
-69.0625 22.7423 0.175259 0.344171 3.09754 80 2 25 10 33658 0 
-69.051 22.7423 0.17527 0.344171 3.09754 80 2 25 10 33659 0 
-69.0395 22.7424 0.175281 0.344171 3.09754 80 2 25 10 33660 0 
-69.0281 22.7424 0.175292 0.344171 3.09754 80 2 25 10 33661 0 
-69.0166 22.7424 0.175303 0.344171 3.09754 80 2 25 10 33662 0 
-69.0051 22.7425 0.175314 0.344171 3.09754 80 2 25 10 33663 0 
-68.9936 22.7425 0.175325 0.344171 3.09754 80 2 25 10 33664 0 
-68.9822 22.7425 0.175336 0.344171 3.09754 80 2 25 10 33665 0 
-68.9707 22.7426 0.175347 0.344171 3.09754 80 2 25 10 33666 0 
-68.9592 22.7426 0.175358 0.344171 3.09754 80 2 25 10 33667 0 
-68.9477 22.7426 0.17537 0.344171 3.09754 80 2 25 10 33668 0 
-68.9363 22.7427 0.175381 0.344171 3.09754 80 2 25 10 33669 0 
-68.9248 22.7427 0.175392 0.344171 3.09754 80 2 25 10 33670 0 
-68.9133 22.7427 0.175403 0.344171 3.09754 80 2 25 10 33671 0 
-68.9018 22.7428 0.175414 0.344171 3.09754 80 2 25 10 33672 0 
-68.8904 22.7428 0.175425 0.344171 3.09754 80 2 25 10 33673 0 
-68.8789 22.7428 0.175436 0.344171 3.09754 80 2 25 10 33674 0 
-68.8674 22.7429 0.175447 0.344171 3.09754 80 2 25 10 33675 0 
-68.8559 22.7429 0.175458 0.344171 3.09754 80 2 25 10 33676 0 
-68.8445 22.7429 0.175469 0.344171 3.09754 80 2 25 10 33677 0 
-68.833 22.743 0.17548 0.344171 3.09754 80 2 25 10 33678 0 
-68.8215 22.743 0.175491 0.344171 3.09754 80 2 25 10 33679 0 
-68.8101 22.743 0.175502 0.344171 3.09754 80 2 25 10 33680 0 
-68.7986 22.7431 0.175513 0.344171 3.09754 80 2 25 10 33681 0 
-68.7871 22.7431 0.175524 0.344171 3.09754 80 2 25 10 33682 0 
-68.7756 22.7431 0.175535 0.344171 3.09754 80 2 25 10 33683 0 
-68.7642 22.7432 0.175546 0.344171 3.09754 80 2 25 10 33684 0 
-68.7527 22.7432 0.175557 0.344171 3.09754 80 2 25 10 33685 0 
-68.7412 22.7432 0.175568 0.344171 3.09754 80 2 25 10 33686 0 
-68.7297 22.7433 0.175579 0.344171 3.09754 80 2 25 10 33687 0 
-68.7183 22.7433 0.17559 0.344171 3.09754 80 2 25 10 33688 0 
-68.7068 22.7434 0.175601 0.344171 3.09754 80 2 25 10 33689 0 
-68.6953 22.7434 0.175613 0.344171 3.09754 80 2 25 10 33690 0 
-68.6838 22.7434 0.175624 0.344171 3.09754 80 2 25 10 33691 0 
-68.6724 22.7435 0.175635 0.344171 3.09754 80 2 25 10 33692 0 
-68.6609 22.7435 0.175646 0.344171 3.09754 80 2 25 10 33693 0 
-68.6494 22.7435 0.175657 0.344171 3.09754 80 2 25 10 33694 0 
-68.6379 22.7436 0.175668 0.344171 3.09754 80 2 25 10 33695 0 
-68.6265 22.7436 0.175679 0.344171 3.09754 80 2 25 10 33696 0 
-68.615 22.7436 0.17569 0.344171 3.09754 80 2 25 10 33697 0 
-68.6035 22.7437 0.175701 0.344171 3.09754 80 2 25 10 33698 0 
-68.592 22.7437 0.175712 0.344171 3.09754 80 2 25 10 33699 0 
-68.5806 22.7437 0.175723 0.344171 3.09754 80 2 25 10 33700 0 
-68.5691 22.7438 0.175734 0.344171 3.09754 80 2 25 10 33701 0 
-68.5576 22.7438 0.175745 0.344171 3.09754 80 2 25 10 33702 0 
-68.5461 22.7438 0.175756 0.344171 3.09754 80 2 25 10 33703 0 
-68.5347 22.7439 0.175767 0.344171 3.09754 80 2 25 10 33704 0 
-68.5232 22.7439 0.175778 0.344171 3.09754 80 2 25 10 33705 0 
-68.5117 22.7439 0.175789 0.344171 3.09754 80 2 25 10 33706 0 
-68.5002 22.744 0.175801 0.344171 3.09754 80 2 25 10 33707 0 
-68.4888 22.744 0.175812 0.344171 3.09754 80 2 25 10 33708 0 
-68.4773 22.744 0.175823 0.344171 3.09754 80 2 25 10 33709 0 
-68.4658 22.7441 0.175834 0.344171 3.09754 80 2 25 10 33710 0 
-68.4543 22.7441 0.175845 0.344171 3.09754 80 2 25 10 33711 0 
-68.4429 22.7441 0.175856 0.344171 3.09754 80 2 25 10 33712 0 
-68.4314 22.7442 0.175867 0.344171 3.09754 80 2 25 10 33713 0 
-68.4199 22.7442 0.175878 0.344171 3.09754 80 2 25 10 33714 0 
-68.4084 22.7442 0.175889 0.344171 3.09754 80 2 25 10 33715 0 
-68.397 22.7443 0.1759 0.344171 3.09754 80 2 25 10 33716 0 
-68.3855 22.7443 0.175911 0.344171 3.09754 80 2 25 10 33717 0 
-68.374 22.7443 0.175922 0.344171 3.09754 80 2 25 10 33718 0 
-68.3625 22.7444 0.175933 0.344171 3.09754 80 2 25 10 33719 0 
-68.3511 22.7444 0.175945 0.344171 3.09754 80 2 25 10 33720 0 
-68.3396 22.7444 0.175956 0.344171 3.09754 80 2 25 10 33721 0 
-68.3281 22.7445 0.175967 0.344171 3.09754 80 2 25 10 33722 0 
-68.3166 22.7445 0.175978 0.344171 3.09754 80 2 25 10 33723 0 
-68.3052 22.7446 0.175989 0.344171 3.09754 80 2 25 10 33724 0 
-68.2937 22.7446 0.176 0.344171 3.09754 80 2 25 10 33725 0 
-68.2822 22.7446 0.176011 0.344171 3.09754 80 2 25 10 33726 0 
-68.2707 22.7447 0.176022 0.344171 3.09754 80 2 25 10 33727 0 
-68.2593 22.7447 0.176033 0.344171 3.09754 80 2 25 10 33728 0 
-68.2478 22.7447 0.176044 0.344171 3.09754 80 2 25 10 33729 0 
-68.2363 22.7448 0.176055 0.344171 3.09754 80 2 25 10 33730 0 
-68.2248 22.7448 0.176067 0.344171 3.09754 80 2 25 10 33731 0 
-68.2134 22.7448 0.176078 0.344171 3.09754 80 2 25 10 33732 0 
-68.2019 22.7449 0.176089 0.344171 3.09754 80 2 25 10 33733 0 
-68.1904 22.7449 0.1761 0.344171 3.09754 80 2 25 10 33734 0 
-68.1789 22.7449 0.176111 0.344171 3.09754 80 2 25 10 33735 0 
-68.1675 22.745 0.176122 0.344171 3.09754 80 2 25 10 33736 0 
-68.156 22.745 0.176133 0.344171 3.09754 80 2 25 10 33737 0 
-68.1445 22.745 0.176144 0.344171 3.09754 80 2 25 10 33738 0 
-68.133 22.7451 0.176155 0.344171 3.09754 80 2 25 10 33739 0 
-68.1216 22.7451 0.176167 0.344171 3.09754 80 2 25 10 33740 0 
-68.1101 22.7451 0.176178 0.344171 3.09754 80 2 25 10 33741 0 
-68.0986 22.7452 0.176189 0.344171 3.09754 80 2 25 10 33742 0 
-68.0872 22.7452 0.1762 0.344171 3.09754 80 2 25 10 33743 0 
-68.0757 22.7452 0.176211 0.344171 3.09754 80 2 25 10 33744 0 
-68.0642 22.7453 0.176222 0.344171 3.09754 80 2 25 10 33745 0 
-68.0527 22.7453 0.176233 0.344171 3.09754 80 2 25 10 33746 0 
-68.0413 22.7453 0.176244 0.344171 3.09754 80 2 25 10 33747 0 
-68.0298 22.7454 0.176255 0.344171 3.09754 80 2 25 10 33748 0 
-68.0183 22.7454 0.176267 0.344171 3.09754 80 2 25 10 33749 0 
-68.0068 22.7455 0.176278 0.344171 3.09754 80 2 25 10 33750 0 
-67.9954 22.7455 0.176289 0.344171 3.09754 80 2 25 10 33751 0 
-67.9839 22.7455 0.1763 0.344171 3.09754 80 2 25 10 33752 0 
-67.9724 22.7456 0.176311 0.344171 3.09754 80 2 25 10 33753 0 
-67.9609 22.7456 0.176322 0.344171 3.09754 80 2 25 10 33754 0 
-67.9495 22.7456 0.176333 0.344171 3.09754 80 2 25 10 33755 0 
-67.938 22.7457 0.176344 0.344171 3.09754 80 2 25 10 33756 0 
-67.9265 22.7457 0.176355 0.344171 3.09754 80 2 25 10 33757 0 
-67.915 22.7457 0.176367 0.344171 3.09754 80 2 25 10 33758 0 
-67.9036 22.7458 0.176378 0.344171 3.09754 80 2 25 10 33759 0 
-67.8921 22.7458 0.176389 0.344171 3.09754 80 2 25 10 33760 0 
-67.8806 22.7459 0.1764 0.344171 3.09754 80 2 25 10 33761 0 
-67.8691 22.7459 0.176411 0.344171 3.09754 80 2 25 10 33762 0 
-67.8577 22.7459 0.176422 0.344171 3.09754 80 2 25 10 33763 0 
-67.8462 22.746 0.176433 0.344171 3.09754 80 2 25 10 33764 0 
-67.8347 22.746 0.176444 0.344171 3.09754 80 2 25 10 33765 0 
-67.8232 22.746 0.176455 0.344171 3.09754 80 2 25 10 33766 0 
-67.8118 22.7461 0.176467 0.344171 3.09754 80 2 25 10 33767 0 
-67.8003 22.7461 0.176478 0.344171 3.09754 80 2 25 10 33768 0 
-67.7888 22.7461 0.176489 0.344171 3.09754 80 2 25 10 33769 0 
-67.7773 22.7462 0.1765 0.344171 3.09754 80 2 25 10 33770 0 
-67.7659 22.7462 0.176511 0.344171 3.09754 80 2 25 10 33771 0 
-67.7544 22.7463 0.176522 0.344171 3.09754 80 2 25 10 33772 0 
-67.7429 22.7463 0.176533 0.344171 3.09754 80 2 25 10 33773 0 
-67.7314 22.7463 0.176544 0.344171 3.09754 80 2 25 10 33774 0 
-67.72 22.7464 0.176555 0.344171 3.09754 80 2 25 10 33775 0 
-67.7085 22.7464 0.176566 0.344171 3.09754 80 2 25 10 33776 0 
-67.697 22.7464 0.176578 0.344171 3.09754 80 2 25 10 33777 0 
-67.6855 22.7465 0.176589 0.344171 3.09754 80 2 25 10 33778 0 
-67.6741 22.7465 0.1766 0.344171 3.09754 80 2 25 10 33779 0 
-67.6626 22.7465 0.176611 0.344171 3.09754 80 2 25 10 33780 0 
-67.6511 22.7466 0.176622 0.344171 3.09754 80 2 25 10 33781 0 
-67.6396 22.7466 0.176633 0.344171 3.09754 80 2 25 10 33782 0 
-67.6282 22.7466 0.176644 0.344171 3.09754 80 2 25 10 33783 0 
-67.6167 22.7467 0.176655 0.344171 3.09754 80 2 25 10 33784 0 
-67.6052 22.7467 0.176666 0.344171 3.09754 80 2 25 10 33785 0 
-67.5937 22.7468 0.176677 0.344171 3.09754 80 2 25 10 33786 0 
-67.5823 22.7468 0.176689 0.344171 3.09754 80 2 25 10 33787 0 
-67.5708 22.7468 0.1767 0.344171 3.09754 80 2 25 10 33788 0 
-67.5593 22.7469 0.176711 0.344171 3.09754 80 2 25 10 33789 0 
-67.5478 22.7469 0.176722 0.344171 3.09754 80 2 25 10 33790 0 
-67.5364 22.7469 0.176733 0.344171 3.09754 80 2 25 10 33791 0 
-67.5249 22.747 0.176744 0.344171 3.09754 80 2 25 10 33792 0 
-67.5134 22.747 0.176755 0.344171 3.09754 80 2 25 10 33793 0 
-67.5019 22.747 0.176766 0.344171 3.09754 80 2 25 10 33794 0 
-67.4905 22.7471 0.176777 0.344171 3.09754 80 2 25 10 33795 0 
-67.479 22.7471 0.176789 0.344171 3.09754 80 2 25 10 33796 0 
-67.4675 22.7472 0.1768 0.344171 3.09754 80 2 25 10 33797 0 
-67.456 22.7472 0.176811 0.344171 3.09754 80 2 25 10 33798 0 
-67.4446 22.7472 0.176822 0.344171 3.09754 80 2 25 10 33799 0 
-67.4331 22.7473 0.176833 0.344171 3.09754 80 2 25 10 33800 0 
-67.4216 22.7473 0.176844 0.344171 3.09754 80 2 25 10 33801 0 
-67.4101 22.7473 0.176855 0.344171 3.09754 80 2 25 10 33802 0 
-67.3987 22.7474 0.176866 0.344171 3.09754 80 2 25 10 33803 0 
-67.3872 22.7474 0.176878 0.344171 3.09754 80 2 25 10 33804 0 
-67.3757 22.7474 0.176889 0.344171 3.09754 80 2 25 10 33805 0 
-67.3643 22.7475 0.1769 0.344171 3.09754 80 2 25 10 33806 0 
-67.3528 22.7475 0.176911 0.344171 3.09754 80 2 25 10 33807 0 
-67.3413 22.7476 0.176922 0.344171 3.09754 80 2 25 10 33808 0 
-67.3298 22.7476 0.176933 0.344171 3.09754 80 2 25 10 33809 0 
-67.3184 22.7476 0.176944 0.344171 3.09754 80 2 25 10 33810 0 
-67.3069 22.7477 0.176955 0.344171 3.09754 80 2 25 10 33811 0 
-67.2954 22.7477 0.176966 0.344171 3.09754 80 2 25 10 33812 0 
-67.2839 22.7477 0.176978 0.344171 3.09754 80 2 25 10 33813 0 
-67.2725 22.7478 0.176989 0.344171 3.09754 80 2 25 10 33814 0 
-67.261 22.7478 0.177 0.344171 3.09754 80 2 25 10 33815 0 
-67.2495 22.7478 0.177011 0.344171 3.09754 80 2 25 10 33816 0 
-67.238 22.7479 0.177022 0.344171 3.09754 80 2 25 10 33817 0 
-67.2266 22.7479 0.177033 0.344171 3.09754 80 2 25 10 33818 0 
-67.2151 22.748 0.177044 0.344171 3.09754 80 2 25 10 33819 0 
-67.2036 22.748 0.177055 0.344171 3.09754 80 2 25 10 33820 0 
-67.1921 22.748 0.177067 0.344171 3.09754 80 2 25 10 33821 0 
-67.1807 22.7481 0.177078 0.344171 3.09754 80 2 25 10 33822 0 
-67.1692 22.7481 0.177089 0.344171 3.09754 80 2 25 10 33823 0 
-67.1577 22.7481 0.1771 0.344171 3.09754 80 2 25 10 33824 0 
-67.1462 22.7482 0.177111 0.344171 3.09754 80 2 25 10 33825 0 
-67.1348 22.7482 0.177122 0.344171 3.09754 80 2 25 10 33826 0 
-67.1233 22.7482 0.177133 0.344171 3.09754 80 2 25 10 33827 0 
-67.1118 22.7483 0.177145 0.344171 3.09754 80 2 25 10 33828 0 
-67.1003 22.7483 0.177156 0.344171 3.09754 80 2 25 10 33829 0 
-67.0889 22.7484 0.177167 0.344171 3.09754 80 2 25 10 33830 0 
-67.0774 22.7484 0.177178 0.344171 3.09754 80 2 25 10 33831 0 
-67.0659 22.7484 0.177189 0.344171 3.09754 80 2 25 10 33832 0 
-67.0544 22.7485 0.1772 0.344171 3.09754 80 2 25 10 33833 0 
-67.043 22.7485 0.177211 0.344171 3.09754 80 2 25 10 33834 0 
-67.0315 22.7485 0.177223 0.344171 3.09754 80 2 25 10 33835 0 
-67.02 22.7486 0.177234 0.344171 3.09754 80 2 25 10 33836 0 
-67.0085 22.7486 0.177245 0.344171 3.09754 80 2 25 10 33837 0 
-66.9971 22.7486 0.177256 0.344171 3.09754 80 2 25 10 33838 0 
-66.9856 22.7487 0.177267 0.344171 3.09754 80 2 25 10 33839 0 
-66.9741 22.7487 0.177278 0.344171 3.09754 80 2 25 10 33840 0 
-66.9626 22.7488 0.177289 0.344171 3.09754 80 2 25 10 33841 0 
-66.9512 22.7488 0.177301 0.344171 3.09754 80 2 25 10 33842 0 
-66.9397 22.7488 0.177312 0.344171 3.09754 80 2 25 10 33843 0 
-66.9282 22.7489 0.177323 0.344171 3.09754 80 2 25 10 33844 0 
-66.9167 22.7489 0.177334 0.344171 3.09754 80 2 25 10 33845 0 
-66.9053 22.7489 0.177345 0.344171 3.09754 80 2 25 10 33846 0 
-66.8938 22.749 0.177356 0.344171 3.09754 80 2 25 10 33847 0 
-66.8823 22.749 0.177368 0.344171 3.09754 80 2 25 10 33848 0 
-66.8708 22.749 0.177379 0.344171 3.09754 80 2 25 10 33849 0 
-66.8594 22.7491 0.17739 0.344171 3.09754 80 2 25 10 33850 0 
-66.8479 22.7491 0.177401 0.344171 3.09754 80 2 25 10 33851 0 
-66.8364 22.7491 0.177412 0.344171 3.09754 80 2 25 10 33852 0 
-66.8249 22.7492 0.177423 0.344171 3.09754 80 2 25 10 33853 0 
-66.8135 22.7492 0.177434 0.344171 3.09754 80 2 25 10 33854 0 
-66.802 22.7493 0.177446 0.344171 3.09754 80 2 25 10 33855 0 
-66.7905 22.7493 0.177457 0.344171 3.09754 80 2 25 10 33856 0 
-66.779 22.7493 0.177468 0.344171 3.09754 80 2 25 10 33857 0 
-66.7676 22.7494 0.177479 0.344171 3.09754 80 2 25 10 33858 0 
-66.7561 22.7494 0.17749 0.344171 3.09754 80 2 25 10 33859 0 
-66.7446 22.7494 0.177502 0.344171 3.09754 80 2 25 10 33860 0 
-66.7331 22.7495 0.177513 0.344171 3.09754 80 2 25 10 33861 0 
-66.7217 22.7495 0.177524 0.344171 3.09754 80 2 25 10 33862 0 
-66.7102 22.7495 0.177535 0.344171 3.09754 80 2 25 10 33863 0 
-66.6987 22.7496 0.177546 0.344171 3.09754 80 2 25 10 33864 0 
-66.6872 22.7496 0.177557 0.344171 3.09754 80 2 25 10 33865 0 
-66.6758 22.7497 0.177569 0.344171 3.09754 80 2 25 10 33866 0 
-66.6643 22.7497 0.17758 0.344171 3.09754 80 2 25 10 33867 0 
-66.6528 22.7497 0.177591 0.344171 3.09754 80 2 25 10 33868 0 
-66.6413 22.7498 0.177602 0.344171 3.09754 80 2 25 10 33869 0 
-66.6299 22.7498 0.177613 0.344171 3.09754 80 2 25 10 33870 0 
-66.6184 22.7498 0.177625 0.344171 3.09754 80 2 25 10 33871 0 
-66.6069 22.7499 0.177636 0.344171 3.09754 80 2 25 10 33872 0 
-66.5955 22.7499 0.177647 0.344171 3.09754 80 2 25 10 33873 0 
-66.584 22.7499 0.177658 0.344171 3.09754 80 2 25 10 33874 0 
-66.5725 22.75 0.177669 0.344171 3.09754 80 2 25 10 33875 0 
-66.561 22.75 0.17768 0.344171 3.09754 80 2 25 10 33876 0 
-66.5496 22.7501 0.177692 0.344171 3.09754 80 2 25 10 33877 0 
-66.5381 22.7501 0.177703 0.344171 3.09754 80 2 25 10 33878 0 
-66.5266 22.7501 0.177714 0.344171 3.09754 80 2 25 10 33879 0 
-66.5151 22.7502 0.177725 0.344171 3.09754 80 2 25 10 33880 0 
-66.5037 22.7502 0.177736 0.344171 3.09754 80 2 25 10 33881 0 
-66.4922 22.7502 0.177748 0.344171 3.09754 80 2 25 10 33882 0 
-66.4807 22.7503 0.177759 0.344171 3.09754 80 2 25 10 33883 0 
-66.4692 22.7503 0.17777 0.344171 3.09754 80 2 25 10 33884 0 
-66.4578 22.7503 0.177781 0.344171 3.09754 80 2 25 10 33885 0 
-66.4463 22.7504 0.177793 0.344171 3.09754 80 2 25 10 33886 0 
-66.4348 22.7504 0.177804 0.344171 3.09754 80 2 25 10 33887 0 
-66.4233 22.7505 0.177815 0.344171 3.09754 80 2 25 10 33888 0 
-66.4119 22.7505 0.177826 0.344171 3.09754 80 2 25 10 33889 0 
-66.4004 22.7505 0.177837 0.344171 3.09754 80 2 25 10 33890 0 
-66.3889 22.7506 0.177849 0.344171 3.09754 80 2 25 10 33891 0 
-66.3774 22.7506 0.17786 0.344171 3.09754 80 2 25 10 33892 0 
-66.366 22.7506 0.177871 0.344171 3.09754 80 2 25 10 33893 0 
-66.3545 22.7507 0.177882 0.344171 3.09754 80 2 25 10 33894 0 
-66.343 22.7507 0.177893 0.344171 3.09754 80 2 25 10 33895 0 
-66.3315 22.7507 0.177905 0.344171 3.09754 80 2 25 10 33896 0 
-66.3201 22.7508 0.177916 0.344171 3.09754 80 2 25 10 33897 0 
-66.3086 22.7508 0.177927 0.344171 3.09754 80 2 25 10 33898 0 
-66.2971 22.7509 0.177938 0.344171 3.09754 80 2 25 10 33899 0 
-66.2856 22.7509 0.17795 0.344171 3.09754 80 2 25 10 33900 0 
-66.2742 22.7509 0.177961 0.344171 3.09754 80 2 25 10 33901 0 
-66.2627 22.751 0.177972 0.344171 3.09754 80 2 25 10 33902 0 
-66.2512 22.751 0.177983 0.344171 3.09754 80 2 25 10 33903 0 
-66.2397 22.751 0.177995 0.344171 3.09754 80 2 25 10 33904 0 
-66.2283 22.7511 0.178006 0.344171 3.09754 80 2 25 10 33905 0 
-66.2168 22.7511 0.178017 0.344171 3.09754 80 2 25 10 33906 0 
-66.2053 22.7511 0.178028 0.344171 3.09754 80 2 25 10 33907 0 
-66.1938 22.7512 0.17804 0.344171 3.09754 80 2 25 10 33908 0 
-66.1824 22.7512 0.178051 0.344171 3.09754 80 2 25 10 33909 0 
-66.1709 22.7513 0.178062 0.344171 3.09754 80 2 25 10 33910 0 
-66.1594 22.7513 0.178073 0.344171 3.09754 80 2 25 10 33911 0 
-66.1479 22.7513 0.178085 0.344171 3.09754 80 2 25 10 33912 0 
-66.1365 22.7514 0.178096 0.344171 3.09754 80 2 25 10 33913 0 
-66.125 22.7514 0.178107 0.344171 3.09754 80 2 25 10 33914 0 
-66.1135 22.7514 0.178118 0.344171 3.09754 80 2 25 10 33915 0 
-66.102 22.7515 0.17813 0.344171 3.09754 80 2 25 10 33916 0 
-66.0906 22.7515 0.178141 0.344171 3.09754 80 2 25 10 33917 0 
-66.0791 22.7515 0.178152 0.344171 3.09754 80 2 25 10 33918 0 
-66.0676 22.7516 0.178163 0.344171 3.09754 80 2 25 10 33919 0 
-66.0561 22.7516 0.178175 0.344171 3.09754 80 2 25 10 33920 0 
-66.0447 22.7516 0.178186 0.344171 3.09754 80 2 25 10 33921 0 
-66.0332 22.7517 0.178197 0.344171 3.09754 80 2 25 10 33922 0 
-66.0217 22.7517 0.178208 0.344171 3.09754 80 2 25 10 33923 0 
-66.0102 22.7518 0.17822 0.344171 3.09754 80 2 25 10 33924 0 
-65.9988 22.7518 0.178231 0.344171 3.09754 80 2 25 10 33925 0 
-65.9873 22.7518 0.178242 0.344171 3.09754 80 2 25 10 33926 0 
-65.9758 22.7519 0.178254 0.344171 3.09754 80 2 25 10 33927 0 
-65.9643 22.7519 0.178265 0.344171 3.09754 80 2 25 10 33928 0 
-65.9529 22.7519 0.178276 0.344171 3.09754 80 2 25 10 33929 0 
-65.9414 22.752 0.178287 0.344171 3.09754 80 2 25 10 33930 0 
-65.9299 22.752 0.178299 0.344171 3.09754 80 2 25 10 33931 0 
-65.9184 22.752 0.17831 0.344171 3.09754 80 2 25 10 33932 0 
-65.907 22.7521 0.178321 0.344171 3.09754 80 2 25 10 33933 0 
-65.8955 22.7521 0.178332 0.344171 3.09754 80 2 25 10 33934 0 
-65.884 22.7522 0.178344 0.344171 3.09754 80 2 25 10 33935 0 
-65.8726 22.7522 0.178355 0.344171 3.09754 80 2 25 10 33936 0 
-65.8611 22.7522 0.178366 0.344171 3.09754 80 2 25 10 33937 0 
-65.8496 22.7523 0.178378 0.344171 3.09754 80 2 25 10 33938 0 
-65.8381 22.7523 0.178389 0.344171 3.09754 80 2 25 10 33939 0 
-65.8267 22.7523 0.1784 0.344171 3.09754 80 2 25 10 33940 0 
-65.8152 22.7524 0.178412 0.344171 3.09754 80 2 25 10 33941 0 
-65.8037 22.7524 0.178423 0.344171 3.09754 80 2 25 10 33942 0 
-65.7922 22.7524 0.178434 0.344171 3.09754 80 2 25 10 33943 0 
-65.7808 22.7525 0.178445 0.344171 3.09754 80 2 25 10 33944 0 
-65.7693 22.7525 0.178457 0.344171 3.09754 80 2 25 10 33945 0 
-65.7578 22.7526 0.178468 0.344171 3.09754 80 2 25 10 33946 0 
-65.7463 22.7526 0.178479 0.344171 3.09754 80 2 25 10 33947 0 
-65.7349 22.7526 0.178491 0.344171 3.09754 80 2 25 10 33948 0 
-65.7234 22.7527 0.178502 0.344171 3.09754 80 2 25 10 33949 0 
-65.7119 22.7527 0.178513 0.344171 3.09754 80 2 25 10 33950 0 
-65.7004 22.7527 0.178525 0.344171 3.09754 80 2 25 10 33951 0 
-65.689 22.7528 0.178536 0.344171 3.09754 80 2 25 10 33952 0 
-65.6775 22.7528 0.178547 0.344171 3.09754 80 2 25 10 33953 0 
-65.666 22.7528 0.178559 0.344171 3.09754 80 2 25 10 33954 0 
-65.6545 22.7529 0.17857 0.344171 3.09754 80 2 25 10 33955 0 
-65.6431 22.7529 0.178581 0.344171 3.09754 80 2 25 10 33956 0 
-65.6316 22.753 0.178593 0.344171 3.09754 80 2 25 10 33957 0 
-65.6201 22.753 0.178604 0.344171 3.09754 80 2 25 10 33958 0 
-65.6086 22.753 0.178615 0.344171 3.09754 80 2 25 10 33959 0 
-65.5972 22.7531 0.178627 0.344171 3.09754 80 2 25 10 33960 0 
-65.5857 22.7531 0.178638 0.344171 3.09754 80 2 25 10 33961 0 
-65.5742 22.7531 0.178649 0.344171 3.09754 80 2 25 10 33962 0 
-65.5627 22.7532 0.178661 0.344171 3.09754 80 2 25 10 33963 0 
-65.5513 22.7532 0.178672 0.344171 3.09754 80 2 25 10 33964 0 
-65.5398 22.7532 0.178683 0.344171 3.09754 80 2 25 10 33965 0 
-65.5283 22.7533 0.178695 0.344171 3.09754 80 2 25 10 33966 0 
-65.5168 22.7533 0.178706 0.344171 3.09754 80 2 25 10 33967 0 
-65.5054 22.7534 0.178717 0.344171 3.09754 80 2 25 10 33968 0 
-65.4939 22.7534 0.178729 0.344171 3.09754 80 2 25 10 33969 0 
-65.4824 22.7534 0.17874 0.344171 3.09754 80 2 25 10 33970 0 
-65.4709 22.7535 0.178751 0.344171 3.09754 80 2 25 10 33971 0 
-65.4595 22.7535 0.178763 0.344171 3.09754 80 2 25 10 33972 0 
-65.448 22.7535 0.178774 0.344171 3.09754 80 2 25 10 33973 0 
-65.4365 22.7536 0.178785 0.344171 3.09754 80 2 25 10 33974 0 
-65.425 22.7536 0.178797 0.344171 3.09754 80 2 25 10 33975 0 
-65.4136 22.7536 0.178808 0.344171 3.09754 80 2 25 10 33976 0 
-65.4021 22.7537 0.178819 0.344171 3.09754 80 2 25 10 33977 0 
-65.3906 22.7537 0.178831 0.344171 3.09754 80 2 25 10 33978 0 
-65.3791 22.7538 0.178842 0.344171 3.09754 80 2 25 10 33979 0 
-65.3677 22.7538 0.178854 0.344171 3.09754 80 2 25 10 33980 0 
-65.3562 22.7538 0.178865 0.344171 3.09754 80 2 25 10 33981 0 
-65.3447 22.7539 0.178876 0.344171 3.09754 80 2 25 10 33982 0 
-65.3332 22.7539 0.178888 0.344171 3.09754 80 2 25 10 33983 0 
-65.3218 22.7539 0.178899 0.344171 3.09754 80 2 25 10 33984 0 
-65.3103 22.754 0.17891 0.344171 3.09754 80 2 25 10 33985 0 
-65.2988 22.754 0.178922 0.344171 3.09754 80 2 25 10 33986 0 
-65.2873 22.754 0.178933 0.344171 3.09754 80 2 25 10 33987 0 
-65.2759 22.7541 0.178945 0.344171 3.09754 80 2 25 10 33988 0 
-65.2644 22.7541 0.178956 0.344171 3.09754 80 2 25 10 33989 0 
-65.2529 22.7542 0.178967 0.344171 3.09754 80 2 25 10 33990 0 
-65.2414 22.7542 0.178979 0.344171 3.09754 80 2 25 10 33991 0 
-65.23 22.7542 0.17899 0.344171 3.09754 80 2 25 10 33992 0 
-65.2185 22.7543 0.179001 0.344171 3.09754 80 2 25 10 33993 0 
-65.207 22.7543 0.179013 0.344171 3.09754 80 2 25 10 33994 0 
-65.1955 22.7543 0.179024 0.344171 3.09754 80 2 25 10 33995 0 
-65.1841 22.7544 0.179036 0.344171 3.09754 80 2 25 10 33996 0 
-65.1726 22.7544 0.179047 0.344171 3.09754 80 2 25 10 33997 0 
-65.1611 22.7544 0.179058 0.344171 3.09754 80 2 25 10 33998 0 
-65.1497 22.7545 0.17907 0.344171 3.09754 80 2 25 10 33999 0 
-65.1382 22.7545 0.179081 0.344171 3.09754 80 2 25 10 34000 0 
-65.1267 22.7545 0.179093 0.344171 3.09754 80 2 25 10 34001 0 
-65.1152 22.7546 0.179104 0.344171 3.09754 80 2 25 10 34002 0 
-65.1038 22.7546 0.179115 0.344171 3.09754 80 2 25 10 34003 0 
-65.0923 22.7547 0.179127 0.344171 3.09754 80 2 25 10 34004 0 
-65.0808 22.7547 0.179138 0.344171 3.09754 80 2 25 10 34005 0 
-65.0693 22.7547 0.17915 0.344171 3.09754 80 2 25 10 34006 0 
-65.0579 22.7548 0.179161 0.344171 3.09754 80 2 25 10 34007 0 
-65.0464 22.7548 0.179173 0.344171 3.09754 80 2 25 10 34008 0 
-65.0349 22.7548 0.179184 0.344171 3.09754 80 2 25 10 34009 0 
-65.0234 22.7549 0.179195 0.344171 3.09754 80 2 25 10 34010 0 
-65.012 22.7549 0.179207 0.344171 3.09754 80 2 25 10 34011 0 
-65.0005 22.7549 0.179218 0.344171 3.09754 80 2 25 10 34012 0 
-64.989 22.755 0.17923 0.344171 3.09754 80 2 25 10 34013 0 
-64.9775 22.755 0.179241 0.344171 3.09754 80 2 25 10 34014 0 
-64.9661 22.7551 0.179253 0.344171 3.09754 80 2 25 10 34015 0 
-64.9546 22.7551 0.179264 0.344171 3.09754 80 2 25 10 34016 0 
-64.9431 22.7551 0.179275 0.344171 3.09754 80 2 25 10 34017 0 
-64.9316 22.7552 0.179287 0.344171 3.09754 80 2 25 10 34018 0 
-64.9202 22.7552 0.179298 0.344171 3.09754 80 2 25 10 34019 0 
-64.9087 22.7552 0.17931 0.344171 3.09754 80 2 25 10 34020 0 
-64.8972 22.7553 0.179321 0.344171 3.09754 80 2 25 10 34021 0 
-64.8857 22.7553 0.179333 0.344171 3.09754 80 2 25 10 34022 0 
-64.8743 22.7553 0.179344 0.344171 3.09754 80 2 25 10 34023 0 
-64.8628 22.7554 0.179355 0.344171 3.09754 80 2 25 10 34024 0 
-64.8513 22.7554 0.179367 0.344171 3.09754 80 2 25 10 34025 0 
-64.8398 22.7555 0.179378 0.344171 3.09754 80 2 25 10 34026 0 
-64.8284 22.7555 0.17939 0.344171 3.09754 80 2 25 10 34027 0 
-64.8169 22.7555 0.179401 0.344171 3.09754 80 2 25 10 34028 0 
-64.8054 22.7556 0.179413 0.344171 3.09754 80 2 25 10 34029 0 
-64.7939 22.7556 0.179424 0.344171 3.09754 80 2 25 10 34030 0 
-64.7825 22.7556 0.179436 0.344171 3.09754 80 2 25 10 34031 0 
-64.771 22.7557 0.179447 0.344171 3.09754 80 2 25 10 34032 0 
-64.7595 22.7557 0.179459 0.344171 3.09754 80 2 25 10 34033 0 
-64.748 22.7557 0.17947 0.344171 3.09754 80 2 25 10 34034 0 
-64.7366 22.7558 0.179481 0.344171 3.09754 80 2 25 10 34035 0 
-64.7251 22.7558 0.179493 0.344171 3.09754 80 2 25 10 34036 0 
-64.7136 22.7559 0.179504 0.344171 3.09754 80 2 25 10 34037 0 
-64.7021 22.7559 0.179516 0.344171 3.09754 80 2 25 10 34038 0 
-64.6907 22.7559 0.179527 0.344171 3.09754 80 2 25 10 34039 0 
-64.6792 22.756 0.179539 0.344171 3.09754 80 2 25 10 34040 0 
-64.6677 22.756 0.17955 0.344171 3.09754 80 2 25 10 34041 0 
-64.6562 22.756 0.179562 0.344171 3.09754 80 2 25 10 34042 0 
-64.6448 22.7561 0.179573 0.344171 3.09754 80 2 25 10 34043 0 
-64.6333 22.7561 0.179585 0.344171 3.09754 80 2 25 10 34044 0 
-64.6218 22.7561 0.179596 0.344171 3.09754 80 2 25 10 34045 0 
-64.6103 22.7562 0.179608 0.344171 3.09754 80 2 25 10 34046 0 
-64.5989 22.7562 0.179619 0.344171 3.09754 80 2 25 10 34047 0 
-64.5874 22.7563 0.179631 0.344171 3.09754 80 2 25 10 34048 0 
-64.5759 22.7563 0.179642 0.344171 3.09754 80 2 25 10 34049 0 
-64.5644 22.7563 0.179654 0.344171 3.09754 80 2 25 10 34050 0 
-64.553 22.7564 0.179665 0.344171 3.09754 80 2 25 10 34051 0 
-64.5415 22.7564 0.179677 0.344171 3.09754 80 2 25 10 34052 0 
-64.53 22.7564 0.179688 0.344171 3.09754 80 2 25 10 34053 0 
-64.5185 22.7565 0.1797 0.344171 3.09754 80 2 25 10 34054 0 
-64.5071 22.7565 0.179711 0.344171 3.09754 80 2 25 10 34055 0 
-64.4956 22.7565 0.179723 0.344171 3.09754 80 2 25 10 34056 0 
-64.4841 22.7566 0.179734 0.344171 3.09754 80 2 25 10 34057 0 
-64.4726 22.7566 0.179746 0.344171 3.09754 80 2 25 10 34058 0 
-64.4612 22.7567 0.179757 0.344171 3.09754 80 2 25 10 34059 0 
-64.4497 22.7567 0.179769 0.344171 3.09754 80 2 25 10 34060 0 
-64.4382 22.7567 0.17978 0.344171 3.09754 80 2 25 10 34061 0 
-64.4268 22.7568 0.179792 0.344171 3.09754 80 2 25 10 34062 0 
-64.4153 22.7568 0.179803 0.344171 3.09754 80 2 25 10 34063 0 
-64.4038 22.7568 0.179815 0.344171 3.09754 80 2 25 10 34064 0 
-64.3923 22.7569 0.179826 0.344171 3.09754 80 2 25 10 34065 0 
-64.3809 22.7569 0.179838 0.344171 3.09754 80 2 25 10 34066 0 
-64.3694 22.7569 0.179849 0.344171 3.09754 80 2 25 10 34067 0 
-64.3579 22.757 0.179861 0.344171 3.09754 80 2 25 10 34068 0 
-64.3464 22.757 0.179872 0.344171 3.09754 80 2 25 10 34069 0 
-64.335 22.757 0.179884 0.344171 3.09754 80 2 25 10 34070 0 
-64.3235 22.7571 0.179895 0.344171 3.09754 80 2 25 10 34071 0 
-64.312 22.7571 0.179907 0.344171 3.09754 80 2 25 10 34072 0 
-64.3005 22.7572 0.179918 0.344171 3.09754 80 2 25 10 34073 0 
-64.2891 22.7572 0.17993 0.344171 3.09754 80 2 25 10 34074 0 
-64.2776 22.7572 0.179942 0.344171 3.09754 80 2 25 10 34075 0 
-64.2661 22.7573 0.179953 0.344171 3.09754 80 2 25 10 34076 0 
-64.2546 22.7573 0.179965 0.344171 3.09754 80 2 25 10 34077 0 
-64.2432 22.7573 0.179976 0.344171 3.09754 80 2 25 10 34078 0 
-64.2317 22.7574 0.179988 0.344171 3.09754 80 2 25 10 34079 0 
-64.2202 22.7574 0.179999 0.344171 3.09754 80 2 25 10 34080 0 
-64.2087 22.7574 0.180011 0.344171 3.09754 80 2 25 10 34081 0 
-64.1973 22.7575 0.180022 0.344171 3.09754 80 2 25 10 34082 0 
-64.1858 22.7575 0.180034 0.344171 3.09754 80 2 25 10 34083 0 
-64.1743 22.7576 0.180045 0.344171 3.09754 80 2 25 10 34084 0 
-64.1628 22.7576 0.180057 0.344171 3.09754 80 2 25 10 34085 0 
-64.1514 22.7576 0.180069 0.344171 3.09754 80 2 25 10 34086 0 
-64.1399 22.7577 0.18008 0.344171 3.09754 80 2 25 10 34087 0 
-64.1284 22.7577 0.180092 0.344171 3.09754 80 2 25 10 34088 0 
-64.1169 22.7577 0.180103 0.344171 3.09754 80 2 25 10 34089 0 
-64.1055 22.7578 0.180115 0.344171 3.09754 80 2 25 10 34090 0 
-64.094 22.7578 0.180126 0.344171 3.09754 80 2 25 10 34091 0 
-64.0825 22.7578 0.180138 0.344171 3.09754 80 2 25 10 34092 0 
-64.071 22.7579 0.18015 0.344171 3.09754 80 2 25 10 34093 0 
-64.0596 22.7579 0.180161 0.344171 3.09754 80 2 25 10 34094 0 
-64.0481 22.758 0.180173 0.344171 3.09754 80 2 25 10 34095 0 
-64.0366 22.758 0.180184 0.344171 3.09754 80 2 25 10 34096 0 
-64.0251 22.758 0.180196 0.344171 3.09754 80 2 25 10 34097 0 
-64.0137 22.7581 0.180207 0.344171 3.09754 80 2 25 10 34098 0 
-64.0022 22.7581 0.180219 0.344171 3.09754 80 2 25 10 34099 0 
-63.9907 22.7581 0.180231 0.344171 3.09754 80 2 25 10 34100 0 
-63.9792 22.7582 0.180242 0.344171 3.09754 80 2 25 10 34101 0 
-63.9678 22.7582 0.180254 0.344171 3.09754 80 2 25 10 34102 0 
-63.9563 22.7582 0.180265 0.344171 3.09754 80 2 25 10 34103 0 
-63.9448 22.7583 0.180277 0.344171 3.09754 80 2 25 10 34104 0 
-63.9334 22.7583 0.180289 0.344171 3.09754 80 2 25 10 34105 0 
-63.9219 22.7584 0.1803 0.344171 3.09754 80 2 25 10 34106 0 
-63.9104 22.7584 0.180312 0.344171 3.09754 80 2 25 10 34107 0 
-63.899 22.7584 0.180323 0.344171 3.09754 80 2 25 10 34108 0 
-63.8875 22.7585 0.180335 0.344171 3.09754 80 2 25 10 34109 0 
-63.876 22.7585 0.180347 0.344171 3.09754 80 2 25 10 34110 0 
-63.8645 22.7585 0.180358 0.344171 3.09754 80 2 25 10 34111 0 
-63.8531 22.7586 0.18037 0.344171 3.09754 80 2 25 10 34112 0 
-63.8416 22.7586 0.180381 0.344171 3.09754 80 2 25 10 34113 0 
-63.8301 22.7586 0.180393 0.344171 3.09754 80 2 25 10 34114 0 
-63.8187 22.7587 0.180405 0.344171 3.09754 80 2 25 10 34115 0 
-63.8072 22.7587 0.180416 0.344171 3.09754 80 2 25 10 34116 0 
-63.7957 22.7588 0.180428 0.344171 3.09754 80 2 25 10 34117 0 
-63.7842 22.7588 0.180439 0.344171 3.09754 80 2 25 10 34118 0 
-63.7728 22.7588 0.180451 0.344171 3.09754 80 2 25 10 34119 0 
-63.7613 22.7589 0.180463 0.344171 3.09754 80 2 25 10 34120 0 
-63.7498 22.7589 0.180474 0.344171 3.09754 80 2 25 10 34121 0 
-63.7384 22.7589 0.180486 0.344171 3.09754 80 2 25 10 34122 0 
-63.7269 22.759 0.180498 0.344171 3.09754 80 2 25 10 34123 0 
-63.7154 22.759 0.180509 0.344171 3.09754 80 2 25 10 34124 0 
-63.7039 22.759 0.180521 0.344171 3.09754 80 2 25 10 34125 0 
-63.6925 22.7591 0.180532 0.344171 3.09754 80 2 25 10 34126 0 
-63.681 22.7591 0.180544 0.344171 3.09754 80 2 25 10 34127 0 
-63.6695 22.7592 0.180556 0.344171 3.09754 80 2 25 10 34128 0 
-63.6581 22.7592 0.180567 0.344171 3.09754 80 2 25 10 34129 0 
-63.6466 22.7592 0.180579 0.344171 3.09754 80 2 25 10 34130 0 
-63.6351 22.7593 0.180591 0.344171 3.09754 80 2 25 10 34131 0 
-63.6237 22.7593 0.180602 0.344171 3.09754 80 2 25 10 34132 0 
-63.6122 22.7593 0.180614 0.344171 3.09754 80 2 25 10 34133 0 
-63.6007 22.7594 0.180626 0.344171 3.09754 80 2 25 10 34134 0 
-63.5892 22.7594 0.180637 0.344171 3.09754 80 2 25 10 34135 0 
-63.5778 22.7594 0.180649 0.344171 3.09754 80 2 25 10 34136 0 
-63.5663 22.7595 0.18066 0.344171 3.09754 80 2 25 10 34137 0 
-63.5548 22.7595 0.180672 0.344171 3.09754 80 2 25 10 34138 0 
-63.5434 22.7596 0.180684 0.344171 3.09754 80 2 25 10 34139 0 
-63.5319 22.7596 0.180695 0.344171 3.09754 80 2 25 10 34140 0 
-63.5204 22.7596 0.180707 0.344171 3.09754 80 2 25 10 34141 0 
-63.5089 22.7597 0.180719 0.344171 3.09754 80 2 25 10 34142 0 
-63.4975 22.7597 0.18073 0.344171 3.09754 80 2 25 10 34143 0 
-63.486 22.7597 0.180742 0.344171 3.09754 80 2 25 10 34144 0 
-63.4745 22.7598 0.180754 0.344171 3.09754 80 2 25 10 34145 0 
-63.4631 22.7598 0.180765 0.344171 3.09754 80 2 25 10 34146 0 
-63.4516 22.7598 0.180777 0.344171 3.09754 80 2 25 10 34147 0 
-63.4401 22.7599 0.180789 0.344171 3.09754 80 2 25 10 34148 0 
-63.4286 22.7599 0.1808 0.344171 3.09754 80 2 25 10 34149 0 
-63.4172 22.7599 0.180812 0.344171 3.09754 80 2 25 10 34150 0 
-63.4057 22.76 0.180824 0.344171 3.09754 80 2 25 10 34151 0 
-63.3942 22.76 0.180835 0.344171 3.09754 80 2 25 10 34152 0 
-63.3828 22.7601 0.180847 0.344171 3.09754 80 2 25 10 34153 0 
-63.3713 22.7601 0.180859 0.344171 3.09754 80 2 25 10 34154 0 
-63.3598 22.7601 0.18087 0.344171 3.09754 80 2 25 10 34155 0 
-63.3484 22.7602 0.180882 0.344171 3.09754 80 2 25 10 34156 0 
-63.3369 22.7602 0.180894 0.344171 3.09754 80 2 25 10 34157 0 
-63.3254 22.7602 0.180906 0.344171 3.09754 80 2 25 10 34158 0 
-63.3139 22.7603 0.180917 0.344171 3.09754 80 2 25 10 34159 0 
-63.3025 22.7603 0.180929 0.344171 3.09754 80 2 25 10 34160 0 
-63.291 22.7603 0.180941 0.344171 3.09754 80 2 25 10 34161 0 
-63.2795 22.7604 0.180952 0.344171 3.09754 80 2 25 10 34162 0 
-63.2681 22.7604 0.180964 0.344171 3.09754 80 2 25 10 34163 0 
-63.2566 22.7605 0.180976 0.344171 3.09754 80 2 25 10 34164 0 
-63.2451 22.7605 0.180987 0.344171 3.09754 80 2 25 10 34165 0 
-63.2336 22.7605 0.180999 0.344171 3.09754 80 2 25 10 34166 0 
-63.2222 22.7606 0.181011 0.344171 3.09754 80 2 25 10 34167 0 
-63.2107 22.7606 0.181023 0.344171 3.09754 80 2 25 10 34168 0 
-63.1992 22.7606 0.181034 0.344171 3.09754 80 2 25 10 34169 0 
-63.1878 22.7607 0.181046 0.344171 3.09754 80 2 25 10 34170 0 
-63.1763 22.7607 0.181058 0.344171 3.09754 80 2 25 10 34171 0 
-63.1648 22.7607 0.181069 0.344171 3.09754 80 2 25 10 34172 0 
-63.1534 22.7608 0.181081 0.344171 3.09754 80 2 25 10 34173 0 
-63.1419 22.7608 0.181093 0.344171 3.09754 80 2 25 10 34174 0 
-63.1304 22.7609 0.181105 0.344171 3.09754 80 2 25 10 34175 0 
-63.1189 22.7609 0.181116 0.344171 3.09754 80 2 25 10 34176 0 
-63.1075 22.7609 0.181128 0.344171 3.09754 80 2 25 10 34177 0 
-63.096 22.761 0.18114 0.344171 3.09754 80 2 25 10 34178 0 
-63.0845 22.761 0.181151 0.344171 3.09754 80 2 25 10 34179 0 
-63.0731 22.761 0.181163 0.344171 3.09754 80 2 25 10 34180 0 
-63.0616 22.7611 0.181175 0.344171 3.09754 80 2 25 10 34181 0 
-63.0501 22.7611 0.181187 0.344171 3.09754 80 2 25 10 34182 0 
-63.0386 22.7611 0.181198 0.344171 3.09754 80 2 25 10 34183 0 
-63.0272 22.7612 0.18121 0.344171 3.09754 80 2 25 10 34184 0 
-63.0157 22.7612 0.181222 0.344171 3.09754 80 2 25 10 34185 0 
-63.0042 22.7613 0.181234 0.344171 3.09754 80 2 25 10 34186 0 
-62.9928 22.7613 0.181245 0.344171 3.09754 80 2 25 10 34187 0 
-62.9813 22.7613 0.181257 0.344171 3.09754 80 2 25 10 34188 0 
-62.9698 22.7614 0.181269 0.344171 3.09754 80 2 25 10 34189 0 
-62.9583 22.7614 0.181281 0.344171 3.09754 80 2 25 10 34190 0 
-62.9469 22.7614 0.181292 0.344171 3.09754 80 2 25 10 34191 0 
-62.9354 22.7615 0.181304 0.344171 3.09754 80 2 25 10 34192 0 
-62.9239 22.7615 0.181316 0.344171 3.09754 80 2 25 10 34193 0 
-62.9125 22.7615 0.181328 0.344171 3.09754 80 2 25 10 34194 0 
-62.901 22.7616 0.181339 0.344171 3.09754 80 2 25 10 34195 0 
-62.8895 22.7616 0.181351 0.344171 3.09754 80 2 25 10 34196 0 
-62.8781 22.7617 0.181363 0.344171 3.09754 80 2 25 10 34197 0 
-62.8666 22.7617 0.181375 0.344171 3.09754 80 2 25 10 34198 0 
-62.8551 22.7617 0.181386 0.344171 3.09754 80 2 25 10 34199 0 
-62.8436 22.7618 0.181398 0.344171 3.09754 80 2 25 10 34200 0 
-62.8322 22.7618 0.18141 0.344171 3.09754 80 2 25 10 34201 0 
-62.8207 22.7618 0.181422 0.344171 3.09754 80 2 25 10 34202 0 
-62.8092 22.7619 0.181434 0.344171 3.09754 80 2 25 10 34203 0 
-62.7978 22.7619 0.181445 0.344171 3.09754 80 2 25 10 34204 0 
-62.7863 22.7619 0.181457 0.344171 3.09754 80 2 25 10 34205 0 
-62.7748 22.762 0.181469 0.344171 3.09754 80 2 25 10 34206 0 
-62.7633 22.762 0.181481 0.344171 3.09754 80 2 25 10 34207 0 
-62.7519 22.7621 0.181492 0.344171 3.09754 80 2 25 10 34208 0 
-62.7404 22.7621 0.181504 0.344171 3.09754 80 2 25 10 34209 0 
-62.7289 22.7621 0.181516 0.344171 3.09754 80 2 25 10 34210 0 
-62.7175 22.7622 0.181528 0.344171 3.09754 80 2 25 10 34211 0 
-62.706 22.7622 0.18154 0.344171 3.09754 80 2 25 10 34212 0 
-62.6945 22.7622 0.181551 0.344171 3.09754 80 2 25 10 34213 0 
-62.683 22.7623 0.181563 0.344171 3.09754 80 2 25 10 34214 0 
-62.6716 22.7623 0.181575 0.344171 3.09754 80 2 25 10 34215 0 
-62.6601 22.7623 0.181587 0.344171 3.09754 80 2 25 10 34216 0 
-62.6486 22.7624 0.181599 0.344171 3.09754 80 2 25 10 34217 0 
-62.6372 22.7624 0.18161 0.344171 3.09754 80 2 25 10 34218 0 
-62.6257 22.7624 0.181622 0.344171 3.09754 80 2 25 10 34219 0 
-62.6142 22.7625 0.181634 0.344171 3.09754 80 2 25 10 34220 0 
-62.6028 22.7625 0.181646 0.344171 3.09754 80 2 25 10 34221 0 
-62.5913 22.7626 0.181658 0.344171 3.09754 80 2 25 10 34222 0 
-62.5798 22.7626 0.181669 0.344171 3.09754 80 2 25 10 34223 0 
-62.5683 22.7626 0.181681 0.344171 3.09754 80 2 25 10 34224 0 
-62.5569 22.7627 0.181693 0.344171 3.09754 80 2 25 10 34225 0 
-62.5454 22.7627 0.181705 0.344171 3.09754 80 2 25 10 34226 0 
-62.5339 22.7627 0.181717 0.344171 3.09754 80 2 25 10 34227 0 
-62.5225 22.7628 0.181728 0.344171 3.09754 80 2 25 10 34228 0 
-62.511 22.7628 0.18174 0.344171 3.09754 80 2 25 10 34229 0 
-62.4995 22.7628 0.181752 0.344171 3.09754 80 2 25 10 34230 0 
-62.488 22.7629 0.181764 0.344171 3.09754 80 2 25 10 34231 0 
-62.4766 22.7629 0.181776 0.344171 3.09754 80 2 25 10 34232 0 
-62.4651 22.763 0.181788 0.344171 3.09754 80 2 25 10 34233 0 
-62.4536 22.763 0.181799 0.344171 3.09754 80 2 25 10 34234 0 
-62.4422 22.763 0.181811 0.344171 3.09754 80 2 25 10 34235 0 
-62.4307 22.7631 0.181823 0.344171 3.09754 80 2 25 10 34236 0 
-62.4192 22.7631 0.181835 0.344171 3.09754 80 2 25 10 34237 0 
-62.4077 22.7631 0.181847 0.344171 3.09754 80 2 25 10 34238 0 
-62.3963 22.7632 0.181859 0.344171 3.09754 80 2 25 10 34239 0 
-62.3848 22.7632 0.18187 0.344171 3.09754 80 2 25 10 34240 0 
-62.3733 22.7632 0.181882 0.344171 3.09754 80 2 25 10 34241 0 
-62.3619 22.7633 0.181894 0.344171 3.09754 80 2 25 10 34242 0 
-62.3504 22.7633 0.181906 0.344171 3.09754 80 2 25 10 34243 0 
-62.3389 22.7634 0.181918 0.344171 3.09754 80 2 25 10 34244 0 
-62.3275 22.7634 0.18193 0.344171 3.09754 80 2 25 10 34245 0 
-62.316 22.7634 0.181942 0.344171 3.09754 80 2 25 10 34246 0 
-62.3045 22.7635 0.181953 0.344171 3.09754 80 2 25 10 34247 0 
-62.293 22.7635 0.181965 0.344171 3.09754 80 2 25 10 34248 0 
-62.2816 22.7635 0.181977 0.344171 3.09754 80 2 25 10 34249 0 
-62.2701 22.7636 0.181989 0.344171 3.09754 80 2 25 10 34250 0 
-62.2586 22.7636 0.182001 0.344171 3.09754 80 2 25 10 34251 0 
-62.2472 22.7636 0.182013 0.344171 3.09754 80 2 25 10 34252 0 
-62.2357 22.7637 0.182025 0.344171 3.09754 80 2 25 10 34253 0 
-62.2242 22.7637 0.182037 0.344171 3.09754 80 2 25 10 34254 0 
-62.2127 22.7638 0.182048 0.344171 3.09754 80 2 25 10 34255 0 
-62.2013 22.7638 0.18206 0.344171 3.09754 80 2 25 10 34256 0 
-62.1898 22.7638 0.182072 0.344171 3.09754 80 2 25 10 34257 0 
-62.1783 22.7639 0.182084 0.344171 3.09754 80 2 25 10 34258 0 
-62.1669 22.7639 0.182096 0.344171 3.09754 80 2 25 10 34259 0 
-62.1554 22.7639 0.182108 0.344171 3.09754 80 2 25 10 34260 0 
-62.1439 22.764 0.18212 0.344171 3.09754 80 2 25 10 34261 0 
-62.1325 22.764 0.182132 0.344171 3.09754 80 2 25 10 34262 0 
-62.121 22.764 0.182143 0.344171 3.09754 80 2 25 10 34263 0 
-62.1095 22.7641 0.182155 0.344171 3.09754 80 2 25 10 34264 0 
-62.098 22.7641 0.182167 0.344171 3.09754 80 2 25 10 34265 0 
-62.0866 22.7642 0.182179 0.344171 3.09754 80 2 25 10 34266 0 
-62.0751 22.7642 0.182191 0.344171 3.09754 80 2 25 10 34267 0 
-62.0636 22.7642 0.182203 0.344171 3.09754 80 2 25 10 34268 0 
-62.0522 22.7643 0.182215 0.344171 3.09754 80 2 25 10 34269 0 
-62.0407 22.7643 0.182227 0.344171 3.09754 80 2 25 10 34270 0 
-62.0292 22.7643 0.182239 0.344171 3.09754 80 2 25 10 34271 0 
-62.0177 22.7644 0.182251 0.344171 3.09754 80 2 25 10 34272 0 
-62.0063 22.7644 0.182262 0.344171 3.09754 80 2 25 10 34273 0 
-61.9948 22.7644 0.182274 0.344171 3.09754 80 2 25 10 34274 0 
-61.9833 22.7645 0.182286 0.344171 3.09754 80 2 25 10 34275 0 
-61.9719 22.7645 0.182298 0.344171 3.09754 80 2 25 10 34276 0 
-61.9604 22.7646 0.18231 0.344171 3.09754 80 2 25 10 34277 0 
-61.9489 22.7646 0.182322 0.344171 3.09754 80 2 25 10 34278 0 
-61.9374 22.7646 0.182334 0.344171 3.09754 80 2 25 10 34279 0 
-61.926 22.7647 0.182346 0.344171 3.09754 80 2 25 10 34280 0 
-61.9145 22.7647 0.182358 0.344171 3.09754 80 2 25 10 34281 0 
-61.903 22.7647 0.18237 0.344171 3.09754 80 2 25 10 34282 0 
-61.8916 22.7648 0.182382 0.344171 3.09754 80 2 25 10 34283 0 
-61.8801 22.7648 0.182394 0.344171 3.09754 80 2 25 10 34284 0 
-61.8686 22.7648 0.182405 0.344171 3.09754 80 2 25 10 34285 0 
-61.8572 22.7649 0.182417 0.344171 3.09754 80 2 25 10 34286 0 
-61.8457 22.7649 0.182429 0.344171 3.09754 80 2 25 10 34287 0 
-61.8342 22.7649 0.182441 0.344171 3.09754 80 2 25 10 34288 0 
-61.8227 22.765 0.182453 0.344171 3.09754 80 2 25 10 34289 0 
-61.8113 22.765 0.182465 0.344171 3.09754 80 2 25 10 34290 0 
-61.7998 22.7651 0.182477 0.344171 3.09754 80 2 25 10 34291 0 
-61.7883 22.7651 0.182489 0.344171 3.09754 80 2 25 10 34292 0 
-61.7769 22.7651 0.182501 0.344171 3.09754 80 2 25 10 34293 0 
-61.7654 22.7652 0.182513 0.344171 3.09754 80 2 25 10 34294 0 
-61.7539 22.7652 0.182525 0.344171 3.09754 80 2 25 10 34295 0 
-61.7424 22.7652 0.182537 0.344171 3.09754 80 2 25 10 34296 0 
-61.731 22.7653 0.182549 0.344171 3.09754 80 2 25 10 34297 0 
-61.7195 22.7653 0.182561 0.344171 3.09754 80 2 25 10 34298 0 
-61.708 22.7653 0.182573 0.344171 3.09754 80 2 25 10 34299 0 
-61.6966 22.7654 0.182585 0.344171 3.09754 80 2 25 10 34300 0 
-61.6851 22.7654 0.182597 0.344171 3.09754 80 2 25 10 34301 0 
-61.6736 22.7655 0.182609 0.344171 3.09754 80 2 25 10 34302 0 
-61.6621 22.7655 0.182621 0.344171 3.09754 80 2 25 10 34303 0 
-61.6507 22.7655 0.182633 0.344171 3.09754 80 2 25 10 34304 0 
-61.6392 22.7656 0.182645 0.344171 3.09754 80 2 25 10 34305 0 
-61.6277 22.7656 0.182656 0.344171 3.09754 80 2 25 10 34306 0 
-61.6163 22.7656 0.182668 0.344171 3.09754 80 2 25 10 34307 0 
-61.6048 22.7657 0.18268 0.344171 3.09754 80 2 25 10 34308 0 
-61.5933 22.7657 0.182692 0.344171 3.09754 80 2 25 10 34309 0 
-61.5819 22.7657 0.182704 0.344171 3.09754 80 2 25 10 34310 0 
-61.5704 22.7658 0.182716 0.344171 3.09754 80 2 25 10 34311 0 
-61.5589 22.7658 0.182728 0.344171 3.09754 80 2 25 10 34312 0 
-61.5474 22.7659 0.18274 0.344171 3.09754 80 2 25 10 34313 0 
-61.536 22.7659 0.182752 0.344171 3.09754 80 2 25 10 34314 0 
-61.5245 22.7659 0.182764 0.344171 3.09754 80 2 25 10 34315 0 
-61.513 22.766 0.182776 0.344171 3.09754 80 2 25 10 34316 0 
-61.5016 22.766 0.182788 0.344171 3.09754 80 2 25 10 34317 0 
-61.4901 22.766 0.1828 0.344171 3.09754 80 2 25 10 34318 0 
-61.4786 22.7661 0.182812 0.344171 3.09754 80 2 25 10 34319 0 
-61.4671 22.7661 0.182824 0.344171 3.09754 80 2 25 10 34320 0 
-61.4557 22.7661 0.182836 0.344171 3.09754 80 2 25 10 34321 0 
-61.4442 22.7662 0.182848 0.344171 3.09754 80 2 25 10 34322 0 
-61.4327 22.7662 0.18286 0.344171 3.09754 80 2 25 10 34323 0 
-61.4213 22.7663 0.182872 0.344171 3.09754 80 2 25 10 34324 0 
-61.4098 22.7663 0.182884 0.344171 3.09754 80 2 25 10 34325 0 
-61.3983 22.7663 0.182896 0.344171 3.09754 80 2 25 10 34326 0 
-61.3868 22.7664 0.182908 0.344171 3.09754 80 2 25 10 34327 0 
-61.3754 22.7664 0.18292 0.344171 3.09754 80 2 25 10 34328 0 
-61.3639 22.7664 0.182932 0.344171 3.09754 80 2 25 10 34329 0 
-61.3524 22.7665 0.182944 0.344171 3.09754 80 2 25 10 34330 0 
-61.341 22.7665 0.182956 0.344171 3.09754 80 2 25 10 34331 0 
-61.3295 22.7665 0.182968 0.344171 3.09754 80 2 25 10 34332 0 
-61.318 22.7666 0.18298 0.344171 3.09754 80 2 25 10 34333 0 
-61.3066 22.7666 0.182993 0.344171 3.09754 80 2 25 10 34334 0 
-61.2951 22.7667 0.183005 0.344171 3.09754 80 2 25 10 34335 0 
-61.2836 22.7667 0.183017 0.344171 3.09754 80 2 25 10 34336 0 
-61.2721 22.7667 0.183029 0.344171 3.09754 80 2 25 10 34337 0 
-61.2607 22.7668 0.183041 0.344171 3.09754 80 2 25 10 34338 0 
-61.2492 22.7668 0.183053 0.344171 3.09754 80 2 25 10 34339 0 
-61.2377 22.7668 0.183065 0.344171 3.09754 80 2 25 10 34340 0 
-61.2263 22.7669 0.183077 0.344171 3.09754 80 2 25 10 34341 0 
-61.2148 22.7669 0.183089 0.344171 3.09754 80 2 25 10 34342 0 
-61.2033 22.7669 0.183101 0.344171 3.09754 80 2 25 10 34343 0 
-61.1918 22.767 0.183113 0.344171 3.09754 80 2 25 10 34344 0 
-61.1804 22.767 0.183125 0.344171 3.09754 80 2 25 10 34345 0 
-61.1689 22.7671 0.183137 0.344171 3.09754 80 2 25 10 34346 0 
-61.1574 22.7671 0.183149 0.344171 3.09754 80 2 25 10 34347 0 
-61.146 22.7671 0.183161 0.344171 3.09754 80 2 25 10 34348 0 
-61.1345 22.7672 0.183173 0.344171 3.09754 80 2 25 10 34349 0 
-61.123 22.7672 0.183185 0.344171 3.09754 80 2 25 10 34350 0 
-61.1115 22.7672 0.183197 0.344171 3.09754 80 2 25 10 34351 0 
-61.1001 22.7673 0.183209 0.344171 3.09754 80 2 25 10 34352 0 
-61.0886 22.7673 0.183221 0.344171 3.09754 80 2 25 10 34353 0 
-61.0771 22.7673 0.183233 0.344171 3.09754 80 2 25 10 34354 0 
-61.0657 22.7674 0.183246 0.344171 3.09754 80 2 25 10 34355 0 
-61.0542 22.7674 0.183258 0.344171 3.09754 80 2 25 10 34356 0 
-61.0427 22.7675 0.18327 0.344171 3.09754 80 2 25 10 34357 0 
-61.0313 22.7675 0.183282 0.344171 3.09754 80 2 25 10 34358 0 
-61.0198 22.7675 0.183294 0.344171 3.09754 80 2 25 10 34359 0 
-61.0083 22.7676 0.183306 0.344171 3.09754 80 2 25 10 34360 0 
-60.9968 22.7676 0.183318 0.344171 3.09754 80 2 25 10 34361 0 
-60.9854 22.7676 0.18333 0.344171 3.09754 80 2 25 10 34362 0 
-60.9739 22.7677 0.183342 0.344171 3.09754 80 2 25 10 34363 0 
-60.9624 22.7677 0.183354 0.344171 3.09754 80 2 25 10 34364 0 
-60.951 22.7677 0.183366 0.344171 3.09754 80 2 25 10 34365 0 
-60.9395 22.7678 0.183378 0.344171 3.09754 80 2 25 10 34366 0 
-60.928 22.7678 0.183391 0.344171 3.09754 80 2 25 10 34367 0 
-60.9165 22.7678 0.183403 0.344171 3.09754 80 2 25 10 34368 0 
-60.9051 22.7679 0.183415 0.344171 3.09754 80 2 25 10 34369 0 
-60.8936 22.7679 0.183427 0.344171 3.09754 80 2 25 10 34370 0 
-60.8821 22.768 0.183439 0.344171 3.09754 80 2 25 10 34371 0 
-60.8707 22.768 0.183451 0.344171 3.09754 80 2 25 10 34372 0 
-60.8592 22.768 0.183463 0.344171 3.09754 80 2 25 10 34373 0 
-60.8477 22.7681 0.183475 0.344171 3.09754 80 2 25 10 34374 0 
-60.8363 22.7681 0.183487 0.344171 3.09754 80 2 25 10 34375 0 
-60.8248 22.7681 0.183499 0.344171 3.09754 80 2 25 10 34376 0 
-60.8133 22.7682 0.183512 0.344171 3.09754 80 2 25 10 34377 0 
-60.8018 22.7682 0.183524 0.344171 3.09754 80 2 25 10 34378 0 
-60.7904 22.7682 0.183536 0.344171 3.09754 80 2 25 10 34379 0 
-60.7789 22.7683 0.183548 0.344171 3.09754 80 2 25 10 34380 0 
-60.7674 22.7683 0.18356 0.344171 3.09754 80 2 25 10 34381 0 
-60.756 22.7684 0.183572 0.344171 3.09754 80 2 25 10 34382 0 
-60.7445 22.7684 0.183584 0.344171 3.09754 80 2 25 10 34383 0 
-60.733 22.7684 0.183596 0.344171 3.09754 80 2 25 10 34384 0 
-60.7215 22.7685 0.183609 0.344171 3.09754 80 2 25 10 34385 0 
-60.7101 22.7685 0.183621 0.344171 3.09754 80 2 25 10 34386 0 
-60.6986 22.7685 0.183633 0.344171 3.09754 80 2 25 10 34387 0 
-60.6871 22.7686 0.183645 0.344171 3.09754 80 2 25 10 34388 0 
-60.6757 22.7686 0.183657 0.344171 3.09754 80 2 25 10 34389 0 
-60.6642 22.7686 0.183669 0.344171 3.09754 80 2 25 10 34390 0 
-60.6527 22.7687 0.183681 0.344171 3.09754 80 2 25 10 34391 0 
-60.6412 22.7687 0.183693 0.344171 3.09754 80 2 25 10 34392 0 
-60.6298 22.7688 0.183706 0.344171 3.09754 80 2 25 10 34393 0 
-60.6183 22.7688 0.183718 0.344171 3.09754 80 2 25 10 34394 0 
-60.6068 22.7688 0.18373 0.344171 3.09754 80 2 25 10 34395 0 
-60.5954 22.7689 0.183742 0.344171 3.09754 80 2 25 10 34396 0 
-60.5839 22.7689 0.183754 0.344171 3.09754 80 2 25 10 34397 0 
-60.5724 22.7689 0.183766 0.344171 3.09754 80 2 25 10 34398 0 
-60.561 22.769 0.183779 0.344171 3.09754 80 2 25 10 34399 0 
-60.5495 22.769 0.183791 0.344171 3.09754 80 2 25 10 34400 0 
-60.538 22.769 0.183803 0.344171 3.09754 80 2 25 10 34401 0 
-60.5265 22.7691 0.183815 0.344171 3.09754 80 2 25 10 34402 0 
-60.5151 22.7691 0.183827 0.344171 3.09754 80 2 25 10 34403 0 
-60.5036 22.7692 0.183839 0.344171 3.09754 80 2 25 10 34404 0 
-60.4921 22.7692 0.183852 0.344171 3.09754 80 2 25 10 34405 0 
-60.4807 22.7692 0.183864 0.344171 3.09754 80 2 25 10 34406 0 
-60.4692 22.7693 0.183876 0.344171 3.09754 80 2 25 10 34407 0 
-60.4577 22.7693 0.183888 0.344171 3.09754 80 2 25 10 34408 0 
-60.4462 22.7693 0.1839 0.344171 3.09754 80 2 25 10 34409 0 
-60.4348 22.7694 0.183912 0.344171 3.09754 80 2 25 10 34410 0 
-60.4233 22.7694 0.183925 0.344171 3.09754 80 2 25 10 34411 0 
-60.4118 22.7694 0.183937 0.344171 3.09754 80 2 25 10 34412 0 
-60.4004 22.7695 0.183949 0.344171 3.09754 80 2 25 10 34413 0 
-60.3889 22.7695 0.183961 0.344171 3.09754 80 2 25 10 34414 0 
-60.3774 22.7696 0.183973 0.344171 3.09754 80 2 25 10 34415 0 
-60.3659 22.7696 0.183986 0.344171 3.09754 80 2 25 10 34416 0 
-60.3545 22.7696 0.183998 0.344171 3.09754 80 2 25 10 34417 0 
-60.343 22.7697 0.18401 0.344171 3.09754 80 2 25 10 34418 0 
-60.3315 22.7697 0.184022 0.344171 3.09754 80 2 25 10 34419 0 
-60.3201 22.7697 0.184034 0.344171 3.09754 80 2 25 10 34420 0 
-60.3086 22.7698 0.184046 0.344171 3.09754 80 2 25 10 34421 0 
-60.2971 22.7698 0.184059 0.344171 3.09754 80 2 25 10 34422 0 
-60.2857 22.7698 0.184071 0.344171 3.09754 80 2 25 10 34423 0 
-60.2742 22.7699 0.184083 0.344171 3.09754 80 2 25 10 34424 0 
-60.2627 22.7699 0.184095 0.344171 3.09754 80 2 25 10 34425 0 
-60.2512 22.77 0.184107 0.344171 3.09754 80 2 25 10 34426 0 
-60.2398 22.77 0.18412 0.344171 3.09754 80 2 25 10 34427 0 
-60.2283 22.77 0.184132 0.344171 3.09754 80 2 25 10 34428 0 
-60.2168 22.7701 0.184144 0.344171 3.09754 80 2 25 10 34429 0 
-60.2054 22.7701 0.184156 0.344171 3.09754 80 2 25 10 34430 0 
-60.1939 22.7701 0.184169 0.344171 3.09754 80 2 25 10 34431 0 
-60.1824 22.7702 0.184181 0.344171 3.09754 80 2 25 10 34432 0 
-60.1709 22.7702 0.184193 0.344171 3.09754 80 2 25 10 34433 0 
-60.1595 22.7702 0.184205 0.344171 3.09754 80 2 25 10 34434 0 
-60.148 22.7703 0.184217 0.344171 3.09754 80 2 25 10 34435 0 
-60.1365 22.7703 0.18423 0.344171 3.09754 80 2 25 10 34436 0 
-60.1251 22.7703 0.184242 0.344171 3.09754 80 2 25 10 34437 0 
-60.1136 22.7704 0.184254 0.344171 3.09754 80 2 25 10 34438 0 
-60.1021 22.7704 0.184266 0.344171 3.09754 80 2 25 10 34439 0 
-60.0906 22.7705 0.184279 0.344171 3.09754 80 2 25 10 34440 0 
-60.0792 22.7705 0.184291 0.344171 3.09754 80 2 25 10 34441 0 
-60.0677 22.7705 0.184303 0.344171 3.09754 80 2 25 10 34442 0 
-60.0562 22.7706 0.184315 0.344171 3.09754 80 2 25 10 34443 0 
-60.0448 22.7706 0.184328 0.344171 3.09754 80 2 25 10 34444 0 
-60.0333 22.7706 0.18434 0.344171 3.09754 80 2 25 10 34445 0 
-60.0218 22.7707 0.184352 0.344171 3.09754 80 2 25 10 34446 0 
-60.0104 22.7707 0.184364 0.344171 3.09754 80 2 25 10 34447 0 
-59.9989 22.7707 0.184377 0.344171 3.09754 80 2 25 10 34448 0 
-59.9874 22.7708 0.184389 0.344171 3.09754 80 2 25 10 34449 0 
-59.9759 22.7708 0.184401 0.344171 3.09754 80 2 25 10 34450 0 
-59.9645 22.7709 0.184413 0.344171 3.09754 80 2 25 10 34451 0 
-59.953 22.7709 0.184426 0.344171 3.09754 80 2 25 10 34452 0 
-59.9415 22.7709 0.184438 0.344171 3.09754 80 2 25 10 34453 0 
-59.9301 22.771 0.18445 0.344171 3.09754 80 2 25 10 34454 0 
-59.9186 22.771 0.184462 0.344171 3.09754 80 2 25 10 34455 0 
-59.9071 22.771 0.184475 0.344171 3.09754 80 2 25 10 34456 0 
-59.8956 22.7711 0.184487 0.344171 3.09754 80 2 25 10 34457 0 
-59.8842 22.7711 0.184499 0.344171 3.09754 80 2 25 10 34458 0 
-59.8727 22.7711 0.184512 0.344171 3.09754 80 2 25 10 34459 0 
-59.8612 22.7712 0.184524 0.344171 3.09754 80 2 25 10 34460 0 
-59.8498 22.7712 0.184536 0.344171 3.09754 80 2 25 10 34461 0 
-59.8383 22.7713 0.184548 0.344171 3.09754 80 2 25 10 34462 0 
-59.8268 22.7713 0.184561 0.344171 3.09754 80 2 25 10 34463 0 
-59.8153 22.7713 0.184573 0.344171 3.09754 80 2 25 10 34464 0 
-59.8039 22.7714 0.184585 0.344171 3.09754 80 2 25 10 34465 0 
-59.7924 22.7714 0.184598 0.344171 3.09754 80 2 25 10 34466 0 
-59.7809 22.7714 0.18461 0.344171 3.09754 80 2 25 10 34467 0 
-59.7695 22.7715 0.184622 0.344171 3.09754 80 2 25 10 34468 0 
-59.758 22.7715 0.184634 0.344171 3.09754 80 2 25 10 34469 0 
-59.7465 22.7715 0.184647 0.344171 3.09754 80 2 25 10 34470 0 
-59.7351 22.7716 0.184659 0.344171 3.09754 80 2 25 10 34471 0 
-59.7236 22.7716 0.184671 0.344171 3.09754 80 2 25 10 34472 0 
-59.7121 22.7717 0.184684 0.344171 3.09754 80 2 25 10 34473 0 
-59.7006 22.7717 0.184696 0.344171 3.09754 80 2 25 10 34474 0 
-59.6892 22.7717 0.184708 0.344171 3.09754 80 2 25 10 34475 0 
-59.6777 22.7718 0.184721 0.344171 3.09754 80 2 25 10 34476 0 
-59.6662 22.7718 0.184733 0.344171 3.09754 80 2 25 10 34477 0 
-59.6548 22.7718 0.184745 0.344171 3.09754 80 2 25 10 34478 0 
-59.6433 22.7719 0.184758 0.344171 3.09754 80 2 25 10 34479 0 
-59.6318 22.7719 0.18477 0.344171 3.09754 80 2 25 10 34480 0 
-59.6203 22.7719 0.184782 0.344171 3.09754 80 2 25 10 34481 0 
-59.6089 22.772 0.184795 0.344171 3.09754 80 2 25 10 34482 0 
-59.5974 22.772 0.184807 0.344171 3.09754 80 2 25 10 34483 0 
-59.5859 22.7721 0.184819 0.344171 3.09754 80 2 25 10 34484 0 
-59.5745 22.7721 0.184832 0.344171 3.09754 80 2 25 10 34485 0 
-59.563 22.7721 0.184844 0.344171 3.09754 80 2 25 10 34486 0 
-59.5515 22.7722 0.184856 0.344171 3.09754 80 2 25 10 34487 0 
-59.5401 22.7722 0.184869 0.344171 3.09754 80 2 25 10 34488 0 
-59.5286 22.7722 0.184881 0.344171 3.09754 80 2 25 10 34489 0 
-59.5171 22.7723 0.184893 0.344171 3.09754 80 2 25 10 34490 0 
-59.5056 22.7723 0.184906 0.344171 3.09754 80 2 25 10 34491 0 
-59.4942 22.7723 0.184918 0.344171 3.09754 80 2 25 10 34492 0 
-59.4827 22.7724 0.18493 0.344171 3.09754 80 2 25 10 34493 0 
-59.4712 22.7724 0.184943 0.344171 3.09754 80 2 25 10 34494 0 
-59.4598 22.7725 0.184955 0.344171 3.09754 80 2 25 10 34495 0 
-59.4483 22.7725 0.184967 0.344171 3.09754 80 2 25 10 34496 0 
-59.4368 22.7725 0.18498 0.344171 3.09754 80 2 25 10 34497 0 
-59.4253 22.7726 0.184992 0.344171 3.09754 80 2 25 10 34498 0 
-59.4139 22.7726 0.185004 0.344171 3.09754 80 2 25 10 34499 0 
-59.4024 22.7726 0.185017 0.344171 3.09754 80 2 25 10 34500 0 
-59.3909 22.7727 0.185029 0.344171 3.09754 80 2 25 10 34501 0 
-59.3795 22.7727 0.185041 0.344171 3.09754 80 2 25 10 34502 0 
-59.368 22.7727 0.185054 0.344171 3.09754 80 2 25 10 34503 0 
-59.3565 22.7728 0.185066 0.344171 3.09754 80 2 25 10 34504 0 
-59.345 22.7728 0.185079 0.344171 3.09754 80 2 25 10 34505 0 
-59.3336 22.7729 0.185091 0.344171 3.09754 80 2 25 10 34506 0 
-59.3221 22.7729 0.185103 0.344171 3.09754 80 2 25 10 34507 0 
-59.3106 22.7729 0.185116 0.344171 3.09754 80 2 25 10 34508 0 
-59.2992 22.773 0.185128 0.344171 3.09754 80 2 25 10 34509 0 
-59.2877 22.773 0.18514 0.344171 3.09754 80 2 25 10 34510 0 
-59.2762 22.773 0.185153 0.344171 3.09754 80 2 25 10 34511 0 
-59.2648 22.7731 0.185165 0.344171 3.09754 80 2 25 10 34512 0 
-59.2533 22.7731 0.185178 0.344171 3.09754 80 2 25 10 34513 0 
-59.2418 22.7731 0.18519 0.344171 3.09754 80 2 25 10 34514 0 
-59.2303 22.7732 0.185202 0.344171 3.09754 80 2 25 10 34515 0 
-59.2189 22.7732 0.185215 0.344171 3.09754 80 2 25 10 34516 0 
-59.2074 22.7732 0.185227 0.344171 3.09754 80 2 25 10 34517 0 
-59.1959 22.7733 0.18524 0.344171 3.09754 80 2 25 10 34518 0 
-59.1845 22.7733 0.185252 0.344171 3.09754 80 2 25 10 34519 0 
-59.173 22.7734 0.185264 0.344171 3.09754 80 2 25 10 34520 0 
-59.1615 22.7734 0.185277 0.344171 3.09754 80 2 25 10 34521 0 
-59.15 22.7734 0.185289 0.344171 3.09754 80 2 25 10 34522 0 
-59.1386 22.7735 0.185302 0.344171 3.09754 80 2 25 10 34523 0 
-59.1271 22.7735 0.185314 0.344171 3.09754 80 2 25 10 34524 0 
-59.1156 22.7735 0.185326 0.344171 3.09754 80 2 25 10 34525 0 
-59.1042 22.7736 0.185339 0.344171 3.09754 80 2 25 10 34526 0 
-59.0927 22.7736 0.185351 0.344171 3.09754 80 2 25 10 34527 0 
-59.0812 22.7736 0.185364 0.344171 3.09754 80 2 25 10 34528 0 
-59.0697 22.7737 0.185376 0.344171 3.09754 80 2 25 10 34529 0 
-59.0583 22.7737 0.185388 0.344171 3.09754 80 2 25 10 34530 0 
-59.0468 22.7738 0.185401 0.344171 3.09754 80 2 25 10 34531 0 
-59.0353 22.7738 0.185413 0.344171 3.09754 80 2 25 10 34532 0 
-59.0239 22.7738 0.185426 0.344171 3.09754 80 2 25 10 34533 0 
-59.0124 22.7739 0.185438 0.344171 3.09754 80 2 25 10 34534 0 
-59.0009 22.7739 0.185451 0.344171 3.09754 80 2 25 10 34535 0 
-58.9895 22.7739 0.185463 0.344171 3.09754 80 2 25 10 34536 0 
-58.978 22.774 0.185476 0.344171 3.09754 80 2 25 10 34537 0 
-58.9665 22.774 0.185488 0.344171 3.09754 80 2 25 10 34538 0 
-58.955 22.774 0.1855 0.344171 3.09754 80 2 25 10 34539 0 
-58.9436 22.7741 0.185513 0.344171 3.09754 80 2 25 10 34540 0 
-58.9321 22.7741 0.185525 0.344171 3.09754 80 2 25 10 34541 0 
-58.9206 22.7742 0.185538 0.344171 3.09754 80 2 25 10 34542 0 
-58.9092 22.7742 0.18555 0.344171 3.09754 80 2 25 10 34543 0 
-58.8977 22.7742 0.185563 0.344171 3.09754 80 2 25 10 34544 0 
-58.8862 22.7743 0.185575 0.344171 3.09754 80 2 25 10 34545 0 
-58.8747 22.7743 0.185588 0.344171 3.09754 80 2 25 10 34546 0 
-58.8633 22.7743 0.1856 0.344171 3.09754 80 2 25 10 34547 0 
-58.8518 22.7744 0.185612 0.344171 3.09754 80 2 25 10 34548 0 
-58.8403 22.7744 0.185625 0.344171 3.09754 80 2 25 10 34549 0 
-58.8289 22.7744 0.185637 0.344171 3.09754 80 2 25 10 34550 0 
-58.8174 22.7745 0.18565 0.344171 3.09754 80 2 25 10 34551 0 
-58.8059 22.7745 0.185662 0.344171 3.09754 80 2 25 10 34552 0 
-58.7944 22.7746 0.185675 0.344171 3.09754 80 2 25 10 34553 0 
-58.783 22.7746 0.185687 0.344171 3.09754 80 2 25 10 34554 0 
-58.7715 22.7746 0.1857 0.344171 3.09754 80 2 25 10 34555 0 
-58.76 22.7747 0.185712 0.344171 3.09754 80 2 25 10 34556 0 
-58.7486 22.7747 0.185725 0.344171 3.09754 80 2 25 10 34557 0 
-58.7371 22.7747 0.185737 0.344171 3.09754 80 2 25 10 34558 0 
-58.7256 22.7748 0.18575 0.344171 3.09754 80 2 25 10 34559 0 
-58.7142 22.7748 0.185762 0.344171 3.09754 80 2 25 10 34560 0 
-58.7027 22.7748 0.185775 0.344171 3.09754 80 2 25 10 34561 0 
-58.6912 22.7749 0.185787 0.344171 3.09754 80 2 25 10 34562 0 
-58.6797 22.7749 0.1858 0.344171 3.09754 80 2 25 10 34563 0 
-58.6683 22.775 0.185812 0.344171 3.09754 80 2 25 10 34564 0 
-58.6568 22.775 0.185825 0.344171 3.09754 80 2 25 10 34565 0 
-58.6453 22.775 0.185837 0.344171 3.09754 80 2 25 10 34566 0 
-58.6339 22.7751 0.18585 0.344171 3.09754 80 2 25 10 34567 0 
-58.6224 22.7751 0.185862 0.344171 3.09754 80 2 25 10 34568 0 
-58.6109 22.7752 0.185875 0.344171 3.09754 80 2 25 10 34569 0 
-58.5994 22.7752 0.185887 0.344171 3.09754 80 2 25 10 34570 0 
-58.588 22.7752 0.185899 0.344171 3.09754 80 2 25 10 34571 0 
-58.5765 22.7753 0.185912 0.344171 3.09754 80 2 25 10 34572 0 
-58.565 22.7753 0.185924 0.344171 3.09754 80 2 25 10 34573 0 
-58.5536 22.7753 0.185937 0.344171 3.09754 80 2 25 10 34574 0 
-58.5421 22.7754 0.185949 0.344171 3.09754 80 2 25 10 34575 0 
-58.5306 22.7754 0.185962 0.344171 3.09754 80 2 25 10 34576 0 
-58.5191 22.7755 0.185974 0.344171 3.09754 80 2 25 10 34577 0 
-58.5077 22.7755 0.185987 0.344171 3.09754 80 2 25 10 34578 0 
-58.4962 22.7755 0.185999 0.344171 3.09754 80 2 25 10 34579 0 
-58.4847 22.7756 0.186012 0.344171 3.09754 80 2 25 10 34580 0 
-58.4733 22.7756 0.186024 0.344171 3.09754 80 2 25 10 34581 0 
-58.4618 22.7756 0.186037 0.344171 3.09754 80 2 25 10 34582 0 
-58.4503 22.7757 0.186049 0.344171 3.09754 80 2 25 10 34583 0 
-58.4389 22.7757 0.186062 0.344171 3.09754 80 2 25 10 34584 0 
-58.4274 22.7758 0.186074 0.344171 3.09754 80 2 25 10 34585 0 
-58.4159 22.7758 0.186087 0.344171 3.09754 80 2 25 10 34586 0 
-58.4044 22.7758 0.186099 0.344171 3.09754 80 2 25 10 34587 0 
-58.393 22.7759 0.186112 0.344171 3.09754 80 2 25 10 34588 0 
-58.3815 22.7759 0.186124 0.344171 3.09754 80 2 25 10 34589 0 
-58.37 22.776 0.186137 0.344171 3.09754 80 2 25 10 34590 0 
-58.3586 22.776 0.186149 0.344171 3.09754 80 2 25 10 34591 0 
-58.3471 22.776 0.186162 0.344171 3.09754 80 2 25 10 34592 0 
-58.3356 22.7761 0.186174 0.344171 3.09754 80 2 25 10 34593 0 
-58.3241 22.7761 0.186187 0.344171 3.09754 80 2 25 10 34594 0 
-58.3127 22.7761 0.186199 0.344171 3.09754 80 2 25 10 34595 0 
-58.3012 22.7762 0.186212 0.344171 3.09754 80 2 25 10 34596 0 
-58.2897 22.7762 0.186224 0.344171 3.09754 80 2 25 10 34597 0 
-58.2783 22.7763 0.186237 0.344171 3.09754 80 2 25 10 34598 0 
-58.2668 22.7763 0.186249 0.344171 3.09754 80 2 25 10 34599 0 
-58.2553 22.7763 0.186262 0.344171 3.09754 80 2 25 10 34600 0 
-58.2439 22.7764 0.186274 0.344171 3.09754 80 2 25 10 34601 0 
-58.2324 22.7764 0.186287 0.344171 3.09754 80 2 25 10 34602 0 
-58.2209 22.7764 0.186299 0.344171 3.09754 80 2 25 10 34603 0 
-58.2094 22.7765 0.186312 0.344171 3.09754 80 2 25 10 34604 0 
-58.198 22.7765 0.186324 0.344171 3.09754 80 2 25 10 34605 0 
-58.1865 22.7766 0.186337 0.344171 3.09754 80 2 25 10 34606 0 
-58.175 22.7766 0.186349 0.344171 3.09754 80 2 25 10 34607 0 
-58.1636 22.7766 0.186362 0.344171 3.09754 80 2 25 10 34608 0 
-58.1521 22.7767 0.186374 0.344171 3.09754 80 2 25 10 34609 0 
-58.1406 22.7767 0.186387 0.344171 3.09754 80 2 25 10 34610 0 
-58.1291 22.7768 0.186399 0.344171 3.09754 80 2 25 10 34611 0 
-58.1177 22.7768 0.186412 0.344171 3.09754 80 2 25 10 34612 0 
-58.1062 22.7768 0.186424 0.344171 3.09754 80 2 25 10 34613 0 
-58.0947 22.7769 0.186437 0.344171 3.09754 80 2 25 10 34614 0 
-58.0833 22.7769 0.186449 0.344171 3.09754 80 2 25 10 34615 0 
-58.0718 22.7769 0.186462 0.344171 3.09754 80 2 25 10 34616 0 
-58.0603 22.777 0.186474 0.344171 3.09754 80 2 25 10 34617 0 
-58.0488 22.777 0.186487 0.344171 3.09754 80 2 25 10 34618 0 
-58.0374 22.7771 0.186499 0.344171 3.09754 80 2 25 10 34619 0 
-58.0259 22.7771 0.186512 0.344171 3.09754 80 2 25 10 34620 0 
-58.0144 22.7771 0.186524 0.344171 3.09754 80 2 25 10 34621 0 
-58.003 22.7772 0.186537 0.344171 3.09754 80 2 25 10 34622 0 
-57.9915 22.7772 0.186549 0.344171 3.09754 80 2 25 10 34623 0 
-57.98 22.7772 0.186562 0.344171 3.09754 80 2 25 10 34624 0 
-57.9686 22.7773 0.186574 0.344171 3.09754 80 2 25 10 34625 0 
-57.9571 22.7773 0.186587 0.344171 3.09754 80 2 25 10 34626 0 
-57.9456 22.7774 0.186599 0.344171 3.09754 80 2 25 10 34627 0 
-57.9341 22.7774 0.186612 0.344171 3.09754 80 2 25 10 34628 0 
-57.9227 22.7774 0.186624 0.344171 3.09754 80 2 25 10 34629 0 
-57.9112 22.7775 0.186637 0.344171 3.09754 80 2 25 10 34630 0 
-57.8997 22.7775 0.186649 0.344171 3.09754 80 2 25 10 34631 0 
-57.8883 22.7776 0.186662 0.344171 3.09754 80 2 25 10 34632 0 
-57.8768 22.7776 0.186674 0.344171 3.09754 80 2 25 10 34633 0 
-57.8653 22.7776 0.186687 0.344171 3.09754 80 2 25 10 34634 0 
-57.8538 22.7777 0.186699 0.344171 3.09754 80 2 25 10 34635 0 
-57.8424 22.7777 0.186712 0.344171 3.09754 80 2 25 10 34636 0 
-57.8309 22.7777 0.186724 0.344171 3.09754 80 2 25 10 34637 0 
-57.8194 22.7778 0.186737 0.344171 3.09754 80 2 25 10 34638 0 
-57.808 22.7778 0.18675 0.344171 3.09754 80 2 25 10 34639 0 
-57.7965 22.7779 0.186762 0.344171 3.09754 80 2 25 10 34640 0 
-57.785 22.7779 0.186775 0.344171 3.09754 80 2 25 10 34641 0 
-57.7735 22.7779 0.186787 0.344171 3.09754 80 2 25 10 34642 0 
-57.7621 22.778 0.1868 0.344171 3.09754 80 2 25 10 34643 0 
-57.7506 22.778 0.186812 0.344171 3.09754 80 2 25 10 34644 0 
-57.7391 22.778 0.186825 0.344171 3.09754 80 2 25 10 34645 0 
-57.7277 22.7781 0.186837 0.344171 3.09754 80 2 25 10 34646 0 
-57.7162 22.7781 0.18685 0.344171 3.09754 80 2 25 10 34647 0 
-57.7047 22.7782 0.186862 0.344171 3.09754 80 2 25 10 34648 0 
-57.6933 22.7782 0.186875 0.344171 3.09754 80 2 25 10 34649 0 
-57.6818 22.7782 0.186887 0.344171 3.09754 80 2 25 10 34650 0 
-57.6703 22.7783 0.1869 0.344171 3.09754 80 2 25 10 34651 0 
-57.6588 22.7783 0.186913 0.344171 3.09754 80 2 25 10 34652 0 
-57.6474 22.7784 0.186925 0.344171 3.09754 80 2 25 10 34653 0 
-57.6359 22.7784 0.186938 0.344171 3.09754 80 2 25 10 34654 0 
-57.6244 22.7784 0.18695 0.344171 3.09754 80 2 25 10 34655 0 
-57.613 22.7785 0.186963 0.344171 3.09754 80 2 25 10 34656 0 
-57.6015 22.7785 0.186975 0.344171 3.09754 80 2 25 10 34657 0 
-57.59 22.7785 0.186988 0.344171 3.09754 80 2 25 10 34658 0 
-57.5785 22.7786 0.187 0.344171 3.09754 80 2 25 10 34659 0 
-57.5671 22.7786 0.187013 0.344171 3.09754 80 2 25 10 34660 0 
-57.5556 22.7787 0.187026 0.344171 3.09754 80 2 25 10 34661 0 
-57.5441 22.7787 0.187038 0.344171 3.09754 80 2 25 10 34662 0 
-57.5327 22.7787 0.187051 0.344171 3.09754 80 2 25 10 34663 0 
-57.5212 22.7788 0.187063 0.344171 3.09754 80 2 25 10 34664 0 
-57.5097 22.7788 0.187076 0.344171 3.09754 80 2 25 10 34665 0 
-57.4982 22.7789 0.187088 0.344171 3.09754 80 2 25 10 34666 0 
-57.4868 22.7789 0.187101 0.344171 3.09754 80 2 25 10 34667 0 
-57.4753 22.7789 0.187114 0.344171 3.09754 80 2 25 10 34668 0 
-57.4638 22.779 0.187126 0.344171 3.09754 80 2 25 10 34669 0 
-57.4524 22.779 0.187139 0.344171 3.09754 80 2 25 10 34670 0 
-57.4409 22.779 0.187151 0.344171 3.09754 80 2 25 10 34671 0 
-57.4294 22.7791 0.187164 0.344171 3.09754 80 2 25 10 34672 0 
-57.418 22.7791 0.187177 0.344171 3.09754 80 2 25 10 34673 0 
-57.4065 22.7792 0.187189 0.344171 3.09754 80 2 25 10 34674 0 
-57.395 22.7792 0.187202 0.344171 3.09754 80 2 25 10 34675 0 
-57.3835 22.7792 0.187214 0.344171 3.09754 80 2 25 10 34676 0 
-57.3721 22.7793 0.187227 0.344171 3.09754 80 2 25 10 34677 0 
-57.3606 22.7793 0.18724 0.344171 3.09754 80 2 25 10 34678 0 
-57.3491 22.7793 0.187252 0.344171 3.09754 80 2 25 10 34679 0 
-57.3377 22.7794 0.187265 0.344171 3.09754 80 2 25 10 34680 0 
-57.3262 22.7794 0.187277 0.344171 3.09754 80 2 25 10 34681 0 
-57.3147 22.7795 0.18729 0.344171 3.09754 80 2 25 10 34682 0 
-57.3032 22.7795 0.187303 0.344171 3.09754 80 2 25 10 34683 0 
-57.2918 22.7795 0.187315 0.344171 3.09754 80 2 25 10 34684 0 
-57.2803 22.7796 0.187328 0.344171 3.09754 80 2 25 10 34685 0 
-57.2688 22.7796 0.18734 0.344171 3.09754 80 2 25 10 34686 0 
-57.2574 22.7797 0.187353 0.344171 3.09754 80 2 25 10 34687 0 
-57.2459 22.7797 0.187366 0.344171 3.09754 80 2 25 10 34688 0 
-57.2344 22.7797 0.187378 0.344171 3.09754 80 2 25 10 34689 0 
-57.2229 22.7798 0.187391 0.344171 3.09754 80 2 25 10 34690 0 
-57.2115 22.7798 0.187403 0.344171 3.09754 80 2 25 10 34691 0 
-57.2 22.7798 0.187416 0.344171 3.09754 80 2 25 10 34692 0 
-57.1885 22.7799 0.187429 0.344171 3.09754 80 2 25 10 34693 0 
-57.1771 22.7799 0.187441 0.344171 3.09754 80 2 25 10 34694 0 
-57.1656 22.78 0.187454 0.344171 3.09754 80 2 25 10 34695 0 
-57.1541 22.78 0.187467 0.344171 3.09754 80 2 25 10 34696 0 
-57.1427 22.78 0.187479 0.344171 3.09754 80 2 25 10 34697 0 
-57.1312 22.7801 0.187492 0.344171 3.09754 80 2 25 10 34698 0 
-57.1197 22.7801 0.187504 0.344171 3.09754 80 2 25 10 34699 0 
-57.1082 22.7801 0.187517 0.344171 3.09754 80 2 25 10 34700 0 
-57.0968 22.7802 0.18753 0.344171 3.09754 80 2 25 10 34701 0 
-57.0853 22.7802 0.187542 0.344171 3.09754 80 2 25 10 34702 0 
-57.0738 22.7803 0.187555 0.344171 3.09754 80 2 25 10 34703 0 
-57.0624 22.7803 0.187568 0.344171 3.09754 80 2 25 10 34704 0 
-57.0509 22.7803 0.18758 0.344171 3.09754 80 2 25 10 34705 0 
-57.0394 22.7804 0.187593 0.344171 3.09754 80 2 25 10 34706 0 
-57.0279 22.7804 0.187606 0.344171 3.09754 80 2 25 10 34707 0 
-57.0165 22.7805 0.187618 0.344171 3.09754 80 2 25 10 34708 0 
-57.005 22.7805 0.187631 0.344171 3.09754 80 2 25 10 34709 0 
-56.9935 22.7805 0.187644 0.344171 3.09754 80 2 25 10 34710 0 
-56.9821 22.7806 0.187656 0.344171 3.09754 80 2 25 10 34711 0 
-56.9706 22.7806 0.187669 0.344171 3.09754 80 2 25 10 34712 0 
-56.9591 22.7806 0.187681 0.344171 3.09754 80 2 25 10 34713 0 
-56.9477 22.7807 0.187694 0.344171 3.09754 80 2 25 10 34714 0 
-56.9362 22.7807 0.187707 0.344171 3.09754 80 2 25 10 34715 0 
-56.9247 22.7808 0.187719 0.344171 3.09754 80 2 25 10 34716 0 
-56.9132 22.7808 0.187732 0.344171 3.09754 80 2 25 10 34717 0 
-56.9018 22.7808 0.187745 0.344171 3.09754 80 2 25 10 34718 0 
-56.8903 22.7809 0.187757 0.344171 3.09754 80 2 25 10 34719 0 
-56.8788 22.7809 0.18777 0.344171 3.09754 80 2 25 10 34720 0 
-56.8674 22.7809 0.187783 0.344171 3.09754 80 2 25 10 34721 0 
-56.8559 22.781 0.187796 0.344171 3.09754 80 2 25 10 34722 0 
-56.8444 22.781 0.187808 0.344171 3.09754 80 2 25 10 34723 0 
-56.8329 22.7811 0.187821 0.344171 3.09754 80 2 25 10 34724 0 
-56.8215 22.7811 0.187834 0.344171 3.09754 80 2 25 10 34725 0 
-56.81 22.7811 0.187846 0.344171 3.09754 80 2 25 10 34726 0 
-56.7985 22.7812 0.187859 0.344171 3.09754 80 2 25 10 34727 0 
-56.7871 22.7812 0.187872 0.344171 3.09754 80 2 25 10 34728 0 
-56.7756 22.7813 0.187884 0.344171 3.09754 80 2 25 10 34729 0 
-56.7641 22.7813 0.187897 0.344171 3.09754 80 2 25 10 34730 0 
-56.7526 22.7813 0.18791 0.344171 3.09754 80 2 25 10 34731 0 
-56.7412 22.7814 0.187922 0.344171 3.09754 80 2 25 10 34732 0 
-56.7297 22.7814 0.187935 0.344171 3.09754 80 2 25 10 34733 0 
-56.7182 22.7814 0.187948 0.344171 3.09754 80 2 25 10 34734 0 
-56.7068 22.7815 0.187961 0.344171 3.09754 80 2 25 10 34735 0 
-56.6953 22.7815 0.187973 0.344171 3.09754 80 2 25 10 34736 0 
-56.6838 22.7816 0.187986 0.344171 3.09754 80 2 25 10 34737 0 
-56.6724 22.7816 0.187999 0.344171 3.09754 80 2 25 10 34738 0 
-56.6609 22.7816 0.188011 0.344171 3.09754 80 2 25 10 34739 0 
-56.6494 22.7817 0.188024 0.344171 3.09754 80 2 25 10 34740 0 
-56.6379 22.7817 0.188037 0.344171 3.09754 80 2 25 10 34741 0 
-56.6265 22.7817 0.188049 0.344171 3.09754 80 2 25 10 34742 0 
-56.615 22.7818 0.188062 0.344171 3.09754 80 2 25 10 34743 0 
-56.6035 22.7818 0.188075 0.344171 3.09754 80 2 25 10 34744 0 
-56.5921 22.7819 0.188088 0.344171 3.09754 80 2 25 10 34745 0 
-56.5806 22.7819 0.1881 0.344171 3.09754 80 2 25 10 34746 0 
-56.5691 22.7819 0.188113 0.344171 3.09754 80 2 25 10 34747 0 
-56.5576 22.782 0.188126 0.344171 3.09754 80 2 25 10 34748 0 
-56.5462 22.782 0.188139 0.344171 3.09754 80 2 25 10 34749 0 
-56.5347 22.7821 0.188151 0.344171 3.09754 80 2 25 10 34750 0 
-56.5232 22.7821 0.188164 0.344171 3.09754 80 2 25 10 34751 0 
-56.5118 22.7821 0.188177 0.344171 3.09754 80 2 25 10 34752 0 
-56.5003 22.7822 0.18819 0.344171 3.09754 80 2 25 10 34753 0 
-56.4888 22.7822 0.188202 0.344171 3.09754 80 2 25 10 34754 0 
-56.4773 22.7822 0.188215 0.344171 3.09754 80 2 25 10 34755 0 
-56.4659 22.7823 0.188228 0.344171 3.09754 80 2 25 10 34756 0 
-56.4544 22.7823 0.18824 0.344171 3.09754 80 2 25 10 34757 0 
-56.4429 22.7824 0.188253 0.344171 3.09754 80 2 25 10 34758 0 
-56.4315 22.7824 0.188266 0.344171 3.09754 80 2 25 10 34759 0 
-56.42 22.7824 0.188279 0.344171 3.09754 80 2 25 10 34760 0 
-56.4085 22.7825 0.188292 0.344171 3.09754 80 2 25 10 34761 0 
-56.3971 22.7825 0.188304 0.344171 3.09754 80 2 25 10 34762 0 
-56.3856 22.7826 0.188317 0.344171 3.09754 80 2 25 10 34763 0 
-56.3741 22.7826 0.18833 0.344171 3.09754 80 2 25 10 34764 0 
-56.3626 22.7826 0.188343 0.344171 3.09754 80 2 25 10 34765 0 
-56.3512 22.7827 0.188355 0.344171 3.09754 80 2 25 10 34766 0 
-56.3397 22.7827 0.188368 0.344171 3.09754 80 2 25 10 34767 0 
-56.3282 22.7827 0.188381 0.344171 3.09754 80 2 25 10 34768 0 
-56.3168 22.7828 0.188394 0.344171 3.09754 80 2 25 10 34769 0 
-56.3053 22.7828 0.188406 0.344171 3.09754 80 2 25 10 34770 0 
-56.2938 22.7829 0.188419 0.344171 3.09754 80 2 25 10 34771 0 
-56.2823 22.7829 0.188432 0.344171 3.09754 80 2 25 10 34772 0 
-56.2709 22.7829 0.188445 0.344171 3.09754 80 2 25 10 34773 0 
-56.2594 22.783 0.188458 0.344171 3.09754 80 2 25 10 34774 0 
-56.2479 22.783 0.18847 0.344171 3.09754 80 2 25 10 34775 0 
-56.2365 22.783 0.188483 0.344171 3.09754 80 2 25 10 34776 0 
-56.225 22.7831 0.188496 0.344171 3.09754 80 2 25 10 34777 0 
-56.2135 22.7831 0.188509 0.344171 3.09754 80 2 25 10 34778 0 
-56.202 22.7832 0.188521 0.344171 3.09754 80 2 25 10 34779 0 
-56.1906 22.7832 0.188534 0.344171 3.09754 80 2 25 10 34780 0 
-56.1791 22.7832 0.188547 0.344171 3.09754 80 2 25 10 34781 0 
-56.1676 22.7833 0.18856 0.344171 3.09754 80 2 25 10 34782 0 
-56.1562 22.7833 0.188573 0.344171 3.09754 80 2 25 10 34783 0 
-56.1447 22.7834 0.188585 0.344171 3.09754 80 2 25 10 34784 0 
-56.1332 22.7834 0.188598 0.344171 3.09754 80 2 25 10 34785 0 
-56.1218 22.7834 0.188611 0.344171 3.09754 80 2 25 10 34786 0 
-56.1103 22.7835 0.188624 0.344171 3.09754 80 2 25 10 34787 0 
-56.0988 22.7835 0.188637 0.344171 3.09754 80 2 25 10 34788 0 
-56.0873 22.7835 0.18865 0.344171 3.09754 80 2 25 10 34789 0 
-56.0759 22.7836 0.188662 0.344171 3.09754 80 2 25 10 34790 0 
-56.0644 22.7836 0.188675 0.344171 3.09754 80 2 25 10 34791 0 
-56.0529 22.7837 0.188688 0.344171 3.09754 80 2 25 10 34792 0 
-56.0415 22.7837 0.188701 0.344171 3.09754 80 2 25 10 34793 0 
-56.03 22.7837 0.188714 0.344171 3.09754 80 2 25 10 34794 0 
-56.0185 22.7838 0.188726 0.344171 3.09754 80 2 25 10 34795 0 
-56.007 22.7838 0.188739 0.344171 3.09754 80 2 25 10 34796 0 
-55.9956 22.7838 0.188752 0.344171 3.09754 80 2 25 10 34797 0 
-55.9841 22.7839 0.188765 0.344171 3.09754 80 2 25 10 34798 0 
-55.9726 22.7839 0.188778 0.344171 3.09754 80 2 25 10 34799 0 
-55.9612 22.784 0.188791 0.344171 3.09754 80 2 25 10 34800 0 
-55.9497 22.784 0.188803 0.344171 3.09754 80 2 25 10 34801 0 
-55.9382 22.784 0.188816 0.344171 3.09754 80 2 25 10 34802 0 
-55.9268 22.7841 0.188829 0.344171 3.09754 80 2 25 10 34803 0 
-55.9153 22.7841 0.188842 0.344171 3.09754 80 2 25 10 34804 0 
-55.9038 22.7842 0.188855 0.344171 3.09754 80 2 25 10 34805 0 
-55.8923 22.7842 0.188868 0.344171 3.09754 80 2 25 10 34806 0 
-55.8809 22.7842 0.188881 0.344171 3.09754 80 2 25 10 34807 0 
-55.8694 22.7843 0.188893 0.344171 3.09754 80 2 25 10 34808 0 
-55.8579 22.7843 0.188906 0.344171 3.09754 80 2 25 10 34809 0 
-55.8465 22.7843 0.188919 0.344171 3.09754 80 2 25 10 34810 0 
-55.835 22.7844 0.188932 0.344171 3.09754 80 2 25 10 34811 0 
-55.8235 22.7844 0.188945 0.344171 3.09754 80 2 25 10 34812 0 
-55.812 22.7845 0.188958 0.344171 3.09754 80 2 25 10 34813 0 
-55.8006 22.7845 0.188971 0.344171 3.09754 80 2 25 10 34814 0 
-55.7891 22.7845 0.188984 0.344171 3.09754 80 2 25 10 34815 0 
-55.7776 22.7846 0.188996 0.344171 3.09754 80 2 25 10 34816 0 
-55.7662 22.7846 0.189009 0.344171 3.09754 80 2 25 10 34817 0 
-55.7547 22.7846 0.189022 0.344171 3.09754 80 2 25 10 34818 0 
-55.7432 22.7847 0.189035 0.344171 3.09754 80 2 25 10 34819 0 
-55.7317 22.7847 0.189048 0.344171 3.09754 80 2 25 10 34820 0 
-55.7203 22.7848 0.189061 0.344171 3.09754 80 2 25 10 34821 0 
-55.7088 22.7848 0.189074 0.344171 3.09754 80 2 25 10 34822 0 
-55.6973 22.7848 0.189087 0.344171 3.09754 80 2 25 10 34823 0 
-55.6859 22.7849 0.189099 0.344171 3.09754 80 2 25 10 34824 0 
-55.6744 22.7849 0.189112 0.344171 3.09754 80 2 25 10 34825 0 
-55.6629 22.785 0.189125 0.344171 3.09754 80 2 25 10 34826 0 
-55.6515 22.785 0.189138 0.344171 3.09754 80 2 25 10 34827 0 
-55.64 22.785 0.189151 0.344171 3.09754 80 2 25 10 34828 0 
-55.6285 22.7851 0.189164 0.344171 3.09754 80 2 25 10 34829 0 
-55.617 22.7851 0.189177 0.344171 3.09754 80 2 25 10 34830 0 
-55.6056 22.7851 0.18919 0.344171 3.09754 80 2 25 10 34831 0 
-55.5941 22.7852 0.189203 0.344171 3.09754 80 2 25 10 34832 0 
-55.5826 22.7852 0.189216 0.344171 3.09754 80 2 25 10 34833 0 
-55.5712 22.7853 0.189228 0.344171 3.09754 80 2 25 10 34834 0 
-55.5597 22.7853 0.189241 0.344171 3.09754 80 2 25 10 34835 0 
-55.5482 22.7853 0.189254 0.344171 3.09754 80 2 25 10 34836 0 
-55.5367 22.7854 0.189267 0.344171 3.09754 80 2 25 10 34837 0 
-55.5253 22.7854 0.18928 0.344171 3.09754 80 2 25 10 34838 0 
-55.5138 22.7854 0.189293 0.344171 3.09754 80 2 25 10 34839 0 
-55.5023 22.7855 0.189306 0.344171 3.09754 80 2 25 10 34840 0 
-55.4909 22.7855 0.189319 0.344171 3.09754 80 2 25 10 34841 0 
-55.4794 22.7856 0.189332 0.344171 3.09754 80 2 25 10 34842 0 
-55.4679 22.7856 0.189345 0.344171 3.09754 80 2 25 10 34843 0 
-55.4564 22.7856 0.189358 0.344171 3.09754 80 2 25 10 34844 0 
-55.445 22.7857 0.189371 0.344171 3.09754 80 2 25 10 34845 0 
-55.4335 22.7857 0.189384 0.344171 3.09754 80 2 25 10 34846 0 
-55.422 22.7858 0.189397 0.344171 3.09754 80 2 25 10 34847 0 
-55.4106 22.7858 0.189409 0.344171 3.09754 80 2 25 10 34848 0 
-55.3991 22.7858 0.189422 0.344171 3.09754 80 2 25 10 34849 0 
-55.3876 22.7859 0.189435 0.344171 3.09754 80 2 25 10 34850 0 
-55.3762 22.7859 0.189448 0.344171 3.09754 80 2 25 10 34851 0 
-55.3647 22.7859 0.189461 0.344171 3.09754 80 2 25 10 34852 0 
-55.3532 22.786 0.189474 0.344171 3.09754 80 2 25 10 34853 0 
-55.3417 22.786 0.189487 0.344171 3.09754 80 2 25 10 34854 0 
-55.3303 22.7861 0.1895 0.344171 3.09754 80 2 25 10 34855 0 
-55.3188 22.7861 0.189513 0.344171 3.09754 80 2 25 10 34856 0 
-55.3073 22.7861 0.189526 0.344171 3.09754 80 2 25 10 34857 0 
-55.2959 22.7862 0.189539 0.344171 3.09754 80 2 25 10 34858 0 
-55.2844 22.7862 0.189552 0.344171 3.09754 80 2 25 10 34859 0 
-55.2729 22.7863 0.189565 0.344171 3.09754 80 2 25 10 34860 0 
-55.2614 22.7863 0.189578 0.344171 3.09754 80 2 25 10 34861 0 
-55.25 22.7863 0.189591 0.344171 3.09754 80 2 25 10 34862 0 
-55.2385 22.7864 0.189604 0.344171 3.09754 80 2 25 10 34863 0 
-55.227 22.7864 0.189617 0.344171 3.09754 80 2 25 10 34864 0 
-55.2156 22.7864 0.18963 0.344171 3.09754 80 2 25 10 34865 0 
-55.2041 22.7865 0.189643 0.344171 3.09754 80 2 25 10 34866 0 
-55.1926 22.7865 0.189656 0.344171 3.09754 80 2 25 10 34867 0 
-55.1811 22.7866 0.189669 0.344171 3.09754 80 2 25 10 34868 0 
-55.1697 22.7866 0.189682 0.344171 3.09754 80 2 25 10 34869 0 
-55.1582 22.7866 0.189695 0.344171 3.09754 80 2 25 10 34870 0 
-55.1467 22.7867 0.189708 0.344171 3.09754 80 2 25 10 34871 0 
-55.1353 22.7867 0.189721 0.344171 3.09754 80 2 25 10 34872 0 
-55.1238 22.7867 0.189734 0.344171 3.09754 80 2 25 10 34873 0 
-55.1123 22.7868 0.189747 0.344171 3.09754 80 2 25 10 34874 0 
-55.1009 22.7868 0.18976 0.344171 3.09754 80 2 25 10 34875 0 
-55.0894 22.7869 0.189773 0.344171 3.09754 80 2 25 10 34876 0 
-55.0779 22.7869 0.189786 0.344171 3.09754 80 2 25 10 34877 0 
-55.0664 22.7869 0.189799 0.344171 3.09754 80 2 25 10 34878 0 
-55.055 22.787 0.189812 0.344171 3.09754 80 2 25 10 34879 0 
-55.0435 22.787 0.189825 0.344171 3.09754 80 2 25 10 34880 0 
-55.032 22.7871 0.189838 0.344171 3.09754 80 2 25 10 34881 0 
-55.0206 22.7871 0.189851 0.344171 3.09754 80 2 25 10 34882 0 
-55.0091 22.7871 0.189864 0.344171 3.09754 80 2 25 10 34883 0 
-54.9976 22.7872 0.189877 0.344171 3.09754 80 2 25 10 34884 0 
-54.9861 22.7872 0.18989 0.344171 3.09754 80 2 25 10 34885 0 
-54.9747 22.7872 0.189903 0.344171 3.09754 80 2 25 10 34886 0 
-54.9632 22.7873 0.189916 0.344171 3.09754 80 2 25 10 34887 0 
-54.9517 22.7873 0.189929 0.344171 3.09754 80 2 25 10 34888 0 
-54.9403 22.7874 0.189942 0.344171 3.09754 80 2 25 10 34889 0 
-54.9288 22.7874 0.189955 0.344171 3.09754 80 2 25 10 34890 0 
-54.9173 22.7874 0.189968 0.344171 3.09754 80 2 25 10 34891 0 
-54.9058 22.7875 0.189981 0.344171 3.09754 80 2 25 10 34892 0 
-54.8944 22.7875 0.189994 0.344171 3.09754 80 2 25 10 34893 0 
-54.8829 22.7875 0.190007 0.344171 3.09754 80 2 25 10 34894 0 
-54.8714 22.7876 0.19002 0.344171 3.09754 80 2 25 10 34895 0 
-54.86 22.7876 0.190033 0.344171 3.09754 80 2 25 10 34896 0 
-54.8485 22.7877 0.190046 0.344171 3.09754 80 2 25 10 34897 0 
-54.837 22.7877 0.190059 0.344171 3.09754 80 2 25 10 34898 0 
-54.8256 22.7877 0.190073 0.344171 3.09754 80 2 25 10 34899 0 
-54.8141 22.7878 0.190086 0.344171 3.09754 80 2 25 10 34900 0 
-54.8026 22.7878 0.190099 0.344171 3.09754 80 2 25 10 34901 0 
-54.7911 22.7879 0.190112 0.344171 3.09754 80 2 25 10 34902 0 
-54.7797 22.7879 0.190125 0.344171 3.09754 80 2 25 10 34903 0 
-54.7682 22.7879 0.190138 0.344171 3.09754 80 2 25 10 34904 0 
-54.7567 22.788 0.190151 0.344171 3.09754 80 2 25 10 34905 0 
-54.7453 22.788 0.190164 0.344171 3.09754 80 2 25 10 34906 0 
-54.7338 22.788 0.190177 0.344171 3.09754 80 2 25 10 34907 0 
-54.7223 22.7881 0.19019 0.344171 3.09754 80 2 25 10 34908 0 
-54.7108 22.7881 0.190203 0.344171 3.09754 80 2 25 10 34909 0 
-54.6994 22.7882 0.190216 0.344171 3.09754 80 2 25 10 34910 0 
-54.6879 22.7882 0.190229 0.344171 3.09754 80 2 25 10 34911 0 
-54.6764 22.7882 0.190242 0.344171 3.09754 80 2 25 10 34912 0 
-54.665 22.7883 0.190256 0.344171 3.09754 80 2 25 10 34913 0 
-54.6535 22.7883 0.190269 0.344171 3.09754 80 2 25 10 34914 0 
-54.642 22.7883 0.190282 0.344171 3.09754 80 2 25 10 34915 0 
-54.6306 22.7884 0.190295 0.344171 3.09754 80 2 25 10 34916 0 
-54.6191 22.7884 0.190308 0.344171 3.09754 80 2 25 10 34917 0 
-54.6076 22.7885 0.190321 0.344171 3.09754 80 2 25 10 34918 0 
-54.5961 22.7885 0.190334 0.344171 3.09754 80 2 25 10 34919 0 
-54.5847 22.7885 0.190347 0.344171 3.09754 80 2 25 10 34920 0 
-54.5732 22.7886 0.19036 0.344171 3.09754 80 2 25 10 34921 0 
-54.5617 22.7886 0.190373 0.344171 3.09754 80 2 25 10 34922 0 
-54.5503 22.7887 0.190387 0.344171 3.09754 80 2 25 10 34923 0 
-54.5388 22.7887 0.1904 0.344171 3.09754 80 2 25 10 34924 0 
-54.5273 22.7887 0.190413 0.344171 3.09754 80 2 25 10 34925 0 
-54.5158 22.7888 0.190426 0.344171 3.09754 80 2 25 10 34926 0 
-54.5044 22.7888 0.190439 0.344171 3.09754 80 2 25 10 34927 0 
-54.4929 22.7888 0.190452 0.344171 3.09754 80 2 25 10 34928 0 
-54.4814 22.7889 0.190465 0.344171 3.09754 80 2 25 10 34929 0 
-54.47 22.7889 0.190478 0.344171 3.09754 80 2 25 10 34930 0 
-54.4585 22.789 0.190491 0.344171 3.09754 80 2 25 10 34931 0 
-54.447 22.789 0.190505 0.344171 3.09754 80 2 25 10 34932 0 
-54.4355 22.789 0.190518 0.344171 3.09754 80 2 25 10 34933 0 
-54.4241 22.7891 0.190531 0.344171 3.09754 80 2 25 10 34934 0 
-54.4126 22.7891 0.190544 0.344171 3.09754 80 2 25 10 34935 0 
-54.4011 22.7892 0.190557 0.344171 3.09754 80 2 25 10 34936 0 
-54.3897 22.7892 0.19057 0.344171 3.09754 80 2 25 10 34937 0 
-54.3782 22.7892 0.190583 0.344171 3.09754 80 2 25 10 34938 0 
-54.3667 22.7893 0.190597 0.344171 3.09754 80 2 25 10 34939 0 
-54.3553 22.7893 0.19061 0.344171 3.09754 80 2 25 10 34940 0 
-54.3438 22.7893 0.190623 0.344171 3.09754 80 2 25 10 34941 0 
-54.3323 22.7894 0.190636 0.344171 3.09754 80 2 25 10 34942 0 
-54.3208 22.7894 0.190649 0.344171 3.09754 80 2 25 10 34943 0 
-54.3094 22.7895 0.190662 0.344171 3.09754 80 2 25 10 34944 0 
-54.2979 22.7895 0.190676 0.344171 3.09754 80 2 25 10 34945 0 
-54.2864 22.7895 0.190689 0.344171 3.09754 80 2 25 10 34946 0 
-54.275 22.7896 0.190702 0.344171 3.09754 80 2 25 10 34947 0 
-54.2635 22.7896 0.190715 0.344171 3.09754 80 2 25 10 34948 0 
-54.252 22.7896 0.190728 0.344171 3.09754 80 2 25 10 34949 0 
-54.2405 22.7897 0.190741 0.344171 3.09754 80 2 25 10 34950 0 
-54.2291 22.7897 0.190755 0.344171 3.09754 80 2 25 10 34951 0 
-54.2176 22.7898 0.190768 0.344171 3.09754 80 2 25 10 34952 0 
-54.2061 22.7898 0.190781 0.344171 3.09754 80 2 25 10 34953 0 
-54.1947 22.7898 0.190794 0.344171 3.09754 80 2 25 10 34954 0 
-54.1832 22.7899 0.190807 0.344171 3.09754 80 2 25 10 34955 0 
-54.1717 22.7899 0.19082 0.344171 3.09754 80 2 25 10 34956 0 
-54.1602 22.79 0.190834 0.344171 3.09754 80 2 25 10 34957 0 
-54.1488 22.79 0.190847 0.344171 3.09754 80 2 25 10 34958 0 
-54.1373 22.79 0.19086 0.344171 3.09754 80 2 25 10 34959 0 
-54.1258 22.7901 0.190873 0.344171 3.09754 80 2 25 10 34960 0 
-54.1144 22.7901 0.190886 0.344171 3.09754 80 2 25 10 34961 0 
-54.1029 22.7901 0.1909 0.344171 3.09754 80 2 25 10 34962 0 
-54.0914 22.7902 0.190913 0.344171 3.09754 80 2 25 10 34963 0 
-54.08 22.7902 0.190926 0.344171 3.09754 80 2 25 10 34964 0 
-54.0685 22.7903 0.190939 0.344171 3.09754 80 2 25 10 34965 0 
-54.057 22.7903 0.190952 0.344171 3.09754 80 2 25 10 34966 0 
-54.0455 22.7903 0.190966 0.344171 3.09754 80 2 25 10 34967 0 
-54.0341 22.7904 0.190979 0.344171 3.09754 80 2 25 10 34968 0 
-54.0226 22.7904 0.190992 0.344171 3.09754 80 2 25 10 34969 0 
-54.0111 22.7904 0.191005 0.344171 3.09754 80 2 25 10 34970 0 
-53.9997 22.7905 0.191018 0.344171 3.09754 80 2 25 10 34971 0 
-53.9882 22.7905 0.191032 0.344171 3.09754 80 2 25 10 34972 0 
-53.9767 22.7906 0.191045 0.344171 3.09754 80 2 25 10 34973 0 
-53.9652 22.7906 0.191058 0.344171 3.09754 80 2 25 10 34974 0 
-53.9538 22.7906 0.191071 0.344171 3.09754 80 2 25 10 34975 0 
-53.9423 22.7907 0.191085 0.344171 3.09754 80 2 25 10 34976 0 
-53.9308 22.7907 0.191098 0.344171 3.09754 80 2 25 10 34977 0 
-53.9194 22.7908 0.191111 0.344171 3.09754 80 2 25 10 34978 0 
-53.9079 22.7908 0.191124 0.344171 3.09754 80 2 25 10 34979 0 
-53.8964 22.7908 0.191138 0.344171 3.09754 80 2 25 10 34980 0 
-53.8849 22.7909 0.191151 0.344171 3.09754 80 2 25 10 34981 0 
-53.8735 22.7909 0.191164 0.344171 3.09754 80 2 25 10 34982 0 
-53.862 22.7909 0.191177 0.344171 3.09754 80 2 25 10 34983 0 
-53.8505 22.791 0.19119 0.344171 3.09754 80 2 25 10 34984 0 
-53.8391 22.791 0.191204 0.344171 3.09754 80 2 25 10 34985 0 
-53.8276 22.7911 0.191217 0.344171 3.09754 80 2 25 10 34986 0 
-53.8161 22.7911 0.19123 0.344171 3.09754 80 2 25 10 34987 0 
-53.8047 22.7911 0.191244 0.344171 3.09754 80 2 25 10 34988 0 
-53.7932 22.7912 0.191257 0.344171 3.09754 80 2 25 10 34989 0 
-53.7817 22.7912 0.19127 0.344171 3.09754 80 2 25 10 34990 0 
-53.7702 22.7912 0.191283 0.344171 3.09754 80 2 25 10 34991 0 
-53.7588 22.7913 0.191297 0.344171 3.09754 80 2 25 10 34992 0 
-53.7473 22.7913 0.19131 0.344171 3.09754 80 2 25 10 34993 0 
-53.7358 22.7914 0.191323 0.344171 3.09754 80 2 25 10 34994 0 
-53.7244 22.7914 0.191336 0.344171 3.09754 80 2 25 10 34995 0 
-53.7129 22.7914 0.19135 0.344171 3.09754 80 2 25 10 34996 0 
-53.7014 22.7915 0.191363 0.344171 3.09754 80 2 25 10 34997 0 
-53.6899 22.7915 0.191376 0.344171 3.09754 80 2 25 10 34998 0 
-53.6785 22.7916 0.191389 0.344171 3.09754 80 2 25 10 34999 0 
-53.667 22.7916 0.191403 0.344171 3.09754 80 2 25 10 35000 0 
-53.6555 22.7916 0.191416 0.344171 3.09754 80 2 25 10 35001 0 
-53.6441 22.7917 0.191429 0.344171 3.09754 80 2 25 10 35002 0 
-53.6326 22.7917 0.191443 0.344171 3.09754 80 2 25 10 35003 0 
-53.6211 22.7917 0.191456 0.344171 3.09754 80 2 25 10 35004 0 
-53.6096 22.7918 0.191469 0.344171 3.09754 80 2 25 10 35005 0 
-53.5982 22.7918 0.191483 0.344171 3.09754 80 2 25 10 35006 0 
-53.5867 22.7919 0.191496 0.344171 3.09754 80 2 25 10 35007 0 
-53.5752 22.7919 0.191509 0.344171 3.09754 80 2 25 10 35008 0 
-53.5638 22.7919 0.191522 0.344171 3.09754 80 2 25 10 35009 0 
-53.5523 22.792 0.191536 0.344171 3.09754 80 2 25 10 35010 0 
-53.5408 22.792 0.191549 0.344171 3.09754 80 2 25 10 35011 0 
-53.5294 22.792 0.191562 0.344171 3.09754 80 2 25 10 35012 0 
-53.5179 22.7921 0.191576 0.344171 3.09754 80 2 25 10 35013 0 
-53.5064 22.7921 0.191589 0.344171 3.09754 80 2 25 10 35014 0 
-53.4949 22.7922 0.191602 0.344171 3.09754 80 2 25 10 35015 0 
-53.4835 22.7922 0.191616 0.344171 3.09754 80 2 25 10 35016 0 
-53.472 22.7922 0.191629 0.344171 3.09754 80 2 25 10 35017 0 
-53.4605 22.7923 0.191642 0.344171 3.09754 80 2 25 10 35018 0 
-53.4491 22.7923 0.191656 0.344171 3.09754 80 2 25 10 35019 0 
-53.4376 22.7924 0.191669 0.344171 3.09754 80 2 25 10 35020 0 
-53.4261 22.7924 0.191682 0.344171 3.09754 80 2 25 10 35021 0 
-53.4146 22.7924 0.191696 0.344171 3.09754 80 2 25 10 35022 0 
-53.4032 22.7925 0.191709 0.344171 3.09754 80 2 25 10 35023 0 
-53.3917 22.7925 0.191722 0.344171 3.09754 80 2 25 10 35024 0 
-53.3802 22.7925 0.191736 0.344171 3.09754 80 2 25 10 35025 0 
-53.3688 22.7926 0.191749 0.344171 3.09754 80 2 25 10 35026 0 
-53.3573 22.7926 0.191762 0.344171 3.09754 80 2 25 10 35027 0 
-53.3458 22.7927 0.191776 0.344171 3.09754 80 2 25 10 35028 0 
-53.3344 22.7927 0.191789 0.344171 3.09754 80 2 25 10 35029 0 
-53.3229 22.7927 0.191802 0.344171 3.09754 80 2 25 10 35030 0 
-53.3114 22.7928 0.191816 0.344171 3.09754 80 2 25 10 35031 0 
-53.2999 22.7928 0.191829 0.344171 3.09754 80 2 25 10 35032 0 
-53.2885 22.7929 0.191842 0.344171 3.09754 80 2 25 10 35033 0 
-53.277 22.7929 0.191856 0.344171 3.09754 80 2 25 10 35034 0 
-53.2655 22.7929 0.191869 0.344171 3.09754 80 2 25 10 35035 0 
-53.2541 22.793 0.191883 0.344171 3.09754 80 2 25 10 35036 0 
-53.2426 22.793 0.191896 0.344171 3.09754 80 2 25 10 35037 0 
-53.2311 22.793 0.191909 0.344171 3.09754 80 2 25 10 35038 0 
-53.2196 22.7931 0.191923 0.344171 3.09754 80 2 25 10 35039 0 
-53.2082 22.7931 0.191936 0.344171 3.09754 80 2 25 10 35040 0 
-53.1967 22.7932 0.191949 0.344171 3.09754 80 2 25 10 35041 0 
-53.1852 22.7932 0.191963 0.344171 3.09754 80 2 25 10 35042 0 
-53.1738 22.7932 0.191976 0.344171 3.09754 80 2 25 10 35043 0 
-53.1623 22.7933 0.19199 0.344171 3.09754 80 2 25 10 35044 0 
-53.1508 22.7933 0.192003 0.344171 3.09754 80 2 25 10 35045 0 
-53.1393 22.7933 0.192016 0.344171 3.09754 80 2 25 10 35046 0 
-53.1279 22.7934 0.19203 0.344171 3.09754 80 2 25 10 35047 0 
-53.1164 22.7934 0.192043 0.344171 3.09754 80 2 25 10 35048 0 
-53.1049 22.7935 0.192057 0.344171 3.09754 80 2 25 10 35049 0 
-53.0935 22.7935 0.19207 0.344171 3.09754 80 2 25 10 35050 0 
-53.082 22.7935 0.192083 0.344171 3.09754 80 2 25 10 35051 0 
-53.0705 22.7936 0.192097 0.344171 3.09754 80 2 25 10 35052 0 
-53.0591 22.7936 0.19211 0.344171 3.09754 80 2 25 10 35053 0 
-53.0476 22.7937 0.192124 0.344171 3.09754 80 2 25 10 35054 0 
-53.0361 22.7937 0.192137 0.344171 3.09754 80 2 25 10 35055 0 
-53.0246 22.7937 0.19215 0.344171 3.09754 80 2 25 10 35056 0 
-53.0132 22.7938 0.192164 0.344171 3.09754 80 2 25 10 35057 0 
-53.0017 22.7938 0.192177 0.344171 3.09754 80 2 25 10 35058 0 
-52.9902 22.7938 0.192191 0.344171 3.09754 80 2 25 10 35059 0 
-52.9788 22.7939 0.192204 0.344171 3.09754 80 2 25 10 35060 0 
-52.9673 22.7939 0.192218 0.344171 3.09754 80 2 25 10 35061 0 
-52.9558 22.794 0.192231 0.344171 3.09754 80 2 25 10 35062 0 
-52.9443 22.794 0.192244 0.344171 3.09754 80 2 25 10 35063 0 
-52.9329 22.794 0.192258 0.344171 3.09754 80 2 25 10 35064 0 
-52.9214 22.7941 0.192271 0.344171 3.09754 80 2 25 10 35065 0 
-52.9099 22.7941 0.192285 0.344171 3.09754 80 2 25 10 35066 0 
-52.8985 22.7941 0.192298 0.344171 3.09754 80 2 25 10 35067 0 
-52.887 22.7942 0.192312 0.344171 3.09754 80 2 25 10 35068 0 
-52.8755 22.7942 0.192325 0.344171 3.09754 80 2 25 10 35069 0 
-52.864 22.7943 0.192338 0.344171 3.09754 80 2 25 10 35070 0 
-52.8526 22.7943 0.192352 0.344171 3.09754 80 2 25 10 35071 0 
-52.8411 22.7943 0.192365 0.344171 3.09754 80 2 25 10 35072 0 
-52.8296 22.7944 0.192379 0.344171 3.09754 80 2 25 10 35073 0 
-52.8182 22.7944 0.192392 0.344171 3.09754 80 2 25 10 35074 0 
-52.8067 22.7945 0.192406 0.344171 3.09754 80 2 25 10 35075 0 
-52.7952 22.7945 0.192419 0.344171 3.09754 80 2 25 10 35076 0 
-52.7838 22.7945 0.192433 0.344171 3.09754 80 2 25 10 35077 0 
-52.7723 22.7946 0.192446 0.344171 3.09754 80 2 25 10 35078 0 
-52.7608 22.7946 0.19246 0.344171 3.09754 80 2 25 10 35079 0 
-52.7493 22.7946 0.192473 0.344171 3.09754 80 2 25 10 35080 0 
-52.7379 22.7947 0.192487 0.344171 3.09754 80 2 25 10 35081 0 
-52.7264 22.7947 0.1925 0.344171 3.09754 80 2 25 10 35082 0 
-52.7149 22.7948 0.192514 0.344171 3.09754 80 2 25 10 35083 0 
-52.7035 22.7948 0.192527 0.344171 3.09754 80 2 25 10 35084 0 
-52.692 22.7948 0.19254 0.344171 3.09754 80 2 25 10 35085 0 
-52.6805 22.7949 0.192554 0.344171 3.09754 80 2 25 10 35086 0 
-52.669 22.7949 0.192567 0.344171 3.09754 80 2 25 10 35087 0 
-52.6576 22.7949 0.192581 0.344171 3.09754 80 2 25 10 35088 0 
-52.6461 22.795 0.192594 0.344171 3.09754 80 2 25 10 35089 0 
-52.6346 22.795 0.192608 0.344171 3.09754 80 2 25 10 35090 0 
-52.6232 22.7951 0.192621 0.344171 3.09754 80 2 25 10 35091 0 
-52.6117 22.7951 0.192635 0.344171 3.09754 80 2 25 10 35092 0 
-52.6002 22.7951 0.192648 0.344171 3.09754 80 2 25 10 35093 0 
-52.5887 22.7952 0.192662 0.344171 3.09754 80 2 25 10 35094 0 
-52.5773 22.7952 0.192675 0.344171 3.09754 80 2 25 10 35095 0 
-52.5658 22.7953 0.192689 0.344171 3.09754 80 2 25 10 35096 0 
-52.5543 22.7953 0.192702 0.344171 3.09754 80 2 25 10 35097 0 
-52.5429 22.7953 0.192716 0.344171 3.09754 80 2 25 10 35098 0 
-52.5314 22.7954 0.19273 0.344171 3.09754 80 2 25 10 35099 0 
-52.5199 22.7954 0.192743 0.344171 3.09754 80 2 25 10 35100 0 
-52.5085 22.7954 0.192757 0.344171 3.09754 80 2 25 10 35101 0 
-52.497 22.7955 0.19277 0.344171 3.09754 80 2 25 10 35102 0 
-52.4855 22.7955 0.192784 0.344171 3.09754 80 2 25 10 35103 0 
-52.474 22.7956 0.192797 0.344171 3.09754 80 2 25 10 35104 0 
-52.4626 22.7956 0.192811 0.344171 3.09754 80 2 25 10 35105 0 
-52.4511 22.7956 0.192824 0.344171 3.09754 80 2 25 10 35106 0 
-52.4396 22.7957 0.192838 0.344171 3.09754 80 2 25 10 35107 0 
-52.4282 22.7957 0.192851 0.344171 3.09754 80 2 25 10 35108 0 
-52.4167 22.7957 0.192865 0.344171 3.09754 80 2 25 10 35109 0 
-52.4052 22.7958 0.192878 0.344171 3.09754 80 2 25 10 35110 0 
-52.3937 22.7958 0.192892 0.344171 3.09754 80 2 25 10 35111 0 
-52.3823 22.7959 0.192905 0.344171 3.09754 80 2 25 10 35112 0 
-52.3708 22.7959 0.192919 0.344171 3.09754 80 2 25 10 35113 0 
-52.3593 22.7959 0.192933 0.344171 3.09754 80 2 25 10 35114 0 
-52.3479 22.796 0.192946 0.344171 3.09754 80 2 25 10 35115 0 
-52.3364 22.796 0.19296 0.344171 3.09754 80 2 25 10 35116 0 
-52.3249 22.7961 0.192973 0.344171 3.09754 80 2 25 10 35117 0 
-52.3134 22.7961 0.192987 0.344171 3.09754 80 2 25 10 35118 0 
-52.302 22.7961 0.193 0.344171 3.09754 80 2 25 10 35119 0 
-52.2905 22.7962 0.193014 0.344171 3.09754 80 2 25 10 35120 0 
-52.279 22.7962 0.193027 0.344171 3.09754 80 2 25 10 35121 0 
-52.2676 22.7962 0.193041 0.344171 3.09754 80 2 25 10 35122 0 
-52.2561 22.7963 0.193055 0.344171 3.09754 80 2 25 10 35123 0 
-52.2446 22.7963 0.193068 0.344171 3.09754 80 2 25 10 35124 0 
-52.2332 22.7964 0.193082 0.344171 3.09754 80 2 25 10 35125 0 
-52.2217 22.7964 0.193095 0.344171 3.09754 80 2 25 10 35126 0 
-52.2102 22.7964 0.193109 0.344171 3.09754 80 2 25 10 35127 0 
-52.1987 22.7965 0.193122 0.344171 3.09754 80 2 25 10 35128 0 
-52.1873 22.7965 0.193136 0.344171 3.09754 80 2 25 10 35129 0 
-52.1758 22.7966 0.19315 0.344171 3.09754 80 2 25 10 35130 0 
-52.1643 22.7966 0.193163 0.344171 3.09754 80 2 25 10 35131 0 
-52.1529 22.7966 0.193177 0.344171 3.09754 80 2 25 10 35132 0 
-52.1414 22.7967 0.19319 0.344171 3.09754 80 2 25 10 35133 0 
-52.1299 22.7967 0.193204 0.344171 3.09754 80 2 25 10 35134 0 
-52.1184 22.7967 0.193218 0.344171 3.09754 80 2 25 10 35135 0 
-52.107 22.7968 0.193231 0.344171 3.09754 80 2 25 10 35136 0 
-52.0955 22.7968 0.193245 0.344171 3.09754 80 2 25 10 35137 0 
-52.084 22.7969 0.193258 0.344171 3.09754 80 2 25 10 35138 0 
-52.0726 22.7969 0.193272 0.344171 3.09754 80 2 25 10 35139 0 
-52.0611 22.7969 0.193286 0.344171 3.09754 80 2 25 10 35140 0 
-52.0496 22.797 0.193299 0.344171 3.09754 80 2 25 10 35141 0 
-52.0382 22.797 0.193313 0.344171 3.09754 80 2 25 10 35142 0 
-52.0267 22.797 0.193327 0.344171 3.09754 80 2 25 10 35143 0 
-52.0152 22.7971 0.19334 0.344171 3.09754 80 2 25 10 35144 0 
-52.0037 22.7971 0.193354 0.344171 3.09754 80 2 25 10 35145 0 
-51.9923 22.7972 0.193367 0.344171 3.09754 80 2 25 10 35146 0 
-51.9808 22.7972 0.193381 0.344171 3.09754 80 2 25 10 35147 0 
-51.9693 22.7972 0.193395 0.344171 3.09754 80 2 25 10 35148 0 
-51.9579 22.7973 0.193408 0.344171 3.09754 80 2 25 10 35149 0 
-51.9464 22.7973 0.193422 0.344171 3.09754 80 2 25 10 35150 0 
-51.9349 22.7974 0.193436 0.344171 3.09754 80 2 25 10 35151 0 
-51.9234 22.7974 0.193449 0.344171 3.09754 80 2 25 10 35152 0 
-51.912 22.7974 0.193463 0.344171 3.09754 80 2 25 10 35153 0 
-51.9005 22.7975 0.193477 0.344171 3.09754 80 2 25 10 35154 0 
-51.889 22.7975 0.19349 0.344171 3.09754 80 2 25 10 35155 0 
-51.8776 22.7975 0.193504 0.344171 3.09754 80 2 25 10 35156 0 
-51.8661 22.7976 0.193517 0.344171 3.09754 80 2 25 10 35157 0 
-51.8546 22.7976 0.193531 0.344171 3.09754 80 2 25 10 35158 0 
-51.8431 22.7977 0.193545 0.344171 3.09754 80 2 25 10 35159 0 
-51.8317 22.7977 0.193558 0.344171 3.09754 80 2 25 10 35160 0 
-51.8202 22.7977 0.193572 0.344171 3.09754 80 2 25 10 35161 0 
-51.8087 22.7978 0.193586 0.344171 3.09754 80 2 25 10 35162 0 
-51.7973 22.7978 0.193599 0.344171 3.09754 80 2 25 10 35163 0 
-51.7858 22.7978 0.193613 0.344171 3.09754 80 2 25 10 35164 0 
-51.7743 22.7979 0.193627 0.344171 3.09754 80 2 25 10 35165 0 
-51.7629 22.7979 0.19364 0.344171 3.09754 80 2 25 10 35166 0 
-51.7514 22.798 0.193654 0.344171 3.09754 80 2 25 10 35167 0 
-51.7399 22.798 0.193668 0.344171 3.09754 80 2 25 10 35168 0 
-51.7284 22.798 0.193682 0.344171 3.09754 80 2 25 10 35169 0 
-51.717 22.7981 0.193695 0.344171 3.09754 80 2 25 10 35170 0 
-51.7055 22.7981 0.193709 0.344171 3.09754 80 2 25 10 35171 0 
-51.694 22.7982 0.193723 0.344171 3.09754 80 2 25 10 35172 0 
-51.6826 22.7982 0.193736 0.344171 3.09754 80 2 25 10 35173 0 
-51.6711 22.7982 0.19375 0.344171 3.09754 80 2 25 10 35174 0 
-51.6596 22.7983 0.193764 0.344171 3.09754 80 2 25 10 35175 0 
-51.6481 22.7983 0.193777 0.344171 3.09754 80 2 25 10 35176 0 
-51.6367 22.7983 0.193791 0.344171 3.09754 80 2 25 10 35177 0 
-51.6252 22.7984 0.193805 0.344171 3.09754 80 2 25 10 35178 0 
-51.6137 22.7984 0.193818 0.344171 3.09754 80 2 25 10 35179 0 
-51.6023 22.7985 0.193832 0.344171 3.09754 80 2 25 10 35180 0 
-51.5908 22.7985 0.193846 0.344171 3.09754 80 2 25 10 35181 0 
-51.5793 22.7985 0.19386 0.344171 3.09754 80 2 25 10 35182 0 
-51.5678 22.7986 0.193873 0.344171 3.09754 80 2 25 10 35183 0 
-51.5564 22.7986 0.193887 0.344171 3.09754 80 2 25 10 35184 0 
-51.5449 22.7986 0.193901 0.344171 3.09754 80 2 25 10 35185 0 
-51.5334 22.7987 0.193915 0.344171 3.09754 80 2 25 10 35186 0 
-51.522 22.7987 0.193928 0.344171 3.09754 80 2 25 10 35187 0 
-51.5105 22.7988 0.193942 0.344171 3.09754 80 2 25 10 35188 0 
-51.499 22.7988 0.193956 0.344171 3.09754 80 2 25 10 35189 0 
-51.4876 22.7988 0.193969 0.344171 3.09754 80 2 25 10 35190 0 
-51.4761 22.7989 0.193983 0.344171 3.09754 80 2 25 10 35191 0 
-51.4646 22.7989 0.193997 0.344171 3.09754 80 2 25 10 35192 0 
-51.4531 22.799 0.194011 0.344171 3.09754 80 2 25 10 35193 0 
-51.4417 22.799 0.194024 0.344171 3.09754 80 2 25 10 35194 0 
-51.4302 22.799 0.194038 0.344171 3.09754 80 2 25 10 35195 0 
-51.4187 22.7991 0.194052 0.344171 3.09754 80 2 25 10 35196 0 
-51.4073 22.7991 0.194066 0.344171 3.09754 80 2 25 10 35197 0 
-51.3958 22.7991 0.194079 0.344171 3.09754 80 2 25 10 35198 0 
-51.3843 22.7992 0.194093 0.344171 3.09754 80 2 25 10 35199 0 
-51.3728 22.7992 0.194107 0.344171 3.09754 80 2 25 10 35200 0 
-51.3614 22.7993 0.194121 0.344171 3.09754 80 2 25 10 35201 0 
-51.3499 22.7993 0.194134 0.344171 3.09754 80 2 25 10 35202 0 
-51.3384 22.7993 0.194148 0.344171 3.09754 80 2 25 10 35203 0 
-51.327 22.7994 0.194162 0.344171 3.09754 80 2 25 10 35204 0 
-51.3155 22.7994 0.194176 0.344171 3.09754 80 2 25 10 35205 0 
-51.304 22.7994 0.194189 0.344171 3.09754 80 2 25 10 35206 0 
-51.2925 22.7995 0.194203 0.344171 3.09754 80 2 25 10 35207 0 
-51.2811 22.7995 0.194217 0.344171 3.09754 80 2 25 10 35208 0 
-51.2696 22.7996 0.194231 0.344171 3.09754 80 2 25 10 35209 0 
-51.2581 22.7996 0.194245 0.344171 3.09754 80 2 25 10 35210 0 
-51.2467 22.7996 0.194258 0.344171 3.09754 80 2 25 10 35211 0 
-51.2352 22.7997 0.194272 0.344171 3.09754 80 2 25 10 35212 0 
-51.2237 22.7997 0.194286 0.344171 3.09754 80 2 25 10 35213 0 
-51.2123 22.7998 0.1943 0.344171 3.09754 80 2 25 10 35214 0 
-51.2008 22.7998 0.194314 0.344171 3.09754 80 2 25 10 35215 0 
-51.1893 22.7998 0.194327 0.344171 3.09754 80 2 25 10 35216 0 
-51.1778 22.7999 0.194341 0.344171 3.09754 80 2 25 10 35217 0 
-51.1664 22.7999 0.194355 0.344171 3.09754 80 2 25 10 35218 0 
-51.1549 22.7999 0.194369 0.344171 3.09754 80 2 25 10 35219 0 
-51.1434 22.8 0.194383 0.344171 3.09754 80 2 25 10 35220 0 
-51.132 22.8 0.194396 0.344171 3.09754 80 2 25 10 35221 0 
-51.1205 22.8001 0.19441 0.344171 3.09754 80 2 25 10 35222 0 
-51.109 22.8001 0.194424 0.344171 3.09754 80 2 25 10 35223 0 
-51.0975 22.8001 0.194438 0.344171 3.09754 80 2 25 10 35224 0 
-51.0861 22.8002 0.194452 0.344171 3.09754 80 2 25 10 35225 0 
-51.0746 22.8002 0.194465 0.344171 3.09754 80 2 25 10 35226 0 
-51.0631 22.8003 0.194479 0.344171 3.09754 80 2 25 10 35227 0 
-51.0517 22.8003 0.194493 0.344171 3.09754 80 2 25 10 35228 0 
-51.0402 22.8003 0.194507 0.344171 3.09754 80 2 25 10 35229 0 
-51.0287 22.8004 0.194521 0.344171 3.09754 80 2 25 10 35230 0 
-51.0173 22.8004 0.194535 0.344171 3.09754 80 2 25 10 35231 0 
-51.0058 22.8004 0.194548 0.344171 3.09754 80 2 25 10 35232 0 
-50.9943 22.8005 0.194562 0.344171 3.09754 80 2 25 10 35233 0 
-50.9828 22.8005 0.194576 0.344171 3.09754 80 2 25 10 35234 0 
-50.9714 22.8006 0.19459 0.344171 3.09754 80 2 25 10 35235 0 
-50.9599 22.8006 0.194604 0.344171 3.09754 80 2 25 10 35236 0 
-50.9484 22.8006 0.194618 0.344171 3.09754 80 2 25 10 35237 0 
-50.937 22.8007 0.194631 0.344171 3.09754 80 2 25 10 35238 0 
-50.9255 22.8007 0.194645 0.344171 3.09754 80 2 25 10 35239 0 
-50.914 22.8007 0.194659 0.344171 3.09754 80 2 25 10 35240 0 
-50.9025 22.8008 0.194673 0.344171 3.09754 80 2 25 10 35241 0 
-50.8911 22.8008 0.194687 0.344171 3.09754 80 2 25 10 35242 0 
-50.8796 22.8009 0.194701 0.344171 3.09754 80 2 25 10 35243 0 
-50.8681 22.8009 0.194715 0.344171 3.09754 80 2 25 10 35244 0 
-50.8567 22.8009 0.194729 0.344171 3.09754 80 2 25 10 35245 0 
-50.8452 22.801 0.194742 0.344171 3.09754 80 2 25 10 35246 0 
-50.8337 22.801 0.194756 0.344171 3.09754 80 2 25 10 35247 0 
-50.8222 22.8011 0.19477 0.344171 3.09754 80 2 25 10 35248 0 
-50.8108 22.8011 0.194784 0.344171 3.09754 80 2 25 10 35249 0 
-50.7993 22.8011 0.194798 0.344171 3.09754 80 2 25 10 35250 0 
-50.7878 22.8012 0.194812 0.344171 3.09754 80 2 25 10 35251 0 
-50.7764 22.8012 0.194826 0.344171 3.09754 80 2 25 10 35252 0 
-50.7649 22.8012 0.19484 0.344171 3.09754 80 2 25 10 35253 0 
-50.7534 22.8013 0.194853 0.344171 3.09754 80 2 25 10 35254 0 
-50.742 22.8013 0.194867 0.344171 3.09754 80 2 25 10 35255 0 
-50.7305 22.8014 0.194881 0.344171 3.09754 80 2 25 10 35256 0 
-50.719 22.8014 0.194895 0.344171 3.09754 80 2 25 10 35257 0 
-50.7075 22.8014 0.194909 0.344171 3.09754 80 2 25 10 35258 0 
-50.6961 22.8015 0.194923 0.344171 3.09754 80 2 25 10 35259 0 
-50.6846 22.8015 0.194937 0.344171 3.09754 80 2 25 10 35260 0 
-50.6731 22.8015 0.194951 0.344171 3.09754 80 2 25 10 35261 0 
-50.6617 22.8016 0.194965 0.344171 3.09754 80 2 25 10 35262 0 
-50.6502 22.8016 0.194979 0.344171 3.09754 80 2 25 10 35263 0 
-50.6387 22.8017 0.194992 0.344171 3.09754 80 2 25 10 35264 0 
-50.6272 22.8017 0.195006 0.344171 3.09754 80 2 25 10 35265 0 
-50.6158 22.8017 0.19502 0.344171 3.09754 80 2 25 10 35266 0 
-50.6043 22.8018 0.195034 0.344171 3.09754 80 2 25 10 35267 0 
-50.5928 22.8018 0.195048 0.344171 3.09754 80 2 25 10 35268 0 
-50.5814 22.8019 0.195062 0.344171 3.09754 80 2 25 10 35269 0 
-50.5699 22.8019 0.195076 0.344171 3.09754 80 2 25 10 35270 0 
-50.5584 22.8019 0.19509 0.344171 3.09754 80 2 25 10 35271 0 
-50.5469 22.802 0.195104 0.344171 3.09754 80 2 25 10 35272 0 
-50.5355 22.802 0.195118 0.344171 3.09754 80 2 25 10 35273 0 
-50.524 22.802 0.195132 0.344171 3.09754 80 2 25 10 35274 0 
-50.5125 22.8021 0.195146 0.344171 3.09754 80 2 25 10 35275 0 
-50.5011 22.8021 0.19516 0.344171 3.09754 80 2 25 10 35276 0 
-50.4896 22.8022 0.195174 0.344171 3.09754 80 2 25 10 35277 0 
-50.4781 22.8022 0.195188 0.344171 3.09754 80 2 25 10 35278 0 
-50.4667 22.8022 0.195201 0.344171 3.09754 80 2 25 10 35279 0 
-50.4552 22.8023 0.195215 0.344171 3.09754 80 2 25 10 35280 0 
-50.4437 22.8023 0.195229 0.344171 3.09754 80 2 25 10 35281 0 
-50.4322 22.8023 0.195243 0.344171 3.09754 80 2 25 10 35282 0 
-50.4208 22.8024 0.195257 0.344171 3.09754 80 2 25 10 35283 0 
-50.4093 22.8024 0.195271 0.344171 3.09754 80 2 25 10 35284 0 
-50.3978 22.8025 0.195285 0.344171 3.09754 80 2 25 10 35285 0 
-50.3864 22.8025 0.195299 0.344171 3.09754 80 2 25 10 35286 0 
-50.3749 22.8025 0.195313 0.344171 3.09754 80 2 25 10 35287 0 
-50.3634 22.8026 0.195327 0.344171 3.09754 80 2 25 10 35288 0 
-50.3519 22.8026 0.195341 0.344171 3.09754 80 2 25 10 35289 0 
-50.3405 22.8027 0.195355 0.344171 3.09754 80 2 25 10 35290 0 
-50.329 22.8027 0.195369 0.344171 3.09754 80 2 25 10 35291 0 
-50.3175 22.8027 0.195383 0.344171 3.09754 80 2 25 10 35292 0 
-50.3061 22.8028 0.195397 0.344171 3.09754 80 2 25 10 35293 0 
-50.2946 22.8028 0.195411 0.344171 3.09754 80 2 25 10 35294 0 
-50.2831 22.8029 0.195425 0.344171 3.09754 80 2 25 10 35295 0 
-50.2716 22.8029 0.195439 0.344171 3.09754 80 2 25 10 35296 0 
-50.2602 22.8029 0.195453 0.344171 3.09754 80 2 25 10 35297 0 
-50.2487 22.803 0.195467 0.344171 3.09754 80 2 25 10 35298 0 
-50.2372 22.803 0.195481 0.344171 3.09754 80 2 25 10 35299 0 
-50.2258 22.8031 0.195495 0.344171 3.09754 80 2 25 10 35300 0 
-50.2143 22.8031 0.195509 0.344171 3.09754 80 2 25 10 35301 0 
-50.2028 22.8031 0.195523 0.344171 3.09754 80 2 25 10 35302 0 
-50.1914 22.8032 0.195537 0.344171 3.09754 80 2 25 10 35303 0 
-50.1799 22.8032 0.195551 0.344171 3.09754 80 2 25 10 35304 0 
-50.1684 22.8033 0.195565 0.344171 3.09754 80 2 25 10 35305 0 
-50.1569 22.8033 0.195579 0.344171 3.09754 80 2 25 10 35306 0 
-50.1455 22.8033 0.195592 0.344171 3.09754 80 2 25 10 35307 0 
-50.134 22.8034 0.195606 0.344171 3.09754 80 2 25 10 35308 0 
-50.1225 22.8034 0.19562 0.344171 3.09754 80 2 25 10 35309 0 
-50.1111 22.8035 0.195634 0.344171 3.09754 80 2 25 10 35310 0 
-50.0996 22.8035 0.195648 0.344171 3.09754 80 2 25 10 35311 0 
-50.0881 22.8035 0.195662 0.344171 3.09754 80 2 25 10 35312 0 
-50.0766 22.8036 0.195676 0.344171 3.09754 80 2 25 10 35313 0 
-50.0652 22.8036 0.19569 0.344171 3.09754 80 2 25 10 35314 0 
-50.0537 22.8037 0.195704 0.344171 3.09754 80 2 25 10 35315 0 
-50.0422 22.8037 0.195718 0.344171 3.09754 80 2 25 10 35316 0 
-50.0308 22.8037 0.195732 0.344171 3.09754 80 2 25 10 35317 0 
-50.0193 22.8038 0.195746 0.344171 3.09754 80 2 25 10 35318 0 
-50.0078 22.8038 0.19576 0.344171 3.09754 80 2 25 10 35319 0 
-49.9963 22.8039 0.195774 0.344171 3.09754 80 2 25 10 35320 0 
-49.9849 22.8039 0.195788 0.344171 3.09754 80 2 25 10 35321 0 
-49.9734 22.8039 0.195802 0.344171 3.09754 80 2 25 10 35322 0 
-49.9619 22.804 0.195816 0.344171 3.09754 80 2 25 10 35323 0 
-49.9505 22.804 0.19583 0.344171 3.09754 80 2 25 10 35324 0 
-49.939 22.8041 0.195844 0.344171 3.09754 80 2 25 10 35325 0 
-49.9275 22.8041 0.195858 0.344171 3.09754 80 2 25 10 35326 0 
-49.9161 22.8041 0.195872 0.344171 3.09754 80 2 25 10 35327 0 
-49.9046 22.8042 0.195886 0.344171 3.09754 80 2 25 10 35328 0 
-49.8931 22.8042 0.1959 0.344171 3.09754 80 2 25 10 35329 0 
-49.8816 22.8043 0.195914 0.344171 3.09754 80 2 25 10 35330 0 
-49.8702 22.8043 0.195928 0.344171 3.09754 80 2 25 10 35331 0 
-49.8587 22.8043 0.195942 0.344171 3.09754 80 2 25 10 35332 0 
-49.8472 22.8044 0.195956 0.344171 3.09754 80 2 25 10 35333 0 
-49.8358 22.8044 0.19597 0.344171 3.09754 80 2 25 10 35334 0 
-49.8243 22.8045 0.195984 0.344171 3.09754 80 2 25 10 35335 0 
-49.8128 22.8045 0.195998 0.344171 3.09754 80 2 25 10 35336 0 
-49.8013 22.8045 0.196012 0.344171 3.09754 80 2 25 10 35337 0 
-49.7899 22.8046 0.196026 0.344171 3.09754 80 2 25 10 35338 0 
-49.7784 22.8046 0.19604 0.344171 3.09754 80 2 25 10 35339 0 
-49.7669 22.8047 0.196054 0.344171 3.09754 80 2 25 10 35340 0 
-49.7555 22.8047 0.196068 0.344171 3.09754 80 2 25 10 35341 0 
-49.744 22.8047 0.196082 0.344171 3.09754 80 2 25 10 35342 0 
-49.7325 22.8048 0.196096 0.344171 3.09754 80 2 25 10 35343 0 
-49.7211 22.8048 0.19611 0.344171 3.09754 80 2 25 10 35344 0 
-49.7096 22.8049 0.196124 0.344171 3.09754 80 2 25 10 35345 0 
-49.6981 22.8049 0.196138 0.344171 3.09754 80 2 25 10 35346 0 
-49.6866 22.8049 0.196152 0.344171 3.09754 80 2 25 10 35347 0 
-49.6752 22.805 0.196166 0.344171 3.09754 80 2 25 10 35348 0 
-49.6637 22.805 0.19618 0.344171 3.09754 80 2 25 10 35349 0 
-49.6522 22.8051 0.196194 0.344171 3.09754 80 2 25 10 35350 0 
-49.6408 22.8051 0.196208 0.344171 3.09754 80 2 25 10 35351 0 
-49.6293 22.8051 0.196222 0.344171 3.09754 80 2 25 10 35352 0 
-49.6178 22.8052 0.196236 0.344171 3.09754 80 2 25 10 35353 0 
-49.6063 22.8052 0.19625 0.344171 3.09754 80 2 25 10 35354 0 
-49.5949 22.8053 0.196264 0.344171 3.09754 80 2 25 10 35355 0 
-49.5834 22.8053 0.196278 0.344171 3.09754 80 2 25 10 35356 0 
-49.5719 22.8053 0.196292 0.344171 3.09754 80 2 25 10 35357 0 
-49.5605 22.8054 0.196306 0.344171 3.09754 80 2 25 10 35358 0 
-49.549 22.8054 0.19632 0.344171 3.09754 80 2 25 10 35359 0 
-49.5375 22.8055 0.196334 0.344171 3.09754 80 2 25 10 35360 0 
-49.526 22.8055 0.196348 0.344171 3.09754 80 2 25 10 35361 0 
-49.5146 22.8055 0.196362 0.344171 3.09754 80 2 25 10 35362 0 
-49.5031 22.8056 0.196376 0.344171 3.09754 80 2 25 10 35363 0 
-49.4916 22.8056 0.196391 0.344171 3.09754 80 2 25 10 35364 0 
-49.4802 22.8057 0.196405 0.344171 3.09754 80 2 25 10 35365 0 
-49.4687 22.8057 0.196419 0.344171 3.09754 80 2 25 10 35366 0 
-49.4572 22.8057 0.196433 0.344171 3.09754 80 2 25 10 35367 0 
-49.4458 22.8058 0.196447 0.344171 3.09754 80 2 25 10 35368 0 
-49.4343 22.8058 0.196461 0.344171 3.09754 80 2 25 10 35369 0 
-49.4228 22.8059 0.196475 0.344171 3.09754 80 2 25 10 35370 0 
-49.4113 22.8059 0.196489 0.344171 3.09754 80 2 25 10 35371 0 
-49.3999 22.8059 0.196503 0.344171 3.09754 80 2 25 10 35372 0 
-49.3884 22.806 0.196517 0.344171 3.09754 80 2 25 10 35373 0 
-49.3769 22.806 0.196531 0.344171 3.09754 80 2 25 10 35374 0 
-49.3655 22.8061 0.196545 0.344171 3.09754 80 2 25 10 35375 0 
-49.354 22.8061 0.196559 0.344171 3.09754 80 2 25 10 35376 0 
-49.3425 22.8061 0.196573 0.344171 3.09754 80 2 25 10 35377 0 
-49.331 22.8062 0.196587 0.344171 3.09754 80 2 25 10 35378 0 
-49.3196 22.8062 0.196601 0.344171 3.09754 80 2 25 10 35379 0 
-49.3081 22.8063 0.196615 0.344171 3.09754 80 2 25 10 35380 0 
-49.2966 22.8063 0.196629 0.344171 3.09754 80 2 25 10 35381 0 
-49.2852 22.8063 0.196644 0.344171 3.09754 80 2 25 10 35382 0 
-49.2737 22.8064 0.196658 0.344171 3.09754 80 2 25 10 35383 0 
-49.2622 22.8064 0.196672 0.344171 3.09754 80 2 25 10 35384 0 
-49.2507 22.8065 0.196686 0.344171 3.09754 80 2 25 10 35385 0 
-49.2393 22.8065 0.1967 0.344171 3.09754 80 2 25 10 35386 0 
-49.2278 22.8065 0.196714 0.344171 3.09754 80 2 25 10 35387 0 
-49.2163 22.8066 0.196728 0.344171 3.09754 80 2 25 10 35388 0 
-49.2049 22.8066 0.196742 0.344171 3.09754 80 2 25 10 35389 0 
-49.1934 22.8067 0.196756 0.344171 3.09754 80 2 25 10 35390 0 
-49.1819 22.8067 0.19677 0.344171 3.09754 80 2 25 10 35391 0 
-49.1705 22.8067 0.196784 0.344171 3.09754 80 2 25 10 35392 0 
-49.159 22.8068 0.196798 0.344171 3.09754 80 2 25 10 35393 0 
-49.1475 22.8068 0.196813 0.344171 3.09754 80 2 25 10 35394 0 
-49.136 22.8069 0.196827 0.344171 3.09754 80 2 25 10 35395 0 
-49.1246 22.8069 0.196841 0.344171 3.09754 80 2 25 10 35396 0 
-49.1131 22.8069 0.196855 0.344171 3.09754 80 2 25 10 35397 0 
-49.1016 22.807 0.196869 0.344171 3.09754 80 2 25 10 35398 0 
-49.0902 22.807 0.196883 0.344171 3.09754 80 2 25 10 35399 0 
-49.0787 22.8071 0.196897 0.344171 3.09754 80 2 25 10 35400 0 
-49.0672 22.8071 0.196911 0.344171 3.09754 80 2 25 10 35401 0 
-49.0557 22.8071 0.196925 0.344171 3.09754 80 2 25 10 35402 0 
-49.0443 22.8072 0.19694 0.344171 3.09754 80 2 25 10 35403 0 
-49.0328 22.8072 0.196954 0.344171 3.09754 80 2 25 10 35404 0 
-49.0213 22.8073 0.196968 0.344171 3.09754 80 2 25 10 35405 0 
-49.0099 22.8073 0.196982 0.344171 3.09754 80 2 25 10 35406 0 
-48.9984 22.8074 0.196996 0.344171 3.09754 80 2 25 10 35407 0 
-48.9869 22.8074 0.19701 0.344171 3.09754 80 2 25 10 35408 0 
-48.9754 22.8074 0.197024 0.344171 3.09754 80 2 25 10 35409 0 
-48.964 22.8075 0.197038 0.344171 3.09754 80 2 25 10 35410 0 
-48.9525 22.8075 0.197053 0.344171 3.09754 80 2 25 10 35411 0 
-48.941 22.8076 0.197067 0.344171 3.09754 80 2 25 10 35412 0 
-48.9296 22.8076 0.197081 0.344171 3.09754 80 2 25 10 35413 0 
-48.9181 22.8076 0.197095 0.344171 3.09754 80 2 25 10 35414 0 
-48.9066 22.8077 0.197109 0.344171 3.09754 80 2 25 10 35415 0 
-48.8952 22.8077 0.197123 0.344171 3.09754 80 2 25 10 35416 0 
-48.8837 22.8078 0.197137 0.344171 3.09754 80 2 25 10 35417 0 
-48.8722 22.8078 0.197151 0.344171 3.09754 80 2 25 10 35418 0 
-48.8607 22.8078 0.197166 0.344171 3.09754 80 2 25 10 35419 0 
-48.8493 22.8079 0.19718 0.344171 3.09754 80 2 25 10 35420 0 
-48.8378 22.8079 0.197194 0.344171 3.09754 80 2 25 10 35421 0 
-48.8263 22.808 0.197208 0.344171 3.09754 80 2 25 10 35422 0 
-48.8149 22.808 0.197222 0.344171 3.09754 80 2 25 10 35423 0 
-48.8034 22.808 0.197236 0.344171 3.09754 80 2 25 10 35424 0 
-48.7919 22.8081 0.197251 0.344171 3.09754 80 2 25 10 35425 0 
-48.7804 22.8081 0.197265 0.344171 3.09754 80 2 25 10 35426 0 
-48.769 22.8082 0.197279 0.344171 3.09754 80 2 25 10 35427 0 
-48.7575 22.8082 0.197293 0.344171 3.09754 80 2 25 10 35428 0 
-48.746 22.8082 0.197307 0.344171 3.09754 80 2 25 10 35429 0 
-48.7346 22.8083 0.197321 0.344171 3.09754 80 2 25 10 35430 0 
-48.7231 22.8083 0.197336 0.344171 3.09754 80 2 25 10 35431 0 
-48.7116 22.8084 0.19735 0.344171 3.09754 80 2 25 10 35432 0 
-48.7001 22.8084 0.197364 0.344171 3.09754 80 2 25 10 35433 0 
-48.6887 22.8084 0.197378 0.344171 3.09754 80 2 25 10 35434 0 
-48.6772 22.8085 0.197392 0.344171 3.09754 80 2 25 10 35435 0 
-48.6657 22.8085 0.197407 0.344171 3.09754 80 2 25 10 35436 0 
-48.6543 22.8086 0.197421 0.344171 3.09754 80 2 25 10 35437 0 
-48.6428 22.8086 0.197435 0.344171 3.09754 80 2 25 10 35438 0 
-48.6313 22.8086 0.197449 0.344171 3.09754 80 2 25 10 35439 0 
-48.6199 22.8087 0.197463 0.344171 3.09754 80 2 25 10 35440 0 
-48.6084 22.8087 0.197478 0.344171 3.09754 80 2 25 10 35441 0 
-48.5969 22.8088 0.197492 0.344171 3.09754 80 2 25 10 35442 0 
-48.5854 22.8088 0.197506 0.344171 3.09754 80 2 25 10 35443 0 
-48.574 22.8088 0.19752 0.344171 3.09754 80 2 25 10 35444 0 
-48.5625 22.8089 0.197534 0.344171 3.09754 80 2 25 10 35445 0 
-48.551 22.8089 0.197549 0.344171 3.09754 80 2 25 10 35446 0 
-48.5396 22.809 0.197563 0.344171 3.09754 80 2 25 10 35447 0 
-48.5281 22.809 0.197577 0.344171 3.09754 80 2 25 10 35448 0 
-48.5166 22.809 0.197591 0.344171 3.09754 80 2 25 10 35449 0 
-48.5051 22.8091 0.197605 0.344171 3.09754 80 2 25 10 35450 0 
-48.4937 22.8091 0.19762 0.344171 3.09754 80 2 25 10 35451 0 
-48.4822 22.8092 0.197634 0.344171 3.09754 80 2 25 10 35452 0 
-48.4707 22.8092 0.197648 0.344171 3.09754 80 2 25 10 35453 0 
-48.4593 22.8092 0.197662 0.344171 3.09754 80 2 25 10 35454 0 
-48.4478 22.8093 0.197677 0.344171 3.09754 80 2 25 10 35455 0 
-48.4363 22.8093 0.197691 0.344171 3.09754 80 2 25 10 35456 0 
-48.4249 22.8094 0.197705 0.344171 3.09754 80 2 25 10 35457 0 
-48.4134 22.8094 0.197719 0.344171 3.09754 80 2 25 10 35458 0 
-48.4019 22.8094 0.197734 0.344171 3.09754 80 2 25 10 35459 0 
-48.3904 22.8095 0.197748 0.344171 3.09754 80 2 25 10 35460 0 
-48.379 22.8095 0.197762 0.344171 3.09754 80 2 25 10 35461 0 
-48.3675 22.8096 0.197776 0.344171 3.09754 80 2 25 10 35462 0 
-48.356 22.8096 0.197791 0.344171 3.09754 80 2 25 10 35463 0 
-48.3446 22.8096 0.197805 0.344171 3.09754 80 2 25 10 35464 0 
-48.3331 22.8097 0.197819 0.344171 3.09754 80 2 25 10 35465 0 
-48.3216 22.8097 0.197833 0.344171 3.09754 80 2 25 10 35466 0 
-48.3101 22.8098 0.197848 0.344171 3.09754 80 2 25 10 35467 0 
-48.2987 22.8098 0.197862 0.344171 3.09754 80 2 25 10 35468 0 
-48.2872 22.8098 0.197876 0.344171 3.09754 80 2 25 10 35469 0 
-48.2757 22.8099 0.19789 0.344171 3.09754 80 2 25 10 35470 0 
-48.2643 22.8099 0.197905 0.344171 3.09754 80 2 25 10 35471 0 
-48.2528 22.81 0.197919 0.344171 3.09754 80 2 25 10 35472 0 
-48.2413 22.81 0.197933 0.344171 3.09754 80 2 25 10 35473 0 
-48.2298 22.81 0.197948 0.344171 3.09754 80 2 25 10 35474 0 
-48.2184 22.8101 0.197962 0.344171 3.09754 80 2 25 10 35475 0 
-48.2069 22.8101 0.197976 0.344171 3.09754 80 2 25 10 35476 0 
-48.1954 22.8102 0.19799 0.344171 3.09754 80 2 25 10 35477 0 
-48.184 22.8102 0.198005 0.344171 3.09754 80 2 25 10 35478 0 
-48.1725 22.8102 0.198019 0.344171 3.09754 80 2 25 10 35479 0 
-48.161 22.8103 0.198033 0.344171 3.09754 80 2 25 10 35480 0 
-48.1496 22.8103 0.198048 0.344171 3.09754 80 2 25 10 35481 0 
-48.1381 22.8104 0.198062 0.344171 3.09754 80 2 25 10 35482 0 
-48.1266 22.8104 0.198076 0.344171 3.09754 80 2 25 10 35483 0 
-48.1151 22.8104 0.19809 0.344171 3.09754 80 2 25 10 35484 0 
-48.1037 22.8105 0.198105 0.344171 3.09754 80 2 25 10 35485 0 
-48.0922 22.8105 0.198119 0.344171 3.09754 80 2 25 10 35486 0 
-48.0807 22.8106 0.198133 0.344171 3.09754 80 2 25 10 35487 0 
-48.0693 22.8106 0.198148 0.344171 3.09754 80 2 25 10 35488 0 
-48.0578 22.8106 0.198162 0.344171 3.09754 80 2 25 10 35489 0 
-48.0463 22.8107 0.198176 0.344171 3.09754 80 2 25 10 35490 0 
-48.0348 22.8107 0.198191 0.344171 3.09754 80 2 25 10 35491 0 
-48.0234 22.8108 0.198205 0.344171 3.09754 80 2 25 10 35492 0 
-48.0119 22.8108 0.198219 0.344171 3.09754 80 2 25 10 35493 0 
-48.0004 22.8108 0.198234 0.344171 3.09754 80 2 25 10 35494 0 
-47.989 22.8109 0.198248 0.344171 3.09754 80 2 25 10 35495 0 
-47.9775 22.8109 0.198262 0.344171 3.09754 80 2 25 10 35496 0 
-47.966 22.811 0.198277 0.344171 3.09754 80 2 25 10 35497 0 
-47.9545 22.811 0.198291 0.344171 3.09754 80 2 25 10 35498 0 
-47.9431 22.811 0.198305 0.344171 3.09754 80 2 25 10 35499 0 
-47.9316 22.8111 0.19832 0.344171 3.09754 80 2 25 10 35500 0 
-47.9201 22.8111 0.198334 0.344171 3.09754 80 2 25 10 35501 0 
-47.9087 22.8112 0.198348 0.344171 3.09754 80 2 25 10 35502 0 
-47.8972 22.8112 0.198363 0.344171 3.09754 80 2 25 10 35503 0 
-47.8857 22.8112 0.198377 0.344171 3.09754 80 2 25 10 35504 0 
-47.8743 22.8113 0.198391 0.344171 3.09754 80 2 25 10 35505 0 
-47.8628 22.8113 0.198406 0.344171 3.09754 80 2 25 10 35506 0 
-47.8513 22.8114 0.19842 0.344171 3.09754 80 2 25 10 35507 0 
-47.8398 22.8114 0.198435 0.344171 3.09754 80 2 25 10 35508 0 
-47.8284 22.8114 0.198449 0.344171 3.09754 80 2 25 10 35509 0 
-47.8169 22.8115 0.198463 0.344171 3.09754 80 2 25 10 35510 0 
-47.8054 22.8115 0.198478 0.344171 3.09754 80 2 25 10 35511 0 
-47.794 22.8116 0.198492 0.344171 3.09754 80 2 25 10 35512 0 
-47.7825 22.8116 0.198506 0.344171 3.09754 80 2 25 10 35513 0 
-47.771 22.8116 0.198521 0.344171 3.09754 80 2 25 10 35514 0 
-47.7595 22.8117 0.198535 0.344171 3.09754 80 2 25 10 35515 0 
-47.7481 22.8117 0.19855 0.344171 3.09754 80 2 25 10 35516 0 
-47.7366 22.8118 0.198564 0.344171 3.09754 80 2 25 10 35517 0 
-47.7251 22.8118 0.198578 0.344171 3.09754 80 2 25 10 35518 0 
-47.7137 22.8118 0.198593 0.344171 3.09754 80 2 25 10 35519 0 
-47.7022 22.8119 0.198607 0.344171 3.09754 80 2 25 10 35520 0 
-47.6907 22.8119 0.198622 0.344171 3.09754 80 2 25 10 35521 0 
-47.6792 22.812 0.198636 0.344171 3.09754 80 2 25 10 35522 0 
-47.6678 22.812 0.19865 0.344171 3.09754 80 2 25 10 35523 0 
-47.6563 22.812 0.198665 0.344171 3.09754 80 2 25 10 35524 0 
-47.6448 22.8121 0.198679 0.344171 3.09754 80 2 25 10 35525 0 
-47.6334 22.8121 0.198694 0.344171 3.09754 80 2 25 10 35526 0 
-47.6219 22.8122 0.198708 0.344171 3.09754 80 2 25 10 35527 0 
-47.6104 22.8122 0.198722 0.344171 3.09754 80 2 25 10 35528 0 
-47.599 22.8122 0.198737 0.344171 3.09754 80 2 25 10 35529 0 
-47.5875 22.8123 0.198751 0.344171 3.09754 80 2 25 10 35530 0 
-47.576 22.8123 0.198766 0.344171 3.09754 80 2 25 10 35531 0 
-47.5645 22.8124 0.19878 0.344171 3.09754 80 2 25 10 35532 0 
-47.5531 22.8124 0.198795 0.344171 3.09754 80 2 25 10 35533 0 
-47.5416 22.8124 0.198809 0.344171 3.09754 80 2 25 10 35534 0 
-47.5301 22.8125 0.198823 0.344171 3.09754 80 2 25 10 35535 0 
-47.5187 22.8125 0.198838 0.344171 3.09754 80 2 25 10 35536 0 
-47.5072 22.8126 0.198852 0.344171 3.09754 80 2 25 10 35537 0 
-47.4957 22.8126 0.198867 0.344171 3.09754 80 2 25 10 35538 0 
-47.4842 22.8126 0.198881 0.344171 3.09754 80 2 25 10 35539 0 
-47.4728 22.8127 0.198896 0.344171 3.09754 80 2 25 10 35540 0 
-47.4613 22.8127 0.19891 0.344171 3.09754 80 2 25 10 35541 0 
-47.4498 22.8128 0.198925 0.344171 3.09754 80 2 25 10 35542 0 
-47.4384 22.8128 0.198939 0.344171 3.09754 80 2 25 10 35543 0 
-47.4269 22.8128 0.198953 0.344171 3.09754 80 2 25 10 35544 0 
-47.4154 22.8129 0.198968 0.344171 3.09754 80 2 25 10 35545 0 
-47.4039 22.8129 0.198982 0.344171 3.09754 80 2 25 10 35546 0 
-47.3925 22.813 0.198997 0.344171 3.09754 80 2 25 10 35547 0 
-47.381 22.813 0.199011 0.344171 3.09754 80 2 25 10 35548 0 
-47.3695 22.813 0.199026 0.344171 3.09754 80 2 25 10 35549 0 
-47.3581 22.8131 0.19904 0.344171 3.09754 80 2 25 10 35550 0 
-47.3466 22.8131 0.199055 0.344171 3.09754 80 2 25 10 35551 0 
-47.3351 22.8132 0.199069 0.344171 3.09754 80 2 25 10 35552 0 
-47.3237 22.8132 0.199084 0.344171 3.09754 80 2 25 10 35553 0 
-47.3122 22.8132 0.199098 0.344171 3.09754 80 2 25 10 35554 0 
-47.3007 22.8133 0.199113 0.344171 3.09754 80 2 25 10 35555 0 
-47.2892 22.8133 0.199127 0.344171 3.09754 80 2 25 10 35556 0 
-47.2778 22.8134 0.199142 0.344171 3.09754 80 2 25 10 35557 0 
-47.2663 22.8134 0.199156 0.344171 3.09754 80 2 25 10 35558 0 
-47.2548 22.8134 0.199171 0.344171 3.09754 80 2 25 10 35559 0 
-47.2434 22.8135 0.199185 0.344171 3.09754 80 2 25 10 35560 0 
-47.2319 22.8135 0.1992 0.344171 3.09754 80 2 25 10 35561 0 
-47.2204 22.8136 0.199214 0.344171 3.09754 80 2 25 10 35562 0 
-47.2089 22.8136 0.199229 0.344171 3.09754 80 2 25 10 35563 0 
-47.1975 22.8136 0.199243 0.344171 3.09754 80 2 25 10 35564 0 
-47.186 22.8137 0.199258 0.344171 3.09754 80 2 25 10 35565 0 
-47.1745 22.8137 0.199272 0.344171 3.09754 80 2 25 10 35566 0 
-47.1631 22.8138 0.199287 0.344171 3.09754 80 2 25 10 35567 0 
-47.1516 22.8138 0.199301 0.344171 3.09754 80 2 25 10 35568 0 
-47.1401 22.8138 0.199316 0.344171 3.09754 80 2 25 10 35569 0 
-47.1287 22.8139 0.19933 0.344171 3.09754 80 2 25 10 35570 0 
-47.1172 22.8139 0.199345 0.344171 3.09754 80 2 25 10 35571 0 
-47.1057 22.814 0.199359 0.344171 3.09754 80 2 25 10 35572 0 
-47.0942 22.814 0.199374 0.344171 3.09754 80 2 25 10 35573 0 
-47.0828 22.814 0.199388 0.344171 3.09754 80 2 25 10 35574 0 
-47.0713 22.8141 0.199403 0.344171 3.09754 80 2 25 10 35575 0 
-47.0598 22.8141 0.199417 0.344171 3.09754 80 2 25 10 35576 0 
-47.0484 22.8142 0.199432 0.344171 3.09754 80 2 25 10 35577 0 
-47.0369 22.8142 0.199447 0.344171 3.09754 80 2 25 10 35578 0 
-47.0254 22.8142 0.199461 0.344171 3.09754 80 2 25 10 35579 0 
-47.0139 22.8143 0.199476 0.344171 3.09754 80 2 25 10 35580 0 
-47.0025 22.8143 0.19949 0.344171 3.09754 80 2 25 10 35581 0 
-46.991 22.8144 0.199505 0.344171 3.09754 80 2 25 10 35582 0 
-46.9795 22.8144 0.199519 0.344171 3.09754 80 2 25 10 35583 0 
-46.9681 22.8144 0.199534 0.344171 3.09754 80 2 25 10 35584 0 
-46.9566 22.8145 0.199548 0.344171 3.09754 80 2 25 10 35585 0 
-46.9451 22.8145 0.199563 0.344171 3.09754 80 2 25 10 35586 0 
-46.9336 22.8146 0.199578 0.344171 3.09754 80 2 25 10 35587 0 
-46.9222 22.8146 0.199592 0.344171 3.09754 80 2 25 10 35588 0 
-46.9107 22.8146 0.199607 0.344171 3.09754 80 2 25 10 35589 0 
-46.8992 22.8147 0.199621 0.344171 3.09754 80 2 25 10 35590 0 
-46.8878 22.8147 0.199636 0.344171 3.09754 80 2 25 10 35591 0 
-46.8763 22.8148 0.19965 0.344171 3.09754 80 2 25 10 35592 0 
-46.8648 22.8148 0.199665 0.344171 3.09754 80 2 25 10 35593 0 
-46.8534 22.8148 0.19968 0.344171 3.09754 80 2 25 10 35594 0 
-46.8419 22.8149 0.199694 0.344171 3.09754 80 2 25 10 35595 0 
-46.8304 22.8149 0.199709 0.344171 3.09754 80 2 25 10 35596 0 
-46.8189 22.815 0.199723 0.344171 3.09754 80 2 25 10 35597 0 
-46.8075 22.815 0.199738 0.344171 3.09754 80 2 25 10 35598 0 
-46.796 22.815 0.199753 0.344171 3.09754 80 2 25 10 35599 0 
-46.7845 22.8151 0.199767 0.344171 3.09754 80 2 25 10 35600 0 
-46.7731 22.8151 0.199782 0.344171 3.09754 80 2 25 10 35601 0 
-46.7616 22.8152 0.199796 0.344171 3.09754 80 2 25 10 35602 0 
-46.7501 22.8152 0.199811 0.344171 3.09754 80 2 25 10 35603 0 
-46.7386 22.8152 0.199826 0.344171 3.09754 80 2 25 10 35604 0 
-46.7272 22.8153 0.19984 0.344171 3.09754 80 2 25 10 35605 0 
-46.7157 22.8153 0.199855 0.344171 3.09754 80 2 25 10 35606 0 
-46.7042 22.8154 0.19987 0.344171 3.09754 80 2 25 10 35607 0 
-46.6928 22.8154 0.199884 0.344171 3.09754 80 2 25 10 35608 0 
-46.6813 22.8154 0.199899 0.344171 3.09754 80 2 25 10 35609 0 
-46.6698 22.8155 0.199913 0.344171 3.09754 80 2 25 10 35610 0 
-46.6583 22.8155 0.199928 0.344171 3.09754 80 2 25 10 35611 0 
-46.6469 22.8156 0.199943 0.344171 3.09754 80 2 25 10 35612 0 
-46.6354 22.8156 0.199957 0.344171 3.09754 80 2 25 10 35613 0 
-46.6239 22.8156 0.199972 0.344171 3.09754 80 2 25 10 35614 0 
-46.6125 22.8157 0.199987 0.344171 3.09754 80 2 25 10 35615 0 
-46.601 22.8157 0.200001 0.344171 3.09754 80 2 25 10 35616 0 
-46.5895 22.8158 0.200016 0.344171 3.09754 80 2 25 10 35617 0 
-46.5781 22.8158 0.200031 0.344171 3.09754 80 2 25 10 35618 0 
-46.5666 22.8158 0.200045 0.344171 3.09754 80 2 25 10 35619 0 
-46.5551 22.8159 0.20006 0.344171 3.09754 80 2 25 10 35620 0 
-46.5436 22.8159 0.200075 0.344171 3.09754 80 2 25 10 35621 0 
-46.5322 22.816 0.200089 0.344171 3.09754 80 2 25 10 35622 0 
-46.5207 22.816 0.200104 0.344171 3.09754 80 2 25 10 35623 0 
-46.5092 22.816 0.200119 0.344171 3.09754 80 2 25 10 35624 0 
-46.4978 22.8161 0.200133 0.344171 3.09754 80 2 25 10 35625 0 
-46.4863 22.8161 0.200148 0.344171 3.09754 80 2 25 10 35626 0 
-46.4748 22.8162 0.200163 0.344171 3.09754 80 2 25 10 35627 0 
-46.4633 22.8162 0.200177 0.344171 3.09754 80 2 25 10 35628 0 
-46.4519 22.8162 0.200192 0.344171 3.09754 80 2 25 10 35629 0 
-46.4404 22.8163 0.200207 0.344171 3.09754 80 2 25 10 35630 0 
-46.4289 22.8163 0.200221 0.344171 3.09754 80 2 25 10 35631 0 
-46.4175 22.8164 0.200236 0.344171 3.09754 80 2 25 10 35632 0 
-46.406 22.8164 0.200251 0.344171 3.09754 80 2 25 10 35633 0 
-46.3945 22.8164 0.200265 0.344171 3.09754 80 2 25 10 35634 0 
-46.383 22.8165 0.20028 0.344171 3.09754 80 2 25 10 35635 0 
-46.3716 22.8165 0.200295 0.344171 3.09754 80 2 25 10 35636 0 
-46.3601 22.8166 0.20031 0.344171 3.09754 80 2 25 10 35637 0 
-46.3486 22.8166 0.200324 0.344171 3.09754 80 2 25 10 35638 0 
-46.3372 22.8166 0.200339 0.344171 3.09754 80 2 25 10 35639 0 
-46.3257 22.8167 0.200354 0.344171 3.09754 80 2 25 10 35640 0 
-46.3142 22.8167 0.200368 0.344171 3.09754 80 2 25 10 35641 0 
-46.3028 22.8168 0.200383 0.344171 3.09754 80 2 25 10 35642 0 
-46.2913 22.8168 0.200398 0.344171 3.09754 80 2 25 10 35643 0 
-46.2798 22.8168 0.200413 0.344171 3.09754 80 2 25 10 35644 0 
-46.2683 22.8169 0.200427 0.344171 3.09754 80 2 25 10 35645 0 
-46.2569 22.8169 0.200442 0.344171 3.09754 80 2 25 10 35646 0 
-46.2454 22.817 0.200457 0.344171 3.09754 80 2 25 10 35647 0 
-46.2339 22.817 0.200471 0.344171 3.09754 80 2 25 10 35648 0 
-46.2225 22.817 0.200486 0.344171 3.09754 80 2 25 10 35649 0 
-46.211 22.8171 0.200501 0.344171 3.09754 80 2 25 10 35650 0 
-46.1995 22.8171 0.200516 0.344171 3.09754 80 2 25 10 35651 0 
-46.188 22.8172 0.20053 0.344171 3.09754 80 2 25 10 35652 0 
-46.1766 22.8172 0.200545 0.344171 3.09754 80 2 25 10 35653 0 
-46.1651 22.8172 0.20056 0.344171 3.09754 80 2 25 10 35654 0 
-46.1536 22.8173 0.200575 0.344171 3.09754 80 2 25 10 35655 0 
-46.1422 22.8173 0.200589 0.344171 3.09754 80 2 25 10 35656 0 
-46.1307 22.8174 0.200604 0.344171 3.09754 80 2 25 10 35657 0 
-46.1192 22.8174 0.200619 0.344171 3.09754 80 2 25 10 35658 0 
-46.1077 22.8174 0.200634 0.344171 3.09754 80 2 25 10 35659 0 
-46.0963 22.8175 0.200648 0.344171 3.09754 80 2 25 10 35660 0 
-46.0848 22.8175 0.200663 0.344171 3.09754 80 2 25 10 35661 0 
-46.0733 22.8176 0.200678 0.344171 3.09754 80 2 25 10 35662 0 
-46.0619 22.8176 0.200693 0.344171 3.09754 80 2 25 10 35663 0 
-46.0504 22.8176 0.200708 0.344171 3.09754 80 2 25 10 35664 0 
-46.0389 22.8177 0.200722 0.344171 3.09754 80 2 25 10 35665 0 
-46.0275 22.8177 0.200737 0.344171 3.09754 80 2 25 10 35666 0 
-46.016 22.8178 0.200752 0.344171 3.09754 80 2 25 10 35667 0 
-46.0045 22.8178 0.200767 0.344171 3.09754 80 2 25 10 35668 0 
-45.993 22.8178 0.200781 0.344171 3.09754 80 2 25 10 35669 0 
-45.9816 22.8179 0.200796 0.344171 3.09754 80 2 25 10 35670 0 
-45.9701 22.8179 0.200811 0.344171 3.09754 80 2 25 10 35671 0 
-45.9586 22.818 0.200826 0.344171 3.09754 80 2 25 10 35672 0 
-45.9472 22.818 0.200841 0.344171 3.09754 80 2 25 10 35673 0 
-45.9357 22.818 0.200855 0.344171 3.09754 80 2 25 10 35674 0 
-45.9242 22.8181 0.20087 0.344171 3.09754 80 2 25 10 35675 0 
-45.9127 22.8181 0.200885 0.344171 3.09754 80 2 25 10 35676 0 
-45.9013 22.8182 0.2009 0.344171 3.09754 80 2 25 10 35677 0 
-45.8898 22.8182 0.200915 0.344171 3.09754 80 2 25 10 35678 0 
-45.8783 22.8182 0.200929 0.344171 3.09754 80 2 25 10 35679 0 
-45.8669 22.8183 0.200944 0.344171 3.09754 80 2 25 10 35680 0 
-45.8554 22.8183 0.200959 0.344171 3.09754 80 2 25 10 35681 0 
-45.8439 22.8184 0.200974 0.344171 3.09754 80 2 25 10 35682 0 
-45.8325 22.8184 0.200989 0.344171 3.09754 80 2 25 10 35683 0 
-45.821 22.8184 0.201004 0.344171 3.09754 80 2 25 10 35684 0 
-45.8095 22.8185 0.201018 0.344171 3.09754 80 2 25 10 35685 0 
-45.798 22.8185 0.201033 0.344171 3.09754 80 2 25 10 35686 0 
-45.7866 22.8186 0.201048 0.344171 3.09754 80 2 25 10 35687 0 
-45.7751 22.8186 0.201063 0.344171 3.09754 80 2 25 10 35688 0 
-45.7636 22.8186 0.201078 0.344171 3.09754 80 2 25 10 35689 0 
-45.7522 22.8187 0.201093 0.344171 3.09754 80 2 25 10 35690 0 
-45.7407 22.8187 0.201108 0.344171 3.09754 80 2 25 10 35691 0 
-45.7292 22.8188 0.201122 0.344171 3.09754 80 2 25 10 35692 0 
-45.7177 22.8188 0.201137 0.344171 3.09754 80 2 25 10 35693 0 
-45.7063 22.8188 0.201152 0.344171 3.09754 80 2 25 10 35694 0 
-45.6948 22.8189 0.201167 0.344171 3.09754 80 2 25 10 35695 0 
-45.6833 22.8189 0.201182 0.344171 3.09754 80 2 25 10 35696 0 
-45.6719 22.819 0.201197 0.344171 3.09754 80 2 25 10 35697 0 
-45.6604 22.819 0.201212 0.344171 3.09754 80 2 25 10 35698 0 
-45.6489 22.819 0.201226 0.344171 3.09754 80 2 25 10 35699 0 
-45.6374 22.8191 0.201241 0.344171 3.09754 80 2 25 10 35700 0 
-45.626 22.8191 0.201256 0.344171 3.09754 80 2 25 10 35701 0 
-45.6145 22.8192 0.201271 0.344171 3.09754 80 2 25 10 35702 0 
-45.603 22.8192 0.201286 0.344171 3.09754 80 2 25 10 35703 0 
-45.5916 22.8192 0.201301 0.344171 3.09754 80 2 25 10 35704 0 
-45.5801 22.8193 0.201316 0.344171 3.09754 80 2 25 10 35705 0 
-45.5686 22.8193 0.201331 0.344171 3.09754 80 2 25 10 35706 0 
-45.5572 22.8194 0.201346 0.344171 3.09754 80 2 25 10 35707 0 
-45.5457 22.8194 0.20136 0.344171 3.09754 80 2 25 10 35708 0 
-45.5342 22.8194 0.201375 0.344171 3.09754 80 2 25 10 35709 0 
-45.5227 22.8195 0.20139 0.344171 3.09754 80 2 25 10 35710 0 
-45.5113 22.8195 0.201405 0.344171 3.09754 80 2 25 10 35711 0 
-45.4998 22.8196 0.20142 0.344171 3.09754 80 2 25 10 35712 0 
-45.4883 22.8196 0.201435 0.344171 3.09754 80 2 25 10 35713 0 
-45.4769 22.8196 0.20145 0.344171 3.09754 80 2 25 10 35714 0 
-45.4654 22.8197 0.201465 0.344171 3.09754 80 2 25 10 35715 0 
-45.4539 22.8197 0.20148 0.344171 3.09754 80 2 25 10 35716 0 
-45.4424 22.8198 0.201495 0.344171 3.09754 80 2 25 10 35717 0 
-45.431 22.8198 0.20151 0.344171 3.09754 80 2 25 10 35718 0 
-45.4195 22.8198 0.201524 0.344171 3.09754 80 2 25 10 35719 0 
-45.408 22.8199 0.201539 0.344171 3.09754 80 2 25 10 35720 0 
-45.3966 22.8199 0.201554 0.344171 3.09754 80 2 25 10 35721 0 
-45.3851 22.82 0.201569 0.344171 3.09754 80 2 25 10 35722 0 
-45.3736 22.82 0.201584 0.344171 3.09754 80 2 25 10 35723 0 
-45.3621 22.82 0.201599 0.344171 3.09754 80 2 25 10 35724 0 
-45.3507 22.8201 0.201614 0.344171 3.09754 80 2 25 10 35725 0 
-45.3392 22.8201 0.201629 0.344171 3.09754 80 2 25 10 35726 0 
-45.3277 22.8202 0.201644 0.344171 3.09754 80 2 25 10 35727 0 
-45.3163 22.8202 0.201659 0.344171 3.09754 80 2 25 10 35728 0 
-45.3048 22.8202 0.201674 0.344171 3.09754 80 2 25 10 35729 0 
-45.2933 22.8203 0.201689 0.344171 3.09754 80 2 25 10 35730 0 
-45.2819 22.8203 0.201704 0.344171 3.09754 80 2 25 10 35731 0 
-45.2704 22.8204 0.201719 0.344171 3.09754 80 2 25 10 35732 0 
-45.2589 22.8204 0.201734 0.344171 3.09754 80 2 25 10 35733 0 
-45.2474 22.8204 0.201749 0.344171 3.09754 80 2 25 10 35734 0 
-45.236 22.8205 0.201764 0.344171 3.09754 80 2 25 10 35735 0 
-45.2245 22.8205 0.201779 0.344171 3.09754 80 2 25 10 35736 0 
-45.213 22.8206 0.201794 0.344171 3.09754 80 2 25 10 35737 0 
-45.2016 22.8206 0.201809 0.344171 3.09754 80 2 25 10 35738 0 
-45.1901 22.8206 0.201824 0.344171 3.09754 80 2 25 10 35739 0 
-45.1786 22.8207 0.201839 0.344171 3.09754 80 2 25 10 35740 0 
-45.1671 22.8207 0.201854 0.344171 3.09754 80 2 25 10 35741 0 
-45.1557 22.8208 0.201869 0.344171 3.09754 80 2 25 10 35742 0 
-45.1442 22.8208 0.201884 0.344171 3.09754 80 2 25 10 35743 0 
-45.1327 22.8208 0.201899 0.344171 3.09754 80 2 25 10 35744 0 
-45.1213 22.8209 0.201914 0.344171 3.09754 80 2 25 10 35745 0 
-45.1098 22.8209 0.201929 0.344171 3.09754 80 2 25 10 35746 0 
-45.0983 22.821 0.201944 0.344171 3.09754 80 2 25 10 35747 0 
-45.0868 22.821 0.201959 0.344171 3.09754 80 2 25 10 35748 0 
-45.0754 22.821 0.201974 0.344171 3.09754 80 2 25 10 35749 0 
-45.0639 22.8211 0.201989 0.344171 3.09754 80 2 25 10 35750 0 
-45.0524 22.8211 0.202004 0.344171 3.09754 80 2 25 10 35751 0 
-45.041 22.8212 0.202019 0.344171 3.09754 80 2 25 10 35752 0 
-45.0295 22.8212 0.202034 0.344171 3.09754 80 2 25 10 35753 0 
-45.018 22.8212 0.202049 0.344171 3.09754 80 2 25 10 35754 0 
-45.0066 22.8213 0.202064 0.344171 3.09754 80 2 25 10 35755 0 
-44.9951 22.8213 0.202079 0.344171 3.09754 80 2 25 10 35756 0 
-44.9836 22.8214 0.202094 0.344171 3.09754 80 2 25 10 35757 0 
-44.9721 22.8214 0.202109 0.344171 3.09754 80 2 25 10 35758 0 
-44.9607 22.8214 0.202124 0.344171 3.09754 80 2 25 10 35759 0 
-44.9492 22.8215 0.202139 0.344171 3.09754 80 2 25 10 35760 0 
-44.9377 22.8215 0.202154 0.344171 3.09754 80 2 25 10 35761 0 
-44.9263 22.8216 0.202169 0.344171 3.09754 80 2 25 10 35762 0 
-44.9148 22.8216 0.202184 0.344171 3.09754 80 2 25 10 35763 0 
-44.9033 22.8216 0.202199 0.344171 3.09754 80 2 25 10 35764 0 
-44.8918 22.8217 0.202214 0.344171 3.09754 80 2 25 10 35765 0 
-44.8804 22.8217 0.202229 0.344171 3.09754 80 2 25 10 35766 0 
-44.8689 22.8218 0.202244 0.344171 3.09754 80 2 25 10 35767 0 
-44.8574 22.8218 0.202259 0.344171 3.09754 80 2 25 10 35768 0 
-44.846 22.8218 0.202274 0.344171 3.09754 80 2 25 10 35769 0 
-44.8345 22.8219 0.202289 0.344171 3.09754 80 2 25 10 35770 0 
-44.823 22.8219 0.202304 0.344171 3.09754 80 2 25 10 35771 0 
-44.8116 22.822 0.20232 0.344171 3.09754 80 2 25 10 35772 0 
-44.8001 22.822 0.202335 0.344171 3.09754 80 2 25 10 35773 0 
-44.7886 22.8221 0.20235 0.344171 3.09754 80 2 25 10 35774 0 
-44.7771 22.8221 0.202365 0.344171 3.09754 80 2 25 10 35775 0 
-44.7657 22.8221 0.20238 0.344171 3.09754 80 2 25 10 35776 0 
-44.7542 22.8222 0.202395 0.344171 3.09754 80 2 25 10 35777 0 
-44.7427 22.8222 0.20241 0.344171 3.09754 80 2 25 10 35778 0 
-44.7313 22.8223 0.202425 0.344171 3.09754 80 2 25 10 35779 0 
-44.7198 22.8223 0.20244 0.344171 3.09754 80 2 25 10 35780 0 
-44.7083 22.8223 0.202455 0.344171 3.09754 80 2 25 10 35781 0 
-44.6968 22.8224 0.20247 0.344171 3.09754 80 2 25 10 35782 0 
-44.6854 22.8224 0.202486 0.344171 3.09754 80 2 25 10 35783 0 
-44.6739 22.8225 0.202501 0.344171 3.09754 80 2 25 10 35784 0 
-44.6624 22.8225 0.202516 0.344171 3.09754 80 2 25 10 35785 0 
-44.651 22.8225 0.202531 0.344171 3.09754 80 2 25 10 35786 0 
-44.6395 22.8226 0.202546 0.344171 3.09754 80 2 25 10 35787 0 
-44.628 22.8226 0.202561 0.344171 3.09754 80 2 25 10 35788 0 
-44.6165 22.8227 0.202576 0.344171 3.09754 80 2 25 10 35789 0 
-44.6051 22.8227 0.202591 0.344171 3.09754 80 2 25 10 35790 0 
-44.5936 22.8227 0.202607 0.344171 3.09754 80 2 25 10 35791 0 
-44.5821 22.8228 0.202622 0.344171 3.09754 80 2 25 10 35792 0 
-44.5707 22.8228 0.202637 0.344171 3.09754 80 2 25 10 35793 0 
-44.5592 22.8229 0.202652 0.344171 3.09754 80 2 25 10 35794 0 
-44.5477 22.8229 0.202667 0.344171 3.09754 80 2 25 10 35795 0 
-44.5363 22.8229 0.202682 0.344171 3.09754 80 2 25 10 35796 0 
-44.5248 22.823 0.202697 0.344171 3.09754 80 2 25 10 35797 0 
-44.5133 22.823 0.202713 0.344171 3.09754 80 2 25 10 35798 0 
-44.5018 22.8231 0.202728 0.344171 3.09754 80 2 25 10 35799 0 
-44.4904 22.8231 0.202743 0.344171 3.09754 80 2 25 10 35800 0 
-44.4789 22.8231 0.202758 0.344171 3.09754 80 2 25 10 35801 0 
-44.4674 22.8232 0.202773 0.344171 3.09754 80 2 25 10 35802 0 
-44.456 22.8232 0.202788 0.344171 3.09754 80 2 25 10 35803 0 
-44.4445 22.8233 0.202803 0.344171 3.09754 80 2 25 10 35804 0 
-44.433 22.8233 0.202819 0.344171 3.09754 80 2 25 10 35805 0 
-44.4215 22.8233 0.202834 0.344171 3.09754 80 2 25 10 35806 0 
-44.4101 22.8234 0.202849 0.344171 3.09754 80 2 25 10 35807 0 
-44.3986 22.8234 0.202864 0.344171 3.09754 80 2 25 10 35808 0 
-44.3871 22.8235 0.202879 0.344171 3.09754 80 2 25 10 35809 0 
-44.3757 22.8235 0.202894 0.344171 3.09754 80 2 25 10 35810 0 
-44.3642 22.8235 0.20291 0.344171 3.09754 80 2 25 10 35811 0 
-44.3527 22.8236 0.202925 0.344171 3.09754 80 2 25 10 35812 0 
-44.3412 22.8236 0.20294 0.344171 3.09754 80 2 25 10 35813 0 
-44.3298 22.8237 0.202955 0.344171 3.09754 80 2 25 10 35814 0 
-44.3183 22.8237 0.20297 0.344171 3.09754 80 2 25 10 35815 0 
-44.3068 22.8237 0.202986 0.344171 3.09754 80 2 25 10 35816 0 
-44.2954 22.8238 0.203001 0.344171 3.09754 80 2 25 10 35817 0 
-44.2839 22.8238 0.203016 0.344171 3.09754 80 2 25 10 35818 0 
-44.2724 22.8239 0.203031 0.344171 3.09754 80 2 25 10 35819 0 
-44.261 22.8239 0.203046 0.344171 3.09754 80 2 25 10 35820 0 
-44.2495 22.8239 0.203062 0.344171 3.09754 80 2 25 10 35821 0 
-44.238 22.824 0.203077 0.344171 3.09754 80 2 25 10 35822 0 
-44.2265 22.824 0.203092 0.344171 3.09754 80 2 25 10 35823 0 
-44.2151 22.8241 0.203107 0.344171 3.09754 80 2 25 10 35824 0 
-44.2036 22.8241 0.203123 0.344171 3.09754 80 2 25 10 35825 0 
-44.1921 22.8241 0.203138 0.344171 3.09754 80 2 25 10 35826 0 
-44.1807 22.8242 0.203153 0.344171 3.09754 80 2 25 10 35827 0 
-44.1692 22.8242 0.203168 0.344171 3.09754 80 2 25 10 35828 0 
-44.1577 22.8243 0.203183 0.344171 3.09754 80 2 25 10 35829 0 
-44.1462 22.8243 0.203199 0.344171 3.09754 80 2 25 10 35830 0 
-44.1348 22.8243 0.203214 0.344171 3.09754 80 2 25 10 35831 0 
-44.1233 22.8244 0.203229 0.344171 3.09754 80 2 25 10 35832 0 
-44.1118 22.8244 0.203244 0.344171 3.09754 80 2 25 10 35833 0 
-44.1004 22.8245 0.20326 0.344171 3.09754 80 2 25 10 35834 0 
-44.0889 22.8245 0.203275 0.344171 3.09754 80 2 25 10 35835 0 
-44.0774 22.8245 0.20329 0.344171 3.09754 80 2 25 10 35836 0 
-44.0659 22.8246 0.203305 0.344171 3.09754 80 2 25 10 35837 0 
-44.0545 22.8246 0.203321 0.344171 3.09754 80 2 25 10 35838 0 
-44.043 22.8247 0.203336 0.344171 3.09754 80 2 25 10 35839 0 
-44.0315 22.8247 0.203351 0.344171 3.09754 80 2 25 10 35840 0 
-44.0201 22.8247 0.203367 0.344171 3.09754 80 2 25 10 35841 0 
-44.0086 22.8248 0.203382 0.344171 3.09754 80 2 25 10 35842 0 
-43.9971 22.8248 0.203397 0.344171 3.09754 80 2 25 10 35843 0 
-43.9857 22.8249 0.203412 0.344171 3.09754 80 2 25 10 35844 0 
-43.9742 22.8249 0.203428 0.344171 3.09754 80 2 25 10 35845 0 
-43.9627 22.8249 0.203443 0.344171 3.09754 80 2 25 10 35846 0 
-43.9512 22.825 0.203458 0.344171 3.09754 80 2 25 10 35847 0 
-43.9398 22.825 0.203473 0.344171 3.09754 80 2 25 10 35848 0 
-43.9283 22.8251 0.203489 0.344171 3.09754 80 2 25 10 35849 0 
-43.9168 22.8251 0.203504 0.344171 3.09754 80 2 25 10 35850 0 
-43.9054 22.8251 0.203519 0.344171 3.09754 80 2 25 10 35851 0 
-43.8939 22.8252 0.203535 0.344171 3.09754 80 2 25 10 35852 0 
-43.8824 22.8252 0.20355 0.344171 3.09754 80 2 25 10 35853 0 
-43.8709 22.8253 0.203565 0.344171 3.09754 80 2 25 10 35854 0 
-43.8595 22.8253 0.203581 0.344171 3.09754 80 2 25 10 35855 0 
-43.848 22.8253 0.203596 0.344171 3.09754 80 2 25 10 35856 0 
-43.8365 22.8254 0.203611 0.344171 3.09754 80 2 25 10 35857 0 
-43.8251 22.8254 0.203627 0.344171 3.09754 80 2 25 10 35858 0 
-43.8136 22.8255 0.203642 0.344171 3.09754 80 2 25 10 35859 0 
-43.8021 22.8255 0.203657 0.344171 3.09754 80 2 25 10 35860 0 
-43.7906 22.8255 0.203673 0.344171 3.09754 80 2 25 10 35861 0 
-43.7792 22.8256 0.203688 0.344171 3.09754 80 2 25 10 35862 0 
-43.7677 22.8256 0.203703 0.344171 3.09754 80 2 25 10 35863 0 
-43.7562 22.8257 0.203719 0.344171 3.09754 80 2 25 10 35864 0 
-43.7448 22.8257 0.203734 0.344171 3.09754 80 2 25 10 35865 0 
-43.7333 22.8257 0.203749 0.344171 3.09754 80 2 25 10 35866 0 
-43.7218 22.8258 0.203765 0.344171 3.09754 80 2 25 10 35867 0 
-43.7104 22.8258 0.20378 0.344171 3.09754 80 2 25 10 35868 0 
-43.6989 22.8259 0.203795 0.344171 3.09754 80 2 25 10 35869 0 
-43.6874 22.8259 0.203811 0.344171 3.09754 80 2 25 10 35870 0 
-43.6759 22.8259 0.203826 0.344171 3.09754 80 2 25 10 35871 0 
-43.6645 22.826 0.203841 0.344171 3.09754 80 2 25 10 35872 0 
-43.653 22.826 0.203857 0.344171 3.09754 80 2 25 10 35873 0 
-43.6415 22.8261 0.203872 0.344171 3.09754 80 2 25 10 35874 0 
-43.6301 22.8261 0.203887 0.344171 3.09754 80 2 25 10 35875 0 
-43.6186 22.8261 0.203903 0.344171 3.09754 80 2 25 10 35876 0 
-43.6071 22.8262 0.203918 0.344171 3.09754 80 2 25 10 35877 0 
-43.5956 22.8262 0.203934 0.344171 3.09754 80 2 25 10 35878 0 
-43.5842 22.8263 0.203949 0.344171 3.09754 80 2 25 10 35879 0 
-43.5727 22.8263 0.203964 0.344171 3.09754 80 2 25 10 35880 0 
-43.5612 22.8263 0.20398 0.344171 3.09754 80 2 25 10 35881 0 
-43.5498 22.8264 0.203995 0.344171 3.09754 80 2 25 10 35882 0 
-43.5383 22.8264 0.20401 0.344171 3.09754 80 2 25 10 35883 0 
-43.5268 22.8265 0.204026 0.344171 3.09754 80 2 25 10 35884 0 
-43.5154 22.8265 0.204041 0.344171 3.09754 80 2 25 10 35885 0 
-43.5039 22.8265 0.204057 0.344171 3.09754 80 2 25 10 35886 0 
-43.4924 22.8266 0.204072 0.344171 3.09754 80 2 25 10 35887 0 
-43.4809 22.8266 0.204087 0.344171 3.09754 80 2 25 10 35888 0 
-43.4695 22.8267 0.204103 0.344171 3.09754 80 2 25 10 35889 0 
-43.458 22.8267 0.204118 0.344171 3.09754 80 2 25 10 35890 0 
-43.4465 22.8267 0.204134 0.344171 3.09754 80 2 25 10 35891 0 
-43.4351 22.8268 0.204149 0.344171 3.09754 80 2 25 10 35892 0 
-43.4236 22.8268 0.204165 0.344171 3.09754 80 2 25 10 35893 0 
-43.4121 22.8269 0.20418 0.344171 3.09754 80 2 25 10 35894 0 
-43.4006 22.8269 0.204195 0.344171 3.09754 80 2 25 10 35895 0 
-43.3892 22.8269 0.204211 0.344171 3.09754 80 2 25 10 35896 0 
-43.3777 22.827 0.204226 0.344171 3.09754 80 2 25 10 35897 0 
-43.3662 22.827 0.204242 0.344171 3.09754 80 2 25 10 35898 0 
-43.3548 22.8271 0.204257 0.344171 3.09754 80 2 25 10 35899 0 
-43.3433 22.8271 0.204273 0.344171 3.09754 80 2 25 10 35900 0 
-43.3318 22.8271 0.204288 0.344171 3.09754 80 2 25 10 35901 0 
-43.3203 22.8272 0.204303 0.344171 3.09754 80 2 25 10 35902 0 
-43.3089 22.8272 0.204319 0.344171 3.09754 80 2 25 10 35903 0 
-43.2974 22.8273 0.204334 0.344171 3.09754 80 2 25 10 35904 0 
-43.2859 22.8273 0.20435 0.344171 3.09754 80 2 25 10 35905 0 
-43.2745 22.8273 0.204365 0.344171 3.09754 80 2 25 10 35906 0 
-43.263 22.8274 0.204381 0.344171 3.09754 80 2 25 10 35907 0 
-43.2515 22.8274 0.204396 0.344171 3.09754 80 2 25 10 35908 0 
-43.2401 22.8275 0.204412 0.344171 3.09754 80 2 25 10 35909 0 
-43.2286 22.8275 0.204427 0.344171 3.09754 80 2 25 10 35910 0 
-43.2171 22.8275 0.204443 0.344171 3.09754 80 2 25 10 35911 0 
-43.2056 22.8276 0.204458 0.344171 3.09754 80 2 25 10 35912 0 
-43.1942 22.8276 0.204473 0.344171 3.09754 80 2 25 10 35913 0 
-43.1827 22.8277 0.204489 0.344171 3.09754 80 2 25 10 35914 0 
-43.1712 22.8277 0.204504 0.344171 3.09754 80 2 25 10 35915 0 
-43.1598 22.8277 0.20452 0.344171 3.09754 80 2 25 10 35916 0 
-43.1483 22.8278 0.204535 0.344171 3.09754 80 2 25 10 35917 0 
-43.1368 22.8278 0.204551 0.344171 3.09754 80 2 25 10 35918 0 
-43.1253 22.8279 0.204566 0.344171 3.09754 80 2 25 10 35919 0 
-43.1139 22.8279 0.204582 0.344171 3.09754 80 2 25 10 35920 0 
-43.1024 22.8279 0.204597 0.344171 3.09754 80 2 25 10 35921 0 
-43.0909 22.828 0.204613 0.344171 3.09754 80 2 25 10 35922 0 
-43.0795 22.828 0.204628 0.344171 3.09754 80 2 25 10 35923 0 
-43.068 22.8281 0.204644 0.344171 3.09754 80 2 25 10 35924 0 
-43.0565 22.8281 0.204659 0.344171 3.09754 80 2 25 10 35925 0 
-43.045 22.8281 0.204675 0.344171 3.09754 80 2 25 10 35926 0 
-43.0336 22.8282 0.20469 0.344171 3.09754 80 2 25 10 35927 0 
-43.0221 22.8282 0.204706 0.344171 3.09754 80 2 25 10 35928 0 
-43.0106 22.8283 0.204722 0.344171 3.09754 80 2 25 10 35929 0 
-42.9992 22.8283 0.204737 0.344171 3.09754 80 2 25 10 35930 0 
-42.9877 22.8283 0.204753 0.344171 3.09754 80 2 25 10 35931 0 
-42.9762 22.8284 0.204768 0.344171 3.09754 80 2 25 10 35932 0 
-42.9648 22.8284 0.204784 0.344171 3.09754 80 2 25 10 35933 0 
-42.9533 22.8285 0.204799 0.344171 3.09754 80 2 25 10 35934 0 
-42.9418 22.8285 0.204815 0.344171 3.09754 80 2 25 10 35935 0 
-42.9303 22.8285 0.20483 0.344171 3.09754 80 2 25 10 35936 0 
-42.9189 22.8286 0.204846 0.344171 3.09754 80 2 25 10 35937 0 
-42.9074 22.8286 0.204861 0.344171 3.09754 80 2 25 10 35938 0 
-42.8959 22.8287 0.204877 0.344171 3.09754 80 2 25 10 35939 0 
-42.8845 22.8287 0.204892 0.344171 3.09754 80 2 25 10 35940 0 
-42.873 22.8288 0.204908 0.344171 3.09754 80 2 25 10 35941 0 
-42.8615 22.8288 0.204924 0.344171 3.09754 80 2 25 10 35942 0 
-42.85 22.8288 0.204939 0.344171 3.09754 80 2 25 10 35943 0 
-42.8386 22.8289 0.204955 0.344171 3.09754 80 2 25 10 35944 0 
-42.8271 22.8289 0.20497 0.344171 3.09754 80 2 25 10 35945 0 
-42.8156 22.829 0.204986 0.344171 3.09754 80 2 25 10 35946 0 
-42.8042 22.829 0.205001 0.344171 3.09754 80 2 25 10 35947 0 
-42.7927 22.829 0.205017 0.344171 3.09754 80 2 25 10 35948 0 
-42.7812 22.8291 0.205032 0.344171 3.09754 80 2 25 10 35949 0 
-42.7697 22.8291 0.205048 0.344171 3.09754 80 2 25 10 35950 0 
-42.7583 22.8292 0.205063 0.344171 3.09754 80 2 25 10 35951 0 
-42.7468 22.8292 0.205079 0.344171 3.09754 80 2 25 10 35952 0 
-42.7353 22.8293 0.205095 0.344171 3.09754 80 2 25 10 35953 0 
-42.7239 22.8293 0.20511 0.344171 3.09754 80 2 25 10 35954 0 
-42.7124 22.8293 0.205126 0.344171 3.09754 80 2 25 10 35955 0 
-42.7009 22.8294 0.205141 0.344171 3.09754 80 2 25 10 35956 0 
-42.6895 22.8294 0.205157 0.344171 3.09754 80 2 25 10 35957 0 
-42.678 22.8295 0.205172 0.344171 3.09754 80 2 25 10 35958 0 
-42.6665 22.8295 0.205188 0.344171 3.09754 80 2 25 10 35959 0 
-42.655 22.8295 0.205203 0.344171 3.09754 80 2 25 10 35960 0 
-42.6436 22.8296 0.205219 0.344171 3.09754 80 2 25 10 35961 0 
-42.6321 22.8296 0.205235 0.344171 3.09754 80 2 25 10 35962 0 
-42.6206 22.8297 0.20525 0.344171 3.09754 80 2 25 10 35963 0 
-42.6092 22.8297 0.205266 0.344171 3.09754 80 2 25 10 35964 0 
-42.5977 22.8298 0.205281 0.344171 3.09754 80 2 25 10 35965 0 
-42.5862 22.8298 0.205297 0.344171 3.09754 80 2 25 10 35966 0 
-42.5747 22.8298 0.205312 0.344171 3.09754 80 2 25 10 35967 0 
-42.5633 22.8299 0.205328 0.344171 3.09754 80 2 25 10 35968 0 
-42.5518 22.8299 0.205343 0.344171 3.09754 80 2 25 10 35969 0 
-42.5403 22.83 0.205359 0.344171 3.09754 80 2 25 10 35970 0 
-42.5289 22.83 0.205375 0.344171 3.09754 80 2 25 10 35971 0 
-42.5174 22.8301 0.20539 0.344171 3.09754 80 2 25 10 35972 0 
-42.5059 22.8301 0.205406 0.344171 3.09754 80 2 25 10 35973 0 
-42.4944 22.8301 0.205421 0.344171 3.09754 80 2 25 10 35974 0 
-42.483 22.8302 0.205437 0.344171 3.09754 80 2 25 10 35975 0 
-42.4715 22.8302 0.205452 0.344171 3.09754 80 2 25 10 35976 0 
-42.46 22.8303 0.205468 0.344171 3.09754 80 2 25 10 35977 0 
-42.4486 22.8303 0.205484 0.344171 3.09754 80 2 25 10 35978 0 
-42.4371 22.8303 0.205499 0.344171 3.09754 80 2 25 10 35979 0 
-42.4256 22.8304 0.205515 0.344171 3.09754 80 2 25 10 35980 0 
-42.4142 22.8304 0.20553 0.344171 3.09754 80 2 25 10 35981 0 
-42.4027 22.8305 0.205546 0.344171 3.09754 80 2 25 10 35982 0 
-42.3912 22.8305 0.205562 0.344171 3.09754 80 2 25 10 35983 0 
-42.3797 22.8306 0.205577 0.344171 3.09754 80 2 25 10 35984 0 
-42.3683 22.8306 0.205593 0.344171 3.09754 80 2 25 10 35985 0 
-42.3568 22.8306 0.205608 0.344171 3.09754 80 2 25 10 35986 0 
-42.3453 22.8307 0.205624 0.344171 3.09754 80 2 25 10 35987 0 
-42.3339 22.8307 0.205639 0.344171 3.09754 80 2 25 10 35988 0 
-42.3224 22.8308 0.205655 0.344171 3.09754 80 2 25 10 35989 0 
-42.3109 22.8308 0.205671 0.344171 3.09754 80 2 25 10 35990 0 
-42.2994 22.8308 0.205686 0.344171 3.09754 80 2 25 10 35991 0 
-42.288 22.8309 0.205702 0.344171 3.09754 80 2 25 10 35992 0 
-42.2765 22.8309 0.205717 0.344171 3.09754 80 2 25 10 35993 0 
-42.265 22.831 0.205733 0.344171 3.09754 80 2 25 10 35994 0 
-42.2536 22.831 0.205749 0.344171 3.09754 80 2 25 10 35995 0 
-42.2421 22.8311 0.205764 0.344171 3.09754 80 2 25 10 35996 0 
-42.2306 22.8311 0.20578 0.344171 3.09754 80 2 25 10 35997 0 
-42.2192 22.8311 0.205795 0.344171 3.09754 80 2 25 10 35998 0 
-42.2077 22.8312 0.205811 0.344171 3.09754 80 2 25 10 35999 0 
-42.1962 22.8312 0.205827 0.344171 3.09754 80 2 25 10 36000 0 
-42.1847 22.8313 0.205842 0.344171 3.09754 80 2 25 10 36001 0 
-42.1733 22.8313 0.205858 0.344171 3.09754 80 2 25 10 36002 0 
-42.1618 22.8314 0.205874 0.344171 3.09754 80 2 25 10 36003 0 
-42.1503 22.8314 0.205889 0.344171 3.09754 80 2 25 10 36004 0 
-42.1389 22.8314 0.205905 0.344171 3.09754 80 2 25 10 36005 0 
-42.1274 22.8315 0.20592 0.344171 3.09754 80 2 25 10 36006 0 
-42.1159 22.8315 0.205936 0.344171 3.09754 80 2 25 10 36007 0 
-42.1044 22.8316 0.205952 0.344171 3.09754 80 2 25 10 36008 0 
-42.093 22.8316 0.205967 0.344171 3.09754 80 2 25 10 36009 0 
-42.0815 22.8316 0.205983 0.344171 3.09754 80 2 25 10 36010 0 
-42.07 22.8317 0.205999 0.344171 3.09754 80 2 25 10 36011 0 
-42.0586 22.8317 0.206014 0.344171 3.09754 80 2 25 10 36012 0 
-42.0471 22.8318 0.20603 0.344171 3.09754 80 2 25 10 36013 0 
-42.0356 22.8318 0.206046 0.344171 3.09754 80 2 25 10 36014 0 
-42.0241 22.8319 0.206061 0.344171 3.09754 80 2 25 10 36015 0 
-42.0127 22.8319 0.206077 0.344171 3.09754 80 2 25 10 36016 0 
-42.0012 22.8319 0.206092 0.344171 3.09754 80 2 25 10 36017 0 
-41.9897 22.832 0.206108 0.344171 3.09754 80 2 25 10 36018 0 
-41.9783 22.832 0.206124 0.344171 3.09754 80 2 25 10 36019 0 
-41.9668 22.8321 0.206139 0.344171 3.09754 80 2 25 10 36020 0 
-41.9553 22.8321 0.206155 0.344171 3.09754 80 2 25 10 36021 0 
-41.9439 22.8321 0.206171 0.344171 3.09754 80 2 25 10 36022 0 
-41.9324 22.8322 0.206186 0.344171 3.09754 80 2 25 10 36023 0 
-41.9209 22.8322 0.206202 0.344171 3.09754 80 2 25 10 36024 0 
-41.9094 22.8323 0.206218 0.344171 3.09754 80 2 25 10 36025 0 
-41.898 22.8323 0.206233 0.344171 3.09754 80 2 25 10 36026 0 
-41.8865 22.8324 0.206249 0.344171 3.09754 80 2 25 10 36027 0 
-41.875 22.8324 0.206265 0.344171 3.09754 80 2 25 10 36028 0 
-41.8636 22.8324 0.20628 0.344171 3.09754 80 2 25 10 36029 0 
-41.8521 22.8325 0.206296 0.344171 3.09754 80 2 25 10 36030 0 
-41.8406 22.8325 0.206312 0.344171 3.09754 80 2 25 10 36031 0 
-41.8291 22.8326 0.206327 0.344171 3.09754 80 2 25 10 36032 0 
-41.8177 22.8326 0.206343 0.344171 3.09754 80 2 25 10 36033 0 
-41.8062 22.8327 0.206359 0.344171 3.09754 80 2 25 10 36034 0 
-41.7947 22.8327 0.206375 0.344171 3.09754 80 2 25 10 36035 0 
-41.7833 22.8327 0.20639 0.344171 3.09754 80 2 25 10 36036 0 
-41.7718 22.8328 0.206406 0.344171 3.09754 80 2 25 10 36037 0 
-41.7603 22.8328 0.206422 0.344171 3.09754 80 2 25 10 36038 0 
-41.7488 22.8329 0.206437 0.344171 3.09754 80 2 25 10 36039 0 
-41.7374 22.8329 0.206453 0.344171 3.09754 80 2 25 10 36040 0 
-41.7259 22.8329 0.206469 0.344171 3.09754 80 2 25 10 36041 0 
-41.7144 22.833 0.206484 0.344171 3.09754 80 2 25 10 36042 0 
-41.703 22.833 0.2065 0.344171 3.09754 80 2 25 10 36043 0 
-41.6915 22.8331 0.206516 0.344171 3.09754 80 2 25 10 36044 0 
-41.68 22.8331 0.206532 0.344171 3.09754 80 2 25 10 36045 0 
-41.6686 22.8332 0.206547 0.344171 3.09754 80 2 25 10 36046 0 
-41.6571 22.8332 0.206563 0.344171 3.09754 80 2 25 10 36047 0 
-41.6456 22.8332 0.206579 0.344171 3.09754 80 2 25 10 36048 0 
-41.6341 22.8333 0.206594 0.344171 3.09754 80 2 25 10 36049 0 
-41.6227 22.8333 0.20661 0.344171 3.09754 80 2 25 10 36050 0 
-41.6112 22.8334 0.206626 0.344171 3.09754 80 2 25 10 36051 0 
-41.5997 22.8334 0.206642 0.344171 3.09754 80 2 25 10 36052 0 
-41.5883 22.8335 0.206657 0.344171 3.09754 80 2 25 10 36053 0 
-41.5768 22.8335 0.206673 0.344171 3.09754 80 2 25 10 36054 0 
-41.5653 22.8335 0.206689 0.344171 3.09754 80 2 25 10 36055 0 
-41.5538 22.8336 0.206705 0.344171 3.09754 80 2 25 10 36056 0 
-41.5424 22.8336 0.20672 0.344171 3.09754 80 2 25 10 36057 0 
-41.5309 22.8337 0.206736 0.344171 3.09754 80 2 25 10 36058 0 
-41.5194 22.8337 0.206752 0.344171 3.09754 80 2 25 10 36059 0 
-41.508 22.8337 0.206768 0.344171 3.09754 80 2 25 10 36060 0 
-41.4965 22.8338 0.206783 0.344171 3.09754 80 2 25 10 36061 0 
-41.485 22.8338 0.206799 0.344171 3.09754 80 2 25 10 36062 0 
-41.4735 22.8339 0.206815 0.344171 3.09754 80 2 25 10 36063 0 
-41.4621 22.8339 0.206831 0.344171 3.09754 80 2 25 10 36064 0 
-41.4506 22.834 0.206846 0.344171 3.09754 80 2 25 10 36065 0 
-41.4391 22.834 0.206862 0.344171 3.09754 80 2 25 10 36066 0 
-41.4277 22.834 0.206878 0.344171 3.09754 80 2 25 10 36067 0 
-41.4162 22.8341 0.206894 0.344171 3.09754 80 2 25 10 36068 0 
-41.4047 22.8341 0.206909 0.344171 3.09754 80 2 25 10 36069 0 
-41.3933 22.8342 0.206925 0.344171 3.09754 80 2 25 10 36070 0 
-41.3818 22.8342 0.206941 0.344171 3.09754 80 2 25 10 36071 0 
-41.3703 22.8342 0.206957 0.344171 3.09754 80 2 25 10 36072 0 
-41.3588 22.8343 0.206973 0.344171 3.09754 80 2 25 10 36073 0 
-41.3474 22.8343 0.206988 0.344171 3.09754 80 2 25 10 36074 0 
-41.3359 22.8344 0.207004 0.344171 3.09754 80 2 25 10 36075 0 
-41.3244 22.8344 0.20702 0.344171 3.09754 80 2 25 10 36076 0 
-41.313 22.8345 0.207036 0.344171 3.09754 80 2 25 10 36077 0 
-41.3015 22.8345 0.207052 0.344171 3.09754 80 2 25 10 36078 0 
-41.29 22.8345 0.207067 0.344171 3.09754 80 2 25 10 36079 0 
-41.2785 22.8346 0.207083 0.344171 3.09754 80 2 25 10 36080 0 
-41.2671 22.8346 0.207099 0.344171 3.09754 80 2 25 10 36081 0 
-41.2556 22.8347 0.207115 0.344171 3.09754 80 2 25 10 36082 0 
-41.2441 22.8347 0.207131 0.344171 3.09754 80 2 25 10 36083 0 
-41.2327 22.8348 0.207146 0.344171 3.09754 80 2 25 10 36084 0 
-41.2212 22.8348 0.207162 0.344171 3.09754 80 2 25 10 36085 0 
-41.2097 22.8348 0.207178 0.344171 3.09754 80 2 25 10 36086 0 
-41.1982 22.8349 0.207194 0.344171 3.09754 80 2 25 10 36087 0 
-41.1868 22.8349 0.20721 0.344171 3.09754 80 2 25 10 36088 0 
-41.1753 22.835 0.207226 0.344171 3.09754 80 2 25 10 36089 0 
-41.1638 22.835 0.207241 0.344171 3.09754 80 2 25 10 36090 0 
-41.1524 22.835 0.207257 0.344171 3.09754 80 2 25 10 36091 0 
-41.1409 22.8351 0.207273 0.344171 3.09754 80 2 25 10 36092 0 
-41.1294 22.8351 0.207289 0.344171 3.09754 80 2 25 10 36093 0 
-41.118 22.8352 0.207305 0.344171 3.09754 80 2 25 10 36094 0 
-41.1065 22.8352 0.207321 0.344171 3.09754 80 2 25 10 36095 0 
-41.095 22.8353 0.207337 0.344171 3.09754 80 2 25 10 36096 0 
-41.0835 22.8353 0.207352 0.344171 3.09754 80 2 25 10 36097 0 
-41.0721 22.8353 0.207368 0.344171 3.09754 80 2 25 10 36098 0 
-41.0606 22.8354 0.207384 0.344171 3.09754 80 2 25 10 36099 0 
-41.0491 22.8354 0.2074 0.344171 3.09754 80 2 25 10 36100 0 
-41.0377 22.8355 0.207416 0.344171 3.09754 80 2 25 10 36101 0 
-41.0262 22.8355 0.207432 0.344171 3.09754 80 2 25 10 36102 0 
-41.0147 22.8355 0.207448 0.344171 3.09754 80 2 25 10 36103 0 
-41.0032 22.8356 0.207463 0.344171 3.09754 80 2 25 10 36104 0 
-40.9918 22.8356 0.207479 0.344171 3.09754 80 2 25 10 36105 0 
-40.9803 22.8357 0.207495 0.344171 3.09754 80 2 25 10 36106 0 
-40.9688 22.8357 0.207511 0.344171 3.09754 80 2 25 10 36107 0 
-40.9574 22.8358 0.207527 0.344171 3.09754 80 2 25 10 36108 0 
-40.9459 22.8358 0.207543 0.344171 3.09754 80 2 25 10 36109 0 
-40.9344 22.8358 0.207559 0.344171 3.09754 80 2 25 10 36110 0 
-40.923 22.8359 0.207575 0.344171 3.09754 80 2 25 10 36111 0 
-40.9115 22.8359 0.207591 0.344171 3.09754 80 2 25 10 36112 0 
-40.9 22.836 0.207606 0.344171 3.09754 80 2 25 10 36113 0 
-40.8885 22.836 0.207622 0.344171 3.09754 80 2 25 10 36114 0 
-40.8771 22.8361 0.207638 0.344171 3.09754 80 2 25 10 36115 0 
-40.8656 22.8361 0.207654 0.344171 3.09754 80 2 25 10 36116 0 
-40.8541 22.8361 0.20767 0.344171 3.09754 80 2 25 10 36117 0 
-40.8427 22.8362 0.207686 0.344171 3.09754 80 2 25 10 36118 0 
-40.8312 22.8362 0.207702 0.344171 3.09754 80 2 25 10 36119 0 
-40.8197 22.8363 0.207718 0.344171 3.09754 80 2 25 10 36120 0 
-40.8082 22.8363 0.207734 0.344171 3.09754 80 2 25 10 36121 0 
-40.7968 22.8363 0.20775 0.344171 3.09754 80 2 25 10 36122 0 
-40.7853 22.8364 0.207766 0.344171 3.09754 80 2 25 10 36123 0 
-40.7738 22.8364 0.207782 0.344171 3.09754 80 2 25 10 36124 0 
-40.7624 22.8365 0.207797 0.344171 3.09754 80 2 25 10 36125 0 
-40.7509 22.8365 0.207813 0.344171 3.09754 80 2 25 10 36126 0 
-40.7394 22.8366 0.207829 0.344171 3.09754 80 2 25 10 36127 0 
-40.7279 22.8366 0.207845 0.344171 3.09754 80 2 25 10 36128 0 
-40.7165 22.8366 0.207861 0.344171 3.09754 80 2 25 10 36129 0 
-40.705 22.8367 0.207877 0.344171 3.09754 80 2 25 10 36130 0 
-40.6935 22.8367 0.207893 0.344171 3.09754 80 2 25 10 36131 0 
-40.6821 22.8368 0.207909 0.344171 3.09754 80 2 25 10 36132 0 
-40.6706 22.8368 0.207925 0.344171 3.09754 80 2 25 10 36133 0 
-40.6591 22.8368 0.207941 0.344171 3.09754 80 2 25 10 36134 0 
-40.6477 22.8369 0.207957 0.344171 3.09754 80 2 25 10 36135 0 
-40.6362 22.8369 0.207973 0.344171 3.09754 80 2 25 10 36136 0 
-40.6247 22.837 0.207989 0.344171 3.09754 80 2 25 10 36137 0 
-40.6132 22.837 0.208005 0.344171 3.09754 80 2 25 10 36138 0 
-40.6018 22.8371 0.208021 0.344171 3.09754 80 2 25 10 36139 0 
-40.5903 22.8371 0.208037 0.344171 3.09754 80 2 25 10 36140 0 
-40.5788 22.8371 0.208053 0.344171 3.09754 80 2 25 10 36141 0 
-40.5674 22.8372 0.208069 0.344171 3.09754 80 2 25 10 36142 0 
-40.5559 22.8372 0.208085 0.344171 3.09754 80 2 25 10 36143 0 
-40.5444 22.8373 0.208101 0.344171 3.09754 80 2 25 10 36144 0 
-40.5329 22.8373 0.208117 0.344171 3.09754 80 2 25 10 36145 0 
-40.5215 22.8374 0.208133 0.344171 3.09754 80 2 25 10 36146 0 
-40.51 22.8374 0.208149 0.344171 3.09754 80 2 25 10 36147 0 
-40.4985 22.8374 0.208165 0.344171 3.09754 80 2 25 10 36148 0 
-40.4871 22.8375 0.208181 0.344171 3.09754 80 2 25 10 36149 0 
-40.4756 22.8375 0.208197 0.344171 3.09754 80 2 25 10 36150 0 
-40.4641 22.8376 0.208213 0.344171 3.09754 80 2 25 10 36151 0 
-40.4526 22.8376 0.208229 0.344171 3.09754 80 2 25 10 36152 0 
-40.4412 22.8376 0.208245 0.344171 3.09754 80 2 25 10 36153 0 
-40.4297 22.8377 0.208261 0.344171 3.09754 80 2 25 10 36154 0 
-40.4182 22.8377 0.208277 0.344171 3.09754 80 2 25 10 36155 0 
-40.4068 22.8378 0.208293 0.344171 3.09754 80 2 25 10 36156 0 
-40.3953 22.8378 0.208309 0.344171 3.09754 80 2 25 10 36157 0 
-40.3838 22.8379 0.208325 0.344171 3.09754 80 2 25 10 36158 0 
-40.3724 22.8379 0.208341 0.344171 3.09754 80 2 25 10 36159 0 
-40.3609 22.8379 0.208357 0.344171 3.09754 80 2 25 10 36160 0 
-40.3494 22.838 0.208373 0.344171 3.09754 80 2 25 10 36161 0 
-40.3379 22.838 0.208389 0.344171 3.09754 80 2 25 10 36162 0 
-40.3265 22.8381 0.208405 0.344171 3.09754 80 2 25 10 36163 0 
-40.315 22.8381 0.208421 0.344171 3.09754 80 2 25 10 36164 0 
-40.3035 22.8382 0.208437 0.344171 3.09754 80 2 25 10 36165 0 
-40.2921 22.8382 0.208453 0.344171 3.09754 80 2 25 10 36166 0 
-40.2806 22.8382 0.208469 0.344171 3.09754 80 2 25 10 36167 0 
-40.2691 22.8383 0.208486 0.344171 3.09754 80 2 25 10 36168 0 
-40.2576 22.8383 0.208502 0.344171 3.09754 80 2 25 10 36169 0 
-40.2462 22.8384 0.208518 0.344171 3.09754 80 2 25 10 36170 0 
-40.2347 22.8384 0.208534 0.344171 3.09754 80 2 25 10 36171 0 
-40.2232 22.8384 0.20855 0.344171 3.09754 80 2 25 10 36172 0 
-40.2118 22.8385 0.208566 0.344171 3.09754 80 2 25 10 36173 0 
-40.2003 22.8385 0.208582 0.344171 3.09754 80 2 25 10 36174 0 
-40.1888 22.8386 0.208598 0.344171 3.09754 80 2 25 10 36175 0 
-40.1773 22.8386 0.208614 0.344171 3.09754 80 2 25 10 36176 0 
-40.1659 22.8387 0.20863 0.344171 3.09754 80 2 25 10 36177 0 
-40.1544 22.8387 0.208646 0.344171 3.09754 80 2 25 10 36178 0 
-40.1429 22.8387 0.208662 0.344171 3.09754 80 2 25 10 36179 0 
-40.1315 22.8388 0.208679 0.344171 3.09754 80 2 25 10 36180 0 
-40.12 22.8388 0.208695 0.344171 3.09754 80 2 25 10 36181 0 
-40.1085 22.8389 0.208711 0.344171 3.09754 80 2 25 10 36182 0 
-40.0971 22.8389 0.208727 0.344171 3.09754 80 2 25 10 36183 0 
-40.0856 22.8389 0.208743 0.344171 3.09754 80 2 25 10 36184 0 
-40.0741 22.839 0.208759 0.344171 3.09754 80 2 25 10 36185 0 
-40.0626 22.839 0.208775 0.344171 3.09754 80 2 25 10 36186 0 
-40.0512 22.8391 0.208791 0.344171 3.09754 80 2 25 10 36187 0 
-40.0397 22.8391 0.208808 0.344171 3.09754 80 2 25 10 36188 0 
-40.0282 22.8392 0.208824 0.344171 3.09754 80 2 25 10 36189 0 
-40.0168 22.8392 0.20884 0.344171 3.09754 80 2 25 10 36190 0 
-40.0053 22.8392 0.208856 0.344171 3.09754 80 2 25 10 36191 0 
-39.9938 22.8393 0.208872 0.344171 3.09754 80 2 25 10 36192 0 
-39.9823 22.8393 0.208888 0.344171 3.09754 80 2 25 10 36193 0 
-39.9709 22.8394 0.208904 0.344171 3.09754 80 2 25 10 36194 0 
-39.9594 22.8394 0.20892 0.344171 3.09754 80 2 25 10 36195 0 
-39.9479 22.8395 0.208937 0.344171 3.09754 80 2 25 10 36196 0 
-39.9365 22.8395 0.208953 0.344171 3.09754 80 2 25 10 36197 0 
-39.925 22.8395 0.208969 0.344171 3.09754 80 2 25 10 36198 0 
-39.9135 22.8396 0.208985 0.344171 3.09754 80 2 25 10 36199 0 
-39.9021 22.8396 0.209001 0.344171 3.09754 80 2 25 10 36200 0 
-39.8906 22.8397 0.209017 0.344171 3.09754 80 2 25 10 36201 0 
-39.8791 22.8397 0.209034 0.344171 3.09754 80 2 25 10 36202 0 
-39.8676 22.8397 0.20905 0.344171 3.09754 80 2 25 10 36203 0 
-39.8562 22.8398 0.209066 0.344171 3.09754 80 2 25 10 36204 0 
-39.8447 22.8398 0.209082 0.344171 3.09754 80 2 25 10 36205 0 
-39.8332 22.8399 0.209098 0.344171 3.09754 80 2 25 10 36206 0 
-39.8218 22.8399 0.209114 0.344171 3.09754 80 2 25 10 36207 0 
-39.8103 22.84 0.209131 0.344171 3.09754 80 2 25 10 36208 0 
-39.7988 22.84 0.209147 0.344171 3.09754 80 2 25 10 36209 0 
-39.7873 22.84 0.209163 0.344171 3.09754 80 2 25 10 36210 0 
-39.7759 22.8401 0.209179 0.344171 3.09754 80 2 25 10 36211 0 
-39.7644 22.8401 0.209195 0.344171 3.09754 80 2 25 10 36212 0 
-39.7529 22.8402 0.209212 0.344171 3.09754 80 2 25 10 36213 0 
-39.7415 22.8402 0.209228 0.344171 3.09754 80 2 25 10 36214 0 
-39.73 22.8402 0.209244 0.344171 3.09754 80 2 25 10 36215 0 
-39.7185 22.8403 0.20926 0.344171 3.09754 80 2 25 10 36216 0 
-39.707 22.8403 0.209276 0.344171 3.09754 80 2 25 10 36217 0 
-39.6956 22.8404 0.209293 0.344171 3.09754 80 2 25 10 36218 0 
-39.6841 22.8404 0.209309 0.344171 3.09754 80 2 25 10 36219 0 
-39.6726 22.8405 0.209325 0.344171 3.09754 80 2 25 10 36220 0 
-39.6612 22.8405 0.209341 0.344171 3.09754 80 2 25 10 36221 0 
-39.6497 22.8405 0.209358 0.344171 3.09754 80 2 25 10 36222 0 
-39.6382 22.8406 0.209374 0.344171 3.09754 80 2 25 10 36223 0 
-39.6268 22.8406 0.20939 0.344171 3.09754 80 2 25 10 36224 0 
-39.6153 22.8407 0.209406 0.344171 3.09754 80 2 25 10 36225 0 
-39.6038 22.8407 0.209423 0.344171 3.09754 80 2 25 10 36226 0 
-39.5923 22.8408 0.209439 0.344171 3.09754 80 2 25 10 36227 0 
-39.5809 22.8408 0.209455 0.344171 3.09754 80 2 25 10 36228 0 
-39.5694 22.8408 0.209471 0.344171 3.09754 80 2 25 10 36229 0 
-39.5579 22.8409 0.209488 0.344171 3.09754 80 2 25 10 36230 0 
-39.5465 22.8409 0.209504 0.344171 3.09754 80 2 25 10 36231 0 
-39.535 22.841 0.20952 0.344171 3.09754 80 2 25 10 36232 0 
-39.5235 22.841 0.209536 0.344171 3.09754 80 2 25 10 36233 0 
-39.512 22.841 0.209553 0.344171 3.09754 80 2 25 10 36234 0 
-39.5006 22.8411 0.209569 0.344171 3.09754 80 2 25 10 36235 0 
-39.4891 22.8411 0.209585 0.344171 3.09754 80 2 25 10 36236 0 
-39.4776 22.8412 0.209601 0.344171 3.09754 80 2 25 10 36237 0 
-39.4662 22.8412 0.209618 0.344171 3.09754 80 2 25 10 36238 0 
-39.4547 22.8413 0.209634 0.344171 3.09754 80 2 25 10 36239 0 
-39.4432 22.8413 0.20965 0.344171 3.09754 80 2 25 10 36240 0 
-39.4317 22.8413 0.209667 0.344171 3.09754 80 2 25 10 36241 0 
-39.4203 22.8414 0.209683 0.344171 3.09754 80 2 25 10 36242 0 
-39.4088 22.8414 0.209699 0.344171 3.09754 80 2 25 10 36243 0 
-39.3973 22.8415 0.209716 0.344171 3.09754 80 2 25 10 36244 0 
-39.3859 22.8415 0.209732 0.344171 3.09754 80 2 25 10 36245 0 
-39.3744 22.8415 0.209748 0.344171 3.09754 80 2 25 10 36246 0 
-39.3629 22.8416 0.209764 0.344171 3.09754 80 2 25 10 36247 0 
-39.3515 22.8416 0.209781 0.344171 3.09754 80 2 25 10 36248 0 
-39.34 22.8417 0.209797 0.344171 3.09754 80 2 25 10 36249 0 
-39.3285 22.8417 0.209813 0.344171 3.09754 80 2 25 10 36250 0 
-39.317 22.8418 0.20983 0.344171 3.09754 80 2 25 10 36251 0 
-39.3056 22.8418 0.209846 0.344171 3.09754 80 2 25 10 36252 0 
-39.2941 22.8418 0.209862 0.344171 3.09754 80 2 25 10 36253 0 
-39.2826 22.8419 0.209879 0.344171 3.09754 80 2 25 10 36254 0 
-39.2712 22.8419 0.209895 0.344171 3.09754 80 2 25 10 36255 0 
-39.2597 22.842 0.209911 0.344171 3.09754 80 2 25 10 36256 0 
-39.2482 22.842 0.209928 0.344171 3.09754 80 2 25 10 36257 0 
-39.2367 22.8421 0.209944 0.344171 3.09754 80 2 25 10 36258 0 
-39.2253 22.8421 0.20996 0.344171 3.09754 80 2 25 10 36259 0 
-39.2138 22.8421 0.209977 0.344171 3.09754 80 2 25 10 36260 0 
-39.2023 22.8422 0.209993 0.344171 3.09754 80 2 25 10 36261 0 
-39.1909 22.8422 0.210009 0.344171 3.09754 80 2 25 10 36262 0 
-39.1794 22.8423 0.210026 0.344171 3.09754 80 2 25 10 36263 0 
-39.1679 22.8423 0.210042 0.344171 3.09754 80 2 25 10 36264 0 
-39.1564 22.8423 0.210059 0.344171 3.09754 80 2 25 10 36265 0 
-39.145 22.8424 0.210075 0.344171 3.09754 80 2 25 10 36266 0 
-39.1335 22.8424 0.210091 0.344171 3.09754 80 2 25 10 36267 0 
-39.122 22.8425 0.210108 0.344171 3.09754 80 2 25 10 36268 0 
-39.1106 22.8425 0.210124 0.344171 3.09754 80 2 25 10 36269 0 
-39.0991 22.8426 0.21014 0.344171 3.09754 80 2 25 10 36270 0 
-39.0876 22.8426 0.210157 0.344171 3.09754 80 2 25 10 36271 0 
-39.0762 22.8426 0.210173 0.344171 3.09754 80 2 25 10 36272 0 
-39.0647 22.8427 0.21019 0.344171 3.09754 80 2 25 10 36273 0 
-39.0532 22.8427 0.210206 0.344171 3.09754 80 2 25 10 36274 0 
-39.0417 22.8428 0.210222 0.344171 3.09754 80 2 25 10 36275 0 
-39.0303 22.8428 0.210239 0.344171 3.09754 80 2 25 10 36276 0 
-39.0188 22.8428 0.210255 0.344171 3.09754 80 2 25 10 36277 0 
-39.0073 22.8429 0.210272 0.344171 3.09754 80 2 25 10 36278 0 
-38.9959 22.8429 0.210288 0.344171 3.09754 80 2 25 10 36279 0 
-38.9844 22.843 0.210304 0.344171 3.09754 80 2 25 10 36280 0 
-38.9729 22.843 0.210321 0.344171 3.09754 80 2 25 10 36281 0 
-38.9614 22.8431 0.210337 0.344171 3.09754 80 2 25 10 36282 0 
-38.95 22.8431 0.210354 0.344171 3.09754 80 2 25 10 36283 0 
-38.9385 22.8431 0.21037 0.344171 3.09754 80 2 25 10 36284 0 
-38.927 22.8432 0.210387 0.344171 3.09754 80 2 25 10 36285 0 
-38.9156 22.8432 0.210403 0.344171 3.09754 80 2 25 10 36286 0 
-38.9041 22.8433 0.210419 0.344171 3.09754 80 2 25 10 36287 0 
-38.8926 22.8433 0.210436 0.344171 3.09754 80 2 25 10 36288 0 
-38.8811 22.8434 0.210452 0.344171 3.09754 80 2 25 10 36289 0 
-38.8697 22.8434 0.210469 0.344171 3.09754 80 2 25 10 36290 0 
-38.8582 22.8434 0.210485 0.344171 3.09754 80 2 25 10 36291 0 
-38.8467 22.8435 0.210502 0.344171 3.09754 80 2 25 10 36292 0 
-38.8353 22.8435 0.210518 0.344171 3.09754 80 2 25 10 36293 0 
-38.8238 22.8436 0.210535 0.344171 3.09754 80 2 25 10 36294 0 
-38.8123 22.8436 0.210551 0.344171 3.09754 80 2 25 10 36295 0 
-38.8009 22.8436 0.210567 0.344171 3.09754 80 2 25 10 36296 0 
-38.7894 22.8437 0.210584 0.344171 3.09754 80 2 25 10 36297 0 
-38.7779 22.8437 0.2106 0.344171 3.09754 80 2 25 10 36298 0 
-38.7664 22.8438 0.210617 0.344171 3.09754 80 2 25 10 36299 0 
-38.755 22.8438 0.210633 0.344171 3.09754 80 2 25 10 36300 0 
-38.7435 22.8439 0.21065 0.344171 3.09754 80 2 25 10 36301 0 
-38.732 22.8439 0.210666 0.344171 3.09754 80 2 25 10 36302 0 
-38.7206 22.8439 0.210683 0.344171 3.09754 80 2 25 10 36303 0 
-38.7091 22.844 0.210699 0.344171 3.09754 80 2 25 10 36304 0 
-38.6976 22.844 0.210716 0.344171 3.09754 80 2 25 10 36305 0 
-38.6861 22.8441 0.210732 0.344171 3.09754 80 2 25 10 36306 0 
-38.6747 22.8441 0.210749 0.344171 3.09754 80 2 25 10 36307 0 
-38.6632 22.8442 0.210765 0.344171 3.09754 80 2 25 10 36308 0 
-38.6517 22.8442 0.210782 0.344171 3.09754 80 2 25 10 36309 0 
-38.6403 22.8442 0.210798 0.344171 3.09754 80 2 25 10 36310 0 
-38.6288 22.8443 0.210815 0.344171 3.09754 80 2 25 10 36311 0 
-38.6173 22.8443 0.210831 0.344171 3.09754 80 2 25 10 36312 0 
-38.6059 22.8444 0.210848 0.344171 3.09754 80 2 25 10 36313 0 
-38.5944 22.8444 0.210864 0.344171 3.09754 80 2 25 10 36314 0 
-38.5829 22.8444 0.210881 0.344171 3.09754 80 2 25 10 36315 0 
-38.5714 22.8445 0.210897 0.344171 3.09754 80 2 25 10 36316 0 
-38.56 22.8445 0.210914 0.344171 3.09754 80 2 25 10 36317 0 
-38.5485 22.8446 0.210931 0.344171 3.09754 80 2 25 10 36318 0 
-38.537 22.8446 0.210947 0.344171 3.09754 80 2 25 10 36319 0 
-38.5256 22.8447 0.210964 0.344171 3.09754 80 2 25 10 36320 0 
-38.5141 22.8447 0.21098 0.344171 3.09754 80 2 25 10 36321 0 
-38.5026 22.8447 0.210997 0.344171 3.09754 80 2 25 10 36322 0 
-38.4911 22.8448 0.211013 0.344171 3.09754 80 2 25 10 36323 0 
-38.4797 22.8448 0.21103 0.344171 3.09754 80 2 25 10 36324 0 
-38.4682 22.8449 0.211046 0.344171 3.09754 80 2 25 10 36325 0 
-38.4567 22.8449 0.211063 0.344171 3.09754 80 2 25 10 36326 0 
-38.4453 22.8449 0.211079 0.344171 3.09754 80 2 25 10 36327 0 
-38.4338 22.845 0.211096 0.344171 3.09754 80 2 25 10 36328 0 
-38.4223 22.845 0.211113 0.344171 3.09754 80 2 25 10 36329 0 
-38.4108 22.8451 0.211129 0.344171 3.09754 80 2 25 10 36330 0 
-38.3994 22.8451 0.211146 0.344171 3.09754 80 2 25 10 36331 0 
-38.3879 22.8452 0.211162 0.344171 3.09754 80 2 25 10 36332 0 
-38.3764 22.8452 0.211179 0.344171 3.09754 80 2 25 10 36333 0 
-38.365 22.8452 0.211196 0.344171 3.09754 80 2 25 10 36334 0 
-38.3535 22.8453 0.211212 0.344171 3.09754 80 2 25 10 36335 0 
-38.342 22.8453 0.211229 0.344171 3.09754 80 2 25 10 36336 0 
-38.3306 22.8454 0.211245 0.344171 3.09754 80 2 25 10 36337 0 
-38.3191 22.8454 0.211262 0.344171 3.09754 80 2 25 10 36338 0 
-38.3076 22.8455 0.211279 0.344171 3.09754 80 2 25 10 36339 0 
-38.2961 22.8455 0.211295 0.344171 3.09754 80 2 25 10 36340 0 
-38.2847 22.8455 0.211312 0.344171 3.09754 80 2 25 10 36341 0 
-38.2732 22.8456 0.211328 0.344171 3.09754 80 2 25 10 36342 0 
-38.2617 22.8456 0.211345 0.344171 3.09754 80 2 25 10 36343 0 
-38.2503 22.8457 0.211362 0.344171 3.09754 80 2 25 10 36344 0 
-38.2388 22.8457 0.211378 0.344171 3.09754 80 2 25 10 36345 0 
-38.2273 22.8457 0.211395 0.344171 3.09754 80 2 25 10 36346 0 
-38.2158 22.8458 0.211411 0.344171 3.09754 80 2 25 10 36347 0 
-38.2044 22.8458 0.211428 0.344171 3.09754 80 2 25 10 36348 0 
-38.1929 22.8459 0.211445 0.344171 3.09754 80 2 25 10 36349 0 
-38.1814 22.8459 0.211461 0.344171 3.09754 80 2 25 10 36350 0 
-38.17 22.846 0.211478 0.344171 3.09754 80 2 25 10 36351 0 
-38.1585 22.846 0.211495 0.344171 3.09754 80 2 25 10 36352 0 
-38.147 22.846 0.211511 0.344171 3.09754 80 2 25 10 36353 0 
-38.1355 22.8461 0.211528 0.344171 3.09754 80 2 25 10 36354 0 
-38.1241 22.8461 0.211545 0.344171 3.09754 80 2 25 10 36355 0 
-38.1126 22.8462 0.211561 0.344171 3.09754 80 2 25 10 36356 0 
-38.1011 22.8462 0.211578 0.344171 3.09754 80 2 25 10 36357 0 
-38.0897 22.8462 0.211595 0.344171 3.09754 80 2 25 10 36358 0 
-38.0782 22.8463 0.211611 0.344171 3.09754 80 2 25 10 36359 0 
-38.0667 22.8463 0.211628 0.344171 3.09754 80 2 25 10 36360 0 
-38.0553 22.8464 0.211645 0.344171 3.09754 80 2 25 10 36361 0 
-38.0438 22.8464 0.211661 0.344171 3.09754 80 2 25 10 36362 0 
-38.0323 22.8465 0.211678 0.344171 3.09754 80 2 25 10 36363 0 
-38.0208 22.8465 0.211695 0.344171 3.09754 80 2 25 10 36364 0 
-38.0094 22.8465 0.211711 0.344171 3.09754 80 2 25 10 36365 0 
-37.9979 22.8466 0.211728 0.344171 3.09754 80 2 25 10 36366 0 
-37.9864 22.8466 0.211745 0.344171 3.09754 80 2 25 10 36367 0 
-37.975 22.8467 0.211761 0.344171 3.09754 80 2 25 10 36368 0 
-37.9635 22.8467 0.211778 0.344171 3.09754 80 2 25 10 36369 0 
-37.952 22.8468 0.211795 0.344171 3.09754 80 2 25 10 36370 0 
-37.9405 22.8468 0.211812 0.344171 3.09754 80 2 25 10 36371 0 
-37.9291 22.8468 0.211828 0.344171 3.09754 80 2 25 10 36372 0 
-37.9176 22.8469 0.211845 0.344171 3.09754 80 2 25 10 36373 0 
-37.9061 22.8469 0.211862 0.344171 3.09754 80 2 25 10 36374 0 
-37.8947 22.847 0.211878 0.344171 3.09754 80 2 25 10 36375 0 
-37.8832 22.847 0.211895 0.344171 3.09754 80 2 25 10 36376 0 
-37.8717 22.847 0.211912 0.344171 3.09754 80 2 25 10 36377 0 
-37.8602 22.8471 0.211929 0.344171 3.09754 80 2 25 10 36378 0 
-37.8488 22.8471 0.211945 0.344171 3.09754 80 2 25 10 36379 0 
-37.8373 22.8472 0.211962 0.344171 3.09754 80 2 25 10 36380 0 
-37.8258 22.8472 0.211979 0.344171 3.09754 80 2 25 10 36381 0 
-37.8144 22.8473 0.211996 0.344171 3.09754 80 2 25 10 36382 0 
-37.8029 22.8473 0.212012 0.344171 3.09754 80 2 25 10 36383 0 
-37.7914 22.8473 0.212029 0.344171 3.09754 80 2 25 10 36384 0 
-37.78 22.8474 0.212046 0.344171 3.09754 80 2 25 10 36385 0 
-37.7685 22.8474 0.212063 0.344171 3.09754 80 2 25 10 36386 0 
-37.757 22.8475 0.212079 0.344171 3.09754 80 2 25 10 36387 0 
-37.7455 22.8475 0.212096 0.344171 3.09754 80 2 25 10 36388 0 
-37.7341 22.8475 0.212113 0.344171 3.09754 80 2 25 10 36389 0 
-37.7226 22.8476 0.21213 0.344171 3.09754 80 2 25 10 36390 0 
-37.7111 22.8476 0.212146 0.344171 3.09754 80 2 25 10 36391 0 
-37.6997 22.8477 0.212163 0.344171 3.09754 80 2 25 10 36392 0 
-37.6882 22.8477 0.21218 0.344171 3.09754 80 2 25 10 36393 0 
-37.6767 22.8478 0.212197 0.344171 3.09754 80 2 25 10 36394 0 
-37.6652 22.8478 0.212214 0.344171 3.09754 80 2 25 10 36395 0 
-37.6538 22.8478 0.21223 0.344171 3.09754 80 2 25 10 36396 0 
-37.6423 22.8479 0.212247 0.344171 3.09754 80 2 25 10 36397 0 
-37.6308 22.8479 0.212264 0.344171 3.09754 80 2 25 10 36398 0 
-37.6194 22.848 0.212281 0.344171 3.09754 80 2 25 10 36399 0 
-37.6079 22.848 0.212298 0.344171 3.09754 80 2 25 10 36400 0 
-37.5964 22.8481 0.212314 0.344171 3.09754 80 2 25 10 36401 0 
-37.5849 22.8481 0.212331 0.344171 3.09754 80 2 25 10 36402 0 
-37.5735 22.8481 0.212348 0.344171 3.09754 80 2 25 10 36403 0 
-37.562 22.8482 0.212365 0.344171 3.09754 80 2 25 10 36404 0 
-37.5505 22.8482 0.212382 0.344171 3.09754 80 2 25 10 36405 0 
-37.5391 22.8483 0.212398 0.344171 3.09754 80 2 25 10 36406 0 
-37.5276 22.8483 0.212415 0.344171 3.09754 80 2 25 10 36407 0 
-37.5161 22.8483 0.212432 0.344171 3.09754 80 2 25 10 36408 0 
-37.5047 22.8484 0.212449 0.344171 3.09754 80 2 25 10 36409 0 
-37.4932 22.8484 0.212466 0.344171 3.09754 80 2 25 10 36410 0 
-37.4817 22.8485 0.212483 0.344171 3.09754 80 2 25 10 36411 0 
-37.4702 22.8485 0.2125 0.344171 3.09754 80 2 25 10 36412 0 
-37.4588 22.8486 0.212516 0.344171 3.09754 80 2 25 10 36413 0 
-37.4473 22.8486 0.212533 0.344171 3.09754 80 2 25 10 36414 0 
-37.4358 22.8486 0.21255 0.344171 3.09754 80 2 25 10 36415 0 
-37.4244 22.8487 0.212567 0.344171 3.09754 80 2 25 10 36416 0 
-37.4129 22.8487 0.212584 0.344171 3.09754 80 2 25 10 36417 0 
-37.4014 22.8488 0.212601 0.344171 3.09754 80 2 25 10 36418 0 
-37.3899 22.8488 0.212618 0.344171 3.09754 80 2 25 10 36419 0 
-37.3785 22.8489 0.212634 0.344171 3.09754 80 2 25 10 36420 0 
-37.367 22.8489 0.212651 0.344171 3.09754 80 2 25 10 36421 0 
-37.3555 22.8489 0.212668 0.344171 3.09754 80 2 25 10 36422 0 
-37.3441 22.849 0.212685 0.344171 3.09754 80 2 25 10 36423 0 
-37.3326 22.849 0.212702 0.344171 3.09754 80 2 25 10 36424 0 
-37.3211 22.8491 0.212719 0.344171 3.09754 80 2 25 10 36425 0 
-37.3097 22.8491 0.212736 0.344171 3.09754 80 2 25 10 36426 0 
-37.2982 22.8491 0.212753 0.344171 3.09754 80 2 25 10 36427 0 
-37.2867 22.8492 0.212769 0.344171 3.09754 80 2 25 10 36428 0 
-37.2752 22.8492 0.212786 0.344171 3.09754 80 2 25 10 36429 0 
-37.2638 22.8493 0.212803 0.344171 3.09754 80 2 25 10 36430 0 
-37.2523 22.8493 0.21282 0.344171 3.09754 80 2 25 10 36431 0 
-37.2408 22.8494 0.212837 0.344171 3.09754 80 2 25 10 36432 0 
-37.2294 22.8494 0.212854 0.344171 3.09754 80 2 25 10 36433 0 
-37.2179 22.8494 0.212871 0.344171 3.09754 80 2 25 10 36434 0 
-37.2064 22.8495 0.212888 0.344171 3.09754 80 2 25 10 36435 0 
-37.1949 22.8495 0.212905 0.344171 3.09754 80 2 25 10 36436 0 
-37.1835 22.8496 0.212922 0.344171 3.09754 80 2 25 10 36437 0 
-37.172 22.8496 0.212939 0.344171 3.09754 80 2 25 10 36438 0 
-37.1605 22.8496 0.212956 0.344171 3.09754 80 2 25 10 36439 0 
-37.1491 22.8497 0.212973 0.344171 3.09754 80 2 25 10 36440 0 
-37.1376 22.8497 0.212989 0.344171 3.09754 80 2 25 10 36441 0 
-37.1261 22.8498 0.213006 0.344171 3.09754 80 2 25 10 36442 0 
-37.1146 22.8498 0.213023 0.344171 3.09754 80 2 25 10 36443 0 
-37.1032 22.8499 0.21304 0.344171 3.09754 80 2 25 10 36444 0 
-37.0917 22.8499 0.213057 0.344171 3.09754 80 2 25 10 36445 0 
-37.0802 22.8499 0.213074 0.344171 3.09754 80 2 25 10 36446 0 
-37.0688 22.85 0.213091 0.344171 3.09754 80 2 25 10 36447 0 
-37.0573 22.85 0.213108 0.344171 3.09754 80 2 25 10 36448 0 
-37.0458 22.8501 0.213125 0.344171 3.09754 80 2 25 10 36449 0 
-37.0344 22.8501 0.213142 0.344171 3.09754 80 2 25 10 36450 0 
-37.0229 22.8502 0.213159 0.344171 3.09754 80 2 25 10 36451 0 
-37.0114 22.8502 0.213176 0.344171 3.09754 80 2 25 10 36452 0 
-36.9999 22.8502 0.213193 0.344171 3.09754 80 2 25 10 36453 0 
-36.9885 22.8503 0.21321 0.344171 3.09754 80 2 25 10 36454 0 
-36.977 22.8503 0.213227 0.344171 3.09754 80 2 25 10 36455 0 
-36.9655 22.8504 0.213244 0.344171 3.09754 80 2 25 10 36456 0 
-36.9541 22.8504 0.213261 0.344171 3.09754 80 2 25 10 36457 0 
-36.9426 22.8504 0.213278 0.344171 3.09754 80 2 25 10 36458 0 
-36.9311 22.8505 0.213295 0.344171 3.09754 80 2 25 10 36459 0 
-36.9196 22.8505 0.213312 0.344171 3.09754 80 2 25 10 36460 0 
-36.9082 22.8506 0.213329 0.344171 3.09754 80 2 25 10 36461 0 
-36.8967 22.8506 0.213346 0.344171 3.09754 80 2 25 10 36462 0 
-36.8852 22.8507 0.213363 0.344171 3.09754 80 2 25 10 36463 0 
-36.8738 22.8507 0.21338 0.344171 3.09754 80 2 25 10 36464 0 
-36.8623 22.8507 0.213397 0.344171 3.09754 80 2 25 10 36465 0 
-36.8508 22.8508 0.213414 0.344171 3.09754 80 2 25 10 36466 0 
-36.8393 22.8508 0.213431 0.344171 3.09754 80 2 25 10 36467 0 
-36.8279 22.8509 0.213448 0.344171 3.09754 80 2 25 10 36468 0 
-36.8164 22.8509 0.213465 0.344171 3.09754 80 2 25 10 36469 0 
-36.8049 22.8509 0.213482 0.344171 3.09754 80 2 25 10 36470 0 
-36.7935 22.851 0.213499 0.344171 3.09754 80 2 25 10 36471 0 
-36.782 22.851 0.213516 0.344171 3.09754 80 2 25 10 36472 0 
-36.7705 22.8511 0.213533 0.344171 3.09754 80 2 25 10 36473 0 
-36.7591 22.8511 0.21355 0.344171 3.09754 80 2 25 10 36474 0 
-36.7476 22.8512 0.213567 0.344171 3.09754 80 2 25 10 36475 0 
-36.7361 22.8512 0.213585 0.344171 3.09754 80 2 25 10 36476 0 
-36.7246 22.8512 0.213602 0.344171 3.09754 80 2 25 10 36477 0 
-36.7132 22.8513 0.213619 0.344171 3.09754 80 2 25 10 36478 0 
-36.7017 22.8513 0.213636 0.344171 3.09754 80 2 25 10 36479 0 
-36.6902 22.8514 0.213653 0.344171 3.09754 80 2 25 10 36480 0 
-36.6788 22.8514 0.21367 0.344171 3.09754 80 2 25 10 36481 0 
-36.6673 22.8515 0.213687 0.344171 3.09754 80 2 25 10 36482 0 
-36.6558 22.8515 0.213704 0.344171 3.09754 80 2 25 10 36483 0 
-36.6443 22.8515 0.213721 0.344171 3.09754 80 2 25 10 36484 0 
-36.6329 22.8516 0.213738 0.344171 3.09754 80 2 25 10 36485 0 
-36.6214 22.8516 0.213755 0.344171 3.09754 80 2 25 10 36486 0 
-36.6099 22.8517 0.213772 0.344171 3.09754 80 2 25 10 36487 0 
-36.5985 22.8517 0.213789 0.344171 3.09754 80 2 25 10 36488 0 
-36.587 22.8517 0.213807 0.344171 3.09754 80 2 25 10 36489 0 
-36.5755 22.8518 0.213824 0.344171 3.09754 80 2 25 10 36490 0 
-36.564 22.8518 0.213841 0.344171 3.09754 80 2 25 10 36491 0 
-36.5526 22.8519 0.213858 0.344171 3.09754 80 2 25 10 36492 0 
-36.5411 22.8519 0.213875 0.344171 3.09754 80 2 25 10 36493 0 
-36.5296 22.852 0.213892 0.344171 3.09754 80 2 25 10 36494 0 
-36.5182 22.852 0.213909 0.344171 3.09754 80 2 25 10 36495 0 
-36.5067 22.852 0.213926 0.344171 3.09754 80 2 25 10 36496 0 
-36.4952 22.8521 0.213944 0.344171 3.09754 80 2 25 10 36497 0 
-36.4838 22.8521 0.213961 0.344171 3.09754 80 2 25 10 36498 0 
-36.4723 22.8522 0.213978 0.344171 3.09754 80 2 25 10 36499 0 
-36.4608 22.8522 0.213995 0.344171 3.09754 80 2 25 10 36500 0 
-36.4493 22.8522 0.214012 0.344171 3.09754 80 2 25 10 36501 0 
-36.4379 22.8523 0.214029 0.344171 3.09754 80 2 25 10 36502 0 
-36.4264 22.8523 0.214046 0.344171 3.09754 80 2 25 10 36503 0 
-36.4149 22.8524 0.214064 0.344171 3.09754 80 2 25 10 36504 0 
-36.4035 22.8524 0.214081 0.344171 3.09754 80 2 25 10 36505 0 
-36.392 22.8525 0.214098 0.344171 3.09754 80 2 25 10 36506 0 
-36.3805 22.8525 0.214115 0.344171 3.09754 80 2 25 10 36507 0 
-36.369 22.8525 0.214132 0.344171 3.09754 80 2 25 10 36508 0 
-36.3576 22.8526 0.214149 0.344171 3.09754 80 2 25 10 36509 0 
-36.3461 22.8526 0.214167 0.344171 3.09754 80 2 25 10 36510 0 
-36.3346 22.8527 0.214184 0.344171 3.09754 80 2 25 10 36511 0 
-36.3232 22.8527 0.214201 0.344171 3.09754 80 2 25 10 36512 0 
-36.3117 22.8528 0.214218 0.344171 3.09754 80 2 25 10 36513 0 
-36.3002 22.8528 0.214235 0.344171 3.09754 80 2 25 10 36514 0 
-36.2887 22.8528 0.214252 0.344171 3.09754 80 2 25 10 36515 0 
-36.2773 22.8529 0.21427 0.344171 3.09754 80 2 25 10 36516 0 
-36.2658 22.8529 0.214287 0.344171 3.09754 80 2 25 10 36517 0 
-36.2543 22.853 0.214304 0.344171 3.09754 80 2 25 10 36518 0 
-36.2429 22.853 0.214321 0.344171 3.09754 80 2 25 10 36519 0 
-36.2314 22.853 0.214338 0.344171 3.09754 80 2 25 10 36520 0 
-36.2199 22.8531 0.214356 0.344171 3.09754 80 2 25 10 36521 0 
-36.2085 22.8531 0.214373 0.344171 3.09754 80 2 25 10 36522 0 
-36.197 22.8532 0.21439 0.344171 3.09754 80 2 25 10 36523 0 
-36.1855 22.8532 0.214407 0.344171 3.09754 80 2 25 10 36524 0 
-36.174 22.8533 0.214425 0.344171 3.09754 80 2 25 10 36525 0 
-36.1626 22.8533 0.214442 0.344171 3.09754 80 2 25 10 36526 0 
-36.1511 22.8534 0.214459 0.344171 3.09754 80 2 25 10 36527 0 
-36.1396 22.8534 0.214476 0.344171 3.09754 80 2 25 10 36528 0 
-36.1282 22.8534 0.214493 0.344171 3.09754 80 2 25 10 36529 0 
-36.1167 22.8535 0.214511 0.344171 3.09754 80 2 25 10 36530 0 
-36.1052 22.8535 0.214528 0.344171 3.09754 80 2 25 10 36531 0 
-36.0937 22.8536 0.214545 0.344171 3.09754 80 2 25 10 36532 0 
-36.0823 22.8536 0.214562 0.344171 3.09754 80 2 25 10 36533 0 
-36.0708 22.8537 0.214579 0.344171 3.09754 80 2 25 10 36534 0 
-36.0593 22.8537 0.214597 0.344171 3.09754 80 2 25 10 36535 0 
-36.0479 22.8537 0.214614 0.344171 3.09754 80 2 25 10 36536 0 
-36.0364 22.8538 0.214631 0.344171 3.09754 80 2 25 10 36537 0 
-36.0249 22.8538 0.214648 0.344171 3.09754 80 2 25 10 36538 0 
-36.0135 22.8539 0.214666 0.344171 3.09754 80 2 25 10 36539 0 
-36.002 22.8539 0.214683 0.344171 3.09754 80 2 25 10 36540 0 
-35.9905 22.854 0.2147 0.344171 3.09754 80 2 25 10 36541 0 
-35.979 22.854 0.214717 0.344171 3.09754 80 2 25 10 36542 0 
-35.9676 22.8541 0.214735 0.344171 3.09754 80 2 25 10 36543 0 
-35.9561 22.8541 0.214752 0.344171 3.09754 80 2 25 10 36544 0 
-35.9446 22.8541 0.214769 0.344171 3.09754 80 2 25 10 36545 0 
-35.9332 22.8542 0.214786 0.344171 3.09754 80 2 25 10 36546 0 
-35.9217 22.8542 0.214803 0.344171 3.09754 80 2 25 10 36547 0 
-35.9102 22.8543 0.214821 0.344171 3.09754 80 2 25 10 36548 0 
-35.8987 22.8543 0.214838 0.344171 3.09754 80 2 25 10 36549 0 
-35.8873 22.8544 0.214855 0.344171 3.09754 80 2 25 10 36550 0 
-35.8758 22.8544 0.214872 0.344171 3.09754 80 2 25 10 36551 0 
-35.8643 22.8545 0.21489 0.344171 3.09754 80 2 25 10 36552 0 
-35.8529 22.8545 0.214907 0.344171 3.09754 80 2 25 10 36553 0 
-35.8414 22.8545 0.214924 0.344171 3.09754 80 2 25 10 36554 0 
-35.8299 22.8546 0.214941 0.344171 3.09754 80 2 25 10 36555 0 
-35.8184 22.8546 0.214959 0.344171 3.09754 80 2 25 10 36556 0 
-35.807 22.8547 0.214976 0.344171 3.09754 80 2 25 10 36557 0 
-35.7955 22.8547 0.214993 0.344171 3.09754 80 2 25 10 36558 0 
-35.784 22.8548 0.21501 0.344171 3.09754 80 2 25 10 36559 0 
-35.7726 22.8548 0.215028 0.344171 3.09754 80 2 25 10 36560 0 
-35.7611 22.8548 0.215045 0.344171 3.09754 80 2 25 10 36561 0 
-35.7496 22.8549 0.215062 0.344171 3.09754 80 2 25 10 36562 0 
-35.7382 22.8549 0.215079 0.344171 3.09754 80 2 25 10 36563 0 
-35.7267 22.855 0.215097 0.344171 3.09754 80 2 25 10 36564 0 
-35.7152 22.855 0.215114 0.344171 3.09754 80 2 25 10 36565 0 
-35.7037 22.8551 0.215131 0.344171 3.09754 80 2 25 10 36566 0 
-35.6923 22.8551 0.215148 0.344171 3.09754 80 2 25 10 36567 0 
-35.6808 22.8552 0.215166 0.344171 3.09754 80 2 25 10 36568 0 
-35.6693 22.8552 0.215183 0.344171 3.09754 80 2 25 10 36569 0 
-35.6579 22.8552 0.2152 0.344171 3.09754 80 2 25 10 36570 0 
-35.6464 22.8553 0.215218 0.344171 3.09754 80 2 25 10 36571 0 
-35.6349 22.8553 0.215235 0.344171 3.09754 80 2 25 10 36572 0 
-35.6234 22.8554 0.215252 0.344171 3.09754 80 2 25 10 36573 0 
-35.612 22.8554 0.215269 0.344171 3.09754 80 2 25 10 36574 0 
-35.6005 22.8555 0.215287 0.344171 3.09754 80 2 25 10 36575 0 
-35.589 22.8555 0.215304 0.344171 3.09754 80 2 25 10 36576 0 
-35.5776 22.8555 0.215321 0.344171 3.09754 80 2 25 10 36577 0 
-35.5661 22.8556 0.215339 0.344171 3.09754 80 2 25 10 36578 0 
-35.5546 22.8556 0.215356 0.344171 3.09754 80 2 25 10 36579 0 
-35.5431 22.8557 0.215373 0.344171 3.09754 80 2 25 10 36580 0 
-35.5317 22.8557 0.21539 0.344171 3.09754 80 2 25 10 36581 0 
-35.5202 22.8558 0.215408 0.344171 3.09754 80 2 25 10 36582 0 
-35.5087 22.8558 0.215425 0.344171 3.09754 80 2 25 10 36583 0 
-35.4973 22.8559 0.215442 0.344171 3.09754 80 2 25 10 36584 0 
-35.4858 22.8559 0.21546 0.344171 3.09754 80 2 25 10 36585 0 
-35.4743 22.8559 0.215477 0.344171 3.09754 80 2 25 10 36586 0 
-35.4629 22.856 0.215494 0.344171 3.09754 80 2 25 10 36587 0 
-35.4514 22.856 0.215512 0.344171 3.09754 80 2 25 10 36588 0 
-35.4399 22.8561 0.215529 0.344171 3.09754 80 2 25 10 36589 0 
-35.4284 22.8561 0.215546 0.344171 3.09754 80 2 25 10 36590 0 
-35.417 22.8562 0.215564 0.344171 3.09754 80 2 25 10 36591 0 
-35.4055 22.8562 0.215581 0.344171 3.09754 80 2 25 10 36592 0 
-35.394 22.8562 0.215598 0.344171 3.09754 80 2 25 10 36593 0 
-35.3826 22.8563 0.215616 0.344171 3.09754 80 2 25 10 36594 0 
-35.3711 22.8563 0.215633 0.344171 3.09754 80 2 25 10 36595 0 
-35.3596 22.8564 0.21565 0.344171 3.09754 80 2 25 10 36596 0 
-35.3481 22.8564 0.215668 0.344171 3.09754 80 2 25 10 36597 0 
-35.3367 22.8565 0.215685 0.344171 3.09754 80 2 25 10 36598 0 
-35.3252 22.8565 0.215702 0.344171 3.09754 80 2 25 10 36599 0 
-35.3137 22.8566 0.21572 0.344171 3.09754 80 2 25 10 36600 0 
-35.3023 22.8566 0.215737 0.344171 3.09754 80 2 25 10 36601 0 
-35.2908 22.8566 0.215754 0.344171 3.09754 80 2 25 10 36602 0 
-35.2793 22.8567 0.215772 0.344171 3.09754 80 2 25 10 36603 0 
-35.2678 22.8567 0.215789 0.344171 3.09754 80 2 25 10 36604 0 
-35.2564 22.8568 0.215806 0.344171 3.09754 80 2 25 10 36605 0 
-35.2449 22.8568 0.215824 0.344171 3.09754 80 2 25 10 36606 0 
-35.2334 22.8569 0.215841 0.344171 3.09754 80 2 25 10 36607 0 
-35.222 22.8569 0.215858 0.344171 3.09754 80 2 25 10 36608 0 
-35.2105 22.857 0.215876 0.344171 3.09754 80 2 25 10 36609 0 
-35.199 22.857 0.215893 0.344171 3.09754 80 2 25 10 36610 0 
-35.1876 22.857 0.215911 0.344171 3.09754 80 2 25 10 36611 0 
-35.1761 22.8571 0.215928 0.344171 3.09754 80 2 25 10 36612 0 
-35.1646 22.8571 0.215945 0.344171 3.09754 80 2 25 10 36613 0 
-35.1531 22.8572 0.215963 0.344171 3.09754 80 2 25 10 36614 0 
-35.1417 22.8572 0.21598 0.344171 3.09754 80 2 25 10 36615 0 
-35.1302 22.8573 0.215998 0.344171 3.09754 80 2 25 10 36616 0 
-35.1187 22.8573 0.216015 0.344171 3.09754 80 2 25 10 36617 0 
-35.1073 22.8573 0.216032 0.344171 3.09754 80 2 25 10 36618 0 
-35.0958 22.8574 0.21605 0.344171 3.09754 80 2 25 10 36619 0 
-35.0843 22.8574 0.216067 0.344171 3.09754 80 2 25 10 36620 0 
-35.0728 22.8575 0.216085 0.344171 3.09754 80 2 25 10 36621 0 
-35.0614 22.8575 0.216102 0.344171 3.09754 80 2 25 10 36622 0 
-35.0499 22.8576 0.216119 0.344171 3.09754 80 2 25 10 36623 0 
-35.0384 22.8576 0.216137 0.344171 3.09754 80 2 25 10 36624 0 
-35.027 22.8577 0.216154 0.344171 3.09754 80 2 25 10 36625 0 
-35.0155 22.8577 0.216172 0.344171 3.09754 80 2 25 10 36626 0 
-35.004 22.8577 0.216189 0.344171 3.09754 80 2 25 10 36627 0 
-34.9925 22.8578 0.216206 0.344171 3.09754 80 2 25 10 36628 0 
-34.9811 22.8578 0.216224 0.344171 3.09754 80 2 25 10 36629 0 
-34.9696 22.8579 0.216241 0.344171 3.09754 80 2 25 10 36630 0 
-34.9581 22.8579 0.216259 0.344171 3.09754 80 2 25 10 36631 0 
-34.9467 22.858 0.216276 0.344171 3.09754 80 2 25 10 36632 0 
-34.9352 22.858 0.216294 0.344171 3.09754 80 2 25 10 36633 0 
-34.9237 22.858 0.216311 0.344171 3.09754 80 2 25 10 36634 0 
-34.9123 22.8581 0.216328 0.344171 3.09754 80 2 25 10 36635 0 
-34.9008 22.8581 0.216346 0.344171 3.09754 80 2 25 10 36636 0 
-34.8893 22.8582 0.216363 0.344171 3.09754 80 2 25 10 36637 0 
-34.8778 22.8582 0.216381 0.344171 3.09754 80 2 25 10 36638 0 
-34.8664 22.8583 0.216398 0.344171 3.09754 80 2 25 10 36639 0 
-34.8549 22.8583 0.216416 0.344171 3.09754 80 2 25 10 36640 0 
-34.8434 22.8584 0.216433 0.344171 3.09754 80 2 25 10 36641 0 
-34.832 22.8584 0.216451 0.344171 3.09754 80 2 25 10 36642 0 
-34.8205 22.8584 0.216468 0.344171 3.09754 80 2 25 10 36643 0 
-34.809 22.8585 0.216486 0.344171 3.09754 80 2 25 10 36644 0 
-34.7975 22.8585 0.216503 0.344171 3.09754 80 2 25 10 36645 0 
-34.7861 22.8586 0.216521 0.344171 3.09754 80 2 25 10 36646 0 
-34.7746 22.8586 0.216538 0.344171 3.09754 80 2 25 10 36647 0 
-34.7631 22.8587 0.216556 0.344171 3.09754 80 2 25 10 36648 0 
-34.7517 22.8587 0.216573 0.344171 3.09754 80 2 25 10 36649 0 
-34.7402 22.8587 0.216591 0.344171 3.09754 80 2 25 10 36650 0 
-34.7287 22.8588 0.216608 0.344171 3.09754 80 2 25 10 36651 0 
-34.7173 22.8588 0.216626 0.344171 3.09754 80 2 25 10 36652 0 
-34.7058 22.8589 0.216643 0.344171 3.09754 80 2 25 10 36653 0 
-34.6943 22.8589 0.216661 0.344171 3.09754 80 2 25 10 36654 0 
-34.6828 22.859 0.216678 0.344171 3.09754 80 2 25 10 36655 0 
-34.6714 22.859 0.216696 0.344171 3.09754 80 2 25 10 36656 0 
-34.6599 22.8591 0.216713 0.344171 3.09754 80 2 25 10 36657 0 
-34.6484 22.8591 0.216731 0.344171 3.09754 80 2 25 10 36658 0 
-34.637 22.8591 0.216748 0.344171 3.09754 80 2 25 10 36659 0 
-34.6255 22.8592 0.216766 0.344171 3.09754 80 2 25 10 36660 0 
-34.614 22.8592 0.216783 0.344171 3.09754 80 2 25 10 36661 0 
-34.6025 22.8593 0.216801 0.344171 3.09754 80 2 25 10 36662 0 
-34.5911 22.8593 0.216818 0.344171 3.09754 80 2 25 10 36663 0 
-34.5796 22.8594 0.216836 0.344171 3.09754 80 2 25 10 36664 0 
-34.5681 22.8594 0.216853 0.344171 3.09754 80 2 25 10 36665 0 
-34.5567 22.8595 0.216871 0.344171 3.09754 80 2 25 10 36666 0 
-34.5452 22.8595 0.216888 0.344171 3.09754 80 2 25 10 36667 0 
-34.5337 22.8595 0.216906 0.344171 3.09754 80 2 25 10 36668 0 
-34.5222 22.8596 0.216924 0.344171 3.09754 80 2 25 10 36669 0 
-34.5108 22.8596 0.216941 0.344171 3.09754 80 2 25 10 36670 0 
-34.4993 22.8597 0.216959 0.344171 3.09754 80 2 25 10 36671 0 
-34.4878 22.8597 0.216976 0.344171 3.09754 80 2 25 10 36672 0 
-34.4764 22.8598 0.216994 0.344171 3.09754 80 2 25 10 36673 0 
-34.4649 22.8598 0.217011 0.344171 3.09754 80 2 25 10 36674 0 
-34.4534 22.8598 0.217029 0.344171 3.09754 80 2 25 10 36675 0 
-34.442 22.8599 0.217046 0.344171 3.09754 80 2 25 10 36676 0 
-34.4305 22.8599 0.217064 0.344171 3.09754 80 2 25 10 36677 0 
-34.419 22.86 0.217082 0.344171 3.09754 80 2 25 10 36678 0 
-34.4075 22.86 0.217099 0.344171 3.09754 80 2 25 10 36679 0 
-34.3961 22.8601 0.217117 0.344171 3.09754 80 2 25 10 36680 0 
-34.3846 22.8601 0.217134 0.344171 3.09754 80 2 25 10 36681 0 
-34.3731 22.8602 0.217152 0.344171 3.09754 80 2 25 10 36682 0 
-34.3617 22.8602 0.21717 0.344171 3.09754 80 2 25 10 36683 0 
-34.3502 22.8602 0.217187 0.344171 3.09754 80 2 25 10 36684 0 
-34.3387 22.8603 0.217205 0.344171 3.09754 80 2 25 10 36685 0 
-34.3272 22.8603 0.217222 0.344171 3.09754 80 2 25 10 36686 0 
-34.3158 22.8604 0.21724 0.344171 3.09754 80 2 25 10 36687 0 
-34.3043 22.8604 0.217258 0.344171 3.09754 80 2 25 10 36688 0 
-34.2928 22.8605 0.217275 0.344171 3.09754 80 2 25 10 36689 0 
-34.2814 22.8605 0.217293 0.344171 3.09754 80 2 25 10 36690 0 
-34.2699 22.8605 0.217311 0.344171 3.09754 80 2 25 10 36691 0 
-34.2584 22.8606 0.217328 0.344171 3.09754 80 2 25 10 36692 0 
-34.2469 22.8606 0.217346 0.344171 3.09754 80 2 25 10 36693 0 
-34.2355 22.8607 0.217363 0.344171 3.09754 80 2 25 10 36694 0 
-34.224 22.8607 0.217381 0.344171 3.09754 80 2 25 10 36695 0 
-34.2125 22.8608 0.217399 0.344171 3.09754 80 2 25 10 36696 0 
-34.2011 22.8608 0.217416 0.344171 3.09754 80 2 25 10 36697 0 
-34.1896 22.8609 0.217434 0.344171 3.09754 80 2 25 10 36698 0 
-34.1781 22.8609 0.217452 0.344171 3.09754 80 2 25 10 36699 0 
-34.1667 22.8609 0.217469 0.344171 3.09754 80 2 25 10 36700 0 
-34.1552 22.861 0.217487 0.344171 3.09754 80 2 25 10 36701 0 
-34.1437 22.861 0.217505 0.344171 3.09754 80 2 25 10 36702 0 
-34.1322 22.8611 0.217522 0.344171 3.09754 80 2 25 10 36703 0 
-34.1208 22.8611 0.21754 0.344171 3.09754 80 2 25 10 36704 0 
-34.1093 22.8612 0.217558 0.344171 3.09754 80 2 25 10 36705 0 
-34.0978 22.8612 0.217575 0.344171 3.09754 80 2 25 10 36706 0 
-34.0864 22.8612 0.217593 0.344171 3.09754 80 2 25 10 36707 0 
-34.0749 22.8613 0.217611 0.344171 3.09754 80 2 25 10 36708 0 
-34.0634 22.8613 0.217628 0.344171 3.09754 80 2 25 10 36709 0 
-34.0519 22.8614 0.217646 0.344171 3.09754 80 2 25 10 36710 0 
-34.0405 22.8614 0.217664 0.344171 3.09754 80 2 25 10 36711 0 
-34.029 22.8615 0.217681 0.344171 3.09754 80 2 25 10 36712 0 
-34.0175 22.8615 0.217699 0.344171 3.09754 80 2 25 10 36713 0 
-34.0061 22.8616 0.217717 0.344171 3.09754 80 2 25 10 36714 0 
-33.9946 22.8616 0.217735 0.344171 3.09754 80 2 25 10 36715 0 
-33.9831 22.8616 0.217752 0.344171 3.09754 80 2 25 10 36716 0 
-33.9716 22.8617 0.21777 0.344171 3.09754 80 2 25 10 36717 0 
-33.9602 22.8617 0.217788 0.344171 3.09754 80 2 25 10 36718 0 
-33.9487 22.8618 0.217805 0.344171 3.09754 80 2 25 10 36719 0 
-33.9372 22.8618 0.217823 0.344171 3.09754 80 2 25 10 36720 0 
-33.9258 22.8619 0.217841 0.344171 3.09754 80 2 25 10 36721 0 
-33.9143 22.8619 0.217859 0.344171 3.09754 80 2 25 10 36722 0 
-33.9028 22.862 0.217876 0.344171 3.09754 80 2 25 10 36723 0 
-33.8914 22.862 0.217894 0.344171 3.09754 80 2 25 10 36724 0 
-33.8799 22.862 0.217912 0.344171 3.09754 80 2 25 10 36725 0 
-33.8684 22.8621 0.21793 0.344171 3.09754 80 2 25 10 36726 0 
-33.8569 22.8621 0.217947 0.344171 3.09754 80 2 25 10 36727 0 
-33.8455 22.8622 0.217965 0.344171 3.09754 80 2 25 10 36728 0 
-33.834 22.8622 0.217983 0.344171 3.09754 80 2 25 10 36729 0 
-33.8225 22.8623 0.218001 0.344171 3.09754 80 2 25 10 36730 0 
-33.8111 22.8623 0.218018 0.344171 3.09754 80 2 25 10 36731 0 
-33.7996 22.8623 0.218036 0.344171 3.09754 80 2 25 10 36732 0 
-33.7881 22.8624 0.218054 0.344171 3.09754 80 2 25 10 36733 0 
-33.7766 22.8624 0.218072 0.344171 3.09754 80 2 25 10 36734 0 
-33.7652 22.8625 0.21809 0.344171 3.09754 80 2 25 10 36735 0 
-33.7537 22.8625 0.218107 0.344171 3.09754 80 2 25 10 36736 0 
-33.7422 22.8626 0.218125 0.344171 3.09754 80 2 25 10 36737 0 
-33.7308 22.8626 0.218143 0.344171 3.09754 80 2 25 10 36738 0 
-33.7193 22.8627 0.218161 0.344171 3.09754 80 2 25 10 36739 0 
-33.7078 22.8627 0.218179 0.344171 3.09754 80 2 25 10 36740 0 
-33.6964 22.8627 0.218196 0.344171 3.09754 80 2 25 10 36741 0 
-33.6849 22.8628 0.218214 0.344171 3.09754 80 2 25 10 36742 0 
-33.6734 22.8628 0.218232 0.344171 3.09754 80 2 25 10 36743 0 
-33.6619 22.8629 0.21825 0.344171 3.09754 80 2 25 10 36744 0 
-33.6505 22.8629 0.218268 0.344171 3.09754 80 2 25 10 36745 0 
-33.639 22.863 0.218285 0.344171 3.09754 80 2 25 10 36746 0 
-33.6275 22.863 0.218303 0.344171 3.09754 80 2 25 10 36747 0 
-33.6161 22.863 0.218321 0.344171 3.09754 80 2 25 10 36748 0 
-33.6046 22.8631 0.218339 0.344171 3.09754 80 2 25 10 36749 0 
-33.5931 22.8631 0.218357 0.344171 3.09754 80 2 25 10 36750 0 
-33.5816 22.8632 0.218375 0.344171 3.09754 80 2 25 10 36751 0 
-33.5702 22.8632 0.218392 0.344171 3.09754 80 2 25 10 36752 0 
-33.5587 22.8633 0.21841 0.344171 3.09754 80 2 25 10 36753 0 
-33.5472 22.8633 0.218428 0.344171 3.09754 80 2 25 10 36754 0 
-33.5358 22.8634 0.218446 0.344171 3.09754 80 2 25 10 36755 0 
-33.5243 22.8634 0.218464 0.344171 3.09754 80 2 25 10 36756 0 
-33.5128 22.8634 0.218482 0.344171 3.09754 80 2 25 10 36757 0 
-33.5013 22.8635 0.218499 0.344171 3.09754 80 2 25 10 36758 0 
-33.4899 22.8635 0.218517 0.344171 3.09754 80 2 25 10 36759 0 
-33.4784 22.8636 0.218535 0.344171 3.09754 80 2 25 10 36760 0 
-33.4669 22.8636 0.218553 0.344171 3.09754 80 2 25 10 36761 0 
-33.4555 22.8637 0.218571 0.344171 3.09754 80 2 25 10 36762 0 
-33.444 22.8637 0.218589 0.344171 3.09754 80 2 25 10 36763 0 
-33.4325 22.8638 0.218607 0.344171 3.09754 80 2 25 10 36764 0 
-33.4211 22.8638 0.218625 0.344171 3.09754 80 2 25 10 36765 0 
-33.4096 22.8638 0.218643 0.344171 3.09754 80 2 25 10 36766 0 
-33.3981 22.8639 0.21866 0.344171 3.09754 80 2 25 10 36767 0 
-33.3866 22.8639 0.218678 0.344171 3.09754 80 2 25 10 36768 0 
-33.3752 22.864 0.218696 0.344171 3.09754 80 2 25 10 36769 0 
-33.3637 22.864 0.218714 0.344171 3.09754 80 2 25 10 36770 0 
-33.3522 22.8641 0.218732 0.344171 3.09754 80 2 25 10 36771 0 
-33.3408 22.8641 0.21875 0.344171 3.09754 80 2 25 10 36772 0 
-33.3293 22.8641 0.218768 0.344171 3.09754 80 2 25 10 36773 0 
-33.3178 22.8642 0.218786 0.344171 3.09754 80 2 25 10 36774 0 
-33.3063 22.8642 0.218804 0.344171 3.09754 80 2 25 10 36775 0 
-33.2949 22.8643 0.218822 0.344171 3.09754 80 2 25 10 36776 0 
-33.2834 22.8643 0.21884 0.344171 3.09754 80 2 25 10 36777 0 
-33.2719 22.8644 0.218857 0.344171 3.09754 80 2 25 10 36778 0 
-33.2605 22.8644 0.218875 0.344171 3.09754 80 2 25 10 36779 0 
-33.249 22.8645 0.218893 0.344171 3.09754 80 2 25 10 36780 0 
-33.2375 22.8645 0.218911 0.344171 3.09754 80 2 25 10 36781 0 
-33.226 22.8645 0.218929 0.344171 3.09754 80 2 25 10 36782 0 
-33.2146 22.8646 0.218947 0.344171 3.09754 80 2 25 10 36783 0 
-33.2031 22.8646 0.218965 0.344171 3.09754 80 2 25 10 36784 0 
-33.1916 22.8647 0.218983 0.344171 3.09754 80 2 25 10 36785 0 
-33.1802 22.8647 0.219001 0.344171 3.09754 80 2 25 10 36786 0 
-33.1687 22.8648 0.219019 0.344171 3.09754 80 2 25 10 36787 0 
-33.1572 22.8648 0.219037 0.344171 3.09754 80 2 25 10 36788 0 
-33.1458 22.8648 0.219055 0.344171 3.09754 80 2 25 10 36789 0 
-33.1343 22.8649 0.219073 0.344171 3.09754 80 2 25 10 36790 0 
-33.1228 22.8649 0.219091 0.344171 3.09754 80 2 25 10 36791 0 
-33.1113 22.865 0.219109 0.344171 3.09754 80 2 25 10 36792 0 
-33.0999 22.865 0.219127 0.344171 3.09754 80 2 25 10 36793 0 
-33.0884 22.8651 0.219145 0.344171 3.09754 80 2 25 10 36794 0 
-33.0769 22.8651 0.219163 0.344171 3.09754 80 2 25 10 36795 0 
-33.0655 22.8652 0.219181 0.344171 3.09754 80 2 25 10 36796 0 
-33.054 22.8652 0.219199 0.344171 3.09754 80 2 25 10 36797 0 
-33.0425 22.8652 0.219217 0.344171 3.09754 80 2 25 10 36798 0 
-33.031 22.8653 0.219235 0.344171 3.09754 80 2 25 10 36799 0 
-33.0196 22.8653 0.219253 0.344171 3.09754 80 2 25 10 36800 0 
-33.0081 22.8654 0.219271 0.344171 3.09754 80 2 25 10 36801 0 
-32.9966 22.8654 0.219289 0.344171 3.09754 80 2 25 10 36802 0 
-32.9852 22.8655 0.219307 0.344171 3.09754 80 2 25 10 36803 0 
-32.9737 22.8655 0.219325 0.344171 3.09754 80 2 25 10 36804 0 
-32.9622 22.8655 0.219343 0.344171 3.09754 80 2 25 10 36805 0 
-32.9507 22.8656 0.219361 0.344171 3.09754 80 2 25 10 36806 0 
-32.9393 22.8656 0.219379 0.344171 3.09754 80 2 25 10 36807 0 
-32.9278 22.8657 0.219397 0.344171 3.09754 80 2 25 10 36808 0 
-32.9163 22.8657 0.219415 0.344171 3.09754 80 2 25 10 36809 0 
-32.9049 22.8658 0.219433 0.344171 3.09754 80 2 25 10 36810 0 
-32.8934 22.8658 0.219451 0.344171 3.09754 80 2 25 10 36811 0 
-32.8819 22.8659 0.219469 0.344171 3.09754 80 2 25 10 36812 0 
-32.8705 22.8659 0.219488 0.344171 3.09754 80 2 25 10 36813 0 
-32.859 22.8659 0.219506 0.344171 3.09754 80 2 25 10 36814 0 
-32.8475 22.866 0.219524 0.344171 3.09754 80 2 25 10 36815 0 
-32.836 22.866 0.219542 0.344171 3.09754 80 2 25 10 36816 0 
-32.8246 22.8661 0.21956 0.344171 3.09754 80 2 25 10 36817 0 
-32.8131 22.8661 0.219578 0.344171 3.09754 80 2 25 10 36818 0 
-32.8016 22.8662 0.219596 0.344171 3.09754 80 2 25 10 36819 0 
-32.7902 22.8662 0.219614 0.344171 3.09754 80 2 25 10 36820 0 
-32.7787 22.8663 0.219632 0.344171 3.09754 80 2 25 10 36821 0 
-32.7672 22.8663 0.21965 0.344171 3.09754 80 2 25 10 36822 0 
-32.7557 22.8663 0.219668 0.344171 3.09754 80 2 25 10 36823 0 
-32.7443 22.8664 0.219686 0.344171 3.09754 80 2 25 10 36824 0 
-32.7328 22.8664 0.219705 0.344171 3.09754 80 2 25 10 36825 0 
-32.7213 22.8665 0.219723 0.344171 3.09754 80 2 25 10 36826 0 
-32.7099 22.8665 0.219741 0.344171 3.09754 80 2 25 10 36827 0 
-32.6984 22.8666 0.219759 0.344171 3.09754 80 2 25 10 36828 0 
-32.6869 22.8666 0.219777 0.344171 3.09754 80 2 25 10 36829 0 
-32.6754 22.8666 0.219795 0.344171 3.09754 80 2 25 10 36830 0 
-32.664 22.8667 0.219813 0.344171 3.09754 80 2 25 10 36831 0 
-32.6525 22.8667 0.219831 0.344171 3.09754 80 2 25 10 36832 0 
-32.641 22.8668 0.21985 0.344171 3.09754 80 2 25 10 36833 0 
-32.6296 22.8668 0.219868 0.344171 3.09754 80 2 25 10 36834 0 
-32.6181 22.8669 0.219886 0.344171 3.09754 80 2 25 10 36835 0 
-32.6066 22.8669 0.219904 0.344171 3.09754 80 2 25 10 36836 0 
-32.5952 22.867 0.219922 0.344171 3.09754 80 2 25 10 36837 0 
-32.5837 22.867 0.21994 0.344171 3.09754 80 2 25 10 36838 0 
-32.5722 22.867 0.219958 0.344171 3.09754 80 2 25 10 36839 0 
-32.5607 22.8671 0.219977 0.344171 3.09754 80 2 25 10 36840 0 
-32.5493 22.8671 0.219995 0.344171 3.09754 80 2 25 10 36841 0 
-32.5378 22.8672 0.220013 0.344171 3.09754 80 2 25 10 36842 0 
-32.5263 22.8672 0.220031 0.344171 3.09754 80 2 25 10 36843 0 
-32.5149 22.8673 0.220049 0.344171 3.09754 80 2 25 10 36844 0 
-32.5034 22.8673 0.220067 0.344171 3.09754 80 2 25 10 36845 0 
-32.4919 22.8673 0.220086 0.344171 3.09754 80 2 25 10 36846 0 
-32.4804 22.8674 0.220104 0.344171 3.09754 80 2 25 10 36847 0 
-32.469 22.8674 0.220122 0.344171 3.09754 80 2 25 10 36848 0 
-32.4575 22.8675 0.22014 0.344171 3.09754 80 2 25 10 36849 0 
-32.446 22.8675 0.220158 0.344171 3.09754 80 2 25 10 36850 0 
-32.4346 22.8676 0.220177 0.344171 3.09754 80 2 25 10 36851 0 
-32.4231 22.8676 0.220195 0.344171 3.09754 80 2 25 10 36852 0 
-32.4116 22.8677 0.220213 0.344171 3.09754 80 2 25 10 36853 0 
-32.4002 22.8677 0.220231 0.344171 3.09754 80 2 25 10 36854 0 
-32.3887 22.8677 0.220249 0.344171 3.09754 80 2 25 10 36855 0 
-32.3772 22.8678 0.220268 0.344171 3.09754 80 2 25 10 36856 0 
-32.3657 22.8678 0.220286 0.344171 3.09754 80 2 25 10 36857 0 
-32.3543 22.8679 0.220304 0.344171 3.09754 80 2 25 10 36858 0 
-32.3428 22.8679 0.220322 0.344171 3.09754 80 2 25 10 36859 0 
-32.3313 22.868 0.220341 0.344171 3.09754 80 2 25 10 36860 0 
-32.3199 22.868 0.220359 0.344171 3.09754 80 2 25 10 36861 0 
-32.3084 22.868 0.220377 0.344171 3.09754 80 2 25 10 36862 0 
-32.2969 22.8681 0.220395 0.344171 3.09754 80 2 25 10 36863 0 
-32.2854 22.8681 0.220414 0.344171 3.09754 80 2 25 10 36864 0 
-32.274 22.8682 0.220432 0.344171 3.09754 80 2 25 10 36865 0 
-32.2625 22.8682 0.22045 0.344171 3.09754 80 2 25 10 36866 0 
-32.251 22.8683 0.220468 0.344171 3.09754 80 2 25 10 36867 0 
-32.2396 22.8683 0.220487 0.344171 3.09754 80 2 25 10 36868 0 
-32.2281 22.8684 0.220505 0.344171 3.09754 80 2 25 10 36869 0 
-32.2166 22.8684 0.220523 0.344171 3.09754 80 2 25 10 36870 0 
-32.2051 22.8684 0.220541 0.344171 3.09754 80 2 25 10 36871 0 
-32.1937 22.8685 0.22056 0.344171 3.09754 80 2 25 10 36872 0 
-32.1822 22.8685 0.220578 0.344171 3.09754 80 2 25 10 36873 0 
-32.1707 22.8686 0.220596 0.344171 3.09754 80 2 25 10 36874 0 
-32.1593 22.8686 0.220615 0.344171 3.09754 80 2 25 10 36875 0 
-32.1478 22.8687 0.220633 0.344171 3.09754 80 2 25 10 36876 0 
-32.1363 22.8687 0.220651 0.344171 3.09754 80 2 25 10 36877 0 
-32.1249 22.8688 0.22067 0.344171 3.09754 80 2 25 10 36878 0 
-32.1134 22.8688 0.220688 0.344171 3.09754 80 2 25 10 36879 0 
-32.1019 22.8688 0.220706 0.344171 3.09754 80 2 25 10 36880 0 
-32.0904 22.8689 0.220725 0.344171 3.09754 80 2 25 10 36881 0 
-32.079 22.8689 0.220743 0.344171 3.09754 80 2 25 10 36882 0 
-32.0675 22.869 0.220761 0.344171 3.09754 80 2 25 10 36883 0 
-32.056 22.869 0.220779 0.344171 3.09754 80 2 25 10 36884 0 
-32.0446 22.8691 0.220798 0.344171 3.09754 80 2 25 10 36885 0 
-32.0331 22.8691 0.220816 0.344171 3.09754 80 2 25 10 36886 0 
-32.0216 22.8691 0.220835 0.344171 3.09754 80 2 25 10 36887 0 
-32.0101 22.8692 0.220853 0.344171 3.09754 80 2 25 10 36888 0 
-31.9987 22.8692 0.220871 0.344171 3.09754 80 2 25 10 36889 0 
-31.9872 22.8693 0.22089 0.344171 3.09754 80 2 25 10 36890 0 
-31.9757 22.8693 0.220908 0.344171 3.09754 80 2 25 10 36891 0 
-31.9643 22.8694 0.220926 0.344171 3.09754 80 2 25 10 36892 0 
-31.9528 22.8694 0.220945 0.344171 3.09754 80 2 25 10 36893 0 
-31.9413 22.8695 0.220963 0.344171 3.09754 80 2 25 10 36894 0 
-31.9298 22.8695 0.220981 0.344171 3.09754 80 2 25 10 36895 0 
-31.9184 22.8695 0.221 0.344171 3.09754 80 2 25 10 36896 0 
-31.9069 22.8696 0.221018 0.344171 3.09754 80 2 25 10 36897 0 
-31.8954 22.8696 0.221037 0.344171 3.09754 80 2 25 10 36898 0 
-31.8839 22.8697 0.221055 0.344171 3.09754 80 2 25 10 36899 0 
-31.8725 22.8697 0.221073 0.344171 3.09754 80 2 25 10 36900 0 
-31.861 22.8698 0.221092 0.344171 3.09754 80 2 25 10 36901 0 
-31.8495 22.8698 0.22111 0.344171 3.09754 80 2 25 10 36902 0 
-31.8381 22.8698 0.221128 0.344171 3.09754 80 2 25 10 36903 0 
-31.8266 22.8699 0.221147 0.344171 3.09754 80 2 25 10 36904 0 
-31.8151 22.8699 0.221165 0.344171 3.09754 80 2 25 10 36905 0 
-31.8036 22.87 0.221184 0.344171 3.09754 80 2 25 10 36906 0 
-31.7922 22.87 0.221202 0.344171 3.09754 80 2 25 10 36907 0 
-31.7807 22.8701 0.221221 0.344171 3.09754 80 2 25 10 36908 0 
-31.7692 22.8701 0.221239 0.344171 3.09754 80 2 25 10 36909 0 
-31.7577 22.8702 0.221257 0.344171 3.09754 80 2 25 10 36910 0 
-31.7463 22.8702 0.221276 0.344171 3.09754 80 2 25 10 36911 0 
-31.7348 22.8702 0.221294 0.344171 3.09754 80 2 25 10 36912 0 
-31.7233 22.8703 0.221313 0.344171 3.09754 80 2 25 10 36913 0 
-31.7119 22.8703 0.221331 0.344171 3.09754 80 2 25 10 36914 0 
-31.7004 22.8704 0.22135 0.344171 3.09754 80 2 25 10 36915 0 
-31.6889 22.8704 0.221368 0.344171 3.09754 80 2 25 10 36916 0 
-31.6774 22.8705 0.221387 0.344171 3.09754 80 2 25 10 36917 0 
-31.666 22.8705 0.221405 0.344171 3.09754 80 2 25 10 36918 0 
-31.6545 22.8706 0.221423 0.344171 3.09754 80 2 25 10 36919 0 
-31.643 22.8706 0.221442 0.344171 3.09754 80 2 25 10 36920 0 
-31.6315 22.8706 0.22146 0.344171 3.09754 80 2 25 10 36921 0 
-31.6201 22.8707 0.221479 0.344171 3.09754 80 2 25 10 36922 0 
-31.6086 22.8707 0.221497 0.344171 3.09754 80 2 25 10 36923 0 
-31.5971 22.8708 0.221516 0.344171 3.09754 80 2 25 10 36924 0 
-31.5857 22.8708 0.221534 0.344171 3.09754 80 2 25 10 36925 0 
-31.5742 22.8709 0.221553 0.344171 3.09754 80 2 25 10 36926 0 
-31.5627 22.8709 0.221571 0.344171 3.09754 80 2 25 10 36927 0 
-31.5512 22.8709 0.22159 0.344171 3.09754 80 2 25 10 36928 0 
-31.5398 22.871 0.221608 0.344171 3.09754 80 2 25 10 36929 0 
-31.5283 22.871 0.221627 0.344171 3.09754 80 2 25 10 36930 0 
-31.5168 22.8711 0.221645 0.344171 3.09754 80 2 25 10 36931 0 
-31.5053 22.8711 0.221664 0.344171 3.09754 80 2 25 10 36932 0 
-31.4939 22.8712 0.221682 0.344171 3.09754 80 2 25 10 36933 0 
-31.4824 22.8712 0.221701 0.344171 3.09754 80 2 25 10 36934 0 
-31.4709 22.8713 0.221719 0.344171 3.09754 80 2 25 10 36935 0 
-31.4595 22.8713 0.221738 0.344171 3.09754 80 2 25 10 36936 0 
-31.448 22.8713 0.221756 0.344171 3.09754 80 2 25 10 36937 0 
-31.4365 22.8714 0.221775 0.344171 3.09754 80 2 25 10 36938 0 
-31.425 22.8714 0.221794 0.344171 3.09754 80 2 25 10 36939 0 
-31.4136 22.8715 0.221812 0.344171 3.09754 80 2 25 10 36940 0 
-31.4021 22.8715 0.221831 0.344171 3.09754 80 2 25 10 36941 0 
-31.3906 22.8716 0.221849 0.344171 3.09754 80 2 25 10 36942 0 
-31.3791 22.8716 0.221868 0.344171 3.09754 80 2 25 10 36943 0 
-31.3677 22.8716 0.221886 0.344171 3.09754 80 2 25 10 36944 0 
-31.3562 22.8717 0.221905 0.344171 3.09754 80 2 25 10 36945 0 
-31.3447 22.8717 0.221923 0.344171 3.09754 80 2 25 10 36946 0 
-31.3333 22.8718 0.221942 0.344171 3.09754 80 2 25 10 36947 0 
-31.3218 22.8718 0.221961 0.344171 3.09754 80 2 25 10 36948 0 
-31.3103 22.8719 0.221979 0.344171 3.09754 80 2 25 10 36949 0 
-31.2988 22.8719 0.221998 0.344171 3.09754 80 2 25 10 36950 0 
-31.2874 22.872 0.222016 0.344171 3.09754 80 2 25 10 36951 0 
-31.2759 22.872 0.222035 0.344171 3.09754 80 2 25 10 36952 0 
-31.2644 22.872 0.222053 0.344171 3.09754 80 2 25 10 36953 0 
-31.2529 22.8721 0.222072 0.344171 3.09754 80 2 25 10 36954 0 
-31.2415 22.8721 0.222091 0.344171 3.09754 80 2 25 10 36955 0 
-31.23 22.8722 0.222109 0.344171 3.09754 80 2 25 10 36956 0 
-31.2185 22.8722 0.222128 0.344171 3.09754 80 2 25 10 36957 0 
-31.2071 22.8723 0.222147 0.344171 3.09754 80 2 25 10 36958 0 
-31.1956 22.8723 0.222165 0.344171 3.09754 80 2 25 10 36959 0 
-31.1841 22.8723 0.222184 0.344171 3.09754 80 2 25 10 36960 0 
-31.1726 22.8724 0.222202 0.344171 3.09754 80 2 25 10 36961 0 
-31.1612 22.8724 0.222221 0.344171 3.09754 80 2 25 10 36962 0 
-31.1497 22.8725 0.22224 0.344171 3.09754 80 2 25 10 36963 0 
-31.1382 22.8725 0.222258 0.344171 3.09754 80 2 25 10 36964 0 
-31.1267 22.8726 0.222277 0.344171 3.09754 80 2 25 10 36965 0 
-31.1153 22.8726 0.222296 0.344171 3.09754 80 2 25 10 36966 0 
-31.1038 22.8727 0.222314 0.344171 3.09754 80 2 25 10 36967 0 
-31.0923 22.8727 0.222333 0.344171 3.09754 80 2 25 10 36968 0 
-31.0809 22.8727 0.222352 0.344171 3.09754 80 2 25 10 36969 0 
-31.0694 22.8728 0.22237 0.344171 3.09754 80 2 25 10 36970 0 
-31.0579 22.8728 0.222389 0.344171 3.09754 80 2 25 10 36971 0 
-31.0464 22.8729 0.222408 0.344171 3.09754 80 2 25 10 36972 0 
-31.035 22.8729 0.222426 0.344171 3.09754 80 2 25 10 36973 0 
-31.0235 22.873 0.222445 0.344171 3.09754 80 2 25 10 36974 0 
-31.012 22.873 0.222464 0.344171 3.09754 80 2 25 10 36975 0 
-31.0005 22.8731 0.222482 0.344171 3.09754 80 2 25 10 36976 0 
-30.9891 22.8731 0.222501 0.344171 3.09754 80 2 25 10 36977 0 
-30.9776 22.8731 0.22252 0.344171 3.09754 80 2 25 10 36978 0 
-30.9661 22.8732 0.222538 0.344171 3.09754 80 2 25 10 36979 0 
-30.9547 22.8732 0.222557 0.344171 3.09754 80 2 25 10 36980 0 
-30.9432 22.8733 0.222576 0.344171 3.09754 80 2 25 10 36981 0 
-30.9317 22.8733 0.222594 0.344171 3.09754 80 2 25 10 36982 0 
-30.9202 22.8734 0.222613 0.344171 3.09754 80 2 25 10 36983 0 
-30.9088 22.8734 0.222632 0.344171 3.09754 80 2 25 10 36984 0 
-30.8973 22.8734 0.222651 0.344171 3.09754 80 2 25 10 36985 0 
-30.8858 22.8735 0.222669 0.344171 3.09754 80 2 25 10 36986 0 
-30.8743 22.8735 0.222688 0.344171 3.09754 80 2 25 10 36987 0 
-30.8629 22.8736 0.222707 0.344171 3.09754 80 2 25 10 36988 0 
-30.8514 22.8736 0.222726 0.344171 3.09754 80 2 25 10 36989 0 
-30.8399 22.8737 0.222744 0.344171 3.09754 80 2 25 10 36990 0 
-30.8285 22.8737 0.222763 0.344171 3.09754 80 2 25 10 36991 0 
-30.817 22.8738 0.222782 0.344171 3.09754 80 2 25 10 36992 0 
-30.8055 22.8738 0.222801 0.344171 3.09754 80 2 25 10 36993 0 
-30.794 22.8738 0.222819 0.344171 3.09754 80 2 25 10 36994 0 
-30.7826 22.8739 0.222838 0.344171 3.09754 80 2 25 10 36995 0 
-30.7711 22.8739 0.222857 0.344171 3.09754 80 2 25 10 36996 0 
-30.7596 22.874 0.222876 0.344171 3.09754 80 2 25 10 36997 0 
-30.7481 22.874 0.222894 0.344171 3.09754 80 2 25 10 36998 0 
-30.7367 22.8741 0.222913 0.344171 3.09754 80 2 25 10 36999 0 
-30.7252 22.8741 0.222932 0.344171 3.09754 80 2 25 10 37000 0 
-30.7137 22.8741 0.222951 0.344171 3.09754 80 2 25 10 37001 0 
-30.7023 22.8742 0.22297 0.344171 3.09754 80 2 25 10 37002 0 
-30.6908 22.8742 0.222988 0.344171 3.09754 80 2 25 10 37003 0 
-30.6793 22.8743 0.223007 0.344171 3.09754 80 2 25 10 37004 0 
-30.6678 22.8743 0.223026 0.344171 3.09754 80 2 25 10 37005 0 
-30.6564 22.8744 0.223045 0.344171 3.09754 80 2 25 10 37006 0 
-30.6449 22.8744 0.223063 0.344171 3.09754 80 2 25 10 37007 0 
-30.6334 22.8745 0.223082 0.344171 3.09754 80 2 25 10 37008 0 
-30.6219 22.8745 0.223101 0.344171 3.09754 80 2 25 10 37009 0 
-30.6105 22.8745 0.22312 0.344171 3.09754 80 2 25 10 37010 0 
-30.599 22.8746 0.223139 0.344171 3.09754 80 2 25 10 37011 0 
-30.5875 22.8746 0.223158 0.344171 3.09754 80 2 25 10 37012 0 
-30.5761 22.8747 0.223176 0.344171 3.09754 80 2 25 10 37013 0 
-30.5646 22.8747 0.223195 0.344171 3.09754 80 2 25 10 37014 0 
-30.5531 22.8748 0.223214 0.344171 3.09754 80 2 25 10 37015 0 
-30.5416 22.8748 0.223233 0.344171 3.09754 80 2 25 10 37016 0 
-30.5302 22.8748 0.223252 0.344171 3.09754 80 2 25 10 37017 0 
-30.5187 22.8749 0.223271 0.344171 3.09754 80 2 25 10 37018 0 
-30.5072 22.8749 0.223289 0.344171 3.09754 80 2 25 10 37019 0 
-30.4957 22.875 0.223308 0.344171 3.09754 80 2 25 10 37020 0 
-30.4843 22.875 0.223327 0.344171 3.09754 80 2 25 10 37021 0 
-30.4728 22.8751 0.223346 0.344171 3.09754 80 2 25 10 37022 0 
-30.4613 22.8751 0.223365 0.344171 3.09754 80 2 25 10 37023 0 
-30.4499 22.8752 0.223384 0.344171 3.09754 80 2 25 10 37024 0 
-30.4384 22.8752 0.223403 0.344171 3.09754 80 2 25 10 37025 0 
-30.4269 22.8752 0.223422 0.344171 3.09754 80 2 25 10 37026 0 
-30.4154 22.8753 0.22344 0.344171 3.09754 80 2 25 10 37027 0 
-30.404 22.8753 0.223459 0.344171 3.09754 80 2 25 10 37028 0 
-30.3925 22.8754 0.223478 0.344171 3.09754 80 2 25 10 37029 0 
-30.381 22.8754 0.223497 0.344171 3.09754 80 2 25 10 37030 0 
-30.3695 22.8755 0.223516 0.344171 3.09754 80 2 25 10 37031 0 
-30.3581 22.8755 0.223535 0.344171 3.09754 80 2 25 10 37032 0 
-30.3466 22.8756 0.223554 0.344171 3.09754 80 2 25 10 37033 0 
-30.3351 22.8756 0.223573 0.344171 3.09754 80 2 25 10 37034 0 
-30.3237 22.8756 0.223592 0.344171 3.09754 80 2 25 10 37035 0 
-30.3122 22.8757 0.223611 0.344171 3.09754 80 2 25 10 37036 0 
-30.3007 22.8757 0.22363 0.344171 3.09754 80 2 25 10 37037 0 
-30.2892 22.8758 0.223648 0.344171 3.09754 80 2 25 10 37038 0 
-30.2778 22.8758 0.223667 0.344171 3.09754 80 2 25 10 37039 0 
-30.2663 22.8759 0.223686 0.344171 3.09754 80 2 25 10 37040 0 
-30.2548 22.8759 0.223705 0.344171 3.09754 80 2 25 10 37041 0 
-30.2433 22.8759 0.223724 0.344171 3.09754 80 2 25 10 37042 0 
-30.2319 22.876 0.223743 0.344171 3.09754 80 2 25 10 37043 0 
-30.2204 22.876 0.223762 0.344171 3.09754 80 2 25 10 37044 0 
-30.2089 22.8761 0.223781 0.344171 3.09754 80 2 25 10 37045 0 
-30.1975 22.8761 0.2238 0.344171 3.09754 80 2 25 10 37046 0 
-30.186 22.8762 0.223819 0.344171 3.09754 80 2 25 10 37047 0 
-30.1745 22.8762 0.223838 0.344171 3.09754 80 2 25 10 37048 0 
-30.163 22.8763 0.223857 0.344171 3.09754 80 2 25 10 37049 0 
-30.1516 22.8763 0.223876 0.344171 3.09754 80 2 25 10 37050 0 
-30.1401 22.8763 0.223895 0.344171 3.09754 80 2 25 10 37051 0 
-30.1286 22.8764 0.223914 0.344171 3.09754 80 2 25 10 37052 0 
-30.1171 22.8764 0.223933 0.344171 3.09754 80 2 25 10 37053 0 
-30.1057 22.8765 0.223952 0.344171 3.09754 80 2 25 10 37054 0 
-30.0942 22.8765 0.223971 0.344171 3.09754 80 2 25 10 37055 0 
-30.0827 22.8766 0.22399 0.344171 3.09754 80 2 25 10 37056 0 
-30.0713 22.8766 0.224009 0.344171 3.09754 80 2 25 10 37057 0 
-30.0598 22.8767 0.224028 0.344171 3.09754 80 2 25 10 37058 0 
-30.0483 22.8767 0.224047 0.344171 3.09754 80 2 25 10 37059 0 
-30.0368 22.8768 0.224066 0.344171 3.09754 80 2 25 10 37060 0 
-30.0254 22.8768 0.224085 0.344171 3.09754 80 2 25 10 37061 0 
-30.0139 22.8768 0.224104 0.344171 3.09754 80 2 25 10 37062 0 
-30.0024 22.8769 0.224123 0.344171 3.09754 80 2 25 10 37063 0 
-29.9909 22.8769 0.224142 0.344171 3.09754 80 2 25 10 37064 0 
-29.9795 22.877 0.224161 0.344171 3.09754 80 2 25 10 37065 0 
-29.968 22.877 0.22418 0.344171 3.09754 80 2 25 10 37066 0 
-29.9565 22.8771 0.224199 0.344171 3.09754 80 2 25 10 37067 0 
-29.9451 22.8771 0.224218 0.344171 3.09754 80 2 25 10 37068 0 
-29.9336 22.8772 0.224237 0.344171 3.09754 80 2 25 10 37069 0 
-29.9221 22.8772 0.224256 0.344171 3.09754 80 2 25 10 37070 0 
-29.9106 22.8773 0.224275 0.344171 3.09754 80 2 25 10 37071 0 
-29.8992 22.8773 0.224294 0.344171 3.09754 80 2 25 10 37072 0 
-29.8877 22.8774 0.224313 0.344171 3.09754 80 2 25 10 37073 0 
-29.8762 22.8774 0.224332 0.344171 3.09754 80 2 25 10 37074 0 
-29.8647 22.8774 0.224351 0.344171 3.09754 80 2 25 10 37075 0 
-29.8533 22.8775 0.22437 0.344171 3.09754 80 2 25 10 37076 0 
-29.8418 22.8775 0.224389 0.344171 3.09754 80 2 25 10 37077 0 
-29.8303 22.8776 0.224408 0.344171 3.09754 80 2 25 10 37078 0 
-29.8189 22.8776 0.224427 0.344171 3.09754 80 2 25 10 37079 0 
-29.8074 22.8777 0.224446 0.344171 3.09754 80 2 25 10 37080 0 
-29.7959 22.8777 0.224465 0.344171 3.09754 80 2 25 10 37081 0 
-29.7844 22.8778 0.224484 0.344171 3.09754 80 2 25 10 37082 0 
-29.773 22.8778 0.224503 0.344171 3.09754 80 2 25 10 37083 0 
-29.7615 22.8779 0.224522 0.344171 3.09754 80 2 25 10 37084 0 
-29.75 22.8779 0.224541 0.344171 3.09754 80 2 25 10 37085 0 
-29.7385 22.8779 0.22456 0.344171 3.09754 80 2 25 10 37086 0 
-29.7271 22.878 0.224579 0.344171 3.09754 80 2 25 10 37087 0 
-29.7156 22.878 0.224598 0.344171 3.09754 80 2 25 10 37088 0 
-29.7041 22.8781 0.224617 0.344171 3.09754 80 2 25 10 37089 0 
-29.6927 22.8781 0.224636 0.344171 3.09754 80 2 25 10 37090 0 
-29.6812 22.8782 0.224655 0.344171 3.09754 80 2 25 10 37091 0 
-29.6697 22.8782 0.224674 0.344171 3.09754 80 2 25 10 37092 0 
-29.6582 22.8783 0.224693 0.344171 3.09754 80 2 25 10 37093 0 
-29.6468 22.8783 0.224712 0.344171 3.09754 80 2 25 10 37094 0 
-29.6353 22.8784 0.224731 0.344171 3.09754 80 2 25 10 37095 0 
-29.6238 22.8784 0.22475 0.344171 3.09754 80 2 25 10 37096 0 
-29.6123 22.8785 0.22477 0.344171 3.09754 80 2 25 10 37097 0 
-29.6009 22.8785 0.224789 0.344171 3.09754 80 2 25 10 37098 0 
-29.5894 22.8785 0.224808 0.344171 3.09754 80 2 25 10 37099 0 
-29.5779 22.8786 0.224827 0.344171 3.09754 80 2 25 10 37100 0 
-29.5665 22.8786 0.224846 0.344171 3.09754 80 2 25 10 37101 0 
-29.555 22.8787 0.224865 0.344171 3.09754 80 2 25 10 37102 0 
-29.5435 22.8787 0.224884 0.344171 3.09754 80 2 25 10 37103 0 
-29.532 22.8788 0.224903 0.344171 3.09754 80 2 25 10 37104 0 
-29.5206 22.8788 0.224922 0.344171 3.09754 80 2 25 10 37105 0 
-29.5091 22.8789 0.224941 0.344171 3.09754 80 2 25 10 37106 0 
-29.4976 22.8789 0.22496 0.344171 3.09754 80 2 25 10 37107 0 
-29.4861 22.879 0.224979 0.344171 3.09754 80 2 25 10 37108 0 
-29.4747 22.879 0.224998 0.344171 3.09754 80 2 25 10 37109 0 
-29.4632 22.879 0.225018 0.344171 3.09754 80 2 25 10 37110 0 
-29.4517 22.8791 0.225037 0.344171 3.09754 80 2 25 10 37111 0 
-29.4403 22.8791 0.225056 0.344171 3.09754 80 2 25 10 37112 0 
-29.4288 22.8792 0.225075 0.344171 3.09754 80 2 25 10 37113 0 
-29.4173 22.8792 0.225094 0.344171 3.09754 80 2 25 10 37114 0 
-29.4058 22.8793 0.225113 0.344171 3.09754 80 2 25 10 37115 0 
-29.3944 22.8793 0.225132 0.344171 3.09754 80 2 25 10 37116 0 
-29.3829 22.8794 0.225151 0.344171 3.09754 80 2 25 10 37117 0 
-29.3714 22.8794 0.22517 0.344171 3.09754 80 2 25 10 37118 0 
-29.3599 22.8795 0.225189 0.344171 3.09754 80 2 25 10 37119 0 
-29.3485 22.8795 0.225209 0.344171 3.09754 80 2 25 10 37120 0 
-29.337 22.8795 0.225228 0.344171 3.09754 80 2 25 10 37121 0 
-29.3255 22.8796 0.225247 0.344171 3.09754 80 2 25 10 37122 0 
-29.3141 22.8796 0.225266 0.344171 3.09754 80 2 25 10 37123 0 
-29.3026 22.8797 0.225285 0.344171 3.09754 80 2 25 10 37124 0 
-29.2911 22.8797 0.225304 0.344171 3.09754 80 2 25 10 37125 0 
-29.2796 22.8798 0.225323 0.344171 3.09754 80 2 25 10 37126 0 
-29.2682 22.8798 0.225343 0.344171 3.09754 80 2 25 10 37127 0 
-29.2567 22.8799 0.225362 0.344171 3.09754 80 2 25 10 37128 0 
-29.2452 22.8799 0.225381 0.344171 3.09754 80 2 25 10 37129 0 
-29.2337 22.88 0.2254 0.344171 3.09754 80 2 25 10 37130 0 
-29.2223 22.88 0.225419 0.344171 3.09754 80 2 25 10 37131 0 
-29.2108 22.8801 0.225438 0.344171 3.09754 80 2 25 10 37132 0 
-29.1993 22.8801 0.225457 0.344171 3.09754 80 2 25 10 37133 0 
-29.1879 22.8801 0.225477 0.344171 3.09754 80 2 25 10 37134 0 
-29.1764 22.8802 0.225496 0.344171 3.09754 80 2 25 10 37135 0 
-29.1649 22.8802 0.225515 0.344171 3.09754 80 2 25 10 37136 0 
-29.1534 22.8803 0.225534 0.344171 3.09754 80 2 25 10 37137 0 
-29.142 22.8803 0.225553 0.344171 3.09754 80 2 25 10 37138 0 
-29.1305 22.8804 0.225572 0.344171 3.09754 80 2 25 10 37139 0 
-29.119 22.8804 0.225592 0.344171 3.09754 80 2 25 10 37140 0 
-29.1075 22.8805 0.225611 0.344171 3.09754 80 2 25 10 37141 0 
-29.0961 22.8805 0.22563 0.344171 3.09754 80 2 25 10 37142 0 
-29.0846 22.8806 0.225649 0.344171 3.09754 80 2 25 10 37143 0 
-29.0731 22.8806 0.225668 0.344171 3.09754 80 2 25 10 37144 0 
-29.0617 22.8806 0.225688 0.344171 3.09754 80 2 25 10 37145 0 
-29.0502 22.8807 0.225707 0.344171 3.09754 80 2 25 10 37146 0 
-29.0387 22.8807 0.225726 0.344171 3.09754 80 2 25 10 37147 0 
-29.0272 22.8808 0.225745 0.344171 3.09754 80 2 25 10 37148 0 
-29.0158 22.8808 0.225764 0.344171 3.09754 80 2 25 10 37149 0 
-29.0043 22.8809 0.225784 0.344171 3.09754 80 2 25 10 37150 0 
-28.9928 22.8809 0.225803 0.344171 3.09754 80 2 25 10 37151 0 
-28.9813 22.881 0.225822 0.344171 3.09754 80 2 25 10 37152 0 
-28.9699 22.881 0.225841 0.344171 3.09754 80 2 25 10 37153 0 
-28.9584 22.8811 0.225861 0.344171 3.09754 80 2 25 10 37154 0 
-28.9469 22.8811 0.22588 0.344171 3.09754 80 2 25 10 37155 0 
-28.9355 22.8812 0.225899 0.344171 3.09754 80 2 25 10 37156 0 
-28.924 22.8812 0.225918 0.344171 3.09754 80 2 25 10 37157 0 
-28.9125 22.8812 0.225938 0.344171 3.09754 80 2 25 10 37158 0 
-28.901 22.8813 0.225957 0.344171 3.09754 80 2 25 10 37159 0 
-28.8896 22.8813 0.225976 0.344171 3.09754 80 2 25 10 37160 0 
-28.8781 22.8814 0.225995 0.344171 3.09754 80 2 25 10 37161 0 
-28.8666 22.8814 0.226015 0.344171 3.09754 80 2 25 10 37162 0 
-28.8552 22.8815 0.226034 0.344171 3.09754 80 2 25 10 37163 0 
-28.8437 22.8815 0.226053 0.344171 3.09754 80 2 25 10 37164 0 
-28.8322 22.8816 0.226072 0.344171 3.09754 80 2 25 10 37165 0 
-28.8207 22.8816 0.226092 0.344171 3.09754 80 2 25 10 37166 0 
-28.8093 22.8817 0.226111 0.344171 3.09754 80 2 25 10 37167 0 
-28.7978 22.8817 0.22613 0.344171 3.09754 80 2 25 10 37168 0 
-28.7863 22.8817 0.22615 0.344171 3.09754 80 2 25 10 37169 0 
-28.7748 22.8818 0.226169 0.344171 3.09754 80 2 25 10 37170 0 
-28.7634 22.8818 0.226188 0.344171 3.09754 80 2 25 10 37171 0 
-28.7519 22.8819 0.226207 0.344171 3.09754 80 2 25 10 37172 0 
-28.7404 22.8819 0.226227 0.344171 3.09754 80 2 25 10 37173 0 
-28.729 22.882 0.226246 0.344171 3.09754 80 2 25 10 37174 0 
-28.7175 22.882 0.226265 0.344171 3.09754 80 2 25 10 37175 0 
-28.706 22.8821 0.226285 0.344171 3.09754 80 2 25 10 37176 0 
-28.6945 22.8821 0.226304 0.344171 3.09754 80 2 25 10 37177 0 
-28.6831 22.8822 0.226323 0.344171 3.09754 80 2 25 10 37178 0 
-28.6716 22.8822 0.226343 0.344171 3.09754 80 2 25 10 37179 0 
-28.6601 22.8822 0.226362 0.344171 3.09754 80 2 25 10 37180 0 
-28.6486 22.8823 0.226381 0.344171 3.09754 80 2 25 10 37181 0 
-28.6372 22.8823 0.226401 0.344171 3.09754 80 2 25 10 37182 0 
-28.6257 22.8824 0.22642 0.344171 3.09754 80 2 25 10 37183 0 
-28.6142 22.8824 0.226439 0.344171 3.09754 80 2 25 10 37184 0 
-28.6028 22.8825 0.226459 0.344171 3.09754 80 2 25 10 37185 0 
-28.5913 22.8825 0.226478 0.344171 3.09754 80 2 25 10 37186 0 
-28.5798 22.8826 0.226497 0.344171 3.09754 80 2 25 10 37187 0 
-28.5683 22.8826 0.226517 0.344171 3.09754 80 2 25 10 37188 0 
-28.5569 22.8827 0.226536 0.344171 3.09754 80 2 25 10 37189 0 
-28.5454 22.8827 0.226555 0.344171 3.09754 80 2 25 10 37190 0 
-28.5339 22.8828 0.226575 0.344171 3.09754 80 2 25 10 37191 0 
-28.5224 22.8828 0.226594 0.344171 3.09754 80 2 25 10 37192 0 
-28.511 22.8828 0.226614 0.344171 3.09754 80 2 25 10 37193 0 
-28.4995 22.8829 0.226633 0.344171 3.09754 80 2 25 10 37194 0 
-28.488 22.8829 0.226652 0.344171 3.09754 80 2 25 10 37195 0 
-28.4766 22.883 0.226672 0.344171 3.09754 80 2 25 10 37196 0 
-28.4651 22.883 0.226691 0.344171 3.09754 80 2 25 10 37197 0 
-28.4536 22.8831 0.226711 0.344171 3.09754 80 2 25 10 37198 0 
-28.4421 22.8831 0.22673 0.344171 3.09754 80 2 25 10 37199 0 
-28.4307 22.8832 0.226749 0.344171 3.09754 80 2 25 10 37200 0 
-28.4192 22.8832 0.226769 0.344171 3.09754 80 2 25 10 37201 0 
-28.4077 22.8833 0.226788 0.344171 3.09754 80 2 25 10 37202 0 
-28.3962 22.8833 0.226808 0.344171 3.09754 80 2 25 10 37203 0 
-28.3848 22.8833 0.226827 0.344171 3.09754 80 2 25 10 37204 0 
-28.3733 22.8834 0.226846 0.344171 3.09754 80 2 25 10 37205 0 
-28.3618 22.8834 0.226866 0.344171 3.09754 80 2 25 10 37206 0 
-28.3504 22.8835 0.226885 0.344171 3.09754 80 2 25 10 37207 0 
-28.3389 22.8835 0.226905 0.344171 3.09754 80 2 25 10 37208 0 
-28.3274 22.8836 0.226924 0.344171 3.09754 80 2 25 10 37209 0 
-28.3159 22.8836 0.226944 0.344171 3.09754 80 2 25 10 37210 0 
-28.3045 22.8837 0.226963 0.344171 3.09754 80 2 25 10 37211 0 
-28.293 22.8837 0.226982 0.344171 3.09754 80 2 25 10 37212 0 
-28.2815 22.8838 0.227002 0.344171 3.09754 80 2 25 10 37213 0 
-28.27 22.8838 0.227021 0.344171 3.09754 80 2 25 10 37214 0 
-28.2586 22.8839 0.227041 0.344171 3.09754 80 2 25 10 37215 0 
-28.2471 22.8839 0.22706 0.344171 3.09754 80 2 25 10 37216 0 
-28.2356 22.8839 0.22708 0.344171 3.09754 80 2 25 10 37217 0 
-28.2242 22.884 0.227099 0.344171 3.09754 80 2 25 10 37218 0 
-28.2127 22.884 0.227119 0.344171 3.09754 80 2 25 10 37219 0 
-28.2012 22.8841 0.227138 0.344171 3.09754 80 2 25 10 37220 0 
-28.1897 22.8841 0.227158 0.344171 3.09754 80 2 25 10 37221 0 
-28.1783 22.8842 0.227177 0.344171 3.09754 80 2 25 10 37222 0 
-28.1668 22.8842 0.227197 0.344171 3.09754 80 2 25 10 37223 0 
-28.1553 22.8843 0.227216 0.344171 3.09754 80 2 25 10 37224 0 
-28.1438 22.8843 0.227236 0.344171 3.09754 80 2 25 10 37225 0 
-28.1324 22.8844 0.227255 0.344171 3.09754 80 2 25 10 37226 0 
-28.1209 22.8844 0.227275 0.344171 3.09754 80 2 25 10 37227 0 
-28.1094 22.8844 0.227294 0.344171 3.09754 80 2 25 10 37228 0 
-28.098 22.8845 0.227314 0.344171 3.09754 80 2 25 10 37229 0 
-28.0865 22.8845 0.227333 0.344171 3.09754 80 2 25 10 37230 0 
-28.075 22.8846 0.227353 0.344171 3.09754 80 2 25 10 37231 0 
-28.0635 22.8846 0.227372 0.344171 3.09754 80 2 25 10 37232 0 
-28.0521 22.8847 0.227392 0.344171 3.09754 80 2 25 10 37233 0 
-28.0406 22.8847 0.227411 0.344171 3.09754 80 2 25 10 37234 0 
-28.0291 22.8848 0.227431 0.344171 3.09754 80 2 25 10 37235 0 
-28.0176 22.8848 0.22745 0.344171 3.09754 80 2 25 10 37236 0 
-28.0062 22.8849 0.22747 0.344171 3.09754 80 2 25 10 37237 0 
-27.9947 22.8849 0.22749 0.344171 3.09754 80 2 25 10 37238 0 
-27.9832 22.885 0.227509 0.344171 3.09754 80 2 25 10 37239 0 
-27.9718 22.885 0.227529 0.344171 3.09754 80 2 25 10 37240 0 
-27.9603 22.885 0.227548 0.344171 3.09754 80 2 25 10 37241 0 
-27.9488 22.8851 0.227568 0.344171 3.09754 80 2 25 10 37242 0 
-27.9373 22.8851 0.227587 0.344171 3.09754 80 2 25 10 37243 0 
-27.9259 22.8852 0.227607 0.344171 3.09754 80 2 25 10 37244 0 
-27.9144 22.8852 0.227627 0.344171 3.09754 80 2 25 10 37245 0 
-27.9029 22.8853 0.227646 0.344171 3.09754 80 2 25 10 37246 0 
-27.8914 22.8853 0.227666 0.344171 3.09754 80 2 25 10 37247 0 
-27.88 22.8854 0.227685 0.344171 3.09754 80 2 25 10 37248 0 
-27.8685 22.8854 0.227705 0.344171 3.09754 80 2 25 10 37249 0 
-27.857 22.8855 0.227725 0.344171 3.09754 80 2 25 10 37250 0 
-27.8456 22.8855 0.227744 0.344171 3.09754 80 2 25 10 37251 0 
-27.8341 22.8855 0.227764 0.344171 3.09754 80 2 25 10 37252 0 
-27.8226 22.8856 0.227783 0.344171 3.09754 80 2 25 10 37253 0 
-27.8111 22.8856 0.227803 0.344171 3.09754 80 2 25 10 37254 0 
-27.7997 22.8857 0.227823 0.344171 3.09754 80 2 25 10 37255 0 
-27.7882 22.8857 0.227842 0.344171 3.09754 80 2 25 10 37256 0 
-27.7767 22.8858 0.227862 0.344171 3.09754 80 2 25 10 37257 0 
-27.7652 22.8858 0.227882 0.344171 3.09754 80 2 25 10 37258 0 
-27.7538 22.8859 0.227901 0.344171 3.09754 80 2 25 10 37259 0 
-27.7423 22.8859 0.227921 0.344171 3.09754 80 2 25 10 37260 0 
-27.7308 22.886 0.22794 0.344171 3.09754 80 2 25 10 37261 0 
-27.7194 22.886 0.22796 0.344171 3.09754 80 2 25 10 37262 0 
-27.7079 22.886 0.22798 0.344171 3.09754 80 2 25 10 37263 0 
-27.6964 22.8861 0.227999 0.344171 3.09754 80 2 25 10 37264 0 
-27.6849 22.8861 0.228019 0.344171 3.09754 80 2 25 10 37265 0 
-27.6735 22.8862 0.228039 0.344171 3.09754 80 2 25 10 37266 0 
-27.662 22.8862 0.228058 0.344171 3.09754 80 2 25 10 37267 0 
-27.6505 22.8863 0.228078 0.344171 3.09754 80 2 25 10 37268 0 
-27.639 22.8863 0.228098 0.344171 3.09754 80 2 25 10 37269 0 
-27.6276 22.8864 0.228117 0.344171 3.09754 80 2 25 10 37270 0 
-27.6161 22.8864 0.228137 0.344171 3.09754 80 2 25 10 37271 0 
-27.6046 22.8865 0.228157 0.344171 3.09754 80 2 25 10 37272 0 
-27.5932 22.8865 0.228177 0.344171 3.09754 80 2 25 10 37273 0 
-27.5817 22.8866 0.228196 0.344171 3.09754 80 2 25 10 37274 0 
-27.5702 22.8866 0.228216 0.344171 3.09754 80 2 25 10 37275 0 
-27.5587 22.8866 0.228236 0.344171 3.09754 80 2 25 10 37276 0 
-27.5473 22.8867 0.228255 0.344171 3.09754 80 2 25 10 37277 0 
-27.5358 22.8867 0.228275 0.344171 3.09754 80 2 25 10 37278 0 
-27.5243 22.8868 0.228295 0.344171 3.09754 80 2 25 10 37279 0 
-27.5128 22.8868 0.228315 0.344171 3.09754 80 2 25 10 37280 0 
-27.5014 22.8869 0.228334 0.344171 3.09754 80 2 25 10 37281 0 
-27.4899 22.8869 0.228354 0.344171 3.09754 80 2 25 10 37282 0 
-27.4784 22.887 0.228374 0.344171 3.09754 80 2 25 10 37283 0 
-27.467 22.887 0.228394 0.344171 3.09754 80 2 25 10 37284 0 
-27.4555 22.8871 0.228413 0.344171 3.09754 80 2 25 10 37285 0 
-27.444 22.8871 0.228433 0.344171 3.09754 80 2 25 10 37286 0 
-27.4325 22.8871 0.228453 0.344171 3.09754 80 2 25 10 37287 0 
-27.4211 22.8872 0.228473 0.344171 3.09754 80 2 25 10 37288 0 
-27.4096 22.8872 0.228492 0.344171 3.09754 80 2 25 10 37289 0 
-27.3981 22.8873 0.228512 0.344171 3.09754 80 2 25 10 37290 0 
-27.3866 22.8873 0.228532 0.344171 3.09754 80 2 25 10 37291 0 
-27.3752 22.8874 0.228552 0.344171 3.09754 80 2 25 10 37292 0 
-27.3637 22.8874 0.228571 0.344171 3.09754 80 2 25 10 37293 0 
-27.3522 22.8875 0.228591 0.344171 3.09754 80 2 25 10 37294 0 
-27.3408 22.8875 0.228611 0.344171 3.09754 80 2 25 10 37295 0 
-27.3293 22.8876 0.228631 0.344171 3.09754 80 2 25 10 37296 0 
-27.3178 22.8876 0.228651 0.344171 3.09754 80 2 25 10 37297 0 
-27.3063 22.8877 0.22867 0.344171 3.09754 80 2 25 10 37298 0 
-27.2949 22.8877 0.22869 0.344171 3.09754 80 2 25 10 37299 0 
-27.2834 22.8877 0.22871 0.344171 3.09754 80 2 25 10 37300 0 
-27.2719 22.8878 0.22873 0.344171 3.09754 80 2 25 10 37301 0 
-27.2604 22.8878 0.22875 0.344171 3.09754 80 2 25 10 37302 0 
-27.249 22.8879 0.228769 0.344171 3.09754 80 2 25 10 37303 0 
-27.2375 22.8879 0.228789 0.344171 3.09754 80 2 25 10 37304 0 
-27.226 22.888 0.228809 0.344171 3.09754 80 2 25 10 37305 0 
-27.2146 22.888 0.228829 0.344171 3.09754 80 2 25 10 37306 0 
-27.2031 22.8881 0.228849 0.344171 3.09754 80 2 25 10 37307 0 
-27.1916 22.8881 0.228869 0.344171 3.09754 80 2 25 10 37308 0 
-27.1801 22.8882 0.228889 0.344171 3.09754 80 2 25 10 37309 0 
-27.1687 22.8882 0.228908 0.344171 3.09754 80 2 25 10 37310 0 
-27.1572 22.8882 0.228928 0.344171 3.09754 80 2 25 10 37311 0 
-27.1457 22.8883 0.228948 0.344171 3.09754 80 2 25 10 37312 0 
-27.1342 22.8883 0.228968 0.344171 3.09754 80 2 25 10 37313 0 
-27.1228 22.8884 0.228988 0.344171 3.09754 80 2 25 10 37314 0 
-27.1113 22.8884 0.229008 0.344171 3.09754 80 2 25 10 37315 0 
-27.0998 22.8885 0.229028 0.344171 3.09754 80 2 25 10 37316 0 
-27.0884 22.8885 0.229047 0.344171 3.09754 80 2 25 10 37317 0 
-27.0769 22.8886 0.229067 0.344171 3.09754 80 2 25 10 37318 0 
-27.0654 22.8886 0.229087 0.344171 3.09754 80 2 25 10 37319 0 
-27.0539 22.8887 0.229107 0.344171 3.09754 80 2 25 10 37320 0 
-27.0425 22.8887 0.229127 0.344171 3.09754 80 2 25 10 37321 0 
-27.031 22.8888 0.229147 0.344171 3.09754 80 2 25 10 37322 0 
-27.0195 22.8888 0.229167 0.344171 3.09754 80 2 25 10 37323 0 
-27.008 22.8888 0.229187 0.344171 3.09754 80 2 25 10 37324 0 
-26.9966 22.8889 0.229207 0.344171 3.09754 80 2 25 10 37325 0 
-26.9851 22.8889 0.229227 0.344171 3.09754 80 2 25 10 37326 0 
-26.9736 22.889 0.229247 0.344171 3.09754 80 2 25 10 37327 0 
-26.9622 22.889 0.229267 0.344171 3.09754 80 2 25 10 37328 0 
-26.9507 22.8891 0.229286 0.344171 3.09754 80 2 25 10 37329 0 
-26.9392 22.8891 0.229306 0.344171 3.09754 80 2 25 10 37330 0 
-26.9277 22.8892 0.229326 0.344171 3.09754 80 2 25 10 37331 0 
-26.9163 22.8892 0.229346 0.344171 3.09754 80 2 25 10 37332 0 
-26.9048 22.8893 0.229366 0.344171 3.09754 80 2 25 10 37333 0 
-26.8933 22.8893 0.229386 0.344171 3.09754 80 2 25 10 37334 0 
-26.8818 22.8893 0.229406 0.344171 3.09754 80 2 25 10 37335 0 
-26.8704 22.8894 0.229426 0.344171 3.09754 80 2 25 10 37336 0 
-26.8589 22.8894 0.229446 0.344171 3.09754 80 2 25 10 37337 0 
-26.8474 22.8895 0.229466 0.344171 3.09754 80 2 25 10 37338 0 
-26.836 22.8895 0.229486 0.344171 3.09754 80 2 25 10 37339 0 
-26.8245 22.8896 0.229506 0.344171 3.09754 80 2 25 10 37340 0 
-26.813 22.8896 0.229526 0.344171 3.09754 80 2 25 10 37341 0 
-26.8015 22.8897 0.229546 0.344171 3.09754 80 2 25 10 37342 0 
-26.7901 22.8897 0.229566 0.344171 3.09754 80 2 25 10 37343 0 
-26.7786 22.8898 0.229586 0.344171 3.09754 80 2 25 10 37344 0 
-26.7671 22.8898 0.229606 0.344171 3.09754 80 2 25 10 37345 0 
-26.7556 22.8898 0.229626 0.344171 3.09754 80 2 25 10 37346 0 
-26.7442 22.8899 0.229646 0.344171 3.09754 80 2 25 10 37347 0 
-26.7327 22.8899 0.229666 0.344171 3.09754 80 2 25 10 37348 0 
-26.7212 22.89 0.229686 0.344171 3.09754 80 2 25 10 37349 0 
-26.7098 22.89 0.229706 0.344171 3.09754 80 2 25 10 37350 0 
-26.6983 22.8901 0.229726 0.344171 3.09754 80 2 25 10 37351 0 
-26.6868 22.8901 0.229746 0.344171 3.09754 80 2 25 10 37352 0 
-26.6753 22.8902 0.229766 0.344171 3.09754 80 2 25 10 37353 0 
-26.6639 22.8902 0.229786 0.344171 3.09754 80 2 25 10 37354 0 
-26.6524 22.8903 0.229806 0.344171 3.09754 80 2 25 10 37355 0 
-26.6409 22.8903 0.229826 0.344171 3.09754 80 2 25 10 37356 0 
-26.6294 22.8904 0.229846 0.344171 3.09754 80 2 25 10 37357 0 
-26.618 22.8904 0.229866 0.344171 3.09754 80 2 25 10 37358 0 
-26.6065 22.8904 0.229887 0.344171 3.09754 80 2 25 10 37359 0 
-26.595 22.8905 0.229907 0.344171 3.09754 80 2 25 10 37360 0 
-26.5836 22.8905 0.229927 0.344171 3.09754 80 2 25 10 37361 0 
-26.5721 22.8906 0.229947 0.344171 3.09754 80 2 25 10 37362 0 
-26.5606 22.8906 0.229967 0.344171 3.09754 80 2 25 10 37363 0 
-26.5491 22.8907 0.229987 0.344171 3.09754 80 2 25 10 37364 0 
-26.5377 22.8907 0.230007 0.344171 3.09754 80 2 25 10 37365 0 
-26.5262 22.8908 0.230027 0.344171 3.09754 80 2 25 10 37366 0 
-26.5147 22.8908 0.230047 0.344171 3.09754 80 2 25 10 37367 0 
-26.5032 22.8909 0.230067 0.344171 3.09754 80 2 25 10 37368 0 
-26.4918 22.8909 0.230087 0.344171 3.09754 80 2 25 10 37369 0 
-26.4803 22.8909 0.230108 0.344171 3.09754 80 2 25 10 37370 0 
-26.4688 22.891 0.230128 0.344171 3.09754 80 2 25 10 37371 0 
-26.4574 22.891 0.230148 0.344171 3.09754 80 2 25 10 37372 0 
-26.4459 22.8911 0.230168 0.344171 3.09754 80 2 25 10 37373 0 
-26.4344 22.8911 0.230188 0.344171 3.09754 80 2 25 10 37374 0 
-26.4229 22.8912 0.230208 0.344171 3.09754 80 2 25 10 37375 0 
-26.4115 22.8912 0.230228 0.344171 3.09754 80 2 25 10 37376 0 
-26.4 22.8913 0.230249 0.344171 3.09754 80 2 25 10 37377 0 
-26.3885 22.8913 0.230269 0.344171 3.09754 80 2 25 10 37378 0 
-26.377 22.8914 0.230289 0.344171 3.09754 80 2 25 10 37379 0 
-26.3656 22.8914 0.230309 0.344171 3.09754 80 2 25 10 37380 0 
-26.3541 22.8915 0.230329 0.344171 3.09754 80 2 25 10 37381 0 
-26.3426 22.8915 0.230349 0.344171 3.09754 80 2 25 10 37382 0 
-26.3312 22.8915 0.230369 0.344171 3.09754 80 2 25 10 37383 0 
-26.3197 22.8916 0.23039 0.344171 3.09754 80 2 25 10 37384 0 
-26.3082 22.8916 0.23041 0.344171 3.09754 80 2 25 10 37385 0 
-26.2967 22.8917 0.23043 0.344171 3.09754 80 2 25 10 37386 0 
-26.2853 22.8917 0.23045 0.344171 3.09754 80 2 25 10 37387 0 
-26.2738 22.8918 0.23047 0.344171 3.09754 80 2 25 10 37388 0 
-26.2623 22.8918 0.230491 0.344171 3.09754 80 2 25 10 37389 0 
-26.2508 22.8919 0.230511 0.344171 3.09754 80 2 25 10 37390 0 
-26.2394 22.8919 0.230531 0.344171 3.09754 80 2 25 10 37391 0 
-26.2279 22.892 0.230551 0.344171 3.09754 80 2 25 10 37392 0 
-26.2164 22.892 0.230571 0.344171 3.09754 80 2 25 10 37393 0 
-26.205 22.892 0.230592 0.344171 3.09754 80 2 25 10 37394 0 
-26.1935 22.8921 0.230612 0.344171 3.09754 80 2 25 10 37395 0 
-26.182 22.8921 0.230632 0.344171 3.09754 80 2 25 10 37396 0 
-26.1705 22.8922 0.230652 0.344171 3.09754 80 2 25 10 37397 0 
-26.1591 22.8922 0.230673 0.344171 3.09754 80 2 25 10 37398 0 
-26.1476 22.8923 0.230693 0.344171 3.09754 80 2 25 10 37399 0 
-26.1361 22.8923 0.230713 0.344171 3.09754 80 2 25 10 37400 0 
-26.1246 22.8924 0.230733 0.344171 3.09754 80 2 25 10 37401 0 
-26.1132 22.8924 0.230754 0.344171 3.09754 80 2 25 10 37402 0 
-26.1017 22.8925 0.230774 0.344171 3.09754 80 2 25 10 37403 0 
-26.0902 22.8925 0.230794 0.344171 3.09754 80 2 25 10 37404 0 
-26.0788 22.8925 0.230814 0.344171 3.09754 80 2 25 10 37405 0 
-26.0673 22.8926 0.230835 0.344171 3.09754 80 2 25 10 37406 0 
-26.0558 22.8926 0.230855 0.344171 3.09754 80 2 25 10 37407 0 
-26.0443 22.8927 0.230875 0.344171 3.09754 80 2 25 10 37408 0 
-26.0329 22.8927 0.230895 0.344171 3.09754 80 2 25 10 37409 0 
-26.0214 22.8928 0.230916 0.344171 3.09754 80 2 25 10 37410 0 
-26.0099 22.8928 0.230936 0.344171 3.09754 80 2 25 10 37411 0 
-25.9984 22.8929 0.230956 0.344171 3.09754 80 2 25 10 37412 0 
-25.987 22.8929 0.230977 0.344171 3.09754 80 2 25 10 37413 0 
-25.9755 22.893 0.230997 0.344171 3.09754 80 2 25 10 37414 0 
-25.964 22.893 0.231017 0.344171 3.09754 80 2 25 10 37415 0 
-25.9526 22.8931 0.231038 0.344171 3.09754 80 2 25 10 37416 0 
-25.9411 22.8931 0.231058 0.344171 3.09754 80 2 25 10 37417 0 
-25.9296 22.8931 0.231078 0.344171 3.09754 80 2 25 10 37418 0 
-25.9181 22.8932 0.231099 0.344171 3.09754 80 2 25 10 37419 0 
-25.9067 22.8932 0.231119 0.344171 3.09754 80 2 25 10 37420 0 
-25.8952 22.8933 0.231139 0.344171 3.09754 80 2 25 10 37421 0 
-25.8837 22.8933 0.23116 0.344171 3.09754 80 2 25 10 37422 0 
-25.8722 22.8934 0.23118 0.344171 3.09754 80 2 25 10 37423 0 
-25.8608 22.8934 0.2312 0.344171 3.09754 80 2 25 10 37424 0 
-25.8493 22.8935 0.231221 0.344171 3.09754 80 2 25 10 37425 0 
-25.8378 22.8935 0.231241 0.344171 3.09754 80 2 25 10 37426 0 
-25.8264 22.8936 0.231261 0.344171 3.09754 80 2 25 10 37427 0 
-25.8149 22.8936 0.231282 0.344171 3.09754 80 2 25 10 37428 0 
-25.8034 22.8936 0.231302 0.344171 3.09754 80 2 25 10 37429 0 
-25.7919 22.8937 0.231323 0.344171 3.09754 80 2 25 10 37430 0 
-25.7805 22.8937 0.231343 0.344171 3.09754 80 2 25 10 37431 0 
-25.769 22.8938 0.231363 0.344171 3.09754 80 2 25 10 37432 0 
-25.7575 22.8938 0.231384 0.344171 3.09754 80 2 25 10 37433 0 
-25.746 22.8939 0.231404 0.344171 3.09754 80 2 25 10 37434 0 
-25.7346 22.8939 0.231424 0.344171 3.09754 80 2 25 10 37435 0 
-25.7231 22.894 0.231445 0.344171 3.09754 80 2 25 10 37436 0 
-25.7116 22.894 0.231465 0.344171 3.09754 80 2 25 10 37437 0 
-25.7002 22.8941 0.231486 0.344171 3.09754 80 2 25 10 37438 0 
-25.6887 22.8941 0.231506 0.344171 3.09754 80 2 25 10 37439 0 
-25.6772 22.8942 0.231527 0.344171 3.09754 80 2 25 10 37440 0 
-25.6657 22.8942 0.231547 0.344171 3.09754 80 2 25 10 37441 0 
-25.6543 22.8942 0.231567 0.344171 3.09754 80 2 25 10 37442 0 
-25.6428 22.8943 0.231588 0.344171 3.09754 80 2 25 10 37443 0 
-25.6313 22.8943 0.231608 0.344171 3.09754 80 2 25 10 37444 0 
-25.6198 22.8944 0.231629 0.344171 3.09754 80 2 25 10 37445 0 
-25.6084 22.8944 0.231649 0.344171 3.09754 80 2 25 10 37446 0 
-25.5969 22.8945 0.23167 0.344171 3.09754 80 2 25 10 37447 0 
-25.5854 22.8945 0.23169 0.344171 3.09754 80 2 25 10 37448 0 
-25.574 22.8946 0.231711 0.344171 3.09754 80 2 25 10 37449 0 
-25.5625 22.8946 0.231731 0.344171 3.09754 80 2 25 10 37450 0 
-25.551 22.8947 0.231752 0.344171 3.09754 80 2 25 10 37451 0 
-25.5395 22.8947 0.231772 0.344171 3.09754 80 2 25 10 37452 0 
-25.5281 22.8947 0.231792 0.344171 3.09754 80 2 25 10 37453 0 
-25.5166 22.8948 0.231813 0.344171 3.09754 80 2 25 10 37454 0 
-25.5051 22.8948 0.231833 0.344171 3.09754 80 2 25 10 37455 0 
-25.4936 22.8949 0.231854 0.344171 3.09754 80 2 25 10 37456 0 
-25.4822 22.8949 0.231874 0.344171 3.09754 80 2 25 10 37457 0 
-25.4707 22.895 0.231895 0.344171 3.09754 80 2 25 10 37458 0 
-25.4592 22.895 0.231915 0.344171 3.09754 80 2 25 10 37459 0 
-25.4478 22.8951 0.231936 0.344171 3.09754 80 2 25 10 37460 0 
-25.4363 22.8951 0.231957 0.344171 3.09754 80 2 25 10 37461 0 
-25.4248 22.8952 0.231977 0.344171 3.09754 80 2 25 10 37462 0 
-25.4133 22.8952 0.231998 0.344171 3.09754 80 2 25 10 37463 0 
-25.4019 22.8953 0.232018 0.344171 3.09754 80 2 25 10 37464 0 
-25.3904 22.8953 0.232039 0.344171 3.09754 80 2 25 10 37465 0 
-25.3789 22.8953 0.232059 0.344171 3.09754 80 2 25 10 37466 0 
-25.3674 22.8954 0.23208 0.344171 3.09754 80 2 25 10 37467 0 
-25.356 22.8954 0.2321 0.344171 3.09754 80 2 25 10 37468 0 
-25.3445 22.8955 0.232121 0.344171 3.09754 80 2 25 10 37469 0 
-25.333 22.8955 0.232141 0.344171 3.09754 80 2 25 10 37470 0 
-25.3216 22.8956 0.232162 0.344171 3.09754 80 2 25 10 37471 0 
-25.3101 22.8956 0.232183 0.344171 3.09754 80 2 25 10 37472 0 
-25.2986 22.8957 0.232203 0.344171 3.09754 80 2 25 10 37473 0 
-25.2871 22.8957 0.232224 0.344171 3.09754 80 2 25 10 37474 0 
-25.2757 22.8958 0.232244 0.344171 3.09754 80 2 25 10 37475 0 
-25.2642 22.8958 0.232265 0.344171 3.09754 80 2 25 10 37476 0 
-25.2527 22.8958 0.232285 0.344171 3.09754 80 2 25 10 37477 0 
-25.2412 22.8959 0.232306 0.344171 3.09754 80 2 25 10 37478 0 
-25.2298 22.8959 0.232327 0.344171 3.09754 80 2 25 10 37479 0 
-25.2183 22.896 0.232347 0.344171 3.09754 80 2 25 10 37480 0 
-25.2068 22.896 0.232368 0.344171 3.09754 80 2 25 10 37481 0 
-25.1954 22.8961 0.232388 0.344171 3.09754 80 2 25 10 37482 0 
-25.1839 22.8961 0.232409 0.344171 3.09754 80 2 25 10 37483 0 
-25.1724 22.8962 0.23243 0.344171 3.09754 80 2 25 10 37484 0 
-25.1609 22.8962 0.23245 0.344171 3.09754 80 2 25 10 37485 0 
-25.1495 22.8963 0.232471 0.344171 3.09754 80 2 25 10 37486 0 
-25.138 22.8963 0.232492 0.344171 3.09754 80 2 25 10 37487 0 
-25.1265 22.8963 0.232512 0.344171 3.09754 80 2 25 10 37488 0 
-25.115 22.8964 0.232533 0.344171 3.09754 80 2 25 10 37489 0 
-25.1036 22.8964 0.232554 0.344171 3.09754 80 2 25 10 37490 0 
-25.0921 22.8965 0.232574 0.344171 3.09754 80 2 25 10 37491 0 
-25.0806 22.8965 0.232595 0.344171 3.09754 80 2 25 10 37492 0 
-25.0692 22.8966 0.232616 0.344171 3.09754 80 2 25 10 37493 0 
-25.0577 22.8966 0.232636 0.344171 3.09754 80 2 25 10 37494 0 
-25.0462 22.8967 0.232657 0.344171 3.09754 80 2 25 10 37495 0 
-25.0347 22.8967 0.232678 0.344171 3.09754 80 2 25 10 37496 0 
-25.0233 22.8968 0.232698 0.344171 3.09754 80 2 25 10 37497 0 
-25.0118 22.8968 0.232719 0.344171 3.09754 80 2 25 10 37498 0 
-25.0003 22.8969 0.23274 0.344171 3.09754 80 2 25 10 37499 0 
-24.9888 22.8969 0.23276 0.344171 3.09754 80 2 25 10 37500 0 
-24.9774 22.8969 0.232781 0.344171 3.09754 80 2 25 10 37501 0 
-24.9659 22.897 0.232802 0.344171 3.09754 80 2 25 10 37502 0 
-24.9544 22.897 0.232822 0.344171 3.09754 80 2 25 10 37503 0 
-24.943 22.8971 0.232843 0.344171 3.09754 80 2 25 10 37504 0 
-24.9315 22.8971 0.232864 0.344171 3.09754 80 2 25 10 37505 0 
-24.92 22.8972 0.232885 0.344171 3.09754 80 2 25 10 37506 0 
-24.9085 22.8972 0.232905 0.344171 3.09754 80 2 25 10 37507 0 
-24.8971 22.8973 0.232926 0.344171 3.09754 80 2 25 10 37508 0 
-24.8856 22.8973 0.232947 0.344171 3.09754 80 2 25 10 37509 0 
-24.8741 22.8974 0.232968 0.344171 3.09754 80 2 25 10 37510 0 
-24.8626 22.8974 0.232988 0.344171 3.09754 80 2 25 10 37511 0 
-24.8512 22.8974 0.233009 0.344171 3.09754 80 2 25 10 37512 0 
-24.8397 22.8975 0.23303 0.344171 3.09754 80 2 25 10 37513 0 
-24.8282 22.8975 0.233051 0.344171 3.09754 80 2 25 10 37514 0 
-24.8168 22.8976 0.233071 0.344171 3.09754 80 2 25 10 37515 0 
-24.8053 22.8976 0.233092 0.344171 3.09754 80 2 25 10 37516 0 
-24.7938 22.8977 0.233113 0.344171 3.09754 80 2 25 10 37517 0 
-24.7823 22.8977 0.233134 0.344171 3.09754 80 2 25 10 37518 0 
-24.7709 22.8978 0.233154 0.344171 3.09754 80 2 25 10 37519 0 
-24.7594 22.8978 0.233175 0.344171 3.09754 80 2 25 10 37520 0 
-24.7479 22.8979 0.233196 0.344171 3.09754 80 2 25 10 37521 0 
-24.7365 22.8979 0.233217 0.344171 3.09754 80 2 25 10 37522 0 
-24.725 22.898 0.233238 0.344171 3.09754 80 2 25 10 37523 0 
-24.7135 22.898 0.233258 0.344171 3.09754 80 2 25 10 37524 0 
-24.702 22.898 0.233279 0.344171 3.09754 80 2 25 10 37525 0 
-24.6906 22.8981 0.2333 0.344171 3.09754 80 2 25 10 37526 0 
-24.6791 22.8981 0.233321 0.344171 3.09754 80 2 25 10 37527 0 
-24.6676 22.8982 0.233342 0.344171 3.09754 80 2 25 10 37528 0 
-24.6561 22.8982 0.233363 0.344171 3.09754 80 2 25 10 37529 0 
-24.6447 22.8983 0.233383 0.344171 3.09754 80 2 25 10 37530 0 
-24.6332 22.8983 0.233404 0.344171 3.09754 80 2 25 10 37531 0 
-24.6217 22.8984 0.233425 0.344171 3.09754 80 2 25 10 37532 0 
-24.6103 22.8984 0.233446 0.344171 3.09754 80 2 25 10 37533 0 
-24.5988 22.8985 0.233467 0.344171 3.09754 80 2 25 10 37534 0 
-24.5873 22.8985 0.233488 0.344171 3.09754 80 2 25 10 37535 0 
-24.5758 22.8986 0.233508 0.344171 3.09754 80 2 25 10 37536 0 
-24.5644 22.8986 0.233529 0.344171 3.09754 80 2 25 10 37537 0 
-24.5529 22.8987 0.23355 0.344171 3.09754 80 2 25 10 37538 0 
-24.5414 22.8987 0.233571 0.344171 3.09754 80 2 25 10 37539 0 
-24.5299 22.8987 0.233592 0.344171 3.09754 80 2 25 10 37540 0 
-24.5185 22.8988 0.233613 0.344171 3.09754 80 2 25 10 37541 0 
-24.507 22.8988 0.233634 0.344171 3.09754 80 2 25 10 37542 0 
-24.4955 22.8989 0.233654 0.344171 3.09754 80 2 25 10 37543 0 
-24.4841 22.8989 0.233675 0.344171 3.09754 80 2 25 10 37544 0 
-24.4726 22.899 0.233696 0.344171 3.09754 80 2 25 10 37545 0 
-24.4611 22.899 0.233717 0.344171 3.09754 80 2 25 10 37546 0 
-24.4496 22.8991 0.233738 0.344171 3.09754 80 2 25 10 37547 0 
-24.4382 22.8991 0.233759 0.344171 3.09754 80 2 25 10 37548 0 
-24.4267 22.8992 0.23378 0.344171 3.09754 80 2 25 10 37549 0 
-24.4152 22.8992 0.2338 0.344171 3.09754 80 2 25 10 37550 0 
-24.4037 22.8993 0.233821 0.344171 3.09754 80 2 25 10 37551 0 
-24.3923 22.8993 0.233842 0.344171 3.09754 80 2 25 10 37552 0 
-24.3808 22.8994 0.233863 0.344171 3.09754 80 2 25 10 37553 0 
-24.3693 22.8994 0.233884 0.344171 3.09754 80 2 25 10 37554 0 
-24.3579 22.8995 0.233905 0.344171 3.09754 80 2 25 10 37555 0 
-24.3464 22.8995 0.233926 0.344171 3.09754 80 2 25 10 37556 0 
-24.3349 22.8996 0.233947 0.344171 3.09754 80 2 25 10 37557 0 
-24.3234 22.8996 0.233967 0.344171 3.09754 80 2 25 10 37558 0 
-24.312 22.8997 0.233988 0.344171 3.09754 80 2 25 10 37559 0 
-24.3005 22.8997 0.234009 0.344171 3.09754 80 2 25 10 37560 0 
-24.289 22.8997 0.23403 0.344171 3.09754 80 2 25 10 37561 0 
-24.2775 22.8998 0.234051 0.344171 3.09754 80 2 25 10 37562 0 
-24.2661 22.8998 0.234072 0.344171 3.09754 80 2 25 10 37563 0 
-24.2546 22.8999 0.234093 0.344171 3.09754 80 2 25 10 37564 0 
-24.2431 22.8999 0.234114 0.344171 3.09754 80 2 25 10 37565 0 
-24.2317 22.9 0.234135 0.344171 3.09754 80 2 25 10 37566 0 
-24.2202 22.9 0.234156 0.344171 3.09754 80 2 25 10 37567 0 
-24.2087 22.9001 0.234176 0.344171 3.09754 80 2 25 10 37568 0 
-24.1972 22.9001 0.234197 0.344171 3.09754 80 2 25 10 37569 0 
-24.1858 22.9002 0.234218 0.344171 3.09754 80 2 25 10 37570 0 
-24.1743 22.9002 0.234239 0.344171 3.09754 80 2 25 10 37571 0 
-24.1628 22.9003 0.23426 0.344171 3.09754 80 2 25 10 37572 0 
-24.1513 22.9003 0.234281 0.344171 3.09754 80 2 25 10 37573 0 
-24.1399 22.9004 0.234302 0.344171 3.09754 80 2 25 10 37574 0 
-24.1284 22.9004 0.234323 0.344171 3.09754 80 2 25 10 37575 0 
-24.1169 22.9005 0.234344 0.344171 3.09754 80 2 25 10 37576 0 
-24.1055 22.9005 0.234365 0.344171 3.09754 80 2 25 10 37577 0 
-24.094 22.9006 0.234386 0.344171 3.09754 80 2 25 10 37578 0 
-24.0825 22.9006 0.234407 0.344171 3.09754 80 2 25 10 37579 0 
-24.071 22.9007 0.234428 0.344171 3.09754 80 2 25 10 37580 0 
-24.0596 22.9007 0.234449 0.344171 3.09754 80 2 25 10 37581 0 
-24.0481 22.9008 0.23447 0.344171 3.09754 80 2 25 10 37582 0 
-24.0366 22.9008 0.23449 0.344171 3.09754 80 2 25 10 37583 0 
-24.0251 22.9008 0.234511 0.344171 3.09754 80 2 25 10 37584 0 
-24.0137 22.9009 0.234532 0.344171 3.09754 80 2 25 10 37585 0 
-24.0022 22.9009 0.234553 0.344171 3.09754 80 2 25 10 37586 0 
-23.9907 22.901 0.234574 0.344171 3.09754 80 2 25 10 37587 0 
-23.9793 22.901 0.234595 0.344171 3.09754 80 2 25 10 37588 0 
-23.9678 22.9011 0.234616 0.344171 3.09754 80 2 25 10 37589 0 
-23.9563 22.9011 0.234637 0.344171 3.09754 80 2 25 10 37590 0 
-23.9448 22.9012 0.234658 0.344171 3.09754 80 2 25 10 37591 0 
-23.9334 22.9012 0.234679 0.344171 3.09754 80 2 25 10 37592 0 
-23.9219 22.9013 0.2347 0.344171 3.09754 80 2 25 10 37593 0 
-23.9104 22.9013 0.234721 0.344171 3.09754 80 2 25 10 37594 0 
-23.8989 22.9014 0.234742 0.344171 3.09754 80 2 25 10 37595 0 
-23.8875 22.9014 0.234763 0.344171 3.09754 80 2 25 10 37596 0 
-23.876 22.9015 0.234784 0.344171 3.09754 80 2 25 10 37597 0 
-23.8645 22.9015 0.234805 0.344171 3.09754 80 2 25 10 37598 0 
-23.8531 22.9016 0.234826 0.344171 3.09754 80 2 25 10 37599 0 
-23.8416 22.9016 0.234847 0.344171 3.09754 80 2 25 10 37600 0 
-23.8301 22.9017 0.234868 0.344171 3.09754 80 2 25 10 37601 0 
-23.8186 22.9017 0.234889 0.344171 3.09754 80 2 25 10 37602 0 
-23.8072 22.9018 0.23491 0.344171 3.09754 80 2 25 10 37603 0 
-23.7957 22.9018 0.234931 0.344171 3.09754 80 2 25 10 37604 0 
-23.7842 22.9018 0.234952 0.344171 3.09754 80 2 25 10 37605 0 
-23.7727 22.9019 0.234973 0.344171 3.09754 80 2 25 10 37606 0 
-23.7613 22.9019 0.234994 0.344171 3.09754 80 2 25 10 37607 0 
-23.7498 22.902 0.235016 0.344171 3.09754 80 2 25 10 37608 0 
-23.7383 22.902 0.235037 0.344171 3.09754 80 2 25 10 37609 0 
-23.7269 22.9021 0.235058 0.344171 3.09754 80 2 25 10 37610 0 
-23.7154 22.9021 0.235079 0.344171 3.09754 80 2 25 10 37611 0 
-23.7039 22.9022 0.2351 0.344171 3.09754 80 2 25 10 37612 0 
-23.6924 22.9022 0.235121 0.344171 3.09754 80 2 25 10 37613 0 
-23.681 22.9023 0.235142 0.344171 3.09754 80 2 25 10 37614 0 
-23.6695 22.9023 0.235163 0.344171 3.09754 80 2 25 10 37615 0 
-23.658 22.9024 0.235184 0.344171 3.09754 80 2 25 10 37616 0 
-23.6465 22.9024 0.235205 0.344171 3.09754 80 2 25 10 37617 0 
-23.6351 22.9025 0.235226 0.344171 3.09754 80 2 25 10 37618 0 
-23.6236 22.9025 0.235247 0.344171 3.09754 80 2 25 10 37619 0 
-23.6121 22.9026 0.235268 0.344171 3.09754 80 2 25 10 37620 0 
-23.6007 22.9026 0.235289 0.344171 3.09754 80 2 25 10 37621 0 
-23.5892 22.9027 0.235311 0.344171 3.09754 80 2 25 10 37622 0 
-23.5777 22.9027 0.235332 0.344171 3.09754 80 2 25 10 37623 0 
-23.5662 22.9028 0.235353 0.344171 3.09754 80 2 25 10 37624 0 
-23.5548 22.9028 0.235374 0.344171 3.09754 80 2 25 10 37625 0 
-23.5433 22.9028 0.235395 0.344171 3.09754 80 2 25 10 37626 0 
-23.5318 22.9029 0.235416 0.344171 3.09754 80 2 25 10 37627 0 
-23.5203 22.9029 0.235437 0.344171 3.09754 80 2 25 10 37628 0 
-23.5089 22.903 0.235458 0.344171 3.09754 80 2 25 10 37629 0 
-23.4974 22.903 0.235479 0.344171 3.09754 80 2 25 10 37630 0 
-23.4859 22.9031 0.235501 0.344171 3.09754 80 2 25 10 37631 0 
-23.4745 22.9031 0.235522 0.344171 3.09754 80 2 25 10 37632 0 
-23.463 22.9032 0.235543 0.344171 3.09754 80 2 25 10 37633 0 
-23.4515 22.9032 0.235564 0.344171 3.09754 80 2 25 10 37634 0 
-23.44 22.9033 0.235585 0.344171 3.09754 80 2 25 10 37635 0 
-23.4286 22.9033 0.235606 0.344171 3.09754 80 2 25 10 37636 0 
-23.4171 22.9034 0.235628 0.344171 3.09754 80 2 25 10 37637 0 
-23.4056 22.9034 0.235649 0.344171 3.09754 80 2 25 10 37638 0 
-23.3941 22.9035 0.23567 0.344171 3.09754 80 2 25 10 37639 0 
-23.3827 22.9035 0.235691 0.344171 3.09754 80 2 25 10 37640 0 
-23.3712 22.9036 0.235712 0.344171 3.09754 80 2 25 10 37641 0 
-23.3597 22.9036 0.235733 0.344171 3.09754 80 2 25 10 37642 0 
-23.3483 22.9037 0.235755 0.344171 3.09754 80 2 25 10 37643 0 
-23.3368 22.9037 0.235776 0.344171 3.09754 80 2 25 10 37644 0 
-23.3253 22.9038 0.235797 0.344171 3.09754 80 2 25 10 37645 0 
-23.3138 22.9038 0.235818 0.344171 3.09754 80 2 25 10 37646 0 
-23.3024 22.9039 0.235839 0.344171 3.09754 80 2 25 10 37647 0 
-23.2909 22.9039 0.235861 0.344171 3.09754 80 2 25 10 37648 0 
-23.2794 22.9039 0.235882 0.344171 3.09754 80 2 25 10 37649 0 
-23.2679 22.904 0.235903 0.344171 3.09754 80 2 25 10 37650 0 
-23.2565 22.904 0.235924 0.344171 3.09754 80 2 25 10 37651 0 
-23.245 22.9041 0.235945 0.344171 3.09754 80 2 25 10 37652 0 
-23.2335 22.9041 0.235967 0.344171 3.09754 80 2 25 10 37653 0 
-23.2221 22.9042 0.235988 0.344171 3.09754 80 2 25 10 37654 0 
-23.2106 22.9042 0.236009 0.344171 3.09754 80 2 25 10 37655 0 
-23.1991 22.9043 0.23603 0.344171 3.09754 80 2 25 10 37656 0 
-23.1876 22.9043 0.236052 0.344171 3.09754 80 2 25 10 37657 0 
-23.1762 22.9044 0.236073 0.344171 3.09754 80 2 25 10 37658 0 
-23.1647 22.9044 0.236094 0.344171 3.09754 80 2 25 10 37659 0 
-23.1532 22.9045 0.236115 0.344171 3.09754 80 2 25 10 37660 0 
-23.1417 22.9045 0.236137 0.344171 3.09754 80 2 25 10 37661 0 
-23.1303 22.9046 0.236158 0.344171 3.09754 80 2 25 10 37662 0 
-23.1188 22.9046 0.236179 0.344171 3.09754 80 2 25 10 37663 0 
-23.1073 22.9047 0.2362 0.344171 3.09754 80 2 25 10 37664 0 
-23.0959 22.9047 0.236222 0.344171 3.09754 80 2 25 10 37665 0 
-23.0844 22.9048 0.236243 0.344171 3.09754 80 2 25 10 37666 0 
-23.0729 22.9048 0.236264 0.344171 3.09754 80 2 25 10 37667 0 
-23.0614 22.9049 0.236286 0.344171 3.09754 80 2 25 10 37668 0 
-23.05 22.9049 0.236307 0.344171 3.09754 80 2 25 10 37669 0 
-23.0385 22.9049 0.236328 0.344171 3.09754 80 2 25 10 37670 0 
-23.027 22.905 0.236349 0.344171 3.09754 80 2 25 10 37671 0 
-23.0155 22.905 0.236371 0.344171 3.09754 80 2 25 10 37672 0 
-23.0041 22.9051 0.236392 0.344171 3.09754 80 2 25 10 37673 0 
-22.9926 22.9051 0.236413 0.344171 3.09754 80 2 25 10 37674 0 
-22.9811 22.9052 0.236435 0.344171 3.09754 80 2 25 10 37675 0 
-22.9697 22.9052 0.236456 0.344171 3.09754 80 2 25 10 37676 0 
-22.9582 22.9053 0.236477 0.344171 3.09754 80 2 25 10 37677 0 
-22.9467 22.9053 0.236499 0.344171 3.09754 80 2 25 10 37678 0 
-22.9352 22.9054 0.23652 0.344171 3.09754 80 2 25 10 37679 0 
-22.9238 22.9054 0.236541 0.344171 3.09754 80 2 25 10 37680 0 
-22.9123 22.9055 0.236563 0.344171 3.09754 80 2 25 10 37681 0 
-22.9008 22.9055 0.236584 0.344171 3.09754 80 2 25 10 37682 0 
-22.8893 22.9056 0.236605 0.344171 3.09754 80 2 25 10 37683 0 
-22.8779 22.9056 0.236627 0.344171 3.09754 80 2 25 10 37684 0 
-22.8664 22.9057 0.236648 0.344171 3.09754 80 2 25 10 37685 0 
-22.8549 22.9057 0.23667 0.344171 3.09754 80 2 25 10 37686 0 
-22.8435 22.9058 0.236691 0.344171 3.09754 80 2 25 10 37687 0 
-22.832 22.9058 0.236712 0.344171 3.09754 80 2 25 10 37688 0 
-22.8205 22.9059 0.236734 0.344171 3.09754 80 2 25 10 37689 0 
-22.809 22.9059 0.236755 0.344171 3.09754 80 2 25 10 37690 0 
-22.7976 22.9059 0.236777 0.344171 3.09754 80 2 25 10 37691 0 
-22.7861 22.906 0.236798 0.344171 3.09754 80 2 25 10 37692 0 
-22.7746 22.906 0.236819 0.344171 3.09754 80 2 25 10 37693 0 
-22.7631 22.9061 0.236841 0.344171 3.09754 80 2 25 10 37694 0 
-22.7517 22.9061 0.236862 0.344171 3.09754 80 2 25 10 37695 0 
-22.7402 22.9062 0.236884 0.344171 3.09754 80 2 25 10 37696 0 
-22.7287 22.9062 0.236905 0.344171 3.09754 80 2 25 10 37697 0 
-22.7173 22.9063 0.236926 0.344171 3.09754 80 2 25 10 37698 0 
-22.7058 22.9063 0.236948 0.344171 3.09754 80 2 25 10 37699 0 
-22.6943 22.9064 0.236969 0.344171 3.09754 80 2 25 10 37700 0 
-22.6828 22.9064 0.236991 0.344171 3.09754 80 2 25 10 37701 0 
-22.6714 22.9065 0.237012 0.344171 3.09754 80 2 25 10 37702 0 
-22.6599 22.9065 0.237034 0.344171 3.09754 80 2 25 10 37703 0 
-22.6484 22.9066 0.237055 0.344171 3.09754 80 2 25 10 37704 0 
-22.6369 22.9066 0.237077 0.344171 3.09754 80 2 25 10 37705 0 
-22.6255 22.9067 0.237098 0.344171 3.09754 80 2 25 10 37706 0 
-22.614 22.9067 0.237119 0.344171 3.09754 80 2 25 10 37707 0 
-22.6025 22.9068 0.237141 0.344171 3.09754 80 2 25 10 37708 0 
-22.5911 22.9068 0.237162 0.344171 3.09754 80 2 25 10 37709 0 
-22.5796 22.9069 0.237184 0.344171 3.09754 80 2 25 10 37710 0 
-22.5681 22.9069 0.237205 0.344171 3.09754 80 2 25 10 37711 0 
-22.5566 22.9069 0.237227 0.344171 3.09754 80 2 25 10 37712 0 
-22.5452 22.907 0.237248 0.344171 3.09754 80 2 25 10 37713 0 
-22.5337 22.907 0.23727 0.344171 3.09754 80 2 25 10 37714 0 
-22.5222 22.9071 0.237291 0.344171 3.09754 80 2 25 10 37715 0 
-22.5107 22.9071 0.237313 0.344171 3.09754 80 2 25 10 37716 0 
-22.4993 22.9072 0.237334 0.344171 3.09754 80 2 25 10 37717 0 
-22.4878 22.9072 0.237356 0.344171 3.09754 80 2 25 10 37718 0 
-22.4763 22.9073 0.237377 0.344171 3.09754 80 2 25 10 37719 0 
-22.4649 22.9073 0.237399 0.344171 3.09754 80 2 25 10 37720 0 
-22.4534 22.9074 0.237421 0.344171 3.09754 80 2 25 10 37721 0 
-22.4419 22.9074 0.237442 0.344171 3.09754 80 2 25 10 37722 0 
-22.4304 22.9075 0.237464 0.344171 3.09754 80 2 25 10 37723 0 
-22.419 22.9075 0.237485 0.344171 3.09754 80 2 25 10 37724 0 
-22.4075 22.9076 0.237507 0.344171 3.09754 80 2 25 10 37725 0 
-22.396 22.9076 0.237528 0.344171 3.09754 80 2 25 10 37726 0 
-22.3845 22.9077 0.23755 0.344171 3.09754 80 2 25 10 37727 0 
-22.3731 22.9077 0.237571 0.344171 3.09754 80 2 25 10 37728 0 
-22.3616 22.9078 0.237593 0.344171 3.09754 80 2 25 10 37729 0 
-22.3501 22.9078 0.237615 0.344171 3.09754 80 2 25 10 37730 0 
-22.3387 22.9079 0.237636 0.344171 3.09754 80 2 25 10 37731 0 
-22.3272 22.9079 0.237658 0.344171 3.09754 80 2 25 10 37732 0 
-22.3157 22.908 0.237679 0.344171 3.09754 80 2 25 10 37733 0 
-22.3042 22.908 0.237701 0.344171 3.09754 80 2 25 10 37734 0 
-22.2928 22.908 0.237723 0.344171 3.09754 80 2 25 10 37735 0 
-22.2813 22.9081 0.237744 0.344171 3.09754 80 2 25 10 37736 0 
-22.2698 22.9081 0.237766 0.344171 3.09754 80 2 25 10 37737 0 
-22.2583 22.9082 0.237787 0.344171 3.09754 80 2 25 10 37738 0 
-22.2469 22.9082 0.237809 0.344171 3.09754 80 2 25 10 37739 0 
-22.2354 22.9083 0.237831 0.344171 3.09754 80 2 25 10 37740 0 
-22.2239 22.9083 0.237852 0.344171 3.09754 80 2 25 10 37741 0 
-22.2125 22.9084 0.237874 0.344171 3.09754 80 2 25 10 37742 0 
-22.201 22.9084 0.237896 0.344171 3.09754 80 2 25 10 37743 0 
-22.1895 22.9085 0.237917 0.344171 3.09754 80 2 25 10 37744 0 
-22.178 22.9085 0.237939 0.344171 3.09754 80 2 25 10 37745 0 
-22.1666 22.9086 0.23796 0.344171 3.09754 80 2 25 10 37746 0 
-22.1551 22.9086 0.237982 0.344171 3.09754 80 2 25 10 37747 0 
-22.1436 22.9087 0.238004 0.344171 3.09754 80 2 25 10 37748 0 
-22.1321 22.9087 0.238025 0.344171 3.09754 80 2 25 10 37749 0 
-22.1207 22.9088 0.238047 0.344171 3.09754 80 2 25 10 37750 0 
-22.1092 22.9088 0.238069 0.344171 3.09754 80 2 25 10 37751 0 
-22.0977 22.9089 0.238091 0.344171 3.09754 80 2 25 10 37752 0 
-22.0863 22.9089 0.238112 0.344171 3.09754 80 2 25 10 37753 0 
-22.0748 22.909 0.238134 0.344171 3.09754 80 2 25 10 37754 0 
-22.0633 22.909 0.238156 0.344171 3.09754 80 2 25 10 37755 0 
-22.0518 22.909 0.238177 0.344171 3.09754 80 2 25 10 37756 0 
-22.0404 22.9091 0.238199 0.344171 3.09754 80 2 25 10 37757 0 
-22.0289 22.9091 0.238221 0.344171 3.09754 80 2 25 10 37758 0 
-22.0174 22.9092 0.238242 0.344171 3.09754 80 2 25 10 37759 0 
-22.0059 22.9092 0.238264 0.344171 3.09754 80 2 25 10 37760 0 
-21.9945 22.9093 0.238286 0.344171 3.09754 80 2 25 10 37761 0 
-21.983 22.9093 0.238308 0.344171 3.09754 80 2 25 10 37762 0 
-21.9715 22.9094 0.238329 0.344171 3.09754 80 2 25 10 37763 0 
-21.9601 22.9094 0.238351 0.344171 3.09754 80 2 25 10 37764 0 
-21.9486 22.9095 0.238373 0.344171 3.09754 80 2 25 10 37765 0 
-21.9371 22.9095 0.238395 0.344171 3.09754 80 2 25 10 37766 0 
-21.9256 22.9096 0.238416 0.344171 3.09754 80 2 25 10 37767 0 
-21.9142 22.9096 0.238438 0.344171 3.09754 80 2 25 10 37768 0 
-21.9027 22.9097 0.23846 0.344171 3.09754 80 2 25 10 37769 0 
-21.8912 22.9097 0.238482 0.344171 3.09754 80 2 25 10 37770 0 
-21.8797 22.9098 0.238503 0.344171 3.09754 80 2 25 10 37771 0 
-21.8683 22.9098 0.238525 0.344171 3.09754 80 2 25 10 37772 0 
-21.8568 22.9099 0.238547 0.344171 3.09754 80 2 25 10 37773 0 
-21.8453 22.9099 0.238569 0.344171 3.09754 80 2 25 10 37774 0 
-21.8339 22.91 0.238591 0.344171 3.09754 80 2 25 10 37775 0 
-21.8224 22.91 0.238612 0.344171 3.09754 80 2 25 10 37776 0 
-21.8109 22.91 0.238634 0.344171 3.09754 80 2 25 10 37777 0 
-21.7994 22.9101 0.238656 0.344171 3.09754 80 2 25 10 37778 0 
-21.788 22.9101 0.238678 0.344171 3.09754 80 2 25 10 37779 0 
-21.7765 22.9102 0.2387 0.344171 3.09754 80 2 25 10 37780 0 
-21.765 22.9102 0.238722 0.344171 3.09754 80 2 25 10 37781 0 
-21.7535 22.9103 0.238743 0.344171 3.09754 80 2 25 10 37782 0 
-21.7421 22.9103 0.238765 0.344171 3.09754 80 2 25 10 37783 0 
-21.7306 22.9104 0.238787 0.344171 3.09754 80 2 25 10 37784 0 
-21.7191 22.9104 0.238809 0.344171 3.09754 80 2 25 10 37785 0 
-21.7077 22.9105 0.238831 0.344171 3.09754 80 2 25 10 37786 0 
-21.6962 22.9105 0.238853 0.344171 3.09754 80 2 25 10 37787 0 
-21.6847 22.9106 0.238874 0.344171 3.09754 80 2 25 10 37788 0 
-21.6732 22.9106 0.238896 0.344171 3.09754 80 2 25 10 37789 0 
-21.6618 22.9107 0.238918 0.344171 3.09754 80 2 25 10 37790 0 
-21.6503 22.9107 0.23894 0.344171 3.09754 80 2 25 10 37791 0 
-21.6388 22.9108 0.238962 0.344171 3.09754 80 2 25 10 37792 0 
-21.6273 22.9108 0.238984 0.344171 3.09754 80 2 25 10 37793 0 
-21.6159 22.9109 0.239006 0.344171 3.09754 80 2 25 10 37794 0 
-21.6044 22.9109 0.239028 0.344171 3.09754 80 2 25 10 37795 0 
-21.5929 22.911 0.239049 0.344171 3.09754 80 2 25 10 37796 0 
-21.5815 22.911 0.239071 0.344171 3.09754 80 2 25 10 37797 0 
-21.57 22.9111 0.239093 0.344171 3.09754 80 2 25 10 37798 0 
-21.5585 22.9111 0.239115 0.344171 3.09754 80 2 25 10 37799 0 
-21.547 22.9111 0.239137 0.344171 3.09754 80 2 25 10 37800 0 
-21.5356 22.9112 0.239159 0.344171 3.09754 80 2 25 10 37801 0 
-21.5241 22.9112 0.239181 0.344171 3.09754 80 2 25 10 37802 0 
-21.5126 22.9113 0.239203 0.344171 3.09754 80 2 25 10 37803 0 
-21.5011 22.9113 0.239225 0.344171 3.09754 80 2 25 10 37804 0 
-21.4897 22.9114 0.239247 0.344171 3.09754 80 2 25 10 37805 0 
-21.4782 22.9114 0.239269 0.344171 3.09754 80 2 25 10 37806 0 
-21.4667 22.9115 0.239291 0.344171 3.09754 80 2 25 10 37807 0 
-21.4553 22.9115 0.239313 0.344171 3.09754 80 2 25 10 37808 0 
-21.4438 22.9116 0.239335 0.344171 3.09754 80 2 25 10 37809 0 
-21.4323 22.9116 0.239357 0.344171 3.09754 80 2 25 10 37810 0 
-21.4208 22.9117 0.239379 0.344171 3.09754 80 2 25 10 37811 0 
-21.4094 22.9117 0.239401 0.344171 3.09754 80 2 25 10 37812 0 
-21.3979 22.9118 0.239423 0.344171 3.09754 80 2 25 10 37813 0 
-21.3864 22.9118 0.239445 0.344171 3.09754 80 2 25 10 37814 0 
-21.3749 22.9119 0.239467 0.344171 3.09754 80 2 25 10 37815 0 
-21.3635 22.9119 0.239489 0.344171 3.09754 80 2 25 10 37816 0 
-21.352 22.912 0.239511 0.344171 3.09754 80 2 25 10 37817 0 
-21.3405 22.912 0.239533 0.344171 3.09754 80 2 25 10 37818 0 
-21.3291 22.9121 0.239555 0.344171 3.09754 80 2 25 10 37819 0 
-21.3176 22.9121 0.239577 0.344171 3.09754 80 2 25 10 37820 0 
-21.3061 22.9121 0.239599 0.344171 3.09754 80 2 25 10 37821 0 
-21.2946 22.9122 0.239621 0.344171 3.09754 80 2 25 10 37822 0 
-21.2832 22.9122 0.239643 0.344171 3.09754 80 2 25 10 37823 0 
-21.2717 22.9123 0.239665 0.344171 3.09754 80 2 25 10 37824 0 
-21.2602 22.9123 0.239687 0.344171 3.09754 80 2 25 10 37825 0 
-21.2487 22.9124 0.239709 0.344171 3.09754 80 2 25 10 37826 0 
-21.2373 22.9124 0.239731 0.344171 3.09754 80 2 25 10 37827 0 
-21.2258 22.9125 0.239753 0.344171 3.09754 80 2 25 10 37828 0 
-21.2143 22.9125 0.239775 0.344171 3.09754 80 2 25 10 37829 0 
-21.2029 22.9126 0.239797 0.344171 3.09754 80 2 25 10 37830 0 
-21.1914 22.9126 0.239819 0.344171 3.09754 80 2 25 10 37831 0 
-21.1799 22.9127 0.239841 0.344171 3.09754 80 2 25 10 37832 0 
-21.1684 22.9127 0.239863 0.344171 3.09754 80 2 25 10 37833 0 
-21.157 22.9128 0.239886 0.344171 3.09754 80 2 25 10 37834 0 
-21.1455 22.9128 0.239908 0.344171 3.09754 80 2 25 10 37835 0 
-21.134 22.9129 0.23993 0.344171 3.09754 80 2 25 10 37836 0 
-21.1225 22.9129 0.239952 0.344171 3.09754 80 2 25 10 37837 0 
-21.1111 22.913 0.239974 0.344171 3.09754 80 2 25 10 37838 0 
-21.0996 22.913 0.239996 0.344171 3.09754 80 2 25 10 37839 0 
-21.0881 22.9131 0.240018 0.344171 3.09754 80 2 25 10 37840 0 
-21.0767 22.9131 0.24004 0.344171 3.09754 80 2 25 10 37841 0 
-21.0652 22.9131 0.240062 0.344171 3.09754 80 2 25 10 37842 0 
-21.0537 22.9132 0.240085 0.344171 3.09754 80 2 25 10 37843 0 
-21.0422 22.9132 0.240107 0.344171 3.09754 80 2 25 10 37844 0 
-21.0308 22.9133 0.240129 0.344171 3.09754 80 2 25 10 37845 0 
-21.0193 22.9133 0.240151 0.344171 3.09754 80 2 25 10 37846 0 
-21.0078 22.9134 0.240173 0.344171 3.09754 80 2 25 10 37847 0 
-20.9963 22.9134 0.240195 0.344171 3.09754 80 2 25 10 37848 0 
-20.9849 22.9135 0.240218 0.344171 3.09754 80 2 25 10 37849 0 
-20.9734 22.9135 0.24024 0.344171 3.09754 80 2 25 10 37850 0 
-20.9619 22.9136 0.240262 0.344171 3.09754 80 2 25 10 37851 0 
-20.9505 22.9136 0.240284 0.344171 3.09754 80 2 25 10 37852 0 
-20.939 22.9137 0.240306 0.344171 3.09754 80 2 25 10 37853 0 
-20.9275 22.9137 0.240328 0.344171 3.09754 80 2 25 10 37854 0 
-20.916 22.9138 0.240351 0.344171 3.09754 80 2 25 10 37855 0 
-20.9046 22.9138 0.240373 0.344171 3.09754 80 2 25 10 37856 0 
-20.8931 22.9139 0.240395 0.344171 3.09754 80 2 25 10 37857 0 
-20.8816 22.9139 0.240417 0.344171 3.09754 80 2 25 10 37858 0 
-20.8701 22.914 0.240439 0.344171 3.09754 80 2 25 10 37859 0 
-20.8587 22.914 0.240462 0.344171 3.09754 80 2 25 10 37860 0 
-20.8472 22.9141 0.240484 0.344171 3.09754 80 2 25 10 37861 0 
-20.8357 22.9141 0.240506 0.344171 3.09754 80 2 25 10 37862 0 
-20.8243 22.9142 0.240528 0.344171 3.09754 80 2 25 10 37863 0 
-20.8128 22.9142 0.240551 0.344171 3.09754 80 2 25 10 37864 0 
-20.8013 22.9142 0.240573 0.344171 3.09754 80 2 25 10 37865 0 
-20.7898 22.9143 0.240595 0.344171 3.09754 80 2 25 10 37866 0 
-20.7784 22.9143 0.240617 0.344171 3.09754 80 2 25 10 37867 0 
-20.7669 22.9144 0.24064 0.344171 3.09754 80 2 25 10 37868 0 
-20.7554 22.9144 0.240662 0.344171 3.09754 80 2 25 10 37869 0 
-20.7439 22.9145 0.240684 0.344171 3.09754 80 2 25 10 37870 0 
-20.7325 22.9145 0.240706 0.344171 3.09754 80 2 25 10 37871 0 
-20.721 22.9146 0.240729 0.344171 3.09754 80 2 25 10 37872 0 
-20.7095 22.9146 0.240751 0.344171 3.09754 80 2 25 10 37873 0 
-20.6981 22.9147 0.240773 0.344171 3.09754 80 2 25 10 37874 0 
-20.6866 22.9147 0.240796 0.344171 3.09754 80 2 25 10 37875 0 
-20.6751 22.9148 0.240818 0.344171 3.09754 80 2 25 10 37876 0 
-20.6636 22.9148 0.24084 0.344171 3.09754 80 2 25 10 37877 0 
-20.6522 22.9149 0.240863 0.344171 3.09754 80 2 25 10 37878 0 
-20.6407 22.9149 0.240885 0.344171 3.09754 80 2 25 10 37879 0 
-20.6292 22.915 0.240907 0.344171 3.09754 80 2 25 10 37880 0 
-20.6178 22.915 0.24093 0.344171 3.09754 80 2 25 10 37881 0 
-20.6063 22.9151 0.240952 0.344171 3.09754 80 2 25 10 37882 0 
-20.5948 22.9151 0.240974 0.344171 3.09754 80 2 25 10 37883 0 
-20.5833 22.9152 0.240997 0.344171 3.09754 80 2 25 10 37884 0 
-20.5719 22.9152 0.241019 0.344171 3.09754 80 2 25 10 37885 0 
-20.5604 22.9152 0.241041 0.344171 3.09754 80 2 25 10 37886 0 
-20.5489 22.9153 0.241064 0.344171 3.09754 80 2 25 10 37887 0 
-20.5374 22.9153 0.241086 0.344171 3.09754 80 2 25 10 37888 0 
-20.526 22.9154 0.241108 0.344171 3.09754 80 2 25 10 37889 0 
-20.5145 22.9154 0.241131 0.344171 3.09754 80 2 25 10 37890 0 
-20.503 22.9155 0.241153 0.344171 3.09754 80 2 25 10 37891 0 
-20.4916 22.9155 0.241176 0.344171 3.09754 80 2 25 10 37892 0 
-20.4801 22.9156 0.241198 0.344171 3.09754 80 2 25 10 37893 0 
-20.4686 22.9156 0.24122 0.344171 3.09754 80 2 25 10 37894 0 
-20.4571 22.9157 0.241243 0.344171 3.09754 80 2 25 10 37895 0 
-20.4457 22.9157 0.241265 0.344171 3.09754 80 2 25 10 37896 0 
-20.4342 22.9158 0.241288 0.344171 3.09754 80 2 25 10 37897 0 
-20.4227 22.9158 0.24131 0.344171 3.09754 80 2 25 10 37898 0 
-20.4112 22.9159 0.241332 0.344171 3.09754 80 2 25 10 37899 0 
-20.3998 22.9159 0.241355 0.344171 3.09754 80 2 25 10 37900 0 
-20.3883 22.916 0.241377 0.344171 3.09754 80 2 25 10 37901 0 
-20.3768 22.916 0.2414 0.344171 3.09754 80 2 25 10 37902 0 
-20.3654 22.9161 0.241422 0.344171 3.09754 80 2 25 10 37903 0 
-20.3539 22.9161 0.241445 0.344171 3.09754 80 2 25 10 37904 0 
-20.3424 22.9162 0.241467 0.344171 3.09754 80 2 25 10 37905 0 
-20.3309 22.9162 0.24149 0.344171 3.09754 80 2 25 10 37906 0 
-20.3195 22.9162 0.241512 0.344171 3.09754 80 2 25 10 37907 0 
-20.308 22.9163 0.241534 0.344171 3.09754 80 2 25 10 37908 0 
-20.2965 22.9163 0.241557 0.344171 3.09754 80 2 25 10 37909 0 
-20.285 22.9164 0.241579 0.344171 3.09754 80 2 25 10 37910 0 
-20.2736 22.9164 0.241602 0.344171 3.09754 80 2 25 10 37911 0 
-20.2621 22.9165 0.241624 0.344171 3.09754 80 2 25 10 37912 0 
-20.2506 22.9165 0.241647 0.344171 3.09754 80 2 25 10 37913 0 
-20.2392 22.9166 0.241669 0.344171 3.09754 80 2 25 10 37914 0 
-20.2277 22.9166 0.241692 0.344171 3.09754 80 2 25 10 37915 0 
-20.2162 22.9167 0.241714 0.344171 3.09754 80 2 25 10 37916 0 
-20.2047 22.9167 0.241737 0.344171 3.09754 80 2 25 10 37917 0 
-20.1933 22.9168 0.241759 0.344171 3.09754 80 2 25 10 37918 0 
-20.1818 22.9168 0.241782 0.344171 3.09754 80 2 25 10 37919 0 
-20.1703 22.9169 0.241805 0.344171 3.09754 80 2 25 10 37920 0 
-20.1588 22.9169 0.241827 0.344171 3.09754 80 2 25 10 37921 0 
-20.1474 22.917 0.24185 0.344171 3.09754 80 2 25 10 37922 0 
-20.1359 22.917 0.241872 0.344171 3.09754 80 2 25 10 37923 0 
-20.1244 22.9171 0.241895 0.344171 3.09754 80 2 25 10 37924 0 
-20.113 22.9171 0.241917 0.344171 3.09754 80 2 25 10 37925 0 
-20.1015 22.9172 0.24194 0.344171 3.09754 80 2 25 10 37926 0 
-20.09 22.9172 0.241962 0.344171 3.09754 80 2 25 10 37927 0 
-20.0785 22.9172 0.241985 0.344171 3.09754 80 2 25 10 37928 0 
-20.0671 22.9173 0.242008 0.344171 3.09754 80 2 25 10 37929 0 
-20.0556 22.9173 0.24203 0.344171 3.09754 80 2 25 10 37930 0 
-20.0441 22.9174 0.242053 0.344171 3.09754 80 2 25 10 37931 0 
-20.0326 22.9174 0.242075 0.344171 3.09754 80 2 25 10 37932 0 
-20.0212 22.9175 0.242098 0.344171 3.09754 80 2 25 10 37933 0 
-20.0097 22.9175 0.242121 0.344171 3.09754 80 2 25 10 37934 0 
-19.9982 22.9176 0.242143 0.344171 3.09754 80 2 25 10 37935 0 
-19.9868 22.9176 0.242166 0.344171 3.09754 80 2 25 10 37936 0 
-19.9753 22.9177 0.242188 0.344171 3.09754 80 2 25 10 37937 0 
-19.9638 22.9177 0.242211 0.344171 3.09754 80 2 25 10 37938 0 
-19.9523 22.9178 0.242234 0.344171 3.09754 80 2 25 10 37939 0 
-19.9409 22.9178 0.242256 0.344171 3.09754 80 2 25 10 37940 0 
-19.9294 22.9179 0.242279 0.344171 3.09754 80 2 25 10 37941 0 
-19.9179 22.9179 0.242302 0.344171 3.09754 80 2 25 10 37942 0 
-19.9064 22.918 0.242324 0.344171 3.09754 80 2 25 10 37943 0 
-19.895 22.918 0.242347 0.344171 3.09754 80 2 25 10 37944 0 
-19.8835 22.9181 0.24237 0.344171 3.09754 80 2 25 10 37945 0 
-19.872 22.9181 0.242392 0.344171 3.09754 80 2 25 10 37946 0 
-19.8606 22.9182 0.242415 0.344171 3.09754 80 2 25 10 37947 0 
-19.8491 22.9182 0.242438 0.344171 3.09754 80 2 25 10 37948 0 
-19.8376 22.9183 0.24246 0.344171 3.09754 80 2 25 10 37949 0 
-19.8261 22.9183 0.242483 0.344171 3.09754 80 2 25 10 37950 0 
-19.8147 22.9183 0.242506 0.344171 3.09754 80 2 25 10 37951 0 
-19.8032 22.9184 0.242528 0.344171 3.09754 80 2 25 10 37952 0 
-19.7917 22.9184 0.242551 0.344171 3.09754 80 2 25 10 37953 0 
-19.7802 22.9185 0.242574 0.344171 3.09754 80 2 25 10 37954 0 
-19.7688 22.9185 0.242597 0.344171 3.09754 80 2 25 10 37955 0 
-19.7573 22.9186 0.242619 0.344171 3.09754 80 2 25 10 37956 0 
-19.7458 22.9186 0.242642 0.344171 3.09754 80 2 25 10 37957 0 
-19.7344 22.9187 0.242665 0.344171 3.09754 80 2 25 10 37958 0 
-19.7229 22.9187 0.242687 0.344171 3.09754 80 2 25 10 37959 0 
-19.7114 22.9188 0.24271 0.344171 3.09754 80 2 25 10 37960 0 
-19.6999 22.9188 0.242733 0.344171 3.09754 80 2 25 10 37961 0 
-19.6885 22.9189 0.242756 0.344171 3.09754 80 2 25 10 37962 0 
-19.677 22.9189 0.242778 0.344171 3.09754 80 2 25 10 37963 0 
-19.6655 22.919 0.242801 0.344171 3.09754 80 2 25 10 37964 0 
-19.654 22.919 0.242824 0.344171 3.09754 80 2 25 10 37965 0 
-19.6426 22.9191 0.242847 0.344171 3.09754 80 2 25 10 37966 0 
-19.6311 22.9191 0.24287 0.344171 3.09754 80 2 25 10 37967 0 
-19.6196 22.9192 0.242892 0.344171 3.09754 80 2 25 10 37968 0 
-19.6082 22.9192 0.242915 0.344171 3.09754 80 2 25 10 37969 0 
-19.5967 22.9193 0.242938 0.344171 3.09754 80 2 25 10 37970 0 
-19.5852 22.9193 0.242961 0.344171 3.09754 80 2 25 10 37971 0 
-19.5737 22.9194 0.242984 0.344171 3.09754 80 2 25 10 37972 0 
-19.5623 22.9194 0.243006 0.344171 3.09754 80 2 25 10 37973 0 
-19.5508 22.9195 0.243029 0.344171 3.09754 80 2 25 10 37974 0 
-19.5393 22.9195 0.243052 0.344171 3.09754 80 2 25 10 37975 0 
-19.5278 22.9196 0.243075 0.344171 3.09754 80 2 25 10 37976 0 
-19.5164 22.9196 0.243098 0.344171 3.09754 80 2 25 10 37977 0 
-19.5049 22.9197 0.24312 0.344171 3.09754 80 2 25 10 37978 0 
-19.4934 22.9197 0.243143 0.344171 3.09754 80 2 25 10 37979 0 
-19.482 22.9198 0.243166 0.344171 3.09754 80 2 25 10 37980 0 
-19.4705 22.9198 0.243189 0.344171 3.09754 80 2 25 10 37981 0 
-19.459 22.9198 0.243212 0.344171 3.09754 80 2 25 10 37982 0 
-19.4475 22.9199 0.243234 0.344171 3.09754 80 2 25 10 37983 0 
-19.4361 22.9199 0.243257 0.344171 3.09754 80 2 25 10 37984 0 
-19.4246 22.92 0.24328 0.344171 3.09754 80 2 25 10 37985 0 
-19.4131 22.92 0.243303 0.344171 3.09754 80 2 25 10 37986 0 
-19.4016 22.9201 0.243326 0.344171 3.09754 80 2 25 10 37987 0 
-19.3902 22.9201 0.243349 0.344171 3.09754 80 2 25 10 37988 0 
-19.3787 22.9202 0.243371 0.344171 3.09754 80 2 25 10 37989 0 
-19.3672 22.9202 0.243394 0.344171 3.09754 80 2 25 10 37990 0 
-19.3558 22.9203 0.243417 0.344171 3.09754 80 2 25 10 37991 0 
-19.3443 22.9203 0.24344 0.344171 3.09754 80 2 25 10 37992 0 
-19.3328 22.9204 0.243463 0.344171 3.09754 80 2 25 10 37993 0 
-19.3213 22.9204 0.243486 0.344171 3.09754 80 2 25 10 37994 0 
-19.3099 22.9205 0.243509 0.344171 3.09754 80 2 25 10 37995 0 
-19.2984 22.9205 0.243531 0.344171 3.09754 80 2 25 10 37996 0 
-19.2869 22.9206 0.243554 0.344171 3.09754 80 2 25 10 37997 0 
-19.2754 22.9206 0.243577 0.344171 3.09754 80 2 25 10 37998 0 
-19.264 22.9207 0.2436 0.344171 3.09754 80 2 25 10 37999 0 
-19.2525 22.9207 0.243623 0.344171 3.09754 80 2 25 10 38000 0 
-19.241 22.9208 0.243646 0.344171 3.09754 80 2 25 10 38001 0 
-19.2296 22.9208 0.243669 0.344171 3.09754 80 2 25 10 38002 0 
-19.2181 22.9209 0.243692 0.344171 3.09754 80 2 25 10 38003 0 
-19.2066 22.9209 0.243714 0.344171 3.09754 80 2 25 10 38004 0 
-19.1951 22.921 0.243737 0.344171 3.09754 80 2 25 10 38005 0 
-19.1837 22.921 0.24376 0.344171 3.09754 80 2 25 10 38006 0 
-19.1722 22.9211 0.243783 0.344171 3.09754 80 2 25 10 38007 0 
-19.1607 22.9211 0.243806 0.344171 3.09754 80 2 25 10 38008 0 
-19.1492 22.9212 0.243829 0.344171 3.09754 80 2 25 10 38009 0 
-19.1378 22.9212 0.243852 0.344171 3.09754 80 2 25 10 38010 0 
-19.1263 22.9213 0.243875 0.344171 3.09754 80 2 25 10 38011 0 
-19.1148 22.9213 0.243898 0.344171 3.09754 80 2 25 10 38012 0 
-19.1034 22.9214 0.24392 0.344171 3.09754 80 2 25 10 38013 0 
-19.0919 22.9214 0.243943 0.344171 3.09754 80 2 25 10 38014 0 
-19.0804 22.9215 0.243966 0.344171 3.09754 80 2 25 10 38015 0 
-19.0689 22.9215 0.243989 0.344171 3.09754 80 2 25 10 38016 0 
-19.0575 22.9216 0.244012 0.344171 3.09754 80 2 25 10 38017 0 
-19.046 22.9216 0.244035 0.344171 3.09754 80 2 25 10 38018 0 
-19.0345 22.9217 0.244058 0.344171 3.09754 80 2 25 10 38019 0 
-19.023 22.9217 0.244081 0.344171 3.09754 80 2 25 10 38020 0 
-19.0116 22.9218 0.244104 0.344171 3.09754 80 2 25 10 38021 0 
-19.0001 22.9218 0.244127 0.344171 3.09754 80 2 25 10 38022 0 
-18.9886 22.9219 0.24415 0.344171 3.09754 80 2 25 10 38023 0 
-18.9772 22.9219 0.244173 0.344171 3.09754 80 2 25 10 38024 0 
-18.9657 22.922 0.244196 0.344171 3.09754 80 2 25 10 38025 0 
-18.9542 22.922 0.244219 0.344171 3.09754 80 2 25 10 38026 0 
-18.9427 22.9221 0.244242 0.344171 3.09754 80 2 25 10 38027 0 
-18.9313 22.9221 0.244265 0.344171 3.09754 80 2 25 10 38028 0 
-18.9198 22.9222 0.244288 0.344171 3.09754 80 2 25 10 38029 0 
-18.9083 22.9222 0.244311 0.344171 3.09754 80 2 25 10 38030 0 
-18.8968 22.9223 0.244334 0.344171 3.09754 80 2 25 10 38031 0 
-18.8854 22.9223 0.244357 0.344171 3.09754 80 2 25 10 38032 0 
-18.8739 22.9224 0.24438 0.344171 3.09754 80 2 25 10 38033 0 
-18.8624 22.9224 0.244402 0.344171 3.09754 80 2 25 10 38034 0 
-18.851 22.9225 0.244425 0.344171 3.09754 80 2 25 10 38035 0 
-18.8395 22.9225 0.244448 0.344171 3.09754 80 2 25 10 38036 0 
-18.828 22.9226 0.244472 0.344171 3.09754 80 2 25 10 38037 0 
-18.8165 22.9226 0.244495 0.344171 3.09754 80 2 25 10 38038 0 
-18.8051 22.9227 0.244518 0.344171 3.09754 80 2 25 10 38039 0 
-18.7936 22.9227 0.244541 0.344171 3.09754 80 2 25 10 38040 0 
-18.7821 22.9228 0.244564 0.344171 3.09754 80 2 25 10 38041 0 
-18.7706 22.9228 0.244587 0.344171 3.09754 80 2 25 10 38042 0 
-18.7592 22.9229 0.24461 0.344171 3.09754 80 2 25 10 38043 0 
-18.7477 22.9229 0.244633 0.344171 3.09754 80 2 25 10 38044 0 
-18.7362 22.923 0.244656 0.344171 3.09754 80 2 25 10 38045 0 
-18.7248 22.923 0.244679 0.344171 3.09754 80 2 25 10 38046 0 
-18.7133 22.9231 0.244702 0.344171 3.09754 80 2 25 10 38047 0 
-18.7018 22.9231 0.244725 0.344171 3.09754 80 2 25 10 38048 0 
-18.6903 22.9232 0.244748 0.344171 3.09754 80 2 25 10 38049 0 
-18.6789 22.9232 0.244771 0.344171 3.09754 80 2 25 10 38050 0 
-18.6674 22.9233 0.244794 0.344171 3.09754 80 2 25 10 38051 0 
-18.6559 22.9233 0.244817 0.344171 3.09754 80 2 25 10 38052 0 
-18.6444 22.9234 0.24484 0.344171 3.09754 80 2 25 10 38053 0 
-18.633 22.9234 0.244863 0.344171 3.09754 80 2 25 10 38054 0 
-18.6215 22.9235 0.244886 0.344171 3.09754 80 2 25 10 38055 0 
-18.61 22.9235 0.244909 0.344171 3.09754 80 2 25 10 38056 0 
-18.5986 22.9236 0.244933 0.344171 3.09754 80 2 25 10 38057 0 
-18.5871 22.9236 0.244956 0.344171 3.09754 80 2 25 10 38058 0 
-18.5756 22.9237 0.244979 0.344171 3.09754 80 2 25 10 38059 0 
-18.5641 22.9237 0.245002 0.344171 3.09754 80 2 25 10 38060 0 
-18.5527 22.9238 0.245025 0.344171 3.09754 80 2 25 10 38061 0 
-18.5412 22.9238 0.245048 0.344171 3.09754 80 2 25 10 38062 0 
-18.5297 22.9239 0.245071 0.344171 3.09754 80 2 25 10 38063 0 
-18.5182 22.9239 0.245094 0.344171 3.09754 80 2 25 10 38064 0 
-18.5068 22.924 0.245117 0.344171 3.09754 80 2 25 10 38065 0 
-18.4953 22.924 0.245141 0.344171 3.09754 80 2 25 10 38066 0 
-18.4838 22.9241 0.245164 0.344171 3.09754 80 2 25 10 38067 0 
-18.4724 22.9241 0.245187 0.344171 3.09754 80 2 25 10 38068 0 
-18.4609 22.9242 0.24521 0.344171 3.09754 80 2 25 10 38069 0 
-18.4494 22.9242 0.245233 0.344171 3.09754 80 2 25 10 38070 0 
-18.4379 22.9243 0.245256 0.344171 3.09754 80 2 25 10 38071 0 
-18.4265 22.9243 0.245279 0.344171 3.09754 80 2 25 10 38072 0 
-18.415 22.9244 0.245303 0.344171 3.09754 80 2 25 10 38073 0 
-18.4035 22.9244 0.245326 0.344171 3.09754 80 2 25 10 38074 0 
-18.392 22.9245 0.245349 0.344171 3.09754 80 2 25 10 38075 0 
-18.3806 22.9245 0.245372 0.344171 3.09754 80 2 25 10 38076 0 
-18.3691 22.9246 0.245395 0.344171 3.09754 80 2 25 10 38077 0 
-18.3576 22.9246 0.245419 0.344171 3.09754 80 2 25 10 38078 0 
-18.3462 22.9247 0.245442 0.344171 3.09754 80 2 25 10 38079 0 
-18.3347 22.9247 0.245465 0.344171 3.09754 80 2 25 10 38080 0 
-18.3232 22.9248 0.245488 0.344171 3.09754 80 2 25 10 38081 0 
-18.3117 22.9248 0.245511 0.344171 3.09754 80 2 25 10 38082 0 
-18.3003 22.9249 0.245535 0.344171 3.09754 80 2 25 10 38083 0 
-18.2888 22.9249 0.245558 0.344171 3.09754 80 2 25 10 38084 0 
-18.2773 22.925 0.245581 0.344171 3.09754 80 2 25 10 38085 0 
-18.2658 22.925 0.245604 0.344171 3.09754 80 2 25 10 38086 0 
-18.2544 22.9251 0.245628 0.344171 3.09754 80 2 25 10 38087 0 
-18.2429 22.9251 0.245651 0.344171 3.09754 80 2 25 10 38088 0 
-18.2314 22.9252 0.245674 0.344171 3.09754 80 2 25 10 38089 0 
-18.22 22.9252 0.245697 0.344171 3.09754 80 2 25 10 38090 0 
-18.2085 22.9253 0.245721 0.344171 3.09754 80 2 25 10 38091 0 
-18.197 22.9253 0.245744 0.344171 3.09754 80 2 25 10 38092 0 
-18.1855 22.9254 0.245767 0.344171 3.09754 80 2 25 10 38093 0 
-18.1741 22.9254 0.24579 0.344171 3.09754 80 2 25 10 38094 0 
-18.1626 22.9255 0.245814 0.344171 3.09754 80 2 25 10 38095 0 
-18.1511 22.9255 0.245837 0.344171 3.09754 80 2 25 10 38096 0 
-18.1396 22.9256 0.24586 0.344171 3.09754 80 2 25 10 38097 0 
-18.1282 22.9256 0.245883 0.344171 3.09754 80 2 25 10 38098 0 
-18.1167 22.9257 0.245907 0.344171 3.09754 80 2 25 10 38099 0 
-18.1052 22.9257 0.24593 0.344171 3.09754 80 2 25 10 38100 0 
-18.0938 22.9258 0.245953 0.344171 3.09754 80 2 25 10 38101 0 
-18.0823 22.9258 0.245977 0.344171 3.09754 80 2 25 10 38102 0 
-18.0708 22.9258 0.246 0.344171 3.09754 80 2 25 10 38103 0 
-18.0593 22.9259 0.246023 0.344171 3.09754 80 2 25 10 38104 0 
-18.0479 22.9259 0.246047 0.344171 3.09754 80 2 25 10 38105 0 
-18.0364 22.926 0.24607 0.344171 3.09754 80 2 25 10 38106 0 
-18.0249 22.926 0.246093 0.344171 3.09754 80 2 25 10 38107 0 
-18.0134 22.9261 0.246117 0.344171 3.09754 80 2 25 10 38108 0 
-18.002 22.9261 0.24614 0.344171 3.09754 80 2 25 10 38109 0 
-17.9905 22.9262 0.246163 0.344171 3.09754 80 2 25 10 38110 0 
-17.979 22.9262 0.246187 0.344171 3.09754 80 2 25 10 38111 0 
-17.9676 22.9263 0.24621 0.344171 3.09754 80 2 25 10 38112 0 
-17.9561 22.9263 0.246233 0.344171 3.09754 80 2 25 10 38113 0 
-17.9446 22.9264 0.246257 0.344171 3.09754 80 2 25 10 38114 0 
-17.9331 22.9264 0.24628 0.344171 3.09754 80 2 25 10 38115 0 
-17.9217 22.9265 0.246304 0.344171 3.09754 80 2 25 10 38116 0 
-17.9102 22.9265 0.246327 0.344171 3.09754 80 2 25 10 38117 0 
-17.8987 22.9266 0.24635 0.344171 3.09754 80 2 25 10 38118 0 
-17.8872 22.9266 0.246374 0.344171 3.09754 80 2 25 10 38119 0 
-17.8758 22.9267 0.246397 0.344171 3.09754 80 2 25 10 38120 0 
-17.8643 22.9267 0.246421 0.344171 3.09754 80 2 25 10 38121 0 
-17.8528 22.9268 0.246444 0.344171 3.09754 80 2 25 10 38122 0 
-17.8414 22.9268 0.246467 0.344171 3.09754 80 2 25 10 38123 0 
-17.8299 22.9269 0.246491 0.344171 3.09754 80 2 25 10 38124 0 
-17.8184 22.9269 0.246514 0.344171 3.09754 80 2 25 10 38125 0 
-17.8069 22.927 0.246538 0.344171 3.09754 80 2 25 10 38126 0 
-17.7955 22.927 0.246561 0.344171 3.09754 80 2 25 10 38127 0 
-17.784 22.9271 0.246585 0.344171 3.09754 80 2 25 10 38128 0 
-17.7725 22.9271 0.246608 0.344171 3.09754 80 2 25 10 38129 0 
-17.761 22.9272 0.246632 0.344171 3.09754 80 2 25 10 38130 0 
-17.7496 22.9272 0.246655 0.344171 3.09754 80 2 25 10 38131 0 
-17.7381 22.9273 0.246679 0.344171 3.09754 80 2 25 10 38132 0 
-17.7266 22.9273 0.246702 0.344171 3.09754 80 2 25 10 38133 0 
-17.7152 22.9274 0.246725 0.344171 3.09754 80 2 25 10 38134 0 
-17.7037 22.9274 0.246749 0.344171 3.09754 80 2 25 10 38135 0 
-17.6922 22.9275 0.246772 0.344171 3.09754 80 2 25 10 38136 0 
-17.6807 22.9275 0.246796 0.344171 3.09754 80 2 25 10 38137 0 
-17.6693 22.9276 0.246819 0.344171 3.09754 80 2 25 10 38138 0 
-17.6578 22.9276 0.246843 0.344171 3.09754 80 2 25 10 38139 0 
-17.6463 22.9277 0.246866 0.344171 3.09754 80 2 25 10 38140 0 
-17.6348 22.9277 0.24689 0.344171 3.09754 80 2 25 10 38141 0 
-17.6234 22.9278 0.246913 0.344171 3.09754 80 2 25 10 38142 0 
-17.6119 22.9278 0.246937 0.344171 3.09754 80 2 25 10 38143 0 
-17.6004 22.9279 0.246961 0.344171 3.09754 80 2 25 10 38144 0 
-17.589 22.9279 0.246984 0.344171 3.09754 80 2 25 10 38145 0 
-17.5775 22.928 0.247008 0.344171 3.09754 80 2 25 10 38146 0 
-17.566 22.928 0.247031 0.344171 3.09754 80 2 25 10 38147 0 
-17.5545 22.9281 0.247055 0.344171 3.09754 80 2 25 10 38148 0 
-17.5431 22.9281 0.247078 0.344171 3.09754 80 2 25 10 38149 0 
-17.5316 22.9282 0.247102 0.344171 3.09754 80 2 25 10 38150 0 
-17.5201 22.9282 0.247125 0.344171 3.09754 80 2 25 10 38151 0 
-17.5086 22.9283 0.247149 0.344171 3.09754 80 2 25 10 38152 0 
-17.4972 22.9283 0.247173 0.344171 3.09754 80 2 25 10 38153 0 
-17.4857 22.9284 0.247196 0.344171 3.09754 80 2 25 10 38154 0 
-17.4742 22.9284 0.24722 0.344171 3.09754 80 2 25 10 38155 0 
-17.4628 22.9285 0.247243 0.344171 3.09754 80 2 25 10 38156 0 
-17.4513 22.9285 0.247267 0.344171 3.09754 80 2 25 10 38157 0 
-17.4398 22.9286 0.247291 0.344171 3.09754 80 2 25 10 38158 0 
-17.4283 22.9286 0.247314 0.344171 3.09754 80 2 25 10 38159 0 
-17.4169 22.9287 0.247338 0.344171 3.09754 80 2 25 10 38160 0 
-17.4054 22.9287 0.247361 0.344171 3.09754 80 2 25 10 38161 0 
-17.3939 22.9288 0.247385 0.344171 3.09754 80 2 25 10 38162 0 
-17.3824 22.9288 0.247409 0.344171 3.09754 80 2 25 10 38163 0 
-17.371 22.9289 0.247432 0.344171 3.09754 80 2 25 10 38164 0 
-17.3595 22.9289 0.247456 0.344171 3.09754 80 2 25 10 38165 0 
-17.348 22.929 0.24748 0.344171 3.09754 80 2 25 10 38166 0 
-17.3366 22.929 0.247503 0.344171 3.09754 80 2 25 10 38167 0 
-17.3251 22.9291 0.247527 0.344171 3.09754 80 2 25 10 38168 0 
-17.3136 22.9291 0.247551 0.344171 3.09754 80 2 25 10 38169 0 
-17.3021 22.9292 0.247574 0.344171 3.09754 80 2 25 10 38170 0 
-17.2907 22.9292 0.247598 0.344171 3.09754 80 2 25 10 38171 0 
-17.2792 22.9293 0.247622 0.344171 3.09754 80 2 25 10 38172 0 
-17.2677 22.9293 0.247645 0.344171 3.09754 80 2 25 10 38173 0 
-17.2562 22.9294 0.247669 0.344171 3.09754 80 2 25 10 38174 0 
-17.2448 22.9294 0.247693 0.344171 3.09754 80 2 25 10 38175 0 
-17.2333 22.9295 0.247717 0.344171 3.09754 80 2 25 10 38176 0 
-17.2218 22.9295 0.24774 0.344171 3.09754 80 2 25 10 38177 0 
-17.2104 22.9296 0.247764 0.344171 3.09754 80 2 25 10 38178 0 
-17.1989 22.9296 0.247788 0.344171 3.09754 80 2 25 10 38179 0 
-17.1874 22.9297 0.247811 0.344171 3.09754 80 2 25 10 38180 0 
-17.1759 22.9297 0.247835 0.344171 3.09754 80 2 25 10 38181 0 
-17.1645 22.9298 0.247859 0.344171 3.09754 80 2 25 10 38182 0 
-17.153 22.9298 0.247883 0.344171 3.09754 80 2 25 10 38183 0 
-17.1415 22.9299 0.247906 0.344171 3.09754 80 2 25 10 38184 0 
-17.13 22.9299 0.24793 0.344171 3.09754 80 2 25 10 38185 0 
-17.1186 22.93 0.247954 0.344171 3.09754 80 2 25 10 38186 0 
-17.1071 22.93 0.247978 0.344171 3.09754 80 2 25 10 38187 0 
-17.0956 22.9301 0.248002 0.344171 3.09754 80 2 25 10 38188 0 
-17.0842 22.9301 0.248025 0.344171 3.09754 80 2 25 10 38189 0 
-17.0727 22.9302 0.248049 0.344171 3.09754 80 2 25 10 38190 0 
-17.0612 22.9302 0.248073 0.344171 3.09754 80 2 25 10 38191 0 
-17.0497 22.9303 0.248097 0.344171 3.09754 80 2 25 10 38192 0 
-17.0383 22.9303 0.24812 0.344171 3.09754 80 2 25 10 38193 0 
-17.0268 22.9304 0.248144 0.344171 3.09754 80 2 25 10 38194 0 
-17.0153 22.9304 0.248168 0.344171 3.09754 80 2 25 10 38195 0 
-17.0038 22.9305 0.248192 0.344171 3.09754 80 2 25 10 38196 0 
-16.9924 22.9305 0.248216 0.344171 3.09754 80 2 25 10 38197 0 
-16.9809 22.9306 0.24824 0.344171 3.09754 80 2 25 10 38198 0 
-16.9694 22.9306 0.248263 0.344171 3.09754 80 2 25 10 38199 0 
-16.958 22.9307 0.248287 0.344171 3.09754 80 2 25 10 38200 0 
-16.9465 22.9307 0.248311 0.344171 3.09754 80 2 25 10 38201 0 
-16.935 22.9308 0.248335 0.344171 3.09754 80 2 25 10 38202 0 
-16.9235 22.9308 0.248359 0.344171 3.09754 80 2 25 10 38203 0 
-16.9121 22.9309 0.248383 0.344171 3.09754 80 2 25 10 38204 0 
-16.9006 22.9309 0.248407 0.344171 3.09754 80 2 25 10 38205 0 
-16.8891 22.931 0.24843 0.344171 3.09754 80 2 25 10 38206 0 
-16.8776 22.931 0.248454 0.344171 3.09754 80 2 25 10 38207 0 
-16.8662 22.9311 0.248478 0.344171 3.09754 80 2 25 10 38208 0 
-16.8547 22.9311 0.248502 0.344171 3.09754 80 2 25 10 38209 0 
-16.8432 22.9312 0.248526 0.344171 3.09754 80 2 25 10 38210 0 
-16.8318 22.9312 0.24855 0.344171 3.09754 80 2 25 10 38211 0 
-16.8203 22.9313 0.248574 0.344171 3.09754 80 2 25 10 38212 0 
-16.8088 22.9313 0.248598 0.344171 3.09754 80 2 25 10 38213 0 
-16.7973 22.9314 0.248622 0.344171 3.09754 80 2 25 10 38214 0 
-16.7859 22.9314 0.248646 0.344171 3.09754 80 2 25 10 38215 0 
-16.7744 22.9315 0.24867 0.344171 3.09754 80 2 25 10 38216 0 
-16.7629 22.9315 0.248693 0.344171 3.09754 80 2 25 10 38217 0 
-16.7514 22.9316 0.248717 0.344171 3.09754 80 2 25 10 38218 0 
-16.74 22.9316 0.248741 0.344171 3.09754 80 2 25 10 38219 0 
-16.7285 22.9317 0.248765 0.344171 3.09754 80 2 25 10 38220 0 
-16.717 22.9317 0.248789 0.344171 3.09754 80 2 25 10 38221 0 
-16.7056 22.9318 0.248813 0.344171 3.09754 80 2 25 10 38222 0 
-16.6941 22.9318 0.248837 0.344171 3.09754 80 2 25 10 38223 0 
-16.6826 22.9319 0.248861 0.344171 3.09754 80 2 25 10 38224 0 
-16.6711 22.9319 0.248885 0.344171 3.09754 80 2 25 10 38225 0 
-16.6597 22.9319 0.248909 0.344171 3.09754 80 2 25 10 38226 0 
-16.6482 22.932 0.248933 0.344171 3.09754 80 2 25 10 38227 0 
-16.6367 22.932 0.248957 0.344171 3.09754 80 2 25 10 38228 0 
-16.6252 22.9321 0.248981 0.344171 3.09754 80 2 25 10 38229 0 
-16.6138 22.9321 0.249005 0.344171 3.09754 80 2 25 10 38230 0 
-16.6023 22.9322 0.249029 0.344171 3.09754 80 2 25 10 38231 0 
-16.5908 22.9322 0.249053 0.344171 3.09754 80 2 25 10 38232 0 
-16.5794 22.9323 0.249077 0.344171 3.09754 80 2 25 10 38233 0 
-16.5679 22.9323 0.249101 0.344171 3.09754 80 2 25 10 38234 0 
-16.5564 22.9324 0.249125 0.344171 3.09754 80 2 25 10 38235 0 
-16.5449 22.9324 0.249149 0.344171 3.09754 80 2 25 10 38236 0 
-16.5335 22.9325 0.249174 0.344171 3.09754 80 2 25 10 38237 0 
-16.522 22.9325 0.249198 0.344171 3.09754 80 2 25 10 38238 0 
-16.5105 22.9326 0.249222 0.344171 3.09754 80 2 25 10 38239 0 
-16.4991 22.9326 0.249246 0.344171 3.09754 80 2 25 10 38240 0 
-16.4876 22.9327 0.24927 0.344171 3.09754 80 2 25 10 38241 0 
-16.4761 22.9327 0.249294 0.344171 3.09754 80 2 25 10 38242 0 
-16.4646 22.9328 0.249318 0.344171 3.09754 80 2 25 10 38243 0 
-16.4532 22.9328 0.249342 0.344171 3.09754 80 2 25 10 38244 0 
-16.4417 22.9329 0.249366 0.344171 3.09754 80 2 25 10 38245 0 
-16.4302 22.9329 0.24939 0.344171 3.09754 80 2 25 10 38246 0 
-16.4187 22.933 0.249414 0.344171 3.09754 80 2 25 10 38247 0 
-16.4073 22.933 0.249438 0.344171 3.09754 80 2 25 10 38248 0 
-16.3958 22.9331 0.249463 0.344171 3.09754 80 2 25 10 38249 0 
-16.3843 22.9331 0.249487 0.344171 3.09754 80 2 25 10 38250 0 
-16.3729 22.9332 0.249511 0.344171 3.09754 80 2 25 10 38251 0 
-16.3614 22.9332 0.249535 0.344171 3.09754 80 2 25 10 38252 0 
-16.3499 22.9333 0.249559 0.344171 3.09754 80 2 25 10 38253 0 
-16.3384 22.9333 0.249583 0.344171 3.09754 80 2 25 10 38254 0 
-16.327 22.9334 0.249607 0.344171 3.09754 80 2 25 10 38255 0 
-16.3155 22.9334 0.249632 0.344171 3.09754 80 2 25 10 38256 0 
-16.304 22.9335 0.249656 0.344171 3.09754 80 2 25 10 38257 0 
-16.2925 22.9335 0.24968 0.344171 3.09754 80 2 25 10 38258 0 
-16.2811 22.9336 0.249704 0.344171 3.09754 80 2 25 10 38259 0 
-16.2696 22.9336 0.249728 0.344171 3.09754 80 2 25 10 38260 0 
-16.2581 22.9337 0.249753 0.344171 3.09754 80 2 25 10 38261 0 
-16.2467 22.9337 0.249777 0.344171 3.09754 80 2 25 10 38262 0 
-16.2352 22.9338 0.249801 0.344171 3.09754 80 2 25 10 38263 0 
-16.2237 22.9338 0.249825 0.344171 3.09754 80 2 25 10 38264 0 
-16.2122 22.9339 0.249849 0.344171 3.09754 80 2 25 10 38265 0 
-16.2008 22.9339 0.249874 0.344171 3.09754 80 2 25 10 38266 0 
-16.1893 22.934 0.249898 0.344171 3.09754 80 2 25 10 38267 0 
-16.1778 22.934 0.249922 0.344171 3.09754 80 2 25 10 38268 0 
-16.1663 22.9341 0.249946 0.344171 3.09754 80 2 25 10 38269 0 
-16.1549 22.9341 0.249971 0.344171 3.09754 80 2 25 10 38270 0 
-16.1434 22.9342 0.249995 0.344171 3.09754 80 2 25 10 38271 0 
-16.1319 22.9342 0.250019 0.344171 3.09754 80 2 25 10 38272 0 
-16.1205 22.9343 0.250043 0.344171 3.09754 80 2 25 10 38273 0 
-16.109 22.9343 0.250068 0.344171 3.09754 80 2 25 10 38274 0 
-16.0975 22.9344 0.250092 0.344171 3.09754 80 2 25 10 38275 0 
-16.086 22.9344 0.250116 0.344171 3.09754 80 2 25 10 38276 0 
-16.0746 22.9345 0.25014 0.344171 3.09754 80 2 25 10 38277 0 
-16.0631 22.9345 0.250165 0.344171 3.09754 80 2 25 10 38278 0 
-16.0516 22.9346 0.250189 0.344171 3.09754 80 2 25 10 38279 0 
-16.0401 22.9346 0.250213 0.344171 3.09754 80 2 25 10 38280 0 
-16.0287 22.9347 0.250238 0.344171 3.09754 80 2 25 10 38281 0 
-16.0172 22.9347 0.250262 0.344171 3.09754 80 2 25 10 38282 0 
-16.0057 22.9348 0.250286 0.344171 3.09754 80 2 25 10 38283 0 
-15.9943 22.9348 0.250311 0.344171 3.09754 80 2 25 10 38284 0 
-15.9828 22.9349 0.250335 0.344171 3.09754 80 2 25 10 38285 0 
-15.9713 22.9349 0.250359 0.344171 3.09754 80 2 25 10 38286 0 
-15.9598 22.935 0.250384 0.344171 3.09754 80 2 25 10 38287 0 
-15.9484 22.935 0.250408 0.344171 3.09754 80 2 25 10 38288 0 
-15.9369 22.9351 0.250432 0.344171 3.09754 80 2 25 10 38289 0 
-15.9254 22.9351 0.250457 0.344171 3.09754 80 2 25 10 38290 0 
-15.9139 22.9352 0.250481 0.344171 3.09754 80 2 25 10 38291 0 
-15.9025 22.9352 0.250506 0.344171 3.09754 80 2 25 10 38292 0 
-15.891 22.9353 0.25053 0.344171 3.09754 80 2 25 10 38293 0 
-15.8795 22.9353 0.250554 0.344171 3.09754 80 2 25 10 38294 0 
-15.8681 22.9354 0.250579 0.344171 3.09754 80 2 25 10 38295 0 
-15.8566 22.9354 0.250603 0.344171 3.09754 80 2 25 10 38296 0 
-15.8451 22.9355 0.250627 0.344171 3.09754 80 2 25 10 38297 0 
-15.8336 22.9355 0.250652 0.344171 3.09754 80 2 25 10 38298 0 
-15.8222 22.9356 0.250676 0.344171 3.09754 80 2 25 10 38299 0 
-15.8107 22.9356 0.250701 0.344171 3.09754 80 2 25 10 38300 0 
-15.7992 22.9357 0.250725 0.344171 3.09754 80 2 25 10 38301 0 
-15.7877 22.9357 0.25075 0.344171 3.09754 80 2 25 10 38302 0 
-15.7763 22.9358 0.250774 0.344171 3.09754 80 2 25 10 38303 0 
-15.7648 22.9358 0.250798 0.344171 3.09754 80 2 25 10 38304 0 
-15.7533 22.9359 0.250823 0.344171 3.09754 80 2 25 10 38305 0 
-15.7419 22.9359 0.250847 0.344171 3.09754 80 2 25 10 38306 0 
-15.7304 22.936 0.250872 0.344171 3.09754 80 2 25 10 38307 0 
-15.7189 22.936 0.250896 0.344171 3.09754 80 2 25 10 38308 0 
-15.7074 22.9361 0.250921 0.344171 3.09754 80 2 25 10 38309 0 
-15.696 22.9361 0.250945 0.344171 3.09754 80 2 25 10 38310 0 
-15.6845 22.9362 0.25097 0.344171 3.09754 80 2 25 10 38311 0 
-15.673 22.9362 0.250994 0.344171 3.09754 80 2 25 10 38312 0 
-15.6615 22.9363 0.251019 0.344171 3.09754 80 2 25 10 38313 0 
-15.6501 22.9363 0.251043 0.344171 3.09754 80 2 25 10 38314 0 
-15.6386 22.9364 0.251068 0.344171 3.09754 80 2 25 10 38315 0 
-15.6271 22.9364 0.251092 0.344171 3.09754 80 2 25 10 38316 0 
-15.6157 22.9365 0.251117 0.344171 3.09754 80 2 25 10 38317 0 
-15.6042 22.9365 0.251141 0.344171 3.09754 80 2 25 10 38318 0 
-15.5927 22.9366 0.251166 0.344171 3.09754 80 2 25 10 38319 0 
-15.5812 22.9366 0.25119 0.344171 3.09754 80 2 25 10 38320 0 
-15.5698 22.9367 0.251215 0.344171 3.09754 80 2 25 10 38321 0 
-15.5583 22.9367 0.25124 0.344171 3.09754 80 2 25 10 38322 0 
-15.5468 22.9368 0.251264 0.344171 3.09754 80 2 25 10 38323 0 
-15.5353 22.9368 0.251289 0.344171 3.09754 80 2 25 10 38324 0 
-15.5239 22.9369 0.251313 0.344171 3.09754 80 2 25 10 38325 0 
-15.5124 22.9369 0.251338 0.344171 3.09754 80 2 25 10 38326 0 
-15.5009 22.937 0.251362 0.344171 3.09754 80 2 25 10 38327 0 
-15.4895 22.937 0.251387 0.344171 3.09754 80 2 25 10 38328 0 
-15.478 22.9371 0.251412 0.344171 3.09754 80 2 25 10 38329 0 
-15.4665 22.9371 0.251436 0.344171 3.09754 80 2 25 10 38330 0 
-15.455 22.9372 0.251461 0.344171 3.09754 80 2 25 10 38331 0 
-15.4436 22.9372 0.251485 0.344171 3.09754 80 2 25 10 38332 0 
-15.4321 22.9373 0.25151 0.344171 3.09754 80 2 25 10 38333 0 
-15.4206 22.9373 0.251535 0.344171 3.09754 80 2 25 10 38334 0 
-15.4091 22.9374 0.251559 0.344171 3.09754 80 2 25 10 38335 0 
-15.3977 22.9374 0.251584 0.344171 3.09754 80 2 25 10 38336 0 
-15.3862 22.9375 0.251609 0.344171 3.09754 80 2 25 10 38337 0 
-15.3747 22.9375 0.251633 0.344171 3.09754 80 2 25 10 38338 0 
-15.3633 22.9376 0.251658 0.344171 3.09754 80 2 25 10 38339 0 
-15.3518 22.9376 0.251683 0.344171 3.09754 80 2 25 10 38340 0 
-15.3403 22.9377 0.251707 0.344171 3.09754 80 2 25 10 38341 0 
-15.3288 22.9377 0.251732 0.344171 3.09754 80 2 25 10 38342 0 
-15.3174 22.9378 0.251757 0.344171 3.09754 80 2 25 10 38343 0 
-15.3059 22.9378 0.251781 0.344171 3.09754 80 2 25 10 38344 0 
-15.2944 22.9379 0.251806 0.344171 3.09754 80 2 25 10 38345 0 
-15.2829 22.9379 0.251831 0.344171 3.09754 80 2 25 10 38346 0 
-15.2715 22.938 0.251855 0.344171 3.09754 80 2 25 10 38347 0 
-15.26 22.938 0.25188 0.344171 3.09754 80 2 25 10 38348 0 
-15.2485 22.938 0.251905 0.344171 3.09754 80 2 25 10 38349 0 
-15.2371 22.9381 0.251929 0.344171 3.09754 80 2 25 10 38350 0 
-15.2256 22.9381 0.251954 0.344171 3.09754 80 2 25 10 38351 0 
-15.2141 22.9382 0.251979 0.344171 3.09754 80 2 25 10 38352 0 
-15.2026 22.9382 0.252004 0.344171 3.09754 80 2 25 10 38353 0 
-15.1912 22.9383 0.252028 0.344171 3.09754 80 2 25 10 38354 0 
-15.1797 22.9383 0.252053 0.344171 3.09754 80 2 25 10 38355 0 
-15.1682 22.9384 0.252078 0.344171 3.09754 80 2 25 10 38356 0 
-15.1567 22.9384 0.252103 0.344171 3.09754 80 2 25 10 38357 0 
-15.1453 22.9385 0.252127 0.344171 3.09754 80 2 25 10 38358 0 
-15.1338 22.9385 0.252152 0.344171 3.09754 80 2 25 10 38359 0 
-15.1223 22.9386 0.252177 0.344171 3.09754 80 2 25 10 38360 0 
-15.1109 22.9386 0.252202 0.344171 3.09754 80 2 25 10 38361 0 
-15.0994 22.9387 0.252227 0.344171 3.09754 80 2 25 10 38362 0 
-15.0879 22.9387 0.252251 0.344171 3.09754 80 2 25 10 38363 0 
-15.0764 22.9388 0.252276 0.344171 3.09754 80 2 25 10 38364 0 
-15.065 22.9388 0.252301 0.344171 3.09754 80 2 25 10 38365 0 
-15.0535 22.9389 0.252326 0.344171 3.09754 80 2 25 10 38366 0 
-15.042 22.9389 0.252351 0.344171 3.09754 80 2 25 10 38367 0 
-15.0305 22.939 0.252376 0.344171 3.09754 80 2 25 10 38368 0 
-15.0191 22.939 0.2524 0.344171 3.09754 80 2 25 10 38369 0 
-15.0076 22.9391 0.252425 0.344171 3.09754 80 2 25 10 38370 0 
-14.9961 22.9391 0.25245 0.344171 3.09754 80 2 25 10 38371 0 
-14.9847 22.9392 0.252475 0.344171 3.09754 80 2 25 10 38372 0 
-14.9732 22.9392 0.2525 0.344171 3.09754 80 2 25 10 38373 0 
-14.9617 22.9393 0.252525 0.344171 3.09754 80 2 25 10 38374 0 
-14.9502 22.9393 0.252549 0.344171 3.09754 80 2 25 10 38375 0 
-14.9388 22.9394 0.252574 0.344171 3.09754 80 2 25 10 38376 0 
-14.9273 22.9394 0.252599 0.344171 3.09754 80 2 25 10 38377 0 
-14.9158 22.9395 0.252624 0.344171 3.09754 80 2 25 10 38378 0 
-14.9043 22.9396 0.252649 0.344171 3.09754 80 2 25 10 38379 0 
-14.8929 22.9396 0.252674 0.344171 3.09754 80 2 25 10 38380 0 
-14.8814 22.9397 0.252699 0.344171 3.09754 80 2 25 10 38381 0 
-14.8699 22.9397 0.252724 0.344171 3.09754 80 2 25 10 38382 0 
-14.8585 22.9398 0.252748 0.344171 3.09754 80 2 25 10 38383 0 
-14.847 22.9398 0.252773 0.344171 3.09754 80 2 25 10 38384 0 
-14.8355 22.9399 0.252798 0.344171 3.09754 80 2 25 10 38385 0 
-14.824 22.9399 0.252823 0.344171 3.09754 80 2 25 10 38386 0 
-14.8126 22.94 0.252848 0.344171 3.09754 80 2 25 10 38387 0 
-14.8011 22.94 0.252873 0.344171 3.09754 80 2 25 10 38388 0 
-14.7896 22.9401 0.252898 0.344171 3.09754 80 2 25 10 38389 0 
-14.7781 22.9401 0.252923 0.344171 3.09754 80 2 25 10 38390 0 
-14.7667 22.9402 0.252948 0.344171 3.09754 80 2 25 10 38391 0 
-14.7552 22.9402 0.252973 0.344171 3.09754 80 2 25 10 38392 0 
-14.7437 22.9403 0.252997 0.344171 3.09754 80 2 25 10 38393 0 
-14.7323 22.9403 0.253022 0.344171 3.09754 80 2 25 10 38394 0 
-14.7208 22.9404 0.253047 0.344171 3.09754 80 2 25 10 38395 0 
-14.7093 22.9404 0.253072 0.344171 3.09754 80 2 25 10 38396 0 
-14.6978 22.9405 0.253097 0.344171 3.09754 80 2 25 10 38397 0 
-14.6864 22.9405 0.253122 0.344171 3.09754 80 2 25 10 38398 0 
-14.6749 22.9406 0.253147 0.344171 3.09754 80 2 25 10 38399 0 
-14.6634 22.9406 0.253172 0.344171 3.09754 80 2 25 10 38400 0 
-14.6519 22.9407 0.253197 0.344171 3.09754 80 2 25 10 38401 0 
-14.6405 22.9407 0.253222 0.344171 3.09754 80 2 25 10 38402 0 
-14.629 22.9408 0.253247 0.344171 3.09754 80 2 25 10 38403 0 
-14.6175 22.9408 0.253272 0.344171 3.09754 80 2 25 10 38404 0 
-14.6061 22.9409 0.253297 0.344171 3.09754 80 2 25 10 38405 0 
-14.5946 22.9409 0.253322 0.344171 3.09754 80 2 25 10 38406 0 
-14.5831 22.941 0.253347 0.344171 3.09754 80 2 25 10 38407 0 
-14.5716 22.941 0.253372 0.344171 3.09754 80 2 25 10 38408 0 
-14.5602 22.9411 0.253397 0.344171 3.09754 80 2 25 10 38409 0 
-14.5487 22.9411 0.253422 0.344171 3.09754 80 2 25 10 38410 0 
-14.5372 22.9412 0.253447 0.344171 3.09754 80 2 25 10 38411 0 
-14.5257 22.9413 0.253471 0.344171 3.09754 80 2 25 10 38412 0 
-14.5143 22.9413 0.253496 0.344171 3.09754 80 2 25 10 38413 0 
-14.5028 22.9414 0.253521 0.344171 3.09754 80 2 25 10 38414 0 
-14.4913 22.9414 0.253546 0.344171 3.09754 80 2 25 10 38415 0 
-14.4799 22.9415 0.253571 0.344171 3.09754 80 2 25 10 38416 0 
-14.4684 22.9415 0.253596 0.344171 3.09754 80 2 25 10 38417 0 
-14.4569 22.9416 0.253621 0.344171 3.09754 80 2 25 10 38418 0 
-14.4454 22.9416 0.253646 0.344171 3.09754 80 2 25 10 38419 0 
-14.434 22.9417 0.253671 0.344171 3.09754 80 2 25 10 38420 0 
-14.4225 22.9417 0.253697 0.344171 3.09754 80 2 25 10 38421 0 
-14.411 22.9418 0.253722 0.344171 3.09754 80 2 25 10 38422 0 
-14.3995 22.9418 0.253747 0.344171 3.09754 80 2 25 10 38423 0 
-14.3881 22.9419 0.253772 0.344171 3.09754 80 2 25 10 38424 0 
-14.3766 22.9419 0.253797 0.344171 3.09754 80 2 25 10 38425 0 
-14.3651 22.942 0.253822 0.344171 3.09754 80 2 25 10 38426 0 
-14.3537 22.942 0.253847 0.344171 3.09754 80 2 25 10 38427 0 
-14.3422 22.9421 0.253872 0.344171 3.09754 80 2 25 10 38428 0 
-14.3307 22.9421 0.253897 0.344171 3.09754 80 2 25 10 38429 0 
-14.3192 22.9422 0.253922 0.344171 3.09754 80 2 25 10 38430 0 
-14.3078 22.9422 0.253947 0.344171 3.09754 80 2 25 10 38431 0 
-14.2963 22.9423 0.253972 0.344171 3.09754 80 2 25 10 38432 0 
-14.2848 22.9423 0.253997 0.344171 3.09754 80 2 25 10 38433 0 
-14.2733 22.9424 0.254022 0.344171 3.09754 80 2 25 10 38434 0 
-14.2619 22.9424 0.254047 0.344171 3.09754 80 2 25 10 38435 0 
-14.2504 22.9425 0.254072 0.344171 3.09754 80 2 25 10 38436 0 
-14.2389 22.9425 0.254098 0.344171 3.09754 80 2 25 10 38437 0 
-14.2275 22.9426 0.254123 0.344171 3.09754 80 2 25 10 38438 0 
-14.216 22.9426 0.254148 0.344171 3.09754 80 2 25 10 38439 0 
-14.2045 22.9427 0.254173 0.344171 3.09754 80 2 25 10 38440 0 
-14.193 22.9427 0.254198 0.344171 3.09754 80 2 25 10 38441 0 
-14.1816 22.9428 0.254223 0.344171 3.09754 80 2 25 10 38442 0 
-14.1701 22.9428 0.254248 0.344171 3.09754 80 2 25 10 38443 0 
-14.1586 22.9429 0.254273 0.344171 3.09754 80 2 25 10 38444 0 
-14.1471 22.943 0.254298 0.344171 3.09754 80 2 25 10 38445 0 
-14.1357 22.943 0.254324 0.344171 3.09754 80 2 25 10 38446 0 
-14.1242 22.9431 0.254349 0.344171 3.09754 80 2 25 10 38447 0 
-14.1127 22.9431 0.254374 0.344171 3.09754 80 2 25 10 38448 0 
-14.1013 22.9432 0.254399 0.344171 3.09754 80 2 25 10 38449 0 
-14.0898 22.9432 0.254424 0.344171 3.09754 80 2 25 10 38450 0 
-14.0783 22.9433 0.254449 0.344171 3.09754 80 2 25 10 38451 0 
-14.0668 22.9433 0.254475 0.344171 3.09754 80 2 25 10 38452 0 
-14.0554 22.9434 0.2545 0.344171 3.09754 80 2 25 10 38453 0 
-14.0439 22.9434 0.254525 0.344171 3.09754 80 2 25 10 38454 0 
-14.0324 22.9435 0.25455 0.344171 3.09754 80 2 25 10 38455 0 
-14.0209 22.9435 0.254575 0.344171 3.09754 80 2 25 10 38456 0 
-14.0095 22.9436 0.254601 0.344171 3.09754 80 2 25 10 38457 0 
-13.998 22.9436 0.254626 0.344171 3.09754 80 2 25 10 38458 0 
-13.9865 22.9437 0.254651 0.344171 3.09754 80 2 25 10 38459 0 
-13.9751 22.9437 0.254676 0.344171 3.09754 80 2 25 10 38460 0 
-13.9636 22.9438 0.254701 0.344171 3.09754 80 2 25 10 38461 0 
-13.9521 22.9438 0.254727 0.344171 3.09754 80 2 25 10 38462 0 
-13.9406 22.9439 0.254752 0.344171 3.09754 80 2 25 10 38463 0 
-13.9292 22.9439 0.254777 0.344171 3.09754 80 2 25 10 38464 0 
-13.9177 22.944 0.254802 0.344171 3.09754 80 2 25 10 38465 0 
-13.9062 22.944 0.254828 0.344171 3.09754 80 2 25 10 38466 0 
-13.8947 22.9441 0.254853 0.344171 3.09754 80 2 25 10 38467 0 
-13.8833 22.9441 0.254878 0.344171 3.09754 80 2 25 10 38468 0 
-13.8718 22.9442 0.254903 0.344171 3.09754 80 2 25 10 38469 0 
-13.8603 22.9442 0.254929 0.344171 3.09754 80 2 25 10 38470 0 
-13.8489 22.9443 0.254954 0.344171 3.09754 80 2 25 10 38471 0 
-13.8374 22.9443 0.254979 0.344171 3.09754 80 2 25 10 38472 0 
-13.8259 22.9444 0.255004 0.344171 3.09754 80 2 25 10 38473 0 
-13.8144 22.9444 0.25503 0.344171 3.09754 80 2 25 10 38474 0 
-13.803 22.9445 0.255055 0.344171 3.09754 80 2 25 10 38475 0 
-13.7915 22.9445 0.25508 0.344171 3.09754 80 2 25 10 38476 0 
-13.78 22.9446 0.255106 0.344171 3.09754 80 2 25 10 38477 0 
-13.7685 22.9447 0.255131 0.344171 3.09754 80 2 25 10 38478 0 
-13.7571 22.9447 0.255156 0.344171 3.09754 80 2 25 10 38479 0 
-13.7456 22.9448 0.255182 0.344171 3.09754 80 2 25 10 38480 0 
-13.7341 22.9448 0.255207 0.344171 3.09754 80 2 25 10 38481 0 
-13.7227 22.9449 0.255232 0.344171 3.09754 80 2 25 10 38482 0 
-13.7112 22.9449 0.255258 0.344171 3.09754 80 2 25 10 38483 0 
-13.6997 22.945 0.255283 0.344171 3.09754 80 2 25 10 38484 0 
-13.6882 22.945 0.255308 0.344171 3.09754 80 2 25 10 38485 0 
-13.6768 22.9451 0.255334 0.344171 3.09754 80 2 25 10 38486 0 
-13.6653 22.9451 0.255359 0.344171 3.09754 80 2 25 10 38487 0 
-13.6538 22.9452 0.255384 0.344171 3.09754 80 2 25 10 38488 0 
-13.6423 22.9452 0.25541 0.344171 3.09754 80 2 25 10 38489 0 
-13.6309 22.9453 0.255435 0.344171 3.09754 80 2 25 10 38490 0 
-13.6194 22.9453 0.255461 0.344171 3.09754 80 2 25 10 38491 0 
-13.6079 22.9454 0.255486 0.344171 3.09754 80 2 25 10 38492 0 
-13.5965 22.9454 0.255511 0.344171 3.09754 80 2 25 10 38493 0 
-13.585 22.9455 0.255537 0.344171 3.09754 80 2 25 10 38494 0 
-13.5735 22.9455 0.255562 0.344171 3.09754 80 2 25 10 38495 0 
-13.562 22.9456 0.255588 0.344171 3.09754 80 2 25 10 38496 0 
-13.5506 22.9456 0.255613 0.344171 3.09754 80 2 25 10 38497 0 
-13.5391 22.9457 0.255638 0.344171 3.09754 80 2 25 10 38498 0 
-13.5276 22.9457 0.255664 0.344171 3.09754 80 2 25 10 38499 0 
-13.5161 22.9458 0.255689 0.344171 3.09754 80 2 25 10 38500 0 
-13.5047 22.9458 0.255715 0.344171 3.09754 80 2 25 10 38501 0 
-13.4932 22.9459 0.25574 0.344171 3.09754 80 2 25 10 38502 0 
-13.4817 22.9459 0.255766 0.344171 3.09754 80 2 25 10 38503 0 
-13.4703 22.946 0.255791 0.344171 3.09754 80 2 25 10 38504 0 
-13.4588 22.946 0.255817 0.344171 3.09754 80 2 25 10 38505 0 
-13.4473 22.9461 0.255842 0.344171 3.09754 80 2 25 10 38506 0 
-13.4358 22.9461 0.255868 0.344171 3.09754 80 2 25 10 38507 0 
-13.4244 22.9462 0.255893 0.344171 3.09754 80 2 25 10 38508 0 
-13.4129 22.9462 0.255919 0.344171 3.09754 80 2 25 10 38509 0 
-13.4014 22.9463 0.255944 0.344171 3.09754 80 2 25 10 38510 0 
-13.3899 22.9464 0.25597 0.344171 3.09754 80 2 25 10 38511 0 
-13.3785 22.9464 0.255995 0.344171 3.09754 80 2 25 10 38512 0 
-13.367 22.9465 0.256021 0.344171 3.09754 80 2 25 10 38513 0 
-13.3555 22.9465 0.256046 0.344171 3.09754 80 2 25 10 38514 0 
-13.3441 22.9466 0.256072 0.344171 3.09754 80 2 25 10 38515 0 
-13.3326 22.9466 0.256097 0.344171 3.09754 80 2 25 10 38516 0 
-13.3211 22.9467 0.256123 0.344171 3.09754 80 2 25 10 38517 0 
-13.3096 22.9467 0.256148 0.344171 3.09754 80 2 25 10 38518 0 
-13.2982 22.9468 0.256174 0.344171 3.09754 80 2 25 10 38519 0 
-13.2867 22.9468 0.256199 0.344171 3.09754 80 2 25 10 38520 0 
-13.2752 22.9469 0.256225 0.344171 3.09754 80 2 25 10 38521 0 
-13.2637 22.9469 0.256251 0.344171 3.09754 80 2 25 10 38522 0 
-13.2523 22.947 0.256276 0.344171 3.09754 80 2 25 10 38523 0 
-13.2408 22.947 0.256302 0.344171 3.09754 80 2 25 10 38524 0 
-13.2293 22.9471 0.256327 0.344171 3.09754 80 2 25 10 38525 0 
-13.2179 22.9471 0.256353 0.344171 3.09754 80 2 25 10 38526 0 
-13.2064 22.9472 0.256378 0.344171 3.09754 80 2 25 10 38527 0 
-13.1949 22.9472 0.256404 0.344171 3.09754 80 2 25 10 38528 0 
-13.1834 22.9473 0.25643 0.344171 3.09754 80 2 25 10 38529 0 
-13.172 22.9473 0.256455 0.344171 3.09754 80 2 25 10 38530 0 
-13.1605 22.9474 0.256481 0.344171 3.09754 80 2 25 10 38531 0 
-13.149 22.9474 0.256507 0.344171 3.09754 80 2 25 10 38532 0 
-13.1375 22.9475 0.256532 0.344171 3.09754 80 2 25 10 38533 0 
-13.1261 22.9475 0.256558 0.344171 3.09754 80 2 25 10 38534 0 
-13.1146 22.9476 0.256584 0.344171 3.09754 80 2 25 10 38535 0 
-13.1031 22.9476 0.256609 0.344171 3.09754 80 2 25 10 38536 0 
-13.0917 22.9477 0.256635 0.344171 3.09754 80 2 25 10 38537 0 
-13.0802 22.9477 0.25666 0.344171 3.09754 80 2 25 10 38538 0 
-13.0687 22.9478 0.256686 0.344171 3.09754 80 2 25 10 38539 0 
-13.0572 22.9478 0.256712 0.344171 3.09754 80 2 25 10 38540 0 
-13.0458 22.9479 0.256738 0.344171 3.09754 80 2 25 10 38541 0 
-13.0343 22.9479 0.256763 0.344171 3.09754 80 2 25 10 38542 0 
-13.0228 22.948 0.256789 0.344171 3.09754 80 2 25 10 38543 0 
-13.0113 22.948 0.256815 0.344171 3.09754 80 2 25 10 38544 0 
-12.9999 22.9481 0.25684 0.344171 3.09754 80 2 25 10 38545 0 
-12.9884 22.9482 0.256866 0.344171 3.09754 80 2 25 10 38546 0 
-12.9769 22.9482 0.256892 0.344171 3.09754 80 2 25 10 38547 0 
-12.9655 22.9483 0.256918 0.344171 3.09754 80 2 25 10 38548 0 
-12.954 22.9483 0.256943 0.344171 3.09754 80 2 25 10 38549 0 
-12.9425 22.9484 0.256969 0.344171 3.09754 80 2 25 10 38550 0 
-12.931 22.9484 0.256995 0.344171 3.09754 80 2 25 10 38551 0 
-12.9196 22.9485 0.257021 0.344171 3.09754 80 2 25 10 38552 0 
-12.9081 22.9485 0.257046 0.344171 3.09754 80 2 25 10 38553 0 
-12.8966 22.9486 0.257072 0.344171 3.09754 80 2 25 10 38554 0 
-12.8851 22.9486 0.257098 0.344171 3.09754 80 2 25 10 38555 0 
-12.8737 22.9487 0.257124 0.344171 3.09754 80 2 25 10 38556 0 
-12.8622 22.9487 0.257149 0.344171 3.09754 80 2 25 10 38557 0 
-12.8507 22.9488 0.257175 0.344171 3.09754 80 2 25 10 38558 0 
-12.8393 22.9488 0.257201 0.344171 3.09754 80 2 25 10 38559 0 
-12.8278 22.9489 0.257227 0.344171 3.09754 80 2 25 10 38560 0 
-12.8163 22.9489 0.257253 0.344171 3.09754 80 2 25 10 38561 0 
-12.8048 22.949 0.257278 0.344171 3.09754 80 2 25 10 38562 0 
-12.7934 22.949 0.257304 0.344171 3.09754 80 2 25 10 38563 0 
-12.7819 22.9491 0.25733 0.344171 3.09754 80 2 25 10 38564 0 
-12.7704 22.9491 0.257356 0.344171 3.09754 80 2 25 10 38565 0 
-12.7589 22.9492 0.257382 0.344171 3.09754 80 2 25 10 38566 0 
-12.7475 22.9492 0.257408 0.344171 3.09754 80 2 25 10 38567 0 
-12.736 22.9493 0.257434 0.344171 3.09754 80 2 25 10 38568 0 
-12.7245 22.9493 0.257459 0.344171 3.09754 80 2 25 10 38569 0 
-12.7131 22.9494 0.257485 0.344171 3.09754 80 2 25 10 38570 0 
-12.7016 22.9494 0.257511 0.344171 3.09754 80 2 25 10 38571 0 
-12.6901 22.9495 0.257537 0.344171 3.09754 80 2 25 10 38572 0 
-12.6786 22.9495 0.257563 0.344171 3.09754 80 2 25 10 38573 0 
-12.6672 22.9496 0.257589 0.344171 3.09754 80 2 25 10 38574 0 
-12.6557 22.9496 0.257615 0.344171 3.09754 80 2 25 10 38575 0 
-12.6442 22.9497 0.257641 0.344171 3.09754 80 2 25 10 38576 0 
-12.6327 22.9497 0.257667 0.344171 3.09754 80 2 25 10 38577 0 
-12.6213 22.9498 0.257692 0.344171 3.09754 80 2 25 10 38578 0 
-12.6098 22.9499 0.257718 0.344171 3.09754 80 2 25 10 38579 0 
-12.5983 22.9499 0.257744 0.344171 3.09754 80 2 25 10 38580 0 
-12.5869 22.95 0.25777 0.344171 3.09754 80 2 25 10 38581 0 
-12.5754 22.95 0.257796 0.344171 3.09754 80 2 25 10 38582 0 
-12.5639 22.9501 0.257822 0.344171 3.09754 80 2 25 10 38583 0 
-12.5524 22.9501 0.257848 0.344171 3.09754 80 2 25 10 38584 0 
-12.541 22.9502 0.257874 0.344171 3.09754 80 2 25 10 38585 0 
-12.5295 22.9502 0.2579 0.344171 3.09754 80 2 25 10 38586 0 
-12.518 22.9503 0.257926 0.344171 3.09754 80 2 25 10 38587 0 
-12.5065 22.9503 0.257952 0.344171 3.09754 80 2 25 10 38588 0 
-12.4951 22.9504 0.257978 0.344171 3.09754 80 2 25 10 38589 0 
-12.4836 22.9504 0.258004 0.344171 3.09754 80 2 25 10 38590 0 
-12.4721 22.9505 0.25803 0.344171 3.09754 80 2 25 10 38591 0 
-12.4607 22.9505 0.258056 0.344171 3.09754 80 2 25 10 38592 0 
-12.4492 22.9506 0.258082 0.344171 3.09754 80 2 25 10 38593 0 
-12.4377 22.9506 0.258108 0.344171 3.09754 80 2 25 10 38594 0 
-12.4262 22.9507 0.258134 0.344171 3.09754 80 2 25 10 38595 0 
-12.4148 22.9507 0.25816 0.344171 3.09754 80 2 25 10 38596 0 
-12.4033 22.9508 0.258186 0.344171 3.09754 80 2 25 10 38597 0 
-12.3918 22.9508 0.258212 0.344171 3.09754 80 2 25 10 38598 0 
-12.3804 22.9509 0.258238 0.344171 3.09754 80 2 25 10 38599 0 
-12.3689 22.9509 0.258264 0.344171 3.09754 80 2 25 10 38600 0 
-12.3574 22.951 0.25829 0.344171 3.09754 80 2 25 10 38601 0 
-12.3459 22.951 0.258317 0.344171 3.09754 80 2 25 10 38602 0 
-12.3345 22.9511 0.258343 0.344171 3.09754 80 2 25 10 38603 0 
-12.323 22.9511 0.258369 0.344171 3.09754 80 2 25 10 38604 0 
-12.3115 22.9512 0.258395 0.344171 3.09754 80 2 25 10 38605 0 
-12.3 22.9512 0.258421 0.344171 3.09754 80 2 25 10 38606 0 
-12.2886 22.9513 0.258447 0.344171 3.09754 80 2 25 10 38607 0 
-12.2771 22.9513 0.258473 0.344171 3.09754 80 2 25 10 38608 0 
-12.2656 22.9514 0.258499 0.344171 3.09754 80 2 25 10 38609 0 
-12.2542 22.9514 0.258525 0.344171 3.09754 80 2 25 10 38610 0 
-12.2427 22.9515 0.258551 0.344171 3.09754 80 2 25 10 38611 0 
-12.2312 22.9516 0.258578 0.344171 3.09754 80 2 25 10 38612 0 
-12.2197 22.9516 0.258604 0.344171 3.09754 80 2 25 10 38613 0 
-12.2083 22.9517 0.25863 0.344171 3.09754 80 2 25 10 38614 0 
-12.1968 22.9517 0.258656 0.344171 3.09754 80 2 25 10 38615 0 
-12.1853 22.9518 0.258682 0.344171 3.09754 80 2 25 10 38616 0 
-12.1738 22.9518 0.258708 0.344171 3.09754 80 2 25 10 38617 0 
-12.1624 22.9519 0.258735 0.344171 3.09754 80 2 25 10 38618 0 
-12.1509 22.9519 0.258761 0.344171 3.09754 80 2 25 10 38619 0 
-12.1394 22.952 0.258787 0.344171 3.09754 80 2 25 10 38620 0 
-12.128 22.952 0.258813 0.344171 3.09754 80 2 25 10 38621 0 
-12.1165 22.9521 0.258839 0.344171 3.09754 80 2 25 10 38622 0 
-12.105 22.9521 0.258866 0.344171 3.09754 80 2 25 10 38623 0 
-12.0935 22.9522 0.258892 0.344171 3.09754 80 2 25 10 38624 0 
-12.0821 22.9522 0.258918 0.344171 3.09754 80 2 25 10 38625 0 
-12.0706 22.9523 0.258944 0.344171 3.09754 80 2 25 10 38626 0 
-12.0591 22.9523 0.25897 0.344171 3.09754 80 2 25 10 38627 0 
-12.0476 22.9524 0.258997 0.344171 3.09754 80 2 25 10 38628 0 
-12.0362 22.9524 0.259023 0.344171 3.09754 80 2 25 10 38629 0 
-12.0247 22.9525 0.259049 0.344171 3.09754 80 2 25 10 38630 0 
-12.0132 22.9525 0.259076 0.344171 3.09754 80 2 25 10 38631 0 
-12.0018 22.9526 0.259102 0.344171 3.09754 80 2 25 10 38632 0 
-11.9903 22.9526 0.259128 0.344171 3.09754 80 2 25 10 38633 0 
-11.9788 22.9527 0.259154 0.344171 3.09754 80 2 25 10 38634 0 
-11.9673 22.9527 0.259181 0.344171 3.09754 80 2 25 10 38635 0 
-11.9559 22.9528 0.259207 0.344171 3.09754 80 2 25 10 38636 0 
-11.9444 22.9528 0.259233 0.344171 3.09754 80 2 25 10 38637 0 
-11.9329 22.9529 0.25926 0.344171 3.09754 80 2 25 10 38638 0 
-11.9214 22.9529 0.259286 0.344171 3.09754 80 2 25 10 38639 0 
-11.91 22.953 0.259312 0.344171 3.09754 80 2 25 10 38640 0 
-11.8985 22.953 0.259339 0.344171 3.09754 80 2 25 10 38641 0 
-11.887 22.9531 0.259365 0.344171 3.09754 80 2 25 10 38642 0 
-11.8756 22.9531 0.259391 0.344171 3.09754 80 2 25 10 38643 0 
-11.8641 22.9532 0.259418 0.344171 3.09754 80 2 25 10 38644 0 
-11.8526 22.9533 0.259444 0.344171 3.09754 80 2 25 10 38645 0 
-11.8411 22.9533 0.25947 0.344171 3.09754 80 2 25 10 38646 0 
-11.8297 22.9534 0.259497 0.344171 3.09754 80 2 25 10 38647 0 
-11.8182 22.9534 0.259523 0.344171 3.09754 80 2 25 10 38648 0 
-11.8067 22.9535 0.259549 0.344171 3.09754 80 2 25 10 38649 0 
-11.7952 22.9535 0.259576 0.344171 3.09754 80 2 25 10 38650 0 
-11.7838 22.9536 0.259602 0.344171 3.09754 80 2 25 10 38651 0 
-11.7723 22.9536 0.259629 0.344171 3.09754 80 2 25 10 38652 0 
-11.7608 22.9537 0.259655 0.344171 3.09754 80 2 25 10 38653 0 
-11.7494 22.9537 0.259681 0.344171 3.09754 80 2 25 10 38654 0 
-11.7379 22.9538 0.259708 0.344171 3.09754 80 2 25 10 38655 0 
-11.7264 22.9538 0.259734 0.344171 3.09754 80 2 25 10 38656 0 
-11.7149 22.9539 0.259761 0.344171 3.09754 80 2 25 10 38657 0 
-11.7035 22.9539 0.259787 0.344171 3.09754 80 2 25 10 38658 0 
-11.692 22.954 0.259814 0.344171 3.09754 80 2 25 10 38659 0 
-11.6805 22.954 0.25984 0.344171 3.09754 80 2 25 10 38660 0 
-11.669 22.9541 0.259867 0.344171 3.09754 80 2 25 10 38661 0 
-11.6576 22.9541 0.259893 0.344171 3.09754 80 2 25 10 38662 0 
-11.6461 22.9542 0.25992 0.344171 3.09754 80 2 25 10 38663 0 
-11.6346 22.9542 0.259946 0.344171 3.09754 80 2 25 10 38664 0 
-11.6232 22.9543 0.259973 0.344171 3.09754 80 2 25 10 38665 0 
-11.6117 22.9543 0.259999 0.344171 3.09754 80 2 25 10 38666 0 
-11.6002 22.9544 0.260026 0.344171 3.09754 80 2 25 10 38667 0 
-11.5887 22.9544 0.260052 0.344171 3.09754 80 2 25 10 38668 0 
-11.5773 22.9545 0.260079 0.344171 3.09754 80 2 25 10 38669 0 
-11.5658 22.9545 0.260105 0.344171 3.09754 80 2 25 10 38670 0 
-11.5543 22.9546 0.260132 0.344171 3.09754 80 2 25 10 38671 0 
-11.5428 22.9546 0.260158 0.344171 3.09754 80 2 25 10 38672 0 
-11.5314 22.9547 0.260185 0.344171 3.09754 80 2 25 10 38673 0 
-11.5199 22.9547 0.260211 0.344171 3.09754 80 2 25 10 38674 0 
-11.5084 22.9548 0.260238 0.344171 3.09754 80 2 25 10 38675 0 
-11.497 22.9548 0.260264 0.344171 3.09754 80 2 25 10 38676 0 
-11.4855 22.9549 0.260291 0.344171 3.09754 80 2 25 10 38677 0 
-11.474 22.955 0.260318 0.344171 3.09754 80 2 25 10 38678 0 
-11.4625 22.955 0.260344 0.344171 3.09754 80 2 25 10 38679 0 
-11.4511 22.9551 0.260371 0.344171 3.09754 80 2 25 10 38680 0 
-11.4396 22.9551 0.260397 0.344171 3.09754 80 2 25 10 38681 0 
-11.4281 22.9552 0.260424 0.344171 3.09754 80 2 25 10 38682 0 
-11.4166 22.9552 0.260451 0.344171 3.09754 80 2 25 10 38683 0 
-11.4052 22.9553 0.260477 0.344171 3.09754 80 2 25 10 38684 0 
-11.3937 22.9553 0.260504 0.344171 3.09754 80 2 25 10 38685 0 
-11.3822 22.9554 0.26053 0.344171 3.09754 80 2 25 10 38686 0 
-11.3708 22.9554 0.260557 0.344171 3.09754 80 2 25 10 38687 0 
-11.3593 22.9555 0.260584 0.344171 3.09754 80 2 25 10 38688 0 
-11.3478 22.9555 0.26061 0.344171 3.09754 80 2 25 10 38689 0 
-11.3363 22.9556 0.260637 0.344171 3.09754 80 2 25 10 38690 0 
-11.3249 22.9556 0.260664 0.344171 3.09754 80 2 25 10 38691 0 
-11.3134 22.9557 0.26069 0.344171 3.09754 80 2 25 10 38692 0 
-11.3019 22.9557 0.260717 0.344171 3.09754 80 2 25 10 38693 0 
-11.2904 22.9558 0.260744 0.344171 3.09754 80 2 25 10 38694 0 
-11.279 22.9558 0.26077 0.344171 3.09754 80 2 25 10 38695 0 
-11.2675 22.9559 0.260797 0.344171 3.09754 80 2 25 10 38696 0 
-11.256 22.9559 0.260824 0.344171 3.09754 80 2 25 10 38697 0 
-11.2446 22.956 0.260851 0.344171 3.09754 80 2 25 10 38698 0 
-11.2331 22.956 0.260877 0.344171 3.09754 80 2 25 10 38699 0 
-11.2216 22.9561 0.260904 0.344171 3.09754 80 2 25 10 38700 0 
-11.2101 22.9561 0.260931 0.344171 3.09754 80 2 25 10 38701 0 
-11.1987 22.9562 0.260957 0.344171 3.09754 80 2 25 10 38702 0 
-11.1872 22.9562 0.260984 0.344171 3.09754 80 2 25 10 38703 0 
-11.1757 22.9563 0.261011 0.344171 3.09754 80 2 25 10 38704 0 
-11.1642 22.9563 0.261038 0.344171 3.09754 80 2 25 10 38705 0 
-11.1528 22.9564 0.261064 0.344171 3.09754 80 2 25 10 38706 0 
-11.1413 22.9564 0.261091 0.344171 3.09754 80 2 25 10 38707 0 
-11.1298 22.9565 0.261118 0.344171 3.09754 80 2 25 10 38708 0 
-11.1184 22.9565 0.261145 0.344171 3.09754 80 2 25 10 38709 0 
-11.1069 22.9566 0.261172 0.344171 3.09754 80 2 25 10 38710 0 
-11.0954 22.9566 0.261198 0.344171 3.09754 80 2 25 10 38711 0 
-11.0839 22.9567 0.261225 0.344171 3.09754 80 2 25 10 38712 0 
-11.0725 22.9568 0.261252 0.344171 3.09754 80 2 25 10 38713 0 
-11.061 22.9568 0.261279 0.344171 3.09754 80 2 25 10 38714 0 
-11.0495 22.9569 0.261306 0.344171 3.09754 80 2 25 10 38715 0 
-11.038 22.9569 0.261333 0.344171 3.09754 80 2 25 10 38716 0 
-11.0266 22.957 0.261359 0.344171 3.09754 80 2 25 10 38717 0 
-11.0151 22.957 0.261386 0.344171 3.09754 80 2 25 10 38718 0 
-11.0036 22.9571 0.261413 0.344171 3.09754 80 2 25 10 38719 0 
-10.9922 22.9571 0.26144 0.344171 3.09754 80 2 25 10 38720 0 
-10.9807 22.9572 0.261467 0.344171 3.09754 80 2 25 10 38721 0 
-10.9692 22.9572 0.261494 0.344171 3.09754 80 2 25 10 38722 0 
-10.9577 22.9573 0.261521 0.344171 3.09754 80 2 25 10 38723 0 
-10.9463 22.9573 0.261548 0.344171 3.09754 80 2 25 10 38724 0 
-10.9348 22.9574 0.261574 0.344171 3.09754 80 2 25 10 38725 0 
-10.9233 22.9574 0.261601 0.344171 3.09754 80 2 25 10 38726 0 
-10.9118 22.9575 0.261628 0.344171 3.09754 80 2 25 10 38727 0 
-10.9004 22.9575 0.261655 0.344171 3.09754 80 2 25 10 38728 0 
-10.8889 22.9576 0.261682 0.344171 3.09754 80 2 25 10 38729 0 
-10.8774 22.9576 0.261709 0.344171 3.09754 80 2 25 10 38730 0 
-10.866 22.9577 0.261736 0.344171 3.09754 80 2 25 10 38731 0 
-10.8545 22.9577 0.261763 0.344171 3.09754 80 2 25 10 38732 0 
-10.843 22.9578 0.26179 0.344171 3.09754 80 2 25 10 38733 0 
-10.8315 22.9578 0.261817 0.344171 3.09754 80 2 25 10 38734 0 
-10.8201 22.9579 0.261844 0.344171 3.09754 80 2 25 10 38735 0 
-10.8086 22.9579 0.261871 0.344171 3.09754 80 2 25 10 38736 0 
-10.7971 22.958 0.261898 0.344171 3.09754 80 2 25 10 38737 0 
-10.7856 22.958 0.261925 0.344171 3.09754 80 2 25 10 38738 0 
-10.7742 22.9581 0.261952 0.344171 3.09754 80 2 25 10 38739 0 
-10.7627 22.9581 0.261979 0.344171 3.09754 80 2 25 10 38740 0 
-10.7512 22.9582 0.262006 0.344171 3.09754 80 2 25 10 38741 0 
-10.7398 22.9583 0.262033 0.344171 3.09754 80 2 25 10 38742 0 
-10.7283 22.9583 0.26206 0.344171 3.09754 80 2 25 10 38743 0 
-10.7168 22.9584 0.262087 0.344171 3.09754 80 2 25 10 38744 0 
-10.7053 22.9584 0.262114 0.344171 3.09754 80 2 25 10 38745 0 
-10.6939 22.9585 0.262141 0.344171 3.09754 80 2 25 10 38746 0 
-10.6824 22.9585 0.262168 0.344171 3.09754 80 2 25 10 38747 0 
-10.6709 22.9586 0.262195 0.344171 3.09754 80 2 25 10 38748 0 
-10.6594 22.9586 0.262222 0.344171 3.09754 80 2 25 10 38749 0 
-10.648 22.9587 0.262249 0.344171 3.09754 80 2 25 10 38750 0 
-10.6365 22.9587 0.262276 0.344171 3.09754 80 2 25 10 38751 0 
-10.625 22.9588 0.262303 0.344171 3.09754 80 2 25 10 38752 0 
-10.6136 22.9588 0.26233 0.344171 3.09754 80 2 25 10 38753 0 
-10.6021 22.9589 0.262357 0.344171 3.09754 80 2 25 10 38754 0 
-10.5906 22.9589 0.262384 0.344171 3.09754 80 2 25 10 38755 0 
-10.5791 22.959 0.262411 0.344171 3.09754 80 2 25 10 38756 0 
-10.5677 22.9591 0.262438 0.344171 3.09754 80 2 25 10 38757 0 
-10.5562 22.9591 0.262465 0.344171 3.09754 80 2 25 10 38758 0 
-10.5447 22.9592 0.262492 0.344171 3.09754 80 2 25 10 38759 0 
-10.5332 22.9592 0.26252 0.344171 3.09754 80 2 25 10 38760 0 
-10.5218 22.9593 0.262547 0.344171 3.09754 80 2 25 10 38761 0 
-10.5103 22.9593 0.262574 0.344171 3.09754 80 2 25 10 38762 0 
-10.4988 22.9594 0.262601 0.344171 3.09754 80 2 25 10 38763 0 
-10.4874 22.9594 0.262628 0.344171 3.09754 80 2 25 10 38764 0 
-10.4759 22.9595 0.262655 0.344171 3.09754 80 2 25 10 38765 0 
-10.4644 22.9595 0.262682 0.344171 3.09754 80 2 25 10 38766 0 
-10.4529 22.9596 0.262709 0.344171 3.09754 80 2 25 10 38767 0 
-10.4415 22.9596 0.262736 0.344171 3.09754 80 2 25 10 38768 0 
-10.43 22.9597 0.262763 0.344171 3.09754 80 2 25 10 38769 0 
-10.4185 22.9597 0.262791 0.344171 3.09754 80 2 25 10 38770 0 
-10.407 22.9598 0.262818 0.344171 3.09754 80 2 25 10 38771 0 
-10.3956 22.9599 0.262845 0.344171 3.09754 80 2 25 10 38772 0 
-10.3841 22.9599 0.262872 0.344171 3.09754 80 2 25 10 38773 0 
-10.3726 22.96 0.262899 0.344171 3.09754 80 2 25 10 38774 0 
-10.3612 22.96 0.262926 0.344171 3.09754 80 2 25 10 38775 0 
-10.3497 22.9601 0.262953 0.344171 3.09754 80 2 25 10 38776 0 
-10.3382 22.9601 0.26298 0.344171 3.09754 80 2 25 10 38777 0 
-10.3267 22.9602 0.263008 0.344171 3.09754 80 2 25 10 38778 0 
-10.3153 22.9602 0.263035 0.344171 3.09754 80 2 25 10 38779 0 
-10.3038 22.9603 0.263062 0.344171 3.09754 80 2 25 10 38780 0 
-10.2923 22.9603 0.263089 0.344171 3.09754 80 2 25 10 38781 0 
-10.2808 22.9604 0.263116 0.344171 3.09754 80 2 25 10 38782 0 
-10.2694 22.9604 0.263143 0.344171 3.09754 80 2 25 10 38783 0 
-10.2579 22.9605 0.263171 0.344171 3.09754 80 2 25 10 38784 0 
-10.2464 22.9605 0.263198 0.344171 3.09754 80 2 25 10 38785 0 
-10.235 22.9606 0.263225 0.344171 3.09754 80 2 25 10 38786 0 
-10.2235 22.9607 0.263252 0.344171 3.09754 80 2 25 10 38787 0 
-10.212 22.9607 0.263279 0.344171 3.09754 80 2 25 10 38788 0 
-10.2005 22.9608 0.263307 0.344171 3.09754 80 2 25 10 38789 0 
-10.1891 22.9608 0.263334 0.344171 3.09754 80 2 25 10 38790 0 
-10.1776 22.9609 0.263361 0.344171 3.09754 80 2 25 10 38791 0 
-10.1661 22.9609 0.263388 0.344171 3.09754 80 2 25 10 38792 0 
-10.1546 22.961 0.263416 0.344171 3.09754 80 2 25 10 38793 0 
-10.1432 22.961 0.263443 0.344171 3.09754 80 2 25 10 38794 0 
-10.1317 22.9611 0.26347 0.344171 3.09754 80 2 25 10 38795 0 
-10.1202 22.9611 0.263497 0.344171 3.09754 80 2 25 10 38796 0 
-10.1088 22.9612 0.263524 0.344171 3.09754 80 2 25 10 38797 0 
-10.0973 22.9612 0.263552 0.344171 3.09754 80 2 25 10 38798 0 
-10.0858 22.9613 0.263579 0.344171 3.09754 80 2 25 10 38799 0 
-10.0743 22.9613 0.263606 0.344171 3.09754 80 2 25 10 38800 0 
-10.0629 22.9614 0.263634 0.344171 3.09754 80 2 25 10 38801 0 
-10.0514 22.9615 0.263661 0.344171 3.09754 80 2 25 10 38802 0 
-10.0399 22.9615 0.263688 0.344171 3.09754 80 2 25 10 38803 0 
-10.0284 22.9616 0.263715 0.344171 3.09754 80 2 25 10 38804 0 
-10.017 22.9616 0.263743 0.344171 3.09754 80 2 25 10 38805 0 
-10.0055 22.9617 0.26377 0.344171 3.09754 80 2 25 10 38806 0 
-9.99403 22.9617 0.263797 0.344171 3.09754 80 2 25 10 38807 0 
-9.98256 22.9618 0.263825 0.344171 3.09754 80 2 25 10 38808 0 
-9.97108 22.9618 0.263852 0.344171 3.09754 80 2 25 10 38809 0 
-9.95961 22.9619 0.263879 0.344171 3.09754 80 2 25 10 38810 0 
-9.94814 22.9619 0.263907 0.344171 3.09754 80 2 25 10 38811 0 
-9.93666 22.962 0.263934 0.344171 3.09754 80 2 25 10 38812 0 
-9.92519 22.962 0.263961 0.344171 3.09754 80 2 25 10 38813 0 
-9.91372 22.9621 0.263989 0.344171 3.09754 80 2 25 10 38814 0 
-9.90225 22.9621 0.264016 0.344171 3.09754 80 2 25 10 38815 0 
-9.89077 22.9622 0.264043 0.344171 3.09754 80 2 25 10 38816 0 
-9.8793 22.9623 0.264071 0.344171 3.09754 80 2 25 10 38817 0 
-9.86783 22.9623 0.264098 0.344171 3.09754 80 2 25 10 38818 0 
-9.85636 22.9624 0.264125 0.344171 3.09754 80 2 25 10 38819 0 
-9.84488 22.9624 0.264153 0.344171 3.09754 80 2 25 10 38820 0 
-9.83341 22.9625 0.26418 0.344171 3.09754 80 2 25 10 38821 0 
-9.82194 22.9625 0.264208 0.344171 3.09754 80 2 25 10 38822 0 
-9.81046 22.9626 0.264235 0.344171 3.09754 80 2 25 10 38823 0 
-9.79899 22.9626 0.264262 0.344171 3.09754 80 2 25 10 38824 0 
-9.78752 22.9627 0.26429 0.344171 3.09754 80 2 25 10 38825 0 
-9.77605 22.9627 0.264317 0.344171 3.09754 80 2 25 10 38826 0 
-9.76457 22.9628 0.264345 0.344171 3.09754 80 2 25 10 38827 0 
-9.7531 22.9628 0.264372 0.344171 3.09754 80 2 25 10 38828 0 
-9.74163 22.9629 0.264399 0.344171 3.09754 80 2 25 10 38829 0 
-9.73016 22.9629 0.264427 0.344171 3.09754 80 2 25 10 38830 0 
-9.71868 22.963 0.264454 0.344171 3.09754 80 2 25 10 38831 0 
-9.70721 22.9631 0.264482 0.344171 3.09754 80 2 25 10 38832 0 
-9.69574 22.9631 0.264509 0.344171 3.09754 80 2 25 10 38833 0 
-9.68427 22.9632 0.264537 0.344171 3.09754 80 2 25 10 38834 0 
-9.67279 22.9632 0.264564 0.344171 3.09754 80 2 25 10 38835 0 
-9.66132 22.9633 0.264592 0.344171 3.09754 80 2 25 10 38836 0 
-9.64985 22.9633 0.264619 0.344171 3.09754 80 2 25 10 38837 0 
-9.63837 22.9634 0.264647 0.344171 3.09754 80 2 25 10 38838 0 
-9.6269 22.9634 0.264674 0.344171 3.09754 80 2 25 10 38839 0 
-9.61543 22.9635 0.264702 0.344171 3.09754 80 2 25 10 38840 0 
-9.60396 22.9635 0.264729 0.344171 3.09754 80 2 25 10 38841 0 
-9.59248 22.9636 0.264757 0.344171 3.09754 80 2 25 10 38842 0 
-9.58101 22.9636 0.264784 0.344171 3.09754 80 2 25 10 38843 0 
-9.56954 22.9637 0.264812 0.344171 3.09754 80 2 25 10 38844 0 
-9.55807 22.9638 0.264839 0.344171 3.09754 80 2 25 10 38845 0 
-9.54659 22.9638 0.264867 0.344171 3.09754 80 2 25 10 38846 0 
-9.53512 22.9639 0.264894 0.344171 3.09754 80 2 25 10 38847 0 
-9.52365 22.9639 0.264922 0.344171 3.09754 80 2 25 10 38848 0 
-9.51217 22.964 0.26495 0.344171 3.09754 80 2 25 10 38849 0 
-9.5007 22.964 0.264977 0.344171 3.09754 80 2 25 10 38850 0 
-9.48923 22.9641 0.265005 0.344171 3.09754 80 2 25 10 38851 0 
-9.47776 22.9641 0.265032 0.344171 3.09754 80 2 25 10 38852 0 
-9.46628 22.9642 0.26506 0.344171 3.09754 80 2 25 10 38853 0 
-9.45481 22.9642 0.265087 0.344171 3.09754 80 2 25 10 38854 0 
-9.44334 22.9643 0.265115 0.344171 3.09754 80 2 25 10 38855 0 
-9.43187 22.9643 0.265143 0.344171 3.09754 80 2 25 10 38856 0 
-9.42039 22.9644 0.26517 0.344171 3.09754 80 2 25 10 38857 0 
-9.40892 22.9644 0.265198 0.344171 3.09754 80 2 25 10 38858 0 
-9.39745 22.9645 0.265226 0.344171 3.09754 80 2 25 10 38859 0 
-9.38597 22.9646 0.265253 0.344171 3.09754 80 2 25 10 38860 0 
-9.3745 22.9646 0.265281 0.344171 3.09754 80 2 25 10 38861 0 
-9.36303 22.9647 0.265308 0.344171 3.09754 80 2 25 10 38862 0 
-9.35156 22.9647 0.265336 0.344171 3.09754 80 2 25 10 38863 0 
-9.34008 22.9648 0.265364 0.344171 3.09754 80 2 25 10 38864 0 
-9.32861 22.9648 0.265391 0.344171 3.09754 80 2 25 10 38865 0 
-9.31714 22.9649 0.265419 0.344171 3.09754 80 2 25 10 38866 0 
-9.30567 22.9649 0.265447 0.344171 3.09754 80 2 25 10 38867 0 
-9.29419 22.965 0.265475 0.344171 3.09754 80 2 25 10 38868 0 
-9.28272 22.965 0.265502 0.344171 3.09754 80 2 25 10 38869 0 
-9.27125 22.9651 0.26553 0.344171 3.09754 80 2 25 10 38870 0 
-9.25978 22.9651 0.265558 0.344171 3.09754 80 2 25 10 38871 0 
-9.2483 22.9652 0.265585 0.344171 3.09754 80 2 25 10 38872 0 
-9.23683 22.9652 0.265613 0.344171 3.09754 80 2 25 10 38873 0 
-9.22536 22.9653 0.265641 0.344171 3.09754 80 2 25 10 38874 0 
-9.21388 22.9654 0.265669 0.344171 3.09754 80 2 25 10 38875 0 
-9.20241 22.9654 0.265696 0.344171 3.09754 80 2 25 10 38876 0 
-9.19094 22.9655 0.265724 0.344171 3.09754 80 2 25 10 38877 0 
-9.17947 22.9655 0.265752 0.344171 3.09754 80 2 25 10 38878 0 
-9.16799 22.9656 0.26578 0.344171 3.09754 80 2 25 10 38879 0 
-9.15652 22.9656 0.265807 0.344171 3.09754 80 2 25 10 38880 0 
-9.14505 22.9657 0.265835 0.344171 3.09754 80 2 25 10 38881 0 
-9.13358 22.9657 0.265863 0.344171 3.09754 80 2 25 10 38882 0 
-9.1221 22.9658 0.265891 0.344171 3.09754 80 2 25 10 38883 0 
-9.11063 22.9658 0.265918 0.344171 3.09754 80 2 25 10 38884 0 
-9.09916 22.9659 0.265946 0.344171 3.09754 80 2 25 10 38885 0 
-9.08768 22.9659 0.265974 0.344171 3.09754 80 2 25 10 38886 0 
-9.07621 22.966 0.266002 0.344171 3.09754 80 2 25 10 38887 0 
-9.06474 22.966 0.26603 0.344171 3.09754 80 2 25 10 38888 0 
-9.05327 22.9661 0.266058 0.344171 3.09754 80 2 25 10 38889 0 
-9.04179 22.9662 0.266085 0.344171 3.09754 80 2 25 10 38890 0 
-9.03032 22.9662 0.266113 0.344171 3.09754 80 2 25 10 38891 0 
-9.01885 22.9663 0.266141 0.344171 3.09754 80 2 25 10 38892 0 
-9.00738 22.9663 0.266169 0.344171 3.09754 80 2 25 10 38893 0 
-8.9959 22.9664 0.266197 0.344171 3.09754 80 2 25 10 38894 0 
-8.98443 22.9664 0.266225 0.344171 3.09754 80 2 25 10 38895 0 
-8.97296 22.9665 0.266253 0.344171 3.09754 80 2 25 10 38896 0 
-8.96148 22.9665 0.266281 0.344171 3.09754 80 2 25 10 38897 0 
-8.95001 22.9666 0.266308 0.344171 3.09754 80 2 25 10 38898 0 
-8.93854 22.9666 0.266336 0.344171 3.09754 80 2 25 10 38899 0 
-8.92707 22.9667 0.266364 0.344171 3.09754 80 2 25 10 38900 0 
-8.91559 22.9667 0.266392 0.344171 3.09754 80 2 25 10 38901 0 
-8.90412 22.9668 0.26642 0.344171 3.09754 80 2 25 10 38902 0 
-8.89265 22.9668 0.266448 0.344171 3.09754 80 2 25 10 38903 0 
-8.88118 22.9669 0.266476 0.344171 3.09754 80 2 25 10 38904 0 
-8.8697 22.967 0.266504 0.344171 3.09754 80 2 25 10 38905 0 
-8.85823 22.967 0.266532 0.344171 3.09754 80 2 25 10 38906 0 
-8.84676 22.9671 0.26656 0.344171 3.09754 80 2 25 10 38907 0 
-8.83529 22.9671 0.266588 0.344171 3.09754 80 2 25 10 38908 0 
-8.82381 22.9672 0.266616 0.344171 3.09754 80 2 25 10 38909 0 
-8.81234 22.9672 0.266644 0.344171 3.09754 80 2 25 10 38910 0 
-8.80087 22.9673 0.266672 0.344171 3.09754 80 2 25 10 38911 0 
-8.78939 22.9673 0.2667 0.344171 3.09754 80 2 25 10 38912 0 
-8.77792 22.9674 0.266728 0.344171 3.09754 80 2 25 10 38913 0 
-8.76645 22.9674 0.266756 0.344171 3.09754 80 2 25 10 38914 0 
-8.75498 22.9675 0.266784 0.344171 3.09754 80 2 25 10 38915 0 
-8.7435 22.9675 0.266812 0.344171 3.09754 80 2 25 10 38916 0 
-8.73203 22.9676 0.26684 0.344171 3.09754 80 2 25 10 38917 0 
-8.72056 22.9676 0.266868 0.344171 3.09754 80 2 25 10 38918 0 
-8.70909 22.9677 0.266896 0.344171 3.09754 80 2 25 10 38919 0 
-8.69761 22.9678 0.266924 0.344171 3.09754 80 2 25 10 38920 0 
-8.68614 22.9678 0.266952 0.344171 3.09754 80 2 25 10 38921 0 
-8.67467 22.9679 0.26698 0.344171 3.09754 80 2 25 10 38922 0 
-8.66319 22.9679 0.267008 0.344171 3.09754 80 2 25 10 38923 0 
-8.65172 22.968 0.267036 0.344171 3.09754 80 2 25 10 38924 0 
-8.64025 22.968 0.267064 0.344171 3.09754 80 2 25 10 38925 0 
-8.62878 22.9681 0.267092 0.344171 3.09754 80 2 25 10 38926 0 
-8.6173 22.9681 0.26712 0.344171 3.09754 80 2 25 10 38927 0 
-8.60583 22.9682 0.267149 0.344171 3.09754 80 2 25 10 38928 0 
-8.59436 22.9682 0.267177 0.344171 3.09754 80 2 25 10 38929 0 
-8.58289 22.9683 0.267205 0.344171 3.09754 80 2 25 10 38930 0 
-8.57141 22.9683 0.267233 0.344171 3.09754 80 2 25 10 38931 0 
-8.55994 22.9684 0.267261 0.344171 3.09754 80 2 25 10 38932 0 
-8.54847 22.9685 0.267289 0.344171 3.09754 80 2 25 10 38933 0 
-8.53699 22.9685 0.267317 0.344171 3.09754 80 2 25 10 38934 0 
-8.52552 22.9686 0.267346 0.344171 3.09754 80 2 25 10 38935 0 
-8.51405 22.9686 0.267374 0.344171 3.09754 80 2 25 10 38936 0 
-8.50258 22.9687 0.267402 0.344171 3.09754 80 2 25 10 38937 0 
-8.4911 22.9687 0.26743 0.344171 3.09754 80 2 25 10 38938 0 
-8.47963 22.9688 0.267458 0.344171 3.09754 80 2 25 10 38939 0 
-8.46816 22.9688 0.267486 0.344171 3.09754 80 2 25 10 38940 0 
-8.45669 22.9689 0.267515 0.344171 3.09754 80 2 25 10 38941 0 
-8.44521 22.9689 0.267543 0.344171 3.09754 80 2 25 10 38942 0 
-8.43374 22.969 0.267571 0.344171 3.09754 80 2 25 10 38943 0 
-8.42227 22.969 0.267599 0.344171 3.09754 80 2 25 10 38944 0 
-8.4108 22.9691 0.267628 0.344171 3.09754 80 2 25 10 38945 0 
-8.39932 22.9691 0.267656 0.344171 3.09754 80 2 25 10 38946 0 
-8.38785 22.9692 0.267684 0.344171 3.09754 80 2 25 10 38947 0 
-8.37638 22.9693 0.267712 0.344171 3.09754 80 2 25 10 38948 0 
-8.3649 22.9693 0.267741 0.344171 3.09754 80 2 25 10 38949 0 
-8.35343 22.9694 0.267769 0.344171 3.09754 80 2 25 10 38950 0 
-8.34196 22.9694 0.267797 0.344171 3.09754 80 2 25 10 38951 0 
-8.33049 22.9695 0.267825 0.344171 3.09754 80 2 25 10 38952 0 
-8.31901 22.9695 0.267854 0.344171 3.09754 80 2 25 10 38953 0 
-8.30754 22.9696 0.267882 0.344171 3.09754 80 2 25 10 38954 0 
-8.29607 22.9696 0.26791 0.344171 3.09754 80 2 25 10 38955 0 
-8.2846 22.9697 0.267939 0.344171 3.09754 80 2 25 10 38956 0 
-8.27312 22.9697 0.267967 0.344171 3.09754 80 2 25 10 38957 0 
-8.26165 22.9698 0.267995 0.344171 3.09754 80 2 25 10 38958 0 
-8.25018 22.9698 0.268024 0.344171 3.09754 80 2 25 10 38959 0 
-8.2387 22.9699 0.268052 0.344171 3.09754 80 2 25 10 38960 0 
-8.22723 22.9699 0.26808 0.344171 3.09754 80 2 25 10 38961 0 
-8.21576 22.97 0.268109 0.344171 3.09754 80 2 25 10 38962 0 
-8.20429 22.9701 0.268137 0.344171 3.09754 80 2 25 10 38963 0 
-8.19281 22.9701 0.268165 0.344171 3.09754 80 2 25 10 38964 0 
-8.18134 22.9702 0.268194 0.344171 3.09754 80 2 25 10 38965 0 
-8.16987 22.9702 0.268222 0.344171 3.09754 80 2 25 10 38966 0 
-8.1584 22.9703 0.268251 0.344171 3.09754 80 2 25 10 38967 0 
-8.14692 22.9703 0.268279 0.344171 3.09754 80 2 25 10 38968 0 
-8.13545 22.9704 0.268307 0.344171 3.09754 80 2 25 10 38969 0 
-8.12398 22.9704 0.268336 0.344171 3.09754 80 2 25 10 38970 0 
-8.1125 22.9705 0.268364 0.344171 3.09754 80 2 25 10 38971 0 
-8.10103 22.9705 0.268393 0.344171 3.09754 80 2 25 10 38972 0 
-8.08956 22.9706 0.268421 0.344171 3.09754 80 2 25 10 38973 0 
-8.07809 22.9706 0.26845 0.344171 3.09754 80 2 25 10 38974 0 
-8.06661 22.9707 0.268478 0.344171 3.09754 80 2 25 10 38975 0 
-8.05514 22.9707 0.268506 0.344171 3.09754 80 2 25 10 38976 0 
-8.04367 22.9708 0.268535 0.344171 3.09754 80 2 25 10 38977 0 
-8.0322 22.9709 0.268563 0.344171 3.09754 80 2 25 10 38978 0 
-8.02072 22.9709 0.268592 0.344171 3.09754 80 2 25 10 38979 0 
-8.00925 22.971 0.26862 0.344171 3.09754 80 2 25 10 38980 0 
-7.99778 22.971 0.268649 0.344171 3.09754 80 2 25 10 38981 0 
-7.98631 22.9711 0.268677 0.344171 3.09754 80 2 25 10 38982 0 
-7.97483 22.9711 0.268706 0.344171 3.09754 80 2 25 10 38983 0 
-7.96336 22.9712 0.268734 0.344171 3.09754 80 2 25 10 38984 0 
-7.95189 22.9712 0.268763 0.344171 3.09754 80 2 25 10 38985 0 
-7.94042 22.9713 0.268791 0.344171 3.09754 80 2 25 10 38986 0 
-7.92895 22.9713 0.26882 0.344171 3.09754 80 2 25 10 38987 0 
-7.91747 22.9714 0.268849 0.344171 3.09754 80 2 25 10 38988 0 
-7.906 22.9714 0.268877 0.344171 3.09754 80 2 25 10 38989 0 
-7.89453 22.9715 0.268906 0.344171 3.09754 80 2 25 10 38990 0 
-7.88306 22.9715 0.268934 0.344171 3.09754 80 2 25 10 38991 0 
-7.87158 22.9716 0.268963 0.344171 3.09754 80 2 25 10 38992 0 
-7.86011 22.9717 0.268991 0.344171 3.09754 80 2 25 10 38993 0 
-7.84864 22.9717 0.26902 0.344171 3.09754 80 2 25 10 38994 0 
-7.83717 22.9718 0.269049 0.344171 3.09754 80 2 25 10 38995 0 
-7.8257 22.9718 0.269077 0.344171 3.09754 80 2 25 10 38996 0 
-7.81422 22.9719 0.269106 0.344171 3.09754 80 2 25 10 38997 0 
-7.80275 22.9719 0.269135 0.344171 3.09754 80 2 25 10 38998 0 
-7.79128 22.972 0.269163 0.344171 3.09754 80 2 25 10 38999 0 
-7.77981 22.972 0.269192 0.344171 3.09754 80 2 25 10 39000 0 
-7.76833 22.9721 0.26922 0.344171 3.09754 80 2 25 10 39001 0 
-7.75686 22.9721 0.269249 0.344171 3.09754 80 2 25 10 39002 0 
-7.74539 22.9722 0.269278 0.344171 3.09754 80 2 25 10 39003 0 
-7.73392 22.9722 0.269306 0.344171 3.09754 80 2 25 10 39004 0 
-7.72245 22.9723 0.269335 0.344171 3.09754 80 2 25 10 39005 0 
-7.71097 22.9723 0.269364 0.344171 3.09754 80 2 25 10 39006 0 
-7.6995 22.9724 0.269393 0.344171 3.09754 80 2 25 10 39007 0 
-7.68803 22.9725 0.269421 0.344171 3.09754 80 2 25 10 39008 0 
-7.67656 22.9725 0.26945 0.344171 3.09754 80 2 25 10 39009 0 
-7.66508 22.9726 0.269479 0.344171 3.09754 80 2 25 10 39010 0 
-7.65361 22.9726 0.269507 0.344171 3.09754 80 2 25 10 39011 0 
-7.64214 22.9727 0.269536 0.344171 3.09754 80 2 25 10 39012 0 
-7.63067 22.9727 0.269565 0.344171 3.09754 80 2 25 10 39013 0 
-7.61919 22.9728 0.269594 0.344171 3.09754 80 2 25 10 39014 0 
-7.60772 22.9728 0.269622 0.344171 3.09754 80 2 25 10 39015 0 
-7.59625 22.9729 0.269651 0.344171 3.09754 80 2 25 10 39016 0 
-7.58478 22.9729 0.26968 0.344171 3.09754 80 2 25 10 39017 0 
-7.57331 22.973 0.269709 0.344171 3.09754 80 2 25 10 39018 0 
-7.56183 22.973 0.269737 0.344171 3.09754 80 2 25 10 39019 0 
-7.55036 22.9731 0.269766 0.344171 3.09754 80 2 25 10 39020 0 
-7.53889 22.9732 0.269795 0.344171 3.09754 80 2 25 10 39021 0 
-7.52742 22.9732 0.269824 0.344171 3.09754 80 2 25 10 39022 0 
-7.51594 22.9733 0.269853 0.344171 3.09754 80 2 25 10 39023 0 
-7.50447 22.9733 0.269882 0.344171 3.09754 80 2 25 10 39024 0 
-7.493 22.9734 0.26991 0.344171 3.09754 80 2 25 10 39025 0 
-7.48153 22.9734 0.269939 0.344171 3.09754 80 2 25 10 39026 0 
-7.47006 22.9735 0.269968 0.344171 3.09754 80 2 25 10 39027 0 
-7.45858 22.9735 0.269997 0.344171 3.09754 80 2 25 10 39028 0 
-7.44711 22.9736 0.270026 0.344171 3.09754 80 2 25 10 39029 0 
-7.43564 22.9736 0.270055 0.344171 3.09754 80 2 25 10 39030 0 
-7.42417 22.9737 0.270083 0.344171 3.09754 80 2 25 10 39031 0 
-7.41269 22.9737 0.270112 0.344171 3.09754 80 2 25 10 39032 0 
-7.40122 22.9738 0.270141 0.344171 3.09754 80 2 25 10 39033 0 
-7.38975 22.9738 0.27017 0.344171 3.09754 80 2 25 10 39034 0 
-7.37828 22.9739 0.270199 0.344171 3.09754 80 2 25 10 39035 0 
-7.36681 22.974 0.270228 0.344171 3.09754 80 2 25 10 39036 0 
-7.35533 22.974 0.270257 0.344171 3.09754 80 2 25 10 39037 0 
-7.34386 22.9741 0.270286 0.344171 3.09754 80 2 25 10 39038 0 
-7.33239 22.9741 0.270315 0.344171 3.09754 80 2 25 10 39039 0 
-7.32092 22.9742 0.270344 0.344171 3.09754 80 2 25 10 39040 0 
-7.30944 22.9742 0.270373 0.344171 3.09754 80 2 25 10 39041 0 
-7.29797 22.9743 0.270402 0.344171 3.09754 80 2 25 10 39042 0 
-7.2865 22.9743 0.270431 0.344171 3.09754 80 2 25 10 39043 0 
-7.27503 22.9744 0.27046 0.344171 3.09754 80 2 25 10 39044 0 
-7.26356 22.9744 0.270489 0.344171 3.09754 80 2 25 10 39045 0 
-7.25208 22.9745 0.270518 0.344171 3.09754 80 2 25 10 39046 0 
-7.24061 22.9745 0.270547 0.344171 3.09754 80 2 25 10 39047 0 
-7.22914 22.9746 0.270576 0.344171 3.09754 80 2 25 10 39048 0 
-7.21767 22.9746 0.270605 0.344171 3.09754 80 2 25 10 39049 0 
-7.20619 22.9747 0.270634 0.344171 3.09754 80 2 25 10 39050 0 
-7.19472 22.9748 0.270663 0.344171 3.09754 80 2 25 10 39051 0 
-7.18325 22.9748 0.270692 0.344171 3.09754 80 2 25 10 39052 0 
-7.17178 22.9749 0.270721 0.344171 3.09754 80 2 25 10 39053 0 
-7.16031 22.9749 0.27075 0.344171 3.09754 80 2 25 10 39054 0 
-7.14883 22.975 0.270779 0.344171 3.09754 80 2 25 10 39055 0 
-7.13736 22.975 0.270808 0.344171 3.09754 80 2 25 10 39056 0 
-7.12589 22.9751 0.270837 0.344171 3.09754 80 2 25 10 39057 0 
-7.11442 22.9751 0.270866 0.344171 3.09754 80 2 25 10 39058 0 
-7.10294 22.9752 0.270895 0.344171 3.09754 80 2 25 10 39059 0 
-7.09147 22.9752 0.270924 0.344171 3.09754 80 2 25 10 39060 0 
-7.08 22.9753 0.270953 0.344171 3.09754 80 2 25 10 39061 0 
-7.06853 22.9753 0.270982 0.344171 3.09754 80 2 25 10 39062 0 
-7.05706 22.9754 0.271012 0.344171 3.09754 80 2 25 10 39063 0 
-7.04558 22.9754 0.271041 0.344171 3.09754 80 2 25 10 39064 0 
-7.03411 22.9755 0.27107 0.344171 3.09754 80 2 25 10 39065 0 
-7.02264 22.9756 0.271099 0.344171 3.09754 80 2 25 10 39066 0 
-7.01117 22.9756 0.271128 0.344171 3.09754 80 2 25 10 39067 0 
-6.99969 22.9757 0.271157 0.344171 3.09754 80 2 25 10 39068 0 
-6.98822 22.9757 0.271186 0.344171 3.09754 80 2 25 10 39069 0 
-6.97675 22.9758 0.271216 0.344171 3.09754 80 2 25 10 39070 0 
-6.96528 22.9758 0.271245 0.344171 3.09754 80 2 25 10 39071 0 
-6.95381 22.9759 0.271274 0.344171 3.09754 80 2 25 10 39072 0 
-6.94233 22.9759 0.271303 0.344171 3.09754 80 2 25 10 39073 0 
-6.93086 22.976 0.271332 0.344171 3.09754 80 2 25 10 39074 0 
-6.91939 22.976 0.271362 0.344171 3.09754 80 2 25 10 39075 0 
-6.90792 22.9761 0.271391 0.344171 3.09754 80 2 25 10 39076 0 
-6.89644 22.9761 0.27142 0.344171 3.09754 80 2 25 10 39077 0 
-6.88497 22.9762 0.271449 0.344171 3.09754 80 2 25 10 39078 0 
-6.8735 22.9762 0.271479 0.344171 3.09754 80 2 25 10 39079 0 
-6.86203 22.9763 0.271508 0.344171 3.09754 80 2 25 10 39080 0 
-6.85056 22.9764 0.271537 0.344171 3.09754 80 2 25 10 39081 0 
-6.83908 22.9764 0.271566 0.344171 3.09754 80 2 25 10 39082 0 
-6.82761 22.9765 0.271596 0.344171 3.09754 80 2 25 10 39083 0 
-6.81614 22.9765 0.271625 0.344171 3.09754 80 2 25 10 39084 0 
-6.80467 22.9766 0.271654 0.344171 3.09754 80 2 25 10 39085 0 
-6.79319 22.9766 0.271683 0.344171 3.09754 80 2 25 10 39086 0 
-6.78172 22.9767 0.271713 0.344171 3.09754 80 2 25 10 39087 0 
-6.77025 22.9767 0.271742 0.344171 3.09754 80 2 25 10 39088 0 
-6.75878 22.9768 0.271771 0.344171 3.09754 80 2 25 10 39089 0 
-6.74731 22.9769 0.271801 0.344171 3.09754 80 2 25 10 39090 0 
-6.73583 22.9769 0.27183 0.344171 3.09754 80 2 25 10 39091 0 
-6.72436 22.977 0.271859 0.344171 3.09754 80 2 25 10 39092 0 
-6.71289 22.977 0.271889 0.344171 3.09754 80 2 25 10 39093 0 
-6.70142 22.9771 0.271918 0.344171 3.09754 80 2 25 10 39094 0 
-6.68994 22.9771 0.271947 0.344171 3.09754 80 2 25 10 39095 0 
-6.67847 22.9772 0.271977 0.344171 3.09754 80 2 25 10 39096 0 
-6.667 22.9772 0.272006 0.344171 3.09754 80 2 25 10 39097 0 
-6.65553 22.9773 0.272035 0.344171 3.09754 80 2 25 10 39098 0 
-6.64406 22.9774 0.272064 0.344171 3.09754 80 2 25 10 39099 0 
-6.63258 22.9774 0.272094 0.344171 3.09754 80 2 25 10 39100 0 
-6.62111 22.9775 0.272123 0.344171 3.09754 80 2 25 10 39101 0 
-6.60964 22.9775 0.272153 0.344171 3.09754 80 2 25 10 39102 0 
-6.59817 22.9776 0.272182 0.344171 3.09754 80 2 25 10 39103 0 
-6.58669 22.9776 0.272211 0.344171 3.09754 80 2 25 10 39104 0 
-6.57522 22.9777 0.272241 0.344171 3.09754 80 2 25 10 39105 0 
-6.56375 22.9777 0.27227 0.344171 3.09754 80 2 25 10 39106 0 
-6.55228 22.9778 0.272299 0.344171 3.09754 80 2 25 10 39107 0 
-6.54081 22.9778 0.272329 0.344171 3.09754 80 2 25 10 39108 0 
-6.52933 22.9779 0.272358 0.344171 3.09754 80 2 25 10 39109 0 
-6.51786 22.978 0.272388 0.344171 3.09754 80 2 25 10 39110 0 
-6.50639 22.978 0.272417 0.344171 3.09754 80 2 25 10 39111 0 
-6.49492 22.9781 0.272446 0.344171 3.09754 80 2 25 10 39112 0 
-6.48344 22.9781 0.272476 0.344171 3.09754 80 2 25 10 39113 0 
-6.47197 22.9782 0.272505 0.344171 3.09754 80 2 25 10 39114 0 
-6.4605 22.9782 0.272535 0.344171 3.09754 80 2 25 10 39115 0 
-6.44903 22.9783 0.272564 0.344171 3.09754 80 2 25 10 39116 0 
-6.43756 22.9783 0.272593 0.344171 3.09754 80 2 25 10 39117 0 
-6.42608 22.9784 0.272623 0.344171 3.09754 80 2 25 10 39118 0 
-6.41461 22.9785 0.272652 0.344171 3.09754 80 2 25 10 39119 0 
-6.40314 22.9785 0.272682 0.344171 3.09754 80 2 25 10 39120 0 
-6.39167 22.9786 0.272711 0.344171 3.09754 80 2 25 10 39121 0 
-6.38019 22.9786 0.272741 0.344171 3.09754 80 2 25 10 39122 0 
-6.36872 22.9787 0.27277 0.344171 3.09754 80 2 25 10 39123 0 
-6.35725 22.9787 0.2728 0.344171 3.09754 80 2 25 10 39124 0 
-6.34578 22.9788 0.272829 0.344171 3.09754 80 2 25 10 39125 0 
-6.33431 22.9788 0.272859 0.344171 3.09754 80 2 25 10 39126 0 
-6.32283 22.9789 0.272888 0.344171 3.09754 80 2 25 10 39127 0 
-6.31136 22.979 0.272918 0.344171 3.09754 80 2 25 10 39128 0 
-6.29989 22.979 0.272947 0.344171 3.09754 80 2 25 10 39129 0 
-6.28842 22.9791 0.272977 0.344171 3.09754 80 2 25 10 39130 0 
-6.27694 22.9791 0.273006 0.344171 3.09754 80 2 25 10 39131 0 
-6.26547 22.9792 0.273036 0.344171 3.09754 80 2 25 10 39132 0 
-6.254 22.9792 0.273065 0.344171 3.09754 80 2 25 10 39133 0 
-6.24253 22.9793 0.273095 0.344171 3.09754 80 2 25 10 39134 0 
-6.23106 22.9793 0.273124 0.344171 3.09754 80 2 25 10 39135 0 
-6.21958 22.9794 0.273154 0.344171 3.09754 80 2 25 10 39136 0 
-6.20811 22.9795 0.273183 0.344171 3.09754 80 2 25 10 39137 0 
-6.19664 22.9795 0.273213 0.344171 3.09754 80 2 25 10 39138 0 
-6.18517 22.9796 0.273242 0.344171 3.09754 80 2 25 10 39139 0 
-6.17369 22.9796 0.273272 0.344171 3.09754 80 2 25 10 39140 0 
-6.16222 22.9797 0.273302 0.344171 3.09754 80 2 25 10 39141 0 
-6.15075 22.9797 0.273331 0.344171 3.09754 80 2 25 10 39142 0 
-6.13928 22.9798 0.273361 0.344171 3.09754 80 2 25 10 39143 0 
-6.12781 22.9798 0.27339 0.344171 3.09754 80 2 25 10 39144 0 
-6.11633 22.9799 0.27342 0.344171 3.09754 80 2 25 10 39145 0 
-6.10486 22.98 0.273449 0.344171 3.09754 80 2 25 10 39146 0 
-6.09339 22.98 0.273479 0.344171 3.09754 80 2 25 10 39147 0 
-6.08192 22.9801 0.273509 0.344171 3.09754 80 2 25 10 39148 0 
-6.07044 22.9801 0.273538 0.344171 3.09754 80 2 25 10 39149 0 
-6.05897 22.9802 0.273568 0.344171 3.09754 80 2 25 10 39150 0 
-6.0475 22.9802 0.273598 0.344171 3.09754 80 2 25 10 39151 0 
-6.03603 22.9803 0.273627 0.344171 3.09754 80 2 25 10 39152 0 
-6.02456 22.9803 0.273657 0.344171 3.09754 80 2 25 10 39153 0 
-6.01308 22.9804 0.273687 0.344171 3.09754 80 2 25 10 39154 0 
-6.00161 22.9804 0.273716 0.344171 3.09754 80 2 25 10 39155 0 
-5.99014 22.9805 0.273746 0.344171 3.09754 80 2 25 10 39156 0 
-5.97867 22.9806 0.273776 0.344171 3.09754 80 2 25 10 39157 0 
-5.96719 22.9806 0.273805 0.344171 3.09754 80 2 25 10 39158 0 
-5.95572 22.9807 0.273835 0.344171 3.09754 80 2 25 10 39159 0 
-5.94425 22.9807 0.273865 0.344171 3.09754 80 2 25 10 39160 0 
-5.93278 22.9808 0.273894 0.344171 3.09754 80 2 25 10 39161 0 
-5.92131 22.9808 0.273924 0.344171 3.09754 80 2 25 10 39162 0 
-5.90983 22.9809 0.273954 0.344171 3.09754 80 2 25 10 39163 0 
-5.89836 22.9809 0.273984 0.344171 3.09754 80 2 25 10 39164 0 
-5.88689 22.981 0.274013 0.344171 3.09754 80 2 25 10 39165 0 
-5.87542 22.9811 0.274043 0.344171 3.09754 80 2 25 10 39166 0 
-5.86394 22.9811 0.274073 0.344171 3.09754 80 2 25 10 39167 0 
-5.85247 22.9812 0.274103 0.344171 3.09754 80 2 25 10 39168 0 
-5.841 22.9812 0.274132 0.344171 3.09754 80 2 25 10 39169 0 
-5.82953 22.9813 0.274162 0.344171 3.09754 80 2 25 10 39170 0 
-5.81806 22.9813 0.274192 0.344171 3.09754 80 2 25 10 39171 0 
-5.80658 22.9814 0.274222 0.344171 3.09754 80 2 25 10 39172 0 
-5.79511 22.9814 0.274251 0.344171 3.09754 80 2 25 10 39173 0 
-5.78364 22.9815 0.274281 0.344171 3.09754 80 2 25 10 39174 0 
-5.77217 22.9816 0.274311 0.344171 3.09754 80 2 25 10 39175 0 
-5.76069 22.9816 0.274341 0.344171 3.09754 80 2 25 10 39176 0 
-5.74922 22.9817 0.274371 0.344171 3.09754 80 2 25 10 39177 0 
-5.73775 22.9817 0.274401 0.344171 3.09754 80 2 25 10 39178 0 
-5.72628 22.9818 0.27443 0.344171 3.09754 80 2 25 10 39179 0 
-5.71481 22.9818 0.27446 0.344171 3.09754 80 2 25 10 39180 0 
-5.70333 22.9819 0.27449 0.344171 3.09754 80 2 25 10 39181 0 
-5.69186 22.9819 0.27452 0.344171 3.09754 80 2 25 10 39182 0 
-5.68039 22.982 0.27455 0.344171 3.09754 80 2 25 10 39183 0 
-5.66892 22.9821 0.27458 0.344171 3.09754 80 2 25 10 39184 0 
-5.65744 22.9821 0.27461 0.344171 3.09754 80 2 25 10 39185 0 
-5.64597 22.9822 0.274639 0.344171 3.09754 80 2 25 10 39186 0 
-5.6345 22.9822 0.274669 0.344171 3.09754 80 2 25 10 39187 0 
-5.62303 22.9823 0.274699 0.344171 3.09754 80 2 25 10 39188 0 
-5.61156 22.9823 0.274729 0.344171 3.09754 80 2 25 10 39189 0 
-5.60008 22.9824 0.274759 0.344171 3.09754 80 2 25 10 39190 0 
-5.58861 22.9824 0.274789 0.344171 3.09754 80 2 25 10 39191 0 
-5.57714 22.9825 0.274819 0.344171 3.09754 80 2 25 10 39192 0 
-5.56567 22.9826 0.274849 0.344171 3.09754 80 2 25 10 39193 0 
-5.55419 22.9826 0.274879 0.344171 3.09754 80 2 25 10 39194 0 
-5.54272 22.9827 0.274909 0.344171 3.09754 80 2 25 10 39195 0 
-5.53125 22.9827 0.274939 0.344171 3.09754 80 2 25 10 39196 0 
-5.51978 22.9828 0.274969 0.344171 3.09754 80 2 25 10 39197 0 
-5.50831 22.9828 0.274999 0.344171 3.09754 80 2 25 10 39198 0 
-5.49683 22.9829 0.275029 0.344171 3.09754 80 2 25 10 39199 0 
-5.48536 22.9829 0.275059 0.344171 3.09754 80 2 25 10 39200 0 
-5.47389 22.983 0.275089 0.344171 3.09754 80 2 25 10 39201 0 
-5.46242 22.983 0.275119 0.344171 3.09754 80 2 25 10 39202 0 
-5.45094 22.9831 0.275149 0.344171 3.09754 80 2 25 10 39203 0 
-5.43947 22.9832 0.275179 0.344171 3.09754 80 2 25 10 39204 0 
-5.428 22.9832 0.275209 0.344171 3.09754 80 2 25 10 39205 0 
-5.41653 22.9833 0.275239 0.344171 3.09754 80 2 25 10 39206 0 
-5.40506 22.9833 0.275269 0.344171 3.09754 80 2 25 10 39207 0 
-5.39358 22.9834 0.275299 0.344171 3.09754 80 2 25 10 39208 0 
-5.38211 22.9834 0.275329 0.344171 3.09754 80 2 25 10 39209 0 
-5.37064 22.9835 0.275359 0.344171 3.09754 80 2 25 10 39210 0 
-5.35917 22.9835 0.275389 0.344171 3.09754 80 2 25 10 39211 0 
-5.34769 22.9836 0.275419 0.344171 3.09754 80 2 25 10 39212 0 
-5.33622 22.9837 0.275449 0.344171 3.09754 80 2 25 10 39213 0 
-5.32475 22.9837 0.275479 0.344171 3.09754 80 2 25 10 39214 0 
-5.31328 22.9838 0.275509 0.344171 3.09754 80 2 25 10 39215 0 
-5.30181 22.9838 0.27554 0.344171 3.09754 80 2 25 10 39216 0 
-5.29033 22.9839 0.27557 0.344171 3.09754 80 2 25 10 39217 0 
-5.27886 22.9839 0.2756 0.344171 3.09754 80 2 25 10 39218 0 
-5.26739 22.984 0.27563 0.344171 3.09754 80 2 25 10 39219 0 
-5.25592 22.984 0.27566 0.344171 3.09754 80 2 25 10 39220 0 
-5.24444 22.9841 0.27569 0.344171 3.09754 80 2 25 10 39221 0 
-5.23297 22.9842 0.27572 0.344171 3.09754 80 2 25 10 39222 0 
-5.2215 22.9842 0.275751 0.344171 3.09754 80 2 25 10 39223 0 
-5.21003 22.9843 0.275781 0.344171 3.09754 80 2 25 10 39224 0 
-5.19856 22.9843 0.275811 0.344171 3.09754 80 2 25 10 39225 0 
-5.18708 22.9844 0.275841 0.344171 3.09754 80 2 25 10 39226 0 
-5.17561 22.9844 0.275871 0.344171 3.09754 80 2 25 10 39227 0 
-5.16414 22.9845 0.275902 0.344171 3.09754 80 2 25 10 39228 0 
-5.15267 22.9845 0.275932 0.344171 3.09754 80 2 25 10 39229 0 
-5.14119 22.9846 0.275962 0.344171 3.09754 80 2 25 10 39230 0 
-5.12972 22.9847 0.275992 0.344171 3.09754 80 2 25 10 39231 0 
-5.11825 22.9847 0.276022 0.344171 3.09754 80 2 25 10 39232 0 
-5.10678 22.9848 0.276053 0.344171 3.09754 80 2 25 10 39233 0 
-5.09531 22.9848 0.276083 0.344171 3.09754 80 2 25 10 39234 0 
-5.08383 22.9849 0.276113 0.344171 3.09754 80 2 25 10 39235 0 
-5.07236 22.9849 0.276143 0.344171 3.09754 80 2 25 10 39236 0 
-5.06089 22.985 0.276174 0.344171 3.09754 80 2 25 10 39237 0 
-5.04942 22.985 0.276204 0.344171 3.09754 80 2 25 10 39238 0 
-5.03794 22.9851 0.276234 0.344171 3.09754 80 2 25 10 39239 0 
-5.02647 22.9852 0.276265 0.344171 3.09754 80 2 25 10 39240 0 
-5.015 22.9852 0.276295 0.344171 3.09754 80 2 25 10 39241 0 
-5.00353 22.9853 0.276325 0.344171 3.09754 80 2 25 10 39242 0 
-4.99206 22.9853 0.276356 0.344171 3.09754 80 2 25 10 39243 0 
-4.98058 22.9854 0.276386 0.344171 3.09754 80 2 25 10 39244 0 
-4.96911 22.9854 0.276416 0.344171 3.09754 80 2 25 10 39245 0 
-4.95764 22.9855 0.276447 0.344171 3.09754 80 2 25 10 39246 0 
-4.94617 22.9855 0.276477 0.344171 3.09754 80 2 25 10 39247 0 
-4.93469 22.9856 0.276507 0.344171 3.09754 80 2 25 10 39248 0 
-4.92322 22.9856 0.276538 0.344171 3.09754 80 2 25 10 39249 0 
-4.91175 22.9857 0.276568 0.344171 3.09754 80 2 25 10 39250 0 
-4.90028 22.9858 0.276599 0.344171 3.09754 80 2 25 10 39251 0 
-4.88881 22.9858 0.276629 0.344171 3.09754 80 2 25 10 39252 0 
-4.87733 22.9859 0.276659 0.344171 3.09754 80 2 25 10 39253 0 
-4.86586 22.9859 0.27669 0.344171 3.09754 80 2 25 10 39254 0 
-4.85439 22.986 0.27672 0.344171 3.09754 80 2 25 10 39255 0 
-4.84292 22.986 0.276751 0.344171 3.09754 80 2 25 10 39256 0 
-4.83144 22.9861 0.276781 0.344171 3.09754 80 2 25 10 39257 0 
-4.81997 22.9861 0.276812 0.344171 3.09754 80 2 25 10 39258 0 
-4.8085 22.9862 0.276842 0.344171 3.09754 80 2 25 10 39259 0 
-4.79703 22.9863 0.276872 0.344171 3.09754 80 2 25 10 39260 0 
-4.78556 22.9863 0.276903 0.344171 3.09754 80 2 25 10 39261 0 
-4.77408 22.9864 0.276933 0.344171 3.09754 80 2 25 10 39262 0 
-4.76261 22.9864 0.276964 0.344171 3.09754 80 2 25 10 39263 0 
-4.75114 22.9865 0.276994 0.344171 3.09754 80 2 25 10 39264 0 
-4.73967 22.9865 0.277025 0.344171 3.09754 80 2 25 10 39265 0 
-4.72819 22.9866 0.277055 0.344171 3.09754 80 2 25 10 39266 0 
-4.71672 22.9866 0.277086 0.344171 3.09754 80 2 25 10 39267 0 
-4.70525 22.9867 0.277116 0.344171 3.09754 80 2 25 10 39268 0 
-4.69378 22.9868 0.277147 0.344171 3.09754 80 2 25 10 39269 0 
-4.68231 22.9868 0.277178 0.344171 3.09754 80 2 25 10 39270 0 
-4.67083 22.9869 0.277208 0.344171 3.09754 80 2 25 10 39271 0 
-4.65936 22.9869 0.277239 0.344171 3.09754 80 2 25 10 39272 0 
-4.64789 22.987 0.277269 0.344171 3.09754 80 2 25 10 39273 0 
-4.63642 22.987 0.2773 0.344171 3.09754 80 2 25 10 39274 0 
-4.62494 22.9871 0.27733 0.344171 3.09754 80 2 25 10 39275 0 
-4.61347 22.9871 0.277361 0.344171 3.09754 80 2 25 10 39276 0 
-4.602 22.9872 0.277392 0.344171 3.09754 80 2 25 10 39277 0 
-4.59053 22.9873 0.277422 0.344171 3.09754 80 2 25 10 39278 0 
-4.57906 22.9873 0.277453 0.344171 3.09754 80 2 25 10 39279 0 
-4.56758 22.9874 0.277483 0.344171 3.09754 80 2 25 10 39280 0 
-4.55611 22.9874 0.277514 0.344171 3.09754 80 2 25 10 39281 0 
-4.54464 22.9875 0.277545 0.344171 3.09754 80 2 25 10 39282 0 
-4.53317 22.9875 0.277575 0.344171 3.09754 80 2 25 10 39283 0 
-4.52169 22.9876 0.277606 0.344171 3.09754 80 2 25 10 39284 0 
-4.51022 22.9876 0.277637 0.344171 3.09754 80 2 25 10 39285 0 
-4.49875 22.9877 0.277667 0.344171 3.09754 80 2 25 10 39286 0 
-4.48728 22.9878 0.277698 0.344171 3.09754 80 2 25 10 39287 0 
-4.47581 22.9878 0.277729 0.344171 3.09754 80 2 25 10 39288 0 
-4.46433 22.9879 0.27776 0.344171 3.09754 80 2 25 10 39289 0 
-4.45286 22.9879 0.27779 0.344171 3.09754 80 2 25 10 39290 0 
-4.44139 22.988 0.277821 0.344171 3.09754 80 2 25 10 39291 0 
-4.42992 22.988 0.277852 0.344171 3.09754 80 2 25 10 39292 0 
-4.41844 22.9881 0.277882 0.344171 3.09754 80 2 25 10 39293 0 
-4.40697 22.9881 0.277913 0.344171 3.09754 80 2 25 10 39294 0 
-4.3955 22.9882 0.277944 0.344171 3.09754 80 2 25 10 39295 0 
-4.38403 22.9882 0.277975 0.344171 3.09754 80 2 25 10 39296 0 
-4.37256 22.9883 0.278005 0.344171 3.09754 80 2 25 10 39297 0 
-4.36108 22.9884 0.278036 0.344171 3.09754 80 2 25 10 39298 0 
-4.34961 22.9884 0.278067 0.344171 3.09754 80 2 25 10 39299 0 
-4.33814 22.9885 0.278098 0.344171 3.09754 80 2 25 10 39300 0 
-4.32667 22.9885 0.278129 0.344171 3.09754 80 2 25 10 39301 0 
-4.31519 22.9886 0.278159 0.344171 3.09754 80 2 25 10 39302 0 
-4.30372 22.9886 0.27819 0.344171 3.09754 80 2 25 10 39303 0 
-4.29225 22.9887 0.278221 0.344171 3.09754 80 2 25 10 39304 0 
-4.28078 22.9887 0.278252 0.344171 3.09754 80 2 25 10 39305 0 
-4.26931 22.9888 0.278283 0.344171 3.09754 80 2 25 10 39306 0 
-4.25783 22.9889 0.278314 0.344171 3.09754 80 2 25 10 39307 0 
-4.24636 22.9889 0.278345 0.344171 3.09754 80 2 25 10 39308 0 
-4.23489 22.989 0.278375 0.344171 3.09754 80 2 25 10 39309 0 
-4.22342 22.989 0.278406 0.344171 3.09754 80 2 25 10 39310 0 
-4.21194 22.9891 0.278437 0.344171 3.09754 80 2 25 10 39311 0 
-4.20047 22.9891 0.278468 0.344171 3.09754 80 2 25 10 39312 0 
-4.189 22.9892 0.278499 0.344171 3.09754 80 2 25 10 39313 0 
-4.17753 22.9892 0.27853 0.344171 3.09754 80 2 25 10 39314 0 
-4.16606 22.9893 0.278561 0.344171 3.09754 80 2 25 10 39315 0 
-4.15458 22.9894 0.278592 0.344171 3.09754 80 2 25 10 39316 0 
-4.14311 22.9894 0.278623 0.344171 3.09754 80 2 25 10 39317 0 
-4.13164 22.9895 0.278654 0.344171 3.09754 80 2 25 10 39318 0 
-4.12017 22.9895 0.278685 0.344171 3.09754 80 2 25 10 39319 0 
-4.10869 22.9896 0.278716 0.344171 3.09754 80 2 25 10 39320 0 
-4.09722 22.9896 0.278747 0.344171 3.09754 80 2 25 10 39321 0 
-4.08575 22.9897 0.278778 0.344171 3.09754 80 2 25 10 39322 0 
-4.07428 22.9897 0.278809 0.344171 3.09754 80 2 25 10 39323 0 
-4.06281 22.9898 0.27884 0.344171 3.09754 80 2 25 10 39324 0 
-4.05133 22.9899 0.278871 0.344171 3.09754 80 2 25 10 39325 0 
-4.03986 22.9899 0.278902 0.344171 3.09754 80 2 25 10 39326 0 
-4.02839 22.99 0.278933 0.344171 3.09754 80 2 25 10 39327 0 
-4.01692 22.99 0.278964 0.344171 3.09754 80 2 25 10 39328 0 
-4.00544 22.9901 0.278995 0.344171 3.09754 80 2 25 10 39329 0 
-3.99397 22.9901 0.279026 0.344171 3.09754 80 2 25 10 39330 0 
-3.9825 22.9902 0.279057 0.344171 3.09754 80 2 25 10 39331 0 
-3.97103 22.9902 0.279088 0.344171 3.09754 80 2 25 10 39332 0 
-3.95956 22.9903 0.279119 0.344171 3.09754 80 2 25 10 39333 0 
-3.94808 22.9904 0.27915 0.344171 3.09754 80 2 25 10 39334 0 
-3.93661 22.9904 0.279181 0.344171 3.09754 80 2 25 10 39335 0 
-3.92514 22.9905 0.279212 0.344171 3.09754 80 2 25 10 39336 0 
-3.91367 22.9905 0.279243 0.344171 3.09754 80 2 25 10 39337 0 
-3.90219 22.9906 0.279274 0.344171 3.09754 80 2 25 10 39338 0 
-3.89072 22.9906 0.279306 0.344171 3.09754 80 2 25 10 39339 0 
-3.87925 22.9907 0.279337 0.344171 3.09754 80 2 25 10 39340 0 
-3.86778 22.9907 0.279368 0.344171 3.09754 80 2 25 10 39341 0 
-3.85631 22.9908 0.279399 0.344171 3.09754 80 2 25 10 39342 0 
-3.84483 22.9908 0.27943 0.344171 3.09754 80 2 25 10 39343 0 
-3.83336 22.9909 0.279461 0.344171 3.09754 80 2 25 10 39344 0 
-3.82189 22.991 0.279493 0.344171 3.09754 80 2 25 10 39345 0 
-3.81042 22.991 0.279524 0.344171 3.09754 80 2 25 10 39346 0 
-3.79894 22.9911 0.279555 0.344171 3.09754 80 2 25 10 39347 0 
-3.78747 22.9911 0.279586 0.344171 3.09754 80 2 25 10 39348 0 
-3.776 22.9912 0.279617 0.344171 3.09754 80 2 25 10 39349 0 
-3.76453 22.9912 0.279649 0.344171 3.09754 80 2 25 10 39350 0 
-3.75306 22.9913 0.27968 0.344171 3.09754 80 2 25 10 39351 0 
-3.74158 22.9913 0.279711 0.344171 3.09754 80 2 25 10 39352 0 
-3.73011 22.9914 0.279742 0.344171 3.09754 80 2 25 10 39353 0 
-3.71864 22.9915 0.279774 0.344171 3.09754 80 2 25 10 39354 0 
-3.70717 22.9915 0.279805 0.344171 3.09754 80 2 25 10 39355 0 
-3.69569 22.9916 0.279836 0.344171 3.09754 80 2 25 10 39356 0 
-3.68422 22.9916 0.279867 0.344171 3.09754 80 2 25 10 39357 0 
-3.67275 22.9917 0.279899 0.344171 3.09754 80 2 25 10 39358 0 
-3.66128 22.9917 0.27993 0.344171 3.09754 80 2 25 10 39359 0 
-3.64981 22.9918 0.279961 0.344171 3.09754 80 2 25 10 39360 0 
-3.63833 22.9918 0.279993 0.344171 3.09754 80 2 25 10 39361 0 
-3.62686 22.9919 0.280024 0.344171 3.09754 80 2 25 10 39362 0 
-3.61539 22.992 0.280055 0.344171 3.09754 80 2 25 10 39363 0 
-3.60392 22.992 0.280087 0.344171 3.09754 80 2 25 10 39364 0 
-3.59244 22.9921 0.280118 0.344171 3.09754 80 2 25 10 39365 0 
-3.58097 22.9921 0.280149 0.344171 3.09754 80 2 25 10 39366 0 
-3.5695 22.9922 0.280181 0.344171 3.09754 80 2 25 10 39367 0 
-3.55803 22.9922 0.280212 0.344171 3.09754 80 2 25 10 39368 0 
-3.54656 22.9923 0.280243 0.344171 3.09754 80 2 25 10 39369 0 
-3.53508 22.9923 0.280275 0.344171 3.09754 80 2 25 10 39370 0 
-3.52361 22.9924 0.280306 0.344171 3.09754 80 2 25 10 39371 0 
-3.51214 22.9925 0.280338 0.344171 3.09754 80 2 25 10 39372 0 
-3.50067 22.9925 0.280369 0.344171 3.09754 80 2 25 10 39373 0 
-3.48919 22.9926 0.280401 0.344171 3.09754 80 2 25 10 39374 0 
-3.47772 22.9926 0.280432 0.344171 3.09754 80 2 25 10 39375 0 
-3.46625 22.9927 0.280463 0.344171 3.09754 80 2 25 10 39376 0 
-3.45478 22.9927 0.280495 0.344171 3.09754 80 2 25 10 39377 0 
-3.44331 22.9928 0.280526 0.344171 3.09754 80 2 25 10 39378 0 
-3.43183 22.9928 0.280558 0.344171 3.09754 80 2 25 10 39379 0 
-3.42036 22.9929 0.280589 0.344171 3.09754 80 2 25 10 39380 0 
-3.40889 22.993 0.280621 0.344171 3.09754 80 2 25 10 39381 0 
-3.39742 22.993 0.280652 0.344171 3.09754 80 2 25 10 39382 0 
-3.38594 22.9931 0.280684 0.344171 3.09754 80 2 25 10 39383 0 
-3.37447 22.9931 0.280715 0.344171 3.09754 80 2 25 10 39384 0 
-3.363 22.9932 0.280747 0.344171 3.09754 80 2 25 10 39385 0 
-3.35153 22.9932 0.280778 0.344171 3.09754 80 2 25 10 39386 0 
-3.34005 22.9933 0.28081 0.344171 3.09754 80 2 25 10 39387 0 
-3.32858 22.9933 0.280842 0.344171 3.09754 80 2 25 10 39388 0 
-3.31711 22.9934 0.280873 0.344171 3.09754 80 2 25 10 39389 0 
-3.30564 22.9934 0.280905 0.344171 3.09754 80 2 25 10 39390 0 
-3.29417 22.9935 0.280936 0.344171 3.09754 80 2 25 10 39391 0 
-3.28269 22.9936 0.280968 0.344171 3.09754 80 2 25 10 39392 0 
-3.27122 22.9936 0.280999 0.344171 3.09754 80 2 25 10 39393 0 
-3.25975 22.9937 0.281031 0.344171 3.09754 80 2 25 10 39394 0 
-3.24828 22.9937 0.281063 0.344171 3.09754 80 2 25 10 39395 0 
-3.2368 22.9938 0.281094 0.344171 3.09754 80 2 25 10 39396 0 
-3.22533 22.9938 0.281126 0.344171 3.09754 80 2 25 10 39397 0 
-3.21386 22.9939 0.281158 0.344171 3.09754 80 2 25 10 39398 0 
-3.20239 22.994 0.281189 0.344171 3.09754 80 2 25 10 39399 0 
-3.19092 22.994 0.281221 0.344171 3.09754 80 2 25 10 39400 0 
-3.17944 22.9941 0.281253 0.344171 3.09754 80 2 25 10 39401 0 
-3.16797 22.9941 0.281284 0.344171 3.09754 80 2 25 10 39402 0 
-3.1565 22.9942 0.281316 0.344171 3.09754 80 2 25 10 39403 0 
-3.14503 22.9942 0.281347 0.344171 3.09754 80 2 25 10 39404 0 
-3.13355 22.9943 0.281379 0.344171 3.09754 80 2 25 10 39405 0 
-3.12208 22.9944 0.281411 0.344171 3.09754 80 2 25 10 39406 0 
-3.11061 22.9944 0.281442 0.344171 3.09754 80 2 25 10 39407 0 
-3.09914 22.9945 0.281474 0.344171 3.09754 80 2 25 10 39408 0 
-3.08767 22.9945 0.281506 0.344171 3.09754 80 2 25 10 39409 0 
-3.07619 22.9946 0.281538 0.344171 3.09754 80 2 25 10 39410 0 
-3.06472 22.9946 0.281569 0.344171 3.09754 80 2 25 10 39411 0 
-3.05325 22.9947 0.281601 0.344171 3.09754 80 2 25 10 39412 0 
-3.04178 22.9948 0.281633 0.344171 3.09754 80 2 25 10 39413 0 
-3.0303 22.9948 0.281664 0.344171 3.09754 80 2 25 10 39414 0 
-3.01883 22.9949 0.281696 0.344171 3.09754 80 2 25 10 39415 0 
-3.00736 22.9949 0.281728 0.344171 3.09754 80 2 25 10 39416 0 
-2.99589 22.995 0.28176 0.344171 3.09754 80 2 25 10 39417 0 
-2.98442 22.995 0.281791 0.344171 3.09754 80 2 25 10 39418 0 
-2.97294 22.9951 0.281823 0.344171 3.09754 80 2 25 10 39419 0 
-2.96147 22.9952 0.281855 0.344171 3.09754 80 2 25 10 39420 0 
-2.95 22.9952 0.281886 0.344171 3.09754 80 2 25 10 39421 0 
-2.93853 22.9953 0.281918 0.344171 3.09754 80 2 25 10 39422 0 
-2.92705 22.9953 0.28195 0.344171 3.09754 80 2 25 10 39423 0 
-2.91558 22.9954 0.281982 0.344171 3.09754 80 2 25 10 39424 0 
-2.90411 22.9954 0.282014 0.344171 3.09754 80 2 25 10 39425 0 
-2.89264 22.9955 0.282045 0.344171 3.09754 80 2 25 10 39426 0 
-2.88117 22.9956 0.282077 0.344171 3.09754 80 2 25 10 39427 0 
-2.86969 22.9956 0.282109 0.344171 3.09754 80 2 25 10 39428 0 
-2.85822 22.9957 0.282141 0.344171 3.09754 80 2 25 10 39429 0 
-2.84675 22.9957 0.282173 0.344171 3.09754 80 2 25 10 39430 0 
-2.83528 22.9958 0.282204 0.344171 3.09754 80 2 25 10 39431 0 
-2.8238 22.9958 0.282236 0.344171 3.09754 80 2 25 10 39432 0 
-2.81233 22.9959 0.282268 0.344171 3.09754 80 2 25 10 39433 0 
-2.80086 22.996 0.2823 0.344171 3.09754 80 2 25 10 39434 0 
-2.78939 22.996 0.282332 0.344171 3.09754 80 2 25 10 39435 0 
-2.77792 22.9961 0.282364 0.344171 3.09754 80 2 25 10 39436 0 
-2.76644 22.9961 0.282395 0.344171 3.09754 80 2 25 10 39437 0 
-2.75497 22.9962 0.282427 0.344171 3.09754 80 2 25 10 39438 0 
-2.7435 22.9962 0.282459 0.344171 3.09754 80 2 25 10 39439 0 
-2.73203 22.9963 0.282491 0.344171 3.09754 80 2 25 10 39440 0 
-2.72055 22.9964 0.282523 0.344171 3.09754 80 2 25 10 39441 0 
-2.70908 22.9964 0.282555 0.344171 3.09754 80 2 25 10 39442 0 
-2.69761 22.9965 0.282587 0.344171 3.09754 80 2 25 10 39443 0 
-2.68614 22.9965 0.282619 0.344171 3.09754 80 2 25 10 39444 0 
-2.67467 22.9966 0.28265 0.344171 3.09754 80 2 25 10 39445 0 
-2.66319 22.9966 0.282682 0.344171 3.09754 80 2 25 10 39446 0 
-2.65172 22.9967 0.282714 0.344171 3.09754 80 2 25 10 39447 0 
-2.64025 22.9968 0.282746 0.344171 3.09754 80 2 25 10 39448 0 
-2.62878 22.9968 0.282778 0.344171 3.09754 80 2 25 10 39449 0 
-2.6173 22.9969 0.28281 0.344171 3.09754 80 2 25 10 39450 0 
-2.60583 22.9969 0.282842 0.344171 3.09754 80 2 25 10 39451 0 
-2.59436 22.997 0.282874 0.344171 3.09754 80 2 25 10 39452 0 
-2.58289 22.997 0.282906 0.344171 3.09754 80 2 25 10 39453 0 
-2.57142 22.9971 0.282938 0.344171 3.09754 80 2 25 10 39454 0 
-2.55994 22.9972 0.28297 0.344171 3.09754 80 2 25 10 39455 0 
-2.54847 22.9972 0.283002 0.344171 3.09754 80 2 25 10 39456 0 
-2.537 22.9973 0.283034 0.344171 3.09754 80 2 25 10 39457 0 
-2.52553 22.9973 0.283066 0.344171 3.09754 80 2 25 10 39458 0 
-2.51405 22.9974 0.283098 0.344171 3.09754 80 2 25 10 39459 0 
-2.50258 22.9974 0.28313 0.344171 3.09754 80 2 25 10 39460 0 
-2.49111 22.9975 0.283162 0.344171 3.09754 80 2 25 10 39461 0 
-2.47964 22.9976 0.283194 0.344171 3.09754 80 2 25 10 39462 0 
-2.46817 22.9976 0.283226 0.344171 3.09754 80 2 25 10 39463 0 
-2.45669 22.9977 0.283258 0.344171 3.09754 80 2 25 10 39464 0 
-2.44522 22.9977 0.28329 0.344171 3.09754 80 2 25 10 39465 0 
-2.43375 22.9978 0.283322 0.344171 3.09754 80 2 25 10 39466 0 
-2.42228 22.9978 0.283354 0.344171 3.09754 80 2 25 10 39467 0 
-2.4108 22.9979 0.283386 0.344171 3.09754 80 2 25 10 39468 0 
-2.39933 22.998 0.283418 0.344171 3.09754 80 2 25 10 39469 0 
-2.38786 22.998 0.283451 0.344171 3.09754 80 2 25 10 39470 0 
-2.37639 22.9981 0.283483 0.344171 3.09754 80 2 25 10 39471 0 
-2.36492 22.9981 0.283515 0.344171 3.09754 80 2 25 10 39472 0 
-2.35344 22.9982 0.283547 0.344171 3.09754 80 2 25 10 39473 0 
-2.34197 22.9982 0.283579 0.344171 3.09754 80 2 25 10 39474 0 
-2.3305 22.9983 0.283611 0.344171 3.09754 80 2 25 10 39475 0 
-2.31903 22.9984 0.283643 0.344171 3.09754 80 2 25 10 39476 0 
-2.30755 22.9984 0.283675 0.344171 3.09754 80 2 25 10 39477 0 
-2.29608 22.9985 0.283708 0.344171 3.09754 80 2 25 10 39478 0 
-2.28461 22.9985 0.28374 0.344171 3.09754 80 2 25 10 39479 0 
-2.27314 22.9986 0.283772 0.344171 3.09754 80 2 25 10 39480 0 
-2.26167 22.9986 0.283804 0.344171 3.09754 80 2 25 10 39481 0 
-2.25019 22.9987 0.283836 0.344171 3.09754 80 2 25 10 39482 0 
-2.23872 22.9988 0.283869 0.344171 3.09754 80 2 25 10 39483 0 
-2.22725 22.9988 0.283901 0.344171 3.09754 80 2 25 10 39484 0 
-2.21578 22.9989 0.283933 0.344171 3.09754 80 2 25 10 39485 0 
-2.2043 22.9989 0.283965 0.344171 3.09754 80 2 25 10 39486 0 
-2.19283 22.999 0.283997 0.344171 3.09754 80 2 25 10 39487 0 
-2.18136 22.999 0.28403 0.344171 3.09754 80 2 25 10 39488 0 
-2.16989 22.9991 0.284062 0.344171 3.09754 80 2 25 10 39489 0 
-2.15842 22.9992 0.284094 0.344171 3.09754 80 2 25 10 39490 0 
-2.14694 22.9992 0.284126 0.344171 3.09754 80 2 25 10 39491 0 
-2.13547 22.9993 0.284159 0.344171 3.09754 80 2 25 10 39492 0 
-2.124 22.9993 0.284191 0.344171 3.09754 80 2 25 10 39493 0 
-2.11253 22.9994 0.284223 0.344171 3.09754 80 2 25 10 39494 0 
-2.10105 22.9994 0.284256 0.344171 3.09754 80 2 25 10 39495 0 
-2.08958 22.9995 0.284288 0.344171 3.09754 80 2 25 10 39496 0 
-2.07811 22.9996 0.28432 0.344171 3.09754 80 2 25 10 39497 0 
-2.06664 22.9996 0.284353 0.344171 3.09754 80 2 25 10 39498 0 
-2.05517 22.9997 0.284385 0.344171 3.09754 80 2 25 10 39499 0 
-2.04369 22.9997 0.284417 0.344171 3.09754 80 2 25 10 39500 0 
-2.03222 22.9998 0.28445 0.344171 3.09754 80 2 25 10 39501 0 
-2.02075 22.9998 0.284482 0.344171 3.09754 80 2 25 10 39502 0 
-2.00928 22.9999 0.284514 0.344171 3.09754 80 2 25 10 39503 0 
-1.9978 23 0.284547 0.344171 3.09754 80 2 25 10 39504 0 
-1.98633 23 0.284579 0.344171 3.09754 80 2 25 10 39505 0 
-1.97486 23.0001 0.284611 0.344171 3.09754 80 2 25 10 39506 0 
-1.96339 23.0001 0.284644 0.344171 3.09754 80 2 25 10 39507 0 
-1.95192 23.0002 0.284676 0.344171 3.09754 80 2 25 10 39508 0 
-1.94044 23.0002 0.284709 0.344171 3.09754 80 2 25 10 39509 0 
-1.92897 23.0003 0.284741 0.344171 3.09754 80 2 25 10 39510 0 
-1.9175 23.0004 0.284773 0.344171 3.09754 80 2 25 10 39511 0 
-1.90603 23.0004 0.284806 0.344171 3.09754 80 2 25 10 39512 0 
-1.89455 23.0005 0.284838 0.344171 3.09754 80 2 25 10 39513 0 
-1.88308 23.0005 0.284871 0.344171 3.09754 80 2 25 10 39514 0 
-1.87161 23.0006 0.284903 0.344171 3.09754 80 2 25 10 39515 0 
-1.86014 23.0007 0.284936 0.344171 3.09754 80 2 25 10 39516 0 
-1.84867 23.0007 0.284968 0.344171 3.09754 80 2 25 10 39517 0 
-1.83719 23.0008 0.285001 0.344171 3.09754 80 2 25 10 39518 0 
-1.82572 23.0008 0.285033 0.344171 3.09754 80 2 25 10 39519 0 
-1.81425 23.0009 0.285066 0.344171 3.09754 80 2 25 10 39520 0 
-1.80278 23.0009 0.285098 0.344171 3.09754 80 2 25 10 39521 0 
-1.7913 23.001 0.285131 0.344171 3.09754 80 2 25 10 39522 0 
-1.77983 23.0011 0.285163 0.344171 3.09754 80 2 25 10 39523 0 
-1.76836 23.0011 0.285196 0.344171 3.09754 80 2 25 10 39524 0 
-1.75689 23.0012 0.285228 0.344171 3.09754 80 2 25 10 39525 0 
-1.74542 23.0012 0.285261 0.344171 3.09754 80 2 25 10 39526 0 
-1.73394 23.0013 0.285294 0.344171 3.09754 80 2 25 10 39527 0 
-1.72247 23.0013 0.285326 0.344171 3.09754 80 2 25 10 39528 0 
-1.711 23.0014 0.285359 0.344171 3.09754 80 2 25 10 39529 0 
-1.69953 23.0015 0.285391 0.344171 3.09754 80 2 25 10 39530 0 
-1.68805 23.0015 0.285424 0.344171 3.09754 80 2 25 10 39531 0 
-1.67658 23.0016 0.285457 0.344171 3.09754 80 2 25 10 39532 0 
-1.66511 23.0016 0.285489 0.344171 3.09754 80 2 25 10 39533 0 
-1.65364 23.0017 0.285522 0.344171 3.09754 80 2 25 10 39534 0 
-1.64217 23.0017 0.285554 0.344171 3.09754 80 2 25 10 39535 0 
-1.63069 23.0018 0.285587 0.344171 3.09754 80 2 25 10 39536 0 
-1.61922 23.0019 0.28562 0.344171 3.09754 80 2 25 10 39537 0 
-1.60775 23.0019 0.285652 0.344171 3.09754 80 2 25 10 39538 0 
-1.59628 23.002 0.285685 0.344171 3.09754 80 2 25 10 39539 0 
-1.5848 23.002 0.285718 0.344171 3.09754 80 2 25 10 39540 0 
-1.57333 23.0021 0.285751 0.344171 3.09754 80 2 25 10 39541 0 
-1.56186 23.0021 0.285783 0.344171 3.09754 80 2 25 10 39542 0 
-1.55039 23.0022 0.285816 0.344171 3.09754 80 2 25 10 39543 0 
-1.53892 23.0023 0.285849 0.344171 3.09754 80 2 25 10 39544 0 
-1.52744 23.0023 0.285881 0.344171 3.09754 80 2 25 10 39545 0 
-1.51597 23.0024 0.285914 0.344171 3.09754 80 2 25 10 39546 0 
-1.5045 23.0024 0.285947 0.344171 3.09754 80 2 25 10 39547 0 
-1.49303 23.0025 0.28598 0.344171 3.09754 80 2 25 10 39548 0 
-1.48155 23.0025 0.286012 0.344171 3.09754 80 2 25 10 39549 0 
-1.47008 23.0026 0.286045 0.344171 3.09754 80 2 25 10 39550 0 
-1.45861 23.0027 0.286078 0.344171 3.09754 80 2 25 10 39551 0 
-1.44714 23.0027 0.286111 0.344171 3.09754 80 2 25 10 39552 0 
-1.43567 23.0028 0.286144 0.344171 3.09754 80 2 25 10 39553 0 
-1.42419 23.0028 0.286176 0.344171 3.09754 80 2 25 10 39554 0 
-1.41272 23.0029 0.286209 0.344171 3.09754 80 2 25 10 39555 0 
-1.40125 23.0029 0.286242 0.344171 3.09754 80 2 25 10 39556 0 
-1.38978 23.003 0.286275 0.344171 3.09754 80 2 25 10 39557 0 
-1.3783 23.0031 0.286308 0.344171 3.09754 80 2 25 10 39558 0 
-1.36683 23.0031 0.286341 0.344171 3.09754 80 2 25 10 39559 0 
-1.35536 23.0032 0.286373 0.344171 3.09754 80 2 25 10 39560 0 
-1.34389 23.0032 0.286406 0.344171 3.09754 80 2 25 10 39561 0 
-1.33242 23.0033 0.286439 0.344171 3.09754 80 2 25 10 39562 0 
-1.32094 23.0033 0.286472 0.344171 3.09754 80 2 25 10 39563 0 
-1.30947 23.0034 0.286505 0.344171 3.09754 80 2 25 10 39564 0 
-1.298 23.0035 0.286538 0.344171 3.09754 80 2 25 10 39565 0 
-1.28653 23.0035 0.286571 0.344171 3.09754 80 2 25 10 39566 0 
-1.27505 23.0036 0.286604 0.344171 3.09754 80 2 25 10 39567 0 
-1.26358 23.0036 0.286637 0.344171 3.09754 80 2 25 10 39568 0 
-1.25211 23.0037 0.28667 0.344171 3.09754 80 2 25 10 39569 0 
-1.24064 23.0037 0.286703 0.344171 3.09754 80 2 25 10 39570 0 
-1.22917 23.0038 0.286736 0.344171 3.09754 80 2 25 10 39571 0 
-1.21769 23.0039 0.286769 0.344171 3.09754 80 2 25 10 39572 0 
-1.20622 23.0039 0.286802 0.344171 3.09754 80 2 25 10 39573 0 
-1.19475 23.004 0.286835 0.344171 3.09754 80 2 25 10 39574 0 
-1.18328 23.004 0.286868 0.344171 3.09754 80 2 25 10 39575 0 
-1.1718 23.0041 0.286901 0.344171 3.09754 80 2 25 10 39576 0 
-1.16033 23.0041 0.286934 0.344171 3.09754 80 2 25 10 39577 0 
-1.14886 23.0042 0.286967 0.344171 3.09754 80 2 25 10 39578 0 
-1.13739 23.0043 0.287 0.344171 3.09754 80 2 25 10 39579 0 
-1.12592 23.0043 0.287033 0.344171 3.09754 80 2 25 10 39580 0 
-1.11444 23.0044 0.287066 0.344171 3.09754 80 2 25 10 39581 0 
-1.10297 23.0044 0.287099 0.344171 3.09754 80 2 25 10 39582 0 
-1.0915 23.0045 0.287132 0.344171 3.09754 80 2 25 10 39583 0 
-1.08003 23.0045 0.287165 0.344171 3.09754 80 2 25 10 39584 0 
-1.06855 23.0046 0.287198 0.344171 3.09754 80 2 25 10 39585 0 
-1.05708 23.0047 0.287231 0.344171 3.09754 80 2 25 10 39586 0 
-1.04561 23.0047 0.287264 0.344171 3.09754 80 2 25 10 39587 0 
-1.03414 23.0048 0.287298 0.344171 3.09754 80 2 25 10 39588 0 
-1.02267 23.0048 0.287331 0.344171 3.09754 80 2 25 10 39589 0 
-1.01119 23.0049 0.287364 0.344171 3.09754 80 2 25 10 39590 0 
-0.999721 23.0049 0.287397 0.344171 3.09754 80 2 25 10 39591 0 
-0.988249 23.005 0.28743 0.344171 3.09754 80 2 25 10 39592 0 
-0.976777 23.0051 0.287463 0.344171 3.09754 80 2 25 10 39593 0 
-0.965304 23.0051 0.287497 0.344171 3.09754 80 2 25 10 39594 0 
-0.953832 23.0052 0.28753 0.344171 3.09754 80 2 25 10 39595 0 
-0.94236 23.0052 0.287563 0.344171 3.09754 80 2 25 10 39596 0 
-0.930888 23.0053 0.287596 0.344171 3.09754 80 2 25 10 39597 0 
-0.919415 23.0053 0.287629 0.344171 3.09754 80 2 25 10 39598 0 
-0.907943 23.0054 0.287663 0.344171 3.09754 80 2 25 10 39599 0 
-0.896471 23.0055 0.287696 0.344171 3.09754 80 2 25 10 39600 0 
-0.884999 23.0055 0.287729 0.344171 3.09754 80 2 25 10 39601 0 
-0.873527 23.0056 0.287762 0.344171 3.09754 80 2 25 10 39602 0 
-0.862054 23.0056 0.287796 0.344171 3.09754 80 2 25 10 39603 0 
-0.850582 23.0057 0.287829 0.344171 3.09754 80 2 25 10 39604 0 
-0.83911 23.0057 0.287862 0.344171 3.09754 80 2 25 10 39605 0 
-0.827638 23.0058 0.287895 0.344171 3.09754 80 2 25 10 39606 0 
-0.816165 23.0059 0.287929 0.344171 3.09754 80 2 25 10 39607 0 
-0.804693 23.0059 0.287962 0.344171 3.09754 80 2 25 10 39608 0 
-0.793221 23.006 0.287995 0.344171 3.09754 80 2 25 10 39609 0 
-0.781749 23.006 0.288029 0.344171 3.09754 80 2 25 10 39610 0 
-0.770277 23.0061 0.288062 0.344171 3.09754 80 2 25 10 39611 0 
-0.758804 23.0061 0.288095 0.344171 3.09754 80 2 25 10 39612 0 
-0.747332 23.0062 0.288129 0.344171 3.09754 80 2 25 10 39613 0 
-0.73586 23.0063 0.288162 0.344171 3.09754 80 2 25 10 39614 0 
-0.724388 23.0063 0.288196 0.344171 3.09754 80 2 25 10 39615 0 
-0.712915 23.0064 0.288229 0.344171 3.09754 80 2 25 10 39616 0 
-0.701443 23.0064 0.288262 0.344171 3.09754 80 2 25 10 39617 0 
-0.689971 23.0065 0.288296 0.344171 3.09754 80 2 25 10 39618 0 
-0.678499 23.0065 0.288329 0.344171 3.09754 80 2 25 10 39619 0 
-0.667027 23.0066 0.288363 0.344171 3.09754 80 2 25 10 39620 0 
-0.655554 23.0067 0.288396 0.344171 3.09754 80 2 25 10 39621 0 
-0.644082 23.0067 0.28843 0.344171 3.09754 80 2 25 10 39622 0 
-0.63261 23.0068 0.288463 0.344171 3.09754 80 2 25 10 39623 0 
-0.621138 23.0068 0.288496 0.344171 3.09754 80 2 25 10 39624 0 
-0.609665 23.0069 0.28853 0.344171 3.09754 80 2 25 10 39625 0 
-0.598193 23.0069 0.288563 0.344171 3.09754 80 2 25 10 39626 0 
-0.586721 23.007 0.288597 0.344171 3.09754 80 2 25 10 39627 0 
-0.575249 23.0071 0.28863 0.344171 3.09754 80 2 25 10 39628 0 
-0.563776 23.0071 0.288664 0.344171 3.09754 80 2 25 10 39629 0 
-0.552304 23.0072 0.288697 0.344171 3.09754 80 2 25 10 39630 0 
-0.540832 23.0072 0.288731 0.344171 3.09754 80 2 25 10 39631 0 
-0.52936 23.0073 0.288765 0.344171 3.09754 80 2 25 10 39632 0 
-0.517888 23.0073 0.288798 0.344171 3.09754 80 2 25 10 39633 0 
-0.506415 23.0074 0.288832 0.344171 3.09754 80 2 25 10 39634 0 
-0.494943 23.0075 0.288865 0.344171 3.09754 80 2 25 10 39635 0 
-0.483471 23.0075 0.288899 0.344171 3.09754 80 2 25 10 39636 0 
-0.471999 23.0076 0.288932 0.344171 3.09754 80 2 25 10 39637 0 
-0.460526 23.0076 0.288966 0.344171 3.09754 80 2 25 10 39638 0 
-0.449054 23.0077 0.289 0.344171 3.09754 80 2 25 10 39639 0 
-0.437582 23.0077 0.289033 0.344171 3.09754 80 2 25 10 39640 0 
-0.42611 23.0078 0.289067 0.344171 3.09754 80 2 25 10 39641 0 
-0.414638 23.0079 0.289101 0.344171 3.09754 80 2 25 10 39642 0 
-0.403165 23.0079 0.289134 0.344171 3.09754 80 2 25 10 39643 0 
-0.391693 23.008 0.289168 0.344171 3.09754 80 2 25 10 39644 0 
-0.380221 23.008 0.289202 0.344171 3.09754 80 2 25 10 39645 0 
-0.368749 23.0081 0.289235 0.344171 3.09754 80 2 25 10 39646 0 
-0.357276 23.0081 0.289269 0.344171 3.09754 80 2 25 10 39647 0 
-0.345804 23.0082 0.289303 0.344171 3.09754 80 2 25 10 39648 0 
-0.334332 23.0083 0.289336 0.344171 3.09754 80 2 25 10 39649 0 
-0.32286 23.0083 0.28937 0.344171 3.09754 80 2 25 10 39650 0 
-0.311388 23.0084 0.289404 0.344171 3.09754 80 2 25 10 39651 0 
-0.299915 23.0084 0.289438 0.344171 3.09754 80 2 25 10 39652 0 
-0.288443 23.0085 0.289471 0.344171 3.09754 80 2 25 10 39653 0 
-0.276971 23.0085 0.289505 0.344171 3.09754 80 2 25 10 39654 0 
-0.265499 23.0086 0.289539 0.344171 3.09754 80 2 25 10 39655 0 
-0.254026 23.0087 0.289573 0.344171 3.09754 80 2 25 10 39656 0 
-0.242554 23.0087 0.289606 0.344171 3.09754 80 2 25 10 39657 0 
-0.231082 23.0088 0.28964 0.344171 3.09754 80 2 25 10 39658 0 
-0.21961 23.0088 0.289674 0.344171 3.09754 80 2 25 10 39659 0 
-0.208138 23.0089 0.289708 0.344171 3.09754 80 2 25 10 39660 0 
-0.196665 23.0089 0.289742 0.344171 3.09754 80 2 25 10 39661 0 
-0.185193 23.009 0.289775 0.344171 3.09754 80 2 25 10 39662 0 
-0.173721 23.0091 0.289809 0.344171 3.09754 80 2 25 10 39663 0 
-0.162249 23.0091 0.289843 0.344171 3.09754 80 2 25 10 39664 0 
-0.150776 23.0092 0.289877 0.344171 3.09754 80 2 25 10 39665 0 
-0.139304 23.0092 0.289911 0.344171 3.09754 80 2 25 10 39666 0 
-0.127832 23.0093 0.289945 0.344171 3.09754 80 2 25 10 39667 0 
-0.11636 23.0093 0.289979 0.344171 3.09754 80 2 25 10 39668 0 
-0.104888 23.0094 0.290013 0.344171 3.09754 80 2 25 10 39669 0 
-0.0934153 23.0095 0.290046 0.344171 3.09754 80 2 25 10 39670 0 
-0.0819431 23.0095 0.29008 0.344171 3.09754 80 2 25 10 39671 0 
-0.0704708 23.0096 0.290114 0.344171 3.09754 80 2 25 10 39672 0 
-0.0589986 23.0096 0.290148 0.344171 3.09754 80 2 25 10 39673 0 
-0.0475264 23.0097 0.290182 0.344171 3.09754 80 2 25 10 39674 0 
-0.0360542 23.0097 0.290216 0.344171 3.09754 80 2 25 10 39675 0 
-0.024582 23.0098 0.29025 0.344171 3.09754 80 2 25 10 39676 0 
-0.0131098 23.0099 0.290284 0.344171 3.09754 80 2 25 10 39677 0 
-0.00163754 23.0099 0.290318 0.344171 3.09754 80 2 25 10 39678 0 
0.00983468 23.01 0.290352 0.344171 3.09754 80 2 25 10 39679 0 
0.0213069 23.01 0.290386 0.344171 3.09754 80 2 25 10 39680 0 
0.0327791 23.0101 0.29042 0.344171 3.09754 80 2 25 10 39681 0 
0.0442513 23.0101 0.290454 0.344171 3.09754 80 2 25 10 39682 0 
0.0557236 23.0102 0.290488 0.344171 3.09754 80 2 25 10 39683 0 
0.0671958 23.0103 0.290522 0.344171 3.09754 80 2 25 10 39684 0 
0.078668 23.0103 0.290556 0.344171 3.09754 80 2 25 10 39685 0 
0.0901402 23.0104 0.29059 0.344171 3.09754 80 2 25 10 39686 0 
0.101612 23.0104 0.290625 0.344171 3.09754 80 2 25 10 39687 0 
0.113085 23.0105 0.290659 0.344171 3.09754 80 2 25 10 39688 0 
0.124557 23.0106 0.290693 0.344171 3.09754 80 2 25 10 39689 0 
0.136029 23.0106 0.290727 0.344171 3.09754 80 2 25 10 39690 0 
0.147501 23.0107 0.290761 0.344171 3.09754 80 2 25 10 39691 0 
0.158974 23.0107 0.290795 0.344171 3.09754 80 2 25 10 39692 0 
0.170446 23.0108 0.290829 0.344171 3.09754 80 2 25 10 39693 0 
0.181918 23.0109 0.290863 0.344171 3.09754 80 2 25 10 39694 0 
0.19339 23.0109 0.290897 0.344171 3.09754 80 2 25 10 39695 0 
0.204862 23.011 0.290931 0.344171 3.09754 80 2 25 10 39696 0 
0.216335 23.011 0.290966 0.344171 3.09754 80 2 25 10 39697 0 
0.227807 23.0111 0.291 0.344171 3.09754 80 2 25 10 39698 0 
0.239279 23.0111 0.291034 0.344171 3.09754 80 2 25 10 39699 0 
0.250751 23.0112 0.291068 0.344171 3.09754 80 2 25 10 39700 0 
0.262224 23.0113 0.291102 0.344171 3.09754 80 2 25 10 39701 0 
0.273696 23.0113 0.291136 0.344171 3.09754 80 2 25 10 39702 0 
0.285168 23.0114 0.291171 0.344171 3.09754 80 2 25 10 39703 0 
0.29664 23.0114 0.291205 0.344171 3.09754 80 2 25 10 39704 0 
0.308112 23.0115 0.291239 0.344171 3.09754 80 2 25 10 39705 0 
0.319585 23.0116 0.291273 0.344171 3.09754 80 2 25 10 39706 0 
0.331057 23.0116 0.291307 0.344171 3.09754 80 2 25 10 39707 0 
0.342529 23.0117 0.291342 0.344171 3.09754 80 2 25 10 39708 0 
0.354001 23.0117 0.291376 0.344171 3.09754 80 2 25 10 39709 0 
0.365474 23.0118 0.29141 0.344171 3.09754 80 2 25 10 39710 0 
0.376946 23.0119 0.291444 0.344171 3.09754 80 2 25 10 39711 0 
0.388418 23.0119 0.291478 0.344171 3.09754 80 2 25 10 39712 0 
0.39989 23.012 0.291513 0.344171 3.09754 80 2 25 10 39713 0 
0.411362 23.012 0.291547 0.344171 3.09754 80 2 25 10 39714 0 
0.422835 23.0121 0.291581 0.344171 3.09754 80 2 25 10 39715 0 
0.434307 23.0122 0.291615 0.344171 3.09754 80 2 25 10 39716 0 
0.445779 23.0122 0.29165 0.344171 3.09754 80 2 25 10 39717 0 
0.457251 23.0123 0.291684 0.344171 3.09754 80 2 25 10 39718 0 
0.468724 23.0123 0.291718 0.344171 3.09754 80 2 25 10 39719 0 
0.480196 23.0124 0.291753 0.344171 3.09754 80 2 25 10 39720 0 
0.491668 23.0124 0.291787 0.344171 3.09754 80 2 25 10 39721 0 
0.50314 23.0125 0.291821 0.344171 3.09754 80 2 25 10 39722 0 
0.514612 23.0126 0.291855 0.344171 3.09754 80 2 25 10 39723 0 
0.526085 23.0126 0.29189 0.344171 3.09754 80 2 25 10 39724 0 
0.537557 23.0127 0.291924 0.344171 3.09754 80 2 25 10 39725 0 
0.549029 23.0127 0.291958 0.344171 3.09754 80 2 25 10 39726 0 
0.560501 23.0128 0.291993 0.344171 3.09754 80 2 25 10 39727 0 
0.571974 23.0129 0.292027 0.344171 3.09754 80 2 25 10 39728 0 
0.583446 23.0129 0.292062 0.344171 3.09754 80 2 25 10 39729 0 
0.594918 23.013 0.292096 0.344171 3.09754 80 2 25 10 39730 0 
0.60639 23.013 0.29213 0.344171 3.09754 80 2 25 10 39731 0 
0.617863 23.0131 0.292165 0.344171 3.09754 80 2 25 10 39732 0 
0.629335 23.0132 0.292199 0.344171 3.09754 80 2 25 10 39733 0 
0.640807 23.0132 0.292233 0.344171 3.09754 80 2 25 10 39734 0 
0.652279 23.0133 0.292268 0.344171 3.09754 80 2 25 10 39735 0 
0.663751 23.0133 0.292302 0.344171 3.09754 80 2 25 10 39736 0 
0.675224 23.0134 0.292337 0.344171 3.09754 80 2 25 10 39737 0 
0.686696 23.0135 0.292371 0.344171 3.09754 80 2 25 10 39738 0 
0.698168 23.0135 0.292406 0.344171 3.09754 80 2 25 10 39739 0 
0.70964 23.0136 0.29244 0.344171 3.09754 80 2 25 10 39740 0 
0.721113 23.0136 0.292474 0.344171 3.09754 80 2 25 10 39741 0 
0.732585 23.0137 0.292509 0.344171 3.09754 80 2 25 10 39742 0 
0.744057 23.0138 0.292543 0.344171 3.09754 80 2 25 10 39743 0 
0.755529 23.0138 0.292578 0.344171 3.09754 80 2 25 10 39744 0 
0.767001 23.0139 0.292612 0.344171 3.09754 80 2 25 10 39745 0 
0.778474 23.0139 0.292647 0.344171 3.09754 80 2 25 10 39746 0 
0.789946 23.014 0.292681 0.344171 3.09754 80 2 25 10 39747 0 
0.801418 23.014 0.292716 0.344171 3.09754 80 2 25 10 39748 0 
0.81289 23.0141 0.29275 0.344171 3.09754 80 2 25 10 39749 0 
0.824363 23.0142 0.292785 0.344171 3.09754 80 2 25 10 39750 0 
0.835835 23.0142 0.292819 0.344171 3.09754 80 2 25 10 39751 0 
0.847307 23.0143 0.292854 0.344171 3.09754 80 2 25 10 39752 0 
0.858779 23.0143 0.292889 0.344171 3.09754 80 2 25 10 39753 0 
0.870251 23.0144 0.292923 0.344171 3.09754 80 2 25 10 39754 0 
0.881724 23.0145 0.292958 0.344171 3.09754 80 2 25 10 39755 0 
0.893196 23.0145 0.292992 0.344171 3.09754 80 2 25 10 39756 0 
0.904668 23.0146 0.293027 0.344171 3.09754 80 2 25 10 39757 0 
0.91614 23.0146 0.293061 0.344171 3.09754 80 2 25 10 39758 0 
0.927613 23.0147 0.293096 0.344171 3.09754 80 2 25 10 39759 0 
0.939085 23.0148 0.293131 0.344171 3.09754 80 2 25 10 39760 0 
0.950557 23.0148 0.293165 0.344171 3.09754 80 2 25 10 39761 0 
0.962029 23.0149 0.2932 0.344171 3.09754 80 2 25 10 39762 0 
0.973502 23.0149 0.293235 0.344171 3.09754 80 2 25 10 39763 0 
0.984974 23.015 0.293269 0.344171 3.09754 80 2 25 10 39764 0 
0.996446 23.0151 0.293304 0.344171 3.09754 80 2 25 10 39765 0 
1.00792 23.0151 0.293339 0.344171 3.09754 80 2 25 10 39766 0 
1.01939 23.0152 0.293373 0.344171 3.09754 80 2 25 10 39767 0 
1.03086 23.0152 0.293408 0.344171 3.09754 80 2 25 10 39768 0 
1.04233 23.0153 0.293443 0.344171 3.09754 80 2 25 10 39769 0 
1.05381 23.0153 0.293477 0.344171 3.09754 80 2 25 10 39770 0 
1.06528 23.0154 0.293512 0.344171 3.09754 80 2 25 10 39771 0 
1.07675 23.0155 0.293547 0.344171 3.09754 80 2 25 10 39772 0 
1.08822 23.0155 0.293582 0.344171 3.09754 80 2 25 10 39773 0 
1.0997 23.0156 0.293616 0.344171 3.09754 80 2 25 10 39774 0 
1.11117 23.0156 0.293651 0.344171 3.09754 80 2 25 10 39775 0 
1.12264 23.0157 0.293686 0.344171 3.09754 80 2 25 10 39776 0 
1.13411 23.0158 0.293721 0.344171 3.09754 80 2 25 10 39777 0 
1.14558 23.0158 0.293755 0.344171 3.09754 80 2 25 10 39778 0 
1.15706 23.0159 0.29379 0.344171 3.09754 80 2 25 10 39779 0 
1.16853 23.0159 0.293825 0.344171 3.09754 80 2 25 10 39780 0 
1.18 23.016 0.29386 0.344171 3.09754 80 2 25 10 39781 0 
1.19147 23.0161 0.293895 0.344171 3.09754 80 2 25 10 39782 0 
1.20295 23.0161 0.293929 0.344171 3.09754 80 2 25 10 39783 0 
1.21442 23.0162 0.293964 0.344171 3.09754 80 2 25 10 39784 0 
1.22589 23.0162 0.293999 0.344171 3.09754 80 2 25 10 39785 0 
1.23736 23.0163 0.294034 0.344171 3.09754 80 2 25 10 39786 0 
1.24883 23.0164 0.294069 0.344171 3.09754 80 2 25 10 39787 0 
1.26031 23.0164 0.294104 0.344171 3.09754 80 2 25 10 39788 0 
1.27178 23.0165 0.294139 0.344171 3.09754 80 2 25 10 39789 0 
1.28325 23.0165 0.294174 0.344171 3.09754 80 2 25 10 39790 0 
1.29472 23.0166 0.294208 0.344171 3.09754 80 2 25 10 39791 0 
1.3062 23.0166 0.294243 0.344171 3.09754 80 2 25 10 39792 0 
1.31767 23.0167 0.294278 0.344171 3.09754 80 2 25 10 39793 0 
1.32914 23.0168 0.294313 0.344171 3.09754 80 2 25 10 39794 0 
1.34061 23.0168 0.294348 0.344171 3.09754 80 2 25 10 39795 0 
1.35208 23.0169 0.294383 0.344171 3.09754 80 2 25 10 39796 0 
1.36356 23.0169 0.294418 0.344171 3.09754 80 2 25 10 39797 0 
1.37503 23.017 0.294453 0.344171 3.09754 80 2 25 10 39798 0 
1.3865 23.0171 0.294488 0.344171 3.09754 80 2 25 10 39799 0 
1.39797 23.0171 0.294523 0.344171 3.09754 80 2 25 10 39800 0 
1.40945 23.0172 0.294558 0.344171 3.09754 80 2 25 10 39801 0 
1.42092 23.0172 0.294593 0.344171 3.09754 80 2 25 10 39802 0 
1.43239 23.0173 0.294628 0.344171 3.09754 80 2 25 10 39803 0 
1.44386 23.0174 0.294663 0.344171 3.09754 80 2 25 10 39804 0 
1.45533 23.0174 0.294698 0.344171 3.09754 80 2 25 10 39805 0 
1.46681 23.0175 0.294733 0.344171 3.09754 80 2 25 10 39806 0 
1.47828 23.0175 0.294768 0.344171 3.09754 80 2 25 10 39807 0 
1.48975 23.0176 0.294803 0.344171 3.09754 80 2 25 10 39808 0 
1.50122 23.0177 0.294838 0.344171 3.09754 80 2 25 10 39809 0 
1.5127 23.0177 0.294873 0.344171 3.09754 80 2 25 10 39810 0 
1.52417 23.0178 0.294909 0.344171 3.09754 80 2 25 10 39811 0 
1.53564 23.0178 0.294944 0.344171 3.09754 80 2 25 10 39812 0 
1.54711 23.0179 0.294979 0.344171 3.09754 80 2 25 10 39813 0 
1.55858 23.0179 0.295014 0.344171 3.09754 80 2 25 10 39814 0 
1.57006 23.018 0.295049 0.344171 3.09754 80 2 25 10 39815 0 
1.58153 23.0181 0.295084 0.344171 3.09754 80 2 25 10 39816 0 
1.593 23.0181 0.295119 0.344171 3.09754 80 2 25 10 39817 0 
1.60447 23.0182 0.295154 0.344171 3.09754 80 2 25 10 39818 0 
1.61595 23.0182 0.29519 0.344171 3.09754 80 2 25 10 39819 0 
1.62742 23.0183 0.295225 0.344171 3.09754 80 2 25 10 39820 0 
1.63889 23.0184 0.29526 0.344171 3.09754 80 2 25 10 39821 0 
1.65036 23.0184 0.295295 0.344171 3.09754 80 2 25 10 39822 0 
1.66183 23.0185 0.29533 0.344171 3.09754 80 2 25 10 39823 0 
1.67331 23.0185 0.295366 0.344171 3.09754 80 2 25 10 39824 0 
1.68478 23.0186 0.295401 0.344171 3.09754 80 2 25 10 39825 0 
1.69625 23.0187 0.295436 0.344171 3.09754 80 2 25 10 39826 0 
1.70772 23.0187 0.295471 0.344171 3.09754 80 2 25 10 39827 0 
1.7192 23.0188 0.295507 0.344171 3.09754 80 2 25 10 39828 0 
1.73067 23.0188 0.295542 0.344171 3.09754 80 2 25 10 39829 0 
1.74214 23.0189 0.295577 0.344171 3.09754 80 2 25 10 39830 0 
1.75361 23.019 0.295613 0.344171 3.09754 80 2 25 10 39831 0 
1.76508 23.019 0.295648 0.344171 3.09754 80 2 25 10 39832 0 
1.77656 23.0191 0.295683 0.344171 3.09754 80 2 25 10 39833 0 
1.78803 23.0191 0.295718 0.344171 3.09754 80 2 25 10 39834 0 
1.7995 23.0192 0.295754 0.344171 3.09754 80 2 25 10 39835 0 
1.81097 23.0192 0.295789 0.344171 3.09754 80 2 25 10 39836 0 
1.82245 23.0193 0.295825 0.344171 3.09754 80 2 25 10 39837 0 
1.83392 23.0194 0.29586 0.344171 3.09754 80 2 25 10 39838 0 
1.84539 23.0194 0.295895 0.344171 3.09754 80 2 25 10 39839 0 
1.85686 23.0195 0.295931 0.344171 3.09754 80 2 25 10 39840 0 
1.86834 23.0195 0.295966 0.344171 3.09754 80 2 25 10 39841 0 
1.87981 23.0196 0.296001 0.344171 3.09754 80 2 25 10 39842 0 
1.89128 23.0197 0.296037 0.344171 3.09754 80 2 25 10 39843 0 
1.90275 23.0197 0.296072 0.344171 3.09754 80 2 25 10 39844 0 
1.91422 23.0198 0.296108 0.344171 3.09754 80 2 25 10 39845 0 
1.9257 23.0198 0.296143 0.344171 3.09754 80 2 25 10 39846 0 
1.93717 23.0199 0.296179 0.344171 3.09754 80 2 25 10 39847 0 
1.94864 23.02 0.296214 0.344171 3.09754 80 2 25 10 39848 0 
1.96011 23.02 0.29625 0.344171 3.09754 80 2 25 10 39849 0 
1.97159 23.0201 0.296285 0.344171 3.09754 80 2 25 10 39850 0 
1.98306 23.0201 0.296321 0.344171 3.09754 80 2 25 10 39851 0 
1.99453 23.0202 0.296356 0.344171 3.09754 80 2 25 10 39852 0 
2.006 23.0203 0.296392 0.344171 3.09754 80 2 25 10 39853 0 
2.01747 23.0203 0.296427 0.344171 3.09754 80 2 25 10 39854 0 
2.02895 23.0204 0.296463 0.344171 3.09754 80 2 25 10 39855 0 
2.04042 23.0204 0.296498 0.344171 3.09754 80 2 25 10 39856 0 
2.05189 23.0205 0.296534 0.344171 3.09754 80 2 25 10 39857 0 
2.06336 23.0205 0.296569 0.344171 3.09754 80 2 25 10 39858 0 
2.07484 23.0206 0.296605 0.344171 3.09754 80 2 25 10 39859 0 
2.08631 23.0207 0.296641 0.344171 3.09754 80 2 25 10 39860 0 
2.09778 23.0207 0.296676 0.344171 3.09754 80 2 25 10 39861 0 
2.10925 23.0208 0.296712 0.344171 3.09754 80 2 25 10 39862 0 
2.12072 23.0208 0.296748 0.344171 3.09754 80 2 25 10 39863 0 
2.1322 23.0209 0.296783 0.344171 3.09754 80 2 25 10 39864 0 
2.14367 23.021 0.296819 0.344171 3.09754 80 2 25 10 39865 0 
2.15514 23.021 0.296854 0.344171 3.09754 80 2 25 10 39866 0 
2.16661 23.0211 0.29689 0.344171 3.09754 80 2 25 10 39867 0 
2.17809 23.0211 0.296926 0.344171 3.09754 80 2 25 10 39868 0 
2.18956 23.0212 0.296962 0.344171 3.09754 80 2 25 10 39869 0 
2.20103 23.0213 0.296997 0.344171 3.09754 80 2 25 10 39870 0 
2.2125 23.0213 0.297033 0.344171 3.09754 80 2 25 10 39871 0 
2.22397 23.0214 0.297069 0.344171 3.09754 80 2 25 10 39872 0 
2.23545 23.0214 0.297104 0.344171 3.09754 80 2 25 10 39873 0 
2.24692 23.0215 0.29714 0.344171 3.09754 80 2 25 10 39874 0 
2.25839 23.0216 0.297176 0.344171 3.09754 80 2 25 10 39875 0 
2.26986 23.0216 0.297212 0.344171 3.09754 80 2 25 10 39876 0 
2.28134 23.0217 0.297247 0.344171 3.09754 80 2 25 10 39877 0 
2.29281 23.0217 0.297283 0.344171 3.09754 80 2 25 10 39878 0 
2.30428 23.0218 0.297319 0.344171 3.09754 80 2 25 10 39879 0 
2.31575 23.0219 0.297355 0.344171 3.09754 80 2 25 10 39880 0 
2.32722 23.0219 0.297391 0.344171 3.09754 80 2 25 10 39881 0 
2.3387 23.022 0.297426 0.344171 3.09754 80 2 25 10 39882 0 
2.35017 23.022 0.297462 0.344171 3.09754 80 2 25 10 39883 0 
2.36164 23.0221 0.297498 0.344171 3.09754 80 2 25 10 39884 0 
2.37311 23.0221 0.297534 0.344171 3.09754 80 2 25 10 39885 0 
2.38459 23.0222 0.29757 0.344171 3.09754 80 2 25 10 39886 0 
2.39606 23.0223 0.297606 0.344171 3.09754 80 2 25 10 39887 0 
2.40753 23.0223 0.297642 0.344171 3.09754 80 2 25 10 39888 0 
2.419 23.0224 0.297678 0.344171 3.09754 80 2 25 10 39889 0 
2.43047 23.0224 0.297713 0.344171 3.09754 80 2 25 10 39890 0 
2.44195 23.0225 0.297749 0.344171 3.09754 80 2 25 10 39891 0 
2.45342 23.0226 0.297785 0.344171 3.09754 80 2 25 10 39892 0 
2.46489 23.0226 0.297821 0.344171 3.09754 80 2 25 10 39893 0 
2.47636 23.0227 0.297857 0.344171 3.09754 80 2 25 10 39894 0 
2.48784 23.0227 0.297893 0.344171 3.09754 80 2 25 10 39895 0 
2.49931 23.0228 0.297929 0.344171 3.09754 80 2 25 10 39896 0 
2.51078 23.0229 0.297965 0.344171 3.09754 80 2 25 10 39897 0 
2.52225 23.0229 0.298001 0.344171 3.09754 80 2 25 10 39898 0 
2.53372 23.023 0.298037 0.344171 3.09754 80 2 25 10 39899 0 
2.5452 23.023 0.298073 0.344171 3.09754 80 2 25 10 39900 0 
2.55667 23.0231 0.298109 0.344171 3.09754 80 2 25 10 39901 0 
2.56814 23.0232 0.298145 0.344171 3.09754 80 2 25 10 39902 0 
2.57961 23.0232 0.298181 0.344171 3.09754 80 2 25 10 39903 0 
2.59109 23.0233 0.298217 0.344171 3.09754 80 2 25 10 39904 0 
2.60256 23.0233 0.298253 0.344171 3.09754 80 2 25 10 39905 0 
2.61403 23.0234 0.298289 0.344171 3.09754 80 2 25 10 39906 0 
2.6255 23.0234 0.298326 0.344171 3.09754 80 2 25 10 39907 0 
2.63697 23.0235 0.298362 0.344171 3.09754 80 2 25 10 39908 0 
2.64845 23.0236 0.298398 0.344171 3.09754 80 2 25 10 39909 0 
2.65992 23.0236 0.298434 0.344171 3.09754 80 2 25 10 39910 0 
2.67139 23.0237 0.29847 0.344171 3.09754 80 2 25 10 39911 0 
2.68286 23.0237 0.298506 0.344171 3.09754 80 2 25 10 39912 0 
2.69434 23.0238 0.298542 0.344171 3.09754 80 2 25 10 39913 0 
2.70581 23.0239 0.298579 0.344171 3.09754 80 2 25 10 39914 0 
2.71728 23.0239 0.298615 0.344171 3.09754 80 2 25 10 39915 0 
2.72875 23.024 0.298651 0.344171 3.09754 80 2 25 10 39916 0 
2.74022 23.024 0.298687 0.344171 3.09754 80 2 25 10 39917 0 
2.7517 23.0241 0.298723 0.344171 3.09754 80 2 25 10 39918 0 
2.76317 23.0242 0.29876 0.344171 3.09754 80 2 25 10 39919 0 
2.77464 23.0242 0.298796 0.344171 3.09754 80 2 25 10 39920 0 
2.78611 23.0243 0.298832 0.344171 3.09754 80 2 25 10 39921 0 
2.79759 23.0243 0.298868 0.344171 3.09754 80 2 25 10 39922 0 
2.80906 23.0244 0.298905 0.344171 3.09754 80 2 25 10 39923 0 
2.82053 23.0245 0.298941 0.344171 3.09754 80 2 25 10 39924 0 
2.832 23.0245 0.298977 0.344171 3.09754 80 2 25 10 39925 0 
2.84347 23.0246 0.299013 0.344171 3.09754 80 2 25 10 39926 0 
2.85495 23.0246 0.29905 0.344171 3.09754 80 2 25 10 39927 0 
2.86642 23.0247 0.299086 0.344171 3.09754 80 2 25 10 39928 0 
2.87789 23.0247 0.299122 0.344171 3.09754 80 2 25 10 39929 0 
2.88936 23.0248 0.299159 0.344171 3.09754 80 2 25 10 39930 0 
2.90084 23.0249 0.299195 0.344171 3.09754 80 2 25 10 39931 0 
2.91231 23.0249 0.299231 0.344171 3.09754 80 2 25 10 39932 0 
2.92378 23.025 0.299268 0.344171 3.09754 80 2 25 10 39933 0 
2.93525 23.025 0.299304 0.344171 3.09754 80 2 25 10 39934 0 
2.94672 23.0251 0.299341 0.344171 3.09754 80 2 25 10 39935 0 
2.9582 23.0252 0.299377 0.344171 3.09754 80 2 25 10 39936 0 
2.96967 23.0252 0.299413 0.344171 3.09754 80 2 25 10 39937 0 
2.98114 23.0253 0.29945 0.344171 3.09754 80 2 25 10 39938 0 
2.99261 23.0253 0.299486 0.344171 3.09754 80 2 25 10 39939 0 
3.00409 23.0254 0.299523 0.344171 3.09754 80 2 25 10 39940 0 
3.01556 23.0255 0.299559 0.344171 3.09754 80 2 25 10 39941 0 
3.02703 23.0255 0.299596 0.344171 3.09754 80 2 25 10 39942 0 
3.0385 23.0256 0.299632 0.344171 3.09754 80 2 25 10 39943 0 
3.04997 23.0256 0.299669 0.344171 3.09754 80 2 25 10 39944 0 
3.06145 23.0257 0.299705 0.344171 3.09754 80 2 25 10 39945 0 
3.07292 23.0258 0.299742 0.344171 3.09754 80 2 25 10 39946 0 
3.08439 23.0258 0.299778 0.344171 3.09754 80 2 25 10 39947 0 
3.09586 23.0259 0.299815 0.344171 3.09754 80 2 25 10 39948 0 
3.10734 23.0259 0.299851 0.344171 3.09754 80 2 25 10 39949 0 
3.11881 23.026 0.299888 0.344171 3.09754 80 2 25 10 39950 0 
3.13028 23.026 0.299924 0.344171 3.09754 80 2 25 10 39951 0 
3.14175 23.0261 0.299961 0.344171 3.09754 80 2 25 10 39952 0 
3.15322 23.0262 0.299998 0.344171 3.09754 80 2 25 10 39953 0 
3.1647 23.0262 0.300034 0.344171 3.09754 80 2 25 10 39954 0 
3.17617 23.0263 0.300071 0.344171 3.09754 80 2 25 10 39955 0 
3.18764 23.0263 0.300107 0.344171 3.09754 80 2 25 10 39956 0 
3.19911 23.0264 0.300144 0.344171 3.09754 80 2 25 10 39957 0 
3.21059 23.0265 0.300181 0.344171 3.09754 80 2 25 10 39958 0 
3.22206 23.0265 0.300217 0.344171 3.09754 80 2 25 10 39959 0 
3.23353 23.0266 0.300254 0.344171 3.09754 80 2 25 10 39960 0 
3.245 23.0267 0.300291 0.344171 3.09754 80 2 25 10 39961 0 
3.25647 23.0267 0.300327 0.344171 3.09754 80 2 25 10 39962 0 
3.26795 23.0268 0.300364 0.344171 3.09754 80 2 25 10 39963 0 
3.27942 23.0268 0.300401 0.344171 3.09754 80 2 25 10 39964 0 
3.29089 23.0269 0.300437 0.344171 3.09754 80 2 25 10 39965 0 
3.30236 23.027 0.300474 0.344171 3.09754 80 2 25 10 39966 0 
3.31384 23.027 0.300511 0.344171 3.09754 80 2 25 10 39967 0 
3.32531 23.0271 0.300548 0.344171 3.09754 80 2 25 10 39968 0 
3.33678 23.0271 0.300584 0.344171 3.09754 80 2 25 10 39969 0 
3.34825 23.0272 0.300621 0.344171 3.09754 80 2 25 10 39970 0 
3.35972 23.0273 0.300658 0.344171 3.09754 80 2 25 10 39971 0 
3.3712 23.0273 0.300694 0.344171 3.09754 80 2 25 10 39972 0 
3.38267 23.0274 0.300731 0.344171 3.09754 80 2 25 10 39973 0 
3.39414 23.0274 0.300768 0.344171 3.09754 80 2 25 10 39974 0 
3.40561 23.0275 0.300805 0.344171 3.09754 80 2 25 10 39975 0 
3.41709 23.0276 0.300841 0.344171 3.09754 80 2 25 10 39976 0 
3.42856 23.0276 0.300878 0.344171 3.09754 80 2 25 10 39977 0 
3.44003 23.0277 0.300915 0.344171 3.09754 80 2 25 10 39978 0 
3.4515 23.0278 0.300952 0.344171 3.09754 80 2 25 10 39979 0 
3.46297 23.0278 0.300989 0.344171 3.09754 80 2 25 10 39980 0 
3.47445 23.0279 0.301025 0.344171 3.09754 80 2 25 10 39981 0 
3.48592 23.0279 0.301062 0.344171 3.09754 80 2 25 10 39982 0 
3.49739 23.028 0.301099 0.344171 3.09754 80 2 25 10 39983 0 
3.50886 23.0281 0.301136 0.344171 3.09754 80 2 25 10 39984 0 
3.52034 23.0281 0.301173 0.344171 3.09754 80 2 25 10 39985 0 
3.53181 23.0282 0.30121 0.344171 3.09754 80 2 25 10 39986 0 
3.54328 23.0282 0.301246 0.344171 3.09754 80 2 25 10 39987 0 
3.55475 23.0283 0.301283 0.344171 3.09754 80 2 25 10 39988 0 
3.56622 23.0284 0.30132 0.344171 3.09754 80 2 25 10 39989 0 
3.5777 23.0284 0.301357 0.344171 3.09754 80 2 25 10 39990 0 
3.58917 23.0285 0.301394 0.344171 3.09754 80 2 25 10 39991 0 
3.60064 23.0285 0.301431 0.344171 3.09754 80 2 25 10 39992 0 
3.61211 23.0286 0.301468 0.344171 3.09754 80 2 25 10 39993 0 
3.62359 23.0287 0.301505 0.344171 3.09754 80 2 25 10 39994 0 
3.63506 23.0287 0.301542 0.344171 3.09754 80 2 25 10 39995 0 
3.64653 23.0288 0.301579 0.344171 3.09754 80 2 25 10 39996 0 
3.658 23.0288 0.301616 0.344171 3.09754 80 2 25 10 39997 0 
3.66947 23.0289 0.301652 0.344171 3.09754 80 2 25 10 39998 0 
3.68095 23.029 0.301689 0.344171 3.09754 80 2 25 10 39999 0 
3.69242 23.029 0.301726 0.344171 3.09754 80 2 25 10 40000 0 
3.70389 23.0291 0.301763 0.344171 3.09754 80 2 25 10 40001 0 
3.71536 23.0292 0.3018 0.344171 3.09754 80 2 25 10 40002 0 
3.72684 23.0292 0.301837 0.344171 3.09754 80 2 25 10 40003 0 
3.73831 23.0293 0.301874 0.344171 3.09754 80 2 25 10 40004 0 
3.74978 23.0293 0.301911 0.344171 3.09754 80 2 25 10 40005 0 
3.76125 23.0294 0.301948 0.344171 3.09754 80 2 25 10 40006 0 
3.77272 23.0295 0.301985 0.344171 3.09754 80 2 25 10 40007 0 
3.7842 23.0295 0.302022 0.344171 3.09754 80 2 25 10 40008 0 
3.79567 23.0296 0.30206 0.344171 3.09754 80 2 25 10 40009 0 
3.80714 23.0296 0.302097 0.344171 3.09754 80 2 25 10 40010 0 
3.81861 23.0297 0.302134 0.344171 3.09754 80 2 25 10 40011 0 
3.83009 23.0298 0.302171 0.344171 3.09754 80 2 25 10 40012 0 
3.84156 23.0298 0.302208 0.344171 3.09754 80 2 25 10 40013 0 
3.85303 23.0299 0.302245 0.344171 3.09754 80 2 25 10 40014 0 
3.8645 23.0299 0.302282 0.344171 3.09754 80 2 25 10 40015 0 
3.87597 23.03 0.302319 0.344171 3.09754 80 2 25 10 40016 0 
3.88745 23.0301 0.302356 0.344171 3.09754 80 2 25 10 40017 0 
3.89892 23.0301 0.302393 0.344171 3.09754 80 2 25 10 40018 0 
3.91039 23.0302 0.302431 0.344171 3.09754 80 2 25 10 40019 0 
3.92186 23.0303 0.302468 0.344171 3.09754 80 2 25 10 40020 0 
3.93334 23.0303 0.302505 0.344171 3.09754 80 2 25 10 40021 0 
3.94481 23.0304 0.302542 0.344171 3.09754 80 2 25 10 40022 0 
3.95628 23.0304 0.302579 0.344171 3.09754 80 2 25 10 40023 0 
3.96775 23.0305 0.302616 0.344171 3.09754 80 2 25 10 40024 0 
3.97922 23.0306 0.302654 0.344171 3.09754 80 2 25 10 40025 0 
3.9907 23.0306 0.302691 0.344171 3.09754 80 2 25 10 40026 0 
4.00217 23.0307 0.302728 0.344171 3.09754 80 2 25 10 40027 0 
4.01364 23.0307 0.302765 0.344171 3.09754 80 2 25 10 40028 0 
4.02511 23.0308 0.302803 0.344171 3.09754 80 2 25 10 40029 0 
4.03659 23.0309 0.30284 0.344171 3.09754 80 2 25 10 40030 0 
4.04806 23.0309 0.302877 0.344171 3.09754 80 2 25 10 40031 0 
4.05953 23.031 0.302914 0.344171 3.09754 80 2 25 10 40032 0 
4.071 23.031 0.302952 0.344171 3.09754 80 2 25 10 40033 0 
4.08247 23.0311 0.302989 0.344171 3.09754 80 2 25 10 40034 0 
4.09395 23.0312 0.303026 0.344171 3.09754 80 2 25 10 40035 0 
4.10542 23.0312 0.303063 0.344171 3.09754 80 2 25 10 40036 0 
4.11689 23.0313 0.303101 0.344171 3.09754 80 2 25 10 40037 0 
4.12836 23.0314 0.303138 0.344171 3.09754 80 2 25 10 40038 0 
4.13984 23.0314 0.303175 0.344171 3.09754 80 2 25 10 40039 0 
4.15131 23.0315 0.303213 0.344171 3.09754 80 2 25 10 40040 0 
4.16278 23.0315 0.30325 0.344171 3.09754 80 2 25 10 40041 0 
4.17425 23.0316 0.303288 0.344171 3.09754 80 2 25 10 40042 0 
4.18572 23.0317 0.303325 0.344171 3.09754 80 2 25 10 40043 0 
4.1972 23.0317 0.303362 0.344171 3.09754 80 2 25 10 40044 0 
4.20867 23.0318 0.3034 0.344171 3.09754 80 2 25 10 40045 0 
4.22014 23.0318 0.303437 0.344171 3.09754 80 2 25 10 40046 0 
4.23161 23.0319 0.303475 0.344171 3.09754 80 2 25 10 40047 0 
4.24309 23.032 0.303512 0.344171 3.09754 80 2 25 10 40048 0 
4.25456 23.032 0.30355 0.344171 3.09754 80 2 25 10 40049 0 
4.26603 23.0321 0.303587 0.344171 3.09754 80 2 25 10 40050 0 
4.2775 23.0321 0.303624 0.344171 3.09754 80 2 25 10 40051 0 
4.28897 23.0322 0.303662 0.344171 3.09754 80 2 25 10 40052 0 
4.30045 23.0323 0.303699 0.344171 3.09754 80 2 25 10 40053 0 
4.31192 23.0323 0.303737 0.344171 3.09754 80 2 25 10 40054 0 
4.32339 23.0324 0.303774 0.344171 3.09754 80 2 25 10 40055 0 
4.33486 23.0324 0.303812 0.344171 3.09754 80 2 25 10 40056 0 
4.34634 23.0325 0.303849 0.344171 3.09754 80 2 25 10 40057 0 
4.35781 23.0326 0.303887 0.344171 3.09754 80 2 25 10 40058 0 
4.36928 23.0326 0.303925 0.344171 3.09754 80 2 25 10 40059 0 
4.38075 23.0327 0.303962 0.344171 3.09754 80 2 25 10 40060 0 
4.39222 23.0328 0.304 0.344171 3.09754 80 2 25 10 40061 0 
4.4037 23.0328 0.304037 0.344171 3.09754 80 2 25 10 40062 0 
4.41517 23.0329 0.304075 0.344171 3.09754 80 2 25 10 40063 0 
4.42664 23.0329 0.304113 0.344171 3.09754 80 2 25 10 40064 0 
4.43811 23.033 0.30415 0.344171 3.09754 80 2 25 10 40065 0 
4.44959 23.0331 0.304188 0.344171 3.09754 80 2 25 10 40066 0 
4.46106 23.0331 0.304225 0.344171 3.09754 80 2 25 10 40067 0 
4.47253 23.0332 0.304263 0.344171 3.09754 80 2 25 10 40068 0 
4.484 23.0332 0.304301 0.344171 3.09754 80 2 25 10 40069 0 
4.49547 23.0333 0.304338 0.344171 3.09754 80 2 25 10 40070 0 
4.50695 23.0334 0.304376 0.344171 3.09754 80 2 25 10 40071 0 
4.51842 23.0334 0.304414 0.344171 3.09754 80 2 25 10 40072 0 
4.52989 23.0335 0.304452 0.344171 3.09754 80 2 25 10 40073 0 
4.54136 23.0335 0.304489 0.344171 3.09754 80 2 25 10 40074 0 
4.55284 23.0336 0.304527 0.344171 3.09754 80 2 25 10 40075 0 
4.56431 23.0337 0.304565 0.344171 3.09754 80 2 25 10 40076 0 
4.57578 23.0337 0.304602 0.344171 3.09754 80 2 25 10 40077 0 
4.58725 23.0338 0.30464 0.344171 3.09754 80 2 25 10 40078 0 
4.59872 23.0339 0.304678 0.344171 3.09754 80 2 25 10 40079 0 
4.6102 23.0339 0.304716 0.344171 3.09754 80 2 25 10 40080 0 
4.62167 23.034 0.304754 0.344171 3.09754 80 2 25 10 40081 0 
4.63314 23.034 0.304791 0.344171 3.09754 80 2 25 10 40082 0 
4.64461 23.0341 0.304829 0.344171 3.09754 80 2 25 10 40083 0 
4.65609 23.0342 0.304867 0.344171 3.09754 80 2 25 10 40084 0 
4.66756 23.0342 0.304905 0.344171 3.09754 80 2 25 10 40085 0 
4.67903 23.0343 0.304943 0.344171 3.09754 80 2 25 10 40086 0 
4.6905 23.0343 0.304981 0.344171 3.09754 80 2 25 10 40087 0 
4.70197 23.0344 0.305018 0.344171 3.09754 80 2 25 10 40088 0 
4.71345 23.0345 0.305056 0.344171 3.09754 80 2 25 10 40089 0 
4.72492 23.0345 0.305094 0.344171 3.09754 80 2 25 10 40090 0 
4.73639 23.0346 0.305132 0.344171 3.09754 80 2 25 10 40091 0 
4.74786 23.0346 0.30517 0.344171 3.09754 80 2 25 10 40092 0 
4.75934 23.0347 0.305208 0.344171 3.09754 80 2 25 10 40093 0 
4.77081 23.0348 0.305246 0.344171 3.09754 80 2 25 10 40094 0 
4.78228 23.0348 0.305284 0.344171 3.09754 80 2 25 10 40095 0 
4.79375 23.0349 0.305322 0.344171 3.09754 80 2 25 10 40096 0 
4.79935 23.0349 -0.451027 0.344171 3.09754 80 2 25 10 40097 0 
4.81082 23.0348 -0.438383 0.344171 3.09754 80 2 25 10 40098 0 
4.81642 23.0348 -1.18851 0.344171 3.09754 80 2 25 10 40099 0 
4.82789 23.0346 -1.16357 0.344171 3.09754 80 2 25 10 40100 0 
4.83348 23.0344 -1.90761 0.344171 3.09754 80 2 25 10 40101 0 
4.84495 23.0341 -1.87068 0.344171 3.09754 80 2 25 10 40102 0 
4.85054 23.0339 -2.60874 0.344171 3.09754 80 2 25 10 40103 0 
4.862 23.0333 -2.56012 0.344171 3.09754 80 2 25 10 40104 0 
4.8676 23.0331 -3.29232 0.344171 3.09754 80 2 25 10 40105 0 
4.87905 23.0324 -3.23231 0.344171 3.09754 80 2 25 10 40106 0 
4.88464 23.0321 -3.95876 0.344171 3.09754 80 2 25 10 40107 0 
4.89609 23.0313 -3.88764 0.344171 3.09754 80 2 25 10 40108 0 
4.90753 23.0306 -3.8177 0.344171 3.09754 80 2 25 10 40109 0 
4.91311 23.0302 -4.53898 0.344171 3.09754 80 2 25 10 40110 0 
4.92455 23.0293 -4.45818 0.344171 3.09754 80 2 25 10 40111 0 
4.93013 23.0288 -5.17393 0.344171 3.09754 80 2 25 10 40112 0 
4.94156 23.0278 -5.08255 0.344171 3.09754 80 2 25 10 40113 0 
4.94713 23.0273 -5.79287 0.344171 3.09754 80 2 25 10 40114 0 
4.95854 23.0262 -5.69117 0.344171 3.09754 80 2 25 10 40115 0 
4.96412 23.0256 -6.39617 0.344171 3.09754 80 2 25 10 40116 0 
4.97552 23.0243 -6.2844 0.344171 3.09754 80 2 25 10 40117 0 
4.98108 23.0237 -6.98418 0.344171 3.09754 80 2 25 10 40118 0 
4.99247 23.0223 -6.86261 0.344171 3.09754 80 2 25 10 40119 0 
4.99803 23.0216 -7.55728 0.344171 3.09754 80 2 25 10 40120 0 
5.0094 23.0201 -7.42615 0.344171 3.09754 80 2 25 10 40121 0 
5.02078 23.0187 -7.2972 0.344171 3.09754 80 2 25 10 40122 0 
5.02633 23.0179 -7.9877 0.344171 3.09754 80 2 25 10 40123 0 
5.03769 23.0163 -7.84938 0.344171 3.09754 80 2 25 10 40124 0 
5.04323 23.0156 -8.53494 0.344171 3.09754 80 2 25 10 40125 0 
5.05458 23.0139 -8.3875 0.344171 3.09754 80 2 25 10 40126 0 
5.06012 23.0131 -9.06821 0.344171 3.09754 80 2 25 10 40127 0 
5.07145 23.0113 -8.91187 0.344171 3.09754 80 2 25 10 40128 0 
5.07698 23.0104 -9.58782 0.344171 3.09754 80 2 25 10 40129 0 
5.08829 23.0085 -9.42281 0.344171 3.09754 80 2 25 10 40130 0 
5.09961 23.0066 -9.26055 0.344171 3.09754 80 2 25 10 40131 0 
5.10513 23.0057 -9.93291 0.344171 3.09754 80 2 25 10 40132 0 
5.11643 23.0037 -9.76214 0.344171 3.09754 80 2 25 10 40133 0 
5.12195 23.0028 -10.4299 0.344171 3.09754 80 2 25 10 40134 0 
5.13323 23.0007 -10.2508 0.344171 3.09754 80 2 25 10 40135 0 
5.13874 22.9997 -10.9141 0.344171 3.09754 80 2 25 10 40136 0 
5.15 22.9975 -10.7269 0.344171 3.09754 80 2 25 10 40137 0 
5.15551 22.9965 -11.3857 0.344171 3.09754 80 2 25 10 40138 0 
5.16675 22.9942 -11.1907 0.344171 3.09754 80 2 25 10 40139 0 
5.17801 22.992 -10.999 0.344171 3.09754 80 2 25 10 40140 0 
5.1835 22.9909 -11.6547 0.344171 3.09754 80 2 25 10 40141 0 
5.19474 22.9886 -11.4552 0.344171 3.09754 80 2 25 10 40142 0 
5.20022 22.9875 -12.1066 0.344171 3.09754 80 2 25 10 40143 0 
5.21144 22.9851 -11.8996 0.344171 3.09754 80 2 25 10 40144 0 
5.21692 22.9839 -12.5468 0.344171 3.09754 80 2 25 10 40145 0 
5.22812 22.9814 -12.3324 0.344171 3.09754 80 2 25 10 40146 0 
5.23933 22.979 -12.1215 0.344171 3.09754 80 2 25 10 40147 0 
5.2448 22.9778 -12.766 0.344171 3.09754 80 2 25 10 40148 0 
5.25599 22.9753 -12.5479 0.344171 3.09754 80 2 25 10 40149 0 
5.26145 22.9741 -13.1883 0.344171 3.09754 80 2 25 10 40150 0 
5.27262 22.9714 -12.9632 0.344171 3.09754 80 2 25 10 40151 0 
5.27808 22.9702 -13.5996 0.344171 3.09754 80 2 25 10 40152 0 
5.28923 22.9675 -13.3676 0.344171 3.09754 80 2 25 10 40153 0 
5.30039 22.9648 -13.1395 0.344171 3.09754 80 2 25 10 40154 0 
5.30584 22.9636 -13.7734 0.344171 3.09754 80 2 25 10 40155 0 
5.31698 22.9608 -13.5385 0.344171 3.09754 80 2 25 10 40156 0 
5.32243 22.9595 -14.1685 0.344171 3.09754 80 2 25 10 40157 0 
5.33355 22.9567 -13.927 0.344171 3.09754 80 2 25 10 40158 0 
5.34468 22.954 -13.6895 0.344171 3.09754 80 2 25 10 40159 0 
5.35012 22.9526 -14.3173 0.344171 3.09754 80 2 25 10 40160 0 
5.36124 22.9498 -14.0733 0.344171 3.09754 80 2 25 10 40161 0 
5.36667 22.9484 -14.6973 0.344171 3.09754 80 2 25 10 40162 0 
5.37776 22.9455 -14.4469 0.344171 3.09754 80 2 25 10 40163 0 
5.38887 22.9427 -14.2007 0.344171 3.09754 80 2 25 10 40164 0 
5.3943 22.9413 -14.8226 0.344171 3.09754 80 2 25 10 40165 0 
5.40539 22.9384 -14.5702 0.344171 3.09754 80 2 25 10 40166 0 
5.41081 22.9369 -15.1883 0.344171 3.09754 80 2 25 10 40167 0 
5.42188 22.9339 -14.9298 0.344171 3.09754 80 2 25 10 40168 0 
5.42729 22.9325 -15.5443 0.344171 3.09754 80 2 25 10 40169 0 
5.43834 22.9294 -15.2798 0.344171 3.09754 80 2 25 10 40170 0 
5.44941 22.9264 -15.0197 0.344171 3.09754 80 2 25 10 40171 0 
5.45482 22.9249 -15.6323 0.344171 3.09754 80 2 25 10 40172 0 
5.46586 22.9219 -15.3663 0.344171 3.09754 80 2 25 10 40173 0 
5.47126 22.9204 -15.9755 0.344171 3.09754 80 2 25 10 40174 0 
5.48229 22.9172 -15.7038 0.344171 3.09754 80 2 25 10 40175 0 
5.49334 22.9141 -15.4365 0.344171 3.09754 80 2 25 10 40176 0 
5.49873 22.9126 -16.044 0.344171 3.09754 80 2 25 10 40177 0 
5.50976 22.9095 -15.7711 0.344171 3.09754 80 2 25 10 40178 0 
5.5208 22.9063 -15.5027 0.344171 3.09754 80 2 25 10 40179 0 
5.52619 22.9048 -16.1085 0.344171 3.09754 80 2 25 10 40180 0 
5.53721 22.9017 -15.8345 0.344171 3.09754 80 2 25 10 40181 0 
5.5426 22.9001 -16.4368 0.344171 3.09754 80 2 25 10 40182 0 
5.5536 22.8969 -16.1573 0.344171 3.09754 80 2 25 10 40183 0 
5.56462 22.8937 -15.8825 0.344171 3.09754 80 2 25 10 40184 0 
5.57001 22.8922 -16.4832 0.344171 3.09754 80 2 25 10 40185 0 
5.58101 22.8889 -16.2029 0.344171 3.09754 80 2 25 10 40186 0 
5.58638 22.8873 -16.8003 0.344171 3.09754 80 2 25 10 40187 0 
5.59737 22.884 -16.5147 0.344171 3.09754 80 2 25 10 40188 0 
5.60837 22.8808 -16.2339 0.344171 3.09754 80 2 25 10 40189 0 
5.61374 22.8792 -16.8299 0.344171 3.09754 80 2 25 10 40190 0 
5.62472 22.8759 -16.5438 0.344171 3.09754 80 2 25 10 40191 0 
5.63572 22.8726 -16.2624 0.344171 3.09754 80 2 25 10 40192 0 
5.64109 22.871 -16.857 0.344171 3.09754 80 2 25 10 40193 0 
5.65207 22.8677 -16.5704 0.344171 3.09754 80 2 25 10 40194 0 
5.65744 22.8661 -17.1617 0.344171 3.09754 80 2 25 10 40195 0 
5.6684 22.8627 -16.87 0.344171 3.09754 80 2 25 10 40196 0 
5.67938 22.8594 -16.5832 0.344171 3.09754 80 2 25 10 40197 0 
5.68474 22.8578 -17.1731 0.344171 3.09754 80 2 25 10 40198 0 
5.6957 22.8544 -16.8813 0.344171 3.09754 80 2 25 10 40199 0 
5.70668 22.8511 -16.5942 0.344171 3.09754 80 2 25 10 40200 0 
5.71205 22.8495 -17.1829 0.344171 3.09754 80 2 25 10 40201 0 
5.72301 22.8461 -16.8908 0.344171 3.09754 80 2 25 10 40202 0 
5.72836 22.8445 -17.4763 0.344171 3.09754 80 2 25 10 40203 0 
5.73931 22.841 -17.1793 0.344171 3.09754 80 2 25 10 40204 0 
5.75027 22.8376 -16.8873 0.344171 3.09754 80 2 25 10 40205 0 
5.75562 22.836 -17.4715 0.344171 3.09754 80 2 25 10 40206 0 
5.76657 22.8326 -17.1746 0.344171 3.09754 80 2 25 10 40207 0 
5.77753 22.8292 -16.8826 0.344171 3.09754 80 2 25 10 40208 0 
5.78288 22.8275 -17.4657 0.344171 3.09754 80 2 25 10 40209 0 
5.79383 22.8241 -17.1689 0.344171 3.09754 80 2 25 10 40210 0 
5.79918 22.8225 -17.7488 0.344171 3.09754 80 2 25 10 40211 0 
5.8101 22.819 -17.4472 0.344171 3.09754 80 2 25 10 40212 0 
5.82105 22.8155 -17.1507 0.344171 3.09754 80 2 25 10 40213 0 
5.8264 22.8139 -17.7295 0.344171 3.09754 80 2 25 10 40214 0 
5.83732 22.8104 -17.4283 0.344171 3.09754 80 2 25 10 40215 0 
5.84827 22.8069 -17.132 0.344171 3.09754 80 2 25 10 40216 0 
5.85362 22.8053 -17.7098 0.344171 3.09754 80 2 25 10 40217 0 
5.86455 22.8018 -17.4088 0.344171 3.09754 80 2 25 10 40218 0 
5.87549 22.7984 -17.1128 0.344171 3.09754 80 2 25 10 40219 0 
5.88084 22.7967 -17.6895 0.344171 3.09754 80 2 25 10 40220 0 
5.89177 22.7932 -17.3888 0.344171 3.09754 80 2 25 10 40221 0 
5.89712 22.7916 -17.9625 0.344171 3.09754 80 2 25 10 40222 0 
5.90803 22.788 -17.6573 0.344171 3.09754 80 2 25 10 40223 0 
5.91896 22.7845 -17.3571 0.344171 3.09754 80 2 25 10 40224 0 
5.92431 22.7829 -17.9298 0.344171 3.09754 80 2 25 10 40225 0 
5.93522 22.7793 -17.6251 0.344171 3.09754 80 2 25 10 40226 0 
5.94616 22.7759 -17.3254 0.344171 3.09754 80 2 25 10 40227 0 
5.9515 22.7742 -17.8971 0.344171 3.09754 80 2 25 10 40228 0 
5.96242 22.7707 -17.5929 0.344171 3.09754 80 2 25 10 40229 0 
5.97335 22.7672 -17.2938 0.344171 3.09754 80 2 25 10 40230 0 
5.9787 22.7655 -17.8644 0.344171 3.09754 80 2 25 10 40231 0 
5.98962 22.762 -17.5608 0.344171 3.09754 80 2 25 10 40232 0 
6.00056 22.7586 -17.2621 0.344171 3.09754 80 2 25 10 40233 0 
6.0059 22.7569 -17.8318 0.344171 3.09754 80 2 25 10 40234 0 
6.01682 22.7534 -17.5287 0.344171 3.09754 80 2 25 10 40235 0 
6.02776 22.7499 -17.2306 0.344171 3.09754 80 2 25 10 40236 0 
6.03311 22.7483 -17.7992 0.344171 3.09754 80 2 25 10 40237 0 
6.04403 22.7448 -17.4966 0.344171 3.09754 80 2 25 10 40238 0 
6.04937 22.7431 -18.0623 0.344171 3.09754 80 2 25 10 40239 0 
6.06028 22.7395 -17.7553 0.344171 3.09754 80 2 25 10 40240 0 
6.0712 22.736 -17.4534 0.344171 3.09754 80 2 25 10 40241 0 
6.07655 22.7343 -18.0182 0.344171 3.09754 80 2 25 10 40242 0 
6.08746 22.7308 -17.7119 0.344171 3.09754 80 2 25 10 40243 0 
6.09838 22.7273 -17.4107 0.344171 3.09754 80 2 25 10 40244 0 
6.10373 22.7256 -17.9746 0.344171 3.09754 80 2 25 10 40245 0 
6.11464 22.7221 -17.6689 0.344171 3.09754 80 2 25 10 40246 0 
6.12557 22.7186 -17.3684 0.344171 3.09754 80 2 25 10 40247 0 
6.13091 22.7169 -17.9314 0.344171 3.09754 80 2 25 10 40248 0 
6.14183 22.7134 -17.6265 0.344171 3.09754 80 2 25 10 40249 0 
6.15276 22.7099 -17.3266 0.344171 3.09754 80 2 25 10 40250 0 
6.15811 22.7083 -17.8887 0.344171 3.09754 80 2 25 10 40251 0 
6.16902 22.7047 -17.5845 0.344171 3.09754 80 2 25 10 40252 0 
6.17996 22.7013 -17.2853 0.344171 3.09754 80 2 25 10 40253 0 
6.18531 22.6996 -17.8464 0.344171 3.09754 80 2 25 10 40254 0 
6.19623 22.6961 -17.5429 0.344171 3.09754 80 2 25 10 40255 0 
6.20717 22.6926 -17.2444 0.344171 3.09754 80 2 25 10 40256 0 
6.21251 22.691 -17.8046 0.344171 3.09754 80 2 25 10 40257 0 
6.22343 22.6875 -17.5017 0.344171 3.09754 80 2 25 10 40258 0 
6.23438 22.684 -17.2039 0.344171 3.09754 80 2 25 10 40259 0 
6.23972 22.6824 -17.7632 0.344171 3.09754 80 2 25 10 40260 0 
6.25065 22.6789 -17.461 0.344171 3.09754 80 2 25 10 40261 0 
6.26159 22.6754 -17.1638 0.344171 3.09754 80 2 25 10 40262 0 
6.26694 22.6738 -17.7222 0.344171 3.09754 80 2 25 10 40263 0 
6.27787 22.6703 -17.4207 0.344171 3.09754 80 2 25 10 40264 0 
6.28882 22.6668 -17.1241 0.344171 3.09754 80 2 25 10 40265 0 
6.29417 22.6652 -17.6816 0.344171 3.09754 80 2 25 10 40266 0 
6.3051 22.6617 -17.3807 0.344171 3.09754 80 2 25 10 40267 0 
6.31605 22.6583 -17.0848 0.344171 3.09754 80 2 25 10 40268 0 
6.3214 22.6566 -17.6414 0.344171 3.09754 80 2 25 10 40269 0 
6.33233 22.6532 -17.3411 0.344171 3.09754 80 2 25 10 40270 0 
6.34328 22.6497 -17.0458 0.344171 3.09754 80 2 25 10 40271 0 
6.34863 22.6481 -17.6015 0.344171 3.09754 80 2 25 10 40272 0 
6.35957 22.6446 -17.3019 0.344171 3.09754 80 2 25 10 40273 0 
6.37052 22.6412 -17.0072 0.344171 3.09754 80 2 25 10 40274 0 
6.37587 22.6396 -17.562 0.344171 3.09754 80 2 25 10 40275 0 
6.38681 22.6361 -17.263 0.344171 3.09754 80 2 25 10 40276 0 
6.39777 22.6327 -16.969 0.344171 3.09754 80 2 25 10 40277 0 
6.40312 22.6311 -17.5228 0.344171 3.09754 80 2 25 10 40278 0 
6.41406 22.6276 -17.2244 0.344171 3.09754 80 2 25 10 40279 0 
6.42502 22.6242 -16.931 0.344171 3.09754 80 2 25 10 40280 0 
6.43037 22.6226 -17.4839 0.344171 3.09754 80 2 25 10 40281 0 
6.44131 22.6192 -17.1862 0.344171 3.09754 80 2 25 10 40282 0 
6.45227 22.6158 -16.8934 0.344171 3.09754 80 2 25 10 40283 0 
6.45763 22.6141 -17.4454 0.344171 3.09754 80 2 25 10 40284 0 
6.46858 22.6107 -17.1482 0.344171 3.09754 80 2 25 10 40285 0 
6.47954 22.6073 -16.8561 0.344171 3.09754 80 2 25 10 40286 0 
6.48489 22.6057 -17.4071 0.344171 3.09754 80 2 25 10 40287 0 
6.49584 22.6023 -17.1106 0.344171 3.09754 80 2 25 10 40288 0 
6.50681 22.5989 -16.819 0.344171 3.09754 80 2 25 10 40289 0 
6.51216 22.5973 -17.3692 0.344171 3.09754 80 2 25 10 40290 0 
6.52311 22.5938 -17.0733 0.344171 3.09754 80 2 25 10 40291 0 
6.53408 22.5905 -16.7823 0.344171 3.09754 80 2 25 10 40292 0 
6.53944 22.5889 -17.3315 0.344171 3.09754 80 2 25 10 40293 0 
6.55039 22.5854 -17.0362 0.344171 3.09754 80 2 25 10 40294 0 
6.56136 22.5821 -16.7458 0.344171 3.09754 80 2 25 10 40295 0 
6.56672 22.5805 -17.2941 0.344171 3.09754 80 2 25 10 40296 0 
6.57767 22.5771 -16.9994 0.344171 3.09754 80 2 25 10 40297 0 
6.58864 22.5737 -16.7096 0.344171 3.09754 80 2 25 10 40298 0 
6.59401 22.5721 -17.257 0.344171 3.09754 80 2 25 10 40299 0 
6.60496 22.5687 -16.9629 0.344171 3.09754 80 2 25 10 40300 0 
6.61594 22.5653 -16.6737 0.344171 3.09754 80 2 25 10 40301 0 
6.6213 22.5637 -17.2201 0.344171 3.09754 80 2 25 10 40302 0 
6.63226 22.5603 -16.9266 0.344171 3.09754 80 2 25 10 40303 0 
6.64323 22.557 -16.638 0.344171 3.09754 80 2 25 10 40304 0 
6.6486 22.5554 -17.1835 0.344171 3.09754 80 2 25 10 40305 0 
6.65956 22.552 -16.8906 0.344171 3.09754 80 2 25 10 40306 0 
6.67053 22.5487 -16.6025 0.344171 3.09754 80 2 25 10 40307 0 
6.6759 22.5471 -17.1471 0.344171 3.09754 80 2 25 10 40308 0 
6.68686 22.5437 -16.8548 0.344171 3.09754 80 2 25 10 40309 0 
6.69784 22.5404 -16.5673 0.344171 3.09754 80 2 25 10 40310 0 
6.70321 22.5388 -17.111 0.344171 3.09754 80 2 25 10 40311 0 
6.71417 22.5354 -16.8192 0.344171 3.09754 80 2 25 10 40312 0 
6.72515 22.5321 -16.5323 0.344171 3.09754 80 2 25 10 40313 0 
6.73052 22.5305 -17.0751 0.344171 3.09754 80 2 25 10 40314 0 
6.74149 22.5271 -16.7839 0.344171 3.09754 80 2 25 10 40315 0 
6.75247 22.5238 -16.4975 0.344171 3.09754 80 2 25 10 40316 0 
6.75784 22.5222 -17.0394 0.344171 3.09754 80 2 25 10 40317 0 
6.76881 22.5188 -16.7487 0.344171 3.09754 80 2 25 10 40318 0 
6.77979 22.5155 -16.4629 0.344171 3.09754 80 2 25 10 40319 0 
6.78516 22.514 -17.0039 0.344171 3.09754 80 2 25 10 40320 0 
6.79613 22.5106 -16.7138 0.344171 3.09754 80 2 25 10 40321 0 
6.80712 22.5073 -16.4286 0.344171 3.09754 80 2 25 10 40322 0 
6.81249 22.5057 -16.9686 0.344171 3.09754 80 2 25 10 40323 0 
6.82347 22.5024 -16.6791 0.344171 3.09754 80 2 25 10 40324 0 
6.83446 22.4991 -16.3944 0.344171 3.09754 80 2 25 10 40325 0 
6.84546 22.4958 -16.1145 0.344171 3.09754 80 2 25 10 40326 0 
6.85084 22.4943 -16.6554 0.344171 3.09754 80 2 25 10 40327 0 
6.86183 22.491 -16.3711 0.344171 3.09754 80 2 25 10 40328 0 
6.87284 22.4878 -16.0915 0.344171 3.09754 80 2 25 10 40329 0 
6.87822 22.4862 -16.6315 0.344171 3.09754 80 2 25 10 40330 0 
6.88921 22.4829 -16.3475 0.344171 3.09754 80 2 25 10 40331 0 
6.90022 22.4797 -16.0683 0.344171 3.09754 80 2 25 10 40332 0 
6.9056 22.4781 -16.6073 0.344171 3.09754 80 2 25 10 40333 0 
6.91659 22.4749 -16.3237 0.344171 3.09754 80 2 25 10 40334 0 
6.9276 22.4716 -16.0449 0.344171 3.09754 80 2 25 10 40335 0 
6.93298 22.4701 -16.5828 0.344171 3.09754 80 2 25 10 40336 0 
6.94397 22.4668 -16.2997 0.344171 3.09754 80 2 25 10 40337 0 
6.95499 22.4636 -16.0212 0.344171 3.09754 80 2 25 10 40338 0 
6.96037 22.4621 -16.5582 0.344171 3.09754 80 2 25 10 40339 0 
6.97136 22.4588 -16.2754 0.344171 3.09754 80 2 25 10 40340 0 
6.98238 22.4556 -15.9973 0.344171 3.09754 80 2 25 10 40341 0 
6.98776 22.454 -16.5333 0.344171 3.09754 80 2 25 10 40342 0 
6.99876 22.4508 -16.2509 0.344171 3.09754 80 2 25 10 40343 0 
7.00977 22.4476 -15.9732 0.344171 3.09754 80 2 25 10 40344 0 
7.01515 22.446 -16.5083 0.344171 3.09754 80 2 25 10 40345 0 
7.02615 22.4428 -16.2263 0.344171 3.09754 80 2 25 10 40346 0 
7.03717 22.4395 -15.949 0.344171 3.09754 80 2 25 10 40347 0 
7.04255 22.438 -16.483 0.344171 3.09754 80 2 25 10 40348 0 
7.05355 22.4347 -16.2014 0.344171 3.09754 80 2 25 10 40349 0 
7.06457 22.4315 -15.9245 0.344171 3.09754 80 2 25 10 40350 0 
7.0756 22.4284 -15.6522 0.344171 3.09754 80 2 25 10 40351 0 
7.08099 22.4269 -16.1871 0.344171 3.09754 80 2 25 10 40352 0 
7.09201 22.4237 -15.9104 0.344171 3.09754 80 2 25 10 40353 0 
7.10304 22.4205 -15.6382 0.344171 3.09754 80 2 25 10 40354 0 
7.10843 22.419 -16.1721 0.344171 3.09754 80 2 25 10 40355 0 
7.11945 22.4158 -15.8956 0.344171 3.09754 80 2 25 10 40356 0 
7.13049 22.4127 -15.6237 0.344171 3.09754 80 2 25 10 40357 0 
7.13588 22.4112 -16.1565 0.344171 3.09754 80 2 25 10 40358 0 
7.1469 22.408 -15.8803 0.344171 3.09754 80 2 25 10 40359 0 
7.15793 22.4049 -15.6086 0.344171 3.09754 80 2 25 10 40360 0 
7.16332 22.4034 -16.1404 0.344171 3.09754 80 2 25 10 40361 0 
7.17434 22.4002 -15.8644 0.344171 3.09754 80 2 25 10 40362 0 
7.18538 22.397 -15.593 0.344171 3.09754 80 2 25 10 40363 0 
7.19077 22.3955 -16.1238 0.344171 3.09754 80 2 25 10 40364 0 
7.20179 22.3923 -15.848 0.344171 3.09754 80 2 25 10 40365 0 
7.21283 22.3892 -15.5769 0.344171 3.09754 80 2 25 10 40366 0 
7.21822 22.3877 -16.1066 0.344171 3.09754 80 2 25 10 40367 0 
7.22925 22.3845 -15.8311 0.344171 3.09754 80 2 25 10 40368 0 
7.24028 22.3814 -15.5602 0.344171 3.09754 80 2 25 10 40369 0 
7.25133 22.3783 -15.2938 0.344171 3.09754 80 2 25 10 40370 0 
7.25673 22.3768 -15.8243 0.344171 3.09754 80 2 25 10 40371 0 
7.26777 22.3737 -15.5535 0.344171 3.09754 80 2 25 10 40372 0 
7.27882 22.3706 -15.2872 0.344171 3.09754 80 2 25 10 40373 0 
7.28422 22.3692 -15.8166 0.344171 3.09754 80 2 25 10 40374 0 
7.29526 22.366 -15.5459 0.344171 3.09754 80 2 25 10 40375 0 
7.30631 22.363 -15.2797 0.344171 3.09754 80 2 25 10 40376 0 
7.31171 22.3615 -15.808 0.344171 3.09754 80 2 25 10 40377 0 
7.32275 22.3584 -15.5374 0.344171 3.09754 80 2 25 10 40378 0 
7.33381 22.3553 -15.2713 0.344171 3.09754 80 2 25 10 40379 0 
7.33921 22.3538 -15.7986 0.344171 3.09754 80 2 25 10 40380 0 
7.35025 22.3507 -15.5282 0.344171 3.09754 80 2 25 10 40381 0 
7.3613 22.3476 -15.2622 0.344171 3.09754 80 2 25 10 40382 0 
7.3667 22.3461 -15.7884 0.344171 3.09754 80 2 25 10 40383 0 
7.37774 22.343 -15.5181 0.344171 3.09754 80 2 25 10 40384 0 
7.38879 22.3399 -15.2523 0.344171 3.09754 80 2 25 10 40385 0 
7.39986 22.3369 -14.9909 0.344171 3.09754 80 2 25 10 40386 0 
7.40527 22.3355 -15.5178 0.344171 3.09754 80 2 25 10 40387 0 
7.41632 22.3324 -15.252 0.344171 3.09754 80 2 25 10 40388 0 
7.42739 22.3294 -14.9905 0.344171 3.09754 80 2 25 10 40389 0 
7.4328 22.3279 -15.5163 0.344171 3.09754 80 2 25 10 40390 0 
7.44385 22.3249 -15.2505 0.344171 3.09754 80 2 25 10 40391 0 
7.45492 22.3219 -14.9891 0.344171 3.09754 80 2 25 10 40392 0 
7.46033 22.3204 -15.5138 0.344171 3.09754 80 2 25 10 40393 0 
7.47138 22.3173 -15.2479 0.344171 3.09754 80 2 25 10 40394 0 
7.48245 22.3143 -14.9865 0.344171 3.09754 80 2 25 10 40395 0 
7.48786 22.3129 -15.5101 0.344171 3.09754 80 2 25 10 40396 0 
7.49892 22.3098 -15.2444 0.344171 3.09754 80 2 25 10 40397 0 
7.50998 22.3068 -14.983 0.344171 3.09754 80 2 25 10 40398 0 
7.51539 22.3053 -15.5055 0.344171 3.09754 80 2 25 10 40399 0 
7.52645 22.3023 -15.2398 0.344171 3.09754 80 2 25 10 40400 0 
7.53752 22.2993 -14.9785 0.344171 3.09754 80 2 25 10 40401 0 
7.5486 22.2963 -14.7215 0.344171 3.09754 80 2 25 10 40402 0 
7.55401 22.2949 -15.2446 0.344171 3.09754 80 2 25 10 40403 0 
7.56508 22.2919 -14.9832 0.344171 3.09754 80 2 25 10 40404 0 
7.57616 22.2889 -14.7262 0.344171 3.09754 80 2 25 10 40405 0 
7.58158 22.2875 -15.2481 0.344171 3.09754 80 2 25 10 40406 0 
7.59265 22.2845 -14.9866 0.344171 3.09754 80 2 25 10 40407 0 
7.60373 22.2815 -14.7295 0.344171 3.09754 80 2 25 10 40408 0 
7.60914 22.2801 -15.2504 0.344171 3.09754 80 2 25 10 40409 0 
7.62021 22.277 -14.9888 0.344171 3.09754 80 2 25 10 40410 0 
7.63129 22.2741 -14.7316 0.344171 3.09754 80 2 25 10 40411 0 
7.63671 22.2727 -15.2514 0.344171 3.09754 80 2 25 10 40412 0 
7.64778 22.2696 -14.9898 0.344171 3.09754 80 2 25 10 40413 0 
7.65886 22.2667 -14.7325 0.344171 3.09754 80 2 25 10 40414 0 
7.66996 22.2638 -14.4796 0.344171 3.09754 80 2 25 10 40415 0 
7.67537 22.2624 -14.9998 0.344171 3.09754 80 2 25 10 40416 0 
7.68646 22.2594 -14.7424 0.344171 3.09754 80 2 25 10 40417 0 
7.69755 22.2565 -14.4893 0.344171 3.09754 80 2 25 10 40418 0 
7.70297 22.2551 -15.0084 0.344171 3.09754 80 2 25 10 40419 0 
7.71405 22.2521 -14.7508 0.344171 3.09754 80 2 25 10 40420 0 
7.72515 22.2492 -14.4975 0.344171 3.09754 80 2 25 10 40421 0 
7.73057 22.2478 -15.0154 0.344171 3.09754 80 2 25 10 40422 0 
7.74165 22.2448 -14.7577 0.344171 3.09754 80 2 25 10 40423 0 
7.75274 22.2419 -14.5043 0.344171 3.09754 80 2 25 10 40424 0 
7.75816 22.2405 -15.0211 0.344171 3.09754 80 2 25 10 40425 0 
7.76924 22.2375 -14.7633 0.344171 3.09754 80 2 25 10 40426 0 
7.78034 22.2346 -14.5097 0.344171 3.09754 80 2 25 10 40427 0 
7.79144 22.2317 -14.2603 0.344171 3.09754 80 2 25 10 40428 0 
7.79687 22.2303 -14.7777 0.344171 3.09754 80 2 25 10 40429 0 
7.80796 22.2274 -14.5238 0.344171 3.09754 80 2 25 10 40430 0 
7.81907 22.2245 -14.2742 0.344171 3.09754 80 2 25 10 40431 0 
7.82449 22.2231 -14.7904 0.344171 3.09754 80 2 25 10 40432 0 
7.83558 22.2202 -14.5363 0.344171 3.09754 80 2 25 10 40433 0 
7.84669 22.2173 -14.2865 0.344171 3.09754 80 2 25 10 40434 0 
7.85211 22.2159 -14.8015 0.344171 3.09754 80 2 25 10 40435 0 
7.8632 22.213 -14.5472 0.344171 3.09754 80 2 25 10 40436 0 
7.87431 22.2101 -14.2971 0.344171 3.09754 80 2 25 10 40437 0 
7.87974 22.2088 -14.811 0.344171 3.09754 80 2 25 10 40438 0 
7.89083 22.2058 -14.5565 0.344171 3.09754 80 2 25 10 40439 0 
7.90193 22.2029 -14.3063 0.344171 3.09754 80 2 25 10 40440 0 
7.91305 22.2001 -14.0602 0.344171 3.09754 80 2 25 10 40441 0 
7.91848 22.1987 -14.5745 0.344171 3.09754 80 2 25 10 40442 0 
7.92958 22.1959 -14.324 0.344171 3.09754 80 2 25 10 40443 0 
7.9407 22.193 -14.0776 0.344171 3.09754 80 2 25 10 40444 0 
7.94613 22.1917 -14.5907 0.344171 3.09754 80 2 25 10 40445 0 
7.95723 22.1888 -14.3398 0.344171 3.09754 80 2 25 10 40446 0 
7.96834 22.1859 -14.0932 0.344171 3.09754 80 2 25 10 40447 0 
7.97377 22.1846 -14.6051 0.344171 3.09754 80 2 25 10 40448 0 
7.98488 22.1817 -14.354 0.344171 3.09754 80 2 25 10 40449 0 
7.99599 22.1788 -14.107 0.344171 3.09754 80 2 25 10 40450 0 
8.00142 22.1775 -14.6178 0.344171 3.09754 80 2 25 10 40451 0 
8.01252 22.1746 -14.3665 0.344171 3.09754 80 2 25 10 40452 0 
8.02363 22.1717 -14.1193 0.344171 3.09754 80 2 25 10 40453 0 
8.03476 22.1689 -13.8763 0.344171 3.09754 80 2 25 10 40454 0 
8.04019 22.1676 -14.3874 0.344171 3.09754 80 2 25 10 40455 0 
8.05131 22.1647 -14.1399 0.344171 3.09754 80 2 25 10 40456 0 
8.06243 22.1619 -13.8965 0.344171 3.09754 80 2 25 10 40457 0 
8.06787 22.1606 -14.4064 0.344171 3.09754 80 2 25 10 40458 0 
8.07898 22.1577 -14.1585 0.344171 3.09754 80 2 25 10 40459 0 
8.0901 22.1549 -13.9148 0.344171 3.09754 80 2 25 10 40460 0 
8.09554 22.1536 -14.4235 0.344171 3.09754 80 2 25 10 40461 0 
8.10665 22.1507 -14.1754 0.344171 3.09754 80 2 25 10 40462 0 
8.11777 22.1479 -13.9313 0.344171 3.09754 80 2 25 10 40463 0 
8.1289 22.1451 -13.6913 0.344171 3.09754 80 2 25 10 40464 0 
8.13434 22.1438 -14.2004 0.344171 3.09754 80 2 25 10 40465 0 
8.14546 22.141 -13.9559 0.344171 3.09754 80 2 25 10 40466 0 
8.1566 22.1382 -13.7155 0.344171 3.09754 80 2 25 10 40467 0 
8.16204 22.1369 -14.2234 0.344171 3.09754 80 2 25 10 40468 0 
8.17316 22.1341 -13.9785 0.344171 3.09754 80 2 25 10 40469 0 
8.18429 22.1313 -13.7377 0.344171 3.09754 80 2 25 10 40470 0 
8.18973 22.13 -14.2443 0.344171 3.09754 80 2 25 10 40471 0 
8.20085 22.1272 -13.9991 0.344171 3.09754 80 2 25 10 40472 0 
8.21198 22.1244 -13.7579 0.344171 3.09754 80 2 25 10 40473 0 
8.22312 22.1217 -13.5207 0.344171 3.09754 80 2 25 10 40474 0 
8.22857 22.1203 -14.0277 0.344171 3.09754 80 2 25 10 40475 0 
8.2397 22.1176 -13.786 0.344171 3.09754 80 2 25 10 40476 0 
8.25084 22.1148 -13.5484 0.344171 3.09754 80 2 25 10 40477 0 
8.25628 22.1135 -14.0541 0.344171 3.09754 80 2 25 10 40478 0 
8.26741 22.1107 -13.812 0.344171 3.09754 80 2 25 10 40479 0 
8.27855 22.108 -13.5738 0.344171 3.09754 80 2 25 10 40480 0 
8.28399 22.1067 -14.0783 0.344171 3.09754 80 2 25 10 40481 0 
8.29512 22.1039 -13.8358 0.344171 3.09754 80 2 25 10 40482 0 
8.30626 22.1012 -13.5972 0.344171 3.09754 80 2 25 10 40483 0 
8.3117 22.0998 -14.1005 0.344171 3.09754 80 2 25 10 40484 0 
8.32283 22.097 -13.8576 0.344171 3.09754 80 2 25 10 40485 0 
8.33397 22.0943 -13.6187 0.344171 3.09754 80 2 25 10 40486 0 
8.34512 22.0916 -13.3837 0.344171 3.09754 80 2 25 10 40487 0 
8.35056 22.0903 -13.8873 0.344171 3.09754 80 2 25 10 40488 0 
8.3617 22.0875 -13.6479 0.344171 3.09754 80 2 25 10 40489 0 
8.37285 22.0848 -13.4124 0.344171 3.09754 80 2 25 10 40490 0 
8.3783 22.0835 -13.9148 0.344171 3.09754 80 2 25 10 40491 0 
8.38943 22.0808 -13.6748 0.344171 3.09754 80 2 25 10 40492 0 
8.40058 22.0781 -13.4389 0.344171 3.09754 80 2 25 10 40493 0 
8.40603 22.0768 -13.94 0.344171 3.09754 80 2 25 10 40494 0 
8.41716 22.074 -13.6997 0.344171 3.09754 80 2 25 10 40495 0 
8.42831 22.0713 -13.4633 0.344171 3.09754 80 2 25 10 40496 0 
8.43946 22.0686 -13.2309 0.344171 3.09754 80 2 25 10 40497 0 
8.44491 22.0673 -13.7323 0.344171 3.09754 80 2 25 10 40498 0 
8.45606 22.0646 -13.4954 0.344171 3.09754 80 2 25 10 40499 0 
8.46721 22.0619 -13.2624 0.344171 3.09754 80 2 25 10 40500 0 
8.47266 22.0606 -13.7625 0.344171 3.09754 80 2 25 10 40501 0 
8.4838 22.0579 -13.525 0.344171 3.09754 80 2 25 10 40502 0 
8.49496 22.0552 -13.2915 0.344171 3.09754 80 2 25 10 40503 0 
8.50612 22.0526 -13.0619 0.344171 3.09754 80 2 25 10 40504 0 
8.51158 22.0513 -13.5623 0.344171 3.09754 80 2 25 10 40505 0 
8.52273 22.0486 -13.3281 0.344171 3.09754 80 2 25 10 40506 0 
8.53389 22.046 -13.0979 0.344171 3.09754 80 2 25 10 40507 0 
8.53934 22.0447 -13.5969 0.344171 3.09754 80 2 25 10 40508 0 
8.5505 22.042 -13.3622 0.344171 3.09754 80 2 25 10 40509 0 
8.56166 22.0394 -13.1313 0.344171 3.09754 80 2 25 10 40510 0 
8.56711 22.0381 -13.6291 0.344171 3.09754 80 2 25 10 40511 0 
8.57826 22.0354 -13.3938 0.344171 3.09754 80 2 25 10 40512 0 
8.58942 22.0327 -13.1624 0.344171 3.09754 80 2 25 10 40513 0 
8.60059 22.0301 -12.9349 0.344171 3.09754 80 2 25 10 40514 0 
8.60605 22.0289 -13.4329 0.344171 3.09754 80 2 25 10 40515 0 
8.6172 22.0262 -13.2008 0.344171 3.09754 80 2 25 10 40516 0 
8.62837 22.0236 -12.9726 0.344171 3.09754 80 2 25 10 40517 0 
8.63383 22.0223 -13.4693 0.344171 3.09754 80 2 25 10 40518 0 
8.64499 22.0197 -13.2366 0.344171 3.09754 80 2 25 10 40519 0 
8.65615 22.017 -13.0078 0.344171 3.09754 80 2 25 10 40520 0 
8.66161 22.0158 -13.5032 0.344171 3.09754 80 2 25 10 40521 0 
8.67276 22.0131 -13.27 0.344171 3.09754 80 2 25 10 40522 0 
8.68393 22.0105 -13.0406 0.344171 3.09754 80 2 25 10 40523 0 
8.69511 22.0079 -12.815 0.344171 3.09754 80 2 25 10 40524 0 
8.70056 22.0066 -13.3106 0.344171 3.09754 80 2 25 10 40525 0 
8.71173 22.004 -13.0805 0.344171 3.09754 80 2 25 10 40526 0 
8.7229 22.0014 -12.8542 0.344171 3.09754 80 2 25 10 40527 0 
8.72836 22.0002 -13.3485 0.344171 3.09754 80 2 25 10 40528 0 
8.73952 21.9975 -13.1178 0.344171 3.09754 80 2 25 10 40529 0 
8.7507 21.9949 -12.8909 0.344171 3.09754 80 2 25 10 40530 0 
8.75616 21.9937 -13.3839 0.344171 3.09754 80 2 25 10 40531 0 
8.76732 21.991 -13.1525 0.344171 3.09754 80 2 25 10 40532 0 
8.77849 21.9884 -12.925 0.344171 3.09754 80 2 25 10 40533 0 
8.78967 21.9858 -12.7013 0.344171 3.09754 80 2 25 10 40534 0 
8.79513 21.9846 -13.1945 0.344171 3.09754 80 2 25 10 40535 0 
8.8063 21.982 -12.9662 0.344171 3.09754 80 2 25 10 40536 0 
8.81748 21.9794 -12.7418 0.344171 3.09754 80 2 25 10 40537 0 
8.82294 21.9782 -13.2337 0.344171 3.09754 80 2 25 10 40538 0 
8.83411 21.9755 -13.0048 0.344171 3.09754 80 2 25 10 40539 0 
8.84529 21.973 -12.7797 0.344171 3.09754 80 2 25 10 40540 0 
8.85075 21.9717 -13.2703 0.344171 3.09754 80 2 25 10 40541 0 
8.86191 21.9691 -13.0407 0.344171 3.09754 80 2 25 10 40542 0 
8.87309 21.9665 -12.815 0.344171 3.09754 80 2 25 10 40543 0 
8.88427 21.9639 -12.593 0.344171 3.09754 80 2 25 10 40544 0 
8.88974 21.9627 -13.0838 0.344171 3.09754 80 2 25 10 40545 0 
8.90091 21.9601 -12.8573 0.344171 3.09754 80 2 25 10 40546 0 
8.9121 21.9576 -12.6346 0.344171 3.09754 80 2 25 10 40547 0 
8.91756 21.9564 -13.1241 0.344171 3.09754 80 2 25 10 40548 0 
8.92873 21.9537 -12.8969 0.344171 3.09754 80 2 25 10 40549 0 
8.93992 21.9512 -12.6735 0.344171 3.09754 80 2 25 10 40550 0 
8.95111 21.9487 -12.4539 0.344171 3.09754 80 2 25 10 40551 0 
8.95658 21.9475 -12.9434 0.344171 3.09754 80 2 25 10 40552 0 
8.96776 21.9449 -12.7193 0.344171 3.09754 80 2 25 10 40553 0 
8.97895 21.9424 -12.4988 0.344171 3.09754 80 2 25 10 40554 0 
8.98441 21.9412 -12.987 0.344171 3.09754 80 2 25 10 40555 0 
8.99559 21.9386 -12.7621 0.344171 3.09754 80 2 25 10 40556 0 
9.00678 21.936 -12.5409 0.344171 3.09754 80 2 25 10 40557 0 
9.01225 21.9348 -13.0279 0.344171 3.09754 80 2 25 10 40558 0 
9.02342 21.9322 -12.8022 0.344171 3.09754 80 2 25 10 40559 0 
9.03461 21.9297 -12.5804 0.344171 3.09754 80 2 25 10 40560 0 
9.04581 21.9272 -12.3622 0.344171 3.09754 80 2 25 10 40561 0 
9.05128 21.926 -12.8492 0.344171 3.09754 80 2 25 10 40562 0 
9.06246 21.9235 -12.6265 0.344171 3.09754 80 2 25 10 40563 0 
9.07366 21.9209 -12.4076 0.344171 3.09754 80 2 25 10 40564 0 
9.07913 21.9197 -12.8933 0.344171 3.09754 80 2 25 10 40565 0 
9.09031 21.9172 -12.6698 0.344171 3.09754 80 2 25 10 40566 0 
9.1015 21.9147 -12.4501 0.344171 3.09754 80 2 25 10 40567 0 
9.1127 21.9122 -12.2341 0.344171 3.09754 80 2 25 10 40568 0 
9.11818 21.911 -12.7198 0.344171 3.09754 80 2 25 10 40569 0 
9.12937 21.9085 -12.4993 0.344171 3.09754 80 2 25 10 40570 0 
9.14057 21.906 -12.2824 0.344171 3.09754 80 2 25 10 40571 0 
9.14604 21.9048 -12.7668 0.344171 3.09754 80 2 25 10 40572 0 
9.15723 21.9023 -12.5454 0.344171 3.09754 80 2 25 10 40573 0 
9.16842 21.8998 -12.3277 0.344171 3.09754 80 2 25 10 40574 0 
9.17963 21.8973 -12.1137 0.344171 3.09754 80 2 25 10 40575 0 
9.18511 21.8962 -12.5981 0.344171 3.09754 80 2 25 10 40576 0 
9.1963 21.8937 -12.3795 0.344171 3.09754 80 2 25 10 40577 0 
9.20751 21.8912 -12.1646 0.344171 3.09754 80 2 25 10 40578 0 
9.21298 21.89 -12.6477 0.344171 3.09754 80 2 25 10 40579 0 
9.22417 21.8875 -12.4282 0.344171 3.09754 80 2 25 10 40580 0 
9.23538 21.885 -12.2125 0.344171 3.09754 80 2 25 10 40581 0 
9.24085 21.8838 -12.6942 0.344171 3.09754 80 2 25 10 40582 0 
9.25204 21.8813 -12.474 0.344171 3.09754 80 2 25 10 40583 0 
9.26325 21.8788 -12.2574 0.344171 3.09754 80 2 25 10 40584 0 
9.27446 21.8764 -12.0445 0.344171 3.09754 80 2 25 10 40585 0 
9.27993 21.8752 -12.5263 0.344171 3.09754 80 2 25 10 40586 0 
9.29113 21.8728 -12.3088 0.344171 3.09754 80 2 25 10 40587 0 
9.30234 21.8703 -12.095 0.344171 3.09754 80 2 25 10 40588 0 
9.30781 21.8691 -12.5754 0.344171 3.09754 80 2 25 10 40589 0 
9.31901 21.8666 -12.3571 0.344171 3.09754 80 2 25 10 40590 0 
9.33022 21.8642 -12.1425 0.344171 3.09754 80 2 25 10 40591 0 
9.34143 21.8618 -11.9314 0.344171 3.09754 80 2 25 10 40592 0 
9.34691 21.8606 -12.4118 0.344171 3.09754 80 2 25 10 40593 0 
9.35811 21.8581 -12.1962 0.344171 3.09754 80 2 25 10 40594 0 
9.36933 21.8557 -11.9842 0.344171 3.09754 80 2 25 10 40595 0 
9.3748 21.8546 -12.4633 0.344171 3.09754 80 2 25 10 40596 0 
9.38601 21.8521 -12.2468 0.344171 3.09754 80 2 25 10 40597 0 
9.39722 21.8497 -12.034 0.344171 3.09754 80 2 25 10 40598 0 
9.40844 21.8473 -11.8246 0.344171 3.09754 80 2 25 10 40599 0 
9.41392 21.8461 -12.3037 0.344171 3.09754 80 2 25 10 40600 0 
9.42513 21.8437 -12.0899 0.344171 3.09754 80 2 25 10 40601 0 
9.43634 21.8413 -11.8796 0.344171 3.09754 80 2 25 10 40602 0 
9.44182 21.8401 -12.3573 0.344171 3.09754 80 2 25 10 40603 0 
9.45303 21.8377 -12.1425 0.344171 3.09754 80 2 25 10 40604 0 
9.46424 21.8352 -11.9313 0.344171 3.09754 80 2 25 10 40605 0 
9.46972 21.8341 -12.4077 0.344171 3.09754 80 2 25 10 40606 0 
9.48093 21.8316 -12.1921 0.344171 3.09754 80 2 25 10 40607 0 
9.49214 21.8292 -11.9801 0.344171 3.09754 80 2 25 10 40608 0 
9.50336 21.8268 -11.7716 0.344171 3.09754 80 2 25 10 40609 0 
9.50885 21.8257 -12.2479 0.344171 3.09754 80 2 25 10 40610 0 
9.52006 21.8232 -12.0349 0.344171 3.09754 80 2 25 10 40611 0 
9.53128 21.8209 -11.8255 0.344171 3.09754 80 2 25 10 40612 0 
9.53676 21.8197 -12.3005 0.344171 3.09754 80 2 25 10 40613 0 
9.54797 21.8173 -12.0866 0.344171 3.09754 80 2 25 10 40614 0 
9.55918 21.8149 -11.8763 0.344171 3.09754 80 2 25 10 40615 0 
9.57041 21.8125 -11.6695 0.344171 3.09754 80 2 25 10 40616 0 
9.57589 21.8114 -12.1444 0.344171 3.09754 80 2 25 10 40617 0 
9.58711 21.809 -11.9331 0.344171 3.09754 80 2 25 10 40618 0 
9.59833 21.8066 -11.7253 0.344171 3.09754 80 2 25 10 40619 0 
9.60382 21.8054 -12.1989 0.344171 3.09754 80 2 25 10 40620 0 
9.61503 21.803 -11.9867 0.344171 3.09754 80 2 25 10 40621 0 
9.62625 21.8006 -11.778 0.344171 3.09754 80 2 25 10 40622 0 
9.63748 21.7983 -11.5727 0.344171 3.09754 80 2 25 10 40623 0 
9.64297 21.7972 -12.0463 0.344171 3.09754 80 2 25 10 40624 0 
9.65419 21.7948 -11.8366 0.344171 3.09754 80 2 25 10 40625 0 
9.66541 21.7924 -11.6303 0.344171 3.09754 80 2 25 10 40626 0 
9.6709 21.7913 -12.1025 0.344171 3.09754 80 2 25 10 40627 0 
9.68212 21.7889 -11.8918 0.344171 3.09754 80 2 25 10 40628 0 
9.69334 21.7865 -11.6846 0.344171 3.09754 80 2 25 10 40629 0 
9.70458 21.7842 -11.4809 0.344171 3.09754 80 2 25 10 40630 0 
9.71006 21.7831 -11.953 0.344171 3.09754 80 2 25 10 40631 0 
9.72128 21.7807 -11.7448 0.344171 3.09754 80 2 25 10 40632 0 
9.73252 21.7784 -11.54 0.344171 3.09754 80 2 25 10 40633 0 
9.738 21.7773 -12.0107 0.344171 3.09754 80 2 25 10 40634 0 
9.74922 21.7749 -11.8015 0.344171 3.09754 80 2 25 10 40635 0 
9.76045 21.7725 -11.5958 0.344171 3.09754 80 2 25 10 40636 0 
9.77169 21.7702 -11.3935 0.344171 3.09754 80 2 25 10 40637 0 
9.77718 21.7691 -11.8641 0.344171 3.09754 80 2 25 10 40638 0 
9.78841 21.7667 -11.6574 0.344171 3.09754 80 2 25 10 40639 0 
9.79964 21.7644 -11.454 0.344171 3.09754 80 2 25 10 40640 0 
9.80513 21.7633 -11.9232 0.344171 3.09754 80 2 25 10 40641 0 
9.81635 21.7609 -11.7155 0.344171 3.09754 80 2 25 10 40642 0 
9.82759 21.7586 -11.5111 0.344171 3.09754 80 2 25 10 40643 0 
9.83308 21.7575 -11.979 0.344171 3.09754 80 2 25 10 40644 0 
9.8443 21.7551 -11.7703 0.344171 3.09754 80 2 25 10 40645 0 
9.85553 21.7528 -11.565 0.344171 3.09754 80 2 25 10 40646 0 
9.86677 21.7505 -11.3631 0.344171 3.09754 80 2 25 10 40647 0 
9.87226 21.7494 -11.8309 0.344171 3.09754 80 2 25 10 40648 0 
9.88349 21.747 -11.6246 0.344171 3.09754 80 2 25 10 40649 0 
9.89472 21.7447 -11.4218 0.344171 3.09754 80 2 25 10 40650 0 
9.90021 21.7436 -11.8882 0.344171 3.09754 80 2 25 10 40651 0 
9.91144 21.7412 -11.6809 0.344171 3.09754 80 2 25 10 40652 0 
9.92268 21.7389 -11.4771 0.344171 3.09754 80 2 25 10 40653 0 
9.93392 21.7366 -11.2767 0.344171 3.09754 80 2 25 10 40654 0 
9.93941 21.7355 -11.743 0.344171 3.09754 80 2 25 10 40655 0 
9.95064 21.7332 -11.5381 0.344171 3.09754 80 2 25 10 40656 0 
9.96188 21.7309 -11.3366 0.344171 3.09754 80 2 25 10 40657 0 
9.96737 21.7298 -11.8016 0.344171 3.09754 80 2 25 10 40658 0 
9.9786 21.7275 -11.5957 0.344171 3.09754 80 2 25 10 40659 0 
9.98984 21.7252 -11.3933 0.344171 3.09754 80 2 25 10 40660 0 
10.0011 21.7229 -11.1942 0.344171 3.09754 80 2 25 10 40661 0 
10.0066 21.7218 -11.659 0.344171 3.09754 80 2 25 10 40662 0 
10.0178 21.7195 -11.4555 0.344171 3.09754 80 2 25 10 40663 0 
10.0291 21.7172 -11.2553 0.344171 3.09754 80 2 25 10 40664 0 
10.0403 21.715 -11.0585 0.344171 3.09754 80 2 25 10 40665 0 
10.0458 21.7139 -11.5232 0.344171 3.09754 80 2 25 10 40666 0 
10.057 21.7116 -11.3219 0.344171 3.09754 80 2 25 10 40667 0 
10.0683 21.7094 -11.1239 0.344171 3.09754 80 2 25 10 40668 0 
10.0738 21.7083 -11.5872 0.344171 3.09754 80 2 25 10 40669 0 
10.085 21.706 -11.3848 0.344171 3.09754 80 2 25 10 40670 0 
10.0963 21.7037 -11.1858 0.344171 3.09754 80 2 25 10 40671 0 
10.1018 21.7026 -11.6477 0.344171 3.09754 80 2 25 10 40672 0 
10.113 21.7003 -11.4443 0.344171 3.09754 80 2 25 10 40673 0 
10.1242 21.698 -11.2443 0.344171 3.09754 80 2 25 10 40674 0 
10.1355 21.6958 -11.0476 0.344171 3.09754 80 2 25 10 40675 0 
10.141 21.6947 -11.5093 0.344171 3.09754 80 2 25 10 40676 0 
10.1522 21.6924 -11.3082 0.344171 3.09754 80 2 25 10 40677 0 
10.1635 21.6902 -11.1104 0.344171 3.09754 80 2 25 10 40678 0 
10.1747 21.688 -10.9159 0.344171 3.09754 80 2 25 10 40679 0 
10.1802 21.6869 -11.3775 0.344171 3.09754 80 2 25 10 40680 0 
10.1915 21.6846 -11.1785 0.344171 3.09754 80 2 25 10 40681 0 
10.2027 21.6824 -10.9829 0.344171 3.09754 80 2 25 10 40682 0 
10.2082 21.6814 -11.443 0.344171 3.09754 80 2 25 10 40683 0 
10.2195 21.6791 -11.2429 0.344171 3.09754 80 2 25 10 40684 0 
10.2307 21.6768 -11.0462 0.344171 3.09754 80 2 25 10 40685 0 
10.242 21.6746 -10.8527 0.344171 3.09754 80 2 25 10 40686 0 
10.2475 21.6736 -11.3127 0.344171 3.09754 80 2 25 10 40687 0 
10.2587 21.6713 -11.1148 0.344171 3.09754 80 2 25 10 40688 0 
10.27 21.6691 -10.9201 0.344171 3.09754 80 2 25 10 40689 0 
10.2755 21.6681 -11.3787 0.344171 3.09754 80 2 25 10 40690 0 
10.2867 21.6658 -11.1796 0.344171 3.09754 80 2 25 10 40691 0 
10.298 21.6636 -10.9839 0.344171 3.09754 80 2 25 10 40692 0 
10.3093 21.6614 -10.7914 0.344171 3.09754 80 2 25 10 40693 0 
10.3148 21.6603 -11.2498 0.344171 3.09754 80 2 25 10 40694 0 
10.326 21.6581 -11.0528 0.344171 3.09754 80 2 25 10 40695 0 
10.3373 21.6559 -10.8592 0.344171 3.09754 80 2 25 10 40696 0 
10.3428 21.6549 -11.3161 0.344171 3.09754 80 2 25 10 40697 0 
10.354 21.6526 -11.1181 0.344171 3.09754 80 2 25 10 40698 0 
10.3653 21.6504 -10.9233 0.344171 3.09754 80 2 25 10 40699 0 
10.3765 21.6482 -10.7318 0.344171 3.09754 80 2 25 10 40700 0 
10.382 21.6472 -11.1885 0.344171 3.09754 80 2 25 10 40701 0 
10.3933 21.6449 -10.9926 0.344171 3.09754 80 2 25 10 40702 0 
10.4046 21.6428 -10.7999 0.344171 3.09754 80 2 25 10 40703 0 
10.4101 21.6417 -11.2552 0.344171 3.09754 80 2 25 10 40704 0 
10.4213 21.6395 -11.0582 0.344171 3.09754 80 2 25 10 40705 0 
10.4326 21.6373 -10.8644 0.344171 3.09754 80 2 25 10 40706 0 
10.4438 21.6351 -10.6738 0.344171 3.09754 80 2 25 10 40707 0 
10.4493 21.6341 -11.1289 0.344171 3.09754 80 2 25 10 40708 0 
10.4606 21.6319 -10.9339 0.344171 3.09754 80 2 25 10 40709 0 
10.4719 21.6297 -10.7421 0.344171 3.09754 80 2 25 10 40710 0 
10.4774 21.6286 -11.1958 0.344171 3.09754 80 2 25 10 40711 0 
10.4886 21.6264 -10.9997 0.344171 3.09754 80 2 25 10 40712 0 
10.4999 21.6242 -10.8068 0.344171 3.09754 80 2 25 10 40713 0 
10.5111 21.6221 -10.6172 0.344171 3.09754 80 2 25 10 40714 0 
10.5166 21.621 -11.0707 0.344171 3.09754 80 2 25 10 40715 0 
10.5279 21.6188 -10.8766 0.344171 3.09754 80 2 25 10 40716 0 
10.5392 21.6167 -10.6857 0.344171 3.09754 80 2 25 10 40717 0 
10.5447 21.6156 -11.1378 0.344171 3.09754 80 2 25 10 40718 0 
10.5559 21.6134 -10.9426 0.344171 3.09754 80 2 25 10 40719 0 
10.5672 21.6112 -10.7506 0.344171 3.09754 80 2 25 10 40720 0 
10.5785 21.6091 -10.5619 0.344171 3.09754 80 2 25 10 40721 0 
10.584 21.6081 -11.0137 0.344171 3.09754 80 2 25 10 40722 0 
10.5952 21.6059 -10.8206 0.344171 3.09754 80 2 25 10 40723 0 
10.6065 21.6037 -10.6306 0.344171 3.09754 80 2 25 10 40724 0 
10.612 21.6027 -11.0811 0.344171 3.09754 80 2 25 10 40725 0 
10.6233 21.6005 -10.8867 0.344171 3.09754 80 2 25 10 40726 0 
10.6345 21.5983 -10.6957 0.344171 3.09754 80 2 25 10 40727 0 
10.6458 21.5962 -10.5078 0.344171 3.09754 80 2 25 10 40728 0 
10.6513 21.5952 -10.958 0.344171 3.09754 80 2 25 10 40729 0 
10.6626 21.593 -10.7657 0.344171 3.09754 80 2 25 10 40730 0 
10.6738 21.5908 -10.5766 0.344171 3.09754 80 2 25 10 40731 0 
10.6851 21.5887 -10.3907 0.344171 3.09754 80 2 25 10 40732 0 
10.6906 21.5877 -10.8406 0.344171 3.09754 80 2 25 10 40733 0 
10.7019 21.5856 -10.6503 0.344171 3.09754 80 2 25 10 40734 0 
10.7132 21.5835 -10.4631 0.344171 3.09754 80 2 25 10 40735 0 
10.7187 21.5824 -10.9116 0.344171 3.09754 80 2 25 10 40736 0 
10.7299 21.5803 -10.7201 0.344171 3.09754 80 2 25 10 40737 0 
10.7412 21.5781 -10.5317 0.344171 3.09754 80 2 25 10 40738 0 
10.7525 21.576 -10.3464 0.344171 3.09754 80 2 25 10 40739 0 
10.758 21.575 -10.7947 0.344171 3.09754 80 2 25 10 40740 0 
10.7693 21.5729 -10.6051 0.344171 3.09754 80 2 25 10 40741 0 
10.7805 21.5708 -10.4186 0.344171 3.09754 80 2 25 10 40742 0 
10.786 21.5698 -10.8654 0.344171 3.09754 80 2 25 10 40743 0 
10.7973 21.5676 -10.6746 0.344171 3.09754 80 2 25 10 40744 0 
10.8086 21.5655 -10.4869 0.344171 3.09754 80 2 25 10 40745 0 
10.8199 21.5634 -10.3024 0.344171 3.09754 80 2 25 10 40746 0 
10.8254 21.5624 -10.749 0.344171 3.09754 80 2 25 10 40747 0 
10.8366 21.5602 -10.5601 0.344171 3.09754 80 2 25 10 40748 0 
10.8479 21.5581 -10.3743 0.344171 3.09754 80 2 25 10 40749 0 
10.8534 21.5571 -10.8195 0.344171 3.09754 80 2 25 10 40750 0 
10.8647 21.555 -10.6294 0.344171 3.09754 80 2 25 10 40751 0 
10.876 21.5529 -10.4424 0.344171 3.09754 80 2 25 10 40752 0 
10.8872 21.5508 -10.2586 0.344171 3.09754 80 2 25 10 40753 0 
10.8928 21.5498 -10.7035 0.344171 3.09754 80 2 25 10 40754 0 
10.904 21.5476 -10.5153 0.344171 3.09754 80 2 25 10 40755 0 
10.9153 21.5456 -10.3302 0.344171 3.09754 80 2 25 10 40756 0 
10.9208 21.5445 -10.7737 0.344171 3.09754 80 2 25 10 40757 0 
10.9321 21.5424 -10.5843 0.344171 3.09754 80 2 25 10 40758 0 
10.9434 21.5403 -10.398 0.344171 3.09754 80 2 25 10 40759 0 
10.9547 21.5382 -10.2149 0.344171 3.09754 80 2 25 10 40760 0 
10.9602 21.5372 -10.6581 0.344171 3.09754 80 2 25 10 40761 0 
10.9714 21.5351 -10.4706 0.344171 3.09754 80 2 25 10 40762 0 
10.9827 21.533 -10.2862 0.344171 3.09754 80 2 25 10 40763 0 
10.994 21.531 -10.1049 0.344171 3.09754 80 2 25 10 40764 0 
10.9995 21.53 -10.5479 0.344171 3.09754 80 2 25 10 40765 0 
11.0108 21.5279 -10.3622 0.344171 3.09754 80 2 25 10 40766 0 
11.0221 21.5258 -10.1796 0.344171 3.09754 80 2 25 10 40767 0 
11.0276 21.5248 -10.6211 0.344171 3.09754 80 2 25 10 40768 0 
11.0389 21.5227 -10.4342 0.344171 3.09754 80 2 25 10 40769 0 
11.0501 21.5207 -10.2503 0.344171 3.09754 80 2 25 10 40770 0 
11.0614 21.5186 -10.0696 0.344171 3.09754 80 2 25 10 40771 0 
11.067 21.5176 -10.5108 0.344171 3.09754 80 2 25 10 40772 0 
11.0782 21.5155 -10.3257 0.344171 3.09754 80 2 25 10 40773 0 
11.0895 21.5135 -10.1436 0.344171 3.09754 80 2 25 10 40774 0 
11.095 21.5125 -10.5834 0.344171 3.09754 80 2 25 10 40775 0 
11.1063 21.5104 -10.3971 0.344171 3.09754 80 2 25 10 40776 0 
11.1176 21.5083 -10.2139 0.344171 3.09754 80 2 25 10 40777 0 
11.1289 21.5063 -10.0336 0.344171 3.09754 80 2 25 10 40778 0 
11.1344 21.5053 -10.4732 0.344171 3.09754 80 2 25 10 40779 0 
11.1457 21.5032 -10.2886 0.344171 3.09754 80 2 25 10 40780 0 
11.157 21.5012 -10.1072 0.344171 3.09754 80 2 25 10 40781 0 
11.1683 21.4992 -9.9287 0.344171 3.09754 80 2 25 10 40782 0 
11.1738 21.4982 -10.3679 0.344171 3.09754 80 2 25 10 40783 0 
11.1851 21.4961 -10.1851 0.344171 3.09754 80 2 25 10 40784 0 
11.1963 21.4941 -10.0053 0.344171 3.09754 80 2 25 10 40785 0 
11.2019 21.4931 -10.443 0.344171 3.09754 80 2 25 10 40786 0 
11.2131 21.4911 -10.259 0.344171 3.09754 80 2 25 10 40787 0 
11.2244 21.489 -10.0779 0.344171 3.09754 80 2 25 10 40788 0 
11.2357 21.487 -9.89994 0.344171 3.09754 80 2 25 10 40789 0 
11.2412 21.486 -10.3374 0.344171 3.09754 80 2 25 10 40790 0 
11.2525 21.484 -10.155 0.344171 3.09754 80 2 25 10 40791 0 
11.2638 21.482 -9.9757 0.344171 3.09754 80 2 25 10 40792 0 
11.2693 21.481 -10.4117 0.344171 3.09754 80 2 25 10 40793 0 
11.2806 21.4789 -10.2281 0.344171 3.09754 80 2 25 10 40794 0 
11.2919 21.4769 -10.0476 0.344171 3.09754 80 2 25 10 40795 0 
11.3032 21.4749 -9.87001 0.344171 3.09754 80 2 25 10 40796 0 
11.3087 21.4739 -10.3057 0.344171 3.09754 80 2 25 10 40797 0 
11.32 21.4719 -10.1238 0.344171 3.09754 80 2 25 10 40798 0 
11.3313 21.4698 -9.94499 0.344171 3.09754 80 2 25 10 40799 0 
11.3426 21.4679 -9.76913 0.344171 3.09754 80 2 25 10 40800 0 
11.3481 21.4669 -10.2044 0.344171 3.09754 80 2 25 10 40801 0 
11.3594 21.4649 -10.0242 0.344171 3.09754 80 2 25 10 40802 0 
11.3707 21.4629 -9.84704 0.344171 3.09754 80 2 25 10 40803 0 
11.3762 21.4619 -10.2809 0.344171 3.09754 80 2 25 10 40804 0 
11.3875 21.4599 -10.0995 0.344171 3.09754 80 2 25 10 40805 0 
11.3988 21.4579 -9.92098 0.344171 3.09754 80 2 25 10 40806 0 
11.4101 21.4559 -9.74547 0.344171 3.09754 80 2 25 10 40807 0 
11.4156 21.4549 -10.179 0.344171 3.09754 80 2 25 10 40808 0 
11.4269 21.4529 -9.9992 0.344171 3.09754 80 2 25 10 40809 0 
11.4382 21.4509 -9.82237 0.344171 3.09754 80 2 25 10 40810 0 
11.4437 21.45 -10.2545 0.344171 3.09754 80 2 25 10 40811 0 
11.455 21.4479 -10.0734 0.344171 3.09754 80 2 25 10 40812 0 
11.4663 21.4459 -9.89532 0.344171 3.09754 80 2 25 10 40813 0 
11.4776 21.444 -9.7202 0.344171 3.09754 80 2 25 10 40814 0 
11.4831 21.443 -10.152 0.344171 3.09754 80 2 25 10 40815 0 
11.4944 21.441 -9.97258 0.344171 3.09754 80 2 25 10 40816 0 
11.5057 21.439 -9.79615 0.344171 3.09754 80 2 25 10 40817 0 
11.517 21.437 -9.62265 0.344171 3.09754 80 2 25 10 40818 0 
11.5226 21.4361 -10.0541 0.344171 3.09754 80 2 25 10 40819 0 
11.5339 21.4341 -9.87626 0.344171 3.09754 80 2 25 10 40820 0 
11.5452 21.4321 -9.70141 0.344171 3.09754 80 2 25 10 40821 0 
11.5507 21.4312 -10.1314 0.344171 3.09754 80 2 25 10 40822 0 
11.562 21.4292 -9.95229 0.344171 3.09754 80 2 25 10 40823 0 
11.5733 21.4272 -9.77615 0.344171 3.09754 80 2 25 10 40824 0 
11.5846 21.4252 -9.60294 0.344171 3.09754 80 2 25 10 40825 0 
11.5901 21.4243 -10.0326 0.344171 3.09754 80 2 25 10 40826 0 
11.6014 21.4223 -9.85508 0.344171 3.09754 80 2 25 10 40827 0 
11.6127 21.4203 -9.68054 0.344171 3.09754 80 2 25 10 40828 0 
11.624 21.4184 -9.5089 0.344171 3.09754 80 2 25 10 40829 0 
11.6295 21.4175 -9.93813 0.344171 3.09754 80 2 25 10 40830 0 
11.6408 21.4155 -9.76218 0.344171 3.09754 80 2 25 10 40831 0 
11.6521 21.4136 -9.58916 0.344171 3.09754 80 2 25 10 40832 0 
11.6576 21.4126 -10.017 0.344171 3.09754 80 2 25 10 40833 0 
11.6689 21.4106 -9.83969 0.344171 3.09754 80 2 25 10 40834 0 
11.6802 21.4087 -9.66536 0.344171 3.09754 80 2 25 10 40835 0 
11.6916 21.4068 -9.49393 0.344171 3.09754 80 2 25 10 40836 0 
11.6971 21.4058 -9.92135 0.344171 3.09754 80 2 25 10 40837 0 
11.7084 21.4039 -9.74565 0.344171 3.09754 80 2 25 10 40838 0 
11.7197 21.4019 -9.57286 0.344171 3.09754 80 2 25 10 40839 0 
11.7252 21.401 -9.99887 0.344171 3.09754 80 2 25 10 40840 0 
11.7365 21.399 -9.82185 0.344171 3.09754 80 2 25 10 40841 0 
11.7478 21.397 -9.64777 0.344171 3.09754 80 2 25 10 40842 0 
11.7591 21.3951 -9.47659 0.344171 3.09754 80 2 25 10 40843 0 
11.7646 21.3942 -9.90223 0.344171 3.09754 80 2 25 10 40844 0 
11.7759 21.3922 -9.72679 0.344171 3.09754 80 2 25 10 40845 0 
11.7873 21.3903 -9.55428 0.344171 3.09754 80 2 25 10 40846 0 
11.7986 21.3884 -9.38463 0.344171 3.09754 80 2 25 10 40847 0 
11.8041 21.3875 -9.80986 0.344171 3.09754 80 2 25 10 40848 0 
11.8154 21.3855 -9.63594 0.344171 3.09754 80 2 25 10 40849 0 
11.8267 21.3836 -9.46491 0.344171 3.09754 80 2 25 10 40850 0 
11.8322 21.3827 -9.88872 0.344171 3.09754 80 2 25 10 40851 0 
11.8435 21.3807 -9.71347 0.344171 3.09754 80 2 25 10 40852 0 
11.8548 21.3788 -9.54113 0.344171 3.09754 80 2 25 10 40853 0 
11.8662 21.3769 -9.37166 0.344171 3.09754 80 2 25 10 40854 0 
11.8717 21.3759 -9.79508 0.344171 3.09754 80 2 25 10 40855 0 
11.883 21.374 -9.62136 0.344171 3.09754 80 2 25 10 40856 0 
11.8943 21.3721 -9.45053 0.344171 3.09754 80 2 25 10 40857 0 
11.9056 21.3702 -9.28254 0.344171 3.09754 80 2 25 10 40858 0 
11.9111 21.3693 -9.70554 0.344171 3.09754 80 2 25 10 40859 0 
11.9224 21.3674 -9.53329 0.344171 3.09754 80 2 25 10 40860 0 
11.9338 21.3655 -9.3639 0.344171 3.09754 80 2 25 10 40861 0 
11.9393 21.3645 -9.78549 0.344171 3.09754 80 2 25 10 40862 0 
11.9506 21.3626 -9.61189 0.344171 3.09754 80 2 25 10 40863 0 
11.9619 21.3607 -9.44117 0.344171 3.09754 80 2 25 10 40864 0 
11.9732 21.3588 -9.27329 0.344171 3.09754 80 2 25 10 40865 0 
11.9787 21.3579 -9.69447 0.344171 3.09754 80 2 25 10 40866 0 
11.99 21.356 -9.52236 0.344171 3.09754 80 2 25 10 40867 0 
12.0014 21.3541 -9.35311 0.344171 3.09754 80 2 25 10 40868 0 
12.0127 21.3522 -9.18668 0.344171 3.09754 80 2 25 10 40869 0 
12.0182 21.3513 -9.60742 0.344171 3.09754 80 2 25 10 40870 0 
12.0295 21.3494 -9.43673 0.344171 3.09754 80 2 25 10 40871 0 
12.0408 21.3475 -9.26888 0.344171 3.09754 80 2 25 10 40872 0 
12.0464 21.3466 -9.6882 0.344171 3.09754 80 2 25 10 40873 0 
12.0577 21.3447 -9.51616 0.344171 3.09754 80 2 25 10 40874 0 
12.069 21.3428 -9.34697 0.344171 3.09754 80 2 25 10 40875 0 
12.0803 21.3409 -9.18059 0.344171 3.09754 80 2 25 10 40876 0 
12.0858 21.34 -9.59949 0.344171 3.09754 80 2 25 10 40877 0 
12.0971 21.3381 -9.4289 0.344171 3.09754 80 2 25 10 40878 0 
12.1085 21.3362 -9.26114 0.344171 3.09754 80 2 25 10 40879 0 
12.1198 21.3344 -9.09616 0.344171 3.09754 80 2 25 10 40880 0 
12.1253 21.3335 -9.51462 0.344171 3.09754 80 2 25 10 40881 0 
12.1366 21.3316 -9.34541 0.344171 3.09754 80 2 25 10 40882 0 
12.1479 21.3297 -9.17902 0.344171 3.09754 80 2 25 10 40883 0 
12.1535 21.3289 -9.59605 0.344171 3.09754 80 2 25 10 40884 0 
12.1648 21.3269 -9.42547 0.344171 3.09754 80 2 25 10 40885 0 
12.1761 21.3251 -9.25772 0.344171 3.09754 80 2 25 10 40886 0 
12.1874 21.3232 -9.09277 0.344171 3.09754 80 2 25 10 40887 0 
12.193 21.3223 -9.50937 0.344171 3.09754 80 2 25 10 40888 0 
12.2043 21.3204 -9.34021 0.344171 3.09754 80 2 25 10 40889 0 
12.2156 21.3186 -9.17386 0.344171 3.09754 80 2 25 10 40890 0 
12.2211 21.3177 -9.58906 0.344171 3.09754 80 2 25 10 40891 0 
12.2324 21.3158 -9.41855 0.344171 3.09754 80 2 25 10 40892 0 
12.2437 21.3139 -9.25088 0.344171 3.09754 80 2 25 10 40893 0 
12.2551 21.312 -9.08599 0.344171 3.09754 80 2 25 10 40894 0 
12.2606 21.3112 -9.50078 0.344171 3.09754 80 2 25 10 40895 0 
12.2719 21.3093 -9.33171 0.344171 3.09754 80 2 25 10 40896 0 
12.2832 21.3074 -9.16546 0.344171 3.09754 80 2 25 10 40897 0 
12.2946 21.3056 -9.00197 0.344171 3.09754 80 2 25 10 40898 0 
12.3001 21.3047 -9.41631 0.344171 3.09754 80 2 25 10 40899 0 
12.3114 21.3028 -9.24863 0.344171 3.09754 80 2 25 10 40900 0 
12.3227 21.301 -9.08374 0.344171 3.09754 80 2 25 10 40901 0 
12.3341 21.2992 -8.92159 0.344171 3.09754 80 2 25 10 40902 0 
12.3396 21.2983 -9.33546 0.344171 3.09754 80 2 25 10 40903 0 
12.3509 21.2964 -9.1691 0.344171 3.09754 80 2 25 10 40904 0 
12.3622 21.2946 -9.00551 0.344171 3.09754 80 2 25 10 40905 0 
12.3678 21.2937 -9.41797 0.344171 3.09754 80 2 25 10 40906 0 
12.3791 21.2919 -9.25022 0.344171 3.09754 80 2 25 10 40907 0 
12.3904 21.29 -9.08526 0.344171 3.09754 80 2 25 10 40908 0 
12.4017 21.2882 -8.92304 0.344171 3.09754 80 2 25 10 40909 0 
12.4073 21.2873 -9.33505 0.344171 3.09754 80 2 25 10 40910 0 
12.4186 21.2855 -9.16865 0.344171 3.09754 80 2 25 10 40911 0 
12.4299 21.2836 -9.00502 0.344171 3.09754 80 2 25 10 40912 0 
12.4412 21.2819 -8.84412 0.344171 3.09754 80 2 25 10 40913 0 
12.4468 21.281 -9.25565 0.344171 3.09754 80 2 25 10 40914 0 
12.4581 21.2791 -9.09055 0.344171 3.09754 80 2 25 10 40915 0 
12.4694 21.2773 -8.9282 0.344171 3.09754 80 2 25 10 40916 0 
12.475 21.2765 -9.33832 0.344171 3.09754 80 2 25 10 40917 0 
12.4863 21.2746 -9.17183 0.344171 3.09754 80 2 25 10 40918 0 
12.4976 21.2728 -9.00811 0.344171 3.09754 80 2 25 10 40919 0 
12.5089 21.271 -8.84711 0.344171 3.09754 80 2 25 10 40920 0 
12.5145 21.2701 -9.25677 0.344171 3.09754 80 2 25 10 40921 0 
12.5258 21.2683 -9.09161 0.344171 3.09754 80 2 25 10 40922 0 
12.5371 21.2665 -8.9292 0.344171 3.09754 80 2 25 10 40923 0 
12.5485 21.2647 -8.76949 0.344171 3.09754 80 2 25 10 40924 0 
12.554 21.2638 -9.17868 0.344171 3.09754 80 2 25 10 40925 0 
12.5653 21.262 -9.0148 0.344171 3.09754 80 2 25 10 40926 0 
12.5766 21.2602 -8.85364 0.344171 3.09754 80 2 25 10 40927 0 
12.5822 21.2593 -9.26142 0.344171 3.09754 80 2 25 10 40928 0 
12.5935 21.2575 -9.09614 0.344171 3.09754 80 2 25 10 40929 0 
12.6048 21.2557 -8.93361 0.344171 3.09754 80 2 25 10 40930 0 
12.6162 21.2539 -8.77378 0.344171 3.09754 80 2 25 10 40931 0 
12.6217 21.253 -9.1811 0.344171 3.09754 80 2 25 10 40932 0 
12.633 21.2512 -9.01713 0.344171 3.09754 80 2 25 10 40933 0 
12.6443 21.2494 -8.8559 0.344171 3.09754 80 2 25 10 40934 0 
12.6557 21.2476 -8.69734 0.344171 3.09754 80 2 25 10 40935 0 
12.6612 21.2468 -9.10417 0.344171 3.09754 80 2 25 10 40936 0 
12.6725 21.245 -8.94146 0.344171 3.09754 80 2 25 10 40937 0 
12.6839 21.2432 -8.78146 0.344171 3.09754 80 2 25 10 40938 0 
12.6894 21.2423 -9.18689 0.344171 3.09754 80 2 25 10 40939 0 
12.7007 21.2405 -9.02279 0.344171 3.09754 80 2 25 10 40940 0 
12.7121 21.2387 -8.86141 0.344171 3.09754 80 2 25 10 40941 0 
12.7234 21.2369 -8.70272 0.344171 3.09754 80 2 25 10 40942 0 
12.7289 21.2361 -9.10769 0.344171 3.09754 80 2 25 10 40943 0 
12.7403 21.2343 -8.94488 0.344171 3.09754 80 2 25 10 40944 0 
12.7516 21.2325 -8.78478 0.344171 3.09754 80 2 25 10 40945 0 
12.7629 21.2307 -8.62734 0.344171 3.09754 80 2 25 10 40946 0 
12.7685 21.2299 -9.03181 0.344171 3.09754 80 2 25 10 40947 0 
12.7798 21.2281 -8.87025 0.344171 3.09754 80 2 25 10 40948 0 
12.7911 21.2263 -8.71136 0.344171 3.09754 80 2 25 10 40949 0 
12.7967 21.2255 -9.11444 0.344171 3.09754 80 2 25 10 40950 0 
12.808 21.2237 -8.95148 0.344171 3.09754 80 2 25 10 40951 0 
12.8193 21.2219 -8.79123 0.344171 3.09754 80 2 25 10 40952 0 
12.8307 21.2201 -8.63364 0.344171 3.09754 80 2 25 10 40953 0 
12.8362 21.2193 -9.03625 0.344171 3.09754 80 2 25 10 40954 0 
12.8475 21.2175 -8.87456 0.344171 3.09754 80 2 25 10 40955 0 
12.8589 21.2157 -8.71557 0.344171 3.09754 80 2 25 10 40956 0 
12.8702 21.214 -8.55921 0.344171 3.09754 80 2 25 10 40957 0 
12.8757 21.2132 -8.96133 0.344171 3.09754 80 2 25 10 40958 0 
12.8871 21.2114 -8.80087 0.344171 3.09754 80 2 25 10 40959 0 
12.8984 21.2096 -8.64308 0.344171 3.09754 80 2 25 10 40960 0 
12.9098 21.2079 -8.48791 0.344171 3.09754 80 2 25 10 40961 0 
12.9153 21.2071 -8.88951 0.344171 3.09754 80 2 25 10 40962 0 
12.9266 21.2053 -8.73022 0.344171 3.09754 80 2 25 10 40963 0 
12.938 21.2035 -8.57358 0.344171 3.09754 80 2 25 10 40964 0 
12.9435 21.2027 -8.97379 0.344171 3.09754 80 2 25 10 40965 0 
12.9548 21.2009 -8.81308 0.344171 3.09754 80 2 25 10 40966 0 
12.9662 21.1992 -8.65504 0.344171 3.09754 80 2 25 10 40967 0 
12.9775 21.1974 -8.49963 0.344171 3.09754 80 2 25 10 40968 0 
12.9831 21.1966 -8.89934 0.344171 3.09754 80 2 25 10 40969 0 
12.9944 21.1948 -8.73985 0.344171 3.09754 80 2 25 10 40970 0 
13.0057 21.1931 -8.583 0.344171 3.09754 80 2 25 10 40971 0 
13.0171 21.1914 -8.42877 0.344171 3.09754 80 2 25 10 40972 0 
13.0226 21.1906 -8.82797 0.344171 3.09754 80 2 25 10 40973 0 
13.0339 21.1888 -8.66964 0.344171 3.09754 80 2 25 10 40974 0 
13.0453 21.1871 -8.51394 0.344171 3.09754 80 2 25 10 40975 0 
13.0508 21.1862 -8.91175 0.344171 3.09754 80 2 25 10 40976 0 
13.0622 21.1845 -8.75201 0.344171 3.09754 80 2 25 10 40977 0 
13.0735 21.1827 -8.59492 0.344171 3.09754 80 2 25 10 40978 0 
13.0848 21.181 -8.44044 0.344171 3.09754 80 2 25 10 40979 0 
13.0904 21.1802 -8.83776 0.344171 3.09754 80 2 25 10 40980 0 
13.1017 21.1784 -8.67922 0.344171 3.09754 80 2 25 10 40981 0 
13.1131 21.1767 -8.52332 0.344171 3.09754 80 2 25 10 40982 0 
13.1244 21.175 -8.37001 0.344171 3.09754 80 2 25 10 40983 0 
13.1299 21.1742 -8.76682 0.344171 3.09754 80 2 25 10 40984 0 
13.1413 21.1724 -8.60944 0.344171 3.09754 80 2 25 10 40985 0 
13.1526 21.1707 -8.45468 0.344171 3.09754 80 2 25 10 40986 0 
13.164 21.169 -8.30249 0.344171 3.09754 80 2 25 10 40987 0 
13.1695 21.1682 -8.69876 0.344171 3.09754 80 2 25 10 40988 0 
13.1809 21.1665 -8.54249 0.344171 3.09754 80 2 25 10 40989 0 
13.1922 21.1648 -8.38882 0.344171 3.09754 80 2 25 10 40990 0 
13.1977 21.164 -8.7837 0.344171 3.09754 80 2 25 10 40991 0 
13.2091 21.1622 -8.626 0.344171 3.09754 80 2 25 10 40992 0 
13.2204 21.1605 -8.47092 0.344171 3.09754 80 2 25 10 40993 0 
13.2318 21.1588 -8.31842 0.344171 3.09754 80 2 25 10 40994 0 
13.2373 21.158 -8.71279 0.344171 3.09754 80 2 25 10 40995 0 
13.2486 21.1562 -8.55624 0.344171 3.09754 80 2 25 10 40996 0 
13.26 21.1545 -8.4023 0.344171 3.09754 80 2 25 10 40997 0 
13.2713 21.1529 -8.25092 0.344171 3.09754 80 2 25 10 40998 0 
13.2769 21.1521 -8.64476 0.344171 3.09754 80 2 25 10 40999 0 
13.2882 21.1503 -8.48933 0.344171 3.09754 80 2 25 10 41000 0 
13.2996 21.1486 -8.33648 0.344171 3.09754 80 2 25 10 41001 0 
13.3109 21.147 -8.18617 0.344171 3.09754 80 2 25 10 41002 0 
13.3165 21.1462 -8.57946 0.344171 3.09754 80 2 25 10 41003 0 
13.3278 21.1445 -8.42509 0.344171 3.09754 80 2 25 10 41004 0 
13.3392 21.1428 -8.27329 0.344171 3.09754 80 2 25 10 41005 0 
13.3447 21.142 -8.66518 0.344171 3.09754 80 2 25 10 41006 0 
13.356 21.1403 -8.50937 0.344171 3.09754 80 2 25 10 41007 0 
13.3674 21.1386 -8.35614 0.344171 3.09754 80 2 25 10 41008 0 
13.3787 21.1369 -8.20546 0.344171 3.09754 80 2 25 10 41009 0 
13.3843 21.1361 -8.59684 0.344171 3.09754 80 2 25 10 41010 0 
13.3956 21.1344 -8.44214 0.344171 3.09754 80 2 25 10 41011 0 
13.407 21.1327 -8.29001 0.344171 3.09754 80 2 25 10 41012 0 
13.4183 21.131 -8.14041 0.344171 3.09754 80 2 25 10 41013 0 
13.4239 21.1302 -8.53124 0.344171 3.09754 80 2 25 10 41014 0 
13.4352 21.1285 -8.37761 0.344171 3.09754 80 2 25 10 41015 0 
13.4466 21.1269 -8.22653 0.344171 3.09754 80 2 25 10 41016 0 
13.4579 21.1252 -8.07796 0.344171 3.09754 80 2 25 10 41017 0 
13.4635 21.1244 -8.46824 0.344171 3.09754 80 2 25 10 41018 0 
13.4748 21.1228 -8.31563 0.344171 3.09754 80 2 25 10 41019 0 
13.4861 21.1211 -8.16556 0.344171 3.09754 80 2 25 10 41020 0 
13.4917 21.1203 -8.55445 0.344171 3.09754 80 2 25 10 41021 0 
13.503 21.1186 -8.40039 0.344171 3.09754 80 2 25 10 41022 0 
13.5144 21.1169 -8.24889 0.344171 3.09754 80 2 25 10 41023 0 
13.5257 21.1153 -8.09991 0.344171 3.09754 80 2 25 10 41024 0 
13.5313 21.1145 -8.48826 0.344171 3.09754 80 2 25 10 41025 0 
13.5426 21.1128 -8.33527 0.344171 3.09754 80 2 25 10 41026 0 
13.554 21.1111 -8.18484 0.344171 3.09754 80 2 25 10 41027 0 
13.5653 21.1095 -8.0369 0.344171 3.09754 80 2 25 10 41028 0 
13.5709 21.1087 -8.4247 0.344171 3.09754 80 2 25 10 41029 0 
13.5822 21.107 -8.27275 0.344171 3.09754 80 2 25 10 41030 0 
13.5936 21.1054 -8.12333 0.344171 3.09754 80 2 25 10 41031 0 
13.5991 21.1046 -8.50975 0.344171 3.09754 80 2 25 10 41032 0 
13.6105 21.1029 -8.35637 0.344171 3.09754 80 2 25 10 41033 0 
13.6218 21.1012 -8.20554 0.344171 3.09754 80 2 25 10 41034 0 
13.6332 21.0996 -8.05721 0.344171 3.09754 80 2 25 10 41035 0 
13.6387 21.0988 -8.44311 0.344171 3.09754 80 2 25 10 41036 0 
13.6501 21.0971 -8.29081 0.344171 3.09754 80 2 25 10 41037 0 
13.6614 21.0955 -8.14105 0.344171 3.09754 80 2 25 10 41038 0 
13.6728 21.0938 -7.99377 0.344171 3.09754 80 2 25 10 41039 0 
13.6783 21.0931 -8.37912 0.344171 3.09754 80 2 25 10 41040 0 
13.6897 21.0914 -8.22787 0.344171 3.09754 80 2 25 10 41041 0 
13.701 21.0898 -8.07913 0.344171 3.09754 80 2 25 10 41042 0 
13.7124 21.0881 -7.93287 0.344171 3.09754 80 2 25 10 41043 0 
13.7179 21.0874 -8.31766 0.344171 3.09754 80 2 25 10 41044 0 
13.7293 21.0857 -8.16741 0.344171 3.09754 80 2 25 10 41045 0 
13.7406 21.0841 -8.01965 0.344171 3.09754 80 2 25 10 41046 0 
13.752 21.0825 -7.87435 0.344171 3.09754 80 2 25 10 41047 0 
13.7575 21.0817 -8.25857 0.344171 3.09754 80 2 25 10 41048 0 
13.7689 21.0801 -8.10927 0.344171 3.09754 80 2 25 10 41049 0 
13.7803 21.0784 -7.96247 0.344171 3.09754 80 2 25 10 41050 0 
13.7858 21.0777 -8.34529 0.344171 3.09754 80 2 25 10 41051 0 
13.7971 21.076 -8.19454 0.344171 3.09754 80 2 25 10 41052 0 
13.8085 21.0744 -8.04629 0.344171 3.09754 80 2 25 10 41053 0 
13.8199 21.0728 -7.90051 0.344171 3.09754 80 2 25 10 41054 0 
13.8254 21.072 -8.28279 0.344171 3.09754 80 2 25 10 41055 0 
13.8368 21.0703 -8.13305 0.344171 3.09754 80 2 25 10 41056 0 
13.8481 21.0687 -7.9858 0.344171 3.09754 80 2 25 10 41057 0 
13.8595 21.0671 -7.841 0.344171 3.09754 80 2 25 10 41058 0 
13.865 21.0664 -8.22272 0.344171 3.09754 80 2 25 10 41059 0 
13.8764 21.0647 -8.07396 0.344171 3.09754 80 2 25 10 41060 0 
13.8877 21.0631 -7.92767 0.344171 3.09754 80 2 25 10 41061 0 
13.8991 21.0615 -7.78382 0.344171 3.09754 80 2 25 10 41062 0 
13.9046 21.0608 -8.16495 0.344171 3.09754 80 2 25 10 41063 0 
13.916 21.0591 -8.01713 0.344171 3.09754 80 2 25 10 41064 0 
13.9274 21.0575 -7.87177 0.344171 3.09754 80 2 25 10 41065 0 
13.9329 21.0568 -8.25152 0.344171 3.09754 80 2 25 10 41066 0 
13.9443 21.0551 -8.10224 0.344171 3.09754 80 2 25 10 41067 0 
13.9556 21.0535 -7.95544 0.344171 3.09754 80 2 25 10 41068 0 
13.967 21.0519 -7.81108 0.344171 3.09754 80 2 25 10 41069 0 
13.9725 21.0512 -8.19028 0.344171 3.09754 80 2 25 10 41070 0 
13.9839 21.0495 -8.042 0.344171 3.09754 80 2 25 10 41071 0 
13.9952 21.0479 -7.89618 0.344171 3.09754 80 2 25 10 41072 0 
14.0066 21.0463 -7.75279 0.344171 3.09754 80 2 25 10 41073 0 
14.0122 21.0456 -8.13142 0.344171 3.09754 80 2 25 10 41074 0 
14.0235 21.044 -7.98409 0.344171 3.09754 80 2 25 10 41075 0 
14.0349 21.0424 -7.83921 0.344171 3.09754 80 2 25 10 41076 0 
14.0462 21.0408 -7.69674 0.344171 3.09754 80 2 25 10 41077 0 
14.0518 21.0401 -8.07479 0.344171 3.09754 80 2 25 10 41078 0 
14.0631 21.0384 -7.92839 0.344171 3.09754 80 2 25 10 41079 0 
14.0745 21.0369 -7.78441 0.344171 3.09754 80 2 25 10 41080 0 
14.0801 21.0361 -8.16109 0.344171 3.09754 80 2 25 10 41081 0 
14.0914 21.0345 -8.01323 0.344171 3.09754 80 2 25 10 41082 0 
14.1028 21.0329 -7.86782 0.344171 3.09754 80 2 25 10 41083 0 
14.1141 21.0313 -7.72483 0.344171 3.09754 80 2 25 10 41084 0 
14.1197 21.0306 -8.10095 0.344171 3.09754 80 2 25 10 41085 0 
14.131 21.0289 -7.95407 0.344171 3.09754 80 2 25 10 41086 0 
14.1424 21.0274 -7.80963 0.344171 3.09754 80 2 25 10 41087 0 
14.1538 21.0258 -7.66759 0.344171 3.09754 80 2 25 10 41088 0 
14.1593 21.025 -8.04313 0.344171 3.09754 80 2 25 10 41089 0 
14.1707 21.0234 -7.89719 0.344171 3.09754 80 2 25 10 41090 0 
14.182 21.0219 -7.75367 0.344171 3.09754 80 2 25 10 41091 0 
14.1934 21.0203 -7.61254 0.344171 3.09754 80 2 25 10 41092 0 
14.2048 21.0188 -7.47375 0.344171 3.09754 80 2 25 10 41093 0 
14.2103 21.0181 -7.84946 0.344171 3.09754 80 2 25 10 41094 0 
14.2217 21.0165 -7.70672 0.344171 3.09754 80 2 25 10 41095 0 
14.2331 21.015 -7.56635 0.344171 3.09754 80 2 25 10 41096 0 
14.2444 21.0135 -7.4283 0.344171 3.09754 80 2 25 10 41097 0 
14.25 21.0127 -7.80336 0.344171 3.09754 80 2 25 10 41098 0 
14.2614 21.0112 -7.66136 0.344171 3.09754 80 2 25 10 41099 0 
14.2727 21.0096 -7.52172 0.344171 3.09754 80 2 25 10 41100 0 
14.2841 21.0081 -7.3844 0.344171 3.09754 80 2 25 10 41101 0 
14.2955 21.0067 -7.24936 0.344171 3.09754 80 2 25 10 41102 0 
14.301 21.006 -7.62448 0.344171 3.09754 80 2 25 10 41103 0 
14.3124 21.0044 -7.48543 0.344171 3.09754 80 2 25 10 41104 0 
14.3238 21.0029 -7.34869 0.344171 3.09754 80 2 25 10 41105 0 
14.3351 21.0015 -7.21423 0.344171 3.09754 80 2 25 10 41106 0 
14.3465 21 -7.08199 0.344171 3.09754 80 2 25 10 41107 0 
14.3521 20.9993 -7.45709 0.344171 3.09754 80 2 25 10 41108 0 
14.3635 20.9979 -7.3208 0.344171 3.09754 80 2 25 10 41109 0 
14.3748 20.9964 -7.18678 0.344171 3.09754 80 2 25 10 41110 0 
14.3862 20.995 -7.05498 0.344171 3.09754 80 2 25 10 41111 0 
14.3976 20.9936 -6.92537 0.344171 3.09754 80 2 25 10 41112 0 
14.409 20.9922 -6.79792 0.344171 3.09754 80 2 25 10 41113 0 
14.4145 20.9915 -7.17359 0.344171 3.09754 80 2 25 10 41114 0 
14.4259 20.9901 -7.04199 0.344171 3.09754 80 2 25 10 41115 0 
14.4373 20.9887 -6.91258 0.344171 3.09754 80 2 25 10 41116 0 
14.4487 20.9873 -6.78532 0.344171 3.09754 80 2 25 10 41117 0 
14.4601 20.9859 -6.66017 0.344171 3.09754 80 2 25 10 41118 0 
14.4656 20.9853 -7.03561 0.344171 3.09754 80 2 25 10 41119 0 
14.477 20.9839 -6.90628 0.344171 3.09754 80 2 25 10 41120 0 
14.4884 20.9825 -6.7791 0.344171 3.09754 80 2 25 10 41121 0 
14.4998 20.9811 -6.65404 0.344171 3.09754 80 2 25 10 41122 0 
14.5112 20.9798 -6.53105 0.344171 3.09754 80 2 25 10 41123 0 
14.5167 20.9792 -6.9062 0.344171 3.09754 80 2 25 10 41124 0 
14.5281 20.9778 -6.779 0.344171 3.09754 80 2 25 10 41125 0 
14.5395 20.9764 -6.65391 0.344171 3.09754 80 2 25 10 41126 0 
14.5509 20.9751 -6.5309 0.344171 3.09754 80 2 25 10 41127 0 
14.5623 20.9738 -6.40994 0.344171 3.09754 80 2 25 10 41128 0 
14.5737 20.9725 -6.29099 0.344171 3.09754 80 2 25 10 41129 0 
14.5793 20.9719 -6.66639 0.344171 3.09754 80 2 25 10 41130 0 
14.5906 20.9706 -6.54316 0.344171 3.09754 80 2 25 10 41131 0 
14.602 20.9693 -6.42197 0.344171 3.09754 80 2 25 10 41132 0 
14.6134 20.968 -6.30279 0.344171 3.09754 80 2 25 10 41133 0 
14.6248 20.9667 -6.1856 0.344171 3.09754 80 2 25 10 41134 0 
14.6363 20.9655 -6.07035 0.344171 3.09754 80 2 25 10 41135 0 
14.6418 20.9649 -6.44587 0.344171 3.09754 80 2 25 10 41136 0 
14.6532 20.9636 -6.32628 0.344171 3.09754 80 2 25 10 41137 0 
14.6646 20.9624 -6.20867 0.344171 3.09754 80 2 25 10 41138 0 
14.676 20.9611 -6.09302 0.344171 3.09754 80 2 25 10 41139 0 
14.6874 20.9599 -5.97929 0.344171 3.09754 80 2 25 10 41140 0 
14.6988 20.9587 -5.86745 0.344171 3.09754 80 2 25 10 41141 0 
14.7044 20.9581 -6.24296 0.344171 3.09754 80 2 25 10 41142 0 
14.7158 20.9569 -6.12672 0.344171 3.09754 80 2 25 10 41143 0 
14.7272 20.9557 -6.0124 0.344171 3.09754 80 2 25 10 41144 0 
14.7386 20.9545 -5.89999 0.344171 3.09754 80 2 25 10 41145 0 
14.75 20.9533 -5.78944 0.344171 3.09754 80 2 25 10 41146 0 
14.7614 20.9521 -5.68073 0.344171 3.09754 80 2 25 10 41147 0 
14.7669 20.9516 -6.05612 0.344171 3.09754 80 2 25 10 41148 0 
14.7783 20.9504 -5.94296 0.344171 3.09754 80 2 25 10 41149 0 
14.7897 20.9492 -5.83168 0.344171 3.09754 80 2 25 10 41150 0 
14.8012 20.948 -5.72224 0.344171 3.09754 80 2 25 10 41151 0 
14.8126 20.9469 -5.61463 0.344171 3.09754 80 2 25 10 41152 0 
14.824 20.9458 -5.5088 0.344171 3.09754 80 2 25 10 41153 0 
14.8295 20.9452 -5.88396 0.344171 3.09754 80 2 25 10 41154 0 
14.8409 20.944 -5.77364 0.344171 3.09754 80 2 25 10 41155 0 
14.8523 20.9429 -5.66514 0.344171 3.09754 80 2 25 10 41156 0 
14.8638 20.9418 -5.55846 0.344171 3.09754 80 2 25 10 41157 0 
14.8752 20.9406 -5.45354 0.344171 3.09754 80 2 25 10 41158 0 
14.8866 20.9396 -5.35037 0.344171 3.09754 80 2 25 10 41159 0 
14.898 20.9385 -5.24891 0.344171 3.09754 80 2 25 10 41160 0 
14.9035 20.938 -5.62421 0.344171 3.09754 80 2 25 10 41161 0 
14.915 20.9369 -5.51818 0.344171 3.09754 80 2 25 10 41162 0 
14.9264 20.9357 -5.41391 0.344171 3.09754 80 2 25 10 41163 0 
14.9378 20.9347 -5.31137 0.344171 3.09754 80 2 25 10 41164 0 
14.9492 20.9336 -5.21054 0.344171 3.09754 80 2 25 10 41165 0 
14.9607 20.9326 -5.11138 0.344171 3.09754 80 2 25 10 41166 0 
14.9721 20.9315 -5.01387 0.344171 3.09754 80 2 25 10 41167 0 
14.9776 20.9311 -5.38914 0.344171 3.09754 80 2 25 10 41168 0 
14.989 20.93 -5.287 0.344171 3.09754 80 2 25 10 41169 0 
15.0004 20.9289 -5.18654 0.344171 3.09754 80 2 25 10 41170 0 
15.0119 20.9279 -5.08776 0.344171 3.09754 80 2 25 10 41171 0 
15.0233 20.9269 -4.99062 0.344171 3.09754 80 2 25 10 41172 0 
15.0347 20.9259 -4.89509 0.344171 3.09754 80 2 25 10 41173 0 
15.0461 20.9249 -4.80115 0.344171 3.09754 80 2 25 10 41174 0 
15.0517 20.9244 -5.17623 0.344171 3.09754 80 2 25 10 41175 0 
15.0631 20.9234 -5.0776 0.344171 3.09754 80 2 25 10 41176 0 
15.0745 20.9224 -4.9806 0.344171 3.09754 80 2 25 10 41177 0 
15.0859 20.9214 -4.88521 0.344171 3.09754 80 2 25 10 41178 0 
15.0974 20.9204 -4.79141 0.344171 3.09754 80 2 25 10 41179 0 
15.1088 20.9194 -4.69917 0.344171 3.09754 80 2 25 10 41180 0 
15.1202 20.9185 -4.60846 0.344171 3.09754 80 2 25 10 41181 0 
15.1317 20.9176 -4.51925 0.344171 3.09754 80 2 25 10 41182 0 
15.1372 20.9172 -4.89438 0.344171 3.09754 80 2 25 10 41183 0 
15.1486 20.9162 -4.80041 0.344171 3.09754 80 2 25 10 41184 0 
15.16 20.9152 -4.70799 0.344171 3.09754 80 2 25 10 41185 0 
15.1715 20.9143 -4.61711 0.344171 3.09754 80 2 25 10 41186 0 
15.1829 20.9133 -4.52774 0.344171 3.09754 80 2 25 10 41187 0 
15.1943 20.9124 -4.43985 0.344171 3.09754 80 2 25 10 41188 0 
15.2058 20.9116 -4.35343 0.344171 3.09754 80 2 25 10 41189 0 
15.2172 20.9107 -4.26844 0.344171 3.09754 80 2 25 10 41190 0 
15.2287 20.9098 -4.18486 0.344171 3.09754 80 2 25 10 41191 0 
15.2341 20.9094 -4.56015 0.344171 3.09754 80 2 25 10 41192 0 
15.2456 20.9085 -4.4717 0.344171 3.09754 80 2 25 10 41193 0 
15.257 20.9076 -4.38472 0.344171 3.09754 80 2 25 10 41194 0 
15.2685 20.9067 -4.29918 0.344171 3.09754 80 2 25 10 41195 0 
15.2799 20.9059 -4.21507 0.344171 3.09754 80 2 25 10 41196 0 
15.2913 20.905 -4.13235 0.344171 3.09754 80 2 25 10 41197 0 
15.3028 20.9042 -4.05101 0.344171 3.09754 80 2 25 10 41198 0 
15.3142 20.9034 -3.97102 0.344171 3.09754 80 2 25 10 41199 0 
15.3257 20.9026 -3.89235 0.344171 3.09754 80 2 25 10 41200 0 
15.3311 20.9022 -4.2675 0.344171 3.09754 80 2 25 10 41201 0 
15.3426 20.9014 -4.18389 0.344171 3.09754 80 2 25 10 41202 0 
15.354 20.9005 -4.10166 0.344171 3.09754 80 2 25 10 41203 0 
15.3655 20.8997 -4.02081 0.344171 3.09754 80 2 25 10 41204 0 
15.3769 20.8989 -3.94129 0.344171 3.09754 80 2 25 10 41205 0 
15.3884 20.8981 -3.8631 0.344171 3.09754 80 2 25 10 41206 0 
15.3998 20.8974 -3.7862 0.344171 3.09754 80 2 25 10 41207 0 
15.4112 20.8966 -3.71058 0.344171 3.09754 80 2 25 10 41208 0 
15.4227 20.8959 -3.63622 0.344171 3.09754 80 2 25 10 41209 0 
15.4341 20.8951 -3.56309 0.344171 3.09754 80 2 25 10 41210 0 
15.4456 20.8944 -3.49117 0.344171 3.09754 80 2 25 10 41211 0 
15.451 20.8941 -3.86643 0.344171 3.09754 80 2 25 10 41212 0 
15.4625 20.8933 -3.78945 0.344171 3.09754 80 2 25 10 41213 0 
15.4739 20.8926 -3.71375 0.344171 3.09754 80 2 25 10 41214 0 
15.4854 20.8918 -3.63931 0.344171 3.09754 80 2 25 10 41215 0 
15.4968 20.8911 -3.56611 0.344171 3.09754 80 2 25 10 41216 0 
15.5083 20.8904 -3.49412 0.344171 3.09754 80 2 25 10 41217 0 
15.5197 20.8897 -3.42332 0.344171 3.09754 80 2 25 10 41218 0 
15.5312 20.889 -3.3537 0.344171 3.09754 80 2 25 10 41219 0 
15.5426 20.8883 -3.28524 0.344171 3.09754 80 2 25 10 41220 0 
15.5541 20.8877 -3.21791 0.344171 3.09754 80 2 25 10 41221 0 
15.5656 20.887 -3.15171 0.344171 3.09754 80 2 25 10 41222 0 
15.577 20.8864 -3.0866 0.344171 3.09754 80 2 25 10 41223 0 
15.5824 20.8861 -3.46171 0.344171 3.09754 80 2 25 10 41224 0 
15.5939 20.8854 -3.39142 0.344171 3.09754 80 2 25 10 41225 0 
15.6053 20.8847 -3.32231 0.344171 3.09754 80 2 25 10 41226 0 
15.6168 20.884 -3.25434 0.344171 3.09754 80 2 25 10 41227 0 
15.6283 20.8834 -3.1875 0.344171 3.09754 80 2 25 10 41228 0 
15.6397 20.8828 -3.12177 0.344171 3.09754 80 2 25 10 41229 0 
15.6512 20.8821 -3.05713 0.344171 3.09754 80 2 25 10 41230 0 
15.6626 20.8815 -2.99357 0.344171 3.09754 80 2 25 10 41231 0 
15.6741 20.8809 -2.93106 0.344171 3.09754 80 2 25 10 41232 0 
15.6855 20.8803 -2.86959 0.344171 3.09754 80 2 25 10 41233 0 
15.697 20.8798 -2.80913 0.344171 3.09754 80 2 25 10 41234 0 
15.7085 20.8792 -2.74969 0.344171 3.09754 80 2 25 10 41235 0 
15.7199 20.8786 -2.69122 0.344171 3.09754 80 2 25 10 41236 0 
15.7314 20.8781 -2.63373 0.344171 3.09754 80 2 25 10 41237 0 
15.7428 20.8776 -2.5772 0.344171 3.09754 80 2 25 10 41238 0 
15.7543 20.8771 -2.5216 0.344171 3.09754 80 2 25 10 41239 0 
15.7597 20.8768 -2.89663 0.344171 3.09754 80 2 25 10 41240 0 
15.7712 20.8762 -2.8357 0.344171 3.09754 80 2 25 10 41241 0 
15.7826 20.8757 -2.77578 0.344171 3.09754 80 2 25 10 41242 0 
15.7941 20.8751 -2.71686 0.344171 3.09754 80 2 25 10 41243 0 
15.8055 20.8746 -2.65891 0.344171 3.09754 80 2 25 10 41244 0 
15.817 20.8741 -2.60193 0.344171 3.09754 80 2 25 10 41245 0 
15.8284 20.8735 -2.54589 0.344171 3.09754 80 2 25 10 41246 0 
15.8399 20.873 -2.49079 0.344171 3.09754 80 2 25 10 41247 0 
15.8514 20.8725 -2.43659 0.344171 3.09754 80 2 25 10 41248 0 
15.8628 20.872 -2.3833 0.344171 3.09754 80 2 25 10 41249 0 
15.8743 20.8716 -2.33089 0.344171 3.09754 80 2 25 10 41250 0 
15.8858 20.8711 -2.27935 0.344171 3.09754 80 2 25 10 41251 0 
15.8972 20.8706 -2.22867 0.344171 3.09754 80 2 25 10 41252 0 
15.9087 20.8702 -2.17883 0.344171 3.09754 80 2 25 10 41253 0 
15.9201 20.8698 -2.12981 0.344171 3.09754 80 2 25 10 41254 0 
15.9316 20.8693 -2.08161 0.344171 3.09754 80 2 25 10 41255 0 
15.9431 20.8689 -2.03421 0.344171 3.09754 80 2 25 10 41256 0 
15.9545 20.8685 -1.98759 0.344171 3.09754 80 2 25 10 41257 0 
15.966 20.8681 -1.94175 0.344171 3.09754 80 2 25 10 41258 0 
15.9775 20.8677 -1.89666 0.344171 3.09754 80 2 25 10 41259 0 
15.9889 20.8673 -1.85233 0.344171 3.09754 80 2 25 10 41260 0 
16.0004 20.867 -1.80873 0.344171 3.09754 80 2 25 10 41261 0 
16.0119 20.8666 -1.76585 0.344171 3.09754 80 2 25 10 41262 0 
16.0233 20.8662 -1.72369 0.344171 3.09754 80 2 25 10 41263 0 
16.0348 20.8659 -1.68222 0.344171 3.09754 80 2 25 10 41264 0 
16.0463 20.8656 -1.64144 0.344171 3.09754 80 2 25 10 41265 0 
16.0577 20.8652 -1.60134 0.344171 3.09754 80 2 25 10 41266 0 
16.0692 20.8649 -1.5619 0.344171 3.09754 80 2 25 10 41267 0 
16.0807 20.8646 -1.52312 0.344171 3.09754 80 2 25 10 41268 0 
16.0921 20.8643 -1.48498 0.344171 3.09754 80 2 25 10 41269 0 
16.1036 20.864 -1.44747 0.344171 3.09754 80 2 25 10 41270 0 
16.1151 20.8637 -1.41059 0.344171 3.09754 80 2 25 10 41271 0 
16.1266 20.8634 -1.37431 0.344171 3.09754 80 2 25 10 41272 0 
16.138 20.8632 -1.33864 0.344171 3.09754 80 2 25 10 41273 0 
16.1495 20.8629 -1.30356 0.344171 3.09754 80 2 25 10 41274 0 
16.161 20.8626 -1.26906 0.344171 3.09754 80 2 25 10 41275 0 
16.1724 20.8624 -1.23513 0.344171 3.09754 80 2 25 10 41276 0 
16.1839 20.8621 -1.20177 0.344171 3.09754 80 2 25 10 41277 0 
16.1954 20.8619 -1.16895 0.344171 3.09754 80 2 25 10 41278 0 
16.2068 20.8616 -1.13668 0.344171 3.09754 80 2 25 10 41279 0 
16.2183 20.8614 -1.10495 0.344171 3.09754 80 2 25 10 41280 0 
16.2298 20.8612 -1.07374 0.344171 3.09754 80 2 25 10 41281 0 
16.2413 20.861 -1.04305 0.344171 3.09754 80 2 25 10 41282 0 
16.2527 20.8608 -1.01287 0.344171 3.09754 80 2 25 10 41283 0 
16.2642 20.8606 -0.983182 0.344171 3.09754 80 2 25 10 41284 0 
16.2757 20.8604 -0.953991 0.344171 3.09754 80 2 25 10 41285 0 
16.2871 20.8602 -0.925283 0.344171 3.09754 80 2 25 10 41286 0 
16.2986 20.86 -0.897051 0.344171 3.09754 80 2 25 10 41287 0 
16.3101 20.8598 -0.869286 0.344171 3.09754 80 2 25 10 41288 0 
16.3215 20.8596 -0.841981 0.344171 3.09754 80 2 25 10 41289 0 
16.333 20.8595 -0.815128 0.344171 3.09754 80 2 25 10 41290 0 
16.3445 20.8593 -0.78872 0.344171 3.09754 80 2 25 10 41291 0 
16.356 20.8592 -0.762749 0.344171 3.09754 80 2 25 10 41292 0 
16.3674 20.859 -0.737208 0.344171 3.09754 80 2 25 10 41293 0 
16.3789 20.8589 -0.71209 0.344171 3.09754 80 2 25 10 41294 0 
16.3904 20.8587 -0.687388 0.344171 3.09754 80 2 25 10 41295 0 
16.4018 20.8586 -0.663095 0.344171 3.09754 80 2 25 10 41296 0 
16.4133 20.8584 -0.639203 0.344171 3.09754 80 2 25 10 41297 0 
16.4248 20.8583 -0.615707 0.344171 3.09754 80 2 25 10 41298 0 
16.4363 20.8582 -0.5926 0.344171 3.09754 80 2 25 10 41299 0 
16.4477 20.8581 -0.569875 0.344171 3.09754 80 2 25 10 41300 0 
16.4592 20.858 -0.547527 0.344171 3.09754 80 2 25 10 41301 0 
16.4707 20.8579 -0.525547 0.344171 3.09754 80 2 25 10 41302 0 
16.4821 20.8577 -0.503932 0.344171 3.09754 80 2 25 10 41303 0 
16.4936 20.8576 -0.482674 0.344171 3.09754 80 2 25 10 41304 0 
16.5051 20.8575 -0.461768 0.344171 3.09754 80 2 25 10 41305 0 
16.5166 20.8575 -0.441207 0.344171 3.09754 80 2 25 10 41306 0 
16.528 20.8574 -0.420986 0.344171 3.09754 80 2 25 10 41307 0 
16.5395 20.8573 -0.4011 0.344171 3.09754 80 2 25 10 41308 0 
16.551 20.8572 -0.381542 0.344171 3.09754 80 2 25 10 41309 0 
16.5625 20.8571 -0.362308 0.344171 3.09754 80 2 25 10 41310 0 
16.5739 20.8571 -0.343392 0.344171 3.09754 80 2 25 10 41311 0 
16.5854 20.857 -0.324788 0.344171 3.09754 80 2 25 10 41312 0 
16.5969 20.8569 -0.306492 0.344171 3.09754 80 2 25 10 41313 0 
16.6083 20.8569 -0.288498 0.344171 3.09754 80 2 25 10 41314 0 
16.6198 20.8568 -0.270802 0.344171 3.09754 80 2 25 10 41315 0 
16.6313 20.8568 -0.253397 0.344171 3.09754 80 2 25 10 41316 0 
16.6428 20.8567 -0.236281 0.344171 3.09754 80 2 25 10 41317 0 
16.6542 20.8567 -0.219447 0.344171 3.09754 80 2 25 10 41318 0 
16.6657 20.8566 -0.202891 0.344171 3.09754 80 2 25 10 41319 0 
16.6772 20.8566 -0.186608 0.344171 3.09754 80 2 25 10 41320 0 
16.6887 20.8565 -0.170594 0.344171 3.09754 80 2 25 10 41321 0 
16.7001 20.8565 -0.154845 0.344171 3.09754 80 2 25 10 41322 0 
16.7116 20.8565 -0.139355 0.344171 3.09754 80 2 25 10 41323 0 
16.7231 20.8564 -0.124121 0.344171 3.09754 80 2 25 10 41324 0 
16.7345 20.8564 -0.109139 0.344171 3.09754 80 2 25 10 41325 0 
16.746 20.8564 -0.0944037 0.344171 3.09754 80 2 25 10 41326 0 
16.7575 20.8564 -0.0799116 0.344171 3.09754 80 2 25 10 41327 0 
16.769 20.8564 -0.0656585 0.344171 3.09754 80 2 25 10 41328 0 
16.7804 20.8563 -0.0516406 0.344171 3.09754 80 2 25 10 41329 0 
16.7919 20.8563 -0.0378538 0.344171 3.09754 80 2 25 10 41330 0 
16.8034 20.8563 -0.0242943 0.344171 3.09754 80 2 25 10 41331 0 
16.8149 20.8563 -0.0109583 0.344171 3.09754 80 2 25 10 41332 0 
16.8263 20.8563 0.00215777 0.344171 3.09754 80 2 25 10 41333 0 
16.8378 20.8563 0.0150577 0.344171 3.09754 80 2 25 10 41334 0 
16.8493 20.8563 0.0277451 0.344171 3.09754 80 2 25 10 41335 0 
16.8607 20.8563 0.0402234 0.344171 3.09754 80 2 25 10 41336 0 
16.8722 20.8563 0.0524962 0.344171 3.09754 80 2 25 10 41337 0 
16.8837 20.8563 0.0645668 0.344171 3.09754 80 2 25 10 41338 0 
16.8952 20.8564 0.0764386 0.344171 3.09754 80 2 25 10 41339 0 
16.9066 20.8564 0.088115 0.344171 3.09754 80 2 25 10 41340 0 
16.9181 20.8564 0.0995991 0.344171 3.09754 80 2 25 10 41341 0 
16.9296 20.8564 0.110894 0.344171 3.09754 80 2 25 10 41342 0 
16.9411 20.8564 0.122003 0.344171 3.09754 80 2 25 10 41343 0 
16.9525 20.8565 0.13293 0.344171 3.09754 80 2 25 10 41344 0 
16.964 20.8565 0.143677 0.344171 3.09754 80 2 25 10 41345 0 
16.9755 20.8565 0.154247 0.344171 3.09754 80 2 25 10 41346 0 
16.9869 20.8565 0.164643 0.344171 3.09754 80 2 25 10 41347 0 
16.9984 20.8566 0.174868 0.344171 3.09754 80 2 25 10 41348 0 
17.0099 20.8566 0.184925 0.344171 3.09754 80 2 25 10 41349 0 
17.0214 20.8566 0.194817 0.344171 3.09754 80 2 25 10 41350 0 
17.0328 20.8567 0.204546 0.344171 3.09754 80 2 25 10 41351 0 
17.0443 20.8567 0.214116 0.344171 3.09754 80 2 25 10 41352 0 
17.0558 20.8568 0.223528 0.344171 3.09754 80 2 25 10 41353 0 
17.0673 20.8568 0.232786 0.344171 3.09754 80 2 25 10 41354 0 
17.0787 20.8569 0.241891 0.344171 3.09754 80 2 25 10 41355 0 
17.0902 20.8569 0.250848 0.344171 3.09754 80 2 25 10 41356 0 
17.1017 20.857 0.259657 0.344171 3.09754 80 2 25 10 41357 0 
17.1131 20.857 0.268322 0.344171 3.09754 80 2 25 10 41358 0 
17.1246 20.8571 0.276844 0.344171 3.09754 80 2 25 10 41359 0 
17.1361 20.8571 0.285227 0.344171 3.09754 80 2 25 10 41360 0 
17.1476 20.8572 0.293473 0.344171 3.09754 80 2 25 10 41361 0 
17.159 20.8572 0.301583 0.344171 3.09754 80 2 25 10 41362 0 
17.1705 20.8573 0.30956 0.344171 3.09754 80 2 25 10 41363 0 
17.182 20.8574 0.317407 0.344171 3.09754 80 2 25 10 41364 0 
17.1935 20.8574 0.325125 0.344171 3.09754 80 2 25 10 41365 0 
17.2049 20.8575 0.332717 0.344171 3.09754 80 2 25 10 41366 0 
17.2164 20.8575 0.340184 0.344171 3.09754 80 2 25 10 41367 0 
17.2279 20.8576 0.34753 0.344171 3.09754 80 2 25 10 41368 0 
17.2393 20.8577 0.354755 0.344171 3.09754 80 2 25 10 41369 0 
17.2508 20.8578 0.361862 0.344171 3.09754 80 2 25 10 41370 0 
17.2623 20.8578 0.368853 0.344171 3.09754 80 2 25 10 41371 0 
17.2738 20.8579 0.375729 0.344171 3.09754 80 2 25 10 41372 0 
17.2852 20.858 0.382493 0.344171 3.09754 80 2 25 10 41373 0 
17.2967 20.8581 0.389147 0.344171 3.09754 80 2 25 10 41374 0 
17.3082 20.8581 0.395692 0.344171 3.09754 80 2 25 10 41375 0 
17.3197 20.8582 0.40213 0.344171 3.09754 80 2 25 10 41376 0 
17.3311 20.8583 0.408462 0.344171 3.09754 80 2 25 10 41377 0 
17.3426 20.8584 0.414692 0.344171 3.09754 80 2 25 10 41378 0 
17.3541 20.8585 0.42082 0.344171 3.09754 80 2 25 10 41379 0 
17.3655 20.8585 0.426848 0.344171 3.09754 80 2 25 10 41380 0 
17.377 20.8586 0.432778 0.344171 3.09754 80 2 25 10 41381 0 
17.3885 20.8587 0.438611 0.344171 3.09754 80 2 25 10 41382 0 
17.4 20.8588 0.444349 0.344171 3.09754 80 2 25 10 41383 0 
17.4114 20.8589 0.449994 0.344171 3.09754 80 2 25 10 41384 0 
17.4229 20.859 0.455547 0.344171 3.09754 80 2 25 10 41385 0 
17.4344 20.8591 0.461009 0.344171 3.09754 80 2 25 10 41386 0 
17.4459 20.8592 0.466383 0.344171 3.09754 80 2 25 10 41387 0 
17.4573 20.8593 0.471669 0.344171 3.09754 80 2 25 10 41388 0 
17.4688 20.8594 0.476869 0.344171 3.09754 80 2 25 10 41389 0 
17.4803 20.8594 0.481985 0.344171 3.09754 80 2 25 10 41390 0 
17.4917 20.8595 0.487018 0.344171 3.09754 80 2 25 10 41391 0 
17.5032 20.8596 0.491969 0.344171 3.09754 80 2 25 10 41392 0 
17.5147 20.8597 0.496839 0.344171 3.09754 80 2 25 10 41393 0 
17.5262 20.8598 0.501631 0.344171 3.09754 80 2 25 10 41394 0 
17.5376 20.8599 0.506345 0.344171 3.09754 80 2 25 10 41395 0 
17.5491 20.86 0.510983 0.344171 3.09754 80 2 25 10 41396 0 
17.5606 20.8601 0.515545 0.344171 3.09754 80 2 25 10 41397 0 
17.5721 20.8602 0.520033 0.344171 3.09754 80 2 25 10 41398 0 
17.5835 20.8604 0.524449 0.344171 3.09754 80 2 25 10 41399 0 
17.595 20.8605 0.528794 0.344171 3.09754 80 2 25 10 41400 0 
17.6065 20.8606 0.533068 0.344171 3.09754 80 2 25 10 41401 0 
17.6179 20.8607 0.537273 0.344171 3.09754 80 2 25 10 41402 0 
17.6294 20.8608 0.54141 0.344171 3.09754 80 2 25 10 41403 0 
17.6409 20.8609 0.545481 0.344171 3.09754 80 2 25 10 41404 0 
17.6524 20.861 0.549485 0.344171 3.09754 80 2 25 10 41405 0 
17.6638 20.8611 0.553425 0.344171 3.09754 80 2 25 10 41406 0 
17.6753 20.8612 0.557302 0.344171 3.09754 80 2 25 10 41407 0 
17.6868 20.8613 0.561116 0.344171 3.09754 80 2 25 10 41408 0 
17.6983 20.8614 0.564868 0.344171 3.09754 80 2 25 10 41409 0 
17.7097 20.8616 0.568561 0.344171 3.09754 80 2 25 10 41410 0 
17.7212 20.8617 0.572194 0.344171 3.09754 80 2 25 10 41411 0 
17.7327 20.8618 0.575768 0.344171 3.09754 80 2 25 10 41412 0 
17.7441 20.8619 0.579285 0.344171 3.09754 80 2 25 10 41413 0 
17.7556 20.862 0.582745 0.344171 3.09754 80 2 25 10 41414 0 
17.7671 20.8621 0.58615 0.344171 3.09754 80 2 25 10 41415 0 
17.7786 20.8622 0.589501 0.344171 3.09754 80 2 25 10 41416 0 
17.79 20.8624 0.592797 0.344171 3.09754 80 2 25 10 41417 0 
17.8015 20.8625 0.596041 0.344171 3.09754 80 2 25 10 41418 0 
17.813 20.8626 0.599233 0.344171 3.09754 80 2 25 10 41419 0 
17.8244 20.8627 0.602374 0.344171 3.09754 80 2 25 10 41420 0 
17.8359 20.8628 0.605464 0.344171 3.09754 80 2 25 10 41421 0 
17.8474 20.863 0.608505 0.344171 3.09754 80 2 25 10 41422 0 
17.8589 20.8631 0.611498 0.344171 3.09754 80 2 25 10 41423 0 
17.8703 20.8632 0.614443 0.344171 3.09754 80 2 25 10 41424 0 
17.8818 20.8633 0.617341 0.344171 3.09754 80 2 25 10 41425 0 
17.8933 20.8635 0.620192 0.344171 3.09754 80 2 25 10 41426 0 
17.9047 20.8636 0.622998 0.344171 3.09754 80 2 25 10 41427 0 
17.9162 20.8637 0.62576 0.344171 3.09754 80 2 25 10 41428 0 
17.9277 20.8638 0.628478 0.344171 3.09754 80 2 25 10 41429 0 
17.9392 20.864 0.631152 0.344171 3.09754 80 2 25 10 41430 0 
17.9506 20.8641 0.633784 0.344171 3.09754 80 2 25 10 41431 0 
17.9621 20.8642 0.636375 0.344171 3.09754 80 2 25 10 41432 0 
17.9736 20.8643 0.638924 0.344171 3.09754 80 2 25 10 41433 0 
17.985 20.8645 0.641433 0.344171 3.09754 80 2 25 10 41434 0 
17.9965 20.8646 0.643902 0.344171 3.09754 80 2 25 10 41435 0 
18.008 20.8647 0.646332 0.344171 3.09754 80 2 25 10 41436 0 
18.0195 20.8649 0.648724 0.344171 3.09754 80 2 25 10 41437 0 
18.0309 20.865 0.651078 0.344171 3.09754 80 2 25 10 41438 0 
18.0424 20.8651 0.653394 0.344171 3.09754 80 2 25 10 41439 0 
18.0539 20.8652 0.655675 0.344171 3.09754 80 2 25 10 41440 0 
18.0653 20.8654 0.657919 0.344171 3.09754 80 2 25 10 41441 0 
18.0768 20.8655 0.660128 0.344171 3.09754 80 2 25 10 41442 0 
18.0883 20.8656 0.662303 0.344171 3.09754 80 2 25 10 41443 0 
18.0997 20.8658 0.664443 0.344171 3.09754 80 2 25 10 41444 0 
18.1112 20.8659 0.66655 0.344171 3.09754 80 2 25 10 41445 0 
18.1227 20.866 0.668623 0.344171 3.09754 80 2 25 10 41446 0 
18.1342 20.8662 0.670664 0.344171 3.09754 80 2 25 10 41447 0 
18.1456 20.8663 0.672674 0.344171 3.09754 80 2 25 10 41448 0 
18.1571 20.8664 0.674652 0.344171 3.09754 80 2 25 10 41449 0 
18.1686 20.8666 0.676599 0.344171 3.09754 80 2 25 10 41450 0 
18.18 20.8667 0.678515 0.344171 3.09754 80 2 25 10 41451 0 
18.1915 20.8669 0.680402 0.344171 3.09754 80 2 25 10 41452 0 
18.203 20.867 0.68226 0.344171 3.09754 80 2 25 10 41453 0 
18.2145 20.8671 0.684088 0.344171 3.09754 80 2 25 10 41454 0 
18.2259 20.8673 0.685888 0.344171 3.09754 80 2 25 10 41455 0 
18.2374 20.8674 0.687661 0.344171 3.09754 80 2 25 10 41456 0 
18.2489 20.8675 0.689406 0.344171 3.09754 80 2 25 10 41457 0 
18.2603 20.8677 0.691123 0.344171 3.09754 80 2 25 10 41458 0 
18.2718 20.8678 0.692815 0.344171 3.09754 80 2 25 10 41459 0 
18.2833 20.868 0.69448 0.344171 3.09754 80 2 25 10 41460 0 
18.2948 20.8681 0.69612 0.344171 3.09754 80 2 25 10 41461 0 
18.3062 20.8682 0.697734 0.344171 3.09754 80 2 25 10 41462 0 
18.3177 20.8684 0.699324 0.344171 3.09754 80 2 25 10 41463 0 
18.3292 20.8685 0.700889 0.344171 3.09754 80 2 25 10 41464 0 
18.3406 20.8687 0.70243 0.344171 3.09754 80 2 25 10 41465 0 
18.3521 20.8688 0.703947 0.344171 3.09754 80 2 25 10 41466 0 
18.3636 20.8689 0.705442 0.344171 3.09754 80 2 25 10 41467 0 
18.375 20.8691 0.706913 0.344171 3.09754 80 2 25 10 41468 0 
18.3865 20.8692 0.708363 0.344171 3.09754 80 2 25 10 41469 0 
18.398 20.8694 0.70979 0.344171 3.09754 80 2 25 10 41470 0 
18.4095 20.8695 0.711195 0.344171 3.09754 80 2 25 10 41471 0 
18.4209 20.8696 0.712579 0.344171 3.09754 80 2 25 10 41472 0 
18.4324 20.8698 0.713942 0.344171 3.09754 80 2 25 10 41473 0 
18.4439 20.8699 0.715284 0.344171 3.09754 80 2 25 10 41474 0 
18.4553 20.8701 0.716607 0.344171 3.09754 80 2 25 10 41475 0 
18.4668 20.8702 0.717909 0.344171 3.09754 80 2 25 10 41476 0 
18.4783 20.8704 0.719191 0.344171 3.09754 80 2 25 10 41477 0 
18.4898 20.8705 0.720455 0.344171 3.09754 80 2 25 10 41478 0 
18.5012 20.8706 0.721699 0.344171 3.09754 80 2 25 10 41479 0 
18.5127 20.8708 0.722925 0.344171 3.09754 80 2 25 10 41480 0 
18.5242 20.8709 0.724132 0.344171 3.09754 80 2 25 10 41481 0 
18.5356 20.8711 0.725321 0.344171 3.09754 80 2 25 10 41482 0 
18.5471 20.8712 0.726493 0.344171 3.09754 80 2 25 10 41483 0 
18.5586 20.8714 0.727647 0.344171 3.09754 80 2 25 10 41484 0 
18.5701 20.8715 0.728784 0.344171 3.09754 80 2 25 10 41485 0 
18.5815 20.8717 0.729904 0.344171 3.09754 80 2 25 10 41486 0 
18.593 20.8718 0.731008 0.344171 3.09754 80 2 25 10 41487 0 
18.6045 20.872 0.732095 0.344171 3.09754 80 2 25 10 41488 0 
18.6159 20.8721 0.733167 0.344171 3.09754 80 2 25 10 41489 0 
18.6274 20.8722 0.734222 0.344171 3.09754 80 2 25 10 41490 0 
18.6389 20.8724 0.735262 0.344171 3.09754 80 2 25 10 41491 0 
18.6503 20.8725 0.736287 0.344171 3.09754 80 2 25 10 41492 0 
18.6618 20.8727 0.737296 0.344171 3.09754 80 2 25 10 41493 0 
18.6733 20.8728 0.738292 0.344171 3.09754 80 2 25 10 41494 0 
18.6848 20.873 0.739272 0.344171 3.09754 80 2 25 10 41495 0 
18.6962 20.8731 0.740238 0.344171 3.09754 80 2 25 10 41496 0 
18.7077 20.8733 0.741191 0.344171 3.09754 80 2 25 10 41497 0 
18.7192 20.8734 0.742129 0.344171 3.09754 80 2 25 10 41498 0 
18.7306 20.8736 0.743054 0.344171 3.09754 80 2 25 10 41499 0 
18.7421 20.8737 0.743966 0.344171 3.09754 80 2 25 10 41500 0 
18.7536 20.8739 0.744864 0.344171 3.09754 80 2 25 10 41501 0 
18.7651 20.874 0.74575 0.344171 3.09754 80 2 25 10 41502 0 
18.7765 20.8742 0.746623 0.344171 3.09754 80 2 25 10 41503 0 
18.788 20.8743 0.747483 0.344171 3.09754 80 2 25 10 41504 0 
18.7995 20.8745 0.748332 0.344171 3.09754 80 2 25 10 41505 0 
18.8109 20.8746 0.749168 0.344171 3.09754 80 2 25 10 41506 0 
18.8224 20.8748 0.749992 0.344171 3.09754 80 2 25 10 41507 0 
18.8339 20.8749 0.750805 0.344171 3.09754 80 2 25 10 41508 0 
18.8454 20.8751 0.751606 0.344171 3.09754 80 2 25 10 41509 0 
18.8568 20.8752 0.752397 0.344171 3.09754 80 2 25 10 41510 0 
18.8683 20.8754 0.753175 0.344171 3.09754 80 2 25 10 41511 0 
18.8798 20.8755 0.753944 0.344171 3.09754 80 2 25 10 41512 0 
18.8912 20.8757 0.754701 0.344171 3.09754 80 2 25 10 41513 0 
18.9027 20.8758 0.755448 0.344171 3.09754 80 2 25 10 41514 0 
18.9142 20.876 0.756184 0.344171 3.09754 80 2 25 10 41515 0 
18.9256 20.8761 0.756911 0.344171 3.09754 80 2 25 10 41516 0 
18.9371 20.8763 0.757627 0.344171 3.09754 80 2 25 10 41517 0 
18.9486 20.8764 0.758333 0.344171 3.09754 80 2 25 10 41518 0 
18.9601 20.8766 0.75903 0.344171 3.09754 80 2 25 10 41519 0 
18.9715 20.8767 0.759718 0.344171 3.09754 80 2 25 10 41520 0 
18.983 20.8769 0.760395 0.344171 3.09754 80 2 25 10 41521 0 
18.9945 20.877 0.761064 0.344171 3.09754 80 2 25 10 41522 0 
19.0059 20.8772 0.761724 0.344171 3.09754 80 2 25 10 41523 0 
19.0174 20.8773 0.762375 0.344171 3.09754 80 2 25 10 41524 0 
19.0289 20.8775 0.763017 0.344171 3.09754 80 2 25 10 41525 0 
19.0404 20.8777 0.76365 0.344171 3.09754 80 2 25 10 41526 0 
19.0518 20.8778 0.764275 0.344171 3.09754 80 2 25 10 41527 0 
19.0633 20.878 0.764892 0.344171 3.09754 80 2 25 10 41528 0 
19.0748 20.8781 0.7655 0.344171 3.09754 80 2 25 10 41529 0 
19.0862 20.8783 0.766101 0.344171 3.09754 80 2 25 10 41530 0 
19.0977 20.8784 0.766694 0.344171 3.09754 80 2 25 10 41531 0 
19.1092 20.8786 0.767278 0.344171 3.09754 80 2 25 10 41532 0 
19.1206 20.8787 0.767855 0.344171 3.09754 80 2 25 10 41533 0 
19.1321 20.8789 0.768425 0.344171 3.09754 80 2 25 10 41534 0 
19.1436 20.879 0.768987 0.344171 3.09754 80 2 25 10 41535 0 
19.1551 20.8792 0.769542 0.344171 3.09754 80 2 25 10 41536 0 
19.1665 20.8793 0.77009 0.344171 3.09754 80 2 25 10 41537 0 
19.178 20.8795 0.770631 0.344171 3.09754 80 2 25 10 41538 0 
19.1895 20.8797 0.771165 0.344171 3.09754 80 2 25 10 41539 0 
19.2009 20.8798 0.771692 0.344171 3.09754 80 2 25 10 41540 0 
19.2124 20.88 0.772213 0.344171 3.09754 80 2 25 10 41541 0 
19.2239 20.8801 0.772726 0.344171 3.09754 80 2 25 10 41542 0 
19.2354 20.8803 0.773234 0.344171 3.09754 80 2 25 10 41543 0 
19.2468 20.8804 0.773735 0.344171 3.09754 80 2 25 10 41544 0 
19.2583 20.8806 0.77423 0.344171 3.09754 80 2 25 10 41545 0 
19.2698 20.8807 0.774718 0.344171 3.09754 80 2 25 10 41546 0 
19.2812 20.8809 0.775201 0.344171 3.09754 80 2 25 10 41547 0 
19.2927 20.881 0.775678 0.344171 3.09754 80 2 25 10 41548 0 
19.3042 20.8812 0.776149 0.344171 3.09754 80 2 25 10 41549 0 
19.3157 20.8814 0.776614 0.344171 3.09754 80 2 25 10 41550 0 
19.3271 20.8815 0.777073 0.344171 3.09754 80 2 25 10 41551 0 
19.3386 20.8817 0.777527 0.344171 3.09754 80 2 25 10 41552 0 
19.3501 20.8818 0.777976 0.344171 3.09754 80 2 25 10 41553 0 
19.3615 20.882 0.778419 0.344171 3.09754 80 2 25 10 41554 0 
19.373 20.8821 0.778857 0.344171 3.09754 80 2 25 10 41555 0 
19.3845 20.8823 0.77929 0.344171 3.09754 80 2 25 10 41556 0 
19.3959 20.8824 0.779717 0.344171 3.09754 80 2 25 10 41557 0 
19.4074 20.8826 0.78014 0.344171 3.09754 80 2 25 10 41558 0 
19.4189 20.8828 0.780558 0.344171 3.09754 80 2 25 10 41559 0 
19.4304 20.8829 0.78097 0.344171 3.09754 80 2 25 10 41560 0 
19.4418 20.8831 0.781379 0.344171 3.09754 80 2 25 10 41561 0 
19.4533 20.8832 0.781782 0.344171 3.09754 80 2 25 10 41562 0 
19.4648 20.8834 0.782181 0.344171 3.09754 80 2 25 10 41563 0 
19.4762 20.8835 0.782575 0.344171 3.09754 80 2 25 10 41564 0 
19.4877 20.8837 0.782965 0.344171 3.09754 80 2 25 10 41565 0 
19.4992 20.8839 0.78335 0.344171 3.09754 80 2 25 10 41566 0 
19.5107 20.884 0.783731 0.344171 3.09754 80 2 25 10 41567 0 
19.5221 20.8842 0.784108 0.344171 3.09754 80 2 25 10 41568 0 
19.5336 20.8843 0.784481 0.344171 3.09754 80 2 25 10 41569 0 
19.5451 20.8845 0.78485 0.344171 3.09754 80 2 25 10 41570 0 
19.5565 20.8846 0.785214 0.344171 3.09754 80 2 25 10 41571 0 
19.568 20.8848 0.785575 0.344171 3.09754 80 2 25 10 41572 0 
19.5795 20.8849 0.785932 0.344171 3.09754 80 2 25 10 41573 0 
19.591 20.8851 0.786285 0.344171 3.09754 80 2 25 10 41574 0 
19.6024 20.8853 0.786634 0.344171 3.09754 80 2 25 10 41575 0 
19.6139 20.8854 0.78698 0.344171 3.09754 80 2 25 10 41576 0 
19.6254 20.8856 0.787322 0.344171 3.09754 80 2 25 10 41577 0 
19.6368 20.8857 0.78766 0.344171 3.09754 80 2 25 10 41578 0 
19.6483 20.8859 0.787995 0.344171 3.09754 80 2 25 10 41579 0 
19.6598 20.8861 0.788326 0.344171 3.09754 80 2 25 10 41580 0 
19.6712 20.8862 0.788654 0.344171 3.09754 80 2 25 10 41581 0 
19.6827 20.8864 0.788979 0.344171 3.09754 80 2 25 10 41582 0 
19.6942 20.8865 0.7893 0.344171 3.09754 80 2 25 10 41583 0 
19.7057 20.8867 0.789618 0.344171 3.09754 80 2 25 10 41584 0 
19.7171 20.8868 0.789933 0.344171 3.09754 80 2 25 10 41585 0 
19.7286 20.887 0.790245 0.344171 3.09754 80 2 25 10 41586 0 
19.7401 20.8872 0.790554 0.344171 3.09754 80 2 25 10 41587 0 
19.7515 20.8873 0.79086 0.344171 3.09754 80 2 25 10 41588 0 
19.763 20.8875 0.791162 0.344171 3.09754 80 2 25 10 41589 0 
19.7745 20.8876 0.791462 0.344171 3.09754 80 2 25 10 41590 0 
19.786 20.8878 0.791759 0.344171 3.09754 80 2 25 10 41591 0 
19.7974 20.888 0.792054 0.344171 3.09754 80 2 25 10 41592 0 
19.8089 20.8881 0.792345 0.344171 3.09754 80 2 25 10 41593 0 
19.8204 20.8883 0.792634 0.344171 3.09754 80 2 25 10 41594 0 
19.8318 20.8884 0.79292 0.344171 3.09754 80 2 25 10 41595 0 
19.8433 20.8886 0.793203 0.344171 3.09754 80 2 25 10 41596 0 
19.8548 20.8887 0.793484 0.344171 3.09754 80 2 25 10 41597 0 
19.8663 20.8889 0.793763 0.344171 3.09754 80 2 25 10 41598 0 
19.8777 20.8891 0.794038 0.344171 3.09754 80 2 25 10 41599 0 
19.8892 20.8892 0.794312 0.344171 3.09754 80 2 25 10 41600 0 
19.9007 20.8894 0.794583 0.344171 3.09754 80 2 25 10 41601 0 
19.9121 20.8895 0.794851 0.344171 3.09754 80 2 25 10 41602 0 
19.9236 20.8897 0.795118 0.344171 3.09754 80 2 25 10 41603 0 
19.9351 20.8899 0.795382 0.344171 3.09754 80 2 25 10 41604 0 
19.9465 20.89 0.795643 0.344171 3.09754 80 2 25 10 41605 0 
19.958 20.8902 0.795903 0.344171 3.09754 80 2 25 10 41606 0 
19.9695 20.8903 0.79616 0.344171 3.09754 80 2 25 10 41607 0 
19.981 20.8905 0.796415 0.344171 3.09754 80 2 25 10 41608 0 
19.9924 20.8907 0.796669 0.344171 3.09754 80 2 25 10 41609 0 
20.0039 20.8908 0.79692 0.344171 3.09754 80 2 25 10 41610 0 
20.0154 20.891 0.797168 0.344171 3.09754 80 2 25 10 41611 0 
20.0268 20.8911 0.797415 0.344171 3.09754 80 2 25 10 41612 0 
20.0383 20.8913 0.797661 0.344171 3.09754 80 2 25 10 41613 0 
20.0498 20.8915 0.797904 0.344171 3.09754 80 2 25 10 41614 0 
20.0613 20.8916 0.798145 0.344171 3.09754 80 2 25 10 41615 0 
20.0727 20.8918 0.798384 0.344171 3.09754 80 2 25 10 41616 0 
20.0842 20.8919 0.798622 0.344171 3.09754 80 2 25 10 41617 0 
20.0957 20.8921 0.798857 0.344171 3.09754 80 2 25 10 41618 0 
20.1071 20.8923 0.799091 0.344171 3.09754 80 2 25 10 41619 0 
20.1186 20.8924 0.799323 0.344171 3.09754 80 2 25 10 41620 0 
20.1301 20.8926 0.799554 0.344171 3.09754 80 2 25 10 41621 0 
20.1416 20.8927 0.799782 0.344171 3.09754 80 2 25 10 41622 0 
20.153 20.8929 0.80001 0.344171 3.09754 80 2 25 10 41623 0 
20.1645 20.8931 0.800235 0.344171 3.09754 80 2 25 10 41624 0 
20.176 20.8932 0.800459 0.344171 3.09754 80 2 25 10 41625 0 
20.1874 20.8934 0.800681 0.344171 3.09754 80 2 25 10 41626 0 
20.1989 20.8935 0.800902 0.344171 3.09754 80 2 25 10 41627 0 
20.2104 20.8937 0.801121 0.344171 3.09754 80 2 25 10 41628 0 
20.2218 20.8939 0.801339 0.344171 3.09754 80 2 25 10 41629 0 
20.2333 20.894 0.801555 0.344171 3.09754 80 2 25 10 41630 0 
20.2448 20.8942 0.80177 0.344171 3.09754 80 2 25 10 41631 0 
20.2563 20.8943 0.801984 0.344171 3.09754 80 2 25 10 41632 0 
20.2677 20.8945 0.802196 0.344171 3.09754 80 2 25 10 41633 0 
20.2792 20.8947 0.802406 0.344171 3.09754 80 2 25 10 41634 0 
20.2907 20.8948 0.802616 0.344171 3.09754 80 2 25 10 41635 0 
20.3021 20.895 0.802824 0.344171 3.09754 80 2 25 10 41636 0 
20.3136 20.8951 0.80303 0.344171 3.09754 80 2 25 10 41637 0 
20.3251 20.8953 0.803236 0.344171 3.09754 80 2 25 10 41638 0 
20.3366 20.8955 0.80344 0.344171 3.09754 80 2 25 10 41639 0 
20.348 20.8956 0.803643 0.344171 3.09754 80 2 25 10 41640 0 
20.3595 20.8958 0.803845 0.344171 3.09754 80 2 25 10 41641 0 
20.371 20.8959 0.804045 0.344171 3.09754 80 2 25 10 41642 0 
20.3824 20.8961 0.804245 0.344171 3.09754 80 2 25 10 41643 0 
20.3939 20.8963 0.804443 0.344171 3.09754 80 2 25 10 41644 0 
20.4054 20.8964 0.80464 0.344171 3.09754 80 2 25 10 41645 0 
20.4168 20.8966 0.804836 0.344171 3.09754 80 2 25 10 41646 0 
20.4283 20.8967 0.805031 0.344171 3.09754 80 2 25 10 41647 0 
20.4398 20.8969 0.805225 0.344171 3.09754 80 2 25 10 41648 0 
20.4513 20.8971 0.805418 0.344171 3.09754 80 2 25 10 41649 0 
20.4627 20.8972 0.80561 0.344171 3.09754 80 2 25 10 41650 0 
20.4742 20.8974 0.8058 0.344171 3.09754 80 2 25 10 41651 0 
20.4857 20.8976 0.80599 0.344171 3.09754 80 2 25 10 41652 0 
20.4971 20.8977 0.806179 0.344171 3.09754 80 2 25 10 41653 0 
20.5086 20.8979 0.806367 0.344171 3.09754 80 2 25 10 41654 0 
20.5201 20.898 0.806553 0.344171 3.09754 80 2 25 10 41655 0 
20.5316 20.8982 0.806739 0.344171 3.09754 80 2 25 10 41656 0 
20.543 20.8984 0.806924 0.344171 3.09754 80 2 25 10 41657 0 
20.5545 20.8985 0.807108 0.344171 3.09754 80 2 25 10 41658 0 
20.566 20.8987 0.807292 0.344171 3.09754 80 2 25 10 41659 0 
20.5774 20.8989 0.807474 0.344171 3.09754 80 2 25 10 41660 0 
20.5889 20.899 0.807656 0.344171 3.09754 80 2 25 10 41661 0 
20.6004 20.8992 0.807836 0.344171 3.09754 80 2 25 10 41662 0 
20.6119 20.8993 0.808016 0.344171 3.09754 80 2 25 10 41663 0 
20.6233 20.8995 0.808195 0.344171 3.09754 80 2 25 10 41664 0 
20.6348 20.8997 0.808373 0.344171 3.09754 80 2 25 10 41665 0 
20.6463 20.8998 0.808551 0.344171 3.09754 80 2 25 10 41666 0 
20.6577 20.9 0.808727 0.344171 3.09754 80 2 25 10 41667 0 
20.6692 20.9001 0.808903 0.344171 3.09754 80 2 25 10 41668 0 
20.6807 20.9003 0.809078 0.344171 3.09754 80 2 25 10 41669 0 
20.6921 20.9005 0.809253 0.344171 3.09754 80 2 25 10 41670 0 
20.7036 20.9006 0.809427 0.344171 3.09754 80 2 25 10 41671 0 
20.7151 20.9008 0.8096 0.344171 3.09754 80 2 25 10 41672 0 
20.7266 20.901 0.809772 0.344171 3.09754 80 2 25 10 41673 0 
20.738 20.9011 0.809944 0.344171 3.09754 80 2 25 10 41674 0 
20.7495 20.9013 0.810115 0.344171 3.09754 80 2 25 10 41675 0 
20.761 20.9014 0.810285 0.344171 3.09754 80 2 25 10 41676 0 
20.7724 20.9016 0.810455 0.344171 3.09754 80 2 25 10 41677 0 
20.7839 20.9018 0.810624 0.344171 3.09754 80 2 25 10 41678 0 
20.7954 20.9019 0.810792 0.344171 3.09754 80 2 25 10 41679 0 
20.8069 20.9021 0.81096 0.344171 3.09754 80 2 25 10 41680 0 
20.8183 20.9023 0.811127 0.344171 3.09754 80 2 25 10 41681 0 
20.8298 20.9024 0.811294 0.344171 3.09754 80 2 25 10 41682 0 
20.8413 20.9026 0.81146 0.344171 3.09754 80 2 25 10 41683 0 
20.8527 20.9027 0.811626 0.344171 3.09754 80 2 25 10 41684 0 
20.8642 20.9029 0.811791 0.344171 3.09754 80 2 25 10 41685 0 
20.8757 20.9031 0.811955 0.344171 3.09754 80 2 25 10 41686 0 
20.8872 20.9032 0.812119 0.344171 3.09754 80 2 25 10 41687 0 
20.8986 20.9034 0.812282 0.344171 3.09754 80 2 25 10 41688 0 
20.9101 20.9036 0.812445 0.344171 3.09754 80 2 25 10 41689 0 
20.9216 20.9037 0.812608 0.344171 3.09754 80 2 25 10 41690 0 
20.933 20.9039 0.812769 0.344171 3.09754 80 2 25 10 41691 0 
20.9445 20.904 0.812931 0.344171 3.09754 80 2 25 10 41692 0 
20.956 20.9042 0.813092 0.344171 3.09754 80 2 25 10 41693 0 
20.9674 20.9044 0.813252 0.344171 3.09754 80 2 25 10 41694 0 
20.9789 20.9045 0.813412 0.344171 3.09754 80 2 25 10 41695 0 
20.9904 20.9047 0.813572 0.344171 3.09754 80 2 25 10 41696 0 
21.0019 20.9049 0.813731 0.344171 3.09754 80 2 25 10 41697 0 
21.0133 20.905 0.81389 0.344171 3.09754 80 2 25 10 41698 0 
21.0248 20.9052 0.814048 0.344171 3.09754 80 2 25 10 41699 0 
21.0363 20.9053 0.814206 0.344171 3.09754 80 2 25 10 41700 0 
21.0477 20.9055 0.814363 0.344171 3.09754 80 2 25 10 41701 0 
21.0592 20.9057 0.81452 0.344171 3.09754 80 2 25 10 41702 0 
21.0707 20.9058 0.814677 0.344171 3.09754 80 2 25 10 41703 0 
21.0822 20.906 0.814833 0.344171 3.09754 80 2 25 10 41704 0 
21.0936 20.9062 0.814989 0.344171 3.09754 80 2 25 10 41705 0 
21.1051 20.9063 0.815144 0.344171 3.09754 80 2 25 10 41706 0 
21.1166 20.9065 0.815299 0.344171 3.09754 80 2 25 10 41707 0 
21.128 20.9066 0.815454 0.344171 3.09754 80 2 25 10 41708 0 
21.1395 20.9068 0.815608 0.344171 3.09754 80 2 25 10 41709 0 
21.151 20.907 0.815762 0.344171 3.09754 80 2 25 10 41710 0 
21.1625 20.9071 0.815916 0.344171 3.09754 80 2 25 10 41711 0 
21.1739 20.9073 0.816069 0.344171 3.09754 80 2 25 10 41712 0 
21.1854 20.9075 0.816222 0.344171 3.09754 80 2 25 10 41713 0 
21.1969 20.9076 0.816375 0.344171 3.09754 80 2 25 10 41714 0 
21.2083 20.9078 0.816527 0.344171 3.09754 80 2 25 10 41715 0 
21.2198 20.908 0.816679 0.344171 3.09754 80 2 25 10 41716 0 
21.2313 20.9081 0.816831 0.344171 3.09754 80 2 25 10 41717 0 
21.2427 20.9083 0.816983 0.344171 3.09754 80 2 25 10 41718 0 
21.2542 20.9084 0.817134 0.344171 3.09754 80 2 25 10 41719 0 
21.2657 20.9086 0.817285 0.344171 3.09754 80 2 25 10 41720 0 
21.2772 20.9088 0.817435 0.344171 3.09754 80 2 25 10 41721 0 
21.2886 20.9089 0.817585 0.344171 3.09754 80 2 25 10 41722 0 
21.3001 20.9091 0.817735 0.344171 3.09754 80 2 25 10 41723 0 
21.3116 20.9093 0.817885 0.344171 3.09754 80 2 25 10 41724 0 
21.323 20.9094 0.818035 0.344171 3.09754 80 2 25 10 41725 0 
21.3345 20.9096 0.818184 0.344171 3.09754 80 2 25 10 41726 0 
21.346 20.9098 0.818333 0.344171 3.09754 80 2 25 10 41727 0 
21.3575 20.9099 0.818482 0.344171 3.09754 80 2 25 10 41728 0 
21.3689 20.9101 0.81863 0.344171 3.09754 80 2 25 10 41729 0 
21.3804 20.9103 0.818778 0.344171 3.09754 80 2 25 10 41730 0 
21.3919 20.9104 0.818926 0.344171 3.09754 80 2 25 10 41731 0 
21.4033 20.9106 0.819074 0.344171 3.09754 80 2 25 10 41732 0 
21.4148 20.9107 0.819222 0.344171 3.09754 80 2 25 10 41733 0 
21.4263 20.9109 0.819369 0.344171 3.09754 80 2 25 10 41734 0 
21.4377 20.9111 0.819516 0.344171 3.09754 80 2 25 10 41735 0 
21.4492 20.9112 0.819663 0.344171 3.09754 80 2 25 10 41736 0 
21.4607 20.9114 0.81981 0.344171 3.09754 80 2 25 10 41737 0 
21.4722 20.9116 0.819956 0.344171 3.09754 80 2 25 10 41738 0 
21.4836 20.9117 0.820103 0.344171 3.09754 80 2 25 10 41739 0 
21.4951 20.9119 0.820249 0.344171 3.09754 80 2 25 10 41740 0 
21.5066 20.9121 0.820395 0.344171 3.09754 80 2 25 10 41741 0 
21.518 20.9122 0.820541 0.344171 3.09754 80 2 25 10 41742 0 
21.5295 20.9124 0.820686 0.344171 3.09754 80 2 25 10 41743 0 
21.541 20.9125 0.820832 0.344171 3.09754 80 2 25 10 41744 0 
21.5525 20.9127 0.820977 0.344171 3.09754 80 2 25 10 41745 0 
21.5639 20.9129 0.821122 0.344171 3.09754 80 2 25 10 41746 0 
21.5754 20.913 0.821267 0.344171 3.09754 80 2 25 10 41747 0 
21.5869 20.9132 0.821412 0.344171 3.09754 80 2 25 10 41748 0 
21.5983 20.9134 0.821556 0.344171 3.09754 80 2 25 10 41749 0 
21.6098 20.9135 0.821701 0.344171 3.09754 80 2 25 10 41750 0 
21.6213 20.9137 0.821845 0.344171 3.09754 80 2 25 10 41751 0 
21.6328 20.9139 0.821989 0.344171 3.09754 80 2 25 10 41752 0 
21.6442 20.914 0.822133 0.344171 3.09754 80 2 25 10 41753 0 
21.6557 20.9142 0.822277 0.344171 3.09754 80 2 25 10 41754 0 
21.6672 20.9144 0.822421 0.344171 3.09754 80 2 25 10 41755 0 
21.6786 20.9145 0.822565 0.344171 3.09754 80 2 25 10 41756 0 
21.6901 20.9147 0.822708 0.344171 3.09754 80 2 25 10 41757 0 
21.7016 20.9148 0.822852 0.344171 3.09754 80 2 25 10 41758 0 
21.713 20.915 0.822995 0.344171 3.09754 80 2 25 10 41759 0 
21.7245 20.9152 0.823138 0.344171 3.09754 80 2 25 10 41760 0 
21.736 20.9153 0.823281 0.344171 3.09754 80 2 25 10 41761 0 
21.7475 20.9155 0.823424 0.344171 3.09754 80 2 25 10 41762 0 
21.7589 20.9157 0.823567 0.344171 3.09754 80 2 25 10 41763 0 
21.7704 20.9158 0.823709 0.344171 3.09754 80 2 25 10 41764 0 
21.7819 20.916 0.823852 0.344171 3.09754 80 2 25 10 41765 0 
21.7933 20.9162 0.823994 0.344171 3.09754 80 2 25 10 41766 0 
21.8048 20.9163 0.824137 0.344171 3.09754 80 2 25 10 41767 0 
21.8163 20.9165 0.824279 0.344171 3.09754 80 2 25 10 41768 0 
21.8278 20.9167 0.824421 0.344171 3.09754 80 2 25 10 41769 0 
21.8392 20.9168 0.824563 0.344171 3.09754 80 2 25 10 41770 0 
21.8507 20.917 0.824705 0.344171 3.09754 80 2 25 10 41771 0 
21.8622 20.9172 0.824847 0.344171 3.09754 80 2 25 10 41772 0 
21.8736 20.9173 0.824989 0.344171 3.09754 80 2 25 10 41773 0 
21.8851 20.9175 0.82513 0.344171 3.09754 80 2 25 10 41774 0 
21.8966 20.9177 0.825272 0.344171 3.09754 80 2 25 10 41775 0 
21.9081 20.9178 0.825414 0.344171 3.09754 80 2 25 10 41776 0 
21.9195 20.918 0.825555 0.344171 3.09754 80 2 25 10 41777 0 
21.931 20.9181 0.825696 0.344171 3.09754 80 2 25 10 41778 0 
21.9425 20.9183 0.825838 0.344171 3.09754 80 2 25 10 41779 0 
21.9539 20.9185 0.825979 0.344171 3.09754 80 2 25 10 41780 0 
21.9654 20.9186 0.82612 0.344171 3.09754 80 2 25 10 41781 0 
21.9769 20.9188 0.826261 0.344171 3.09754 80 2 25 10 41782 0 
21.9883 20.919 0.826402 0.344171 3.09754 80 2 25 10 41783 0 
21.9998 20.9191 0.826543 0.344171 3.09754 80 2 25 10 41784 0 
22.0113 20.9193 0.826684 0.344171 3.09754 80 2 25 10 41785 0 
22.0228 20.9195 0.826825 0.344171 3.09754 80 2 25 10 41786 0 
22.0342 20.9196 0.826965 0.344171 3.09754 80 2 25 10 41787 0 
22.0457 20.9198 0.827106 0.344171 3.09754 80 2 25 10 41788 0 
22.0572 20.92 0.827247 0.344171 3.09754 80 2 25 10 41789 0 
22.0686 20.9201 0.827387 0.344171 3.09754 80 2 25 10 41790 0 
22.0801 20.9203 0.827528 0.344171 3.09754 80 2 25 10 41791 0 
22.0916 20.9205 0.827668 0.344171 3.09754 80 2 25 10 41792 0 
22.1031 20.9206 0.827809 0.344171 3.09754 80 2 25 10 41793 0 
22.1145 20.9208 0.827949 0.344171 3.09754 80 2 25 10 41794 0 
22.126 20.921 0.828089 0.344171 3.09754 80 2 25 10 41795 0 
22.1375 20.9211 0.828229 0.344171 3.09754 80 2 25 10 41796 0 
22.1489 20.9213 0.82837 0.344171 3.09754 80 2 25 10 41797 0 
22.1604 20.9215 0.82851 0.344171 3.09754 80 2 25 10 41798 0 
22.1719 20.9216 0.82865 0.344171 3.09754 80 2 25 10 41799 0 
22.1834 20.9218 0.82879 0.344171 3.09754 80 2 25 10 41800 0 
22.1948 20.922 0.82893 0.344171 3.09754 80 2 25 10 41801 0 
22.2063 20.9221 0.82907 0.344171 3.09754 80 2 25 10 41802 0 
22.2178 20.9223 0.82921 0.344171 3.09754 80 2 25 10 41803 0 
22.2292 20.9225 0.82935 0.344171 3.09754 80 2 25 10 41804 0 
22.2407 20.9226 0.82949 0.344171 3.09754 80 2 25 10 41805 0 
22.2522 20.9228 0.82963 0.344171 3.09754 80 2 25 10 41806 0 
22.2636 20.923 0.82977 0.344171 3.09754 80 2 25 10 41807 0 
22.2751 20.9231 0.82991 0.344171 3.09754 80 2 25 10 41808 0 
22.2866 20.9233 0.83005 0.344171 3.09754 80 2 25 10 41809 0 
22.2981 20.9235 0.83019 0.344171 3.09754 80 2 25 10 41810 0 
22.3095 20.9236 0.830329 0.344171 3.09754 80 2 25 10 41811 0 
22.321 20.9238 0.830469 0.344171 3.09754 80 2 25 10 41812 0 
22.3325 20.924 0.830609 0.344171 3.09754 80 2 25 10 41813 0 
22.3439 20.9241 0.830749 0.344171 3.09754 80 2 25 10 41814 0 
22.3554 20.9243 0.830888 0.344171 3.09754 80 2 25 10 41815 0 
22.3669 20.9245 0.831028 0.344171 3.09754 80 2 25 10 41816 0 
22.3784 20.9246 0.831168 0.344171 3.09754 80 2 25 10 41817 0 
22.3898 20.9248 0.831307 0.344171 3.09754 80 2 25 10 41818 0 
22.4013 20.925 0.831447 0.344171 3.09754 80 2 25 10 41819 0 
22.4128 20.9251 0.831587 0.344171 3.09754 80 2 25 10 41820 0 
22.4242 20.9253 0.831726 0.344171 3.09754 80 2 25 10 41821 0 
22.4357 20.9254 0.831866 0.344171 3.09754 80 2 25 10 41822 0 
22.4472 20.9256 0.832006 0.344171 3.09754 80 2 25 10 41823 0 
22.4587 20.9258 0.832145 0.344171 3.09754 80 2 25 10 41824 0 
22.4701 20.9259 0.832285 0.344171 3.09754 80 2 25 10 41825 0 
22.4816 20.9261 0.832425 0.344171 3.09754 80 2 25 10 41826 0 
22.4931 20.9263 0.832564 0.344171 3.09754 80 2 25 10 41827 0 
22.5045 20.9264 0.832704 0.344171 3.09754 80 2 25 10 41828 0 
22.516 20.9266 0.832843 0.344171 3.09754 80 2 25 10 41829 0 
22.5275 20.9268 0.832983 0.344171 3.09754 80 2 25 10 41830 0 
22.5389 20.9269 0.833122 0.344171 3.09754 80 2 25 10 41831 0 
22.5504 20.9271 0.833262 0.344171 3.09754 80 2 25 10 41832 0 
22.5619 20.9273 0.833402 0.344171 3.09754 80 2 25 10 41833 0 
22.5734 20.9274 0.833541 0.344171 3.09754 80 2 25 10 41834 0 
22.5848 20.9276 0.833681 0.344171 3.09754 80 2 25 10 41835 0 
22.5963 20.9278 0.833821 0.344171 3.09754 80 2 25 10 41836 0 
22.6078 20.9279 0.83396 0.344171 3.09754 80 2 25 10 41837 0 
22.6192 20.9281 0.8341 0.344171 3.09754 80 2 25 10 41838 0 
22.6307 20.9283 0.834239 0.344171 3.09754 80 2 25 10 41839 0 
22.6422 20.9284 0.834379 0.344171 3.09754 80 2 25 10 41840 0 
22.6537 20.9286 0.834519 0.344171 3.09754 80 2 25 10 41841 0 
22.6651 20.9288 0.834658 0.344171 3.09754 80 2 25 10 41842 0 
22.6766 20.929 0.834798 0.344171 3.09754 80 2 25 10 41843 0 
22.6881 20.9291 0.834938 0.344171 3.09754 80 2 25 10 41844 0 
22.6995 20.9293 0.835077 0.344171 3.09754 80 2 25 10 41845 0 
22.711 20.9295 0.835217 0.344171 3.09754 80 2 25 10 41846 0 
22.7225 20.9296 0.835357 0.344171 3.09754 80 2 25 10 41847 0 
22.7339 20.9298 0.835496 0.344171 3.09754 80 2 25 10 41848 0 
22.7454 20.93 0.835636 0.344171 3.09754 80 2 25 10 41849 0 
22.7569 20.9301 0.835776 0.344171 3.09754 80 2 25 10 41850 0 
22.7684 20.9303 0.835916 0.344171 3.09754 80 2 25 10 41851 0 
22.7798 20.9305 0.836055 0.344171 3.09754 80 2 25 10 41852 0 
22.7913 20.9306 0.836195 0.344171 3.09754 80 2 25 10 41853 0 
22.8028 20.9308 0.836335 0.344171 3.09754 80 2 25 10 41854 0 
22.8142 20.931 0.836474 0.344171 3.09754 80 2 25 10 41855 0 
22.8257 20.9311 0.836614 0.344171 3.09754 80 2 25 10 41856 0 
22.8372 20.9313 0.836754 0.344171 3.09754 80 2 25 10 41857 0 
22.8487 20.9315 0.836894 0.344171 3.09754 80 2 25 10 41858 0 
22.8601 20.9316 0.837034 0.344171 3.09754 80 2 25 10 41859 0 
22.8716 20.9318 0.837174 0.344171 3.09754 80 2 25 10 41860 0 
22.8831 20.932 0.837313 0.344171 3.09754 80 2 25 10 41861 0 
22.8945 20.9321 0.837453 0.344171 3.09754 80 2 25 10 41862 0 
22.906 20.9323 0.837593 0.344171 3.09754 80 2 25 10 41863 0 
22.9175 20.9325 0.837733 0.344171 3.09754 80 2 25 10 41864 0 
22.929 20.9326 0.837873 0.344171 3.09754 80 2 25 10 41865 0 
22.9404 20.9328 0.838013 0.344171 3.09754 80 2 25 10 41866 0 
22.9519 20.933 0.838153 0.344171 3.09754 80 2 25 10 41867 0 
22.9634 20.9331 0.838293 0.344171 3.09754 80 2 25 10 41868 0 
22.9748 20.9333 0.838433 0.344171 3.09754 80 2 25 10 41869 0 
22.9863 20.9335 0.838573 0.344171 3.09754 80 2 25 10 41870 0 
22.9978 20.9337 0.838713 0.344171 3.09754 80 2 25 10 41871 0 
23.0092 20.9338 0.838853 0.344171 3.09754 80 2 25 10 41872 0 
23.0207 20.934 0.838994 0.344171 3.09754 80 2 25 10 41873 0 
23.0322 20.9342 0.839134 0.344171 3.09754 80 2 25 10 41874 0 
23.0437 20.9343 0.839274 0.344171 3.09754 80 2 25 10 41875 0 
23.0551 20.9345 0.839414 0.344171 3.09754 80 2 25 10 41876 0 
23.0666 20.9347 0.839554 0.344171 3.09754 80 2 25 10 41877 0 
23.0781 20.9348 0.839695 0.344171 3.09754 80 2 25 10 41878 0 
23.0895 20.935 0.839835 0.344171 3.09754 80 2 25 10 41879 0 
23.101 20.9352 0.839975 0.344171 3.09754 80 2 25 10 41880 0 
23.1125 20.9353 0.840116 0.344171 3.09754 80 2 25 10 41881 0 
23.124 20.9355 0.840256 0.344171 3.09754 80 2 25 10 41882 0 
23.1354 20.9357 0.840397 0.344171 3.09754 80 2 25 10 41883 0 
23.1469 20.9358 0.840537 0.344171 3.09754 80 2 25 10 41884 0 
23.1584 20.936 0.840678 0.344171 3.09754 80 2 25 10 41885 0 
23.1698 20.9362 0.840818 0.344171 3.09754 80 2 25 10 41886 0 
23.1813 20.9363 0.840959 0.344171 3.09754 80 2 25 10 41887 0 
23.1928 20.9365 0.841099 0.344171 3.09754 80 2 25 10 41888 0 
23.2043 20.9367 0.84124 0.344171 3.09754 80 2 25 10 41889 0 
23.2157 20.9368 0.841381 0.344171 3.09754 80 2 25 10 41890 0 
23.2272 20.937 0.841521 0.344171 3.09754 80 2 25 10 41891 0 
23.2387 20.9372 0.841662 0.344171 3.09754 80 2 25 10 41892 0 
23.2501 20.9373 0.841803 0.344171 3.09754 80 2 25 10 41893 0 
23.2616 20.9375 0.841944 0.344171 3.09754 80 2 25 10 41894 0 
23.2731 20.9377 0.842085 0.344171 3.09754 80 2 25 10 41895 0 
23.2845 20.9378 0.842225 0.344171 3.09754 80 2 25 10 41896 0 
23.296 20.938 0.842366 0.344171 3.09754 80 2 25 10 41897 0 
23.3075 20.9382 0.842507 0.344171 3.09754 80 2 25 10 41898 0 
23.319 20.9384 0.842648 0.344171 3.09754 80 2 25 10 41899 0 
23.3304 20.9385 0.842789 0.344171 3.09754 80 2 25 10 41900 0 
23.3419 20.9387 0.84293 0.344171 3.09754 80 2 25 10 41901 0 
23.3534 20.9389 0.843072 0.344171 3.09754 80 2 25 10 41902 0 
23.3648 20.939 0.843213 0.344171 3.09754 80 2 25 10 41903 0 
23.3763 20.9392 0.843354 0.344171 3.09754 80 2 25 10 41904 0 
23.3878 20.9394 0.843495 0.344171 3.09754 80 2 25 10 41905 0 
23.3993 20.9395 0.843636 0.344171 3.09754 80 2 25 10 41906 0 
23.4107 20.9397 0.843778 0.344171 3.09754 80 2 25 10 41907 0 
23.4222 20.9399 0.843919 0.344171 3.09754 80 2 25 10 41908 0 
23.4337 20.94 0.84406 0.344171 3.09754 80 2 25 10 41909 0 
23.4451 20.9402 0.844202 0.344171 3.09754 80 2 25 10 41910 0 
23.4566 20.9404 0.844343 0.344171 3.09754 80 2 25 10 41911 0 
23.4681 20.9406 0.844485 0.344171 3.09754 80 2 25 10 41912 0 
23.4796 20.9407 0.844626 0.344171 3.09754 80 2 25 10 41913 0 
23.491 20.9409 0.844768 0.344171 3.09754 80 2 25 10 41914 0 
23.5025 20.9411 0.844909 0.344171 3.09754 80 2 25 10 41915 0 
23.514 20.9412 0.845051 0.344171 3.09754 80 2 25 10 41916 0 
23.5254 20.9414 0.845193 0.344171 3.09754 80 2 25 10 41917 0 
23.5369 20.9416 0.845334 0.344171 3.09754 80 2 25 10 41918 0 
23.5484 20.9417 0.845476 0.344171 3.09754 80 2 25 10 41919 0 
23.5598 20.9419 0.845618 0.344171 3.09754 80 2 25 10 41920 0 
23.5713 20.9421 0.84576 0.344171 3.09754 80 2 25 10 41921 0 
23.5828 20.9422 0.845902 0.344171 3.09754 80 2 25 10 41922 0 
23.5943 20.9424 0.846044 0.344171 3.09754 80 2 25 10 41923 0 
23.6057 20.9426 0.846186 0.344171 3.09754 80 2 25 10 41924 0 
23.6172 20.9428 0.846328 0.344171 3.09754 80 2 25 10 41925 0 
23.6287 20.9429 0.84647 0.344171 3.09754 80 2 25 10 41926 0 
23.6401 20.9431 0.846612 0.344171 3.09754 80 2 25 10 41927 0 
23.6516 20.9433 0.846754 0.344171 3.09754 80 2 25 10 41928 0 
23.6631 20.9434 0.846896 0.344171 3.09754 80 2 25 10 41929 0 
23.6746 20.9436 0.847038 0.344171 3.09754 80 2 25 10 41930 0 
23.686 20.9438 0.84718 0.344171 3.09754 80 2 25 10 41931 0 
23.6975 20.9439 0.847323 0.344171 3.09754 80 2 25 10 41932 0 
23.709 20.9441 0.847465 0.344171 3.09754 80 2 25 10 41933 0 
23.7204 20.9443 0.847607 0.344171 3.09754 80 2 25 10 41934 0 
23.7319 20.9445 0.84775 0.344171 3.09754 80 2 25 10 41935 0 
23.7434 20.9446 0.847892 0.344171 3.09754 80 2 25 10 41936 0 
23.7549 20.9448 0.848035 0.344171 3.09754 80 2 25 10 41937 0 
23.7663 20.945 0.848177 0.344171 3.09754 80 2 25 10 41938 0 
23.7778 20.9451 0.84832 0.344171 3.09754 80 2 25 10 41939 0 
23.7893 20.9453 0.848463 0.344171 3.09754 80 2 25 10 41940 0 
23.8007 20.9455 0.848605 0.344171 3.09754 80 2 25 10 41941 0 
23.8122 20.9456 0.848748 0.344171 3.09754 80 2 25 10 41942 0 
23.8237 20.9458 0.848891 0.344171 3.09754 80 2 25 10 41943 0 
23.8351 20.946 0.849034 0.344171 3.09754 80 2 25 10 41944 0 
23.8466 20.9462 0.849177 0.344171 3.09754 80 2 25 10 41945 0 
23.8581 20.9463 0.849319 0.344171 3.09754 80 2 25 10 41946 0 
23.8696 20.9465 0.849462 0.344171 3.09754 80 2 25 10 41947 0 
23.881 20.9467 0.849606 0.344171 3.09754 80 2 25 10 41948 0 
23.8925 20.9468 0.849749 0.344171 3.09754 80 2 25 10 41949 0 
23.904 20.947 0.849892 0.344171 3.09754 80 2 25 10 41950 0 
23.9154 20.9472 0.850035 0.344171 3.09754 80 2 25 10 41951 0 
23.9269 20.9473 0.850178 0.344171 3.09754 80 2 25 10 41952 0 
23.9384 20.9475 0.850321 0.344171 3.09754 80 2 25 10 41953 0 
23.9499 20.9477 0.850465 0.344171 3.09754 80 2 25 10 41954 0 
23.9613 20.9479 0.850608 0.344171 3.09754 80 2 25 10 41955 0 
23.9728 20.948 0.850751 0.344171 3.09754 80 2 25 10 41956 0 
23.9843 20.9482 0.850895 0.344171 3.09754 80 2 25 10 41957 0 
23.9957 20.9484 0.851038 0.344171 3.09754 80 2 25 10 41958 0 
24.0072 20.9485 0.851182 0.344171 3.09754 80 2 25 10 41959 0 
24.0187 20.9487 0.851326 0.344171 3.09754 80 2 25 10 41960 0 
24.0301 20.9489 0.851469 0.344171 3.09754 80 2 25 10 41961 0 
24.0416 20.949 0.851613 0.344171 3.09754 80 2 25 10 41962 0 
24.0531 20.9492 0.851757 0.344171 3.09754 80 2 25 10 41963 0 
24.0646 20.9494 0.851901 0.344171 3.09754 80 2 25 10 41964 0 
24.076 20.9495 0.852044 0.344171 3.09754 80 2 25 10 41965 0 
24.0875 20.9497 0.852188 0.344171 3.09754 80 2 25 10 41966 0 
24.099 20.9499 0.852332 0.344171 3.09754 80 2 25 10 41967 0 
24.1104 20.9501 0.852476 0.344171 3.09754 80 2 25 10 41968 0 
24.1219 20.9502 0.85262 0.344171 3.09754 80 2 25 10 41969 0 
24.1334 20.9504 0.852764 0.344171 3.09754 80 2 25 10 41970 0 
24.1449 20.9506 0.852909 0.344171 3.09754 80 2 25 10 41971 0 
24.1563 20.9507 0.853053 0.344171 3.09754 80 2 25 10 41972 0 
24.1678 20.9509 0.853197 0.344171 3.09754 80 2 25 10 41973 0 
24.1793 20.9511 0.853341 0.344171 3.09754 80 2 25 10 41974 0 
24.1907 20.9513 0.853486 0.344171 3.09754 80 2 25 10 41975 0 
24.2022 20.9514 0.85363 0.344171 3.09754 80 2 25 10 41976 0 
24.2137 20.9516 0.853775 0.344171 3.09754 80 2 25 10 41977 0 
24.2252 20.9518 0.853919 0.344171 3.09754 80 2 25 10 41978 0 
24.2366 20.9519 0.854064 0.344171 3.09754 80 2 25 10 41979 0 
24.2481 20.9521 0.854208 0.344171 3.09754 80 2 25 10 41980 0 
24.2596 20.9523 0.854353 0.344171 3.09754 80 2 25 10 41981 0 
24.271 20.9525 0.854498 0.344171 3.09754 80 2 25 10 41982 0 
24.2825 20.9526 0.854642 0.344171 3.09754 80 2 25 10 41983 0 
24.294 20.9528 0.854787 0.344171 3.09754 80 2 25 10 41984 0 
24.3054 20.953 0.854932 0.344171 3.09754 80 2 25 10 41985 0 
24.3169 20.9531 0.855077 0.344171 3.09754 80 2 25 10 41986 0 
24.3284 20.9533 0.855222 0.344171 3.09754 80 2 25 10 41987 0 
24.3399 20.9535 0.855367 0.344171 3.09754 80 2 25 10 41988 0 
24.3513 20.9537 0.855512 0.344171 3.09754 80 2 25 10 41989 0 
24.3628 20.9538 0.855657 0.344171 3.09754 80 2 25 10 41990 0 
24.3743 20.954 0.855802 0.344171 3.09754 80 2 25 10 41991 0 
24.3857 20.9542 0.855947 0.344171 3.09754 80 2 25 10 41992 0 
24.3972 20.9543 0.856093 0.344171 3.09754 80 2 25 10 41993 0 
24.4087 20.9545 0.856238 0.344171 3.09754 80 2 25 10 41994 0 
24.4202 20.9547 0.856383 0.344171 3.09754 80 2 25 10 41995 0 
24.4316 20.9549 0.856529 0.344171 3.09754 80 2 25 10 41996 0 
24.4431 20.955 0.856674 0.344171 3.09754 80 2 25 10 41997 0 
24.4546 20.9552 0.85682 0.344171 3.09754 80 2 25 10 41998 0 
24.466 20.9554 0.856965 0.344171 3.09754 80 2 25 10 41999 0 
24.4775 20.9555 0.857111 0.344171 3.09754 80 2 25 10 42000 0 
24.489 20.9557 0.857256 0.344171 3.09754 80 2 25 10 42001 0 
24.5005 20.9559 0.857402 0.344171 3.09754 80 2 25 10 42002 0 
24.5119 20.9561 0.857548 0.344171 3.09754 80 2 25 10 42003 0 
24.5234 20.9562 0.857694 0.344171 3.09754 80 2 25 10 42004 0 
24.5349 20.9564 0.85784 0.344171 3.09754 80 2 25 10 42005 0 
24.5463 20.9566 0.857985 0.344171 3.09754 80 2 25 10 42006 0 
24.5578 20.9568 0.858131 0.344171 3.09754 80 2 25 10 42007 0 
24.5693 20.9569 0.858277 0.344171 3.09754 80 2 25 10 42008 0 
24.5807 20.9571 0.858424 0.344171 3.09754 80 2 25 10 42009 0 
24.5922 20.9573 0.85857 0.344171 3.09754 80 2 25 10 42010 0 
24.6037 20.9574 0.858716 0.344171 3.09754 80 2 25 10 42011 0 
24.6152 20.9576 0.858862 0.344171 3.09754 80 2 25 10 42012 0 
24.6266 20.9578 0.859009 0.344171 3.09754 80 2 25 10 42013 0 
24.6381 20.958 0.859155 0.344171 3.09754 80 2 25 10 42014 0 
24.6496 20.9581 0.859301 0.344171 3.09754 80 2 25 10 42015 0 
24.661 20.9583 0.859448 0.344171 3.09754 80 2 25 10 42016 0 
24.6725 20.9585 0.859594 0.344171 3.09754 80 2 25 10 42017 0 
24.684 20.9586 0.859741 0.344171 3.09754 80 2 25 10 42018 0 
24.6955 20.9588 0.859887 0.344171 3.09754 80 2 25 10 42019 0 
24.7069 20.959 0.860034 0.344171 3.09754 80 2 25 10 42020 0 
24.7184 20.9592 0.860181 0.344171 3.09754 80 2 25 10 42021 0 
24.7299 20.9593 0.860328 0.344171 3.09754 80 2 25 10 42022 0 
24.7413 20.9595 0.860475 0.344171 3.09754 80 2 25 10 42023 0 
24.7528 20.9597 0.860621 0.344171 3.09754 80 2 25 10 42024 0 
24.7643 20.9598 0.860768 0.344171 3.09754 80 2 25 10 42025 0 
24.7758 20.96 0.860915 0.344171 3.09754 80 2 25 10 42026 0 
24.7872 20.9602 0.861063 0.344171 3.09754 80 2 25 10 42027 0 
24.7987 20.9604 0.86121 0.344171 3.09754 80 2 25 10 42028 0 
24.8102 20.9605 0.861357 0.344171 3.09754 80 2 25 10 42029 0 
24.8216 20.9607 0.861504 0.344171 3.09754 80 2 25 10 42030 0 
24.8331 20.9609 0.861652 0.344171 3.09754 80 2 25 10 42031 0 
24.8446 20.961 0.861799 0.344171 3.09754 80 2 25 10 42032 0 
24.856 20.9612 0.861946 0.344171 3.09754 80 2 25 10 42033 0 
24.8675 20.9614 0.862094 0.344171 3.09754 80 2 25 10 42034 0 
24.879 20.9616 0.862241 0.344171 3.09754 80 2 25 10 42035 0 
24.8905 20.9617 0.862389 0.344171 3.09754 80 2 25 10 42036 0 
24.9019 20.9619 0.862536 0.344171 3.09754 80 2 25 10 42037 0 
24.9134 20.9621 0.862684 0.344171 3.09754 80 2 25 10 42038 0 
24.9249 20.9623 0.862832 0.344171 3.09754 80 2 25 10 42039 0 
24.9363 20.9624 0.86298 0.344171 3.09754 80 2 25 10 42040 0 
24.9478 20.9626 0.863128 0.344171 3.09754 80 2 25 10 42041 0 
24.9593 20.9628 0.863276 0.344171 3.09754 80 2 25 10 42042 0 
24.9708 20.9629 0.863424 0.344171 3.09754 80 2 25 10 42043 0 
24.9822 20.9631 0.863572 0.344171 3.09754 80 2 25 10 42044 0 
24.9937 20.9633 0.86372 0.344171 3.09754 80 2 25 10 42045 0 
25.0052 20.9635 0.863868 0.344171 3.09754 80 2 25 10 42046 0 
25.0166 20.9636 0.864016 0.344171 3.09754 80 2 25 10 42047 0 
25.0281 20.9638 0.864164 0.344171 3.09754 80 2 25 10 42048 0 
25.0396 20.964 0.864312 0.344171 3.09754 80 2 25 10 42049 0 
25.0511 20.9642 0.864461 0.344171 3.09754 80 2 25 10 42050 0 
25.0625 20.9643 0.864609 0.344171 3.09754 80 2 25 10 42051 0 
25.074 20.9645 0.864758 0.344171 3.09754 80 2 25 10 42052 0 
25.0855 20.9647 0.864906 0.344171 3.09754 80 2 25 10 42053 0 
25.0969 20.9649 0.865055 0.344171 3.09754 80 2 25 10 42054 0 
25.1084 20.965 0.865203 0.344171 3.09754 80 2 25 10 42055 0 
25.1199 20.9652 0.865352 0.344171 3.09754 80 2 25 10 42056 0 
25.1313 20.9654 0.865501 0.344171 3.09754 80 2 25 10 42057 0 
25.1428 20.9655 0.865649 0.344171 3.09754 80 2 25 10 42058 0 
25.1543 20.9657 0.865798 0.344171 3.09754 80 2 25 10 42059 0 
25.1658 20.9659 0.865947 0.344171 3.09754 80 2 25 10 42060 0 
25.1772 20.9661 0.866096 0.344171 3.09754 80 2 25 10 42061 0 
25.1887 20.9662 0.866245 0.344171 3.09754 80 2 25 10 42062 0 
25.2002 20.9664 0.866394 0.344171 3.09754 80 2 25 10 42063 0 
25.2116 20.9666 0.866543 0.344171 3.09754 80 2 25 10 42064 0 
25.2231 20.9668 0.866692 0.344171 3.09754 80 2 25 10 42065 0 
25.2346 20.9669 0.866842 0.344171 3.09754 80 2 25 10 42066 0 
25.2461 20.9671 0.866991 0.344171 3.09754 80 2 25 10 42067 0 
25.2575 20.9673 0.86714 0.344171 3.09754 80 2 25 10 42068 0 
25.269 20.9675 0.86729 0.344171 3.09754 80 2 25 10 42069 0 
25.2805 20.9676 0.867439 0.344171 3.09754 80 2 25 10 42070 0 
25.2919 20.9678 0.867589 0.344171 3.09754 80 2 25 10 42071 0 
25.3034 20.968 0.867738 0.344171 3.09754 80 2 25 10 42072 0 
25.3149 20.9682 0.867888 0.344171 3.09754 80 2 25 10 42073 0 
25.3263 20.9683 0.868038 0.344171 3.09754 80 2 25 10 42074 0 
25.3378 20.9685 0.868187 0.344171 3.09754 80 2 25 10 42075 0 
25.3493 20.9687 0.868337 0.344171 3.09754 80 2 25 10 42076 0 
25.3608 20.9688 0.868487 0.344171 3.09754 80 2 25 10 42077 0 
25.3722 20.969 0.868637 0.344171 3.09754 80 2 25 10 42078 0 
25.3837 20.9692 0.868787 0.344171 3.09754 80 2 25 10 42079 0 
25.3952 20.9694 0.868937 0.344171 3.09754 80 2 25 10 42080 0 
25.4066 20.9695 0.869087 0.344171 3.09754 80 2 25 10 42081 0 
25.4181 20.9697 0.869237 0.344171 3.09754 80 2 25 10 42082 0 
25.4296 20.9699 0.869387 0.344171 3.09754 80 2 25 10 42083 0 
25.4411 20.9701 0.869537 0.344171 3.09754 80 2 25 10 42084 0 
25.4525 20.9702 0.869688 0.344171 3.09754 80 2 25 10 42085 0 
25.464 20.9704 0.869838 0.344171 3.09754 80 2 25 10 42086 0 
25.4755 20.9706 0.869989 0.344171 3.09754 80 2 25 10 42087 0 
25.4869 20.9708 0.870139 0.344171 3.09754 80 2 25 10 42088 0 
25.4984 20.9709 0.87029 0.344171 3.09754 80 2 25 10 42089 0 
25.5099 20.9711 0.87044 0.344171 3.09754 80 2 25 10 42090 0 
25.5214 20.9713 0.870591 0.344171 3.09754 80 2 25 10 42091 0 
25.5328 20.9715 0.870742 0.344171 3.09754 80 2 25 10 42092 0 
25.5443 20.9716 0.870893 0.344171 3.09754 80 2 25 10 42093 0 
25.5558 20.9718 0.871043 0.344171 3.09754 80 2 25 10 42094 0 
25.5672 20.972 0.871194 0.344171 3.09754 80 2 25 10 42095 0 
25.5787 20.9721 0.871345 0.344171 3.09754 80 2 25 10 42096 0 
25.5902 20.9723 0.871496 0.344171 3.09754 80 2 25 10 42097 0 
25.6016 20.9725 0.871647 0.344171 3.09754 80 2 25 10 42098 0 
25.6131 20.9727 0.871799 0.344171 3.09754 80 2 25 10 42099 0 
25.6246 20.9728 0.87195 0.344171 3.09754 80 2 25 10 42100 0 
25.6361 20.973 0.872101 0.344171 3.09754 80 2 25 10 42101 0 
25.6475 20.9732 0.872252 0.344171 3.09754 80 2 25 10 42102 0 
25.659 20.9734 0.872404 0.344171 3.09754 80 2 25 10 42103 0 
25.6705 20.9735 0.872555 0.344171 3.09754 80 2 25 10 42104 0 
25.6819 20.9737 0.872707 0.344171 3.09754 80 2 25 10 42105 0 
25.6934 20.9739 0.872858 0.344171 3.09754 80 2 25 10 42106 0 
25.7049 20.9741 0.87301 0.344171 3.09754 80 2 25 10 42107 0 
25.7164 20.9742 0.873162 0.344171 3.09754 80 2 25 10 42108 0 
25.7278 20.9744 0.873313 0.344171 3.09754 80 2 25 10 42109 0 
25.7393 20.9746 0.873465 0.344171 3.09754 80 2 25 10 42110 0 
25.7508 20.9748 0.873617 0.344171 3.09754 80 2 25 10 42111 0 
25.7622 20.9749 0.873769 0.344171 3.09754 80 2 25 10 42112 0 
25.7737 20.9751 0.873921 0.344171 3.09754 80 2 25 10 42113 0 
25.7852 20.9753 0.874073 0.344171 3.09754 80 2 25 10 42114 0 
25.7967 20.9755 0.874225 0.344171 3.09754 80 2 25 10 42115 0 
25.8081 20.9757 0.874377 0.344171 3.09754 80 2 25 10 42116 0 
25.8196 20.9758 0.874529 0.344171 3.09754 80 2 25 10 42117 0 
25.8311 20.976 0.874682 0.344171 3.09754 80 2 25 10 42118 0 
25.8425 20.9762 0.874834 0.344171 3.09754 80 2 25 10 42119 0 
25.854 20.9764 0.874986 0.344171 3.09754 80 2 25 10 42120 0 
25.8655 20.9765 0.875139 0.344171 3.09754 80 2 25 10 42121 0 
25.8769 20.9767 0.875291 0.344171 3.09754 80 2 25 10 42122 0 
25.8884 20.9769 0.875444 0.344171 3.09754 80 2 25 10 42123 0 
25.8999 20.9771 0.875596 0.344171 3.09754 80 2 25 10 42124 0 
25.9114 20.9772 0.875749 0.344171 3.09754 80 2 25 10 42125 0 
25.9228 20.9774 0.875902 0.344171 3.09754 80 2 25 10 42126 0 
25.9343 20.9776 0.876054 0.344171 3.09754 80 2 25 10 42127 0 
25.9458 20.9778 0.876207 0.344171 3.09754 80 2 25 10 42128 0 
25.9572 20.9779 0.87636 0.344171 3.09754 80 2 25 10 42129 0 
25.9687 20.9781 0.876513 0.344171 3.09754 80 2 25 10 42130 0 
25.9802 20.9783 0.876666 0.344171 3.09754 80 2 25 10 42131 0 
25.9917 20.9785 0.876819 0.344171 3.09754 80 2 25 10 42132 0 
26.0031 20.9786 0.876972 0.344171 3.09754 80 2 25 10 42133 0 
26.0146 20.9788 0.877125 0.344171 3.09754 80 2 25 10 42134 0 
26.0261 20.979 0.877279 0.344171 3.09754 80 2 25 10 42135 0 
26.0375 20.9792 0.877432 0.344171 3.09754 80 2 25 10 42136 0 
26.049 20.9793 0.877585 0.344171 3.09754 80 2 25 10 42137 0 
26.0605 20.9795 0.877739 0.344171 3.09754 80 2 25 10 42138 0 
26.072 20.9797 0.877892 0.344171 3.09754 80 2 25 10 42139 0 
26.0834 20.9799 0.878046 0.344171 3.09754 80 2 25 10 42140 0 
26.0949 20.98 0.8782 0.344171 3.09754 80 2 25 10 42141 0 
26.1064 20.9802 0.878353 0.344171 3.09754 80 2 25 10 42142 0 
26.1178 20.9804 0.878507 0.344171 3.09754 80 2 25 10 42143 0 
26.1293 20.9806 0.878661 0.344171 3.09754 80 2 25 10 42144 0 
26.1408 20.9807 0.878815 0.344171 3.09754 80 2 25 10 42145 0 
26.1522 20.9809 0.878969 0.344171 3.09754 80 2 25 10 42146 0 
26.1637 20.9811 0.879123 0.344171 3.09754 80 2 25 10 42147 0 
26.1752 20.9813 0.879277 0.344171 3.09754 80 2 25 10 42148 0 
26.1867 20.9814 0.879431 0.344171 3.09754 80 2 25 10 42149 0 
26.1981 20.9816 0.879585 0.344171 3.09754 80 2 25 10 42150 0 
26.2096 20.9818 0.879739 0.344171 3.09754 80 2 25 10 42151 0 
26.2211 20.982 0.879894 0.344171 3.09754 80 2 25 10 42152 0 
26.2325 20.9821 0.880048 0.344171 3.09754 80 2 25 10 42153 0 
26.244 20.9823 0.880203 0.344171 3.09754 80 2 25 10 42154 0 
26.2555 20.9825 0.880357 0.344171 3.09754 80 2 25 10 42155 0 
26.267 20.9827 0.880512 0.344171 3.09754 80 2 25 10 42156 0 
26.2784 20.9828 0.880666 0.344171 3.09754 80 2 25 10 42157 0 
26.2899 20.983 0.880821 0.344171 3.09754 80 2 25 10 42158 0 
26.3014 20.9832 0.880976 0.344171 3.09754 80 2 25 10 42159 0 
26.3128 20.9834 0.88113 0.344171 3.09754 80 2 25 10 42160 0 
26.3243 20.9835 0.881285 0.344171 3.09754 80 2 25 10 42161 0 
26.3358 20.9837 0.88144 0.344171 3.09754 80 2 25 10 42162 0 
26.3472 20.9839 0.881595 0.344171 3.09754 80 2 25 10 42163 0 
26.3587 20.9841 0.88175 0.344171 3.09754 80 2 25 10 42164 0 
26.3702 20.9843 0.881905 0.344171 3.09754 80 2 25 10 42165 0 
26.3817 20.9844 0.882061 0.344171 3.09754 80 2 25 10 42166 0 
26.3931 20.9846 0.882216 0.344171 3.09754 80 2 25 10 42167 0 
26.4046 20.9848 0.882371 0.344171 3.09754 80 2 25 10 42168 0 
26.4161 20.985 0.882526 0.344171 3.09754 80 2 25 10 42169 0 
26.4275 20.9851 0.882682 0.344171 3.09754 80 2 25 10 42170 0 
26.439 20.9853 0.882837 0.344171 3.09754 80 2 25 10 42171 0 
26.4505 20.9855 0.882993 0.344171 3.09754 80 2 25 10 42172 0 
26.462 20.9857 0.883148 0.344171 3.09754 80 2 25 10 42173 0 
26.4734 20.9859 0.883304 0.344171 3.09754 80 2 25 10 42174 0 
26.4849 20.986 0.88346 0.344171 3.09754 80 2 25 10 42175 0 
26.4964 20.9862 0.883615 0.344171 3.09754 80 2 25 10 42176 0 
26.5078 20.9864 0.883771 0.344171 3.09754 80 2 25 10 42177 0 
26.5193 20.9866 0.883927 0.344171 3.09754 80 2 25 10 42178 0 
26.5308 20.9867 0.884083 0.344171 3.09754 80 2 25 10 42179 0 
26.5423 20.9869 0.884239 0.344171 3.09754 80 2 25 10 42180 0 
26.5537 20.9871 0.884395 0.344171 3.09754 80 2 25 10 42181 0 
26.5652 20.9873 0.884551 0.344171 3.09754 80 2 25 10 42182 0 
26.5767 20.9874 0.884707 0.344171 3.09754 80 2 25 10 42183 0 
26.5881 20.9876 0.884864 0.344171 3.09754 80 2 25 10 42184 0 
26.5996 20.9878 0.88502 0.344171 3.09754 80 2 25 10 42185 0 
26.6111 20.988 0.885176 0.344171 3.09754 80 2 25 10 42186 0 
26.6225 20.9882 0.885333 0.344171 3.09754 80 2 25 10 42187 0 
26.634 20.9883 0.885489 0.344171 3.09754 80 2 25 10 42188 0 
26.6455 20.9885 0.885646 0.344171 3.09754 80 2 25 10 42189 0 
26.657 20.9887 0.885803 0.344171 3.09754 80 2 25 10 42190 0 
26.6684 20.9889 0.885959 0.344171 3.09754 80 2 25 10 42191 0 
26.6799 20.989 0.886116 0.344171 3.09754 80 2 25 10 42192 0 
26.6914 20.9892 0.886273 0.344171 3.09754 80 2 25 10 42193 0 
26.7028 20.9894 0.88643 0.344171 3.09754 80 2 25 10 42194 0 
26.7143 20.9896 0.886587 0.344171 3.09754 80 2 25 10 42195 0 
26.7258 20.9898 0.886744 0.344171 3.09754 80 2 25 10 42196 0 
26.7373 20.9899 0.886901 0.344171 3.09754 80 2 25 10 42197 0 
26.7487 20.9901 0.887058 0.344171 3.09754 80 2 25 10 42198 0 
26.7602 20.9903 0.887215 0.344171 3.09754 80 2 25 10 42199 0 
26.7717 20.9905 0.887372 0.344171 3.09754 80 2 25 10 42200 0 
26.7831 20.9906 0.88753 0.344171 3.09754 80 2 25 10 42201 0 
26.7946 20.9908 0.887687 0.344171 3.09754 80 2 25 10 42202 0 
26.8061 20.991 0.887844 0.344171 3.09754 80 2 25 10 42203 0 
26.8176 20.9912 0.888002 0.344171 3.09754 80 2 25 10 42204 0 
26.829 20.9914 0.888159 0.344171 3.09754 80 2 25 10 42205 0 
26.8405 20.9915 0.888317 0.344171 3.09754 80 2 25 10 42206 0 
26.852 20.9917 0.888475 0.344171 3.09754 80 2 25 10 42207 0 
26.8634 20.9919 0.888633 0.344171 3.09754 80 2 25 10 42208 0 
26.8749 20.9921 0.88879 0.344171 3.09754 80 2 25 10 42209 0 
26.8864 20.9922 0.888948 0.344171 3.09754 80 2 25 10 42210 0 
26.8978 20.9924 0.889106 0.344171 3.09754 80 2 25 10 42211 0 
26.9093 20.9926 0.889264 0.344171 3.09754 80 2 25 10 42212 0 
26.9208 20.9928 0.889422 0.344171 3.09754 80 2 25 10 42213 0 
26.9323 20.9929 0.88958 0.344171 3.09754 80 2 25 10 42214 0 
26.9437 20.9931 0.889739 0.344171 3.09754 80 2 25 10 42215 0 
26.9552 20.9933 0.889897 0.344171 3.09754 80 2 25 10 42216 0 
26.9667 20.9935 0.890055 0.344171 3.09754 80 2 25 10 42217 0 
26.9781 20.9937 0.890214 0.344171 3.09754 80 2 25 10 42218 0 
26.9896 20.9938 0.890372 0.344171 3.09754 80 2 25 10 42219 0 
27.0011 20.994 0.890531 0.344171 3.09754 80 2 25 10 42220 0 
27.0126 20.9942 0.890689 0.344171 3.09754 80 2 25 10 42221 0 
27.024 20.9944 0.890848 0.344171 3.09754 80 2 25 10 42222 0 
27.0355 20.9945 0.891007 0.344171 3.09754 80 2 25 10 42223 0 
27.047 20.9947 0.891166 0.344171 3.09754 80 2 25 10 42224 0 
27.0584 20.9949 0.891324 0.344171 3.09754 80 2 25 10 42225 0 
27.0699 20.9951 0.891483 0.344171 3.09754 80 2 25 10 42226 0 
27.0814 20.9953 0.891642 0.344171 3.09754 80 2 25 10 42227 0 
27.0929 20.9954 0.891801 0.344171 3.09754 80 2 25 10 42228 0 
27.1043 20.9956 0.89196 0.344171 3.09754 80 2 25 10 42229 0 
27.1158 20.9958 0.89212 0.344171 3.09754 80 2 25 10 42230 0 
27.1273 20.996 0.892279 0.344171 3.09754 80 2 25 10 42231 0 
27.1387 20.9962 0.892438 0.344171 3.09754 80 2 25 10 42232 0 
27.1502 20.9963 0.892597 0.344171 3.09754 80 2 25 10 42233 0 
27.1617 20.9965 0.892757 0.344171 3.09754 80 2 25 10 42234 0 
27.1731 20.9967 0.892916 0.344171 3.09754 80 2 25 10 42235 0 
27.1846 20.9969 0.893076 0.344171 3.09754 80 2 25 10 42236 0 
27.1961 20.9971 0.893236 0.344171 3.09754 80 2 25 10 42237 0 
27.2076 20.9972 0.893395 0.344171 3.09754 80 2 25 10 42238 0 
27.219 20.9974 0.893555 0.344171 3.09754 80 2 25 10 42239 0 
27.2305 20.9976 0.893715 0.344171 3.09754 80 2 25 10 42240 0 
27.242 20.9978 0.893875 0.344171 3.09754 80 2 25 10 42241 0 
27.2534 20.998 0.894035 0.344171 3.09754 80 2 25 10 42242 0 
27.2649 20.9981 0.894195 0.344171 3.09754 80 2 25 10 42243 0 
27.2764 20.9983 0.894355 0.344171 3.09754 80 2 25 10 42244 0 
27.2879 20.9985 0.894515 0.344171 3.09754 80 2 25 10 42245 0 
27.2993 20.9987 0.894675 0.344171 3.09754 80 2 25 10 42246 0 
27.3108 20.9988 0.894835 0.344171 3.09754 80 2 25 10 42247 0 
27.3223 20.999 0.894995 0.344171 3.09754 80 2 25 10 42248 0 
27.3337 20.9992 0.895156 0.344171 3.09754 80 2 25 10 42249 0 
27.3452 20.9994 0.895316 0.344171 3.09754 80 2 25 10 42250 0 
27.3567 20.9996 0.895477 0.344171 3.09754 80 2 25 10 42251 0 
27.3682 20.9997 0.895637 0.344171 3.09754 80 2 25 10 42252 0 
27.3796 20.9999 0.895798 0.344171 3.09754 80 2 25 10 42253 0 
27.3911 21.0001 0.895959 0.344171 3.09754 80 2 25 10 42254 0 
27.4026 21.0003 0.896119 0.344171 3.09754 80 2 25 10 42255 0 
27.414 21.0005 0.89628 0.344171 3.09754 80 2 25 10 42256 0 
27.4255 21.0006 0.896441 0.344171 3.09754 80 2 25 10 42257 0 
27.437 21.0008 0.896602 0.344171 3.09754 80 2 25 10 42258 0 
27.4484 21.001 0.896763 0.344171 3.09754 80 2 25 10 42259 0 
27.4599 21.0012 0.896924 0.344171 3.09754 80 2 25 10 42260 0 
27.4714 21.0014 0.897085 0.344171 3.09754 80 2 25 10 42261 0 
27.4829 21.0015 0.897246 0.344171 3.09754 80 2 25 10 42262 0 
27.4943 21.0017 0.897408 0.344171 3.09754 80 2 25 10 42263 0 
27.5058 21.0019 0.897569 0.344171 3.09754 80 2 25 10 42264 0 
27.5173 21.0021 0.89773 0.344171 3.09754 80 2 25 10 42265 0 
27.5287 21.0023 0.897892 0.344171 3.09754 80 2 25 10 42266 0 
27.5402 21.0024 0.898053 0.344171 3.09754 80 2 25 10 42267 0 
27.5517 21.0026 0.898215 0.344171 3.09754 80 2 25 10 42268 0 
27.5632 21.0028 0.898377 0.344171 3.09754 80 2 25 10 42269 0 
27.5746 21.003 0.898538 0.344171 3.09754 80 2 25 10 42270 0 
27.5861 21.0032 0.8987 0.344171 3.09754 80 2 25 10 42271 0 
27.5976 21.0033 0.898862 0.344171 3.09754 80 2 25 10 42272 0 
27.609 21.0035 0.899024 0.344171 3.09754 80 2 25 10 42273 0 
27.6205 21.0037 0.899186 0.344171 3.09754 80 2 25 10 42274 0 
27.632 21.0039 0.899348 0.344171 3.09754 80 2 25 10 42275 0 
27.6434 21.004 0.89951 0.344171 3.09754 80 2 25 10 42276 0 
27.6549 21.0042 0.899673 0.344171 3.09754 80 2 25 10 42277 0 
27.6664 21.0044 0.899835 0.344171 3.09754 80 2 25 10 42278 0 
27.6779 21.0046 0.899997 0.344171 3.09754 80 2 25 10 42279 0 
27.6893 21.0048 0.90016 0.344171 3.09754 80 2 25 10 42280 0 
27.7008 21.0049 0.900322 0.344171 3.09754 80 2 25 10 42281 0 
27.7123 21.0051 0.900485 0.344171 3.09754 80 2 25 10 42282 0 
27.7237 21.0053 0.900647 0.344171 3.09754 80 2 25 10 42283 0 
27.7352 21.0055 0.90081 0.344171 3.09754 80 2 25 10 42284 0 
27.7467 21.0057 0.900973 0.344171 3.09754 80 2 25 10 42285 0 
27.7582 21.0059 0.901136 0.344171 3.09754 80 2 25 10 42286 0 
27.7696 21.006 0.901299 0.344171 3.09754 80 2 25 10 42287 0 
27.7811 21.0062 0.901461 0.344171 3.09754 80 2 25 10 42288 0 
27.7926 21.0064 0.901625 0.344171 3.09754 80 2 25 10 42289 0 
27.804 21.0066 0.901788 0.344171 3.09754 80 2 25 10 42290 0 
27.8155 21.0068 0.901951 0.344171 3.09754 80 2 25 10 42291 0 
27.827 21.0069 0.902114 0.344171 3.09754 80 2 25 10 42292 0 
27.8385 21.0071 0.902277 0.344171 3.09754 80 2 25 10 42293 0 
27.8499 21.0073 0.90244 0.344171 3.09754 80 2 25 10 42294 0 
27.8614 21.0075 0.902604 0.344171 3.09754 80 2 25 10 42295 0 
27.8729 21.0077 0.902767 0.344171 3.09754 80 2 25 10 42296 0 
27.8843 21.0078 0.902931 0.344171 3.09754 80 2 25 10 42297 0 
27.8958 21.008 0.903094 0.344171 3.09754 80 2 25 10 42298 0 
27.9073 21.0082 0.903258 0.344171 3.09754 80 2 25 10 42299 0 
27.9187 21.0084 0.903422 0.344171 3.09754 80 2 25 10 42300 0 
27.9302 21.0086 0.903586 0.344171 3.09754 80 2 25 10 42301 0 
27.9417 21.0088 0.903749 0.344171 3.09754 80 2 25 10 42302 0 
27.9532 21.0089 0.903913 0.344171 3.09754 80 2 25 10 42303 0 
27.9646 21.0091 0.904077 0.344171 3.09754 80 2 25 10 42304 0 
27.9761 21.0093 0.904241 0.344171 3.09754 80 2 25 10 42305 0 
27.9876 21.0095 0.904405 0.344171 3.09754 80 2 25 10 42306 0 
27.999 21.0097 0.90457 0.344171 3.09754 80 2 25 10 42307 0 
28.0105 21.0098 0.904734 0.344171 3.09754 80 2 25 10 42308 0 
28.022 21.01 0.904898 0.344171 3.09754 80 2 25 10 42309 0 
28.0335 21.0102 0.905063 0.344171 3.09754 80 2 25 10 42310 0 
28.0449 21.0104 0.905227 0.344171 3.09754 80 2 25 10 42311 0 
28.0564 21.0106 0.905392 0.344171 3.09754 80 2 25 10 42312 0 
28.0679 21.0107 0.905556 0.344171 3.09754 80 2 25 10 42313 0 
28.0793 21.0109 0.905721 0.344171 3.09754 80 2 25 10 42314 0 
28.0908 21.0111 0.905885 0.344171 3.09754 80 2 25 10 42315 0 
28.1023 21.0113 0.90605 0.344171 3.09754 80 2 25 10 42316 0 
28.1138 21.0115 0.906215 0.344171 3.09754 80 2 25 10 42317 0 
28.1252 21.0117 0.90638 0.344171 3.09754 80 2 25 10 42318 0 
28.1367 21.0118 0.906545 0.344171 3.09754 80 2 25 10 42319 0 
28.1482 21.012 0.90671 0.344171 3.09754 80 2 25 10 42320 0 
28.1596 21.0122 0.906875 0.344171 3.09754 80 2 25 10 42321 0 
28.1711 21.0124 0.90704 0.344171 3.09754 80 2 25 10 42322 0 
28.1826 21.0126 0.907206 0.344171 3.09754 80 2 25 10 42323 0 
28.194 21.0127 0.907371 0.344171 3.09754 80 2 25 10 42324 0 
28.2055 21.0129 0.907536 0.344171 3.09754 80 2 25 10 42325 0 
28.217 21.0131 0.907702 0.344171 3.09754 80 2 25 10 42326 0 
28.2285 21.0133 0.907867 0.344171 3.09754 80 2 25 10 42327 0 
28.2399 21.0135 0.908033 0.344171 3.09754 80 2 25 10 42328 0 
28.2514 21.0136 0.908199 0.344171 3.09754 80 2 25 10 42329 0 
28.2629 21.0138 0.908364 0.344171 3.09754 80 2 25 10 42330 0 
28.2743 21.014 0.90853 0.344171 3.09754 80 2 25 10 42331 0 
28.2858 21.0142 0.908696 0.344171 3.09754 80 2 25 10 42332 0 
28.2973 21.0144 0.908862 0.344171 3.09754 80 2 25 10 42333 0 
28.3088 21.0145 0.909028 0.344171 3.09754 80 2 25 10 42334 0 
28.3202 21.0147 0.909194 0.344171 3.09754 80 2 25 10 42335 0 
28.3317 21.0149 0.90936 0.344171 3.09754 80 2 25 10 42336 0 
28.3432 21.0151 0.909527 0.344171 3.09754 80 2 25 10 42337 0 
28.3546 21.0153 0.909693 0.344171 3.09754 80 2 25 10 42338 0 
28.3661 21.0155 0.909859 0.344171 3.09754 80 2 25 10 42339 0 
28.3776 21.0156 0.910026 0.344171 3.09754 80 2 25 10 42340 0 
28.3891 21.0158 0.910192 0.344171 3.09754 80 2 25 10 42341 0 
28.4005 21.016 0.910359 0.344171 3.09754 80 2 25 10 42342 0 
28.412 21.0162 0.910526 0.344171 3.09754 80 2 25 10 42343 0 
28.4235 21.0164 0.910692 0.344171 3.09754 80 2 25 10 42344 0 
28.4349 21.0166 0.910859 0.344171 3.09754 80 2 25 10 42345 0 
28.4464 21.0167 0.911026 0.344171 3.09754 80 2 25 10 42346 0 
28.4579 21.0169 0.911193 0.344171 3.09754 80 2 25 10 42347 0 
28.4693 21.0171 0.91136 0.344171 3.09754 80 2 25 10 42348 0 
28.4808 21.0173 0.911527 0.344171 3.09754 80 2 25 10 42349 0 
28.4923 21.0175 0.911694 0.344171 3.09754 80 2 25 10 42350 0 
28.5038 21.0177 0.911861 0.344171 3.09754 80 2 25 10 42351 0 
28.5152 21.0178 0.912029 0.344171 3.09754 80 2 25 10 42352 0 
28.5267 21.018 0.912196 0.344171 3.09754 80 2 25 10 42353 0 
28.5382 21.0182 0.912363 0.344171 3.09754 80 2 25 10 42354 0 
28.5496 21.0184 0.912531 0.344171 3.09754 80 2 25 10 42355 0 
28.5611 21.0186 0.912698 0.344171 3.09754 80 2 25 10 42356 0 
28.5726 21.0188 0.912866 0.344171 3.09754 80 2 25 10 42357 0 
28.5841 21.0189 0.913033 0.344171 3.09754 80 2 25 10 42358 0 
28.5955 21.0191 0.913201 0.344171 3.09754 80 2 25 10 42359 0 
28.607 21.0193 0.913369 0.344171 3.09754 80 2 25 10 42360 0 
28.6185 21.0195 0.913537 0.344171 3.09754 80 2 25 10 42361 0 
28.6299 21.0197 0.913705 0.344171 3.09754 80 2 25 10 42362 0 
28.6414 21.0198 0.913873 0.344171 3.09754 80 2 25 10 42363 0 
28.6529 21.02 0.914041 0.344171 3.09754 80 2 25 10 42364 0 
28.6644 21.0202 0.914209 0.344171 3.09754 80 2 25 10 42365 0 
28.6758 21.0204 0.914377 0.344171 3.09754 80 2 25 10 42366 0 
28.6873 21.0206 0.914545 0.344171 3.09754 80 2 25 10 42367 0 
28.6988 21.0208 0.914714 0.344171 3.09754 80 2 25 10 42368 0 
28.7102 21.0209 0.914882 0.344171 3.09754 80 2 25 10 42369 0 
28.7217 21.0211 0.915051 0.344171 3.09754 80 2 25 10 42370 0 
28.7332 21.0213 0.915219 0.344171 3.09754 80 2 25 10 42371 0 
28.7446 21.0215 0.915388 0.344171 3.09754 80 2 25 10 42372 0 
28.7561 21.0217 0.915557 0.344171 3.09754 80 2 25 10 42373 0 
28.7676 21.0219 0.915725 0.344171 3.09754 80 2 25 10 42374 0 
28.7791 21.022 0.915894 0.344171 3.09754 80 2 25 10 42375 0 
28.7905 21.0222 0.916063 0.344171 3.09754 80 2 25 10 42376 0 
28.802 21.0224 0.916232 0.344171 3.09754 80 2 25 10 42377 0 
28.8135 21.0226 0.916401 0.344171 3.09754 80 2 25 10 42378 0 
28.8249 21.0228 0.91657 0.344171 3.09754 80 2 25 10 42379 0 
28.8364 21.023 0.916739 0.344171 3.09754 80 2 25 10 42380 0 
28.8479 21.0231 0.916909 0.344171 3.09754 80 2 25 10 42381 0 
28.8594 21.0233 0.917078 0.344171 3.09754 80 2 25 10 42382 0 
28.8708 21.0235 0.917247 0.344171 3.09754 80 2 25 10 42383 0 
28.8823 21.0237 0.917417 0.344171 3.09754 80 2 25 10 42384 0 
28.8938 21.0239 0.917587 0.344171 3.09754 80 2 25 10 42385 0 
28.9052 21.0241 0.917756 0.344171 3.09754 80 2 25 10 42386 0 
28.9167 21.0242 0.917926 0.344171 3.09754 80 2 25 10 42387 0 
28.9282 21.0244 0.918096 0.344171 3.09754 80 2 25 10 42388 0 
28.9396 21.0246 0.918266 0.344171 3.09754 80 2 25 10 42389 0 
28.9511 21.0248 0.918435 0.344171 3.09754 80 2 25 10 42390 0 
28.9626 21.025 0.918605 0.344171 3.09754 80 2 25 10 42391 0 
28.9741 21.0252 0.918775 0.344171 3.09754 80 2 25 10 42392 0 
28.9855 21.0253 0.918946 0.344171 3.09754 80 2 25 10 42393 0 
28.997 21.0255 0.919116 0.344171 3.09754 80 2 25 10 42394 0 
29.0085 21.0257 0.919286 0.344171 3.09754 80 2 25 10 42395 0 
29.0199 21.0259 0.919457 0.344171 3.09754 80 2 25 10 42396 0 
29.0314 21.0261 0.919627 0.344171 3.09754 80 2 25 10 42397 0 
29.0429 21.0263 0.919797 0.344171 3.09754 80 2 25 10 42398 0 
29.0544 21.0264 0.919968 0.344171 3.09754 80 2 25 10 42399 0 
29.0658 21.0266 0.920139 0.344171 3.09754 80 2 25 10 42400 0 
29.0773 21.0268 0.920309 0.344171 3.09754 80 2 25 10 42401 0 
29.0888 21.027 0.92048 0.344171 3.09754 80 2 25 10 42402 0 
29.1002 21.0272 0.920651 0.344171 3.09754 80 2 25 10 42403 0 
29.1117 21.0274 0.920822 0.344171 3.09754 80 2 25 10 42404 0 
29.1232 21.0276 0.920993 0.344171 3.09754 80 2 25 10 42405 0 
29.1347 21.0277 0.921164 0.344171 3.09754 80 2 25 10 42406 0 
29.1461 21.0279 0.921335 0.344171 3.09754 80 2 25 10 42407 0 
29.1576 21.0281 0.921506 0.344171 3.09754 80 2 25 10 42408 0 
29.1691 21.0283 0.921678 0.344171 3.09754 80 2 25 10 42409 0 
29.1805 21.0285 0.921849 0.344171 3.09754 80 2 25 10 42410 0 
29.192 21.0287 0.92202 0.344171 3.09754 80 2 25 10 42411 0 
29.2035 21.0289 0.922192 0.344171 3.09754 80 2 25 10 42412 0 
29.2149 21.029 0.922363 0.344171 3.09754 80 2 25 10 42413 0 
29.2264 21.0292 0.922535 0.344171 3.09754 80 2 25 10 42414 0 
29.2379 21.0294 0.922706 0.344171 3.09754 80 2 25 10 42415 0 
29.2494 21.0296 0.922878 0.344171 3.09754 80 2 25 10 42416 0 
29.2608 21.0298 0.92305 0.344171 3.09754 80 2 25 10 42417 0 
29.2723 21.03 0.923222 0.344171 3.09754 80 2 25 10 42418 0 
29.2838 21.0301 0.923394 0.344171 3.09754 80 2 25 10 42419 0 
29.2952 21.0303 0.923566 0.344171 3.09754 80 2 25 10 42420 0 
29.3067 21.0305 0.923738 0.344171 3.09754 80 2 25 10 42421 0 
29.3182 21.0307 0.92391 0.344171 3.09754 80 2 25 10 42422 0 
29.3297 21.0309 0.924082 0.344171 3.09754 80 2 25 10 42423 0 
29.3411 21.0311 0.924255 0.344171 3.09754 80 2 25 10 42424 0 
29.3526 21.0313 0.924427 0.344171 3.09754 80 2 25 10 42425 0 
29.3641 21.0314 0.9246 0.344171 3.09754 80 2 25 10 42426 0 
29.3755 21.0316 0.924772 0.344171 3.09754 80 2 25 10 42427 0 
29.387 21.0318 0.924945 0.344171 3.09754 80 2 25 10 42428 0 
29.3985 21.032 0.925117 0.344171 3.09754 80 2 25 10 42429 0 
29.41 21.0322 0.92529 0.344171 3.09754 80 2 25 10 42430 0 
29.4214 21.0324 0.925463 0.344171 3.09754 80 2 25 10 42431 0 
29.4329 21.0326 0.925636 0.344171 3.09754 80 2 25 10 42432 0 
29.4444 21.0327 0.925809 0.344171 3.09754 80 2 25 10 42433 0 
29.4558 21.0329 0.925982 0.344171 3.09754 80 2 25 10 42434 0 
29.4673 21.0331 0.926155 0.344171 3.09754 80 2 25 10 42435 0 
29.4788 21.0333 0.926328 0.344171 3.09754 80 2 25 10 42436 0 
29.4902 21.0335 0.926502 0.344171 3.09754 80 2 25 10 42437 0 
29.5017 21.0337 0.926675 0.344171 3.09754 80 2 25 10 42438 0 
29.5132 21.0338 0.926848 0.344171 3.09754 80 2 25 10 42439 0 
29.5247 21.034 0.927022 0.344171 3.09754 80 2 25 10 42440 0 
29.5361 21.0342 0.927195 0.344171 3.09754 80 2 25 10 42441 0 
29.5476 21.0344 0.927369 0.344171 3.09754 80 2 25 10 42442 0 
29.5591 21.0346 0.927543 0.344171 3.09754 80 2 25 10 42443 0 
29.5705 21.0348 0.927717 0.344171 3.09754 80 2 25 10 42444 0 
29.582 21.035 0.927891 0.344171 3.09754 80 2 25 10 42445 0 
29.5935 21.0351 0.928065 0.344171 3.09754 80 2 25 10 42446 0 
29.605 21.0353 0.928239 0.344171 3.09754 80 2 25 10 42447 0 
29.6164 21.0355 0.928413 0.344171 3.09754 80 2 25 10 42448 0 
29.6279 21.0357 0.928587 0.344171 3.09754 80 2 25 10 42449 0 
29.6394 21.0359 0.928761 0.344171 3.09754 80 2 25 10 42450 0 
29.6508 21.0361 0.928935 0.344171 3.09754 80 2 25 10 42451 0 
29.6623 21.0363 0.92911 0.344171 3.09754 80 2 25 10 42452 0 
29.6738 21.0364 0.929284 0.344171 3.09754 80 2 25 10 42453 0 
29.6853 21.0366 0.929459 0.344171 3.09754 80 2 25 10 42454 0 
29.6967 21.0368 0.929634 0.344171 3.09754 80 2 25 10 42455 0 
29.7082 21.037 0.929808 0.344171 3.09754 80 2 25 10 42456 0 
29.7197 21.0372 0.929983 0.344171 3.09754 80 2 25 10 42457 0 
29.7311 21.0374 0.930158 0.344171 3.09754 80 2 25 10 42458 0 
29.7426 21.0376 0.930333 0.344171 3.09754 80 2 25 10 42459 0 
29.7541 21.0378 0.930508 0.344171 3.09754 80 2 25 10 42460 0 
29.7655 21.0379 0.930683 0.344171 3.09754 80 2 25 10 42461 0 
29.777 21.0381 0.930858 0.344171 3.09754 80 2 25 10 42462 0 
29.7885 21.0383 0.931033 0.344171 3.09754 80 2 25 10 42463 0 
29.8 21.0385 0.931208 0.344171 3.09754 80 2 25 10 42464 0 
29.8114 21.0387 0.931384 0.344171 3.09754 80 2 25 10 42465 0 
29.8229 21.0389 0.931559 0.344171 3.09754 80 2 25 10 42466 0 
29.8344 21.0391 0.931735 0.344171 3.09754 80 2 25 10 42467 0 
29.8458 21.0392 0.93191 0.344171 3.09754 80 2 25 10 42468 0 
29.8573 21.0394 0.932086 0.344171 3.09754 80 2 25 10 42469 0 
29.8688 21.0396 0.932261 0.344171 3.09754 80 2 25 10 42470 0 
29.8803 21.0398 0.932437 0.344171 3.09754 80 2 25 10 42471 0 
29.8917 21.04 0.932613 0.344171 3.09754 80 2 25 10 42472 0 
29.9032 21.0402 0.932789 0.344171 3.09754 80 2 25 10 42473 0 
29.9147 21.0404 0.932965 0.344171 3.09754 80 2 25 10 42474 0 
29.9261 21.0406 0.933141 0.344171 3.09754 80 2 25 10 42475 0 
29.9376 21.0407 0.933317 0.344171 3.09754 80 2 25 10 42476 0 
29.9491 21.0409 0.933493 0.344171 3.09754 80 2 25 10 42477 0 
29.9606 21.0411 0.93367 0.344171 3.09754 80 2 25 10 42478 0 
29.972 21.0413 0.933846 0.344171 3.09754 80 2 25 10 42479 0 
29.9835 21.0415 0.934023 0.344171 3.09754 80 2 25 10 42480 0 
29.995 21.0417 0.934199 0.344171 3.09754 80 2 25 10 42481 0 
30.0064 21.0419 0.934376 0.344171 3.09754 80 2 25 10 42482 0 
30.0179 21.0421 0.934552 0.344171 3.09754 80 2 25 10 42483 0 
30.0294 21.0422 0.934729 0.344171 3.09754 80 2 25 10 42484 0 
30.0408 21.0424 0.934906 0.344171 3.09754 80 2 25 10 42485 0 
30.0523 21.0426 0.935083 0.344171 3.09754 80 2 25 10 42486 0 
30.0638 21.0428 0.93526 0.344171 3.09754 80 2 25 10 42487 0 
30.0753 21.043 0.935437 0.344171 3.09754 80 2 25 10 42488 0 
30.0867 21.0432 0.935614 0.344171 3.09754 80 2 25 10 42489 0 
30.0982 21.0434 0.935791 0.344171 3.09754 80 2 25 10 42490 0 
30.1097 21.0435 0.935969 0.344171 3.09754 80 2 25 10 42491 0 
30.1211 21.0437 0.936146 0.344171 3.09754 80 2 25 10 42492 0 
30.1326 21.0439 0.936323 0.344171 3.09754 80 2 25 10 42493 0 
30.1441 21.0441 0.936501 0.344171 3.09754 80 2 25 10 42494 0 
30.1556 21.0443 0.936679 0.344171 3.09754 80 2 25 10 42495 0 
30.167 21.0445 0.936856 0.344171 3.09754 80 2 25 10 42496 0 
30.1785 21.0447 0.937034 0.344171 3.09754 80 2 25 10 42497 0 
30.19 21.0449 0.937212 0.344171 3.09754 80 2 25 10 42498 0 
30.2014 21.045 0.93739 0.344171 3.09754 80 2 25 10 42499 0 
30.2129 21.0452 0.937568 0.344171 3.09754 80 2 25 10 42500 0 
30.2244 21.0454 0.937746 0.344171 3.09754 80 2 25 10 42501 0 
30.2358 21.0456 0.937924 0.344171 3.09754 80 2 25 10 42502 0 
30.2473 21.0458 0.938102 0.344171 3.09754 80 2 25 10 42503 0 
30.2588 21.046 0.93828 0.344171 3.09754 80 2 25 10 42504 0 
30.2703 21.0462 0.938459 0.344171 3.09754 80 2 25 10 42505 0 
30.2817 21.0464 0.938637 0.344171 3.09754 80 2 25 10 42506 0 
30.2932 21.0465 0.938816 0.344171 3.09754 80 2 25 10 42507 0 
30.3047 21.0467 0.938994 0.344171 3.09754 80 2 25 10 42508 0 
30.3161 21.0469 0.939173 0.344171 3.09754 80 2 25 10 42509 0 
30.3276 21.0471 0.939352 0.344171 3.09754 80 2 25 10 42510 0 
30.3391 21.0473 0.939531 0.344171 3.09754 80 2 25 10 42511 0 
30.3506 21.0475 0.93971 0.344171 3.09754 80 2 25 10 42512 0 
30.362 21.0477 0.939889 0.344171 3.09754 80 2 25 10 42513 0 
30.3735 21.0479 0.940068 0.344171 3.09754 80 2 25 10 42514 0 
30.385 21.0481 0.940247 0.344171 3.09754 80 2 25 10 42515 0 
30.3964 21.0482 0.940426 0.344171 3.09754 80 2 25 10 42516 0 
30.4079 21.0484 0.940605 0.344171 3.09754 80 2 25 10 42517 0 
30.4194 21.0486 0.940785 0.344171 3.09754 80 2 25 10 42518 0 
30.4309 21.0488 0.940964 0.344171 3.09754 80 2 25 10 42519 0 
30.4423 21.049 0.941143 0.344171 3.09754 80 2 25 10 42520 0 
30.4538 21.0492 0.941323 0.344171 3.09754 80 2 25 10 42521 0 
30.4653 21.0494 0.941503 0.344171 3.09754 80 2 25 10 42522 0 
30.4767 21.0496 0.941682 0.344171 3.09754 80 2 25 10 42523 0 
30.4882 21.0498 0.941862 0.344171 3.09754 80 2 25 10 42524 0 
30.4997 21.0499 0.942042 0.344171 3.09754 80 2 25 10 42525 0 
30.5111 21.0501 0.942222 0.344171 3.09754 80 2 25 10 42526 0 
30.5226 21.0503 0.942402 0.344171 3.09754 80 2 25 10 42527 0 
30.5341 21.0505 0.942582 0.344171 3.09754 80 2 25 10 42528 0 
30.5456 21.0507 0.942762 0.344171 3.09754 80 2 25 10 42529 0 
30.557 21.0509 0.942943 0.344171 3.09754 80 2 25 10 42530 0 
30.5685 21.0511 0.943123 0.344171 3.09754 80 2 25 10 42531 0 
30.58 21.0513 0.943303 0.344171 3.09754 80 2 25 10 42532 0 
30.5914 21.0515 0.943484 0.344171 3.09754 80 2 25 10 42533 0 
30.6029 21.0516 0.943664 0.344171 3.09754 80 2 25 10 42534 0 
30.6144 21.0518 0.943845 0.344171 3.09754 80 2 25 10 42535 0 
30.6259 21.052 0.944026 0.344171 3.09754 80 2 25 10 42536 0 
30.6373 21.0522 0.944207 0.344171 3.09754 80 2 25 10 42537 0 
30.6488 21.0524 0.944388 0.344171 3.09754 80 2 25 10 42538 0 
30.6603 21.0526 0.944569 0.344171 3.09754 80 2 25 10 42539 0 
30.6717 21.0528 0.94475 0.344171 3.09754 80 2 25 10 42540 0 
30.6832 21.053 0.944931 0.344171 3.09754 80 2 25 10 42541 0 
30.6947 21.0532 0.945112 0.344171 3.09754 80 2 25 10 42542 0 
30.7062 21.0533 0.945293 0.344171 3.09754 80 2 25 10 42543 0 
30.7176 21.0535 0.945475 0.344171 3.09754 80 2 25 10 42544 0 
30.7291 21.0537 0.945656 0.344171 3.09754 80 2 25 10 42545 0 
30.7406 21.0539 0.945838 0.344171 3.09754 80 2 25 10 42546 0 
30.752 21.0541 0.946019 0.344171 3.09754 80 2 25 10 42547 0 
30.7635 21.0543 0.946201 0.344171 3.09754 80 2 25 10 42548 0 
30.775 21.0545 0.946383 0.344171 3.09754 80 2 25 10 42549 0 
30.7864 21.0547 0.946564 0.344171 3.09754 80 2 25 10 42550 0 
30.7979 21.0548 0.946746 0.344171 3.09754 80 2 25 10 42551 0 
30.8094 21.055 0.946928 0.344171 3.09754 80 2 25 10 42552 0 
30.8209 21.0552 0.947111 0.344171 3.09754 80 2 25 10 42553 0 
30.8323 21.0554 0.947293 0.344171 3.09754 80 2 25 10 42554 0 
30.8438 21.0556 0.947475 0.344171 3.09754 80 2 25 10 42555 0 
30.8553 21.0558 0.947657 0.344171 3.09754 80 2 25 10 42556 0 
30.8667 21.056 0.94784 0.344171 3.09754 80 2 25 10 42557 0 
30.8782 21.0562 0.948022 0.344171 3.09754 80 2 25 10 42558 0 
30.8897 21.0564 0.948205 0.344171 3.09754 80 2 25 10 42559 0 
30.9012 21.0566 0.948388 0.344171 3.09754 80 2 25 10 42560 0 
30.9126 21.0567 0.94857 0.344171 3.09754 80 2 25 10 42561 0 
30.9241 21.0569 0.948753 0.344171 3.09754 80 2 25 10 42562 0 
30.9356 21.0571 0.948936 0.344171 3.09754 80 2 25 10 42563 0 
30.947 21.0573 0.949119 0.344171 3.09754 80 2 25 10 42564 0 
30.9585 21.0575 0.949302 0.344171 3.09754 80 2 25 10 42565 0 
30.97 21.0577 0.949485 0.344171 3.09754 80 2 25 10 42566 0 
30.9815 21.0579 0.949668 0.344171 3.09754 80 2 25 10 42567 0 
30.9929 21.0581 0.949852 0.344171 3.09754 80 2 25 10 42568 0 
31.0044 21.0583 0.950035 0.344171 3.09754 80 2 25 10 42569 0 
31.0159 21.0585 0.950218 0.344171 3.09754 80 2 25 10 42570 0 
31.0273 21.0587 0.950402 0.344171 3.09754 80 2 25 10 42571 0 
31.0388 21.0588 0.950585 0.344171 3.09754 80 2 25 10 42572 0 
31.0503 21.059 0.950769 0.344171 3.09754 80 2 25 10 42573 0 
31.0617 21.0592 0.950953 0.344171 3.09754 80 2 25 10 42574 0 
31.0732 21.0594 0.951137 0.344171 3.09754 80 2 25 10 42575 0 
31.0847 21.0596 0.95132 0.344171 3.09754 80 2 25 10 42576 0 
31.0962 21.0598 0.951504 0.344171 3.09754 80 2 25 10 42577 0 
31.1076 21.06 0.951689 0.344171 3.09754 80 2 25 10 42578 0 
31.1191 21.0602 0.951873 0.344171 3.09754 80 2 25 10 42579 0 
31.1306 21.0604 0.952057 0.344171 3.09754 80 2 25 10 42580 0 
31.142 21.0606 0.952241 0.344171 3.09754 80 2 25 10 42581 0 
31.1535 21.0607 0.952426 0.344171 3.09754 80 2 25 10 42582 0 
31.165 21.0609 0.95261 0.344171 3.09754 80 2 25 10 42583 0 
31.1765 21.0611 0.952795 0.344171 3.09754 80 2 25 10 42584 0 
31.1879 21.0613 0.952979 0.344171 3.09754 80 2 25 10 42585 0 
31.1994 21.0615 0.953164 0.344171 3.09754 80 2 25 10 42586 0 
31.2109 21.0617 0.953349 0.344171 3.09754 80 2 25 10 42587 0 
31.2223 21.0619 0.953533 0.344171 3.09754 80 2 25 10 42588 0 
31.2338 21.0621 0.953718 0.344171 3.09754 80 2 25 10 42589 0 
31.2453 21.0623 0.953903 0.344171 3.09754 80 2 25 10 42590 0 
31.2568 21.0625 0.954089 0.344171 3.09754 80 2 25 10 42591 0 
31.2682 21.0627 0.954274 0.344171 3.09754 80 2 25 10 42592 0 
31.2797 21.0628 0.954459 0.344171 3.09754 80 2 25 10 42593 0 
31.2912 21.063 0.954644 0.344171 3.09754 80 2 25 10 42594 0 
31.3026 21.0632 0.95483 0.344171 3.09754 80 2 25 10 42595 0 
31.3141 21.0634 0.955015 0.344171 3.09754 80 2 25 10 42596 0 
31.3256 21.0636 0.955201 0.344171 3.09754 80 2 25 10 42597 0 
31.337 21.0638 0.955387 0.344171 3.09754 80 2 25 10 42598 0 
31.3485 21.064 0.955572 0.344171 3.09754 80 2 25 10 42599 0 
31.36 21.0642 0.955758 0.344171 3.09754 80 2 25 10 42600 0 
31.3715 21.0644 0.955944 0.344171 3.09754 80 2 25 10 42601 0 
31.3829 21.0646 0.95613 0.344171 3.09754 80 2 25 10 42602 0 
31.3944 21.0648 0.956316 0.344171 3.09754 80 2 25 10 42603 0 
31.4059 21.0649 0.956502 0.344171 3.09754 80 2 25 10 42604 0 
31.4173 21.0651 0.956689 0.344171 3.09754 80 2 25 10 42605 0 
31.4288 21.0653 0.956875 0.344171 3.09754 80 2 25 10 42606 0 
31.4403 21.0655 0.957061 0.344171 3.09754 80 2 25 10 42607 0 
31.4518 21.0657 0.957248 0.344171 3.09754 80 2 25 10 42608 0 
31.4632 21.0659 0.957435 0.344171 3.09754 80 2 25 10 42609 0 
31.4747 21.0661 0.957621 0.344171 3.09754 80 2 25 10 42610 0 
31.4862 21.0663 0.957808 0.344171 3.09754 80 2 25 10 42611 0 
31.4976 21.0665 0.957995 0.344171 3.09754 80 2 25 10 42612 0 
31.5091 21.0667 0.958182 0.344171 3.09754 80 2 25 10 42613 0 
31.5206 21.0669 0.958369 0.344171 3.09754 80 2 25 10 42614 0 
31.532 21.0671 0.958556 0.344171 3.09754 80 2 25 10 42615 0 
31.5435 21.0672 0.958743 0.344171 3.09754 80 2 25 10 42616 0 
31.555 21.0674 0.95893 0.344171 3.09754 80 2 25 10 42617 0 
31.5665 21.0676 0.959118 0.344171 3.09754 80 2 25 10 42618 0 
31.5779 21.0678 0.959305 0.344171 3.09754 80 2 25 10 42619 0 
31.5894 21.068 0.959492 0.344171 3.09754 80 2 25 10 42620 0 
31.6009 21.0682 0.95968 0.344171 3.09754 80 2 25 10 42621 0 
31.6123 21.0684 0.959868 0.344171 3.09754 80 2 25 10 42622 0 
31.6238 21.0686 0.960055 0.344171 3.09754 80 2 25 10 42623 0 
31.6353 21.0688 0.960243 0.344171 3.09754 80 2 25 10 42624 0 
31.6468 21.069 0.960431 0.344171 3.09754 80 2 25 10 42625 0 
31.6582 21.0692 0.960619 0.344171 3.09754 80 2 25 10 42626 0 
31.6697 21.0694 0.960807 0.344171 3.09754 80 2 25 10 42627 0 
31.6812 21.0696 0.960995 0.344171 3.09754 80 2 25 10 42628 0 
31.6926 21.0698 0.961183 0.344171 3.09754 80 2 25 10 42629 0 
31.7041 21.0699 0.961372 0.344171 3.09754 80 2 25 10 42630 0 
31.7156 21.0701 0.96156 0.344171 3.09754 80 2 25 10 42631 0 
31.7271 21.0703 0.961748 0.344171 3.09754 80 2 25 10 42632 0 
31.7385 21.0705 0.961937 0.344171 3.09754 80 2 25 10 42633 0 
31.75 21.0707 0.962126 0.344171 3.09754 80 2 25 10 42634 0 
31.7615 21.0709 0.962314 0.344171 3.09754 80 2 25 10 42635 0 
31.7729 21.0711 0.962503 0.344171 3.09754 80 2 25 10 42636 0 
31.7844 21.0713 0.962692 0.344171 3.09754 80 2 25 10 42637 0 
31.7959 21.0715 0.962881 0.344171 3.09754 80 2 25 10 42638 0 
31.8073 21.0717 0.96307 0.344171 3.09754 80 2 25 10 42639 0 
31.8188 21.0719 0.963259 0.344171 3.09754 80 2 25 10 42640 0 
31.8303 21.0721 0.963448 0.344171 3.09754 80 2 25 10 42641 0 
31.8418 21.0723 0.963638 0.344171 3.09754 80 2 25 10 42642 0 
31.8532 21.0724 0.963827 0.344171 3.09754 80 2 25 10 42643 0 
31.8647 21.0726 0.964016 0.344171 3.09754 80 2 25 10 42644 0 
31.8762 21.0728 0.964206 0.344171 3.09754 80 2 25 10 42645 0 
31.8876 21.073 0.964396 0.344171 3.09754 80 2 25 10 42646 0 
31.8991 21.0732 0.964585 0.344171 3.09754 80 2 25 10 42647 0 
31.9106 21.0734 0.964775 0.344171 3.09754 80 2 25 10 42648 0 
31.9221 21.0736 0.964965 0.344171 3.09754 80 2 25 10 42649 0 
31.9335 21.0738 0.965155 0.344171 3.09754 80 2 25 10 42650 0 
31.945 21.074 0.965345 0.344171 3.09754 80 2 25 10 42651 0 
31.9565 21.0742 0.965535 0.344171 3.09754 80 2 25 10 42652 0 
31.9679 21.0744 0.965725 0.344171 3.09754 80 2 25 10 42653 0 
31.9794 21.0746 0.965916 0.344171 3.09754 80 2 25 10 42654 0 
31.9909 21.0748 0.966106 0.344171 3.09754 80 2 25 10 42655 0 
32.0023 21.075 0.966297 0.344171 3.09754 80 2 25 10 42656 0 
32.0138 21.0751 0.966487 0.344171 3.09754 80 2 25 10 42657 0 
32.0253 21.0753 0.966678 0.344171 3.09754 80 2 25 10 42658 0 
32.0368 21.0755 0.966869 0.344171 3.09754 80 2 25 10 42659 0 
32.0482 21.0757 0.967059 0.344171 3.09754 80 2 25 10 42660 0 
32.0597 21.0759 0.96725 0.344171 3.09754 80 2 25 10 42661 0 
32.0712 21.0761 0.967441 0.344171 3.09754 80 2 25 10 42662 0 
32.0826 21.0763 0.967632 0.344171 3.09754 80 2 25 10 42663 0 
32.0941 21.0765 0.967824 0.344171 3.09754 80 2 25 10 42664 0 
32.1056 21.0767 0.968015 0.344171 3.09754 80 2 25 10 42665 0 
32.1171 21.0769 0.968206 0.344171 3.09754 80 2 25 10 42666 0 
32.1285 21.0771 0.968398 0.344171 3.09754 80 2 25 10 42667 0 
32.14 21.0773 0.968589 0.344171 3.09754 80 2 25 10 42668 0 
32.1515 21.0775 0.968781 0.344171 3.09754 80 2 25 10 42669 0 
32.1629 21.0777 0.968972 0.344171 3.09754 80 2 25 10 42670 0 
32.1744 21.0779 0.969164 0.344171 3.09754 80 2 25 10 42671 0 
32.1859 21.0781 0.969356 0.344171 3.09754 80 2 25 10 42672 0 
32.1974 21.0783 0.969548 0.344171 3.09754 80 2 25 10 42673 0 
32.2088 21.0784 0.96974 0.344171 3.09754 80 2 25 10 42674 0 
32.2203 21.0786 0.969932 0.344171 3.09754 80 2 25 10 42675 0 
32.2318 21.0788 0.970124 0.344171 3.09754 80 2 25 10 42676 0 
32.2432 21.079 0.970316 0.344171 3.09754 80 2 25 10 42677 0 
32.2547 21.0792 0.970509 0.344171 3.09754 80 2 25 10 42678 0 
32.2662 21.0794 0.970701 0.344171 3.09754 80 2 25 10 42679 0 
32.2776 21.0796 0.970894 0.344171 3.09754 80 2 25 10 42680 0 
32.2891 21.0798 0.971086 0.344171 3.09754 80 2 25 10 42681 0 
32.3006 21.08 0.971279 0.344171 3.09754 80 2 25 10 42682 0 
32.3121 21.0802 0.971472 0.344171 3.09754 80 2 25 10 42683 0 
32.3235 21.0804 0.971665 0.344171 3.09754 80 2 25 10 42684 0 
32.335 21.0806 0.971858 0.344171 3.09754 80 2 25 10 42685 0 
32.3465 21.0808 0.972051 0.344171 3.09754 80 2 25 10 42686 0 
32.3579 21.081 0.972244 0.344171 3.09754 80 2 25 10 42687 0 
32.3694 21.0812 0.972437 0.344171 3.09754 80 2 25 10 42688 0 
32.3809 21.0814 0.97263 0.344171 3.09754 80 2 25 10 42689 0 
32.3924 21.0816 0.972824 0.344171 3.09754 80 2 25 10 42690 0 
32.4038 21.0818 0.973017 0.344171 3.09754 80 2 25 10 42691 0 
32.4153 21.0819 0.973211 0.344171 3.09754 80 2 25 10 42692 0 
32.4268 21.0821 0.973404 0.344171 3.09754 80 2 25 10 42693 0 
32.4382 21.0823 0.973598 0.344171 3.09754 80 2 25 10 42694 0 
32.4497 21.0825 0.973792 0.344171 3.09754 80 2 25 10 42695 0 
32.4612 21.0827 0.973986 0.344171 3.09754 80 2 25 10 42696 0 
32.4727 21.0829 0.97418 0.344171 3.09754 80 2 25 10 42697 0 
32.4841 21.0831 0.974374 0.344171 3.09754 80 2 25 10 42698 0 
32.4956 21.0833 0.974568 0.344171 3.09754 80 2 25 10 42699 0 
32.5071 21.0835 0.974762 0.344171 3.09754 80 2 25 10 42700 0 
32.5185 21.0837 0.974957 0.344171 3.09754 80 2 25 10 42701 0 
32.53 21.0839 0.975151 0.344171 3.09754 80 2 25 10 42702 0 
32.5415 21.0841 0.975346 0.344171 3.09754 80 2 25 10 42703 0 
32.5529 21.0843 0.97554 0.344171 3.09754 80 2 25 10 42704 0 
32.5644 21.0845 0.975735 0.344171 3.09754 80 2 25 10 42705 0 
32.5759 21.0847 0.97593 0.344171 3.09754 80 2 25 10 42706 0 
32.5874 21.0849 0.976125 0.344171 3.09754 80 2 25 10 42707 0 
32.5988 21.0851 0.97632 0.344171 3.09754 80 2 25 10 42708 0 
32.6103 21.0853 0.976515 0.344171 3.09754 80 2 25 10 42709 0 
32.6218 21.0855 0.97671 0.344171 3.09754 80 2 25 10 42710 0 
32.6332 21.0856 0.976905 0.344171 3.09754 80 2 25 10 42711 0 
32.6447 21.0858 0.9771 0.344171 3.09754 80 2 25 10 42712 0 
32.6562 21.086 0.977296 0.344171 3.09754 80 2 25 10 42713 0 
32.6677 21.0862 0.977491 0.344171 3.09754 80 2 25 10 42714 0 
32.6791 21.0864 0.977687 0.344171 3.09754 80 2 25 10 42715 0 
32.6906 21.0866 0.977883 0.344171 3.09754 80 2 25 10 42716 0 
32.7021 21.0868 0.978078 0.344171 3.09754 80 2 25 10 42717 0 
32.7135 21.087 0.978274 0.344171 3.09754 80 2 25 10 42718 0 
32.725 21.0872 0.97847 0.344171 3.09754 80 2 25 10 42719 0 
32.7365 21.0874 0.978666 0.344171 3.09754 80 2 25 10 42720 0 
32.748 21.0876 0.978862 0.344171 3.09754 80 2 25 10 42721 0 
32.7594 21.0878 0.979058 0.344171 3.09754 80 2 25 10 42722 0 
32.7709 21.088 0.979255 0.344171 3.09754 80 2 25 10 42723 0 
32.7824 21.0882 0.979451 0.344171 3.09754 80 2 25 10 42724 0 
32.7938 21.0884 0.979647 0.344171 3.09754 80 2 25 10 42725 0 
32.8053 21.0886 0.979844 0.344171 3.09754 80 2 25 10 42726 0 
32.8168 21.0888 0.98004 0.344171 3.09754 80 2 25 10 42727 0 
32.8282 21.089 0.980237 0.344171 3.09754 80 2 25 10 42728 0 
32.8397 21.0892 0.980434 0.344171 3.09754 80 2 25 10 42729 0 
32.8512 21.0894 0.980631 0.344171 3.09754 80 2 25 10 42730 0 
32.8627 21.0896 0.980828 0.344171 3.09754 80 2 25 10 42731 0 
32.8741 21.0898 0.981025 0.344171 3.09754 80 2 25 10 42732 0 
32.8856 21.09 0.981222 0.344171 3.09754 80 2 25 10 42733 0 
32.8971 21.0902 0.981419 0.344171 3.09754 80 2 25 10 42734 0 
32.9085 21.0904 0.981617 0.344171 3.09754 80 2 25 10 42735 0 
32.92 21.0906 0.981814 0.344171 3.09754 80 2 25 10 42736 0 
32.9315 21.0908 0.982012 0.344171 3.09754 80 2 25 10 42737 0 
32.943 21.091 0.982209 0.344171 3.09754 80 2 25 10 42738 0 
32.9544 21.0912 0.982407 0.344171 3.09754 80 2 25 10 42739 0 
32.9659 21.0913 0.982605 0.344171 3.09754 80 2 25 10 42740 0 
32.9774 21.0915 0.982803 0.344171 3.09754 80 2 25 10 42741 0 
32.9888 21.0917 0.983001 0.344171 3.09754 80 2 25 10 42742 0 
33.0003 21.0919 0.983199 0.344171 3.09754 80 2 25 10 42743 0 
33.0118 21.0921 0.983397 0.344171 3.09754 80 2 25 10 42744 0 
33.0233 21.0923 0.983595 0.344171 3.09754 80 2 25 10 42745 0 
33.0347 21.0925 0.983793 0.344171 3.09754 80 2 25 10 42746 0 
33.0462 21.0927 0.983992 0.344171 3.09754 80 2 25 10 42747 0 
33.0577 21.0929 0.98419 0.344171 3.09754 80 2 25 10 42748 0 
33.0691 21.0931 0.984389 0.344171 3.09754 80 2 25 10 42749 0 
33.0806 21.0933 0.984587 0.344171 3.09754 80 2 25 10 42750 0 
33.0921 21.0935 0.984786 0.344171 3.09754 80 2 25 10 42751 0 
33.1035 21.0937 0.984985 0.344171 3.09754 80 2 25 10 42752 0 
33.115 21.0939 0.985184 0.344171 3.09754 80 2 25 10 42753 0 
33.1265 21.0941 0.985383 0.344171 3.09754 80 2 25 10 42754 0 
33.138 21.0943 0.985582 0.344171 3.09754 80 2 25 10 42755 0 
33.1494 21.0945 0.985782 0.344171 3.09754 80 2 25 10 42756 0 
33.1609 21.0947 0.985981 0.344171 3.09754 80 2 25 10 42757 0 
33.1724 21.0949 0.98618 0.344171 3.09754 80 2 25 10 42758 0 
33.1838 21.0951 0.98638 0.344171 3.09754 80 2 25 10 42759 0 
33.1953 21.0953 0.98658 0.344171 3.09754 80 2 25 10 42760 0 
33.2068 21.0955 0.986779 0.344171 3.09754 80 2 25 10 42761 0 
33.2183 21.0957 0.986979 0.344171 3.09754 80 2 25 10 42762 0 
33.2297 21.0959 0.987179 0.344171 3.09754 80 2 25 10 42763 0 
33.2412 21.0961 0.987379 0.344171 3.09754 80 2 25 10 42764 0 
33.2527 21.0963 0.987579 0.344171 3.09754 80 2 25 10 42765 0 
33.2641 21.0965 0.987779 0.344171 3.09754 80 2 25 10 42766 0 
33.2756 21.0967 0.987979 0.344171 3.09754 80 2 25 10 42767 0 
33.2871 21.0969 0.98818 0.344171 3.09754 80 2 25 10 42768 0 
33.2985 21.0971 0.98838 0.344171 3.09754 80 2 25 10 42769 0 
33.31 21.0973 0.988581 0.344171 3.09754 80 2 25 10 42770 0 
33.3215 21.0975 0.988781 0.344171 3.09754 80 2 25 10 42771 0 
33.333 21.0977 0.988982 0.344171 3.09754 80 2 25 10 42772 0 
33.3444 21.0979 0.989183 0.344171 3.09754 80 2 25 10 42773 0 
33.3559 21.0981 0.989383 0.344171 3.09754 80 2 25 10 42774 0 
33.3674 21.0983 0.989584 0.344171 3.09754 80 2 25 10 42775 0 
33.3788 21.0985 0.989785 0.344171 3.09754 80 2 25 10 42776 0 
33.3903 21.0987 0.989986 0.344171 3.09754 80 2 25 10 42777 0 
33.4018 21.0989 0.990188 0.344171 3.09754 80 2 25 10 42778 0 
33.4133 21.0991 0.990389 0.344171 3.09754 80 2 25 10 42779 0 
33.4247 21.0992 0.99059 0.344171 3.09754 80 2 25 10 42780 0 
33.4362 21.0994 0.990792 0.344171 3.09754 80 2 25 10 42781 0 
33.4477 21.0996 0.990994 0.344171 3.09754 80 2 25 10 42782 0 
33.4591 21.0998 0.991195 0.344171 3.09754 80 2 25 10 42783 0 
33.4706 21.1 0.991397 0.344171 3.09754 80 2 25 10 42784 0 
33.4821 21.1002 0.991599 0.344171 3.09754 80 2 25 10 42785 0 
33.4936 21.1004 0.991801 0.344171 3.09754 80 2 25 10 42786 0 
33.505 21.1006 0.992003 0.344171 3.09754 80 2 25 10 42787 0 
33.5165 21.1008 0.992205 0.344171 3.09754 80 2 25 10 42788 0 
33.528 21.101 0.992407 0.344171 3.09754 80 2 25 10 42789 0 
33.5394 21.1012 0.99261 0.344171 3.09754 80 2 25 10 42790 0 
33.5509 21.1014 0.992812 0.344171 3.09754 80 2 25 10 42791 0 
33.5624 21.1016 0.993015 0.344171 3.09754 80 2 25 10 42792 0 
33.5738 21.1018 0.993217 0.344171 3.09754 80 2 25 10 42793 0 
33.5853 21.102 0.99342 0.344171 3.09754 80 2 25 10 42794 0 
33.5968 21.1022 0.993623 0.344171 3.09754 80 2 25 10 42795 0 
33.6083 21.1024 0.993826 0.344171 3.09754 80 2 25 10 42796 0 
33.6197 21.1026 0.994029 0.344171 3.09754 80 2 25 10 42797 0 
33.6312 21.1028 0.994232 0.344171 3.09754 80 2 25 10 42798 0 
33.6427 21.103 0.994435 0.344171 3.09754 80 2 25 10 42799 0 
33.6541 21.1032 0.994638 0.344171 3.09754 80 2 25 10 42800 0 
33.6656 21.1034 0.994842 0.344171 3.09754 80 2 25 10 42801 0 
33.6771 21.1036 0.995045 0.344171 3.09754 80 2 25 10 42802 0 
33.6886 21.1038 0.995249 0.344171 3.09754 80 2 25 10 42803 0 
33.7 21.104 0.995452 0.344171 3.09754 80 2 25 10 42804 0 
33.7115 21.1042 0.995656 0.344171 3.09754 80 2 25 10 42805 0 
33.723 21.1044 0.99586 0.344171 3.09754 80 2 25 10 42806 0 
33.7344 21.1046 0.996064 0.344171 3.09754 80 2 25 10 42807 0 
33.7459 21.1048 0.996268 0.344171 3.09754 80 2 25 10 42808 0 
33.7574 21.105 0.996472 0.344171 3.09754 80 2 25 10 42809 0 
33.7689 21.1052 0.996676 0.344171 3.09754 80 2 25 10 42810 0 
33.7803 21.1054 0.996881 0.344171 3.09754 80 2 25 10 42811 0 
33.7918 21.1056 0.997085 0.344171 3.09754 80 2 25 10 42812 0 
33.8033 21.1058 0.99729 0.344171 3.09754 80 2 25 10 42813 0 
33.8147 21.106 0.997494 0.344171 3.09754 80 2 25 10 42814 0 
33.8262 21.1062 0.997699 0.344171 3.09754 80 2 25 10 42815 0 
33.8377 21.1064 0.997904 0.344171 3.09754 80 2 25 10 42816 0 
33.8491 21.1066 0.998109 0.344171 3.09754 80 2 25 10 42817 0 
33.8606 21.1068 0.998314 0.344171 3.09754 80 2 25 10 42818 0 
33.8721 21.107 0.998519 0.344171 3.09754 80 2 25 10 42819 0 
33.8836 21.1072 0.998724 0.344171 3.09754 80 2 25 10 42820 0 
33.895 21.1074 0.998929 0.344171 3.09754 80 2 25 10 42821 0 
33.9065 21.1076 0.999134 0.344171 3.09754 80 2 25 10 42822 0 
33.918 21.1078 0.99934 0.344171 3.09754 80 2 25 10 42823 0 
33.9294 21.108 0.999545 0.344171 3.09754 80 2 25 10 42824 0 
33.9409 21.1082 0.999751 0.344171 3.09754 80 2 25 10 42825 0 
33.9524 21.1084 0.999957 0.344171 3.09754 80 2 25 10 42826 0 
33.9639 21.1086 1.00016 0.344171 3.09754 80 2 25 10 42827 0 
33.9753 21.1088 1.00037 0.344171 3.09754 80 2 25 10 42828 0 
33.9868 21.109 1.00057 0.344171 3.09754 80 2 25 10 42829 0 
33.9983 21.1092 1.00078 0.344171 3.09754 80 2 25 10 42830 0 
34.0097 21.1094 1.00099 0.344171 3.09754 80 2 25 10 42831 0 
34.0212 21.1096 1.00119 0.344171 3.09754 80 2 25 10 42832 0 
34.0327 21.1098 1.0014 0.344171 3.09754 80 2 25 10 42833 0 
34.0442 21.11 1.00161 0.344171 3.09754 80 2 25 10 42834 0 
34.0556 21.1102 1.00181 0.344171 3.09754 80 2 25 10 42835 0 
34.0671 21.1104 1.00202 0.344171 3.09754 80 2 25 10 42836 0 
34.0786 21.1106 1.00223 0.344171 3.09754 80 2 25 10 42837 0 
34.09 21.1108 1.00243 0.344171 3.09754 80 2 25 10 42838 0 
34.1015 21.111 1.00264 0.344171 3.09754 80 2 25 10 42839 0 
34.113 21.1112 1.00285 0.344171 3.09754 80 2 25 10 42840 0 
34.1244 21.1114 1.00305 0.344171 3.09754 80 2 25 10 42841 0 
34.1359 21.1116 1.00326 0.344171 3.09754 80 2 25 10 42842 0 
34.1474 21.1118 1.00347 0.344171 3.09754 80 2 25 10 42843 0 
34.1589 21.112 1.00368 0.344171 3.09754 80 2 25 10 42844 0 
34.1703 21.1122 1.00388 0.344171 3.09754 80 2 25 10 42845 0 
34.1818 21.1124 1.00409 0.344171 3.09754 80 2 25 10 42846 0 
34.1933 21.1126 1.0043 0.344171 3.09754 80 2 25 10 42847 0 
34.2047 21.1128 1.00451 0.344171 3.09754 80 2 25 10 42848 0 
34.2162 21.113 1.00472 0.344171 3.09754 80 2 25 10 42849 0 
34.2277 21.1132 1.00492 0.344171 3.09754 80 2 25 10 42850 0 
34.2392 21.1134 1.00513 0.344171 3.09754 80 2 25 10 42851 0 
34.2506 21.1136 1.00534 0.344171 3.09754 80 2 25 10 42852 0 
34.2621 21.1138 1.00555 0.344171 3.09754 80 2 25 10 42853 0 
34.2736 21.114 1.00576 0.344171 3.09754 80 2 25 10 42854 0 
34.285 21.1142 1.00596 0.344171 3.09754 80 2 25 10 42855 0 
34.2965 21.1144 1.00617 0.344171 3.09754 80 2 25 10 42856 0 
34.308 21.1146 1.00638 0.344171 3.09754 80 2 25 10 42857 0 
34.3195 21.1148 1.00659 0.344171 3.09754 80 2 25 10 42858 0 
34.3309 21.115 1.0068 0.344171 3.09754 80 2 25 10 42859 0 
34.3424 21.1152 1.00701 0.344171 3.09754 80 2 25 10 42860 0 
34.3539 21.1154 1.00722 0.344171 3.09754 80 2 25 10 42861 0 
34.3653 21.1156 1.00743 0.344171 3.09754 80 2 25 10 42862 0 
34.3768 21.1158 1.00764 0.344171 3.09754 80 2 25 10 42863 0 
34.3883 21.116 1.00785 0.344171 3.09754 80 2 25 10 42864 0 
34.3997 21.1163 1.00806 0.344171 3.09754 80 2 25 10 42865 0 
34.4112 21.1165 1.00827 0.344171 3.09754 80 2 25 10 42866 0 
34.4227 21.1167 1.00847 0.344171 3.09754 80 2 25 10 42867 0 
34.4342 21.1169 1.00868 0.344171 3.09754 80 2 25 10 42868 0 
34.4456 21.1171 1.00889 0.344171 3.09754 80 2 25 10 42869 0 
34.4571 21.1173 1.0091 0.344171 3.09754 80 2 25 10 42870 0 
34.4686 21.1175 1.00931 0.344171 3.09754 80 2 25 10 42871 0 
34.48 21.1177 1.00952 0.344171 3.09754 80 2 25 10 42872 0 
34.4915 21.1179 1.00974 0.344171 3.09754 80 2 25 10 42873 0 
34.503 21.1181 1.00995 0.344171 3.09754 80 2 25 10 42874 0 
34.5145 21.1183 1.01016 0.344171 3.09754 80 2 25 10 42875 0 
34.5259 21.1185 1.01037 0.344171 3.09754 80 2 25 10 42876 0 
34.5374 21.1187 1.01058 0.344171 3.09754 80 2 25 10 42877 0 
34.5489 21.1189 1.01079 0.344171 3.09754 80 2 25 10 42878 0 
34.5603 21.1191 1.011 0.344171 3.09754 80 2 25 10 42879 0 
34.5718 21.1193 1.01121 0.344171 3.09754 80 2 25 10 42880 0 
34.5833 21.1195 1.01142 0.344171 3.09754 80 2 25 10 42881 0 
34.5947 21.1197 1.01163 0.344171 3.09754 80 2 25 10 42882 0 
34.6062 21.1199 1.01184 0.344171 3.09754 80 2 25 10 42883 0 
34.6177 21.1201 1.01205 0.344171 3.09754 80 2 25 10 42884 0 
34.6292 21.1203 1.01227 0.344171 3.09754 80 2 25 10 42885 0 
34.6406 21.1205 1.01248 0.344171 3.09754 80 2 25 10 42886 0 
34.6521 21.1207 1.01269 0.344171 3.09754 80 2 25 10 42887 0 
34.6636 21.1209 1.0129 0.344171 3.09754 80 2 25 10 42888 0 
34.675 21.1211 1.01311 0.344171 3.09754 80 2 25 10 42889 0 
34.6865 21.1213 1.01333 0.344171 3.09754 80 2 25 10 42890 0 
34.698 21.1215 1.01354 0.344171 3.09754 80 2 25 10 42891 0 
34.7095 21.1217 1.01375 0.344171 3.09754 80 2 25 10 42892 0 
34.7209 21.1219 1.01396 0.344171 3.09754 80 2 25 10 42893 0 
34.7324 21.1221 1.01417 0.344171 3.09754 80 2 25 10 42894 0 
34.7439 21.1223 1.01439 0.344171 3.09754 80 2 25 10 42895 0 
34.7553 21.1225 1.0146 0.344171 3.09754 80 2 25 10 42896 0 
34.7668 21.1227 1.01481 0.344171 3.09754 80 2 25 10 42897 0 
34.7783 21.1229 1.01502 0.344171 3.09754 80 2 25 10 42898 0 
34.7898 21.1231 1.01524 0.344171 3.09754 80 2 25 10 42899 0 
34.8012 21.1233 1.01545 0.344171 3.09754 80 2 25 10 42900 0 
34.8127 21.1235 1.01566 0.344171 3.09754 80 2 25 10 42901 0 
34.8242 21.1237 1.01588 0.344171 3.09754 80 2 25 10 42902 0 
34.8356 21.1239 1.01609 0.344171 3.09754 80 2 25 10 42903 0 
34.8471 21.1242 1.0163 0.344171 3.09754 80 2 25 10 42904 0 
34.8586 21.1244 1.01652 0.344171 3.09754 80 2 25 10 42905 0 
34.87 21.1246 1.01673 0.344171 3.09754 80 2 25 10 42906 0 
34.8815 21.1248 1.01694 0.344171 3.09754 80 2 25 10 42907 0 
34.893 21.125 1.01716 0.344171 3.09754 80 2 25 10 42908 0 
34.9045 21.1252 1.01737 0.344171 3.09754 80 2 25 10 42909 0 
34.9159 21.1254 1.01759 0.344171 3.09754 80 2 25 10 42910 0 
34.9274 21.1256 1.0178 0.344171 3.09754 80 2 25 10 42911 0 
34.9389 21.1258 1.01801 0.344171 3.09754 80 2 25 10 42912 0 
34.9503 21.126 1.01823 0.344171 3.09754 80 2 25 10 42913 0 
34.9618 21.1262 1.01844 0.344171 3.09754 80 2 25 10 42914 0 
34.9733 21.1264 1.01866 0.344171 3.09754 80 2 25 10 42915 0 
34.9848 21.1266 1.01887 0.344171 3.09754 80 2 25 10 42916 0 
34.9962 21.1268 1.01909 0.344171 3.09754 80 2 25 10 42917 0 
35.0077 21.127 1.0193 0.344171 3.09754 80 2 25 10 42918 0 
35.0192 21.1272 1.01952 0.344171 3.09754 80 2 25 10 42919 0 
35.0306 21.1274 1.01973 0.344171 3.09754 80 2 25 10 42920 0 
35.0421 21.1276 1.01995 0.344171 3.09754 80 2 25 10 42921 0 
35.0536 21.1278 1.02016 0.344171 3.09754 80 2 25 10 42922 0 
35.0651 21.128 1.02038 0.344171 3.09754 80 2 25 10 42923 0 
35.0765 21.1282 1.02059 0.344171 3.09754 80 2 25 10 42924 0 
35.088 21.1284 1.02081 0.344171 3.09754 80 2 25 10 42925 0 
35.0995 21.1286 1.02102 0.344171 3.09754 80 2 25 10 42926 0 
35.1109 21.1288 1.02124 0.344171 3.09754 80 2 25 10 42927 0 
35.1224 21.129 1.02145 0.344171 3.09754 80 2 25 10 42928 0 
35.1339 21.1293 1.02167 0.344171 3.09754 80 2 25 10 42929 0 
35.1453 21.1295 1.02189 0.344171 3.09754 80 2 25 10 42930 0 
35.1568 21.1297 1.0221 0.344171 3.09754 80 2 25 10 42931 0 
35.1683 21.1299 1.02232 0.344171 3.09754 80 2 25 10 42932 0 
35.1798 21.1301 1.02254 0.344171 3.09754 80 2 25 10 42933 0 
35.1912 21.1303 1.02275 0.344171 3.09754 80 2 25 10 42934 0 
35.2027 21.1305 1.02297 0.344171 3.09754 80 2 25 10 42935 0 
35.2142 21.1307 1.02319 0.344171 3.09754 80 2 25 10 42936 0 
35.2256 21.1309 1.0234 0.344171 3.09754 80 2 25 10 42937 0 
35.2371 21.1311 1.02362 0.344171 3.09754 80 2 25 10 42938 0 
35.2486 21.1313 1.02384 0.344171 3.09754 80 2 25 10 42939 0 
35.2601 21.1315 1.02405 0.344171 3.09754 80 2 25 10 42940 0 
35.2715 21.1317 1.02427 0.344171 3.09754 80 2 25 10 42941 0 
35.283 21.1319 1.02449 0.344171 3.09754 80 2 25 10 42942 0 
35.2945 21.1321 1.0247 0.344171 3.09754 80 2 25 10 42943 0 
35.3059 21.1323 1.02492 0.344171 3.09754 80 2 25 10 42944 0 
35.3174 21.1325 1.02514 0.344171 3.09754 80 2 25 10 42945 0 
35.3289 21.1327 1.02536 0.344171 3.09754 80 2 25 10 42946 0 
35.3404 21.1329 1.02558 0.344171 3.09754 80 2 25 10 42947 0 
35.3518 21.1331 1.02579 0.344171 3.09754 80 2 25 10 42948 0 
35.3633 21.1334 1.02601 0.344171 3.09754 80 2 25 10 42949 0 
35.3748 21.1336 1.02623 0.344171 3.09754 80 2 25 10 42950 0 
35.3862 21.1338 1.02645 0.344171 3.09754 80 2 25 10 42951 0 
35.3977 21.134 1.02667 0.344171 3.09754 80 2 25 10 42952 0 
35.4092 21.1342 1.02688 0.344171 3.09754 80 2 25 10 42953 0 
35.4206 21.1344 1.0271 0.344171 3.09754 80 2 25 10 42954 0 
35.4321 21.1346 1.02732 0.344171 3.09754 80 2 25 10 42955 0 
35.4436 21.1348 1.02754 0.344171 3.09754 80 2 25 10 42956 0 
35.4551 21.135 1.02776 0.344171 3.09754 80 2 25 10 42957 0 
35.4665 21.1352 1.02798 0.344171 3.09754 80 2 25 10 42958 0 
35.478 21.1354 1.0282 0.344171 3.09754 80 2 25 10 42959 0 
35.4895 21.1356 1.02842 0.344171 3.09754 80 2 25 10 42960 0 
35.5009 21.1358 1.02864 0.344171 3.09754 80 2 25 10 42961 0 
35.5124 21.136 1.02885 0.344171 3.09754 80 2 25 10 42962 0 
35.5239 21.1362 1.02907 0.344171 3.09754 80 2 25 10 42963 0 
35.5354 21.1364 1.02929 0.344171 3.09754 80 2 25 10 42964 0 
35.5468 21.1366 1.02951 0.344171 3.09754 80 2 25 10 42965 0 
35.5583 21.1369 1.02973 0.344171 3.09754 80 2 25 10 42966 0 
35.5698 21.1371 1.02995 0.344171 3.09754 80 2 25 10 42967 0 
35.5812 21.1373 1.03017 0.344171 3.09754 80 2 25 10 42968 0 
35.5927 21.1375 1.03039 0.344171 3.09754 80 2 25 10 42969 0 
35.6042 21.1377 1.03061 0.344171 3.09754 80 2 25 10 42970 0 
35.6157 21.1379 1.03083 0.344171 3.09754 80 2 25 10 42971 0 
35.6271 21.1381 1.03105 0.344171 3.09754 80 2 25 10 42972 0 
35.6386 21.1383 1.03127 0.344171 3.09754 80 2 25 10 42973 0 
35.6501 21.1385 1.03149 0.344171 3.09754 80 2 25 10 42974 0 
35.6615 21.1387 1.03172 0.344171 3.09754 80 2 25 10 42975 0 
35.673 21.1389 1.03194 0.344171 3.09754 80 2 25 10 42976 0 
35.6845 21.1391 1.03216 0.344171 3.09754 80 2 25 10 42977 0 
35.6959 21.1393 1.03238 0.344171 3.09754 80 2 25 10 42978 0 
35.7074 21.1395 1.0326 0.344171 3.09754 80 2 25 10 42979 0 
35.7189 21.1397 1.03282 0.344171 3.09754 80 2 25 10 42980 0 
35.7304 21.1399 1.03304 0.344171 3.09754 80 2 25 10 42981 0 
35.7418 21.1401 1.03326 0.344171 3.09754 80 2 25 10 42982 0 
35.7533 21.1404 1.03349 0.344171 3.09754 80 2 25 10 42983 0 
35.7648 21.1406 1.03371 0.344171 3.09754 80 2 25 10 42984 0 
35.7762 21.1408 1.03393 0.344171 3.09754 80 2 25 10 42985 0 
35.7877 21.141 1.03415 0.344171 3.09754 80 2 25 10 42986 0 
35.7992 21.1412 1.03437 0.344171 3.09754 80 2 25 10 42987 0 
35.8107 21.1414 1.0346 0.344171 3.09754 80 2 25 10 42988 0 
35.8221 21.1416 1.03482 0.344171 3.09754 80 2 25 10 42989 0 
35.8336 21.1418 1.03504 0.344171 3.09754 80 2 25 10 42990 0 
35.8451 21.142 1.03526 0.344171 3.09754 80 2 25 10 42991 0 
35.8565 21.1422 1.03548 0.344171 3.09754 80 2 25 10 42992 0 
35.868 21.1424 1.03571 0.344171 3.09754 80 2 25 10 42993 0 
35.8795 21.1426 1.03593 0.344171 3.09754 80 2 25 10 42994 0 
35.8909 21.1428 1.03615 0.344171 3.09754 80 2 25 10 42995 0 
35.9024 21.1431 1.03638 0.344171 3.09754 80 2 25 10 42996 0 
35.9139 21.1433 1.0366 0.344171 3.09754 80 2 25 10 42997 0 
35.9254 21.1435 1.03682 0.344171 3.09754 80 2 25 10 42998 0 
35.9368 21.1437 1.03705 0.344171 3.09754 80 2 25 10 42999 0 
35.9483 21.1439 1.03727 0.344171 3.09754 80 2 25 10 43000 0 
35.9598 21.1441 1.03749 0.344171 3.09754 80 2 25 10 43001 0 
35.9712 21.1443 1.03772 0.344171 3.09754 80 2 25 10 43002 0 
35.9827 21.1445 1.03794 0.344171 3.09754 80 2 25 10 43003 0 
35.9942 21.1447 1.03816 0.344171 3.09754 80 2 25 10 43004 0 
36.0057 21.1449 1.03839 0.344171 3.09754 80 2 25 10 43005 0 
36.0171 21.1451 1.03861 0.344171 3.09754 80 2 25 10 43006 0 
36.0286 21.1453 1.03884 0.344171 3.09754 80 2 25 10 43007 0 
36.0401 21.1455 1.03906 0.344171 3.09754 80 2 25 10 43008 0 
36.0515 21.1458 1.03928 0.344171 3.09754 80 2 25 10 43009 0 
36.063 21.146 1.03951 0.344171 3.09754 80 2 25 10 43010 0 
36.0745 21.1462 1.03973 0.344171 3.09754 80 2 25 10 43011 0 
36.086 21.1464 1.03996 0.344171 3.09754 80 2 25 10 43012 0 
36.0974 21.1466 1.04018 0.344171 3.09754 80 2 25 10 43013 0 
36.1089 21.1468 1.04041 0.344171 3.09754 80 2 25 10 43014 0 
36.1204 21.147 1.04063 0.344171 3.09754 80 2 25 10 43015 0 
36.1318 21.1472 1.04086 0.344171 3.09754 80 2 25 10 43016 0 
36.1433 21.1474 1.04108 0.344171 3.09754 80 2 25 10 43017 0 
36.1548 21.1476 1.04131 0.344171 3.09754 80 2 25 10 43018 0 
36.1662 21.1478 1.04153 0.344171 3.09754 80 2 25 10 43019 0 
36.1777 21.148 1.04176 0.344171 3.09754 80 2 25 10 43020 0 
36.1892 21.1483 1.04199 0.344171 3.09754 80 2 25 10 43021 0 
36.2007 21.1485 1.04221 0.344171 3.09754 80 2 25 10 43022 0 
36.2121 21.1487 1.04244 0.344171 3.09754 80 2 25 10 43023 0 
36.2236 21.1489 1.04266 0.344171 3.09754 80 2 25 10 43024 0 
36.2351 21.1491 1.04289 0.344171 3.09754 80 2 25 10 43025 0 
36.2465 21.1493 1.04312 0.344171 3.09754 80 2 25 10 43026 0 
36.258 21.1495 1.04334 0.344171 3.09754 80 2 25 10 43027 0 
36.2695 21.1497 1.04357 0.344171 3.09754 80 2 25 10 43028 0 
36.281 21.1499 1.0438 0.344171 3.09754 80 2 25 10 43029 0 
36.2924 21.1501 1.04402 0.344171 3.09754 80 2 25 10 43030 0 
36.3039 21.1503 1.04425 0.344171 3.09754 80 2 25 10 43031 0 
36.3154 21.1505 1.04448 0.344171 3.09754 80 2 25 10 43032 0 
36.3268 21.1508 1.0447 0.344171 3.09754 80 2 25 10 43033 0 
36.3383 21.151 1.04493 0.344171 3.09754 80 2 25 10 43034 0 
36.3498 21.1512 1.04516 0.344171 3.09754 80 2 25 10 43035 0 
36.3613 21.1514 1.04538 0.344171 3.09754 80 2 25 10 43036 0 
36.3727 21.1516 1.04561 0.344171 3.09754 80 2 25 10 43037 0 
36.3842 21.1518 1.04584 0.344171 3.09754 80 2 25 10 43038 0 
36.3957 21.152 1.04607 0.344171 3.09754 80 2 25 10 43039 0 
36.4071 21.1522 1.0463 0.344171 3.09754 80 2 25 10 43040 0 
36.4186 21.1524 1.04652 0.344171 3.09754 80 2 25 10 43041 0 
36.4301 21.1526 1.04675 0.344171 3.09754 80 2 25 10 43042 0 
36.4415 21.1529 1.04698 0.344171 3.09754 80 2 25 10 43043 0 
36.453 21.1531 1.04721 0.344171 3.09754 80 2 25 10 43044 0 
36.4645 21.1533 1.04744 0.344171 3.09754 80 2 25 10 43045 0 
36.476 21.1535 1.04766 0.344171 3.09754 80 2 25 10 43046 0 
36.4874 21.1537 1.04789 0.344171 3.09754 80 2 25 10 43047 0 
36.4989 21.1539 1.04812 0.344171 3.09754 80 2 25 10 43048 0 
36.5104 21.1541 1.04835 0.344171 3.09754 80 2 25 10 43049 0 
36.5218 21.1543 1.04858 0.344171 3.09754 80 2 25 10 43050 0 
36.5333 21.1545 1.04881 0.344171 3.09754 80 2 25 10 43051 0 
36.5448 21.1547 1.04904 0.344171 3.09754 80 2 25 10 43052 0 
36.5563 21.155 1.04927 0.344171 3.09754 80 2 25 10 43053 0 
36.5677 21.1552 1.0495 0.344171 3.09754 80 2 25 10 43054 0 
36.5792 21.1554 1.04973 0.344171 3.09754 80 2 25 10 43055 0 
36.5907 21.1556 1.04996 0.344171 3.09754 80 2 25 10 43056 0 
36.6021 21.1558 1.05018 0.344171 3.09754 80 2 25 10 43057 0 
36.6136 21.156 1.05041 0.344171 3.09754 80 2 25 10 43058 0 
36.6251 21.1562 1.05064 0.344171 3.09754 80 2 25 10 43059 0 
36.6366 21.1564 1.05087 0.344171 3.09754 80 2 25 10 43060 0 
36.648 21.1566 1.0511 0.344171 3.09754 80 2 25 10 43061 0 
36.6595 21.1568 1.05134 0.344171 3.09754 80 2 25 10 43062 0 
36.671 21.1571 1.05157 0.344171 3.09754 80 2 25 10 43063 0 
36.6824 21.1573 1.0518 0.344171 3.09754 80 2 25 10 43064 0 
36.6939 21.1575 1.05203 0.344171 3.09754 80 2 25 10 43065 0 
36.7054 21.1577 1.05226 0.344171 3.09754 80 2 25 10 43066 0 
36.7168 21.1579 1.05249 0.344171 3.09754 80 2 25 10 43067 0 
36.7283 21.1581 1.05272 0.344171 3.09754 80 2 25 10 43068 0 
36.7398 21.1583 1.05295 0.344171 3.09754 80 2 25 10 43069 0 
36.7513 21.1585 1.05318 0.344171 3.09754 80 2 25 10 43070 0 
36.7627 21.1587 1.05341 0.344171 3.09754 80 2 25 10 43071 0 
36.7742 21.1589 1.05364 0.344171 3.09754 80 2 25 10 43072 0 
36.7857 21.1592 1.05388 0.344171 3.09754 80 2 25 10 43073 0 
36.7971 21.1594 1.05411 0.344171 3.09754 80 2 25 10 43074 0 
36.8086 21.1596 1.05434 0.344171 3.09754 80 2 25 10 43075 0 
36.8201 21.1598 1.05457 0.344171 3.09754 80 2 25 10 43076 0 
36.8316 21.16 1.0548 0.344171 3.09754 80 2 25 10 43077 0 
36.843 21.1602 1.05504 0.344171 3.09754 80 2 25 10 43078 0 
36.8545 21.1604 1.05527 0.344171 3.09754 80 2 25 10 43079 0 
36.866 21.1606 1.0555 0.344171 3.09754 80 2 25 10 43080 0 
36.8774 21.1609 1.05573 0.344171 3.09754 80 2 25 10 43081 0 
36.8889 21.1611 1.05597 0.344171 3.09754 80 2 25 10 43082 0 
36.9004 21.1613 1.0562 0.344171 3.09754 80 2 25 10 43083 0 
36.9118 21.1615 1.05643 0.344171 3.09754 80 2 25 10 43084 0 
36.9233 21.1617 1.05666 0.344171 3.09754 80 2 25 10 43085 0 
36.9348 21.1619 1.0569 0.344171 3.09754 80 2 25 10 43086 0 
36.9463 21.1621 1.05713 0.344171 3.09754 80 2 25 10 43087 0 
36.9577 21.1623 1.05736 0.344171 3.09754 80 2 25 10 43088 0 
36.9692 21.1625 1.0576 0.344171 3.09754 80 2 25 10 43089 0 
36.9807 21.1628 1.05783 0.344171 3.09754 80 2 25 10 43090 0 
36.9921 21.163 1.05806 0.344171 3.09754 80 2 25 10 43091 0 
37.0036 21.1632 1.0583 0.344171 3.09754 80 2 25 10 43092 0 
37.0151 21.1634 1.05853 0.344171 3.09754 80 2 25 10 43093 0 
37.0266 21.1636 1.05877 0.344171 3.09754 80 2 25 10 43094 0 
37.038 21.1638 1.059 0.344171 3.09754 80 2 25 10 43095 0 
37.0495 21.164 1.05923 0.344171 3.09754 80 2 25 10 43096 0 
37.061 21.1642 1.05947 0.344171 3.09754 80 2 25 10 43097 0 
37.0724 21.1645 1.0597 0.344171 3.09754 80 2 25 10 43098 0 
37.0839 21.1647 1.05994 0.344171 3.09754 80 2 25 10 43099 0 
37.0954 21.1649 1.06017 0.344171 3.09754 80 2 25 10 43100 0 
37.1069 21.1651 1.06041 0.344171 3.09754 80 2 25 10 43101 0 
37.1183 21.1653 1.06064 0.344171 3.09754 80 2 25 10 43102 0 
37.1298 21.1655 1.06088 0.344171 3.09754 80 2 25 10 43103 0 
37.1413 21.1657 1.06111 0.344171 3.09754 80 2 25 10 43104 0 
37.1527 21.1659 1.06135 0.344171 3.09754 80 2 25 10 43105 0 
37.1642 21.1661 1.06158 0.344171 3.09754 80 2 25 10 43106 0 
37.1757 21.1664 1.06182 0.344171 3.09754 80 2 25 10 43107 0 
37.1871 21.1666 1.06205 0.344171 3.09754 80 2 25 10 43108 0 
37.1986 21.1668 1.06229 0.344171 3.09754 80 2 25 10 43109 0 
37.2101 21.167 1.06253 0.344171 3.09754 80 2 25 10 43110 0 
37.2216 21.1672 1.06276 0.344171 3.09754 80 2 25 10 43111 0 
37.233 21.1674 1.063 0.344171 3.09754 80 2 25 10 43112 0 
37.2445 21.1676 1.06323 0.344171 3.09754 80 2 25 10 43113 0 
37.256 21.1679 1.06347 0.344171 3.09754 80 2 25 10 43114 0 
37.2674 21.1681 1.06371 0.344171 3.09754 80 2 25 10 43115 0 
37.2789 21.1683 1.06394 0.344171 3.09754 80 2 25 10 43116 0 
37.2904 21.1685 1.06418 0.344171 3.09754 80 2 25 10 43117 0 
37.3019 21.1687 1.06442 0.344171 3.09754 80 2 25 10 43118 0 
37.3133 21.1689 1.06465 0.344171 3.09754 80 2 25 10 43119 0 
37.3248 21.1691 1.06489 0.344171 3.09754 80 2 25 10 43120 0 
37.3363 21.1693 1.06513 0.344171 3.09754 80 2 25 10 43121 0 
37.3477 21.1696 1.06536 0.344171 3.09754 80 2 25 10 43122 0 
37.3592 21.1698 1.0656 0.344171 3.09754 80 2 25 10 43123 0 
37.3707 21.17 1.06584 0.344171 3.09754 80 2 25 10 43124 0 
37.3822 21.1702 1.06608 0.344171 3.09754 80 2 25 10 43125 0 
37.3936 21.1704 1.06631 0.344171 3.09754 80 2 25 10 43126 0 
37.4051 21.1706 1.06655 0.344171 3.09754 80 2 25 10 43127 0 
37.4166 21.1708 1.06679 0.344171 3.09754 80 2 25 10 43128 0 
37.428 21.1711 1.06703 0.344171 3.09754 80 2 25 10 43129 0 
37.4395 21.1713 1.06727 0.344171 3.09754 80 2 25 10 43130 0 
37.451 21.1715 1.0675 0.344171 3.09754 80 2 25 10 43131 0 
37.4624 21.1717 1.06774 0.344171 3.09754 80 2 25 10 43132 0 
37.4739 21.1719 1.06798 0.344171 3.09754 80 2 25 10 43133 0 
37.4854 21.1721 1.06822 0.344171 3.09754 80 2 25 10 43134 0 
37.4969 21.1723 1.06846 0.344171 3.09754 80 2 25 10 43135 0 
37.5083 21.1726 1.0687 0.344171 3.09754 80 2 25 10 43136 0 
37.5198 21.1728 1.06894 0.344171 3.09754 80 2 25 10 43137 0 
37.5313 21.173 1.06918 0.344171 3.09754 80 2 25 10 43138 0 
37.5427 21.1732 1.06941 0.344171 3.09754 80 2 25 10 43139 0 
37.5542 21.1734 1.06965 0.344171 3.09754 80 2 25 10 43140 0 
37.5657 21.1736 1.06989 0.344171 3.09754 80 2 25 10 43141 0 
37.5772 21.1738 1.07013 0.344171 3.09754 80 2 25 10 43142 0 
37.5886 21.174 1.07037 0.344171 3.09754 80 2 25 10 43143 0 
37.6001 21.1743 1.07061 0.344171 3.09754 80 2 25 10 43144 0 
37.6116 21.1745 1.07085 0.344171 3.09754 80 2 25 10 43145 0 
37.623 21.1747 1.07109 0.344171 3.09754 80 2 25 10 43146 0 
37.6345 21.1749 1.07133 0.344171 3.09754 80 2 25 10 43147 0 
37.646 21.1751 1.07157 0.344171 3.09754 80 2 25 10 43148 0 
37.6575 21.1753 1.07181 0.344171 3.09754 80 2 25 10 43149 0 
37.6689 21.1755 1.07206 0.344171 3.09754 80 2 25 10 43150 0 
37.6804 21.1758 1.0723 0.344171 3.09754 80 2 25 10 43151 0 
37.6919 21.176 1.07254 0.344171 3.09754 80 2 25 10 43152 0 
37.7033 21.1762 1.07278 0.344171 3.09754 80 2 25 10 43153 0 
37.7148 21.1764 1.07302 0.344171 3.09754 80 2 25 10 43154 0 
37.7263 21.1766 1.07326 0.344171 3.09754 80 2 25 10 43155 0 
37.7377 21.1768 1.0735 0.344171 3.09754 80 2 25 10 43156 0 
37.7492 21.1771 1.07374 0.344171 3.09754 80 2 25 10 43157 0 
37.7607 21.1773 1.07399 0.344171 3.09754 80 2 25 10 43158 0 
37.7722 21.1775 1.07423 0.344171 3.09754 80 2 25 10 43159 0 
37.7836 21.1777 1.07447 0.344171 3.09754 80 2 25 10 43160 0 
37.7951 21.1779 1.07471 0.344171 3.09754 80 2 25 10 43161 0 
37.8066 21.1781 1.07495 0.344171 3.09754 80 2 25 10 43162 0 
37.818 21.1783 1.0752 0.344171 3.09754 80 2 25 10 43163 0 
37.8295 21.1786 1.07544 0.344171 3.09754 80 2 25 10 43164 0 
37.841 21.1788 1.07568 0.344171 3.09754 80 2 25 10 43165 0 
37.8525 21.179 1.07592 0.344171 3.09754 80 2 25 10 43166 0 
37.8639 21.1792 1.07617 0.344171 3.09754 80 2 25 10 43167 0 
37.8754 21.1794 1.07641 0.344171 3.09754 80 2 25 10 43168 0 
37.8869 21.1796 1.07665 0.344171 3.09754 80 2 25 10 43169 0 
37.8983 21.1799 1.07689 0.344171 3.09754 80 2 25 10 43170 0 
37.9098 21.1801 1.07714 0.344171 3.09754 80 2 25 10 43171 0 
37.9213 21.1803 1.07738 0.344171 3.09754 80 2 25 10 43172 0 
37.9328 21.1805 1.07762 0.344171 3.09754 80 2 25 10 43173 0 
37.9442 21.1807 1.07787 0.344171 3.09754 80 2 25 10 43174 0 
37.9557 21.1809 1.07811 0.344171 3.09754 80 2 25 10 43175 0 
37.9672 21.1811 1.07836 0.344171 3.09754 80 2 25 10 43176 0 
37.9786 21.1814 1.0786 0.344171 3.09754 80 2 25 10 43177 0 
37.9901 21.1816 1.07884 0.344171 3.09754 80 2 25 10 43178 0 
38.0016 21.1818 1.07909 0.344171 3.09754 80 2 25 10 43179 0 
38.013 21.182 1.07933 0.344171 3.09754 80 2 25 10 43180 0 
38.0245 21.1822 1.07958 0.344171 3.09754 80 2 25 10 43181 0 
38.036 21.1824 1.07982 0.344171 3.09754 80 2 25 10 43182 0 
38.0475 21.1827 1.08007 0.344171 3.09754 80 2 25 10 43183 0 
38.0589 21.1829 1.08031 0.344171 3.09754 80 2 25 10 43184 0 
38.0704 21.1831 1.08056 0.344171 3.09754 80 2 25 10 43185 0 
38.0819 21.1833 1.0808 0.344171 3.09754 80 2 25 10 43186 0 
38.0933 21.1835 1.08105 0.344171 3.09754 80 2 25 10 43187 0 
38.1048 21.1837 1.08129 0.344171 3.09754 80 2 25 10 43188 0 
38.1163 21.184 1.08154 0.344171 3.09754 80 2 25 10 43189 0 
38.1278 21.1842 1.08178 0.344171 3.09754 80 2 25 10 43190 0 
38.1392 21.1844 1.08203 0.344171 3.09754 80 2 25 10 43191 0 
38.1507 21.1846 1.08227 0.344171 3.09754 80 2 25 10 43192 0 
38.1622 21.1848 1.08252 0.344171 3.09754 80 2 25 10 43193 0 
38.1736 21.185 1.08277 0.344171 3.09754 80 2 25 10 43194 0 
38.1851 21.1853 1.08301 0.344171 3.09754 80 2 25 10 43195 0 
38.1966 21.1855 1.08326 0.344171 3.09754 80 2 25 10 43196 0 
38.208 21.1857 1.0835 0.344171 3.09754 80 2 25 10 43197 0 
38.2195 21.1859 1.08375 0.344171 3.09754 80 2 25 10 43198 0 
38.231 21.1861 1.084 0.344171 3.09754 80 2 25 10 43199 0 
38.2425 21.1863 1.08424 0.344171 3.09754 80 2 25 10 43200 0 
38.2539 21.1866 1.08449 0.344171 3.09754 80 2 25 10 43201 0 
38.2654 21.1868 1.08474 0.344171 3.09754 80 2 25 10 43202 0 
38.2769 21.187 1.08499 0.344171 3.09754 80 2 25 10 43203 0 
38.2883 21.1872 1.08523 0.344171 3.09754 80 2 25 10 43204 0 
38.2998 21.1874 1.08548 0.344171 3.09754 80 2 25 10 43205 0 
38.3113 21.1876 1.08573 0.344171 3.09754 80 2 25 10 43206 0 
38.3228 21.1879 1.08598 0.344171 3.09754 80 2 25 10 43207 0 
38.3342 21.1881 1.08622 0.344171 3.09754 80 2 25 10 43208 0 
38.3457 21.1883 1.08647 0.344171 3.09754 80 2 25 10 43209 0 
38.3572 21.1885 1.08672 0.344171 3.09754 80 2 25 10 43210 0 
38.3686 21.1887 1.08697 0.344171 3.09754 80 2 25 10 43211 0 
38.3801 21.189 1.08722 0.344171 3.09754 80 2 25 10 43212 0 
38.3916 21.1892 1.08746 0.344171 3.09754 80 2 25 10 43213 0 
38.4031 21.1894 1.08771 0.344171 3.09754 80 2 25 10 43214 0 
38.4145 21.1896 1.08796 0.344171 3.09754 80 2 25 10 43215 0 
38.426 21.1898 1.08821 0.344171 3.09754 80 2 25 10 43216 0 
38.4375 21.19 1.08846 0.344171 3.09754 80 2 25 10 43217 0 
38.4489 21.1903 1.08871 0.344171 3.09754 80 2 25 10 43218 0 
38.4604 21.1905 1.08896 0.344171 3.09754 80 2 25 10 43219 0 
38.4719 21.1907 1.08921 0.344171 3.09754 80 2 25 10 43220 0 
38.4833 21.1909 1.08946 0.344171 3.09754 80 2 25 10 43221 0 
38.4948 21.1911 1.08971 0.344171 3.09754 80 2 25 10 43222 0 
38.5063 21.1913 1.08996 0.344171 3.09754 80 2 25 10 43223 0 
38.5178 21.1916 1.09021 0.344171 3.09754 80 2 25 10 43224 0 
38.5292 21.1918 1.09046 0.344171 3.09754 80 2 25 10 43225 0 
38.5407 21.192 1.09071 0.344171 3.09754 80 2 25 10 43226 0 
38.5522 21.1922 1.09096 0.344171 3.09754 80 2 25 10 43227 0 
38.5636 21.1924 1.09121 0.344171 3.09754 80 2 25 10 43228 0 
38.5751 21.1927 1.09146 0.344171 3.09754 80 2 25 10 43229 0 
38.5866 21.1929 1.09171 0.344171 3.09754 80 2 25 10 43230 0 
38.5981 21.1931 1.09196 0.344171 3.09754 80 2 25 10 43231 0 
38.6095 21.1933 1.09221 0.344171 3.09754 80 2 25 10 43232 0 
38.621 21.1935 1.09246 0.344171 3.09754 80 2 25 10 43233 0 
38.6325 21.1937 1.09271 0.344171 3.09754 80 2 25 10 43234 0 
38.6439 21.194 1.09296 0.344171 3.09754 80 2 25 10 43235 0 
38.6554 21.1942 1.09321 0.344171 3.09754 80 2 25 10 43236 0 
38.6669 21.1944 1.09347 0.344171 3.09754 80 2 25 10 43237 0 
38.6784 21.1946 1.09372 0.344171 3.09754 80 2 25 10 43238 0 
38.6898 21.1948 1.09397 0.344171 3.09754 80 2 25 10 43239 0 
38.7013 21.1951 1.09422 0.344171 3.09754 80 2 25 10 43240 0 
38.7128 21.1953 1.09447 0.344171 3.09754 80 2 25 10 43241 0 
38.7242 21.1955 1.09473 0.344171 3.09754 80 2 25 10 43242 0 
38.7357 21.1957 1.09498 0.344171 3.09754 80 2 25 10 43243 0 
38.7472 21.1959 1.09523 0.344171 3.09754 80 2 25 10 43244 0 
38.7586 21.1962 1.09548 0.344171 3.09754 80 2 25 10 43245 0 
38.7701 21.1964 1.09574 0.344171 3.09754 80 2 25 10 43246 0 
38.7816 21.1966 1.09599 0.344171 3.09754 80 2 25 10 43247 0 
38.7931 21.1968 1.09624 0.344171 3.09754 80 2 25 10 43248 0 
38.8045 21.197 1.0965 0.344171 3.09754 80 2 25 10 43249 0 
38.816 21.1973 1.09675 0.344171 3.09754 80 2 25 10 43250 0 
38.8275 21.1975 1.097 0.344171 3.09754 80 2 25 10 43251 0 
38.8389 21.1977 1.09726 0.344171 3.09754 80 2 25 10 43252 0 
38.8504 21.1979 1.09751 0.344171 3.09754 80 2 25 10 43253 0 
38.8619 21.1981 1.09776 0.344171 3.09754 80 2 25 10 43254 0 
38.8734 21.1984 1.09802 0.344171 3.09754 80 2 25 10 43255 0 
38.8848 21.1986 1.09827 0.344171 3.09754 80 2 25 10 43256 0 
38.8963 21.1988 1.09853 0.344171 3.09754 80 2 25 10 43257 0 
38.9078 21.199 1.09878 0.344171 3.09754 80 2 25 10 43258 0 
38.9192 21.1992 1.09903 0.344171 3.09754 80 2 25 10 43259 0 
38.9307 21.1995 1.09929 0.344171 3.09754 80 2 25 10 43260 0 
38.9422 21.1997 1.09954 0.344171 3.09754 80 2 25 10 43261 0 
38.9537 21.1999 1.0998 0.344171 3.09754 80 2 25 10 43262 0 
38.9651 21.2001 1.10005 0.344171 3.09754 80 2 25 10 43263 0 
38.9766 21.2003 1.10031 0.344171 3.09754 80 2 25 10 43264 0 
38.9881 21.2006 1.10056 0.344171 3.09754 80 2 25 10 43265 0 
38.9995 21.2008 1.10082 0.344171 3.09754 80 2 25 10 43266 0 
39.011 21.201 1.10107 0.344171 3.09754 80 2 25 10 43267 0 
39.0225 21.2012 1.10133 0.344171 3.09754 80 2 25 10 43268 0 
39.0339 21.2014 1.10159 0.344171 3.09754 80 2 25 10 43269 0 
39.0454 21.2017 1.10184 0.344171 3.09754 80 2 25 10 43270 0 
39.0569 21.2019 1.1021 0.344171 3.09754 80 2 25 10 43271 0 
39.0684 21.2021 1.10235 0.344171 3.09754 80 2 25 10 43272 0 
39.0798 21.2023 1.10261 0.344171 3.09754 80 2 25 10 43273 0 
39.0913 21.2025 1.10287 0.344171 3.09754 80 2 25 10 43274 0 
39.1028 21.2028 1.10312 0.344171 3.09754 80 2 25 10 43275 0 
39.1142 21.203 1.10338 0.344171 3.09754 80 2 25 10 43276 0 
39.1257 21.2032 1.10364 0.344171 3.09754 80 2 25 10 43277 0 
39.1372 21.2034 1.10389 0.344171 3.09754 80 2 25 10 43278 0 
39.1487 21.2036 1.10415 0.344171 3.09754 80 2 25 10 43279 0 
39.1601 21.2039 1.10441 0.344171 3.09754 80 2 25 10 43280 0 
39.1716 21.2041 1.10467 0.344171 3.09754 80 2 25 10 43281 0 
39.1831 21.2043 1.10492 0.344171 3.09754 80 2 25 10 43282 0 
39.1945 21.2045 1.10518 0.344171 3.09754 80 2 25 10 43283 0 
39.206 21.2048 1.10544 0.344171 3.09754 80 2 25 10 43284 0 
39.2175 21.205 1.1057 0.344171 3.09754 80 2 25 10 43285 0 
39.229 21.2052 1.10596 0.344171 3.09754 80 2 25 10 43286 0 
39.2404 21.2054 1.10621 0.344171 3.09754 80 2 25 10 43287 0 
39.2519 21.2056 1.10647 0.344171 3.09754 80 2 25 10 43288 0 
39.2634 21.2059 1.10673 0.344171 3.09754 80 2 25 10 43289 0 
39.2748 21.2061 1.10699 0.344171 3.09754 80 2 25 10 43290 0 
39.2863 21.2063 1.10725 0.344171 3.09754 80 2 25 10 43291 0 
39.2978 21.2065 1.10751 0.344171 3.09754 80 2 25 10 43292 0 
39.3092 21.2067 1.10777 0.344171 3.09754 80 2 25 10 43293 0 
39.3207 21.207 1.10802 0.344171 3.09754 80 2 25 10 43294 0 
39.3322 21.2072 1.10828 0.344171 3.09754 80 2 25 10 43295 0 
39.3437 21.2074 1.10854 0.344171 3.09754 80 2 25 10 43296 0 
39.3551 21.2076 1.1088 0.344171 3.09754 80 2 25 10 43297 0 
39.3666 21.2079 1.10906 0.344171 3.09754 80 2 25 10 43298 0 
39.3781 21.2081 1.10932 0.344171 3.09754 80 2 25 10 43299 0 
39.3895 21.2083 1.10958 0.344171 3.09754 80 2 25 10 43300 0 
39.401 21.2085 1.10984 0.344171 3.09754 80 2 25 10 43301 0 
39.4125 21.2087 1.1101 0.344171 3.09754 80 2 25 10 43302 0 
39.424 21.209 1.11036 0.344171 3.09754 80 2 25 10 43303 0 
39.4354 21.2092 1.11062 0.344171 3.09754 80 2 25 10 43304 0 
39.4469 21.2094 1.11088 0.344171 3.09754 80 2 25 10 43305 0 
39.4584 21.2096 1.11115 0.344171 3.09754 80 2 25 10 43306 0 
39.4698 21.2099 1.11141 0.344171 3.09754 80 2 25 10 43307 0 
39.4813 21.2101 1.11167 0.344171 3.09754 80 2 25 10 43308 0 
39.4928 21.2103 1.11193 0.344171 3.09754 80 2 25 10 43309 0 
39.5042 21.2105 1.11219 0.344171 3.09754 80 2 25 10 43310 0 
39.5157 21.2107 1.11245 0.344171 3.09754 80 2 25 10 43311 0 
39.5272 21.211 1.11271 0.344171 3.09754 80 2 25 10 43312 0 
39.5387 21.2112 1.11298 0.344171 3.09754 80 2 25 10 43313 0 
39.5501 21.2114 1.11324 0.344171 3.09754 80 2 25 10 43314 0 
39.5616 21.2116 1.1135 0.344171 3.09754 80 2 25 10 43315 0 
39.5731 21.2119 1.11376 0.344171 3.09754 80 2 25 10 43316 0 
39.5845 21.2121 1.11402 0.344171 3.09754 80 2 25 10 43317 0 
39.596 21.2123 1.11429 0.344171 3.09754 80 2 25 10 43318 0 
39.6075 21.2125 1.11455 0.344171 3.09754 80 2 25 10 43319 0 
39.619 21.2128 1.11481 0.344171 3.09754 80 2 25 10 43320 0 
39.6304 21.213 1.11507 0.344171 3.09754 80 2 25 10 43321 0 
39.6419 21.2132 1.11534 0.344171 3.09754 80 2 25 10 43322 0 
39.6534 21.2134 1.1156 0.344171 3.09754 80 2 25 10 43323 0 
39.6648 21.2136 1.11586 0.344171 3.09754 80 2 25 10 43324 0 
39.6763 21.2139 1.11613 0.344171 3.09754 80 2 25 10 43325 0 
39.6878 21.2141 1.11639 0.344171 3.09754 80 2 25 10 43326 0 
39.6993 21.2143 1.11665 0.344171 3.09754 80 2 25 10 43327 0 
39.7107 21.2145 1.11692 0.344171 3.09754 80 2 25 10 43328 0 
39.7222 21.2148 1.11718 0.344171 3.09754 80 2 25 10 43329 0 
39.7337 21.215 1.11745 0.344171 3.09754 80 2 25 10 43330 0 
39.7451 21.2152 1.11771 0.344171 3.09754 80 2 25 10 43331 0 
39.7566 21.2154 1.11798 0.344171 3.09754 80 2 25 10 43332 0 
39.7681 21.2157 1.11824 0.344171 3.09754 80 2 25 10 43333 0 
39.7795 21.2159 1.1185 0.344171 3.09754 80 2 25 10 43334 0 
39.791 21.2161 1.11877 0.344171 3.09754 80 2 25 10 43335 0 
39.8025 21.2163 1.11903 0.344171 3.09754 80 2 25 10 43336 0 
39.814 21.2165 1.1193 0.344171 3.09754 80 2 25 10 43337 0 
39.8254 21.2168 1.11956 0.344171 3.09754 80 2 25 10 43338 0 
39.8369 21.217 1.11983 0.344171 3.09754 80 2 25 10 43339 0 
39.8484 21.2172 1.1201 0.344171 3.09754 80 2 25 10 43340 0 
39.8598 21.2174 1.12036 0.344171 3.09754 80 2 25 10 43341 0 
39.8713 21.2177 1.12063 0.344171 3.09754 80 2 25 10 43342 0 
39.8828 21.2179 1.12089 0.344171 3.09754 80 2 25 10 43343 0 
39.8943 21.2181 1.12116 0.344171 3.09754 80 2 25 10 43344 0 
39.9057 21.2183 1.12143 0.344171 3.09754 80 2 25 10 43345 0 
39.9172 21.2186 1.12169 0.344171 3.09754 80 2 25 10 43346 0 
39.9287 21.2188 1.12196 0.344171 3.09754 80 2 25 10 43347 0 
39.9401 21.219 1.12223 0.344171 3.09754 80 2 25 10 43348 0 
39.9516 21.2192 1.12249 0.344171 3.09754 80 2 25 10 43349 0 
39.9631 21.2195 1.12276 0.344171 3.09754 80 2 25 10 43350 0 
39.9746 21.2197 1.12303 0.344171 3.09754 80 2 25 10 43351 0 
39.986 21.2199 1.12329 0.344171 3.09754 80 2 25 10 43352 0 
39.9975 21.2201 1.12356 0.344171 3.09754 80 2 25 10 43353 0 
40.009 21.2204 1.12383 0.344171 3.09754 80 2 25 10 43354 0 
40.0204 21.2206 1.1241 0.344171 3.09754 80 2 25 10 43355 0 
40.0319 21.2208 1.12436 0.344171 3.09754 80 2 25 10 43356 0 
40.0434 21.221 1.12463 0.344171 3.09754 80 2 25 10 43357 0 
40.0548 21.2213 1.1249 0.344171 3.09754 80 2 25 10 43358 0 
40.0663 21.2215 1.12517 0.344171 3.09754 80 2 25 10 43359 0 
40.0778 21.2217 1.12544 0.344171 3.09754 80 2 25 10 43360 0 
40.0893 21.2219 1.12571 0.344171 3.09754 80 2 25 10 43361 0 
40.1007 21.2222 1.12597 0.344171 3.09754 80 2 25 10 43362 0 
40.1122 21.2224 1.12624 0.344171 3.09754 80 2 25 10 43363 0 
40.1237 21.2226 1.12651 0.344171 3.09754 80 2 25 10 43364 0 
40.1351 21.2228 1.12678 0.344171 3.09754 80 2 25 10 43365 0 
40.1466 21.2231 1.12705 0.344171 3.09754 80 2 25 10 43366 0 
40.1581 21.2233 1.12732 0.344171 3.09754 80 2 25 10 43367 0 
40.1696 21.2235 1.12759 0.344171 3.09754 80 2 25 10 43368 0 
40.181 21.2237 1.12786 0.344171 3.09754 80 2 25 10 43369 0 
40.1925 21.224 1.12813 0.344171 3.09754 80 2 25 10 43370 0 
40.204 21.2242 1.1284 0.344171 3.09754 80 2 25 10 43371 0 
40.2154 21.2244 1.12867 0.344171 3.09754 80 2 25 10 43372 0 
40.2269 21.2246 1.12894 0.344171 3.09754 80 2 25 10 43373 0 
40.2384 21.2249 1.12921 0.344171 3.09754 80 2 25 10 43374 0 
40.2499 21.2251 1.12948 0.344171 3.09754 80 2 25 10 43375 0 
40.2613 21.2253 1.12975 0.344171 3.09754 80 2 25 10 43376 0 
40.2728 21.2256 1.13002 0.344171 3.09754 80 2 25 10 43377 0 
40.2843 21.2258 1.13029 0.344171 3.09754 80 2 25 10 43378 0 
40.2957 21.226 1.13056 0.344171 3.09754 80 2 25 10 43379 0 
40.3072 21.2262 1.13084 0.344171 3.09754 80 2 25 10 43380 0 
40.3187 21.2265 1.13111 0.344171 3.09754 80 2 25 10 43381 0 
40.3301 21.2267 1.13138 0.344171 3.09754 80 2 25 10 43382 0 
40.3416 21.2269 1.13165 0.344171 3.09754 80 2 25 10 43383 0 
40.3531 21.2271 1.13192 0.344171 3.09754 80 2 25 10 43384 0 
40.3646 21.2274 1.1322 0.344171 3.09754 80 2 25 10 43385 0 
40.376 21.2276 1.13247 0.344171 3.09754 80 2 25 10 43386 0 
40.3875 21.2278 1.13274 0.344171 3.09754 80 2 25 10 43387 0 
40.399 21.2281 1.13301 0.344171 3.09754 80 2 25 10 43388 0 
40.4104 21.2283 1.13328 0.344171 3.09754 80 2 25 10 43389 0 
40.4219 21.2285 1.13356 0.344171 3.09754 80 2 25 10 43390 0 
40.4334 21.2287 1.13383 0.344171 3.09754 80 2 25 10 43391 0 
40.4449 21.229 1.1341 0.344171 3.09754 80 2 25 10 43392 0 
40.4563 21.2292 1.13438 0.344171 3.09754 80 2 25 10 43393 0 
40.4678 21.2294 1.13465 0.344171 3.09754 80 2 25 10 43394 0 
40.4793 21.2296 1.13492 0.344171 3.09754 80 2 25 10 43395 0 
40.4907 21.2299 1.1352 0.344171 3.09754 80 2 25 10 43396 0 
40.5022 21.2301 1.13547 0.344171 3.09754 80 2 25 10 43397 0 
40.5137 21.2303 1.13575 0.344171 3.09754 80 2 25 10 43398 0 
40.5252 21.2306 1.13602 0.344171 3.09754 80 2 25 10 43399 0 
40.5366 21.2308 1.13629 0.344171 3.09754 80 2 25 10 43400 0 
40.5481 21.231 1.13657 0.344171 3.09754 80 2 25 10 43401 0 
40.5596 21.2312 1.13684 0.344171 3.09754 80 2 25 10 43402 0 
40.571 21.2315 1.13712 0.344171 3.09754 80 2 25 10 43403 0 
40.5825 21.2317 1.13739 0.344171 3.09754 80 2 25 10 43404 0 
40.594 21.2319 1.13767 0.344171 3.09754 80 2 25 10 43405 0 
40.6054 21.2321 1.13794 0.344171 3.09754 80 2 25 10 43406 0 
40.6169 21.2324 1.13822 0.344171 3.09754 80 2 25 10 43407 0 
40.6284 21.2326 1.13849 0.344171 3.09754 80 2 25 10 43408 0 
40.6399 21.2328 1.13877 0.344171 3.09754 80 2 25 10 43409 0 
40.6513 21.2331 1.13905 0.344171 3.09754 80 2 25 10 43410 0 
40.6628 21.2333 1.13932 0.344171 3.09754 80 2 25 10 43411 0 
40.6743 21.2335 1.1396 0.344171 3.09754 80 2 25 10 43412 0 
40.6857 21.2337 1.13987 0.344171 3.09754 80 2 25 10 43413 0 
40.6972 21.234 1.14015 0.344171 3.09754 80 2 25 10 43414 0 
40.7087 21.2342 1.14043 0.344171 3.09754 80 2 25 10 43415 0 
40.7202 21.2344 1.1407 0.344171 3.09754 80 2 25 10 43416 0 
40.7316 21.2347 1.14098 0.344171 3.09754 80 2 25 10 43417 0 
40.7431 21.2349 1.14126 0.344171 3.09754 80 2 25 10 43418 0 
40.7546 21.2351 1.14153 0.344171 3.09754 80 2 25 10 43419 0 
40.766 21.2353 1.14181 0.344171 3.09754 80 2 25 10 43420 0 
40.7775 21.2356 1.14209 0.344171 3.09754 80 2 25 10 43421 0 
40.789 21.2358 1.14237 0.344171 3.09754 80 2 25 10 43422 0 
40.8004 21.236 1.14264 0.344171 3.09754 80 2 25 10 43423 0 
40.8119 21.2363 1.14292 0.344171 3.09754 80 2 25 10 43424 0 
40.8234 21.2365 1.1432 0.344171 3.09754 80 2 25 10 43425 0 
40.8349 21.2367 1.14348 0.344171 3.09754 80 2 25 10 43426 0 
40.8463 21.2369 1.14376 0.344171 3.09754 80 2 25 10 43427 0 
40.8578 21.2372 1.14403 0.344171 3.09754 80 2 25 10 43428 0 
40.8693 21.2374 1.14431 0.344171 3.09754 80 2 25 10 43429 0 
40.8807 21.2376 1.14459 0.344171 3.09754 80 2 25 10 43430 0 
40.8922 21.2379 1.14487 0.344171 3.09754 80 2 25 10 43431 0 
40.9037 21.2381 1.14515 0.344171 3.09754 80 2 25 10 43432 0 
40.9152 21.2383 1.14543 0.344171 3.09754 80 2 25 10 43433 0 
40.9266 21.2385 1.14571 0.344171 3.09754 80 2 25 10 43434 0 
40.9381 21.2388 1.14599 0.344171 3.09754 80 2 25 10 43435 0 
40.9496 21.239 1.14627 0.344171 3.09754 80 2 25 10 43436 0 
40.961 21.2392 1.14655 0.344171 3.09754 80 2 25 10 43437 0 
40.9725 21.2395 1.14683 0.344171 3.09754 80 2 25 10 43438 0 
40.984 21.2397 1.14711 0.344171 3.09754 80 2 25 10 43439 0 
40.9955 21.2399 1.14739 0.344171 3.09754 80 2 25 10 43440 0 
41.0069 21.2401 1.14767 0.344171 3.09754 80 2 25 10 43441 0 
41.0184 21.2404 1.14795 0.344171 3.09754 80 2 25 10 43442 0 
41.0299 21.2406 1.14823 0.344171 3.09754 80 2 25 10 43443 0 
41.0413 21.2408 1.14851 0.344171 3.09754 80 2 25 10 43444 0 
41.0528 21.2411 1.14879 0.344171 3.09754 80 2 25 10 43445 0 
41.0643 21.2413 1.14907 0.344171 3.09754 80 2 25 10 43446 0 
41.0757 21.2415 1.14936 0.344171 3.09754 80 2 25 10 43447 0 
41.0872 21.2418 1.14964 0.344171 3.09754 80 2 25 10 43448 0 
41.0987 21.242 1.14992 0.344171 3.09754 80 2 25 10 43449 0 
41.1102 21.2422 1.1502 0.344171 3.09754 80 2 25 10 43450 0 
41.1216 21.2425 1.15048 0.344171 3.09754 80 2 25 10 43451 0 
41.1331 21.2427 1.15077 0.344171 3.09754 80 2 25 10 43452 0 
41.1446 21.2429 1.15105 0.344171 3.09754 80 2 25 10 43453 0 
41.156 21.2431 1.15133 0.344171 3.09754 80 2 25 10 43454 0 
41.1675 21.2434 1.15161 0.344171 3.09754 80 2 25 10 43455 0 
41.179 21.2436 1.1519 0.344171 3.09754 80 2 25 10 43456 0 
41.1905 21.2438 1.15218 0.344171 3.09754 80 2 25 10 43457 0 
41.2019 21.2441 1.15246 0.344171 3.09754 80 2 25 10 43458 0 
41.2134 21.2443 1.15275 0.344171 3.09754 80 2 25 10 43459 0 
41.2249 21.2445 1.15303 0.344171 3.09754 80 2 25 10 43460 0 
41.2363 21.2448 1.15331 0.344171 3.09754 80 2 25 10 43461 0 
41.2478 21.245 1.1536 0.344171 3.09754 80 2 25 10 43462 0 
41.2593 21.2452 1.15388 0.344171 3.09754 80 2 25 10 43463 0 
41.2708 21.2455 1.15416 0.344171 3.09754 80 2 25 10 43464 0 
41.2822 21.2457 1.15445 0.344171 3.09754 80 2 25 10 43465 0 
41.2937 21.2459 1.15473 0.344171 3.09754 80 2 25 10 43466 0 
41.3052 21.2461 1.15502 0.344171 3.09754 80 2 25 10 43467 0 
41.3166 21.2464 1.1553 0.344171 3.09754 80 2 25 10 43468 0 
41.3281 21.2466 1.15559 0.344171 3.09754 80 2 25 10 43469 0 
41.3396 21.2468 1.15587 0.344171 3.09754 80 2 25 10 43470 0 
41.351 21.2471 1.15616 0.344171 3.09754 80 2 25 10 43471 0 
41.3625 21.2473 1.15644 0.344171 3.09754 80 2 25 10 43472 0 
41.374 21.2475 1.15673 0.344171 3.09754 80 2 25 10 43473 0 
41.3855 21.2478 1.15701 0.344171 3.09754 80 2 25 10 43474 0 
41.3969 21.248 1.1573 0.344171 3.09754 80 2 25 10 43475 0 
41.4084 21.2482 1.15759 0.344171 3.09754 80 2 25 10 43476 0 
41.4199 21.2485 1.15787 0.344171 3.09754 80 2 25 10 43477 0 
41.4313 21.2487 1.15816 0.344171 3.09754 80 2 25 10 43478 0 
41.4428 21.2489 1.15844 0.344171 3.09754 80 2 25 10 43479 0 
41.4543 21.2492 1.15873 0.344171 3.09754 80 2 25 10 43480 0 
41.4658 21.2494 1.15902 0.344171 3.09754 80 2 25 10 43481 0 
41.4772 21.2496 1.1593 0.344171 3.09754 80 2 25 10 43482 0 
41.4887 21.2499 1.15959 0.344171 3.09754 80 2 25 10 43483 0 
41.5002 21.2501 1.15988 0.344171 3.09754 80 2 25 10 43484 0 
41.5116 21.2503 1.16017 0.344171 3.09754 80 2 25 10 43485 0 
41.5231 21.2505 1.16045 0.344171 3.09754 80 2 25 10 43486 0 
41.5346 21.2508 1.16074 0.344171 3.09754 80 2 25 10 43487 0 
41.5461 21.251 1.16103 0.344171 3.09754 80 2 25 10 43488 0 
41.5575 21.2512 1.16132 0.344171 3.09754 80 2 25 10 43489 0 
41.569 21.2515 1.16161 0.344171 3.09754 80 2 25 10 43490 0 
41.5805 21.2517 1.16189 0.344171 3.09754 80 2 25 10 43491 0 
41.5919 21.2519 1.16218 0.344171 3.09754 80 2 25 10 43492 0 
41.6034 21.2522 1.16247 0.344171 3.09754 80 2 25 10 43493 0 
41.6149 21.2524 1.16276 0.344171 3.09754 80 2 25 10 43494 0 
41.6263 21.2526 1.16305 0.344171 3.09754 80 2 25 10 43495 0 
41.6378 21.2529 1.16334 0.344171 3.09754 80 2 25 10 43496 0 
41.6493 21.2531 1.16363 0.344171 3.09754 80 2 25 10 43497 0 
41.6608 21.2533 1.16392 0.344171 3.09754 80 2 25 10 43498 0 
41.6722 21.2536 1.16421 0.344171 3.09754 80 2 25 10 43499 0 
41.6837 21.2538 1.1645 0.344171 3.09754 80 2 25 10 43500 0 
41.6952 21.254 1.16479 0.344171 3.09754 80 2 25 10 43501 0 
41.7066 21.2543 1.16508 0.344171 3.09754 80 2 25 10 43502 0 
41.7181 21.2545 1.16537 0.344171 3.09754 80 2 25 10 43503 0 
41.7296 21.2547 1.16566 0.344171 3.09754 80 2 25 10 43504 0 
41.7411 21.255 1.16595 0.344171 3.09754 80 2 25 10 43505 0 
41.7525 21.2552 1.16624 0.344171 3.09754 80 2 25 10 43506 0 
41.764 21.2554 1.16653 0.344171 3.09754 80 2 25 10 43507 0 
41.7755 21.2557 1.16682 0.344171 3.09754 80 2 25 10 43508 0 
41.7869 21.2559 1.16711 0.344171 3.09754 80 2 25 10 43509 0 
41.7984 21.2561 1.1674 0.344171 3.09754 80 2 25 10 43510 0 
41.8099 21.2564 1.1677 0.344171 3.09754 80 2 25 10 43511 0 
41.8214 21.2566 1.16799 0.344171 3.09754 80 2 25 10 43512 0 
41.8328 21.2568 1.16828 0.344171 3.09754 80 2 25 10 43513 0 
41.8443 21.2571 1.16857 0.344171 3.09754 80 2 25 10 43514 0 
41.8558 21.2573 1.16886 0.344171 3.09754 80 2 25 10 43515 0 
41.8672 21.2575 1.16916 0.344171 3.09754 80 2 25 10 43516 0 
41.8787 21.2578 1.16945 0.344171 3.09754 80 2 25 10 43517 0 
41.8902 21.258 1.16974 0.344171 3.09754 80 2 25 10 43518 0 
41.9016 21.2582 1.17003 0.344171 3.09754 80 2 25 10 43519 0 
41.9131 21.2585 1.17033 0.344171 3.09754 80 2 25 10 43520 0 
41.9246 21.2587 1.17062 0.344171 3.09754 80 2 25 10 43521 0 
41.9361 21.259 1.17091 0.344171 3.09754 80 2 25 10 43522 0 
41.9475 21.2592 1.17121 0.344171 3.09754 80 2 25 10 43523 0 
41.959 21.2594 1.1715 0.344171 3.09754 80 2 25 10 43524 0 
41.9705 21.2597 1.1718 0.344171 3.09754 80 2 25 10 43525 0 
41.9819 21.2599 1.17209 0.344171 3.09754 80 2 25 10 43526 0 
41.9934 21.2601 1.17238 0.344171 3.09754 80 2 25 10 43527 0 
42.0049 21.2604 1.17268 0.344171 3.09754 80 2 25 10 43528 0 
42.0164 21.2606 1.17297 0.344171 3.09754 80 2 25 10 43529 0 
42.0278 21.2608 1.17327 0.344171 3.09754 80 2 25 10 43530 0 
42.0393 21.2611 1.17356 0.344171 3.09754 80 2 25 10 43531 0 
42.0508 21.2613 1.17386 0.344171 3.09754 80 2 25 10 43532 0 
42.0622 21.2615 1.17415 0.344171 3.09754 80 2 25 10 43533 0 
42.0737 21.2618 1.17445 0.344171 3.09754 80 2 25 10 43534 0 
42.0852 21.262 1.17474 0.344171 3.09754 80 2 25 10 43535 0 
42.0966 21.2622 1.17504 0.344171 3.09754 80 2 25 10 43536 0 
42.1081 21.2625 1.17534 0.344171 3.09754 80 2 25 10 43537 0 
42.1196 21.2627 1.17563 0.344171 3.09754 80 2 25 10 43538 0 
42.1311 21.2629 1.17593 0.344171 3.09754 80 2 25 10 43539 0 
42.1425 21.2632 1.17623 0.344171 3.09754 80 2 25 10 43540 0 
42.154 21.2634 1.17652 0.344171 3.09754 80 2 25 10 43541 0 
42.1655 21.2636 1.17682 0.344171 3.09754 80 2 25 10 43542 0 
42.1769 21.2639 1.17712 0.344171 3.09754 80 2 25 10 43543 0 
42.1884 21.2641 1.17741 0.344171 3.09754 80 2 25 10 43544 0 
42.1999 21.2644 1.17771 0.344171 3.09754 80 2 25 10 43545 0 
42.2114 21.2646 1.17801 0.344171 3.09754 80 2 25 10 43546 0 
42.2228 21.2648 1.17831 0.344171 3.09754 80 2 25 10 43547 0 
42.2343 21.2651 1.1786 0.344171 3.09754 80 2 25 10 43548 0 
42.2458 21.2653 1.1789 0.344171 3.09754 80 2 25 10 43549 0 
42.2572 21.2655 1.1792 0.344171 3.09754 80 2 25 10 43550 0 
42.2687 21.2658 1.1795 0.344171 3.09754 80 2 25 10 43551 0 
42.2802 21.266 1.1798 0.344171 3.09754 80 2 25 10 43552 0 
42.2917 21.2662 1.18009 0.344171 3.09754 80 2 25 10 43553 0 
42.3031 21.2665 1.18039 0.344171 3.09754 80 2 25 10 43554 0 
42.3146 21.2667 1.18069 0.344171 3.09754 80 2 25 10 43555 0 
42.3261 21.267 1.18099 0.344171 3.09754 80 2 25 10 43556 0 
42.3375 21.2672 1.18129 0.344171 3.09754 80 2 25 10 43557 0 
42.349 21.2674 1.18159 0.344171 3.09754 80 2 25 10 43558 0 
42.3605 21.2677 1.18189 0.344171 3.09754 80 2 25 10 43559 0 
42.3719 21.2679 1.18219 0.344171 3.09754 80 2 25 10 43560 0 
42.3834 21.2681 1.18249 0.344171 3.09754 80 2 25 10 43561 0 
42.3949 21.2684 1.18279 0.344171 3.09754 80 2 25 10 43562 0 
42.4064 21.2686 1.18309 0.344171 3.09754 80 2 25 10 43563 0 
42.4178 21.2688 1.18339 0.344171 3.09754 80 2 25 10 43564 0 
42.4293 21.2691 1.18369 0.344171 3.09754 80 2 25 10 43565 0 
42.4408 21.2693 1.18399 0.344171 3.09754 80 2 25 10 43566 0 
42.4522 21.2696 1.18429 0.344171 3.09754 80 2 25 10 43567 0 
42.4637 21.2698 1.18459 0.344171 3.09754 80 2 25 10 43568 0 
42.4752 21.27 1.1849 0.344171 3.09754 80 2 25 10 43569 0 
42.4867 21.2703 1.1852 0.344171 3.09754 80 2 25 10 43570 0 
42.4981 21.2705 1.1855 0.344171 3.09754 80 2 25 10 43571 0 
42.5096 21.2707 1.1858 0.344171 3.09754 80 2 25 10 43572 0 
42.5211 21.271 1.1861 0.344171 3.09754 80 2 25 10 43573 0 
42.5325 21.2712 1.18641 0.344171 3.09754 80 2 25 10 43574 0 
42.544 21.2715 1.18671 0.344171 3.09754 80 2 25 10 43575 0 
42.5555 21.2717 1.18701 0.344171 3.09754 80 2 25 10 43576 0 
42.567 21.2719 1.18731 0.344171 3.09754 80 2 25 10 43577 0 
42.5784 21.2722 1.18762 0.344171 3.09754 80 2 25 10 43578 0 
42.5899 21.2724 1.18792 0.344171 3.09754 80 2 25 10 43579 0 
42.6014 21.2726 1.18822 0.344171 3.09754 80 2 25 10 43580 0 
42.6128 21.2729 1.18853 0.344171 3.09754 80 2 25 10 43581 0 
42.6243 21.2731 1.18883 0.344171 3.09754 80 2 25 10 43582 0 
42.6358 21.2734 1.18913 0.344171 3.09754 80 2 25 10 43583 0 
42.6472 21.2736 1.18944 0.344171 3.09754 80 2 25 10 43584 0 
42.6587 21.2738 1.18974 0.344171 3.09754 80 2 25 10 43585 0 
42.6702 21.2741 1.19005 0.344171 3.09754 80 2 25 10 43586 0 
42.6817 21.2743 1.19035 0.344171 3.09754 80 2 25 10 43587 0 
42.6931 21.2746 1.19066 0.344171 3.09754 80 2 25 10 43588 0 
42.7046 21.2748 1.19096 0.344171 3.09754 80 2 25 10 43589 0 
42.7161 21.275 1.19127 0.344171 3.09754 80 2 25 10 43590 0 
42.7275 21.2753 1.19157 0.344171 3.09754 80 2 25 10 43591 0 
42.739 21.2755 1.19188 0.344171 3.09754 80 2 25 10 43592 0 
42.7505 21.2757 1.19218 0.344171 3.09754 80 2 25 10 43593 0 
42.762 21.276 1.19249 0.344171 3.09754 80 2 25 10 43594 0 
42.7734 21.2762 1.19279 0.344171 3.09754 80 2 25 10 43595 0 
42.7849 21.2765 1.1931 0.344171 3.09754 80 2 25 10 43596 0 
42.7964 21.2767 1.19341 0.344171 3.09754 80 2 25 10 43597 0 
42.8078 21.2769 1.19371 0.344171 3.09754 80 2 25 10 43598 0 
42.8193 21.2772 1.19402 0.344171 3.09754 80 2 25 10 43599 0 
42.8308 21.2774 1.19433 0.344171 3.09754 80 2 25 10 43600 0 
42.8423 21.2777 1.19463 0.344171 3.09754 80 2 25 10 43601 0 
42.8537 21.2779 1.19494 0.344171 3.09754 80 2 25 10 43602 0 
42.8652 21.2781 1.19525 0.344171 3.09754 80 2 25 10 43603 0 
42.8767 21.2784 1.19555 0.344171 3.09754 80 2 25 10 43604 0 
42.8881 21.2786 1.19586 0.344171 3.09754 80 2 25 10 43605 0 
42.8996 21.2788 1.19617 0.344171 3.09754 80 2 25 10 43606 0 
42.9111 21.2791 1.19648 0.344171 3.09754 80 2 25 10 43607 0 
42.9225 21.2793 1.19679 0.344171 3.09754 80 2 25 10 43608 0 
42.934 21.2796 1.19709 0.344171 3.09754 80 2 25 10 43609 0 
42.9455 21.2798 1.1974 0.344171 3.09754 80 2 25 10 43610 0 
42.957 21.28 1.19771 0.344171 3.09754 80 2 25 10 43611 0 
42.9684 21.2803 1.19802 0.344171 3.09754 80 2 25 10 43612 0 
42.9799 21.2805 1.19833 0.344171 3.09754 80 2 25 10 43613 0 
42.9914 21.2808 1.19864 0.344171 3.09754 80 2 25 10 43614 0 
43.0028 21.281 1.19895 0.344171 3.09754 80 2 25 10 43615 0 
43.0143 21.2812 1.19926 0.344171 3.09754 80 2 25 10 43616 0 
43.0258 21.2815 1.19957 0.344171 3.09754 80 2 25 10 43617 0 
43.0373 21.2817 1.19988 0.344171 3.09754 80 2 25 10 43618 0 
43.0487 21.282 1.20019 0.344171 3.09754 80 2 25 10 43619 0 
43.0602 21.2822 1.2005 0.344171 3.09754 80 2 25 10 43620 0 
43.0717 21.2825 1.20081 0.344171 3.09754 80 2 25 10 43621 0 
43.0831 21.2827 1.20112 0.344171 3.09754 80 2 25 10 43622 0 
43.0946 21.2829 1.20143 0.344171 3.09754 80 2 25 10 43623 0 
43.1061 21.2832 1.20174 0.344171 3.09754 80 2 25 10 43624 0 
43.1175 21.2834 1.20205 0.344171 3.09754 80 2 25 10 43625 0 
43.129 21.2837 1.20237 0.344171 3.09754 80 2 25 10 43626 0 
43.1405 21.2839 1.20268 0.344171 3.09754 80 2 25 10 43627 0 
43.152 21.2841 1.20299 0.344171 3.09754 80 2 25 10 43628 0 
43.1634 21.2844 1.2033 0.344171 3.09754 80 2 25 10 43629 0 
43.1749 21.2846 1.20361 0.344171 3.09754 80 2 25 10 43630 0 
43.1864 21.2849 1.20393 0.344171 3.09754 80 2 25 10 43631 0 
43.1978 21.2851 1.20424 0.344171 3.09754 80 2 25 10 43632 0 
43.2093 21.2853 1.20455 0.344171 3.09754 80 2 25 10 43633 0 
43.2208 21.2856 1.20486 0.344171 3.09754 80 2 25 10 43634 0 
43.2323 21.2858 1.20518 0.344171 3.09754 80 2 25 10 43635 0 
43.2437 21.2861 1.20549 0.344171 3.09754 80 2 25 10 43636 0 
43.2552 21.2863 1.2058 0.344171 3.09754 80 2 25 10 43637 0 
43.2667 21.2865 1.20612 0.344171 3.09754 80 2 25 10 43638 0 
43.2781 21.2868 1.20643 0.344171 3.09754 80 2 25 10 43639 0 
43.2896 21.287 1.20675 0.344171 3.09754 80 2 25 10 43640 0 
43.3011 21.2873 1.20706 0.344171 3.09754 80 2 25 10 43641 0 
43.3126 21.2875 1.20737 0.344171 3.09754 80 2 25 10 43642 0 
43.324 21.2878 1.20769 0.344171 3.09754 80 2 25 10 43643 0 
43.3355 21.288 1.208 0.344171 3.09754 80 2 25 10 43644 0 
43.347 21.2882 1.20832 0.344171 3.09754 80 2 25 10 43645 0 
43.3584 21.2885 1.20863 0.344171 3.09754 80 2 25 10 43646 0 
43.3699 21.2887 1.20895 0.344171 3.09754 80 2 25 10 43647 0 
43.3814 21.289 1.20926 0.344171 3.09754 80 2 25 10 43648 0 
43.3928 21.2892 1.20958 0.344171 3.09754 80 2 25 10 43649 0 
43.4043 21.2894 1.2099 0.344171 3.09754 80 2 25 10 43650 0 
43.4158 21.2897 1.21021 0.344171 3.09754 80 2 25 10 43651 0 
43.4273 21.2899 1.21053 0.344171 3.09754 80 2 25 10 43652 0 
43.4387 21.2902 1.21084 0.344171 3.09754 80 2 25 10 43653 0 
43.4502 21.2904 1.21116 0.344171 3.09754 80 2 25 10 43654 0 
43.4617 21.2907 1.21148 0.344171 3.09754 80 2 25 10 43655 0 
43.4731 21.2909 1.2118 0.344171 3.09754 80 2 25 10 43656 0 
43.4846 21.2911 1.21211 0.344171 3.09754 80 2 25 10 43657 0 
43.4961 21.2914 1.21243 0.344171 3.09754 80 2 25 10 43658 0 
43.5076 21.2916 1.21275 0.344171 3.09754 80 2 25 10 43659 0 
43.519 21.2919 1.21307 0.344171 3.09754 80 2 25 10 43660 0 
43.5305 21.2921 1.21338 0.344171 3.09754 80 2 25 10 43661 0 
43.542 21.2924 1.2137 0.344171 3.09754 80 2 25 10 43662 0 
43.5534 21.2926 1.21402 0.344171 3.09754 80 2 25 10 43663 0 
43.5649 21.2928 1.21434 0.344171 3.09754 80 2 25 10 43664 0 
43.5764 21.2931 1.21466 0.344171 3.09754 80 2 25 10 43665 0 
43.5879 21.2933 1.21498 0.344171 3.09754 80 2 25 10 43666 0 
43.5993 21.2936 1.21529 0.344171 3.09754 80 2 25 10 43667 0 
43.6108 21.2938 1.21561 0.344171 3.09754 80 2 25 10 43668 0 
43.6223 21.2941 1.21593 0.344171 3.09754 80 2 25 10 43669 0 
43.6337 21.2943 1.21625 0.344171 3.09754 80 2 25 10 43670 0 
43.6452 21.2945 1.21657 0.344171 3.09754 80 2 25 10 43671 0 
43.6567 21.2948 1.21689 0.344171 3.09754 80 2 25 10 43672 0 
43.6681 21.295 1.21721 0.344171 3.09754 80 2 25 10 43673 0 
43.6796 21.2953 1.21753 0.344171 3.09754 80 2 25 10 43674 0 
43.6911 21.2955 1.21785 0.344171 3.09754 80 2 25 10 43675 0 
43.7026 21.2958 1.21818 0.344171 3.09754 80 2 25 10 43676 0 
43.714 21.296 1.2185 0.344171 3.09754 80 2 25 10 43677 0 
43.7255 21.2963 1.21882 0.344171 3.09754 80 2 25 10 43678 0 
43.737 21.2965 1.21914 0.344171 3.09754 80 2 25 10 43679 0 
43.7484 21.2967 1.21946 0.344171 3.09754 80 2 25 10 43680 0 
43.7599 21.297 1.21978 0.344171 3.09754 80 2 25 10 43681 0 
43.7714 21.2972 1.2201 0.344171 3.09754 80 2 25 10 43682 0 
43.7829 21.2975 1.22043 0.344171 3.09754 80 2 25 10 43683 0 
43.7943 21.2977 1.22075 0.344171 3.09754 80 2 25 10 43684 0 
43.8058 21.298 1.22107 0.344171 3.09754 80 2 25 10 43685 0 
43.8173 21.2982 1.22139 0.344171 3.09754 80 2 25 10 43686 0 
43.8287 21.2985 1.22172 0.344171 3.09754 80 2 25 10 43687 0 
43.8402 21.2987 1.22204 0.344171 3.09754 80 2 25 10 43688 0 
43.8517 21.2989 1.22236 0.344171 3.09754 80 2 25 10 43689 0 
43.8632 21.2992 1.22269 0.344171 3.09754 80 2 25 10 43690 0 
43.8746 21.2994 1.22301 0.344171 3.09754 80 2 25 10 43691 0 
43.8861 21.2997 1.22333 0.344171 3.09754 80 2 25 10 43692 0 
43.8976 21.2999 1.22366 0.344171 3.09754 80 2 25 10 43693 0 
43.909 21.3002 1.22398 0.344171 3.09754 80 2 25 10 43694 0 
43.9205 21.3004 1.22431 0.344171 3.09754 80 2 25 10 43695 0 
43.932 21.3007 1.22463 0.344171 3.09754 80 2 25 10 43696 0 
43.9434 21.3009 1.22496 0.344171 3.09754 80 2 25 10 43697 0 
43.9549 21.3011 1.22528 0.344171 3.09754 80 2 25 10 43698 0 
43.9664 21.3014 1.22561 0.344171 3.09754 80 2 25 10 43699 0 
43.9779 21.3016 1.22593 0.344171 3.09754 80 2 25 10 43700 0 
43.9893 21.3019 1.22626 0.344171 3.09754 80 2 25 10 43701 0 
44.0008 21.3021 1.22658 0.344171 3.09754 80 2 25 10 43702 0 
44.0123 21.3024 1.22691 0.344171 3.09754 80 2 25 10 43703 0 
44.0237 21.3026 1.22723 0.344171 3.09754 80 2 25 10 43704 0 
44.0352 21.3029 1.22756 0.344171 3.09754 80 2 25 10 43705 0 
44.0467 21.3031 1.22789 0.344171 3.09754 80 2 25 10 43706 0 
44.0582 21.3034 1.22821 0.344171 3.09754 80 2 25 10 43707 0 
44.0696 21.3036 1.22854 0.344171 3.09754 80 2 25 10 43708 0 
44.0811 21.3039 1.22887 0.344171 3.09754 80 2 25 10 43709 0 
44.0926 21.3041 1.2292 0.344171 3.09754 80 2 25 10 43710 0 
44.104 21.3043 1.22952 0.344171 3.09754 80 2 25 10 43711 0 
44.1155 21.3046 1.22985 0.344171 3.09754 80 2 25 10 43712 0 
44.127 21.3048 1.23018 0.344171 3.09754 80 2 25 10 43713 0 
44.1385 21.3051 1.23051 0.344171 3.09754 80 2 25 10 43714 0 
44.1499 21.3053 1.23084 0.344171 3.09754 80 2 25 10 43715 0 
44.1614 21.3056 1.23116 0.344171 3.09754 80 2 25 10 43716 0 
44.1729 21.3058 1.23149 0.344171 3.09754 80 2 25 10 43717 0 
44.1843 21.3061 1.23182 0.344171 3.09754 80 2 25 10 43718 0 
44.1958 21.3063 1.23215 0.344171 3.09754 80 2 25 10 43719 0 
44.2073 21.3066 1.23248 0.344171 3.09754 80 2 25 10 43720 0 
44.2187 21.3068 1.23281 0.344171 3.09754 80 2 25 10 43721 0 
44.2302 21.3071 1.23314 0.344171 3.09754 80 2 25 10 43722 0 
44.2417 21.3073 1.23347 0.344171 3.09754 80 2 25 10 43723 0 
44.2532 21.3075 1.2338 0.344171 3.09754 80 2 25 10 43724 0 
44.2646 21.3078 1.23413 0.344171 3.09754 80 2 25 10 43725 0 
44.2761 21.308 1.23446 0.344171 3.09754 80 2 25 10 43726 0 
44.2876 21.3083 1.23479 0.344171 3.09754 80 2 25 10 43727 0 
44.299 21.3085 1.23512 0.344171 3.09754 80 2 25 10 43728 0 
44.3105 21.3088 1.23545 0.344171 3.09754 80 2 25 10 43729 0 
44.322 21.309 1.23578 0.344171 3.09754 80 2 25 10 43730 0 
44.3335 21.3093 1.23612 0.344171 3.09754 80 2 25 10 43731 0 
44.3449 21.3095 1.23645 0.344171 3.09754 80 2 25 10 43732 0 
44.3564 21.3098 1.23678 0.344171 3.09754 80 2 25 10 43733 0 
44.3679 21.31 1.23711 0.344171 3.09754 80 2 25 10 43734 0 
44.3793 21.3103 1.23744 0.344171 3.09754 80 2 25 10 43735 0 
44.3908 21.3105 1.23778 0.344171 3.09754 80 2 25 10 43736 0 
44.4023 21.3108 1.23811 0.344171 3.09754 80 2 25 10 43737 0 
44.4137 21.311 1.23844 0.344171 3.09754 80 2 25 10 43738 0 
44.4252 21.3113 1.23877 0.344171 3.09754 80 2 25 10 43739 0 
44.4367 21.3115 1.23911 0.344171 3.09754 80 2 25 10 43740 0 
44.4482 21.3118 1.23944 0.344171 3.09754 80 2 25 10 43741 0 
44.4596 21.312 1.23978 0.344171 3.09754 80 2 25 10 43742 0 
44.4711 21.3123 1.24011 0.344171 3.09754 80 2 25 10 43743 0 
44.4826 21.3125 1.24044 0.344171 3.09754 80 2 25 10 43744 0 
44.494 21.3127 1.24078 0.344171 3.09754 80 2 25 10 43745 0 
44.5055 21.313 1.24111 0.344171 3.09754 80 2 25 10 43746 0 
44.517 21.3132 1.24145 0.344171 3.09754 80 2 25 10 43747 0 
44.5285 21.3135 1.24178 0.344171 3.09754 80 2 25 10 43748 0 
44.5399 21.3137 1.24212 0.344171 3.09754 80 2 25 10 43749 0 
44.5514 21.314 1.24245 0.344171 3.09754 80 2 25 10 43750 0 
44.5629 21.3142 1.24279 0.344171 3.09754 80 2 25 10 43751 0 
44.5743 21.3145 1.24312 0.344171 3.09754 80 2 25 10 43752 0 
44.5858 21.3147 1.24346 0.344171 3.09754 80 2 25 10 43753 0 
44.5973 21.315 1.2438 0.344171 3.09754 80 2 25 10 43754 0 
44.6088 21.3152 1.24413 0.344171 3.09754 80 2 25 10 43755 0 
44.6202 21.3155 1.24447 0.344171 3.09754 80 2 25 10 43756 0 
44.6317 21.3157 1.24481 0.344171 3.09754 80 2 25 10 43757 0 
44.6432 21.316 1.24514 0.344171 3.09754 80 2 25 10 43758 0 
44.6546 21.3162 1.24548 0.344171 3.09754 80 2 25 10 43759 0 
44.6661 21.3165 1.24582 0.344171 3.09754 80 2 25 10 43760 0 
44.6776 21.3167 1.24615 0.344171 3.09754 80 2 25 10 43761 0 
44.689 21.317 1.24649 0.344171 3.09754 80 2 25 10 43762 0 
44.7005 21.3172 1.24683 0.344171 3.09754 80 2 25 10 43763 0 
44.712 21.3175 1.24717 0.344171 3.09754 80 2 25 10 43764 0 
44.7235 21.3177 1.24751 0.344171 3.09754 80 2 25 10 43765 0 
44.7349 21.318 1.24785 0.344171 3.09754 80 2 25 10 43766 0 
44.7464 21.3182 1.24818 0.344171 3.09754 80 2 25 10 43767 0 
44.7579 21.3185 1.24852 0.344171 3.09754 80 2 25 10 43768 0 
44.7693 21.3187 1.24886 0.344171 3.09754 80 2 25 10 43769 0 
44.7808 21.319 1.2492 0.344171 3.09754 80 2 25 10 43770 0 
44.7923 21.3192 1.24954 0.344171 3.09754 80 2 25 10 43771 0 
44.8038 21.3195 1.24988 0.344171 3.09754 80 2 25 10 43772 0 
44.8152 21.3197 1.25022 0.344171 3.09754 80 2 25 10 43773 0 
44.8267 21.32 1.25056 0.344171 3.09754 80 2 25 10 43774 0 
44.8382 21.3202 1.2509 0.344171 3.09754 80 2 25 10 43775 0 
44.8496 21.3205 1.25124 0.344171 3.09754 80 2 25 10 43776 0 
44.8611 21.3207 1.25158 0.344171 3.09754 80 2 25 10 43777 0 
44.8726 21.321 1.25193 0.344171 3.09754 80 2 25 10 43778 0 
44.8841 21.3212 1.25227 0.344171 3.09754 80 2 25 10 43779 0 
44.8955 21.3215 1.25261 0.344171 3.09754 80 2 25 10 43780 0 
44.907 21.3217 1.25295 0.344171 3.09754 80 2 25 10 43781 0 
44.9185 21.322 1.25329 0.344171 3.09754 80 2 25 10 43782 0 
44.9299 21.3222 1.25363 0.344171 3.09754 80 2 25 10 43783 0 
44.9414 21.3225 1.25398 0.344171 3.09754 80 2 25 10 43784 0 
44.9529 21.3227 1.25432 0.344171 3.09754 80 2 25 10 43785 0 
44.9643 21.323 1.25466 0.344171 3.09754 80 2 25 10 43786 0 
44.9758 21.3232 1.25501 0.344171 3.09754 80 2 25 10 43787 0 
44.9873 21.3235 1.25535 0.344171 3.09754 80 2 25 10 43788 0 
44.9988 21.3237 1.25569 0.344171 3.09754 80 2 25 10 43789 0 
45.0102 21.324 1.25604 0.344171 3.09754 80 2 25 10 43790 0 
45.0217 21.3242 1.25638 0.344171 3.09754 80 2 25 10 43791 0 
45.0332 21.3245 1.25672 0.344171 3.09754 80 2 25 10 43792 0 
45.0446 21.3248 1.25707 0.344171 3.09754 80 2 25 10 43793 0 
45.0561 21.325 1.25741 0.344171 3.09754 80 2 25 10 43794 0 
45.0676 21.3253 1.25776 0.344171 3.09754 80 2 25 10 43795 0 
45.0791 21.3255 1.2581 0.344171 3.09754 80 2 25 10 43796 0 
45.0905 21.3258 1.25845 0.344171 3.09754 80 2 25 10 43797 0 
45.102 21.326 1.25879 0.344171 3.09754 80 2 25 10 43798 0 
45.1135 21.3263 1.25914 0.344171 3.09754 80 2 25 10 43799 0 
45.1249 21.3265 1.25948 0.344171 3.09754 80 2 25 10 43800 0 
45.1364 21.3268 1.25983 0.344171 3.09754 80 2 25 10 43801 0 
45.1479 21.327 1.26018 0.344171 3.09754 80 2 25 10 43802 0 
45.1594 21.3273 1.26052 0.344171 3.09754 80 2 25 10 43803 0 
45.1708 21.3275 1.26087 0.344171 3.09754 80 2 25 10 43804 0 
45.1823 21.3278 1.26122 0.344171 3.09754 80 2 25 10 43805 0 
45.1938 21.328 1.26156 0.344171 3.09754 80 2 25 10 43806 0 
45.2052 21.3283 1.26191 0.344171 3.09754 80 2 25 10 43807 0 
45.2167 21.3285 1.26226 0.344171 3.09754 80 2 25 10 43808 0 
45.2282 21.3288 1.26261 0.344171 3.09754 80 2 25 10 43809 0 
45.2396 21.329 1.26295 0.344171 3.09754 80 2 25 10 43810 0 
45.2511 21.3293 1.2633 0.344171 3.09754 80 2 25 10 43811 0 
45.2626 21.3295 1.26365 0.344171 3.09754 80 2 25 10 43812 0 
45.2741 21.3298 1.264 0.344171 3.09754 80 2 25 10 43813 0 
45.2855 21.33 1.26435 0.344171 3.09754 80 2 25 10 43814 0 
45.297 21.3303 1.2647 0.344171 3.09754 80 2 25 10 43815 0 
45.3085 21.3306 1.26505 0.344171 3.09754 80 2 25 10 43816 0 
45.3199 21.3308 1.26539 0.344171 3.09754 80 2 25 10 43817 0 
45.3314 21.3311 1.26574 0.344171 3.09754 80 2 25 10 43818 0 
45.3429 21.3313 1.26609 0.344171 3.09754 80 2 25 10 43819 0 
45.3544 21.3316 1.26644 0.344171 3.09754 80 2 25 10 43820 0 
45.3658 21.3318 1.26679 0.344171 3.09754 80 2 25 10 43821 0 
45.3773 21.3321 1.26715 0.344171 3.09754 80 2 25 10 43822 0 
45.3888 21.3323 1.2675 0.344171 3.09754 80 2 25 10 43823 0 
45.4002 21.3326 1.26785 0.344171 3.09754 80 2 25 10 43824 0 
45.4117 21.3328 1.2682 0.344171 3.09754 80 2 25 10 43825 0 
45.4232 21.3331 1.26855 0.344171 3.09754 80 2 25 10 43826 0 
45.4347 21.3333 1.2689 0.344171 3.09754 80 2 25 10 43827 0 
45.4461 21.3336 1.26925 0.344171 3.09754 80 2 25 10 43828 0 
45.4576 21.3339 1.2696 0.344171 3.09754 80 2 25 10 43829 0 
45.4691 21.3341 1.26996 0.344171 3.09754 80 2 25 10 43830 0 
45.4805 21.3344 1.27031 0.344171 3.09754 80 2 25 10 43831 0 
45.492 21.3346 1.27066 0.344171 3.09754 80 2 25 10 43832 0 
45.5035 21.3349 1.27102 0.344171 3.09754 80 2 25 10 43833 0 
45.5149 21.3351 1.27137 0.344171 3.09754 80 2 25 10 43834 0 
45.5264 21.3354 1.27172 0.344171 3.09754 80 2 25 10 43835 0 
45.5379 21.3356 1.27208 0.344171 3.09754 80 2 25 10 43836 0 
45.5494 21.3359 1.27243 0.344171 3.09754 80 2 25 10 43837 0 
45.5608 21.3361 1.27278 0.344171 3.09754 80 2 25 10 43838 0 
45.5723 21.3364 1.27314 0.344171 3.09754 80 2 25 10 43839 0 
45.5838 21.3367 1.27349 0.344171 3.09754 80 2 25 10 43840 0 
45.5952 21.3369 1.27385 0.344171 3.09754 80 2 25 10 43841 0 
45.6067 21.3372 1.2742 0.344171 3.09754 80 2 25 10 43842 0 
45.6182 21.3374 1.27456 0.344171 3.09754 80 2 25 10 43843 0 
45.6297 21.3377 1.27491 0.344171 3.09754 80 2 25 10 43844 0 
45.6411 21.3379 1.27527 0.344171 3.09754 80 2 25 10 43845 0 
45.6526 21.3382 1.27562 0.344171 3.09754 80 2 25 10 43846 0 
45.6641 21.3384 1.27598 0.344171 3.09754 80 2 25 10 43847 0 
45.6755 21.3387 1.27634 0.344171 3.09754 80 2 25 10 43848 0 
45.687 21.339 1.27669 0.344171 3.09754 80 2 25 10 43849 0 
45.6985 21.3392 1.27705 0.344171 3.09754 80 2 25 10 43850 0 
45.7099 21.3395 1.27741 0.344171 3.09754 80 2 25 10 43851 0 
45.7214 21.3397 1.27776 0.344171 3.09754 80 2 25 10 43852 0 
45.7329 21.34 1.27812 0.344171 3.09754 80 2 25 10 43853 0 
45.7444 21.3402 1.27848 0.344171 3.09754 80 2 25 10 43854 0 
45.7558 21.3405 1.27884 0.344171 3.09754 80 2 25 10 43855 0 
45.7673 21.3407 1.27919 0.344171 3.09754 80 2 25 10 43856 0 
45.7788 21.341 1.27955 0.344171 3.09754 80 2 25 10 43857 0 
45.7902 21.3413 1.27991 0.344171 3.09754 80 2 25 10 43858 0 
45.8017 21.3415 1.28027 0.344171 3.09754 80 2 25 10 43859 0 
45.8132 21.3418 1.28063 0.344171 3.09754 80 2 25 10 43860 0 
45.8247 21.342 1.28099 0.344171 3.09754 80 2 25 10 43861 0 
45.8361 21.3423 1.28135 0.344171 3.09754 80 2 25 10 43862 0 
45.8476 21.3425 1.28171 0.344171 3.09754 80 2 25 10 43863 0 
45.8591 21.3428 1.28207 0.344171 3.09754 80 2 25 10 43864 0 
45.8705 21.343 1.28243 0.344171 3.09754 80 2 25 10 43865 0 
45.882 21.3433 1.28279 0.344171 3.09754 80 2 25 10 43866 0 
45.8935 21.3436 1.28315 0.344171 3.09754 80 2 25 10 43867 0 
45.905 21.3438 1.28351 0.344171 3.09754 80 2 25 10 43868 0 
45.9164 21.3441 1.28387 0.344171 3.09754 80 2 25 10 43869 0 
45.9279 21.3443 1.28423 0.344171 3.09754 80 2 25 10 43870 0 
45.9394 21.3446 1.28459 0.344171 3.09754 80 2 25 10 43871 0 
45.9508 21.3448 1.28495 0.344171 3.09754 80 2 25 10 43872 0 
45.9623 21.3451 1.28532 0.344171 3.09754 80 2 25 10 43873 0 
45.9738 21.3454 1.28568 0.344171 3.09754 80 2 25 10 43874 0 
45.9852 21.3456 1.28604 0.344171 3.09754 80 2 25 10 43875 0 
45.9967 21.3459 1.2864 0.344171 3.09754 80 2 25 10 43876 0 
46.0082 21.3461 1.28677 0.344171 3.09754 80 2 25 10 43877 0 
46.0197 21.3464 1.28713 0.344171 3.09754 80 2 25 10 43878 0 
46.0311 21.3467 1.28749 0.344171 3.09754 80 2 25 10 43879 0 
46.0426 21.3469 1.28786 0.344171 3.09754 80 2 25 10 43880 0 
46.0541 21.3472 1.28822 0.344171 3.09754 80 2 25 10 43881 0 
46.0655 21.3474 1.28858 0.344171 3.09754 80 2 25 10 43882 0 
46.077 21.3477 1.28895 0.344171 3.09754 80 2 25 10 43883 0 
46.0885 21.3479 1.28931 0.344171 3.09754 80 2 25 10 43884 0 
46.1 21.3482 1.28968 0.344171 3.09754 80 2 25 10 43885 0 
46.1114 21.3485 1.29004 0.344171 3.09754 80 2 25 10 43886 0 
46.1229 21.3487 1.29041 0.344171 3.09754 80 2 25 10 43887 0 
46.1344 21.349 1.29077 0.344171 3.09754 80 2 25 10 43888 0 
46.1458 21.3492 1.29114 0.344171 3.09754 80 2 25 10 43889 0 
46.1573 21.3495 1.2915 0.344171 3.09754 80 2 25 10 43890 0 
46.1688 21.3497 1.29187 0.344171 3.09754 80 2 25 10 43891 0 
46.1803 21.35 1.29224 0.344171 3.09754 80 2 25 10 43892 0 
46.1917 21.3503 1.2926 0.344171 3.09754 80 2 25 10 43893 0 
46.2032 21.3505 1.29297 0.344171 3.09754 80 2 25 10 43894 0 
46.2147 21.3508 1.29334 0.344171 3.09754 80 2 25 10 43895 0 
46.2261 21.351 1.2937 0.344171 3.09754 80 2 25 10 43896 0 
46.2376 21.3513 1.29407 0.344171 3.09754 80 2 25 10 43897 0 
46.2491 21.3516 1.29444 0.344171 3.09754 80 2 25 10 43898 0 
46.2605 21.3518 1.29481 0.344171 3.09754 80 2 25 10 43899 0 
46.272 21.3521 1.29518 0.344171 3.09754 80 2 25 10 43900 0 
46.2835 21.3523 1.29554 0.344171 3.09754 80 2 25 10 43901 0 
46.295 21.3526 1.29591 0.344171 3.09754 80 2 25 10 43902 0 
46.3064 21.3529 1.29628 0.344171 3.09754 80 2 25 10 43903 0 
46.3179 21.3531 1.29665 0.344171 3.09754 80 2 25 10 43904 0 
46.3294 21.3534 1.29702 0.344171 3.09754 80 2 25 10 43905 0 
46.3408 21.3536 1.29739 0.344171 3.09754 80 2 25 10 43906 0 
46.3523 21.3539 1.29776 0.344171 3.09754 80 2 25 10 43907 0 
46.3638 21.3542 1.29813 0.344171 3.09754 80 2 25 10 43908 0 
46.3753 21.3544 1.2985 0.344171 3.09754 80 2 25 10 43909 0 
46.3867 21.3547 1.29887 0.344171 3.09754 80 2 25 10 43910 0 
46.3982 21.3549 1.29924 0.344171 3.09754 80 2 25 10 43911 0 
46.4097 21.3552 1.29961 0.344171 3.09754 80 2 25 10 43912 0 
46.4211 21.3555 1.29998 0.344171 3.09754 80 2 25 10 43913 0 
46.4326 21.3557 1.30036 0.344171 3.09754 80 2 25 10 43914 0 
46.4441 21.356 1.30073 0.344171 3.09754 80 2 25 10 43915 0 
46.4556 21.3562 1.3011 0.344171 3.09754 80 2 25 10 43916 0 
46.467 21.3565 1.30147 0.344171 3.09754 80 2 25 10 43917 0 
46.4785 21.3568 1.30185 0.344171 3.09754 80 2 25 10 43918 0 
46.49 21.357 1.30222 0.344171 3.09754 80 2 25 10 43919 0 
46.5014 21.3573 1.30259 0.344171 3.09754 80 2 25 10 43920 0 
46.5129 21.3575 1.30296 0.344171 3.09754 80 2 25 10 43921 0 
46.5244 21.3578 1.30334 0.344171 3.09754 80 2 25 10 43922 0 
46.5358 21.3581 1.30371 0.344171 3.09754 80 2 25 10 43923 0 
46.5473 21.3583 1.30409 0.344171 3.09754 80 2 25 10 43924 0 
46.5588 21.3586 1.30446 0.344171 3.09754 80 2 25 10 43925 0 
46.5703 21.3588 1.30483 0.344171 3.09754 80 2 25 10 43926 0 
46.5817 21.3591 1.30521 0.344171 3.09754 80 2 25 10 43927 0 
46.5932 21.3594 1.30558 0.344171 3.09754 80 2 25 10 43928 0 
46.6047 21.3596 1.30596 0.344171 3.09754 80 2 25 10 43929 0 
46.6161 21.3599 1.30633 0.344171 3.09754 80 2 25 10 43930 0 
46.6276 21.3602 1.30671 0.344171 3.09754 80 2 25 10 43931 0 
46.6391 21.3604 1.30709 0.344171 3.09754 80 2 25 10 43932 0 
46.6506 21.3607 1.30746 0.344171 3.09754 80 2 25 10 43933 0 
46.662 21.3609 1.30784 0.344171 3.09754 80 2 25 10 43934 0 
46.6735 21.3612 1.30821 0.344171 3.09754 80 2 25 10 43935 0 
46.685 21.3615 1.30859 0.344171 3.09754 80 2 25 10 43936 0 
46.6964 21.3617 1.30897 0.344171 3.09754 80 2 25 10 43937 0 
46.7079 21.362 1.30935 0.344171 3.09754 80 2 25 10 43938 0 
46.7194 21.3622 1.30972 0.344171 3.09754 80 2 25 10 43939 0 
46.7309 21.3625 1.3101 0.344171 3.09754 80 2 25 10 43940 0 
46.7423 21.3628 1.31048 0.344171 3.09754 80 2 25 10 43941 0 
46.7538 21.363 1.31086 0.344171 3.09754 80 2 25 10 43942 0 
46.7653 21.3633 1.31124 0.344171 3.09754 80 2 25 10 43943 0 
46.7767 21.3636 1.31162 0.344171 3.09754 80 2 25 10 43944 0 
46.7882 21.3638 1.31199 0.344171 3.09754 80 2 25 10 43945 0 
46.7997 21.3641 1.31237 0.344171 3.09754 80 2 25 10 43946 0 
46.8111 21.3643 1.31275 0.344171 3.09754 80 2 25 10 43947 0 
46.8226 21.3646 1.31313 0.344171 3.09754 80 2 25 10 43948 0 
46.8341 21.3649 1.31351 0.344171 3.09754 80 2 25 10 43949 0 
46.8456 21.3651 1.31389 0.344171 3.09754 80 2 25 10 43950 0 
46.857 21.3654 1.31427 0.344171 3.09754 80 2 25 10 43951 0 
46.8685 21.3657 1.31465 0.344171 3.09754 80 2 25 10 43952 0 
46.88 21.3659 1.31504 0.344171 3.09754 80 2 25 10 43953 0 
46.8914 21.3662 1.31542 0.344171 3.09754 80 2 25 10 43954 0 
46.9029 21.3665 1.3158 0.344171 3.09754 80 2 25 10 43955 0 
46.9144 21.3667 1.31618 0.344171 3.09754 80 2 25 10 43956 0 
46.9259 21.367 1.31656 0.344171 3.09754 80 2 25 10 43957 0 
46.9373 21.3672 1.31694 0.344171 3.09754 80 2 25 10 43958 0 
46.9488 21.3675 1.31733 0.344171 3.09754 80 2 25 10 43959 0 
46.9603 21.3678 1.31771 0.344171 3.09754 80 2 25 10 43960 0 
46.9717 21.368 1.31809 0.344171 3.09754 80 2 25 10 43961 0 
46.9832 21.3683 1.31848 0.344171 3.09754 80 2 25 10 43962 0 
46.9947 21.3686 1.31886 0.344171 3.09754 80 2 25 10 43963 0 
47.0061 21.3688 1.31924 0.344171 3.09754 80 2 25 10 43964 0 
47.0176 21.3691 1.31963 0.344171 3.09754 80 2 25 10 43965 0 
47.0291 21.3693 1.32001 0.344171 3.09754 80 2 25 10 43966 0 
47.0406 21.3696 1.3204 0.344171 3.09754 80 2 25 10 43967 0 
47.052 21.3699 1.32078 0.344171 3.09754 80 2 25 10 43968 0 
47.0635 21.3701 1.32117 0.344171 3.09754 80 2 25 10 43969 0 
47.075 21.3704 1.32155 0.344171 3.09754 80 2 25 10 43970 0 
47.0864 21.3707 1.32194 0.344171 3.09754 80 2 25 10 43971 0 
47.0979 21.3709 1.32232 0.344171 3.09754 80 2 25 10 43972 0 
47.1094 21.3712 1.32271 0.344171 3.09754 80 2 25 10 43973 0 
47.1209 21.3715 1.3231 0.344171 3.09754 80 2 25 10 43974 0 
47.1323 21.3717 1.32348 0.344171 3.09754 80 2 25 10 43975 0 
47.1438 21.372 1.32387 0.344171 3.09754 80 2 25 10 43976 0 
47.1553 21.3723 1.32426 0.344171 3.09754 80 2 25 10 43977 0 
47.1667 21.3725 1.32464 0.344171 3.09754 80 2 25 10 43978 0 
47.1782 21.3728 1.32503 0.344171 3.09754 80 2 25 10 43979 0 
47.1897 21.3731 1.32542 0.344171 3.09754 80 2 25 10 43980 0 
47.2012 21.3733 1.32581 0.344171 3.09754 80 2 25 10 43981 0 
47.2126 21.3736 1.32619 0.344171 3.09754 80 2 25 10 43982 0 
47.2241 21.3739 1.32658 0.344171 3.09754 80 2 25 10 43983 0 
47.2356 21.3741 1.32697 0.344171 3.09754 80 2 25 10 43984 0 
47.247 21.3744 1.32736 0.344171 3.09754 80 2 25 10 43985 0 
47.2585 21.3747 1.32775 0.344171 3.09754 80 2 25 10 43986 0 
47.27 21.3749 1.32814 0.344171 3.09754 80 2 25 10 43987 0 
47.2814 21.3752 1.32853 0.344171 3.09754 80 2 25 10 43988 0 
47.2929 21.3754 1.32892 0.344171 3.09754 80 2 25 10 43989 0 
47.3044 21.3757 1.32931 0.344171 3.09754 80 2 25 10 43990 0 
47.3159 21.376 1.3297 0.344171 3.09754 80 2 25 10 43991 0 
47.3273 21.3762 1.33009 0.344171 3.09754 80 2 25 10 43992 0 
47.3388 21.3765 1.33048 0.344171 3.09754 80 2 25 10 43993 0 
47.3503 21.3768 1.33088 0.344171 3.09754 80 2 25 10 43994 0 
47.3617 21.377 1.33127 0.344171 3.09754 80 2 25 10 43995 0 
47.3732 21.3773 1.33166 0.344171 3.09754 80 2 25 10 43996 0 
47.3847 21.3776 1.33205 0.344171 3.09754 80 2 25 10 43997 0 
47.3962 21.3778 1.33244 0.344171 3.09754 80 2 25 10 43998 0 
47.4076 21.3781 1.33284 0.344171 3.09754 80 2 25 10 43999 0 
47.4191 21.3784 1.33323 0.344171 3.09754 80 2 25 10 44000 0 
47.4306 21.3786 1.33362 0.344171 3.09754 80 2 25 10 44001 0 
47.442 21.3789 1.33402 0.344171 3.09754 80 2 25 10 44002 0 
47.4535 21.3792 1.33441 0.344171 3.09754 80 2 25 10 44003 0 
47.465 21.3794 1.3348 0.344171 3.09754 80 2 25 10 44004 0 
47.4765 21.3797 1.3352 0.344171 3.09754 80 2 25 10 44005 0 
47.4879 21.38 1.33559 0.344171 3.09754 80 2 25 10 44006 0 
47.4994 21.3803 1.33599 0.344171 3.09754 80 2 25 10 44007 0 
47.5109 21.3805 1.33638 0.344171 3.09754 80 2 25 10 44008 0 
47.5223 21.3808 1.33678 0.344171 3.09754 80 2 25 10 44009 0 
47.5338 21.3811 1.33717 0.344171 3.09754 80 2 25 10 44010 0 
47.5453 21.3813 1.33757 0.344171 3.09754 80 2 25 10 44011 0 
47.5567 21.3816 1.33797 0.344171 3.09754 80 2 25 10 44012 0 
47.5682 21.3819 1.33836 0.344171 3.09754 80 2 25 10 44013 0 
47.5797 21.3821 1.33876 0.344171 3.09754 80 2 25 10 44014 0 
47.5912 21.3824 1.33916 0.344171 3.09754 80 2 25 10 44015 0 
47.6026 21.3827 1.33955 0.344171 3.09754 80 2 25 10 44016 0 
47.6141 21.3829 1.33995 0.344171 3.09754 80 2 25 10 44017 0 
47.6256 21.3832 1.34035 0.344171 3.09754 80 2 25 10 44018 0 
47.637 21.3835 1.34075 0.344171 3.09754 80 2 25 10 44019 0 
47.6485 21.3837 1.34114 0.344171 3.09754 80 2 25 10 44020 0 
47.66 21.384 1.34154 0.344171 3.09754 80 2 25 10 44021 0 
47.6715 21.3843 1.34194 0.344171 3.09754 80 2 25 10 44022 0 
47.6829 21.3845 1.34234 0.344171 3.09754 80 2 25 10 44023 0 
47.6944 21.3848 1.34274 0.344171 3.09754 80 2 25 10 44024 0 
47.7059 21.3851 1.34314 0.344171 3.09754 80 2 25 10 44025 0 
47.7173 21.3853 1.34354 0.344171 3.09754 80 2 25 10 44026 0 
47.7288 21.3856 1.34394 0.344171 3.09754 80 2 25 10 44027 0 
47.7403 21.3859 1.34434 0.344171 3.09754 80 2 25 10 44028 0 
47.7518 21.3862 1.34474 0.344171 3.09754 80 2 25 10 44029 0 
47.7632 21.3864 1.34514 0.344171 3.09754 80 2 25 10 44030 0 
47.7747 21.3867 1.34554 0.344171 3.09754 80 2 25 10 44031 0 
47.7862 21.387 1.34595 0.344171 3.09754 80 2 25 10 44032 0 
47.7976 21.3872 1.34635 0.344171 3.09754 80 2 25 10 44033 0 
47.8091 21.3875 1.34675 0.344171 3.09754 80 2 25 10 44034 0 
47.8206 21.3878 1.34715 0.344171 3.09754 80 2 25 10 44035 0 
47.832 21.388 1.34755 0.344171 3.09754 80 2 25 10 44036 0 
47.8435 21.3883 1.34796 0.344171 3.09754 80 2 25 10 44037 0 
47.855 21.3886 1.34836 0.344171 3.09754 80 2 25 10 44038 0 
47.8665 21.3888 1.34876 0.344171 3.09754 80 2 25 10 44039 0 
47.8779 21.3891 1.34917 0.344171 3.09754 80 2 25 10 44040 0 
47.8894 21.3894 1.34957 0.344171 3.09754 80 2 25 10 44041 0 
47.9009 21.3897 1.34997 0.344171 3.09754 80 2 25 10 44042 0 
47.9123 21.3899 1.35038 0.344171 3.09754 80 2 25 10 44043 0 
47.9238 21.3902 1.35078 0.344171 3.09754 80 2 25 10 44044 0 
47.9353 21.3905 1.35119 0.344171 3.09754 80 2 25 10 44045 0 
47.9468 21.3907 1.35159 0.344171 3.09754 80 2 25 10 44046 0 
47.9582 21.391 1.352 0.344171 3.09754 80 2 25 10 44047 0 
47.9697 21.3913 1.35241 0.344171 3.09754 80 2 25 10 44048 0 
47.9812 21.3916 1.35281 0.344171 3.09754 80 2 25 10 44049 0 
47.9926 21.3918 1.35322 0.344171 3.09754 80 2 25 10 44050 0 
48.0041 21.3921 1.35363 0.344171 3.09754 80 2 25 10 44051 0 
48.0156 21.3924 1.35403 0.344171 3.09754 80 2 25 10 44052 0 
48.0271 21.3926 1.35444 0.344171 3.09754 80 2 25 10 44053 0 
48.0385 21.3929 1.35485 0.344171 3.09754 80 2 25 10 44054 0 
48.05 21.3932 1.35525 0.344171 3.09754 80 2 25 10 44055 0 
48.0615 21.3934 1.35566 0.344171 3.09754 80 2 25 10 44056 0 
48.0729 21.3937 1.35607 0.344171 3.09754 80 2 25 10 44057 0 
48.0844 21.394 1.35648 0.344171 3.09754 80 2 25 10 44058 0 
48.0959 21.3943 1.35689 0.344171 3.09754 80 2 25 10 44059 0 
48.1073 21.3945 1.3573 0.344171 3.09754 80 2 25 10 44060 0 
48.1188 21.3948 1.35771 0.344171 3.09754 80 2 25 10 44061 0 
48.1303 21.3951 1.35812 0.344171 3.09754 80 2 25 10 44062 0 
48.1418 21.3953 1.35853 0.344171 3.09754 80 2 25 10 44063 0 
48.1532 21.3956 1.35894 0.344171 3.09754 80 2 25 10 44064 0 
48.1647 21.3959 1.35935 0.344171 3.09754 80 2 25 10 44065 0 
48.1762 21.3962 1.35976 0.344171 3.09754 80 2 25 10 44066 0 
48.1876 21.3964 1.36017 0.344171 3.09754 80 2 25 10 44067 0 
48.1991 21.3967 1.36058 0.344171 3.09754 80 2 25 10 44068 0 
48.2106 21.397 1.36099 0.344171 3.09754 80 2 25 10 44069 0 
48.2221 21.3973 1.3614 0.344171 3.09754 80 2 25 10 44070 0 
48.2335 21.3975 1.36182 0.344171 3.09754 80 2 25 10 44071 0 
48.245 21.3978 1.36223 0.344171 3.09754 80 2 25 10 44072 0 
48.2565 21.3981 1.36264 0.344171 3.09754 80 2 25 10 44073 0 
48.2679 21.3983 1.36306 0.344171 3.09754 80 2 25 10 44074 0 
48.2794 21.3986 1.36347 0.344171 3.09754 80 2 25 10 44075 0 
48.2909 21.3989 1.36388 0.344171 3.09754 80 2 25 10 44076 0 
48.3023 21.3992 1.3643 0.344171 3.09754 80 2 25 10 44077 0 
48.3138 21.3994 1.36471 0.344171 3.09754 80 2 25 10 44078 0 
48.3253 21.3997 1.36512 0.344171 3.09754 80 2 25 10 44079 0 
48.3368 21.4 1.36554 0.344171 3.09754 80 2 25 10 44080 0 
48.3482 21.4003 1.36595 0.344171 3.09754 80 2 25 10 44081 0 
48.3597 21.4005 1.36637 0.344171 3.09754 80 2 25 10 44082 0 
48.3712 21.4008 1.36679 0.344171 3.09754 80 2 25 10 44083 0 
48.3826 21.4011 1.3672 0.344171 3.09754 80 2 25 10 44084 0 
48.3941 21.4014 1.36762 0.344171 3.09754 80 2 25 10 44085 0 
48.4056 21.4016 1.36803 0.344171 3.09754 80 2 25 10 44086 0 
48.4171 21.4019 1.36845 0.344171 3.09754 80 2 25 10 44087 0 
48.4285 21.4022 1.36887 0.344171 3.09754 80 2 25 10 44088 0 
48.44 21.4025 1.36929 0.344171 3.09754 80 2 25 10 44089 0 
48.4515 21.4027 1.3697 0.344171 3.09754 80 2 25 10 44090 0 
48.4629 21.403 1.37012 0.344171 3.09754 80 2 25 10 44091 0 
48.4744 21.4033 1.37054 0.344171 3.09754 80 2 25 10 44092 0 
48.4859 21.4035 1.37096 0.344171 3.09754 80 2 25 10 44093 0 
48.4974 21.4038 1.37138 0.344171 3.09754 80 2 25 10 44094 0 
48.5088 21.4041 1.3718 0.344171 3.09754 80 2 25 10 44095 0 
48.5203 21.4044 1.37221 0.344171 3.09754 80 2 25 10 44096 0 
48.5318 21.4046 1.37263 0.344171 3.09754 80 2 25 10 44097 0 
48.5432 21.4049 1.37305 0.344171 3.09754 80 2 25 10 44098 0 
48.5547 21.4052 1.37347 0.344171 3.09754 80 2 25 10 44099 0 
48.5662 21.4055 1.37389 0.344171 3.09754 80 2 25 10 44100 0 
48.5776 21.4057 1.37432 0.344171 3.09754 80 2 25 10 44101 0 
48.5891 21.406 1.37474 0.344171 3.09754 80 2 25 10 44102 0 
48.6006 21.4063 1.37516 0.344171 3.09754 80 2 25 10 44103 0 
48.6121 21.4066 1.37558 0.344171 3.09754 80 2 25 10 44104 0 
48.6235 21.4068 1.376 0.344171 3.09754 80 2 25 10 44105 0 
48.635 21.4071 1.37642 0.344171 3.09754 80 2 25 10 44106 0 
48.6465 21.4074 1.37685 0.344171 3.09754 80 2 25 10 44107 0 
48.6579 21.4077 1.37727 0.344171 3.09754 80 2 25 10 44108 0 
48.6694 21.4079 1.37769 0.344171 3.09754 80 2 25 10 44109 0 
48.6809 21.4082 1.37812 0.344171 3.09754 80 2 25 10 44110 0 
48.6924 21.4085 1.37854 0.344171 3.09754 80 2 25 10 44111 0 
48.7038 21.4088 1.37896 0.344171 3.09754 80 2 25 10 44112 0 
48.7153 21.4091 1.37939 0.344171 3.09754 80 2 25 10 44113 0 
48.7268 21.4093 1.37981 0.344171 3.09754 80 2 25 10 44114 0 
48.7382 21.4096 1.38024 0.344171 3.09754 80 2 25 10 44115 0 
48.7497 21.4099 1.38066 0.344171 3.09754 80 2 25 10 44116 0 
48.7612 21.4102 1.38109 0.344171 3.09754 80 2 25 10 44117 0 
48.7727 21.4104 1.38151 0.344171 3.09754 80 2 25 10 44118 0 
48.7841 21.4107 1.38194 0.344171 3.09754 80 2 25 10 44119 0 
48.7956 21.411 1.38237 0.344171 3.09754 80 2 25 10 44120 0 
48.8071 21.4113 1.38279 0.344171 3.09754 80 2 25 10 44121 0 
48.8185 21.4115 1.38322 0.344171 3.09754 80 2 25 10 44122 0 
48.83 21.4118 1.38365 0.344171 3.09754 80 2 25 10 44123 0 
48.8415 21.4121 1.38407 0.344171 3.09754 80 2 25 10 44124 0 
48.8529 21.4124 1.3845 0.344171 3.09754 80 2 25 10 44125 0 
48.8644 21.4126 1.38493 0.344171 3.09754 80 2 25 10 44126 0 
48.8759 21.4129 1.38536 0.344171 3.09754 80 2 25 10 44127 0 
48.8874 21.4132 1.38579 0.344171 3.09754 80 2 25 10 44128 0 
48.8988 21.4135 1.38622 0.344171 3.09754 80 2 25 10 44129 0 
48.9103 21.4138 1.38665 0.344171 3.09754 80 2 25 10 44130 0 
48.9218 21.414 1.38708 0.344171 3.09754 80 2 25 10 44131 0 
48.9332 21.4143 1.38751 0.344171 3.09754 80 2 25 10 44132 0 
48.9447 21.4146 1.38794 0.344171 3.09754 80 2 25 10 44133 0 
48.9562 21.4149 1.38837 0.344171 3.09754 80 2 25 10 44134 0 
48.9677 21.4151 1.3888 0.344171 3.09754 80 2 25 10 44135 0 
48.9791 21.4154 1.38923 0.344171 3.09754 80 2 25 10 44136 0 
48.9906 21.4157 1.38966 0.344171 3.09754 80 2 25 10 44137 0 
49.0021 21.416 1.39009 0.344171 3.09754 80 2 25 10 44138 0 
49.0135 21.4163 1.39052 0.344171 3.09754 80 2 25 10 44139 0 
49.025 21.4165 1.39096 0.344171 3.09754 80 2 25 10 44140 0 
49.0365 21.4168 1.39139 0.344171 3.09754 80 2 25 10 44141 0 
49.048 21.4171 1.39182 0.344171 3.09754 80 2 25 10 44142 0 
49.0594 21.4174 1.39225 0.344171 3.09754 80 2 25 10 44143 0 
49.0709 21.4177 1.39269 0.344171 3.09754 80 2 25 10 44144 0 
49.0824 21.4179 1.39312 0.344171 3.09754 80 2 25 10 44145 0 
49.0938 21.4182 1.39356 0.344171 3.09754 80 2 25 10 44146 0 
49.1053 21.4185 1.39399 0.344171 3.09754 80 2 25 10 44147 0 
49.1168 21.4188 1.39442 0.344171 3.09754 80 2 25 10 44148 0 
49.1282 21.419 1.39486 0.344171 3.09754 80 2 25 10 44149 0 
49.1397 21.4193 1.3953 0.344171 3.09754 80 2 25 10 44150 0 
49.1512 21.4196 1.39573 0.344171 3.09754 80 2 25 10 44151 0 
49.1627 21.4199 1.39617 0.344171 3.09754 80 2 25 10 44152 0 
49.1741 21.4202 1.3966 0.344171 3.09754 80 2 25 10 44153 0 
49.1856 21.4204 1.39704 0.344171 3.09754 80 2 25 10 44154 0 
49.1971 21.4207 1.39748 0.344171 3.09754 80 2 25 10 44155 0 
49.2085 21.421 1.39791 0.344171 3.09754 80 2 25 10 44156 0 
49.22 21.4213 1.39835 0.344171 3.09754 80 2 25 10 44157 0 
49.2315 21.4216 1.39879 0.344171 3.09754 80 2 25 10 44158 0 
49.243 21.4218 1.39923 0.344171 3.09754 80 2 25 10 44159 0 
49.2544 21.4221 1.39967 0.344171 3.09754 80 2 25 10 44160 0 
49.2659 21.4224 1.4001 0.344171 3.09754 80 2 25 10 44161 0 
49.2774 21.4227 1.40054 0.344171 3.09754 80 2 25 10 44162 0 
49.2888 21.423 1.40098 0.344171 3.09754 80 2 25 10 44163 0 
49.3003 21.4233 1.40142 0.344171 3.09754 80 2 25 10 44164 0 
49.3118 21.4235 1.40186 0.344171 3.09754 80 2 25 10 44165 0 
49.3232 21.4238 1.4023 0.344171 3.09754 80 2 25 10 44166 0 
49.3347 21.4241 1.40274 0.344171 3.09754 80 2 25 10 44167 0 
49.3462 21.4244 1.40318 0.344171 3.09754 80 2 25 10 44168 0 
49.3577 21.4247 1.40363 0.344171 3.09754 80 2 25 10 44169 0 
49.3691 21.4249 1.40407 0.344171 3.09754 80 2 25 10 44170 0 
49.3806 21.4252 1.40451 0.344171 3.09754 80 2 25 10 44171 0 
49.3921 21.4255 1.40495 0.344171 3.09754 80 2 25 10 44172 0 
49.4035 21.4258 1.40539 0.344171 3.09754 80 2 25 10 44173 0 
49.415 21.4261 1.40584 0.344171 3.09754 80 2 25 10 44174 0 
49.4265 21.4263 1.40628 0.344171 3.09754 80 2 25 10 44175 0 
49.438 21.4266 1.40672 0.344171 3.09754 80 2 25 10 44176 0 
49.4494 21.4269 1.40717 0.344171 3.09754 80 2 25 10 44177 0 
49.4609 21.4272 1.40761 0.344171 3.09754 80 2 25 10 44178 0 
49.4724 21.4275 1.40806 0.344171 3.09754 80 2 25 10 44179 0 
49.4838 21.4277 1.4085 0.344171 3.09754 80 2 25 10 44180 0 
49.4953 21.428 1.40895 0.344171 3.09754 80 2 25 10 44181 0 
49.5068 21.4283 1.40939 0.344171 3.09754 80 2 25 10 44182 0 
49.5183 21.4286 1.40984 0.344171 3.09754 80 2 25 10 44183 0 
49.5297 21.4289 1.41028 0.344171 3.09754 80 2 25 10 44184 0 
49.5412 21.4292 1.41073 0.344171 3.09754 80 2 25 10 44185 0 
49.5527 21.4294 1.41118 0.344171 3.09754 80 2 25 10 44186 0 
49.5641 21.4297 1.41162 0.344171 3.09754 80 2 25 10 44187 0 
49.5756 21.43 1.41207 0.344171 3.09754 80 2 25 10 44188 0 
49.5871 21.4303 1.41252 0.344171 3.09754 80 2 25 10 44189 0 
49.5985 21.4306 1.41296 0.344171 3.09754 80 2 25 10 44190 0 
49.61 21.4309 1.41341 0.344171 3.09754 80 2 25 10 44191 0 
49.6215 21.4311 1.41386 0.344171 3.09754 80 2 25 10 44192 0 
49.6329 21.4314 1.41431 0.344171 3.09754 80 2 25 10 44193 0 
49.6444 21.4317 1.41476 0.344171 3.09754 80 2 25 10 44194 0 
49.6559 21.432 1.41521 0.344171 3.09754 80 2 25 10 44195 0 
49.6673 21.4323 1.41566 0.344171 3.09754 80 2 25 10 44196 0 
49.6788 21.4326 1.41611 0.344171 3.09754 80 2 25 10 44197 0 
49.6903 21.4328 1.41656 0.344171 3.09754 80 2 25 10 44198 0 
49.7017 21.4331 1.41701 0.344171 3.09754 80 2 25 10 44199 0 
49.7132 21.4334 1.41746 0.344171 3.09754 80 2 25 10 44200 0 
49.7247 21.4337 1.41791 0.344171 3.09754 80 2 25 10 44201 0 
49.7361 21.434 1.41836 0.344171 3.09754 80 2 25 10 44202 0 
49.7476 21.4343 1.41882 0.344171 3.09754 80 2 25 10 44203 0 
49.7591 21.4345 1.41927 0.344171 3.09754 80 2 25 10 44204 0 
49.7705 21.4348 1.41972 0.344171 3.09754 80 2 25 10 44205 0 
49.782 21.4351 1.42017 0.344171 3.09754 80 2 25 10 44206 0 
49.7935 21.4354 1.42063 0.344171 3.09754 80 2 25 10 44207 0 
49.8049 21.4357 1.42108 0.344171 3.09754 80 2 25 10 44208 0 
49.8164 21.436 1.42153 0.344171 3.09754 80 2 25 10 44209 0 
49.8279 21.4362 1.42199 0.344171 3.09754 80 2 25 10 44210 0 
49.8393 21.4365 1.42244 0.344171 3.09754 80 2 25 10 44211 0 
49.8508 21.4368 1.4229 0.344171 3.09754 80 2 25 10 44212 0 
49.8623 21.4371 1.42335 0.344171 3.09754 80 2 25 10 44213 0 
49.8737 21.4374 1.42381 0.344171 3.09754 80 2 25 10 44214 0 
49.8852 21.4377 1.42427 0.344171 3.09754 80 2 25 10 44215 0 
49.8967 21.438 1.42472 0.344171 3.09754 80 2 25 10 44216 0 
49.9081 21.4382 1.42518 0.344171 3.09754 80 2 25 10 44217 0 
49.9196 21.4385 1.42563 0.344171 3.09754 80 2 25 10 44218 0 
49.9311 21.4388 1.42609 0.344171 3.09754 80 2 25 10 44219 0 
49.9425 21.4391 1.42655 0.344171 3.09754 80 2 25 10 44220 0 
49.954 21.4394 1.42701 0.344171 3.09754 80 2 25 10 44221 0 
49.9655 21.4397 1.42747 0.344171 3.09754 80 2 25 10 44222 0 
49.9769 21.44 1.42792 0.344171 3.09754 80 2 25 10 44223 0 
49.9884 21.4402 1.42838 0.344171 3.09754 80 2 25 10 44224 0 
49.9999 21.4405 1.42884 0.344171 3.09754 80 2 25 10 44225 0 
50.0113 21.4408 1.4293 0.344171 3.09754 80 2 25 10 44226 0 
50.0228 21.4411 1.42976 0.344171 3.09754 80 2 25 10 44227 0 
50.0343 21.4414 1.43022 0.344171 3.09754 80 2 25 10 44228 0 
50.0457 21.4417 1.43068 0.344171 3.09754 80 2 25 10 44229 0 
50.0572 21.442 1.43114 0.344171 3.09754 80 2 25 10 44230 0 
50.0687 21.4422 1.4316 0.344171 3.09754 80 2 25 10 44231 0 
50.0801 21.4425 1.43207 0.344171 3.09754 80 2 25 10 44232 0 
50.0916 21.4428 1.43253 0.344171 3.09754 80 2 25 10 44233 0 
50.1031 21.4431 1.43299 0.344171 3.09754 80 2 25 10 44234 0 
50.1145 21.4434 1.43345 0.344171 3.09754 80 2 25 10 44235 0 
50.126 21.4437 1.43392 0.344171 3.09754 80 2 25 10 44236 0 
50.1375 21.444 1.43438 0.344171 3.09754 80 2 25 10 44237 0 
50.1489 21.4443 1.43484 0.344171 3.09754 80 2 25 10 44238 0 
50.1604 21.4445 1.43531 0.344171 3.09754 80 2 25 10 44239 0 
50.1719 21.4448 1.43577 0.344171 3.09754 80 2 25 10 44240 0 
50.1833 21.4451 1.43623 0.344171 3.09754 80 2 25 10 44241 0 
50.1948 21.4454 1.4367 0.344171 3.09754 80 2 25 10 44242 0 
50.2063 21.4457 1.43716 0.344171 3.09754 80 2 25 10 44243 0 
50.2178 21.446 1.43763 0.344171 3.09754 80 2 25 10 44244 0 
50.2292 21.4463 1.4381 0.344171 3.09754 80 2 25 10 44245 0 
50.2407 21.4466 1.43856 0.344171 3.09754 80 2 25 10 44246 0 
50.2522 21.4468 1.43903 0.344171 3.09754 80 2 25 10 44247 0 
50.2636 21.4471 1.4395 0.344171 3.09754 80 2 25 10 44248 0 
50.2751 21.4474 1.43996 0.344171 3.09754 80 2 25 10 44249 0 
50.2866 21.4477 1.44043 0.344171 3.09754 80 2 25 10 44250 0 
50.298 21.448 1.4409 0.344171 3.09754 80 2 25 10 44251 0 
50.3095 21.4483 1.44137 0.344171 3.09754 80 2 25 10 44252 0 
50.321 21.4486 1.44184 0.344171 3.09754 80 2 25 10 44253 0 
50.3324 21.4489 1.4423 0.344171 3.09754 80 2 25 10 44254 0 
50.3439 21.4492 1.44277 0.344171 3.09754 80 2 25 10 44255 0 
50.3554 21.4494 1.44324 0.344171 3.09754 80 2 25 10 44256 0 
50.3668 21.4497 1.44371 0.344171 3.09754 80 2 25 10 44257 0 
50.3783 21.45 1.44418 0.344171 3.09754 80 2 25 10 44258 0 
50.3898 21.4503 1.44465 0.344171 3.09754 80 2 25 10 44259 0 
50.4012 21.4506 1.44512 0.344171 3.09754 80 2 25 10 44260 0 
50.4127 21.4509 1.4456 0.344171 3.09754 80 2 25 10 44261 0 
50.4242 21.4512 1.44607 0.344171 3.09754 80 2 25 10 44262 0 
50.4356 21.4515 1.44654 0.344171 3.09754 80 2 25 10 44263 0 
50.4471 21.4518 1.44701 0.344171 3.09754 80 2 25 10 44264 0 
50.4586 21.452 1.44749 0.344171 3.09754 80 2 25 10 44265 0 
50.47 21.4523 1.44796 0.344171 3.09754 80 2 25 10 44266 0 
50.4815 21.4526 1.44843 0.344171 3.09754 80 2 25 10 44267 0 
50.493 21.4529 1.44891 0.344171 3.09754 80 2 25 10 44268 0 
50.5044 21.4532 1.44938 0.344171 3.09754 80 2 25 10 44269 0 
50.5159 21.4535 1.44985 0.344171 3.09754 80 2 25 10 44270 0 
50.5274 21.4538 1.45033 0.344171 3.09754 80 2 25 10 44271 0 
50.5388 21.4541 1.4508 0.344171 3.09754 80 2 25 10 44272 0 
50.5503 21.4544 1.45128 0.344171 3.09754 80 2 25 10 44273 0 
50.5618 21.4547 1.45176 0.344171 3.09754 80 2 25 10 44274 0 
50.5732 21.4549 1.45223 0.344171 3.09754 80 2 25 10 44275 0 
50.5847 21.4552 1.45271 0.344171 3.09754 80 2 25 10 44276 0 
50.5962 21.4555 1.45319 0.344171 3.09754 80 2 25 10 44277 0 
50.6076 21.4558 1.45366 0.344171 3.09754 80 2 25 10 44278 0 
50.6191 21.4561 1.45414 0.344171 3.09754 80 2 25 10 44279 0 
50.6306 21.4564 1.45462 0.344171 3.09754 80 2 25 10 44280 0 
50.642 21.4567 1.4551 0.344171 3.09754 80 2 25 10 44281 0 
50.6535 21.457 1.45558 0.344171 3.09754 80 2 25 10 44282 0 
50.665 21.4573 1.45605 0.344171 3.09754 80 2 25 10 44283 0 
50.6764 21.4576 1.45653 0.344171 3.09754 80 2 25 10 44284 0 
50.6879 21.4579 1.45701 0.344171 3.09754 80 2 25 10 44285 0 
50.6994 21.4582 1.45749 0.344171 3.09754 80 2 25 10 44286 0 
50.7108 21.4584 1.45797 0.344171 3.09754 80 2 25 10 44287 0 
50.7223 21.4587 1.45845 0.344171 3.09754 80 2 25 10 44288 0 
50.7338 21.459 1.45894 0.344171 3.09754 80 2 25 10 44289 0 
50.7452 21.4593 1.45942 0.344171 3.09754 80 2 25 10 44290 0 
50.7567 21.4596 1.4599 0.344171 3.09754 80 2 25 10 44291 0 
50.7682 21.4599 1.46038 0.344171 3.09754 80 2 25 10 44292 0 
50.7796 21.4602 1.46086 0.344171 3.09754 80 2 25 10 44293 0 
50.7911 21.4605 1.46135 0.344171 3.09754 80 2 25 10 44294 0 
50.8026 21.4608 1.46183 0.344171 3.09754 80 2 25 10 44295 0 
50.814 21.4611 1.46231 0.344171 3.09754 80 2 25 10 44296 0 
50.8255 21.4614 1.4628 0.344171 3.09754 80 2 25 10 44297 0 
50.837 21.4617 1.46328 0.344171 3.09754 80 2 25 10 44298 0 
50.8484 21.4619 1.46377 0.344171 3.09754 80 2 25 10 44299 0 
50.8599 21.4622 1.46425 0.344171 3.09754 80 2 25 10 44300 0 
50.8714 21.4625 1.46474 0.344171 3.09754 80 2 25 10 44301 0 
50.8828 21.4628 1.46522 0.344171 3.09754 80 2 25 10 44302 0 
50.8943 21.4631 1.46571 0.344171 3.09754 80 2 25 10 44303 0 
50.9058 21.4634 1.4662 0.344171 3.09754 80 2 25 10 44304 0 
50.9172 21.4637 1.46668 0.344171 3.09754 80 2 25 10 44305 0 
50.9287 21.464 1.46717 0.344171 3.09754 80 2 25 10 44306 0 
50.9402 21.4643 1.46766 0.344171 3.09754 80 2 25 10 44307 0 
50.9516 21.4646 1.46815 0.344171 3.09754 80 2 25 10 44308 0 
50.9631 21.4649 1.46864 0.344171 3.09754 80 2 25 10 44309 0 
50.9746 21.4652 1.46912 0.344171 3.09754 80 2 25 10 44310 0 
50.986 21.4655 1.46961 0.344171 3.09754 80 2 25 10 44311 0 
50.9975 21.4658 1.4701 0.344171 3.09754 80 2 25 10 44312 0 
51.009 21.4661 1.47059 0.344171 3.09754 80 2 25 10 44313 0 
51.0204 21.4664 1.47108 0.344171 3.09754 80 2 25 10 44314 0 
51.0319 21.4666 1.47157 0.344171 3.09754 80 2 25 10 44315 0 
51.0434 21.4669 1.47206 0.344171 3.09754 80 2 25 10 44316 0 
51.0548 21.4672 1.47256 0.344171 3.09754 80 2 25 10 44317 0 
51.0663 21.4675 1.47305 0.344171 3.09754 80 2 25 10 44318 0 
51.0778 21.4678 1.47354 0.344171 3.09754 80 2 25 10 44319 0 
51.0892 21.4681 1.47403 0.344171 3.09754 80 2 25 10 44320 0 
51.1007 21.4684 1.47452 0.344171 3.09754 80 2 25 10 44321 0 
51.1122 21.4687 1.47502 0.344171 3.09754 80 2 25 10 44322 0 
51.1236 21.469 1.47551 0.344171 3.09754 80 2 25 10 44323 0 
51.1351 21.4693 1.47601 0.344171 3.09754 80 2 25 10 44324 0 
51.1466 21.4696 1.4765 0.344171 3.09754 80 2 25 10 44325 0 
51.158 21.4699 1.47699 0.344171 3.09754 80 2 25 10 44326 0 
51.1695 21.4702 1.47749 0.344171 3.09754 80 2 25 10 44327 0 
51.181 21.4705 1.47798 0.344171 3.09754 80 2 25 10 44328 0 
51.1924 21.4708 1.47848 0.344171 3.09754 80 2 25 10 44329 0 
51.2039 21.4711 1.47898 0.344171 3.09754 80 2 25 10 44330 0 
51.2154 21.4714 1.47947 0.344171 3.09754 80 2 25 10 44331 0 
51.2268 21.4717 1.47997 0.344171 3.09754 80 2 25 10 44332 0 
51.2383 21.472 1.48047 0.344171 3.09754 80 2 25 10 44333 0 
51.2498 21.4723 1.48096 0.344171 3.09754 80 2 25 10 44334 0 
51.2612 21.4726 1.48146 0.344171 3.09754 80 2 25 10 44335 0 
51.2727 21.4729 1.48196 0.344171 3.09754 80 2 25 10 44336 0 
51.2842 21.4732 1.48246 0.344171 3.09754 80 2 25 10 44337 0 
51.2956 21.4735 1.48296 0.344171 3.09754 80 2 25 10 44338 0 
51.3071 21.4737 1.48346 0.344171 3.09754 80 2 25 10 44339 0 
51.3186 21.474 1.48396 0.344171 3.09754 80 2 25 10 44340 0 
51.33 21.4743 1.48446 0.344171 3.09754 80 2 25 10 44341 0 
51.3415 21.4746 1.48496 0.344171 3.09754 80 2 25 10 44342 0 
51.353 21.4749 1.48546 0.344171 3.09754 80 2 25 10 44343 0 
51.3644 21.4752 1.48596 0.344171 3.09754 80 2 25 10 44344 0 
51.3759 21.4755 1.48646 0.344171 3.09754 80 2 25 10 44345 0 
51.3874 21.4758 1.48697 0.344171 3.09754 80 2 25 10 44346 0 
51.3988 21.4761 1.48747 0.344171 3.09754 80 2 25 10 44347 0 
51.4103 21.4764 1.48797 0.344171 3.09754 80 2 25 10 44348 0 
51.4218 21.4767 1.48848 0.344171 3.09754 80 2 25 10 44349 0 
51.4333 21.477 1.48898 0.344171 3.09754 80 2 25 10 44350 0 
51.4447 21.4773 1.48948 0.344171 3.09754 80 2 25 10 44351 0 
51.4562 21.4776 1.48999 0.344171 3.09754 80 2 25 10 44352 0 
51.4677 21.4779 1.49049 0.344171 3.09754 80 2 25 10 44353 0 
51.4791 21.4782 1.491 0.344171 3.09754 80 2 25 10 44354 0 
51.4906 21.4785 1.4915 0.344171 3.09754 80 2 25 10 44355 0 
51.5021 21.4788 1.49201 0.344171 3.09754 80 2 25 10 44356 0 
51.5135 21.4791 1.49252 0.344171 3.09754 80 2 25 10 44357 0 
51.525 21.4794 1.49302 0.344171 3.09754 80 2 25 10 44358 0 
51.5365 21.4797 1.49353 0.344171 3.09754 80 2 25 10 44359 0 
51.5479 21.48 1.49404 0.344171 3.09754 80 2 25 10 44360 0 
51.5594 21.4803 1.49455 0.344171 3.09754 80 2 25 10 44361 0 
51.5709 21.4806 1.49505 0.344171 3.09754 80 2 25 10 44362 0 
51.5823 21.4809 1.49556 0.344171 3.09754 80 2 25 10 44363 0 
51.5938 21.4812 1.49607 0.344171 3.09754 80 2 25 10 44364 0 
51.6053 21.4815 1.49658 0.344171 3.09754 80 2 25 10 44365 0 
51.6167 21.4818 1.49709 0.344171 3.09754 80 2 25 10 44366 0 
51.6282 21.4821 1.4976 0.344171 3.09754 80 2 25 10 44367 0 
51.6397 21.4824 1.49811 0.344171 3.09754 80 2 25 10 44368 0 
51.6511 21.4827 1.49862 0.344171 3.09754 80 2 25 10 44369 0 
51.6626 21.483 1.49913 0.344171 3.09754 80 2 25 10 44370 0 
51.6741 21.4833 1.49965 0.344171 3.09754 80 2 25 10 44371 0 
51.6855 21.4836 1.50016 0.344171 3.09754 80 2 25 10 44372 0 
51.697 21.4839 1.50067 0.344171 3.09754 80 2 25 10 44373 0 
51.7085 21.4842 1.50118 0.344171 3.09754 80 2 25 10 44374 0 
51.7199 21.4845 1.5017 0.344171 3.09754 80 2 25 10 44375 0 
51.7314 21.4848 1.50221 0.344171 3.09754 80 2 25 10 44376 0 
51.7429 21.4851 1.50273 0.344171 3.09754 80 2 25 10 44377 0 
51.7543 21.4854 1.50324 0.344171 3.09754 80 2 25 10 44378 0 
51.7658 21.4857 1.50376 0.344171 3.09754 80 2 25 10 44379 0 
51.7773 21.486 1.50427 0.344171 3.09754 80 2 25 10 44380 0 
51.7887 21.4863 1.50479 0.344171 3.09754 80 2 25 10 44381 0 
51.8002 21.4866 1.5053 0.344171 3.09754 80 2 25 10 44382 0 
51.8117 21.4869 1.50582 0.344171 3.09754 80 2 25 10 44383 0 
51.8231 21.4872 1.50634 0.344171 3.09754 80 2 25 10 44384 0 
51.8346 21.4875 1.50685 0.344171 3.09754 80 2 25 10 44385 0 
51.8461 21.4878 1.50737 0.344171 3.09754 80 2 25 10 44386 0 
51.8575 21.4881 1.50789 0.344171 3.09754 80 2 25 10 44387 0 
51.869 21.4884 1.50841 0.344171 3.09754 80 2 25 10 44388 0 
51.8805 21.4887 1.50893 0.344171 3.09754 80 2 25 10 44389 0 
51.8919 21.489 1.50945 0.344171 3.09754 80 2 25 10 44390 0 
51.9034 21.4893 1.50997 0.344171 3.09754 80 2 25 10 44391 0 
51.9149 21.4896 1.51049 0.344171 3.09754 80 2 25 10 44392 0 
51.9263 21.4899 1.51101 0.344171 3.09754 80 2 25 10 44393 0 
51.9378 21.4902 1.51153 0.344171 3.09754 80 2 25 10 44394 0 
51.9493 21.4905 1.51205 0.344171 3.09754 80 2 25 10 44395 0 
51.9607 21.4908 1.51257 0.344171 3.09754 80 2 25 10 44396 0 
51.9722 21.4911 1.51309 0.344171 3.09754 80 2 25 10 44397 0 
51.9837 21.4914 1.51362 0.344171 3.09754 80 2 25 10 44398 0 
51.9951 21.4918 1.51414 0.344171 3.09754 80 2 25 10 44399 0 
52.0066 21.4921 1.51466 0.344171 3.09754 80 2 25 10 44400 0 
52.0181 21.4924 1.51519 0.344171 3.09754 80 2 25 10 44401 0 
52.0295 21.4927 1.51571 0.344171 3.09754 80 2 25 10 44402 0 
52.041 21.493 1.51624 0.344171 3.09754 80 2 25 10 44403 0 
52.0525 21.4933 1.51676 0.344171 3.09754 80 2 25 10 44404 0 
52.0639 21.4936 1.51729 0.344171 3.09754 80 2 25 10 44405 0 
52.0754 21.4939 1.51781 0.344171 3.09754 80 2 25 10 44406 0 
52.0869 21.4942 1.51834 0.344171 3.09754 80 2 25 10 44407 0 
52.0983 21.4945 1.51887 0.344171 3.09754 80 2 25 10 44408 0 
52.1098 21.4948 1.51939 0.344171 3.09754 80 2 25 10 44409 0 
52.1213 21.4951 1.51992 0.344171 3.09754 80 2 25 10 44410 0 
52.1327 21.4954 1.52045 0.344171 3.09754 80 2 25 10 44411 0 
52.1442 21.4957 1.52098 0.344171 3.09754 80 2 25 10 44412 0 
52.1557 21.496 1.52151 0.344171 3.09754 80 2 25 10 44413 0 
52.1671 21.4963 1.52204 0.344171 3.09754 80 2 25 10 44414 0 
52.1786 21.4966 1.52257 0.344171 3.09754 80 2 25 10 44415 0 
52.1901 21.4969 1.5231 0.344171 3.09754 80 2 25 10 44416 0 
52.2015 21.4972 1.52363 0.344171 3.09754 80 2 25 10 44417 0 
52.213 21.4975 1.52416 0.344171 3.09754 80 2 25 10 44418 0 
52.2245 21.4978 1.52469 0.344171 3.09754 80 2 25 10 44419 0 
52.2359 21.4981 1.52522 0.344171 3.09754 80 2 25 10 44420 0 
52.2474 21.4984 1.52575 0.344171 3.09754 80 2 25 10 44421 0 
52.2589 21.4987 1.52629 0.344171 3.09754 80 2 25 10 44422 0 
52.2703 21.4991 1.52682 0.344171 3.09754 80 2 25 10 44423 0 
52.2818 21.4994 1.52735 0.344171 3.09754 80 2 25 10 44424 0 
52.2933 21.4997 1.52789 0.344171 3.09754 80 2 25 10 44425 0 
52.3047 21.5 1.52842 0.344171 3.09754 80 2 25 10 44426 0 
52.3162 21.5003 1.52895 0.344171 3.09754 80 2 25 10 44427 0 
52.3277 21.5006 1.52949 0.344171 3.09754 80 2 25 10 44428 0 
52.3391 21.5009 1.53003 0.344171 3.09754 80 2 25 10 44429 0 
52.3506 21.5012 1.53056 0.344171 3.09754 80 2 25 10 44430 0 
52.3621 21.5015 1.5311 0.344171 3.09754 80 2 25 10 44431 0 
52.3735 21.5018 1.53163 0.344171 3.09754 80 2 25 10 44432 0 
52.385 21.5021 1.53217 0.344171 3.09754 80 2 25 10 44433 0 
52.3965 21.5024 1.53271 0.344171 3.09754 80 2 25 10 44434 0 
52.4079 21.5027 1.53325 0.344171 3.09754 80 2 25 10 44435 0 
52.4194 21.503 1.53379 0.344171 3.09754 80 2 25 10 44436 0 
52.4309 21.5033 1.53432 0.344171 3.09754 80 2 25 10 44437 0 
52.4423 21.5037 1.53486 0.344171 3.09754 80 2 25 10 44438 0 
52.4538 21.504 1.5354 0.344171 3.09754 80 2 25 10 44439 0 
52.4653 21.5043 1.53594 0.344171 3.09754 80 2 25 10 44440 0 
52.4767 21.5046 1.53648 0.344171 3.09754 80 2 25 10 44441 0 
52.4882 21.5049 1.53703 0.344171 3.09754 80 2 25 10 44442 0 
52.4997 21.5052 1.53757 0.344171 3.09754 80 2 25 10 44443 0 
52.5111 21.5055 1.53811 0.344171 3.09754 80 2 25 10 44444 0 
52.5226 21.5058 1.53865 0.344171 3.09754 80 2 25 10 44445 0 
52.5341 21.5061 1.53919 0.344171 3.09754 80 2 25 10 44446 0 
52.5455 21.5064 1.53974 0.344171 3.09754 80 2 25 10 44447 0 
52.557 21.5067 1.54028 0.344171 3.09754 80 2 25 10 44448 0 
52.5685 21.507 1.54082 0.344171 3.09754 80 2 25 10 44449 0 
52.5799 21.5073 1.54137 0.344171 3.09754 80 2 25 10 44450 0 
52.5914 21.5077 1.54191 0.344171 3.09754 80 2 25 10 44451 0 
52.6029 21.508 1.54246 0.344171 3.09754 80 2 25 10 44452 0 
52.6143 21.5083 1.54301 0.344171 3.09754 80 2 25 10 44453 0 
52.6258 21.5086 1.54355 0.344171 3.09754 80 2 25 10 44454 0 
52.6373 21.5089 1.5441 0.344171 3.09754 80 2 25 10 44455 0 
52.6488 21.5092 1.54465 0.344171 3.09754 80 2 25 10 44456 0 
52.6602 21.5095 1.54519 0.344171 3.09754 80 2 25 10 44457 0 
52.6717 21.5098 1.54574 0.344171 3.09754 80 2 25 10 44458 0 
52.6832 21.5101 1.54629 0.344171 3.09754 80 2 25 10 44459 0 
52.6946 21.5104 1.54684 0.344171 3.09754 80 2 25 10 44460 0 
52.7061 21.5107 1.54739 0.344171 3.09754 80 2 25 10 44461 0 
52.7176 21.5111 1.54794 0.344171 3.09754 80 2 25 10 44462 0 
52.729 21.5114 1.54849 0.344171 3.09754 80 2 25 10 44463 0 
52.7405 21.5117 1.54904 0.344171 3.09754 80 2 25 10 44464 0 
52.752 21.512 1.54959 0.344171 3.09754 80 2 25 10 44465 0 
52.7634 21.5123 1.55014 0.344171 3.09754 80 2 25 10 44466 0 
52.7749 21.5126 1.55069 0.344171 3.09754 80 2 25 10 44467 0 
52.7864 21.5129 1.55124 0.344171 3.09754 80 2 25 10 44468 0 
52.7978 21.5132 1.5518 0.344171 3.09754 80 2 25 10 44469 0 
52.8093 21.5135 1.55235 0.344171 3.09754 80 2 25 10 44470 0 
52.8208 21.5138 1.5529 0.344171 3.09754 80 2 25 10 44471 0 
52.8322 21.5142 1.55346 0.344171 3.09754 80 2 25 10 44472 0 
52.8437 21.5145 1.55401 0.344171 3.09754 80 2 25 10 44473 0 
52.8552 21.5148 1.55457 0.344171 3.09754 80 2 25 10 44474 0 
52.8666 21.5151 1.55512 0.344171 3.09754 80 2 25 10 44475 0 
52.8781 21.5154 1.55568 0.344171 3.09754 80 2 25 10 44476 0 
52.8896 21.5157 1.55624 0.344171 3.09754 80 2 25 10 44477 0 
52.901 21.516 1.55679 0.344171 3.09754 80 2 25 10 44478 0 
52.9125 21.5163 1.55735 0.344171 3.09754 80 2 25 10 44479 0 
52.924 21.5166 1.55791 0.344171 3.09754 80 2 25 10 44480 0 
52.9354 21.517 1.55847 0.344171 3.09754 80 2 25 10 44481 0 
52.9469 21.5173 1.55902 0.344171 3.09754 80 2 25 10 44482 0 
52.9584 21.5176 1.55958 0.344171 3.09754 80 2 25 10 44483 0 
52.9698 21.5179 1.56014 0.344171 3.09754 80 2 25 10 44484 0 
52.9813 21.5182 1.5607 0.344171 3.09754 80 2 25 10 44485 0 
52.9928 21.5185 1.56126 0.344171 3.09754 80 2 25 10 44486 0 
53.0042 21.5188 1.56182 0.344171 3.09754 80 2 25 10 44487 0 
53.0157 21.5191 1.56239 0.344171 3.09754 80 2 25 10 44488 0 
53.0272 21.5195 1.56295 0.344171 3.09754 80 2 25 10 44489 0 
53.0386 21.5198 1.56351 0.344171 3.09754 80 2 25 10 44490 0 
53.0501 21.5201 1.56407 0.344171 3.09754 80 2 25 10 44491 0 
53.0616 21.5204 1.56464 0.344171 3.09754 80 2 25 10 44492 0 
53.073 21.5207 1.5652 0.344171 3.09754 80 2 25 10 44493 0 
53.0845 21.521 1.56576 0.344171 3.09754 80 2 25 10 44494 0 
53.096 21.5213 1.56633 0.344171 3.09754 80 2 25 10 44495 0 
53.1074 21.5217 1.56689 0.344171 3.09754 80 2 25 10 44496 0 
53.1189 21.522 1.56746 0.344171 3.09754 80 2 25 10 44497 0 
53.1304 21.5223 1.56802 0.344171 3.09754 80 2 25 10 44498 0 
53.1418 21.5226 1.56859 0.344171 3.09754 80 2 25 10 44499 0 
53.1533 21.5229 1.56916 0.344171 3.09754 80 2 25 10 44500 0 
53.1648 21.5232 1.56973 0.344171 3.09754 80 2 25 10 44501 0 
53.1762 21.5235 1.57029 0.344171 3.09754 80 2 25 10 44502 0 
53.1877 21.5239 1.57086 0.344171 3.09754 80 2 25 10 44503 0 
53.1992 21.5242 1.57143 0.344171 3.09754 80 2 25 10 44504 0 
53.2106 21.5245 1.572 0.344171 3.09754 80 2 25 10 44505 0 
53.2221 21.5248 1.57257 0.344171 3.09754 80 2 25 10 44506 0 
53.2336 21.5251 1.57314 0.344171 3.09754 80 2 25 10 44507 0 
53.245 21.5254 1.57371 0.344171 3.09754 80 2 25 10 44508 0 
53.2565 21.5257 1.57428 0.344171 3.09754 80 2 25 10 44509 0 
53.268 21.5261 1.57485 0.344171 3.09754 80 2 25 10 44510 0 
53.2794 21.5264 1.57542 0.344171 3.09754 80 2 25 10 44511 0 
53.2909 21.5267 1.576 0.344171 3.09754 80 2 25 10 44512 0 
53.3024 21.527 1.57657 0.344171 3.09754 80 2 25 10 44513 0 
53.3138 21.5273 1.57714 0.344171 3.09754 80 2 25 10 44514 0 
53.3253 21.5276 1.57772 0.344171 3.09754 80 2 25 10 44515 0 
53.3368 21.5279 1.57829 0.344171 3.09754 80 2 25 10 44516 0 
53.3482 21.5283 1.57887 0.344171 3.09754 80 2 25 10 44517 0 
53.3597 21.5286 1.57944 0.344171 3.09754 80 2 25 10 44518 0 
53.3712 21.5289 1.58002 0.344171 3.09754 80 2 25 10 44519 0 
53.3826 21.5292 1.58059 0.344171 3.09754 80 2 25 10 44520 0 
53.3941 21.5295 1.58117 0.344171 3.09754 80 2 25 10 44521 0 
53.4056 21.5298 1.58175 0.344171 3.09754 80 2 25 10 44522 0 
53.417 21.5302 1.58232 0.344171 3.09754 80 2 25 10 44523 0 
53.4285 21.5305 1.5829 0.344171 3.09754 80 2 25 10 44524 0 
53.44 21.5308 1.58348 0.344171 3.09754 80 2 25 10 44525 0 
53.4514 21.5311 1.58406 0.344171 3.09754 80 2 25 10 44526 0 
53.4629 21.5314 1.58464 0.344171 3.09754 80 2 25 10 44527 0 
53.4744 21.5317 1.58522 0.344171 3.09754 80 2 25 10 44528 0 
53.4858 21.5321 1.5858 0.344171 3.09754 80 2 25 10 44529 0 
53.4973 21.5324 1.58638 0.344171 3.09754 80 2 25 10 44530 0 
53.5088 21.5327 1.58696 0.344171 3.09754 80 2 25 10 44531 0 
53.5202 21.533 1.58754 0.344171 3.09754 80 2 25 10 44532 0 
53.5317 21.5333 1.58813 0.344171 3.09754 80 2 25 10 44533 0 
53.5432 21.5337 1.58871 0.344171 3.09754 80 2 25 10 44534 0 
53.5546 21.534 1.58929 0.344171 3.09754 80 2 25 10 44535 0 
53.5661 21.5343 1.58988 0.344171 3.09754 80 2 25 10 44536 0 
53.5776 21.5346 1.59046 0.344171 3.09754 80 2 25 10 44537 0 
53.589 21.5349 1.59104 0.344171 3.09754 80 2 25 10 44538 0 
53.6005 21.5352 1.59163 0.344171 3.09754 80 2 25 10 44539 0 
53.612 21.5356 1.59222 0.344171 3.09754 80 2 25 10 44540 0 
53.6234 21.5359 1.5928 0.344171 3.09754 80 2 25 10 44541 0 
53.6349 21.5362 1.59339 0.344171 3.09754 80 2 25 10 44542 0 
53.6464 21.5365 1.59398 0.344171 3.09754 80 2 25 10 44543 0 
53.6578 21.5368 1.59456 0.344171 3.09754 80 2 25 10 44544 0 
53.6693 21.5372 1.59515 0.344171 3.09754 80 2 25 10 44545 0 
53.6808 21.5375 1.59574 0.344171 3.09754 80 2 25 10 44546 0 
53.6922 21.5378 1.59633 0.344171 3.09754 80 2 25 10 44547 0 
53.7037 21.5381 1.59692 0.344171 3.09754 80 2 25 10 44548 0 
53.7152 21.5384 1.59751 0.344171 3.09754 80 2 25 10 44549 0 
53.7266 21.5388 1.5981 0.344171 3.09754 80 2 25 10 44550 0 
53.7381 21.5391 1.59869 0.344171 3.09754 80 2 25 10 44551 0 
53.7496 21.5394 1.59928 0.344171 3.09754 80 2 25 10 44552 0 
53.761 21.5397 1.59987 0.344171 3.09754 80 2 25 10 44553 0 
53.7725 21.54 1.60047 0.344171 3.09754 80 2 25 10 44554 0 
53.784 21.5404 1.60106 0.344171 3.09754 80 2 25 10 44555 0 
53.7954 21.5407 1.60165 0.344171 3.09754 80 2 25 10 44556 0 
53.8069 21.541 1.60225 0.344171 3.09754 80 2 25 10 44557 0 
53.8184 21.5413 1.60284 0.344171 3.09754 80 2 25 10 44558 0 
53.8298 21.5416 1.60344 0.344171 3.09754 80 2 25 10 44559 0 
53.8413 21.542 1.60403 0.344171 3.09754 80 2 25 10 44560 0 
53.8528 21.5423 1.60463 0.344171 3.09754 80 2 25 10 44561 0 
53.8643 21.5426 1.60523 0.344171 3.09754 80 2 25 10 44562 0 
53.8757 21.5429 1.60582 0.344171 3.09754 80 2 25 10 44563 0 
53.8872 21.5432 1.60642 0.344171 3.09754 80 2 25 10 44564 0 
53.8987 21.5436 1.60702 0.344171 3.09754 80 2 25 10 44565 0 
53.9101 21.5439 1.60762 0.344171 3.09754 80 2 25 10 44566 0 
53.9216 21.5442 1.60822 0.344171 3.09754 80 2 25 10 44567 0 
53.9331 21.5445 1.60882 0.344171 3.09754 80 2 25 10 44568 0 
53.9445 21.5449 1.60942 0.344171 3.09754 80 2 25 10 44569 0 
53.956 21.5452 1.61002 0.344171 3.09754 80 2 25 10 44570 0 
53.9675 21.5455 1.61062 0.344171 3.09754 80 2 25 10 44571 0 
53.9789 21.5458 1.61122 0.344171 3.09754 80 2 25 10 44572 0 
53.9904 21.5461 1.61182 0.344171 3.09754 80 2 25 10 44573 0 
54.0019 21.5465 1.61242 0.344171 3.09754 80 2 25 10 44574 0 
54.0133 21.5468 1.61303 0.344171 3.09754 80 2 25 10 44575 0 
54.0248 21.5471 1.61363 0.344171 3.09754 80 2 25 10 44576 0 
54.0363 21.5474 1.61424 0.344171 3.09754 80 2 25 10 44577 0 
54.0477 21.5478 1.61484 0.344171 3.09754 80 2 25 10 44578 0 
54.0592 21.5481 1.61545 0.344171 3.09754 80 2 25 10 44579 0 
54.0707 21.5484 1.61605 0.344171 3.09754 80 2 25 10 44580 0 
54.0821 21.5487 1.61666 0.344171 3.09754 80 2 25 10 44581 0 
54.0936 21.5491 1.61726 0.344171 3.09754 80 2 25 10 44582 0 
54.1051 21.5494 1.61787 0.344171 3.09754 80 2 25 10 44583 0 
54.1165 21.5497 1.61848 0.344171 3.09754 80 2 25 10 44584 0 
54.128 21.55 1.61909 0.344171 3.09754 80 2 25 10 44585 0 
54.1395 21.5504 1.6197 0.344171 3.09754 80 2 25 10 44586 0 
54.1509 21.5507 1.6203 0.344171 3.09754 80 2 25 10 44587 0 
54.1624 21.551 1.62091 0.344171 3.09754 80 2 25 10 44588 0 
54.1739 21.5513 1.62152 0.344171 3.09754 80 2 25 10 44589 0 
54.1853 21.5516 1.62214 0.344171 3.09754 80 2 25 10 44590 0 
54.1968 21.552 1.62275 0.344171 3.09754 80 2 25 10 44591 0 
54.2083 21.5523 1.62336 0.344171 3.09754 80 2 25 10 44592 0 
54.2197 21.5526 1.62397 0.344171 3.09754 80 2 25 10 44593 0 
54.2312 21.5529 1.62458 0.344171 3.09754 80 2 25 10 44594 0 
54.2427 21.5533 1.6252 0.344171 3.09754 80 2 25 10 44595 0 
54.2541 21.5536 1.62581 0.344171 3.09754 80 2 25 10 44596 0 
54.2656 21.5539 1.62643 0.344171 3.09754 80 2 25 10 44597 0 
54.2771 21.5543 1.62704 0.344171 3.09754 80 2 25 10 44598 0 
54.2885 21.5546 1.62766 0.344171 3.09754 80 2 25 10 44599 0 
54.3 21.5549 1.62827 0.344171 3.09754 80 2 25 10 44600 0 
54.3115 21.5552 1.62889 0.344171 3.09754 80 2 25 10 44601 0 
54.3229 21.5556 1.62951 0.344171 3.09754 80 2 25 10 44602 0 
54.3344 21.5559 1.63012 0.344171 3.09754 80 2 25 10 44603 0 
54.3459 21.5562 1.63074 0.344171 3.09754 80 2 25 10 44604 0 
54.3573 21.5565 1.63136 0.344171 3.09754 80 2 25 10 44605 0 
54.3688 21.5569 1.63198 0.344171 3.09754 80 2 25 10 44606 0 
54.3803 21.5572 1.6326 0.344171 3.09754 80 2 25 10 44607 0 
54.3917 21.5575 1.63322 0.344171 3.09754 80 2 25 10 44608 0 
54.4032 21.5578 1.63384 0.344171 3.09754 80 2 25 10 44609 0 
54.4147 21.5582 1.63446 0.344171 3.09754 80 2 25 10 44610 0 
54.4261 21.5585 1.63508 0.344171 3.09754 80 2 25 10 44611 0 
54.4376 21.5588 1.63571 0.344171 3.09754 80 2 25 10 44612 0 
54.4491 21.5591 1.63633 0.344171 3.09754 80 2 25 10 44613 0 
54.4605 21.5595 1.63695 0.344171 3.09754 80 2 25 10 44614 0 
54.472 21.5598 1.63758 0.344171 3.09754 80 2 25 10 44615 0 
54.4835 21.5601 1.6382 0.344171 3.09754 80 2 25 10 44616 0 
54.4949 21.5605 1.63883 0.344171 3.09754 80 2 25 10 44617 0 
54.5064 21.5608 1.63945 0.344171 3.09754 80 2 25 10 44618 0 
54.5179 21.5611 1.64008 0.344171 3.09754 80 2 25 10 44619 0 
54.5293 21.5614 1.6407 0.344171 3.09754 80 2 25 10 44620 0 
54.5408 21.5618 1.64133 0.344171 3.09754 80 2 25 10 44621 0 
54.5523 21.5621 1.64196 0.344171 3.09754 80 2 25 10 44622 0 
54.5637 21.5624 1.64259 0.344171 3.09754 80 2 25 10 44623 0 
54.5752 21.5628 1.64322 0.344171 3.09754 80 2 25 10 44624 0 
54.5867 21.5631 1.64385 0.344171 3.09754 80 2 25 10 44625 0 
54.5981 21.5634 1.64448 0.344171 3.09754 80 2 25 10 44626 0 
54.6096 21.5637 1.64511 0.344171 3.09754 80 2 25 10 44627 0 
54.6211 21.5641 1.64574 0.344171 3.09754 80 2 25 10 44628 0 
54.6325 21.5644 1.64637 0.344171 3.09754 80 2 25 10 44629 0 
54.644 21.5647 1.647 0.344171 3.09754 80 2 25 10 44630 0 
54.6555 21.5651 1.64763 0.344171 3.09754 80 2 25 10 44631 0 
54.6669 21.5654 1.64827 0.344171 3.09754 80 2 25 10 44632 0 
54.6784 21.5657 1.6489 0.344171 3.09754 80 2 25 10 44633 0 
54.6899 21.5661 1.64953 0.344171 3.09754 80 2 25 10 44634 0 
54.7013 21.5664 1.65017 0.344171 3.09754 80 2 25 10 44635 0 
54.7128 21.5667 1.6508 0.344171 3.09754 80 2 25 10 44636 0 
54.7243 21.567 1.65144 0.344171 3.09754 80 2 25 10 44637 0 
54.7357 21.5674 1.65208 0.344171 3.09754 80 2 25 10 44638 0 
54.7472 21.5677 1.65271 0.344171 3.09754 80 2 25 10 44639 0 
54.7587 21.568 1.65335 0.344171 3.09754 80 2 25 10 44640 0 
54.7701 21.5684 1.65399 0.344171 3.09754 80 2 25 10 44641 0 
54.7816 21.5687 1.65463 0.344171 3.09754 80 2 25 10 44642 0 
54.7931 21.569 1.65527 0.344171 3.09754 80 2 25 10 44643 0 
54.8045 21.5694 1.65591 0.344171 3.09754 80 2 25 10 44644 0 
54.816 21.5697 1.65655 0.344171 3.09754 80 2 25 10 44645 0 
54.8275 21.57 1.65719 0.344171 3.09754 80 2 25 10 44646 0 
54.8389 21.5704 1.65783 0.344171 3.09754 80 2 25 10 44647 0 
54.8504 21.5707 1.65847 0.344171 3.09754 80 2 25 10 44648 0 
54.8619 21.571 1.65912 0.344171 3.09754 80 2 25 10 44649 0 
54.8733 21.5714 1.65976 0.344171 3.09754 80 2 25 10 44650 0 
54.8848 21.5717 1.6604 0.344171 3.09754 80 2 25 10 44651 0 
54.8963 21.572 1.66105 0.344171 3.09754 80 2 25 10 44652 0 
54.9077 21.5723 1.66169 0.344171 3.09754 80 2 25 10 44653 0 
54.9192 21.5727 1.66234 0.344171 3.09754 80 2 25 10 44654 0 
54.9307 21.573 1.66298 0.344171 3.09754 80 2 25 10 44655 0 
54.9421 21.5733 1.66363 0.344171 3.09754 80 2 25 10 44656 0 
54.9536 21.5737 1.66428 0.344171 3.09754 80 2 25 10 44657 0 
54.9651 21.574 1.66492 0.344171 3.09754 80 2 25 10 44658 0 
54.9765 21.5743 1.66557 0.344171 3.09754 80 2 25 10 44659 0 
54.988 21.5747 1.66622 0.344171 3.09754 80 2 25 10 44660 0 
54.9995 21.575 1.66687 0.344171 3.09754 80 2 25 10 44661 0 
55.0109 21.5753 1.66752 0.344171 3.09754 80 2 25 10 44662 0 
55.0224 21.5757 1.66817 0.344171 3.09754 80 2 25 10 44663 0 
55.0339 21.576 1.66882 0.344171 3.09754 80 2 25 10 44664 0 
55.0453 21.5764 1.66947 0.344171 3.09754 80 2 25 10 44665 0 
55.0568 21.5767 1.67013 0.344171 3.09754 80 2 25 10 44666 0 
55.0683 21.577 1.67078 0.344171 3.09754 80 2 25 10 44667 0 
55.0798 21.5774 1.67143 0.344171 3.09754 80 2 25 10 44668 0 
55.0912 21.5777 1.67209 0.344171 3.09754 80 2 25 10 44669 0 
55.1027 21.578 1.67274 0.344171 3.09754 80 2 25 10 44670 0 
55.1142 21.5784 1.6734 0.344171 3.09754 80 2 25 10 44671 0 
55.1256 21.5787 1.67405 0.344171 3.09754 80 2 25 10 44672 0 
55.1371 21.579 1.67471 0.344171 3.09754 80 2 25 10 44673 0 
55.1486 21.5794 1.67536 0.344171 3.09754 80 2 25 10 44674 0 
55.16 21.5797 1.67602 0.344171 3.09754 80 2 25 10 44675 0 
55.1715 21.58 1.67668 0.344171 3.09754 80 2 25 10 44676 0 
55.183 21.5804 1.67734 0.344171 3.09754 80 2 25 10 44677 0 
55.1944 21.5807 1.678 0.344171 3.09754 80 2 25 10 44678 0 
55.2059 21.581 1.67866 0.344171 3.09754 80 2 25 10 44679 0 
55.2174 21.5814 1.67932 0.344171 3.09754 80 2 25 10 44680 0 
55.2288 21.5817 1.67998 0.344171 3.09754 80 2 25 10 44681 0 
55.2403 21.5821 1.68064 0.344171 3.09754 80 2 25 10 44682 0 
55.2518 21.5824 1.6813 0.344171 3.09754 80 2 25 10 44683 0 
55.2632 21.5827 1.68196 0.344171 3.09754 80 2 25 10 44684 0 
55.2747 21.5831 1.68263 0.344171 3.09754 80 2 25 10 44685 0 
55.2862 21.5834 1.68329 0.344171 3.09754 80 2 25 10 44686 0 
55.2976 21.5837 1.68396 0.344171 3.09754 80 2 25 10 44687 0 
55.3091 21.5841 1.68462 0.344171 3.09754 80 2 25 10 44688 0 
55.3206 21.5844 1.68529 0.344171 3.09754 80 2 25 10 44689 0 
55.332 21.5847 1.68595 0.344171 3.09754 80 2 25 10 44690 0 
55.3435 21.5851 1.68662 0.344171 3.09754 80 2 25 10 44691 0 
55.355 21.5854 1.68729 0.344171 3.09754 80 2 25 10 44692 0 
55.3664 21.5858 1.68796 0.344171 3.09754 80 2 25 10 44693 0 
55.3779 21.5861 1.68862 0.344171 3.09754 80 2 25 10 44694 0 
55.3894 21.5864 1.68929 0.344171 3.09754 80 2 25 10 44695 0 
55.4008 21.5868 1.68996 0.344171 3.09754 80 2 25 10 44696 0 
55.4123 21.5871 1.69063 0.344171 3.09754 80 2 25 10 44697 0 
55.4238 21.5874 1.6913 0.344171 3.09754 80 2 25 10 44698 0 
55.4352 21.5878 1.69198 0.344171 3.09754 80 2 25 10 44699 0 
55.4467 21.5881 1.69265 0.344171 3.09754 80 2 25 10 44700 0 
55.4582 21.5885 1.69332 0.344171 3.09754 80 2 25 10 44701 0 
55.4696 21.5888 1.69399 0.344171 3.09754 80 2 25 10 44702 0 
55.4811 21.5891 1.69467 0.344171 3.09754 80 2 25 10 44703 0 
55.4926 21.5895 1.69534 0.344171 3.09754 80 2 25 10 44704 0 
55.504 21.5898 1.69602 0.344171 3.09754 80 2 25 10 44705 0 
55.5155 21.5902 1.69669 0.344171 3.09754 80 2 25 10 44706 0 
55.527 21.5905 1.69737 0.344171 3.09754 80 2 25 10 44707 0 
55.5384 21.5908 1.69805 0.344171 3.09754 80 2 25 10 44708 0 
55.5499 21.5912 1.69873 0.344171 3.09754 80 2 25 10 44709 0 
55.5614 21.5915 1.6994 0.344171 3.09754 80 2 25 10 44710 0 
55.5728 21.5919 1.70008 0.344171 3.09754 80 2 25 10 44711 0 
55.5843 21.5922 1.70076 0.344171 3.09754 80 2 25 10 44712 0 
55.5958 21.5925 1.70144 0.344171 3.09754 80 2 25 10 44713 0 
55.6072 21.5929 1.70212 0.344171 3.09754 80 2 25 10 44714 0 
55.6187 21.5932 1.7028 0.344171 3.09754 80 2 25 10 44715 0 
55.6302 21.5936 1.70349 0.344171 3.09754 80 2 25 10 44716 0 
55.6416 21.5939 1.70417 0.344171 3.09754 80 2 25 10 44717 0 
55.6531 21.5942 1.70485 0.344171 3.09754 80 2 25 10 44718 0 
55.6646 21.5946 1.70554 0.344171 3.09754 80 2 25 10 44719 0 
55.676 21.5949 1.70622 0.344171 3.09754 80 2 25 10 44720 0 
55.6875 21.5953 1.70691 0.344171 3.09754 80 2 25 10 44721 0 
55.699 21.5956 1.70759 0.344171 3.09754 80 2 25 10 44722 0 
55.7104 21.596 1.70828 0.344171 3.09754 80 2 25 10 44723 0 
55.7219 21.5963 1.70896 0.344171 3.09754 80 2 25 10 44724 0 
55.7334 21.5966 1.70965 0.344171 3.09754 80 2 25 10 44725 0 
55.7448 21.597 1.71034 0.344171 3.09754 80 2 25 10 44726 0 
55.7563 21.5973 1.71103 0.344171 3.09754 80 2 25 10 44727 0 
55.7678 21.5977 1.71172 0.344171 3.09754 80 2 25 10 44728 0 
55.7792 21.598 1.71241 0.344171 3.09754 80 2 25 10 44729 0 
55.7907 21.5984 1.7131 0.344171 3.09754 80 2 25 10 44730 0 
55.8022 21.5987 1.71379 0.344171 3.09754 80 2 25 10 44731 0 
55.8136 21.599 1.71448 0.344171 3.09754 80 2 25 10 44732 0 
55.8251 21.5994 1.71517 0.344171 3.09754 80 2 25 10 44733 0 
55.8366 21.5997 1.71587 0.344171 3.09754 80 2 25 10 44734 0 
55.848 21.6001 1.71656 0.344171 3.09754 80 2 25 10 44735 0 
55.8595 21.6004 1.71725 0.344171 3.09754 80 2 25 10 44736 0 
55.871 21.6008 1.71795 0.344171 3.09754 80 2 25 10 44737 0 
55.8824 21.6011 1.71865 0.344171 3.09754 80 2 25 10 44738 0 
55.8939 21.6014 1.71934 0.344171 3.09754 80 2 25 10 44739 0 
55.9054 21.6018 1.72004 0.344171 3.09754 80 2 25 10 44740 0 
55.9168 21.6021 1.72074 0.344171 3.09754 80 2 25 10 44741 0 
55.9283 21.6025 1.72143 0.344171 3.09754 80 2 25 10 44742 0 
55.9398 21.6028 1.72213 0.344171 3.09754 80 2 25 10 44743 0 
55.9512 21.6032 1.72283 0.344171 3.09754 80 2 25 10 44744 0 
55.9627 21.6035 1.72353 0.344171 3.09754 80 2 25 10 44745 0 
55.9742 21.6039 1.72423 0.344171 3.09754 80 2 25 10 44746 0 
55.9856 21.6042 1.72494 0.344171 3.09754 80 2 25 10 44747 0 
55.9971 21.6045 1.72564 0.344171 3.09754 80 2 25 10 44748 0 
56.0086 21.6049 1.72634 0.344171 3.09754 80 2 25 10 44749 0 
56.02 21.6052 1.72704 0.344171 3.09754 80 2 25 10 44750 0 
56.0315 21.6056 1.72775 0.344171 3.09754 80 2 25 10 44751 0 
56.043 21.6059 1.72845 0.344171 3.09754 80 2 25 10 44752 0 
56.0544 21.6063 1.72916 0.344171 3.09754 80 2 25 10 44753 0 
56.0659 21.6066 1.72986 0.344171 3.09754 80 2 25 10 44754 0 
56.0774 21.607 1.73057 0.344171 3.09754 80 2 25 10 44755 0 
56.0888 21.6073 1.73128 0.344171 3.09754 80 2 25 10 44756 0 
56.1003 21.6077 1.73198 0.344171 3.09754 80 2 25 10 44757 0 
56.1118 21.608 1.73269 0.344171 3.09754 80 2 25 10 44758 0 
56.1232 21.6084 1.7334 0.344171 3.09754 80 2 25 10 44759 0 
56.1347 21.6087 1.73411 0.344171 3.09754 80 2 25 10 44760 0 
56.1462 21.6091 1.73482 0.344171 3.09754 80 2 25 10 44761 0 
56.1576 21.6094 1.73553 0.344171 3.09754 80 2 25 10 44762 0 
56.1691 21.6097 1.73625 0.344171 3.09754 80 2 25 10 44763 0 
56.1806 21.6101 1.73696 0.344171 3.09754 80 2 25 10 44764 0 
56.192 21.6104 1.73767 0.344171 3.09754 80 2 25 10 44765 0 
56.2035 21.6108 1.73838 0.344171 3.09754 80 2 25 10 44766 0 
56.215 21.6111 1.7391 0.344171 3.09754 80 2 25 10 44767 0 
56.2264 21.6115 1.73981 0.344171 3.09754 80 2 25 10 44768 0 
56.2379 21.6118 1.74053 0.344171 3.09754 80 2 25 10 44769 0 
56.2494 21.6122 1.74125 0.344171 3.09754 80 2 25 10 44770 0 
56.2608 21.6125 1.74196 0.344171 3.09754 80 2 25 10 44771 0 
56.2723 21.6129 1.74268 0.344171 3.09754 80 2 25 10 44772 0 
56.2838 21.6132 1.7434 0.344171 3.09754 80 2 25 10 44773 0 
56.2952 21.6136 1.74412 0.344171 3.09754 80 2 25 10 44774 0 
56.3067 21.6139 1.74484 0.344171 3.09754 80 2 25 10 44775 0 
56.3182 21.6143 1.74556 0.344171 3.09754 80 2 25 10 44776 0 
56.3297 21.6146 1.74628 0.344171 3.09754 80 2 25 10 44777 0 
56.3411 21.615 1.747 0.344171 3.09754 80 2 25 10 44778 0 
56.3526 21.6153 1.74772 0.344171 3.09754 80 2 25 10 44779 0 
56.3641 21.6157 1.74845 0.344171 3.09754 80 2 25 10 44780 0 
56.3755 21.616 1.74917 0.344171 3.09754 80 2 25 10 44781 0 
56.387 21.6164 1.7499 0.344171 3.09754 80 2 25 10 44782 0 
56.3985 21.6167 1.75062 0.344171 3.09754 80 2 25 10 44783 0 
56.4099 21.6171 1.75135 0.344171 3.09754 80 2 25 10 44784 0 
56.4214 21.6174 1.75207 0.344171 3.09754 80 2 25 10 44785 0 
56.4329 21.6178 1.7528 0.344171 3.09754 80 2 25 10 44786 0 
56.4443 21.6181 1.75353 0.344171 3.09754 80 2 25 10 44787 0 
56.4558 21.6185 1.75426 0.344171 3.09754 80 2 25 10 44788 0 
56.4673 21.6188 1.75499 0.344171 3.09754 80 2 25 10 44789 0 
56.4787 21.6192 1.75572 0.344171 3.09754 80 2 25 10 44790 0 
56.4902 21.6195 1.75645 0.344171 3.09754 80 2 25 10 44791 0 
56.5017 21.6199 1.75718 0.344171 3.09754 80 2 25 10 44792 0 
56.5131 21.6202 1.75791 0.344171 3.09754 80 2 25 10 44793 0 
56.5246 21.6206 1.75864 0.344171 3.09754 80 2 25 10 44794 0 
56.5361 21.6209 1.75938 0.344171 3.09754 80 2 25 10 44795 0 
56.5475 21.6213 1.76011 0.344171 3.09754 80 2 25 10 44796 0 
56.559 21.6216 1.76084 0.344171 3.09754 80 2 25 10 44797 0 
56.5705 21.622 1.76158 0.344171 3.09754 80 2 25 10 44798 0 
56.5819 21.6224 1.76232 0.344171 3.09754 80 2 25 10 44799 0 
56.5934 21.6227 1.76305 0.344171 3.09754 80 2 25 10 44800 0 
56.6049 21.6231 1.76379 0.344171 3.09754 80 2 25 10 44801 0 
56.6163 21.6234 1.76453 0.344171 3.09754 80 2 25 10 44802 0 
56.6278 21.6238 1.76527 0.344171 3.09754 80 2 25 10 44803 0 
56.6393 21.6241 1.76601 0.344171 3.09754 80 2 25 10 44804 0 
56.6507 21.6245 1.76675 0.344171 3.09754 80 2 25 10 44805 0 
56.6622 21.6248 1.76749 0.344171 3.09754 80 2 25 10 44806 0 
56.6737 21.6252 1.76823 0.344171 3.09754 80 2 25 10 44807 0 
56.6851 21.6255 1.76897 0.344171 3.09754 80 2 25 10 44808 0 
56.6966 21.6259 1.76971 0.344171 3.09754 80 2 25 10 44809 0 
56.7081 21.6262 1.77046 0.344171 3.09754 80 2 25 10 44810 0 
56.7195 21.6266 1.7712 0.344171 3.09754 80 2 25 10 44811 0 
56.731 21.6269 1.77195 0.344171 3.09754 80 2 25 10 44812 0 
56.7425 21.6273 1.77269 0.344171 3.09754 80 2 25 10 44813 0 
56.7539 21.6277 1.77344 0.344171 3.09754 80 2 25 10 44814 0 
56.7654 21.628 1.77419 0.344171 3.09754 80 2 25 10 44815 0 
56.7769 21.6284 1.77494 0.344171 3.09754 80 2 25 10 44816 0 
56.7883 21.6287 1.77568 0.344171 3.09754 80 2 25 10 44817 0 
56.7998 21.6291 1.77643 0.344171 3.09754 80 2 25 10 44818 0 
56.8113 21.6294 1.77718 0.344171 3.09754 80 2 25 10 44819 0 
56.8227 21.6298 1.77793 0.344171 3.09754 80 2 25 10 44820 0 
56.8342 21.6301 1.77869 0.344171 3.09754 80 2 25 10 44821 0 
56.8457 21.6305 1.77944 0.344171 3.09754 80 2 25 10 44822 0 
56.8571 21.6309 1.78019 0.344171 3.09754 80 2 25 10 44823 0 
56.8686 21.6312 1.78094 0.344171 3.09754 80 2 25 10 44824 0 
56.8801 21.6316 1.7817 0.344171 3.09754 80 2 25 10 44825 0 
56.8915 21.6319 1.78245 0.344171 3.09754 80 2 25 10 44826 0 
56.903 21.6323 1.78321 0.344171 3.09754 80 2 25 10 44827 0 
56.9145 21.6326 1.78397 0.344171 3.09754 80 2 25 10 44828 0 
56.9259 21.633 1.78472 0.344171 3.09754 80 2 25 10 44829 0 
56.9374 21.6334 1.78548 0.344171 3.09754 80 2 25 10 44830 0 
56.9489 21.6337 1.78624 0.344171 3.09754 80 2 25 10 44831 0 
56.9603 21.6341 1.787 0.344171 3.09754 80 2 25 10 44832 0 
56.9718 21.6344 1.78776 0.344171 3.09754 80 2 25 10 44833 0 
56.9833 21.6348 1.78852 0.344171 3.09754 80 2 25 10 44834 0 
56.9947 21.6351 1.78928 0.344171 3.09754 80 2 25 10 44835 0 
57.0062 21.6355 1.79005 0.344171 3.09754 80 2 25 10 44836 0 
57.0177 21.6359 1.79081 0.344171 3.09754 80 2 25 10 44837 0 
57.0291 21.6362 1.79157 0.344171 3.09754 80 2 25 10 44838 0 
57.0406 21.6366 1.79234 0.344171 3.09754 80 2 25 10 44839 0 
57.0521 21.6369 1.7931 0.344171 3.09754 80 2 25 10 44840 0 
57.0635 21.6373 1.79387 0.344171 3.09754 80 2 25 10 44841 0 
57.075 21.6377 1.79463 0.344171 3.09754 80 2 25 10 44842 0 
57.0865 21.638 1.7954 0.344171 3.09754 80 2 25 10 44843 0 
57.0979 21.6384 1.79617 0.344171 3.09754 80 2 25 10 44844 0 
57.1094 21.6387 1.79694 0.344171 3.09754 80 2 25 10 44845 0 
57.1209 21.6391 1.79771 0.344171 3.09754 80 2 25 10 44846 0 
57.1323 21.6395 1.79848 0.344171 3.09754 80 2 25 10 44847 0 
57.1438 21.6398 1.79925 0.344171 3.09754 80 2 25 10 44848 0 
57.1553 21.6402 1.80002 0.344171 3.09754 80 2 25 10 44849 0 
57.1667 21.6405 1.8008 0.344171 3.09754 80 2 25 10 44850 0 
57.1782 21.6409 1.80157 0.344171 3.09754 80 2 25 10 44851 0 
57.1897 21.6413 1.80234 0.344171 3.09754 80 2 25 10 44852 0 
57.2011 21.6416 1.80312 0.344171 3.09754 80 2 25 10 44853 0 
57.2126 21.642 1.80389 0.344171 3.09754 80 2 25 10 44854 0 
57.2241 21.6423 1.80467 0.344171 3.09754 80 2 25 10 44855 0 
57.2355 21.6427 1.80545 0.344171 3.09754 80 2 25 10 44856 0 
57.247 21.6431 1.80623 0.344171 3.09754 80 2 25 10 44857 0 
57.2585 21.6434 1.807 0.344171 3.09754 80 2 25 10 44858 0 
57.2699 21.6438 1.80778 0.344171 3.09754 80 2 25 10 44859 0 
57.2814 21.6441 1.80856 0.344171 3.09754 80 2 25 10 44860 0 
57.2929 21.6445 1.80935 0.344171 3.09754 80 2 25 10 44861 0 
57.3043 21.6449 1.81013 0.344171 3.09754 80 2 25 10 44862 0 
57.3158 21.6452 1.81091 0.344171 3.09754 80 2 25 10 44863 0 
57.3273 21.6456 1.81169 0.344171 3.09754 80 2 25 10 44864 0 
57.3387 21.646 1.81248 0.344171 3.09754 80 2 25 10 44865 0 
57.3502 21.6463 1.81326 0.344171 3.09754 80 2 25 10 44866 0 
57.3617 21.6467 1.81405 0.344171 3.09754 80 2 25 10 44867 0 
57.3731 21.647 1.81483 0.344171 3.09754 80 2 25 10 44868 0 
57.3846 21.6474 1.81562 0.344171 3.09754 80 2 25 10 44869 0 
57.3961 21.6478 1.81641 0.344171 3.09754 80 2 25 10 44870 0 
57.4075 21.6481 1.8172 0.344171 3.09754 80 2 25 10 44871 0 
57.419 21.6485 1.81799 0.344171 3.09754 80 2 25 10 44872 0 
57.4305 21.6489 1.81878 0.344171 3.09754 80 2 25 10 44873 0 
57.4419 21.6492 1.81957 0.344171 3.09754 80 2 25 10 44874 0 
57.4534 21.6496 1.82036 0.344171 3.09754 80 2 25 10 44875 0 
57.4649 21.65 1.82115 0.344171 3.09754 80 2 25 10 44876 0 
57.4763 21.6503 1.82195 0.344171 3.09754 80 2 25 10 44877 0 
57.4878 21.6507 1.82274 0.344171 3.09754 80 2 25 10 44878 0 
57.4993 21.6511 1.82353 0.344171 3.09754 80 2 25 10 44879 0 
57.5107 21.6514 1.82433 0.344171 3.09754 80 2 25 10 44880 0 
57.5222 21.6518 1.82513 0.344171 3.09754 80 2 25 10 44881 0 
57.5337 21.6521 1.82592 0.344171 3.09754 80 2 25 10 44882 0 
57.5452 21.6525 1.82672 0.344171 3.09754 80 2 25 10 44883 0 
57.5566 21.6529 1.82752 0.344171 3.09754 80 2 25 10 44884 0 
57.5681 21.6532 1.82832 0.344171 3.09754 80 2 25 10 44885 0 
57.5796 21.6536 1.82912 0.344171 3.09754 80 2 25 10 44886 0 
57.591 21.654 1.82992 0.344171 3.09754 80 2 25 10 44887 0 
57.6025 21.6543 1.83072 0.344171 3.09754 80 2 25 10 44888 0 
57.614 21.6547 1.83153 0.344171 3.09754 80 2 25 10 44889 0 
57.6254 21.6551 1.83233 0.344171 3.09754 80 2 25 10 44890 0 
57.6369 21.6554 1.83313 0.344171 3.09754 80 2 25 10 44891 0 
57.6484 21.6558 1.83394 0.344171 3.09754 80 2 25 10 44892 0 
57.6598 21.6562 1.83475 0.344171 3.09754 80 2 25 10 44893 0 
57.6713 21.6565 1.83555 0.344171 3.09754 80 2 25 10 44894 0 
57.6828 21.6569 1.83636 0.344171 3.09754 80 2 25 10 44895 0 
57.6942 21.6573 1.83717 0.344171 3.09754 80 2 25 10 44896 0 
57.7057 21.6576 1.83798 0.344171 3.09754 80 2 25 10 44897 0 
57.7172 21.658 1.83879 0.344171 3.09754 80 2 25 10 44898 0 
57.7286 21.6584 1.8396 0.344171 3.09754 80 2 25 10 44899 0 
57.7401 21.6588 1.84041 0.344171 3.09754 80 2 25 10 44900 0 
57.7516 21.6591 1.84122 0.344171 3.09754 80 2 25 10 44901 0 
57.763 21.6595 1.84203 0.344171 3.09754 80 2 25 10 44902 0 
57.7745 21.6599 1.84285 0.344171 3.09754 80 2 25 10 44903 0 
57.786 21.6602 1.84366 0.344171 3.09754 80 2 25 10 44904 0 
57.7974 21.6606 1.84448 0.344171 3.09754 80 2 25 10 44905 0 
57.8089 21.661 1.8453 0.344171 3.09754 80 2 25 10 44906 0 
57.8204 21.6613 1.84611 0.344171 3.09754 80 2 25 10 44907 0 
57.8318 21.6617 1.84693 0.344171 3.09754 80 2 25 10 44908 0 
57.8433 21.6621 1.84775 0.344171 3.09754 80 2 25 10 44909 0 
57.8548 21.6624 1.84857 0.344171 3.09754 80 2 25 10 44910 0 
57.8662 21.6628 1.84939 0.344171 3.09754 80 2 25 10 44911 0 
57.8777 21.6632 1.85021 0.344171 3.09754 80 2 25 10 44912 0 
57.8892 21.6636 1.85103 0.344171 3.09754 80 2 25 10 44913 0 
57.9006 21.6639 1.85186 0.344171 3.09754 80 2 25 10 44914 0 
57.9121 21.6643 1.85268 0.344171 3.09754 80 2 25 10 44915 0 
57.9236 21.6647 1.8535 0.344171 3.09754 80 2 25 10 44916 0 
57.935 21.665 1.85433 0.344171 3.09754 80 2 25 10 44917 0 
57.9465 21.6654 1.85516 0.344171 3.09754 80 2 25 10 44918 0 
57.958 21.6658 1.85598 0.344171 3.09754 80 2 25 10 44919 0 
57.9694 21.6662 1.85681 0.344171 3.09754 80 2 25 10 44920 0 
57.9809 21.6665 1.85764 0.344171 3.09754 80 2 25 10 44921 0 
57.9924 21.6669 1.85847 0.344171 3.09754 80 2 25 10 44922 0 
58.0038 21.6673 1.8593 0.344171 3.09754 80 2 25 10 44923 0 
58.0153 21.6676 1.86013 0.344171 3.09754 80 2 25 10 44924 0 
58.0268 21.668 1.86096 0.344171 3.09754 80 2 25 10 44925 0 
58.0382 21.6684 1.8618 0.344171 3.09754 80 2 25 10 44926 0 
58.0497 21.6688 1.86263 0.344171 3.09754 80 2 25 10 44927 0 
58.0612 21.6691 1.86346 0.344171 3.09754 80 2 25 10 44928 0 
58.0726 21.6695 1.8643 0.344171 3.09754 80 2 25 10 44929 0 
58.0841 21.6699 1.86514 0.344171 3.09754 80 2 25 10 44930 0 
58.0956 21.6703 1.86597 0.344171 3.09754 80 2 25 10 44931 0 
58.107 21.6706 1.86681 0.344171 3.09754 80 2 25 10 44932 0 
58.1185 21.671 1.86765 0.344171 3.09754 80 2 25 10 44933 0 
58.13 21.6714 1.86849 0.344171 3.09754 80 2 25 10 44934 0 
58.1414 21.6717 1.86933 0.344171 3.09754 80 2 25 10 44935 0 
58.1529 21.6721 1.87017 0.344171 3.09754 80 2 25 10 44936 0 
58.1644 21.6725 1.87101 0.344171 3.09754 80 2 25 10 44937 0 
58.1758 21.6729 1.87186 0.344171 3.09754 80 2 25 10 44938 0 
58.1873 21.6732 1.8727 0.344171 3.09754 80 2 25 10 44939 0 
58.1988 21.6736 1.87355 0.344171 3.09754 80 2 25 10 44940 0 
58.2102 21.674 1.87439 0.344171 3.09754 80 2 25 10 44941 0 
58.2217 21.6744 1.87524 0.344171 3.09754 80 2 25 10 44942 0 
58.2332 21.6747 1.87608 0.344171 3.09754 80 2 25 10 44943 0 
58.2446 21.6751 1.87693 0.344171 3.09754 80 2 25 10 44944 0 
58.2561 21.6755 1.87778 0.344171 3.09754 80 2 25 10 44945 0 
58.2676 21.6759 1.87863 0.344171 3.09754 80 2 25 10 44946 0 
58.279 21.6762 1.87948 0.344171 3.09754 80 2 25 10 44947 0 
58.2905 21.6766 1.88033 0.344171 3.09754 80 2 25 10 44948 0 
58.302 21.677 1.88119 0.344171 3.09754 80 2 25 10 44949 0 
58.3134 21.6774 1.88204 0.344171 3.09754 80 2 25 10 44950 0 
58.3249 21.6778 1.88289 0.344171 3.09754 80 2 25 10 44951 0 
58.3364 21.6781 1.88375 0.344171 3.09754 80 2 25 10 44952 0 
58.3478 21.6785 1.88461 0.344171 3.09754 80 2 25 10 44953 0 
58.3593 21.6789 1.88546 0.344171 3.09754 80 2 25 10 44954 0 
58.3708 21.6793 1.88632 0.344171 3.09754 80 2 25 10 44955 0 
58.3822 21.6796 1.88718 0.344171 3.09754 80 2 25 10 44956 0 
58.3937 21.68 1.88804 0.344171 3.09754 80 2 25 10 44957 0 
58.4052 21.6804 1.8889 0.344171 3.09754 80 2 25 10 44958 0 
58.4166 21.6808 1.88976 0.344171 3.09754 80 2 25 10 44959 0 
58.4281 21.6812 1.89062 0.344171 3.09754 80 2 25 10 44960 0 
58.4396 21.6815 1.89149 0.344171 3.09754 80 2 25 10 44961 0 
58.451 21.6819 1.89235 0.344171 3.09754 80 2 25 10 44962 0 
58.4625 21.6823 1.89321 0.344171 3.09754 80 2 25 10 44963 0 
58.474 21.6827 1.89408 0.344171 3.09754 80 2 25 10 44964 0 
58.4854 21.683 1.89495 0.344171 3.09754 80 2 25 10 44965 0 
58.4969 21.6834 1.89581 0.344171 3.09754 80 2 25 10 44966 0 
58.5084 21.6838 1.89668 0.344171 3.09754 80 2 25 10 44967 0 
58.5198 21.6842 1.89755 0.344171 3.09754 80 2 25 10 44968 0 
58.5313 21.6846 1.89842 0.344171 3.09754 80 2 25 10 44969 0 
58.5428 21.6849 1.89929 0.344171 3.09754 80 2 25 10 44970 0 
58.5542 21.6853 1.90017 0.344171 3.09754 80 2 25 10 44971 0 
58.5657 21.6857 1.90104 0.344171 3.09754 80 2 25 10 44972 0 
58.5772 21.6861 1.90191 0.344171 3.09754 80 2 25 10 44973 0 
58.5886 21.6865 1.90279 0.344171 3.09754 80 2 25 10 44974 0 
58.6001 21.6868 1.90366 0.344171 3.09754 80 2 25 10 44975 0 
58.6116 21.6872 1.90454 0.344171 3.09754 80 2 25 10 44976 0 
58.623 21.6876 1.90542 0.344171 3.09754 80 2 25 10 44977 0 
58.6345 21.688 1.9063 0.344171 3.09754 80 2 25 10 44978 0 
58.646 21.6884 1.90717 0.344171 3.09754 80 2 25 10 44979 0 
58.6574 21.6888 1.90806 0.344171 3.09754 80 2 25 10 44980 0 
58.6689 21.6891 1.90894 0.344171 3.09754 80 2 25 10 44981 0 
58.6804 21.6895 1.90982 0.344171 3.09754 80 2 25 10 44982 0 
58.6918 21.6899 1.9107 0.344171 3.09754 80 2 25 10 44983 0 
58.7033 21.6903 1.91159 0.344171 3.09754 80 2 25 10 44984 0 
58.7148 21.6907 1.91247 0.344171 3.09754 80 2 25 10 44985 0 
58.7262 21.6911 1.91336 0.344171 3.09754 80 2 25 10 44986 0 
58.7377 21.6914 1.91424 0.344171 3.09754 80 2 25 10 44987 0 
58.7492 21.6918 1.91513 0.344171 3.09754 80 2 25 10 44988 0 
58.7607 21.6922 1.91602 0.344171 3.09754 80 2 25 10 44989 0 
58.7721 21.6926 1.91691 0.344171 3.09754 80 2 25 10 44990 0 
58.7836 21.693 1.9178 0.344171 3.09754 80 2 25 10 44991 0 
58.7951 21.6934 1.91869 0.344171 3.09754 80 2 25 10 44992 0 
58.8065 21.6937 1.91958 0.344171 3.09754 80 2 25 10 44993 0 
58.818 21.6941 1.92047 0.344171 3.09754 80 2 25 10 44994 0 
58.8295 21.6945 1.92137 0.344171 3.09754 80 2 25 10 44995 0 
58.8409 21.6949 1.92226 0.344171 3.09754 80 2 25 10 44996 0 
58.8524 21.6953 1.92316 0.344171 3.09754 80 2 25 10 44997 0 
58.8639 21.6957 1.92406 0.344171 3.09754 80 2 25 10 44998 0 
58.8753 21.696 1.92495 0.344171 3.09754 80 2 25 10 44999 0 
58.8868 21.6964 1.92585 0.344171 3.09754 80 2 25 10 45000 0 
58.8983 21.6968 1.92675 0.344171 3.09754 80 2 25 10 45001 0 
58.9097 21.6972 1.92765 0.344171 3.09754 80 2 25 10 45002 0 
58.9212 21.6976 1.92856 0.344171 3.09754 80 2 25 10 45003 0 
58.9327 21.698 1.92946 0.344171 3.09754 80 2 25 10 45004 0 
58.9441 21.6984 1.93036 0.344171 3.09754 80 2 25 10 45005 0 
58.9556 21.6987 1.93127 0.344171 3.09754 80 2 25 10 45006 0 
58.9671 21.6991 1.93217 0.344171 3.09754 80 2 25 10 45007 0 
58.9785 21.6995 1.93308 0.344171 3.09754 80 2 25 10 45008 0 
58.99 21.6999 1.93399 0.344171 3.09754 80 2 25 10 45009 0 
59.0015 21.7003 1.93489 0.344171 3.09754 80 2 25 10 45010 0 
59.0129 21.7007 1.9358 0.344171 3.09754 80 2 25 10 45011 0 
59.0244 21.7011 1.93671 0.344171 3.09754 80 2 25 10 45012 0 
59.0359 21.7015 1.93762 0.344171 3.09754 80 2 25 10 45013 0 
59.0473 21.7018 1.93854 0.344171 3.09754 80 2 25 10 45014 0 
59.0588 21.7022 1.93945 0.344171 3.09754 80 2 25 10 45015 0 
59.0703 21.7026 1.94036 0.344171 3.09754 80 2 25 10 45016 0 
59.0817 21.703 1.94128 0.344171 3.09754 80 2 25 10 45017 0 
59.0932 21.7034 1.94219 0.344171 3.09754 80 2 25 10 45018 0 
59.1047 21.7038 1.94311 0.344171 3.09754 80 2 25 10 45019 0 
59.1161 21.7042 1.94403 0.344171 3.09754 80 2 25 10 45020 0 
59.1276 21.7046 1.94495 0.344171 3.09754 80 2 25 10 45021 0 
59.1391 21.705 1.94587 0.344171 3.09754 80 2 25 10 45022 0 
59.1505 21.7053 1.94679 0.344171 3.09754 80 2 25 10 45023 0 
59.162 21.7057 1.94771 0.344171 3.09754 80 2 25 10 45024 0 
59.1735 21.7061 1.94863 0.344171 3.09754 80 2 25 10 45025 0 
59.1849 21.7065 1.94956 0.344171 3.09754 80 2 25 10 45026 0 
59.1964 21.7069 1.95048 0.344171 3.09754 80 2 25 10 45027 0 
59.2079 21.7073 1.95141 0.344171 3.09754 80 2 25 10 45028 0 
59.2193 21.7077 1.95234 0.344171 3.09754 80 2 25 10 45029 0 
59.2308 21.7081 1.95326 0.344171 3.09754 80 2 25 10 45030 0 
59.2423 21.7085 1.95419 0.344171 3.09754 80 2 25 10 45031 0 
59.2537 21.7089 1.95512 0.344171 3.09754 80 2 25 10 45032 0 
59.2652 21.7092 1.95605 0.344171 3.09754 80 2 25 10 45033 0 
59.2767 21.7096 1.95699 0.344171 3.09754 80 2 25 10 45034 0 
59.2881 21.71 1.95792 0.344171 3.09754 80 2 25 10 45035 0 
59.2996 21.7104 1.95885 0.344171 3.09754 80 2 25 10 45036 0 
59.3111 21.7108 1.95979 0.344171 3.09754 80 2 25 10 45037 0 
59.3225 21.7112 1.96072 0.344171 3.09754 80 2 25 10 45038 0 
59.334 21.7116 1.96166 0.344171 3.09754 80 2 25 10 45039 0 
59.3455 21.712 1.9626 0.344171 3.09754 80 2 25 10 45040 0 
59.3569 21.7124 1.96354 0.344171 3.09754 80 2 25 10 45041 0 
59.3684 21.7128 1.96448 0.344171 3.09754 80 2 25 10 45042 0 
59.3799 21.7132 1.96542 0.344171 3.09754 80 2 25 10 45043 0 
59.3913 21.7136 1.96636 0.344171 3.09754 80 2 25 10 45044 0 
59.4028 21.714 1.9673 0.344171 3.09754 80 2 25 10 45045 0 
59.4143 21.7144 1.96825 0.344171 3.09754 80 2 25 10 45046 0 
59.4257 21.7147 1.96919 0.344171 3.09754 80 2 25 10 45047 0 
59.4372 21.7151 1.97014 0.344171 3.09754 80 2 25 10 45048 0 
59.4487 21.7155 1.97108 0.344171 3.09754 80 2 25 10 45049 0 
59.4601 21.7159 1.97203 0.344171 3.09754 80 2 25 10 45050 0 
59.4716 21.7163 1.97298 0.344171 3.09754 80 2 25 10 45051 0 
59.4831 21.7167 1.97393 0.344171 3.09754 80 2 25 10 45052 0 
59.4945 21.7171 1.97488 0.344171 3.09754 80 2 25 10 45053 0 
59.506 21.7175 1.97583 0.344171 3.09754 80 2 25 10 45054 0 
59.5175 21.7179 1.97679 0.344171 3.09754 80 2 25 10 45055 0 
59.5289 21.7183 1.97774 0.344171 3.09754 80 2 25 10 45056 0 
59.5404 21.7187 1.9787 0.344171 3.09754 80 2 25 10 45057 0 
59.5519 21.7191 1.97965 0.344171 3.09754 80 2 25 10 45058 0 
59.5633 21.7195 1.98061 0.344171 3.09754 80 2 25 10 45059 0 
59.5748 21.7199 1.98157 0.344171 3.09754 80 2 25 10 45060 0 
59.5863 21.7203 1.98253 0.344171 3.09754 80 2 25 10 45061 0 
59.5977 21.7207 1.98349 0.344171 3.09754 80 2 25 10 45062 0 
59.6092 21.7211 1.98445 0.344171 3.09754 80 2 25 10 45063 0 
59.6207 21.7215 1.98541 0.344171 3.09754 80 2 25 10 45064 0 
59.6321 21.7219 1.98638 0.344171 3.09754 80 2 25 10 45065 0 
59.6436 21.7223 1.98734 0.344171 3.09754 80 2 25 10 45066 0 
59.6551 21.7227 1.98831 0.344171 3.09754 80 2 25 10 45067 0 
59.6665 21.7231 1.98927 0.344171 3.09754 80 2 25 10 45068 0 
59.678 21.7235 1.99024 0.344171 3.09754 80 2 25 10 45069 0 
59.6895 21.7239 1.99121 0.344171 3.09754 80 2 25 10 45070 0 
59.7009 21.7243 1.99218 0.344171 3.09754 80 2 25 10 45071 0 
59.7124 21.7247 1.99315 0.344171 3.09754 80 2 25 10 45072 0 
59.7239 21.7251 1.99412 0.344171 3.09754 80 2 25 10 45073 0 
59.7353 21.7255 1.9951 0.344171 3.09754 80 2 25 10 45074 0 
59.7468 21.7259 1.99607 0.344171 3.09754 80 2 25 10 45075 0 
59.7583 21.7263 1.99705 0.344171 3.09754 80 2 25 10 45076 0 
59.7697 21.7267 1.99802 0.344171 3.09754 80 2 25 10 45077 0 
59.7812 21.7271 1.999 0.344171 3.09754 80 2 25 10 45078 0 
59.7927 21.7275 1.99998 0.344171 3.09754 80 2 25 10 45079 0 
59.8041 21.7279 2.00096 0.344171 3.09754 80 2 25 10 45080 0 
59.8156 21.7283 2.00194 0.344171 3.09754 80 2 25 10 45081 0 
59.8271 21.7287 2.00292 0.344171 3.09754 80 2 25 10 45082 0 
59.8385 21.7291 2.0039 0.344171 3.09754 80 2 25 10 45083 0 
59.85 21.7295 2.00489 0.344171 3.09754 80 2 25 10 45084 0 
59.8615 21.7299 2.00587 0.344171 3.09754 80 2 25 10 45085 0 
59.8729 21.7303 2.00686 0.344171 3.09754 80 2 25 10 45086 0 
59.8844 21.7307 2.00785 0.344171 3.09754 80 2 25 10 45087 0 
59.8959 21.7311 2.00883 0.344171 3.09754 80 2 25 10 45088 0 
59.9073 21.7315 2.00982 0.344171 3.09754 80 2 25 10 45089 0 
59.9188 21.7319 2.01081 0.344171 3.09754 80 2 25 10 45090 0 
59.9303 21.7323 2.01181 0.344171 3.09754 80 2 25 10 45091 0 
59.9417 21.7327 2.0128 0.344171 3.09754 80 2 25 10 45092 0 
59.9532 21.7331 2.01379 0.344171 3.09754 80 2 25 10 45093 0 
59.9647 21.7335 2.01479 0.344171 3.09754 80 2 25 10 45094 0 
59.9762 21.7339 2.01578 0.344171 3.09754 80 2 25 10 45095 0 
59.9876 21.7343 2.01678 0.344171 3.09754 80 2 25 10 45096 0 
59.9991 21.7347 2.01778 0.344171 3.09754 80 2 25 10 45097 0 
60.0106 21.7351 2.01878 0.344171 3.09754 80 2 25 10 45098 0 
60.022 21.7355 2.01978 0.344171 3.09754 80 2 25 10 45099 0 
60.0335 21.7359 2.02078 0.344171 3.09754 80 2 25 10 45100 0 
60.045 21.7363 2.02178 0.344171 3.09754 80 2 25 10 45101 0 
60.0564 21.7367 2.02279 0.344171 3.09754 80 2 25 10 45102 0 
60.0679 21.7371 2.02379 0.344171 3.09754 80 2 25 10 45103 0 
60.0794 21.7375 2.0248 0.344171 3.09754 80 2 25 10 45104 0 
60.0908 21.7379 2.02581 0.344171 3.09754 80 2 25 10 45105 0 
60.1023 21.7383 2.02681 0.344171 3.09754 80 2 25 10 45106 0 
60.1138 21.7387 2.02782 0.344171 3.09754 80 2 25 10 45107 0 
60.1252 21.7391 2.02883 0.344171 3.09754 80 2 25 10 45108 0 
60.1367 21.7396 2.02985 0.344171 3.09754 80 2 25 10 45109 0 
60.1482 21.74 2.03086 0.344171 3.09754 80 2 25 10 45110 0 
60.1596 21.7404 2.03187 0.344171 3.09754 80 2 25 10 45111 0 
60.1711 21.7408 2.03289 0.344171 3.09754 80 2 25 10 45112 0 
60.1826 21.7412 2.0339 0.344171 3.09754 80 2 25 10 45113 0 
60.194 21.7416 2.03492 0.344171 3.09754 80 2 25 10 45114 0 
60.2055 21.742 2.03594 0.344171 3.09754 80 2 25 10 45115 0 
60.217 21.7424 2.03696 0.344171 3.09754 80 2 25 10 45116 0 
60.2284 21.7428 2.03798 0.344171 3.09754 80 2 25 10 45117 0 
60.2399 21.7432 2.039 0.344171 3.09754 80 2 25 10 45118 0 
60.2514 21.7436 2.04003 0.344171 3.09754 80 2 25 10 45119 0 
60.2628 21.744 2.04105 0.344171 3.09754 80 2 25 10 45120 0 
60.2743 21.7444 2.04208 0.344171 3.09754 80 2 25 10 45121 0 
60.2858 21.7449 2.0431 0.344171 3.09754 80 2 25 10 45122 0 
60.2972 21.7453 2.04413 0.344171 3.09754 80 2 25 10 45123 0 
60.3087 21.7457 2.04516 0.344171 3.09754 80 2 25 10 45124 0 
60.3202 21.7461 2.04619 0.344171 3.09754 80 2 25 10 45125 0 
60.3316 21.7465 2.04722 0.344171 3.09754 80 2 25 10 45126 0 
60.3431 21.7469 2.04825 0.344171 3.09754 80 2 25 10 45127 0 
60.3545 21.7473 2.04929 0.344171 3.09754 80 2 25 10 45128 0 
60.366 21.7477 2.05032 0.344171 3.09754 80 2 25 10 45129 0 
60.3775 21.7481 2.05136 0.344171 3.09754 80 2 25 10 45130 0 
60.3889 21.7485 2.05239 0.344171 3.09754 80 2 25 10 45131 0 
60.4004 21.749 2.05343 0.344171 3.09754 80 2 25 10 45132 0 
60.4119 21.7494 2.05447 0.344171 3.09754 80 2 25 10 45133 0 
60.4233 21.7498 2.05551 0.344171 3.09754 80 2 25 10 45134 0 
60.4348 21.7502 2.05656 0.344171 3.09754 80 2 25 10 45135 0 
60.4462 21.7506 2.0576 0.344171 3.09754 80 2 25 10 45136 0 
60.4577 21.751 2.05864 0.344171 3.09754 80 2 25 10 45137 0 
60.4692 21.7514 2.05969 0.344171 3.09754 80 2 25 10 45138 0 
60.4806 21.7518 2.06073 0.344171 3.09754 80 2 25 10 45139 0 
60.4921 21.7522 2.06178 0.344171 3.09754 80 2 25 10 45140 0 
60.5036 21.7527 2.06283 0.344171 3.09754 80 2 25 10 45141 0 
60.515 21.7531 2.06388 0.344171 3.09754 80 2 25 10 45142 0 
60.5265 21.7535 2.06493 0.344171 3.09754 80 2 25 10 45143 0 
60.538 21.7539 2.06599 0.344171 3.09754 80 2 25 10 45144 0 
60.5494 21.7543 2.06704 0.344171 3.09754 80 2 25 10 45145 0 
60.5609 21.7547 2.06809 0.344171 3.09754 80 2 25 10 45146 0 
60.5723 21.7551 2.06915 0.344171 3.09754 80 2 25 10 45147 0 
60.5838 21.7556 2.07021 0.344171 3.09754 80 2 25 10 45148 0 
60.5953 21.756 2.07127 0.344171 3.09754 80 2 25 10 45149 0 
60.6067 21.7564 2.07233 0.344171 3.09754 80 2 25 10 45150 0 
60.6182 21.7568 2.07339 0.344171 3.09754 80 2 25 10 45151 0 
60.6297 21.7572 2.07445 0.344171 3.09754 80 2 25 10 45152 0 
60.6411 21.7576 2.07551 0.344171 3.09754 80 2 25 10 45153 0 
60.6526 21.758 2.07658 0.344171 3.09754 80 2 25 10 45154 0 
60.664 21.7585 2.07764 0.344171 3.09754 80 2 25 10 45155 0 
60.6755 21.7589 2.07871 0.344171 3.09754 80 2 25 10 45156 0 
60.687 21.7593 2.07978 0.344171 3.09754 80 2 25 10 45157 0 
60.6984 21.7597 2.08085 0.344171 3.09754 80 2 25 10 45158 0 
60.7099 21.7601 2.08192 0.344171 3.09754 80 2 25 10 45159 0 
60.7214 21.7605 2.08299 0.344171 3.09754 80 2 25 10 45160 0 
60.7328 21.761 2.08407 0.344171 3.09754 80 2 25 10 45161 0 
60.7443 21.7614 2.08514 0.344171 3.09754 80 2 25 10 45162 0 
60.7558 21.7618 2.08622 0.344171 3.09754 80 2 25 10 45163 0 
60.7672 21.7622 2.08729 0.344171 3.09754 80 2 25 10 45164 0 
60.7787 21.7626 2.08837 0.344171 3.09754 80 2 25 10 45165 0 
60.7901 21.7631 2.08945 0.344171 3.09754 80 2 25 10 45166 0 
60.8016 21.7635 2.09053 0.344171 3.09754 80 2 25 10 45167 0 
60.8131 21.7639 2.09161 0.344171 3.09754 80 2 25 10 45168 0 
60.8245 21.7643 2.0927 0.344171 3.09754 80 2 25 10 45169 0 
60.836 21.7647 2.09378 0.344171 3.09754 80 2 25 10 45170 0 
60.8475 21.7651 2.09487 0.344171 3.09754 80 2 25 10 45171 0 
60.8589 21.7656 2.09596 0.344171 3.09754 80 2 25 10 45172 0 
60.8704 21.766 2.09704 0.344171 3.09754 80 2 25 10 45173 0 
60.8818 21.7664 2.09813 0.344171 3.09754 80 2 25 10 45174 0 
60.8933 21.7668 2.09922 0.344171 3.09754 80 2 25 10 45175 0 
60.9048 21.7672 2.10032 0.344171 3.09754 80 2 25 10 45176 0 
60.9162 21.7677 2.10141 0.344171 3.09754 80 2 25 10 45177 0 
60.9277 21.7681 2.10251 0.344171 3.09754 80 2 25 10 45178 0 
60.9392 21.7685 2.1036 0.344171 3.09754 80 2 25 10 45179 0 
60.9506 21.7689 2.1047 0.344171 3.09754 80 2 25 10 45180 0 
60.9621 21.7693 2.1058 0.344171 3.09754 80 2 25 10 45181 0 
60.9736 21.7698 2.1069 0.344171 3.09754 80 2 25 10 45182 0 
60.985 21.7702 2.108 0.344171 3.09754 80 2 25 10 45183 0 
60.9965 21.7706 2.1091 0.344171 3.09754 80 2 25 10 45184 0 
61.0079 21.771 2.1102 0.344171 3.09754 80 2 25 10 45185 0 
61.0194 21.7715 2.11131 0.344171 3.09754 80 2 25 10 45186 0 
61.0309 21.7719 2.11242 0.344171 3.09754 80 2 25 10 45187 0 
61.0423 21.7723 2.11352 0.344171 3.09754 80 2 25 10 45188 0 
61.0538 21.7727 2.11463 0.344171 3.09754 80 2 25 10 45189 0 
61.0653 21.7731 2.11574 0.344171 3.09754 80 2 25 10 45190 0 
61.0767 21.7736 2.11686 0.344171 3.09754 80 2 25 10 45191 0 
61.0882 21.774 2.11797 0.344171 3.09754 80 2 25 10 45192 0 
61.0996 21.7744 2.11908 0.344171 3.09754 80 2 25 10 45193 0 
61.1111 21.7748 2.1202 0.344171 3.09754 80 2 25 10 45194 0 
61.1226 21.7753 2.12132 0.344171 3.09754 80 2 25 10 45195 0 
61.134 21.7757 2.12243 0.344171 3.09754 80 2 25 10 45196 0 
61.1455 21.7761 2.12355 0.344171 3.09754 80 2 25 10 45197 0 
61.157 21.7765 2.12467 0.344171 3.09754 80 2 25 10 45198 0 
61.1684 21.777 2.1258 0.344171 3.09754 80 2 25 10 45199 0 
61.1799 21.7774 2.12692 0.344171 3.09754 80 2 25 10 45200 0 
61.1914 21.7778 2.12804 0.344171 3.09754 80 2 25 10 45201 0 
61.2028 21.7782 2.12917 0.344171 3.09754 80 2 25 10 45202 0 
61.2143 21.7787 2.1303 0.344171 3.09754 80 2 25 10 45203 0 
61.2257 21.7791 2.13143 0.344171 3.09754 80 2 25 10 45204 0 
61.2372 21.7795 2.13256 0.344171 3.09754 80 2 25 10 45205 0 
61.2487 21.78 2.13369 0.344171 3.09754 80 2 25 10 45206 0 
61.2601 21.7804 2.13482 0.344171 3.09754 80 2 25 10 45207 0 
61.2716 21.7808 2.13596 0.344171 3.09754 80 2 25 10 45208 0 
61.2831 21.7812 2.13709 0.344171 3.09754 80 2 25 10 45209 0 
61.2945 21.7817 2.13823 0.344171 3.09754 80 2 25 10 45210 0 
61.306 21.7821 2.13937 0.344171 3.09754 80 2 25 10 45211 0 
61.3174 21.7825 2.14051 0.344171 3.09754 80 2 25 10 45212 0 
61.3289 21.7829 2.14165 0.344171 3.09754 80 2 25 10 45213 0 
61.3404 21.7834 2.14279 0.344171 3.09754 80 2 25 10 45214 0 
61.3518 21.7838 2.14393 0.344171 3.09754 80 2 25 10 45215 0 
61.3633 21.7842 2.14508 0.344171 3.09754 80 2 25 10 45216 0 
61.3748 21.7847 2.14623 0.344171 3.09754 80 2 25 10 45217 0 
61.3862 21.7851 2.14737 0.344171 3.09754 80 2 25 10 45218 0 
61.3977 21.7855 2.14852 0.344171 3.09754 80 2 25 10 45219 0 
61.4092 21.786 2.14967 0.344171 3.09754 80 2 25 10 45220 0 
61.4206 21.7864 2.15083 0.344171 3.09754 80 2 25 10 45221 0 
61.4321 21.7868 2.15198 0.344171 3.09754 80 2 25 10 45222 0 
61.4435 21.7872 2.15314 0.344171 3.09754 80 2 25 10 45223 0 
61.455 21.7877 2.15429 0.344171 3.09754 80 2 25 10 45224 0 
61.4665 21.7881 2.15545 0.344171 3.09754 80 2 25 10 45225 0 
61.4779 21.7885 2.15661 0.344171 3.09754 80 2 25 10 45226 0 
61.4894 21.789 2.15777 0.344171 3.09754 80 2 25 10 45227 0 
61.5009 21.7894 2.15893 0.344171 3.09754 80 2 25 10 45228 0 
61.5123 21.7898 2.16009 0.344171 3.09754 80 2 25 10 45229 0 
61.5238 21.7903 2.16126 0.344171 3.09754 80 2 25 10 45230 0 
61.5352 21.7907 2.16243 0.344171 3.09754 80 2 25 10 45231 0 
61.5467 21.7911 2.16359 0.344171 3.09754 80 2 25 10 45232 0 
61.5582 21.7916 2.16476 0.344171 3.09754 80 2 25 10 45233 0 
61.5696 21.792 2.16593 0.344171 3.09754 80 2 25 10 45234 0 
61.5811 21.7924 2.1671 0.344171 3.09754 80 2 25 10 45235 0 
61.5926 21.7929 2.16828 0.344171 3.09754 80 2 25 10 45236 0 
61.604 21.7933 2.16945 0.344171 3.09754 80 2 25 10 45237 0 
61.6155 21.7937 2.17063 0.344171 3.09754 80 2 25 10 45238 0 
61.627 21.7942 2.17181 0.344171 3.09754 80 2 25 10 45239 0 
61.6384 21.7946 2.17299 0.344171 3.09754 80 2 25 10 45240 0 
61.6499 21.795 2.17417 0.344171 3.09754 80 2 25 10 45241 0 
61.6613 21.7955 2.17535 0.344171 3.09754 80 2 25 10 45242 0 
61.6728 21.7959 2.17653 0.344171 3.09754 80 2 25 10 45243 0 
61.6843 21.7963 2.17772 0.344171 3.09754 80 2 25 10 45244 0 
61.6957 21.7968 2.1789 0.344171 3.09754 80 2 25 10 45245 0 
61.7072 21.7972 2.18009 0.344171 3.09754 80 2 25 10 45246 0 
61.7187 21.7977 2.18128 0.344171 3.09754 80 2 25 10 45247 0 
61.7301 21.7981 2.18247 0.344171 3.09754 80 2 25 10 45248 0 
61.7416 21.7985 2.18366 0.344171 3.09754 80 2 25 10 45249 0 
61.753 21.799 2.18486 0.344171 3.09754 80 2 25 10 45250 0 
61.7645 21.7994 2.18605 0.344171 3.09754 80 2 25 10 45251 0 
61.776 21.7998 2.18725 0.344171 3.09754 80 2 25 10 45252 0 
61.7874 21.8003 2.18845 0.344171 3.09754 80 2 25 10 45253 0 
61.7989 21.8007 2.18964 0.344171 3.09754 80 2 25 10 45254 0 
61.8104 21.8012 2.19085 0.344171 3.09754 80 2 25 10 45255 0 
61.8218 21.8016 2.19205 0.344171 3.09754 80 2 25 10 45256 0 
61.8333 21.802 2.19325 0.344171 3.09754 80 2 25 10 45257 0 
61.8448 21.8025 2.19446 0.344171 3.09754 80 2 25 10 45258 0 
61.8562 21.8029 2.19566 0.344171 3.09754 80 2 25 10 45259 0 
61.8677 21.8033 2.19687 0.344171 3.09754 80 2 25 10 45260 0 
61.8791 21.8038 2.19808 0.344171 3.09754 80 2 25 10 45261 0 
61.8906 21.8042 2.19929 0.344171 3.09754 80 2 25 10 45262 0 
61.9021 21.8047 2.20051 0.344171 3.09754 80 2 25 10 45263 0 
61.9135 21.8051 2.20172 0.344171 3.09754 80 2 25 10 45264 0 
61.925 21.8055 2.20294 0.344171 3.09754 80 2 25 10 45265 0 
61.9365 21.806 2.20415 0.344171 3.09754 80 2 25 10 45266 0 
61.9479 21.8064 2.20537 0.344171 3.09754 80 2 25 10 45267 0 
61.9594 21.8069 2.20659 0.344171 3.09754 80 2 25 10 45268 0 
61.9708 21.8073 2.20782 0.344171 3.09754 80 2 25 10 45269 0 
61.9823 21.8078 2.20904 0.344171 3.09754 80 2 25 10 45270 0 
61.9938 21.8082 2.21026 0.344171 3.09754 80 2 25 10 45271 0 
62.0052 21.8086 2.21149 0.344171 3.09754 80 2 25 10 45272 0 
62.0167 21.8091 2.21272 0.344171 3.09754 80 2 25 10 45273 0 
62.0282 21.8095 2.21395 0.344171 3.09754 80 2 25 10 45274 0 
62.0396 21.81 2.21518 0.344171 3.09754 80 2 25 10 45275 0 
62.0511 21.8104 2.21641 0.344171 3.09754 80 2 25 10 45276 0 
62.0626 21.8109 2.21765 0.344171 3.09754 80 2 25 10 45277 0 
62.074 21.8113 2.21888 0.344171 3.09754 80 2 25 10 45278 0 
62.0855 21.8117 2.22012 0.344171 3.09754 80 2 25 10 45279 0 
62.0969 21.8122 2.22136 0.344171 3.09754 80 2 25 10 45280 0 
62.1084 21.8126 2.2226 0.344171 3.09754 80 2 25 10 45281 0 
62.1199 21.8131 2.22384 0.344171 3.09754 80 2 25 10 45282 0 
62.1313 21.8135 2.22509 0.344171 3.09754 80 2 25 10 45283 0 
62.1428 21.814 2.22633 0.344171 3.09754 80 2 25 10 45284 0 
62.1543 21.8144 2.22758 0.344171 3.09754 80 2 25 10 45285 0 
62.1657 21.8149 2.22883 0.344171 3.09754 80 2 25 10 45286 0 
62.1772 21.8153 2.23008 0.344171 3.09754 80 2 25 10 45287 0 
62.1886 21.8158 2.23133 0.344171 3.09754 80 2 25 10 45288 0 
62.2001 21.8162 2.23258 0.344171 3.09754 80 2 25 10 45289 0 
62.2116 21.8166 2.23383 0.344171 3.09754 80 2 25 10 45290 0 
62.223 21.8171 2.23509 0.344171 3.09754 80 2 25 10 45291 0 
62.2345 21.8175 2.23635 0.344171 3.09754 80 2 25 10 45292 0 
62.246 21.818 2.23761 0.344171 3.09754 80 2 25 10 45293 0 
62.2574 21.8184 2.23887 0.344171 3.09754 80 2 25 10 45294 0 
62.2689 21.8189 2.24013 0.344171 3.09754 80 2 25 10 45295 0 
62.2804 21.8193 2.2414 0.344171 3.09754 80 2 25 10 45296 0 
62.2918 21.8198 2.24266 0.344171 3.09754 80 2 25 10 45297 0 
62.3033 21.8202 2.24393 0.344171 3.09754 80 2 25 10 45298 0 
62.3147 21.8207 2.2452 0.344171 3.09754 80 2 25 10 45299 0 
62.3262 21.8211 2.24647 0.344171 3.09754 80 2 25 10 45300 0 
62.3377 21.8216 2.24774 0.344171 3.09754 80 2 25 10 45301 0 
62.3491 21.822 2.24902 0.344171 3.09754 80 2 25 10 45302 0 
62.3606 21.8225 2.25029 0.344171 3.09754 80 2 25 10 45303 0 
62.3721 21.8229 2.25157 0.344171 3.09754 80 2 25 10 45304 0 
62.3835 21.8234 2.25285 0.344171 3.09754 80 2 25 10 45305 0 
62.395 21.8238 2.25413 0.344171 3.09754 80 2 25 10 45306 0 
62.4064 21.8243 2.25541 0.344171 3.09754 80 2 25 10 45307 0 
62.4179 21.8247 2.25669 0.344171 3.09754 80 2 25 10 45308 0 
62.4294 21.8252 2.25798 0.344171 3.09754 80 2 25 10 45309 0 
62.4408 21.8256 2.25927 0.344171 3.09754 80 2 25 10 45310 0 
62.4523 21.8261 2.26055 0.344171 3.09754 80 2 25 10 45311 0 
62.4638 21.8265 2.26184 0.344171 3.09754 80 2 25 10 45312 0 
62.4752 21.827 2.26314 0.344171 3.09754 80 2 25 10 45313 0 
62.4867 21.8274 2.26443 0.344171 3.09754 80 2 25 10 45314 0 
62.4982 21.8279 2.26573 0.344171 3.09754 80 2 25 10 45315 0 
62.5096 21.8284 2.26702 0.344171 3.09754 80 2 25 10 45316 0 
62.5211 21.8288 2.26832 0.344171 3.09754 80 2 25 10 45317 0 
62.5325 21.8293 2.26962 0.344171 3.09754 80 2 25 10 45318 0 
62.544 21.8297 2.27092 0.344171 3.09754 80 2 25 10 45319 0 
62.5555 21.8302 2.27223 0.344171 3.09754 80 2 25 10 45320 0 
62.5669 21.8306 2.27353 0.344171 3.09754 80 2 25 10 45321 0 
62.5784 21.8311 2.27484 0.344171 3.09754 80 2 25 10 45322 0 
62.5899 21.8315 2.27615 0.344171 3.09754 80 2 25 10 45323 0 
62.6013 21.832 2.27746 0.344171 3.09754 80 2 25 10 45324 0 
62.6128 21.8325 2.27877 0.344171 3.09754 80 2 25 10 45325 0 
62.6242 21.8329 2.28009 0.344171 3.09754 80 2 25 10 45326 0 
62.6357 21.8334 2.2814 0.344171 3.09754 80 2 25 10 45327 0 
62.6472 21.8338 2.28272 0.344171 3.09754 80 2 25 10 45328 0 
62.6586 21.8343 2.28404 0.344171 3.09754 80 2 25 10 45329 0 
62.6701 21.8347 2.28536 0.344171 3.09754 80 2 25 10 45330 0 
62.6816 21.8352 2.28668 0.344171 3.09754 80 2 25 10 45331 0 
62.693 21.8356 2.288 0.344171 3.09754 80 2 25 10 45332 0 
62.7045 21.8361 2.28933 0.344171 3.09754 80 2 25 10 45333 0 
62.716 21.8366 2.29066 0.344171 3.09754 80 2 25 10 45334 0 
62.7274 21.837 2.29199 0.344171 3.09754 80 2 25 10 45335 0 
62.7389 21.8375 2.29332 0.344171 3.09754 80 2 25 10 45336 0 
62.7503 21.8379 2.29465 0.344171 3.09754 80 2 25 10 45337 0 
62.7618 21.8384 2.29599 0.344171 3.09754 80 2 25 10 45338 0 
62.7733 21.8389 2.29732 0.344171 3.09754 80 2 25 10 45339 0 
62.7847 21.8393 2.29866 0.344171 3.09754 80 2 25 10 45340 0 
62.7962 21.8398 2.3 0.344171 3.09754 80 2 25 10 45341 0 
62.8077 21.8402 2.30134 0.344171 3.09754 80 2 25 10 45342 0 
62.8191 21.8407 2.30269 0.344171 3.09754 80 2 25 10 45343 0 
62.8306 21.8412 2.30403 0.344171 3.09754 80 2 25 10 45344 0 
62.842 21.8416 2.30538 0.344171 3.09754 80 2 25 10 45345 0 
62.8535 21.8421 2.30673 0.344171 3.09754 80 2 25 10 45346 0 
62.865 21.8425 2.30808 0.344171 3.09754 80 2 25 10 45347 0 
62.8764 21.843 2.30943 0.344171 3.09754 80 2 25 10 45348 0 
62.8879 21.8435 2.31078 0.344171 3.09754 80 2 25 10 45349 0 
62.8994 21.8439 2.31214 0.344171 3.09754 80 2 25 10 45350 0 
62.9108 21.8444 2.3135 0.344171 3.09754 80 2 25 10 45351 0 
62.9223 21.8449 2.31486 0.344171 3.09754 80 2 25 10 45352 0 
62.9338 21.8453 2.31622 0.344171 3.09754 80 2 25 10 45353 0 
62.9452 21.8458 2.31758 0.344171 3.09754 80 2 25 10 45354 0 
62.9567 21.8463 2.31894 0.344171 3.09754 80 2 25 10 45355 0 
62.9681 21.8467 2.32031 0.344171 3.09754 80 2 25 10 45356 0 
62.9796 21.8472 2.32168 0.344171 3.09754 80 2 25 10 45357 0 
62.9911 21.8476 2.32305 0.344171 3.09754 80 2 25 10 45358 0 
63.0025 21.8481 2.32442 0.344171 3.09754 80 2 25 10 45359 0 
63.014 21.8486 2.3258 0.344171 3.09754 80 2 25 10 45360 0 
63.0255 21.849 2.32717 0.344171 3.09754 80 2 25 10 45361 0 
63.0369 21.8495 2.32855 0.344171 3.09754 80 2 25 10 45362 0 
63.0484 21.85 2.32993 0.344171 3.09754 80 2 25 10 45363 0 
63.0598 21.8504 2.33131 0.344171 3.09754 80 2 25 10 45364 0 
63.0713 21.8509 2.33269 0.344171 3.09754 80 2 25 10 45365 0 
63.0828 21.8514 2.33408 0.344171 3.09754 80 2 25 10 45366 0 
63.0942 21.8518 2.33546 0.344171 3.09754 80 2 25 10 45367 0 
63.1057 21.8523 2.33685 0.344171 3.09754 80 2 25 10 45368 0 
63.1172 21.8528 2.33824 0.344171 3.09754 80 2 25 10 45369 0 
63.1286 21.8532 2.33964 0.344171 3.09754 80 2 25 10 45370 0 
63.1401 21.8537 2.34103 0.344171 3.09754 80 2 25 10 45371 0 
63.1516 21.8542 2.34243 0.344171 3.09754 80 2 25 10 45372 0 
63.163 21.8547 2.34382 0.344171 3.09754 80 2 25 10 45373 0 
63.1745 21.8551 2.34522 0.344171 3.09754 80 2 25 10 45374 0 
63.1859 21.8556 2.34663 0.344171 3.09754 80 2 25 10 45375 0 
63.1974 21.8561 2.34803 0.344171 3.09754 80 2 25 10 45376 0 
63.2089 21.8565 2.34943 0.344171 3.09754 80 2 25 10 45377 0 
63.2203 21.857 2.35084 0.344171 3.09754 80 2 25 10 45378 0 
63.2318 21.8575 2.35225 0.344171 3.09754 80 2 25 10 45379 0 
63.2433 21.8579 2.35366 0.344171 3.09754 80 2 25 10 45380 0 
63.2547 21.8584 2.35508 0.344171 3.09754 80 2 25 10 45381 0 
63.2662 21.8589 2.35649 0.344171 3.09754 80 2 25 10 45382 0 
63.2776 21.8594 2.35791 0.344171 3.09754 80 2 25 10 45383 0 
63.2891 21.8598 2.35933 0.344171 3.09754 80 2 25 10 45384 0 
63.3006 21.8603 2.36075 0.344171 3.09754 80 2 25 10 45385 0 
63.312 21.8608 2.36217 0.344171 3.09754 80 2 25 10 45386 0 
63.3235 21.8612 2.36359 0.344171 3.09754 80 2 25 10 45387 0 
63.335 21.8617 2.36502 0.344171 3.09754 80 2 25 10 45388 0 
63.3464 21.8622 2.36645 0.344171 3.09754 80 2 25 10 45389 0 
63.3579 21.8627 2.36788 0.344171 3.09754 80 2 25 10 45390 0 
63.3694 21.8631 2.36931 0.344171 3.09754 80 2 25 10 45391 0 
63.3808 21.8636 2.37075 0.344171 3.09754 80 2 25 10 45392 0 
63.3923 21.8641 2.37218 0.344171 3.09754 80 2 25 10 45393 0 
63.4037 21.8646 2.37362 0.344171 3.09754 80 2 25 10 45394 0 
63.4152 21.865 2.37506 0.344171 3.09754 80 2 25 10 45395 0 
63.4267 21.8655 2.3765 0.344171 3.09754 80 2 25 10 45396 0 
63.4381 21.866 2.37795 0.344171 3.09754 80 2 25 10 45397 0 
63.4496 21.8665 2.3794 0.344171 3.09754 80 2 25 10 45398 0 
63.4611 21.8669 2.38084 0.344171 3.09754 80 2 25 10 45399 0 
63.4725 21.8674 2.38229 0.344171 3.09754 80 2 25 10 45400 0 
63.484 21.8679 2.38375 0.344171 3.09754 80 2 25 10 45401 0 
63.4954 21.8684 2.3852 0.344171 3.09754 80 2 25 10 45402 0 
63.5069 21.8689 2.38666 0.344171 3.09754 80 2 25 10 45403 0 
63.5184 21.8693 2.38811 0.344171 3.09754 80 2 25 10 45404 0 
63.5298 21.8698 2.38957 0.344171 3.09754 80 2 25 10 45405 0 
63.5413 21.8703 2.39104 0.344171 3.09754 80 2 25 10 45406 0 
63.5528 21.8708 2.3925 0.344171 3.09754 80 2 25 10 45407 0 
63.5642 21.8712 2.39397 0.344171 3.09754 80 2 25 10 45408 0 
63.5757 21.8717 2.39544 0.344171 3.09754 80 2 25 10 45409 0 
63.5872 21.8722 2.39691 0.344171 3.09754 80 2 25 10 45410 0 
63.5986 21.8727 2.39838 0.344171 3.09754 80 2 25 10 45411 0 
63.6101 21.8732 2.39985 0.344171 3.09754 80 2 25 10 45412 0 
63.6215 21.8736 2.40133 0.344171 3.09754 80 2 25 10 45413 0 
63.633 21.8741 2.40281 0.344171 3.09754 80 2 25 10 45414 0 
63.6445 21.8746 2.40429 0.344171 3.09754 80 2 25 10 45415 0 
63.6559 21.8751 2.40577 0.344171 3.09754 80 2 25 10 45416 0 
63.6674 21.8756 2.40725 0.344171 3.09754 80 2 25 10 45417 0 
63.6789 21.876 2.40874 0.344171 3.09754 80 2 25 10 45418 0 
63.6903 21.8765 2.41023 0.344171 3.09754 80 2 25 10 45419 0 
63.7018 21.877 2.41172 0.344171 3.09754 80 2 25 10 45420 0 
63.7132 21.8775 2.41321 0.344171 3.09754 80 2 25 10 45421 0 
63.7247 21.878 2.41471 0.344171 3.09754 80 2 25 10 45422 0 
63.7362 21.8785 2.41621 0.344171 3.09754 80 2 25 10 45423 0 
63.7476 21.8789 2.41771 0.344171 3.09754 80 2 25 10 45424 0 
63.7591 21.8794 2.41921 0.344171 3.09754 80 2 25 10 45425 0 
63.7706 21.8799 2.42071 0.344171 3.09754 80 2 25 10 45426 0 
63.782 21.8804 2.42222 0.344171 3.09754 80 2 25 10 45427 0 
63.7935 21.8809 2.42372 0.344171 3.09754 80 2 25 10 45428 0 
63.805 21.8814 2.42523 0.344171 3.09754 80 2 25 10 45429 0 
63.8164 21.8819 2.42674 0.344171 3.09754 80 2 25 10 45430 0 
63.8279 21.8823 2.42826 0.344171 3.09754 80 2 25 10 45431 0 
63.8393 21.8828 2.42977 0.344171 3.09754 80 2 25 10 45432 0 
63.8508 21.8833 2.43129 0.344171 3.09754 80 2 25 10 45433 0 
63.8623 21.8838 2.43281 0.344171 3.09754 80 2 25 10 45434 0 
63.8737 21.8843 2.43434 0.344171 3.09754 80 2 25 10 45435 0 
63.8852 21.8848 2.43586 0.344171 3.09754 80 2 25 10 45436 0 
63.8967 21.8853 2.43739 0.344171 3.09754 80 2 25 10 45437 0 
63.9081 21.8857 2.43892 0.344171 3.09754 80 2 25 10 45438 0 
63.9196 21.8862 2.44045 0.344171 3.09754 80 2 25 10 45439 0 
63.931 21.8867 2.44198 0.344171 3.09754 80 2 25 10 45440 0 
63.9425 21.8872 2.44352 0.344171 3.09754 80 2 25 10 45441 0 
63.954 21.8877 2.44505 0.344171 3.09754 80 2 25 10 45442 0 
63.9654 21.8882 2.44659 0.344171 3.09754 80 2 25 10 45443 0 
63.9769 21.8887 2.44814 0.344171 3.09754 80 2 25 10 45444 0 
63.9884 21.8892 2.44968 0.344171 3.09754 80 2 25 10 45445 0 
63.9998 21.8897 2.45123 0.344171 3.09754 80 2 25 10 45446 0 
64.0113 21.8902 2.45277 0.344171 3.09754 80 2 25 10 45447 0 
64.0228 21.8906 2.45433 0.344171 3.09754 80 2 25 10 45448 0 
64.0342 21.8911 2.45588 0.344171 3.09754 80 2 25 10 45449 0 
64.0457 21.8916 2.45743 0.344171 3.09754 80 2 25 10 45450 0 
64.0571 21.8921 2.45899 0.344171 3.09754 80 2 25 10 45451 0 
64.0686 21.8926 2.46055 0.344171 3.09754 80 2 25 10 45452 0 
64.08 21.8931 2.46211 0.344171 3.09754 80 2 25 10 45453 0 
64.0915 21.8936 2.46368 0.344171 3.09754 80 2 25 10 45454 0 
64.103 21.8941 2.46524 0.344171 3.09754 80 2 25 10 45455 0 
64.1144 21.8946 2.46681 0.344171 3.09754 80 2 25 10 45456 0 
64.1259 21.8951 2.46838 0.344171 3.09754 80 2 25 10 45457 0 
64.1373 21.8956 2.46996 0.344171 3.09754 80 2 25 10 45458 0 
64.1488 21.8961 2.47153 0.344171 3.09754 80 2 25 10 45459 0 
64.1603 21.8966 2.47311 0.344171 3.09754 80 2 25 10 45460 0 
64.1717 21.8971 2.47469 0.344171 3.09754 80 2 25 10 45461 0 
64.1832 21.8976 2.47627 0.344171 3.09754 80 2 25 10 45462 0 
64.1946 21.898 2.47785 0.344171 3.09754 80 2 25 10 45463 0 
64.2061 21.8985 2.47944 0.344171 3.09754 80 2 25 10 45464 0 
64.2176 21.899 2.48103 0.344171 3.09754 80 2 25 10 45465 0 
64.229 21.8995 2.48262 0.344171 3.09754 80 2 25 10 45466 0 
64.2405 21.9 2.48421 0.344171 3.09754 80 2 25 10 45467 0 
64.2519 21.9005 2.48581 0.344171 3.09754 80 2 25 10 45468 0 
64.2634 21.901 2.48741 0.344171 3.09754 80 2 25 10 45469 0 
64.2749 21.9015 2.48901 0.344171 3.09754 80 2 25 10 45470 0 
64.2863 21.902 2.49061 0.344171 3.09754 80 2 25 10 45471 0 
64.2978 21.9025 2.49222 0.344171 3.09754 80 2 25 10 45472 0 
64.3092 21.903 2.49382 0.344171 3.09754 80 2 25 10 45473 0 
64.3207 21.9035 2.49543 0.344171 3.09754 80 2 25 10 45474 0 
64.3322 21.904 2.49705 0.344171 3.09754 80 2 25 10 45475 0 
64.3436 21.9045 2.49866 0.344171 3.09754 80 2 25 10 45476 0 
64.3551 21.905 2.50028 0.344171 3.09754 80 2 25 10 45477 0 
64.3665 21.9055 2.5019 0.344171 3.09754 80 2 25 10 45478 0 
64.378 21.906 2.50352 0.344171 3.09754 80 2 25 10 45479 0 
64.3895 21.9065 2.50514 0.344171 3.09754 80 2 25 10 45480 0 
64.4009 21.907 2.50677 0.344171 3.09754 80 2 25 10 45481 0 
64.4124 21.9075 2.50839 0.344171 3.09754 80 2 25 10 45482 0 
64.4238 21.908 2.51003 0.344171 3.09754 80 2 25 10 45483 0 
64.4353 21.9085 2.51166 0.344171 3.09754 80 2 25 10 45484 0 
64.4467 21.909 2.51329 0.344171 3.09754 80 2 25 10 45485 0 
64.4582 21.9095 2.51493 0.344171 3.09754 80 2 25 10 45486 0 
64.4697 21.91 2.51657 0.344171 3.09754 80 2 25 10 45487 0 
64.4811 21.9105 2.51822 0.344171 3.09754 80 2 25 10 45488 0 
64.4926 21.911 2.51986 0.344171 3.09754 80 2 25 10 45489 0 
64.504 21.9116 2.52151 0.344171 3.09754 80 2 25 10 45490 0 
64.5155 21.9121 2.52316 0.344171 3.09754 80 2 25 10 45491 0 
64.527 21.9126 2.52481 0.344171 3.09754 80 2 25 10 45492 0 
64.5384 21.9131 2.52647 0.344171 3.09754 80 2 25 10 45493 0 
64.5499 21.9136 2.52812 0.344171 3.09754 80 2 25 10 45494 0 
64.5613 21.9141 2.52978 0.344171 3.09754 80 2 25 10 45495 0 
64.5728 21.9146 2.53145 0.344171 3.09754 80 2 25 10 45496 0 
64.5843 21.9151 2.53311 0.344171 3.09754 80 2 25 10 45497 0 
64.5957 21.9156 2.53478 0.344171 3.09754 80 2 25 10 45498 0 
64.6072 21.9161 2.53645 0.344171 3.09754 80 2 25 10 45499 0 
64.6186 21.9166 2.53812 0.344171 3.09754 80 2 25 10 45500 0 
64.6301 21.9171 2.53979 0.344171 3.09754 80 2 25 10 45501 0 
64.6416 21.9176 2.54147 0.344171 3.09754 80 2 25 10 45502 0 
64.653 21.9181 2.54315 0.344171 3.09754 80 2 25 10 45503 0 
64.6645 21.9186 2.54483 0.344171 3.09754 80 2 25 10 45504 0 
64.6759 21.9192 2.54652 0.344171 3.09754 80 2 25 10 45505 0 
64.6874 21.9197 2.5482 0.344171 3.09754 80 2 25 10 45506 0 
64.6989 21.9202 2.54989 0.344171 3.09754 80 2 25 10 45507 0 
64.7103 21.9207 2.55159 0.344171 3.09754 80 2 25 10 45508 0 
64.7218 21.9212 2.55328 0.344171 3.09754 80 2 25 10 45509 0 
64.7332 21.9217 2.55498 0.344171 3.09754 80 2 25 10 45510 0 
64.7447 21.9222 2.55668 0.344171 3.09754 80 2 25 10 45511 0 
64.7561 21.9227 2.55838 0.344171 3.09754 80 2 25 10 45512 0 
64.7676 21.9232 2.56009 0.344171 3.09754 80 2 25 10 45513 0 
64.7791 21.9238 2.56179 0.344171 3.09754 80 2 25 10 45514 0 
64.7905 21.9243 2.5635 0.344171 3.09754 80 2 25 10 45515 0 
64.802 21.9248 2.56522 0.344171 3.09754 80 2 25 10 45516 0 
64.8134 21.9253 2.56693 0.344171 3.09754 80 2 25 10 45517 0 
64.8249 21.9258 2.56865 0.344171 3.09754 80 2 25 10 45518 0 
64.8364 21.9263 2.57037 0.344171 3.09754 80 2 25 10 45519 0 
64.8478 21.9268 2.57209 0.344171 3.09754 80 2 25 10 45520 0 
64.8593 21.9274 2.57382 0.344171 3.09754 80 2 25 10 45521 0 
64.8707 21.9279 2.57555 0.344171 3.09754 80 2 25 10 45522 0 
64.8822 21.9284 2.57728 0.344171 3.09754 80 2 25 10 45523 0 
64.8937 21.9289 2.57901 0.344171 3.09754 80 2 25 10 45524 0 
64.9051 21.9294 2.58074 0.344171 3.09754 80 2 25 10 45525 0 
64.9166 21.9299 2.58248 0.344171 3.09754 80 2 25 10 45526 0 
64.928 21.9304 2.58422 0.344171 3.09754 80 2 25 10 45527 0 
64.9395 21.931 2.58597 0.344171 3.09754 80 2 25 10 45528 0 
64.951 21.9315 2.58772 0.344171 3.09754 80 2 25 10 45529 0 
64.9624 21.932 2.58946 0.344171 3.09754 80 2 25 10 45530 0 
64.9739 21.9325 2.59122 0.344171 3.09754 80 2 25 10 45531 0 
64.9853 21.933 2.59297 0.344171 3.09754 80 2 25 10 45532 0 
64.9968 21.9336 2.59473 0.344171 3.09754 80 2 25 10 45533 0 
65.0083 21.9341 2.59649 0.344171 3.09754 80 2 25 10 45534 0 
65.0197 21.9346 2.59825 0.344171 3.09754 80 2 25 10 45535 0 
65.0312 21.9351 2.60002 0.344171 3.09754 80 2 25 10 45536 0 
65.0426 21.9356 2.60178 0.344171 3.09754 80 2 25 10 45537 0 
65.0541 21.9362 2.60355 0.344171 3.09754 80 2 25 10 45538 0 
65.0656 21.9367 2.60533 0.344171 3.09754 80 2 25 10 45539 0 
65.077 21.9372 2.6071 0.344171 3.09754 80 2 25 10 45540 0 
65.0885 21.9377 2.60888 0.344171 3.09754 80 2 25 10 45541 0 
65.0999 21.9382 2.61066 0.344171 3.09754 80 2 25 10 45542 0 
65.1114 21.9388 2.61245 0.344171 3.09754 80 2 25 10 45543 0 
65.1228 21.9393 2.61424 0.344171 3.09754 80 2 25 10 45544 0 
65.1343 21.9398 2.61603 0.344171 3.09754 80 2 25 10 45545 0 
65.1458 21.9403 2.61782 0.344171 3.09754 80 2 25 10 45546 0 
65.1572 21.9409 2.61961 0.344171 3.09754 80 2 25 10 45547 0 
65.1687 21.9414 2.62141 0.344171 3.09754 80 2 25 10 45548 0 
65.1801 21.9419 2.62321 0.344171 3.09754 80 2 25 10 45549 0 
65.1916 21.9424 2.62502 0.344171 3.09754 80 2 25 10 45550 0 
65.2031 21.943 2.62682 0.344171 3.09754 80 2 25 10 45551 0 
65.2145 21.9435 2.62863 0.344171 3.09754 80 2 25 10 45552 0 
65.226 21.944 2.63044 0.344171 3.09754 80 2 25 10 45553 0 
65.2374 21.9445 2.63226 0.344171 3.09754 80 2 25 10 45554 0 
65.2489 21.9451 2.63408 0.344171 3.09754 80 2 25 10 45555 0 
65.2604 21.9456 2.6359 0.344171 3.09754 80 2 25 10 45556 0 
65.2718 21.9461 2.63772 0.344171 3.09754 80 2 25 10 45557 0 
65.2833 21.9466 2.63955 0.344171 3.09754 80 2 25 10 45558 0 
65.2947 21.9472 2.64138 0.344171 3.09754 80 2 25 10 45559 0 
65.3062 21.9477 2.64321 0.344171 3.09754 80 2 25 10 45560 0 
65.3177 21.9482 2.64504 0.344171 3.09754 80 2 25 10 45561 0 
65.3291 21.9488 2.64688 0.344171 3.09754 80 2 25 10 45562 0 
65.3406 21.9493 2.64872 0.344171 3.09754 80 2 25 10 45563 0 
65.352 21.9498 2.65056 0.344171 3.09754 80 2 25 10 45564 0 
65.3635 21.9504 2.65241 0.344171 3.09754 80 2 25 10 45565 0 
65.375 21.9509 2.65426 0.344171 3.09754 80 2 25 10 45566 0 
65.3864 21.9514 2.65611 0.344171 3.09754 80 2 25 10 45567 0 
65.3979 21.9519 2.65797 0.344171 3.09754 80 2 25 10 45568 0 
65.4093 21.9525 2.65983 0.344171 3.09754 80 2 25 10 45569 0 
65.4208 21.953 2.66169 0.344171 3.09754 80 2 25 10 45570 0 
65.4323 21.9535 2.66355 0.344171 3.09754 80 2 25 10 45571 0 
65.4437 21.9541 2.66542 0.344171 3.09754 80 2 25 10 45572 0 
65.4552 21.9546 2.66729 0.344171 3.09754 80 2 25 10 45573 0 
65.4666 21.9551 2.66916 0.344171 3.09754 80 2 25 10 45574 0 
65.4781 21.9557 2.67103 0.344171 3.09754 80 2 25 10 45575 0 
65.4895 21.9562 2.67291 0.344171 3.09754 80 2 25 10 45576 0 
65.501 21.9567 2.67479 0.344171 3.09754 80 2 25 10 45577 0 
65.5125 21.9573 2.67668 0.344171 3.09754 80 2 25 10 45578 0 
65.5239 21.9578 2.67857 0.344171 3.09754 80 2 25 10 45579 0 
65.5354 21.9584 2.68046 0.344171 3.09754 80 2 25 10 45580 0 
65.5468 21.9589 2.68235 0.344171 3.09754 80 2 25 10 45581 0 
65.5583 21.9594 2.68425 0.344171 3.09754 80 2 25 10 45582 0 
65.5698 21.96 2.68615 0.344171 3.09754 80 2 25 10 45583 0 
65.5812 21.9605 2.68805 0.344171 3.09754 80 2 25 10 45584 0 
65.5927 21.961 2.68996 0.344171 3.09754 80 2 25 10 45585 0 
65.6041 21.9616 2.69186 0.344171 3.09754 80 2 25 10 45586 0 
65.6156 21.9621 2.69378 0.344171 3.09754 80 2 25 10 45587 0 
65.6271 21.9627 2.69569 0.344171 3.09754 80 2 25 10 45588 0 
65.6385 21.9632 2.69761 0.344171 3.09754 80 2 25 10 45589 0 
65.65 21.9637 2.69953 0.344171 3.09754 80 2 25 10 45590 0 
65.6614 21.9643 2.70145 0.344171 3.09754 80 2 25 10 45591 0 
65.6729 21.9648 2.70338 0.344171 3.09754 80 2 25 10 45592 0 
65.6844 21.9654 2.70531 0.344171 3.09754 80 2 25 10 45593 0 
65.6958 21.9659 2.70724 0.344171 3.09754 80 2 25 10 45594 0 
65.7073 21.9664 2.70918 0.344171 3.09754 80 2 25 10 45595 0 
65.7187 21.967 2.71112 0.344171 3.09754 80 2 25 10 45596 0 
65.7302 21.9675 2.71306 0.344171 3.09754 80 2 25 10 45597 0 
65.7417 21.9681 2.71501 0.344171 3.09754 80 2 25 10 45598 0 
65.7531 21.9686 2.71696 0.344171 3.09754 80 2 25 10 45599 0 
65.7646 21.9692 2.71891 0.344171 3.09754 80 2 25 10 45600 0 
65.776 21.9697 2.72087 0.344171 3.09754 80 2 25 10 45601 0 
65.7875 21.9702 2.72282 0.344171 3.09754 80 2 25 10 45602 0 
65.799 21.9708 2.72479 0.344171 3.09754 80 2 25 10 45603 0 
65.8104 21.9713 2.72675 0.344171 3.09754 80 2 25 10 45604 0 
65.8219 21.9719 2.72872 0.344171 3.09754 80 2 25 10 45605 0 
65.8333 21.9724 2.73069 0.344171 3.09754 80 2 25 10 45606 0 
65.8448 21.973 2.73267 0.344171 3.09754 80 2 25 10 45607 0 
65.8562 21.9735 2.73464 0.344171 3.09754 80 2 25 10 45608 0 
65.8677 21.9741 2.73662 0.344171 3.09754 80 2 25 10 45609 0 
65.8792 21.9746 2.73861 0.344171 3.09754 80 2 25 10 45610 0 
65.8906 21.9752 2.7406 0.344171 3.09754 80 2 25 10 45611 0 
65.9021 21.9757 2.74259 0.344171 3.09754 80 2 25 10 45612 0 
65.9135 21.9763 2.74458 0.344171 3.09754 80 2 25 10 45613 0 
65.925 21.9768 2.74658 0.344171 3.09754 80 2 25 10 45614 0 
65.9365 21.9774 2.74858 0.344171 3.09754 80 2 25 10 45615 0 
65.9479 21.9779 2.75058 0.344171 3.09754 80 2 25 10 45616 0 
65.9594 21.9785 2.75259 0.344171 3.09754 80 2 25 10 45617 0 
65.9708 21.979 2.7546 0.344171 3.09754 80 2 25 10 45618 0 
65.9823 21.9796 2.75661 0.344171 3.09754 80 2 25 10 45619 0 
65.9938 21.9801 2.75863 0.344171 3.09754 80 2 25 10 45620 0 
66.0052 21.9807 2.76065 0.344171 3.09754 80 2 25 10 45621 0 
66.0167 21.9812 2.76267 0.344171 3.09754 80 2 25 10 45622 0 
66.0281 21.9818 2.7647 0.344171 3.09754 80 2 25 10 45623 0 
66.0396 21.9823 2.76673 0.344171 3.09754 80 2 25 10 45624 0 
66.0511 21.9829 2.76876 0.344171 3.09754 80 2 25 10 45625 0 
66.0625 21.9834 2.7708 0.344171 3.09754 80 2 25 10 45626 0 
66.074 21.984 2.77284 0.344171 3.09754 80 2 25 10 45627 0 
66.0854 21.9845 2.77489 0.344171 3.09754 80 2 25 10 45628 0 
66.0969 21.9851 2.77693 0.344171 3.09754 80 2 25 10 45629 0 
66.1084 21.9857 2.77898 0.344171 3.09754 80 2 25 10 45630 0 
66.1198 21.9862 2.78104 0.344171 3.09754 80 2 25 10 45631 0 
66.1313 21.9868 2.7831 0.344171 3.09754 80 2 25 10 45632 0 
66.1427 21.9873 2.78516 0.344171 3.09754 80 2 25 10 45633 0 
66.1542 21.9879 2.78722 0.344171 3.09754 80 2 25 10 45634 0 
66.1656 21.9884 2.78929 0.344171 3.09754 80 2 25 10 45635 0 
66.1771 21.989 2.79136 0.344171 3.09754 80 2 25 10 45636 0 
66.1886 21.9896 2.79343 0.344171 3.09754 80 2 25 10 45637 0 
66.2 21.9901 2.79551 0.344171 3.09754 80 2 25 10 45638 0 
66.2115 21.9907 2.79759 0.344171 3.09754 80 2 25 10 45639 0 
66.2229 21.9912 2.79968 0.344171 3.09754 80 2 25 10 45640 0 
66.2344 21.9918 2.80177 0.344171 3.09754 80 2 25 10 45641 0 
66.2459 21.9924 2.80386 0.344171 3.09754 80 2 25 10 45642 0 
66.2573 21.9929 2.80596 0.344171 3.09754 80 2 25 10 45643 0 
66.2688 21.9935 2.80806 0.344171 3.09754 80 2 25 10 45644 0 
66.2802 21.994 2.81016 0.344171 3.09754 80 2 25 10 45645 0 
66.2917 21.9946 2.81227 0.344171 3.09754 80 2 25 10 45646 0 
66.3032 21.9952 2.81438 0.344171 3.09754 80 2 25 10 45647 0 
66.3146 21.9957 2.81649 0.344171 3.09754 80 2 25 10 45648 0 
66.3261 21.9963 2.81861 0.344171 3.09754 80 2 25 10 45649 0 
66.3375 21.9969 2.82073 0.344171 3.09754 80 2 25 10 45650 0 
66.349 21.9974 2.82285 0.344171 3.09754 80 2 25 10 45651 0 
66.3605 21.998 2.82498 0.344171 3.09754 80 2 25 10 45652 0 
66.3719 21.9986 2.82711 0.344171 3.09754 80 2 25 10 45653 0 
66.3834 21.9991 2.82925 0.344171 3.09754 80 2 25 10 45654 0 
66.3948 21.9997 2.83138 0.344171 3.09754 80 2 25 10 45655 0 
66.4063 22.0003 2.83353 0.344171 3.09754 80 2 25 10 45656 0 
66.4178 22.0008 2.83567 0.344171 3.09754 80 2 25 10 45657 0 
66.4292 22.0014 2.83782 0.344171 3.09754 80 2 25 10 45658 0 
66.4407 22.002 2.83998 0.344171 3.09754 80 2 25 10 45659 0 
66.4521 22.0025 2.84213 0.344171 3.09754 80 2 25 10 45660 0 
66.4636 22.0031 2.84429 0.344171 3.09754 80 2 25 10 45661 0 
66.4751 22.0037 2.84646 0.344171 3.09754 80 2 25 10 45662 0 
66.4865 22.0042 2.84863 0.344171 3.09754 80 2 25 10 45663 0 
66.498 22.0048 2.8508 0.344171 3.09754 80 2 25 10 45664 0 
66.5094 22.0054 2.85297 0.344171 3.09754 80 2 25 10 45665 0 
66.5209 22.0059 2.85515 0.344171 3.09754 80 2 25 10 45666 0 
66.5323 22.0065 2.85734 0.344171 3.09754 80 2 25 10 45667 0 
66.5438 22.0071 2.85952 0.344171 3.09754 80 2 25 10 45668 0 
66.5553 22.0077 2.86171 0.344171 3.09754 80 2 25 10 45669 0 
66.5667 22.0082 2.86391 0.344171 3.09754 80 2 25 10 45670 0 
66.5782 22.0088 2.86611 0.344171 3.09754 80 2 25 10 45671 0 
66.5896 22.0094 2.86831 0.344171 3.09754 80 2 25 10 45672 0 
66.6011 22.01 2.87052 0.344171 3.09754 80 2 25 10 45673 0 
66.6126 22.0105 2.87272 0.344171 3.09754 80 2 25 10 45674 0 
66.624 22.0111 2.87494 0.344171 3.09754 80 2 25 10 45675 0 
66.6355 22.0117 2.87716 0.344171 3.09754 80 2 25 10 45676 0 
66.6469 22.0123 2.87938 0.344171 3.09754 80 2 25 10 45677 0 
66.6584 22.0128 2.8816 0.344171 3.09754 80 2 25 10 45678 0 
66.6699 22.0134 2.88383 0.344171 3.09754 80 2 25 10 45679 0 
66.6813 22.014 2.88606 0.344171 3.09754 80 2 25 10 45680 0 
66.6928 22.0146 2.8883 0.344171 3.09754 80 2 25 10 45681 0 
66.7042 22.0151 2.89054 0.344171 3.09754 80 2 25 10 45682 0 
66.7157 22.0157 2.89279 0.344171 3.09754 80 2 25 10 45683 0 
66.7272 22.0163 2.89504 0.344171 3.09754 80 2 25 10 45684 0 
66.7386 22.0169 2.89729 0.344171 3.09754 80 2 25 10 45685 0 
66.7501 22.0175 2.89954 0.344171 3.09754 80 2 25 10 45686 0 
66.7615 22.018 2.9018 0.344171 3.09754 80 2 25 10 45687 0 
66.773 22.0186 2.90407 0.344171 3.09754 80 2 25 10 45688 0 
66.7845 22.0192 2.90634 0.344171 3.09754 80 2 25 10 45689 0 
66.7959 22.0198 2.90861 0.344171 3.09754 80 2 25 10 45690 0 
66.8074 22.0204 2.91089 0.344171 3.09754 80 2 25 10 45691 0 
66.8188 22.0209 2.91317 0.344171 3.09754 80 2 25 10 45692 0 
66.8303 22.0215 2.91545 0.344171 3.09754 80 2 25 10 45693 0 
66.8418 22.0221 2.91774 0.344171 3.09754 80 2 25 10 45694 0 
66.8532 22.0227 2.92003 0.344171 3.09754 80 2 25 10 45695 0 
66.8647 22.0233 2.92233 0.344171 3.09754 80 2 25 10 45696 0 
66.8761 22.0239 2.92463 0.344171 3.09754 80 2 25 10 45697 0 
66.8876 22.0245 2.92693 0.344171 3.09754 80 2 25 10 45698 0 
66.899 22.025 2.92924 0.344171 3.09754 80 2 25 10 45699 0 
66.9105 22.0256 2.93156 0.344171 3.09754 80 2 25 10 45700 0 
66.922 22.0262 2.93387 0.344171 3.09754 80 2 25 10 45701 0 
66.9334 22.0268 2.93619 0.344171 3.09754 80 2 25 10 45702 0 
66.9449 22.0274 2.93852 0.344171 3.09754 80 2 25 10 45703 0 
66.9563 22.028 2.94085 0.344171 3.09754 80 2 25 10 45704 0 
66.9678 22.0286 2.94318 0.344171 3.09754 80 2 25 10 45705 0 
66.9793 22.0292 2.94552 0.344171 3.09754 80 2 25 10 45706 0 
66.9907 22.0297 2.94786 0.344171 3.09754 80 2 25 10 45707 0 
67.0022 22.0303 2.95021 0.344171 3.09754 80 2 25 10 45708 0 
67.0136 22.0309 2.95256 0.344171 3.09754 80 2 25 10 45709 0 
67.0251 22.0315 2.95491 0.344171 3.09754 80 2 25 10 45710 0 
67.0366 22.0321 2.95727 0.344171 3.09754 80 2 25 10 45711 0 
67.048 22.0327 2.95964 0.344171 3.09754 80 2 25 10 45712 0 
67.0595 22.0333 2.962 0.344171 3.09754 80 2 25 10 45713 0 
67.0709 22.0339 2.96438 0.344171 3.09754 80 2 25 10 45714 0 
67.0824 22.0345 2.96675 0.344171 3.09754 80 2 25 10 45715 0 
67.0939 22.0351 2.96913 0.344171 3.09754 80 2 25 10 45716 0 
67.1053 22.0357 2.97152 0.344171 3.09754 80 2 25 10 45717 0 
67.1168 22.0363 2.97391 0.344171 3.09754 80 2 25 10 45718 0 
67.1282 22.0369 2.9763 0.344171 3.09754 80 2 25 10 45719 0 
67.1397 22.0374 2.9787 0.344171 3.09754 80 2 25 10 45720 0 
67.1512 22.038 2.9811 0.344171 3.09754 80 2 25 10 45721 0 
67.1626 22.0386 2.98351 0.344171 3.09754 80 2 25 10 45722 0 
67.1741 22.0392 2.98592 0.344171 3.09754 80 2 25 10 45723 0 
67.1855 22.0398 2.98833 0.344171 3.09754 80 2 25 10 45724 0 
67.197 22.0404 2.99075 0.344171 3.09754 80 2 25 10 45725 0 
67.2085 22.041 2.99317 0.344171 3.09754 80 2 25 10 45726 0 
67.2199 22.0416 2.9956 0.344171 3.09754 80 2 25 10 45727 0 
67.2314 22.0422 2.99804 0.344171 3.09754 80 2 25 10 45728 0 
67.2428 22.0428 3.00047 0.344171 3.09754 80 2 25 10 45729 0 
67.2543 22.0434 3.00291 0.344171 3.09754 80 2 25 10 45730 0 
67.2657 22.044 3.00536 0.344171 3.09754 80 2 25 10 45731 0 
67.2772 22.0446 3.00781 0.344171 3.09754 80 2 25 10 45732 0 
67.2887 22.0452 3.01027 0.344171 3.09754 80 2 25 10 45733 0 
67.3001 22.0458 3.01273 0.344171 3.09754 80 2 25 10 45734 0 
67.3116 22.0464 3.01519 0.344171 3.09754 80 2 25 10 45735 0 
67.323 22.047 3.01766 0.344171 3.09754 80 2 25 10 45736 0 
67.3345 22.0476 3.02013 0.344171 3.09754 80 2 25 10 45737 0 
67.346 22.0483 3.02261 0.344171 3.09754 80 2 25 10 45738 0 
67.3574 22.0489 3.02509 0.344171 3.09754 80 2 25 10 45739 0 
67.3689 22.0495 3.02758 0.344171 3.09754 80 2 25 10 45740 0 
67.3803 22.0501 3.03007 0.344171 3.09754 80 2 25 10 45741 0 
67.3918 22.0507 3.03257 0.344171 3.09754 80 2 25 10 45742 0 
67.4033 22.0513 3.03507 0.344171 3.09754 80 2 25 10 45743 0 
67.4147 22.0519 3.03758 0.344171 3.09754 80 2 25 10 45744 0 
67.4262 22.0525 3.04009 0.344171 3.09754 80 2 25 10 45745 0 
67.4376 22.0531 3.0426 0.344171 3.09754 80 2 25 10 45746 0 
67.4491 22.0537 3.04512 0.344171 3.09754 80 2 25 10 45747 0 
67.4606 22.0543 3.04765 0.344171 3.09754 80 2 25 10 45748 0 
67.472 22.0549 3.05017 0.344171 3.09754 80 2 25 10 45749 0 
67.4835 22.0555 3.05271 0.344171 3.09754 80 2 25 10 45750 0 
67.4949 22.0562 3.05525 0.344171 3.09754 80 2 25 10 45751 0 
67.5064 22.0568 3.05779 0.344171 3.09754 80 2 25 10 45752 0 
67.5179 22.0574 3.06034 0.344171 3.09754 80 2 25 10 45753 0 
67.5293 22.058 3.06289 0.344171 3.09754 80 2 25 10 45754 0 
67.5408 22.0586 3.06545 0.344171 3.09754 80 2 25 10 45755 0 
67.5522 22.0592 3.06801 0.344171 3.09754 80 2 25 10 45756 0 
67.5637 22.0598 3.07058 0.344171 3.09754 80 2 25 10 45757 0 
67.5751 22.0604 3.07315 0.344171 3.09754 80 2 25 10 45758 0 
67.5866 22.0611 3.07573 0.344171 3.09754 80 2 25 10 45759 0 
67.5981 22.0617 3.07831 0.344171 3.09754 80 2 25 10 45760 0 
67.6095 22.0623 3.0809 0.344171 3.09754 80 2 25 10 45761 0 
67.621 22.0629 3.08349 0.344171 3.09754 80 2 25 10 45762 0 
67.6324 22.0635 3.08609 0.344171 3.09754 80 2 25 10 45763 0 
67.6439 22.0641 3.08869 0.344171 3.09754 80 2 25 10 45764 0 
67.6554 22.0648 3.09129 0.344171 3.09754 80 2 25 10 45765 0 
67.6668 22.0654 3.09391 0.344171 3.09754 80 2 25 10 45766 0 
67.6783 22.066 3.09652 0.344171 3.09754 80 2 25 10 45767 0 
67.6897 22.0666 3.09914 0.344171 3.09754 80 2 25 10 45768 0 
67.7012 22.0672 3.10177 0.344171 3.09754 80 2 25 10 45769 0 
67.7127 22.0679 3.1044 0.344171 3.09754 80 2 25 10 45770 0 
67.7241 22.0685 3.10704 0.344171 3.09754 80 2 25 10 45771 0 
67.7356 22.0691 3.10968 0.344171 3.09754 80 2 25 10 45772 0 
67.747 22.0697 3.11233 0.344171 3.09754 80 2 25 10 45773 0 
67.7585 22.0704 3.11498 0.344171 3.09754 80 2 25 10 45774 0 
67.7699 22.071 3.11764 0.344171 3.09754 80 2 25 10 45775 0 
67.7814 22.0716 3.1203 0.344171 3.09754 80 2 25 10 45776 0 
67.7928 22.0722 3.12297 0.344171 3.09754 80 2 25 10 45777 0 
67.8043 22.0728 3.12564 0.344171 3.09754 80 2 25 10 45778 0 
67.8157 22.0735 3.12831 0.344171 3.09754 80 2 25 10 45779 0 
67.8272 22.0741 3.131 0.344171 3.09754 80 2 25 10 45780 0 
67.8386 22.0747 3.13368 0.344171 3.09754 80 2 25 10 45781 0 
67.8501 22.0754 3.13638 0.344171 3.09754 80 2 25 10 45782 0 
67.8615 22.076 3.13908 0.344171 3.09754 80 2 25 10 45783 0 
67.873 22.0766 3.14178 0.344171 3.09754 80 2 25 10 45784 0 
67.8844 22.0772 3.14449 0.344171 3.09754 80 2 25 10 45785 0 
67.8959 22.0779 3.1472 0.344171 3.09754 80 2 25 10 45786 0 
67.9073 22.0785 3.14992 0.344171 3.09754 80 2 25 10 45787 0 
67.9188 22.0791 3.15264 0.344171 3.09754 80 2 25 10 45788 0 
67.9302 22.0798 3.15537 0.344171 3.09754 80 2 25 10 45789 0 
67.9417 22.0804 3.15811 0.344171 3.09754 80 2 25 10 45790 0 
67.9531 22.081 3.16085 0.344171 3.09754 80 2 25 10 45791 0 
67.9646 22.0817 3.16359 0.344171 3.09754 80 2 25 10 45792 0 
67.9761 22.0823 3.16634 0.344171 3.09754 80 2 25 10 45793 0 
67.9875 22.0829 3.1691 0.344171 3.09754 80 2 25 10 45794 0 
67.999 22.0836 3.17186 0.344171 3.09754 80 2 25 10 45795 0 
68.0104 22.0842 3.17463 0.344171 3.09754 80 2 25 10 45796 0 
68.0219 22.0848 3.1774 0.344171 3.09754 80 2 25 10 45797 0 
68.0333 22.0855 3.18018 0.344171 3.09754 80 2 25 10 45798 0 
68.0448 22.0861 3.18296 0.344171 3.09754 80 2 25 10 45799 0 
68.0562 22.0867 3.18575 0.344171 3.09754 80 2 25 10 45800 0 
68.0677 22.0874 3.18854 0.344171 3.09754 80 2 25 10 45801 0 
68.0791 22.088 3.19134 0.344171 3.09754 80 2 25 10 45802 0 
68.0906 22.0887 3.19415 0.344171 3.09754 80 2 25 10 45803 0 
68.102 22.0893 3.19696 0.344171 3.09754 80 2 25 10 45804 0 
68.1135 22.0899 3.19977 0.344171 3.09754 80 2 25 10 45805 0 
68.1249 22.0906 3.2026 0.344171 3.09754 80 2 25 10 45806 0 
68.1364 22.0912 3.20542 0.344171 3.09754 80 2 25 10 45807 0 
68.1478 22.0919 3.20826 0.344171 3.09754 80 2 25 10 45808 0 
68.1593 22.0925 3.21109 0.344171 3.09754 80 2 25 10 45809 0 
68.1707 22.0931 3.21394 0.344171 3.09754 80 2 25 10 45810 0 
68.1822 22.0938 3.21679 0.344171 3.09754 80 2 25 10 45811 0 
68.1936 22.0944 3.21964 0.344171 3.09754 80 2 25 10 45812 0 
68.2051 22.0951 3.22251 0.344171 3.09754 80 2 25 10 45813 0 
68.2165 22.0957 3.22537 0.344171 3.09754 80 2 25 10 45814 0 
68.228 22.0964 3.22824 0.344171 3.09754 80 2 25 10 45815 0 
68.2394 22.097 3.23112 0.344171 3.09754 80 2 25 10 45816 0 
68.2509 22.0977 3.23401 0.344171 3.09754 80 2 25 10 45817 0 
68.2623 22.0983 3.2369 0.344171 3.09754 80 2 25 10 45818 0 
68.2738 22.0989 3.23979 0.344171 3.09754 80 2 25 10 45819 0 
68.2852 22.0996 3.2427 0.344171 3.09754 80 2 25 10 45820 0 
68.2967 22.1002 3.2456 0.344171 3.09754 80 2 25 10 45821 0 
68.3082 22.1009 3.24852 0.344171 3.09754 80 2 25 10 45822 0 
68.3196 22.1015 3.25144 0.344171 3.09754 80 2 25 10 45823 0 
68.3311 22.1022 3.25436 0.344171 3.09754 80 2 25 10 45824 0 
68.3425 22.1028 3.25729 0.344171 3.09754 80 2 25 10 45825 0 
68.354 22.1035 3.26023 0.344171 3.09754 80 2 25 10 45826 0 
68.3654 22.1042 3.26317 0.344171 3.09754 80 2 25 10 45827 0 
68.3769 22.1048 3.26612 0.344171 3.09754 80 2 25 10 45828 0 
68.3883 22.1055 3.26908 0.344171 3.09754 80 2 25 10 45829 0 
68.3998 22.1061 3.27204 0.344171 3.09754 80 2 25 10 45830 0 
68.4112 22.1068 3.275 0.344171 3.09754 80 2 25 10 45831 0 
68.4227 22.1074 3.27798 0.344171 3.09754 80 2 25 10 45832 0 
68.4341 22.1081 3.28096 0.344171 3.09754 80 2 25 10 45833 0 
68.4456 22.1087 3.28394 0.344171 3.09754 80 2 25 10 45834 0 
68.457 22.1094 3.28693 0.344171 3.09754 80 2 25 10 45835 0 
68.4685 22.1101 3.28993 0.344171 3.09754 80 2 25 10 45836 0 
68.4799 22.1107 3.29293 0.344171 3.09754 80 2 25 10 45837 0 
68.4914 22.1114 3.29594 0.344171 3.09754 80 2 25 10 45838 0 
68.5028 22.112 3.29896 0.344171 3.09754 80 2 25 10 45839 0 
68.5143 22.1127 3.30198 0.344171 3.09754 80 2 25 10 45840 0 
68.5257 22.1133 3.30501 0.344171 3.09754 80 2 25 10 45841 0 
68.5372 22.114 3.30805 0.344171 3.09754 80 2 25 10 45842 0 
68.5486 22.1147 3.31109 0.344171 3.09754 80 2 25 10 45843 0 
68.5601 22.1153 3.31414 0.344171 3.09754 80 2 25 10 45844 0 
68.5715 22.116 3.31719 0.344171 3.09754 80 2 25 10 45845 0 
68.583 22.1167 3.32025 0.344171 3.09754 80 2 25 10 45846 0 
68.5944 22.1173 3.32332 0.344171 3.09754 80 2 25 10 45847 0 
68.6059 22.118 3.32639 0.344171 3.09754 80 2 25 10 45848 0 
68.6173 22.1187 3.32947 0.344171 3.09754 80 2 25 10 45849 0 
68.6288 22.1193 3.33255 0.344171 3.09754 80 2 25 10 45850 0 
68.6403 22.12 3.33565 0.344171 3.09754 80 2 25 10 45851 0 
68.6517 22.1207 3.33874 0.344171 3.09754 80 2 25 10 45852 0 
68.6632 22.1213 3.34185 0.344171 3.09754 80 2 25 10 45853 0 
68.6746 22.122 3.34496 0.344171 3.09754 80 2 25 10 45854 0 
68.6861 22.1227 3.34808 0.344171 3.09754 80 2 25 10 45855 0 
68.6975 22.1233 3.3512 0.344171 3.09754 80 2 25 10 45856 0 
68.709 22.124 3.35434 0.344171 3.09754 80 2 25 10 45857 0 
68.7204 22.1247 3.35747 0.344171 3.09754 80 2 25 10 45858 0 
68.7319 22.1253 3.36062 0.344171 3.09754 80 2 25 10 45859 0 
68.7433 22.126 3.36377 0.344171 3.09754 80 2 25 10 45860 0 
68.7548 22.1267 3.36693 0.344171 3.09754 80 2 25 10 45861 0 
68.7662 22.1274 3.37009 0.344171 3.09754 80 2 25 10 45862 0 
68.7777 22.128 3.37326 0.344171 3.09754 80 2 25 10 45863 0 
68.7891 22.1287 3.37644 0.344171 3.09754 80 2 25 10 45864 0 
68.8006 22.1294 3.37963 0.344171 3.09754 80 2 25 10 45865 0 
68.812 22.1301 3.38282 0.344171 3.09754 80 2 25 10 45866 0 
68.8235 22.1307 3.38601 0.344171 3.09754 80 2 25 10 45867 0 
68.8349 22.1314 3.38922 0.344171 3.09754 80 2 25 10 45868 0 
68.8464 22.1321 3.39243 0.344171 3.09754 80 2 25 10 45869 0 
68.8578 22.1328 3.39565 0.344171 3.09754 80 2 25 10 45870 0 
68.8693 22.1335 3.39888 0.344171 3.09754 80 2 25 10 45871 0 
68.8807 22.1341 3.40211 0.344171 3.09754 80 2 25 10 45872 0 
68.8922 22.1348 3.40535 0.344171 3.09754 80 2 25 10 45873 0 
68.9036 22.1355 3.40859 0.344171 3.09754 80 2 25 10 45874 0 
68.9151 22.1362 3.41185 0.344171 3.09754 80 2 25 10 45875 0 
68.9265 22.1369 3.41511 0.344171 3.09754 80 2 25 10 45876 0 
68.938 22.1376 3.41838 0.344171 3.09754 80 2 25 10 45877 0 
68.9494 22.1382 3.42165 0.344171 3.09754 80 2 25 10 45878 0 
68.9609 22.1389 3.42493 0.344171 3.09754 80 2 25 10 45879 0 
68.9724 22.1396 3.42822 0.344171 3.09754 80 2 25 10 45880 0 
68.9838 22.1403 3.43152 0.344171 3.09754 80 2 25 10 45881 0 
68.9953 22.141 3.43482 0.344171 3.09754 80 2 25 10 45882 0 
69.0067 22.1417 3.43813 0.344171 3.09754 80 2 25 10 45883 0 
69.0182 22.1424 3.44145 0.344171 3.09754 80 2 25 10 45884 0 
69.0296 22.143 3.44477 0.344171 3.09754 80 2 25 10 45885 0 
69.0411 22.1437 3.4481 0.344171 3.09754 80 2 25 10 45886 0 
69.0525 22.1444 3.45144 0.344171 3.09754 80 2 25 10 45887 0 
69.064 22.1451 3.45479 0.344171 3.09754 80 2 25 10 45888 0 
69.0754 22.1458 3.45814 0.344171 3.09754 80 2 25 10 45889 0 
69.0869 22.1465 3.4615 0.344171 3.09754 80 2 25 10 45890 0 
69.0983 22.1472 3.46487 0.344171 3.09754 80 2 25 10 45891 0 
69.1098 22.1479 3.46825 0.344171 3.09754 80 2 25 10 45892 0 
69.1212 22.1486 3.47163 0.344171 3.09754 80 2 25 10 45893 0 
69.1327 22.1493 3.47502 0.344171 3.09754 80 2 25 10 45894 0 
69.1441 22.15 3.47842 0.344171 3.09754 80 2 25 10 45895 0 
69.1556 22.1507 3.48182 0.344171 3.09754 80 2 25 10 45896 0 
69.167 22.1514 3.48524 0.344171 3.09754 80 2 25 10 45897 0 
69.1785 22.1521 3.48866 0.344171 3.09754 80 2 25 10 45898 0 
69.1899 22.1528 3.49209 0.344171 3.09754 80 2 25 10 45899 0 
69.2014 22.1535 3.49552 0.344171 3.09754 80 2 25 10 45900 0 
69.2128 22.1542 3.49897 0.344171 3.09754 80 2 25 10 45901 0 
69.2243 22.1549 3.50242 0.344171 3.09754 80 2 25 10 45902 0 
69.2357 22.1556 3.50587 0.344171 3.09754 80 2 25 10 45903 0 
69.2472 22.1563 3.50934 0.344171 3.09754 80 2 25 10 45904 0 
69.2586 22.157 3.51282 0.344171 3.09754 80 2 25 10 45905 0 
69.2701 22.1577 3.5163 0.344171 3.09754 80 2 25 10 45906 0 
69.2815 22.1584 3.51979 0.344171 3.09754 80 2 25 10 45907 0 
69.293 22.1591 3.52329 0.344171 3.09754 80 2 25 10 45908 0 
69.3045 22.1598 3.52679 0.344171 3.09754 80 2 25 10 45909 0 
69.3159 22.1605 3.5303 0.344171 3.09754 80 2 25 10 45910 0 
69.3274 22.1612 3.53383 0.344171 3.09754 80 2 25 10 45911 0 
69.3388 22.1619 3.53735 0.344171 3.09754 80 2 25 10 45912 0 
69.3503 22.1626 3.54089 0.344171 3.09754 80 2 25 10 45913 0 
69.3617 22.1633 3.54444 0.344171 3.09754 80 2 25 10 45914 0 
69.3732 22.164 3.54799 0.344171 3.09754 80 2 25 10 45915 0 
69.3846 22.1647 3.55155 0.344171 3.09754 80 2 25 10 45916 0 
69.3961 22.1654 3.55512 0.344171 3.09754 80 2 25 10 45917 0 
69.4075 22.1661 3.5587 0.344171 3.09754 80 2 25 10 45918 0 
69.419 22.1669 3.56228 0.344171 3.09754 80 2 25 10 45919 0 
69.4304 22.1676 3.56588 0.344171 3.09754 80 2 25 10 45920 0 
69.4419 22.1683 3.56948 0.344171 3.09754 80 2 25 10 45921 0 
69.4533 22.169 3.57309 0.344171 3.09754 80 2 25 10 45922 0 
69.4648 22.1697 3.57671 0.344171 3.09754 80 2 25 10 45923 0 
69.4762 22.1704 3.58033 0.344171 3.09754 80 2 25 10 45924 0 
69.4877 22.1711 3.58397 0.344171 3.09754 80 2 25 10 45925 0 
69.4991 22.1719 3.58761 0.344171 3.09754 80 2 25 10 45926 0 
69.5106 22.1726 3.59126 0.344171 3.09754 80 2 25 10 45927 0 
69.522 22.1733 3.59492 0.344171 3.09754 80 2 25 10 45928 0 
69.5335 22.174 3.59859 0.344171 3.09754 80 2 25 10 45929 0 
69.5449 22.1747 3.60227 0.344171 3.09754 80 2 25 10 45930 0 
69.5564 22.1755 3.60595 0.344171 3.09754 80 2 25 10 45931 0 
69.5678 22.1762 3.60965 0.344171 3.09754 80 2 25 10 45932 0 
69.5793 22.1769 3.61335 0.344171 3.09754 80 2 25 10 45933 0 
69.5907 22.1776 3.61706 0.344171 3.09754 80 2 25 10 45934 0 
69.6022 22.1784 3.62078 0.344171 3.09754 80 2 25 10 45935 0 
69.6136 22.1791 3.62451 0.344171 3.09754 80 2 25 10 45936 0 
69.6251 22.1798 3.62825 0.344171 3.09754 80 2 25 10 45937 0 
69.6366 22.1805 3.63199 0.344171 3.09754 80 2 25 10 45938 0 
69.648 22.1813 3.63575 0.344171 3.09754 80 2 25 10 45939 0 
69.6595 22.182 3.63951 0.344171 3.09754 80 2 25 10 45940 0 
69.6709 22.1827 3.64328 0.344171 3.09754 80 2 25 10 45941 0 
69.6824 22.1834 3.64706 0.344171 3.09754 80 2 25 10 45942 0 
69.6938 22.1842 3.65085 0.344171 3.09754 80 2 25 10 45943 0 
69.7053 22.1849 3.65465 0.344171 3.09754 80 2 25 10 45944 0 
69.7167 22.1856 3.65846 0.344171 3.09754 80 2 25 10 45945 0 
69.7282 22.1864 3.66227 0.344171 3.09754 80 2 25 10 45946 0 
69.7396 22.1871 3.6661 0.344171 3.09754 80 2 25 10 45947 0 
69.7511 22.1878 3.66993 0.344171 3.09754 80 2 25 10 45948 0 
69.7625 22.1886 3.67378 0.344171 3.09754 80 2 25 10 45949 0 
69.774 22.1893 3.67763 0.344171 3.09754 80 2 25 10 45950 0 
69.7854 22.19 3.68149 0.344171 3.09754 80 2 25 10 45951 0 
69.7969 22.1908 3.68536 0.344171 3.09754 80 2 25 10 45952 0 
69.8083 22.1915 3.68924 0.344171 3.09754 80 2 25 10 45953 0 
69.8198 22.1922 3.69313 0.344171 3.09754 80 2 25 10 45954 0 
69.8312 22.193 3.69703 0.344171 3.09754 80 2 25 10 45955 0 
69.8427 22.1937 3.70094 0.344171 3.09754 80 2 25 10 45956 0 
69.8541 22.1945 3.70486 0.344171 3.09754 80 2 25 10 45957 0 
69.8656 22.1952 3.70878 0.344171 3.09754 80 2 25 10 45958 0 
69.877 22.1959 3.71272 0.344171 3.09754 80 2 25 10 45959 0 
69.8885 22.1967 3.71666 0.344171 3.09754 80 2 25 10 45960 0 
69.8999 22.1974 3.72062 0.344171 3.09754 80 2 25 10 45961 0 
69.9114 22.1982 3.72458 0.344171 3.09754 80 2 25 10 45962 0 
69.9228 22.1989 3.72856 0.344171 3.09754 80 2 25 10 45963 0 
69.9343 22.1997 3.73254 0.344171 3.09754 80 2 25 10 45964 0 
69.9457 22.2004 3.73653 0.344171 3.09754 80 2 25 10 45965 0 
69.9572 22.2012 3.74054 0.344171 3.09754 80 2 25 10 45966 0 
69.9687 22.2019 3.74455 0.344171 3.09754 80 2 25 10 45967 0 
69.9801 22.2027 3.74857 0.344171 3.09754 80 2 25 10 45968 0 
69.9915 22.2034 3.7526 0.344171 3.09754 80 2 25 10 45969 0 
70.003 22.2042 3.75664 0.344171 3.09754 80 2 25 10 45970 0 
70.0144 22.2049 3.7607 0.344171 3.09754 80 2 25 10 45971 0 
70.0259 22.2057 3.76476 0.344171 3.09754 80 2 25 10 45972 0 
70.0373 22.2064 3.76883 0.344171 3.09754 80 2 25 10 45973 0 
70.0488 22.2072 3.77291 0.344171 3.09754 80 2 25 10 45974 0 
70.0602 22.2079 3.777 0.344171 3.09754 80 2 25 10 45975 0 
70.0716 22.2087 3.7811 0.344171 3.09754 80 2 25 10 45976 0 
70.0831 22.2094 3.78521 0.344171 3.09754 80 2 25 10 45977 0 
70.0945 22.2102 3.78933 0.344171 3.09754 80 2 25 10 45978 0 
70.106 22.211 3.79346 0.344171 3.09754 80 2 25 10 45979 0 
70.1174 22.2117 3.7976 0.344171 3.09754 80 2 25 10 45980 0 
70.1289 22.2125 3.80175 0.344171 3.09754 80 2 25 10 45981 0 
70.1403 22.2132 3.80592 0.344171 3.09754 80 2 25 10 45982 0 
70.1518 22.214 3.81009 0.344171 3.09754 80 2 25 10 45983 0 
70.1632 22.2148 3.81427 0.344171 3.09754 80 2 25 10 45984 0 
70.1746 22.2155 3.81846 0.344171 3.09754 80 2 25 10 45985 0 
70.1861 22.2163 3.82266 0.344171 3.09754 80 2 25 10 45986 0 
70.1975 22.2171 3.82688 0.344171 3.09754 80 2 25 10 45987 0 
70.209 22.2178 3.8311 0.344171 3.09754 80 2 25 10 45988 0 
70.2204 22.2186 3.83533 0.344171 3.09754 80 2 25 10 45989 0 
70.2319 22.2194 3.83958 0.344171 3.09754 80 2 25 10 45990 0 
70.2433 22.2201 3.84383 0.344171 3.09754 80 2 25 10 45991 0 
70.2548 22.2209 3.8481 0.344171 3.09754 80 2 25 10 45992 0 
70.2662 22.2217 3.85238 0.344171 3.09754 80 2 25 10 45993 0 
70.2776 22.2224 3.85666 0.344171 3.09754 80 2 25 10 45994 0 
70.2891 22.2232 3.86096 0.344171 3.09754 80 2 25 10 45995 0 
70.3005 22.224 3.86527 0.344171 3.09754 80 2 25 10 45996 0 
70.312 22.2248 3.86959 0.344171 3.09754 80 2 25 10 45997 0 
70.3234 22.2255 3.87392 0.344171 3.09754 80 2 25 10 45998 0 
70.3349 22.2263 3.87826 0.344171 3.09754 80 2 25 10 45999 0 
70.3463 22.2271 3.88261 0.344171 3.09754 80 2 25 10 46000 0 
70.3577 22.2279 3.88697 0.344171 3.09754 80 2 25 10 46001 0 
70.3692 22.2286 3.89135 0.344171 3.09754 80 2 25 10 46002 0 
70.3806 22.2294 3.89573 0.344171 3.09754 80 2 25 10 46003 0 
70.3921 22.2302 3.90013 0.344171 3.09754 80 2 25 10 46004 0 
70.4035 22.231 3.90454 0.344171 3.09754 80 2 25 10 46005 0 
70.415 22.2318 3.90896 0.344171 3.09754 80 2 25 10 46006 0 
70.4264 22.2325 3.91339 0.344171 3.09754 80 2 25 10 46007 0 
70.4379 22.2333 3.91783 0.344171 3.09754 80 2 25 10 46008 0 
70.4493 22.2341 3.92228 0.344171 3.09754 80 2 25 10 46009 0 
70.4607 22.2349 3.92674 0.344171 3.09754 80 2 25 10 46010 0 
70.4722 22.2357 3.93122 0.344171 3.09754 80 2 25 10 46011 0 
70.4836 22.2365 3.93571 0.344171 3.09754 80 2 25 10 46012 0 
70.4951 22.2372 3.94021 0.344171 3.09754 80 2 25 10 46013 0 
70.5065 22.238 3.94472 0.344171 3.09754 80 2 25 10 46014 0 
70.518 22.2388 3.94924 0.344171 3.09754 80 2 25 10 46015 0 
70.5294 22.2396 3.95377 0.344171 3.09754 80 2 25 10 46016 0 
70.5409 22.2404 3.95832 0.344171 3.09754 80 2 25 10 46017 0 
70.5523 22.2412 3.96287 0.344171 3.09754 80 2 25 10 46018 0 
70.5637 22.242 3.96744 0.344171 3.09754 80 2 25 10 46019 0 
70.5752 22.2428 3.97202 0.344171 3.09754 80 2 25 10 46020 0 
70.5866 22.2436 3.97662 0.344171 3.09754 80 2 25 10 46021 0 
70.5981 22.2444 3.98122 0.344171 3.09754 80 2 25 10 46022 0 
70.6095 22.2452 3.98584 0.344171 3.09754 80 2 25 10 46023 0 
70.621 22.246 3.99047 0.344171 3.09754 80 2 25 10 46024 0 
70.6324 22.2468 3.99511 0.344171 3.09754 80 2 25 10 46025 0 
70.6439 22.2476 3.99976 0.344171 3.09754 80 2 25 10 46026 0 
70.6553 22.2484 4.00442 0.344171 3.09754 80 2 25 10 46027 0 
70.6667 22.2492 4.0091 0.344171 3.09754 80 2 25 10 46028 0 
70.6782 22.25 4.01379 0.344171 3.09754 80 2 25 10 46029 0 
70.6896 22.2508 4.01849 0.344171 3.09754 80 2 25 10 46030 0 
70.7011 22.2516 4.02321 0.344171 3.09754 80 2 25 10 46031 0 
70.7125 22.2524 4.02794 0.344171 3.09754 80 2 25 10 46032 0 
70.724 22.2532 4.03267 0.344171 3.09754 80 2 25 10 46033 0 
70.7354 22.254 4.03743 0.344171 3.09754 80 2 25 10 46034 0 
70.7468 22.2548 4.04219 0.344171 3.09754 80 2 25 10 46035 0 
70.7583 22.2556 4.04697 0.344171 3.09754 80 2 25 10 46036 0 
70.7697 22.2564 4.05176 0.344171 3.09754 80 2 25 10 46037 0 
70.7812 22.2572 4.05656 0.344171 3.09754 80 2 25 10 46038 0 
70.7926 22.258 4.06138 0.344171 3.09754 80 2 25 10 46039 0 
70.8041 22.2589 4.06621 0.344171 3.09754 80 2 25 10 46040 0 
70.8155 22.2597 4.07105 0.344171 3.09754 80 2 25 10 46041 0 
70.827 22.2605 4.0759 0.344171 3.09754 80 2 25 10 46042 0 
70.8384 22.2613 4.08077 0.344171 3.09754 80 2 25 10 46043 0 
70.8498 22.2621 4.08565 0.344171 3.09754 80 2 25 10 46044 0 
70.8613 22.2629 4.09055 0.344171 3.09754 80 2 25 10 46045 0 
70.8727 22.2638 4.09546 0.344171 3.09754 80 2 25 10 46046 0 
70.8842 22.2646 4.10038 0.344171 3.09754 80 2 25 10 46047 0 
70.8956 22.2654 4.10531 0.344171 3.09754 80 2 25 10 46048 0 
70.9071 22.2662 4.11026 0.344171 3.09754 80 2 25 10 46049 0 
70.9185 22.267 4.11522 0.344171 3.09754 80 2 25 10 46050 0 
70.93 22.2679 4.12019 0.344171 3.09754 80 2 25 10 46051 0 
70.9414 22.2687 4.12518 0.344171 3.09754 80 2 25 10 46052 0 
70.9528 22.2695 4.13018 0.344171 3.09754 80 2 25 10 46053 0 
70.9643 22.2703 4.1352 0.344171 3.09754 80 2 25 10 46054 0 
70.9757 22.2712 4.14023 0.344171 3.09754 80 2 25 10 46055 0 
70.9872 22.272 4.14527 0.344171 3.09754 80 2 25 10 46056 0 
70.9986 22.2728 4.15033 0.344171 3.09754 80 2 25 10 46057 0 
71.0101 22.2736 4.1554 0.344171 3.09754 80 2 25 10 46058 0 
71.0215 22.2745 4.16048 0.344171 3.09754 80 2 25 10 46059 0 
71.033 22.2753 4.16558 0.344171 3.09754 80 2 25 10 46060 0 
71.0444 22.2761 4.1707 0.344171 3.09754 80 2 25 10 46061 0 
71.0558 22.277 4.17582 0.344171 3.09754 80 2 25 10 46062 0 
71.0673 22.2778 4.18096 0.344171 3.09754 80 2 25 10 46063 0 
71.0787 22.2787 4.18612 0.344171 3.09754 80 2 25 10 46064 0 
71.0902 22.2795 4.19129 0.344171 3.09754 80 2 25 10 46065 0 
71.1016 22.2803 4.19648 0.344171 3.09754 80 2 25 10 46066 0 
71.1131 22.2812 4.20167 0.344171 3.09754 80 2 25 10 46067 0 
71.1245 22.282 4.20689 0.344171 3.09754 80 2 25 10 46068 0 
71.1359 22.2829 4.21212 0.344171 3.09754 80 2 25 10 46069 0 
71.1474 22.2837 4.21736 0.344171 3.09754 80 2 25 10 46070 0 
71.1588 22.2845 4.22262 0.344171 3.09754 80 2 25 10 46071 0 
71.1703 22.2854 4.22789 0.344171 3.09754 80 2 25 10 46072 0 
71.1817 22.2862 4.23318 0.344171 3.09754 80 2 25 10 46073 0 
71.1932 22.2871 4.23848 0.344171 3.09754 80 2 25 10 46074 0 
71.2046 22.2879 4.2438 0.344171 3.09754 80 2 25 10 46075 0 
71.2161 22.2888 4.24913 0.344171 3.09754 80 2 25 10 46076 0 
71.2275 22.2896 4.25448 0.344171 3.09754 80 2 25 10 46077 0 
71.2389 22.2905 4.25984 0.344171 3.09754 80 2 25 10 46078 0 
71.2504 22.2913 4.26522 0.344171 3.09754 80 2 25 10 46079 0 
71.2618 22.2922 4.27061 0.344171 3.09754 80 2 25 10 46080 0 
71.2733 22.293 4.27602 0.344171 3.09754 80 2 25 10 46081 0 
71.2847 22.2939 4.28144 0.344171 3.09754 80 2 25 10 46082 0 
71.2962 22.2947 4.28688 0.344171 3.09754 80 2 25 10 46083 0 
71.3076 22.2956 4.29234 0.344171 3.09754 80 2 25 10 46084 0 
71.319 22.2965 4.29781 0.344171 3.09754 80 2 25 10 46085 0 
71.3305 22.2973 4.3033 0.344171 3.09754 80 2 25 10 46086 0 
71.3419 22.2982 4.3088 0.344171 3.09754 80 2 25 10 46087 0 
71.3533 22.299 4.31432 0.344171 3.09754 80 2 25 10 46088 0 
71.3648 22.2999 4.31985 0.344171 3.09754 80 2 25 10 46089 0 
71.3762 22.3008 4.3254 0.344171 3.09754 80 2 25 10 46090 0 
71.3877 22.3016 4.33097 0.344171 3.09754 80 2 25 10 46091 0 
71.3991 22.3025 4.33655 0.344171 3.09754 80 2 25 10 46092 0 
71.4105 22.3034 4.34215 0.344171 3.09754 80 2 25 10 46093 0 
71.422 22.3042 4.34776 0.344171 3.09754 80 2 25 10 46094 0 
71.4334 22.3051 4.3534 0.344171 3.09754 80 2 25 10 46095 0 
71.4448 22.306 4.35904 0.344171 3.09754 80 2 25 10 46096 0 
71.4563 22.3068 4.36471 0.344171 3.09754 80 2 25 10 46097 0 
71.4677 22.3077 4.37039 0.344171 3.09754 80 2 25 10 46098 0 
71.4791 22.3086 4.37609 0.344171 3.09754 80 2 25 10 46099 0 
71.4906 22.3095 4.3818 0.344171 3.09754 80 2 25 10 46100 0 
71.502 22.3103 4.38753 0.344171 3.09754 80 2 25 10 46101 0 
71.5135 22.3112 4.39328 0.344171 3.09754 80 2 25 10 46102 0 
71.5249 22.3121 4.39904 0.344171 3.09754 80 2 25 10 46103 0 
71.5363 22.313 4.40482 0.344171 3.09754 80 2 25 10 46104 0 
71.5478 22.3139 4.41062 0.344171 3.09754 80 2 25 10 46105 0 
71.5592 22.3147 4.41644 0.344171 3.09754 80 2 25 10 46106 0 
71.5706 22.3156 4.42227 0.344171 3.09754 80 2 25 10 46107 0 
71.5821 22.3165 4.42812 0.344171 3.09754 80 2 25 10 46108 0 
71.5935 22.3174 4.43399 0.344171 3.09754 80 2 25 10 46109 0 
71.6049 22.3183 4.43988 0.344171 3.09754 80 2 25 10 46110 0 
71.6164 22.3192 4.44578 0.344171 3.09754 80 2 25 10 46111 0 
71.6278 22.3201 4.4517 0.344171 3.09754 80 2 25 10 46112 0 
71.6393 22.321 4.45764 0.344171 3.09754 80 2 25 10 46113 0 
71.6507 22.3218 4.4636 0.344171 3.09754 80 2 25 10 46114 0 
71.6621 22.3227 4.46957 0.344171 3.09754 80 2 25 10 46115 0 
71.6736 22.3236 4.47557 0.344171 3.09754 80 2 25 10 46116 0 
71.685 22.3245 4.48158 0.344171 3.09754 80 2 25 10 46117 0 
71.6964 22.3254 4.48761 0.344171 3.09754 80 2 25 10 46118 0 
71.7079 22.3263 4.49365 0.344171 3.09754 80 2 25 10 46119 0 
71.7193 22.3272 4.49972 0.344171 3.09754 80 2 25 10 46120 0 
71.7308 22.3281 4.5058 0.344171 3.09754 80 2 25 10 46121 0 
71.7422 22.329 4.51191 0.344171 3.09754 80 2 25 10 46122 0 
71.7536 22.3299 4.51803 0.344171 3.09754 80 2 25 10 46123 0 
71.7651 22.3308 4.52417 0.344171 3.09754 80 2 25 10 46124 0 
71.7765 22.3317 4.53033 0.344171 3.09754 80 2 25 10 46125 0 
71.7879 22.3326 4.53651 0.344171 3.09754 80 2 25 10 46126 0 
71.7994 22.3335 4.5427 0.344171 3.09754 80 2 25 10 46127 0 
71.8108 22.3345 4.54892 0.344171 3.09754 80 2 25 10 46128 0 
71.8222 22.3354 4.55515 0.344171 3.09754 80 2 25 10 46129 0 
71.8337 22.3363 4.56141 0.344171 3.09754 80 2 25 10 46130 0 
71.8451 22.3372 4.56768 0.344171 3.09754 80 2 25 10 46131 0 
71.8566 22.3381 4.57398 0.344171 3.09754 80 2 25 10 46132 0 
71.868 22.339 4.58029 0.344171 3.09754 80 2 25 10 46133 0 
71.8794 22.3399 4.58662 0.344171 3.09754 80 2 25 10 46134 0 
71.8909 22.3409 4.59298 0.344171 3.09754 80 2 25 10 46135 0 
71.9023 22.3418 4.59935 0.344171 3.09754 80 2 25 10 46136 0 
71.9137 22.3427 4.60574 0.344171 3.09754 80 2 25 10 46137 0 
71.9252 22.3436 4.61215 0.344171 3.09754 80 2 25 10 46138 0 
71.9366 22.3445 4.61859 0.344171 3.09754 80 2 25 10 46139 0 
71.948 22.3455 4.62504 0.344171 3.09754 80 2 25 10 46140 0 
71.9595 22.3464 4.63151 0.344171 3.09754 80 2 25 10 46141 0 
71.9709 22.3473 4.63801 0.344171 3.09754 80 2 25 10 46142 0 
71.9824 22.3482 4.64452 0.344171 3.09754 80 2 25 10 46143 0 
71.9938 22.3492 4.65106 0.344171 3.09754 80 2 25 10 46144 0 
72.0052 22.3501 4.65761 0.344171 3.09754 80 2 25 10 46145 0 
72.0167 22.351 4.66419 0.344171 3.09754 80 2 25 10 46146 0 
72.0281 22.352 4.67079 0.344171 3.09754 80 2 25 10 46147 0 
72.0395 22.3529 4.6774 0.344171 3.09754 80 2 25 10 46148 0 
72.051 22.3538 4.68404 0.344171 3.09754 80 2 25 10 46149 0 
72.0624 22.3548 4.69071 0.344171 3.09754 80 2 25 10 46150 0 
72.0738 22.3557 4.69739 0.344171 3.09754 80 2 25 10 46151 0 
72.0853 22.3566 4.70409 0.344171 3.09754 80 2 25 10 46152 0 
72.0967 22.3576 4.71082 0.344171 3.09754 80 2 25 10 46153 0 
72.1082 22.3585 4.71757 0.344171 3.09754 80 2 25 10 46154 0 
72.1196 22.3595 4.72434 0.344171 3.09754 80 2 25 10 46155 0 
72.131 22.3604 4.73113 0.344171 3.09754 80 2 25 10 46156 0 
72.1425 22.3614 4.73794 0.344171 3.09754 80 2 25 10 46157 0 
72.1539 22.3623 4.74478 0.344171 3.09754 80 2 25 10 46158 0 
72.1653 22.3633 4.75164 0.344171 3.09754 80 2 25 10 46159 0 
72.1768 22.3642 4.75852 0.344171 3.09754 80 2 25 10 46160 0 
72.1882 22.3652 4.76542 0.344171 3.09754 80 2 25 10 46161 0 
72.1996 22.3661 4.77235 0.344171 3.09754 80 2 25 10 46162 0 
72.2111 22.3671 4.77929 0.344171 3.09754 80 2 25 10 46163 0 
72.2225 22.368 4.78627 0.344171 3.09754 80 2 25 10 46164 0 
72.2339 22.369 4.79326 0.344171 3.09754 80 2 25 10 46165 0 
72.2454 22.3699 4.80028 0.344171 3.09754 80 2 25 10 46166 0 
72.2568 22.3709 4.80732 0.344171 3.09754 80 2 25 10 46167 0 
72.2682 22.3719 4.81438 0.344171 3.09754 80 2 25 10 46168 0 
72.2796 22.3728 4.82147 0.344171 3.09754 80 2 25 10 46169 0 
72.2911 22.3738 4.82858 0.344171 3.09754 80 2 25 10 46170 0 
72.3025 22.3748 4.83571 0.344171 3.09754 80 2 25 10 46171 0 
72.3139 22.3757 4.84287 0.344171 3.09754 80 2 25 10 46172 0 
72.3254 22.3767 4.85005 0.344171 3.09754 80 2 25 10 46173 0 
72.3368 22.3777 4.85726 0.344171 3.09754 80 2 25 10 46174 0 
72.3482 22.3786 4.86449 0.344171 3.09754 80 2 25 10 46175 0 
72.3596 22.3796 4.87174 0.344171 3.09754 80 2 25 10 46176 0 
72.3711 22.3806 4.87902 0.344171 3.09754 80 2 25 10 46177 0 
72.3825 22.3816 4.88632 0.344171 3.09754 80 2 25 10 46178 0 
72.3939 22.3825 4.89365 0.344171 3.09754 80 2 25 10 46179 0 
72.4054 22.3835 4.901 0.344171 3.09754 80 2 25 10 46180 0 
72.4168 22.3845 4.90838 0.344171 3.09754 80 2 25 10 46181 0 
72.4282 22.3855 4.91578 0.344171 3.09754 80 2 25 10 46182 0 
72.4397 22.3865 4.92321 0.344171 3.09754 80 2 25 10 46183 0 
72.4511 22.3874 4.93066 0.344171 3.09754 80 2 25 10 46184 0 
72.4625 22.3884 4.93814 0.344171 3.09754 80 2 25 10 46185 0 
72.4739 22.3894 4.94565 0.344171 3.09754 80 2 25 10 46186 0 
72.4854 22.3904 4.95318 0.344171 3.09754 80 2 25 10 46187 0 
72.4968 22.3914 4.96073 0.344171 3.09754 80 2 25 10 46188 0 
72.5082 22.3924 4.96831 0.344171 3.09754 80 2 25 10 46189 0 
72.5197 22.3934 4.97592 0.344171 3.09754 80 2 25 10 46190 0 
72.5311 22.3944 4.98355 0.344171 3.09754 80 2 25 10 46191 0 
72.5425 22.3954 4.99122 0.344171 3.09754 80 2 25 10 46192 0 
72.5539 22.3964 4.9989 0.344171 3.09754 80 2 25 10 46193 0 
72.5654 22.3974 5.00662 0.344171 3.09754 80 2 25 10 46194 0 
72.5768 22.3984 5.01436 0.344171 3.09754 80 2 25 10 46195 0 
72.5882 22.3994 5.02212 0.344171 3.09754 80 2 25 10 46196 0 
72.5997 22.4004 5.02992 0.344171 3.09754 80 2 25 10 46197 0 
72.6111 22.4014 5.03774 0.344171 3.09754 80 2 25 10 46198 0 
72.6225 22.4024 5.04559 0.344171 3.09754 80 2 25 10 46199 0 
72.6339 22.4034 5.05347 0.344171 3.09754 80 2 25 10 46200 0 
72.6454 22.4044 5.06137 0.344171 3.09754 80 2 25 10 46201 0 
72.6568 22.4054 5.06931 0.344171 3.09754 80 2 25 10 46202 0 
72.6682 22.4064 5.07727 0.344171 3.09754 80 2 25 10 46203 0 
72.6797 22.4075 5.08526 0.344171 3.09754 80 2 25 10 46204 0 
72.6911 22.4085 5.09328 0.344171 3.09754 80 2 25 10 46205 0 
72.7025 22.4095 5.10132 0.344171 3.09754 80 2 25 10 46206 0 
72.7139 22.4105 5.1094 0.344171 3.09754 80 2 25 10 46207 0 
72.7254 22.4115 5.1175 0.344171 3.09754 80 2 25 10 46208 0 
72.7368 22.4126 5.12564 0.344171 3.09754 80 2 25 10 46209 0 
72.7482 22.4136 5.1338 0.344171 3.09754 80 2 25 10 46210 0 
72.7597 22.4146 5.14199 0.344171 3.09754 80 2 25 10 46211 0 
72.7711 22.4156 5.15021 0.344171 3.09754 80 2 25 10 46212 0 
72.7825 22.4167 5.15846 0.344171 3.09754 80 2 25 10 46213 0 
72.7939 22.4177 5.16675 0.344171 3.09754 80 2 25 10 46214 0 
72.8054 22.4187 5.17506 0.344171 3.09754 80 2 25 10 46215 0 
72.8168 22.4198 5.1834 0.344171 3.09754 80 2 25 10 46216 0 
72.8282 22.4208 5.19177 0.344171 3.09754 80 2 25 10 46217 0 
72.8397 22.4218 5.20017 0.344171 3.09754 80 2 25 10 46218 0 
72.8511 22.4229 5.20861 0.344171 3.09754 80 2 25 10 46219 0 
72.8625 22.4239 5.21707 0.344171 3.09754 80 2 25 10 46220 0 
72.8739 22.425 5.22557 0.344171 3.09754 80 2 25 10 46221 0 
72.8854 22.426 5.23409 0.344171 3.09754 80 2 25 10 46222 0 
72.8968 22.4271 5.24265 0.344171 3.09754 80 2 25 10 46223 0 
72.9082 22.4281 5.25124 0.344171 3.09754 80 2 25 10 46224 0 
72.9196 22.4292 5.25986 0.344171 3.09754 80 2 25 10 46225 0 
72.931 22.4302 5.26851 0.344171 3.09754 80 2 25 10 46226 0 
72.9425 22.4313 5.2772 0.344171 3.09754 80 2 25 10 46227 0 
72.9539 22.4323 5.28592 0.344171 3.09754 80 2 25 10 46228 0 
72.9653 22.4334 5.29467 0.344171 3.09754 80 2 25 10 46229 0 
72.9767 22.4344 5.30345 0.344171 3.09754 80 2 25 10 46230 0 
72.9881 22.4355 5.31226 0.344171 3.09754 80 2 25 10 46231 0 
72.9996 22.4366 5.32111 0.344171 3.09754 80 2 25 10 46232 0 
73.011 22.4376 5.33 0.344171 3.09754 80 2 25 10 46233 0 
73.0224 22.4387 5.33891 0.344171 3.09754 80 2 25 10 46234 0 
73.0338 22.4397 5.34786 0.344171 3.09754 80 2 25 10 46235 0 
73.0452 22.4408 5.35684 0.344171 3.09754 80 2 25 10 46236 0 
73.0567 22.4419 5.36586 0.344171 3.09754 80 2 25 10 46237 0 
73.0681 22.443 5.37491 0.344171 3.09754 80 2 25 10 46238 0 
73.0795 22.444 5.384 0.344171 3.09754 80 2 25 10 46239 0 
73.0909 22.4451 5.39312 0.344171 3.09754 80 2 25 10 46240 0 
73.1024 22.4462 5.40227 0.344171 3.09754 80 2 25 10 46241 0 
73.1138 22.4473 5.41146 0.344171 3.09754 80 2 25 10 46242 0 
73.1252 22.4484 5.42069 0.344171 3.09754 80 2 25 10 46243 0 
73.1366 22.4494 5.42995 0.344171 3.09754 80 2 25 10 46244 0 
73.148 22.4505 5.43925 0.344171 3.09754 80 2 25 10 46245 0 
73.1595 22.4516 5.44858 0.344171 3.09754 80 2 25 10 46246 0 
73.1709 22.4527 5.45795 0.344171 3.09754 80 2 25 10 46247 0 
73.1823 22.4538 5.46736 0.344171 3.09754 80 2 25 10 46248 0 
73.1937 22.4549 5.4768 0.344171 3.09754 80 2 25 10 46249 0 
73.2051 22.456 5.48628 0.344171 3.09754 80 2 25 10 46250 0 
73.2166 22.4571 5.49579 0.344171 3.09754 80 2 25 10 46251 0 
73.228 22.4582 5.50535 0.344171 3.09754 80 2 25 10 46252 0 
73.2394 22.4593 5.51494 0.344171 3.09754 80 2 25 10 46253 0 
73.2508 22.4604 5.52457 0.344171 3.09754 80 2 25 10 46254 0 
73.2623 22.4615 5.53424 0.344171 3.09754 80 2 25 10 46255 0 
73.2737 22.4626 5.54394 0.344171 3.09754 80 2 25 10 46256 0 
73.2851 22.4637 5.55369 0.344171 3.09754 80 2 25 10 46257 0 
73.2965 22.4648 5.56347 0.344171 3.09754 80 2 25 10 46258 0 
73.3079 22.4659 5.57329 0.344171 3.09754 80 2 25 10 46259 0 
73.3194 22.467 5.58315 0.344171 3.09754 80 2 25 10 46260 0 
73.3308 22.4681 5.59305 0.344171 3.09754 80 2 25 10 46261 0 
73.3422 22.4693 5.60299 0.344171 3.09754 80 2 25 10 46262 0 
73.3536 22.4704 5.61297 0.344171 3.09754 80 2 25 10 46263 0 
73.365 22.4715 5.62299 0.344171 3.09754 80 2 25 10 46264 0 
73.3764 22.4726 5.63305 0.344171 3.09754 80 2 25 10 46265 0 
73.3879 22.4738 5.64316 0.344171 3.09754 80 2 25 10 46266 0 
73.3993 22.4749 5.6533 0.344171 3.09754 80 2 25 10 46267 0 
73.4107 22.476 5.66348 0.344171 3.09754 80 2 25 10 46268 0 
73.4221 22.4771 5.67371 0.344171 3.09754 80 2 25 10 46269 0 
73.4335 22.4783 5.68397 0.344171 3.09754 80 2 25 10 46270 0 
73.4449 22.4794 5.69428 0.344171 3.09754 80 2 25 10 46271 0 
73.4563 22.4806 5.70463 0.344171 3.09754 80 2 25 10 46272 0 
73.4678 22.4817 5.71502 0.344171 3.09754 80 2 25 10 46273 0 
73.4792 22.4828 5.72546 0.344171 3.09754 80 2 25 10 46274 0 
73.4906 22.484 5.73594 0.344171 3.09754 80 2 25 10 46275 0 
73.502 22.4851 5.74646 0.344171 3.09754 80 2 25 10 46276 0 
73.5134 22.4863 5.75703 0.344171 3.09754 80 2 25 10 46277 0 
73.5248 22.4874 5.76764 0.344171 3.09754 80 2 25 10 46278 0 
73.5362 22.4886 5.77829 0.344171 3.09754 80 2 25 10 46279 0 
73.5477 22.4897 5.78899 0.344171 3.09754 80 2 25 10 46280 0 
73.5591 22.4909 5.79973 0.344171 3.09754 80 2 25 10 46281 0 
73.5705 22.4921 5.81052 0.344171 3.09754 80 2 25 10 46282 0 
73.5819 22.4932 5.82136 0.344171 3.09754 80 2 25 10 46283 0 
73.5933 22.4944 5.83223 0.344171 3.09754 80 2 25 10 46284 0 
73.6047 22.4955 5.84316 0.344171 3.09754 80 2 25 10 46285 0 
73.6161 22.4967 5.85413 0.344171 3.09754 80 2 25 10 46286 0 
73.6275 22.4979 5.86515 0.344171 3.09754 80 2 25 10 46287 0 
73.639 22.4991 5.87621 0.344171 3.09754 80 2 25 10 46288 0 
73.6504 22.5002 5.88733 0.344171 3.09754 80 2 25 10 46289 0 
73.6618 22.5014 5.89849 0.344171 3.09754 80 2 25 10 46290 0 
73.6732 22.5026 5.90969 0.344171 3.09754 80 2 25 10 46291 0 
73.6846 22.5038 5.92095 0.344171 3.09754 80 2 25 10 46292 0 
73.696 22.5049 5.93226 0.344171 3.09754 80 2 25 10 46293 0 
73.7074 22.5061 5.94361 0.344171 3.09754 80 2 25 10 46294 0 
73.7189 22.5073 5.95501 0.344171 3.09754 80 2 25 10 46295 0 
73.7303 22.5085 5.96646 0.344171 3.09754 80 2 25 10 46296 0 
73.7417 22.5097 5.97797 0.344171 3.09754 80 2 25 10 46297 0 
73.7531 22.5109 5.98952 0.344171 3.09754 80 2 25 10 46298 0 
73.7645 22.5121 6.00112 0.344171 3.09754 80 2 25 10 46299 0 
73.7759 22.5133 6.01277 0.344171 3.09754 80 2 25 10 46300 0 
73.7873 22.5145 6.02448 0.344171 3.09754 80 2 25 10 46301 0 
73.7987 22.5157 6.03623 0.344171 3.09754 80 2 25 10 46302 0 
73.8101 22.5169 6.04804 0.344171 3.09754 80 2 25 10 46303 0 
73.8215 22.5181 6.0599 0.344171 3.09754 80 2 25 10 46304 0 
73.8329 22.5193 6.07181 0.344171 3.09754 80 2 25 10 46305 0 
73.8443 22.5205 6.08378 0.344171 3.09754 80 2 25 10 46306 0 
73.8558 22.5218 6.0958 0.344171 3.09754 80 2 25 10 46307 0 
73.8672 22.523 6.10787 0.344171 3.09754 80 2 25 10 46308 0 
73.8786 22.5242 6.12 0.344171 3.09754 80 2 25 10 46309 0 
73.89 22.5254 6.13218 0.344171 3.09754 80 2 25 10 46310 0 
73.9014 22.5266 6.14441 0.344171 3.09754 80 2 25 10 46311 0 
73.9128 22.5279 6.1567 0.344171 3.09754 80 2 25 10 46312 0 
73.9242 22.5291 6.16905 0.344171 3.09754 80 2 25 10 46313 0 
73.9356 22.5303 6.18145 0.344171 3.09754 80 2 25 10 46314 0 
73.947 22.5316 6.19391 0.344171 3.09754 80 2 25 10 46315 0 
73.9584 22.5328 6.20643 0.344171 3.09754 80 2 25 10 46316 0 
73.9698 22.534 6.219 0.344171 3.09754 80 2 25 10 46317 0 
73.9812 22.5353 6.23163 0.344171 3.09754 80 2 25 10 46318 0 
73.9926 22.5365 6.24432 0.344171 3.09754 80 2 25 10 46319 0 
74.004 22.5378 6.25707 0.344171 3.09754 80 2 25 10 46320 0 
74.0154 22.539 6.26987 0.344171 3.09754 80 2 25 10 46321 0 
74.0268 22.5403 6.28274 0.344171 3.09754 80 2 25 10 46322 0 
74.0382 22.5415 6.29566 0.344171 3.09754 80 2 25 10 46323 0 
74.0497 22.5428 6.30865 0.344171 3.09754 80 2 25 10 46324 0 
74.0611 22.5441 6.32169 0.344171 3.09754 80 2 25 10 46325 0 
74.0725 22.5453 6.3348 0.344171 3.09754 80 2 25 10 46326 0 
74.0839 22.5466 6.34797 0.344171 3.09754 80 2 25 10 46327 0 
74.0953 22.5479 6.3612 0.344171 3.09754 80 2 25 10 46328 0 
74.1067 22.5491 6.37449 0.344171 3.09754 80 2 25 10 46329 0 
74.1181 22.5504 6.38785 0.344171 3.09754 80 2 25 10 46330 0 
74.1295 22.5517 6.40127 0.344171 3.09754 80 2 25 10 46331 0 
74.1409 22.553 6.41475 0.344171 3.09754 80 2 25 10 46332 0 
74.1523 22.5542 6.4283 0.344171 3.09754 80 2 25 10 46333 0 
74.1637 22.5555 6.44191 0.344171 3.09754 80 2 25 10 46334 0 
74.1751 22.5568 6.45559 0.344171 3.09754 80 2 25 10 46335 0 
74.1865 22.5581 6.46933 0.344171 3.09754 80 2 25 10 46336 0 
74.1979 22.5594 6.48314 0.344171 3.09754 80 2 25 10 46337 0 
74.2093 22.5607 6.49701 0.344171 3.09754 80 2 25 10 46338 0 
74.2206 22.562 6.51095 0.344171 3.09754 80 2 25 10 46339 0 
74.232 22.5633 6.52496 0.344171 3.09754 80 2 25 10 46340 0 
74.2434 22.5646 6.53904 0.344171 3.09754 80 2 25 10 46341 0 
74.2548 22.5659 6.55319 0.344171 3.09754 80 2 25 10 46342 0 
74.2662 22.5672 6.5674 0.344171 3.09754 80 2 25 10 46343 0 
74.2776 22.5685 6.58169 0.344171 3.09754 80 2 25 10 46344 0 
74.289 22.5698 6.59605 0.344171 3.09754 80 2 25 10 46345 0 
74.3004 22.5712 6.61047 0.344171 3.09754 80 2 25 10 46346 0 
74.3118 22.5725 6.62497 0.344171 3.09754 80 2 25 10 46347 0 
74.3232 22.5738 6.63954 0.344171 3.09754 80 2 25 10 46348 0 
74.3346 22.5751 6.65419 0.344171 3.09754 80 2 25 10 46349 0 
74.346 22.5765 6.6689 0.344171 3.09754 80 2 25 10 46350 0 
74.3574 22.5778 6.68369 0.344171 3.09754 80 2 25 10 46351 0 
74.3688 22.5791 6.69856 0.344171 3.09754 80 2 25 10 46352 0 
74.3802 22.5805 6.7135 0.344171 3.09754 80 2 25 10 46353 0 
74.3916 22.5818 6.72851 0.344171 3.09754 80 2 25 10 46354 0 
74.403 22.5831 6.7436 0.344171 3.09754 80 2 25 10 46355 0 
74.4144 22.5845 6.75877 0.344171 3.09754 80 2 25 10 46356 0 
74.4258 22.5858 6.77402 0.344171 3.09754 80 2 25 10 46357 0 
74.4372 22.5872 6.78934 0.344171 3.09754 80 2 25 10 46358 0 
74.4486 22.5886 6.80474 0.344171 3.09754 80 2 25 10 46359 0 
74.4599 22.5899 6.82022 0.344171 3.09754 80 2 25 10 46360 0 
74.4713 22.5913 6.83578 0.344171 3.09754 80 2 25 10 46361 0 
74.4827 22.5926 6.85142 0.344171 3.09754 80 2 25 10 46362 0 
74.4941 22.594 6.86714 0.344171 3.09754 80 2 25 10 46363 0 
74.5055 22.5954 6.88294 0.344171 3.09754 80 2 25 10 46364 0 
74.5169 22.5968 6.89882 0.344171 3.09754 80 2 25 10 46365 0 
74.5283 22.5981 6.91479 0.344171 3.09754 80 2 25 10 46366 0 
74.5397 22.5995 6.93084 0.344171 3.09754 80 2 25 10 46367 0 
74.5511 22.6009 6.94698 0.344171 3.09754 80 2 25 10 46368 0 
74.5625 22.6023 6.9632 0.344171 3.09754 80 2 25 10 46369 0 
74.5739 22.6037 6.97951 0.344171 3.09754 80 2 25 10 46370 0 
74.5852 22.6051 6.9959 0.344171 3.09754 80 2 25 10 46371 0 
74.5966 22.6065 7.01238 0.344171 3.09754 80 2 25 10 46372 0 
74.608 22.6079 7.02895 0.344171 3.09754 80 2 25 10 46373 0 
74.6194 22.6093 7.04561 0.344171 3.09754 80 2 25 10 46374 0 
74.6308 22.6107 7.06236 0.344171 3.09754 80 2 25 10 46375 0 
74.6422 22.6121 7.07919 0.344171 3.09754 80 2 25 10 46376 0 
74.6535 22.6135 7.09612 0.344171 3.09754 80 2 25 10 46377 0 
74.6649 22.6149 7.11314 0.344171 3.09754 80 2 25 10 46378 0 
74.6763 22.6163 7.13025 0.344171 3.09754 80 2 25 10 46379 0 
74.6877 22.6178 7.14746 0.344171 3.09754 80 2 25 10 46380 0 
74.6991 22.6192 7.16475 0.344171 3.09754 80 2 25 10 46381 0 
74.7105 22.6206 7.18215 0.344171 3.09754 80 2 25 10 46382 0 
74.7218 22.6221 7.19964 0.344171 3.09754 80 2 25 10 46383 0 
74.7332 22.6235 7.21722 0.344171 3.09754 80 2 25 10 46384 0 
74.7446 22.6249 7.23491 0.344171 3.09754 80 2 25 10 46385 0 
74.756 22.6264 7.25269 0.344171 3.09754 80 2 25 10 46386 0 
74.7674 22.6278 7.27057 0.344171 3.09754 80 2 25 10 46387 0 
74.7788 22.6293 7.28855 0.344171 3.09754 80 2 25 10 46388 0 
74.7901 22.6307 7.30663 0.344171 3.09754 80 2 25 10 46389 0 
74.8015 22.6322 7.32481 0.344171 3.09754 80 2 25 10 46390 0 
74.8129 22.6337 7.3431 0.344171 3.09754 80 2 25 10 46391 0 
74.8243 22.6351 7.36149 0.344171 3.09754 80 2 25 10 46392 0 
74.8356 22.6366 7.37998 0.344171 3.09754 80 2 25 10 46393 0 
74.847 22.6381 7.39858 0.344171 3.09754 80 2 25 10 46394 0 
74.8584 22.6395 7.41728 0.344171 3.09754 80 2 25 10 46395 0 
74.8698 22.641 7.43609 0.344171 3.09754 80 2 25 10 46396 0 
74.8811 22.6425 7.45501 0.344171 3.09754 80 2 25 10 46397 0 
74.8925 22.644 7.47404 0.344171 3.09754 80 2 25 10 46398 0 
74.9039 22.6455 7.49318 0.344171 3.09754 80 2 25 10 46399 0 
74.9153 22.647 7.51242 0.344171 3.09754 80 2 25 10 46400 0 
74.9267 22.6485 7.53179 0.344171 3.09754 80 2 25 10 46401 0 
74.938 22.65 7.55126 0.344171 3.09754 80 2 25 10 46402 0 
74.9494 22.6515 7.57085 0.344171 3.09754 80 2 25 10 46403 0 
74.9608 22.653 7.59055 0.344171 3.09754 80 2 25 10 46404 0 
74.9722 22.6545 7.61037 0.344171 3.09754 80 2 25 10 46405 0 
74.9835 22.656 7.63031 0.344171 3.09754 80 2 25 10 46406 0 
74.9949 22.6576 7.65037 0.344171 3.09754 80 2 25 10 46407 0 
75.0063 22.6591 7.67054 0.344171 3.09754 80 2 25 10 46408 0 
75.0176 22.6606 7.69084 0.344171 3.09754 80 2 25 10 46409 0 
75.029 22.6622 7.71126 0.344171 3.09754 80 2 25 10 46410 0 
75.0404 22.6637 7.7318 0.344171 3.09754 80 2 25 10 46411 0 
75.0517 22.6652 7.75246 0.344171 3.09754 80 2 25 10 46412 0 
75.0631 22.6668 7.77325 0.344171 3.09754 80 2 25 10 46413 0 
75.0745 22.6683 7.79417 0.344171 3.09754 80 2 25 10 46414 0 
75.0858 22.6699 7.81521 0.344171 3.09754 80 2 25 10 46415 0 
75.0972 22.6715 7.83638 0.344171 3.09754 80 2 25 10 46416 0 
75.1086 22.673 7.85769 0.344171 3.09754 80 2 25 10 46417 0 
75.1199 22.6746 7.87912 0.344171 3.09754 80 2 25 10 46418 0 
75.1313 22.6762 7.90069 0.344171 3.09754 80 2 25 10 46419 0 
75.1427 22.6777 7.92239 0.344171 3.09754 80 2 25 10 46420 0 
75.154 22.6793 7.94422 0.344171 3.09754 80 2 25 10 46421 0 
75.1654 22.6809 7.96619 0.344171 3.09754 80 2 25 10 46422 0 
75.1767 22.6825 7.9883 0.344171 3.09754 80 2 25 10 46423 0 
75.1881 22.6841 8.01055 0.344171 3.09754 80 2 25 10 46424 0 
75.1995 22.6857 8.03294 0.344171 3.09754 80 2 25 10 46425 0 
75.2108 22.6873 8.05547 0.344171 3.09754 80 2 25 10 46426 0 
75.2222 22.6889 8.07814 0.344171 3.09754 80 2 25 10 46427 0 
75.2335 22.6905 8.10096 0.344171 3.09754 80 2 25 10 46428 0 
75.2449 22.6921 8.12393 0.344171 3.09754 80 2 25 10 46429 0 
75.2563 22.6938 8.14704 0.344171 3.09754 80 2 25 10 46430 0 
75.2676 22.6954 8.1703 0.344171 3.09754 80 2 25 10 46431 0 
75.279 22.697 8.19371 0.344171 3.09754 80 2 25 10 46432 0 
75.2903 22.6986 8.21728 0.344171 3.09754 80 2 25 10 46433 0 
75.3017 22.7003 8.241 0.344171 3.09754 80 2 25 10 46434 0 
75.313 22.7019 8.26487 0.344171 3.09754 80 2 25 10 46435 0 
75.3244 22.7036 8.2889 0.344171 3.09754 80 2 25 10 46436 0 
75.3357 22.7052 8.31309 0.344171 3.09754 80 2 25 10 46437 0 
75.3471 22.7069 8.33744 0.344171 3.09754 80 2 25 10 46438 0 
75.3584 22.7086 8.36195 0.344171 3.09754 80 2 25 10 46439 0 
75.3698 22.7102 8.38662 0.344171 3.09754 80 2 25 10 46440 0 
75.3811 22.7119 8.41146 0.344171 3.09754 80 2 25 10 46441 0 
75.3925 22.7136 8.43647 0.344171 3.09754 80 2 25 10 46442 0 
75.4038 22.7153 8.46164 0.344171 3.09754 80 2 25 10 46443 0 
75.4152 22.7169 8.48699 0.344171 3.09754 80 2 25 10 46444 0 
75.4265 22.7186 8.51251 0.344171 3.09754 80 2 25 10 46445 0 
75.4379 22.7203 8.5382 0.344171 3.09754 80 2 25 10 46446 0 
75.4492 22.722 8.56407 0.344171 3.09754 80 2 25 10 46447 0 
75.4606 22.7237 8.59011 0.344171 3.09754 80 2 25 10 46448 0 
75.4719 22.7255 8.61634 0.344171 3.09754 80 2 25 10 46449 0 
75.4833 22.7272 8.64274 0.344171 3.09754 80 2 25 10 46450 0 
75.4946 22.7289 8.66933 0.344171 3.09754 80 2 25 10 46451 0 
75.506 22.7306 8.69611 0.344171 3.09754 80 2 25 10 46452 0 
75.5173 22.7324 8.72307 0.344171 3.09754 80 2 25 10 46453 0 
75.5286 22.7341 8.75023 0.344171 3.09754 80 2 25 10 46454 0 
75.54 22.7359 8.77757 0.344171 3.09754 80 2 25 10 46455 0 
75.5513 22.7376 8.80511 0.344171 3.09754 80 2 25 10 46456 0 
75.5626 22.7394 8.83285 0.344171 3.09754 80 2 25 10 46457 0 
75.574 22.7411 8.86078 0.344171 3.09754 80 2 25 10 46458 0 
75.5853 22.7429 8.88891 0.344171 3.09754 80 2 25 10 46459 0 
75.5966 22.7447 8.91725 0.344171 3.09754 80 2 25 10 46460 0 
75.608 22.7464 8.94579 0.344171 3.09754 80 2 25 10 46461 0 
75.6193 22.7482 8.97454 0.344171 3.09754 80 2 25 10 46462 0 
75.6306 22.75 9.0035 0.344171 3.09754 80 2 25 10 46463 0 
75.642 22.7518 9.03267 0.344171 3.09754 80 2 25 10 46464 0 
75.6533 22.7536 9.06206 0.344171 3.09754 80 2 25 10 46465 0 
75.6646 22.7554 9.09166 0.344171 3.09754 80 2 25 10 46466 0 
75.676 22.7572 9.12148 0.344171 3.09754 80 2 25 10 46467 0 
75.6873 22.759 9.15153 0.344171 3.09754 80 2 25 10 46468 0 
75.6986 22.7609 9.1818 0.344171 3.09754 80 2 25 10 46469 0 
75.7099 22.7627 9.21229 0.344171 3.09754 80 2 25 10 46470 0 
75.7213 22.7645 9.24302 0.344171 3.09754 80 2 25 10 46471 0 
75.7326 22.7664 9.27398 0.344171 3.09754 80 2 25 10 46472 0 
75.7439 22.7682 9.30517 0.344171 3.09754 80 2 25 10 46473 0 
75.7552 22.7701 9.33661 0.344171 3.09754 80 2 25 10 46474 0 
75.7666 22.7719 9.36828 0.344171 3.09754 80 2 25 10 46475 0 
75.7779 22.7738 9.4002 0.344171 3.09754 80 2 25 10 46476 0 
75.7892 22.7757 9.43236 0.344171 3.09754 80 2 25 10 46477 0 
75.8005 22.7776 9.46478 0.344171 3.09754 80 2 25 10 46478 0 
75.8118 22.7795 9.49745 0.344171 3.09754 80 2 25 10 46479 0 
75.8231 22.7813 9.53037 0.344171 3.09754 80 2 25 10 46480 0 
75.8345 22.7832 9.56355 0.344171 3.09754 80 2 25 10 46481 0 
75.8458 22.7852 9.597 0.344171 3.09754 80 2 25 10 46482 0 
75.8571 22.7871 9.63071 0.344171 3.09754 80 2 25 10 46483 0 
75.8684 22.789 9.66469 0.344171 3.09754 80 2 25 10 46484 0 
75.8797 22.7909 9.69894 0.344171 3.09754 80 2 25 10 46485 0 
75.891 22.7928 9.73347 0.344171 3.09754 80 2 25 10 46486 0 
75.9023 22.7948 9.76828 0.344171 3.09754 80 2 25 10 46487 0 
75.9136 22.7967 9.80337 0.344171 3.09754 80 2 25 10 46488 0 
75.9249 22.7987 9.83874 0.344171 3.09754 80 2 25 10 46489 0 
75.9362 22.8006 9.87441 0.344171 3.09754 80 2 25 10 46490 0 
75.9475 22.8026 9.91037 0.344171 3.09754 80 2 25 10 46491 0 
75.9588 22.8046 9.94663 0.344171 3.09754 80 2 25 10 46492 0 
75.9701 22.8066 9.98319 0.344171 3.09754 80 2 25 10 46493 0 
75.9814 22.8086 10.0201 0.344171 3.09754 80 2 25 10 46494 0 
75.9927 22.8105 10.0572 0.344171 3.09754 80 2 25 10 46495 0 
76.004 22.8126 10.0947 0.344171 3.09754 80 2 25 10 46496 0 
76.0153 22.8146 10.1325 0.344171 3.09754 80 2 25 10 46497 0 
76.0266 22.8166 10.1706 0.344171 3.09754 80 2 25 10 46498 0 
76.0379 22.8186 10.2091 0.344171 3.09754 80 2 25 10 46499 0 
76.0492 22.8206 10.2479 0.344171 3.09754 80 2 25 10 46500 0 
76.0605 22.8227 10.287 0.344171 3.09754 80 2 25 10 46501 0 
76.0718 22.8247 10.3265 0.344171 3.09754 80 2 25 10 46502 0 
76.0831 22.8268 10.3663 0.344171 3.09754 80 2 25 10 46503 0 
76.0944 22.8288 10.4064 0.344171 3.09754 80 2 25 10 46504 0 
76.1056 22.8309 10.4469 0.344171 3.09754 80 2 25 10 46505 0 
76.1169 22.833 10.4878 0.344171 3.09754 80 2 25 10 46506 0 
76.1282 22.8351 10.529 0.344171 3.09754 80 2 25 10 46507 0 
76.1395 22.8372 10.5706 0.344171 3.09754 80 2 25 10 46508 0 
76.1508 22.8393 10.6125 0.344171 3.09754 80 2 25 10 46509 0 
76.162 22.8414 10.6549 0.344171 3.09754 80 2 25 10 46510 0 
76.1733 22.8435 10.6976 0.344171 3.09754 80 2 25 10 46511 0 
76.1846 22.8457 10.7407 0.344171 3.09754 80 2 25 10 46512 0 
76.1959 22.8478 10.7842 0.344171 3.09754 80 2 25 10 46513 0 
76.2071 22.8499 10.8282 0.344171 3.09754 80 2 25 10 46514 0 
76.2184 22.8521 10.8725 0.344171 3.09754 80 2 25 10 46515 0 
76.2297 22.8543 10.9172 0.344171 3.09754 80 2 25 10 46516 0 
76.2409 22.8564 10.9624 0.344171 3.09754 80 2 25 10 46517 0 
76.2522 22.8586 11.0079 0.344171 3.09754 80 2 25 10 46518 0 
76.2634 22.8608 11.0539 0.344171 3.09754 80 2 25 10 46519 0 
76.2747 22.863 11.1004 0.344171 3.09754 80 2 25 10 46520 0 
76.286 22.8652 11.1473 0.344171 3.09754 80 2 25 10 46521 0 
76.2972 22.8674 11.1946 0.344171 3.09754 80 2 25 10 46522 0 
76.3085 22.8697 11.2424 0.344171 3.09754 80 2 25 10 46523 0 
76.3197 22.8719 11.2907 0.344171 3.09754 80 2 25 10 46524 0 
76.331 22.8741 11.3394 0.344171 3.09754 80 2 25 10 46525 0 
76.3422 22.8764 11.3886 0.344171 3.09754 80 2 25 10 46526 0 
76.3535 22.8787 11.4383 0.344171 3.09754 80 2 25 10 46527 0 
76.3647 22.8809 11.4885 0.344171 3.09754 80 2 25 10 46528 0 
76.376 22.8832 11.5391 0.344171 3.09754 80 2 25 10 46529 0 
76.3872 22.8855 11.5903 0.344171 3.09754 80 2 25 10 46530 0 
76.3984 22.8878 11.642 0.344171 3.09754 80 2 25 10 46531 0 
76.4097 22.8901 11.6943 0.344171 3.09754 80 2 25 10 46532 0 
76.4209 22.8925 11.747 0.344171 3.09754 80 2 25 10 46533 0 
76.4321 22.8948 11.8004 0.344171 3.09754 80 2 25 10 46534 0 
76.4434 22.8971 11.8542 0.344171 3.09754 80 2 25 10 46535 0 
76.4546 22.8995 11.9086 0.344171 3.09754 80 2 25 10 46536 0 
76.4658 22.9019 11.9636 0.344171 3.09754 80 2 25 10 46537 0 
76.477 22.9042 12.0192 0.344171 3.09754 80 2 25 10 46538 0 
76.4883 22.9066 12.0753 0.344171 3.09754 80 2 25 10 46539 0 
76.4995 22.909 12.1321 0.344171 3.09754 80 2 25 10 46540 0 
76.5107 22.9114 12.1894 0.344171 3.09754 80 2 25 10 46541 0 
76.5219 22.9139 12.2474 0.344171 3.09754 80 2 25 10 46542 0 
76.5331 22.9163 12.306 0.344171 3.09754 80 2 25 10 46543 0 
76.5443 22.9188 12.3652 0.344171 3.09754 80 2 25 10 46544 0 
76.5555 22.9212 12.4251 0.344171 3.09754 80 2 25 10 46545 0 
76.5667 22.9237 12.4856 0.344171 3.09754 80 2 25 10 46546 0 
76.5779 22.9262 12.5468 0.344171 3.09754 80 2 25 10 46547 0 
76.5891 22.9286 12.6087 0.344171 3.09754 80 2 25 10 46548 0 
76.6003 22.9312 12.6713 0.344171 3.09754 80 2 25 10 46549 0 
76.6115 22.9337 12.7346 0.344171 3.09754 80 2 25 10 46550 0 
76.6227 22.9362 12.7986 0.344171 3.09754 80 2 25 10 46551 0 
76.6339 22.9387 12.8633 0.344171 3.09754 80 2 25 10 46552 0 
76.6451 22.9413 12.9288 0.344171 3.09754 80 2 25 10 46553 0 
76.6563 22.9439 12.9951 0.344171 3.09754 80 2 25 10 46554 0 
76.6674 22.9464 13.0621 0.344171 3.09754 80 2 25 10 46555 0 
76.6786 22.949 13.1299 0.344171 3.09754 80 2 25 10 46556 0 
76.6898 22.9516 13.1985 0.344171 3.09754 80 2 25 10 46557 0 
76.701 22.9543 13.2679 0.344171 3.09754 80 2 25 10 46558 0 
76.7121 22.9569 13.3381 0.344171 3.09754 80 2 25 10 46559 0 
76.7233 22.9595 13.4092 0.344171 3.09754 80 2 25 10 46560 0 
76.7345 22.9622 13.4812 0.344171 3.09754 80 2 25 10 46561 0 
76.7456 22.9649 13.554 0.344171 3.09754 80 2 25 10 46562 0 
76.7568 22.9676 13.6277 0.344171 3.09754 80 2 25 10 46563 0 
76.7679 22.9703 13.7023 0.344171 3.09754 80 2 25 10 46564 0 
76.7791 22.973 13.7779 0.344171 3.09754 80 2 25 10 46565 0 
76.7902 22.9757 13.8544 0.344171 3.09754 80 2 25 10 46566 0 
76.8013 22.9785 13.9319 0.344171 3.09754 80 2 25 10 46567 0 
76.8125 22.9812 14.0103 0.344171 3.09754 80 2 25 10 46568 0 
76.8236 22.984 14.0898 0.344171 3.09754 80 2 25 10 46569 0 
76.8347 22.9868 14.1703 0.344171 3.09754 80 2 25 10 46570 0 
76.8458 22.9896 14.2518 0.344171 3.09754 80 2 25 10 46571 0 
76.857 22.9924 14.3344 0.344171 3.09754 80 2 25 10 46572 0 
76.8681 22.9953 14.4181 0.344171 3.09754 80 2 25 10 46573 0 
76.8792 22.9981 14.5028 0.344171 3.09754 80 2 25 10 46574 0 
76.8903 23.001 14.5888 0.344171 3.09754 80 2 25 10 46575 0 
76.9014 23.0039 14.6758 0.344171 3.09754 80 2 25 10 46576 0 
76.9125 23.0068 14.7641 0.344171 3.09754 80 2 25 10 46577 0 
76.9236 23.0097 14.8535 0.344171 3.09754 80 2 25 10 46578 0 
76.9347 23.0127 14.9442 0.344171 3.09754 80 2 25 10 46579 0 
76.9458 23.0156 15.0361 0.344171 3.09754 80 2 25 10 46580 0 
76.9568 23.0186 15.1294 0.344171 3.09754 80 2 25 10 46581 0 
76.9679 23.0216 15.2239 0.344171 3.09754 80 2 25 10 46582 0 
76.979 23.0246 15.3197 0.344171 3.09754 80 2 25 10 46583 0 
76.99 23.0276 15.417 0.344171 3.09754 80 2 25 10 46584 0 
77.0011 23.0307 15.5156 0.344171 3.09754 80 2 25 10 46585 0 
77.0122 23.0337 15.6157 0.344171 3.09754 80 2 25 10 46586 0 
77.0232 23.0368 15.7172 0.344171 3.09754 80 2 25 10 46587 0 
77.0342 23.0399 15.8202 0.344171 3.09754 80 2 25 10 46588 0 
77.0453 23.0431 15.9248 0.344171 3.09754 80 2 25 10 46589 0 
77.0563 23.0462 16.0309 0.344171 3.09754 80 2 25 10 46590 0 
77.0673 23.0494 16.1386 0.344171 3.09754 80 2 25 10 46591 0 
77.0784 23.0526 16.2479 0.344171 3.09754 80 2 25 10 46592 0 
77.0894 23.0558 16.3589 0.344171 3.09754 80 2 25 10 46593 0 
77.1004 23.059 16.4717 0.344171 3.09754 80 2 25 10 46594 0 
77.1114 23.0623 16.5862 0.344171 3.09754 80 2 25 10 46595 0 
77.1224 23.0655 16.7025 0.344171 3.09754 80 2 25 10 46596 0 
77.1334 23.0688 16.8206 0.344171 3.09754 80 2 25 10 46597 0 
77.1443 23.0722 16.9406 0.344171 3.09754 80 2 25 10 46598 0 
77.1553 23.0755 17.0625 0.344171 3.09754 80 2 25 10 46599 0 
77.1663 23.0789 17.1864 0.344171 3.09754 80 2 25 10 46600 0 
77.1773 23.0823 17.3124 0.344171 3.09754 80 2 25 10 46601 0 
77.1882 23.0857 17.4404 0.344171 3.09754 80 2 25 10 46602 0 
77.1992 23.0891 17.5706 0.344171 3.09754 80 2 25 10 46603 0 
77.2101 23.0926 17.7029 0.344171 3.09754 80 2 25 10 46604 0 
77.221 23.0961 17.8375 0.344171 3.09754 80 2 25 10 46605 0 
77.2319 23.0996 17.9744 0.344171 3.09754 80 2 25 10 46606 0 
77.2429 23.1031 18.1137 0.344171 3.09754 80 2 25 10 46607 0 
77.2538 23.1067 18.2553 0.344171 3.09754 80 2 25 10 46608 0 
77.2646 23.1103 18.3995 0.344171 3.09754 80 2 25 10 46609 0 
77.2755 23.1139 18.5462 0.344171 3.09754 80 2 25 10 46610 0 
77.2864 23.1175 18.6955 0.344171 3.09754 80 2 25 10 46611 0 
77.2973 23.1212 18.8475 0.344171 3.09754 80 2 25 10 46612 0 
77.3081 23.1249 19.0023 0.344171 3.09754 80 2 25 10 46613 0 
77.319 23.1287 19.1599 0.344171 3.09754 80 2 25 10 46614 0 
77.3298 23.1324 19.3204 0.344171 3.09754 80 2 25 10 46615 0 
77.3406 23.1362 19.484 0.344171 3.09754 80 2 25 10 46616 0 
77.3515 23.1401 19.6506 0.344171 3.09754 80 2 25 10 46617 0 
77.3623 23.1439 19.8204 0.344171 3.09754 80 2 25 10 46618 0 
77.3731 23.1478 19.9934 0.344171 3.09754 80 2 25 10 46619 0 
77.3838 23.1517 20.1698 0.344171 3.09754 80 2 25 10 46620 0 
77.3946 23.1557 20.3497 0.344171 3.09754 80 2 25 10 46621 0 
77.4054 23.1597 20.5331 0.344171 3.09754 80 2 25 10 46622 0 
77.4161 23.1637 20.7201 0.344171 3.09754 80 2 25 10 46623 0 
77.4268 23.1678 20.911 0.344171 3.09754 80 2 25 10 46624 0 
77.4376 23.1718 21.1057 0.344171 3.09754 80 2 25 10 46625 0 
77.4483 23.176 21.3043 0.344171 3.09754 80 2 25 10 46626 0 
77.4589 23.1801 21.5071 0.344171 3.09754 80 2 25 10 46627 0 
77.4696 23.1844 21.7142 0.344171 3.09754 80 2 25 10 46628 0 
77.4803 23.1886 21.9256 0.344171 3.09754 80 2 25 10 46629 0 
77.4909 23.1929 22.1415 0.344171 3.09754 80 2 25 10 46630 0 
77.5015 23.1972 22.362 0.344171 3.09754 80 2 25 10 46631 0 
77.5122 23.2016 22.5873 0.344171 3.09754 80 2 25 10 46632 0 
77.5228 23.206 22.8175 0.344171 3.09754 80 2 25 10 46633 0 
77.5333 23.2104 23.0528 0.344171 3.09754 80 2 25 10 46634 0 
77.5439 23.2149 23.2934 0.344171 3.09754 80 2 25 10 46635 0 
77.5544 23.2195 23.5394 0.344171 3.09754 80 2 25 10 46636 0 
77.5649 23.224 23.7909 0.344171 3.09754 80 2 25 10 46637 0 
77.5754 23.2287 24.0482 0.344171 3.09754 80 2 25 10 46638 0 
77.5859 23.2333 24.3115 0.344171 3.09754 80 2 25 10 46639 0 
77.5964 23.2381 24.5808 0.344171 3.09754 80 2 25 10 46640 0 
77.6068 23.2428 24.8565 0.344171 3.09754 80 2 25 10 46641 0 
77.6172 23.2477 25.1387 0.344171 3.09754 80 2 25 10 46642 0 
77.6276 23.2525 25.4277 0.344171 3.09754 80 2 25 10 46643 0 
77.6379 23.2575 25.7236 0.344171 3.09754 80 2 25 10 46644 0 
77.6483 23.2624 26.0267 0.344171 3.09754 80 2 25 10 46645 0 
77.6586 23.2675 26.3371 0.344171 3.09754 80 2 25 10 46646 0 
77.6689 23.2726 26.6553 0.344171 3.09754 80 2 25 10 46647 0 
77.6791 23.2777 26.9813 0.344171 3.09754 80 2 25 10 46648 0 
77.6894 23.2829 27.3154 0.344171 3.09754 80 2 25 10 46649 0 
77.6995 23.2882 27.658 0.344171 3.09754 80 2 25 10 46650 0 
77.7097 23.2935 28.0092 0.344171 3.09754 80 2 25 10 46651 0 
77.7198 23.2989 28.3693 0.344171 3.09754 80 2 25 10 46652 0 
77.7299 23.3043 28.7387 0.344171 3.09754 80 2 25 10 46653 0 
77.74 23.3099 29.1175 0.344171 3.09754 80 2 25 10 46654 0 
77.75 23.3154 29.5061 0.344171 3.09754 80 2 25 10 46655 0 
77.76 23.3211 29.9048 0.344171 3.09754 80 2 25 10 46656 0 
77.7699 23.3268 30.3138 0.344171 3.09754 80 2 25 10 46657 0 
77.7798 23.3326 30.7334 0.344171 3.09754 80 2 25 10 46658 0 
77.7897 23.3385 31.164 0.344171 3.09754 80 2 25 10 46659 0 
77.7995 23.3444 31.6058 0.344171 3.09754 80 2 25 10 46660 0 
77.8093 23.3504 32.0592 0.344171 3.09754 80 2 25 10 46661 0 
77.819 23.3565 32.5244 0.344171 3.09754 80 2 25 10 46662 0 
77.8287 23.3627 33.0017 0.344171 3.09754 80 2 25 10 46663 0 
77.8383 23.3689 33.4914 0.344171 3.09754 80 2 25 10 46664 0 
77.8479 23.3752 33.9938 0.344171 3.09754 80 2 25 10 46665 0 
77.8574 23.3817 34.5092 0.344171 3.09754 80 2 25 10 46666 0 
77.8669 23.3882 35.0378 0.344171 3.09754 80 2 25 10 46667 0 
77.8762 23.3947 35.5798 0.344171 3.09754 80 2 25 10 46668 0 
77.8856 23.4014 36.1354 0.344171 3.09754 80 2 25 10 46669 0 
77.8948 23.4082 36.705 0.344171 3.09754 80 2 25 10 46670 0 
77.904 23.415 37.2885 0.344171 3.09754 80 2 25 10 46671 0 
77.9132 23.422 37.8864 0.344171 3.09754 80 2 25 10 46672 0 
77.9222 23.429 38.4985 0.344171 3.09754 80 2 25 10 46673 0 
77.9312 23.4362 39.1251 0.344171 3.09754 80 2 25 10 46674 0 
77.9401 23.4434 39.7663 0.344171 3.09754 80 2 25 10 46675 0 
77.9489 23.4508 40.422 0.344171 3.09754 80 2 25 10 46676 0 
77.9577 23.4582 41.0923 0.344171 3.09754 80 2 25 10 46677 0 
77.9663 23.4657 41.7771 0.344171 3.09754 80 2 25 10 46678 0 
77.9749 23.4734 42.4763 0.344171 3.09754 80 2 25 10 46679 0 
77.9833 23.4811 43.1899 0.344171 3.09754 80 2 25 10 46680 0 
77.9917 23.489 43.9177 0.344171 3.09754 80 2 25 10 46681 0 
77.9999 23.4969 44.6595 0.344171 3.09754 80 2 25 10 46682 0 
78.0081 23.505 45.4149 0.344171 3.09754 80 2 25 10 46683 0 
